# converted from 1.lmesh by lmesh2obj.py
mtllib Hero_Annie.mtl
o Hero_Annie
v -0.032902 0.953281 0.167917
v 0.005717 0.969734 0.129856
v 0.031475 0.984227 0.168607
v 0.028749 0.965081 0.180673
v -0.014148 0.941271 0.153711
v -0.032902 0.953281 0.167917
v -0.004776 0.993583 0.134139
v 0.000390 0.949125 0.138014
v -0.015604 0.939955 0.277074
v -0.010330 0.916354 0.309995
v -0.009596 0.891214 0.330364
v -0.023079 0.902791 0.299577
v -0.014186 0.963811 0.196071
v 0.014691 0.985729 0.230771
v 0.011611 0.955764 0.192462
v 0.032137 0.998070 0.222846
v -0.014186 0.963811 0.196071
v 0.013940 1.004113 0.162288
v -0.011951 0.985580 0.223905
v 0.016176 1.025881 0.190127
v -0.011951 0.985580 0.223905
v -0.013547 0.930459 0.321420
v -0.010330 0.916354 0.309995
v -0.015604 0.939955 0.277074
v -0.023726 0.947837 0.242385
v -0.043719 0.926860 0.239630
v -0.031301 0.922447 0.273347
v -0.042441 0.975331 0.299275
v -0.020630 0.968196 0.286754
v -0.029147 0.895464 0.356036
v -0.047531 0.904306 0.348034
v -0.038181 0.879001 0.346101
v -0.053264 0.890564 0.334796
v -0.030195 0.937159 0.332032
v -0.051881 0.929626 0.331673
v -0.077976 0.932488 0.302824
v -0.025093 0.875577 0.339660
v -0.045749 1.018474 0.247257
v -0.055748 0.994148 0.276340
v -0.016191 0.998459 0.231901
v -0.026468 0.984594 0.259248
v -0.043102 0.881620 0.320767
v -0.038181 0.879001 0.346101
v -0.065855 0.961643 0.304960
v -0.053264 0.890564 0.334796
v -0.022236 0.879926 0.323445
v -0.009596 0.891214 0.330364
v -0.025093 0.875577 0.339660
v -0.014413 0.890848 0.348341
v -0.022236 0.879926 0.323445
v -0.111299 0.946367 0.303256
v -0.085538 0.958913 0.300872
v -0.034265 0.967920 0.208599
v -0.023726 0.947837 0.242385
v -0.088319 0.926513 0.305824
v -0.147119 0.840903 0.189739
v -0.165017 0.842945 0.202166
v 0.677639 0.015245 0.041111
v 0.509575 0.009039 0.035780
v 0.676225 0.003274 0.047808
v 0.656593 0.001062 -0.027244
v 0.529238 0.009688 0.079877
v 0.507404 0.011712 0.224163
v -0.164289 0.854903 0.334492
v 0.027600 1.216821 0.052989
v 0.568225 0.029186 -0.118192
v 0.504910 0.013589 -0.013605
v 0.646226 0.032779 -0.099952
v 0.507320 0.046404 0.035784
v 0.523493 0.067305 0.091992
v -0.146782 0.860040 0.353526
v -0.131468 0.835426 0.319126
v -0.153795 0.813361 0.340624
v -0.134873 0.815825 0.333407
v -0.125976 0.848853 0.351245
v -0.127827 0.821260 0.346584
v 0.625839 0.014838 -0.074497
v 0.620323 0.001853 -0.065520
v 0.537199 0.000831 -0.045471
v 0.514385 0.025177 -0.012572
v 0.931629 0.835426 0.319126
v 0.940381 0.816784 0.289236
v 0.926137 0.848853 0.351245
v 0.945739 0.856191 0.299420
v 0.529238 0.009688 0.079877
v 0.673908 0.013546 -0.031032
v 0.521151 0.030435 0.079119
v 0.969573 0.810955 0.262230
v 0.955352 0.783378 0.280049
v 0.947737 0.812125 0.267961
v 0.969573 0.810955 0.262230
v 0.970028 0.861682 0.296612
v 0.961561 0.845974 0.251800
v 0.946942 0.860040 0.353526
v 0.926137 0.848853 0.351245
v 0.944962 0.861389 0.298959
v 0.945739 0.856191 0.299420
v 0.963687 0.782972 0.305031
v 0.935034 0.815825 0.333407
v 0.513799 0.051464 0.038731
v 0.927987 0.821260 0.346584
v 0.689480 0.014211 0.090787
v 0.964449 0.854903 0.334492
v 0.953955 0.813361 0.340624
v 0.918378 0.849378 0.335080
v 0.953881 0.845692 0.312407
v 0.924964 0.857495 0.348969
v 0.503818 0.025575 -0.089303
v 0.966340 0.817142 0.202236
v 0.989143 0.823654 0.240479
v 0.950628 0.815405 0.214222
v 0.956410 0.837011 0.318085
v 0.966340 0.817142 0.202236
v 0.984671 0.851007 0.240567
v 0.921243 0.880439 0.340031
v 0.959351 0.883526 0.317810
v 0.946349 0.867902 0.350204
v 0.963824 0.861141 0.330453
v 0.942628 0.889368 0.339331
v 0.921243 0.880439 0.340031
v 0.952143 0.870761 0.300962
v 0.956410 0.837011 0.318085
v 0.952143 0.870761 0.300962
v 0.816351 0.998459 0.231901
v 0.834426 0.967920 0.208599
v 0.881317 0.923474 0.169974
v 0.856817 0.934891 0.218364
v 0.928266 0.870305 0.240318
v 0.861879 0.944773 0.164621
v 0.957574 0.879090 0.250686
v 0.937330 0.889433 0.286791
v 0.938647 0.863395 0.240226
v 0.937422 0.885818 0.292776
v 0.914504 0.881943 0.278082
v 0.882332 0.917462 0.238476
v 0.956288 0.880694 0.245238
v 0.952701 0.873439 0.202800
v 0.898736 0.909884 0.213564
v 0.937330 0.889433 0.286791
v 0.937480 0.868136 0.195051
v 0.931856 0.871488 0.199637
v 0.911271 0.896921 0.178227
v 0.945254 0.890571 0.157774
v 0.888479 0.926513 0.305824
v 0.887670 1.022857 0.247207
v 0.902444 0.912382 0.316608
v 0.897910 0.895021 0.305150
v 0.878136 0.932488 0.302824
v 0.888479 0.926513 0.305824
v 0.982555 0.848239 0.195467
v 0.965178 0.842945 0.202166
v 0.911460 0.946367 0.303256
v 0.984807 0.851581 0.166814
v 0.961213 0.863102 0.157104
v 0.963622 0.848684 0.156876
v 0.945156 0.852788 0.191116
v 0.981948 0.869075 0.168803
v 0.961213 0.863102 0.157104
v 0.965205 0.844060 0.156474
v 0.944265 0.855998 0.170351
v 0.947036 0.844543 0.168747
v 0.963622 0.848684 0.156876
v 0.965469 0.835869 0.201372
v 0.964212 0.822767 0.201851
v 0.984908 0.844296 0.165170
v 0.968020 0.824865 0.249915
v 0.948209 0.836034 0.188078
v 0.960554 0.842790 0.201125
v 0.988257 0.830406 0.240593
v 0.960554 0.842790 0.201125
v 0.985683 0.851846 0.210374
v 0.983857 0.808018 0.183845
v 0.981290 0.813463 0.165135
v 0.887900 0.904419 0.278910
v 0.928511 0.903872 0.158534
v 0.948881 0.839489 0.167764
v 0.930612 0.877138 0.172157
v 0.952440 0.871395 0.206683
v 0.956288 0.880694 0.245238
v 0.924801 0.869077 0.276560
v -0.163461 0.848684 0.156876
v -0.162315 0.856855 0.204209
v -0.163461 0.848684 0.156876
v -0.165017 0.842945 0.202166
v -0.182394 0.848239 0.195468
v -0.184646 0.851581 0.166814
v -0.146876 0.844543 0.168747
v -0.161052 0.863102 0.157104
v -0.161052 0.863102 0.157104
v -0.144105 0.855998 0.170351
v -0.144996 0.852788 0.191116
v -0.143407 0.854665 0.191426
v -0.181787 0.869075 0.168803
v -0.179471 0.865749 0.197135
v -0.162315 0.856855 0.204209
v 0.928786 0.860852 0.303958
v -0.165045 0.844060 0.156474
v -0.183381 0.860261 0.209383
v -0.182370 0.859904 0.241081
v -0.149234 0.886102 0.158021
v -0.145093 0.890571 0.157774
v -0.151982 0.870761 0.300962
v -0.159191 0.883526 0.317810
v -0.142549 0.858805 0.170407
v -0.161244 0.852938 0.250405
v -0.157787 0.848347 0.200241
v -0.151572 0.871665 0.196998
v -0.151572 0.871665 0.196998
v -0.137613 0.861590 0.212111
v -0.166174 0.818598 0.259276
v -0.150609 0.827525 0.305008
v -0.138077 0.824127 0.287519
v -0.145776 0.819745 0.265465
v -0.184480 0.830524 0.276047
v -0.174930 0.834121 0.301490
v -0.150609 0.827525 0.305008
v -0.127650 0.862754 0.301074
v -0.140278 0.897235 0.334631
v -0.117920 0.886031 0.336011
v -0.152280 0.871395 0.206683
v -0.158499 0.860932 0.204716
v -0.149234 0.886102 0.158021
v -0.121598 0.875323 0.289875
v -0.158271 0.868572 0.157562
v -0.141412 0.884139 0.284739
v -0.177681 0.871164 0.198019
v -0.137204 0.859987 0.250963
v -0.132170 0.850739 0.282422
v -0.160452 0.850000 0.250201
v -0.143465 0.842777 0.258187
v -0.145762 0.842590 0.237806
v -0.146912 0.839663 0.212687
v 0.464148 0.031391 0.051918
v 0.694860 0.029848 -0.044387
v 0.464148 0.031391 0.051918
v 0.723419 0.030049 0.041038
v 0.475324 0.021459 -0.029026
v -0.157414 0.879090 0.250686
v 0.513799 0.051464 0.038731
v 0.477458 0.050262 0.117306
v -0.157787 0.848347 0.200241
v -0.169738 0.868734 0.293951
v -0.134764 0.846015 0.283269
v 0.516184 0.071816 0.129914
v 0.516184 0.071816 0.129914
v -0.147586 0.838505 0.237888
v -0.144522 0.843304 0.211955
v 0.526278 0.017109 0.119294
v 0.633658 0.019931 0.361665
v 0.969809 0.817541 0.249758
v 0.961404 0.852938 0.250405
v 0.951407 0.814228 0.237383
v 0.953881 0.845692 0.312407
v 0.969809 0.817541 0.249758
v 0.959432 0.781175 0.219742
v 0.978133 0.779326 0.239387
v 0.924964 0.857495 0.348969
v 0.975905 0.778338 0.213964
v 0.990206 0.821746 0.212564
v 0.930256 0.841963 0.314521
v -0.158499 0.860932 0.204716
v -0.165045 0.844060 0.156474
v -0.148720 0.839489 0.167764
v 0.961166 0.781253 0.235611
v -0.148049 0.836034 0.188078
v -0.165308 0.835869 0.201372
v -0.184747 0.844296 0.165170
v 0.965469 0.835869 0.201372
v 0.965205 0.844060 0.156474
v 0.979632 0.865749 0.197135
v 0.984303 0.840768 0.193849
v 0.489101 0.256135 0.109157
v 0.672235 0.017115 0.326494
v 0.686236 0.157273 0.148425
v 0.497446 0.206254 0.127172
v 0.587069 0.176532 0.193141
v 0.589733 0.196823 0.177861
v 0.964124 0.847653 0.250166
v 0.520354 0.011789 0.285635
v 0.989417 0.829208 0.211834
v 0.970032 0.810057 0.161819
v 0.949178 0.821321 0.213297
v 0.949433 0.820024 0.237288
v 0.964212 0.822767 0.201851
v 0.968020 0.824865 0.249915
v 0.591346 0.226573 0.176751
v 0.970115 0.804620 0.188309
v 0.970032 0.810057 0.161819
v 0.970115 0.804620 0.188309
v 0.964124 0.847653 0.250166
v 0.958315 0.807478 0.182318
v 0.959506 0.810960 0.165882
v -0.159346 0.810960 0.165882
v -0.169872 0.810057 0.161819
v -0.183697 0.808018 0.183845
v -0.181130 0.813463 0.165135
v -0.165308 0.835869 0.201372
v -0.169872 0.810057 0.161819
v -0.184142 0.840768 0.193849
v 0.520354 0.011789 0.285635
v -0.169955 0.804620 0.188309
v -0.158155 0.807478 0.182318
v 0.689480 0.014211 0.090787
v 0.509442 0.090792 0.162875
v 0.475575 0.265920 0.028876
v 0.541220 0.016424 0.337190
v 0.488940 0.135880 0.150337
v 0.714218 0.047972 0.105168
v 0.582537 0.248660 0.150963
v -0.137262 0.885818 0.292776
v -0.106838 0.905960 0.321682
v -0.144801 0.861389 0.298959
v 0.580849 0.022610 0.367544
v 0.720084 0.110007 0.107404
v 0.668302 0.162017 -0.052047
v 0.567538 0.109113 -0.125937
v 0.962476 0.856855 0.204209
v 0.943568 0.854665 0.191426
v 0.958659 0.860932 0.204716
v 0.962476 0.856855 0.204209
v 0.697629 0.088383 0.140059
v 0.589818 0.158657 -0.091975
v 0.451176 0.104586 0.100033
v -0.166174 0.818598 0.259276
v -0.145579 0.856191 0.299420
v -0.151982 0.870761 0.300962
v -0.121082 0.880439 0.340031
v -0.142468 0.889368 0.339331
v -0.125976 0.848853 0.351245
v -0.150522 0.874296 0.297625
v -0.158271 0.868572 0.157562
v -0.120761 0.841871 0.337972
v -0.180310 0.875177 0.169517
v -0.134353 0.874107 0.172213
v -0.156250 0.837011 0.318085
v -0.141412 0.884139 0.284739
v 0.526278 0.017109 0.119294
v 0.506886 0.009012 -0.002050
v 0.689480 0.014211 0.090787
v 0.677639 0.015245 0.041111
v 0.656593 0.001062 -0.027244
v 0.676225 0.003274 0.047808
v 0.506886 0.009012 -0.002050
v 0.677639 0.015245 0.041111
v 0.509575 0.009039 0.035780
v 0.521151 0.030435 0.079119
v 0.573454 0.013921 -0.085400
v -0.180504 0.856829 0.267979
v -0.161400 0.845974 0.251800
v 0.575246 0.000000 -0.071070
v 0.513799 0.051464 0.038731
v -0.140221 0.816784 0.289236
v -0.149104 0.787692 0.294219
v 0.504910 0.013589 -0.013605
v -0.147576 0.812125 0.267961
v -0.150522 0.874296 0.297625
v 0.524038 0.011623 -0.063888
v -0.175712 0.826527 0.302731
v -0.101372 0.889999 0.309685
v -0.111496 0.873044 0.323108
v -0.106838 0.905960 0.321682
v -0.157620 0.888781 0.313516
v -0.117920 0.886031 0.336011
v -0.163527 0.782972 0.305031
v -0.169412 0.810955 0.262230
v -0.161400 0.845974 0.251800
v -0.144801 0.861389 0.298959
v -0.169867 0.861682 0.296612
v -0.152275 0.819020 0.306434
v -0.145579 0.856191 0.299420
v -0.173212 0.779104 0.280906
v -0.169412 0.810955 0.262230
v -0.152275 0.819020 0.306434
v -0.155192 0.783378 0.280049
v -0.185588 0.822282 0.278829
v 0.460255 0.166481 0.031349
v 0.460255 0.166481 0.031349
v 0.712159 0.010796 0.204906
v 0.537199 0.000831 -0.045471
v 0.575246 0.000000 -0.071070
v 0.026546 1.190715 0.107443
v 0.079465 1.149663 0.104164
v 0.649241 0.338453 0.106918
v 0.814847 0.994021 0.170023
v 0.887235 1.069721 0.183335
v 0.814847 0.994021 0.170023
v 0.673184 0.334596 0.043295
v -0.156250 0.837011 0.318085
v -0.175745 0.778338 0.213964
v -0.137415 0.822101 0.357064
v 0.792087 1.105196 0.175518
v 0.843540 0.991301 0.134729
v 0.874238 1.011940 0.124602
v 0.826441 1.050856 0.226474
v 0.975873 0.826527 0.302731
v 0.952435 0.819020 0.306434
v 0.513536 0.012758 0.169789
v 0.620323 0.001853 -0.065520
v 0.949265 0.787692 0.294219
v 0.950682 0.874296 0.297625
v 0.952440 0.871395 0.206683
v 0.921758 0.875323 0.289875
v 0.918080 0.886031 0.336011
v 0.957780 0.888781 0.313516
v 0.941572 0.884139 0.284739
v 0.973372 0.779104 0.280906
v 0.950682 0.874296 0.297625
v 0.901668 1.046247 0.198074
v 0.958431 0.868572 0.157562
v 0.980470 0.875177 0.169517
v 0.885179 1.000064 0.134097
v 0.941572 0.884139 0.284739
v 0.918080 0.886031 0.336011
v 0.940438 0.897235 0.334631
v 0.934513 0.874107 0.172213
v 0.927810 0.862754 0.301074
v 0.892998 1.043455 0.143620
v 0.958659 0.860932 0.204716
v 0.865030 0.914598 0.263230
v 0.977841 0.871164 0.198019
v 0.942709 0.858805 0.170407
v 0.861206 0.913664 0.317170
v 0.854944 0.915544 0.286331
v 0.911657 0.873044 0.323108
v 0.906999 0.905960 0.321682
v 0.914344 0.869374 0.326015
v 0.814804 0.933774 0.287130
v 0.920921 0.841871 0.337972
v 0.814804 0.933774 0.287130
v 0.900343 0.934592 0.150837
v 0.869791 0.930569 0.195875
v 0.900343 0.934592 0.150837
v 0.857818 0.974483 0.144268
v 0.857818 0.974483 0.144268
v 0.843525 0.961339 0.191155
v 0.818926 0.956897 0.299238
v 0.831406 0.979208 0.186640
v 0.952701 0.873439 0.202800
v 0.837212 1.033608 0.240743
v 0.823161 0.984569 0.176593
v 0.831406 0.979208 0.186640
v 0.855090 0.914965 0.288603
v 0.813774 1.017209 0.228737
v 0.845910 1.018474 0.247257
v 0.874218 1.047530 0.229505
v 0.816351 0.998459 0.231901
v 0.843263 0.881620 0.320767
v 0.825253 0.875577 0.339660
v 0.823886 0.947837 0.242385
v 0.834426 0.967920 0.208599
v 0.823161 0.984569 0.176593
v 0.814573 0.890848 0.348341
v 0.893140 0.992208 0.139331
v 0.853424 0.890564 0.334796
v 0.822396 0.879926 0.323445
v 0.853424 0.890564 0.334796
v 0.826628 0.984594 0.259248
v 0.947279 0.840903 0.189739
v 0.816351 0.998459 0.231901
v 0.847691 0.904306 0.348034
v 0.822396 0.879926 0.323445
v 0.809757 0.891214 0.330364
v 0.838341 0.879001 0.346101
v 0.825253 0.875577 0.339660
v 0.842601 0.975331 0.299275
v 0.823240 0.902791 0.299577
v 0.852041 0.929626 0.331673
v 0.810491 0.916354 0.309995
v 0.838341 0.879001 0.346101
v 0.830355 0.937159 0.332032
v 0.855048 0.979461 0.142883
v 0.831406 0.979208 0.186640
v 0.813708 0.930459 0.321420
v 0.857818 0.974483 0.144268
v 0.862969 0.918224 0.313292
v 0.928511 0.903872 0.158534
v 0.830434 0.919106 0.280435
v -0.164051 0.822767 0.201851
v -0.188096 0.830406 0.240593
v -0.164051 0.822767 0.201851
v -0.167859 0.824865 0.249915
v -0.169955 0.804620 0.188309
v -0.167859 0.824865 0.249915
v -0.149018 0.821321 0.213297
v -0.184511 0.851007 0.240567
v -0.150467 0.815405 0.214221
v -0.185522 0.851846 0.210374
v -0.166179 0.817142 0.202236
v -0.160394 0.842790 0.201125
v -0.160394 0.842790 0.201125
v -0.163964 0.847653 0.250166
v -0.149273 0.820024 0.237288
v 0.868674 0.926616 0.303840
v -0.161244 0.852938 0.250405
v -0.159726 0.906085 0.282744
v -0.121472 0.982705 0.260139
v -0.087509 1.022857 0.247207
v -0.169007 0.906973 0.200941
v -0.142736 0.846198 0.255709
v -0.121082 0.880439 0.340031
v -0.125814 0.930711 0.313804
v -0.128626 0.860852 0.303958
v -0.150738 0.912306 0.293244
v -0.173685 0.896422 0.206688
v -0.150845 0.923142 0.162539
v -0.162737 0.934971 0.195856
v -0.092980 0.992208 0.139331
v -0.177973 0.779326 0.239387
v -0.126223 0.951659 0.154640
v -0.190619 0.785851 0.220399
v -0.141979 0.969231 0.186855
v -0.120850 1.007334 0.168818
v -0.173212 0.779104 0.280906
v -0.188191 0.790191 0.237049
v 0.073482 1.116718 0.074851
v 0.091337 1.142879 0.054408
v 0.091337 1.142879 0.054408
v -0.140032 0.976983 0.225590
v -0.133245 0.921820 0.318120
v -0.171735 0.897761 0.170343
v -0.172020 0.897628 0.239717
v -0.094486 0.983689 0.278776
v 0.511400 0.321039 -0.036202
v 0.479550 0.324025 0.028102
v 0.582186 0.327148 -0.059477
v 0.588169 0.256690 -0.071154
v 0.672235 0.017115 0.326494
v -0.165751 0.906308 0.166862
v 0.706690 0.195193 0.080469
v 0.645032 0.331835 -0.023779
v -0.166504 0.909960 0.241580
v -0.171456 0.894628 0.200962
v 0.693174 0.077808 0.275333
v 0.697845 0.178439 0.022542
v -0.169603 0.896194 0.252018
v -0.148960 0.920406 0.284283
v 0.580849 0.022610 0.367544
v 0.684295 0.256570 0.043162
v 0.809757 0.891214 0.330364
v 0.843879 0.926860 0.239630
v 0.820790 0.968196 0.286754
v 0.868920 0.929064 0.304150
v 0.831462 0.922447 0.273347
v 0.825239 0.906966 0.294857
v 0.862969 0.918224 0.313292
v 0.901533 0.889999 0.309685
v 0.812028 0.921921 0.302357
v 0.868674 0.926616 0.303840
v 0.862625 0.951343 0.311748
v -0.189257 0.829208 0.211834
v -0.163964 0.847653 0.250166
v -0.169649 0.817541 0.249758
v 0.838329 0.962788 0.310093
v -0.169649 0.817541 0.249758
v -0.188983 0.823654 0.240479
v -0.151247 0.814228 0.237383
v 0.829307 0.895464 0.356036
v 0.845910 1.018474 0.247257
v 0.866015 0.961643 0.304960
v 0.666498 0.214928 -0.045245
v 0.475575 0.265920 0.028876
v 0.635216 0.111241 0.292458
v 0.576844 0.110979 0.294140
v 0.667212 0.082092 0.325187
v 0.540139 0.084668 0.332052
v 0.815025 0.938066 0.314880
v 0.507257 0.317842 0.100424
v 0.815765 0.939955 0.277074
v 0.810491 0.916354 0.309995
v 0.815765 0.939955 0.277074
v 0.861206 0.913664 0.317170
v 0.833242 0.944296 0.326296
v 0.878136 0.932488 0.302824
v 0.650845 0.260462 -0.030185
v 0.823886 0.947837 0.242385
v 0.868920 0.929064 0.304150
v 0.851459 0.904833 0.300203
v 0.855399 0.933259 0.326598
v 0.812028 0.921921 0.302357
v 0.849829 0.901438 0.304371
v -0.159272 0.781175 0.219742
v -0.153720 0.845692 0.312407
v -0.124804 0.857495 0.348969
v -0.153720 0.845692 0.312407
v -0.161006 0.781254 0.235611
v -0.177973 0.779326 0.239387
v -0.175745 0.778338 0.213964
v 0.574870 0.322828 0.130665
v -0.166179 0.817142 0.202236
v -0.190046 0.821746 0.212564
v 0.633658 0.019931 0.361665
v 0.520329 0.082792 0.285681
v 0.631761 0.090462 0.351776
v 0.580688 0.094082 0.353242
v 0.508277 0.080517 0.227936
v 0.572154 0.120834 0.253012
v 0.644545 0.115879 0.242530
v -0.102284 0.912382 0.316608
v 0.705663 0.075194 0.206254
v 0.513536 0.012758 0.169789
v 0.507404 0.011712 0.224163
v 0.705277 0.078760 0.161207
v 0.965178 0.842945 0.202166
v 0.855908 0.994148 0.276340
v 0.885699 0.958913 0.300872
v 0.656024 0.129706 0.177380
v 0.579880 0.137836 0.194070
v -0.158158 0.943403 0.236621
v -0.163663 0.861141 0.330453
v -0.114184 0.869374 0.326015
v -0.116372 1.017924 0.212103
v -0.118218 0.849378 0.335080
v -0.146189 0.867902 0.350204
v -0.141869 0.946603 0.277663
v -0.124804 0.857495 0.348969
v -0.130095 0.841963 0.314521
v -0.178422 0.792281 0.305944
v 0.076197 1.151887 0.020966
v 0.029543 1.149922 0.033467
v 0.044527 1.217152 0.082959
v 0.008470 1.189446 0.077848
v 0.054771 1.126349 0.042287
v 0.100730 1.180692 0.075017
v 0.011726 1.174041 0.044368
v 0.031458 1.201362 0.021215
v 0.073482 1.116718 0.074851
v 0.045383 1.242873 0.037386
v 0.509324 0.259127 -0.051921
v 0.086375 1.227330 0.078499
v 0.049296 1.233291 0.006026
v 0.071798 1.204530 0.088975
v 0.479550 0.324025 0.028102
v 0.112453 1.203106 0.065844
v 0.585240 0.210039 -0.089885
v -0.022640 1.119434 0.166225
v -0.047684 1.121339 0.135943
v 0.026406 1.049194 0.130003
v 0.506200 0.177761 -0.071396
v -0.028096 1.076701 0.080392
v 0.048617 1.176376 0.009701
v -0.046827 1.105256 0.098334
v -0.186206 0.788425 0.289922
v 0.060131 1.240212 0.067157
v -0.149093 0.834080 0.360355
v 0.097916 1.184269 0.001207
v 0.109506 1.174996 0.034086
v 0.109506 1.174996 0.034086
v 0.066053 1.209575 -0.011128
v 0.031657 1.081360 0.165455
v 0.026406 1.049194 0.130003
v -0.001040 1.052234 0.087070
v -0.137415 0.822101 0.357064
v -0.163527 0.782972 0.305031
v -0.163300 0.829840 0.346690
v -0.153795 0.813361 0.340624
v 0.055158 1.178164 0.114562
v 0.506217 0.084621 0.181337
v 0.712159 0.010796 0.204906
v 0.707438 0.015476 0.138737
v 0.642537 0.122750 0.170156
v -0.054306 1.033807 0.246181
v -0.085446 1.044956 0.233553
v -0.086478 1.067464 0.244056
v -0.082316 1.081886 0.174927
v -0.085446 1.044956 0.233553
v -0.117110 1.082929 0.199824
v -0.057319 1.085263 0.199775
v -0.101021 1.091280 0.186004
v -0.079231 1.088045 0.237472
v -0.066614 1.095927 0.220202
v -0.054306 1.033807 0.246181
v -0.043609 1.052115 0.261442
v 0.009475 1.037610 0.251154
v 0.013968 1.050111 0.232631
v -0.026908 1.011669 0.242588
v 0.001218 1.051977 0.208804
v -0.026908 1.011669 0.242588
v 0.034555 1.014192 0.206917
v -0.004776 0.993583 0.134139
v -0.034552 0.975308 0.102977
v -0.034028 0.997634 0.114612
v -0.043935 0.955262 0.108425
v -0.032902 0.953281 0.167917
v -0.014148 0.941271 0.153711
v -0.096407 0.970722 0.120352
v -0.092665 0.974673 0.143682
v -0.114737 0.999808 0.155295
v -0.126785 1.005317 0.136336
v 0.000390 0.949125 0.138014
v 0.520544 1.820262 0.076076
v 0.508440 1.806607 0.076076
v 0.484630 1.868925 0.076076
v 0.490784 1.800481 0.076076
v 0.514390 1.888707 0.101620
v 0.472300 1.803527 0.076076
v 0.457944 1.814925 0.076076
v -0.023746 1.080578 0.237587
v -0.110448 1.041578 0.208711
v -0.135914 1.039647 0.169700
v -0.121365 1.024750 0.179536
v -0.093233 1.065052 0.145757
v -0.032041 1.071151 0.256607
v -0.026180 1.074114 0.212403
v -0.005896 1.021648 0.256486
v 0.518519 1.897063 0.136518
v -0.032902 0.953281 0.167917
v 0.517464 1.854482 0.076076
v -0.054416 0.946845 0.126832
v -0.092665 0.974673 0.143682
v -0.116050 1.068110 0.145846
v 0.523845 1.837786 0.076076
v 0.466974 1.862799 0.076076
v 0.550304 1.840037 0.101620
v 0.529171 1.778509 0.136518
v -0.120885 1.062811 0.209859
v -0.121365 1.024750 0.179536
v -0.114737 0.999808 0.155295
v -0.086605 1.040110 0.121517
v -0.133651 1.057424 0.155615
v -0.110448 1.041578 0.208711
v 0.005717 0.969734 0.129856
v 0.539255 1.868964 0.101620
v 0.553379 1.805818 0.136518
v -0.062160 0.957326 0.148390
v 0.503114 1.865884 0.076076
v -0.062160 0.957326 0.148390
v -0.106921 1.033780 0.112482
v 0.454870 1.849150 0.076076
v 0.559985 1.840865 0.136518
v 0.544581 1.809687 0.101620
v -0.064533 1.014981 0.109904
v -0.090165 0.981545 0.101294
v 0.487705 1.834706 0.066727
v -0.076543 0.999185 0.096498
v -0.123606 1.019634 0.118884
v 0.451570 1.831621 0.076076
v 0.547230 1.874263 0.136518
v 0.625839 0.014838 -0.074497
v 0.524038 0.011623 -0.063888
v 0.523493 0.067305 0.091992
v 0.707438 0.015476 0.138737
v 0.573454 0.013921 -0.085400
v 0.673908 0.013546 -0.031032
v 0.807703 1.030464 0.220049
v 0.916532 1.017924 0.212103
v 0.859159 1.069667 0.212849
v 0.921010 1.007334 0.168818
v 0.908059 1.031044 0.157135
v 0.952435 0.819020 0.306434
v 0.975091 0.834121 0.301490
v 0.945936 0.819745 0.265465
v 0.961561 0.845974 0.251800
v 0.966334 0.818598 0.259276
v 0.980664 0.856829 0.267979
v 0.938237 0.824127 0.287519
v 0.966334 0.818598 0.259276
v 0.950769 0.827525 0.305008
v 0.937576 0.822101 0.357064
v 0.984640 0.830524 0.276047
v 0.985748 0.822282 0.278829
v 0.950769 0.827525 0.305008
v 0.949395 0.886102 0.158021
v 0.951732 0.871665 0.196998
v 0.957947 0.848347 0.200241
v 0.945254 0.890571 0.157774
v 0.958431 0.868572 0.157562
v 0.949395 0.886102 0.158021
v 0.983542 0.860261 0.209383
v 0.982530 0.859904 0.241081
v 0.961404 0.852938 0.250405
v 0.957574 0.879090 0.250686
v 0.951732 0.871665 0.196998
v 0.937773 0.861590 0.212111
v 0.947746 0.838505 0.237888
v 0.957947 0.848347 0.200241
v -0.517401 0.749868 -0.091228
v -0.642001 0.948415 0.013289
v -0.533489 0.856777 -0.064131
v -0.750517 0.856777 -0.064131
v -0.680516 0.170284 -0.076431
v -0.653186 0.157820 -0.033386
v -0.826704 0.059167 -0.038953
v -0.800863 0.326135 -0.032039
v -0.604071 0.064346 -0.039976
v -0.603474 0.152566 0.011909
v 0.261366 1.578790 -0.023257
v 0.192329 1.090894 -0.124315
v 0.192446 1.559829 -0.027310
v 0.250638 1.126515 -0.033191
v 0.266067 1.551894 -0.102383
v 0.181942 1.499201 -0.127822
v 0.192001 1.500207 -0.125444
v 0.266067 1.551894 -0.102383
v 0.533288 1.531404 0.094986
v 0.515417 1.515597 0.101211
v 0.547776 1.521354 0.086243
v 0.540452 1.527679 0.087617
v 0.515947 1.505144 0.104584
v 0.540452 1.527679 0.087617
v 0.547776 1.521354 0.086243
v 0.561006 1.501363 0.086872
v 0.515947 1.505144 0.104584
v 0.515417 1.515597 0.101211
v 0.610420 1.502704 0.073802
v 0.562916 1.502963 0.091547
v 0.597715 1.475698 0.086558
v 0.579744 1.518081 0.081336
v 0.607169 1.490942 0.073096
v 0.595872 1.521839 0.073775
v 0.607302 1.512523 0.071446
v 0.561006 1.501363 0.086872
v 0.585021 1.521039 0.072759
v 0.605547 1.511126 0.067328
v 0.608433 1.501131 0.069150
v 0.576990 1.517176 0.076777
v 0.541476 1.078338 -0.085644
v 0.638866 1.084356 -0.123688
v 0.541476 1.078338 -0.085644
v 0.399990 1.547004 -0.132796
v 0.458480 1.545989 -0.131932
v 0.399990 1.544134 -0.125497
v 0.458967 1.543672 -0.123733
v 0.539676 1.586545 -0.024423
v 0.533676 1.551894 -0.102383
v 0.580020 1.529213 0.051482
v 0.587916 1.552487 0.010705
v 0.547593 1.383173 0.115945
v 0.562916 1.502963 0.091547
v 0.548797 1.522568 0.091409
v 0.559847 1.409892 0.114833
v 0.528514 1.483894 0.111334
v 0.552573 1.458329 0.136016
v 0.559963 1.449752 0.135790
v 0.399990 1.211306 -0.119554
v 0.643433 1.099218 -0.138633
v 0.584121 1.413578 0.104876
v 0.550028 1.469141 0.133819
v 0.535844 1.419346 0.120882
v 0.602715 1.478480 0.077545
v 0.399990 1.084213 -0.076157
v 0.553014 1.479291 0.129790
v 0.519104 1.488470 0.105268
v 0.399990 1.544134 -0.125497
v 0.534773 1.559223 -0.112301
v 0.524435 1.563520 0.016606
v 0.539100 1.433967 0.116853
v 0.547864 1.301515 0.083445
v 0.588516 1.307567 0.052432
v 0.592027 1.190800 -0.020974
v 0.552526 1.183875 0.015039
v 0.595656 1.345846 0.076542
v 0.520831 1.525940 0.101134
v 0.561371 1.509603 0.083699
v 0.526682 1.482266 0.106637
v 0.541098 1.528733 0.092960
v 0.399990 1.287327 -0.117639
v 0.643426 1.194507 -0.121242
v 0.670955 1.098946 -0.153358
v 0.585429 1.498548 0.078074
v 0.454286 1.075529 -0.147059
v 0.399990 1.404049 -0.125770
v 0.399990 1.075968 -0.145424
v 0.517255 1.517220 0.105908
v -0.836033 0.457748 -0.120374
v -0.953735 0.485553 -0.128109
v -0.903902 0.441866 -0.114344
v -0.969524 0.527316 -0.007809
v -0.915374 0.405352 -0.079853
v -0.982105 0.468470 -0.074556
v -0.579244 1.024568 0.050881
v -0.564438 0.992850 0.076731
v -0.688613 0.752758 0.178754
v -0.678475 0.744207 0.157095
v -0.657565 0.605566 -0.049341
v -0.688421 0.540551 -0.054798
v -0.677196 0.559407 -0.084961
v -0.834720 0.425743 -0.078141
v -0.730052 0.626173 -0.076218
v -0.687171 0.599980 -0.085443
v -0.673801 0.731690 0.167836
v -0.683457 0.730297 0.187009
v -0.701669 0.642517 -0.046240
v -0.950168 0.543943 -0.105778
v -0.990779 0.552991 -0.067462
v -0.641667 0.784803 0.162963
v -0.643713 0.764931 0.141182
v -0.760878 0.356717 -0.037066
v -0.752131 0.164484 -0.092383
v -0.717563 0.309653 0.022015
v -0.759471 0.341828 0.031479
v -0.675450 0.760401 0.199088
v -0.640246 0.782960 0.188076
v -0.880360 0.582551 -0.109900
v -0.653186 0.157820 -0.033386
v -0.679201 0.162988 0.011909
v -0.719950 0.351315 -0.034272
v -0.897260 0.596812 -0.063785
v -0.602064 0.769935 0.178989
v -0.374539 0.583359 -0.107774
v -0.800025 0.321489 0.024219
v -0.688093 0.072868 0.021323
v -0.519571 0.625450 -0.075274
v -0.880359 0.575063 -0.020691
v -0.973090 0.466020 0.004478
v -0.868619 0.513333 -0.009171
v -0.711412 0.539626 -0.026269
v -0.915374 0.405352 -0.079853
v 0.537152 1.504316 0.094075
v 0.560995 1.468424 0.132180
v -0.834720 0.425743 -0.078141
v 0.699430 1.180692 0.075017
v 0.581356 1.483596 0.118167
v -0.628412 0.989199 0.046119
v -0.435711 0.876669 0.012256
v -0.836033 0.457748 -0.120374
v 0.607882 1.453180 0.084736
v 0.560725 1.486063 0.125010
v -0.677196 0.559407 -0.084961
v -0.687171 0.599980 -0.085443
v -0.868621 0.523605 -0.131548
v -0.506961 0.439141 0.029418
v -0.642001 0.608301 0.013289
v -0.641996 0.732669 0.188068
v -0.862454 0.659847 0.013289
v -0.508186 0.749868 0.125020
v -0.781603 0.699938 0.152133
v -0.766600 0.749868 0.117806
v -0.862454 0.659847 0.013289
v -0.804353 0.699938 -0.065597
v -0.808138 0.749868 0.013289
v -0.788494 0.896868 0.013289
v -0.642001 0.608301 0.013289
v -0.519540 0.759794 0.114193
v -0.750513 0.856777 0.090709
v -0.466655 0.749868 0.013289
v -0.641998 0.896868 0.117806
v -0.642004 0.659847 -0.071401
v -0.413596 0.659847 0.013289
v -0.533484 0.856777 0.090709
v -0.642006 0.749868 -0.126067
v -0.641995 0.659847 0.200728
v -0.642001 0.948415 0.013289
v -0.495507 0.896868 0.013289
v -0.502389 0.699938 0.152133
v -0.477706 0.760611 0.013289
v -0.477706 0.760611 0.013289
v -0.810697 0.166419 0.014149
v -0.799206 0.066451 0.022446
v -0.745244 0.037175 -0.041981
v -0.750327 0.154475 0.028802
v -0.690398 0.101735 -0.074655
v -0.747546 0.072217 -0.093504
v -0.760878 0.356717 -0.037066
v -0.757756 0.384138 0.000438
v -0.807712 0.356609 -0.001093
v -0.834064 0.160881 -0.030442
v -0.801513 0.095317 -0.073532
v -0.812013 0.173715 -0.074191
v -0.596751 0.345133 -0.034272
v -0.557430 0.357705 -0.037066
v -0.591717 0.303707 0.022015
v -0.556175 0.342801 0.031479
v -0.512658 0.329973 0.024219
v -0.531965 0.156795 0.028802
v -0.474667 0.179251 0.014149
v -0.531963 0.166965 -0.092382
v -0.603472 0.159980 -0.076431
v -0.604071 0.064346 -0.039976
v -0.581596 0.094267 -0.074655
v -0.516174 0.040452 -0.041981
v 0.356207 1.832292 0.211095
v 0.382623 1.854630 0.233514
v 0.327356 1.942088 0.256461
v 0.337745 1.999186 0.252037
v 0.337486 1.940660 0.260371
v 0.282321 2.000892 0.232775
v 0.400080 1.583399 0.071468
v 0.425839 1.589551 0.069896
v 0.469408 1.603089 0.019723
v 0.478450 1.650038 -0.080173
v 0.447604 1.597422 0.058723
v 0.471224 1.604462 -0.022724
v 0.437951 1.629256 -0.117257
v 0.459383 1.612704 -0.081809
v 0.436805 1.617120 -0.113345
v 0.418976 1.692690 0.236108
v 0.432088 1.699952 0.228050
v 0.433902 1.694344 0.228172
v 0.345185 1.851104 0.228238
v 0.400080 1.697419 0.236379
v 0.506512 1.642692 -0.143894
v 0.400080 1.605968 0.111588
v 0.478450 1.650038 -0.080173
v 0.427553 1.611146 0.109325
v 0.491340 1.626193 0.034612
v 0.492197 1.634739 -0.017201
v 0.596758 1.534404 0.099744
v 0.605657 1.715445 0.038058
v 0.586869 1.542755 0.101811
v 0.459149 1.601662 0.047964
v 0.590302 1.798659 0.109672
v 0.318974 2.118028 0.127229
v 0.328776 2.095321 0.176114
v 0.294424 1.876764 0.217343
v 0.296748 1.861705 0.209886
v 0.332458 1.844286 0.214202
v 0.458967 1.543672 -0.123733
v 0.505943 1.547572 -0.126171
v 0.608510 1.567394 -0.028844
v 0.520439 1.530985 0.058597
v 0.594852 1.386385 0.090459
v 0.544422 1.248937 0.053367
v 0.600895 1.133034 -0.071936
v 0.549344 1.126515 -0.033191
v 0.537165 1.077323 -0.143236
v 0.465661 1.078626 -0.078216
v 0.465661 1.078626 -0.078216
v 0.638866 1.084356 -0.123688
v 0.399990 1.142396 -0.113232
v 0.519650 1.525686 0.054700
v 0.515629 1.143418 -0.117063
v 0.526886 1.481858 0.093567
v 0.399990 1.489055 -0.127829
v 0.538487 1.578790 -0.023257
v 0.607521 1.559829 -0.027310
v 0.541831 1.575811 -0.085916
v 0.546277 1.134758 -0.035975
v 0.598129 1.141539 -0.075507
v 0.528139 1.485235 0.099119
v 0.542361 1.253418 0.051142
v 0.589058 1.198019 -0.023743
v 0.552011 1.339388 0.104589
v 0.548459 1.342004 0.099827
v 0.585944 1.311854 0.048690
v 0.586640 1.253741 0.025635
v 0.538487 1.578790 -0.023257
v 0.539924 1.567756 -0.082259
v 0.607621 1.090894 -0.124315
v 0.579264 1.523860 0.047652
v 0.606239 1.505083 -0.134703
v 0.535151 1.088305 -0.097968
v 0.607521 1.559829 -0.027310
v 0.613170 1.542370 -0.090504
v 0.399990 1.084213 -0.076157
v 0.643426 1.194507 -0.121242
v 0.544667 1.305566 0.079394
v 0.585944 1.311854 0.048690
v 0.544261 1.384172 0.110602
v 0.591802 1.388091 0.085164
v 0.387078 1.758843 0.260619
v 0.374781 1.748048 0.248764
v 0.387406 1.747352 0.258572
v 0.459826 1.619467 0.096745
v 0.482471 1.623504 0.076633
v 0.584392 1.641681 0.144023
v 0.586869 1.542755 0.101811
v 0.533454 1.673725 0.011069
v 0.655612 2.097033 0.022755
v 0.556033 1.718765 -0.028536
v 0.520062 1.680885 -0.052744
v 0.640673 1.724677 0.059909
v 0.565911 1.739123 0.141414
v 0.528255 1.657153 0.085753
v 0.555862 1.698396 0.118045
v 0.472515 1.855291 0.174419
v 0.546435 1.845943 0.169645
v 0.456504 1.835281 0.174292
v 0.484393 1.805814 0.174380
v 0.440650 1.587428 -0.102920
v 0.400080 1.575748 -0.121029
v 0.369404 1.820189 0.209489
v 0.385989 1.819880 0.220069
v 0.250491 1.888251 0.194002
v 0.372627 1.762421 0.237267
v 0.633819 1.645587 0.070436
v 0.596758 1.534404 0.099744
v 0.605657 1.715445 0.038058
v 0.605657 1.715445 0.038058
v 0.591833 1.709888 0.157294
v 0.590223 1.639282 0.041898
v 0.656423 1.721248 0.109571
v 0.568297 1.721311 0.025095
v 0.627615 1.711147 0.160526
v 0.584392 1.641681 0.144023
v 0.590302 1.798659 0.109672
v 0.619571 1.639842 0.147936
v 0.590302 1.798659 0.109672
v 0.569008 1.646240 0.104959
v 0.591833 1.709888 0.157294
v 0.568044 1.716397 0.109470
v 0.234270 1.842236 0.157089
v 0.222801 1.820732 0.133714
v 0.375249 1.788279 0.226223
v 0.223132 1.863563 0.147761
v 0.261105 1.870387 0.194725
v 0.352625 1.802898 0.209191
v 0.636534 1.644408 0.109207
v 0.590223 1.639282 0.041898
v -0.567845 1.006150 0.013140
v 0.773615 1.190715 0.107443
v -0.836032 0.450260 -0.031165
v 0.708824 1.142879 0.054408
v -0.923258 0.425239 -0.016375
v 0.755633 1.217152 0.082959
v 0.791691 1.189446 0.077848
v 0.723963 1.151887 0.020966
v 0.772561 1.216821 0.052989
v 0.720696 1.149663 0.104164
v 0.708824 1.142879 0.054408
v 0.571311 1.467187 0.128758
v 0.588746 1.475019 0.117946
v 0.581626 1.465956 0.125342
v 0.591285 1.464207 0.120142
v 0.519126 1.439414 0.121197
v 0.601595 1.429424 0.093904
v 0.745389 1.126349 0.042287
v 0.726679 1.116718 0.074851
v 0.788434 1.174041 0.044368
v 0.690654 1.174996 0.034086
v 0.726679 1.116718 0.074851
v 0.702245 1.184269 0.001207
v 0.768702 1.201362 0.021215
v 0.754777 1.242873 0.037386
v 0.513871 1.464715 0.115793
v 0.570218 1.445712 0.133207
v 0.580589 1.447285 0.128951
v 0.571101 1.487637 0.120755
v 0.601595 1.429424 0.093904
v 0.770618 1.149922 0.033467
v -0.730051 0.621404 -0.019406
v 0.751543 1.176376 0.009701
v -0.695702 0.590427 -0.015762
v 0.740030 1.240212 0.067157
v 0.613170 1.542370 -0.090504
v 0.539924 1.567756 -0.082259
v 0.942897 0.846198 0.255709
v 0.943625 0.842777 0.258187
v 0.902444 0.912382 0.316608
v 0.524782 1.557588 0.016505
v 0.533676 1.551894 -0.102383
v 0.950899 0.912306 0.293244
v 0.925974 0.930711 0.313804
v 0.933405 0.921820 0.318120
v 0.619783 0.666387 0.346069
v 0.815840 0.657237 0.262899
v 0.621065 0.651288 0.337376
v 0.831441 0.664602 0.190593
v 0.906999 0.905960 0.321682
v 0.608059 1.500207 -0.125444
v 0.549497 1.190535 0.012912
v 0.565168 0.665206 0.422372
v 0.811723 0.644762 0.259185
v 0.605698 1.098691 -0.128798
v 0.969763 0.896194 0.252018
v 0.971616 0.894628 0.200962
v 0.959886 0.906085 0.282744
v 0.971896 0.897761 0.170343
v 0.532678 1.096858 -0.101059
v 0.584343 1.258001 0.023235
v 0.894647 0.983689 0.278776
v 0.973845 0.896422 0.206688
v 0.544667 1.305566 0.079394
v 0.972180 0.897628 0.239717
v 0.949121 0.920406 0.284283
v 0.745422 0.648749 0.266378
v 0.564060 0.651978 0.416271
v 0.592455 1.349008 0.071783
v 0.544261 1.384172 0.110602
v 0.591802 1.388091 0.085164
v 0.887670 1.022857 0.247207
v 0.921632 0.982705 0.260139
v 0.966664 0.909960 0.241580
v 0.942030 0.946603 0.277663
v 0.536677 1.433161 0.110861
v 0.534773 1.559223 -0.112301
v 0.477486 0.667586 0.387403
v 0.479631 0.653041 0.383814
v 0.586218 1.434695 0.091074
v 0.506901 0.507112 -0.004665
v 0.958319 0.943403 0.236621
v 0.916532 1.017924 0.212103
v 0.940192 0.976983 0.225590
v 0.519650 1.525686 0.054700
v 0.588206 1.546184 0.010071
v 0.969167 0.906973 0.200941
v 0.965912 0.906308 0.166862
v 0.511413 0.400831 -0.028609
v 0.561061 0.516352 -0.025197
v 0.951006 0.923142 0.162539
v 0.588206 1.546184 0.010071
v 0.579264 1.523860 0.047652
v 0.580925 1.480770 0.080575
v 0.932331 0.850739 0.282422
v 0.934925 0.846015 0.283269
v 0.944962 0.861389 0.298959
v 0.586218 1.434695 0.091074
v 0.937422 0.885818 0.292776
v 0.536677 1.433161 0.110861
v 0.548459 1.342004 0.099827
v 0.592455 1.349008 0.071783
v 0.937364 0.859987 0.250963
v 0.969899 0.868734 0.293951
v 0.960612 0.850000 0.250201
v 0.831035 0.647454 0.185412
v 0.711290 0.647299 0.347717
v 0.714922 0.658797 0.353962
v 0.960612 0.850000 0.250201
v 0.955899 0.873521 0.240968
v 0.549497 1.190535 0.012912
v 0.542361 1.253418 0.051142
v 0.944683 0.843304 0.211955
v 0.978902 0.863459 0.265372
v 0.955899 0.873521 0.240968
v 0.584343 1.258001 0.023235
v 0.893140 0.992208 0.139331
v 0.962897 0.934971 0.195856
v 0.526886 1.481858 0.093567
v 0.580925 1.480770 0.080575
v 0.947072 0.839663 0.212687
v 0.945922 0.842590 0.237806
v 0.524782 1.557588 0.016505
v 0.921010 1.007334 0.168818
v 0.481752 0.397862 0.031727
v 0.513871 0.388967 0.097982
v 0.507486 0.494804 0.100560
v 0.893539 0.662634 0.167986
v 0.747974 0.660755 0.271920
v 0.647374 0.406135 0.048564
v 0.988351 0.790191 0.237049
v 0.942140 0.969231 0.186855
v 0.926383 0.951659 0.154640
v 0.605547 1.511126 0.067328
v 0.593885 1.520261 0.069122
v 0.585021 1.521039 0.072759
v 0.608433 1.501131 0.069150
v -0.479653 0.699938 -0.065597
v -0.413596 0.659847 0.013289
v -0.466655 0.749868 0.013289
v 0.595734 1.474120 0.081905
v -0.744729 0.040519 0.036755
v -0.680516 0.170284 -0.076431
v -0.578748 0.065449 0.021323
v -0.351824 0.447613 -0.112062
v -0.662975 0.076271 -0.039976
v -0.628161 0.142868 -0.033386
v -0.276367 0.473283 -0.073670
v -0.596751 0.345133 -0.034272
v -0.517274 0.043652 0.036755
v -0.603472 0.159980 -0.076431
v -0.604762 0.324718 -0.004549
v -0.468256 0.078829 0.022446
v -0.808138 0.749868 0.013289
v -0.766607 0.749868 -0.091228
v -0.495507 0.896868 0.013289
v -0.641995 0.717060 0.203607
v -0.788494 0.896868 0.013289
v -0.662975 0.076271 -0.039976
v -0.708448 0.332643 -0.004549
v -0.719950 0.351315 -0.034272
v 0.261060 1.433967 0.116827
v 0.211442 1.434806 0.097014
v 0.260172 1.586545 -0.024423
v 0.252567 1.383173 0.115852
v 0.213456 1.253741 0.025635
v 0.255689 1.248937 0.053367
v 0.193809 1.505083 -0.134703
v 0.264932 1.559223 -0.112301
v 0.264902 1.088305 -0.097968
v 0.217574 1.483778 0.086238
v 0.257884 1.575811 -0.085916
v 0.211641 1.307567 0.052432
v 0.211908 1.546185 0.010075
v 0.275310 1.557583 0.016491
v 0.194282 1.098691 -0.128798
v 0.280510 1.525686 0.054700
v 0.255899 1.384172 0.110602
v 0.263483 1.433161 0.110861
v 0.214213 1.311854 0.048690
v 0.201854 1.141539 -0.075507
v 0.267302 1.096860 -0.101058
v 0.257749 1.253418 0.051142
v 0.220896 1.523860 0.047652
v 0.208358 1.388091 0.085164
v 0.215757 1.258001 0.023235
v 0.280510 1.525686 0.054700
v 0.251700 1.342004 0.099827
v 0.207705 1.349008 0.071783
v 0.250525 1.190535 0.012912
v 0.210957 1.198019 -0.023743
v 0.295445 1.543938 -0.118191
v 0.272022 1.485235 0.099119
v 0.191456 1.567394 -0.028844
v 0.204503 1.345846 0.076542
v 0.247497 1.183875 0.015039
v 0.252294 1.301515 0.083445
v 0.259794 1.567756 -0.082259
v 0.561371 1.509603 0.083699
v 0.600607 1.479324 0.100510
v 0.602715 1.478480 0.077545
v 0.220140 1.529213 0.051482
v 0.279721 1.530985 0.058597
v 0.248148 1.339388 0.104589
v 0.207989 1.190800 -0.020974
v 0.199087 1.133034 -0.071936
v 0.186765 1.542370 -0.090504
v 0.220896 1.523860 0.047652
v 0.219235 1.480770 0.080575
v 0.534403 1.487234 0.122461
v 0.519104 1.488470 0.105268
v 0.537152 1.504316 0.094075
v 0.548483 1.501401 0.112377
v 0.567315 1.505635 0.102850
v 0.585429 1.498548 0.078074
v 0.586704 1.496837 0.099705
v 0.605315 1.459295 0.104578
v 0.607882 1.453180 0.084736
v 0.192001 1.500207 -0.125444
v 0.253705 1.134758 -0.035975
v 0.255491 1.305566 0.079394
v 0.963460 0.829840 0.346690
v 0.953955 0.813361 0.340624
v 0.828256 1.076701 0.080392
v 0.846988 1.105256 0.098334
v 0.773754 1.049194 0.130003
v 0.801201 1.052234 0.087070
v 0.937576 0.822101 0.357064
v 0.949254 0.834080 0.360355
v 0.978582 0.792281 0.305944
v 0.978133 0.779326 0.239387
v 0.768503 1.081360 0.165455
v 0.847844 1.121339 0.135943
v 0.599785 1.440485 0.112046
v 0.822800 1.119434 0.166225
v 0.773754 1.049194 0.130003
v 0.990779 0.785851 0.220399
v 0.698549 0.014850 0.279617
v -0.155739 0.873521 0.240968
v 0.698549 0.014850 0.279617
v -0.160452 0.850000 0.250201
v 0.541220 0.016424 0.337190
v 0.681098 0.214154 0.136226
v 0.720756 0.099396 0.026589
v 0.576851 0.295328 0.151629
v 0.644566 0.102731 -0.102777
v 0.662546 0.266279 0.113719
v 0.694537 0.093815 -0.045747
v 0.448957 0.084854 0.024616
v 0.496891 0.103195 -0.098226
v 0.457842 0.096071 -0.038222
v 0.448957 0.084854 0.024616
v 0.973372 0.779104 0.280906
v 0.975905 0.778338 0.213964
v 0.986366 0.788425 0.289922
v 0.963687 0.782972 0.305031
v 0.531456 1.529776 0.090289
v 0.519209 1.524505 0.096978
v -0.799792 0.843310 -0.042570
v -0.844242 0.818869 0.003171
v 0.588117 1.521668 0.077241
v 0.519209 1.524505 0.096978
v 0.531456 1.529776 0.090289
v -0.838729 0.859779 -0.038582
v 0.595734 1.474120 0.081905
v 0.609151 1.492521 0.077749
v -0.656556 0.906428 0.016525
v 0.607169 1.490942 0.073096
v 0.576990 1.517176 0.076777
v 0.593885 1.520261 0.069122
v -0.671216 0.903667 -0.029557
v -0.713603 0.969605 0.022910
v 0.561006 1.501363 0.086872
v 0.517779 1.506772 0.109281
v 0.588305 1.454057 0.124172
v -0.763443 0.910747 -0.048198
v -0.839841 1.017461 0.031502
v -0.795918 0.817203 0.047593
v -0.787216 0.816637 -0.006289
v -0.758205 0.876090 0.072084
v -0.801533 0.915740 0.082468
v -0.813112 0.949229 -0.042928
v 0.526682 1.482266 0.106637
v -0.810533 0.809481 -0.000960
v -0.790760 1.006881 -0.019863
v -0.780594 1.015403 0.028665
v -0.832507 0.998938 -0.007155
v -0.426892 0.935600 0.024109
v -0.529087 0.921326 0.084693
v -0.537756 0.838220 0.041251
v -0.515048 0.830324 0.006815
v -0.435711 0.876669 0.012256
v -0.457459 0.941688 -0.006257
v -0.500717 0.970906 0.081378
v -0.576859 0.871784 -0.012769
v -0.572531 0.854890 0.068008
v -0.535036 0.944543 -0.026318
v -0.607202 0.982392 0.000089
v -0.612730 0.892731 -0.006466
v -0.426892 0.935600 0.024109
v -0.454051 0.928388 0.057334
v -0.635438 0.900627 0.027971
v -0.493403 0.995801 0.040264
v -0.602751 0.965019 0.083156
v -0.635438 0.900627 0.027971
v -0.641870 0.714753 0.187888
v -0.595737 0.749238 0.173244
v -0.608900 0.741595 0.152909
v -0.597727 0.759180 0.151268
v -0.680109 0.772893 0.183620
v -0.601562 0.727193 0.182150
v -0.688486 0.762621 0.156653
v -0.694498 0.776787 0.169950
v -0.643255 0.716706 0.163045
v -0.613212 0.729396 0.164204
v -0.609497 0.880114 0.053858
v -0.635456 0.757134 0.213595
v -0.589136 0.772793 0.163699
v -0.605792 0.757761 0.194955
v -0.515048 0.830324 0.006815
v -0.656556 0.906428 0.016525
v -0.723179 0.937199 0.065392
v -0.787216 0.816637 -0.006289
v -0.865079 0.847449 0.012270
v -0.830257 0.834183 0.055345
v -0.771941 0.818542 0.039637
v -0.810533 0.809481 -0.000960
v -0.769132 0.836377 -0.046655
v 0.585501 1.427940 0.120904
v -0.628412 0.989199 0.046119
v -0.674025 0.885831 0.056734
v 0.584121 1.413578 0.104876
v -0.865806 0.937561 0.023875
v -0.849953 0.861048 0.049452
v -0.463008 0.898188 -0.025250
v -0.562419 0.603434 -0.076484
v -0.540075 0.455486 0.094956
v -0.542026 0.425211 -0.053430
v -0.642019 0.464154 0.117413
v -0.537076 0.377560 0.077466
v -0.645717 0.359481 0.101124
v -0.500867 0.339179 0.034835
v -0.635601 0.577618 0.031712
v -0.506961 0.439141 0.029418
v -0.647817 0.311134 0.043528
v -0.560974 0.545181 0.020271
v -0.647817 0.311134 0.043528
v -0.644526 0.423786 -0.074513
v -0.647574 0.329205 -0.080075
v -0.754467 0.362784 -0.068417
v -0.707475 0.646780 -0.032911
v -0.792519 0.349507 0.036793
v -0.744613 0.462729 0.096330
v -0.712484 0.550546 0.021289
v -0.753115 0.385211 0.078917
v -0.792519 0.349507 0.036793
v -0.707475 0.646780 -0.032911
v -0.857970 0.879835 -0.021189
v -0.857417 0.948815 -0.025334
v -0.333147 0.431570 -0.017533
v -0.418577 0.432056 -0.077130
v -0.519571 0.620848 -0.020457
v -0.570571 0.561028 -0.083710
v -0.552715 0.590959 -0.016941
v -0.474666 0.186665 -0.074191
v -0.537556 0.541941 -0.027079
v -0.560946 0.600176 -0.084175
v -0.288506 0.530063 -0.009267
v -0.417311 0.455713 -0.031803
v -0.285065 0.470919 0.002589
v -0.340755 0.412381 -0.078782
v -0.417310 0.462938 -0.117880
v -0.450690 0.177943 -0.030442
v -0.439903 0.076534 -0.038953
v -0.471104 0.107647 -0.073532
v -0.565363 0.384138 0.000438
v -0.511318 0.365899 -0.001093
v -0.512657 0.334695 -0.032039
v -0.557430 0.357705 -0.037066
v -0.628161 0.142868 -0.033386
v -0.520121 0.075347 -0.093504
v -0.844954 0.923769 0.071032
v -0.723845 0.849748 0.062719
v -0.824489 0.980151 0.063487
v -0.540989 0.850837 -0.019072
v -0.720096 0.873550 -0.052440
v -0.505419 0.989262 -0.006388
v 0.728362 1.204530 0.088975
v -0.458557 0.880815 0.057817
v -0.839841 1.017461 0.031502
v -0.713603 0.969605 0.022910
v 0.566277 1.425020 0.128786
v 0.559847 1.409892 0.114833
v 0.535844 1.419346 0.120882
v 0.547280 1.432510 0.133576
v -0.493403 0.995801 0.040264
v -0.844242 0.818869 0.003171
v 0.687707 1.203106 0.065844
v 0.690654 1.174996 0.034086
v -0.780594 1.015403 0.028665
v -0.782289 0.981285 0.074064
v 0.734108 1.209575 -0.011128
v 0.745003 1.178164 0.114562
v 0.513871 1.464715 0.115793
v 0.519126 1.439414 0.121197
v 0.528873 1.468429 0.129923
v 0.533586 1.448394 0.133990
v 0.713786 1.227330 0.078499
v -0.579244 1.024568 0.050881
v 0.750864 1.233291 0.006026
v 0.561006 1.501363 0.086872
v -0.727052 0.963307 -0.024771
v -0.865079 0.847449 0.012270
v -0.642004 0.896868 -0.091228
v -0.554373 0.639537 -0.034284
v -0.635453 0.676368 -0.041311
v -0.865806 0.937561 0.023875
v -0.358232 0.597119 -0.063278
v -0.671573 0.743671 0.198948
v -0.704159 0.608733 -0.073928
v -0.418577 0.432056 -0.077130
v -0.307183 0.546107 -0.103796
v -0.267997 0.554837 -0.066826
v -0.640165 0.732850 0.205050
v -0.560946 0.600176 -0.084175
v -0.610910 0.741371 0.195349
v -0.546957 0.641220 -0.046349
v -0.589513 0.605566 -0.049341
v -0.303741 0.489766 -0.125344
v -0.570571 0.561028 -0.083710
v -0.417310 0.462938 -0.117880
v -0.538522 0.355134 -0.069868
v -0.635453 0.676368 -0.041311
v -0.554373 0.639537 -0.034284
v -0.779678 0.448799 0.031249
v -0.779678 0.448799 0.031249
v -0.746470 0.432454 -0.052057
v -0.385868 0.526483 -0.128662
v -0.374540 0.576134 -0.021697
v -0.340755 0.412381 -0.078782
v -0.559740 0.542833 -0.054606
v -0.385869 0.516571 -0.010582
v 0.212616 1.552368 0.010326
v 0.205309 1.386385 0.090459
v 0.273274 1.481858 0.093567
v 0.275108 1.563771 0.017281
v 0.207705 1.349008 0.071783
v 0.251700 1.342004 0.099827
v 0.263483 1.433161 0.110861
v 0.295445 1.543938 -0.118191
v 0.264932 1.559223 -0.112301
v 0.156687 1.099218 -0.138633
v 0.213942 1.434695 0.091074
v 0.214213 1.311854 0.048690
v 0.208358 1.388091 0.085164
v 0.255491 1.305566 0.079394
v 0.201854 1.141539 -0.075507
v 0.250525 1.190535 0.012912
v 0.210957 1.198019 -0.023743
v 0.213942 1.434695 0.091074
v 0.275310 1.557583 0.016491
v 0.192446 1.559829 -0.027310
v 0.266067 1.551894 -0.102383
v 0.211908 1.546185 0.010075
v 0.192001 1.500207 -0.125444
v 0.261366 1.578790 -0.023257
v 0.219235 1.480770 0.080575
v 0.253705 1.134758 -0.035975
v 0.259794 1.567756 -0.082259
v 0.215757 1.258001 0.023235
v 0.194282 1.098691 -0.128798
v 0.340916 1.543672 -0.123733
v 0.180267 1.485187 -0.127617
v 0.340916 1.543672 -0.123733
v 0.284351 1.143418 -0.117063
v 0.345694 1.075529 -0.147059
v 0.161159 1.084356 -0.123688
v 0.262815 1.077323 -0.143236
v 0.156860 1.194507 -0.121242
v 0.255899 1.384172 0.110602
v 0.258504 1.078338 -0.085644
v 0.334319 1.078626 -0.078216
v 0.266067 1.551894 -0.102383
v 0.184988 1.549668 -0.095440
v 0.293920 1.547572 -0.126171
v 0.188960 1.079988 -0.150201
v 0.129262 1.098946 -0.153358
v 0.171481 1.405896 -0.132561
v 0.159546 1.292717 -0.112293
v 0.334319 1.078626 -0.078216
v 0.156860 1.194507 -0.121242
v 0.161159 1.084356 -0.123688
v 0.161159 1.084356 -0.123688
v 0.258504 1.078338 -0.085644
v 0.341401 1.545989 -0.131932
v 0.257749 1.253418 0.051142
v 0.267302 1.096860 -0.101058
v 0.186765 1.542370 -0.090504
v 0.273274 1.481858 0.093567
v 0.339210 1.510148 -0.405926
v 0.316531 1.506711 -0.394267
v 0.334200 1.513904 -0.220271
v 0.330636 1.536306 -0.237116
v 0.317716 1.447740 -0.438383
v 0.315998 1.485414 -0.431690
v 0.171481 1.405896 -0.132561
v 0.333787 1.501283 -0.151064
v 0.180267 1.485187 -0.127617
v 0.159546 1.292717 -0.112293
v 0.319477 1.402133 -0.422696
v 0.303292 1.483650 -0.409666
v 0.341724 1.389717 -0.432258
v 0.306382 1.437603 -0.423006
v 0.181942 1.499201 -0.127822
v 0.334511 1.510511 -0.205136
v 0.369778 1.512722 -0.254643
v 0.360379 1.541401 -0.366466
v 0.338987 1.532884 -0.370539
v -0.637552 0.628021 -0.098907
v -0.500867 0.339179 0.034835
v 0.446142 1.258670 -0.344344
v 0.530842 1.071857 -0.245255
v 0.399990 1.262237 -0.362393
v 0.399990 1.255567 -0.351476
v 0.399990 1.072266 -0.244521
v 0.577695 1.099165 -0.338643
v 0.399990 1.178191 -0.356465
v 0.639549 1.111211 -0.328316
v 0.399990 1.453222 -0.446037
v 0.399990 1.497058 -0.149058
v 0.277754 1.494605 -0.314522
v 0.140671 1.093063 -0.237888
v 0.628272 1.219877 -0.327279
v 0.579184 1.265038 -0.354027
v 0.570630 1.216319 -0.341830
v 0.451624 1.177124 -0.343670
v 0.343956 1.336500 -0.397053
v 0.306083 1.514857 -0.293785
v 0.254943 1.460573 -0.337454
v 0.281814 1.096947 -0.335705
v 0.193736 1.077376 -0.242014
v 0.257867 1.398105 -0.346448
v 0.348113 1.297086 -0.348917
v 0.285829 1.177275 -0.346570
v 0.567886 1.265969 -0.334486
v 0.590679 1.276130 -0.350681
v 0.577468 1.268422 -0.362014
v 0.399990 1.089013 -0.337530
v 0.445721 1.265946 -0.362347
v 0.509038 1.332147 -0.346274
v 0.519141 1.794237 0.197357
v 0.168260 1.760678 -0.227778
v 0.068661 1.727126 -0.224064
v 0.078041 1.768540 -0.164626
v 0.019409 1.756160 -0.147013
v 0.011861 1.735387 -0.126738
v 0.436427 1.723658 0.236003
v 0.482154 1.734813 0.221929
v 0.478025 1.711676 0.220224
v 0.400080 1.663912 0.222978
v 0.482491 1.790540 0.209086
v 0.460682 1.738985 0.227178
v 0.456604 1.719353 0.229369
v 0.461529 1.759085 0.224341
v 0.453953 1.707326 0.227233
v 0.433871 1.748919 0.230363
v 0.534101 1.760788 0.188885
v 0.423939 1.667546 0.217690
v 0.278975 1.770339 -0.297178
v 0.548444 1.812462 0.176748
v 0.559610 1.786234 0.161670
v 0.465107 1.678779 0.204869
v 0.429623 1.619309 0.166648
v 0.454153 1.650014 0.191661
v 0.542394 1.724105 0.172785
v 0.447304 1.672969 0.208379
v 0.511424 1.702160 0.195536
v 0.400080 1.636529 0.211431
v 0.481812 1.692926 0.208915
v 0.427980 1.642501 0.203925
v 0.506941 1.746403 0.208236
v 0.255264 1.726476 -0.350156
v 0.123498 1.721308 -0.259738
v 0.195147 1.826299 -0.194072
v 0.531020 1.860917 0.174215
v 0.294152 1.832801 -0.257651
v 0.542154 1.398105 -0.346448
v 0.439601 1.541401 -0.366466
v 0.399990 1.396008 -0.436391
v 0.399990 1.508210 -0.205106
v 0.344226 1.070752 -0.245739
v 0.230276 1.244604 -0.330625
v 0.348749 1.093283 -0.333457
v 0.269138 1.071857 -0.245255
v 0.518166 1.096947 -0.335705
v 0.514151 1.177275 -0.346570
v 0.399990 1.290757 -0.350605
v 0.455754 1.070752 -0.245739
v 0.451867 1.297086 -0.348917
v 0.659882 1.093063 -0.237888
v 0.480503 1.402133 -0.422696
v 0.446395 1.547261 -0.316323
v 0.483449 1.506711 -0.394267
v 0.460993 1.532884 -0.370539
v 0.482264 1.447740 -0.438383
v 0.399990 1.486610 -0.430706
v 0.399990 1.511662 -0.412021
v 0.430202 1.512722 -0.254643
v 0.465653 1.510511 -0.205136
v 0.466232 1.501283 -0.151064
v 0.640568 1.292717 -0.112293
v 0.640568 1.292717 -0.112293
v 0.618108 1.499201 -0.127822
v 0.353585 1.547261 -0.316323
v 0.229900 1.216319 -0.341830
v 0.222373 1.099165 -0.338643
v 0.160795 1.111211 -0.328316
v 0.232094 1.265969 -0.334486
v 0.294615 1.257270 -0.346509
v 0.353838 1.258670 -0.344344
v 0.290942 1.332147 -0.346274
v 0.222512 1.268422 -0.362014
v 0.209602 1.276130 -0.350681
v 0.606244 1.077376 -0.242014
v 0.545038 1.460573 -0.337454
v 0.522226 1.494605 -0.314522
v 0.526900 1.527281 -0.256263
v 0.456024 1.336500 -0.397053
v 0.509352 1.507915 -0.357578
v 0.458761 1.814330 0.174209
v 0.472515 1.849999 0.203451
v 0.458761 1.816770 0.193991
v 0.489622 1.639238 0.145680
v 0.478233 1.657735 0.186904
v 0.457885 1.626790 0.155781
v 0.533784 1.686435 0.150775
v 0.631758 2.031458 0.001594
v 0.631758 2.031458 0.001594
v 0.624246 2.018349 0.041730
v 0.556033 1.718765 -0.028536
v 0.624246 2.018349 0.041730
v 0.504378 1.862231 0.174485
v 0.454219 1.822056 0.193301
v 0.539304 1.826148 0.173956
v 0.517518 1.801819 0.198687
v 0.514080 1.814200 0.196044
v 0.515869 1.808400 0.200018
v 0.568297 1.721311 0.025095
v 0.520062 1.680885 -0.052744
v 0.634104 2.024647 0.019609
v 0.633455 1.695611 -0.103722
v 0.654128 2.093832 0.052636
v 0.506860 1.671594 0.176715
v 0.400080 1.613265 0.171814
v 0.643446 1.915558 -0.016747
v 0.643409 1.917092 0.014641
v 0.509218 1.645969 0.118829
v 0.619706 1.860597 0.030294
v 0.637294 1.977280 -0.020599
v 0.636009 1.860605 -0.014490
v 0.644861 1.971954 0.017417
v 0.634104 2.024647 0.019609
v 0.631758 2.031458 0.001594
v 0.627298 1.915392 0.037546
v 0.483326 1.798408 0.208026
v 0.484126 1.805506 0.206966
v 0.484279 1.811286 0.201695
v 0.454219 1.821305 0.174193
v 0.456504 1.835237 0.197782
v 0.514131 1.809816 0.174254
v 0.623948 1.965673 0.047376
v 0.635940 1.862443 0.009381
v 0.399990 1.546080 -0.366178
v 0.460770 1.510148 -0.405926
v 0.198506 1.519475 -0.190850
v 0.193809 1.505083 -0.134703
v 0.149094 1.213078 -0.316150
v 0.483982 1.485414 -0.431690
v 0.399990 1.552440 -0.313174
v 0.173301 1.219877 -0.327279
v 0.145270 1.254832 -0.230257
v 0.134310 1.183627 -0.229008
v 0.209602 1.276130 -0.350681
v 0.210008 1.319095 -0.351203
v 0.207383 1.318239 -0.339400
v 0.211765 1.280437 -0.358562
v 0.136251 1.218204 -0.286630
v 0.471659 1.544869 -0.229893
v 0.399990 1.511125 -0.254310
v 0.207383 1.318239 -0.339400
v 0.229408 1.321245 -0.326900
v 0.469169 1.513904 -0.236654
v 0.140671 1.093063 -0.237888
v 0.144160 1.130858 -0.316634
v 0.160795 1.111211 -0.328316
v 0.131475 1.138383 -0.286077
v 0.628776 1.405896 -0.132561
v 0.628776 1.405896 -0.132561
v 0.156687 1.099218 -0.138633
v 0.150996 1.195885 -0.132076
v 0.620256 1.485187 -0.127617
v 0.129262 1.098946 -0.153358
v 0.127289 1.192250 -0.144235
v 0.230276 1.244604 -0.330625
v 0.208832 1.286607 -0.230809
v 0.345883 1.526668 -0.269989
v 0.316660 1.532316 -0.335917
v 0.290628 1.507915 -0.357578
v 0.209485 1.407773 -0.152177
v 0.202242 1.312303 -0.139344
v 0.169967 1.408705 -0.143849
v 0.132911 1.270140 -0.140927
v 0.273620 1.469416 -0.377565
v 0.348356 1.177124 -0.343670
v 0.211624 1.387468 -0.338355
v 0.207538 1.464828 -0.315037
v 0.354259 1.265946 -0.362347
v 0.234812 1.384227 -0.327491
v 0.618108 1.499201 -0.127822
v 0.161998 1.289076 -0.125338
v 0.608059 1.500207 -0.125444
v 0.173301 1.219877 -0.327279
v 0.220849 1.265038 -0.354027
v 0.504334 1.543938 -0.118191
v 0.533676 1.551894 -0.102383
v 0.203709 1.484770 -0.302257
v 0.208757 1.494105 -0.306769
v 0.533676 1.551894 -0.102383
v 0.493598 1.437603 -0.423006
v 0.496688 1.483650 -0.409666
v 0.458256 1.389717 -0.432258
v 0.183507 1.505007 -0.136422
v 0.194438 1.512275 -0.192599
v 0.194438 1.512275 -0.192599
v 0.454097 1.526668 -0.269989
v 0.192001 1.500207 -0.125444
v 0.483320 1.532316 -0.335917
v 0.526360 1.469416 -0.377565
v 0.493897 1.514857 -0.293785
v 0.181942 1.499201 -0.127822
v 0.214386 1.490804 -0.150535
v 0.182119 1.486148 -0.139708
v 0.211624 1.387468 -0.338355
v 0.211697 1.389702 -0.349961
v 0.209016 1.467864 -0.326264
v 0.182363 1.500813 -0.137277
v 0.182363 1.500813 -0.137277
v 0.496244 1.371274 -0.391049
v 0.399990 1.329898 -0.412702
v 0.215260 1.393464 -0.231998
v 0.202040 1.516417 -0.239001
v 0.222571 1.490683 -0.229303
v 0.521687 1.418873 -0.389399
v 0.608059 1.500207 -0.125444
v 0.605698 1.098691 -0.128798
v 0.267026 1.519249 -0.250865
v 0.295002 1.262282 -0.365769
v 0.210007 1.523352 -0.240599
v 0.202040 1.516417 -0.239001
v 0.232094 1.265969 -0.334486
v 0.532678 1.096858 -0.101059
v 0.233292 1.468939 -0.304316
v 0.275772 1.506514 -0.148528
v 0.203709 1.484770 -0.302257
v 0.250194 1.504152 -0.282913
v 0.207538 1.464828 -0.315037
v 0.269134 1.517151 -0.198807
v 0.589058 1.198019 -0.023743
v 0.546277 1.134758 -0.035975
v 0.598129 1.141539 -0.075507
v -0.178742 0.863459 0.265372
v -0.155739 0.873521 0.240968
v 0.694504 0.075738 0.132737
v 0.648213 0.121944 0.196239
v 0.569640 0.127409 0.186177
v 0.564892 0.131179 0.209270
v 0.642537 0.122750 0.170156
v 0.694504 0.075738 0.132737
v 0.569640 0.127409 0.186177
v 0.638866 1.084356 -0.123688
v 0.620256 1.485187 -0.127617
v 0.504334 1.543938 -0.118191
v 0.614934 1.549668 -0.095440
v 0.582587 1.483778 0.086238
v 0.588719 1.434806 0.096959
v 0.611020 1.079988 -0.150201
v 0.570973 1.244604 -0.330625
v 0.505365 1.257270 -0.346509
v 0.451231 1.093283 -0.333457
v 0.278293 1.418873 -0.389399
v 0.303736 1.371274 -0.391049
v 0.273080 1.527281 -0.256263
v 0.567886 1.265969 -0.334486
v 0.461024 1.780700 0.171411
v 0.451796 1.883369 0.171411
v 0.436160 1.800442 0.171411
v 0.425110 1.829369 0.171411
v 0.523618 1.786037 0.171411
v 0.493031 1.775429 0.171411
v 0.523618 1.786037 0.101620
v 0.422036 1.863588 0.136518
v 0.430834 1.859719 0.101620
v 0.493031 1.775429 0.101620
v 0.461024 1.780700 0.101620
v 0.493859 1.766256 0.136518
v 0.415429 1.828541 0.136518
v 0.425110 1.829369 0.101620
v 0.518519 1.897063 0.136518
v 0.482378 1.893978 0.101620
v 0.553379 1.805818 0.136518
v 0.559985 1.840865 0.136518
v 0.422036 1.863588 0.136518
v 0.415429 1.828541 0.136518
v 0.446244 1.890898 0.136518
v 0.544581 1.809687 0.171411
v 0.482378 1.893978 0.171411
v 0.430834 1.859719 0.171411
v 0.588523 1.387468 -0.338355
v 0.590964 1.467864 -0.326264
v 0.588283 1.389702 -0.349961
v 0.592455 1.464828 -0.315037
v 0.547230 1.874263 0.136518
v 0.493859 1.766256 0.136518
v 0.428184 1.795144 0.136518
v 0.456896 1.772349 0.136518
v 0.514390 1.888707 0.171411
v 0.539255 1.868964 0.171411
v 0.481556 1.903151 0.136518
v 0.529171 1.778509 0.136518
v 0.446244 1.890898 0.136518
v 0.456896 1.772349 0.136518
v 0.436160 1.800442 0.101620
v 0.428184 1.795144 0.136518
v 0.451796 1.883369 0.101620
v 0.550304 1.840037 0.171411
v 0.481556 1.903151 0.136518
v 0.588497 1.280437 -0.358562
v 0.590679 1.276130 -0.350681
v 0.532954 1.519249 -0.250865
v 0.552696 1.502357 -0.286501
v 0.504978 1.262282 -0.365769
v 0.592636 1.318239 -0.339400
v 0.592636 1.318239 -0.339400
v 0.589972 1.319095 -0.351203
v 0.530948 1.517151 -0.198807
v 0.589973 1.523352 -0.240599
v 0.523889 1.506514 -0.148528
v 0.597940 1.516417 -0.239001
v 0.592455 1.464828 -0.315037
v 0.566708 1.468939 -0.304316
v 0.591148 1.286607 -0.230809
v 0.588523 1.387468 -0.338355
v 0.596246 1.484770 -0.302257
v 0.591165 1.494105 -0.306769
v 0.584851 1.393464 -0.231998
v 0.597940 1.516417 -0.239001
v 0.596246 1.484770 -0.302257
v 0.565312 1.384227 -0.327491
v 0.570634 1.321245 -0.326900
v 0.570973 1.244604 -0.330625
v 0.618620 1.486148 -0.139708
v 0.618403 1.500813 -0.137277
v 0.618403 1.500813 -0.137277
v 0.606385 1.512275 -0.192599
v 0.606385 1.512275 -0.192599
v 0.577409 1.490683 -0.229303
v 0.608059 1.500207 -0.125444
v 0.586251 1.490804 -0.150535
v 0.617427 1.505007 -0.136422
v 0.652556 1.213078 -0.316150
v 0.670955 1.098946 -0.153358
v 0.639549 1.111211 -0.328316
v 0.659882 1.093063 -0.237888
v 0.628272 1.219877 -0.327279
v 0.669467 1.138383 -0.286077
v 0.665296 1.218204 -0.286630
v 0.606239 1.505083 -0.134703
v 0.618108 1.499201 -0.127822
v 0.649373 1.195885 -0.132076
v 0.643433 1.099218 -0.138633
v 0.656558 1.130858 -0.316634
v 0.601474 1.519475 -0.190850
v 0.666359 1.183627 -0.229008
v 0.655885 1.254832 -0.230257
v 0.590536 1.407773 -0.152177
v 0.638105 1.289076 -0.125338
v 0.630224 1.408705 -0.143849
v 0.597786 1.312303 -0.139344
v 0.673356 1.192250 -0.144235
v 0.667288 1.270140 -0.140927
v 0.239154 1.501363 0.086872
v 0.204427 1.474120 0.081905
v 0.184563 1.311880 -0.049719
v 0.191848 1.308298 -0.035562
v 0.198356 1.289731 -0.045767
v 0.200503 1.308342 -0.015102
v 0.203036 1.289692 -0.029646
v 0.198356 1.289731 -0.045767
v 0.175655 1.325414 -0.062248
v 0.195828 1.301162 0.000683
v 0.184397 1.299661 -0.074898
v 0.361366 1.567498 0.041056
v 0.375635 1.561245 0.055225
v 0.161156 1.249104 -0.011713
v 0.191848 1.308298 -0.035562
v 0.200503 1.308342 -0.015102
v 0.193493 1.304335 -0.012414
v 0.358978 1.541120 0.030251
v 0.200503 1.308342 -0.015102
v 0.191848 1.308298 -0.035562
v 0.152786 0.406135 0.048564
v 0.202937 0.501919 0.101587
v 0.566212 1.393279 0.072831
v 0.592223 1.521668 0.026524
v 0.575158 1.465432 0.068140
v 0.188470 1.318768 0.025487
v 0.193493 1.304335 -0.012414
v 0.189221 1.551014 -0.035960
v 0.200503 1.308342 -0.015102
v 0.554703 1.322610 -0.022956
v 0.161156 1.249104 -0.011713
v 0.185098 1.319121 0.024857
v 0.190805 1.307012 0.014360
v 0.610939 1.551014 -0.035960
v 0.184734 0.507388 0.056864
v 0.220317 1.472900 -0.121614
v 0.318408 0.397862 0.031727
v 0.292675 0.494804 0.100560
v 0.197721 1.530742 -0.087289
v 0.207937 1.521668 0.026524
v 0.602440 1.530742 -0.087289
v 0.347978 1.564771 -0.073282
v 0.579844 1.472900 -0.121614
v 0.335554 1.562113 -0.060016
v 0.341548 1.558463 -0.000628
v 0.190805 1.307012 0.014360
v 0.195828 1.301162 0.000683
v 0.373872 1.530514 0.047480
v 0.351926 1.570625 0.032365
v 0.263009 1.504316 0.094075
v 0.266574 1.448394 0.133990
v 0.264317 1.419346 0.120882
v 0.214660 1.427940 0.120904
v 0.194845 1.459295 0.104578
v 0.199553 1.479324 0.100510
v 0.225003 1.465432 0.068140
v 0.192279 1.453180 0.084736
v 0.311639 0.500633 0.042773
v 0.193631 0.514812 0.000920
v 0.240313 1.409892 0.114833
v 0.265757 1.487234 0.122461
v 0.252881 1.432510 0.133576
v 0.193493 1.304335 -0.012414
v 0.348861 1.547047 0.014447
v 0.198565 1.429424 0.093904
v 0.200376 1.440485 0.112046
v 0.229943 1.445712 0.133207
v 0.229060 1.487637 0.120755
v 0.228850 1.467187 0.128758
v 0.198565 1.429424 0.093904
v 0.286289 1.464715 0.115793
v 0.211414 1.475019 0.117946
v 0.218805 1.483596 0.118167
v 0.208875 1.464207 0.120142
v 0.240197 1.449752 0.135790
v 0.218534 1.465956 0.125342
v 0.247588 1.458329 0.136016
v 0.240313 1.409892 0.114833
v 0.250132 1.469141 0.133819
v 0.264317 1.419346 0.120882
v 0.281057 1.488470 0.105268
v 0.216039 1.413578 0.104876
v 0.247146 1.479291 0.129790
v 0.239436 1.486063 0.125010
v 0.219572 1.447285 0.128951
v 0.197445 1.478480 0.077545
v 0.214731 1.498548 0.078074
v 0.233883 1.425020 0.128786
v 0.281035 1.439414 0.121197
v 0.214731 1.498548 0.078074
v 0.233948 1.393279 0.072831
v 0.143411 1.357608 0.056069
v 0.170941 0.410679 -0.015867
v 0.090310 1.367868 -0.034640
v 0.216039 1.413578 0.104876
v 0.192279 1.453180 0.084736
v 0.281057 1.488470 0.105268
v 0.213456 1.496837 0.099705
v 0.245457 1.322610 -0.022956
v 0.110516 1.360560 0.048132
v 0.087484 1.370296 -0.023409
v 0.102662 1.378498 -0.007762
v 0.171808 1.326181 -0.083293
v 0.271288 1.468429 0.129923
v 0.286289 1.464715 0.115793
v 0.238790 1.509603 0.083699
v 0.197445 1.478480 0.077545
v 0.251678 1.501401 0.112377
v 0.232846 1.505635 0.102850
v 0.113557 1.371317 0.026475
v 0.122344 1.353926 0.056715
v 0.141259 1.330640 -0.092450
v 0.090277 1.369132 0.008625
v 0.150719 1.325905 -0.093609
v 0.227354 1.316776 -0.033117
v 0.109346 1.372338 -0.045977
v 0.194614 1.511126 0.067328
v 0.194614 1.511126 0.067328
v 0.281035 1.439414 0.121197
v 0.293260 0.507112 -0.004665
v 0.311639 0.500633 0.042773
v 0.239099 0.516352 -0.025197
v 0.288748 0.400831 -0.028609
v 0.250358 1.337661 -0.080688
v 0.238807 1.341088 -0.078497
v 0.094295 1.368916 0.019178
v 0.241566 0.497983 0.122587
v 0.194304 1.307520 -0.058539
v 0.184563 1.311880 -0.049719
v 0.203036 1.289692 -0.029646
v 0.185098 1.319121 0.024857
v 0.281775 0.798124 0.328067
v 0.304538 0.866410 0.281827
v 0.222492 0.874608 0.237614
v 0.166167 0.880480 0.184869
v 0.263009 1.504316 0.094075
v 0.271646 1.483894 0.111334
v 0.279329 1.525940 0.101134
v 0.237245 1.502963 0.091547
v 0.238790 1.509603 0.083699
v 0.282906 1.517220 0.105908
v 0.266872 1.531404 0.094986
v 0.139354 1.257714 -0.045569
v 0.260641 0.738778 0.369071
v 0.183783 0.802266 0.281564
v 0.175268 1.305323 -0.082007
v -0.076318 0.686252 0.015167
v -0.021719 0.736320 0.024956
v 0.282381 1.506772 0.109281
v 0.251363 1.522568 0.091409
v 0.259062 1.528733 0.092960
v -0.046356 0.698890 -0.057466
v -0.076318 0.686252 0.015167
v 0.023046 0.723142 -0.096488
v -0.059374 0.687718 0.153861
v 0.222265 0.402440 -0.045742
v 0.244961 1.397385 -0.122966
v 0.286289 0.388967 0.097982
v 0.115559 0.879115 0.047286
v 0.063705 0.803921 0.141121
v 0.127840 0.884468 0.115739
v 0.042887 0.799511 0.034987
v 0.237736 1.321197 -0.029900
v 0.318408 0.397862 0.031727
v 0.232686 0.395120 0.123671
v 0.172309 0.397903 0.100074
v 0.246285 0.553568 -0.010262
v 0.319636 0.696816 -0.000443
v 0.206408 0.776321 0.075083
v 0.352664 0.698869 0.059668
v 0.267292 0.707562 0.158877
v 0.369658 0.794761 0.067268
v 0.220267 0.697373 0.025409
v 0.268644 0.791008 -0.012630
v 0.219980 0.797245 0.131098
v 0.096459 1.365053 -0.031688
v 0.218518 0.709941 0.119596
v 0.118469 1.363684 -0.038118
v 0.108905 1.368221 -0.044868
v 0.101889 1.372316 -0.009004
v 0.083941 1.297138 -0.025401
v 0.111156 1.365952 -0.007695
v 0.076981 1.305638 0.010833
v 0.096459 1.365483 0.017881
v 0.101889 1.372316 -0.009004
v 0.113176 1.368276 0.025724
v 0.096459 1.365483 0.017881
v 0.093274 1.306416 0.043446
v 0.111935 1.358148 0.044523
v 0.123972 1.351150 0.053000
v 0.146518 1.355825 0.049363
v 0.144322 1.349963 0.046051
v 0.146518 1.355825 0.049363
v 0.352664 0.698869 0.059668
v 0.334196 0.791273 -0.004295
v 0.162817 1.333152 0.046598
v 0.121693 1.286066 0.061362
v 0.173370 1.318089 0.047034
v 0.166360 1.334360 0.051057
v 0.154483 1.330348 0.064094
v 0.166360 1.334360 0.051057
v 0.180457 1.318580 0.037463
v 0.162817 1.333152 0.046598
v 0.188470 1.318768 0.025487
v 0.167718 1.315793 0.041559
v 0.167718 1.315793 0.041559
v 0.173370 1.318089 0.047034
v 0.180457 1.318580 0.037463
v 0.155360 1.259960 0.035626
v 0.137229 1.347259 -0.070808
v 0.140028 1.328355 -0.089237
v 0.171742 1.346900 -0.067823
v 0.148632 1.323360 -0.090794
v 0.140028 1.328355 -0.089237
v 0.148632 1.323360 -0.090794
v 0.169860 1.323090 -0.080633
v 0.169860 1.323090 -0.080633
v 0.175268 1.305323 -0.082007
v 0.184397 1.299661 -0.074898
v 0.194304 1.307520 -0.058539
v 0.175655 1.325414 -0.062248
v 0.154483 1.330348 0.064094
v 0.144322 1.349963 0.046051
v 0.137229 1.347259 -0.070808
v 0.143483 1.348721 -0.060923
v 0.331702 0.698797 0.130855
v 0.220720 0.788453 0.025520
v 0.116874 1.348269 -0.068960
v 0.207054 0.691401 0.068145
v 0.261839 0.700735 -0.009114
v 0.116874 1.348269 -0.068960
v 0.108905 1.368221 -0.044868
v 0.118469 1.363684 -0.038118
v 0.096459 1.365053 -0.031688
v 0.106757 1.353512 -0.061431
v 0.091497 1.367112 -0.021024
v 0.109203 1.276325 -0.044691
v 0.095774 1.365638 0.008465
v 0.143483 1.348721 -0.060923
v 0.091497 1.367112 -0.021024
v 0.095774 1.365638 0.008465
v 0.111935 1.358148 0.044523
v 0.111156 1.365952 -0.007695
v 0.122250 1.366228 0.022484
v 0.122250 1.366228 0.022484
v 0.123972 1.351150 0.053000
v 0.113176 1.368276 0.025724
v 0.144537 1.337821 0.061754
v 0.144537 1.337821 0.061754
v 0.275797 0.806175 0.168519
v 0.106757 1.353512 -0.061431
v 0.042887 0.799511 0.034987
v 0.110669 0.801841 0.223259
v 0.302110 0.844834 -0.102174
v 0.354103 0.951255 -0.047045
v 0.195927 1.299307 0.020574
v 0.256159 0.627184 -0.004091
v 0.217717 0.629193 0.026005
v 0.284534 0.890659 0.166499
v 0.197202 1.308905 -0.060653
v 0.175429 1.316312 0.056163
v 0.192593 1.316781 0.029505
v 0.184397 1.309584 0.048232
v 0.155360 1.332897 0.068040
v 0.187300 1.301178 -0.077542
v 0.179038 1.304738 -0.086036
v 0.202081 1.293810 0.005286
v 0.202556 1.289251 -0.046899
v 0.207324 1.307299 -0.013833
v 0.207324 1.307299 -0.013833
v 0.220598 0.629740 0.111643
v 0.207297 1.290493 -0.031528
v 0.262677 0.628200 0.142689
v 0.230892 1.396419 -0.120063
v 0.166774 1.506109 -0.087168
v 0.151690 1.529942 -0.039564
v 0.199150 1.456938 0.061390
v 0.175881 1.502577 0.022688
v 0.274036 0.868228 -0.015737
v 0.351611 0.967818 0.163036
v 0.207661 0.552370 0.013317
v 0.286375 0.967801 -0.025257
v 0.198157 0.547094 0.062466
v 0.206646 0.856307 0.081347
v 0.242075 0.985441 0.025629
v 0.292485 0.979156 0.164673
v 0.230465 0.955028 0.135028
v 0.212049 0.579580 0.017864
v 0.203075 0.582406 0.067074
v 0.245457 1.322610 -0.022956
v 0.197726 1.465780 -0.117971
v 0.218313 0.581843 0.104451
v 0.213136 0.545179 0.102183
v 0.228888 0.872743 0.020690
v 0.225947 0.861920 0.137523
v 0.317280 0.620374 0.123211
v 0.218933 0.970501 0.078883
v 0.333600 0.621930 0.054971
v 0.206563 0.628233 0.068366
v 0.349165 0.871253 -0.012072
v 0.386762 0.875481 0.068885
v 0.369658 0.794761 0.067268
v 0.313505 0.543722 0.052912
v 0.299993 0.575347 0.015480
v 0.296340 0.547210 0.018151
v 0.248802 0.583323 -0.007039
v 0.322473 0.575634 0.054982
v 0.297537 0.540394 0.107983
v 0.247649 0.543777 0.129967
v 0.253582 0.584460 0.132693
v 0.305259 0.578261 0.115087
v 0.237736 1.321197 -0.029900
v 0.192991 1.490942 0.073096
v 0.239154 1.501363 0.086872
v 0.223170 1.517176 0.076777
v 0.354103 0.951255 -0.047045
v 0.342343 0.796108 0.135906
v 0.192858 1.512523 0.071446
v 0.204289 1.521839 0.073775
v 0.189740 1.502704 0.073802
v 0.212043 1.521668 0.077241
v 0.191009 1.492521 0.077749
v 0.284214 1.505144 0.104584
v 0.211856 1.454057 0.124172
v 0.239165 1.468424 0.132180
v 0.268704 1.529776 0.090289
v 0.273479 1.482266 0.106637
v 0.259708 1.527679 0.087617
v 0.280952 1.524505 0.096978
v 0.252384 1.521354 0.086243
v 0.280952 1.524505 0.096978
v 0.202445 1.475698 0.086558
v 0.268704 1.529776 0.090289
v 0.259708 1.527679 0.087617
v 0.220416 1.518081 0.081336
v 0.204427 1.474120 0.081905
v 0.206276 1.520261 0.069122
v 0.313505 0.543722 0.052912
v 0.116102 1.392202 -0.017972
v 0.322473 0.575634 0.054982
v 0.120915 1.382290 -0.047749
v 0.191727 1.501131 0.069150
v 0.215140 1.521039 0.072759
v 0.192991 1.490942 0.073096
v 0.137329 1.350316 -0.073607
v 0.210691 1.315103 -0.027521
v 0.201237 1.329696 0.021568
v 0.148500 1.372465 0.046946
v 0.170875 1.353987 0.051803
v 0.223170 1.517176 0.076777
v 0.215140 1.521039 0.072759
v 0.206276 1.520261 0.069122
v 0.163816 1.346265 -0.079281
v 0.113784 1.352039 -0.074004
v 0.191727 1.501131 0.069150
v 0.142506 1.361482 -0.069876
v 0.210691 1.315103 -0.027521
v 0.192676 1.325204 -0.070742
v 0.105046 1.356437 -0.064886
v 0.227354 1.316776 -0.033117
v 0.227547 1.341259 0.035758
v 0.237984 1.344174 0.039285
v 0.124872 1.385590 0.021601
v 0.225610 1.339521 -0.077288
v 0.305369 0.620263 0.008421
v 0.333600 0.621930 0.054971
v 0.354353 0.878699 0.144356
v 0.386762 0.875481 0.068885
v 0.148804 0.742020 0.315889
v 0.056580 0.735514 0.242298
v 0.237245 1.502963 0.091547
v 0.284744 1.515597 0.101211
v 0.239154 1.501363 0.086872
v 0.284744 1.515597 0.101211
v 0.284214 1.505144 0.104584
v 0.144112 1.339521 0.066627
v 0.246407 0.712569 -0.276676
v 0.170279 1.338097 0.053133
v -0.052354 0.685486 0.085284
v 0.113721 0.725647 -0.210197
v 0.273479 1.482266 0.106637
v 0.239154 1.501363 0.086872
v 0.252384 1.521354 0.086243
v -0.021719 0.736320 0.024956
v -0.003503 0.739614 0.147324
v 0.215118 1.335083 0.033241
v 0.196838 1.378338 0.068427
v 0.162916 0.877971 -0.026651
v 0.115559 0.879115 0.047286
v 0.217110 1.387136 0.068686
v 0.152501 1.411768 0.060920
v 0.175815 1.443477 0.059187
v 0.124530 1.437024 0.018637
v 0.218933 0.970501 0.078883
v 0.053093 0.792098 0.036431
v 0.275811 0.767541 -0.184102
v 0.126664 0.872662 0.048971
v 0.074069 0.797020 0.137368
v 0.119717 0.795278 0.215678
v 0.229272 0.868542 0.227244
v 0.230465 0.955028 0.135028
v 0.190146 0.795904 0.271509
v 0.285407 0.791673 0.316221
v 0.154771 0.736219 0.306114
v 0.153745 0.642089 -0.321148
v 0.028766 0.714570 -0.092448
v 0.119461 0.716245 -0.203001
v -0.043284 0.688686 -0.056450
v 0.252248 0.640870 -0.374472
v 0.005336 0.731916 0.144200
v 0.058783 0.647242 -0.272049
v -0.043659 0.651122 -0.188139
v -0.024458 0.648788 -0.140008
v -0.075470 0.644878 -0.122504
v -0.083416 0.643630 0.174541
v -0.021946 0.644762 0.268227
v -0.123234 0.644050 0.023724
v 0.220717 0.651416 0.391800
v 0.352360 1.552965 0.051361
v 0.170392 0.872697 -0.020644
v 0.242075 0.985441 0.025629
v 0.345544 1.590400 0.075221
v 0.335554 1.562113 -0.060016
v 0.321723 1.611142 -0.041521
v 0.361567 1.574080 0.100323
v 0.366363 1.531228 0.064226
v 0.388363 1.528639 0.096128
v 0.349082 1.614847 -0.096551
v 0.376126 1.550396 0.111008
v 0.347978 1.564771 -0.073282
v 0.400080 1.561319 -0.092181
v 0.400080 1.616449 -0.111700
v 0.400080 1.476250 0.060330
v 0.373872 1.530514 0.047480
v 0.400080 1.512970 0.054021
v 0.348861 1.547047 0.014447
v 0.358978 1.541120 0.030251
v 0.420229 0.655001 -0.382666
v 0.420229 0.636862 -0.391195
v 0.163363 1.401022 -0.107710
v 0.215951 1.393952 -0.117198
v 0.143444 1.480859 -0.086312
v 0.180512 1.451016 -0.114422
v 0.107558 1.443498 -0.026869
v 0.121074 1.430699 -0.072205
v 0.150371 1.485042 0.019785
v 0.124392 1.501832 -0.040668
v 0.341355 1.559325 0.015645
v 0.324615 1.608381 0.024119
v 0.138287 0.877793 0.112157
v 0.098664 0.786163 -0.058154
v 0.222671 0.854355 -0.069690
v 0.308223 0.860123 0.269402
v 0.175498 0.874122 0.177595
v 0.292485 0.979156 0.164673
v 0.064827 0.729007 0.234915
v 0.351611 0.967818 0.163036
v 0.057663 0.648749 0.266359
v 0.263986 0.733078 0.357944
v 0.249105 0.703104 -0.268172
v 0.309894 0.653041 0.387886
v 0.179860 0.651288 0.337376
v 0.195533 0.643884 -0.304945
v -0.012919 0.728097 0.026261
v -0.051515 0.678853 0.151219
v -0.068398 0.677101 0.015093
v 0.332146 0.643684 -0.334163
v -0.043089 0.677827 0.083892
v 0.066865 0.647821 -0.234637
v 0.033303 0.649153 -0.242358
v -0.088759 0.644378 0.099897
v -0.067255 0.646584 -0.034721
v -0.030238 0.647454 0.179038
v -0.066591 0.640571 0.072726
v 0.108602 0.647299 0.356712
v 0.286375 0.967801 -0.025257
v 0.175752 0.773542 -0.134082
v 0.092177 0.793020 -0.063193
v 0.272233 0.776981 -0.194865
v 0.170195 0.782327 -0.142268
v 0.217258 0.860567 -0.078537
v 0.270990 1.778509 0.136518
v 0.339136 1.780700 0.101620
v 0.252930 1.874263 0.136518
v 0.345290 1.849150 0.076076
v 0.348591 1.831621 0.076076
v 0.276316 1.837786 0.076076
v 0.282696 1.854482 0.076076
v 0.451570 1.831621 0.196954
v 0.472300 1.803527 0.196954
v 0.457944 1.814925 0.196954
v 0.490784 1.800481 0.196954
v 0.503114 1.865884 0.196954
v 0.517464 1.854482 0.196954
v 0.454870 1.849150 0.196954
v 0.487705 1.834706 0.206304
v 0.279616 1.820262 0.076076
v 0.291720 1.806607 0.076076
v 0.315530 1.868925 0.076076
v 0.333186 1.862799 0.076076
v 0.249856 1.840037 0.101620
v 0.255580 1.809687 0.101620
v 0.240175 1.840865 0.136518
v 0.306302 1.766256 0.136518
v 0.307130 1.775429 0.101620
v 0.376126 1.550396 0.111008
v 0.321723 1.611142 -0.041521
v 0.340864 1.605098 -0.130854
v 0.349082 1.614847 -0.096551
v 0.281642 1.897063 0.136513
v 0.327860 1.803527 0.076076
v 0.285770 1.888707 0.101620
v 0.309376 1.800481 0.076076
v 0.276542 1.786037 0.101620
v 0.260906 1.868964 0.101620
v 0.342216 1.814925 0.076076
v 0.297046 1.865884 0.076076
v 0.312456 1.834706 0.066727
v 0.508440 1.806607 0.196954
v 0.520544 1.820262 0.196954
v 0.523845 1.837786 0.196954
v 0.466974 1.862799 0.196954
v 0.246782 1.805818 0.136518
v 0.484630 1.868925 0.196954
v 0.305383 1.605424 -0.040447
v 0.321723 1.611142 -0.041521
v 0.387352 1.487040 0.092717
v 0.388363 1.528639 0.096128
v 0.298442 0.852920 -0.113212
v 0.324615 1.608381 0.024119
v 0.305383 1.605424 -0.040447
v 0.307866 1.602072 0.023030
v 0.361567 1.574080 0.100323
v 0.316336 1.571206 -0.037037
v 0.362932 1.502516 0.079222
v 0.366357 1.528683 0.083202
v 0.381869 1.525819 0.098270
v 0.318472 1.583924 -0.037026
v 0.326238 1.571430 0.020850
v 0.341487 1.586462 -0.109961
v 0.336791 1.584053 0.074763
v 0.345544 1.590400 0.075221
v 0.316336 1.571206 -0.037037
v 0.340141 1.550330 0.059441
v 0.369983 1.544778 0.115611
v 0.352945 1.568345 0.105864
v 0.318472 1.583924 -0.037026
v 0.337927 1.572961 -0.108980
v 0.309894 0.653041 0.387886
v 0.220717 0.651416 0.391800
v 0.312040 0.667586 0.391476
v 0.179860 0.651288 0.337376
v 0.336498 1.526178 0.055666
v 0.320067 1.553763 0.019322
v 0.181143 0.666387 0.346069
v 0.216552 0.665206 0.404172
v -0.088759 0.644378 0.099897
v -0.068086 0.655496 0.076045
v -0.088927 0.659320 0.099167
v -0.066591 0.640571 0.072726
v -0.026063 0.657237 0.271941
v -0.030238 0.647454 0.179038
v 0.057663 0.648749 0.266359
v 0.055111 0.660755 0.271901
v -0.083416 0.643630 0.174541
v -0.089012 0.662621 0.173281
v -0.127050 0.658236 0.024805
v -0.123234 0.644050 0.023724
v -0.030644 0.664602 0.184220
v -0.021946 0.644762 0.268227
v 0.108602 0.647299 0.356712
v 0.104971 0.658797 0.362956
v -0.078437 0.660166 -0.124030
v -0.024458 0.648788 -0.140008
v -0.068601 0.664447 -0.036364
v -0.067255 0.646584 -0.034721
v -0.127050 0.658236 0.024805
v -0.123234 0.644050 0.023724
v -0.020075 0.667508 -0.134530
v -0.075470 0.644878 -0.122504
v 0.317782 1.893978 0.171411
v 0.364001 1.800442 0.171411
v 0.339136 1.780700 0.171411
v 0.285770 1.888707 0.171411
v 0.369327 1.859719 0.171411
v 0.375050 1.829369 0.171411
v 0.297046 1.865884 0.196954
v 0.276316 1.837786 0.196954
v 0.276542 1.786037 0.171411
v 0.260906 1.868964 0.171411
v 0.255580 1.809687 0.171411
v 0.249856 1.840037 0.171411
v 0.307130 1.775429 0.171411
v 0.318604 1.903151 0.136513
v 0.353917 1.890898 0.136513
v 0.378124 1.863588 0.136518
v 0.252930 1.874263 0.136518
v 0.378124 1.863588 0.136518
v 0.281642 1.897063 0.136513
v 0.369327 1.859719 0.101620
v 0.348364 1.883369 0.171411
v 0.353917 1.890898 0.136513
v 0.240175 1.840865 0.136518
v 0.246782 1.805818 0.136518
v 0.343265 1.772349 0.136518
v 0.282696 1.854482 0.196954
v 0.384731 1.828541 0.136518
v 0.306302 1.766256 0.136518
v 0.371976 1.795144 0.136518
v 0.270990 1.778509 0.136518
v 0.318604 1.903151 0.136513
v 0.364001 1.800442 0.101620
v 0.371976 1.795144 0.136518
v 0.343265 1.772349 0.136518
v 0.384731 1.828541 0.136518
v 0.375050 1.829369 0.101620
v 0.348364 1.883369 0.101620
v 0.317782 1.893978 0.101620
v 0.122521 0.015245 0.041111
v 0.123936 0.003274 0.047808
v 0.279010 0.030435 0.079119
v 0.122521 0.015245 0.041111
v 0.092722 0.015476 0.138737
v 0.292757 0.011712 0.224163
v 0.273882 0.017109 0.119294
v 0.110680 0.014211 0.090787
v 0.315530 1.868925 0.196954
v 0.293275 0.009012 -0.002050
v 0.333186 1.862799 0.196954
v 0.179837 0.001853 -0.065520
v 0.327860 1.803527 0.196954
v 0.309376 1.800481 0.196954
v 0.312456 1.834706 0.206304
v 0.291720 1.806607 0.196954
v 0.279616 1.820262 0.196954
v 0.345290 1.849150 0.196954
v 0.088001 0.010796 0.204906
v 0.270922 0.009688 0.079877
v 0.122521 0.015245 0.041111
v 0.143568 0.001062 -0.027244
v 0.276668 0.067305 0.091992
v 0.279010 0.030435 0.079119
v 0.126253 0.013546 -0.031032
v 0.270922 0.009688 0.079877
v 0.123936 0.003274 0.047808
v 0.286624 0.012758 0.169789
v 0.224915 0.000000 -0.071070
v 0.143568 0.001062 -0.027244
v 0.290586 0.009039 0.035780
v 0.262961 0.000831 -0.045471
v 0.348591 1.831621 0.196954
v 0.342216 1.814925 0.196954
v 0.153745 0.642089 -0.321148
v 0.057758 0.666053 -0.273566
v 0.250867 0.658085 -0.377372
v 0.058783 0.647242 -0.272049
v 0.286134 1.535638 0.027347
v 0.283993 1.556258 -0.039310
v 0.305648 1.483094 0.090382
v 0.283993 1.556258 -0.039310
v 0.068044 0.665220 -0.234553
v 0.033303 0.649153 -0.242358
v 0.066865 0.647821 -0.234637
v -0.043659 0.651122 -0.188139
v 0.332146 0.643684 -0.334163
v 0.152077 0.657938 -0.323435
v 0.195533 0.643884 -0.304945
v 0.252248 0.640870 -0.374472
v 0.350428 1.459984 0.111350
v 0.331496 0.660342 -0.331508
v 0.226707 0.013921 -0.085400
v 0.292840 0.046404 0.035784
v 0.174321 0.014838 -0.074497
v 0.174321 0.014838 -0.074497
v 0.276122 0.011623 -0.063888
v 0.179837 0.001853 -0.065520
v 0.224915 0.000000 -0.071070
v -0.045023 0.663330 -0.189824
v 0.029542 0.660941 -0.245721
v 0.293275 0.009012 -0.002050
v 0.285775 0.025177 -0.012572
v 0.276122 0.011623 -0.063888
v 0.262961 0.000831 -0.045471
v 0.226707 0.013921 -0.085400
v 0.126253 0.013546 -0.031032
v 0.076741 0.030049 0.041038
v 0.295250 0.013589 -0.013605
v 0.286361 0.051464 0.038731
v 0.286361 0.051464 0.038731
v 0.295250 0.013589 -0.013605
v 0.196764 0.661328 -0.301793
v 0.290586 0.009039 0.035780
v 0.110680 0.014211 0.090787
v 0.105301 0.029848 -0.044387
v 0.217623 0.248660 0.150963
v 0.324586 0.265920 0.028876
v 0.311060 0.256135 0.109157
v 0.113924 0.157273 0.148425
v 0.210427 0.196823 0.177861
v 0.258940 0.016424 0.337190
v 0.208814 0.226573 0.176751
v 0.127926 0.017115 0.326494
v 0.290718 0.090792 0.162875
v 0.219312 0.022610 0.367544
v 0.302714 0.206254 0.127172
v 0.166503 0.019931 0.361665
v 0.322702 0.050262 0.117306
v 0.279806 0.011789 0.285635
v 0.279806 0.011789 0.285635
v 0.101611 0.014850 0.279617
v 0.213091 0.176532 0.193141
v 0.311221 0.135880 0.150337
v 0.119062 0.214154 0.136226
v 0.286361 0.051464 0.038731
v 0.336012 0.031391 0.051918
v 0.283976 0.071816 0.129914
v 0.296342 0.025575 -0.089303
v 0.231936 0.029186 -0.118192
v 0.283976 0.071816 0.129914
v 0.273882 0.017109 0.119294
v 0.153934 0.032779 -0.099952
v 0.324836 0.021459 -0.029026
v 0.276668 0.067305 0.091992
v 0.336012 0.031391 0.051918
v 0.101611 0.014850 0.279617
v 0.258940 0.016424 0.337190
v 0.105623 0.093815 -0.045747
v 0.351203 0.084854 0.024616
v 0.105657 0.075738 0.132737
v 0.220280 0.137836 0.194070
v 0.223309 0.295328 0.151629
v 0.137614 0.266279 0.113719
v 0.131858 0.162017 -0.052047
v 0.155595 0.102731 -0.102777
v 0.210342 0.158657 -0.091975
v 0.303270 0.103195 -0.098226
v 0.232622 0.109113 -0.125937
v 0.085943 0.047972 0.105168
v 0.157623 0.122750 0.170156
v 0.144136 0.129706 0.177380
v 0.348984 0.104586 0.100033
v 0.339906 0.166481 0.031349
v 0.351203 0.084854 0.024616
v 0.105657 0.075738 0.132737
v 0.339906 0.166481 0.031349
v 0.230521 0.127409 0.186177
v 0.079404 0.099396 0.026589
v 0.080076 0.110007 0.107404
v 0.110680 0.014211 0.090787
v 0.342318 0.096071 -0.038222
v 0.102531 0.088383 0.140059
v 0.334438 0.987709 0.221508
v 0.290384 1.123302 0.177455
v 0.240926 1.547035 -0.036225
v 0.249050 1.524897 0.030713
v 0.254178 1.202493 0.030443
v 0.247466 1.135947 0.127191
v 0.340511 1.107286 0.202954
v 0.228236 1.012784 0.144070
v 0.333060 1.041507 0.216095
v 0.297212 1.191488 0.155361
v 0.172703 0.948787 0.054723
v 0.257969 1.201340 0.107216
v 0.189221 1.551014 -0.035960
v 0.294226 1.402369 0.130552
v 0.189221 1.551014 -0.035960
v 0.309073 1.533949 -0.104415
v 0.207937 1.521668 0.026524
v 0.279462 1.060526 0.187605
v 0.225003 1.465432 0.068140
v 0.256533 1.475875 0.083963
v 0.240926 1.547035 -0.036225
v 0.209023 1.027285 0.056144
v 0.276036 1.000193 0.191340
v 0.247709 1.148106 0.050081
v 0.232962 1.082896 0.137843
v 0.344529 1.183038 0.182687
v 0.227757 1.102489 0.062620
v 0.254897 0.943242 0.206784
v 0.323392 0.932692 0.243213
v 0.344991 1.399157 0.144334
v 0.206950 0.954208 0.154709
v 0.250358 1.337661 -0.080688
v 0.250850 1.306819 -0.007911
v 0.348584 1.260424 0.160869
v 0.233948 1.393279 0.072831
v 0.316455 0.942996 -0.068401
v 0.325923 1.398478 -0.136747
v 0.318776 1.477586 -0.133392
v 0.267247 1.393129 -0.129766
v 0.244778 1.527728 -0.094392
v 0.172703 0.948787 0.054723
v 0.220317 1.472900 -0.121614
v 0.326580 1.028923 -0.052937
v 0.346284 1.331959 0.152833
v 0.237984 1.344174 0.039285
v 0.254459 1.261787 0.012362
v 0.294172 1.334007 0.133725
v 0.252088 1.393301 0.100488
v 0.277000 1.264712 -0.060300
v 0.245457 1.322610 -0.022956
v 0.250850 1.306819 -0.007911
v 0.259978 1.264817 0.087314
v 0.244961 1.397385 -0.122966
v 0.254459 1.261787 0.012362
v 0.328881 1.328179 -0.117226
v 0.263235 1.319408 -0.090496
v 0.235755 0.944398 -0.033958
v 0.197721 1.530742 -0.087289
v 0.245457 1.322610 -0.022956
v 0.250454 1.324829 0.075469
v 0.298521 1.265093 0.136678
v 0.257898 1.472475 -0.126851
v 0.254178 1.202493 0.030443
v 0.283154 1.156032 -0.010836
v 0.451299 1.547100 0.014534
v 0.285472 1.210298 -0.029795
v 0.441182 1.541120 0.030251
v 0.400080 1.561319 -0.092181
v 0.400080 1.512970 0.054021
v 0.424561 1.561245 0.055225
v 0.400080 1.550698 0.059739
v 0.400080 1.512970 0.054021
v 0.438858 1.567498 0.041056
v 0.441182 1.541120 0.030251
v 0.332739 1.110393 -0.046021
v 0.274930 1.110934 -0.010952
v 0.459192 1.576715 0.010000
v 0.258345 1.029430 -0.019805
v 0.330846 1.270783 -0.094243
v 0.335924 1.214045 -0.064180
v 0.464606 1.562203 -0.059826
v 0.452182 1.565101 -0.070984
v 0.227757 1.102489 0.062620
v 0.247709 1.148106 0.050081
v 0.426307 1.530514 0.047480
v 0.467239 1.576647 -0.023951
v 0.467388 1.584245 -0.073065
v 0.426307 1.530514 0.047480
v 0.451299 1.547100 0.014534
v 0.458612 1.558544 -0.000483
v 0.448319 1.570625 0.032365
v 0.209023 1.027285 0.056144
v 0.335747 1.161325 -0.045657
v 0.433798 1.531228 0.064226
v 0.424034 1.550396 0.111008
v 0.475545 1.608426 0.024172
v 0.411798 1.528639 0.096128
v 0.458805 1.559406 0.015770
v 0.435512 0.649721 0.432210
v 0.454616 1.590400 0.075221
v 0.825383 0.648788 -0.140008
v 0.791518 0.649038 -0.240275
v 0.899059 0.644859 -0.091275
v 0.864037 0.643734 -0.130046
v 0.867993 0.646584 -0.044355
v 0.400080 1.561319 -0.092181
v 0.400080 1.616449 -0.111700
v 0.890109 0.643563 0.169913
v 0.400080 1.476250 0.060330
v 0.478438 1.611142 -0.041521
v 0.464606 1.562203 -0.059826
v 0.711290 0.647299 0.347717
v 0.564060 0.651978 0.416271
v 0.451078 1.615299 -0.095558
v 0.438594 1.574080 0.100323
v 0.447800 1.553019 0.051430
v 0.831035 0.647454 0.185412
v 0.811723 0.644762 0.259185
v 0.847647 0.651117 -0.191754
v 0.919851 0.644050 0.011304
v 0.901798 0.644747 0.101686
v 0.863566 0.640571 0.067899
v 0.400080 1.616449 -0.111700
v 0.452182 1.565101 -0.070984
v 0.901555 0.660171 -0.092663
v 0.867844 0.658856 -0.130314
v 0.863566 0.640571 0.067899
v 0.919851 0.644050 0.011304
v 0.488521 0.500633 0.042773
v 0.567474 0.395120 0.123671
v 0.481752 0.397862 0.031727
v 0.627852 0.397903 0.100074
v 0.821001 0.667508 -0.134530
v 0.867993 0.646584 -0.044355
v 0.825383 0.648788 -0.140008
v 0.869340 0.664447 -0.045998
v 0.899059 0.644859 -0.091275
v 0.847647 0.651117 -0.191754
v 0.923667 0.658236 0.012391
v 0.864037 0.643734 -0.130046
v 0.919851 0.644050 0.011304
v 0.865061 0.655496 0.071218
v 0.901798 0.644747 0.101686
v 0.890109 0.643563 0.169913
v 0.902616 0.660064 0.101034
v 0.436152 0.664145 0.446037
v 0.435512 0.649721 0.432210
v 0.577895 0.402440 -0.045742
v 0.558594 0.497983 0.122587
v 0.923667 0.658236 0.012391
v 0.488521 0.500633 0.042773
v 0.848534 0.663332 -0.193208
v 0.791518 0.649038 -0.240275
v 0.629219 0.410679 -0.015867
v 0.597224 0.501919 0.101587
v 0.738156 0.647135 -0.292745
v 0.734061 0.647821 -0.234637
v 0.732881 0.665220 -0.234553
v 0.793830 0.661045 -0.242549
v 0.502019 0.852920 -0.113212
v 0.606667 1.304335 -0.012414
v 0.400363 0.766165 -0.212022
v 0.528508 0.776981 -0.194865
v 0.498294 0.844834 -0.102174
v 0.400080 0.965826 -0.048720
v 0.446061 0.951255 -0.047045
v 0.513793 0.967801 -0.025257
v 0.400428 0.726240 0.382936
v 0.610558 0.795886 0.271477
v 0.536828 0.733059 0.357851
v 0.515300 0.791630 0.316126
v 0.698271 1.372316 -0.009004
v 0.693403 1.353512 -0.061431
v 0.689004 1.365952 -0.007695
v 0.656678 1.348721 -0.060923
v 0.704386 1.365638 0.008465
v 0.698271 1.372316 -0.009004
v 0.708664 1.367112 -0.021024
v 0.723179 1.305638 0.010833
v 0.686984 1.368276 0.025724
v 0.688226 1.358148 0.044523
v 0.688226 1.358148 0.044523
v 0.706887 1.306416 0.043446
v 0.655623 1.337821 0.061754
v 0.655623 1.337821 0.061754
v 0.655839 1.349963 0.046051
v 0.653642 1.355825 0.049363
v 0.676188 1.351150 0.053000
v 0.578025 0.874586 0.237592
v 0.677910 1.366228 0.022484
v 0.400294 0.858478 0.299923
v 0.626791 1.318089 0.047034
v 0.653642 1.355825 0.049363
v 0.703702 1.365483 0.017881
v 0.604333 1.301162 0.000683
v 0.678468 1.286066 0.061362
v 0.633800 1.334360 0.051057
v 0.599658 1.308342 -0.015102
v 0.619704 1.318580 0.037463
v 0.447496 0.698869 0.059668
v 0.579893 0.697373 0.025409
v 0.524364 0.806175 0.168519
v 0.593106 0.691401 0.068145
v 0.400392 0.788973 0.354241
v 0.672674 0.884468 0.115739
v 0.684972 0.879106 0.047286
v 0.569753 0.955028 0.135028
v 0.468459 0.698797 0.130855
v 0.574214 0.861920 0.137523
v 0.540225 0.738778 0.369071
v 0.400434 0.731484 0.394562
v 0.634299 0.880446 0.184844
v 0.579562 0.629740 0.111643
v 0.400080 0.906019 0.127588
v 0.537483 0.628200 0.142689
v 0.448565 0.967795 0.163026
v 0.709850 1.367868 -0.034640
v 0.593598 0.628233 0.068366
v 0.582443 0.629193 0.026005
v 0.524878 0.767541 -0.184102
v 0.581264 0.970501 0.078883
v 0.577773 0.854355 -0.069690
v 0.557729 0.984694 0.025633
v 0.662205 0.877793 0.112157
v 0.630069 0.872697 -0.020644
v 0.689004 1.365952 -0.007695
v 0.704386 1.365638 0.008465
v 0.689644 1.360560 0.048132
v 0.629881 1.338097 0.053133
v 0.705865 1.368916 0.019178
v 0.709883 1.369132 0.008625
v 0.605393 0.643884 -0.304945
v 0.646082 0.736219 0.306114
v 0.479631 0.653041 0.383814
v 0.686984 1.368276 0.025724
v 0.677910 1.366228 0.022484
v 0.606667 1.304335 -0.012414
v 0.609355 1.307012 0.014360
v 0.430177 1.544778 0.115611
v 0.430503 0.794761 0.067268
v 0.460020 1.550330 0.059441
v 0.433803 1.528683 0.083202
v 0.418291 1.525819 0.098270
v 0.473923 1.571430 0.020850
v 0.639005 1.249104 -0.011713
v 0.606667 1.304335 -0.012414
v 0.599658 1.308342 -0.015102
v 0.458673 1.586735 -0.109477
v 0.481688 1.583924 -0.037026
v 0.400080 1.447666 0.120490
v 0.463662 1.526178 0.055666
v 0.480093 1.553763 0.019322
v 0.483824 1.571206 -0.037037
v 0.847531 0.698911 -0.057517
v 0.860308 0.687718 0.153861
v 0.877252 0.686252 0.015167
v 0.400191 0.838144 -0.114746
v 0.430503 0.794761 0.067268
v 0.437228 1.502516 0.079222
v 0.532869 0.707562 0.158877
v 0.531517 0.791008 -0.012630
v 0.580180 0.797245 0.131098
v 0.581643 0.709941 0.119596
v 0.593752 0.776321 0.075083
v 0.616961 0.802259 0.281551
v 0.687145 0.725647 -0.210197
v 0.518984 0.798107 0.328029
v 0.652060 0.742020 0.315889
v 0.554465 0.712569 -0.276676
v 0.400426 0.706884 -0.290577
v 0.465964 0.791273 -0.004295
v 0.538322 0.700735 -0.009114
v 0.447496 0.698869 0.059668
v 0.480524 0.696816 -0.000443
v 0.877252 0.686252 0.015167
v 0.853288 0.685486 0.085284
v 0.451078 1.615299 -0.095558
v 0.494777 1.605424 -0.040447
v 0.478438 1.611142 -0.041521
v 0.400080 1.605220 -0.151365
v 0.604333 1.301162 0.000683
v 0.637547 0.877971 -0.026651
v 0.684972 0.879106 0.047286
v 0.599658 1.308342 -0.015102
v 0.494777 1.605424 -0.040447
v 0.451867 1.605509 -0.129984
v 0.475545 1.608426 0.024172
v 0.478438 1.611142 -0.041521
v 0.609355 1.307012 0.014360
v 0.615062 1.319121 0.024857
v 0.639005 1.249104 -0.011713
v 0.492295 1.602118 0.023087
v 0.483824 1.571206 -0.037037
v 0.400222 0.846461 -0.126310
v 0.462233 1.573184 -0.108705
v 0.481688 1.583924 -0.037026
v 0.583207 0.860567 -0.078537
v 0.608312 1.308298 -0.035562
v 0.454616 1.590400 0.075221
v 0.438594 1.574080 0.100323
v 0.463370 1.584053 0.074763
v 0.630539 0.782327 -0.142268
v 0.447215 1.568345 0.105864
v 0.608312 1.308298 -0.035562
v 0.581264 0.970501 0.078883
v 0.571272 0.872743 0.020690
v 0.513793 0.967801 -0.025257
v 0.557729 0.984694 0.025633
v 0.448565 0.967795 0.163026
v 0.507687 0.979124 0.164659
v 0.492276 0.860047 0.269308
v 0.400379 0.782674 0.341986
v 0.400080 0.889014 0.061257
v 0.526124 0.868228 -0.015737
v 0.413398 0.875481 0.068885
v 0.593515 0.856307 0.081347
v 0.624955 0.773542 -0.134082
v 0.673856 0.872662 0.048971
v 0.413398 0.875481 0.068885
v 0.400274 0.852120 0.287206
v 0.507687 0.979124 0.164659
v 0.445808 0.878699 0.144356
v 0.400338 0.757040 -0.200988
v 0.446061 0.951255 -0.047045
v 0.400080 0.902779 0.004817
v 0.569753 0.955028 0.135028
v 0.624929 0.874078 0.177563
v 0.400080 0.965826 -0.048720
v 0.450996 0.871253 -0.012072
v 0.571187 0.868493 0.227197
v 0.400092 0.956473 0.163968
v 0.734061 0.647821 -0.234637
v 0.420229 0.636862 -0.391195
v 0.738156 0.647135 -0.292745
v 0.852495 0.678856 0.151232
v 0.466560 0.621930 0.054971
v 0.494791 0.620263 0.008421
v 0.544001 0.627184 -0.004091
v 0.612860 1.301178 -0.077542
v 0.844218 0.688686 -0.056450
v 0.548760 0.640870 -0.374472
v 0.597605 1.289251 -0.046899
v 0.592863 1.290493 -0.031528
v 0.869331 0.677101 0.015093
v 0.592836 1.307299 -0.013833
v 0.844023 0.677827 0.083892
v 0.621122 1.304738 -0.086036
v 0.745422 0.648749 0.266378
v 0.703702 1.365483 0.017881
v 0.621065 0.651288 0.337376
v 0.647466 0.642084 -0.318865
v 0.644800 1.332897 0.068040
v 0.615763 1.309584 0.048232
v 0.656048 1.339521 0.066627
v 0.656749 1.357608 0.056069
v 0.602958 1.308905 -0.060653
v 0.607567 1.316781 0.029505
v 0.624732 1.316312 0.056163
v 0.592836 1.307299 -0.013833
v 0.551749 0.703104 -0.268172
v 0.681386 0.716245 -0.203001
v 0.400417 0.697470 -0.281740
v 0.604233 1.299307 0.020574
v 0.598079 1.293810 0.005286
v 0.473142 0.643684 -0.337044
v 0.645678 1.330348 0.064094
v 0.633800 1.334360 0.051057
v 0.637343 1.333152 0.046598
v 0.611690 1.318768 0.025487
v 0.660133 1.328355 -0.089237
v 0.632442 1.315793 0.041559
v 0.624892 1.305323 -0.082007
v 0.651528 1.323360 -0.090794
v 0.637343 1.333152 0.046598
v 0.662931 1.347259 -0.070808
v 0.624506 1.325414 -0.062248
v 0.660806 1.257714 -0.045569
v 0.624506 1.325414 -0.062248
v 0.615763 1.299661 -0.074898
v 0.605856 1.307520 -0.058539
v 0.615598 1.311880 -0.049719
v 0.683286 1.348269 -0.068960
v 0.703702 1.365053 -0.031688
v 0.681691 1.363684 -0.038118
v 0.597124 1.289692 -0.029646
v 0.601805 1.289731 -0.045767
v 0.703702 1.365053 -0.031688
v 0.691256 1.368221 -0.044868
v 0.645678 1.330348 0.064094
v 0.615598 1.311880 -0.049719
v 0.624892 1.305323 -0.082007
v 0.626791 1.318089 0.047034
v 0.628419 1.346900 -0.067823
v 0.601805 1.289731 -0.045767
v 0.608312 1.308298 -0.035562
v 0.611690 1.318768 0.025487
v 0.693403 1.353512 -0.061431
v 0.400080 1.476250 0.060330
v 0.691256 1.368221 -0.044868
v 0.503821 0.547210 0.018151
v 0.551358 0.583323 -0.007039
v 0.486656 0.543722 0.052912
v 0.500167 0.575347 0.015480
v 0.598924 1.329696 0.021568
v 0.629285 1.353987 0.051803
v 0.683286 1.348269 -0.068960
v 0.424034 1.550396 0.111008
v 0.628353 1.326181 -0.083293
v 0.681691 1.363684 -0.038118
v 0.605856 1.307520 -0.058539
v 0.619704 1.318580 0.037463
v 0.660133 1.328355 -0.089237
v 0.630301 1.323090 -0.080633
v 0.597124 1.289692 -0.029646
v 0.599658 1.308342 -0.015102
v 0.662931 1.347259 -0.070808
v 0.400080 1.484397 0.095295
v 0.572806 1.316776 -0.033117
v 0.656678 1.348721 -0.060923
v 0.615763 1.299661 -0.074898
v 0.632442 1.315793 0.041559
v 0.644800 1.259960 0.035626
v 0.630301 1.323090 -0.080633
v 0.651528 1.323360 -0.090794
v 0.411798 1.528639 0.096128
v 0.589469 1.315103 -0.027521
v 0.412809 1.487040 0.092717
v 0.615062 1.319121 0.024857
v 0.477687 0.575634 0.054982
v 0.708664 1.367112 -0.021024
v 0.690958 1.276325 -0.044691
v 0.502623 0.540394 0.107983
v 0.477687 0.575634 0.054982
v 0.675289 1.385590 0.021601
v 0.486656 0.543722 0.052912
v 0.716220 1.297138 -0.025401
v 0.546579 0.584460 0.132693
v 0.494902 0.578261 0.115087
v 0.589469 1.315103 -0.027521
v 0.679246 1.382290 -0.047749
v 0.607484 1.325204 -0.070742
v 0.684059 1.392202 -0.017972
v 0.496026 0.866383 0.281793
v 0.400092 0.956473 0.163968
v 0.515627 0.890659 0.166499
v 0.655839 1.349963 0.046051
v 0.636344 1.346265 -0.079281
v 0.400080 0.889014 0.061257
v 0.482881 0.620374 0.123211
v 0.579441 0.788453 0.025520
v 0.662832 1.350316 -0.073607
v 0.466560 0.621930 0.054971
v 0.651661 1.372465 0.046946
v 0.657654 1.361482 -0.069876
v 0.676188 1.351150 0.053000
v 0.690815 1.372338 -0.045977
v 0.697498 1.378498 -0.007762
v 0.712676 1.370296 -0.023409
v 0.677816 1.353926 0.056715
v 0.686377 1.352039 -0.074004
v 0.686603 1.371317 0.026475
v 0.649442 1.325905 -0.093609
v 0.695114 1.356437 -0.064886
v 0.658902 1.330640 -0.092450
v 0.457817 0.796108 0.135906
v 0.400080 1.572591 -0.127104
v 0.400080 1.584727 -0.128490
v 0.649037 0.657938 -0.321008
v 0.647466 0.642084 -0.318865
v 0.602003 0.547094 0.062466
v 0.592499 0.552370 0.013317
v 0.587024 0.545179 0.102183
v 0.588111 0.579580 0.017864
v 0.552512 0.543777 0.129967
v 0.581847 0.581843 0.104451
v 0.494512 1.483094 0.090382
v 0.455170 1.399157 0.144334
v 0.491088 1.533949 -0.104415
v 0.400080 1.396071 0.149604
v 0.516167 1.556258 -0.039310
v 0.400080 1.530584 -0.118953
v 0.514026 1.535638 0.027347
v 0.516167 1.556258 -0.039310
v 0.449732 1.459984 0.111350
v 0.473142 0.643684 -0.337044
v 0.615426 0.507388 0.056864
v 0.606529 0.514812 0.000920
v 0.553875 0.553568 -0.010262
v 0.605393 0.643884 -0.304945
v 0.604162 0.661328 -0.301793
v 0.597086 0.582406 0.067074
v 0.738812 0.666204 -0.293949
v 0.473799 0.660342 -0.334395
v 0.548760 0.640870 -0.374472
v 0.550141 0.658085 -0.377372
v 0.453654 1.813854 0.202076
v 0.416099 1.699356 0.233829
v 0.400080 1.615526 -0.132994
v 0.437951 1.629256 -0.117257
v 0.400080 1.615526 -0.132994
v 0.272513 2.056885 0.192202
v 0.297201 2.039157 0.220450
v 0.243437 1.902049 0.185734
v 0.277944 1.949055 0.237389
v 0.440967 1.819343 0.199852
v 0.250231 2.082599 0.138599
v 0.242444 2.012333 0.197495
v 0.197671 1.970966 0.151663
v 0.207810 2.026181 0.146514
v 0.341360 2.047315 0.230186
v 0.218628 1.915889 0.145057
v 0.229346 1.959778 0.201370
v 0.178177 1.913124 0.095151
v 0.204537 1.921717 0.150802
v 0.559234 1.547035 -0.036225
v 0.610939 1.551014 -0.035960
v 0.610939 1.551014 -0.035960
v 0.592223 1.521668 0.026524
v 0.551110 1.524897 0.030713
v 0.559234 1.547035 -0.036225
v 0.400189 0.919394 0.258517
v 0.476955 0.932692 0.243213
v 0.545398 0.943216 0.206768
v 0.575158 1.465432 0.068140
v 0.465770 0.987709 0.221508
v 0.400082 1.027274 0.232182
v 0.467101 1.041507 0.216095
v 0.572404 1.102489 0.062620
v 0.502949 1.191488 0.155361
v 0.627589 0.948787 0.054723
v 0.552694 1.135947 0.127191
v 0.459650 1.107286 0.202954
v 0.400080 1.099934 0.209853
v 0.567199 1.082896 0.137843
v 0.593313 0.954208 0.154709
v 0.520699 1.060526 0.187605
v 0.524151 1.000193 0.191340
v 0.571933 1.012784 0.144070
v 0.552451 1.148106 0.050081
v 0.591113 1.027234 0.056140
v 0.546032 1.818199 0.180181
v 0.538416 1.866295 0.194796
v 0.543620 1.823728 0.183614
v 0.550078 1.847264 0.173635
v 0.318003 2.138913 -0.008507
v 0.195706 2.027301 0.060363
v 0.176196 1.970933 0.101162
v 0.469350 1.851817 0.212555
v 0.435862 1.819801 0.204670
v 0.450551 1.808513 0.205634
v 0.303476 2.043357 -0.223853
v 0.202251 1.896347 -0.186969
v 0.179910 2.045692 -0.100028
v 0.199624 1.856653 0.118586
v 0.172104 1.798041 0.094710
v 0.205322 1.851528 0.119215
v 0.218628 1.915889 0.145057
v 0.196028 1.797015 0.117979
v 0.205322 1.851528 0.119215
v 0.177845 1.858312 0.088219
v 0.317136 2.138736 -0.077697
v 0.241886 2.086463 0.067842
v 0.449038 1.699220 0.218905
v 0.400080 1.690970 0.238636
v 0.447662 1.696722 0.217552
v 0.504378 1.862732 0.206459
v 0.531020 1.860369 0.194206
v 0.537775 1.863573 0.194868
v 0.453314 1.837837 0.205874
v 0.430941 1.699367 0.228050
v 0.448633 1.840501 0.208484
v 0.470997 1.848997 0.210907
v 0.400080 1.696448 0.236379
v 0.416851 1.699963 0.233829
v 0.449878 1.699732 0.218905
v 0.543628 1.475875 0.083963
v 0.555200 1.397385 -0.122966
v 0.549802 1.337661 -0.080688
v 0.561354 1.341088 -0.078497
v 0.572806 1.316776 -0.033117
v 0.505935 1.402369 0.130552
v 0.549311 1.306819 -0.007911
v 0.549802 1.337661 -0.080688
v 0.400111 0.976944 0.232160
v 0.503636 1.869263 0.210333
v 0.542191 1.201340 0.107216
v 0.559430 1.844250 0.165591
v 0.505988 1.334007 0.133725
v 0.552970 1.847003 0.174093
v 0.503859 1.865712 0.210780
v 0.150299 1.985636 -0.104631
v 0.223027 2.040603 -0.173026
v 0.539304 1.827281 0.182704
v 0.177912 2.026247 -0.019164
v 0.291560 2.144228 0.054915
v 0.317346 2.127543 0.074073
v 0.340803 2.163590 0.014796
v 0.343303 2.157557 0.061682
v 0.509776 1.123302 0.177455
v 0.292835 1.900272 -0.246885
v 0.205343 1.973863 -0.190539
v 0.400080 1.253552 0.165494
v 0.540183 1.264817 0.087314
v 0.400080 1.325463 0.157000
v 0.290500 1.973159 -0.245636
v 0.221688 2.093914 -0.009119
v 0.249669 2.088974 -0.143310
v 0.549311 1.306819 -0.007911
v 0.562176 1.344174 0.039285
v 0.554703 1.322610 -0.022956
v 0.548072 1.393301 0.100488
v 0.230638 2.096878 -0.090159
v 0.566212 1.393279 0.072831
v 0.453877 1.331959 0.152833
v 0.451576 1.260424 0.160869
v 0.545983 1.202493 0.030443
v 0.400080 1.177607 0.189553
v 0.545701 1.261787 0.012362
v 0.501639 1.265093 0.136678
v 0.455632 1.183038 0.182687
v 0.549706 1.324829 0.075469
v 0.574550 1.339521 -0.077288
v 0.316010 2.108016 -0.160425
v 0.562425 1.321197 -0.029900
v 0.554703 1.322610 -0.022956
v 0.585043 1.335083 0.033241
v 0.601010 1.456938 0.061390
v 0.572613 1.341259 0.035758
v 0.583050 1.387136 0.068686
v 0.562425 1.321197 -0.029900
v 0.554703 1.322610 -0.022956
v 0.562176 1.344174 0.039285
v 0.523160 1.264712 -0.060300
v 0.536925 1.319408 -0.090496
v 0.545701 1.261787 0.012362
v 0.648470 1.529942 -0.039564
v 0.624279 1.502577 0.022688
v 0.602440 1.530742 -0.087289
v 0.579844 1.472900 -0.121614
v 0.633386 1.506109 -0.087168
v 0.555382 1.527728 -0.094392
v 0.144548 2.097033 0.022755
v 0.151502 2.200000 0.035753
v 0.221688 2.093914 -0.009119
v 0.283585 2.144344 0.011583
v 0.193214 1.817002 0.038865
v 0.169301 1.773357 -0.013652
v 0.159359 1.815247 -0.001246
v 0.184158 1.769374 -0.046075
v 0.349786 1.693350 0.214798
v 0.332112 1.701343 0.216311
v 0.361544 1.689131 0.222062
v 0.332674 1.695593 0.210620
v 0.372540 1.741303 0.234061
v 0.363773 1.709423 0.237703
v 0.213307 2.165433 0.049865
v 0.291560 2.144228 0.054915
v 0.382932 1.711775 0.247456
v 0.361308 1.684958 0.217094
v 0.283585 2.144344 0.011583
v 0.134945 2.172111 0.036376
v 0.212744 2.166421 0.024609
v 0.216982 1.739461 0.050489
v 0.117055 1.827455 -0.138409
v 0.053770 1.829232 -0.063564
v 0.073272 1.739760 -0.089247
v 0.340267 1.698733 0.211752
v 0.109806 1.839233 -0.074987
v 0.221688 2.093914 -0.009119
v 0.134945 2.172111 0.036376
v 0.178001 1.800784 0.063117
v 0.208137 1.774246 0.054167
v 0.346647 1.689954 0.211719
v 0.363355 1.723658 0.236003
v 0.379309 1.679559 0.220599
v 0.283585 2.144344 0.011583
v 0.532913 1.393129 -0.129766
v 0.602434 1.465780 -0.117971
v 0.542263 1.472475 -0.126851
v 0.555200 1.397385 -0.122966
v 0.327356 1.942088 0.256461
v 0.331500 1.940662 0.226774
v 0.708554 0.793020 -0.063193
v 0.320902 1.898421 0.257576
v 0.400080 1.880607 0.236856
v 0.459032 1.894162 0.262228
v 0.417538 1.884536 0.236734
v 0.454975 1.895579 0.231458
v 0.430941 1.699367 0.228050
v 0.431920 1.681281 0.195784
v 0.400080 1.696448 0.236379
v 0.400080 1.684648 0.195812
v 0.368857 1.699367 0.228050
v 0.383420 1.680083 0.195801
v 0.400080 1.737500 0.168745
v 0.417069 1.733482 0.168740
v 0.449038 1.699220 0.218905
v 0.450277 1.683279 0.195762
v 0.367911 1.681281 0.195784
v 0.432620 1.726373 0.168723
v 0.458995 1.698746 0.211752
v 0.459846 1.698716 0.195740
v 0.350336 1.699196 0.218905
v 0.451224 1.712801 0.168696
v 0.340267 1.698733 0.211752
v 0.347712 1.689284 0.134647
v 0.416947 1.668211 0.168740
v 0.382861 1.699263 0.134691
v 0.417256 1.699263 0.134691
v 0.348419 1.712956 0.168696
v 0.367255 1.726373 0.168723
v 0.636797 1.401022 -0.107710
v 0.461098 1.698954 0.168679
v 0.675631 1.437024 0.018637
v 0.564479 0.944398 -0.033958
v 0.627589 0.948787 0.054723
v 0.367697 1.699952 0.228050
v 0.365808 1.694344 0.228172
v 0.383145 1.699963 0.233829
v 0.368857 1.699367 0.228050
v 0.282188 1.923595 0.239527
v 0.556723 1.924030 0.188954
v 0.566796 1.928923 0.204336
v 0.349587 1.699781 0.218905
v 0.383961 1.699356 0.233829
v 0.351712 1.696694 0.217552
v 0.517972 1.924753 0.239527
v 0.505736 1.916738 0.220563
v 0.382623 1.884536 0.236734
v 0.315827 1.805474 0.206966
v 0.341399 1.816750 0.193991
v 0.284164 1.809589 0.200018
v 0.282434 1.802831 0.198687
v 0.286030 1.815522 0.196044
v 0.247190 1.847469 0.174093
v 0.240730 1.843886 0.165591
v 0.559922 1.979362 0.189057
v 0.347650 1.696475 0.134647
v 0.366876 1.698324 0.134675
v 0.366899 1.688097 0.134675
v 0.382896 1.687379 0.134691
v 0.433144 1.698324 0.134675
v 0.382974 1.733482 0.168740
v 0.339504 1.698716 0.195740
v 0.359506 1.587154 -0.105344
v 0.332772 1.584043 -0.073715
v 0.400080 1.697419 0.236379
v 0.332921 1.576568 -0.024107
v 0.400080 1.712608 0.134697
v 0.461098 1.698954 0.168679
v 0.451339 1.673482 0.168696
v 0.432551 1.670187 0.168723
v 0.400080 1.669056 0.168745
v 0.619649 1.451016 -0.114422
v 0.584209 1.393952 -0.117198
v 0.232116 1.716395 0.109467
v 0.209858 1.798190 0.109672
v 0.213291 1.542755 0.101811
v 0.209858 1.798190 0.109672
v 0.231152 1.646241 0.104958
v 0.208383 1.709897 0.157293
v 0.474237 1.398478 -0.136747
v 0.649789 1.485042 0.019785
v 0.400080 1.401867 -0.137509
v 0.215768 1.641681 0.144023
v 0.209944 1.639290 0.041899
v 0.296301 1.866054 0.210780
v 0.329163 1.849024 0.210907
v 0.296524 1.869415 0.210333
v 0.261745 1.867667 0.194796
v 0.327356 1.942088 0.256461
v 0.324607 1.898365 0.228790
v 0.330690 1.941805 0.226552
v 0.341129 1.894162 0.262228
v 0.330810 1.851829 0.212555
v 0.346847 1.837865 0.205874
v 0.381036 1.692702 0.236108
v 0.363339 1.617071 -0.114599
v 0.351527 1.840527 0.208484
v 0.262385 1.865031 0.194868
v 0.364299 1.819801 0.204670
v 0.341129 1.894162 0.262228
v 0.294424 1.915581 0.220563
v 0.345185 1.895587 0.231458
v 0.233364 1.934432 0.204336
v 0.320902 1.898421 0.257576
v 0.324607 1.898365 0.228790
v 0.359193 1.819342 0.199852
v 0.349554 1.808540 0.205634
v 0.346482 1.813839 0.202076
v 0.350336 1.699196 0.218905
v 0.345185 1.895587 0.231458
v 0.243437 1.929583 0.188954
v 0.362208 1.629242 -0.117261
v 0.321710 1.650038 -0.080173
v 0.340767 1.612634 -0.082015
v 0.293630 1.642692 -0.143894
v 0.603323 1.378338 0.068427
v 0.471279 1.328179 -0.117226
v 0.400080 1.335475 -0.120455
v 0.569269 1.396419 -0.120063
v 0.321710 1.650038 -0.080173
v 0.328937 1.604574 -0.022502
v 0.374390 1.589551 0.069896
v 0.372774 1.611146 0.109325
v 0.481385 1.477586 -0.133392
v 0.647659 1.411768 0.060920
v 0.679086 1.430699 -0.072205
v 0.318136 1.623226 0.076508
v 0.194519 1.715628 0.038080
v 0.656716 1.480859 -0.086312
v 0.309050 1.626080 0.034487
v 0.307963 1.634739 -0.017201
v 0.624346 1.443477 0.059187
v 0.692603 1.443498 -0.026869
v 0.341276 1.601744 0.048055
v 0.341006 1.619581 0.096745
v 0.330752 1.603230 0.019912
v 0.675769 1.501832 -0.040668
v 0.352749 1.597422 0.058723
v 0.400080 1.477006 -0.137067
v 0.345941 1.821305 0.174193
v 0.341399 1.814319 0.174209
v 0.315768 1.805933 0.174380
v 0.343656 1.835281 0.174292
v 0.343800 1.947746 0.231972
v 0.292601 1.961044 0.221310
v 0.381780 1.937401 0.237697
v 0.400080 1.878984 0.270783
v 0.260856 1.827900 0.173956
v 0.286030 1.811655 0.174254
v 0.269140 1.862800 0.174215
v 0.327645 1.850051 0.203451
v 0.452211 1.696453 0.134647
v 0.418380 1.937401 0.237697
v 0.345941 1.822043 0.193301
v 0.507559 1.961044 0.221310
v 0.316595 1.798372 0.208026
v 0.260856 1.828797 0.182704
v 0.400080 1.934220 0.238292
v 0.253725 1.846992 0.169645
v 0.343656 1.835252 0.197782
v 0.240239 1.979362 0.189057
v 0.456360 1.947746 0.231972
v 0.295782 1.863753 0.174485
v 0.315768 1.811281 0.201695
v 0.585699 1.988812 0.147528
v 0.214462 1.988812 0.147528
v 0.347720 1.703673 0.134647
v 0.366928 1.708557 0.134675
v 0.452111 1.689300 0.134647
v 0.433110 1.688097 0.134675
v 0.349278 1.707205 0.195762
v 0.339504 1.698716 0.195740
v 0.349587 1.699781 0.218905
v 0.340267 1.698733 0.211752
v 0.462283 1.698573 0.134631
v 0.382873 1.711146 0.134691
v 0.383092 1.719651 0.195801
v 0.383145 1.699963 0.233829
v 0.417215 1.687379 0.134691
v 0.367560 1.715340 0.195784
v 0.400080 1.687689 0.134697
v 0.367697 1.699952 0.228050
v 0.383127 1.668211 0.168740
v 0.367345 1.670187 0.168723
v 0.348321 1.673443 0.168696
v 0.338414 1.698954 0.168679
v 0.459846 1.698716 0.195740
v 0.416921 1.719651 0.195801
v 0.416851 1.699963 0.233829
v 0.340969 1.576715 0.010000
v 0.400080 1.722085 0.195812
v 0.432088 1.699952 0.228050
v 0.450224 1.707111 0.195762
v 0.458995 1.698746 0.211752
v 0.417215 1.711146 0.134691
v 0.433048 1.708557 0.134675
v 0.337472 1.698573 0.134631
v 0.432249 1.715340 0.195784
v 0.449878 1.699732 0.218905
v 0.452106 1.703612 0.134647
v 0.349210 1.683251 0.195762
v 0.525230 1.110934 -0.010952
v 0.473581 1.028923 -0.052937
v 0.572404 1.102489 0.062620
v 0.483753 0.942996 -0.068401
v 0.541816 1.029430 -0.019805
v 0.400080 1.028580 -0.058925
v 0.400099 0.939383 -0.076628
v 0.467421 1.110393 -0.046021
v 0.545983 1.202493 0.030443
v 0.757905 0.799511 0.034987
v 0.737026 0.803907 0.141110
v 0.804389 0.739614 0.147324
v 0.690047 0.801821 0.223231
v 0.822607 0.736320 0.024956
v 0.822607 0.736320 0.024956
v 0.208383 1.709897 0.157293
v 0.194519 1.715628 0.038080
v 0.215768 1.641681 0.144023
v 0.757905 0.799511 0.034987
v 0.777818 0.723142 -0.096488
v 0.163626 1.644408 0.109207
v 0.166345 1.645589 0.070430
v 0.514688 1.210298 -0.029795
v 0.813805 0.728097 0.026261
v 0.702079 0.786163 -0.058154
v 0.464413 1.161325 -0.045657
v 0.591113 1.027234 0.056140
v 0.747687 0.792098 0.036431
v 0.680968 0.795254 0.215644
v 0.400080 1.111248 -0.056999
v 0.172566 1.711143 0.160535
v 0.180589 1.639842 0.147936
v 0.234279 1.739056 0.141552
v 0.168402 2.031458 0.001594
v 0.155300 1.971954 0.017417
v 0.175914 2.018349 0.041730
v 0.166057 2.024647 0.019609
v 0.280134 1.680885 -0.052744
v 0.146033 2.093832 0.052636
v 0.159496 1.724680 0.059895
v 0.209858 1.798190 0.109672
v 0.231863 1.721667 0.025313
v 0.203403 1.534404 0.099744
v 0.744251 0.735506 0.242273
v 0.400080 1.211887 -0.069765
v 0.772110 0.714570 -0.092448
v 0.464236 1.214045 -0.064180
v 0.469314 1.270783 -0.094243
v 0.736034 0.729007 0.234915
v 0.245273 1.720269 -0.027184
v 0.194519 1.715628 0.038080
v 0.231863 1.721667 0.025313
v 0.143738 1.721248 0.109571
v 0.726679 0.797020 0.137368
v 0.400080 1.272241 -0.099774
v 0.400080 1.158698 -0.054339
v 0.795548 0.731916 0.144200
v 0.552451 1.148106 0.050081
v 0.266707 1.673725 0.011069
v 0.245273 1.720269 -0.027184
v 0.280134 1.680885 -0.052744
v 0.517006 1.156032 -0.010836
v 0.168402 2.031458 0.001594
v 0.383961 1.699356 0.233829
v 0.416640 1.680083 0.195801
v 0.371184 1.619309 0.166648
v 0.164151 1.860605 -0.014490
v 0.266309 1.686563 0.150849
v 0.172862 1.915392 0.037546
v 0.416099 1.699356 0.233829
v 0.334482 1.678712 0.204869
v 0.293266 1.671594 0.176715
v 0.291094 1.645919 0.118829
v 0.310708 1.639186 0.145680
v 0.321913 1.657699 0.186904
v 0.342564 1.626712 0.155781
v 0.400080 1.700146 0.134697
v 0.256540 1.825040 0.183614
v 0.269140 1.862001 0.194206
v 0.595623 1.921717 0.150802
v 0.168402 2.031458 0.001594
v 0.295782 1.863209 0.206459
v 0.362208 1.629242 -0.117261
v 0.203403 1.534404 0.099744
v 0.144548 2.097033 0.022755
v 0.209944 1.639290 0.041899
v 0.175914 2.018349 0.041730
v 0.156715 1.915558 -0.016747
v 0.338414 1.698954 0.168679
v 0.254128 1.819235 0.180181
v 0.156751 1.917092 0.014641
v 0.250082 1.847960 0.173635
v 0.327645 1.855291 0.174419
v 0.176212 1.965673 0.047376
v 0.162867 1.977280 -0.020599
v 0.180332 1.860597 0.030294
v 0.164221 1.862443 0.009381
v 0.166057 2.024647 0.019609
v 0.213291 1.542755 0.101811
v 0.244259 1.698396 0.118045
v 0.271997 1.657153 0.085753
v 0.240551 1.785967 0.161670
v 0.265647 1.760676 0.188808
v 0.346007 1.650014 0.191661
v 0.280756 1.795051 0.197357
v 0.292495 1.746390 0.208216
v 0.288061 1.702238 0.195455
v 0.317678 1.692926 0.208915
v 0.257475 1.724105 0.172785
v 0.342860 1.719353 0.229369
v 0.366029 1.748919 0.230363
v 0.345490 1.707326 0.227233
v 0.251716 1.813185 0.176748
v 0.317279 1.734813 0.221929
v 0.375563 1.667565 0.217690
v 0.338867 1.738985 0.227178
v 0.372180 1.642501 0.203925
v 0.352354 1.672908 0.208379
v 0.338163 1.759076 0.224341
v 0.123184 1.853800 -0.039234
v 0.138958 1.910179 -0.121272
v 0.181687 2.146474 0.010667
v 0.212744 2.166421 0.024609
v 0.154245 2.197036 0.055142
v 0.125743 1.917479 -0.075603
v 0.321266 1.711676 0.220224
v 0.317362 1.790489 0.209086
v 0.389233 1.735171 0.241236
v 0.227023 2.100206 0.050163
v 0.340298 1.697053 0.209257
v 0.227023 2.100206 0.050163
v 0.139923 2.169716 0.056566
v 0.151502 2.200000 0.035753
v 0.205002 1.738166 0.017281
v 0.167023 1.696508 -0.103615
v 0.378027 1.682687 0.231571
v 0.131245 1.812930 -0.037162
v 0.384709 1.724083 0.244376
v 0.427405 1.741303 0.234061
v 0.400080 1.709054 0.248593
v 0.581930 2.096464 -0.002965
v 0.417080 1.711775 0.247456
v 0.400080 1.719187 0.244321
v 0.435989 1.709423 0.237703
v 0.071057 1.683302 -0.166933
v -0.012125 1.826496 -0.081127
v 0.722119 1.768540 -0.162390
v 0.723835 1.724561 -0.232583
v 0.618473 2.146474 0.010667
v 0.265872 1.636518 -0.270957
v 0.130253 1.656302 -0.197542
v 0.683106 1.827455 -0.137408
v 0.615833 1.769374 -0.046075
v 0.534257 1.636518 -0.270957
v 0.676663 1.721308 -0.263783
v 0.594999 1.737313 0.016805
v 0.631234 1.773954 -0.013667
v 0.583179 1.739120 0.050347
v 0.622159 1.800784 0.063117
v 0.674417 1.917479 -0.075603
v 0.575014 2.091364 -0.015273
v 0.577133 2.040603 -0.173026
v 0.620250 2.045692 -0.100028
v 0.594817 1.973863 -0.190539
v 0.622248 2.026247 -0.019164
v 0.484150 2.108016 -0.160425
v 0.400080 1.975628 -0.267258
v 0.550492 2.088974 -0.143310
v 0.400080 2.146883 -0.076565
v 0.483024 2.138736 -0.077697
v 0.482814 2.127543 0.074073
v 0.400080 2.153533 -0.007154
v 0.456857 2.157557 0.061682
v 0.569522 2.096878 -0.090159
v 0.400080 2.169280 0.014431
v 0.459357 2.163590 0.014796
v 0.558274 2.086463 0.067842
v 0.482158 2.138913 -0.008507
v 0.400080 2.119049 -0.159167
v 0.509660 1.973159 -0.245636
v 0.400080 2.052999 -0.236371
v 0.400080 1.896309 -0.271042
v 0.597909 1.896347 -0.186969
v 0.496684 2.043357 -0.223853
v 0.508601 2.144228 0.054915
v 0.507326 1.900272 -0.246885
v 0.648658 2.200000 0.035753
v 0.508601 2.144228 0.054915
v 0.516576 2.144344 0.011583
v 0.467138 1.701343 0.216311
v 0.665216 2.172111 0.036376
v 0.645915 2.197036 0.055142
v 0.544896 1.726476 -0.350156
v 0.400080 1.677410 0.221173
v 0.400080 1.730414 0.243648
v 0.421907 1.682657 0.231571
v 0.631900 1.760678 -0.231146
v 0.400080 1.723590 -0.383627
v 0.812285 1.826496 -0.079760
v 0.669882 1.657365 -0.197622
v 0.729091 1.683812 -0.166926
v 0.606946 1.817002 0.038865
v 0.746423 1.829232 -0.061052
v 0.669048 1.813048 -0.037147
v 0.661202 1.910179 -0.121272
v 0.648658 2.200000 0.035753
v 0.660237 2.169716 0.056566
v 0.516576 2.144344 0.011583
v 0.516576 2.144344 0.011583
v 0.458995 1.698746 0.211752
v 0.655612 2.097033 0.022755
v 0.587416 2.166421 0.024609
v 0.665216 2.172111 0.036376
v 0.573138 2.100206 0.050163
v 0.400080 1.679096 0.235700
v 0.573138 2.100206 0.050163
v 0.586853 2.165433 0.049865
v 0.459008 1.697075 0.209257
v 0.437999 1.689141 0.222062
v 0.420593 1.679518 0.220599
v 0.466668 1.695618 0.210620
v 0.400080 2.141402 0.081833
v 0.527648 2.056885 0.192202
v 0.522217 1.949055 0.237389
v 0.517840 2.000892 0.232775
v 0.400080 1.936642 0.274131
v 0.649861 1.985636 -0.104631
v 0.462675 1.940660 0.260371
v 0.400080 1.998695 0.260857
v 0.400080 2.163148 0.063205
v 0.449494 1.693386 0.214798
v 0.604454 2.027301 0.060363
v 0.438053 1.684992 0.217094
v 0.628056 1.798041 0.094710
v 0.410853 1.735171 0.241236
v 0.452709 1.690057 0.211719
v 0.400080 1.763620 -0.323067
v 0.605014 1.826299 -0.195353
v 0.415332 1.724083 0.244376
v 0.788299 1.735345 -0.126831
v 0.726727 1.740316 -0.088505
v 0.592023 1.774111 0.054135
v 0.676977 1.853800 -0.038807
v 0.587416 2.166421 0.024609
v 0.400080 1.826366 -0.280973
v 0.506008 1.832801 -0.257651
v 0.521186 1.770339 -0.297178
v 0.581532 1.915889 0.145057
v 0.600488 1.857275 0.118586
v 0.623965 1.970933 0.101162
v 0.780752 1.756160 -0.145196
v 0.400080 1.620641 -0.266669
v 0.640801 1.815189 -0.001246
v 0.557717 2.012333 0.197495
v 0.570814 1.959778 0.201370
v 0.556723 1.901937 0.185734
v 0.581532 1.915889 0.145057
v 0.690354 1.839233 -0.072994
v 0.592350 2.026181 0.146514
v 0.602489 1.970966 0.151663
v 0.621983 1.913124 0.095151
v 0.595623 1.921717 0.150802
v 0.594370 1.852715 0.119215
v 0.622316 1.858312 0.088219
v 0.604132 1.797015 0.117979
v 0.594370 1.852715 0.119215
v 0.400080 2.048651 0.234381
v 0.458800 2.047315 0.230186
v 0.581930 2.096464 -0.002965
v 0.549929 2.082599 0.138599
v 0.502960 2.039157 0.220450
v 0.400080 2.127477 0.131330
v 0.481186 2.118028 0.127229
v 0.454975 1.851100 0.228238
v 0.467702 1.844207 0.214202
v 0.400080 2.099913 0.180110
v 0.471384 2.095321 0.176114
v 0.443953 1.832276 0.211095
v 0.417538 1.854630 0.233514
v 0.462415 1.999186 0.252037
v 0.400080 1.862341 0.233636
v 0.503412 1.861652 0.209886
v 0.505736 1.876764 0.217343
v 0.400080 1.754494 0.266216
v 0.400080 1.744714 0.262314
v 0.412705 1.747352 0.258572
v 0.425230 1.748048 0.248764
v 0.168399 0.090462 0.351776
v 0.093471 0.195193 0.080469
v 0.219312 0.022610 0.367544
v 0.132949 0.082092 0.325187
v 0.106986 0.077808 0.275333
v 0.293943 0.084621 0.181337
v 0.292757 0.011712 0.224163
v 0.155615 0.115879 0.242530
v 0.291884 0.080517 0.227936
v 0.228006 0.120834 0.253012
v 0.219473 0.094082 0.353242
v 0.115866 0.256570 0.043162
v 0.102315 0.178439 0.022542
v 0.217974 0.327148 -0.059477
v 0.211992 0.256690 -0.071154
v 0.293961 0.177761 -0.071396
v 0.164945 0.111241 0.292458
v 0.094883 0.078760 0.161207
v 0.094497 0.075194 0.206254
v 0.151948 0.121944 0.196239
v 0.235268 0.131179 0.209270
v 0.279831 0.082792 0.285681
v 0.127926 0.017115 0.326494
v 0.133662 0.214928 -0.045245
v 0.155128 0.331835 -0.023779
v 0.170941 0.410679 -0.015867
v 0.214920 0.210039 -0.089885
v 0.149316 0.260462 -0.030185
v 0.230521 0.127409 0.186177
v 0.157623 0.122750 0.170156
v 0.092722 0.015476 0.138737
v 0.088001 0.010796 0.204906
v 0.286624 0.012758 0.169789
v 0.223316 0.110979 0.294140
v 0.260022 0.084668 0.332052
v 0.166503 0.019931 0.361665
v 0.222265 0.402440 -0.045742
v -0.014687 0.994021 0.170023
v -0.026281 1.050856 0.226474
v -0.031246 0.979208 0.186640
v -0.092980 0.992208 0.139331
v 0.109203 1.276325 -0.044691
v -0.074078 1.011940 0.124602
v 0.093274 1.306416 0.043446
v 0.083941 1.297138 -0.025401
v 0.121693 1.286066 0.061362
v 0.155360 1.259960 0.035626
v 0.161156 1.249104 -0.011713
v 0.161156 1.249104 -0.011713
v 0.292904 0.317842 0.100424
v 0.320610 0.324025 0.028102
v 0.290837 0.259127 -0.051921
v 0.288761 0.321039 -0.036202
v 0.324586 0.265920 0.028876
v 0.320610 0.324025 0.028102
v -0.007543 1.030464 0.220049
v 0.008073 1.105196 0.175518
v -0.101507 1.046247 0.198074
v -0.116372 1.017924 0.212103
v -0.057658 0.974483 0.144268
v -0.085019 1.000064 0.134097
v -0.058998 1.069667 0.212849
v -0.087075 1.069721 0.183335
v -0.092838 1.043455 0.143620
v 0.076981 1.305638 0.010833
v 0.139354 1.257714 -0.045569
v 0.152786 0.406135 0.048564
v 0.150919 0.338453 0.106918
v 0.126976 0.334596 0.043295
v 0.225290 0.322828 0.130665
v -0.043380 0.991301 0.134729
v -0.120850 1.007334 0.168818
v -0.107898 1.031044 0.157135
v -0.014687 0.994021 0.170023
v -0.082171 0.917462 0.238476
v -0.137169 0.889433 0.286791
v -0.098575 0.909884 0.213564
v -0.152541 0.873439 0.202800
v -0.130452 0.877138 0.172157
v -0.102284 0.912382 0.316608
v -0.087509 1.022857 0.247207
v -0.045749 1.018474 0.247257
v -0.074058 1.047530 0.229505
v -0.037052 1.033608 0.240743
v -0.152541 0.873439 0.202800
v -0.137169 0.889433 0.286791
v -0.138487 0.863395 0.240226
v -0.157414 0.879090 0.250686
v -0.114343 0.881943 0.278082
v -0.131695 0.871488 0.199637
v -0.145093 0.890571 0.157774
v -0.087739 0.904419 0.278910
v -0.088319 0.926513 0.305824
v -0.016191 0.998459 0.231901
v -0.023001 0.984569 0.176593
v -0.031246 0.979208 0.186640
v -0.137262 0.885818 0.292776
v -0.128106 0.870305 0.240318
v -0.156128 0.880694 0.245238
v -0.057658 0.974483 0.144268
v -0.137319 0.868136 0.195051
v -0.152280 0.871395 0.206683
v -0.111111 0.896921 0.178227
v -0.128350 0.903872 0.158534
v -0.097749 0.895021 0.305150
v -0.013614 1.017209 0.228737
v -0.023001 0.984569 0.176593
v -0.054887 0.979461 0.142883
v -0.124641 0.869077 0.276560
v -0.156128 0.880694 0.245238
v -0.061718 0.944773 0.164621
v -0.061046 0.913664 0.317170
v -0.068760 0.929064 0.304150
v -0.049668 0.901438 0.304371
v -0.055238 0.933259 0.326598
v -0.100182 0.934592 0.150837
v -0.081157 0.923474 0.169974
v -0.016191 0.998459 0.231901
v -0.031246 0.979208 0.186640
v -0.057658 0.974483 0.144268
v -0.069631 0.930569 0.195875
v -0.043364 0.961339 0.191155
v -0.014644 0.933774 0.287130
v -0.030274 0.919106 0.280435
v -0.068513 0.926616 0.303840
v -0.018765 0.956897 0.299238
v -0.068513 0.926616 0.303840
v -0.062465 0.951343 0.311748
v -0.062809 0.918224 0.313292
v -0.014865 0.938066 0.314880
v -0.062809 0.918224 0.313292
v -0.033082 0.944296 0.326296
v -0.068760 0.929064 0.304150
v -0.054783 0.915544 0.286331
v -0.064869 0.914598 0.263230
v -0.051299 0.904833 0.300203
v -0.011867 0.921921 0.302357
v -0.056656 0.934891 0.218364
v -0.034265 0.967920 0.208599
v -0.100182 0.934592 0.150837
v -0.128350 0.903872 0.158534
v -0.014644 0.933774 0.287130
v -0.054929 0.914965 0.288603
v -0.038168 0.962788 0.310093
v -0.011867 0.921921 0.302357
v -0.077976 0.932488 0.302824
v -0.061046 0.913664 0.317170
v -0.025079 0.906966 0.294857
v 0.413038 1.758843 0.260619
v 0.577029 1.865207 0.147761
v 0.400080 1.774703 0.253726
v 0.430756 1.820186 0.209489
v 0.427379 1.762421 0.237267
v 0.577220 1.822618 0.133714
v 0.400080 1.765334 0.263517
v 0.539056 1.869118 0.194725
v 0.549670 1.887771 0.194002
v 0.565891 1.843346 0.157089
v 0.447439 1.802916 0.209191
v 0.400080 1.817540 0.223822
v 0.424833 1.788276 0.226223
v 0.463441 1.728390 0.192157
v 0.414171 1.819880 0.220069
v 0.400080 1.791625 0.237179
v 0.463441 1.707454 0.192157
v 0.446893 1.728390 0.172249
v 0.363228 1.704631 0.218963
v 0.436312 1.704631 0.218949
v 0.363228 1.728390 0.218963
v 0.336099 1.707454 0.192157
v 0.399731 1.704631 0.227788
v 0.372763 1.728390 0.193855
v 0.336099 1.707454 0.192157
v 0.436312 1.728390 0.218949
v 0.363228 1.704631 0.218963
v 0.336099 1.728390 0.192157
v 0.436312 1.704631 0.218949
v 0.352647 1.728390 0.172249
v 0.399731 1.704631 0.227788
v 0.426777 1.713655 0.198848
v 0.336099 1.728390 0.192157
v 0.372763 1.713655 0.198838
v 0.343551 1.683959 0.180882
v 0.367504 1.679307 0.207267
v 0.426777 1.728390 0.193865
v 0.432036 1.702702 0.211406
v 0.399731 1.728390 0.227788
v 0.352647 1.713655 0.177232
v 0.455990 1.704577 0.184518
v 0.367504 1.702705 0.211393
v 0.432036 1.679304 0.207281
v 0.455990 1.683959 0.180882
v 0.455990 1.704577 0.184518
v 0.463441 1.707454 0.192157
v 0.399804 1.677772 0.215972
v 0.399804 1.701170 0.220097
v 0.432036 1.702702 0.211406
v 0.441379 1.701062 0.168743
v 0.455990 1.683959 0.180882
v 0.446893 1.713655 0.177232
v 0.358162 1.701062 0.168743
v 0.343551 1.704577 0.184518
v 0.423617 1.697310 0.190020
v 0.441379 1.687416 0.161277
v 0.367504 1.702705 0.211393
v 0.463441 1.728390 0.192157
v 0.343551 1.683959 0.180882
v 0.358162 1.687416 0.161277
v 0.423617 1.683664 0.182554
v 0.367504 1.702705 0.211393
v 0.343551 1.704577 0.184518
v 0.446893 1.728390 0.172249
v 0.399747 1.695910 0.197962
v 0.375923 1.697308 0.190030
v 0.399804 1.701170 0.220097
v 0.367504 1.679307 0.207267
v 0.399796 1.728390 0.201919
v 0.399796 1.713655 0.206902
v 0.375923 1.683663 0.182564
v 0.399747 1.682264 0.190496
vn -0.761124 -0.166516 0.626868
vn 0.749974 0.002301 -0.661463
vn 0.925035 0.145985 -0.350712
vn 0.826120 -0.563271 0.015844
vn -0.006925 -0.995270 0.096900
vn -0.761124 -0.166516 0.626868
vn 0.135813 0.971595 -0.193801
vn 0.528260 -0.730885 -0.432145
vn 0.972508 -0.129379 -0.193622
vn 0.967084 -0.110890 -0.229024
vn 0.925352 -0.367587 -0.092757
vn 0.458968 -0.596795 -0.658167
vn -0.882469 -0.295001 0.366365
vn 0.332902 -0.654346 0.678976
vn 0.203735 -0.893372 0.400474
vn 0.861681 -0.216863 0.458777
vn -0.882469 -0.295001 0.366365
vn -0.056119 0.899844 -0.432587
vn -0.756996 -0.583681 0.293723
vn 0.082344 0.753334 -0.652462
vn -0.756996 -0.583681 0.293723
vn 0.908269 0.307137 0.284104
vn 0.967084 -0.110890 -0.229024
vn 0.972508 -0.129379 -0.193622
vn 0.900818 -0.313676 -0.300224
vn 0.434593 -0.810083 -0.393566
vn 0.522873 -0.786128 -0.329556
vn 0.234185 0.765937 0.598747
vn 0.836701 0.501650 0.219726
vn 0.085428 -0.124019 0.988596
vn -0.636409 0.108387 0.763699
vn -0.455588 -0.702789 0.546376
vn -0.876563 -0.466666 0.117730
vn 0.268791 0.570483 0.776081
vn -0.544485 0.408396 0.732632
vn 0.031372 -0.530299 0.847230
vn 0.318001 -0.907399 0.274777
vn 0.345190 0.465955 0.814696
vn 0.108621 0.723451 0.681777
vn 0.960492 -0.178285 0.213706
vn 0.763135 0.513040 0.392956
vn -0.345624 -0.860676 -0.373872
vn -0.455588 -0.702789 0.546376
vn -0.293746 0.425954 0.855731
vn -0.876563 -0.466666 0.117730
vn 0.389224 -0.814885 -0.429497
vn 0.925352 -0.367587 -0.092757
vn 0.318001 -0.907399 0.274777
vn 0.756856 -0.048496 0.651780
vn 0.389224 -0.814885 -0.429497
vn -0.176122 0.546176 0.818946
vn -0.094023 0.315306 0.944321
vn 0.817116 -0.496052 -0.293691
vn 0.900818 -0.313676 -0.300224
vn 0.528105 -0.093284 0.844039
vn 0.819074 -0.229957 0.525582
vn 0.095650 -0.149614 0.984107
vn 0.578853 -0.774264 0.255823
vn -0.782691 -0.606945 0.137886
vn 0.734744 -0.517845 0.438164
vn 0.396541 -0.896188 -0.199004
vn -0.166447 -0.595170 0.786173
vn -0.693139 -0.719702 0.039846
vn -0.983409 0.128065 0.128473
vn -0.811702 0.582860 0.037606
vn -0.019770 -0.510603 -0.859589
vn 0.063733 -0.969950 0.234810
vn 0.507528 -0.513032 -0.692253
vn -0.943262 0.269517 0.193950
vn -0.505210 -0.837847 0.206822
vn -0.292783 0.314502 0.902977
vn 0.483233 -0.564483 -0.669212
vn -0.447461 -0.894283 -0.006004
vn 0.418245 -0.842211 -0.340223
vn 0.658747 0.011158 0.752282
vn 0.807536 -0.493647 0.322798
vn 0.298188 -0.791337 -0.533731
vn 0.136475 -0.952466 -0.272364
vn -0.221010 -0.975192 -0.012451
vn -0.874412 -0.405712 0.266086
vn -0.483234 -0.564478 -0.669216
vn -0.955155 -0.231269 0.184917
vn -0.658748 0.011158 0.752281
vn -0.394261 0.024224 0.918679
vn -0.166447 -0.595170 0.786173
vn 0.479959 -0.836508 -0.264374
vn -0.859582 -0.308680 0.407229
vn 0.303556 -0.357585 -0.883169
vn -0.449037 -0.775222 -0.444293
vn -0.656288 -0.411111 -0.632671
vn 0.303556 -0.357585 -0.883169
vn 0.599806 0.245326 0.761609
vn 0.273382 -0.310209 -0.910512
vn 0.292783 0.314507 0.902975
vn -0.658748 0.011158 0.752281
vn -0.382152 0.095499 0.919152
vn -0.394261 0.024224 0.918679
vn -0.087627 -0.819229 0.566733
vn -0.418245 -0.842210 -0.340225
vn -0.819424 -0.188569 0.541281
vn -0.807535 -0.493648 0.322800
vn 0.386322 -0.920152 0.063847
vn 0.983410 0.128063 0.128474
vn 0.447460 -0.894284 -0.006006
vn -0.969250 -0.242334 0.042754
vn 0.475820 -0.391509 -0.787601
vn -0.629471 0.173586 0.757387
vn -0.524807 -0.635169 -0.566690
vn 0.022649 -0.195893 -0.980364
vn 0.834008 0.044581 0.549949
vn -0.852601 -0.298597 -0.428850
vn 0.574798 -0.475172 -0.666197
vn 0.022649 -0.195893 -0.980364
vn 0.879092 0.160548 0.448799
vn -0.519553 0.262238 0.813201
vn 0.939053 0.317594 0.131585
vn 0.318899 0.431802 0.843712
vn 0.980278 0.183154 0.074227
vn 0.338759 0.520499 0.783787
vn -0.519553 0.262238 0.813201
vn 0.698217 -0.330952 -0.634795
vn 0.574798 -0.475172 -0.666197
vn 0.698217 -0.330952 -0.634795
vn -0.960491 -0.178287 0.213705
vn -0.817116 -0.496051 -0.293691
vn -0.585212 -0.738055 -0.335860
vn -0.600926 -0.705038 -0.376577
vn -0.695370 -0.699645 -0.164191
vn -0.668599 -0.600501 -0.438604
vn -0.240529 0.380952 0.892761
vn -0.741689 0.440275 -0.506019
vn -0.694887 -0.228635 0.681805
vn -0.450567 0.409151 0.793464
vn -0.580621 -0.814091 -0.011611
vn -0.486500 -0.846688 -0.215493
vn -0.313033 0.938504 0.145673
vn -0.842635 0.480839 0.242405
vn -0.673671 -0.734970 -0.077372
vn -0.741689 0.440275 -0.506019
vn -0.776003 -0.567491 0.275270
vn -0.578920 -0.810605 -0.088151
vn -0.647390 -0.659877 -0.381377
vn -0.089027 -0.175266 -0.980488
vn -0.528106 -0.093284 0.844039
vn 0.302955 0.685208 0.662350
vn -0.505956 0.200927 0.838831
vn -0.838128 -0.472856 0.271936
vn -0.031372 -0.530300 0.847230
vn -0.528106 -0.093284 0.844039
vn 0.799876 0.062013 0.596952
vn -0.095648 -0.149611 0.984108
vn 0.176123 0.546176 0.818946
vn 0.850843 0.167519 -0.497999
vn 0.105993 0.084998 -0.990727
vn -0.179065 0.037564 -0.983120
vn -0.769840 -0.403976 0.494116
vn 0.912090 0.216889 -0.347922
vn 0.105993 0.084998 -0.990727
vn -0.063525 -0.073279 -0.995286
vn -0.779021 -0.313183 -0.543179
vn -0.928298 -0.183129 -0.323615
vn -0.179065 0.037564 -0.983120
vn -0.167050 -0.309317 0.936172
vn -0.310444 -0.125465 -0.942275
vn 0.763682 0.063803 -0.642433
vn -0.152942 -0.051542 0.986890
vn -0.914138 -0.345462 0.212151
vn -0.029187 -0.110180 -0.993483
vn 0.748225 0.110145 0.654238
vn -0.029187 -0.110180 -0.993483
vn 0.818558 0.130635 -0.559373
vn 0.655803 -0.685173 0.316956
vn 0.768003 -0.282583 -0.574733
vn -0.659084 -0.736456 0.152451
vn -0.187679 -0.269757 -0.944462
vn -0.779846 -0.216026 -0.587514
vn -0.593394 -0.645181 -0.481274
vn -0.343648 0.128345 0.930287
vn -0.313033 0.938504 0.145673
vn -0.876478 -0.323105 0.356915
vn 0.179064 0.037568 -0.983120
vn -0.080093 -0.132885 0.987890
vn 0.179064 0.037568 -0.983120
vn 0.095650 -0.149614 0.984107
vn -0.799875 0.062008 0.596955
vn -0.850845 0.167517 -0.497996
vn 0.928299 -0.183121 -0.323617
vn -0.105993 0.084997 -0.990728
vn -0.105993 0.084997 -0.990728
vn 0.779014 -0.313197 -0.543180
vn 0.769844 -0.403969 0.494114
vn 0.745525 -0.539680 0.391073
vn -0.912092 0.216889 -0.347919
vn -0.852089 0.144869 0.502949
vn -0.080093 -0.132885 0.987890
vn -0.389436 -0.662515 -0.639854
vn 0.063521 -0.073279 -0.995287
vn -0.817108 0.154347 -0.555438
vn -0.757457 0.191253 0.624244
vn -0.038830 -0.067797 -0.996943
vn 0.089027 -0.175265 -0.980488
vn -0.698218 -0.330960 -0.634789
vn -0.939055 0.317587 0.131587
vn 0.828030 -0.404192 -0.388581
vn 0.148115 -0.097935 0.984109
vn 0.197310 -0.225672 -0.954013
vn 0.198515 0.154033 -0.967918
vn 0.198515 0.154033 -0.967918
vn 0.751496 -0.565030 -0.340580
vn -0.170225 -0.266273 -0.948748
vn 0.490847 0.059178 0.869234
vn 0.968307 -0.175675 0.177537
vn 0.788613 -0.310236 -0.530890
vn -0.968887 0.071943 -0.236815
vn -0.593990 0.230067 0.770873
vn 0.490847 0.059178 0.869234
vn 0.193026 -0.768893 -0.609544
vn -0.327238 0.583357 0.743377
vn 0.635465 0.162676 0.754799
vn 0.343651 0.128347 0.930286
vn 0.178559 -0.293570 0.939113
vn -0.038830 -0.067797 -0.996943
vn 0.367438 -0.713775 -0.596250
vn 0.158583 -0.041003 -0.986494
vn -0.391229 -0.080536 -0.916763
vn -0.619657 0.119874 0.775664
vn 0.527034 -0.589422 -0.612223
vn 0.922526 -0.358070 0.143983
vn -0.276570 -0.292940 -0.915257
vn 0.636110 -0.430897 -0.640072
vn 0.821546 -0.386699 0.418957
vn 0.804671 -0.345311 -0.482975
vn -0.373998 -0.894863 0.243609
vn 0.778695 -0.514772 -0.358670
vn -0.373998 -0.894863 0.243609
vn 0.793304 -0.608303 -0.025200
vn -0.695062 -0.698197 -0.171495
vn 0.240530 0.380954 0.892759
vn -0.819424 -0.188569 0.541281
vn -0.139912 -0.852523 0.503616
vn 0.197310 -0.225672 -0.954013
vn -0.611984 0.342593 0.712816
vn 0.955654 -0.227456 0.187053
vn -0.762811 -0.638061 0.104872
vn -0.762811 -0.638061 0.104872
vn 0.856881 -0.190474 0.479035
vn 0.798419 -0.443274 -0.407475
vn -0.677056 -0.721139 -0.146809
vn 0.393328 -0.461066 0.795431
vn -0.008625 -0.155812 0.987749
vn -0.148115 -0.097935 0.984109
vn -0.831447 -0.255687 0.493274
vn 0.475820 -0.391509 -0.787601
vn -0.008625 -0.155812 0.987749
vn -0.755439 -0.537274 -0.375032
vn 0.311040 -0.770913 0.555830
vn -0.629471 0.173586 0.757387
vn 0.068933 -0.893675 -0.443388
vn 0.921729 -0.026293 -0.386942
vn -0.581458 -0.488209 -0.650814
vn 0.178559 -0.293570 0.939113
vn 0.063521 -0.073279 -0.995287
vn 0.779849 -0.216017 -0.587513
vn -0.509888 -0.705620 0.492052
vn 0.914137 -0.345465 0.212152
vn 0.167050 -0.309320 0.936171
vn -0.763684 0.063801 -0.642430
vn -0.167050 -0.309317 0.936172
vn -0.063525 -0.073279 -0.995286
vn 0.852088 0.144876 0.502949
vn 0.884007 -0.058673 0.463776
vn -0.727921 0.147961 0.669506
vn 0.595562 -0.658818 0.459636
vn 0.681775 0.244391 0.689533
vn -0.750282 0.260684 0.607553
vn 0.031997 0.349040 0.936562
vn -0.039205 0.323788 0.945317
vn 0.007016 -0.045182 0.998954
vn -0.670977 -0.708301 0.219314
vn 0.830377 0.095842 -0.548898
vn 0.035109 -0.826503 -0.561836
vn -0.920984 -0.178348 -0.346382
vn -0.901775 -0.202218 0.381980
vn -0.310444 -0.125465 -0.942275
vn -0.152942 -0.051542 0.986890
vn -0.056981 0.428518 0.901735
vn -0.029945 -0.902915 0.428775
vn 0.035109 -0.826503 -0.561836
vn -0.029945 -0.902915 0.428775
vn 0.007016 -0.045182 0.998954
vn -0.591675 -0.766976 0.248330
vn -0.709635 -0.469870 -0.525015
vn 0.709634 -0.469872 -0.525014
vn -0.035113 -0.826503 -0.561836
vn -0.655806 -0.685171 0.316955
vn -0.768005 -0.282584 -0.574731
vn 0.167050 -0.309320 0.936171
vn -0.035113 -0.826503 -0.561836
vn -0.884006 -0.058679 0.463778
vn -0.670977 -0.708301 0.219314
vn 0.029946 -0.902915 0.428775
vn 0.591676 -0.766976 0.248330
vn 0.386322 -0.920152 0.063847
vn -0.250082 -0.521584 0.815726
vn -0.993216 0.111416 -0.033290
vn -0.574278 -0.677836 0.459067
vn -0.597184 0.201184 0.776464
vn 0.802588 -0.356155 0.478546
vn -0.176205 0.356410 0.917564
vn 0.450568 0.409152 0.793463
vn 0.526395 0.239301 0.815870
vn 0.382150 0.095499 0.919152
vn -0.242415 -0.104527 0.964525
vn 0.945143 0.059922 0.321114
vn 0.676821 0.234163 -0.697912
vn -0.047807 0.263736 -0.963410
vn 0.080092 -0.132883 0.987890
vn -0.745530 -0.539673 0.391074
vn -0.178555 -0.293569 0.939114
vn 0.080092 -0.132883 0.987890
vn 0.520813 -0.330248 0.787204
vn 0.174059 0.351748 -0.919770
vn -0.932942 -0.019140 0.359518
vn -0.170225 -0.266273 -0.948748
vn 0.394257 0.024226 0.918681
vn -0.698218 -0.330960 -0.634789
vn 0.519555 0.262241 0.813199
vn -0.338761 0.520500 0.783786
vn 0.658747 0.011158 0.752282
vn -0.539960 -0.427751 -0.724895
vn 0.158583 -0.041003 -0.986494
vn 0.944777 -0.326567 -0.027393
vn -0.870705 0.306376 -0.384717
vn 0.619451 -0.483102 -0.618783
vn -0.574799 -0.475169 -0.666199
vn -0.391229 -0.080536 -0.916763
vn -0.677056 -0.721139 -0.146809
vn -0.742736 -0.658696 -0.120264
vn 0.386322 -0.920152 0.063847
vn 0.578853 -0.774264 0.255823
vn 0.396541 -0.896188 -0.199004
vn 0.734744 -0.517845 0.438164
vn -0.742736 -0.658696 -0.120264
vn 0.578853 -0.774264 0.255823
vn -0.782691 -0.606945 0.137886
vn -0.859582 -0.308680 0.407229
vn -0.020595 -0.815110 -0.578940
vn -0.962244 0.070935 -0.262783
vn -0.273383 -0.310215 -0.910510
vn -0.097219 -0.893493 -0.438427
vn -0.819424 -0.188569 0.541281
vn 0.955154 -0.231272 0.184919
vn 0.858643 -0.464585 0.216547
vn 0.063733 -0.969950 0.234810
vn 0.656286 -0.411115 -0.632671
vn -0.539960 -0.427751 -0.724895
vn -0.292532 -0.903218 -0.314043
vn -0.501360 0.165842 0.849196
vn 0.894237 -0.370796 0.250701
vn 0.847974 -0.529400 0.025991
vn 0.526395 0.239301 0.815870
vn -0.963244 0.250469 -0.097087
vn 0.635465 0.162676 0.754799
vn 0.087624 -0.819228 0.566734
vn -0.303554 -0.357587 -0.883168
vn -0.273383 -0.310215 -0.910510
vn 0.382150 0.095499 0.919152
vn -0.599806 0.245331 0.761607
vn 0.389152 -0.037181 0.920423
vn 0.394257 0.024226 0.918681
vn -0.259202 -0.885390 -0.385873
vn -0.303554 -0.357587 -0.883168
vn 0.389152 -0.037181 0.920423
vn 0.449034 -0.775224 -0.444294
vn -0.993553 0.057899 -0.097474
vn -0.970824 0.212619 -0.110883
vn -0.970824 0.212619 -0.110883
vn 0.734387 -0.678514 0.017182
vn -0.221010 -0.975192 -0.012451
vn -0.097219 -0.893493 -0.438427
vn -0.252183 0.742127 0.621008
vn 0.804853 -0.010142 0.593387
vn 0.651625 0.340062 0.678044
vn -0.791381 -0.609151 -0.051501
vn 0.715642 0.680246 0.158499
vn -0.791381 -0.609151 -0.051501
vn 0.975172 0.217211 -0.043120
vn -0.574799 -0.475169 -0.666199
vn -0.068930 -0.893677 -0.443384
vn 0.126504 -0.655041 0.744928
vn -0.393349 0.461778 0.795008
vn -0.363533 -0.725036 -0.584951
vn 0.339225 -0.365613 -0.866749
vn -0.320394 0.483586 0.814550
vn 0.501361 0.165845 0.849195
vn -0.389153 -0.037183 0.920422
vn -0.658610 -0.735176 -0.160466
vn 0.136475 -0.952466 -0.272364
vn -0.858644 -0.464584 0.216547
vn 0.539958 -0.427743 -0.724901
vn -0.343648 0.128345 0.930287
vn -0.367436 -0.713777 -0.596249
vn -0.635463 0.162672 0.754801
vn 0.963242 0.250476 -0.097092
vn 0.391228 -0.080537 -0.916763
vn 0.259203 -0.885390 -0.385874
vn 0.539958 -0.427743 -0.724901
vn 0.766377 0.594547 0.243271
vn -0.158585 -0.040998 -0.986494
vn 0.870705 0.306376 -0.384717
vn 0.395044 -0.205904 -0.895290
vn 0.391228 -0.080537 -0.916763
vn -0.635463 0.162672 0.754801
vn 0.327237 0.583359 0.743376
vn -0.619447 -0.483107 -0.618783
vn -0.193024 -0.768892 -0.609546
vn 0.797956 0.248962 -0.548894
vn -0.178555 -0.293569 0.939114
vn -0.214425 -0.976495 -0.021892
vn 0.619655 0.119880 0.775665
vn -0.828039 -0.404173 -0.388581
vn 0.955647 -0.226312 0.188472
vn 0.358476 -0.917646 -0.171523
vn -0.847972 -0.529403 0.025992
vn -0.526393 0.239297 0.815872
vn -0.955696 -0.254416 0.148043
vn -0.946456 -0.203633 -0.250508
vn -0.944778 -0.326563 -0.027398
vn -0.946456 -0.203633 -0.250508
vn -0.193384 -0.426586 -0.883531
vn -0.636286 -0.760442 -0.129873
vn -0.193384 -0.426586 -0.883531
vn -0.433138 -0.555838 -0.709532
vn -0.433138 -0.555838 -0.709532
vn -0.775795 -0.576868 -0.255667
vn -0.837259 0.450383 0.310084
vn -0.715225 -0.682751 -0.149348
vn -0.842635 0.480839 0.242405
vn -0.264161 0.385016 0.884297
vn -0.705238 -0.683270 -0.189160
vn -0.715225 -0.682751 -0.149348
vn 0.447215 -0.806976 -0.385732
vn -0.807852 -0.060634 0.586259
vn -0.345189 0.465955 0.814697
vn 0.279894 0.639042 0.716439
vn -0.960491 -0.178287 0.213705
vn 0.345624 -0.860676 -0.373873
vn -0.318001 -0.907399 0.274779
vn -0.900817 -0.313678 -0.300223
vn -0.817116 -0.496051 -0.293691
vn -0.705238 -0.683270 -0.189160
vn -0.756855 -0.048496 0.651781
vn 0.415164 -0.076097 -0.906558
vn 0.876564 -0.466664 0.117728
vn -0.389225 -0.814885 -0.429495
vn 0.876564 -0.466664 0.117728
vn -0.763135 0.513040 0.392957
vn -0.819073 -0.229950 0.525587
vn -0.960491 -0.178287 0.213705
vn 0.636408 0.108390 0.763699
vn -0.389225 -0.814885 -0.429495
vn -0.925353 -0.367585 -0.092755
vn 0.455587 -0.702790 0.546376
vn -0.318001 -0.907399 0.274779
vn -0.234182 0.765938 0.598747
vn -0.458970 -0.596795 -0.658166
vn 0.544482 0.408392 0.732636
vn -0.967085 -0.110893 -0.229017
vn 0.455587 -0.702790 0.546376
vn -0.268793 0.570482 0.776080
vn -0.230799 -0.581867 -0.779848
vn -0.715225 -0.682751 -0.149348
vn -0.908269 0.307133 0.284108
vn -0.433138 -0.555838 -0.709532
vn 0.924469 -0.370457 0.090103
vn -0.187679 -0.269757 -0.944462
vn -0.402887 -0.758756 -0.511831
vn 0.310443 -0.125462 -0.942276
vn -0.748224 0.110148 0.654239
vn 0.310443 -0.125462 -0.942276
vn 0.152942 -0.051539 0.986890
vn 0.029946 -0.902915 0.428775
vn 0.152942 -0.051539 0.986890
vn 0.920984 -0.178350 -0.346380
vn -0.879091 0.160553 0.448801
vn 0.852602 -0.298590 -0.428853
vn -0.818557 0.130642 -0.559372
vn -0.022650 -0.195894 -0.980363
vn 0.029186 -0.110180 -0.993483
vn 0.029186 -0.110180 -0.993483
vn -0.007016 -0.045181 0.998954
vn 0.901777 -0.202211 0.381979
vn 0.938185 -0.291937 0.185960
vn 0.148115 -0.097935 0.984109
vn -0.632410 0.497520 0.593743
vn -0.642088 0.603387 0.472913
vn -0.302954 0.685208 0.662351
vn -0.968313 0.249106 0.017785
vn 0.514188 -0.496629 -0.699264
vn 0.519555 0.262241 0.813199
vn -0.347531 0.603522 0.717624
vn 0.389438 -0.662512 -0.639857
vn -0.898617 0.377598 -0.223400
vn -0.776051 0.411784 -0.477681
vn -0.531603 0.274262 -0.801360
vn -0.901258 0.399996 -0.166549
vn -0.415162 -0.076097 -0.906559
vn -0.311040 -0.770912 0.555831
vn -0.509196 0.107555 -0.853904
vn -0.801894 -0.477244 -0.359451
vn -0.854937 0.432047 -0.287086
vn -0.866612 0.341473 -0.363842
vn -0.259202 -0.885390 -0.385873
vn -0.828775 -0.204110 0.521028
vn 0.778520 -0.616372 -0.118285
vn 0.791995 -0.600205 -0.111795
vn 0.791995 -0.600205 -0.111795
vn -0.847608 0.518988 0.110513
vn -0.456042 0.609391 0.648590
vn -0.796622 0.294207 -0.528050
vn -0.719737 0.429005 0.545833
vn -0.278917 0.630618 0.724242
vn -0.653811 0.130097 -0.745389
vn -0.997824 0.058401 -0.030593
vn 0.112057 0.185291 -0.976274
vn 0.217983 0.307085 -0.926381
vn 0.595562 -0.658818 0.459636
vn -0.700075 0.293836 -0.650811
vn 0.950913 0.285734 0.118831
vn 0.739287 0.203888 -0.641782
vn -0.945259 0.285019 0.158901
vn -0.674850 0.372242 0.637191
vn 0.811529 0.506877 0.290682
vn 0.923006 0.224729 -0.312342
vn -0.842558 0.212151 -0.495063
vn -0.874563 0.302151 0.379268
vn -0.242415 -0.104527 0.964525
vn 0.951311 0.275408 -0.138415
vn -0.925353 -0.367585 -0.092755
vn -0.434592 -0.810084 -0.393565
vn -0.836701 0.501648 0.219728
vn 0.750260 -0.274248 0.601580
vn -0.522872 -0.786126 -0.329560
vn -0.216480 -0.698058 -0.682533
vn 0.924469 -0.370457 0.090103
vn -0.894234 -0.370801 0.250704
vn -0.926207 -0.155480 -0.343462
vn 0.938185 -0.291937 0.185960
vn 0.532404 0.298606 0.792074
vn -0.830377 0.095837 -0.548898
vn -0.007016 -0.045181 0.998954
vn 0.008623 -0.155813 0.987749
vn -0.174198 0.663545 0.727573
vn 0.008623 -0.155813 0.987749
vn -0.834009 0.044581 0.549947
vn 0.831449 -0.255682 0.493274
vn -0.085430 -0.124020 0.988595
vn -0.345189 0.465955 0.814697
vn 0.293748 0.425955 0.855730
vn 0.725612 0.282100 -0.627620
vn -0.993216 0.111416 -0.033290
vn 0.275172 0.931625 0.237391
vn -0.204501 0.943017 0.262486
vn 0.706263 0.432972 0.560115
vn -0.664438 0.469679 0.581313
vn -0.849725 0.435865 0.296629
vn -0.745931 0.246161 0.618863
vn -0.972508 -0.129380 -0.193623
vn -0.967085 -0.110893 -0.229017
vn -0.972508 -0.129380 -0.193623
vn 0.955647 -0.226312 0.188472
vn -0.095234 0.666820 0.739108
vn -0.031372 -0.530300 0.847230
vn 0.731418 0.240626 -0.638064
vn -0.900817 -0.313678 -0.300223
vn 0.750260 -0.274248 0.601580
vn 0.579896 -0.704706 -0.408790
vn 0.737155 0.233103 0.634244
vn -0.926207 -0.155480 -0.343462
vn 0.501402 -0.702104 -0.505615
vn 0.755438 -0.537275 -0.375031
vn -0.475821 -0.391506 -0.787603
vn 0.629468 0.173583 0.757390
vn -0.475821 -0.391506 -0.787603
vn 0.509888 -0.705619 0.492054
vn -0.311040 -0.770912 0.555831
vn -0.068930 -0.893677 -0.443384
vn -0.088561 0.290879 0.952652
vn -0.022650 -0.195894 -0.980363
vn -0.921728 -0.026301 -0.386944
vn 0.393328 -0.461066 0.795431
vn -0.824097 0.491252 0.282021
vn 0.256539 0.636717 0.727172
vn -0.216453 0.665275 0.714533
vn -0.882757 0.438184 0.169512
vn -0.250411 0.945932 0.206170
vn 0.350554 0.924684 0.148566
vn 0.505958 0.200928 0.838829
vn 0.867781 0.483647 0.114204
vn -0.658610 -0.735176 -0.160466
vn -0.693139 -0.719702 0.039846
vn 0.852953 0.502982 -0.139575
vn -0.095648 -0.149611 0.984108
vn -0.108620 0.723451 0.681778
vn 0.094022 0.315307 0.944321
vn 0.319023 -0.253070 0.913334
vn -0.065966 -0.376117 0.924221
vn -0.901602 0.386219 0.194805
vn -0.980278 0.183156 0.074223
vn 0.955699 -0.254410 0.148040
vn -0.784438 0.573621 0.235831
vn 0.969249 -0.242337 0.042759
vn -0.318901 0.431797 0.843714
vn -0.707039 0.533846 0.463793
vn 0.629468 0.173583 0.757390
vn 0.581457 -0.488211 -0.650813
vn -0.597470 -0.118615 0.793070
vn 0.234770 -0.675403 -0.699080
vn -0.434752 -0.316944 -0.842934
vn -0.328849 0.691137 0.643575
vn -0.773845 0.632360 0.035839
vn 0.183852 -0.653918 -0.733887
vn 0.838234 -0.156318 0.522426
vn -0.817541 0.152059 -0.555432
vn -0.826500 0.173122 -0.535656
vn 0.778520 -0.616372 -0.118285
vn -0.855435 0.512890 0.071939
vn -0.600136 0.217852 -0.769660
vn 0.142905 0.316173 0.937877
vn -0.827492 0.206704 -0.522045
vn 0.371316 0.372999 0.850292
vn -0.997824 0.058401 -0.030593
vn 0.678813 -0.121381 0.724209
vn 0.109916 0.205502 -0.972465
vn -0.220628 0.728683 0.648339
vn -0.739600 0.664910 0.104340
vn 0.776226 -0.623589 -0.092794
vn -0.566811 0.313063 -0.762048
vn -0.453622 -0.230931 -0.860754
vn -0.415590 -0.351559 -0.838863
vn -0.805417 0.246749 -0.538904
vn -0.849742 -0.525473 -0.042612
vn -0.454440 0.587836 0.669278
vn -0.183049 -0.025459 0.982774
vn 0.288126 -0.635590 -0.716247
vn 0.826593 -0.561525 -0.037868
vn 0.826593 -0.561525 -0.037868
vn -0.428222 -0.241799 -0.870723
vn 0.856249 -0.143302 0.496288
vn 0.776226 -0.623589 -0.092794
vn 0.217060 -0.658669 -0.720444
vn 0.126504 -0.655041 0.744928
vn 0.087624 -0.819228 0.566734
vn -0.867617 -0.248153 0.430885
vn -0.447461 -0.894283 -0.006004
vn 0.311068 0.510421 0.801690
vn -0.894621 0.426972 -0.131717
vn 0.734387 -0.678514 0.017182
vn 0.714874 -0.660588 -0.229300
vn 0.485906 -0.009327 0.873961
vn -0.451114 -0.891996 0.028973
vn -0.185104 -0.968034 0.169251
vn -0.497967 0.006386 0.867172
vn 0.708369 0.169609 -0.685161
vn -0.185104 -0.968034 0.169251
vn -0.705797 0.674364 0.216988
vn 0.462394 0.181633 -0.867871
vn -0.169317 0.945457 -0.278285
vn -0.307966 0.728112 0.612380
vn 0.103217 0.994650 -0.004259
vn -0.451114 -0.891996 0.028973
vn -0.158858 -0.148511 0.976068
vn 0.623677 0.198402 0.756084
vn 0.749297 0.653462 0.107434
vn -0.705296 -0.708317 0.029050
vn -0.027734 0.524901 -0.850712
vn -0.705296 -0.708317 0.029050
vn 0.942674 0.333714 0.000019
vn 0.135813 0.971595 -0.193801
vn 0.442465 0.010804 -0.896721
vn 0.405083 0.912981 -0.048723
vn 0.062754 -0.666431 -0.742921
vn -0.761124 -0.166516 0.626868
vn -0.006925 -0.995270 0.096900
vn -0.655765 -0.737996 -0.159165
vn -0.260619 -0.281364 0.923532
vn -0.036102 -0.483441 0.874632
vn -0.890657 -0.453986 -0.025056
vn 0.528260 -0.730885 -0.432145
vn 0.462962 -0.272027 -0.843604
vn 0.270568 -0.474448 -0.837671
vn -0.042887 0.501566 -0.864056
vn 0.042811 -0.501556 -0.864065
vn 0.340125 0.796053 -0.500615
vn -0.185879 -0.514843 -0.836891
vn -0.409268 -0.349867 -0.842670
vn 0.444990 0.884841 0.137986
vn 0.008571 -0.916070 0.400927
vn -0.931014 -0.215197 0.294794
vn 0.360335 -0.684996 0.633197
vn 0.962401 0.072693 -0.261726
vn 0.187658 0.550700 0.813335
vn 0.188845 0.312291 -0.931027
vn 0.118051 -0.407203 0.905677
vn 0.482335 0.875987 0.000020
vn -0.761124 -0.166516 0.626868
vn 0.409291 0.349859 -0.842663
vn -0.325951 -0.938724 -0.112046
vn -0.260619 -0.281364 0.923532
vn -0.226492 0.750101 -0.621329
vn 0.557905 0.050087 -0.828392
vn -0.270549 0.474477 -0.837660
vn 0.897099 0.080333 -0.434465
vn 0.626106 -0.779738 0.000021
vn -0.792903 0.005989 0.609319
vn 0.360335 -0.684996 0.633197
vn -0.036102 -0.483441 0.874632
vn 0.833183 0.527242 -0.166797
vn -0.879526 0.406520 -0.247336
vn 0.008571 -0.916070 0.400927
vn 0.749974 0.002301 -0.661463
vn 0.686469 0.518653 -0.509666
vn 0.934411 -0.356196 0.000021
vn -0.528919 -0.163085 0.832856
vn 0.185901 0.514846 -0.836884
vn -0.528919 -0.163085 0.832856
vn -0.176647 0.437806 -0.881545
vn -0.462962 0.272062 -0.843593
vn 0.996018 0.089154 0.000021
vn 0.766172 -0.389789 -0.510926
vn 0.663789 0.746824 -0.040467
vn -0.422770 -0.390390 -0.817840
vn -0.000006 0.000013 -1.000000
vn 0.096575 0.172011 -0.980350
vn -0.774029 0.009621 -0.633077
vn -0.557947 -0.050059 -0.828365
vn 0.856997 0.515322 0.000021
vn 0.298188 -0.791337 -0.533731
vn -0.292532 -0.903218 -0.314043
vn -0.505210 -0.837847 0.206822
vn 0.714874 -0.660588 -0.229300
vn -0.020595 -0.815110 -0.578940
vn 0.479959 -0.836508 -0.264374
vn -0.839820 -0.066737 0.538747
vn 0.784438 0.573622 0.235830
vn 0.248339 0.712615 0.656131
vn 0.866611 0.341473 -0.363842
vn 0.823103 0.320759 -0.468631
vn -0.389153 -0.037183 0.920422
vn 0.593990 0.230070 0.770872
vn -0.788614 -0.310230 -0.530891
vn 0.273382 -0.310209 -0.910512
vn 0.170225 -0.266270 -0.948748
vn 0.962244 0.070934 -0.262783
vn -0.968309 -0.175671 0.177533
vn 0.170225 -0.266270 -0.948748
vn -0.490849 0.059178 0.869233
vn -0.126502 -0.655041 0.744929
vn 0.968888 0.071941 -0.236814
vn 0.993552 0.057905 -0.097475
vn -0.490849 0.059178 0.869233
vn 0.038830 -0.067797 -0.996943
vn -0.387344 0.349390 -0.853166
vn -0.197314 -0.225673 -0.954012
vn -0.089027 -0.175266 -0.980488
vn -0.158585 -0.040998 -0.986494
vn 0.038830 -0.067797 -0.996943
vn 0.817109 0.154343 -0.555438
vn 0.757460 0.191245 0.624244
vn -0.148115 -0.097935 0.984109
vn -0.240529 0.380952 0.892761
vn -0.387344 0.349390 -0.853166
vn -0.822567 -0.431177 -0.370770
vn -0.856883 -0.190473 0.479032
vn -0.197314 -0.225673 -0.954012
vn 0.616675 0.147121 -0.773348
vn -0.000001 1.000000 0.000000
vn 0.566681 0.458481 -0.684593
vn -0.567303 0.458908 -0.683792
vn 0.686715 0.150911 -0.711090
vn 0.986476 0.050962 -0.155781
vn -0.764402 -0.590249 -0.259414
vn -0.623744 0.312959 -0.716240
vn -0.780234 -0.618697 -0.091918
vn -0.720733 -0.080273 0.688549
vn 0.797899 -0.513625 -0.315511
vn -0.664612 -0.730581 -0.156660
vn -0.546374 -0.786019 0.289224
vn 0.314967 -0.652659 0.689081
vn 0.567260 -0.107953 0.816433
vn -0.880023 0.330435 0.341134
vn -0.424621 0.335165 0.841048
vn 0.567260 -0.107953 0.816433
vn 0.039087 0.982186 0.183803
vn -0.944150 0.045602 -0.326347
vn 0.255727 0.244840 -0.935231
vn 0.071667 0.436301 -0.896942
vn -0.874083 -0.347047 -0.339907
vn 0.071667 0.436301 -0.896942
vn 0.255727 0.244840 -0.935231
vn -0.307603 0.126716 -0.943039
vn -0.874083 -0.347047 -0.339907
vn -0.944150 0.045602 -0.326347
vn 0.818441 0.226310 0.528147
vn 0.271436 0.887690 0.371925
vn 0.793495 -0.250171 0.554780
vn 0.004944 0.677300 0.735690
vn 0.502981 -0.556433 -0.661357
vn 0.360081 0.929858 0.075540
vn 0.829476 0.558331 -0.015337
vn -0.307603 0.126716 -0.943039
vn -0.480183 0.529649 -0.699210
vn 0.231196 0.116135 -0.965951
vn 0.509306 -0.185124 -0.840438
vn -0.646943 0.293599 -0.703750
vn 0.181151 -0.735190 0.653208
vn 0.689792 -0.431267 0.581546
vn 0.181151 -0.735190 0.653208
vn 0.000018 0.904480 -0.426516
vn 0.001946 0.904104 -0.427309
vn -0.000007 0.749120 0.662434
vn -0.066357 0.694211 0.716706
vn -0.579214 0.807730 0.109930
vn -0.566815 -0.104601 0.817178
vn 0.756515 0.451022 0.473566
vn 0.685197 0.502932 0.526844
vn -0.274761 -0.173379 0.945752
vn 0.271436 0.887690 0.371925
vn 0.632384 0.583603 0.509409
vn 0.119783 -0.905375 0.407367
vn -0.321885 -0.060006 0.944875
vn -0.008901 0.128996 0.991605
vn 0.151641 0.020009 0.988233
vn -0.000000 0.007594 0.999971
vn 0.757595 -0.373677 0.535177
vn 0.218424 -0.890042 -0.400144
vn -0.045285 0.311080 0.949304
vn -0.531805 -0.835269 -0.139674
vn 0.497040 0.214056 -0.840911
vn -0.000000 -0.818837 0.574025
vn 0.042454 0.437521 0.898206
vn -0.844874 0.358478 -0.397092
vn -0.000007 0.749120 0.662434
vn -0.227200 0.875757 -0.425945
vn -0.678158 0.691132 0.249875
vn -0.395839 0.066121 0.915936
vn -0.223561 -0.487628 0.843943
vn 0.968465 -0.187057 0.164577
vn 0.955706 -0.120591 0.268484
vn -0.232656 -0.561799 0.793885
vn 0.969281 -0.177669 0.170083
vn -0.466199 0.767905 0.439296
vn -0.008528 0.933389 -0.358764
vn -0.847082 -0.426010 -0.317755
vn 0.441553 0.792969 0.419798
vn -0.000002 0.072893 0.997340
vn 0.683427 -0.013611 0.729892
vn 0.799161 -0.505580 0.325163
vn 0.342343 0.705708 -0.620305
vn -0.009580 -0.998280 0.057832
vn -0.000012 0.011604 0.999933
vn 0.000000 -0.996967 0.077828
vn -0.216253 0.397074 0.891946
vn 0.336308 -0.556127 -0.760013
vn -0.476047 -0.119264 -0.871295
vn -0.122914 -0.572696 -0.810501
vn -0.555990 0.410252 0.722889
vn -0.129149 -0.984020 -0.122576
vn -0.883695 -0.388080 -0.261682
vn -0.109919 0.971694 0.209116
vn -0.035079 0.520377 0.853216
vn -0.956964 -0.198280 0.211907
vn -0.851695 -0.480590 -0.208922
vn 0.985314 0.153873 0.074019
vn 0.726080 -0.655962 0.206208
vn 0.668598 -0.258094 -0.697398
vn 0.390721 -0.893753 -0.220323
vn 0.015873 0.722974 -0.690692
vn 0.400608 0.435394 -0.806192
vn -0.658491 -0.710482 -0.248205
vn -0.744773 -0.605349 0.280832
vn 0.278075 0.955163 0.101681
vn -0.518462 0.448017 -0.728339
vn -0.842416 0.508089 -0.179392
vn 0.018604 0.954841 -0.296533
vn -0.011928 0.739233 -0.673345
vn -0.210443 0.572690 -0.792300
vn -0.049709 0.128520 -0.990460
vn 0.510542 0.194985 0.837453
vn 0.085413 0.385691 0.918666
vn -0.561488 0.311014 0.766813
vn 0.070249 0.859946 0.505528
vn -0.211448 0.654509 -0.725884
vn 0.986476 0.050962 -0.155781
vn 0.723548 0.048754 0.688550
vn 0.524655 0.564905 -0.636883
vn -0.338978 0.939749 0.044336
vn 0.602952 0.646215 0.467819
vn 0.211450 0.654509 -0.725883
vn -0.584553 0.115463 0.803098
vn 0.609797 -0.440232 0.659048
vn -0.015872 0.722976 -0.690691
vn -0.170147 0.538332 0.825378
vn -0.520244 -0.278806 0.807226
vn 0.095668 -0.034500 0.994815
vn 0.424753 -0.438252 0.792161
vn -0.129149 -0.984020 -0.122576
vn -0.524857 0.615630 -0.587813
vn 0.242009 0.271496 0.931516
vn 0.390721 -0.893753 -0.220323
vn -0.838234 -0.156317 0.522426
vn 0.479089 0.476703 0.737040
vn -0.757908 0.629221 0.172212
vn 0.923071 -0.363577 -0.125505
vn 0.336308 -0.556127 -0.760013
vn 0.615291 -0.263968 -0.742790
vn 0.162805 0.514452 0.841923
vn 0.668598 -0.258094 -0.697398
vn 0.400608 0.435394 -0.806192
vn 0.030899 0.132627 -0.990684
vn 0.971065 0.172972 0.164660
vn -0.002212 -0.992313 -0.123730
vn -0.046939 0.577509 0.815034
vn -0.935190 -0.343480 -0.086255
vn 0.477133 0.672369 0.565919
vn -0.695076 -0.071144 0.715407
vn -0.602376 0.485889 0.633289
vn -0.935190 -0.343480 -0.086255
vn -0.604076 -0.300488 -0.738106
vn -0.934738 0.355330 -0.002492
vn -0.784075 0.620666 0.000018
vn -0.002212 -0.992313 -0.123730
vn 0.558740 0.586226 0.586643
vn -0.596408 0.478515 0.644454
vn 0.803386 0.595406 0.007898
vn 0.091879 0.608386 0.788305
vn -0.000001 -0.604861 -0.796331
vn 0.925528 -0.364391 -0.103038
vn 0.620991 0.494709 0.607974
vn -0.000003 -0.004463 -0.999990
vn 0.000002 -0.625300 0.780384
vn -0.000001 1.000000 0.000000
vn 0.785117 0.619347 -0.000018
vn 0.682467 -0.143005 0.716790
vn 0.922068 0.386989 -0.005468
vn 0.922068 0.386989 -0.005468
vn -0.614576 -0.006165 0.788834
vn -0.627476 -0.406280 0.664237
vn 0.060373 -0.949332 -0.308423
vn 0.003559 0.024614 0.999691
vn 0.540335 -0.279758 -0.793583
vn -0.004878 -0.440746 -0.897619
vn -0.210443 0.572690 -0.792300
vn 0.206075 0.968749 0.138056
vn -0.795848 0.599795 0.082898
vn -0.999577 0.023043 -0.017758
vn -0.557343 -0.281966 -0.780938
vn -0.639449 0.078451 -0.764821
vn -0.616479 0.462961 -0.636884
vn 0.105597 0.600924 -0.792300
vn -0.537023 0.101400 0.837451
vn -0.152428 0.364444 0.918665
vn 0.554832 0.217251 0.803097
vn -0.007865 0.023593 0.999691
vn 0.605941 0.102872 0.788830
vn 0.026141 0.135296 -0.990460
vn -0.702587 0.026797 -0.711093
vn -0.780234 -0.618697 -0.091918
vn -0.482187 -0.371107 -0.793584
vn 0.108859 -0.945000 -0.308423
vn -0.521733 -0.717128 0.462085
vn -0.134417 -0.302413 0.943652
vn -0.350703 0.080896 0.932986
vn -0.225604 0.304368 0.925453
vn -0.251238 0.102846 0.962446
vn -0.453632 0.239143 0.858504
vn -0.000247 -0.587059 0.809544
vn 0.408200 -0.708192 0.576053
vn 0.827170 -0.548088 0.124050
vn 0.703956 -0.689355 -0.170984
vn 0.565649 -0.692933 0.447084
vn 0.953751 -0.293146 -0.066523
vn 0.610795 -0.688020 -0.391863
vn 0.852935 -0.160449 -0.496748
vn 0.603307 -0.240337 -0.760434
vn 0.302965 0.041717 0.952088
vn 0.029933 -0.993907 0.106079
vn 0.549075 -0.186428 0.814715
vn -0.232053 -0.383089 0.894088
vn 0.000774 -0.995070 0.099173
vn 0.246579 -0.947454 0.203789
vn -0.000993 -0.950730 0.310018
vn 0.703956 -0.689355 -0.170984
vn 0.277850 -0.924782 0.259956
vn 0.680396 -0.732795 0.008565
vn 0.763735 -0.622457 -0.171044
vn 0.665669 -0.736745 -0.118712
vn 0.298986 -0.063792 -0.952123
vn -0.810409 -0.471552 0.347672
vn 0.682506 -0.678633 0.271374
vn 0.217481 -0.004821 0.976053
vn -0.289991 0.917066 0.273669
vn -0.227416 0.790579 0.568565
vn -0.405233 -0.207627 0.890324
vn -0.500916 -0.817986 -0.282812
vn -0.523332 -0.833046 -0.179326
vn -0.066357 0.694211 0.716706
vn -0.071470 0.925790 -0.371220
vn 0.819240 0.545977 0.175372
vn -0.641780 0.541047 0.543494
vn 0.962190 0.005360 0.272328
vn -0.262896 -0.502160 0.823846
vn 0.904411 -0.288733 0.314124
vn -0.313935 -0.653437 0.688814
vn 0.030620 -0.998964 0.033671
vn 0.038542 -0.483304 0.874604
vn 0.038542 -0.483304 0.874604
vn 0.689792 -0.431267 0.581546
vn 0.000000 0.385113 0.922869
vn -0.794680 -0.440183 -0.417998
vn 0.083484 0.274281 0.958019
vn -0.827667 -0.390796 -0.402798
vn -0.000039 -0.031970 0.999489
vn -0.781944 -0.532790 -0.323572
vn 0.542437 -0.794682 0.272474
vn -0.517602 0.831572 -0.201436
vn -0.959618 0.250207 -0.128569
vn 0.412816 0.743096 -0.526679
vn -0.771551 0.201894 0.603281
vn -0.967580 0.109377 -0.227654
vn 0.250071 0.654238 -0.713749
vn -0.227179 -0.349367 0.909028
vn -0.976117 0.064026 -0.207596
vn 0.236969 0.433266 -0.869555
vn 0.966852 -0.086036 0.240406
vn -0.781944 -0.532790 -0.323572
vn -0.851489 -0.468420 0.235688
vn 0.664223 -0.731152 -0.155642
vn 0.596105 -0.608432 -0.523899
vn 0.495629 0.867214 -0.047868
vn -0.309677 -0.943272 -0.119744
vn 0.542437 -0.794682 0.272474
vn 0.709914 -0.593247 0.379578
vn -0.000000 -0.818837 0.574025
vn 0.683427 -0.013611 0.729892
vn -0.974085 0.178244 -0.139242
vn 0.236969 0.433266 -0.869555
vn -0.947107 -0.079146 -0.311006
vn 0.282422 0.240123 -0.928751
vn -0.581816 0.278908 0.764003
vn -0.754487 -0.319500 0.573297
vn -0.451797 -0.474389 0.755535
vn 0.402901 -0.882402 0.242977
vn 0.525194 -0.833782 0.170234
vn -0.689935 -0.176464 0.702033
vn -0.810409 -0.471552 0.347672
vn 0.727761 -0.617092 -0.299270
vn 0.872950 -0.087182 -0.479955
vn 0.672436 -0.730388 0.119848
vn 0.600389 -0.795327 0.083596
vn 0.680085 0.174726 -0.712008
vn 0.867548 -0.188651 0.460187
vn 0.650206 -0.757225 0.061990
vn 0.811172 -0.493512 0.313761
vn 0.427407 -0.587010 0.687563
vn -0.367853 -0.080888 0.926359
vn 0.776033 -0.273811 0.568155
vn 0.068365 0.854622 0.514730
vn 0.597999 -0.436116 -0.672458
vn 0.019216 -0.522139 -0.852644
vn -0.573139 0.011707 0.819375
vn -0.411179 -0.041165 0.910625
vn -0.640933 -0.112842 0.759257
vn -0.769957 0.373142 0.517621
vn 0.817982 -0.253471 -0.516389
vn 0.665669 -0.736745 -0.118712
vn 0.298986 -0.063792 -0.952123
vn 0.298986 -0.063792 -0.952123
vn -0.472494 0.141400 0.869917
vn -0.386454 -0.285013 -0.877166
vn 0.977471 0.097705 0.187095
vn 0.754093 -0.451026 -0.477409
vn 0.585573 0.078350 0.806824
vn -0.689935 -0.176464 0.702033
vn 0.217481 -0.004821 0.976053
vn 0.266399 -0.328999 0.905975
vn 0.217481 -0.004821 0.976053
vn -0.995754 -0.036768 -0.084392
vn -0.472494 0.141400 0.869917
vn -0.991728 0.102376 0.077432
vn -0.798091 -0.112859 0.591872
vn -0.830518 -0.113357 0.545335
vn -0.485638 0.368575 0.792659
vn -0.805279 -0.152153 0.573041
vn -0.636207 -0.223257 0.738510
vn -0.276702 0.404023 0.871895
vn 0.939033 -0.272936 0.209101
vn -0.386454 -0.285013 -0.877166
vn -0.111116 0.817126 -0.565649
vn 0.252182 0.742127 0.621009
vn 0.354573 -0.683625 0.637915
vn -0.791994 -0.600206 -0.111795
vn -0.143398 -0.753845 0.641214
vn 0.328849 0.691136 0.643575
vn 0.773844 0.632361 0.035839
vn -0.234769 -0.675403 -0.699081
vn 0.811703 0.582859 0.037606
vn -0.804853 -0.010142 0.593388
vn -0.791994 -0.600206 -0.111795
vn 0.331800 0.262122 0.906201
vn 0.625648 0.358181 0.693015
vn 0.418533 0.250446 0.872987
vn 0.660370 0.174780 0.730317
vn -0.847307 -0.516353 -0.124302
vn 0.477110 -0.675642 -0.562028
vn -0.183851 -0.653918 -0.733887
vn -0.778520 -0.616372 -0.118285
vn 0.817540 0.152060 -0.555433
vn -0.826593 -0.561525 -0.037868
vn -0.778520 -0.616372 -0.118285
vn -0.288125 -0.635590 -0.716247
vn 0.826500 0.173121 -0.535656
vn 0.855435 0.512889 0.071938
vn -0.962820 0.080561 0.257852
vn 0.279097 -0.078192 0.957074
vn 0.431265 -0.035266 0.901536
vn 0.316348 0.593718 0.739881
vn 0.477110 -0.675642 -0.562028
vn 0.434752 -0.316944 -0.842934
vn -0.045167 0.553909 0.831352
vn 0.415590 -0.351558 -0.838863
vn 0.455260 0.023470 0.890049
vn 0.454441 0.587835 0.669278
vn 0.709914 -0.593247 0.379578
vn -0.851489 -0.468420 0.235688
vn -0.514192 -0.496621 -0.699267
vn -0.636114 -0.430890 -0.640073
vn -0.505956 0.200927 0.838831
vn -0.727730 -0.503427 -0.465802
vn -0.566815 -0.104601 0.817178
vn 0.898616 0.377598 -0.223403
vn 0.347532 0.603522 0.717623
vn 0.456042 0.609390 0.648591
vn 0.415367 -0.068766 0.907051
vn 0.633193 0.133063 0.762471
vn -0.156589 -0.898665 -0.409733
vn 0.697327 0.273695 0.662439
vn -0.526393 0.239297 0.815872
vn 0.489991 0.168647 0.855258
vn -0.973329 0.107065 -0.202899
vn 0.270934 0.131827 0.953529
vn 0.442737 -0.802302 0.400371
vn 0.406931 0.109714 -0.906846
vn 0.842557 0.212153 -0.495064
vn 0.674849 0.372238 0.637196
vn 0.632408 0.497522 0.593744
vn 0.796622 0.294208 -0.528048
vn -0.888293 0.238814 -0.392305
vn 0.234304 0.480608 -0.845055
vn 0.278917 0.630618 0.724242
vn 0.776048 0.411787 -0.477682
vn -0.974085 0.178244 -0.139242
vn 0.719735 0.429005 0.545835
vn 0.874564 0.302152 0.379266
vn -0.206320 -0.932592 -0.296150
vn 0.175485 -0.808888 0.561164
vn 0.237526 0.422108 -0.874875
vn -0.947107 -0.079146 -0.311006
vn 0.282422 0.240123 -0.928751
vn 0.302955 0.685208 0.662350
vn 0.642088 0.603387 0.472913
vn 0.945258 0.285022 0.158901
vn 0.707040 0.533847 0.463792
vn -0.886700 -0.229660 -0.401273
vn -0.227200 0.875757 -0.425945
vn 0.229307 0.011015 0.973292
vn -0.016643 -0.903039 -0.429236
vn 0.178022 -0.019543 -0.983832
vn -0.719648 0.207214 -0.662699
vn 0.901602 0.386219 0.194805
vn 0.784438 0.573622 0.235830
vn 0.847608 0.518988 0.110512
vn -0.794680 -0.440183 -0.417998
vn 0.613456 -0.762364 -0.206088
vn 0.968312 0.249110 0.017785
vn 0.700074 0.293839 -0.650811
vn -0.648112 0.103138 -0.754529
vn 0.079247 0.306652 -0.948517
vn 0.531603 0.274262 -0.801360
vn 0.613456 -0.762364 -0.206088
vn 0.596105 -0.608432 -0.523899
vn 0.388672 -0.385390 -0.836905
vn -0.922528 -0.358067 0.143980
vn -0.955654 -0.227458 0.187053
vn -0.382152 0.095499 0.919152
vn 0.178022 -0.019543 -0.983832
vn -0.450567 0.409151 0.793464
vn -0.886700 -0.229660 -0.401273
vn -0.976117 0.064026 -0.207596
vn 0.237526 0.422108 -0.874875
vn -0.527033 -0.589423 -0.612222
vn 0.611984 0.342588 0.712818
vn 0.276567 -0.292938 -0.915258
vn -0.277661 -0.905437 -0.321073
vn 0.276997 -0.881422 0.382582
vn 0.491453 0.055907 0.869108
vn 0.276567 -0.292938 -0.915258
vn 0.223924 -0.055468 -0.973027
vn -0.973329 0.107065 -0.202899
vn -0.967580 0.109377 -0.227654
vn -0.798420 -0.443272 -0.407475
vn 0.947877 0.127257 -0.292122
vn 0.223924 -0.055468 -0.973027
vn 0.234304 0.480608 -0.845055
vn 0.415164 -0.076097 -0.906558
vn 0.901257 0.399997 -0.166549
vn -0.827667 -0.390796 -0.402798
vn 0.388672 -0.385390 -0.836905
vn -0.804671 -0.345310 -0.482975
vn -0.821548 -0.386699 0.418954
vn -0.727730 -0.503427 -0.465802
vn 0.866611 0.341473 -0.363842
vn -0.999445 0.032294 -0.008226
vn -0.712553 0.018393 0.701377
vn -0.772093 -0.086223 0.629634
vn 0.800535 0.341721 0.492312
vn 0.596335 -0.033884 0.802020
vn 0.949326 0.312016 0.037777
vn 0.828774 -0.204109 0.521031
vn 0.854937 0.432047 -0.287086
vn 0.509196 0.107555 -0.853904
vn 0.231196 0.116135 -0.965951
vn 0.131650 0.805881 -0.577256
vn -0.480183 0.529649 -0.699210
vn 0.509306 -0.185124 -0.840438
vn 0.575688 -0.307830 -0.757511
vn 0.925528 -0.364391 -0.103038
vn 0.803386 0.595406 0.007898
vn 0.057723 -0.492339 -0.868487
vn 0.021596 -0.627281 0.778494
vn 0.686715 0.150911 -0.711090
vn -0.522106 -0.541353 0.659047
vn 0.122914 -0.572695 -0.810501
vn 0.877548 -0.470596 -0.091917
vn -0.979888 -0.124706 -0.155783
vn 0.883694 -0.388080 -0.261684
vn -0.616479 0.462961 -0.636884
vn 0.089936 -0.621177 0.778493
vn -0.702587 0.026797 -0.711093
vn -0.920676 0.268031 0.283752
vn 0.689557 -0.288623 0.664235
vn -0.934738 0.355330 -0.002492
vn -0.572443 0.018641 -0.819732
vn 0.785117 0.619347 -0.000018
vn -0.007251 0.440812 0.897570
vn -0.784075 0.620666 0.000018
vn 0.877548 -0.470596 -0.091917
vn 0.858586 0.426982 0.283755
vn 0.524655 0.564905 -0.636883
vn 0.394537 0.065859 0.916517
vn -0.925698 0.139308 0.351676
vn 0.576820 0.809113 0.112319
vn 0.273038 -0.173217 0.946280
vn -0.966797 -0.085167 0.240935
vn 0.263249 -0.502384 0.823596
vn -0.534305 0.827712 -0.171496
vn 0.226626 0.876079 -0.425589
vn 0.311209 -0.942585 -0.121171
vn -0.852630 0.321711 0.411734
vn 0.516864 0.831898 -0.201984
vn -0.968516 -0.186518 0.164889
vn -0.632367 -0.748590 -0.199312
vn 0.754986 -0.471076 -0.456161
vn -0.406365 0.111243 -0.906914
vn 0.794648 -0.440015 -0.418236
vn 0.947865 -0.079680 -0.308550
vn 0.886900 -0.229666 -0.400826
vn -0.237025 0.433242 -0.869552
vn -0.412836 0.743188 -0.526535
vn 0.887477 0.241206 -0.392690
vn 0.967494 0.108719 -0.228330
vn -0.596099 -0.608565 -0.523751
vn -0.282936 0.240336 -0.928540
vn -0.234237 0.480804 -0.844962
vn 0.794648 -0.440015 -0.418236
vn 0.976392 0.064032 -0.206296
vn -0.237524 0.422114 -0.874873
vn 0.973235 0.106441 -0.203676
vn -0.250030 0.654460 -0.713560
vn 0.301748 0.392228 0.868968
vn 0.771341 0.201871 0.603557
vn -0.818129 0.545741 0.181198
vn -0.969283 -0.177635 0.170104
vn 0.232850 -0.561863 0.793782
vn 0.223680 -0.487804 0.843809
vn 0.851858 -0.468260 0.234673
vn -0.008528 0.933389 -0.358764
vn 0.838101 0.430928 0.334497
vn 0.497040 0.214056 -0.840911
vn -0.748943 0.461047 0.475941
vn 0.628985 0.551245 0.548186
vn 0.227427 -0.348748 0.909204
vn -0.955630 -0.120174 0.268943
vn -0.904612 -0.288236 0.314001
vn -0.709147 -0.594157 0.379589
vn -0.596099 -0.608565 -0.523751
vn -0.235703 -0.445214 -0.863845
vn -0.338003 0.553311 0.761315
vn -0.844874 0.358478 -0.397092
vn -0.524857 0.615630 -0.587813
vn -0.123424 0.809738 0.573664
vn 0.218194 0.919073 0.328172
vn 0.342343 0.705708 -0.620305
vn 0.606542 0.722184 0.332502
vn 0.887111 0.141093 0.439462
vn 0.615291 -0.263968 -0.742790
vn -0.424621 0.335165 0.841048
vn 0.959640 0.249977 -0.128849
vn 0.974108 0.177991 -0.139402
vn 0.867618 -0.248155 0.430882
vn 0.447460 -0.894284 -0.006006
vn 0.453622 -0.230931 -0.860755
vn 0.805417 0.246749 -0.538905
vn -0.776225 -0.623590 -0.092795
vn -0.217060 -0.658670 -0.720444
vn -0.126502 -0.655041 0.744929
vn 0.183048 -0.025463 0.982774
vn 0.597472 -0.118615 0.793069
vn 0.311040 -0.770913 0.555830
vn -0.856249 -0.143302 0.496289
vn 0.739599 0.664910 0.104340
vn 0.841805 -0.177817 0.509653
vn 0.220627 0.728683 0.648340
vn -0.776225 -0.623590 -0.092795
vn 0.801893 -0.477245 -0.359451
vn 0.708165 -0.666704 0.232396
vn -0.223924 -0.055466 -0.973027
vn 0.708165 -0.666704 0.232396
vn -0.276570 -0.292940 -0.915257
vn -0.574278 -0.677836 0.459067
vn 0.569462 0.333114 0.751497
vn 0.983287 0.087160 -0.159843
vn -0.015743 0.324822 0.945644
vn 0.475645 0.188582 -0.859185
vn 0.812872 0.331249 0.479076
vn 0.846204 0.127699 -0.517332
vn -0.992644 -0.104101 -0.061821
vn -0.592706 0.057340 -0.803376
vn -0.928579 0.027965 -0.370080
vn -0.992644 -0.104101 -0.061821
vn 0.259203 -0.885390 -0.385874
vn 0.068933 -0.893675 -0.443388
vn 0.849743 -0.525472 -0.042612
vn -0.087627 -0.819229 0.566733
vn -0.227973 0.860990 -0.454670
vn -0.732214 0.267266 -0.626444
vn -0.187003 -0.549328 -0.814413
vn -0.550002 -0.790241 -0.270217
vn 0.154715 0.836403 0.525826
vn -0.732214 0.267266 -0.626444
vn -0.227973 0.860990 -0.454670
vn -0.506661 -0.240654 -0.827877
vn 0.057723 -0.492339 -0.868487
vn 0.943920 -0.149408 0.294435
vn 0.722747 0.621181 0.302937
vn 0.502981 -0.556433 -0.661357
vn -0.646943 0.293599 -0.703750
vn 0.131650 0.805881 -0.577256
vn 0.597809 0.596157 -0.535930
vn 0.666662 0.728281 0.158648
vn -0.307603 0.126716 -0.943039
vn -0.557785 0.096793 0.824322
vn 0.592830 0.012130 0.805236
vn -0.026726 0.095079 -0.995111
vn -0.593853 0.773801 0.220387
vn 0.068860 -0.874720 0.479712
vn 0.057949 -0.957642 -0.282069
vn 0.107828 -0.264780 0.958261
vn -0.125155 -0.041522 0.991268
vn -0.219382 0.245098 -0.944351
vn -0.847082 -0.426010 -0.317755
vn -0.108320 -0.983821 -0.142701
vn 0.035785 0.766551 -0.641185
vn 0.215394 0.966791 0.137551
vn -0.517263 0.694887 -0.499571
vn 0.931123 0.363764 0.026185
vn 0.082525 -0.154744 0.984502
vn 0.286178 -0.613883 0.735696
vn 0.459607 -0.864058 -0.205342
vn 0.923071 -0.363577 -0.125505
vn 0.601608 0.400925 -0.690889
vn 0.369984 0.378227 0.848562
vn -0.207899 -0.062269 -0.976166
vn 0.020146 -0.255893 0.966495
vn -0.056523 0.197773 -0.978617
vn -0.568643 0.397919 -0.719934
vn -0.471154 0.041603 -0.881069
vn 0.931123 0.363764 0.026185
vn 0.677643 0.104172 0.727976
vn -0.998309 0.013991 0.056423
vn 0.518012 0.842398 0.148427
vn -0.483276 0.064749 0.873070
vn -0.998309 0.013991 0.056423
vn -0.004308 -0.934206 0.356707
vn 0.957742 -0.270029 0.099069
vn 0.784216 -0.540655 -0.304464
vn 0.713392 0.150519 -0.684409
vn -0.493019 0.687754 0.532848
vn 0.730807 -0.654942 0.192280
vn -0.775511 0.206111 -0.596742
vn -0.807467 0.583103 0.089380
vn -0.030413 -0.996594 -0.076648
vn 0.577547 -0.750853 -0.320405
vn -0.459821 -0.162240 0.873065
vn 0.095496 0.096988 0.990694
vn 0.854038 0.520130 -0.009185
vn 0.696158 0.266097 0.666751
vn 0.459607 -0.864058 -0.205342
vn 0.722747 0.621181 0.302937
vn 0.441070 0.312670 0.841246
vn 0.057949 -0.957642 -0.282069
vn -0.935639 -0.352829 0.009596
vn -0.412129 -0.604601 0.681621
vn 0.091096 -0.756871 0.647184
vn -0.108320 -0.983821 -0.142701
vn -0.184844 -0.313714 -0.931352
vn 0.576954 -0.465978 0.670812
vn -0.757908 0.629221 0.172212
vn 0.370271 0.157462 0.915481
vn 0.218424 -0.890042 -0.400144
vn -0.974289 0.166565 0.151714
vn -0.720745 -0.215055 0.658998
vn 0.407545 -0.185376 -0.894172
vn 0.633293 0.143063 -0.760574
vn 0.634392 0.247044 0.732473
vn 0.719720 0.077297 -0.689948
vn 0.015123 0.250981 0.967874
vn 0.476314 -0.330163 0.814934
vn -0.011473 -0.488765 0.872340
vn 0.900759 -0.416025 0.124730
vn 0.024020 0.563998 0.825427
vn 0.971065 0.172972 0.164660
vn -0.031849 -0.955759 0.292423
vn 0.490119 0.521043 0.698783
vn -0.031849 -0.955759 0.292423
vn -0.012967 0.025833 -0.999582
vn -0.027166 -0.618014 -0.785698
vn -0.511815 -0.407057 -0.756538
vn -0.642097 0.741355 0.195203
vn -0.925330 -0.354770 0.133801
vn -0.602876 0.303918 0.737682
vn -0.435437 0.570040 0.696742
vn -0.487129 -0.296979 0.821285
vn -0.925330 -0.354770 0.133801
vn -0.642097 0.741355 0.195203
vn -0.820238 -0.054205 -0.569449
vn -0.767583 0.258337 -0.586582
vn 0.143399 -0.753844 0.641214
vn -0.390721 -0.893753 -0.220324
vn 0.045166 0.553910 0.831351
vn -0.668598 -0.258095 -0.697398
vn -0.455258 0.023471 0.890050
vn 0.615419 0.190554 -0.764820
vn -0.424751 -0.438250 0.792163
vn -0.400608 0.435395 -0.806192
vn 0.555990 0.410252 0.722889
vn -0.354572 -0.683624 0.637916
vn 0.520243 -0.278807 0.807226
vn 0.129149 -0.984020 -0.122575
vn -0.336308 -0.556126 -0.760014
vn 0.979664 0.199859 -0.017760
vn 0.856923 -0.445405 -0.259418
vn 0.598498 -0.178708 -0.780937
vn -0.374529 0.916880 0.138055
vn 0.676927 0.731367 0.082899
vn 0.558393 0.418566 -0.716240
vn 0.105597 0.600924 -0.792300
vn -0.979888 -0.124706 -0.155783
vn 0.082928 -0.432901 -0.897619
vn -0.634498 0.059919 0.770598
vn 0.036772 -0.291844 0.955759
vn -0.400509 0.447031 0.799847
vn 0.018729 -0.255159 -0.966718
vn 0.103814 0.202297 -0.973806
vn 0.289157 0.693675 -0.659699
vn -0.371316 0.372998 0.850292
vn 0.492906 -0.518518 0.698701
vn -0.593853 0.773801 0.220387
vn 0.666662 0.728281 0.158648
vn 0.204607 -0.490618 0.847013
vn 0.119783 -0.905375 0.407367
vn -0.531805 -0.835269 -0.139674
vn -0.129149 -0.352597 0.926820
vn 0.518012 0.842398 0.148427
vn -0.550002 -0.790241 -0.270217
vn -0.678813 -0.121380 0.724210
vn -0.826593 -0.561525 -0.037868
vn 0.215394 0.966791 0.137551
vn 0.188817 0.531739 0.825592
vn 0.428222 -0.241800 -0.870723
vn -0.311068 0.510420 0.801691
vn -0.962820 0.080561 0.257852
vn -0.847307 -0.516353 -0.124302
vn -0.403198 0.241200 0.882753
vn -0.373973 -0.072439 0.924606
vn -0.142906 0.316172 0.937877
vn -0.109919 0.971694 0.209116
vn 0.827492 0.206704 -0.522045
vn -0.307603 0.126716 -0.943039
vn 0.393589 0.564716 -0.725385
vn -0.935639 -0.352829 0.009596
vn -0.000003 0.616047 -0.787710
vn 0.688096 0.700026 0.191017
vn 0.021041 0.988785 0.147857
vn -0.974289 0.166565 0.151714
vn 0.338978 0.939749 0.044337
vn -0.486258 -0.292380 0.823448
vn -0.639933 0.202693 -0.741216
vn -0.390721 -0.893753 -0.220324
vn 0.518461 0.448016 -0.728341
vn 0.842414 0.508091 -0.179394
vn 0.045673 -0.525171 0.849770
vn -0.400608 0.435395 -0.806192
vn 0.578161 -0.346055 0.738902
vn -0.278073 0.955163 0.101681
vn -0.985314 0.153874 0.074021
vn 0.476044 -0.119263 -0.871297
vn -0.668598 -0.258095 -0.697398
vn -0.336308 -0.556126 -0.760014
vn 0.473698 -0.440723 -0.762479
vn 0.021041 0.988785 0.147857
vn 0.688096 0.700026 0.191017
vn -0.948642 0.266076 0.171122
vn -0.948642 0.266076 0.171122
vn -0.716349 0.141163 -0.683313
vn -0.030899 0.132626 -0.990685
vn 0.170147 0.538332 0.825378
vn 0.129149 -0.984020 -0.122575
vn -0.726079 -0.655962 0.206209
vn -0.095668 -0.034501 0.994815
vn -0.668884 0.523531 0.527740
vn -0.962032 0.005534 0.272880
vn 0.827666 -0.390798 -0.402798
vn 0.644240 0.715613 0.269915
vn -0.237524 0.422114 -0.874873
vn 0.976392 0.064032 -0.206296
vn 0.886900 -0.229666 -0.400826
vn 0.301748 0.392228 0.868968
vn 0.226626 0.876079 -0.425589
vn -0.760315 -0.371572 0.532780
vn -0.386610 -0.003746 -0.922236
vn -0.237025 0.433242 -0.869552
vn -0.282936 0.240336 -0.928540
vn 0.974108 0.177991 -0.139402
vn -0.412836 0.743188 -0.526535
vn 0.973235 0.106441 -0.203676
vn -0.250030 0.654460 -0.713560
vn -0.386610 -0.003746 -0.922236
vn 0.754986 -0.471076 -0.456161
vn -0.546374 -0.786019 0.289224
vn 0.567260 -0.107953 0.816433
vn -0.632367 -0.748590 -0.199312
vn -0.424621 0.335165 0.841048
vn 0.797899 -0.513625 -0.315511
vn -0.235703 -0.445214 -0.863845
vn 0.959640 0.249977 -0.128849
vn 0.851858 -0.468260 0.234673
vn -0.234237 0.480804 -0.844962
vn -0.406365 0.111243 -0.906914
vn 0.066254 0.694117 0.716807
vn -0.523346 -0.029934 0.851594
vn 0.066254 0.694117 0.716807
vn -0.083517 0.274306 0.958009
vn 0.009580 -0.998280 0.057832
vn -0.691438 -0.430056 0.580487
vn -0.030620 -0.998964 0.033671
vn -0.685269 -0.013382 0.728167
vn 0.947865 -0.079680 -0.308550
vn -0.181215 -0.735172 0.653210
vn -0.038542 -0.483304 0.874604
vn 0.567260 -0.107953 0.816433
vn -0.747476 0.546548 -0.377577
vn 0.071567 0.926130 -0.370353
vn -0.244057 -0.969284 0.030403
vn -0.800874 -0.503746 0.323792
vn -0.690474 0.101934 0.716139
vn -0.593985 0.052619 0.802753
vn -0.038542 -0.483304 0.874604
vn -0.685269 -0.013382 0.728167
vn -0.691438 -0.430056 0.580487
vn -0.691438 -0.430056 0.580487
vn -0.181215 -0.735172 0.653210
vn -0.001929 0.904093 -0.427332
vn 0.967494 0.108719 -0.228330
vn 0.887477 0.241206 -0.392690
vn -0.709147 -0.594157 0.379589
vn 0.827666 -0.390798 -0.402798
vn -0.193408 0.770608 -0.607253
vn -0.514586 0.739570 -0.433863
vn 0.138462 0.849069 0.509814
vn 0.072589 0.955011 0.287550
vn -0.564503 -0.068616 -0.822574
vn -0.388361 0.539187 -0.747297
vn -0.690474 0.101934 0.716139
vn 0.031034 0.887945 -0.458901
vn -0.523346 -0.029934 0.851594
vn -0.593985 0.052619 0.802753
vn -0.621974 -0.319783 -0.714764
vn -0.780000 0.367250 -0.506683
vn -0.303805 -0.358537 -0.882697
vn -0.760342 -0.041632 -0.648187
vn -0.880023 0.330435 0.341134
vn 0.085829 0.984603 0.152281
vn 0.209767 0.922099 0.325164
vn -0.183189 0.922010 -0.341085
vn -0.392742 0.833230 -0.389206
vn -0.017738 0.496687 -0.867748
vn 0.900759 -0.416025 0.124730
vn 0.105479 -0.431686 -0.895836
vn 0.037818 -0.993580 -0.106627
vn -0.000000 -0.309214 -0.950993
vn -0.000000 -0.671983 -0.740567
vn -0.000000 -0.996346 -0.085405
vn 0.113870 -0.624161 -0.772954
vn -0.000000 -0.064948 -0.997889
vn 0.463517 -0.475156 -0.747916
vn -0.000000 0.072948 -0.997336
vn 0.000022 0.706438 -0.707775
vn -0.607010 0.767791 -0.205029
vn -0.749448 -0.649950 -0.126065
vn 0.429472 0.527935 -0.732692
vn 0.493161 -0.850837 -0.181299
vn 0.182782 0.121166 -0.975659
vn 0.054210 -0.064413 -0.996450
vn -0.373503 -0.660834 -0.650995
vn -0.337841 0.929739 -0.146456
vn -0.535240 0.487297 -0.689971
vn 0.006632 -0.657785 -0.753176
vn -0.168521 -0.978888 -0.115664
vn -0.441558 -0.109979 -0.890467
vn -0.100850 -0.102022 -0.989657
vn -0.008242 -0.057830 -0.998293
vn 0.874981 -0.482574 -0.039120
vn 0.847021 -0.420777 0.324811
vn 0.253922 -0.522455 -0.813981
vn 0.000000 -0.717983 -0.696060
vn 0.000511 -0.502104 -0.864807
vn 0.236050 -0.089572 -0.967604
vn 0.483716 0.015190 0.875093
vn -0.390255 0.703624 -0.593814
vn -0.663015 0.144807 -0.734467
vn -0.396718 0.727111 -0.560290
vn -0.655322 0.316297 -0.685937
vn -0.814091 -0.569893 0.111705
vn 0.329901 0.180781 0.926544
vn 0.360574 0.026542 0.932353
vn 0.383881 -0.315215 0.867914
vn -0.045712 -0.187308 0.981237
vn 0.230087 0.185843 0.955260
vn 0.238793 0.117232 0.963968
vn 0.358100 -0.140549 0.923044
vn 0.265961 0.229948 0.936156
vn 0.362520 -0.586829 0.724024
vn 0.555022 0.113803 0.824014
vn 0.704792 -0.050716 0.707599
vn 0.316993 -0.304969 0.898059
vn -0.292375 0.647176 -0.704046
vn 0.733222 -0.086756 0.674432
vn 0.773889 -0.050867 0.631275
vn 0.289597 -0.424989 0.857624
vn 0.311012 -0.892456 0.326792
vn 0.395176 -0.626693 0.671634
vn 0.759415 -0.294187 0.580295
vn 0.389156 -0.363567 0.846390
vn 0.616223 -0.360824 0.700054
vn 0.056783 -0.615365 0.786195
vn 0.254603 -0.523347 0.813194
vn 0.384599 -0.623942 0.680279
vn 0.509939 -0.007218 0.860180
vn -0.358991 0.447543 -0.819043
vn -0.554342 -0.093130 -0.827062
vn -0.522060 0.394312 -0.756287
vn -0.202641 -0.675627 0.708847
vn -0.370027 0.286487 -0.883745
vn 0.441334 -0.109867 -0.890592
vn 0.183189 0.922010 -0.341085
vn -0.000000 -0.252816 -0.967514
vn 0.000029 0.992365 0.123334
vn -0.003452 -0.990741 -0.135718
vn -0.486696 0.336033 -0.806355
vn -0.083485 -0.679599 -0.728818
vn -0.037824 -0.993578 -0.106640
vn -0.006626 -0.657785 -0.753176
vn 0.007981 -0.057930 -0.998289
vn 0.000000 -0.263241 -0.964730
vn 0.003452 -0.990741 -0.135718
vn 0.100850 -0.102022 -0.989657
vn 0.746389 -0.653690 -0.124875
vn 0.621976 -0.319783 -0.714762
vn 0.213751 0.953320 0.213288
vn 0.514583 0.739572 -0.433864
vn 0.392741 0.833231 -0.389206
vn 0.564505 -0.068616 -0.822573
vn 0.000000 0.586102 -0.810237
vn 0.000000 0.740882 -0.671635
vn -0.187530 0.910177 0.369338
vn -0.075041 0.990066 0.118900
vn -0.031123 0.887925 -0.458935
vn 0.594187 0.052812 0.802592
vn 0.594187 0.052812 0.802592
vn 0.769880 0.473317 0.428084
vn -0.213752 0.953320 0.213288
vn -0.185355 0.123680 -0.974857
vn -0.114342 -0.623901 -0.773093
vn -0.467655 -0.471560 -0.747616
vn -0.869922 -0.491845 -0.036404
vn -0.085529 -0.602490 -0.793531
vn -0.105479 -0.431686 -0.895836
vn -0.236139 -0.089469 -0.967592
vn -0.256928 -0.521367 -0.813735
vn -0.848784 -0.418063 0.323712
vn 0.167366 -0.979098 -0.115569
vn 0.530251 0.486142 -0.694622
vn 0.599218 0.770702 -0.216694
vn 0.474091 0.836522 0.274716
vn 0.373503 -0.660834 -0.650994
vn 0.684459 0.674315 -0.277156
vn 0.334432 0.437137 0.834905
vn 0.459063 -0.882323 0.103767
vn 0.467430 0.856140 0.220304
vn 0.504712 -0.808849 0.301710
vn 0.432208 -0.643861 0.631379
vn 0.373993 -0.868527 0.325253
vn 0.742864 -0.530817 0.407906
vn 0.855786 0.188403 -0.481803
vn 0.855786 0.188403 -0.481803
vn 0.741151 0.031056 0.670619
vn 0.672436 -0.730388 0.119848
vn 0.741151 0.031056 0.670619
vn 0.086617 -0.710836 0.698004
vn 0.888015 0.142426 0.437201
vn -0.432912 0.419412 0.797923
vn 0.450547 -0.087495 0.888455
vn -0.070017 0.916697 0.393401
vn 0.236629 0.360854 0.902104
vn 0.754093 -0.451026 -0.477409
vn 0.600389 -0.795327 0.083596
vn 0.995730 -0.078682 0.048285
vn 0.298802 -0.763235 0.572878
vn 0.739845 -0.250081 0.624571
vn 0.576711 -0.590187 0.564875
vn -0.001745 -0.919180 0.393833
vn 0.967023 0.026359 0.253323
vn 0.929761 -0.091017 0.356735
vn 0.611513 -0.760547 0.218219
vn 0.965524 -0.150428 0.212448
vn 0.974447 0.224358 -0.010802
vn 0.850584 0.028743 0.525053
vn 0.972317 0.076991 0.220619
vn 0.995730 -0.078682 0.048285
vn 0.855786 0.188403 -0.481803
vn 0.941920 -0.086810 0.324424
vn 0.159047 0.150258 0.975770
vn 0.103555 0.454367 0.884775
vn 0.057588 0.895364 0.441596
vn 0.881857 0.352351 0.313332
vn 0.824238 -0.543375 0.159298
vn -0.360890 0.806939 0.467555
vn 0.924523 0.051932 0.377573
vn 0.944438 -0.101018 0.312781
vn 0.000000 0.927895 -0.372841
vn 0.193408 0.770608 -0.607253
vn -0.375174 0.923508 0.079854
vn -0.534305 0.827712 -0.171496
vn -0.760065 0.288611 -0.582241
vn 0.388358 0.539188 -0.747298
vn 0.000000 0.974586 0.224013
vn -0.431593 0.527963 -0.731425
vn -0.812288 0.535132 -0.231996
vn -0.999114 0.035589 -0.022472
vn -0.848784 -0.418063 0.323712
vn -0.632094 0.071008 -0.771631
vn -0.964944 -0.039536 0.259460
vn -0.707311 -0.133565 -0.694170
vn -0.866253 0.433678 -0.248049
vn -0.198293 0.915187 0.350873
vn 0.000000 0.944190 0.329401
vn -0.964944 -0.039536 0.259460
vn -0.868875 -0.036584 0.493678
vn -0.018014 0.622371 0.782515
vn -0.749448 -0.649950 -0.126065
vn -0.783352 -0.177554 -0.595679
vn -0.467655 -0.471560 -0.747616
vn -0.977966 -0.073582 -0.195368
vn 0.692295 0.100790 0.714541
vn 0.692295 0.100790 0.714541
vn -0.760315 -0.371572 0.532780
vn -0.653651 -0.024144 0.756411
vn 0.523935 -0.021678 0.851483
vn -0.800874 -0.503746 0.323792
vn -0.880734 0.005456 0.473581
vn -0.486696 0.336033 -0.806355
vn -0.814390 0.500597 -0.293549
vn 0.062699 0.991707 0.112188
vn -0.506181 0.861284 -0.044389
vn -0.684460 0.674314 -0.277157
vn -0.760451 0.042785 -0.647985
vn -0.767755 0.344584 -0.540198
vn -0.797089 0.041374 -0.602443
vn -0.765128 0.595594 0.244637
vn -0.829270 0.262865 -0.493167
vn -0.054210 -0.064413 -0.996450
vn -0.919356 -0.030171 0.392267
vn -0.759660 -0.302761 0.575545
vn -0.000511 -0.502104 -0.864807
vn -0.809152 -0.095152 0.579844
vn 0.769880 0.473317 0.428084
vn -0.981484 0.190707 0.017865
vn 0.489991 0.168647 0.855258
vn -0.431593 0.527963 -0.731425
vn -0.499249 -0.847748 -0.179093
vn -0.302336 0.392351 0.868708
vn -0.566815 -0.104601 0.817178
vn -0.944869 -0.310183 0.104921
vn -0.461597 0.711493 -0.529817
vn -0.566815 -0.104601 0.817178
vn 0.760343 -0.041635 -0.648185
vn 0.779999 0.367251 -0.506684
vn 0.303806 -0.358537 -0.882697
vn -0.625730 0.755012 0.196006
vn -0.959628 -0.211848 -0.185024
vn -0.959628 -0.211848 -0.185024
vn -0.098767 0.993678 0.053386
vn -0.424621 0.335165 0.841048
vn 0.506180 0.861285 -0.044388
vn 0.829270 0.262863 -0.493168
vn 0.334530 0.926546 -0.172052
vn -0.880023 0.330435 0.341134
vn -0.708337 -0.360115 -0.607105
vn -0.764494 0.116234 -0.634066
vn -0.919356 -0.030171 0.392267
vn -0.569976 0.119666 -0.812900
vn -0.842880 0.208384 -0.496114
vn -0.933958 -0.038335 -0.355321
vn -0.933958 -0.038335 -0.355321
vn 0.639803 -0.430887 -0.636387
vn -0.000000 -0.601374 -0.798968
vn -0.987112 0.065164 -0.146164
vn -0.963283 0.234491 -0.130764
vn -0.907275 -0.419746 -0.025789
vn 0.803721 -0.148383 -0.576208
vn 0.489991 0.168647 0.855258
vn 0.406931 0.109714 -0.906846
vn -0.207103 0.950236 0.232723
vn 0.029854 -0.283713 -0.958444
vn -0.219193 0.955255 -0.198602
vn -0.963283 0.234491 -0.130764
vn -0.869922 -0.491845 -0.036404
vn -0.888293 0.238814 -0.392305
vn -0.808019 -0.422297 0.410818
vn -0.005913 0.953293 -0.301988
vn -0.944869 -0.310183 0.104921
vn -0.237995 0.862628 -0.446353
vn -0.759660 -0.302761 0.575545
vn 0.079741 0.990676 0.110461
vn 0.250071 0.654238 -0.713749
vn -0.959618 0.250207 -0.128569
vn 0.412816 0.743096 -0.526679
vn -0.947877 0.127259 -0.292122
vn -0.223924 -0.055466 -0.973027
vn 0.904775 -0.138355 0.402790
vn 0.362437 0.931767 0.021228
vn -0.179742 0.729285 0.660179
vn -0.264730 0.962315 0.062188
vn 0.485906 -0.009327 0.873961
vn 0.904775 -0.138355 0.402790
vn -0.179742 0.729285 0.660179
vn 0.689792 -0.431267 0.581546
vn 0.523935 -0.021678 0.851483
vn -0.302336 0.392351 0.868708
vn 0.746844 0.547453 -0.377518
vn 0.765362 0.355136 0.536749
vn 0.964618 0.124686 0.232305
vn 0.242997 -0.969539 0.030773
vn 0.479948 0.348158 -0.805255
vn 0.084496 -0.601629 -0.794294
vn 0.083485 -0.679599 -0.728818
vn -0.803807 -0.148523 -0.576051
vn -0.639912 -0.430873 -0.636287
vn -0.406480 0.913290 -0.025997
vn 0.874981 -0.482574 -0.039120
vn -0.340111 -0.796064 0.500606
vn -0.471139 0.725322 0.501933
vn -0.686490 -0.518649 0.509641
vn -0.897087 -0.080335 0.434490
vn 0.471140 -0.725308 0.501951
vn 0.069876 -0.817921 0.571072
vn 0.471146 -0.725317 -0.501933
vn -0.934412 0.356194 0.000021
vn -0.766182 0.389787 -0.510913
vn 0.069876 -0.817928 -0.571061
vn -0.340115 -0.796073 -0.500589
vn 0.085181 -0.996366 0.000020
vn -0.996018 -0.089157 0.000021
vn -0.897099 -0.080336 -0.434464
vn 0.482335 0.875987 0.000020
vn -0.069936 0.817931 -0.571049
vn 0.934411 -0.356196 0.000021
vn 0.996018 0.089154 0.000021
vn -0.934412 0.356194 0.000021
vn -0.996018 -0.089157 0.000021
vn -0.626104 0.779739 0.000021
vn 0.766162 -0.389783 0.510944
vn -0.069936 0.817924 0.571060
vn -0.766173 0.389782 0.510931
vn 0.921278 -0.029549 0.387781
vn 0.841139 0.210223 -0.498289
vn 0.566282 0.120099 -0.815415
vn 0.760063 -0.301426 0.575714
vn 0.856997 0.515322 0.000021
vn 0.085181 -0.996366 0.000020
vn -0.856977 -0.515355 0.000021
vn -0.482341 -0.875984 0.000020
vn 0.340121 0.796043 0.500632
vn 0.686461 0.518646 0.509684
vn -0.085245 0.996360 0.000020
vn 0.626106 -0.779738 0.000021
vn -0.626104 0.779739 0.000021
vn -0.482341 -0.875984 0.000020
vn -0.686498 -0.518656 -0.509623
vn -0.856977 -0.515355 0.000021
vn -0.471144 0.725330 -0.501915
vn 0.897087 0.080332 0.434491
vn -0.085245 0.996360 0.000020
vn 0.704340 -0.133905 -0.697119
vn 0.847021 -0.420777 0.324811
vn 0.123289 0.984760 0.122667
vn 0.226085 0.863415 -0.450999
vn -0.029854 -0.283713 -0.958444
vn 0.965364 -0.036194 0.258385
vn 0.965364 -0.036194 0.258385
vn 0.629645 0.072103 -0.773530
vn -0.079807 0.990694 0.110250
vn 0.218243 0.955378 -0.199056
vn 0.005888 0.953207 -0.302262
vn 0.958633 0.250649 -0.134900
vn 0.760063 -0.301426 0.575714
vn 0.808428 -0.421381 0.410953
vn 0.809760 0.508510 -0.292758
vn 0.921278 -0.029549 0.387781
vn 0.945343 -0.308895 0.104449
vn 0.460679 0.711323 -0.530842
vn 0.987150 0.065253 -0.145865
vn 0.958633 0.250649 -0.134900
vn 0.945343 -0.308895 0.104449
vn 0.809038 -0.094933 0.580039
vn 0.868339 -0.037173 0.494576
vn 0.479948 0.348158 -0.805255
vn 0.774875 0.119319 -0.620752
vn 0.943944 -0.064268 -0.323788
vn 0.943944 -0.064268 -0.323788
vn 0.961666 -0.196086 -0.191698
vn 0.961666 -0.196086 -0.191698
vn 0.906029 -0.422162 -0.029844
vn 0.489991 0.168647 0.855258
vn 0.704002 -0.364284 -0.609654
vn 0.703436 0.694228 0.152399
vn 0.761069 0.283347 -0.583514
vn 0.799161 -0.505580 0.325163
vn 0.463517 -0.475156 -0.747916
vn 0.746389 -0.653690 -0.124875
vn 0.429472 0.527935 -0.732692
vn 0.977948 -0.080981 -0.192508
vn 0.869125 0.431215 -0.242233
vn 0.495629 0.867214 -0.047868
vn 0.769880 0.473317 0.428084
vn 0.650395 -0.023765 0.759224
vn 0.757595 -0.373677 0.535177
vn 0.779464 -0.186115 -0.598161
vn 0.354800 0.931436 0.080900
vn 0.999385 0.030775 -0.016833
vn 0.812467 0.537027 -0.226933
vn 0.759505 0.040773 -0.649222
vn 0.981376 0.191292 0.017579
vn 0.797841 0.038396 -0.601644
vn 0.767583 0.344766 -0.540326
vn 0.879066 0.004067 0.476682
vn 0.761874 0.598243 0.248300
vn 0.307604 0.126718 -0.943039
vn -0.057724 -0.492340 -0.868487
vn 0.019993 -0.852897 -0.521696
vn -0.109503 -0.976731 -0.184403
vn -0.515180 -0.845917 -0.137893
vn -0.084423 -0.994677 0.059074
vn -0.352337 -0.793468 0.496252
vn -0.515180 -0.845917 -0.137893
vn -0.707194 -0.575376 -0.410877
vn -0.369616 -0.876214 -0.309247
vn -0.286843 -0.947291 0.142691
vn -0.683042 -0.366049 0.632029
vn -0.524672 -0.289611 0.800528
vn 0.822113 -0.543833 -0.168454
vn -0.109503 -0.976731 -0.184403
vn -0.084423 -0.994677 0.059074
vn 0.377927 -0.925441 -0.027039
vn -0.364316 0.483987 0.795632
vn -0.084423 -0.994677 0.059074
vn -0.109503 -0.976731 -0.184403
vn -0.952776 0.294578 0.073770
vn -0.710959 0.169576 0.682482
vn 0.599321 -0.185222 0.778786
vn 0.247471 0.725921 0.641714
vn 0.464670 0.322890 0.824515
vn -0.356035 -0.901887 0.244618
vn 0.377927 -0.925441 -0.027039
vn -0.282722 0.947656 0.148378
vn -0.084423 -0.994677 0.059074
vn 0.477261 -0.878759 0.002028
vn 0.822113 -0.543833 -0.168454
vn 0.142465 -0.904035 0.403020
vn -0.778126 -0.596019 0.198197
vn 0.282723 0.947656 0.148378
vn -0.951159 0.297329 0.083019
vn -0.191076 0.248125 -0.949697
vn 0.999445 0.032293 -0.008226
vn 0.772092 -0.086223 0.629634
vn -0.233454 0.766656 -0.598112
vn -0.247471 0.725921 0.641714
vn 0.233454 0.766656 -0.598112
vn 0.350035 -0.930924 0.104191
vn 0.191077 0.248124 -0.949697
vn -0.779746 -0.625318 0.031202
vn -0.938001 -0.304020 0.166511
vn -0.778126 -0.596019 0.198197
vn -0.369616 -0.876214 -0.309247
vn 0.163592 0.511653 0.843474
vn -0.803900 -0.368642 0.466741
vn 0.524858 0.615629 -0.587814
vn 0.373973 -0.072439 0.924606
vn 0.531803 -0.835270 -0.139674
vn -0.576953 -0.465978 0.670813
vn -0.887111 0.141095 0.439462
vn -0.838100 0.430928 0.334498
vn -0.464670 0.322890 0.824515
vn -0.615291 -0.263968 -0.742791
vn 0.993020 0.043489 -0.109632
vn -0.730673 0.331694 -0.596738
vn -0.119783 -0.905375 0.407368
vn 0.338004 0.553311 0.761315
vn 0.129149 -0.352597 0.926820
vn 0.377927 -0.925441 -0.027039
vn -0.914357 -0.029993 0.403797
vn -0.477110 -0.675642 -0.562026
vn -0.841804 -0.177818 0.509654
vn -0.279096 -0.078193 0.957074
vn -0.316347 0.593719 0.739880
vn -0.331800 0.262123 0.906201
vn -0.477110 -0.675642 -0.562026
vn 0.962821 0.080561 0.257850
vn -0.625648 0.358182 0.693016
vn -0.479089 0.476702 0.737040
vn -0.660368 0.174783 0.730318
vn -0.151641 0.020009 0.988233
vn -0.418533 0.250447 0.872987
vn 0.008900 0.128995 0.991605
vn -0.119783 -0.905375 0.407368
vn 0.045284 0.311080 0.949304
vn 0.531803 -0.835270 -0.139674
vn 0.844874 0.358477 -0.397093
vn -0.218425 -0.890044 -0.400141
vn -0.042455 0.437521 0.898206
vn -0.162806 0.514452 0.841923
vn -0.431266 -0.035266 0.901535
vn -0.497040 0.214057 -0.840911
vn -0.342344 0.705708 -0.620304
vn -0.204607 -0.490618 0.847012
vn 0.847308 -0.516351 -0.124301
vn -0.342344 0.705708 -0.620304
vn -0.599321 -0.185222 0.778785
vn -0.241189 0.243501 0.939433
vn -0.851620 0.282534 -0.441495
vn -0.774805 0.086683 -0.626229
vn -0.218425 -0.890044 -0.400141
vn -0.615291 -0.263968 -0.742791
vn 0.844874 0.358477 -0.397093
vn -0.606540 0.722185 0.332503
vn -0.477261 -0.878759 0.002029
vn -0.784972 0.304526 0.539520
vn -0.855876 -0.367349 0.364048
vn -0.669476 0.740449 0.059476
vn 0.236484 0.155558 -0.959102
vn 0.403199 0.241199 0.882753
vn 0.962821 0.080561 0.257850
vn 0.008530 0.933389 -0.358764
vn -0.497040 0.214057 -0.840911
vn 0.123425 0.809739 0.573663
vn -0.218193 0.919073 0.328172
vn -0.620791 0.627083 0.470517
vn -0.440181 -0.569215 0.694432
vn -0.373596 0.110733 -0.920958
vn -0.960210 0.217854 -0.174748
vn 0.167761 -0.460388 -0.871722
vn 0.248075 -0.968078 -0.035838
vn -0.659723 0.441382 -0.608233
vn -0.231187 0.116133 -0.965953
vn -0.231187 0.116133 -0.965953
vn 0.847308 -0.516351 -0.124301
vn 0.719648 0.207215 -0.662698
vn 0.993020 0.043489 -0.109632
vn -0.079247 0.306652 -0.948517
vn 0.648112 0.103137 -0.754529
vn -0.438178 -0.709620 -0.551761
vn -0.129086 -0.724945 -0.676602
vn -0.677984 -0.341580 0.650893
vn -0.077695 -0.057196 0.995335
vn -0.362769 -0.911387 -0.194352
vn 0.019993 -0.852897 -0.521696
vn -0.352337 -0.793468 0.496252
vn 0.142465 -0.904035 0.403020
vn -0.222302 0.605636 0.764059
vn -0.197701 0.565909 0.800413
vn -0.399887 0.578009 0.711334
vn -0.588929 0.609761 0.530429
vn 0.524858 0.615629 -0.587814
vn 0.321886 -0.060006 0.944875
vn 0.466193 0.767906 0.439299
vn -0.271434 0.887694 0.371919
vn 0.008530 0.933389 -0.358764
vn 0.216252 0.397077 0.891945
vn -0.039085 0.982186 0.183801
vn 0.437681 -0.474166 -0.763938
vn -0.269666 0.491895 0.827840
vn -0.407222 0.623520 0.667377
vn -0.847015 -0.497947 -0.186048
vn -0.723189 0.689965 0.030772
vn -0.672267 0.738717 -0.048509
vn 0.557793 0.096786 0.824317
vn -0.632384 0.583605 0.509407
vn -0.441552 0.792968 0.419802
vn -0.619738 0.737081 -0.269509
vn -0.723189 0.689965 0.030772
vn -0.552047 0.735628 -0.392550
vn -0.556933 0.783276 0.276233
vn -0.249201 0.212865 -0.944768
vn -0.245289 -0.317677 -0.915923
vn 0.712552 0.018392 0.701378
vn -0.728797 0.666133 -0.158498
vn -0.688463 0.670988 0.275307
vn -0.729444 0.639065 0.243943
vn -0.686104 0.717038 -0.122953
vn 0.180687 -0.980859 -0.072572
vn 0.999445 0.032293 -0.008226
vn 0.012718 0.043676 0.998965
vn -0.655826 0.232242 0.718300
vn 0.032050 0.226951 -0.973378
vn 0.554415 -0.149101 -0.818775
vn -0.999734 -0.001973 -0.022965
vn 0.974599 -0.196371 -0.107681
vn -0.121838 -0.128597 0.984184
vn 0.981816 -0.184104 -0.046293
vn -0.831269 0.012564 -0.555729
vn -0.267745 -0.020552 -0.963270
vn -0.818504 -0.023517 0.574020
vn -0.359765 -0.902455 -0.236946
vn -0.840500 -0.069984 0.537273
vn -0.579630 -0.814431 0.027060
vn -0.904710 -0.424996 -0.029655
vn -0.841963 -0.517959 0.151051
vn -0.777461 0.285149 -0.560576
vn -0.677496 -0.734911 0.030078
vn -0.850256 0.507798 0.138585
vn -0.268050 -0.916555 0.296777
vn -0.841963 -0.517959 0.151051
vn -0.578370 -0.652531 0.489582
vn -0.268050 -0.916555 0.296777
vn -0.541250 0.459805 0.704009
vn -0.677383 -0.714371 -0.175573
vn -0.044086 -0.918921 0.391970
vn -0.633093 -0.629539 0.450414
vn -0.632718 -0.468471 0.616607
vn -0.633093 -0.629539 0.450414
vn 0.974599 -0.196371 -0.107681
vn 0.559450 -0.132524 -0.818201
vn -0.329420 -0.753672 0.568736
vn 0.208662 0.050931 0.976661
vn -0.608260 -0.756109 0.241493
vn -0.130090 -0.815310 0.564222
vn -0.051447 -0.985909 0.159176
vn -0.130090 -0.815310 0.564222
vn -0.149981 -0.972137 -0.180153
vn -0.329420 -0.753672 0.568736
vn -0.356035 -0.901887 0.244618
vn 0.336715 -0.613393 0.714404
vn 0.336715 -0.613393 0.714404
vn -0.608260 -0.756109 0.241493
vn -0.149981 -0.972137 -0.180153
vn 0.763420 -0.339579 0.549433
vn -0.340848 -0.917116 0.206689
vn -0.898310 -0.423688 -0.116309
vn -0.532806 -0.769540 0.352031
vn -0.337051 -0.938219 0.078370
vn -0.898310 -0.423688 -0.116309
vn -0.337051 -0.938219 0.078370
vn -0.687165 -0.717206 -0.115842
vn -0.687165 -0.717206 -0.115842
vn -0.847015 -0.497947 -0.186048
vn -0.286843 -0.947291 0.142691
vn -0.362769 -0.911387 -0.194352
vn -0.707194 -0.575376 -0.410877
vn -0.051447 -0.985909 0.159176
vn -0.632718 -0.468471 0.616607
vn -0.340848 -0.917116 0.206689
vn -0.391943 -0.685156 -0.613956
vn 0.712909 -0.175721 0.678884
vn -0.828620 0.024097 -0.559293
vn -0.195613 -0.976231 -0.093316
vn -0.999924 -0.001604 -0.012188
vn -0.254289 -0.046930 -0.965989
vn -0.195613 -0.976231 -0.093316
vn -0.904710 -0.424996 -0.029655
vn -0.579630 -0.814431 0.027060
vn -0.359765 -0.902455 -0.236946
vn -0.674738 -0.715328 0.181754
vn -0.526526 -0.755747 0.389380
vn -0.289405 -0.081375 -0.953742
vn -0.503997 -0.850379 -0.151137
vn -0.391943 -0.685156 -0.613956
vn -0.526526 -0.755747 0.389380
vn -0.503997 -0.850379 -0.151137
vn -0.677383 -0.714371 -0.175573
vn -0.677496 -0.734911 0.030078
vn -0.749910 -0.600394 0.277782
vn -0.749910 -0.600394 0.277782
vn -0.044086 -0.918921 0.391970
vn -0.578370 -0.652531 0.489582
vn -0.867872 -0.493518 -0.056906
vn -0.867872 -0.493518 -0.056906
vn -0.082085 -0.052748 0.995228
vn -0.674738 -0.715328 0.181754
vn -0.686104 0.717038 -0.122953
vn -0.565399 0.637784 0.523026
vn 0.171557 -0.615653 0.769116
vn 0.241975 -0.968024 0.066164
vn -0.554958 -0.705127 0.441382
vn -0.306037 0.023544 -0.951728
vn -0.855671 0.095211 -0.508687
vn -0.139070 -0.001048 0.990282
vn 0.811100 -0.302027 -0.500895
vn -0.198533 -0.241797 0.949800
vn 0.598793 -0.494106 0.630323
vn -0.386832 -0.898828 -0.206081
vn 0.141008 -0.732532 0.665969
vn 0.728732 -0.554899 -0.401295
vn -0.119851 -0.643611 -0.755910
vn -0.031162 -0.999479 -0.008400
vn 0.121063 -0.777696 -0.616874
vn 0.746407 -0.648121 0.151050
vn 0.746407 -0.648121 0.151050
vn -0.821736 -0.049697 0.567697
vn 0.707729 -0.704279 0.055772
vn -0.090600 -0.187310 0.978114
vn -0.145923 -0.283610 -0.947772
vn -0.472510 0.490615 -0.732142
vn -0.612932 0.790066 0.010504
vn -0.301380 0.272847 0.913633
vn -0.447012 0.609622 0.654631
vn -0.219871 -0.051726 -0.974157
vn 0.091227 -0.717619 0.690435
vn -0.782740 0.356583 -0.510064
vn -0.107843 -0.987199 -0.117511
vn -0.971835 0.211182 0.104586
vn -0.997853 0.058937 0.028544
vn -0.350330 -0.911339 -0.216171
vn 0.152889 -0.984751 -0.083010
vn -0.214542 -0.960951 0.174772
vn -0.821505 0.187378 -0.538535
vn -0.990317 0.109977 0.084718
vn -0.477261 -0.878759 0.002029
vn -0.247729 0.124088 -0.960850
vn -0.807792 0.027172 0.588841
vn -0.783512 0.086730 0.615294
vn -0.800827 0.064696 -0.595391
vn -0.721024 0.041449 0.691669
vn 0.771020 -0.262539 0.580174
vn -0.015780 -0.991712 -0.127508
vn 0.959269 -0.247477 -0.136230
vn -0.994268 0.032257 0.101934
vn 0.447672 -0.368268 -0.814843
vn 0.829089 -0.555631 0.062341
vn 0.981816 -0.184104 -0.046293
vn 0.983626 -0.150468 -0.099189
vn 0.676192 -0.142756 -0.722762
vn 0.786187 0.061962 -0.614874
vn -0.133877 0.073494 -0.988269
vn 0.963269 -0.240286 -0.119898
vn 0.674277 -0.221784 0.704388
vn -0.256112 -0.064518 0.964492
vn -0.166814 -0.138888 0.976157
vn 0.687524 -0.288916 0.666213
vn 0.180687 -0.980859 -0.072572
vn -0.502982 -0.556435 -0.661354
vn 0.307604 0.126718 -0.943039
vn 0.646943 0.293597 -0.703751
vn 0.241975 -0.968024 0.066164
vn 0.709005 -0.153681 0.688254
vn -0.829478 0.558330 -0.015337
vn -0.360082 0.929857 0.075541
vn -0.818436 0.226312 0.528152
vn -0.154715 0.836402 0.525827
vn -0.943920 -0.149399 0.294441
vn 0.874081 -0.347051 -0.339910
vn -0.592829 0.012130 0.805237
vn -0.242009 0.271496 0.931516
vn 0.227971 0.860992 -0.454668
vn 0.847088 -0.426005 -0.317745
vn -0.071667 0.436304 -0.896941
vn 0.732214 0.267275 -0.626439
vn -0.255724 0.244836 -0.935233
vn 0.732214 0.267275 -0.626439
vn -0.793491 -0.250173 0.554784
vn 0.227971 0.860992 -0.454668
vn -0.071667 0.436304 -0.896941
vn -0.004943 0.677302 0.735689
vn -0.057724 -0.492340 -0.868487
vn -0.131650 0.805879 -0.577258
vn 0.983626 -0.150468 -0.099189
vn -0.939882 0.340299 0.028610
vn 0.963269 -0.240286 -0.119898
vn -0.879101 0.115120 -0.462525
vn -0.509311 -0.185121 -0.840436
vn 0.480185 0.529648 -0.699211
vn -0.502982 -0.556435 -0.661354
vn -0.366202 0.276459 -0.888519
vn 0.740820 -0.667839 -0.071942
vn 0.616937 -0.557832 0.555169
vn -0.410929 0.185238 0.892650
vn 0.129856 -0.220698 0.966659
vn 0.646943 0.293597 -0.703751
vn 0.480185 0.529648 -0.699211
vn -0.131650 0.805879 -0.577258
vn -0.113155 -0.158665 -0.980827
vn -0.512621 -0.589531 -0.624238
vn -0.509311 -0.185121 -0.840436
vn -0.576316 0.059838 -0.815033
vn 0.740820 -0.667839 -0.071942
vn 0.458662 -0.465644 -0.756838
vn -0.891672 0.326095 -0.313979
vn 0.248075 -0.968078 -0.035838
vn 0.121857 -0.794757 0.594568
vn -0.587453 -0.650881 0.480887
vn -0.789192 0.349599 0.504932
vn 0.134976 -0.731552 -0.668291
vn 0.546441 -0.152247 -0.823543
vn 0.959269 -0.247477 -0.136230
vn 0.531219 -0.271416 0.802583
vn 0.829089 -0.555631 0.062341
vn -0.443368 0.507144 0.739074
vn -0.583354 0.588183 0.560125
vn -0.271434 0.887694 0.371919
vn 0.944150 0.045601 -0.326347
vn 0.307604 0.126718 -0.943039
vn 0.944150 0.045601 -0.326347
vn 0.874081 -0.347051 -0.339910
vn -0.421911 0.167264 0.891074
vn -0.151218 0.781830 -0.604876
vn 0.509028 0.119330 0.852439
vn -0.754147 0.656108 -0.027991
vn -0.368860 0.802861 -0.468355
vn 0.847088 -0.426005 -0.317745
vn 0.307604 0.126718 -0.943039
vn -0.255724 0.244836 -0.935233
vn -0.672267 0.738717 -0.048509
vn -0.689757 0.668189 0.278853
vn 0.150515 -0.833751 0.531229
vn -0.070500 -0.307514 0.948928
vn -0.575398 0.613361 -0.541022
vn -0.728797 0.666133 -0.158498
vn -0.058672 -0.262734 0.963083
vn -0.572438 0.039389 0.819001
vn -0.337842 0.307665 0.889497
vn -0.838327 0.202096 0.506326
vn -0.015780 -0.991712 -0.127508
vn 0.699967 -0.709626 0.080482
vn 0.111676 -0.783097 0.611791
vn 0.711289 -0.687930 0.144295
vn 0.685617 -0.672522 -0.278647
vn 0.562432 -0.640847 -0.522479
vn 0.412320 -0.623168 -0.664571
vn -0.214542 -0.960951 0.174772
vn 0.403028 -0.627889 -0.665825
vn 0.218915 -0.611038 -0.760729
vn 0.432065 -0.517085 -0.738880
vn -0.000336 -0.932724 -0.360592
vn 0.527588 -0.749375 0.400111
vn 0.359703 -0.802551 0.475946
vn 0.632752 -0.728980 0.261176
vn 0.202118 -0.748405 -0.631695
vn 0.685334 -0.668537 -0.288750
vn -0.707117 -0.616224 -0.346775
vn -0.724034 -0.553759 -0.411248
vn -0.286181 -0.956369 0.058805
vn -0.554657 -0.817713 -0.153949
vn -0.166883 -0.836100 0.522577
vn -0.456510 -0.811927 0.363832
vn -0.634351 -0.772958 0.011648
vn -0.222421 -0.877455 0.424972
vn 0.838751 0.523089 -0.151243
vn 0.583126 -0.634265 0.507614
vn -0.350330 -0.911339 -0.216171
vn 0.589183 0.799327 0.118068
vn -0.779746 -0.625318 0.031202
vn 0.556033 0.797511 0.234103
vn 0.556163 0.784599 0.274019
vn 0.802453 0.596356 -0.020714
vn 0.905777 0.191359 0.378087
vn 0.153216 0.897918 0.412636
vn 0.723184 0.353516 0.593323
vn 0.350035 -0.930924 0.104191
vn 0.002072 -0.752562 0.658518
vn -0.001236 0.986080 0.166265
vn -0.000000 0.929426 0.369010
vn 0.163592 0.511653 0.843474
vn -0.000027 0.384917 0.922951
vn -0.914357 -0.029993 0.403797
vn -0.364316 0.483987 0.795632
vn 0.081269 0.538935 -0.838418
vn 0.105644 -0.865846 -0.489029
vn -0.486279 -0.219800 -0.845707
vn -0.124425 -0.359613 -0.924769
vn -0.644806 0.309129 -0.699045
vn -0.405282 0.111969 -0.907309
vn -0.990938 0.102847 0.086397
vn -0.817149 -0.009945 -0.576341
vn -0.663131 0.493115 0.563112
vn -0.854155 0.489465 -0.175624
vn 0.889794 0.430331 -0.151925
vn 0.189688 0.956871 0.220036
vn 0.698736 -0.665063 -0.263551
vn 0.533041 -0.720243 0.443980
vn 0.364513 -0.613079 0.700903
vn 0.089220 -0.661303 -0.744794
vn 0.571705 -0.646917 -0.504631
vn 0.152889 -0.984751 -0.083010
vn 0.578208 -0.594916 -0.558346
vn 0.091227 -0.717619 0.690435
vn 0.233773 -0.921891 -0.308979
vn 0.272765 -0.498937 -0.822594
vn 0.141993 -0.788936 0.597844
vn 0.078836 -0.864920 -0.495679
vn 0.159897 -0.899525 -0.406556
vn -0.056796 -0.846721 -0.528996
vn 0.664528 -0.742482 0.084403
vn 0.565513 -0.754124 -0.333904
vn 0.726692 -0.685664 -0.042230
vn -0.227756 -0.874036 -0.429171
vn 0.744006 -0.667926 0.018195
vn 0.354762 -0.934947 -0.004240
vn -0.027527 -0.686689 -0.726430
vn -0.541954 -0.810080 -0.223731
vn 0.288318 -0.957246 0.023521
vn 0.265521 -0.890121 -0.370383
vn 0.213426 -0.974288 -0.072194
vn -0.200550 -0.887351 0.415196
vn -0.107843 -0.987199 -0.117511
vn 0.287131 -0.765993 0.575161
vn -0.518794 0.722596 -0.456845
vn -0.116134 0.781927 -0.612457
vn -0.301503 0.771690 -0.559991
vn -0.381143 0.590816 -0.711103
vn -0.626106 -0.779738 0.000021
vn 0.340116 -0.796073 -0.500589
vn -0.856998 0.515320 0.000020
vn 0.462961 0.272063 -0.843592
vn 0.557947 -0.050058 -0.828365
vn -0.557906 0.050087 -0.828391
vn -0.409290 0.349859 -0.842663
vn -0.557948 -0.050059 0.828365
vn -0.185880 -0.514844 0.836890
vn -0.409269 -0.349867 0.842670
vn 0.042812 -0.501558 0.864064
vn 0.185901 0.514848 0.836883
vn 0.409292 0.349859 0.842662
vn -0.462963 0.272063 0.843592
vn -0.000006 0.000013 1.000000
vn -0.462961 -0.272027 -0.843604
vn -0.270568 -0.474448 -0.837671
vn 0.042887 0.501566 -0.864056
vn 0.270549 0.474477 -0.837661
vn -0.897100 0.080332 -0.434464
vn -0.766173 -0.389788 -0.510925
vn -0.996018 0.089152 0.000021
vn -0.085181 -0.996365 0.000020
vn -0.069876 -0.817928 -0.571061
vn 0.723184 0.353516 0.593323
vn 0.556033 0.797511 0.234103
vn -0.605310 0.306817 -0.734481
vn 0.153216 0.897918 0.412636
vn -0.482335 0.875987 -0.000007
vn 0.185879 -0.514842 -0.836891
vn -0.340121 0.796044 -0.500632
vn -0.042810 -0.501556 -0.864065
vn -0.471146 -0.725317 -0.501932
vn -0.686471 0.518644 -0.509672
vn 0.409267 -0.349868 -0.842670
vn -0.185901 0.514846 -0.836884
vn 0.000007 0.000013 -1.000000
vn 0.270569 -0.474449 0.837670
vn 0.462963 -0.272027 0.843603
vn 0.557906 0.050087 0.828391
vn -0.270550 0.474478 0.837660
vn -0.934412 -0.356194 0.000021
vn -0.042887 0.501567 0.864055
vn -0.917181 0.341392 -0.205500
vn 0.556033 0.797511 0.234103
vn 0.167247 0.472389 0.865377
vn 0.905777 0.191359 0.378087
vn -0.170020 0.608342 -0.775250
vn 0.189688 0.956871 0.220036
vn -0.917181 0.341392 -0.205500
vn -0.925952 0.299998 0.229378
vn 0.556163 0.784599 0.274019
vn -0.835704 0.546059 -0.058465
vn -0.399584 0.310063 0.862667
vn -0.744597 -0.308050 0.592183
vn -0.073184 -0.332114 0.940396
vn -0.975321 -0.185083 -0.120392
vn -0.968761 -0.087624 0.232002
vn -0.668858 -0.304116 -0.678338
vn -0.761694 0.356191 0.541249
vn 0.589183 0.799327 0.118068
vn -0.835704 0.546059 -0.058465
vn -0.882403 -0.109797 0.457503
vn -0.192864 -0.357897 0.913627
vn -0.569728 0.151341 0.807778
vn -0.975321 -0.185083 -0.120392
vn -0.669196 0.151781 -0.727419
vn 0.078836 -0.864920 -0.495679
vn -0.222421 -0.877455 0.424972
vn -0.144960 -0.116217 0.982588
vn 0.159897 -0.899525 -0.406556
vn -0.526244 0.398528 0.751161
vn -0.696204 0.576893 0.427194
vn -0.361602 -0.103644 0.926554
vn -0.412119 -0.089715 0.906702
vn -0.541954 -0.810080 -0.223731
vn -0.963634 0.259937 0.061983
vn -0.827381 0.458958 -0.323724
vn 0.213426 -0.974288 -0.072194
vn -0.615080 0.193056 0.764464
vn 0.265521 -0.890121 -0.370383
vn 0.233773 -0.921891 -0.308979
vn -0.510913 -0.049995 0.858177
vn -0.166883 -0.836100 0.522577
vn -0.818752 0.328215 0.471084
vn -0.876466 0.479931 0.038380
vn -0.634351 -0.772958 0.011648
vn -0.678282 0.298895 0.671264
vn -0.456510 -0.811927 0.363832
vn -0.200550 -0.887351 0.415196
vn -0.386584 0.049637 0.920917
vn -0.700015 0.403526 -0.589191
vn -0.286181 -0.956369 0.058805
vn -0.931949 0.203865 -0.299849
vn 0.288318 -0.957246 0.023521
vn -0.876466 0.479931 0.038380
vn -0.634351 -0.772958 0.011648
vn -0.490946 0.773038 -0.401727
vn -0.554657 -0.817713 -0.153949
vn 0.069936 0.817931 0.571050
vn 0.686490 -0.518650 0.509641
vn 0.340112 -0.796063 0.500607
vn -0.340124 0.796053 0.500615
vn 0.766173 0.389790 0.510924
vn 0.897087 -0.080334 0.434489
vn -0.185901 0.514847 0.836883
vn -0.557907 0.050088 0.828391
vn -0.471141 -0.725309 0.501950
vn -0.686460 0.518653 0.509679
vn -0.766164 -0.389783 0.510943
vn -0.897087 0.080331 0.434489
vn -0.069875 -0.817921 0.571072
vn 0.085244 0.996360 -0.000019
vn 0.626105 0.779739 -0.000007
vn 0.934412 0.356194 0.000020
vn -0.856998 0.515320 0.000020
vn 0.934412 0.356194 0.000020
vn -0.482335 0.875987 -0.000007
vn 0.766183 0.389779 -0.510917
vn 0.471144 0.725330 0.501916
vn 0.626105 0.779739 -0.000007
vn -0.996018 0.089152 0.000021
vn -0.934412 -0.356194 0.000021
vn 0.482341 -0.875983 0.000020
vn -0.409291 0.349859 0.842662
vn 0.996018 -0.089155 0.000021
vn -0.085181 -0.996365 0.000020
vn 0.856977 -0.515354 0.000021
vn -0.626106 -0.779738 0.000021
vn 0.085244 0.996360 -0.000019
vn 0.686498 -0.518656 -0.509623
vn 0.856977 -0.515354 0.000021
vn 0.482341 -0.875983 0.000020
vn 0.996018 -0.089155 0.000021
vn 0.897100 -0.080335 -0.434464
vn 0.471139 0.725322 -0.501933
vn 0.069935 0.817924 -0.571060
vn -0.578853 -0.774264 0.255823
vn -0.734745 -0.517843 0.438165
vn 0.859582 -0.308681 0.407228
vn -0.578853 -0.774264 0.255823
vn -0.714874 -0.660589 -0.229299
vn 0.693139 -0.719702 0.039845
vn 0.677056 -0.721140 -0.146808
vn -0.386323 -0.920151 0.063847
vn 0.042887 0.501567 0.864055
vn 0.742736 -0.658696 -0.120264
vn 0.270549 0.474478 0.837660
vn -0.136475 -0.952466 -0.272364
vn 0.185880 -0.514844 0.836890
vn -0.042811 -0.501558 0.864064
vn 0.000007 0.000013 1.000000
vn -0.270568 -0.474449 0.837670
vn -0.462962 -0.272027 0.843604
vn 0.462963 0.272064 0.843592
vn -0.734387 -0.678514 0.017182
vn 0.166448 -0.595170 0.786173
vn -0.578853 -0.774264 0.255823
vn -0.396542 -0.896187 -0.199005
vn 0.505209 -0.837848 0.206823
vn 0.859582 -0.308681 0.407228
vn -0.479959 -0.836508 -0.264375
vn 0.166448 -0.595170 0.786173
vn -0.734745 -0.517843 0.438165
vn 0.658610 -0.735176 -0.160466
vn 0.097219 -0.893494 -0.438426
vn -0.396542 -0.896187 -0.199005
vn 0.782692 -0.606944 0.137886
vn 0.221009 -0.975192 -0.012451
vn 0.557948 -0.050059 0.828364
vn 0.409268 -0.349868 0.842670
vn -0.000336 -0.932724 -0.360592
vn -0.851148 0.411513 -0.325891
vn -0.387146 0.414785 -0.823451
vn -0.707117 -0.616224 -0.346775
vn -0.237726 0.818837 0.522487
vn -0.306046 0.951047 -0.042965
vn -0.154779 0.610248 0.776943
vn -0.306046 0.951047 -0.042965
vn -0.619008 0.663905 -0.419594
vn -0.027527 -0.686689 -0.726430
vn 0.354762 -0.934947 -0.004240
vn -0.724034 -0.553759 -0.411248
vn -0.227756 -0.874036 -0.429171
vn -0.043360 0.298452 -0.953439
vn -0.056796 -0.846721 -0.528996
vn 0.202118 -0.748405 -0.631695
vn -0.088242 0.538867 0.837756
vn 0.077995 0.507356 -0.858200
vn 0.020595 -0.815110 -0.578939
vn 0.943264 0.269511 0.193950
vn -0.298188 -0.791337 -0.533732
vn -0.298188 -0.791337 -0.533732
vn 0.292532 -0.903218 -0.314042
vn -0.136475 -0.952466 -0.272364
vn 0.097219 -0.893494 -0.438426
vn -0.806366 0.587742 -0.065828
vn -0.327840 0.091113 -0.940330
vn 0.742736 -0.658696 -0.120264
vn 0.874412 -0.405712 0.266086
vn 0.292532 -0.903218 -0.314042
vn 0.221009 -0.975192 -0.012451
vn 0.020595 -0.815110 -0.578939
vn -0.479959 -0.836508 -0.264375
vn -0.793305 -0.608303 -0.025199
vn -0.063732 -0.969950 0.234811
vn 0.819426 -0.188574 0.541277
vn 0.819426 -0.188574 0.541277
vn -0.063732 -0.969950 0.234811
vn -0.255458 0.614165 -0.746688
vn 0.782692 -0.606944 0.137886
vn -0.386323 -0.920151 0.063847
vn -0.778694 -0.514773 -0.358671
vn 0.176205 0.356410 0.917564
vn 0.993216 0.111417 -0.033290
vn 0.727921 0.147960 0.669506
vn -0.681775 0.244391 0.689533
vn 0.039205 0.323788 0.945317
vn 0.574278 -0.677836 0.459068
vn 0.056981 0.428518 0.901735
vn -0.595561 -0.658818 0.459636
vn 0.250082 -0.521584 0.815726
vn 0.242415 -0.104527 0.964525
vn 0.750283 0.260684 0.607552
vn -0.393328 -0.461067 0.795431
vn 0.139912 -0.852523 0.503616
vn 0.670977 -0.708301 0.219316
vn 0.670977 -0.708301 0.219316
vn -0.708164 -0.666705 0.232396
vn -0.031997 0.349040 0.936561
vn 0.597184 0.201184 0.776464
vn -0.569462 0.333113 0.751498
vn 0.819426 -0.188574 0.541277
vn 0.373998 -0.894863 0.243610
vn 0.762810 -0.638061 0.104873
vn 0.524807 -0.635170 -0.566690
vn 0.019770 -0.510603 -0.859589
vn 0.762810 -0.638061 0.104873
vn 0.677056 -0.721140 -0.146808
vn -0.507527 -0.513032 -0.692253
vn 0.695062 -0.698197 -0.171494
vn 0.505209 -0.837848 0.206823
vn 0.373998 -0.894863 0.243610
vn -0.708164 -0.666705 0.232396
vn 0.574278 -0.677836 0.459068
vn -0.846204 0.127699 -0.517332
vn 0.992643 -0.104102 -0.061821
vn -0.904775 -0.138355 0.402790
vn 0.065966 -0.376117 0.924221
vn 0.015743 0.324822 0.945644
vn -0.812872 0.331249 0.479075
vn -0.676821 0.234162 -0.697912
vn -0.475645 0.188582 -0.859185
vn -0.174059 0.351748 -0.919770
vn 0.592706 0.057341 -0.803375
vn 0.047807 0.263736 -0.963409
vn -0.802588 -0.356154 0.478546
vn -0.485906 -0.009326 0.873961
vn -0.319024 -0.253069 0.913335
vn 0.932942 -0.019140 0.359518
vn 0.970824 0.212618 -0.110883
vn 0.992643 -0.104102 -0.061821
vn -0.904775 -0.138355 0.402790
vn 0.970824 0.212618 -0.110883
vn 0.179742 0.729284 0.660180
vn -0.983287 0.087160 -0.159842
vn -0.945143 0.059922 0.321115
vn -0.386323 -0.920151 0.063847
vn 0.928579 0.027965 -0.370080
vn -0.520814 -0.330247 0.787203
vn -0.281623 0.225867 0.932562
vn -0.545516 0.274558 0.791852
vn -0.089581 0.994408 0.055923
vn -0.234976 0.780391 0.579462
vn -0.974569 -0.024118 -0.222786
vn -0.867658 0.313562 0.385810
vn -0.238814 0.238272 0.941379
vn -0.809569 0.209671 0.548303
vn -0.296001 0.163748 0.941047
vn -0.581285 0.268358 0.768174
vn -0.790032 0.591699 -0.160442
vn -0.916812 0.184652 0.354061
vn -0.282722 0.947656 0.148378
vn -0.345948 0.289237 0.892559
vn -0.282722 0.947656 0.148378
vn -0.304953 0.587908 -0.749244
vn -0.247471 0.725921 0.641714
vn -0.554864 0.159152 0.816576
vn -0.464670 0.322890 0.824515
vn -0.370210 0.503735 0.780510
vn -0.089581 0.994408 0.055923
vn -0.944578 0.309571 -0.109261
vn -0.542046 0.234038 0.807102
vn -0.954431 0.178544 -0.239133
vn -0.863983 0.221385 0.452242
vn -0.250718 0.283936 0.925484
vn -0.933989 0.286892 -0.212972
vn -0.473023 0.472900 0.743380
vn -0.227971 0.468610 0.853484
vn -0.168646 0.296473 0.940033
vn -0.733553 0.493758 0.467015
vn -0.438178 -0.709620 -0.551761
vn -0.944028 -0.314145 -0.100618
vn -0.249597 0.184475 0.950616
vn -0.599321 -0.185222 0.778785
vn -0.272040 0.352137 -0.895541
vn -0.047306 -0.119996 -0.991647
vn -0.097472 0.218353 -0.970990
vn -0.308573 -0.224247 -0.924390
vn -0.133927 0.752456 -0.644883
vn -0.790032 0.591699 -0.160442
vn -0.191076 0.248125 -0.949697
vn -0.275090 0.165746 -0.947024
vn -0.223569 0.093587 0.970185
vn -0.587453 -0.650881 0.480887
vn -0.977339 -0.144731 -0.154473
vn -0.578515 -0.003297 0.815665
vn -0.704073 -0.004597 0.710113
vn -0.730000 -0.412648 -0.544814
vn -0.477261 -0.878759 0.002029
vn -0.944028 -0.314145 -0.100618
vn -0.935255 0.019970 0.353412
vn -0.245289 -0.317677 -0.915923
vn -0.977339 -0.144731 -0.154473
vn -0.131472 -0.340562 -0.930985
vn -0.690191 -0.450104 -0.566607
vn -0.588519 0.436106 -0.680777
vn -0.233454 0.766656 -0.598112
vn -0.477261 -0.878759 0.002029
vn -0.929447 -0.186149 0.318555
vn -0.600272 0.121356 0.790535
vn -0.166231 0.237461 -0.957068
vn -0.974569 -0.024118 -0.222786
vn -0.725334 -0.031055 -0.687696
vn 0.914566 -0.030770 0.403264
vn -0.726503 -0.279915 -0.627567
vn 0.363712 0.481507 0.797411
vn 0.002072 -0.752562 0.658518
vn -0.000027 0.384917 0.922951
vn 0.524336 -0.290227 0.800525
vn -0.000157 -0.239913 0.970794
vn -0.000027 0.384917 0.922951
vn 0.681967 -0.367841 0.632150
vn 0.363712 0.481507 0.797411
vn -0.339178 0.064152 -0.938532
vn -0.688004 0.172278 -0.704961
vn 0.935040 -0.253534 0.247834
vn -0.639005 0.245062 -0.729121
vn -0.262388 -0.442983 -0.857274
vn -0.287074 -0.421266 -0.860304
vn 0.756069 -0.653777 0.030586
vn -0.371561 -0.924656 0.083395
vn -0.933989 0.286892 -0.212972
vn -0.954431 0.178544 -0.239133
vn -0.164370 0.511193 0.843602
vn 0.976863 -0.189360 0.099402
vn 0.893368 -0.200570 -0.402077
vn -0.164370 0.511193 0.843602
vn 0.914566 -0.030770 0.403264
vn 0.938082 -0.303494 0.167014
vn 0.804060 -0.370390 0.465080
vn -0.944578 0.309571 -0.109261
vn -0.314280 -0.153968 -0.936761
vn -0.802642 0.596097 -0.020831
vn -0.723183 0.353516 0.593324
vn -0.189895 0.956760 0.220339
vn -0.905777 0.191359 0.378086
vn -0.889915 0.430054 -0.152007
vn 0.192050 -0.855526 0.480824
vn -0.589293 0.799207 0.118329
vn 0.153950 -0.983782 0.092044
vn 0.129390 -0.657636 -0.742141
vn 0.559473 -0.828836 0.004634
vn 0.386642 -0.602602 -0.698126
vn -0.262588 -0.964290 0.034523
vn 0.002072 -0.752562 0.658518
vn -0.001236 0.986080 0.166265
vn 0.293744 -0.800529 0.522367
vn -0.000000 0.929426 0.369010
vn -0.545746 0.799561 0.250725
vn 0.756069 -0.653777 0.030586
vn 0.276997 -0.881422 0.382582
vn 0.175485 -0.808888 0.561164
vn -0.146884 0.906509 0.395810
vn -0.556161 0.784609 0.273997
vn -0.839165 0.522384 -0.151385
vn -0.277661 -0.905437 -0.321073
vn 0.442737 -0.802302 0.400371
vn 0.787547 -0.488811 -0.375279
vn 0.648364 -0.760126 -0.042820
vn 0.544231 -0.810685 -0.215877
vn -0.304120 -0.940630 -0.150750
vn -0.001236 0.986080 0.166265
vn -0.371561 -0.924656 0.083395
vn 0.912673 0.408628 -0.007195
vn 0.489831 0.321376 -0.810422
vn -0.304120 -0.940630 -0.150750
vn 0.648364 -0.760126 -0.042820
vn -0.993020 0.043488 -0.109633
vn -0.012718 0.043676 0.998965
vn -0.999445 0.032294 -0.008226
vn 0.655826 0.232242 0.718300
vn 0.416170 0.835182 -0.359546
vn -0.262588 -0.964290 0.034523
vn 0.153950 -0.983782 0.092044
vn 0.956797 0.279203 -0.081146
vn 0.559473 -0.828836 0.004634
vn 0.787547 -0.488811 -0.375279
vn 0.895289 0.441866 0.056678
vn 0.386642 -0.602602 -0.698126
vn 0.648364 -0.760126 -0.042820
vn 0.975020 0.221886 -0.010103
vn 0.544231 -0.810685 -0.215877
vn 0.293744 -0.800529 0.522367
vn 0.785508 0.517735 -0.339008
vn 0.254275 -0.013199 0.967042
vn 0.192050 -0.855526 0.480824
vn 0.166177 0.186319 -0.968334
vn 0.077697 -0.057196 0.995335
vn 0.895289 0.441866 0.056678
vn -0.993020 0.043488 -0.109633
vn 0.937247 0.348617 0.005883
vn 0.129390 -0.657636 -0.742141
vn 0.821825 0.256447 -0.508762
vn 0.710959 0.169577 0.682482
vn 0.632872 -0.615665 -0.469498
vn -0.308735 -0.951050 -0.013705
vn 0.690477 0.519928 -0.502907
vn 0.387261 0.449970 -0.804709
vn 0.169900 0.608664 -0.775024
vn -0.377927 -0.925440 -0.027042
vn -0.000005 0.765089 -0.643925
vn 0.116065 0.782052 -0.612310
vn -0.171397 -0.615929 0.768931
vn -0.000018 -0.993587 0.113069
vn -0.241902 -0.968051 0.066038
vn 0.107886 -0.986997 -0.119155
vn -0.049368 -0.473222 -0.879559
vn -0.402373 -0.628803 -0.665359
vn -0.242479 -0.515929 -0.821597
vn -0.218992 -0.611539 -0.760304
vn 0.841959 -0.517965 0.151052
vn 0.674738 -0.715329 0.181751
vn 0.677496 -0.734911 0.030079
vn 0.391944 -0.685155 -0.613956
vn 0.504003 -0.850375 -0.151139
vn 0.841959 -0.517965 0.151052
vn 0.526526 -0.755746 0.389383
vn 0.877682 0.476642 0.049875
vn 0.578370 -0.652532 0.489582
vn 0.677377 -0.714377 -0.175575
vn 0.677377 -0.714377 -0.175575
vn 0.580597 0.494850 0.646553
vn 0.867872 -0.493518 -0.056907
vn 0.867872 -0.493518 -0.056907
vn 0.632717 -0.468470 0.616607
vn 0.633090 -0.629545 0.450412
vn 0.044086 -0.918921 0.391971
vn 0.399694 0.578837 0.710769
vn 0.749909 -0.600395 0.277782
vn 0.000189 0.587705 0.809075
vn 0.608261 -0.756110 0.241487
vn 0.633090 -0.629545 0.450412
vn 0.268057 -0.916552 0.296778
vn 0.369618 -0.876212 -0.309250
vn -0.187182 0.134964 0.973010
vn 0.130095 -0.815315 0.564214
vn 0.084423 -0.994677 0.059074
vn 0.149983 -0.972137 -0.180154
vn -0.974599 -0.196370 -0.107680
vn 0.831269 0.012563 -0.555728
vn 0.082085 -0.052748 0.995228
vn 0.999924 -0.001604 -0.012189
vn 0.000083 0.596715 0.802453
vn 0.728347 0.640305 0.243968
vn 0.727626 0.667421 -0.158458
vn 0.215255 -0.960864 0.174375
vn -0.712909 -0.175722 0.678883
vn 0.721007 0.041263 0.691699
vn 0.245185 0.497284 0.832222
vn 0.045418 0.461906 0.885765
vn 0.588229 0.610758 0.530058
vn 0.821736 -0.049698 0.567697
vn -0.000002 -0.713887 0.700261
vn 0.090599 -0.187310 0.978114
vn -0.091545 -0.717554 0.690460
vn 0.774803 0.086684 -0.626233
vn 0.994268 0.032256 0.101933
vn 0.855670 0.095211 -0.508688
vn -0.111591 -0.783222 0.611646
vn 0.019121 -0.991816 -0.126236
vn -0.364021 -0.613668 0.700642
vn 0.351856 -0.910735 -0.216236
vn -0.690079 -0.664841 -0.285968
vn -0.581188 -0.636418 0.507142
vn 0.677496 -0.734911 0.030079
vn 0.504003 -0.850375 -0.151139
vn 0.784977 0.304514 0.539520
vn -0.509027 0.119331 0.852438
vn 0.677991 -0.341569 0.650891
vn 0.960212 0.217845 -0.174750
vn 0.082275 -0.840672 -0.535259
vn -0.448838 -0.522828 -0.724704
vn -0.016643 -0.903039 -0.429236
vn 0.578370 -0.652532 0.489582
vn 0.749909 -0.600395 0.277782
vn -0.377927 -0.925440 -0.027042
vn 0.778127 -0.596018 0.198197
vn 0.192862 -0.357897 0.913627
vn -0.981816 -0.184104 -0.046293
vn 0.882403 -0.109799 0.457503
vn 0.744596 -0.308051 0.592183
vn 0.073183 -0.332114 0.940396
vn 0.968771 -0.087484 0.232012
vn -0.776020 -0.593718 -0.212820
vn -0.377927 -0.925440 -0.027042
vn 0.084423 -0.994677 0.059074
vn 0.675184 -0.235010 -0.699211
vn 0.975347 -0.184428 -0.121179
vn 0.000000 0.528521 0.848920
vn 0.526244 0.398527 0.751161
vn 0.696204 0.576893 0.427195
vn 0.835826 0.545874 -0.058452
vn 0.575485 0.784284 -0.231769
vn 0.533413 0.802245 0.268091
vn 0.742676 0.667383 0.055060
vn 0.000002 -0.611474 0.791265
vn -0.981816 -0.184104 -0.046293
vn 0.399584 0.310061 0.862667
vn 0.121837 -0.128597 0.984184
vn 0.267746 -0.020552 -0.963270
vn 0.818503 -0.023517 0.574020
vn 0.840500 -0.069984 0.537273
vn 0.999734 -0.001972 -0.022964
vn 0.406943 0.624341 0.666780
vn 0.349938 0.804608 -0.479739
vn 0.222264 0.606156 0.763658
vn 0.457787 0.513638 0.725677
vn 0.151180 0.785275 -0.600406
vn 0.005419 0.794472 -0.607277
vn -0.559451 -0.132524 -0.818201
vn 0.254290 -0.046930 -0.965989
vn -0.974599 -0.196370 -0.107680
vn -0.554415 -0.149101 -0.818775
vn 0.742676 0.667383 0.055060
vn 0.743995 0.667073 -0.038533
vn -0.146884 0.906509 0.395810
vn 0.897866 0.372930 -0.234009
vn -0.545746 0.799561 0.250725
vn 0.029621 0.248622 -0.968148
vn 0.369618 -0.876212 -0.309250
vn 0.574515 0.614410 -0.540771
vn 0.727626 0.667421 -0.158458
vn 0.084423 -0.994677 0.059074
vn 0.897866 0.372930 -0.234009
vn 0.598334 0.348760 -0.721362
vn -0.189895 0.956760 0.220339
vn -0.545746 0.799561 0.250725
vn 0.778127 -0.596018 0.198197
vn -0.142463 -0.904034 0.403021
vn -0.776020 -0.593718 -0.212820
vn 0.925919 0.300104 0.229371
vn 0.835826 0.545874 -0.058452
vn -0.000012 0.654883 -0.755730
vn 0.669699 0.156517 -0.725951
vn 0.975347 -0.184428 -0.121179
vn 0.380720 0.591538 -0.710728
vn 0.109501 -0.976731 -0.184404
vn -0.589293 0.799207 0.118329
vn -0.556161 0.784609 0.273997
vn 0.761559 0.356050 0.541531
vn 0.301214 0.772069 -0.559624
vn 0.569728 0.151340 0.807779
vn 0.109501 -0.976731 -0.184404
vn 0.019121 -0.991816 -0.126236
vn 0.800562 0.065657 -0.595642
vn 0.107886 -0.986997 -0.119155
vn 0.351856 -0.910735 -0.216236
vn -0.091545 -0.717554 0.690460
vn -0.152616 -0.984779 -0.083176
vn -0.089563 -0.661322 -0.744736
vn -0.000383 -0.606056 -0.795421
vn 0.000003 -0.999937 -0.011242
vn 0.219872 -0.051735 -0.974156
vn -0.829087 -0.555632 0.062341
vn 0.997866 0.058759 0.028477
vn -0.286781 -0.766347 0.574864
vn -0.710108 -0.689164 0.144222
vn -0.829087 -0.555632 0.062341
vn -0.000564 -0.660808 -0.750555
vn -0.152616 -0.984779 -0.083176
vn -0.531216 -0.271375 0.802599
vn 0.000005 -0.767972 0.640483
vn -0.241902 -0.968051 0.066038
vn 0.000004 -0.795663 -0.605739
vn 0.215255 -0.960864 0.174375
vn -0.552610 -0.647164 -0.525167
vn -0.000018 -0.993587 0.113069
vn -0.447672 -0.368266 -0.814843
vn -0.411715 -0.623868 -0.664288
vn -0.000469 -0.961186 -0.275901
vn -0.308735 -0.951050 -0.013705
vn 0.105644 -0.865846 -0.489029
vn 0.632872 -0.615665 -0.469498
vn -0.548957 -0.774133 -0.315220
vn -0.959269 -0.247477 -0.136230
vn -0.546441 -0.152248 -0.823543
vn 0.306037 0.023544 -0.951728
vn -0.728729 -0.554900 -0.401298
vn -0.638884 -0.744206 0.194896
vn -0.199508 -0.748146 -0.632830
vn -0.121063 -0.777695 -0.616874
vn -0.707728 -0.704280 0.055772
vn -0.743107 -0.666305 -0.061886
vn -0.746404 -0.648124 0.151051
vn -0.736727 -0.675590 0.028508
vn 0.119851 -0.643612 -0.755910
vn -0.206320 -0.932592 -0.296150
vn 0.268057 -0.916552 0.296778
vn -0.156589 -0.898665 -0.409733
vn -0.009098 -0.919188 -0.393714
vn -0.141000 -0.732534 0.665968
vn 0.386836 -0.898825 -0.206087
vn 0.421913 0.167261 0.891074
vn 0.241188 0.243499 0.939434
vn -0.811100 -0.302029 -0.500895
vn -0.598794 -0.494105 0.630323
vn 0.198538 -0.241796 0.949799
vn -0.746404 -0.648124 0.151051
vn -0.142463 -0.791625 0.594167
vn -0.341319 -0.804301 0.486418
vn -0.006429 -0.804480 0.593945
vn 0.554952 -0.705128 0.441388
vn 0.031165 -0.999479 -0.008408
vn 0.349358 -0.871838 -0.343289
vn 0.051454 -0.985909 0.159176
vn 0.130095 -0.815315 0.564214
vn 0.329420 -0.753672 0.568737
vn 0.356036 -0.901887 0.244619
vn 0.898310 -0.423688 -0.116308
vn -0.336714 -0.613392 0.714405
vn 0.847017 -0.497945 -0.186044
vn 0.337047 -0.938220 0.078371
vn 0.329420 -0.753672 0.568737
vn 0.340847 -0.917116 0.206692
vn 0.707193 -0.575375 -0.410880
vn -0.295464 -0.508770 -0.808613
vn 0.707193 -0.575375 -0.410880
vn 0.286840 -0.947292 0.142692
vn 0.362766 -0.911388 -0.194354
vn -0.019996 -0.852896 -0.521698
vn 0.195613 -0.976231 -0.093317
vn 0.359766 -0.902455 -0.236947
vn 0.579628 -0.814432 0.027061
vn 0.352338 -0.793467 0.496254
vn 0.515180 -0.845917 -0.137893
vn 0.359766 -0.902455 -0.236947
vn 0.904708 -0.424998 -0.029658
vn 0.051454 -0.985909 0.159176
vn -0.019996 -0.852896 -0.521698
vn 0.847017 -0.497945 -0.186044
vn 0.608261 -0.756110 0.241487
vn 0.532808 -0.769540 0.352029
vn 0.515180 -0.845917 -0.137893
vn 0.109501 -0.976731 -0.184404
vn 0.356036 -0.901887 0.244619
vn 0.674738 -0.715329 0.181751
vn -0.000000 0.929426 0.369010
vn 0.904708 -0.424998 -0.029658
vn -0.786188 0.061963 -0.614873
vn 0.133876 0.073494 -0.988269
vn -0.983626 -0.150467 -0.099189
vn -0.676193 -0.142755 -0.722762
vn -0.616937 -0.557832 0.555168
vn -0.129857 -0.220695 0.966660
vn 0.195613 -0.976231 -0.093317
vn -0.723183 0.353516 0.593324
vn -0.236482 0.155557 -0.959103
vn 0.579628 -0.814432 0.027061
vn 0.362766 -0.911388 -0.194354
vn 0.149983 -0.972137 -0.180154
vn 0.898310 -0.423688 -0.116308
vn 0.687170 -0.717202 -0.115837
vn 0.352338 -0.793467 0.496254
vn 0.084423 -0.994677 0.059074
vn 0.340847 -0.917116 0.206692
vn 0.000000 0.928621 0.371030
vn -0.248075 -0.968078 -0.035838
vn 0.391944 -0.685155 -0.613956
vn 0.286840 -0.947292 0.142692
vn -0.336714 -0.613392 0.714405
vn -0.785055 -0.338272 0.518904
vn 0.687170 -0.717202 -0.115837
vn 0.337047 -0.938220 0.078371
vn -0.905777 0.191359 0.378086
vn -0.740817 -0.667843 -0.071940
vn -0.167247 0.472389 0.865377
vn -0.142463 -0.904034 0.403021
vn -0.963269 -0.240287 -0.119899
vn 0.526526 -0.755746 0.389383
vn 0.411111 -0.093210 -0.906807
vn -0.674277 -0.221784 0.704388
vn -0.963269 -0.240287 -0.119899
vn 0.789191 0.349601 0.504932
vn -0.983626 -0.150467 -0.099189
vn 0.791413 0.247396 -0.558982
vn 0.166814 -0.138888 0.976157
vn -0.687524 -0.288916 0.666212
vn -0.740817 -0.667843 -0.071940
vn 0.879100 0.115120 -0.462527
vn -0.458665 -0.465642 -0.756838
vn 0.939882 0.340299 0.028612
vn 0.197814 0.566160 0.800208
vn -0.000469 -0.961186 -0.275901
vn 0.138968 -0.001037 0.990296
vn 0.632717 -0.468470 0.616607
vn 0.113154 -0.158663 -0.980827
vn 0.000003 -0.999937 -0.011242
vn -0.771020 -0.262538 0.580174
vn 0.828619 0.024098 -0.559293
vn 0.366202 0.276460 -0.888519
vn -0.959269 -0.247477 -0.136230
vn 0.410929 0.185240 0.892650
vn 0.576316 0.059838 -0.815033
vn 0.044086 -0.918921 0.391971
vn 0.659724 0.441380 -0.608234
vn 0.669478 0.740447 0.059476
vn 0.855874 -0.367354 0.364048
vn 0.440178 -0.569220 0.694430
vn 0.512621 -0.589530 -0.624240
vn 0.620792 0.627081 0.470518
vn -0.167757 -0.460394 -0.871719
vn 0.891671 0.326094 -0.313984
vn 0.373594 0.110734 -0.920959
vn -0.709006 -0.153681 0.688254
vn 0.002738 -0.097506 -0.995231
vn 0.014082 -0.560140 -0.828278
vn -0.035195 0.302572 -0.952477
vn -0.009098 -0.919188 -0.393714
vn 0.971835 0.211183 0.104587
vn 0.782740 0.356585 -0.510064
vn 0.783513 0.086730 0.615293
vn 0.821505 0.187378 -0.538535
vn 0.256114 -0.064517 0.964491
vn 0.807792 0.027171 0.588841
vn 0.154779 0.610248 0.776943
vn 0.168646 0.296473 0.940033
vn 0.304893 0.588543 -0.748771
vn 0.000000 0.244249 0.969713
vn 0.306047 0.951046 -0.042965
vn 0.000550 0.151589 -0.988443
vn 0.237726 0.818837 0.522487
vn 0.306047 0.951046 -0.042965
vn 0.088242 0.538867 0.837756
vn 0.349358 -0.871838 -0.343289
vn 0.951159 0.297330 0.083020
vn 0.730672 0.331695 -0.596738
vn -0.032051 0.226952 -0.973379
vn 0.082275 -0.840672 -0.535259
vn 0.268008 0.608610 -0.746837
vn 0.990317 0.109975 0.084717
vn 0.762767 0.459238 -0.455287
vn -0.033791 0.534636 -0.844406
vn -0.199508 -0.748146 -0.632830
vn 0.388994 0.414353 -0.822797
vn 0.216652 0.677066 0.703309
vn 0.083512 0.925476 0.369486
vn 0.006765 -0.845181 -0.534438
vn 0.610795 -0.688020 -0.391863
vn 0.006765 -0.845181 -0.534438
vn -0.501989 0.602964 0.620034
vn -0.365696 0.519260 0.772422
vn -0.698931 0.002512 0.715184
vn -0.497204 0.044673 0.866483
vn 0.433708 0.103273 0.895116
vn -0.540209 0.759865 0.361635
vn -0.658307 0.344079 0.669508
vn -0.865061 0.077080 0.495709
vn -0.810637 0.457749 0.365149
vn -0.156974 0.608631 0.777771
vn -0.635717 -0.307769 0.707914
vn -0.736007 0.061772 0.674149
vn -0.958000 -0.049556 0.282455
vn -0.687173 -0.438115 0.579525
vn 0.089582 0.994408 0.055923
vn 0.282723 0.947656 0.148378
vn 0.282723 0.947656 0.148378
vn 0.247471 0.725921 0.641714
vn 0.234976 0.780391 0.579462
vn 0.089582 0.994408 0.055923
vn 0.000085 0.500820 0.865552
vn 0.228036 0.468992 0.853256
vn 0.472911 0.473658 0.742969
vn 0.464670 0.322890 0.824515
vn 0.281672 0.226271 0.932450
vn -0.000004 0.130468 0.991453
vn 0.295990 0.163878 0.941028
vn 0.934039 0.286749 -0.212948
vn 0.581285 0.268358 0.768174
vn 0.788920 0.593168 -0.160489
vn 0.867658 0.313563 0.385810
vn 0.238815 0.238272 0.941379
vn 0.000001 0.250731 0.968057
vn 0.864031 0.221345 0.452168
vn 0.732898 0.494864 0.466874
vn 0.554860 0.159252 0.816559
vn 0.541979 0.234493 0.807014
vn 0.809552 0.210225 0.548116
vn 0.954430 0.178545 -0.239133
vn 0.944359 0.310216 -0.109327
vn 0.718555 -0.114470 0.685985
vn 0.679126 -0.115724 0.724842
vn 0.429102 0.202088 0.880359
vn -0.593289 -0.374454 0.712596
vn -0.239345 0.899843 -0.364686
vn -0.831091 0.381677 0.404487
vn -0.966625 0.116797 0.228022
vn 0.313958 -0.879467 0.357726
vn 0.729580 0.013371 0.683765
vn 0.162543 0.495664 0.853169
vn -0.310772 0.526074 -0.791623
vn -0.604022 0.117132 -0.788313
vn -0.782448 0.592231 -0.192453
vn -0.561325 -0.125874 0.817967
vn -0.941903 0.215247 0.257852
vn -0.466333 -0.155881 0.870766
vn -0.635717 -0.307769 0.707914
vn -0.195598 0.274332 0.941532
vn -0.466333 -0.155881 0.870766
vn -0.984730 0.004691 0.174024
vn -0.275935 0.943052 -0.185776
vn -0.593717 0.670914 0.444269
vn 0.430940 0.855729 0.286387
vn 0.000440 0.175242 0.984525
vn 0.539662 -0.458006 0.706395
vn 0.196293 -0.929890 0.311085
vn 0.001061 -0.935833 0.352444
vn 0.365225 -0.435002 0.823033
vn 0.442129 -0.613820 0.654023
vn 0.186339 0.935716 0.299523
vn 0.667355 -0.730746 0.143692
vn 0.369512 -0.774334 0.513680
vn -0.000268 0.897167 0.441693
vn 0.104899 -0.973561 0.202918
vn -0.071966 -0.992876 0.094962
vn 0.370211 0.503735 0.780510
vn 0.245288 -0.317678 -0.915923
vn 0.438177 -0.709620 -0.551761
vn 0.129085 -0.724946 -0.676603
vn -0.248075 -0.968078 -0.035838
vn 0.345948 0.289237 0.892559
vn 0.944028 -0.314145 -0.100619
vn 0.438177 -0.709620 -0.551761
vn -0.000007 0.271916 0.962321
vn 0.331165 0.319152 0.887959
vn 0.916812 0.184652 0.354061
vn 0.779427 -0.076260 0.621835
vn 0.578515 -0.003297 0.815665
vn 0.510159 -0.064029 0.857693
vn 0.305659 -0.559107 0.770696
vn -0.909862 0.352484 -0.218875
vn -0.623638 0.462558 -0.630171
vn -0.392016 0.757577 0.521920
vn -0.893905 0.432573 -0.117533
vn -0.235336 0.756398 0.610310
vn -0.302707 0.725266 0.618351
vn -0.200109 0.940627 -0.274185
vn -0.173286 0.841386 0.511901
vn 0.545516 0.274558 0.791852
vn -0.385616 0.052432 -0.921168
vn -0.667811 0.155339 -0.727941
vn -0.000000 0.231819 0.972759
vn 0.935255 0.019969 0.353412
vn -0.000000 0.110364 0.993891
vn -0.401146 0.208578 -0.891951
vn -0.497587 0.645731 -0.579170
vn -0.479689 0.753412 -0.449743
vn 0.944028 -0.314145 -0.100619
vn 0.587452 -0.650882 0.480888
vn 0.477261 -0.878759 0.002028
vn 0.704073 -0.004597 0.710113
vn -0.553451 0.815138 -0.171002
vn 0.599321 -0.185222 0.778786
vn 0.223569 0.093587 0.970185
vn 0.249598 0.184475 0.950616
vn 0.974569 -0.024119 -0.222787
vn -0.000000 0.272708 0.962097
vn 0.977339 -0.144731 -0.154473
vn 0.600272 0.121356 0.790536
vn 0.250719 0.283936 0.925484
vn 0.929447 -0.186149 0.318555
vn -0.134977 -0.731551 -0.668292
vn -0.218012 0.812995 -0.539916
vn -0.180689 -0.980859 -0.072572
vn 0.477261 -0.878759 0.002028
vn -0.150516 -0.833751 0.531229
vn 0.301380 0.272847 0.913633
vn -0.121858 -0.794757 0.594569
vn 0.058672 -0.262734 0.963083
vn -0.180689 -0.980859 -0.072572
vn 0.477261 -0.878759 0.002028
vn 0.587452 -0.650882 0.480888
vn 0.730000 -0.412648 -0.544814
vn 0.690191 -0.450104 -0.566606
vn 0.977339 -0.144731 -0.154473
vn 0.612931 0.790067 0.010505
vn 0.447012 0.609622 0.654631
vn 0.233454 0.766656 -0.598112
vn 0.191077 0.248124 -0.949697
vn 0.472510 0.490614 -0.732142
vn 0.133927 0.752456 -0.644883
vn -0.879763 -0.082626 -0.468177
vn -0.051187 0.889620 -0.453823
vn -0.497587 0.645731 -0.579170
vn -0.061517 0.907765 -0.414944
vn -0.950982 -0.309073 -0.010376
vn -0.784495 -0.568037 0.248801
vn -0.843671 -0.076926 0.531321
vn -0.551423 -0.754150 0.356638
vn -0.536568 -0.440689 0.719644
vn -0.142909 -0.660859 0.736778
vn -0.540559 -0.565469 0.622929
vn 0.056553 -0.458731 0.886774
vn -0.515526 -0.097308 0.851330
vn -0.362685 -0.416071 0.833873
vn 0.324116 0.727570 0.604641
vn -0.235336 0.756398 0.610310
vn -0.222118 -0.097464 0.970136
vn -0.412444 -0.426451 0.805003
vn -0.061517 0.907765 -0.414944
vn -0.910219 0.292251 -0.293412
vn 0.230345 0.746569 -0.624161
vn -0.777688 0.103485 -0.620074
vn -0.605811 0.539177 -0.585048
vn -0.533888 0.836312 0.124686
vn -0.287930 -0.546427 0.786456
vn 0.193468 -0.850350 0.489362
vn -0.777039 0.607994 -0.162954
vn -0.497587 0.645731 -0.579170
vn -0.910219 0.292251 -0.293412
vn -0.854018 -0.068560 -0.515706
vn -0.942367 -0.294818 -0.158200
vn -0.316554 -0.193644 0.928599
vn -0.326138 0.181920 0.927652
vn -0.273392 -0.544042 0.793269
vn -0.061517 0.907765 -0.414944
vn 0.308572 -0.224247 -0.924390
vn 0.247729 0.124088 -0.960850
vn 0.166230 0.237461 -0.957068
vn 0.245288 -0.317678 -0.915923
vn 0.979821 -0.147197 0.135219
vn 0.977787 -0.152498 0.143797
vn 0.518098 0.723258 -0.456588
vn -0.204449 -0.854727 0.477120
vn -0.000000 -0.998858 -0.047778
vn 0.408950 -0.735757 0.539835
vn 0.245248 -0.968008 -0.053049
vn 0.319459 -0.943730 -0.085561
vn 0.186339 0.935716 0.299523
vn -0.122321 0.888542 -0.442189
vn -0.000268 0.897167 0.441693
vn 0.000243 0.911548 -0.411195
vn -0.183243 0.936007 0.300521
vn -0.012772 0.897966 -0.439880
vn -0.000783 -0.998336 0.057668
vn -0.256772 -0.964960 0.054045
vn 0.430940 0.855729 0.286387
vn -0.595464 0.737139 -0.319450
vn 0.119270 0.889005 -0.442091
vn -0.414766 -0.908822 0.044859
vn -0.192802 -0.853495 0.484122
vn -0.987653 -0.148598 -0.049606
vn -0.425373 0.856236 0.293117
vn -0.599739 -0.800025 0.016518
vn 0.193468 -0.850350 0.489362
vn 0.453044 0.551724 0.700252
vn -0.037935 0.998058 0.049411
vn -0.000519 0.000000 1.000000
vn 0.000522 0.000000 1.000000
vn 0.594382 -0.803952 0.019295
vn 0.409271 -0.911267 0.045709
vn 0.486279 -0.219800 -0.845707
vn -0.990618 -0.134605 -0.023634
vn 0.838326 0.202095 0.506327
vn 0.588073 0.437015 -0.680580
vn 0.788920 0.593168 -0.160489
vn -0.030086 -0.993915 0.105960
vn -0.540150 -0.184734 0.821043
vn -0.103794 -0.973620 0.203200
vn -0.183243 0.936007 0.300521
vn -0.536886 -0.564274 0.627174
vn 0.219880 -0.948193 0.229308
vn 0.601740 -0.506348 0.617674
vn 0.070944 -0.992945 0.095017
vn -0.082537 0.925595 0.369407
vn -0.533227 -0.454682 0.713396
vn 0.474065 -0.584265 0.658708
vn 0.376515 -0.924151 0.064669
vn -0.245299 -0.967990 -0.053139
vn -0.107843 0.359299 0.926970
vn -0.522642 0.846191 0.103951
vn -0.308621 0.268639 0.912462
vn -0.426879 -0.058665 0.902404
vn 0.091908 0.908306 0.408084
vn -0.506724 -0.063935 0.859734
vn -0.775644 -0.078376 0.626285
vn 0.769514 -0.062098 0.635603
vn -0.001514 0.000000 0.999999
vn -0.001237 0.000000 0.999999
vn 0.047028 0.522519 0.851330
vn 0.014186 0.579298 0.814992
vn 0.001246 0.000000 0.999999
vn 0.254679 -0.965505 0.054218
vn 0.988162 -0.146960 -0.044022
vn -0.598180 -0.427532 -0.677788
vn -0.905473 -0.187159 -0.380907
vn 0.000774 -0.995070 0.099173
vn -0.976783 -0.189809 0.099339
vn -0.000289 -0.607657 0.794199
vn -0.990618 -0.134605 -0.023634
vn -0.471310 0.881523 0.028007
vn -0.120090 0.991670 0.046579
vn 0.000261 0.999714 0.023904
vn 0.405282 0.111970 -0.907309
vn 0.124425 -0.359613 -0.924769
vn 0.991699 0.102843 0.077186
vn -0.217156 -0.007367 0.976109
vn 0.810408 -0.471547 0.347682
vn -0.217156 -0.007367 0.976109
vn 0.995755 -0.036855 -0.084347
vn 0.474812 0.141432 0.868649
vn 0.047306 -0.119996 -0.991647
vn 0.663130 0.493115 0.563113
vn 0.000000 -0.122478 -0.992471
vn 0.690077 -0.176603 0.701858
vn 0.386551 -0.284908 -0.877158
vn -0.314961 -0.567154 0.761010
vn -0.373115 -0.773612 0.512161
vn -0.323135 0.329058 0.887302
vn -0.674324 -0.120865 0.728477
vn -0.946852 -0.298274 -0.120430
vn 0.779529 -0.616481 0.110840
vn -0.945987 -0.307559 -0.102545
vn -0.534650 -0.546542 0.644547
vn -0.315232 -0.879300 0.357016
vn -0.442524 -0.613725 0.653846
vn -0.298679 0.042551 0.953405
vn -0.597373 -0.202974 -0.775852
vn -0.667540 -0.730517 0.143994
vn -0.351885 -0.444121 0.823974
vn -0.729405 0.014596 0.683926
vn -0.534650 -0.546542 0.644547
vn -0.464156 -0.885075 0.034654
vn -0.806319 -0.579271 -0.119561
vn -0.601754 -0.506254 0.617737
vn -0.204449 -0.854727 0.477120
vn 0.779529 -0.616481 0.110840
vn -0.434071 0.104644 0.894781
vn -0.162494 0.496501 0.852691
vn -0.176365 0.686972 0.704957
vn -0.425373 0.856236 0.293117
vn -0.806319 -0.579271 -0.119561
vn -0.231388 -0.943935 0.235469
vn -0.625965 -0.665378 -0.406742
vn -0.704318 -0.689007 -0.170895
vn -0.861972 -0.139147 -0.487485
vn -0.246549 -0.947103 0.205452
vn 0.070499 -0.307514 0.948928
vn 0.131472 -0.340562 -0.930985
vn -0.000000 -0.276050 -0.961143
vn 0.145924 -0.283610 -0.947772
vn -0.704318 -0.689007 -0.170895
vn -0.953746 -0.293303 -0.065887
vn -0.410619 -0.706465 0.576454
vn -0.280134 -0.924162 0.259709
vn 0.097472 0.218353 -0.970990
vn 0.572438 0.039390 0.819001
vn 0.817148 -0.009944 -0.576342
vn -0.522415 -0.835096 0.172328
vn -0.298608 -0.062372 -0.952336
vn 0.644806 0.309128 -0.699046
vn -0.679361 -0.733739 0.009783
vn -0.763109 -0.623338 -0.170627
vn 0.337842 0.307664 0.889497
vn 0.990938 0.102847 0.086397
vn -0.682184 -0.678527 0.272446
vn -0.402127 -0.882380 0.244336
vn -0.826583 -0.548303 0.126980
vn 0.854155 0.489465 -0.175625
vn -0.566395 -0.691280 0.448697
vn 0.000000 0.122739 -0.992439
vn -0.881962 0.351932 0.313508
vn -0.333332 0.437446 0.835183
vn -0.050240 0.942712 0.329802
vn -0.776021 -0.273717 0.568217
vn -0.201852 -0.043970 0.978428
vn -0.439076 -0.054142 0.896817
vn -0.080867 -0.051800 0.995378
vn -0.000000 -0.910846 0.412747
vn 0.421298 0.423821 0.801800
vn 0.316287 0.676399 0.665167
vn 0.219923 -0.675439 0.703858
vn -0.469634 -0.877566 0.096553
vn 0.001528 0.000000 0.999999
vn 0.080865 -0.051800 0.995378
vn -0.888064 0.142621 0.437036
vn 0.439041 -0.054114 0.896836
vn -0.158503 0.151395 0.975682
vn 0.374101 0.758714 0.533293
vn -0.000000 -0.064642 0.997909
vn 0.375531 -0.073876 0.923861
vn -0.824448 -0.542863 0.159957
vn -0.769494 -0.062154 0.635623
vn 0.201853 -0.043969 0.978428
vn -0.118661 -0.809870 0.574483
vn -0.071805 0.897331 0.435478
vn 0.854456 -0.066282 0.515279
vn -0.854456 -0.066281 0.515278
vn 0.336286 -0.545656 0.767575
vn 0.185202 -0.521776 0.832736
vn -0.455679 0.551608 0.698631
vn -0.048057 0.522637 0.851199
vn 0.553825 -0.815050 -0.170210
vn 0.988162 -0.146960 -0.044022
vn 0.070944 -0.992945 0.095017
vn 0.193468 -0.850350 0.489362
vn -0.492318 -0.069623 0.867626
vn 0.108858 -0.480523 0.870200
vn 0.215879 -0.876420 -0.430446
vn -0.103794 -0.973620 0.203200
vn -0.014383 0.579310 0.814980
vn 0.345562 -0.874746 -0.339715
vn 0.000009 0.333439 0.942772
vn -0.030086 -0.993915 0.105960
vn 0.037362 0.998078 0.049437
vn 0.118029 0.991906 0.046814
vn 0.468039 0.883180 0.030537
vn 0.990989 -0.132764 -0.017712
vn -0.987653 -0.148598 -0.049606
vn -0.218228 -0.875846 -0.430431
vn 0.104899 -0.973561 0.202918
vn -0.934784 -0.253954 0.248368
vn -0.000381 -0.875768 -0.482733
vn 0.029933 -0.993907 0.106079
vn -0.557360 -0.812442 -0.171135
vn -0.192802 -0.853495 0.484122
vn -0.109792 -0.480481 0.870106
vn -0.188576 -0.521519 0.832140
vn 0.490915 -0.068259 0.868529
vn -0.352465 -0.872196 -0.339178
vn -0.071966 -0.992876 0.094962
vn -0.337885 -0.546799 0.766058
vn 0.592655 0.740597 -0.316665
vn 0.688004 0.172278 -0.704962
vn 0.275084 0.165798 -0.947016
vn 0.934039 0.286749 -0.212948
vn 0.271936 0.352497 -0.895431
vn 0.639054 0.245209 -0.729029
vn -0.000000 0.103395 -0.994640
vn -0.000009 0.330960 -0.943645
vn 0.339178 0.064152 -0.938532
vn 0.974569 -0.024119 -0.222787
vn 0.685249 0.717868 -0.122879
vn 0.687474 0.671984 0.275348
vn 0.688738 0.674429 0.266056
vn 0.564927 0.638658 0.522468
vn 0.671633 0.739326 -0.048018
vn 0.671633 0.739326 -0.048018
vn 0.474812 0.141432 0.868649
vn -0.298608 -0.062372 -0.952336
vn 0.690077 -0.176603 0.701858
vn 0.685249 0.717868 -0.122879
vn 0.551206 0.736214 -0.392634
vn -0.939039 -0.272896 0.209125
vn -0.817809 -0.253380 -0.516709
vn 0.726504 -0.279915 -0.627567
vn -0.664079 -0.742884 0.084400
vn -0.532341 -0.720884 0.443780
vn 0.314280 -0.153968 -0.936761
vn 0.944359 0.310216 -0.109327
vn -0.699113 -0.710468 0.080475
vn -0.576775 -0.643484 -0.503248
vn 0.000000 0.032061 -0.999486
vn -0.585465 0.078374 0.806900
vn -0.266358 -0.329005 0.905985
vn -0.868365 -0.188861 0.458557
vn -0.860055 0.184548 -0.475655
vn -0.972317 0.076990 0.220618
vn -0.741151 0.031056 0.670620
vn -0.995730 -0.078682 0.048284
vn -0.608501 -0.789089 0.084056
vn -0.739845 -0.250081 0.624571
vn -0.679810 0.174482 -0.712330
vn -0.217156 -0.007367 0.976109
vn -0.749574 -0.439485 -0.494966
vn -0.665632 -0.736766 -0.118785
vn 0.591465 0.576656 0.563593
vn -0.000000 -0.352777 -0.935708
vn -0.527230 -0.749678 0.400014
vn 0.287074 -0.421266 -0.860304
vn 0.262388 -0.442983 -0.857274
vn -0.585715 -0.584328 -0.561693
vn -0.677401 -0.727714 0.107517
vn -0.298608 -0.062372 -0.952336
vn -0.749574 -0.439485 -0.494966
vn -0.977465 0.097703 0.187129
vn -0.690192 -0.676383 -0.257177
vn -0.000000 -0.401424 -0.915893
vn 0.000000 -0.112801 -0.993618
vn -0.684909 -0.674626 -0.275279
vn 0.954430 0.178545 -0.239133
vn -0.731919 -0.609369 -0.304901
vn -0.677401 -0.727714 0.107517
vn -0.608501 -0.789089 0.084056
vn 0.725334 -0.031055 -0.687696
vn -0.860055 0.184548 -0.475655
vn -0.082537 0.925595 0.369407
vn 0.012286 0.897952 -0.439923
vn -0.310525 -0.893034 0.325675
vn -0.852619 0.029689 0.521690
vn -0.742517 -0.533877 0.404530
vn -0.942049 -0.086141 0.324227
vn 0.083512 0.925476 0.369486
vn -0.290905 -0.429205 0.855078
vn -0.577086 -0.593513 0.560994
vn -0.609339 -0.762167 0.218648
vn -0.503215 -0.810725 0.299165
vn -0.432030 -0.646836 0.628453
vn -0.372417 -0.869808 0.323634
vn 0.000000 0.000000 1.000000
vn -0.402970 0.245977 0.881539
vn -0.004414 -0.942461 0.334288
vn 0.636894 -0.622952 0.454199
vn -0.860055 0.184548 -0.475655
vn -0.218359 -0.933252 0.285239
vn -0.625965 -0.665378 -0.406742
vn -0.665632 -0.736766 -0.118785
vn -0.879763 -0.082626 -0.468177
vn 0.386551 -0.284908 -0.877158
vn -0.741151 0.031056 0.670620
vn -0.967247 0.025733 0.252529
vn 0.990989 -0.132764 -0.017712
vn -0.688490 -0.099686 0.718362
vn -0.929761 -0.091018 0.356735
vn 0.610001 -0.357073 0.707388
vn -0.368273 -0.489867 0.790193
vn -0.924522 0.051931 0.377573
vn -0.974447 0.224357 -0.010803
vn -0.965637 -0.150375 0.211975
vn -0.944854 -0.100499 0.311690
vn -0.995730 -0.078682 0.048284
vn 0.810408 -0.471547 0.347682
vn -0.810909 -0.494595 0.312734
vn -0.650116 -0.757319 0.061781
vn -0.774656 -0.049463 0.630445
vn -0.708701 -0.049064 0.703801
vn -0.393555 -0.631245 0.668315
vn -0.485204 0.018632 0.874203
vn -0.511715 -0.005626 0.859137
vn -0.618883 -0.364346 0.695871
vn -0.256704 -0.524854 0.811561
vn -0.762080 -0.294845 0.576454
vn -0.354766 -0.138946 0.924573
vn -0.552198 0.115380 0.825690
vn -0.358075 -0.587546 0.725653
vn -0.731841 -0.083962 0.676283
vn -0.359565 0.029032 0.932668
vn -0.313927 -0.296257 0.902043
vn -0.236769 0.118752 0.964281
vn -0.367825 -0.597056 0.712902
vn -0.389810 -0.370442 0.843102
vn -0.264840 0.231875 0.935999
vn -0.706899 0.275385 0.651504
vn -0.859448 0.212405 -0.465008
vn -0.204424 0.266260 -0.941975
vn 0.230345 0.746569 -0.624161
vn -0.425211 0.697942 0.576258
vn -0.959616 0.246852 0.134913
vn -0.384873 -0.314959 0.867568
vn -0.228816 0.187316 0.955278
vn -0.401369 -0.483231 0.778068
vn -0.250982 0.172374 0.952521
vn -0.243285 -0.423374 0.872678
vn -0.250982 0.172374 0.952521
vn -0.592809 0.044158 0.804132
vn -0.051187 0.889620 -0.453823
vn -0.707561 -0.699941 0.097160
vn -0.298274 -0.760399 0.576911
vn -0.381235 -0.718939 0.581195
vn -0.594075 -0.280588 0.753887
vn -0.160715 0.256745 0.953023
vn 0.518785 -0.097578 0.849318
vn 0.000668 -0.429794 0.902927
vn 0.364910 0.422255 -0.829784
vn 0.224563 -0.097733 0.969546
vn -0.000137 0.229057 0.973413
vn 0.367130 -0.416393 0.831765
vn -0.583675 -0.811438 0.029862
vn -0.917362 -0.091587 0.387374
vn 0.406927 0.728374 -0.551255
vn 0.670805 0.142328 -0.727848
vn 0.184698 0.245539 -0.951629
vn -0.243761 -0.853026 -0.461440
vn -0.381537 -0.912387 -0.148256
vn 0.614499 0.539912 -0.575227
vn 0.558927 -0.747280 0.359406
vn 0.240780 -0.856252 -0.457009
vn 0.552733 -0.108512 -0.826263
vn 0.711440 -0.695118 0.103265
vn 0.786140 -0.565605 0.249149
vn 0.777601 0.103784 -0.620133
vn 0.854100 -0.067726 -0.515680
vn 0.959292 0.247253 0.136469
vn 0.584157 0.771003 -0.253605
vn 0.623638 0.462558 -0.630172
vn 0.778449 0.600906 -0.181464
vn 0.667811 0.155339 -0.727941
vn 0.864496 0.461642 -0.198828
vn 0.218012 0.812995 -0.539916
vn -0.000000 0.192672 -0.981263
vn 0.479690 0.753412 -0.449743
vn -0.000000 0.990127 -0.140173
vn 0.282201 0.942510 -0.178991
vn 0.302707 0.725266 0.618351
vn -0.000000 0.882489 -0.470333
vn 0.173285 0.841386 0.511901
vn 0.558595 0.816524 -0.145808
vn 0.000000 0.992968 -0.118380
vn 0.200109 0.940627 -0.274185
vn 0.593717 0.670913 0.444269
vn 0.243635 0.899500 -0.362687
vn -0.000000 0.895280 -0.445504
vn 0.401146 0.208578 -0.891951
vn -0.000000 0.630310 -0.776344
vn -0.000000 0.114059 -0.993474
vn 0.605393 0.120796 -0.786707
vn 0.310772 0.526074 -0.791623
vn 0.235335 0.756398 0.610311
vn 0.385616 0.052432 -0.921168
vn 0.051188 0.889620 -0.453824
vn 0.235335 0.756398 0.610311
vn 0.123158 0.887471 -0.444103
vn 0.144693 -0.662302 0.735133
vn 0.910220 0.292248 -0.293412
vn 0.425213 0.697940 0.576258
vn 0.350070 0.447081 -0.823146
vn 0.000082 -0.797227 0.603680
vn 0.000566 -0.140079 0.990140
vn 0.386812 -0.718270 0.578330
vn 0.394662 0.709181 -0.584213
vn 0.000002 -0.287882 -0.957666
vn 0.923343 -0.100808 0.370508
vn 0.371755 -0.917578 -0.140886
vn 0.583583 -0.811822 0.019386
vn 0.951561 -0.307294 -0.010120
vn 0.532155 0.837120 0.126651
vn 0.584595 -0.285082 0.759590
vn 0.860394 0.209478 -0.464587
vn 0.051188 0.889620 -0.453824
vn 0.592810 0.044157 0.804131
vn 0.123158 0.887471 -0.444103
vn 0.123158 0.887471 -0.444103
vn -0.192802 -0.853495 0.484122
vn 0.872950 -0.087182 -0.479955
vn -0.239065 0.728589 -0.641876
vn 0.910220 0.292248 -0.293412
vn 0.250981 0.172373 0.952521
vn 0.000652 -0.617891 0.786264
vn 0.250981 0.172373 0.952521
vn -0.324116 0.727570 0.604641
vn 0.243350 -0.421612 0.873513
vn 0.550189 -0.567769 0.612316
vn 0.280815 -0.546070 0.789272
vn -0.056746 -0.460033 0.886087
vn -0.000000 0.830097 0.557619
vn 0.501988 0.602964 0.620034
vn 0.468277 0.059716 0.881562
vn 0.474698 0.260127 0.840830
vn -0.000000 0.058135 0.998309
vn 0.909862 0.352485 -0.218875
vn 0.268761 0.089082 0.959079
vn -0.000000 0.276464 0.961024
vn 0.000000 0.880412 0.474210
vn 0.539787 -0.442670 0.716012
vn 0.831092 0.381677 0.404487
vn 0.417734 -0.427243 0.801849
vn 0.941952 0.215275 0.257650
vn 0.403697 -0.482897 0.777071
vn 0.315995 -0.189231 0.929698
vn 0.000000 0.737896 -0.674914
vn 0.519431 0.406550 -0.751604
vn 0.162392 0.256424 0.952825
vn 0.818912 -0.566082 0.094523
vn 0.286492 -0.551752 0.783257
vn 0.942715 -0.293625 -0.158346
vn 0.701189 0.276049 0.657367
vn -0.239065 0.728589 -0.641876
vn -0.000000 0.429961 -0.902848
vn 0.367199 0.288934 -0.884128
vn 0.285739 0.649159 -0.704944
vn 0.642209 -0.317699 0.697592
vn 0.555706 -0.130103 0.821136
vn 0.966625 0.116797 0.228022
vn 0.641705 0.328799 -0.692898
vn 0.000015 -0.974617 -0.223881
vn 0.842992 -0.076420 0.532471
vn 0.658308 0.344079 0.669508
vn 0.736927 0.064012 0.672935
vn 0.699985 0.000231 0.714158
vn 0.642209 -0.317699 0.697592
vn 0.778345 0.606593 -0.161942
vn 0.810637 0.457748 0.365149
vn 0.865061 0.077079 0.495709
vn 0.957866 -0.049987 0.282831
vn 0.739850 -0.239262 0.628789
vn 0.460429 -0.159733 0.873207
vn 0.984831 0.004472 0.173458
vn 0.195576 0.273816 0.941687
vn 0.460429 -0.159733 0.873207
vn -0.000000 0.545654 0.838010
vn 0.156974 0.608630 0.777771
vn 0.364910 0.422255 -0.829784
vn 0.540209 0.759865 0.361635
vn 0.365696 0.519261 0.772422
vn 0.000000 0.914818 0.403865
vn 0.289991 0.917066 0.273669
vn 0.231472 -0.382535 0.894476
vn 0.523123 -0.833209 -0.179179
vn -0.000000 0.783260 0.621695
vn 0.227416 0.790579 0.568565
vn 0.521081 -0.717443 0.462332
vn 0.134377 -0.302362 0.943674
vn 0.225930 0.301593 0.926282
vn -0.000000 -0.109833 0.993950
vn 0.496090 -0.821832 -0.280155
vn 0.403481 -0.206693 0.891337
vn 0.000632 -0.107843 0.994168
vn 0.000866 -0.690084 0.723729
vn 0.453708 -0.474268 0.754466
vn 0.756938 -0.319877 0.569845
vn -0.256539 0.636717 0.727172
vn -0.950913 0.285733 0.118832
vn 0.242415 -0.104527 0.964525
vn -0.706263 0.432971 0.560115
vn -0.811530 0.506876 0.290682
vn 0.894620 0.426972 -0.131719
vn 0.693139 -0.719702 0.039845
vn -0.350555 0.924684 0.148565
vn 0.882757 0.438185 0.169511
vn 0.250411 0.945932 0.206171
vn 0.216453 0.665275 0.714533
vn -0.951310 0.275409 -0.138416
vn -0.923006 0.224729 -0.312342
vn -0.112057 0.185291 -0.976274
vn -0.217983 0.307085 -0.926381
vn 0.566811 0.313062 -0.762048
vn -0.275172 0.931625 0.237391
vn -0.852953 0.502982 -0.139574
vn -0.867781 0.483647 0.114204
vn -0.362437 0.931767 0.021228
vn 0.264729 0.962315 0.062187
vn 0.824097 0.491252 0.282022
vn -0.595561 -0.658818 0.459636
vn -0.725612 0.282101 -0.627620
vn -0.739287 0.203888 -0.641782
vn -0.768006 0.214585 -0.603423
vn -0.109916 0.205502 -0.972465
vn -0.731418 0.240627 -0.638065
vn 0.179742 0.729284 0.660180
vn -0.485906 -0.009326 0.873961
vn -0.714874 -0.660589 -0.229299
vn -0.734387 -0.678514 0.017182
vn 0.658610 -0.735176 -0.160466
vn 0.204501 0.943017 0.262486
vn 0.664438 0.469679 0.581312
vn -0.393328 -0.461067 0.795431
vn -0.102049 0.165087 -0.980985
vn 0.791380 -0.609151 -0.051501
vn 0.320393 0.483585 0.814551
vn 0.715224 -0.682752 -0.149348
vn -0.415162 -0.076097 -0.906559
vn -0.526646 -0.103521 -0.843758
vn -0.339225 -0.365613 -0.866749
vn -0.616846 0.527271 0.584369
vn -0.815560 0.170320 -0.553040
vn 0.163893 0.219368 0.961778
vn 0.812517 -0.335756 0.476534
vn 0.724147 -0.640247 -0.256311
vn 0.724147 -0.640247 -0.256311
vn 0.745932 0.246161 0.618862
vn 0.997824 0.058400 -0.030593
vn 0.600136 0.217852 -0.769660
vn 0.653812 0.130097 -0.745389
vn 0.993216 0.111417 -0.033290
vn 0.997824 0.058400 -0.030593
vn 0.839819 -0.066739 0.538749
vn 0.393349 0.461778 0.795008
vn -0.766376 0.594548 0.243270
vn -0.784438 0.573621 0.235831
vn 0.433139 -0.555836 -0.709533
vn -0.395041 -0.205903 -0.895291
vn -0.248339 0.712616 0.656130
vn -0.715641 0.680248 0.158498
vn -0.797955 0.248962 -0.548895
vn -0.896760 0.440729 -0.039744
vn 0.095468 -0.536291 -0.838616
vn -0.946998 0.320645 0.019548
vn -0.651625 0.340062 0.678044
vn -0.975172 0.217210 -0.043121
vn 0.088561 0.290879 0.952652
vn 0.363533 -0.725035 -0.584951
vn -0.866612 0.341473 -0.363842
vn -0.823100 0.320761 -0.468634
vn 0.791380 -0.609151 -0.051501
vn 0.486501 -0.846688 -0.215493
vn 0.741686 0.440277 -0.506021
vn 0.673671 -0.734970 -0.077374
vn 0.533853 0.752941 0.384812
vn 0.593396 -0.645180 -0.481274
vn 0.505958 0.200928 0.838829
vn -0.302954 0.685208 0.662351
vn 0.345190 0.465955 0.814696
vn -0.279894 0.639042 0.716439
vn 0.264163 0.385015 0.884297
vn 0.533853 0.752941 0.384812
vn 0.741686 0.440277 -0.506021
vn 0.694886 -0.228635 0.681806
vn 0.240530 0.380954 0.892759
vn 0.580621 -0.814091 -0.011610
vn 0.680552 -0.719981 -0.135930
vn 0.089027 -0.175265 -0.980488
vn 0.659084 -0.736456 0.152453
vn 0.528105 -0.093284 0.844039
vn 0.960492 -0.178285 0.213706
vn 0.705241 -0.683267 -0.189161
vn 0.715224 -0.682752 -0.149348
vn 0.450568 0.409152 0.793463
vn 0.695369 -0.699645 -0.164190
vn 0.313033 0.938504 0.145671
vn 0.433139 -0.555836 -0.709533
vn 0.776004 -0.567490 0.275269
vn 0.343651 0.128347 0.930286
vn 0.647389 -0.659878 -0.381378
vn 0.187679 -0.269758 -0.944461
vn 0.838132 -0.472850 0.271932
vn 0.807851 -0.060635 0.586259
vn 0.705241 -0.683267 -0.189161
vn 0.230800 -0.581864 -0.779850
vn 0.876479 -0.323103 0.356916
vn 0.313033 0.938504 0.145671
vn 0.668599 -0.600502 -0.438603
vn -0.955647 -0.226311 0.188472
vn -0.750237 -0.274272 0.601598
vn -0.501402 -0.702104 -0.505614
vn -0.737156 0.233110 0.634240
vn 0.193384 -0.426587 -0.883531
vn 0.585211 -0.738056 -0.335859
vn 0.960492 -0.178285 0.213706
vn 0.715224 -0.682752 -0.149348
vn 0.433139 -0.555836 -0.709533
vn 0.636287 -0.760442 -0.129873
vn 0.775794 -0.576869 -0.255667
vn 0.946457 -0.203639 -0.250502
vn 0.402887 -0.758758 -0.511828
vn -0.938178 -0.291952 0.185973
vn 0.837259 0.450382 0.310085
vn -0.938178 -0.291952 0.185973
vn -0.532389 0.298600 0.792086
vn -0.924471 -0.370453 0.090105
vn 0.849725 0.435866 0.296627
vn -0.924471 -0.370453 0.090105
vn 0.095233 0.666821 0.739108
vn -0.750237 -0.274272 0.601598
vn -0.358477 -0.917647 -0.171517
vn 0.214424 -0.976495 -0.021891
vn -0.579896 -0.704706 -0.408790
vn 0.926206 -0.155476 -0.343468
vn 0.600925 -0.705037 -0.376579
vn 0.817116 -0.496052 -0.293691
vn 0.193384 -0.426587 -0.883531
vn 0.187679 -0.269758 -0.944461
vn 0.946457 -0.203639 -0.250502
vn -0.447217 -0.806974 -0.385732
vn 0.174199 0.663545 0.727573
vn 0.926206 -0.155476 -0.343468
vn 0.031372 -0.530299 0.847230
vn -0.955647 -0.226311 0.188472
vn 0.216480 -0.698058 -0.682534
vn 0.583878 0.278339 0.762637
vn 0.829152 -0.121847 0.545583
vn 0.000952 0.688493 0.725242
vn 0.573248 0.010522 0.819315
vn 0.772693 0.370834 0.515197
vn 0.832362 -0.111524 0.542895
vn 0.000635 0.493826 0.869561
vn 0.601391 -0.227656 0.765834
vn 0.667985 -0.115246 0.735197
vn 0.786948 -0.159669 0.596003
vn 0.277534 0.403398 0.871920
vn 0.000000 -0.047650 0.998864
vn 0.487227 0.367137 0.792351
vn 0.951205 -0.094619 -0.293695
vn 0.411336 -0.041586 0.910535
vn 0.000402 0.506908 0.862000
vn 0.659596 -0.748081 0.072851
vn 0.028147 -0.320230 -0.946922
vn -0.230713 -0.844295 0.483670
vn 0.180599 -0.960387 0.212231
vn -0.565212 0.000000 0.824946
vn -0.659694 -0.748002 0.072781
vn 0.083409 -0.649534 0.755744
vn 0.583421 -0.260184 -0.769366
vn -0.659694 -0.748002 0.072781
vn 0.486532 0.000000 0.873663
vn -0.230713 -0.844295 0.483670
vn -0.951190 -0.094609 -0.293747
vn 0.180599 -0.960387 0.212231
vn -0.028260 -0.320229 -0.946919
vn 0.083409 -0.649534 0.755744
vn -0.337385 -0.694194 -0.635819
vn -0.951190 -0.094609 -0.293747
vn 0.337241 -0.694286 -0.635795
vn -0.961433 0.128034 -0.243423
vn -0.526253 -0.147658 0.837409
vn -0.583594 -0.260144 -0.769248
vn 0.246970 0.753208 0.609658
vn -0.080368 0.000000 0.996765
vn 0.060773 -0.490473 -0.869335
vn 0.679671 0.710925 0.180646
vn -0.187975 0.913725 0.360238
vn 0.607176 -0.137975 0.782496
vn 0.961418 0.128036 -0.243482
vn 0.679671 0.710925 0.180646
vn 0.659596 -0.748081 0.072851
vn 0.090934 -0.172930 0.980727
vn -0.094244 0.511686 0.853988
vn 0.246970 0.753208 0.609658
vn -0.072205 0.643989 -0.761620
vn 0.961418 0.128036 -0.243482
vn -0.060888 -0.490491 -0.869316
vn 0.072322 0.644008 -0.761593
vn -0.679583 0.710986 0.180736
vn -0.370422 0.786154 -0.494722
vn 0.027788 0.479805 -0.876935
vn -0.187975 0.913725 0.360238
vn 0.951205 -0.094619 -0.293695
vn -0.961433 0.128034 -0.243423
vn -0.027676 0.479806 -0.876938
vn -0.625686 0.374421 -0.684344
vn -0.187975 0.913725 0.360238
vn -0.679583 0.710986 0.180736
vn 0.028147 -0.320230 -0.946922
vn 0.000082 0.884782 -0.466006
vn 0.370575 0.786063 -0.494752
vn -0.094244 0.511686 0.853988
vn -0.526253 -0.147658 0.837409
vn -0.000093 -0.320357 -0.947297
vn -0.000076 -0.789362 -0.613928
vn 0.625857 0.374362 -0.684219
vn 0.000102 0.479982 -0.877278
vt 0.996900 0.994800
vt 0.983300 0.994800
vt 0.983300 0.980000
vt 0.987600 0.980000
vt 0.992100 0.994800
vt 0.973200 0.994800
vt 0.978900 0.994800
vt 0.987600 0.994800
vt 0.585400 0.578600
vt 0.437400 0.365200
vt 0.454800 0.363900
vt 0.438200 0.358700
vt 0.996900 0.980000
vt 0.992100 0.964800
vt 0.992100 0.980000
vt 0.987600 0.964800
vt 0.973200 0.980000
vt 0.978900 0.980000
vt 0.996900 0.964800
vt 0.978900 0.964800
vt 0.973200 0.964800
vt 0.572700 0.550200
vt 0.565600 0.552800
vt 0.415200 0.364400
vt 0.395400 0.362700
vt 0.395200 0.350200
vt 0.415600 0.355500
vt 0.608500 0.566000
vt 0.600300 0.574800
vt 0.555300 0.523500
vt 0.566000 0.523000
vt 0.553600 0.516900
vt 0.568200 0.515100
vt 0.579200 0.544000
vt 0.583900 0.535100
vt 0.619400 0.533100
vt 0.462200 0.356700
vt 0.644100 0.605600
vt 0.629200 0.578600
vt 0.630400 0.618400
vt 0.616600 0.593500
vt 0.452300 0.352000
vt 0.462900 0.351500
vt 0.614900 0.551500
vt 0.454500 0.346600
vt 0.542200 0.531100
vt 0.550100 0.534300
vt 0.546800 0.522600
vt 0.552000 0.526200
vt 0.455700 0.358400
vt 0.640400 0.523400
vt 0.629600 0.542700
vt 0.611600 0.629100
vt 0.595200 0.603300
vt 0.625300 0.522300
vt 0.348400 0.265100
vt 0.763100 0.470400
vt 0.465300 0.229700
vt 0.496800 0.235800
vt 0.466300 0.232900
vt 0.469500 0.246300
vt 0.494500 0.228800
vt 0.500400 0.190900
vt 0.629100 0.445900
vt 0.879800 0.818800
vt 0.613600 0.980800
vt 0.582600 0.990000
vt 0.632900 0.981700
vt 0.445300 0.024300
vt 0.766400 0.990000
vt 0.618600 0.449500
vt 0.445700 0.269900
vt 0.456000 0.255600
vt 0.454700 0.261800
vt 0.608700 0.447000
vt 0.458400 0.264600
vt 0.412700 0.046400
vt 0.411700 0.038800
vt 0.427600 0.031800
vt 0.435200 0.031500
vt 0.445700 0.269900
vt 0.423000 0.254500
vt 0.608700 0.447000
vt 0.421000 0.275000
vt 0.450800 0.007600
vt 0.406900 0.047100
vt 0.494300 0.224800
vt 0.412000 0.244900
vt 0.425600 0.236700
vt 0.416300 0.250600
vt 0.697500 0.422100
vt 0.674300 0.453200
vt 0.700800 0.451500
vt 0.618600 0.449500
vt 0.457000 0.277400
vt 0.420500 0.277600
vt 0.663800 0.452000
vt 0.434000 0.236200
vt 0.454700 0.261800
vt 0.573200 0.990000
vt 0.458400 0.264600
vt 0.402600 0.054900
vt 0.629100 0.445900
vt 0.456000 0.255600
vt 0.449200 0.278100
vt 0.437500 0.267600
vt 0.610300 0.454000
vt 0.598000 0.979500
vt 0.744200 0.439400
vt 0.720500 0.438100
vt 0.363300 0.248600
vt 0.634900 0.436300
vt 0.357700 0.248700
vt 0.715700 0.456600
vt 0.617300 0.471900
vt 0.639000 0.467200
vt 0.620200 0.454500
vt 0.631300 0.449800
vt 0.626700 0.470700
vt 0.444900 0.292300
vt 0.646700 0.463100
vt 0.441600 0.263300
vt 0.425300 0.277800
vt 0.376400 0.377600
vt 0.372200 0.366400
vt 0.351000 0.331900
vt 0.380000 0.346400
vt 0.386600 0.286600
vt 0.348700 0.347200
vt 0.385300 0.272200
vt 0.660400 0.482500
vt 0.380000 0.277800
vt 0.414500 0.286100
vt 0.408400 0.298000
vt 0.389600 0.327900
vt 0.388100 0.276400
vt 0.361800 0.283500
vt 0.373000 0.317100
vt 0.412300 0.292700
vt 0.355900 0.285500
vt 0.362500 0.289300
vt 0.353200 0.308100
vt 0.340400 0.294200
vt 0.424200 0.321700
vt 0.904200 0.990100
vt 0.428500 0.309200
vt 0.423600 0.304900
vt 0.619400 0.533100
vt 0.625300 0.522300
vt 0.766700 0.476100
vt 0.763100 0.470400
vt 0.640400 0.523400
vt 0.775900 0.485500
vt 0.337300 0.276900
vt 0.782800 0.491500
vt 0.350700 0.272800
vt 0.767200 0.494400
vt 0.775200 0.500100
vt 0.335700 0.266100
vt 0.344400 0.275100
vt 0.342400 0.267800
vt 0.336300 0.268600
vt 0.352900 0.258900
vt 0.358300 0.252100
vt 0.779100 0.482500
vt 0.378200 0.248100
vt 0.347300 0.262600
vt 0.742000 0.460500
vt 0.719300 0.442100
vt 0.360700 0.264100
vt 0.729200 0.460700
vt 0.787700 0.460300
vt 0.791400 0.467800
vt 0.410800 0.317600
vt 0.343400 0.305400
vt 0.341700 0.265000
vt 0.348900 0.292300
vt 0.359400 0.281200
vt 0.700800 0.482200
vt 0.407500 0.286000
vt 0.336300 0.268600
vt 0.357400 0.270700
vt 0.782800 0.491500
vt 0.354500 0.262600
vt 0.766700 0.476100
vt 0.775900 0.485500
vt 0.342400 0.267800
vt 0.775200 0.500100
vt 0.337300 0.276900
vt 0.344400 0.275100
vt 0.350700 0.272800
vt 0.351400 0.275300
vt 0.767200 0.494400
vt 0.757900 0.485600
vt 0.754500 0.478700
vt 0.432800 0.282100
vt 0.335700 0.266100
vt 0.728400 0.466800
vt 0.714000 0.462700
vt 0.340100 0.291200
vt 0.761200 0.522200
vt 0.646700 0.463100
vt 0.639000 0.467200
vt 0.345000 0.277800
vt 0.705400 0.461200
vt 0.742000 0.466100
vt 0.363400 0.280400
vt 0.737000 0.484100
vt 0.369800 0.279500
vt 0.699600 0.428700
vt 0.665500 0.429300
vt 0.421300 0.258100
vt 0.414100 0.254200
vt 0.688000 0.432900
vt 0.675800 0.432600
vt 0.427900 0.259300
vt 0.430300 0.284600
vt 0.629000 0.476500
vt 0.618400 0.478100
vt 0.741600 0.489300
vt 0.750000 0.481000
vt 0.763500 0.516600
vt 0.422200 0.292600
vt 0.772400 0.504200
vt 0.417900 0.287600
vt 0.754900 0.488400
vt 0.398700 0.279100
vt 0.413900 0.274300
vt 0.400700 0.266200
vt 0.406500 0.266700
vt 0.374500 0.263700
vt 0.365500 0.263000
vt 0.781000 0.963600
vt 0.650900 0.984600
vt 0.573200 0.968800
vt 0.674300 0.982800
vt 0.583600 0.974100
vt 0.703100 0.480800
vt 0.781000 0.990000
vt 0.769400 0.965300
vt 0.361400 0.267700
vt 0.675100 0.457900
vt 0.415700 0.270600
vt 0.752800 0.990000
vt 0.470400 0.039200
vt 0.374100 0.260000
vt 0.366100 0.266700
vt 0.477800 0.025800
vt 0.480500 0.162300
vt 0.713300 0.432400
vt 0.381200 0.263600
vt 0.370400 0.246200
vt 0.639800 0.442800
vt 0.377100 0.244200
vt 0.362300 0.230300
vt 0.368500 0.225100
vt 0.452800 0.280900
vt 0.358600 0.227000
vt 0.732900 0.439800
vt 0.442600 0.272800
vt 0.357500 0.274100
vt 0.784700 0.488200
vt 0.341700 0.265000
vt 0.366600 0.229200
vt 0.347300 0.262600
vt 0.352900 0.258900
vt 0.779100 0.482500
vt 0.767300 0.466200
vt 0.784700 0.488200
vt 0.757900 0.485600
vt 0.770600 0.472900
vt 0.757000 0.892800
vt 0.473000 0.168100
vt 0.701900 0.957900
vt 0.753900 0.918900
vt 0.728900 0.957800
vt 0.727200 0.942700
vt 0.381200 0.260800
vt 0.498000 0.111000
vt 0.732000 0.444300
vt 0.794800 0.468100
vt 0.363500 0.251700
vt 0.371100 0.249000
vt 0.744500 0.444200
vt 0.711100 0.437700
vt 0.726400 0.929400
vt 0.790100 0.454800
vt 0.335500 0.249100
vt 0.344800 0.244600
vt 0.706500 0.455300
vt 0.342900 0.248000
vt 0.337900 0.250300
vt 0.337900 0.250300
vt 0.794800 0.468100
vt 0.787700 0.460300
vt 0.791400 0.467800
vt 0.767300 0.466200
vt 0.335500 0.249100
vt 0.770600 0.472900
vt 0.498900 0.178100
vt 0.344800 0.244600
vt 0.342900 0.248000
vt 0.689500 0.990000
vt 0.755100 0.971400
vt 0.781000 0.883200
vt 0.495800 0.167900
vt 0.757700 0.947400
vt 0.689000 0.982500
vt 0.726900 0.911900
vt 0.662900 0.477700
vt 0.623700 0.498000
vt 0.663700 0.456400
vt 0.489600 0.162100
vt 0.691100 0.969100
vt 0.647400 0.939500
vt 0.615600 0.957400
vt 0.754500 0.478700
vt 0.351400 0.275300
vt 0.357500 0.274100
vt 0.357400 0.270700
vt 0.699100 0.980100
vt 0.623200 0.937200
vt 0.770000 0.943800
vt 0.409800 0.249400
vt 0.663800 0.452000
vt 0.425300 0.277800
vt 0.444900 0.292300
vt 0.626700 0.470700
vt 0.457000 0.277400
vt 0.423100 0.279900
vt 0.338200 0.280000
vt 0.451600 0.274300
vt 0.764300 0.497100
vt 0.347900 0.288800
vt 0.441600 0.263300
vt 0.656400 0.480200
vt 0.494800 0.212900
vt 0.496900 0.243100
vt 0.463600 0.217800
vt 0.672400 0.990000
vt 0.404700 0.039800
vt 0.399100 0.040700
vt 0.434500 0.020800
vt 0.400800 0.047700
vt 0.442200 0.013700
vt 0.455800 0.014500
vt 0.420700 0.045800
vt 0.688900 0.453600
vt 0.700800 0.451500
vt 0.420600 0.036500
vt 0.449200 0.032600
vt 0.423000 0.254500
vt 0.429300 0.239900
vt 0.438600 0.043800
vt 0.416300 0.250600
vt 0.648800 0.467200
vt 0.597500 0.990000
vt 0.676200 0.427500
vt 0.429200 0.301200
vt 0.438100 0.291900
vt 0.433900 0.305300
vt 0.641000 0.471400
vt 0.442400 0.295200
vt 0.434000 0.236200
vt 0.412000 0.244900
vt 0.401800 0.264100
vt 0.420500 0.277600
vt 0.674300 0.453200
vt 0.429300 0.254700
vt 0.421000 0.275000
vt 0.424900 0.231000
vt 0.697500 0.422100
vt 0.666400 0.423000
vt 0.425600 0.236700
vt 0.687500 0.426800
vt 0.781000 0.909500
vt 0.573200 0.917000
vt 0.462700 0.191800
vt 0.492500 0.252300
vt 0.484900 0.256100
vt 0.901100 0.846400
vt 0.940000 0.848600
vt 0.700000 0.875600
vt 0.809500 0.961800
vt 0.883800 0.952000
vt 0.956800 0.957800
vt 0.677100 0.877400
vt 0.634900 0.436300
vt 0.739900 0.411400
vt 0.461600 0.263200
vt 0.919100 0.908000
vt 0.831200 0.958900
vt 0.849000 0.956100
vt 0.920500 0.956300
vt 0.676200 0.427500
vt 0.666400 0.423000
vt 0.498300 0.201900
vt 0.476200 0.254200
vt 0.429300 0.239900
vt 0.648800 0.467200
vt 0.741600 0.489300
vt 0.422200 0.292600
vt 0.442400 0.295200
vt 0.641000 0.471400
vt 0.656400 0.480200
vt 0.424900 0.231000
vt 0.423100 0.279900
vt 0.884800 0.969400
vt 0.772400 0.504200
vt 0.764300 0.497100
vt 0.848800 0.967700
vt 0.417900 0.287600
vt 0.618400 0.478100
vt 0.629000 0.476500
vt 0.347900 0.288800
vt 0.430300 0.284600
vt 0.865400 0.953400
vt 0.750000 0.481000
vt 0.405400 0.337100
vt 0.754900 0.488400
vt 0.345000 0.277800
vt 0.588200 0.526000
vt 0.420700 0.345100
vt 0.438100 0.291900
vt 0.433900 0.305300
vt 0.440700 0.288800
vt 0.421400 0.363700
vt 0.451600 0.274300
vt 0.579700 0.570800
vt 0.757800 0.566200
vt 0.364400 0.338800
vt 0.339500 0.329400
vt 0.755200 0.609300
vt 0.334700 0.358100
vt 0.361900 0.360900
vt 0.592000 0.566600
vt 0.356700 0.368700
vt 0.736500 0.492000
vt 0.920700 0.970800
vt 0.957800 0.966200
vt 0.957700 0.975000
vt 0.424600 0.346300
vt 0.934300 0.967700
vt 0.922100 0.982400
vt 0.903500 0.971100
vt 0.936600 0.979000
vt 0.452300 0.352000
vt 0.546800 0.522600
vt 0.595200 0.603300
vt 0.611600 0.629100
vt 0.810800 0.970200
vt 0.552000 0.526200
vt 0.849100 0.976400
vt 0.454500 0.346600
vt 0.455700 0.358400
vt 0.568200 0.515100
vt 0.616600 0.593500
vt 0.348400 0.265100
vt 0.630400 0.618400
vt 0.566000 0.523000
vt 0.542200 0.531100
vt 0.550100 0.534300
vt 0.553600 0.516900
vt 0.462200 0.356700
vt 0.608500 0.566000
vt 0.438200 0.358700
vt 0.583900 0.535100
vt 0.437400 0.365200
vt 0.462900 0.351500
vt 0.579200 0.544000
vt 0.833200 0.970000
vt 0.810900 0.978900
vt 0.572700 0.550200
vt 0.834400 0.975700
vt 0.593700 0.529200
vt 0.760500 0.534900
vt 0.422000 0.356200
vt 0.744500 0.444200
vt 0.719300 0.442100
vt 0.358300 0.252100
vt 0.378200 0.248100
vt 0.790100 0.454800
vt 0.711100 0.437700
vt 0.363500 0.251700
vt 0.715700 0.456600
vt 0.363300 0.248600
vt 0.729200 0.460700
vt 0.357700 0.248700
vt 0.742000 0.460500
vt 0.360700 0.264100
vt 0.706500 0.455300
vt 0.371100 0.249000
vt 0.426900 0.338900
vt 0.381200 0.263600
vt 0.674500 0.488200
vt 0.667300 0.552600
vt 0.664800 0.592000
vt 0.731000 0.504300
vt 0.404400 0.269500
vt 0.617300 0.471900
vt 0.639900 0.505400
vt 0.432800 0.282100
vt 0.653600 0.492800
vt 0.724400 0.495500
vt 0.745800 0.532700
vt 0.724200 0.527300
vt 0.736500 0.603000
vt 0.727900 0.409900
vt 0.741700 0.561600
vt 0.734900 0.415200
vt 0.718300 0.557500
vt 0.715700 0.593600
vt 0.688100 0.398500
vt 0.727600 0.416200
vt 0.964300 0.856100
vt 0.799900 0.837000
vt 0.964800 0.835900
vt 0.693400 0.552400
vt 0.638900 0.496700
vt 0.752400 0.510500
vt 0.709000 0.491600
vt 0.646600 0.557700
vt 0.599800 0.871600
vt 0.781000 0.858800
vt 0.626100 0.874800
vt 0.626000 0.901300
vt 0.449300 0.140300
vt 0.749700 0.517000
vt 0.687500 0.935100
vt 0.651500 0.876100
vt 0.699900 0.499600
vt 0.740800 0.501500
vt 0.442300 0.115200
vt 0.670700 0.936700
vt 0.690900 0.486700
vt 0.664000 0.499700
vt 0.479500 0.145800
vt 0.677500 0.907500
vt 0.454800 0.363900
vt 0.395200 0.350200
vt 0.600300 0.574800
vt 0.608400 0.535400
vt 0.415600 0.355500
vt 0.434300 0.358100
vt 0.434800 0.341400
vt 0.429200 0.301200
vt 0.432400 0.364500
vt 0.604900 0.533900
vt 0.605600 0.546700
vt 0.732000 0.444300
vt 0.381200 0.260800
vt 0.377100 0.244200
vt 0.599000 0.558900
vt 0.713300 0.432400
vt 0.720500 0.438100
vt 0.370400 0.246200
vt 0.555300 0.523500
vt 0.644100 0.605600
vt 0.614900 0.551500
vt 0.649500 0.920300
vt 0.573200 0.888500
vt 0.458900 0.113000
vt 0.472500 0.108400
vt 0.456100 0.128000
vt 0.481600 0.120500
vt 0.577800 0.554700
vt 0.753200 0.871400
vt 0.585400 0.578600
vt 0.565600 0.552800
vt 0.415200 0.364400
vt 0.438600 0.342400
vt 0.584400 0.547300
vt 0.424100 0.330200
vt 0.650500 0.902900
vt 0.395400 0.362700
vt 0.425900 0.337300
vt 0.435100 0.348400
vt 0.589100 0.536500
vt 0.569900 0.558700
vt 0.439000 0.348900
vt 0.362300 0.230300
vt 0.437500 0.267600
vt 0.610300 0.454000
vt 0.639800 0.442800
vt 0.366600 0.229200
vt 0.368500 0.225100
vt 0.358600 0.227000
vt 0.726800 0.877100
vt 0.744200 0.439400
vt 0.732900 0.439800
vt 0.464400 0.148300
vt 0.485600 0.103400
vt 0.466000 0.131700
vt 0.474900 0.128200
vt 0.485800 0.078300
vt 0.469500 0.091000
vt 0.450500 0.095100
vt 0.625400 0.504700
vt 0.428900 0.094600
vt 0.492600 0.051900
vt 0.498900 0.080200
vt 0.422900 0.076200
vt 0.354500 0.262600
vt 0.629200 0.578600
vt 0.629600 0.542700
vt 0.713600 0.974500
vt 0.731800 0.973800
vt 0.695600 0.524000
vt 0.631300 0.449800
vt 0.440700 0.288800
vt 0.690800 0.589600
vt 0.449200 0.278100
vt 0.620200 0.454500
vt 0.665100 0.519600
vt 0.452800 0.280900
vt 0.442600 0.272800
vt 0.677200 0.404600
vt 0.819000 0.826400
vt 0.842300 0.842300
vt 0.900300 0.822000
vt 0.881900 0.843500
vt 0.821800 0.848700
vt 0.943400 0.821300
vt 0.861100 0.839800
vt 0.859000 0.816200
vt 0.801300 0.858600
vt 0.880100 0.797700
vt 0.601300 0.893300
vt 0.919900 0.803400
vt 0.860500 0.793500
vt 0.919200 0.821500
vt 0.573200 0.866600
vt 0.942800 0.805500
vt 0.623800 0.917500
vt 0.902100 0.907700
vt 0.883100 0.905500
vt 0.804600 0.915200
vt 0.601400 0.924500
vt 0.845100 0.903500
vt 0.840300 0.819500
vt 0.863500 0.902000
vt 0.684400 0.403600
vt 0.900300 0.802000
vt 0.613400 0.432400
vt 0.816800 0.801700
vt 0.798600 0.812100
vt 0.966500 0.813900
vt 0.840800 0.795500
vt 0.936200 0.908300
vt 0.959300 0.911700
vt 0.828000 0.907900
vt 0.609500 0.427100
vt 0.674100 0.399000
vt 0.621700 0.429300
vt 0.620500 0.420500
vt 0.918700 0.846000
vt 0.480700 0.057300
vt 0.418300 0.100100
vt 0.408500 0.074000
vt 0.715300 0.990000
vt 0.973200 0.933600
vt 0.996900 0.917700
vt 0.992000 0.916800
vt 0.978900 0.901800
vt 0.973200 0.917700
vt 0.987600 0.901800
vt 0.978900 0.917700
vt 0.983300 0.901800
vt 0.987600 0.917700
vt 0.983300 0.917700
vt 0.996900 0.933600
vt 0.992100 0.933600
vt 0.987600 0.949400
vt 0.983300 0.949400
vt 0.973200 0.949400
vt 0.978900 0.949400
vt 0.996900 0.949400
vt 0.983300 0.964800
vt 0.978900 0.826400
vt 0.983300 0.840900
vt 0.978900 0.840900
vt 0.987600 0.840900
vt 0.996900 0.826400
vt 0.992100 0.826400
vt 0.992100 0.855700
vt 0.973200 0.855700
vt 0.996900 0.870700
vt 0.992100 0.870700
vt 0.987600 0.826400
vt 0.016500 0.546900
vt 0.018900 0.549300
vt 0.022500 0.537700
vt 0.022200 0.550200
vt 0.015900 0.532800
vt 0.025500 0.549400
vt 0.028000 0.547100
vt 0.983300 0.933600
vt 0.973200 0.901800
vt 0.992100 0.886200
vt 0.973200 0.886200
vt 0.978900 0.886200
vt 0.987600 0.933600
vt 0.978900 0.933600
vt 0.992100 0.949400
vt 0.012600 0.526800
vt 0.973200 0.826400
vt 0.016700 0.540700
vt 0.992100 0.840900
vt 0.996900 0.855700
vt 0.983300 0.886200
vt 0.015700 0.543800
vt 0.025800 0.538600
vt 0.009000 0.543700
vt 0.011900 0.560700
vt 0.992100 0.901800
vt 0.996900 0.886200
vt 0.973200 0.870700
vt 0.978900 0.870700
vt 0.987600 0.886200
vt 0.996900 0.901800
vt 0.983300 0.826400
vt 0.010900 0.537400
vt 0.004700 0.553400
vt 0.973200 0.840900
vt 0.019200 0.538500
vt 0.996900 0.840900
vt 0.983300 0.870700
vt 0.028100 0.540900
vt 0.002200 0.543600
vt 0.010700 0.550100
vt 0.978900 0.855700
vt 0.987600 0.855700
vt 0.022300 0.543900
vt 0.983300 0.855700
vt 0.987600 0.870700
vt 0.029000 0.544100
vt 0.005100 0.533800
vt 0.631500 0.990000
vt 0.429700 0.045800
vt 0.459800 0.031200
vt 0.462500 0.205600
vt 0.614100 0.990000
vt 0.651400 0.990000
vt 0.933500 0.957600
vt 0.883800 0.989300
vt 0.903600 0.953300
vt 0.864900 0.984000
vt 0.866800 0.966700
vt 0.429300 0.254700
vt 0.675800 0.432600
vt 0.414100 0.254200
vt 0.401800 0.264100
vt 0.409800 0.249400
vt 0.688900 0.453600
vt 0.421300 0.258100
vt 0.699600 0.428700
vt 0.665500 0.429300
vt 0.461600 0.263200
vt 0.688000 0.432900
vt 0.687500 0.426800
vt 0.427900 0.259300
vt 0.763500 0.516600
vt 0.737000 0.484100
vt 0.742000 0.466100
vt 0.761200 0.522200
vt 0.338200 0.280000
vt 0.340100 0.291200
vt 0.728400 0.466800
vt 0.714000 0.462700
vt 0.705400 0.461200
vt 0.703100 0.480800
vt 0.363400 0.280400
vt 0.369800 0.279500
vt 0.374100 0.260000
vt 0.361400 0.267700
vt 0.803400 0.453700
vt 0.817400 0.478100
vt 0.805200 0.466800
vt 0.829100 0.466800
vt 0.908400 0.392400
vt 0.911300 0.396400
vt 0.930300 0.418400
vt 0.885500 0.424700
vt 0.924900 0.393700
vt 0.910900 0.401100
vt 0.992000 0.849000
vt 0.543700 0.312700
vt 0.980800 0.849000
vt 0.517100 0.291500
vt 0.743600 0.005400
vt 0.776600 0.017400
vt 0.550200 0.009500
vt 0.511000 0.009500
vt 0.661100 0.360000
vt 0.642800 0.360600
vt 0.672200 0.368100
vt 0.668400 0.361400
vt 0.638300 0.368200
vt 0.602300 0.372700
vt 0.599600 0.378900
vt 0.597900 0.395500
vt 0.627500 0.378900
vt 0.623800 0.372300
vt 0.548200 0.374700
vt 0.521900 0.397500
vt 0.552900 0.395900
vt 0.524700 0.380500
vt 0.555000 0.379800
vt 0.532300 0.371500
vt 0.542300 0.370800
vt 0.518200 0.397000
vt 0.524900 0.372900
vt 0.543100 0.367900
vt 0.550600 0.372200
vt 0.590800 0.379100
vt 0.738600 0.114700
vt 0.668400 0.332200
vt 0.608500 0.358000
vt 0.560500 0.009200
vt 0.587000 0.012100
vt 0.560500 0.006900
vt 0.707900 0.008400
vt 0.517100 0.048300
vt 0.618100 0.006300
vt 0.543700 0.099300
vt 0.543700 0.073200
vt 0.517100 0.174900
vt 0.671200 0.385400
vt 0.668600 0.369100
vt 0.711300 0.398800
vt 0.640400 0.386500
vt 0.772100 0.384000
vt 0.776100 0.388300
vt 0.684800 0.083100
vt 0.644100 0.342000
vt 0.697100 0.395200
vt 0.770400 0.378500
vt 0.725300 0.394800
vt 0.686200 0.356600
vt 0.684300 0.113800
vt 0.772000 0.372800
vt 0.735000 0.355900
vt 0.684700 0.007300
vt 0.619800 0.010500
vt 0.517100 0.073200
vt 0.517100 0.151200
vt 0.517100 0.218700
vt 0.543700 0.218700
vt 0.543700 0.270500
vt 0.517100 0.270500
vt 0.543700 0.196400
vt 0.651100 0.359300
vt 0.710500 0.341300
vt 0.636600 0.386200
vt 0.665400 0.363400
vt 0.684300 0.066100
vt 0.779500 0.086100
vt 0.652300 0.337000
vt 0.696400 0.346100
vt 0.580900 0.337300
vt 0.683500 0.040000
vt 0.560000 0.337300
vt 0.645200 0.363100
vt 0.908400 0.392400
vt 0.930100 0.428400
vt 0.926600 0.436000
vt 0.928400 0.412500
vt 0.931700 0.439600
vt 0.935700 0.425000
vt 0.970000 0.360700
vt 0.972100 0.355000
vt 0.778900 0.433600
vt 0.776400 0.435200
vt 0.874000 0.414700
vt 0.882100 0.405000
vt 0.878200 0.400500
vt 0.911300 0.396400
vt 0.885500 0.424700
vt 0.881400 0.430400
vt 0.775600 0.439000
vt 0.777800 0.440000
vt 0.879800 0.421600
vt 0.925000 0.423100
vt 0.930300 0.418400
vt 0.770200 0.424100
vt 0.769900 0.428900
vt 0.873300 0.408500
vt 0.914600 0.430600
vt 0.886500 0.408000
vt 0.881500 0.414000
vt 0.777000 0.432100
vt 0.770500 0.425400
vt 0.911700 0.424700
vt 0.918200 0.442400
vt 0.910900 0.401100
vt 0.885000 0.446400
vt 0.913000 0.420200
vt 0.763000 0.428500
vt 0.911700 0.424700
vt 0.885300 0.418100
vt 0.926300 0.400300
vt 0.885500 0.424700
vt 0.911600 0.416000
vt 0.932300 0.406100
vt 0.913100 0.409200
vt 0.886500 0.408000
vt 0.924900 0.393700
vt 0.724600 0.345700
vt 0.775700 0.378400
vt 0.918200 0.442400
vt 0.943400 0.821300
vt 0.785900 0.368400
vt 0.962300 0.354700
vt 0.992700 0.335800
vt 0.915200 0.438400
vt 0.683400 0.371100
vt 0.775800 0.368500
vt 0.885000 0.446400
vt 0.873300 0.408500
vt 0.914600 0.430600
vt 0.902900 0.355600
vt 0.969100 0.423900
vt 0.970400 0.401000
vt 0.998200 0.415200
vt 0.949300 0.398600
vt 0.991600 0.407000
vt 0.989100 0.398800
vt 0.838100 0.442900
vt 0.835000 0.447600
vt 0.994700 0.399800
vt 0.991700 0.374700
vt 0.817400 0.436600
vt 0.951000 0.397000
vt 0.986400 0.380800
vt 0.942100 0.399700
vt 0.969900 0.373600
vt 0.817100 0.442700
vt 0.940100 0.415000
vt 0.952900 0.380700
vt 0.817000 0.453600
vt 0.970400 0.413300
vt 0.969100 0.365800
vt 0.946600 0.374600
vt 0.948600 0.406800
vt 0.943800 0.397800
vt 0.799300 0.455200
vt 0.911600 0.416000
vt 0.928400 0.412500
vt 0.935700 0.425000
vt 0.913100 0.409200
vt 0.926600 0.436000
vt 0.930100 0.428400
vt 0.881400 0.430400
vt 0.874000 0.414700
vt 0.879800 0.421600
vt 0.913000 0.420200
vt 0.925000 0.423100
vt 0.911700 0.424700
vt 0.885000 0.446400
vt 0.873300 0.408500
vt 0.886500 0.408000
vt 0.881500 0.414000
vt 0.885300 0.418100
vt 0.913100 0.409200
vt 0.911600 0.416000
vt 0.914600 0.430600
vt 0.915200 0.438400
vt 0.931700 0.439600
vt 0.926600 0.436000
vt 0.935700 0.425000
vt 0.938500 0.086200
vt 0.961900 0.077400
vt 0.399200 0.166100
vt 0.391600 0.136300
vt 0.404000 0.164500
vt 0.367800 0.149100
vt 0.987000 0.301800
vt 0.960300 0.300300
vt 0.898500 0.300700
vt 0.830500 0.309600
vt 0.935200 0.298100
vt 0.878200 0.308200
vt 0.834900 0.327200
vt 0.858000 0.321200
vt 0.844800 0.330800
vt 0.974300 0.201300
vt 0.964600 0.197200
vt 0.963300 0.201900
vt 0.924700 0.062500
vt 0.987000 0.196700
vt 0.124900 0.346200
vt 0.987000 0.288900
vt 0.138200 0.362400
vt 0.961800 0.286900
vt 0.883500 0.290100
vt 0.856600 0.297900
vt 0.283100 0.412600
vt 0.255600 0.361300
vt 0.277800 0.414800
vt 0.918500 0.297100
vt 0.230500 0.347900
vt 0.324900 0.079400
vt 0.349100 0.090700
vt 0.879200 0.070700
vt 0.885400 0.080600
vt 0.915100 0.076400
vt 0.586900 0.009000
vt 0.607600 0.014800
vt 0.543700 0.048300
vt 0.517100 0.099300
vt 0.543700 0.174900
vt 0.517100 0.245000
vt 0.543700 0.291500
vt 0.517100 0.291500
vt 0.607800 0.339300
vt 0.583800 0.359800
vt 0.709500 0.114900
vt 0.778100 0.110600
vt 0.684900 0.098400
vt 0.511000 0.099300
vt 0.729700 0.098200
vt 0.511000 0.126700
vt 0.683400 0.022100
vt 0.511000 0.048300
vt 0.550200 0.048300
vt 0.517100 0.022800
vt 0.992000 0.981400
vt 0.980800 0.981400
vt 0.517100 0.126700
vt 0.992000 0.955500
vt 0.980800 0.969700
vt 0.517100 0.196400
vt 0.992000 0.928600
vt 0.980800 0.940900
vt 0.543700 0.245000
vt 0.992000 0.849000
vt 0.992000 0.835700
vt 0.543700 0.312700
vt 0.980800 0.876100
vt 0.543700 0.009500
vt 0.517100 0.312700
vt 0.980800 0.849000
vt 0.980800 0.835700
vt 0.560000 0.359900
vt 0.671500 0.282000
vt 0.511000 0.218700
vt 0.550200 0.218700
vt 0.511000 0.174900
vt 0.550200 0.174900
vt 0.980000 0.144000
vt 0.971800 0.152700
vt 0.980300 0.151700
vt 0.931300 0.284400
vt 0.907300 0.283700
vt 0.249900 0.394700
vt 0.302000 0.417600
vt 0.832600 0.283700
vt 0.201900 0.392300
vt 0.785900 0.305200
vt 0.809100 0.306800
vt 0.274200 0.329200
vt 0.855200 0.204600
vt 0.875300 0.266000
vt 0.861600 0.239800
vt 0.904900 0.105400
vt 0.872400 0.121000
vt 0.916100 0.105200
vt 0.906800 0.122000
vt 0.865200 0.337300
vt 0.849900 0.351300
vt 0.949000 0.106100
vt 0.963400 0.103900
vt 0.848600 0.090100
vt 0.963900 0.143500
vt 0.284100 0.369400
vt 0.298400 0.419000
vt 0.809800 0.251500
vt 0.255700 0.334300
vt 0.317500 0.331700
vt 0.266300 0.385900
vt 0.293100 0.327700
vt 0.802900 0.275100
vt 0.310400 0.331500
vt 0.312900 0.365300
vt 0.320800 0.284000
vt 0.307100 0.364900
vt 0.813200 0.179300
vt 0.256000 0.390700
vt 0.235500 0.378200
vt 0.243800 0.371100
vt 0.846200 0.130900
vt 0.826700 0.153300
vt 0.963600 0.126600
vt 0.822900 0.122300
vt 0.861200 0.099800
vt 0.942000 0.125100
vt 0.297300 0.366500
vt 0.272900 0.374700
vt 0.946100 0.356400
vt 0.901100 0.846400
vt 0.910900 0.401100
vt 0.964800 0.835900
vt 0.926300 0.400300
vt 0.900300 0.822000
vt 0.881900 0.843500
vt 0.819000 0.826400
vt 0.879800 0.818800
vt 0.940000 0.848600
vt 0.799900 0.837000
vt 0.781000 0.378300
vt 0.789800 0.372600
vt 0.786300 0.378200
vt 0.791600 0.378100
vt 0.735100 0.384300
vt 0.687000 0.385100
vt 0.821800 0.848700
vt 0.964300 0.856100
vt 0.861100 0.839800
vt 0.798600 0.812100
vt 0.801300 0.858600
vt 0.816800 0.801700
vt 0.859000 0.816200
vt 0.880100 0.797700
vt 0.738300 0.370100
vt 0.781200 0.389800
vt 0.786300 0.388100
vt 0.780800 0.366900
vt 0.810000 0.394500
vt 0.842300 0.842300
vt 0.885300 0.418100
vt 0.840300 0.819500
vt 0.881500 0.414000
vt 0.900300 0.802000
vt 0.550200 0.022800
vt 0.511000 0.022800
vt 0.404400 0.269500
vt 0.406500 0.266700
vt 0.625400 0.504700
vt 0.511000 0.073200
vt 0.992000 0.829300
vt 0.653600 0.492800
vt 0.639900 0.505400
vt 0.638900 0.496700
vt 0.110900 0.980500
vt 0.068700 0.986000
vt 0.110700 0.993300
vt 0.052900 0.983400
vt 0.623700 0.498000
vt 0.980800 0.829300
vt 0.992000 0.969700
vt 0.130500 0.984700
vt 0.072000 0.993300
vt 0.980800 0.993500
vt 0.690900 0.486700
vt 0.740800 0.501500
vt 0.674500 0.488200
vt 0.752400 0.510500
vt 0.992000 0.993500
vt 0.980800 0.955500
vt 0.646600 0.557700
vt 0.724400 0.495500
vt 0.992000 0.940900
vt 0.709000 0.491600
vt 0.664000 0.499700
vt 0.079600 0.993300
vt 0.131300 0.993300
vt 0.980800 0.928600
vt 0.992000 0.916800
vt 0.980800 0.916800
vt 0.664800 0.592000
vt 0.667300 0.552600
vt 0.699900 0.499600
vt 0.665100 0.519600
vt 0.992000 0.903800
vt 0.517100 0.009500
vt 0.148000 0.980600
vt 0.147000 0.993300
vt 0.980800 0.903800
vt 0.599100 0.805800
vt 0.695600 0.524000
vt 0.690800 0.589600
vt 0.693400 0.552400
vt 0.992000 0.876100
vt 0.980800 0.862200
vt 0.731000 0.504300
vt 0.749700 0.517000
vt 0.600400 0.844000
vt 0.626400 0.805600
vt 0.745800 0.532700
vt 0.550200 0.073200
vt 0.550200 0.099300
vt 0.550200 0.126700
vt 0.413900 0.274300
vt 0.415700 0.270600
vt 0.663700 0.456400
vt 0.550200 0.151200
vt 0.662900 0.477700
vt 0.511000 0.151200
vt 0.511000 0.196400
vt 0.550200 0.196400
vt 0.398700 0.279100
vt 0.675100 0.457900
vt 0.400700 0.266200
vt 0.053200 0.993300
vt 0.096100 0.993300
vt 0.094200 0.985400
vt 0.701200 0.456000
vt 0.393400 0.273600
vt 0.511000 0.270500
vt 0.511000 0.245000
vt 0.366100 0.266700
vt 0.689000 0.458700
vt 0.698100 0.479700
vt 0.550200 0.245000
vt 0.736500 0.603000
vt 0.724200 0.527300
vt 0.992000 0.890700
vt 0.980800 0.890700
vt 0.365500 0.263000
vt 0.374500 0.263700
vt 0.992000 0.862200
vt 0.715700 0.593600
vt 0.781000 0.838400
vt 0.751200 0.844700
vt 0.751300 0.806300
vt 0.045200 0.986100
vt 0.074900 0.981900
vt 0.677300 0.849200
vt 0.727600 0.416200
vt 0.718300 0.557500
vt 0.741700 0.561600
vt 0.572000 0.369000
vt 0.582400 0.369100
vt 0.587800 0.373000
vt 0.566300 0.373600
vt 0.799300 0.447700
vt 0.796600 0.442900
vt 0.798100 0.453900
vt 0.562600 0.395800
vt 0.932300 0.406100
vt 0.915200 0.438400
vt 0.926300 0.400300
vt 0.926600 0.436000
vt 0.924900 0.393700
vt 0.918200 0.442400
vt 0.935700 0.425000
vt 0.878200 0.400500
vt 0.932300 0.406100
vt 0.908400 0.392400
vt 0.882100 0.405000
vt 0.928400 0.412500
vt 0.835600 0.453900
vt 0.830800 0.453700
vt 0.801300 0.471800
vt 0.970500 0.403500
vt 0.833500 0.471800
vt 0.931700 0.439600
vt 0.882100 0.405000
vt 0.878200 0.400500
vt 0.517100 0.151200
vt 0.543700 0.151200
vt 0.517100 0.048300
vt 0.517100 0.174900
vt 0.543700 0.245000
vt 0.517100 0.245000
vt 0.543700 0.009500
vt 0.517100 0.009500
vt 0.517100 0.312700
vt 0.543700 0.126700
vt 0.517100 0.022800
vt 0.543700 0.218700
vt 0.980800 0.862200
vt 0.992000 0.862200
vt 0.550200 0.314200
vt 0.992000 0.876100
vt 0.511000 0.174900
vt 0.511000 0.151200
vt 0.550200 0.218700
vt 0.550200 0.291500
vt 0.511000 0.314200
vt 0.511000 0.245000
vt 0.550200 0.099300
vt 0.550200 0.174900
vt 0.550200 0.245000
vt 0.511000 0.099300
vt 0.511000 0.196400
vt 0.550200 0.196400
vt 0.511000 0.270500
vt 0.550200 0.270500
vt 0.727400 0.007900
vt 0.517100 0.126700
vt 0.543700 0.048300
vt 0.543700 0.196400
vt 0.517100 0.270500
vt 0.517100 0.218700
vt 0.992000 0.835700
vt 0.780400 0.342800
vt 0.799500 0.366800
vt 0.810000 0.360400
vt 0.543700 0.099300
vt 0.517100 0.099300
vt 0.517100 0.196400
vt 0.543700 0.270500
vt 0.543700 0.291500
vt 0.980800 0.835700
vt 0.980800 0.876100
vt 0.980800 0.890700
vt 0.762100 0.367400
vt 0.751400 0.361300
vt 0.763400 0.348500
vt 0.769800 0.358000
vt 0.780600 0.353500
vt 0.797600 0.347900
vt 0.791500 0.357600
vt 0.802700 0.377800
vt 0.813800 0.377600
vt 0.771100 0.016600
vt 0.511000 0.291500
vt 0.511000 0.218700
vt 0.621700 0.429300
vt 0.620500 0.420500
vt 0.845100 0.903500
vt 0.863500 0.902000
vt 0.804600 0.915200
vt 0.828000 0.907900
vt 0.609500 0.427100
vt 0.613400 0.432400
vt 0.677200 0.404600
vt 0.727900 0.409900
vt 0.936200 0.908300
vt 0.883100 0.905500
vt 0.800100 0.389000
vt 0.902100 0.907700
vt 0.959300 0.911700
vt 0.734900 0.415200
vt 0.434900 0.126000
vt 0.698100 0.479700
vt 0.467000 0.176800
vt 0.701200 0.456000
vt 0.490700 0.133700
vt 0.702000 0.931400
vt 0.671200 0.966100
vt 0.726200 0.891100
vt 0.633100 0.962200
vt 0.700700 0.906700
vt 0.650900 0.966600
vt 0.573200 0.948200
vt 0.601000 0.954100
vt 0.585800 0.952600
vt 0.781000 0.938800
vt 0.688100 0.398500
vt 0.739900 0.411400
vt 0.684400 0.403600
vt 0.674100 0.399000
vt 0.662100 0.356800
vt 0.650300 0.356400
vt 0.859000 0.383300
vt 0.865700 0.381300
vt 0.528000 0.374900
vt 0.617900 0.367900
vt 0.607600 0.368500
vt 0.865000 0.385800
vt 0.556700 0.395600
vt 0.551700 0.380800
vt 0.836300 0.393800
vt 0.563000 0.380500
vt 0.521200 0.379600
vt 0.531400 0.368300
vt 0.838800 0.392100
vt 0.845200 0.402900
vt 0.674900 0.384900
vt 0.641600 0.369300
vt 0.790000 0.383700
vt 0.853300 0.392600
vt 0.864900 0.410000
vt 0.830400 0.356000
vt 0.831400 0.355300
vt 0.836500 0.364700
vt 0.829800 0.370500
vt 0.861100 0.398200
vt 0.628700 0.396500
vt 0.860500 0.379800
vt 0.857500 0.407000
vt 0.855600 0.409600
vt 0.863900 0.406300
vt 0.924100 0.345300
vt 0.977600 0.342700
vt 0.976500 0.329000
vt 0.980300 0.328000
vt 0.925400 0.335500
vt 0.928800 0.345500
vt 0.982100 0.351200
vt 0.947400 0.333900
vt 0.970900 0.331600
vt 0.940800 0.345400
vt 0.952200 0.352200
vt 0.953100 0.337400
vt 0.994000 0.345700
vt 0.989500 0.344200
vt 0.956800 0.339600
vt 0.983500 0.355800
vt 0.966100 0.350200
vt 0.961300 0.339800
vt 0.769900 0.444100
vt 0.761500 0.433900
vt 0.763300 0.435500
vt 0.761500 0.430600
vt 0.777700 0.428200
vt 0.762400 0.440300
vt 0.778500 0.430200
vt 0.780100 0.426800
vt 0.769600 0.442800
vt 0.764200 0.439200
vt 0.965200 0.336000
vt 0.769900 0.433200
vt 0.760300 0.427200
vt 0.763900 0.432300
vt 0.937800 0.327700
vt 0.852000 0.368400
vt 0.841900 0.373400
vt 0.856800 0.380600
vt 0.819300 0.360000
vt 0.825100 0.358500
vt 0.834100 0.356100
vt 0.827800 0.354300
vt 0.854200 0.382200
vt 0.792300 0.397500
vt 0.955700 0.354500
vt 0.849500 0.365900
vt 0.798400 0.407200
vt 0.819300 0.373100
vt 0.822000 0.362300
vt 0.929600 0.337900
vt 0.879000 0.365600
vt 0.829600 0.431900
vt 0.903900 0.362100
vt 0.828200 0.415900
vt 0.842600 0.432400
vt 0.845800 0.415300
vt 0.849000 0.437900
vt 0.808900 0.416500
vt 0.832100 0.436900
vt 0.853800 0.414700
vt 0.814300 0.428300
vt 0.930700 0.377700
vt 0.903900 0.378600
vt 0.918500 0.379100
vt 0.914300 0.361800
vt 0.873700 0.363900
vt 0.925700 0.354600
vt 0.829600 0.431900
vt 0.814300 0.428300
vt 0.842600 0.432400
vt 0.849000 0.437900
vt 0.798300 0.429100
vt 0.868000 0.389100
vt 0.867900 0.398700
vt 0.926300 0.400300
vt 0.918200 0.442400
vt 0.885300 0.418100
vt 0.885000 0.446400
vt 0.881500 0.414000
vt 0.911700 0.424700
vt 0.886500 0.408000
vt 0.873300 0.408500
vt 0.928400 0.412500
vt 0.910900 0.401100
vt 0.932300 0.406100
vt 0.924900 0.393700
vt 0.915200 0.438400
vt 0.913000 0.420200
vt 0.930300 0.418400
vt 0.925000 0.423100
vt 0.874000 0.414700
vt 0.879800 0.421600
vt 0.885500 0.424700
vt 0.881400 0.430400
vt 0.911300 0.396400
vt 0.930100 0.428400
vt 0.822900 0.371600
vt 0.841800 0.360800
vt 0.826100 0.379600
vt 0.941800 0.330400
vt 0.846600 0.387200
vt 0.936300 0.353200
vt 0.919200 0.821500
vt 0.988800 0.336100
vt 0.823400 0.384600
vt 0.843100 0.377600
vt 0.781400 0.400900
vt 0.781600 0.412200
vt 0.764600 0.407700
vt 0.770300 0.397900
vt 0.934600 0.355500
vt 0.822500 0.355800
vt 0.942800 0.805500
vt 0.966500 0.813900
vt 0.832700 0.384200
vt 0.832700 0.379900
vt 0.840800 0.795500
vt 0.918700 0.846000
vt 0.748200 0.378500
vt 0.752600 0.395400
vt 0.759300 0.378500
vt 0.762300 0.389600
vt 0.919900 0.803400
vt 0.948100 0.360400
vt 0.860500 0.793500
vt 0.593500 0.396200
vt 0.847500 0.400700
vt 0.868900 0.385600
vt 0.817100 0.471600
vt 0.873700 0.363900
vt 0.792100 0.416200
vt 0.869000 0.398600
vt 0.913000 0.420200
vt 0.776000 0.436600
vt 0.879000 0.365600
vt 0.911300 0.396400
vt 0.925000 0.423100
vt 0.930300 0.418400
vt 0.770200 0.439600
vt 0.881400 0.430400
vt 0.764700 0.436800
vt 0.879800 0.421600
vt 0.874000 0.414700
vt 0.930100 0.428400
vt 0.878200 0.400500
vt 0.908400 0.392400
vt 0.914300 0.361800
vt 0.867600 0.376800
vt 0.798300 0.429100
vt 0.902900 0.355600
vt 0.832100 0.436900
vt 0.903900 0.362100
vt 0.914600 0.430600
vt 0.911600 0.416000
vt 0.931700 0.439600
vt 0.882100 0.405000
vt 0.913100 0.409200
vt 0.543700 0.073200
vt 0.543700 0.174900
vt 0.992000 0.890700
vt 0.517100 0.073200
vt 0.980800 0.928600
vt 0.992000 0.928600
vt 0.992000 0.903800
vt 0.606300 0.011500
vt 0.619800 0.010500
vt 0.644100 0.342000
vt 0.980800 0.903800
vt 0.980800 0.940900
vt 0.980800 0.916800
vt 0.992000 0.940900
vt 0.980800 0.981400
vt 0.992000 0.969700
vt 0.980800 0.969700
vt 0.550200 0.151200
vt 0.511000 0.073200
vt 0.550200 0.048300
vt 0.992000 0.829300
vt 0.550200 0.073200
vt 0.980800 0.829300
vt 0.511000 0.048300
vt 0.550200 0.126700
vt 0.992000 0.981400
vt 0.511000 0.022800
vt 0.980800 0.955500
vt 0.980800 0.993500
vt 0.586900 0.009000
vt 0.776700 0.020600
vt 0.707900 0.008400
vt 0.729700 0.098200
vt 0.580900 0.337300
vt 0.640400 0.346400
vt 0.607800 0.339300
vt 0.779500 0.086100
vt 0.992000 0.916800
vt 0.608500 0.358000
vt 0.709500 0.114900
vt 0.618100 0.006300
vt 0.543700 0.022800
vt 0.607600 0.014800
vt 0.631900 0.337700
vt 0.652300 0.337000
vt 0.776500 0.038400
vt 0.779900 0.064000
vt 0.583800 0.359800
vt 0.671500 0.282000
vt 0.668400 0.332200
vt 0.778100 0.110600
vt 0.738600 0.114700
vt 0.587000 0.012100
vt 0.992000 0.955500
vt 0.992000 0.993500
vt 0.550200 0.022800
vt 0.511000 0.126700
vt 0.579600 0.123000
vt 0.593100 0.121100
vt 0.595500 0.058800
vt 0.597600 0.065900
vt 0.586800 0.146600
vt 0.586700 0.134300
vt 0.669700 0.183800
vt 0.590500 0.029900
vt 0.668400 0.146100
vt 0.673800 0.236800
vt 0.592800 0.159300
vt 0.595800 0.133200
vt 0.580100 0.167400
vt 0.597700 0.147000
vt 0.669500 0.139000
vt 0.592300 0.049000
vt 0.576100 0.064300
vt 0.575200 0.106000
vt 0.583300 0.109600
vt 0.874600 0.377800
vt 0.925700 0.354600
vt 0.584600 0.220800
vt 0.608400 0.306100
vt 0.560500 0.216100
vt 0.560500 0.224500
vt 0.560000 0.305000
vt 0.631100 0.275300
vt 0.560000 0.244800
vt 0.653400 0.275800
vt 0.560500 0.150700
vt 0.560500 0.025900
vt 0.618300 0.104000
vt 0.650500 0.309500
vt 0.659500 0.232600
vt 0.644600 0.204000
vt 0.638100 0.232500
vt 0.585400 0.246000
vt 0.586500 0.185100
vt 0.605400 0.090100
vt 0.628300 0.123300
vt 0.608900 0.275600
vt 0.632800 0.307800
vt 0.629300 0.152000
vt 0.588500 0.203300
vt 0.612800 0.246000
vt 0.642700 0.213100
vt 0.795700 0.226100
vt 0.642400 0.200300
vt 0.560000 0.273400
vt 0.585000 0.213000
vt 0.614600 0.181900
vt 0.892200 0.155300
vt 0.116400 0.234400
vt 0.142500 0.260000
vt 0.162900 0.238700
vt 0.164200 0.259500
vt 0.166400 0.267200
vt 0.961300 0.176000
vt 0.929200 0.177100
vt 0.932900 0.192700
vt 0.987000 0.234700
vt 0.920700 0.148400
vt 0.943300 0.169600
vt 0.947600 0.182800
vt 0.941000 0.156000
vt 0.949100 0.191400
vt 0.960800 0.156900
vt 0.885700 0.175000
vt 0.970300 0.230300
vt 0.069000 0.231900
vt 0.866600 0.149700
vt 0.857400 0.170100
vt 0.941600 0.220000
vt 0.965500 0.266900
vt 0.948700 0.247700
vt 0.882100 0.203000
vt 0.953000 0.226000
vt 0.908700 0.208100
vt 0.987000 0.258800
vt 0.929700 0.208600
vt 0.968200 0.252500
vt 0.909600 0.175700
vt 0.067400 0.267600
vt 0.118400 0.260500
vt 0.128500 0.202900
vt 0.876200 0.110200
vt 0.079300 0.189800
vt 0.629300 0.152000
vt 0.575200 0.106000
vt 0.560500 0.168800
vt 0.560500 0.044700
vt 0.583000 0.305200
vt 0.644700 0.221300
vt 0.582800 0.275900
vt 0.608400 0.306100
vt 0.608900 0.275600
vt 0.612800 0.246000
vt 0.560500 0.208900
vt 0.583000 0.305200
vt 0.588500 0.203300
vt 0.650500 0.309500
vt 0.592800 0.159300
vt 0.579900 0.089900
vt 0.593100 0.121100
vt 0.583300 0.109600
vt 0.586800 0.146600
vt 0.560500 0.136600
vt 0.560500 0.124300
vt 0.576100 0.064300
vt 0.592300 0.049000
vt 0.590500 0.029900
vt 0.673800 0.236800
vt 0.779900 0.064000
vt 0.669500 0.139000
vt 0.579900 0.089900
vt 0.638100 0.232500
vt 0.631100 0.275300
vt 0.653400 0.275800
vt 0.642700 0.213100
vt 0.613800 0.216300
vt 0.584600 0.220800
vt 0.614600 0.181900
vt 0.642400 0.200300
vt 0.795700 0.226100
vt 0.632800 0.307800
vt 0.628300 0.123300
vt 0.618300 0.104000
vt 0.620300 0.078700
vt 0.586500 0.185100
vt 0.606100 0.113000
vt 0.917600 0.119000
vt 0.907700 0.090800
vt 0.924000 0.121700
vt 0.919200 0.257300
vt 0.932200 0.240100
vt 0.943600 0.263500
vt 0.886900 0.234400
vt 0.072900 0.387300
vt 0.216800 0.365700
vt 0.197000 0.353700
vt 0.201300 0.331300
vt 0.273600 0.165800
vt 0.889100 0.107200
vt 0.927300 0.110500
vt 0.878600 0.128800
vt 0.893100 0.150400
vt 0.893600 0.138700
vt 0.894100 0.145600
vt 0.233700 0.335400
vt 0.169200 0.348400
vt 0.265700 0.163900
vt 0.173100 0.309100
vt 0.189800 0.385500
vt 0.911100 0.233400
vt 0.987000 0.271800
vt 0.243800 0.214800
vt 0.257400 0.218300
vt 0.899700 0.261600
vt 0.261100 0.252800
vt 0.246600 0.180900
vt 0.239700 0.246700
vt 0.262200 0.189900
vt 0.207800 0.359500
vt 0.261900 0.158400
vt 0.269300 0.221600
vt 0.918500 0.143700
vt 0.916300 0.139000
vt 0.912400 0.133600
vt 0.920700 0.111800
vt 0.921900 0.099300
vt 0.891400 0.125800
vt 0.277000 0.193300
vt 0.250000 0.248100
vt 0.560500 0.103400
vt 0.579600 0.123000
vt 0.647100 0.056700
vt 0.648700 0.035100
vt 0.765900 0.279000
vt 0.586700 0.134300
vt 0.560500 0.084600
vt 0.775000 0.272700
vt 0.729200 0.260400
vt 0.727100 0.292100
vt 0.652700 0.201900
vt 0.650500 0.181200
vt 0.654700 0.180800
vt 0.648900 0.196200
vt 0.753100 0.277500
vt 0.597600 0.065900
vt 0.560500 0.060900
vt 0.792000 0.206700
vt 0.776200 0.208500
vt 0.595500 0.058800
vt 0.730200 0.333200
vt 0.766100 0.315600
vt 0.773500 0.325200
vt 0.752500 0.312200
vt 0.776500 0.038400
vt 0.669700 0.183800
vt 0.675900 0.326500
vt 0.676900 0.282400
vt 0.668400 0.146100
vt 0.690800 0.327400
vt 0.689700 0.285600
vt 0.781900 0.244300
vt 0.734800 0.229800
vt 0.587300 0.075800
vt 0.595100 0.101000
vt 0.606100 0.113000
vt 0.692500 0.180500
vt 0.693000 0.220700
vt 0.674700 0.181900
vt 0.689800 0.252700
vt 0.613800 0.128700
vt 0.585400 0.246000
vt 0.785800 0.174700
vt 0.769200 0.138400
vt 0.585000 0.213000
vt 0.771500 0.180400
vt 0.776600 0.017400
vt 0.679600 0.238100
vt 0.771100 0.016600
vt 0.659500 0.232600
vt 0.644600 0.204000
vt 0.727400 0.007900
vt 0.743600 0.005400
vt 0.758800 0.127900
vt 0.647400 0.104600
vt 0.511000 0.009500
vt 0.597700 0.147000
vt 0.595800 0.133200
vt 0.580100 0.167400
vt 0.652000 0.036900
vt 0.653000 0.058300
vt 0.701100 0.124100
vt 0.587300 0.075800
vt 0.650300 0.030700
vt 0.595100 0.101000
vt 0.613800 0.128700
vt 0.605400 0.090100
vt 0.654800 0.032700
vt 0.688700 0.145800
vt 0.673600 0.146000
vt 0.653600 0.152200
vt 0.648000 0.152500
vt 0.647500 0.119400
vt 0.656300 0.037500
vt 0.674400 0.137400
vt 0.603400 0.168500
vt 0.560500 0.189600
vt 0.729000 0.182300
vt 0.724500 0.120500
vt 0.721600 0.138800
vt 0.613000 0.148400
vt 0.550200 0.009500
vt 0.550200 0.314200
vt 0.623700 0.076000
vt 0.613700 0.209000
vt 0.646400 0.076300
vt 0.651800 0.076800
vt 0.782400 0.233300
vt 0.511000 0.314200
vt 0.754900 0.146000
vt 0.616000 0.033700
vt 0.652900 0.105700
vt 0.631900 0.095300
vt 0.652800 0.118600
vt 0.620200 0.054800
vt 0.550200 0.270500
vt 0.511000 0.291500
vt 0.550200 0.291500
vt 0.689000 0.458700
vt 0.393400 0.273600
vt 0.419100 0.057600
vt 0.443800 0.076900
vt 0.459000 0.055800
vt 0.465700 0.071500
vt 0.440300 0.058400
vt 0.699700 0.990000
vt 0.733200 0.990000
vt 0.640400 0.346400
vt 0.776700 0.020600
vt 0.606300 0.011500
vt 0.543700 0.022800
vt 0.543700 0.126700
vt 0.543700 0.151200
vt 0.631900 0.337700
vt 0.644700 0.221300
vt 0.613800 0.216300
vt 0.582800 0.275900
vt 0.613000 0.148400
vt 0.603400 0.168500
vt 0.620300 0.078700
vt 0.782400 0.233300
vt 0.032600 0.069200
vt 0.032900 0.023500
vt 0.022600 0.059400
vt 0.019000 0.046200
vt 0.060300 0.069500
vt 0.046400 0.072900
vt 0.015400 0.554800
vt 0.040000 0.534500
vt 0.034000 0.537800
vt 0.022100 0.556700
vt 0.028800 0.555100
vt 0.021900 0.563500
vt 0.042500 0.544300
vt 0.035700 0.544200
vt 0.067800 0.011600
vt 0.022600 0.531200
vt 0.082600 0.067100
vt 0.088300 0.047000
vt 0.010500 0.025900
vt 0.004800 0.046100
vt 0.025900 0.011200
vt 0.070400 0.059900
vt 0.046800 0.020100
vt 0.022800 0.033100
vt 0.653600 0.152200
vt 0.647500 0.119400
vt 0.648000 0.152500
vt 0.652800 0.118600
vt 0.082900 0.026700
vt 0.046300 0.087100
vt 0.010200 0.066400
vt 0.025400 0.081400
vt 0.060600 0.023800
vt 0.070600 0.033600
vt 0.046900 0.005900
vt 0.067200 0.081900
vt 0.032800 0.527200
vt 0.032100 0.561100
vt 0.033800 0.550500
vt 0.039600 0.554000
vt 0.029300 0.533000
vt 0.074200 0.046800
vt 0.022800 0.524300
vt 0.648900 0.196200
vt 0.652700 0.201900
vt 0.623700 0.076000
vt 0.631900 0.095300
vt 0.613700 0.209000
vt 0.792000 0.206700
vt 0.654700 0.180800
vt 0.650500 0.181200
vt 0.620200 0.054800
vt 0.646400 0.076300
vt 0.616000 0.033700
vt 0.651800 0.076800
vt 0.769200 0.138400
vt 0.754900 0.146000
vt 0.734800 0.229800
vt 0.785800 0.174700
vt 0.652900 0.105700
vt 0.647400 0.104600
vt 0.729000 0.182300
vt 0.724500 0.120500
vt 0.758800 0.127900
vt 0.771500 0.180400
vt 0.776200 0.208500
vt 0.781900 0.244300
vt 0.673600 0.146000
vt 0.656300 0.037500
vt 0.674400 0.137400
vt 0.653000 0.058300
vt 0.701100 0.124100
vt 0.721600 0.138800
vt 0.650300 0.030700
vt 0.688700 0.145800
vt 0.652000 0.036900
vt 0.765900 0.279000
vt 0.690800 0.327400
vt 0.773500 0.325200
vt 0.730200 0.333200
vt 0.775000 0.272700
vt 0.752500 0.312200
vt 0.753100 0.277500
vt 0.648700 0.035100
vt 0.654800 0.032700
vt 0.676900 0.282400
vt 0.675900 0.326500
vt 0.766100 0.315600
vt 0.647100 0.056700
vt 0.727100 0.292100
vt 0.729200 0.260400
vt 0.692500 0.180500
vt 0.679600 0.238100
vt 0.674700 0.181900
vt 0.693000 0.220700
vt 0.689700 0.285600
vt 0.689800 0.252700
vt 0.593500 0.396200
vt 0.562600 0.395800
vt 0.807400 0.707300
vt 0.979600 0.565600
vt 0.978100 0.656600
vt 0.989200 0.684300
vt 0.985600 0.559200
vt 0.988100 0.566500
vt 0.818900 0.700900
vt 0.979600 0.477400
vt 0.974500 0.582100
vt 0.942900 0.308700
vt 0.962500 0.309200
vt 0.795300 0.751900
vt 0.797700 0.709700
vt 0.975200 0.557100
vt 0.973400 0.560400
vt 0.945200 0.318700
vt 0.967300 0.535700
vt 0.985000 0.717100
vt 0.677300 0.849200
vt 0.701000 0.809700
vt 0.885100 0.453200
vt 0.798600 0.518600
vt 0.835800 0.476300
vt 0.971400 0.528000
vt 0.972100 0.721700
vt 0.782900 0.576300
vt 0.983400 0.463300
vt 0.970400 0.705100
vt 0.979900 0.758000
vt 0.948700 0.722100
vt 0.972600 0.533200
vt 0.782900 0.576300
vt 0.677100 0.810000
vt 0.830800 0.667000
vt 0.781000 0.838400
vt 0.751300 0.806300
vt 0.795000 0.624200
vt 0.798600 0.518600
vt 0.795000 0.624200
vt 0.881000 0.341700
vt 0.830800 0.667000
vt 0.891800 0.329400
vt 0.916800 0.317400
vt 0.968500 0.486400
vt 0.973600 0.539700
vt 0.964400 0.319900
vt 0.930300 0.308600
vt 0.763400 0.348500
vt 0.762300 0.389600
vt 0.764600 0.407700
vt 0.792300 0.397500
vt 0.802700 0.377800
vt 0.799500 0.366800
vt 0.835800 0.476300
vt 0.813800 0.377600
vt 0.781000 0.806400
vt 0.650900 0.808100
vt 0.781600 0.412200
vt 0.762100 0.367400
vt 0.770300 0.397900
vt 0.970800 0.534800
vt 0.931000 0.318700
vt 0.687000 0.385100
vt 0.800100 0.389000
vt 0.781200 0.389800
vt 0.780800 0.366900
vt 0.781000 0.378300
vt 0.810000 0.394500
vt 0.738300 0.370100
vt 0.789800 0.372600
vt 0.785900 0.368400
vt 0.791600 0.378100
vt 0.776100 0.388300
vt 0.786300 0.378200
vt 0.772100 0.384000
vt 0.711300 0.398800
vt 0.770400 0.378500
vt 0.725300 0.394800
vt 0.735000 0.355900
vt 0.697100 0.395200
vt 0.772000 0.372800
vt 0.775800 0.368500
vt 0.786300 0.388100
vt 0.686200 0.356600
vt 0.696400 0.346100
vt 0.781400 0.400900
vt 0.735100 0.384300
vt 0.797600 0.347900
vt 0.885100 0.453200
vt 0.929200 0.509100
vt 0.651200 0.847200
vt 0.936100 0.580700
vt 0.798400 0.407200
vt 0.683400 0.371100
vt 0.751400 0.361300
vt 0.791500 0.357600
vt 0.970400 0.705100
vt 0.939300 0.529800
vt 0.936900 0.573900
vt 0.924900 0.563900
vt 0.943800 0.646000
vt 0.759300 0.378500
vt 0.748200 0.378500
vt 0.780400 0.342800
vt 0.810000 0.360400
vt 0.769800 0.358000
vt 0.780600 0.353500
vt 0.926100 0.538800
vt 0.939800 0.519900
vt 0.948800 0.625400
vt 0.936700 0.554400
vt 0.950600 0.631600
vt 0.980100 0.438800
vt 0.925200 0.590900
vt 0.572000 0.369000
vt 0.543100 0.367900
vt 0.752600 0.395400
vt 0.599100 0.805800
vt 0.573200 0.806100
vt 0.626400 0.805600
vt 0.600400 0.844000
vt 0.930700 0.701900
vt 0.932500 0.691700
vt 0.936700 0.547900
vt 0.723800 0.807600
vt 0.981400 0.574300
vt 0.978600 0.570300
vt 0.987900 0.665300
vt 0.968800 0.527700
vt 0.199100 0.910300
vt 0.197800 0.868700
vt 0.229500 0.863700
vt 0.255700 0.859500
vt 0.724600 0.345700
vt 0.640400 0.386500
vt 0.651100 0.359300
vt 0.671200 0.385400
vt 0.710500 0.341300
vt 0.645200 0.363100
vt 0.661100 0.360000
vt 0.818200 0.746400
vt 0.201200 0.947400
vt 0.227700 0.907600
vt 0.967400 0.581400
vt 0.332000 0.948800
vt 0.332000 0.923600
vt 0.641600 0.369300
vt 0.668600 0.369100
vt 0.665400 0.363400
vt 0.343000 0.947400
vt 0.316100 0.947100
vt 0.355500 0.934700
vt 0.284400 0.965700
vt 0.627100 0.847600
vt 0.880900 0.695600
vt 0.751200 0.844700
vt 0.332000 0.829000
vt 0.276000 0.900900
vt 0.282700 0.855700
vt 0.332000 0.883200
vt 0.975700 0.434800
vt 0.573200 0.840600
vt 0.726200 0.846600
vt 0.700400 0.850100
vt 0.626100 0.793400
vt 0.603100 0.744100
vt 0.674700 0.713400
vt 0.573200 0.745300
vt 0.722300 0.735000
vt 0.573200 0.714600
vt 0.652700 0.744400
vt 0.629700 0.707800
vt 0.696900 0.703000
vt 0.941500 0.582700
vt 0.696200 0.736600
vt 0.961100 0.539300
vt 0.955800 0.539600
vt 0.932900 0.564300
vt 0.859100 0.747800
vt 0.882000 0.711600
vt 0.880000 0.753500
vt 0.940800 0.546000
vt 0.957600 0.524500
vt 0.932500 0.539500
vt 0.960900 0.514000
vt 0.900800 0.755700
vt 0.943000 0.531700
vt 0.944300 0.518800
vt 0.934800 0.510500
vt 0.984800 0.510800
vt 0.987000 0.508700
vt 0.781000 0.743000
vt 0.604200 0.708400
vt 0.930400 0.724400
vt 0.922700 0.761300
vt 0.945100 0.496000
vt 0.938300 0.492900
vt 0.987300 0.522200
vt 0.979700 0.522500
vt 0.952700 0.492200
vt 0.979400 0.520000
vt 0.956600 0.485600
vt 0.971300 0.519900
vt 0.938000 0.730800
vt 0.975000 0.524000
vt 0.972700 0.526300
vt 0.951600 0.761200
vt 0.938600 0.618100
vt 0.951100 0.622100
vt 0.969900 0.566300
vt 0.955500 0.630100
vt 0.955000 0.562300
vt 0.955500 0.566400
vt 0.963900 0.573800
vt 0.949000 0.642100
vt 0.961800 0.639700
vt 0.967300 0.646900
vt 0.964000 0.659100
vt 0.972100 0.571300
vt 0.944400 0.499000
vt 0.917900 0.720900
vt 0.961100 0.556100
vt 0.966400 0.554800
vt 0.750800 0.738900
vt 0.653800 0.709000
vt 0.955900 0.551400
vt 0.673700 0.746300
vt 0.628700 0.742800
vt 0.944600 0.609400
vt 0.931600 0.590400
vt 0.865200 0.704100
vt 0.953900 0.533000
vt 0.953700 0.547800
vt 0.941500 0.570300
vt 0.837800 0.746300
vt 0.959500 0.517000
vt 0.843200 0.699300
vt 0.953000 0.529000
vt 0.942200 0.555600
vt 0.972300 0.505900
vt 0.962200 0.525900
vt 0.899400 0.714800
vt 0.971300 0.516500
vt 0.978400 0.504600
vt 0.968300 0.513600
vt 0.989400 0.517400
vt 0.943200 0.506700
vt 0.722700 0.697600
vt 0.944100 0.597200
vt 0.316100 0.892300
vt 0.251200 0.906100
vt 0.302600 0.533300
vt 0.310100 0.527100
vt 0.966700 0.480700
vt 0.627100 0.770000
vt 0.652200 0.769700
vt 0.723000 0.665000
vt 0.960200 0.663800
vt 0.944900 0.492500
vt 0.953600 0.481200
vt 0.950400 0.488800
vt 0.940600 0.499000
vt 0.962500 0.649700
vt 0.958300 0.643400
vt 0.974900 0.475600
vt 0.976300 0.660800
vt 0.978100 0.461000
vt 0.984000 0.684500
vt 0.698300 0.766600
vt 0.983400 0.668300
vt 0.723200 0.764600
vt 0.885100 0.684300
vt 0.820200 0.616000
vt 0.812400 0.578800
vt 0.851800 0.491800
vt 0.820700 0.531200
vt 0.629900 0.677000
vt 0.744600 0.633500
vt 0.650900 0.795000
vt 0.628100 0.636700
vt 0.677000 0.796000
vt 0.676200 0.681900
vt 0.653100 0.630300
vt 0.722700 0.630400
vt 0.697400 0.642900
vt 0.651000 0.787100
vt 0.676700 0.784700
vt 0.969300 0.428900
vt 0.844600 0.654400
vt 0.699100 0.783100
vt 0.700000 0.794900
vt 0.652100 0.675600
vt 0.698700 0.678200
vt 0.750100 0.767100
vt 0.675000 0.636900
vt 0.781000 0.769700
vt 0.675200 0.769300
vt 0.602300 0.675900
vt 0.781000 0.681300
vt 0.781000 0.709100
vt 0.573200 0.792200
vt 0.598200 0.785200
vt 0.596500 0.792400
vt 0.626900 0.784800
vt 0.781000 0.784300
vt 0.751200 0.792100
vt 0.723400 0.792400
vt 0.722800 0.779600
vt 0.750500 0.780700
vt 0.968400 0.697000
vt 0.555000 0.379800
vt 0.518200 0.397000
vt 0.521200 0.379600
vt 0.603400 0.640200
vt 0.751400 0.702300
vt 0.542300 0.370800
vt 0.532300 0.371500
vt 0.548200 0.374700
vt 0.528000 0.374900
vt 0.551700 0.380800
vt 0.627500 0.378900
vt 0.790000 0.383700
vt 0.775700 0.378400
vt 0.662100 0.356800
vt 0.636600 0.386200
vt 0.668400 0.361400
vt 0.650300 0.356400
vt 0.672200 0.368100
vt 0.617900 0.367900
vt 0.552900 0.395900
vt 0.607600 0.368500
vt 0.602300 0.372700
vt 0.524700 0.380500
vt 0.556700 0.395600
vt 0.531400 0.368300
vt 0.781000 0.793700
vt 0.911400 0.569600
vt 0.573200 0.783300
vt 0.915400 0.594400
vt 0.550600 0.372200
vt 0.587800 0.373000
vt 0.563000 0.380500
vt 0.930700 0.621000
vt 0.980500 0.450900
vt 0.949000 0.468400
vt 0.916700 0.510800
vt 0.921900 0.489300
vt 0.590800 0.379100
vt 0.524900 0.372900
vt 0.582400 0.369100
vt 0.930400 0.640800
vt 0.939900 0.608300
vt 0.566300 0.373600
vt 0.923300 0.621400
vt 0.973200 0.682400
vt 0.946200 0.662700
vt 0.939300 0.600300
vt 0.967100 0.691700
vt 0.933300 0.453900
vt 0.927200 0.445200
vt 0.913700 0.538500
vt 0.933700 0.684900
vt 0.601000 0.771300
vt 0.573200 0.769600
vt 0.751300 0.669400
vt 0.573200 0.689200
vt 0.228500 0.945100
vt 0.254300 0.944800
vt 0.521900 0.397500
vt 0.623800 0.372300
vt 0.674900 0.384900
vt 0.642800 0.360600
vt 0.638300 0.368200
vt 0.939100 0.504700
vt 0.413900 0.947300
vt 0.930000 0.488900
vt 0.297500 0.958300
vt 0.382400 0.943600
vt 0.628700 0.396500
vt 0.597900 0.395500
vt 0.599600 0.378900
vt 0.316100 0.922800
vt 0.279800 0.939700
vt 0.937400 0.459800
vt 0.900700 0.474900
vt 0.360300 0.839400
vt 0.316100 0.852300
vt 0.894400 0.466200
vt 0.888500 0.509000
vt 0.862600 0.502200
vt 0.879300 0.543200
vt 0.314800 0.534500
vt 0.310100 0.555800
vt 0.296500 0.535300
vt 0.311700 0.547000
vt 0.316300 0.555400
vt 0.321500 0.552700
vt 0.322200 0.541800
vt 0.316200 0.535800
vt 0.325600 0.547300
vt 0.329200 0.539400
vt 0.328000 0.551700
vt 0.287900 0.546900
vt 0.301900 0.558500
vt 0.295400 0.549400
vt 0.303900 0.564900
vt 0.285200 0.535800
vt 0.316200 0.562500
vt 0.291000 0.555400
vt 0.296000 0.564500
vt 0.298200 0.565200
vt 0.299900 0.567800
vt 0.317400 0.572600
vt 0.324300 0.568400
vt 0.307800 0.573200
vt 0.336000 0.547500
vt 0.808000 0.676000
vt 0.307900 0.543800
vt 0.313700 0.532300
vt 0.820600 0.672900
vt 0.792400 0.653000
vt 0.802700 0.643100
vt 0.822100 0.682900
vt 0.805300 0.684200
vt 0.810500 0.693100
vt 0.789600 0.634700
vt 0.819100 0.691300
vt 0.782500 0.645800
vt 0.768500 0.637800
vt 0.775700 0.626900
vt 0.792300 0.698600
vt 0.800800 0.682100
vt 0.793700 0.687800
vt 0.800900 0.669700
vt 0.801300 0.675000
vt 0.451700 0.981100
vt 0.449700 0.993100
vt 0.889800 0.641900
vt 0.887900 0.676600
vt 0.837100 0.610500
vt 0.853800 0.646000
vt 0.877100 0.573500
vt 0.880500 0.603400
vt 0.835600 0.539700
vt 0.831700 0.580400
vt 0.803700 0.666700
vt 0.814900 0.656800
vt 0.315200 0.546700
vt 0.304400 0.551700
vt 0.304900 0.539900
vt 0.325400 0.536000
vt 0.319000 0.545200
vt 0.316400 0.530900
vt 0.322600 0.559200
vt 0.316900 0.528500
vt 0.326800 0.563900
vt 0.332200 0.542200
vt 0.291300 0.537100
vt 0.337600 0.539500
vt 0.333500 0.552800
vt 0.287600 0.543300
vt 0.309000 0.562700
vt 0.316500 0.568700
vt 0.307900 0.568400
vt 0.286200 0.528500
vt 0.312400 0.567800
vt 0.292600 0.556800
vt 0.292800 0.558800
vt 0.313100 0.573100
vt 0.304400 0.570300
vt 0.319100 0.570600
vt 0.311300 0.572500
vt 0.331800 0.558100
vt 0.311500 0.530400
vt 0.299500 0.544800
vt 0.358100 0.894500
vt 0.413200 0.907200
vt 0.384900 0.902400
vt 0.383300 0.847900
vt 0.011900 0.560700
vt 0.028800 0.555100
vt 0.005100 0.533800
vt 0.028100 0.540900
vt 0.029000 0.544100
vt 0.015700 0.543800
vt 0.016700 0.540700
vt 0.032900 0.046400
vt 0.039700 0.057600
vt 0.034700 0.052800
vt 0.046500 0.059400
vt 0.053500 0.035400
vt 0.058500 0.040200
vt 0.034800 0.040000
vt 0.046600 0.046500
vt 0.016500 0.546900
vt 0.018900 0.549300
vt 0.022500 0.537700
vt 0.025800 0.538600
vt 0.009000 0.543700
vt 0.010700 0.550100
vt 0.002200 0.543600
vt 0.021900 0.563500
vt 0.022100 0.556700
vt 0.166300 0.473000
vt 0.387600 0.381300
vt 0.412200 0.400300
vt 0.415200 0.396200
vt 0.012600 0.526800
vt 0.025500 0.549400
vt 0.015900 0.532800
vt 0.022200 0.550200
vt 0.015400 0.554800
vt 0.010900 0.537400
vt 0.028000 0.547100
vt 0.019200 0.538500
vt 0.022300 0.543900
vt 0.053400 0.057800
vt 0.058400 0.053100
vt 0.060300 0.046700
vt 0.039800 0.035300
vt 0.004700 0.553400
vt 0.046700 0.033600
vt 0.384600 0.385700
vt 0.234400 0.388900
vt 0.173300 0.497200
vt 0.176800 0.478000
vt 0.411700 0.851400
vt 0.205300 0.410900
vt 0.237800 0.393700
vt 0.209700 0.414800
vt 0.166900 0.451300
vt 0.381200 0.403200
vt 0.192900 0.488000
vt 0.191600 0.472800
vt 0.184500 0.476800
vt 0.382300 0.398100
vt 0.220100 0.432000
vt 0.408600 0.412900
vt 0.186500 0.438000
vt 0.180800 0.434500
vt 0.246800 0.411200
vt 0.203300 0.453700
vt 0.171100 0.470800
vt 0.172200 0.454100
vt 0.243500 0.405900
vt 0.405900 0.420600
vt 0.192700 0.993300
vt 0.212000 0.993300
vt 0.191700 0.981000
vt 0.223900 0.993300
vt 0.211300 0.467300
vt 0.227900 0.441600
vt 0.223000 0.980200
vt 0.212100 0.983000
vt 0.299800 0.993300
vt 0.302900 0.974700
vt 0.298000 0.979500
vt 0.304800 0.993300
vt 0.266600 0.986300
vt 0.280900 0.993300
vt 0.255700 0.993300
vt 0.258300 0.980800
vt 0.286100 0.993300
vt 0.288000 0.983400
vt 0.316100 0.969900
vt 0.316100 0.993300
vt 0.280300 0.980900
vt 0.264200 0.993300
vt 0.231900 0.993300
vt 0.233300 0.984700
vt 0.351000 0.973700
vt 0.363400 0.993100
vt 0.338800 0.965400
vt 0.347900 0.993100
vt 0.332000 0.962400
vt 0.332000 0.993100
vt 0.358400 0.968300
vt 0.357600 0.993100
vt 0.046800 0.020100
vt 0.022600 0.059400
vt 0.032600 0.069200
vt 0.060600 0.023800
vt 0.022800 0.033100
vt 0.019000 0.046200
vt 0.053500 0.035400
vt 0.060300 0.046700
vt 0.060300 0.069500
vt 0.070600 0.033600
vt 0.070400 0.059900
vt 0.074200 0.046800
vt 0.046400 0.072900
vt 0.046900 0.005900
vt 0.025900 0.011200
vt 0.010500 0.025900
vt 0.082900 0.026700
vt 0.040000 0.534500
vt 0.067800 0.011600
vt 0.034000 0.537800
vt 0.032900 0.023500
vt 0.032800 0.527200
vt 0.088300 0.047000
vt 0.082600 0.067100
vt 0.025400 0.081400
vt 0.058500 0.040200
vt 0.004800 0.046100
vt 0.046300 0.087100
vt 0.010200 0.066400
vt 0.067200 0.081900
vt 0.022800 0.524300
vt 0.033800 0.550500
vt 0.039600 0.554000
vt 0.032100 0.561100
vt 0.042500 0.544300
vt 0.035700 0.544200
vt 0.029300 0.533000
vt 0.022600 0.531200
vt 0.465300 0.229700
vt 0.399100 0.040700
vt 0.494300 0.224800
vt 0.400800 0.047700
vt 0.462500 0.205600
vt 0.500400 0.190900
vt 0.494800 0.212900
vt 0.463600 0.217800
vt 0.046700 0.033600
vt 0.496900 0.243100
vt 0.039800 0.035300
vt 0.476200 0.254200
vt 0.039700 0.057600
vt 0.046500 0.059400
vt 0.046600 0.046500
vt 0.053400 0.057800
vt 0.058400 0.053100
vt 0.034800 0.040000
vt 0.462700 0.191800
vt 0.450800 0.007600
vt 0.672400 0.990000
vt 0.404700 0.039800
vt 0.459800 0.031200
vt 0.455800 0.014500
vt 0.406900 0.047100
vt 0.494500 0.228800
vt 0.466300 0.232900
vt 0.498300 0.201900
vt 0.484900 0.256100
vt 0.469500 0.246300
vt 0.496800 0.235800
vt 0.492500 0.252300
vt 0.032900 0.046400
vt 0.034700 0.052800
vt 0.405900 0.993100
vt 0.384600 0.980000
vt 0.421400 0.982400
vt 0.388100 0.993100
vt 0.246000 0.457900
vt 0.366100 0.412100
vt 0.223900 0.503700
vt 0.263800 0.420200
vt 0.375900 0.975700
vt 0.380000 0.993100
vt 0.384900 0.993100
vt 0.367200 0.993100
vt 0.434800 0.993100
vt 0.399500 0.980100
vt 0.410500 0.993100
vt 0.422900 0.993100
vt 0.194800 0.519700
vt 0.432000 0.976800
vt 0.420700 0.045800
vt 0.445300 0.024300
vt 0.412700 0.046400
vt 0.631500 0.990000
vt 0.597500 0.990000
vt 0.411700 0.038800
vt 0.420600 0.036500
vt 0.366600 0.982500
vt 0.373700 0.984000
vt 0.434500 0.020800
vt 0.435200 0.031500
vt 0.429700 0.045800
vt 0.427600 0.031800
vt 0.614100 0.990000
vt 0.651400 0.990000
vt 0.674300 0.982800
vt 0.582600 0.990000
vt 0.573200 0.990000
vt 0.449200 0.032600
vt 0.438600 0.043800
vt 0.408100 0.977600
vt 0.442200 0.013700
vt 0.402600 0.054900
vt 0.650900 0.984600
vt 0.726900 0.911900
vt 0.781000 0.883200
vt 0.757000 0.892800
vt 0.701900 0.957900
vt 0.727200 0.942700
vt 0.495800 0.167900
vt 0.726400 0.929400
vt 0.473000 0.168100
vt 0.755100 0.971400
vt 0.489600 0.162100
vt 0.753900 0.918900
vt 0.480500 0.162300
vt 0.769400 0.965300
vt 0.498900 0.178100
vt 0.498000 0.111000
vt 0.434900 0.126000
vt 0.728900 0.957800
vt 0.757700 0.947400
vt 0.702000 0.931400
vt 0.781000 0.990000
vt 0.573200 0.968800
vt 0.470400 0.039200
vt 0.598000 0.979500
vt 0.613600 0.980800
vt 0.752800 0.990000
vt 0.477800 0.025800
vt 0.632900 0.981700
vt 0.583600 0.974100
vt 0.766400 0.990000
vt 0.781000 0.963600
vt 0.467000 0.176800
vt 0.490700 0.133700
vt 0.650900 0.966600
vt 0.781000 0.938800
vt 0.419100 0.057600
vt 0.731800 0.973800
vt 0.726200 0.891100
vt 0.700700 0.906700
vt 0.647400 0.939500
vt 0.633100 0.962200
vt 0.623200 0.937200
vt 0.601000 0.954100
vt 0.615600 0.957400
vt 0.689000 0.982500
vt 0.715300 0.990000
vt 0.713600 0.974500
vt 0.770000 0.943800
vt 0.573200 0.917000
vt 0.573200 0.948200
vt 0.699700 0.990000
vt 0.781000 0.909500
vt 0.733200 0.990000
vt 0.671200 0.966100
vt 0.691100 0.969100
vt 0.689500 0.990000
vt 0.585800 0.952600
vt 0.699100 0.980100
vt 0.196600 0.791600
vt 0.229800 0.718100
vt 0.342900 0.416600
vt 0.266800 0.469300
vt 0.316100 0.661700
vt 0.266800 0.710600
vt 0.197600 0.726000
vt 0.263600 0.778000
vt 0.198800 0.760600
vt 0.230500 0.680700
vt 0.316100 0.814800
vt 0.266100 0.674800
vt 0.313800 0.420300
vt 0.226400 0.558100
vt 0.315400 0.440400
vt 0.390800 0.445800
vt 0.290700 0.475300
vt 0.230800 0.751600
vt 0.272800 0.513200
vt 0.252000 0.509500
vt 0.286000 0.431800
vt 0.316100 0.769900
vt 0.229400 0.784800
vt 0.316100 0.701400
vt 0.266800 0.741000
vt 0.197500 0.686900
vt 0.316100 0.730200
vt 0.230300 0.820700
vt 0.197100 0.826800
vt 0.197000 0.561700
vt 0.261700 0.813900
vt 0.354200 0.570700
vt 0.332000 0.607100
vt 0.196400 0.646800
vt 0.272600 0.555900
vt 0.411200 0.793800
vt 0.402700 0.527400
vt 0.398100 0.482100
vt 0.369700 0.530800
vt 0.352500 0.450200
vt 0.332000 0.787800
vt 0.341700 0.486400
vt 0.410900 0.745000
vt 0.197400 0.602900
vt 0.292300 0.583300
vt 0.316100 0.627500
vt 0.229600 0.598700
vt 0.254500 0.558700
vt 0.370200 0.613800
vt 0.316100 0.590100
vt 0.316100 0.600900
vt 0.268400 0.634900
vt 0.356800 0.529100
vt 0.332000 0.633600
vt 0.404600 0.569300
vt 0.365800 0.577800
vt 0.376600 0.794600
vt 0.325000 0.450300
vt 0.332000 0.594600
vt 0.271700 0.598100
vt 0.230800 0.640700
vt 0.363400 0.485800
vt 0.332000 0.664800
vt 0.372100 0.679600
vt 0.483000 0.326700
vt 0.371500 0.648800
vt 0.485400 0.331500
vt 0.857000 0.356000
vt 0.498600 0.338800
vt 0.962500 0.309200
vt 0.987000 0.311400
vt 0.987000 0.324500
vt 0.942900 0.308700
vt 0.945200 0.318700
vt 0.409400 0.702200
vt 0.374400 0.704900
vt 0.912100 0.310000
vt 0.375900 0.746500
vt 0.405300 0.605200
vt 0.407000 0.641300
vt 0.891800 0.329400
vt 0.881000 0.341700
vt 0.332000 0.711300
vt 0.332000 0.691700
vt 0.489400 0.337500
vt 0.895700 0.316000
vt 0.878600 0.326900
vt 0.964400 0.319900
vt 0.931000 0.318700
vt 0.916800 0.317400
vt 0.930300 0.308600
vt 0.332000 0.747200
vt 0.407800 0.672900
vt 0.486600 0.341600
vt 0.478200 0.354700
vt 0.464200 0.322600
vt 0.486700 0.353300
vt 0.479000 0.325500
vt 0.339900 0.528000
vt 0.467400 0.339600
vt 0.303700 0.483300
vt 0.298200 0.486700
vt 0.307500 0.479900
vt 0.305000 0.481700
vt 0.310000 0.480200
vt 0.495100 0.282300
vt 0.444000 0.401000
vt 0.323300 0.482200
vt 0.505300 0.347400
vt 0.467800 0.304300
vt 0.482000 0.307900
vt 0.335100 0.499600
vt 0.339000 0.514400
vt 0.475100 0.290400
vt 0.471300 0.349000
vt 0.480000 0.335800
vt 0.325300 0.485000
vt 0.329500 0.489300
vt 0.301400 0.483000
vt 0.313700 0.478900
vt 0.319500 0.480400
vt 0.317300 0.480700
vt 0.483300 0.276500
vt 0.487000 0.296500
vt 0.542900 0.975100
vt 0.536200 0.977500
vt 0.024700 0.993300
vt 0.558700 0.993100
vt 0.573200 0.806100
vt 0.726200 0.846600
vt 0.573200 0.840600
vt 0.700400 0.850100
vt 0.530700 0.969200
vt 0.548600 0.993100
vt 0.529200 0.993100
vt 0.549600 0.971600
vt 0.540400 0.993100
vt 0.525700 0.993100
vt 0.558700 0.967800
vt 0.533300 0.993100
vt 0.007600 0.993300
vt 0.026200 0.980700
vt 0.030800 0.993300
vt 0.045500 0.993300
vt 0.029700 0.984900
vt 0.156700 0.984800
vt 0.157200 0.993300
vt 0.627100 0.847600
vt 0.723800 0.807600
vt 0.007600 0.961000
vt 0.781000 0.806400
vt 0.524400 0.984000
vt 0.513900 0.993100
vt 0.651200 0.847200
vt 0.701000 0.809700
vt 0.502500 0.993100
vt 0.507900 0.993100
vt 0.504700 0.976800
vt 0.510900 0.985600
vt 0.479800 0.850900
vt 0.970800 0.534800
vt 0.446700 0.910400
vt 0.479800 0.907100
vt 0.303800 0.515900
vt 0.311200 0.525900
vt 0.310300 0.524400
vt 0.312100 0.521700
vt 0.334900 0.529800
vt 0.328100 0.509700
vt 0.334000 0.516800
vt 0.330600 0.518600
vt 0.957600 0.524500
vt 0.953700 0.547800
vt 0.962200 0.525900
vt 0.843200 0.699300
vt 0.959500 0.517000
vt 0.932900 0.564300
vt 0.953000 0.529000
vt 0.880000 0.753500
vt 0.968300 0.513600
vt 0.943000 0.531700
vt 0.972300 0.505900
vt 0.900800 0.755700
vt 0.989400 0.517400
vt 0.943200 0.506700
vt 0.984800 0.510800
vt 0.987000 0.508700
vt 0.978400 0.504600
vt 0.099800 0.868000
vt 0.899400 0.714800
vt 0.165100 0.872700
vt 0.945100 0.496000
vt 0.934800 0.510500
vt 0.940800 0.546000
vt 0.979600 0.477400
vt 0.922700 0.761300
vt 0.938300 0.492900
vt 0.983400 0.463300
vt 0.952700 0.492200
vt 0.781000 0.743000
vt 0.652700 0.744400
vt 0.722700 0.697600
vt 0.673700 0.746300
vt 0.165900 0.915100
vt 0.043000 0.864000
vt 0.007600 0.863200
vt 0.697400 0.642900
vt 0.750800 0.738900
vt 0.698700 0.678200
vt 0.132100 0.948200
vt 0.166800 0.950700
vt 0.072100 0.866200
vt 0.698300 0.766600
vt 0.766700 0.656900
vt 0.723200 0.764600
vt 0.744600 0.633500
vt 0.936100 0.580700
vt 0.675200 0.769300
vt 0.652200 0.769700
vt 0.298100 0.512100
vt 0.315800 0.518700
vt 0.306900 0.510200
vt 0.314400 0.520500
vt 0.317900 0.506900
vt 0.310400 0.507400
vt 0.882000 0.711600
vt 0.942200 0.555600
vt 0.939300 0.529800
vt 0.930000 0.488900
vt 0.936700 0.547900
vt 0.936700 0.554400
vt 0.290600 0.501300
vt 0.331000 0.506100
vt 0.338900 0.522100
vt 0.932500 0.539500
vt 0.971300 0.516500
vt 0.972100 0.721700
vt 0.968500 0.486400
vt 0.150400 0.471200
vt 0.781000 0.709100
vt 0.117700 0.455100
vt 0.130000 0.473800
vt 0.136400 0.477100
vt 0.100200 0.433900
vt 0.979900 0.758000
vt 0.973400 0.560400
vt 0.975200 0.557100
vt 0.479500 0.413100
vt 0.505700 0.398100
vt 0.161600 0.526600
vt 0.110100 0.468900
vt 0.092700 0.443700
vt 0.072900 0.413900
vt 0.547300 0.950200
vt 0.044400 0.971800
vt 0.007600 0.947400
vt 0.301800 0.524400
vt 0.573200 0.714600
vt 0.129200 0.489000
vt 0.722300 0.735000
vt 0.629700 0.707800
vt 0.696900 0.703000
vt 0.696200 0.736600
vt 0.674700 0.713400
vt 0.102900 0.910400
vt 0.503500 0.946600
vt 0.132400 0.911700
vt 0.103800 0.946100
vt 0.480900 0.948700
vt 0.447800 0.948200
vt 0.604200 0.708400
vt 0.628700 0.742800
vt 0.573200 0.745300
vt 0.603100 0.744100
vt 0.558700 0.939800
vt 0.029500 0.963300
vt 0.473000 0.396700
vt 0.503400 0.385700
vt 0.500300 0.381400
vt 0.444000 0.406400
vt 0.973600 0.539700
vt 0.530000 0.833600
vt 0.558700 0.822400
vt 0.967300 0.535700
vt 0.081300 0.396100
vt 0.476000 0.400700
vt 0.114400 0.412400
vt 0.084600 0.391300
vt 0.972600 0.533200
vt 0.948700 0.722100
vt 0.795300 0.751900
vt 0.110100 0.416400
vt 0.506800 0.403200
vt 0.445900 0.853200
vt 0.482200 0.420600
vt 0.076000 0.408600
vt 0.507800 0.846900
vt 0.797700 0.709700
vt 0.139600 0.435200
vt 0.154000 0.451600
vt 0.134000 0.438900
vt 0.507400 0.901700
vt 0.148800 0.454600
vt 0.985000 0.717100
vt 0.675000 0.636900
vt 0.652100 0.675600
vt 0.628100 0.636700
vt 0.653100 0.630300
vt 0.317100 0.525400
vt 0.317000 0.522800
vt 0.326500 0.520600
vt 0.331700 0.529300
vt 0.573200 0.683200
vt 0.629900 0.677000
vt 0.573200 0.689200
vt 0.676200 0.681900
vt 0.302400 0.503700
vt 0.314500 0.505500
vt 0.781000 0.681300
vt 0.327400 0.528600
vt 0.722700 0.630400
vt 0.751300 0.669400
vt 0.295600 0.523400
vt 0.603400 0.640200
vt 0.583500 0.664200
vt 0.317300 0.517900
vt 0.321400 0.509600
vt 0.589000 0.632100
vt 0.602300 0.675900
vt 0.324100 0.514000
vt 0.317500 0.527000
vt 0.297200 0.489700
vt 0.284900 0.519800
vt 0.294500 0.491100
vt 0.322100 0.485800
vt 0.573200 0.769600
vt 0.601000 0.771300
vt 0.627100 0.770000
vt 0.962500 0.649700
vt 0.309300 0.485300
vt 0.287200 0.507300
vt 0.976300 0.660800
vt 0.983400 0.668300
vt 0.313700 0.483300
vt 0.984000 0.684500
vt 0.318000 0.485300
vt 0.958300 0.643400
vt 0.331400 0.493600
vt 0.960900 0.514000
vt 0.336400 0.506600
vt 0.291400 0.497900
vt 0.940600 0.499000
vt 0.950400 0.488800
vt 0.939100 0.504700
vt 0.929200 0.509100
vt 0.960200 0.663800
vt 0.953600 0.481200
vt 0.944900 0.492500
vt 0.978100 0.461000
vt 0.293200 0.508600
vt 0.298900 0.497800
vt 0.290800 0.522600
vt 0.966700 0.480700
vt 0.974900 0.475600
vt 0.287100 0.514300
vt 0.944400 0.499000
vt 0.979700 0.522500
vt 0.930400 0.724400
vt 0.956600 0.485600
vt 0.951100 0.622100
vt 0.971300 0.519900
vt 0.961800 0.639700
vt 0.955500 0.630100
vt 0.979400 0.520000
vt 0.938600 0.618100
vt 0.818900 0.700900
vt 0.818200 0.746400
vt 0.972100 0.571300
vt 0.974500 0.582100
vt 0.981400 0.574300
vt 0.807400 0.707300
vt 0.944600 0.609400
vt 0.953900 0.533000
vt 0.865200 0.704100
vt 0.987900 0.665300
vt 0.978100 0.656600
vt 0.941500 0.582700
vt 0.955800 0.539600
vt 0.987300 0.522200
vt 0.978600 0.570300
vt 0.967400 0.581400
vt 0.975000 0.524000
vt 0.969900 0.566300
vt 0.988100 0.566500
vt 0.979600 0.565600
vt 0.971400 0.528000
vt 0.944100 0.597200
vt 0.161000 0.485300
vt 0.931600 0.590400
vt 0.596500 0.792400
vt 0.626900 0.784800
vt 0.573200 0.792200
vt 0.598200 0.785200
vt 0.949000 0.468400
vt 0.921900 0.489300
vt 0.955900 0.551400
vt 0.155400 0.473500
vt 0.943800 0.646000
vt 0.961100 0.539300
vt 0.964000 0.659100
vt 0.972700 0.526300
vt 0.955000 0.562300
vt 0.949000 0.642100
vt 0.985600 0.559200
vt 0.989200 0.684300
vt 0.961100 0.556100
vt 0.161200 0.501400
vt 0.980100 0.438800
vt 0.966400 0.554800
vt 0.967300 0.646900
vt 0.938000 0.730800
vt 0.951600 0.761200
vt 0.963900 0.573800
vt 0.955500 0.566400
vt 0.145200 0.478800
vt 0.980500 0.450900
vt 0.149100 0.497500
vt 0.968800 0.527700
vt 0.573200 0.783300
vt 0.941500 0.570300
vt 0.837800 0.746300
vt 0.751200 0.792100
vt 0.781000 0.784300
vt 0.913700 0.538500
vt 0.781000 0.793700
vt 0.859100 0.747800
vt 0.722800 0.779600
vt 0.750500 0.780700
vt 0.973200 0.682400
vt 0.915400 0.594400
vt 0.946200 0.662700
vt 0.911400 0.569600
vt 0.132100 0.870700
vt 0.761000 0.634100
vt 0.723000 0.665000
vt 0.917900 0.720900
vt 0.930400 0.640800
vt 0.781000 0.677000
vt 0.750100 0.767100
vt 0.653800 0.709000
vt 0.930700 0.621000
vt 0.781000 0.769700
vt 0.916700 0.510800
vt 0.923300 0.621400
vt 0.944300 0.518800
vt 0.925200 0.590900
vt 0.924900 0.563900
vt 0.936900 0.573900
vt 0.939800 0.519900
vt 0.939900 0.608300
vt 0.926100 0.538800
vt 0.950600 0.631600
vt 0.939300 0.600300
vt 0.948800 0.625400
vt 0.751400 0.702300
vt 0.444000 0.427200
vt 0.444000 0.419900
vt 0.490300 0.978800
vt 0.486900 0.993100
vt 0.677000 0.796000
vt 0.650900 0.795000
vt 0.700000 0.794900
vt 0.651000 0.787100
vt 0.723400 0.792400
vt 0.699100 0.783100
vt 0.098700 0.505700
vt 0.127400 0.562800
vt 0.497400 0.445700
vt 0.162200 0.563900
vt 0.521900 0.411900
vt 0.444100 0.449800
vt 0.075200 0.460600
vt 0.056200 0.423500
vt 0.128300 0.520800
vt 0.458800 0.993100
vt 0.677100 0.810000
vt 0.650900 0.808100
vt 0.626100 0.793400
vt 0.482300 0.993100
vt 0.484800 0.977900
vt 0.676700 0.784700
vt 0.499700 0.978100
vt 0.459500 0.977500
vt 0.469900 0.993100
vt 0.469500 0.982800
vt 0.931600 0.123000
vt 0.975500 0.195700
vt 0.828100 0.341600
vt 0.109100 0.369700
vt 0.085500 0.377500
vt 0.344900 0.126400
vt 0.362900 0.128000
vt 0.834200 0.079100
vt 0.375800 0.173900
vt 0.936400 0.108700
vt 0.318100 0.119200
vt 0.344500 0.154000
vt 0.321600 0.185700
vt 0.318100 0.155900
vt 0.378300 0.112300
vt 0.799400 0.089900
vt 0.348400 0.181000
vt 0.296300 0.222300
vt 0.326300 0.214000
vt 0.545100 0.416300
vt 0.574200 0.419900
vt 0.005200 0.445300
vt 0.031000 0.479400
vt 0.054700 0.472700
vt 0.034300 0.435800
vt 0.164400 0.833600
vt 0.131500 0.829000
vt 0.098200 0.825500
vt 0.050200 0.516700
vt 0.130800 0.793600
vt 0.163600 0.770300
vt 0.128100 0.762500
vt 0.007600 0.738900
vt 0.096700 0.683100
vt 0.007600 0.824700
vt 0.059600 0.714100
vt 0.129100 0.727600
vt 0.163400 0.729800
vt 0.058800 0.746200
vt 0.067200 0.823800
vt 0.095600 0.755200
vt 0.097500 0.789100
vt 0.062500 0.785100
vt 0.007600 0.698600
vt 0.007600 0.779100
vt 0.870200 0.144700
vt 0.864800 0.101000
vt 0.873700 0.139800
vt 0.868700 0.121800
vt 0.259300 0.058900
vt 0.281200 0.157200
vt 0.297900 0.190400
vt 0.913200 0.080000
vt 0.942700 0.107400
vt 0.936800 0.124100
vt 0.149800 0.087600
vt 0.146300 0.174700
vt 0.217500 0.137700
vt 0.310700 0.253000
vt 0.290800 0.287100
vt 0.801800 0.139500
vt 0.330300 0.221500
vt 0.310100 0.285700
vt 0.315500 0.256400
vt 0.290700 0.253500
vt 0.227700 0.057900
vt 0.286900 0.114900
vt 0.950500 0.200100
vt 0.987000 0.201200
vt 0.951400 0.202600
vt 0.887000 0.091200
vt 0.872300 0.104400
vt 0.868300 0.102200
vt 0.928700 0.093900
vt 0.964600 0.197200
vt 0.933600 0.090000
vt 0.911200 0.083600
vt 0.987000 0.196700
vt 0.975500 0.195700
vt 0.950500 0.200100
vt 0.070700 0.512300
vt 0.880900 0.695600
vt 0.534400 0.570200
vt 0.932500 0.691700
vt 0.967100 0.691700
vt 0.097900 0.560200
vt 0.558700 0.606400
vt 0.930700 0.701900
vt 0.163900 0.796900
vt 0.886100 0.082900
vt 0.061900 0.678000
vt 0.854300 0.127700
vt 0.096100 0.600900
vt 0.862400 0.124400
vt 0.886800 0.085300
vt 0.210900 0.165200
vt 0.181800 0.120000
vt 0.876900 0.134300
vt 0.252600 0.154300
vt 0.284800 0.073800
vt 0.300200 0.069000
vt 0.271900 0.045000
vt 0.293100 0.048600
vt 0.096800 0.720900
vt 0.099800 0.149000
vt 0.164300 0.145200
vt 0.163600 0.651800
vt 0.058400 0.638200
vt 0.162900 0.607700
vt 0.125300 0.115700
vt 0.258600 0.113100
vt 0.198500 0.097700
vt 0.007600 0.605900
vt 0.032800 0.587400
vt 0.007600 0.590800
vt 0.069900 0.561700
vt 0.223700 0.105100
vt 0.051700 0.559400
vt 0.128400 0.604000
vt 0.130800 0.647900
vt 0.007600 0.666300
vt 0.163500 0.690400
vt 0.007600 0.632300
vt 0.096200 0.642800
vt 0.129500 0.688200
vt 0.054000 0.601600
vt 0.933700 0.684900
vt 0.186900 0.065400
vt 0.968400 0.697000
vt 0.558700 0.594000
vt 0.937400 0.459800
vt 0.851800 0.491800
vt 0.933300 0.453900
vt 0.894400 0.466200
vt 0.975700 0.434800
vt 0.969300 0.428900
vt 0.927200 0.445200
vt 0.518700 0.613200
vt 0.522800 0.577300
vt 0.558700 0.632900
vt 0.812100 0.578800
vt 0.820700 0.531200
vt 0.563200 0.449900
vt 0.546500 0.486000
vt 0.820200 0.616000
vt 0.535600 0.450000
vt 0.050100 0.369400
vt 0.171100 0.420600
vt 0.262900 0.114800
vt 0.015800 0.418400
vt 0.258900 0.279700
vt 0.226600 0.293700
vt 0.236100 0.274100
vt 0.212400 0.300600
vt 0.950300 0.206100
vt 0.938500 0.199700
vt 0.959500 0.208100
vt 0.938600 0.206000
vt 0.965200 0.161700
vt 0.963100 0.186600
vt 0.152000 0.399700
vt 0.126300 0.379700
vt 0.976700 0.182900
vt 0.959500 0.213600
vt 0.270500 0.075700
vt 0.022100 0.357200
vt 0.146300 0.409300
vt 0.251200 0.326000
vt 0.174700 0.220200
vt 0.187700 0.250500
vt 0.187900 0.278300
vt 0.942800 0.203400
vt 0.203600 0.231800
vt 0.042700 0.399700
vt 0.181600 0.416000
vt 0.271500 0.288400
vt 0.258000 0.306800
vt 0.948700 0.209500
vt 0.961300 0.176000
vt 0.972100 0.219000
vt 0.118700 0.397800
vt 0.518700 0.530500
vt 0.844600 0.654400
vt 0.524900 0.485500
vt 0.531600 0.528700
vt 0.374500 0.035300
vt 0.394700 0.034700
vt 0.533300 0.890800
vt 0.374500 0.005900
vt 0.442500 0.212300
vt 0.415900 0.196100
vt 0.433200 0.212200
vt 0.413200 0.212500
vt 0.785700 0.038200
vt 0.786500 0.033300
vt 0.791300 0.039600
vt 0.791200 0.033900
vt 0.796800 0.038100
vt 0.793700 0.033500
vt 0.791000 0.016200
vt 0.789000 0.016400
vt 0.783000 0.036400
vt 0.783800 0.032700
vt 0.795900 0.033200
vt 0.786900 0.016700
vt 0.781700 0.035200
vt 0.781300 0.032900
vt 0.799600 0.036200
vt 0.783900 0.017200
vt 0.800800 0.034900
vt 0.798200 0.023900
vt 0.789000 0.029600
vt 0.793400 0.023000
vt 0.788800 0.023100
vt 0.798100 0.017000
vt 0.795100 0.016600
vt 0.889800 0.641900
vt 0.781600 0.017600
vt 0.879300 0.543200
vt 0.513500 0.793200
vt 0.558700 0.785600
vt 0.964600 0.197200
vt 0.963300 0.201900
vt 0.975500 0.195700
vt 0.964600 0.197200
vt 0.384900 0.198300
vt 0.354100 0.210400
vt 0.355200 0.203100
vt 0.950500 0.200100
vt 0.975500 0.195700
vt 0.951400 0.202600
vt 0.384900 0.198300
vt 0.386400 0.209500
vt 0.433200 0.212200
vt 0.916300 0.139000
vt 0.924000 0.121700
vt 0.894100 0.145600
vt 0.893100 0.150400
vt 0.893600 0.138700
vt 0.862400 0.124400
vt 0.854300 0.127700
vt 0.815200 0.027600
vt 0.798200 0.023900
vt 0.795600 0.022900
vt 0.795600 0.024100
vt 0.793400 0.024400
vt 0.786600 0.023000
vt 0.793000 0.016300
vt 0.801100 0.032600
vt 0.865200 0.337300
vt 0.878600 0.326900
vt 0.790800 0.005900
vt 0.895700 0.316000
vt 0.791100 0.021600
vt 0.781100 0.028500
vt 0.784600 0.029100
vt 0.787000 0.029400
vt 0.791200 0.029600
vt 0.853800 0.646000
vt 0.887900 0.676600
vt 0.243800 0.371100
vt 0.813200 0.179300
vt 0.277800 0.414800
vt 0.230500 0.347900
vt 0.256000 0.390700
vt 0.235500 0.378200
vt 0.485700 0.527200
vt 0.835600 0.539700
vt 0.444200 0.525400
vt 0.249900 0.394700
vt 0.272900 0.374700
vt 0.886800 0.085300
vt 0.911200 0.083600
vt 0.886100 0.082900
vt 0.864800 0.101000
vt 0.349400 0.004700
vt 0.394000 0.006200
vt 0.369600 0.004100
vt 0.347900 0.038300
vt 0.913200 0.080000
vt 0.928700 0.093900
vt 0.974300 0.201300
vt 0.844800 0.330800
vt 0.933600 0.090000
vt 0.868300 0.102200
vt 0.942700 0.107400
vt 0.415900 0.196100
vt 0.386400 0.209500
vt 0.413200 0.212500
vt 0.355200 0.203100
vt 0.409500 0.196600
vt 0.406600 0.211800
vt 0.936400 0.108700
vt 0.936800 0.124100
vt 0.931600 0.123000
vt 0.950500 0.200100
vt 0.368700 0.036700
vt 0.354100 0.210400
vt 0.109100 0.369700
vt 0.138200 0.362400
vt 0.858000 0.321200
vt 0.124900 0.346200
vt 0.900700 0.474900
vt 0.484000 0.569100
vt 0.444300 0.565200
vt 0.885100 0.684300
vt 0.830500 0.309600
vt 0.878200 0.308200
vt 0.960300 0.300300
vt 0.961800 0.286900
vt 0.490200 0.481900
vt 0.888500 0.509000
vt 0.880500 0.603400
vt 0.907300 0.283700
vt 0.255600 0.361300
vt 0.837100 0.610500
vt 0.883500 0.290100
vt 0.856600 0.297900
vt 0.862600 0.502200
vt 0.877100 0.573500
vt 0.918500 0.297100
vt 0.931300 0.284400
vt 0.898500 0.300700
vt 0.831700 0.580400
vt 0.935200 0.298100
vt 0.444100 0.482000
vt 0.920700 0.111800
vt 0.917600 0.119000
vt 0.906800 0.122000
vt 0.916100 0.105200
vt 0.918500 0.004500
vt 0.860200 0.011600
vt 0.961200 0.004500
vt 0.443900 0.194300
vt 0.878600 0.128800
vt 0.891400 0.125800
vt 0.876200 0.110200
vt 0.907700 0.090800
vt 0.784000 0.024100
vt 0.961200 0.004500
vt 0.927300 0.110500
vt 0.860200 0.011600
vt 0.918500 0.143700
vt 0.876900 0.134300
vt 0.987200 0.004700
vt 0.872400 0.121000
vt 0.921900 0.099300
vt 0.815200 0.027600
vt 0.918500 0.004500
vt 0.889100 0.107200
vt 0.912400 0.133600
vt 0.796200 0.056400
vt 0.796200 0.056400
vt 0.798200 0.022000
vt 0.795500 0.021700
vt 0.784000 0.024100
vt 0.786600 0.024300
vt 0.798700 0.013100
vt 0.800500 0.013300
vt 0.799200 0.009800
vt 0.800500 0.011000
vt 0.782400 0.023000
vt 0.793400 0.021600
vt 0.793400 0.012400
vt 0.793900 0.006600
vt 0.788800 0.024400
vt 0.795700 0.012700
vt 0.791100 0.024400
vt 0.796600 0.007900
vt 0.793300 0.029500
vt 0.795300 0.029300
vt 0.797700 0.028900
vt 0.801200 0.028300
vt 0.781400 0.013600
vt 0.788500 0.012400
vt 0.787800 0.006700
vt 0.912100 0.310000
vt 0.790900 0.012300
vt 0.785200 0.008100
vt 0.783200 0.013400
vt 0.781300 0.011300
vt 0.788800 0.021700
vt 0.786600 0.021800
vt 0.799700 0.022800
vt 0.786100 0.012800
vt 0.782600 0.010000
vt 0.783900 0.022200
vt 0.798600 0.032500
vt 0.515300 0.703800
vt 0.479100 0.744400
vt 0.558700 0.709900
vt 0.479200 0.793200
vt 0.513900 0.745200
vt 0.445000 0.744000
vt 0.445300 0.794100
vt 0.480400 0.701700
vt 0.558700 0.663900
vt 0.007600 0.900100
vt 0.051100 0.907000
vt 0.050200 0.943100
vt 0.078100 0.910200
vt 0.007600 0.927000
vt 0.558700 0.911300
vt 0.317500 0.331700
vt 0.809800 0.251500
vt 0.312900 0.365300
vt 0.558700 0.866100
vt 0.536200 0.933500
vt 0.297300 0.366500
vt 0.284100 0.369400
vt 0.518600 0.648100
vt 0.314000 0.489200
vt 0.308000 0.498500
vt 0.481900 0.672500
vt 0.558700 0.745400
vt 0.314200 0.496400
vt 0.324800 0.503000
vt 0.444900 0.700500
vt 0.310400 0.331500
vt 0.307100 0.364900
vt 0.855200 0.204600
vt 0.261900 0.158400
vt 0.262200 0.189900
vt 0.197000 0.353700
vt 0.207800 0.359500
vt 0.169200 0.348400
vt 0.189800 0.385500
vt 0.274200 0.329200
vt 0.320800 0.284000
vt 0.233700 0.335400
vt 0.298400 0.419000
vt 0.077000 0.946700
vt 0.444700 0.640900
vt 0.306500 0.491000
vt 0.482400 0.640900
vt 0.483500 0.605000
vt 0.326800 0.497100
vt 0.785900 0.305200
vt 0.255700 0.334300
vt 0.802900 0.275100
vt 0.293100 0.327700
vt 0.320100 0.498800
vt 0.444400 0.604200
vt 0.444800 0.672400
vt 0.321000 0.491800
vt 0.558700 0.690600
vt 0.832600 0.283700
vt 0.201300 0.331300
vt 0.809100 0.306800
vt 0.517800 0.678700
vt 0.216800 0.365700
vt 0.794200 0.039200
vt 0.788800 0.033500
vt 0.965500 0.266900
vt 0.239700 0.246700
vt 0.886900 0.234400
vt 0.269300 0.221600
vt 0.788400 0.039300
vt 0.941600 0.220000
vt 0.911100 0.233400
vt 0.899700 0.261600
vt 0.919200 0.257300
vt 0.932200 0.240100
vt 0.943600 0.263500
vt 0.791100 0.023000
vt 0.873700 0.139800
vt 0.872300 0.104400
vt 0.326300 0.214000
vt 0.072900 0.387300
vt 0.887000 0.091200
vt 0.834900 0.327200
vt 0.283100 0.412600
vt 0.201900 0.392300
vt 0.266300 0.385900
vt 0.273600 0.165800
vt 0.243800 0.214800
vt 0.800400 0.017400
vt 0.870200 0.144700
vt 0.257400 0.218300
vt 0.868700 0.121800
vt 0.904900 0.105400
vt 0.277000 0.193300
vt 0.246600 0.180900
vt 0.261100 0.252800
vt 0.250000 0.248100
vt 0.265700 0.163900
vt 0.302000 0.417600
vt 0.861600 0.239800
vt 0.875300 0.266000
vt 0.857400 0.170100
vt 0.885700 0.175000
vt 0.948700 0.247700
vt 0.892200 0.155300
vt 0.909600 0.175700
vt 0.908700 0.208100
vt 0.929700 0.208600
vt 0.882100 0.203000
vt 0.947600 0.182800
vt 0.960800 0.156900
vt 0.949100 0.191400
vt 0.866600 0.149700
vt 0.929200 0.177100
vt 0.970300 0.230300
vt 0.943300 0.169600
vt 0.968200 0.252500
vt 0.953000 0.226000
vt 0.941000 0.156000
vt 0.221400 0.238800
vt 0.190600 0.191200
vt 0.027600 0.379800
vt 0.014700 0.388500
vt 0.171800 0.416100
vt 0.214100 0.201500
vt 0.932900 0.192700
vt 0.920700 0.148400
vt 0.978400 0.165800
vt 0.276900 0.114600
vt 0.942800 0.205000
vt 0.159900 0.371800
vt 0.178200 0.411600
vt 0.009700 0.360800
vt 0.234400 0.318900
vt 0.173100 0.309100
vt 0.972400 0.210300
vt 0.219300 0.263900
vt 0.976700 0.174000
vt 0.965200 0.161700
vt 0.987000 0.184100
vt 0.267200 0.116500
vt 0.976700 0.182900
vt 0.987000 0.176200
vt 0.963100 0.186600
vt 0.151400 0.282100
vt 0.177800 0.259700
vt 0.162900 0.238700
vt 0.139200 0.260000
vt 0.027600 0.379800
vt 0.090600 0.317200
vt 0.136300 0.297000
vt 0.174700 0.220200
vt 0.212400 0.300600
vt 0.090600 0.317200
vt 0.118400 0.260500
vt 0.234400 0.318900
vt 0.226600 0.293700
vt 0.251200 0.326000
vt 0.271500 0.288400
vt 0.214100 0.201500
vt 0.258600 0.113100
vt 0.181800 0.120000
vt 0.217500 0.137700
vt 0.164300 0.145200
vt 0.252600 0.154300
vt 0.186900 0.065400
vt 0.090900 0.074300
vt 0.198500 0.097700
vt 0.225300 0.016300
vt 0.227700 0.057900
vt 0.300200 0.069000
vt 0.261100 0.015600
vt 0.293100 0.048600
vt 0.223700 0.105100
vt 0.276700 0.015200
vt 0.271900 0.045000
vt 0.286900 0.114900
vt 0.259300 0.058900
vt 0.180600 0.024000
vt 0.125300 0.115700
vt 0.130200 0.043800
vt 0.056100 0.120000
vt 0.146300 0.174700
vt 0.149800 0.087600
vt 0.284800 0.073800
vt 0.099800 0.149000
vt 0.171100 0.420600
vt 0.126300 0.379700
vt 0.118700 0.397800
vt 0.938500 0.199700
vt 0.181600 0.416000
vt 0.171800 0.416100
vt 0.067400 0.267600
vt 0.987000 0.221900
vt 0.987000 0.168400
vt 0.972400 0.210300
vt 0.116400 0.234400
vt 0.010200 0.274700
vt 0.177800 0.259700
vt 0.136300 0.297000
vt 0.151400 0.282100
vt 0.258900 0.279700
vt 0.187700 0.250500
vt 0.219300 0.263900
vt 0.190600 0.191200
vt 0.009700 0.360800
vt 0.178200 0.411600
vt 0.015800 0.418400
vt 0.270500 0.075700
vt 0.942800 0.203400
vt 0.050100 0.369400
vt 0.146300 0.409300
vt 0.022100 0.357200
vt 0.276900 0.114600
vt 0.987000 0.211200
vt 0.159900 0.371800
vt 0.152000 0.399700
vt 0.942800 0.205000
vt 0.959500 0.208100
vt 0.972100 0.219000
vt 0.938600 0.206000
vt 0.319500 0.029700
vt 0.344900 0.126400
vt 0.375800 0.173900
vt 0.367800 0.149100
vt 0.432200 0.154300
vt 0.210900 0.165200
vt 0.404000 0.164500
vt 0.417800 0.122000
vt 0.303100 0.021900
vt 0.950300 0.206100
vt 0.281200 0.157200
vt 0.959500 0.213600
vt 0.290800 0.287100
vt 0.978400 0.165800
vt 0.948700 0.209500
vt 0.018300 0.227000
vt 0.128500 0.202900
vt 0.976700 0.174000
vt 0.166400 0.267200
vt 0.187900 0.278300
vt 0.258000 0.306800
vt 0.221400 0.238800
vt 0.014700 0.388500
vt 0.032200 0.174600
vt 0.079300 0.189800
vt 0.069000 0.231900
vt 0.330300 0.221500
vt 0.310700 0.253000
vt 0.297900 0.190400
vt 0.164200 0.259500
vt 0.046200 0.339200
vt 0.236100 0.274100
vt 0.344500 0.154000
vt 0.348400 0.181000
vt 0.834200 0.079100
vt 0.799400 0.089900
vt 0.203600 0.231800
vt 0.318100 0.155900
vt 0.321600 0.185700
vt 0.296300 0.222300
vt 0.326300 0.214000
vt 0.801800 0.139500
vt 0.290700 0.253500
vt 0.310100 0.285700
vt 0.315500 0.256400
vt 0.400000 0.094700
vt 0.378300 0.112300
vt 0.042700 0.399700
vt 0.318100 0.119200
vt 0.362900 0.128000
vt 0.346100 0.043700
vt 0.324900 0.079400
vt 0.924700 0.062500
vt 0.915100 0.076400
vt 0.372000 0.063500
vt 0.349100 0.090700
vt 0.938500 0.086200
vt 0.961900 0.077400
vt 0.391600 0.136300
vt 0.987200 0.067300
vt 0.885400 0.080600
vt 0.879200 0.070700
vt 0.987000 0.145100
vt 0.987000 0.152500
vt 0.980300 0.151700
vt 0.971800 0.152700
vt 0.466000 0.131700
vt 0.687500 0.935100
vt 0.479500 0.145800
vt 0.456100 0.128000
vt 0.442300 0.115200
vt 0.480700 0.057300
vt 0.498900 0.080200
vt 0.450500 0.095100
vt 0.485800 0.078300
vt 0.469500 0.091000
vt 0.474900 0.128200
vt 0.677500 0.907500
vt 0.670700 0.936700
vt 0.626100 0.874800
vt 0.626000 0.901300
vt 0.601400 0.924500
vt 0.458900 0.113000
vt 0.422900 0.076200
vt 0.428900 0.094600
vt 0.443800 0.076900
vt 0.465700 0.071500
vt 0.485600 0.103400
vt 0.449300 0.140300
vt 0.649500 0.920300
vt 0.651500 0.876100
vt 0.651200 0.847200
vt 0.623800 0.917500
vt 0.650500 0.902900
vt 0.459000 0.055800
vt 0.440300 0.058400
vt 0.408500 0.074000
vt 0.418300 0.100100
vt 0.492600 0.051900
vt 0.472500 0.108400
vt 0.481600 0.120500
vt 0.464400 0.148300
vt 0.627100 0.847600
vt 0.809500 0.961800
vt 0.920500 0.956300
vt 0.810900 0.978900
vt 0.849100 0.976400
vt 0.837800 0.746300
vt 0.849000 0.956100
vt 0.900800 0.755700
vt 0.859100 0.747800
vt 0.922700 0.761300
vt 0.951600 0.761200
vt 0.979900 0.758000
vt 0.795300 0.751900
vt 0.753200 0.871400
vt 0.781000 0.858800
vt 0.601300 0.893300
vt 0.599800 0.871600
vt 0.573200 0.888500
vt 0.573200 0.866600
vt 0.933500 0.957600
vt 0.919100 0.908000
vt 0.884800 0.969400
vt 0.883800 0.989300
vt 0.834400 0.975700
vt 0.848800 0.967700
vt 0.903600 0.953300
vt 0.883800 0.952000
vt 0.865400 0.953400
vt 0.880000 0.753500
vt 0.818200 0.746400
vt 0.677300 0.849200
vt 0.700000 0.875600
vt 0.677100 0.877400
vt 0.726800 0.877100
vt 0.831200 0.958900
vt 0.864900 0.984000
vt 0.866800 0.966700
vt 0.956800 0.957800
vt 0.389600 0.327900
vt 0.412300 0.292700
vt 0.373000 0.317100
vt 0.361800 0.283500
vt 0.348900 0.292300
vt 0.428500 0.309200
vt 0.904200 0.990100
vt 0.922100 0.982400
vt 0.903500 0.971100
vt 0.920700 0.970800
vt 0.736500 0.492000
vt 0.660400 0.482500
vt 0.380000 0.277800
vt 0.385300 0.272200
vt 0.408400 0.298000
vt 0.362500 0.289300
vt 0.340400 0.294200
vt 0.410800 0.317600
vt 0.424200 0.321700
vt 0.936600 0.979000
vt 0.957800 0.966200
vt 0.957700 0.975000
vt 0.414500 0.286100
vt 0.386600 0.286600
vt 0.700800 0.482200
vt 0.334700 0.358100
vt 0.355900 0.285500
vt 0.359400 0.281200
vt 0.353200 0.308100
vt 0.343400 0.305400
vt 0.423600 0.304900
vt 0.934300 0.967700
vt 0.810800 0.970200
vt 0.833200 0.970000
vt 0.407500 0.286000
vt 0.388100 0.276400
vt 0.348700 0.347200
vt 0.588200 0.526000
vt 0.608400 0.535400
vt 0.439000 0.348900
vt 0.589100 0.536500
vt 0.339500 0.329400
vt 0.351000 0.331900
vt 0.376400 0.377600
vt 0.356700 0.368700
vt 0.755200 0.609300
vt 0.364400 0.338800
vt 0.361900 0.360900
vt 0.421400 0.363700
vt 0.422000 0.356200
vt 0.426900 0.338900
vt 0.592000 0.566600
vt 0.604900 0.533900
vt 0.605600 0.546700
vt 0.593700 0.529200
vt 0.577800 0.554700
vt 0.434800 0.341400
vt 0.584400 0.547300
vt 0.425900 0.337300
vt 0.420700 0.345100
vt 0.405400 0.337100
vt 0.435100 0.348400
vt 0.432400 0.364500
vt 0.380000 0.346400
vt 0.372200 0.366400
vt 0.757800 0.566200
vt 0.760500 0.534900
vt 0.579700 0.570800
vt 0.424600 0.346300
vt 0.599000 0.558900
vt 0.569900 0.558700
vt 0.424100 0.330200
vt 0.438600 0.342400
vt 0.434300 0.358100
vt 0.980000 0.144000
vt 0.822900 0.122300
vt 0.987000 0.129600
vt 0.949000 0.106100
vt 0.963900 0.143500
vt 0.826700 0.153300
vt 0.987000 0.137300
vt 0.861200 0.099800
vt 0.848600 0.090100
vt 0.846200 0.130900
vt 0.942000 0.125100
vt 0.987000 0.099700
vt 0.963600 0.126600
vt 0.548714 0.377169
vt 0.963400 0.103900
vt 0.987000 0.117000
vt 0.548311 0.376874
vt 0.546686 0.379774
vt 0.547689 0.378402
vt 0.545674 0.378786
vt 0.547689 0.378402
vt 0.546686 0.379774
vt 0.545674 0.378786
vt 0.545674 0.378786
vt 0.545674 0.378786
vt 0.548714 0.377169
vt 0.545674 0.378786
vt 0.546686 0.379774
vt 0.548714 0.377169
vt 0.545674 0.378786
vt 0.547689 0.378402
vt 0.545674 0.378786
vt 0.545674 0.378786
vt 0.545674 0.378786
vt 0.548714 0.377169
vt 0.548714 0.377169
vt 0.545674 0.378786
vt 0.547689 0.378402
vt 0.547689 0.378402
vt 0.545674 0.378786
vt 0.545674 0.378786
vt 0.545674 0.378786
vt 0.547689 0.378402
vt 0.545674 0.378786
vt 0.546686 0.379774
vt 0.545674 0.378786
vt 0.547689 0.378402
vt 0.547689 0.378402
vt 0.545674 0.378786
vt 0.545674 0.378786
vt 0.546686 0.379774
vt 0.545674 0.378786
vt 0.545674 0.378786
vt 0.545674 0.378786
vt 0.545674 0.378786
vt 0.545674 0.378786
vt 0.548714 0.377169
vt 0.545674 0.378786
vt 0.545674 0.378786
vt 0.545674 0.378786
vt 0.545674 0.378786
vt 0.547689 0.378402
vt 0.548311 0.376874
vt 0.545674 0.378786
vt 0.545674 0.378786
vt 0.545674 0.378786
vt 0.545674 0.378786
vt 0.547689 0.378402
vt 0.545674 0.378786
vt 0.545674 0.378786
vt 0.545674 0.378786
vt 0.545674 0.378786
g anniebase_mat
usemtl Hero_Annie_mat
f 5/5/5 13/13/13 1/1/1
f 15/15/15 13/13/13 5/5/5
f 15/15/15 19/19/19 13/13/13
f 14/14/14 19/19/19 15/15/15
f 14/14/14 704/704/704 19/19/19
f 19/19/19 704/704/704 677/677/677
f 704/704/704 672/672/672 677/677/677
f 677/677/677 672/672/672 671/671/671
f 8/8/8 15/15/15 5/5/5
f 4/4/4 15/15/15 8/8/8
f 4/4/4 14/14/14 15/15/15
f 16/16/16 14/14/14 4/4/4
f 16/16/16 704/704/704 14/14/14
f 673/673/673 704/704/704 16/16/16
f 673/673/673 672/672/672 704/704/704
f 702/702/702 672/672/672 673/673/673
f 702/702/702 663/663/663 672/672/672
f 672/672/672 663/663/663 671/671/671
f 671/671/671 663/663/663 662/662/662
f 2/2/2 4/4/4 8/8/8
f 3/3/3 4/4/4 2/2/2
f 3/3/3 16/16/16 4/4/4
f 678/678/678 16/16/16 3/3/3
f 678/678/678 673/673/673 16/16/16
f 674/674/674 673/673/673 678/678/678
f 674/674/674 702/702/702 673/673/673
f 697/697/697 702/702/702 674/674/674
f 697/697/697 669/669/669 702/702/702
f 669/669/669 663/663/663 702/702/702
f 669/669/669 715/715/715 663/663/663
f 663/663/663 715/715/715 662/662/662
f 662/662/662 715/715/715 720/720/720
f 2/2/2 18/18/18 3/3/3
f 18/18/18 20/20/20 3/3/3
f 3/3/3 20/20/20 678/678/678
f 20/20/20 674/674/674 678/678/678
f 676/676/676 674/674/674 20/20/20
f 676/676/676 697/697/697 674/674/674
f 703/703/703 697/697/697 676/676/676
f 703/703/703 670/670/670 697/697/697
f 670/670/670 669/669/669 697/697/697
f 670/670/670 666/666/666 669/669/669
f 666/666/666 715/715/715 669/669/669
f 7/7/7 18/18/18 2/2/2
f 6/6/6 18/18/18 7/7/7
f 17/17/17 18/18/18 6/6/6
f 17/17/17 20/20/20 18/18/18
f 21/21/21 20/20/20 17/17/17
f 21/21/21 676/676/676 20/20/20
f 675/675/675 676/676/676 21/21/21
f 675/675/675 703/703/703 676/676/676
f 661/661/661 703/703/703 675/675/675
f 661/661/661 667/667/667 703/703/703
f 667/667/667 670/670/670 703/703/703
f 667/667/667 668/668/668 670/670/670
f 668/668/668 666/666/666 670/670/670
f 668/668/668 719/719/719 666/666/666
f 719/719/719 699/699/699 666/666/666
f 666/666/666 699/699/699 715/715/715
f 715/715/715 699/699/699 720/720/720
f 720/720/720 699/699/699 716/716/716
f 665/665/665 667/667/667 661/661/661
f 665/665/665 664/664/664 667/667/667
f 664/664/664 668/668/668 667/667/667
f 664/664/664 710/710/710 668/668/668
f 710/710/710 719/719/719 668/668/668
f 710/710/710 735/735/735 719/719/719
f 735/735/735 688/688/688 719/719/719
f 719/719/719 688/688/688 699/699/699
f 688/688/688 687/687/687 699/699/699
f 699/699/699 687/687/687 716/716/716
f 698/698/698 664/664/664 665/665/665
f 698/698/698 701/701/701 664/664/664
f 701/701/701 710/710/710 664/664/664
f 701/701/701 718/718/718 710/710/710
f 710/710/710 718/718/718 727/727/727
f 727/727/727 735/735/735 710/710/710
f 727/727/727 732/732/732 735/735/735
f 732/732/732 685/685/685 735/735/735
f 735/735/735 685/685/685 688/688/688
f 685/685/685 709/709/709 688/688/688
f 688/688/688 709/709/709 687/687/687
f 700/700/700 701/701/701 698/698/698
f 700/700/700 718/718/718 701/701/701
f 717/717/717 718/718/718 700/700/700
f 717/717/717 731/731/731 718/718/718
f 718/718/718 731/731/731 727/727/727
f 727/727/727 731/731/731 734/734/734
f 734/734/734 732/732/732 727/727/727
f 734/734/734 682/682/682 732/732/732
f 682/682/682 708/708/708 732/732/732
f 732/732/732 708/708/708 685/685/685
f 708/708/708 726/726/726 685/685/685
f 685/685/685 726/726/726 709/709/709
f 686/686/686 731/731/731 717/717/717
f 686/686/686 681/681/681 731/731/731
f 731/731/731 681/681/681 734/734/734
f 734/734/734 681/681/681 680/680/680
f 680/680/680 682/682/682 734/734/734
f 680/680/680 689/689/689 682/682/682
f 689/689/689 684/684/684 682/682/682
f 682/682/682 684/684/684 708/708/708
f 684/684/684 683/683/683 708/708/708
f 708/708/708 683/683/683 726/726/726
f 724/724/724 681/681/681 686/686/686
f 724/724/724 679/679/679 681/681/681
f 681/681/681 679/679/679 680/680/680
f 680/680/680 679/679/679 721/721/721
f 721/721/721 689/689/689 680/680/680
f 706/706/706 679/679/679 724/724/724
f 2635/2635/2635 2638/2638/2638 2618/2618/2618
f 2618/2618/2618 2638/2638/2638 2616/2616/2616
f 2637/2637/2637 2618/2618/2618 2616/2616/2616
f 2636/2636/2636 2618/2618/2618 2637/2637/2637
f 2632/2632/2632 2636/2636/2636 2637/2637/2637
f 2633/2633/2633 2636/2636/2636 2632/2632/2632
f 2632/2632/2632 2607/2607/2607 2633/2633/2633
f 2609/2609/2609 2607/2607/2607 2632/2632/2632
f 2609/2609/2609 2614/2614/2614 2607/2607/2607
f 2613/2613/2613 2614/2614/2614 2609/2609/2609
f 2613/2613/2613 2611/2611/2611 2614/2614/2614
f 2634/2634/2634 2611/2611/2611 2613/2613/2613
f 2634/2634/2634 2625/2625/2625 2611/2611/2611
f 2612/2612/2612 2625/2625/2625 2634/2634/2634
f 2625/2625/2625 2612/2612/2612 2713/2713/2713
f 2713/2713/2713 2612/2612/2612 2696/2696/2696
f 2696/2696/2696 2690/2690/2690 2713/2713/2713
f 2688/2688/2688 2690/2690/2690 2696/2696/2696
f 2688/2688/2688 2694/2694/2694 2690/2690/2690
f 2692/2692/2692 2694/2694/2694 2688/2688/2688
f 2610/2610/2610 2628/2628/2628 2608/2608/2608
f 2631/2631/2631 2628/2628/2628 2610/2610/2610
f 2631/2631/2631 2661/2661/2661 2628/2628/2628
f 2628/2628/2628 2661/2661/2661 2664/2664/2664
f 2661/2661/2661 2659/2659/2659 2664/2664/2664
f 2664/2664/2664 2659/2659/2659 2665/2665/2665
f 2659/2659/2659 2670/2670/2670 2665/2665/2665
f 2665/2665/2665 2670/2670/2670 2671/2671/2671
f 2670/2670/2670 2678/2678/2678 2671/2671/2671
f 2671/2671/2671 2678/2678/2678 2669/2669/2669
f 2669/2669/2669 2668/2668/2668 2671/2671/2671
f 2668/2668/2668 2669/2669/2669 2680/2680/2680
f 2680/2680/2680 2669/2669/2669 2660/2660/2660
f 2630/2630/2630 2680/2680/2680 2660/2660/2660
f 2626/2626/2626 2680/2680/2680 2630/2630/2630
f 2678/2678/2678 2660/2660/2660 2669/2669/2669
f 2677/2677/2677 2660/2660/2660 2678/2678/2678
f 2660/2660/2660 2677/2677/2677 2630/2630/2630
f 2630/2630/2630 2677/2677/2677 2629/2629/2629
f 2630/2630/2630 2629/2629/2629 2708/2708/2708
f 2708/2708/2708 2629/2629/2629 2704/2704/2704
f 2708/2708/2708 2704/2704/2704 3942/3942/3942
f 3942/3942/3942 2704/2704/2704 3915/3915/3915
f 3915/3915/3915 3916/3916/3916 3942/3942/3942
f 3918/3918/3918 3916/3916/3916 3915/3915/3915
f 3916/3916/3916 3918/3918/3918 2697/2697/2697
f 2697/2697/2697 3918/3918/3918 3931/3931/3931
f 2697/2697/2697 3931/3931/3931 2714/2714/2714
f 2704/2704/2704 3938/3938/3938 3915/3915/3915
f 3915/3915/3915 3938/3938/3938 3930/3930/3930
f 3930/3930/3930 3918/3918/3918 3915/3915/3915
f 3919/3919/3919 3918/3918/3918 3930/3930/3930
f 3919/3919/3919 3931/3931/3931 3918/3918/3918
f 3943/3943/3943 3931/3931/3931 3919/3919/3919
f 3943/3943/3943 3944/3944/3944 3931/3931/3931
f 2714/2714/2714 3931/3931/3931 3944/3944/3944
f 2714/2714/2714 3944/3944/3944 3912/3912/3912
f 3938/3938/3938 3929/3929/3929 3930/3930/3930
f 3929/3929/3929 3917/3917/3917 3930/3930/3930
f 3930/3930/3930 3917/3917/3917 3919/3919/3919
f 3917/3917/3917 3926/3926/3926 3919/3919/3919
f 3919/3919/3919 3926/3926/3926 3943/3943/3943
f 3926/3926/3926 3910/3910/3910 3943/3943/3943
f 3943/3943/3943 3910/3910/3910 3920/3920/3920
f 3920/3920/3920 3944/3944/3944 3943/3943/3943
f 3912/3912/3912 3944/3944/3944 3920/3920/3920
f 3920/3920/3920 3910/3910/3910 3912/3912/3912
f 3912/3912/3912 3910/3910/3910 3945/3945/3945
f 3939/3939/3939 3929/3929/3929 3938/3938/3938
f 3929/3929/3929 3939/3939/3939 3927/3927/3927
f 3928/3928/3928 3929/3929/3929 3927/3927/3927
f 3917/3917/3917 3929/3929/3929 3928/3928/3928
f 3928/3928/3928 3914/3914/3914 3917/3917/3917
f 3917/3917/3917 3914/3914/3914 3926/3926/3926
f 3914/3914/3914 3913/3913/3913 3926/3926/3926
f 3926/3926/3926 3913/3913/3913 3910/3910/3910
f 3910/3910/3910 3913/3913/3913 3945/3945/3945
f 3945/3945/3945 3913/3913/3913 3932/3932/3932
f 3913/3913/3913 3914/3914/3914 3932/3932/3932
f 3932/3932/3932 3914/3914/3914 2698/2698/2698
f 3927/3927/3927 3939/3939/3939 2717/2717/2717
f 3927/3927/3927 2717/2717/2717 3940/3940/3940
f 3941/3941/3941 3927/3927/3927 3940/3940/3940
f 3928/3928/3928 3927/3927/3927 3941/3941/3941
f 2698/2698/2698 3928/3928/3928 3941/3941/3941
f 3914/3914/3914 3928/3928/3928 2698/2698/2698
f 3940/3940/3940 2717/2717/2717 2681/2681/2681
f 2675/2675/2675 2703/2703/2703 2676/2676/2676
f 2710/2710/2710 2703/2703/2703 2675/2675/2675
f 2710/2710/2710 2731/2731/2731 2703/2703/2703
f 2738/2738/2738 2731/2731/2731 2710/2710/2710
f 2731/2731/2731 2738/2738/2738 2730/2730/2730
f 2738/2738/2738 3925/3925/3925 2730/2730/2730
f 3925/3925/3925 3961/3961/3961 2730/2730/2730
f 2730/2730/2730 3961/3961/3961 3963/3963/3963
f 2663/2663/2663 2710/2710/2710 2675/2675/2675
f 2705/2705/2705 2710/2710/2710 2663/2663/2663
f 2705/2705/2705 2738/2738/2738 2710/2710/2710
f 2724/2724/2724 2738/2738/2738 2705/2705/2705
f 2724/2724/2724 3925/3925/3925 2738/2738/2738
f 2725/2725/2725 3925/3925/3925 2724/2724/2724
f 2723/2723/2723 3925/3925/3925 2725/2725/2725
f 3925/3925/3925 2723/2723/2723 3936/3936/3936
f 3936/3936/3936 3961/3961/3961 3925/3925/3925
f 2672/2672/2672 2705/2705/2705 2663/2663/2663
f 2706/2706/2706 2705/2705/2705 2672/2672/2672
f 2706/2706/2706 2724/2724/2724 2705/2705/2705
f 2725/2725/2725 2724/2724/2724 2706/2706/2706
f 2725/2725/2725 2706/2706/2706 2722/2722/2722
f 2725/2725/2725 2722/2722/2722 2723/2723/2723
f 2723/2723/2723 2722/2722/2722 2721/2721/2721
f 2721/2721/2721 3936/3936/3936 2723/2723/2723
f 3933/3933/3933 3936/3936/3936 2721/2721/2721
f 3933/3933/3933 3924/3924/3924 3936/3936/3936
f 3924/3924/3924 3961/3961/3961 3936/3936/3936
f 2662/2662/2662 2706/2706/2706 2672/2672/2672
f 2709/2709/2709 2706/2706/2706 2662/2662/2662
f 2722/2722/2722 2706/2706/2706 2709/2709/2709
f 2709/2709/2709 2715/2715/2715 2722/2722/2722
f 2715/2715/2715 2721/2721/2721 2722/2722/2722
f 2721/2721/2721 2715/2715/2715 3922/3922/3922
f 3922/3922/3922 3933/3933/3933 2721/2721/2721
f 3921/3921/3921 3933/3933/3933 3922/3922/3922
f 3937/3937/3937 3933/3933/3933 3921/3921/3921
f 3937/3937/3937 3924/3924/3924 3933/3933/3933
f 3937/3937/3937 3923/3923/3923 3924/3924/3924
f 3924/3924/3924 3923/3923/3923 3961/3961/3961
f 2673/2673/2673 2709/2709/2709 2662/2662/2662
f 2682/2682/2682 2709/2709/2709 2673/2673/2673
f 2682/2682/2682 2715/2715/2715 2709/2709/2709
f 2682/2682/2682 2735/2735/2735 2715/2715/2715
f 3922/3922/3922 2715/2715/2715 2735/2735/2735
f 3922/3922/3922 2735/2735/2735 3911/3911/3911
f 3922/3922/3922 3911/3911/3911 3921/3921/3921
f 3911/3911/3911 2720/2720/2720 3921/3921/3921
f 2720/2720/2720 3978/3978/3978 3921/3921/3921
f 3978/3978/3978 3937/3937/3937 3921/3921/3921
f 3934/3934/3934 3937/3937/3937 3978/3978/3978
f 3934/3934/3934 3923/3923/3923 3937/3937/3937
f 2627/2627/2627 2682/2682/2682 2673/2673/2673
f 2674/2674/2674 2682/2682/2682 2627/2627/2627
f 2674/2674/2674 2735/2735/2735 2682/2682/2682
f 2726/2726/2726 2735/2735/2735 2674/2674/2674
f 2736/2736/2736 2735/2735/2735 2726/2726/2726
f 3911/3911/3911 2735/2735/2735 2736/2736/2736
f 2686/2686/2686 3911/3911/3911 2736/2736/2736
f 2701/2701/2701 3911/3911/3911 2686/2686/2686
f 2701/2701/2701 2720/2720/2720 3911/3911/3911
f 2737/2737/2737 2674/2674/2674 2627/2627/2627
f 2726/2726/2726 2674/2674/2674 2737/2737/2737
f 2737/2737/2737 2732/2732/2732 2726/2726/2726
f 2726/2726/2726 2732/2732/2732 2739/2739/2739
f 2739/2739/2739 2736/2736/2736 2726/2726/2726
f 2736/2736/2736 2739/2739/2739 2686/2686/2686
f 2686/2686/2686 2739/2739/2739 2728/2728/2728
f 2728/2728/2728 2699/2699/2699 2686/2686/2686
f 2699/2699/2699 2687/2687/2687 2686/2686/2686
f 2687/2687/2687 2701/2701/2701 2686/2686/2686
f 2732/2732/2732 2727/2727/2727 2739/2739/2739
f 2739/2739/2739 2727/2727/2727 2728/2728/2728
f 2728/2728/2728 2727/2727/2727 2718/2718/2718
f 2718/2718/2718 2699/2699/2699 2728/2728/2728
f 2699/2699/2699 2718/2718/2718 2700/2700/2700
f 2699/2699/2699 2700/2700/2700 2687/2687/2687
f 2693/2693/2693 2687/2687/2687 2700/2700/2700
f 2689/2689/2689 2687/2687/2687 2693/2693/2693
f 2689/2689/2689 2701/2701/2701 2687/2687/2687
f 2689/2689/2689 2683/2683/2683 2701/2701/2701
f 2719/2719/2719 2701/2701/2701 2683/2683/2683
f 2720/2720/2720 2701/2701/2701 2719/2719/2719
f 2718/2718/2718 2727/2727/2727 2734/2734/2734
f 2734/2734/2734 2691/2691/2691 2718/2718/2718
f 2700/2700/2700 2718/2718/2718 2691/2691/2691
f 2700/2700/2700 2691/2691/2691 2729/2729/2729
f 2700/2700/2700 2729/2729/2729 2693/2693/2693
f 2693/2693/2693 2729/2729/2729 2733/2733/2733
f 2733/2733/2733 2684/2684/2684 2693/2693/2693
f 2693/2693/2693 2684/2684/2684 2685/2685/2685
f 2693/2693/2693 2685/2685/2685 2683/2683/2683
f 2689/2689/2689 2693/2693/2693 2683/2683/2683
f 2707/2707/2707 2691/2691/2691 2734/2734/2734
f 2691/2691/2691 2707/2707/2707 2695/2695/2695
f 2729/2729/2729 2691/2691/2691 2695/2695/2695
f 2712/2712/2712 2729/2729/2729 2695/2695/2695
f 2716/2716/2716 2729/2729/2729 2712/2712/2712
f 2729/2729/2729 2716/2716/2716 2733/2733/2733
f 2695/2695/2695 2707/2707/2707 2711/2711/2711
f 2695/2695/2695 2711/2711/2711 2712/2712/2712
f 2712/2712/2712 2711/2711/2711 2702/2702/2702
f 2683/2683/2683 2685/2685/2685 2719/2719/2719
f 3959/3959/3959 2719/2719/2719 2685/2685/2685
f 3979/3979/3979 2719/2719/2719 3959/3959/3959
f 3979/3979/3979 3977/3977/3977 2719/2719/2719
f 2719/2719/2719 3977/3977/3977 2720/2720/2720
f 3977/3977/3977 3978/3978/3978 2720/2720/2720
f 3977/3977/3977 3976/3976/3976 3978/3978/3978
f 3978/3978/3978 3976/3976/3976 3934/3934/3934
f 2685/2685/2685 2684/2684/2684 3959/3959/3959
f 3959/3959/3959 2684/2684/2684 3960/3960/3960
f 3960/3960/3960 2146/2146/2146 3959/3959/3959
f 2146/2146/2146 3979/3979/3979 3959/3959/3959
f 2153/2153/2153 3979/3979/3979 2146/2146/2146
f 2153/2153/2153 2154/2154/2154 3979/3979/3979
f 3979/3979/3979 2154/2154/2154 3977/3977/3977
f 2154/2154/2154 3976/3976/3976 3977/3977/3977
f 2025/2025/2025 2146/2146/2146 3960/3960/3960
f 2146/2146/2146 2025/2025/2025 2026/2026/2026
f 2026/2026/2026 2153/2153/2153 2146/2146/2146
f 2115/2115/2115 2153/2153/2153 2026/2026/2026
f 2010/2010/2010 2153/2153/2153 2115/2115/2115
f 2154/2154/2154 2153/2153/2153 2010/2010/2010
f 2023/2023/2023 2154/2154/2154 2010/2010/2010
f 2009/2009/2009 2154/2154/2154 2023/2023/2023
f 2023/2023/2023 2081/2081/2081 2009/2009/2009
f 2026/2026/2026 2025/2025/2025 2046/2046/2046
f 2326/2326/2326 2026/2026/2026 2046/2046/2046
f 2296/2296/2296 2026/2026/2026 2326/2326/2326
f 2296/2296/2296 2115/2115/2115 2026/2026/2026
f 2297/2297/2297 2115/2115/2115 2296/2296/2296
f 2281/2281/2281 2115/2115/2115 2297/2297/2297
f 2010/2010/2010 2115/2115/2115 2281/2281/2281
f 2271/2271/2271 2010/2010/2010 2281/2281/2281
f 2023/2023/2023 2010/2010/2010 2271/2271/2271
f 2269/2269/2269 2023/2023/2023 2271/2271/2271
f 2047/2047/2047 2023/2023/2023 2269/2269/2269
f 2047/2047/2047 2081/2081/2081 2023/2023/2023
f 2047/2047/2047 2144/2144/2144 2081/2081/2081
f 2295/2295/2295 2296/2296/2296 2326/2326/2326
f 2299/2299/2299 2296/2296/2296 2295/2295/2295
f 2299/2299/2299 2298/2298/2298 2296/2296/2296
f 2296/2296/2296 2298/2298/2298 2297/2297/2297
f 2298/2298/2298 2280/2280/2280 2297/2297/2297
f 2297/2297/2297 2280/2280/2280 2281/2281/2281
f 2280/2280/2280 2277/2277/2277 2281/2281/2281
f 2281/2281/2281 2277/2277/2277 2271/2271/2271
f 2277/2277/2277 2276/2276/2276 2271/2271/2271
f 2271/2271/2271 2276/2276/2276 2269/2269/2269
f 2295/2295/2295 2286/2286/2286 2299/2299/2299
f 2299/2299/2299 2286/2286/2286 2284/2284/2284
f 2284/2284/2284 2261/2261/2261 2299/2299/2299
f 2299/2299/2299 2261/2261/2261 2298/2298/2298
f 2259/2259/2259 2298/2298/2298 2261/2261/2261
f 2280/2280/2280 2298/2298/2298 2259/2259/2259
f 2259/2259/2259 2287/2287/2287 2280/2280/2280
f 2280/2280/2280 2287/2287/2287 2277/2277/2277
f 2287/2287/2287 2246/2246/2246 2277/2277/2277
f 2277/2277/2277 2246/2246/2246 2276/2276/2276
f 2286/2286/2286 2182/2182/2182 2284/2284/2284
f 2284/2284/2284 2182/2182/2182 2214/2214/2214
f 2214/2214/2214 2261/2261/2261 2284/2284/2284
f 2159/2159/2159 2261/2261/2261 2214/2214/2214
f 2165/2165/2165 2261/2261/2261 2159/2159/2159
f 2259/2259/2259 2261/2261/2261 2165/2165/2165
f 2217/2217/2217 2259/2259/2259 2165/2165/2165
f 2287/2287/2287 2259/2259/2259 2217/2217/2217
f 2217/2217/2217 2246/2246/2246 2287/2287/2287
f 2290/2290/2290 2214/2214/2214 2182/2182/2182
f 2305/2305/2305 2214/2214/2214 2290/2290/2290
f 2305/2305/2305 2159/2159/2159 2214/2214/2214
f 2238/2238/2238 2159/2159/2159 2305/2305/2305
f 2163/2163/2163 2159/2159/2159 2238/2238/2238
f 2165/2165/2165 2159/2159/2159 2163/2163/2163
f 2157/2157/2157 2165/2165/2165 2163/2163/2163
f 2217/2217/2217 2165/2165/2165 2157/2157/2157
f 2157/2157/2157 2161/2161/2161 2217/2217/2217
f 2161/2161/2161 2246/2246/2246 2217/2217/2217
f 2290/2290/2290 2289/2289/2289 2305/2305/2305
f 2305/2305/2305 2289/2289/2289 2355/2355/2355
f 2305/2305/2305 2355/2355/2355 2238/2238/2238
f 2238/2238/2238 2355/2355/2355 2247/2247/2247
f 2283/2283/2283 2238/2238/2238 2247/2247/2247
f 2163/2163/2163 2238/2238/2238 2283/2283/2283
f 2283/2283/2283 2272/2272/2272 2163/2163/2163
f 2163/2163/2163 2272/2272/2272 2157/2157/2157
f 2157/2157/2157 2272/2272/2272 2215/2215/2215
f 2215/2215/2215 2161/2161/2161 2157/2157/2157
f 2289/2289/2289 2953/2953/2953 2355/2355/2355
f 2355/2355/2355 2953/2953/2953 2268/2268/2268
f 2355/2355/2355 2268/2268/2268 2247/2247/2247
f 2247/2247/2247 2268/2268/2268 2274/2274/2274
f 2275/2275/2275 2247/2247/2247 2274/2274/2274
f 2283/2283/2283 2247/2247/2247 2275/2275/2275
f 2275/2275/2275 2272/2272/2272 2283/2283/2283
f 2285/2285/2285 2272/2272/2272 2275/2275/2275
f 2285/2285/2285 2282/2282/2282 2272/2272/2272
f 2215/2215/2215 2272/2272/2272 2282/2282/2282
f 3187/3187/3187 2953/2953/2953 2289/2289/2289
f 3187/3187/3187 3058/3058/3058 2953/2953/2953
f 2953/2953/2953 3058/3058/3058 3061/3061/3061
f 2955/2955/2955 2953/2953/2953 3061/3061/3061
f 3183/3183/3183 2953/2953/2953 2955/2955/2955
f 2268/2268/2268 2953/2953/2953 3183/3183/3183
f 3058/3058/3058 3204/3204/3204 3061/3061/3061
f 3204/3204/3204 2941/2941/2941 3061/3061/3061
f 3061/3061/3061 2941/2941/2941 3184/3184/3184
f 3184/3184/3184 2955/2955/2955 3061/3061/3061
f 3060/3060/3060 2955/2955/2955 3184/3184/3184
f 3184/3184/3184 2946/2946/2946 3060/3060/3060
f 2979/2979/2979 3204/3204/3204 3058/3058/3058
f 3204/3204/3204 2979/2979/2979 2947/2947/2947
f 2999/2999/2999 3204/3204/3204 2947/2947/2947
f 2941/2941/2941 3204/3204/3204 2999/2999/2999
f 2941/2941/2941 2999/2999/2999 3001/3001/3001
f 3001/3001/3001 2948/2948/2948 2941/2941/2941
f 2941/2941/2941 2948/2948/2948 3184/3184/3184
f 2948/2948/2948 2946/2946/2946 3184/3184/3184
f 2948/2948/2948 3055/3055/3055 2946/2946/2946
f 2946/2946/2946 3055/3055/3055 3044/3044/3044
f 2947/2947/2947 2979/2979/2979 2939/2939/2939
f 2947/2947/2947 2939/2939/2939 3188/3188/3188
f 3188/3188/3188 2954/2954/2954 2947/2947/2947
f 2947/2947/2947 2954/2954/2954 2999/2999/2999
f 2999/2999/2999 2954/2954/2954 3002/3002/3002
f 3001/3001/3001 2999/2999/2999 3002/3002/3002
f 3001/3001/3001 3002/3002/3002 3003/3003/3003
f 3055/3055/3055 3001/3001/3001 3003/3003/3003
f 2948/2948/2948 3001/3001/3001 3055/3055/3055
f 3188/3188/3188 2939/2939/2939 3191/3191/3191
f 3188/3188/3188 3191/3191/3191 3177/3177/3177
f 3188/3188/3188 3177/3177/3177 2954/2954/2954
f 2954/2954/2954 3177/3177/3177 3176/3176/3176
f 3176/3176/3176 2952/2952/2952 2954/2954/2954
f 3002/3002/3002 2954/2954/2954 2952/2952/2952
f 3002/3002/3002 2952/2952/2952 2942/2942/2942
f 3003/3003/3003 3002/3002/3002 2942/2942/2942
f 2940/2940/2940 3003/3003/3003 2942/2942/2942
f 3189/3189/3189 3003/3003/3003 2940/2940/2940
f 3189/3189/3189 3055/3055/3055 3003/3003/3003
f 3177/3177/3177 3191/3191/3191 3172/3172/3172
f 3172/3172/3172 3171/3171/3171 3177/3177/3177
f 3177/3177/3177 3171/3171/3171 3176/3176/3176
f 3176/3176/3176 3171/3171/3171 3213/3213/3213
f 3176/3176/3176 3213/3213/3213 3214/3214/3214
f 3214/3214/3214 2952/2952/2952 3176/3176/3176
f 2952/2952/2952 3214/3214/3214 2957/2957/2957
f 2942/2942/2942 2952/2952/2952 2957/2957/2957
f 2958/2958/2958 2942/2942/2942 2957/2957/2957
f 2940/2940/2940 2942/2942/2942 2958/2958/2958
f 3174/3174/3174 3171/3171/3171 3172/3172/3172
f 3171/3171/3171 3174/3174/3174 1225/1225/1225
f 2888/2888/2888 3171/3171/3171 1225/1225/1225
f 3213/3213/3213 3171/3171/3171 2888/2888/2888
f 3213/3213/3213 2888/2888/2888 3211/3211/3211
f 3214/3214/3214 3213/3213/3213 3211/3211/3211
f 3214/3214/3214 3211/3211/3211 3230/3230/3230
f 2957/2957/2957 3214/3214/3214 3230/3230/3230
f 2957/2957/2957 3230/3230/3230 2958/2958/2958
f 1225/1225/1225 3174/3174/3174 2890/2890/2890
f 2890/2890/2890 1223/1223/1223 1225/1225/1225
f 1225/1225/1225 1223/1223/1223 1224/1224/1224
f 2869/2869/2869 1225/1225/1225 1224/1224/1224
f 2888/2888/2888 1225/1225/1225 2869/2869/2869
f 2869/2869/2869 2894/2894/2894 2888/2888/2888
f 3211/3211/3211 2888/2888/2888 2894/2894/2894
f 3211/3211/3211 2894/2894/2894 3209/3209/3209
f 3230/3230/3230 3211/3211/3211 3209/3209/3209
f 3230/3230/3230 3209/3209/3209 3212/3212/3212
f 2958/2958/2958 3230/3230/3230 3212/3212/3212
f 1223/1223/1223 524/524/524 1224/1224/1224
f 1224/1224/1224 524/524/524 567/567/567
f 567/567/567 588/588/588 1224/1224/1224
f 1224/1224/1224 588/588/588 2869/2869/2869
f 2869/2869/2869 588/588/588 2871/2871/2871
f 2871/2871/2871 2894/2894/2894 2869/2869/2869
f 2894/2894/2894 2871/2871/2871 3225/3225/3225
f 3209/3209/3209 2894/2894/2894 3225/3225/3225
f 3209/3209/3209 3225/3225/3225 3210/3210/3210
f 3212/3212/3212 3209/3209/3209 3210/3210/3210
f 305/305/305 567/567/567 524/524/524
f 272/272/272 567/567/567 305/305/305
f 272/272/272 1343/1343/1343 567/567/567
f 567/567/567 1343/1343/1343 588/588/588
f 1343/1343/1343 383/383/383 588/588/588
f 2871/2871/2871 588/588/588 383/383/383
f 383/383/383 1228/1228/1228 2871/2871/2871
f 3225/3225/3225 2871/2871/2871 1228/1228/1228
f 2893/2893/2893 3225/3225/3225 1228/1228/1228
f 3226/3226/3226 3225/3225/3225 2893/2893/2893
f 3210/3210/3210 3225/3225/3225 3226/3226/3226
f 305/305/305 275/275/275 272/272/272
f 275/275/275 309/309/309 272/272/272
f 272/272/272 309/309/309 1343/1343/1343
f 1341/1341/1341 1343/1343/1343 309/309/309
f 1341/1341/1341 1345/1345/1345 1343/1343/1343
f 1345/1345/1345 383/383/383 1343/1343/1343
f 383/383/383 1345/1345/1345 387/387/387
f 387/387/387 1228/1228/1228 383/383/383
f 387/387/387 530/530/530 1228/1228/1228
f 1228/1228/1228 530/530/530 2893/2893/2893
f 376/376/376 275/275/275 305/305/305
f 376/376/376 323/323/323 275/275/275
f 275/275/275 323/323/323 307/307/307
f 307/307/307 277/277/277 275/275/275
f 275/275/275 277/277/277 286/286/286
f 275/275/275 286/286/286 309/309/309
f 309/309/309 286/286/286 1341/1341/1341
f 1350/1350/1350 323/323/323 376/376/376
f 233/233/233 323/323/323 1350/1350/1350
f 240/240/240 323/323/323 233/233/233
f 240/240/240 304/304/304 323/323/323
f 323/323/323 304/304/304 307/307/307
f 304/304/304 607/607/607 307/307/307
f 307/307/307 607/607/607 276/276/276
f 307/307/307 276/276/276 277/277/277
f 277/277/277 276/276/276 274/274/274
f 274/274/274 1341/1341/1341 277/277/277
f 277/277/277 1341/1341/1341 286/286/286
f 233/233/233 70/70/70 240/240/240
f 244/244/244 240/240/240 70/70/70
f 304/304/304 240/240/240 244/244/244
f 304/304/304 244/244/244 1877/1877/1877
f 304/304/304 1877/1877/1877 607/607/607
f 660/660/660 607/607/607 1877/1877/1877
f 606/606/606 607/607/607 660/660/660
f 606/606/606 276/276/276 607/607/607
f 274/274/274 276/276/276 606/606/606
f 239/239/239 70/70/70 233/233/233
f 2273/2273/2273 2282/2282/2282 2285/2285/2285
f 2273/2273/2273 2270/2270/2270 2282/2282/2282
f 2282/2282/2282 2270/2270/2270 2267/2267/2267
f 2267/2267/2267 2162/2162/2162 2282/2282/2282
f 2282/2282/2282 2162/2162/2162 2215/2215/2215
f 2162/2162/2162 2218/2218/2218 2215/2215/2215
f 2215/2215/2215 2218/2218/2218 2161/2161/2161
f 2218/2218/2218 2245/2245/2245 2161/2161/2161
f 2161/2161/2161 2245/2245/2245 2246/2246/2246
f 2270/2270/2270 2288/2288/2288 2267/2267/2267
f 2183/2183/2183 2267/2267/2267 2288/2288/2288
f 2162/2162/2162 2267/2267/2267 2183/2183/2183
f 2183/2183/2183 2156/2156/2156 2162/2162/2162
f 2162/2162/2162 2156/2156/2156 2218/2218/2218
f 2156/2156/2156 2353/2353/2353 2218/2218/2218
f 2218/2218/2218 2353/2353/2353 2245/2245/2245
f 2245/2245/2245 2353/2353/2353 2294/2294/2294
f 2245/2245/2245 2294/2294/2294 2246/2246/2246
f 2246/2246/2246 2294/2294/2294 2276/2276/2276
f 2304/2304/2304 2288/2288/2288 2270/2270/2270
f 2304/2304/2304 3064/3064/3064 2288/2288/2288
f 3064/3064/3064 2356/2356/2356 2288/2288/2288
f 2356/2356/2356 2160/2160/2160 2288/2288/2288
f 2288/2288/2288 2160/2160/2160 2183/2183/2183
f 2160/2160/2160 2158/2158/2158 2183/2183/2183
f 2183/2183/2183 2158/2158/2158 2156/2156/2156
f 2158/2158/2158 2354/2354/2354 2156/2156/2156
f 2156/2156/2156 2354/2354/2354 2353/2353/2353
f 3067/3067/3067 3064/3064/3064 2304/2304/2304
f 3063/3063/3063 3064/3064/3064 3067/3067/3067
f 3068/3068/3068 3064/3064/3064 3063/3063/3063
f 3068/3068/3068 3054/3054/3054 3064/3064/3064
f 3064/3064/3064 3054/3054/3054 3052/3052/3052
f 3052/3052/3052 2356/2356/2356 3064/3064/3064
f 3046/3046/3046 3068/3068/3068 3063/3063/3063
f 3053/3053/3053 3068/3068/3068 3046/3046/3046
f 3068/3068/3068 3053/3053/3053 3010/3010/3010
f 3010/3010/3010 2997/2997/2997 3068/3068/3068
f 3068/3068/3068 2997/2997/2997 3054/3054/3054
f 3046/3046/3046 3045/3045/3045 3053/3053/3053
f 3045/3045/3045 3000/3000/3000 3053/3053/3053
f 3010/3010/3010 3053/3053/3053 3000/3000/3000
f 3010/3010/3010 3000/3000/3000 3013/3013/3013
f 3012/3012/3012 3010/3010/3010 3013/3013/3013
f 2997/2997/2997 3010/3010/3010 3012/3012/3012
f 3047/3047/3047 3045/3045/3045 3046/3046/3046
f 3044/3044/3044 3045/3045/3045 3047/3047/3047
f 3055/3055/3055 3045/3045/3045 3044/3044/3044
f 3045/3045/3045 3055/3055/3055 3189/3189/3189
f 3189/3189/3189 3000/3000/3000 3045/3045/3045
f 3000/3000/3000 3189/3189/3189 3011/3011/3011
f 3013/3013/3013 3000/3000/3000 3011/3011/3011
f 3013/3013/3013 3011/3011/3011 3076/3076/3076
f 3075/3075/3075 3013/3013/3013 3076/3076/3076
f 3012/3012/3012 3013/3013/3013 3075/3075/3075
f 3011/3011/3011 3189/3189/3189 2940/2940/2940
f 3011/3011/3011 2940/2940/2940 3077/3077/3077
f 3076/3076/3076 3011/3011/3011 3077/3077/3077
f 3077/3077/3077 3140/3140/3140 3076/3076/3076
f 3076/3076/3076 3140/3140/3140 3142/3142/3142
f 3142/3142/3142 3168/3168/3168 3076/3076/3076
f 3076/3076/3076 3168/3168/3168 3075/3075/3075
f 3077/3077/3077 2940/2940/2940 2958/2958/2958
f 2958/2958/2958 3140/3140/3140 3077/3077/3077
f 3212/3212/3212 3140/3140/3140 2958/2958/2958
f 3140/3140/3140 3212/3212/3212 3227/3227/3227
f 3140/3140/3140 3227/3227/3227 3142/3142/3142
f 3142/3142/3142 3227/3227/3227 3139/3139/3139
f 3139/3139/3139 3141/3141/3141 3142/3142/3142
f 3142/3142/3142 3141/3141/3141 3168/3168/3168
f 3227/3227/3227 3212/3212/3212 3210/3210/3210
f 3227/3227/3227 3210/3210/3210 1188/1188/1188
f 1179/1179/1179 3227/3227/3227 1188/1188/1188
f 3139/3139/3139 3227/3227/3227 1179/1179/1179
f 2868/2868/2868 3139/3139/3139 1179/1179/1179
f 3141/3141/3141 3139/3139/3139 2868/2868/2868
f 1188/1188/1188 3210/3210/3210 3226/3226/3226
f 3226/3226/3226 2887/2887/2887 1188/1188/1188
f 1187/1187/1187 1188/1188/1188 2887/2887/2887
f 1179/1179/1179 1188/1188/1188 1187/1187/1187
f 2870/2870/2870 1179/1179/1179 1187/1187/1187
f 2868/2868/2868 1179/1179/1179 2870/2870/2870
f 2893/2893/2893 2887/2887/2887 3226/3226/3226
f 530/530/530 2887/2887/2887 2893/2893/2893
f 525/525/525 2887/2887/2887 530/530/530
f 525/525/525 523/523/523 2887/2887/2887
f 2887/2887/2887 523/523/523 1187/1187/1187
f 523/523/523 632/632/632 1187/1187/1187
f 1187/1187/1187 632/632/632 2870/2870/2870
f 530/530/530 574/574/574 525/525/525
f 525/525/525 574/574/574 526/526/526
f 526/526/526 628/628/628 525/525/525
f 525/525/525 628/628/628 523/523/523
f 628/628/628 561/561/561 523/523/523
f 523/523/523 561/561/561 632/632/632
f 387/387/387 574/574/574 530/530/530
f 538/538/538 574/574/574 387/387/387
f 574/574/574 538/538/538 560/560/560
f 560/560/560 526/526/526 574/574/574
f 634/634/634 526/526/526 560/560/560
f 634/634/634 628/628/628 526/526/526
f 638/638/638 628/628/628 634/634/634
f 638/638/638 377/377/377 628/628/628
f 628/628/628 377/377/377 561/561/561
f 387/387/387 1345/1345/1345 538/538/538
f 1345/1345/1345 529/529/529 538/538/538
f 529/529/529 534/534/534 538/538/538
f 560/560/560 538/538/538 534/534/534
f 560/560/560 534/534/534 315/315/315
f 560/560/560 315/315/315 634/634/634
f 634/634/634 315/315/315 322/322/322
f 322/322/322 638/638/638 634/634/634
f 1341/1341/1341 529/529/529 1345/1345/1345
f 274/274/274 529/529/529 1341/1341/1341
f 314/314/314 529/529/529 274/274/274
f 314/314/314 1342/1342/1342 529/529/529
f 529/529/529 1342/1342/1342 534/534/534
f 1342/1342/1342 1346/1346/1346 534/534/534
f 534/534/534 1346/1346/1346 315/315/315
f 315/315/315 1346/1346/1346 1344/1344/1344
f 1344/1344/1344 322/322/322 315/315/315
f 1344/1344/1344 316/316/316 322/322/322
f 316/316/316 638/638/638 322/322/322
f 274/274/274 321/321/321 314/314/314
f 314/314/314 321/321/321 308/308/308
f 308/308/308 1342/1342/1342 314/314/314
f 236/236/236 1342/1342/1342 308/308/308
f 236/236/236 234/234/234 1342/1342/1342
f 1342/1342/1342 234/234/234 1346/1346/1346
f 234/234/234 68/68/68 1346/1346/1346
f 1346/1346/1346 68/68/68 1344/1344/1344
f 68/68/68 66/66/66 1344/1344/1344
f 1344/1344/1344 66/66/66 316/316/316
f 606/606/606 321/321/321 274/274/274
f 660/660/660 321/321/321 606/606/606
f 1876/1876/1876 321/321/321 660/660/660
f 1876/1876/1876 308/308/308 321/321/321
f 303/303/303 308/308/308 1876/1876/1876
f 303/303/303 236/236/236 308/308/308
f 340/340/340 236/236/236 303/303/303
f 236/236/236 340/340/340 234/234/234
f 234/234/234 340/340/340 743/743/743
f 234/234/234 743/743/743 68/68/68
f 68/68/68 743/743/743 738/738/738
f 68/68/68 738/738/738 66/66/66
f 66/66/66 738/738/738 742/742/742
f 66/66/66 742/742/742 108/108/108
f 1348/1348/1348 66/66/66 108/108/108
f 316/316/316 66/66/66 1348/1348/1348
f 1348/1348/1348 638/638/638 316/316/316
f 1348/1348/1348 1349/1349/1349 638/638/638
f 638/638/638 1349/1349/1349 377/377/377
f 108/108/108 742/742/742 357/357/357
f 108/108/108 357/357/357 237/237/237
f 237/237/237 1349/1349/1349 108/108/108
f 108/108/108 1349/1349/1349 1348/1348/1348
f 237/237/237 357/357/357 67/67/67
f 67/67/67 235/235/235 237/237/237
f 235/235/235 1347/1347/1347 237/237/237
f 237/237/237 1347/1347/1347 1349/1349/1349
f 1349/1349/1349 1347/1347/1347 377/377/377
f 100/100/100 235/235/235 67/67/67
f 2354/2354/2354 2328/2328/2328 2353/2353/2353
f 2353/2353/2353 2328/2328/2328 2292/2292/2292
f 2294/2294/2294 2353/2353/2353 2292/2292/2292
f 2292/2292/2292 2155/2155/2155 2294/2294/2294
f 2294/2294/2294 2155/2155/2155 2276/2276/2276
f 2276/2276/2276 2155/2155/2155 2269/2269/2269
f 2155/2155/2155 2110/2110/2110 2269/2269/2269
f 2269/2269/2269 2110/2110/2110 2047/2047/2047
f 2328/2328/2328 2291/2291/2291 2292/2292/2292
f 2292/2292/2292 2291/2291/2291 2293/2293/2293
f 2293/2293/2293 2155/2155/2155 2292/2292/2292
f 2108/2108/2108 2155/2155/2155 2293/2293/2293
f 2110/2110/2110 2155/2155/2155 2108/2108/2108
f 2111/2111/2111 2110/2110/2110 2108/2108/2108
f 2144/2144/2144 2110/2110/2110 2111/2111/2111
f 2110/2110/2110 2144/2144/2144 2047/2047/2047
f 2291/2291/2291 2109/2109/2109 2293/2293/2293
f 2293/2293/2293 2109/2109/2109 2108/2108/2108
f 2109/2109/2109 2152/2152/2152 2108/2108/2108
f 2108/2108/2108 2152/2152/2152 2111/2111/2111
f 3964/3964/3964 2111/2111/2111 2152/2152/2152
f 3962/3962/3962 2111/2111/2111 3964/3964/3964
f 2111/2111/2111 3962/3962/3962 3946/3946/3946
f 3946/3946/3946 3962/3962/3962 3923/3923/3923
f 3934/3934/3934 3946/3946/3946 3923/3923/3923
f 3935/3935/3935 3946/3946/3946 3934/3934/3934
f 3934/3934/3934 3976/3976/3976 3935/3935/3935
f 3964/3964/3964 3963/3963/3963 3962/3962/3962
f 3962/3962/3962 3963/3963/3963 3961/3961/3961
f 3961/3961/3961 3923/3923/3923 3962/3962/3962
f 3956/3956/3956 647/647/647 3957/3957/3957
f 633/633/633 647/647/647 3956/3956/3956
f 633/633/633 623/623/623 647/647/647
f 647/647/647 623/623/623 517/517/517
f 382/382/382 517/517/517 623/623/623
f 515/515/515 517/517/517 382/382/382
f 649/649/649 515/515/515 382/382/382
f 650/650/650 515/515/515 649/649/649
f 3956/3956/3956 3955/3955/3955 633/633/633
f 633/633/633 3955/3955/3955 629/629/629
f 629/629/629 631/631/631 633/633/633
f 633/633/633 631/631/631 623/623/623
f 631/631/631 382/382/382 623/623/623
f 656/656/656 382/382/382 631/631/631
f 3966/3966/3966 382/382/382 656/656/656
f 649/649/649 382/382/382 3966/3966/3966
f 649/649/649 3966/3966/3966 3965/3965/3965
f 3965/3965/3965 650/650/650 649/649/649
f 3983/3983/3983 650/650/650 3965/3965/3965
f 3955/3955/3955 643/643/643 629/629/629
f 643/643/643 620/620/620 629/629/629
f 629/629/629 620/620/620 631/631/631
f 620/620/620 381/381/381 631/631/631
f 631/631/631 381/381/381 656/656/656
f 381/381/381 635/635/635 656/656/656
f 656/656/656 635/635/635 3966/3966/3966
f 3971/3971/3971 3966/3966/3966 635/635/635
f 3948/3948/3948 3966/3966/3966 3971/3971/3971
f 3965/3965/3965 3966/3966/3966 3948/3948/3948
f 3953/3953/3953 643/643/643 3955/3955/3955
f 3953/3953/3953 627/627/627 643/643/643
f 65/65/65 643/643/643 627/627/627
f 620/620/620 643/643/643 65/65/65
f 65/65/65 621/621/621 620/620/620
f 620/620/620 621/621/621 381/381/381
f 636/636/636 381/381/381 621/621/621
f 635/635/635 381/381/381 636/636/636
f 3972/3972/3972 635/635/635 636/636/636
f 3971/3971/3971 635/635/635 3972/3972/3972
f 3974/3974/3974 627/627/627 3953/3953/3953
f 3974/3974/3974 630/630/630 627/627/627
f 630/630/630 625/625/625 627/627/627
f 627/627/627 625/625/625 65/65/65
f 624/624/624 65/65/65 625/625/625
f 621/621/621 65/65/65 624/624/624
f 641/641/641 621/621/621 624/624/624
f 636/636/636 621/621/621 641/641/641
f 3973/3973/3973 636/636/636 641/641/641
f 3972/3972/3972 636/636/636 3973/3973/3973
f 3954/3954/3954 630/630/630 3974/3974/3974
f 3951/3951/3951 630/630/630 3954/3954/3954
f 648/648/648 630/630/630 3951/3951/3951
f 648/648/648 625/625/625 630/630/630
f 640/640/640 625/625/625 648/648/648
f 625/625/625 640/640/640 624/624/624
f 624/624/624 640/640/640 619/619/619
f 624/624/624 619/619/619 641/641/641
f 641/641/641 619/619/619 639/639/639
f 641/641/641 639/639/639 3973/3973/3973
f 3975/3975/3975 648/648/648 3951/3951/3951
f 645/645/645 648/648/648 3975/3975/3975
f 645/645/645 640/640/640 648/648/648
f 618/618/618 640/640/640 645/645/645
f 618/618/618 619/619/619 640/640/640
f 622/622/622 619/619/619 618/618/618
f 619/619/619 622/622/622 639/639/639
f 639/639/639 622/622/622 651/651/651
f 639/639/639 651/651/651 3952/3952/3952
f 3973/3973/3973 639/639/639 3952/3952/3952
f 3958/3958/3958 645/645/645 3975/3975/3975
f 646/646/646 645/645/645 3958/3958/3958
f 646/646/646 618/618/618 645/645/645
f 516/516/516 618/618/618 646/646/646
f 618/618/618 516/516/516 622/622/622
f 622/622/622 516/516/516 626/626/626
f 622/622/622 626/626/626 651/651/651
f 651/651/651 626/626/626 637/637/637
f 651/651/651 637/637/637 3980/3980/3980
f 3952/3952/3952 651/651/651 3980/3980/3980
f 4017/4017/4017 3952/3952/3952 3980/3980/3980
f 3970/3970/3970 3952/3952/3952 4017/4017/4017
f 3970/3970/3970 3973/3973/3973 3952/3952/3952
f 3982/3982/3982 3973/3973/3973 3970/3970/3970
f 3982/3982/3982 3972/3972/3972 3973/3973/3973
f 3967/3967/3967 3972/3972/3972 3982/3982/3982
f 3972/3972/3972 3967/3967/3967 3971/3971/3971
f 3980/3980/3980 637/637/637 3947/3947/3947
f 4016/4016/4016 3980/3980/3980 3947/3947/3947
f 4017/4017/4017 3980/3980/3980 4016/4016/4016
f 4017/4017/4017 4016/4016/4016 3969/3969/3969
f 4017/4017/4017 3969/3969/3969 3970/3970/3970
f 3970/3970/3970 3969/3969/3969 3950/3950/3950
f 3970/3970/3970 3950/3950/3950 3982/3982/3982
f 3982/3982/3982 3950/3950/3950 3981/3981/3981
f 3982/3982/3982 3981/3981/3981 3967/3967/3967
f 3967/3967/3967 3981/3981/3981 3968/3968/3968
f 3968/3968/3968 3992/3992/3992 3967/3967/3967
f 3971/3971/3971 3967/3967/3967 3992/3992/3992
f 3992/3992/3992 3948/3948/3948 3971/3971/3971
f 3969/3969/3969 4016/4016/4016 3949/3949/3949
f 3990/3990/3990 3992/3992/3992 3968/3968/3968
f 3990/3990/3990 3991/3991/3991 3992/3992/3992
f 3992/3992/3992 3991/3991/3991 3993/3993/3993
f 3993/3993/3993 3948/3948/3948 3992/3992/3992
f 4015/4015/4015 3948/3948/3948 3993/3993/3993
f 3965/3965/3965 3948/3948/3948 4015/4015/4015
f 4015/4015/4015 3983/3983/3983 3965/3965/3965
f 4004/4004/4004 3983/3983/3983 4015/4015/4015
f 4015/4015/4015 4003/4003/4003 4004/4004/4004
f 4004/4004/4004 4003/4003/4003 4005/4005/4005
f 3993/3993/3993 3991/3991/3991 4015/4015/4015
f 4015/4015/4015 3991/3991/3991 4003/4003/4003
f 4027/4027/4027 4048/4048/4048 4028/4028/4028
f 4028/4028/4028 4048/4048/4048 4031/4031/4031
f 4031/4031/4031 4009/4009/4009 4028/4028/4028
f 4020/4020/4020 4009/4009/4009 4031/4031/4031
f 4020/4020/4020 4025/4025/4025 4009/4009/4009
f 4026/4026/4026 4025/4025/4025 4020/4020/4020
f 4012/4012/4012 4025/4025/4025 4026/4026/4026
f 4013/4013/4013 4025/4025/4025 4012/4012/4012
f 4048/4048/4048 4047/4047/4047 4031/4031/4031
f 4031/4031/4031 4047/4047/4047 4030/4030/4030
f 4031/4031/4031 4030/4030/4030 4020/4020/4020
f 4020/4020/4020 4030/4030/4030 4026/4026/4026
f 3986/3986/3986 4026/4026/4026 4030/4030/4030
f 4012/4012/4012 4026/4026/4026 3986/3986/3986
f 4012/4012/4012 3986/3986/3986 3999/3999/3999
f 3988/3988/3988 4012/4012/4012 3999/3999/3999
f 4012/4012/4012 3988/3988/3988 4013/4013/4013
f 4013/4013/4013 3988/3988/3988 4000/4000/4000
f 4048/4048/4048 25/25/25 4047/4047/4047
f 4047/4047/4047 25/25/25 26/26/26
f 4047/4047/4047 26/26/26 3984/3984/3984
f 3984/3984/3984 4030/4030/4030 4047/4047/4047
f 3986/3986/3986 4030/4030/4030 3984/3984/3984
f 3984/3984/3984 4007/4007/4007 3986/3986/3986
f 3999/3999/3999 3986/3986/3986 4007/4007/4007
f 26/26/26 25/25/25 27/27/27
f 27/27/27 4044/4044/4044 26/26/26
f 3984/3984/3984 26/26/26 4044/4044/4044
f 3984/3984/3984 4044/4044/4044 4001/4001/4001
f 3984/3984/3984 4001/4001/4001 3998/3998/3998
f 3998/3998/3998 4007/4007/4007 3984/3984/3984
f 27/27/27 25/25/25 24/24/24
f 4032/4032/4032 27/27/27 24/24/24
f 4033/4033/4033 27/27/27 4032/4032/4032
f 4033/4033/4033 4043/4043/4043 27/27/27
f 4043/4043/4043 4044/4044/4044 27/27/27
f 4043/4043/4043 4055/4055/4055 4044/4044/4044
f 4044/4044/4044 4055/4055/4055 4001/4001/4001
f 4001/4001/4001 4055/4055/4055 4002/4002/4002
f 4001/4001/4001 4002/4002/4002 4014/4014/4014
f 3998/3998/3998 4001/4001/4001 4014/4014/4014
f 4046/4046/4046 4033/4033/4033 4032/4032/4032
f 4057/4057/4057 4033/4033/4033 4046/4046/4046
f 4033/4033/4033 4057/4057/4057 4052/4052/4052
f 4052/4052/4052 4043/4043/4043 4033/4033/4033
f 4034/4034/4034 4043/4043/4043 4052/4052/4052
f 4042/4042/4042 4043/4043/4043 4034/4034/4034
f 4042/4042/4042 4055/4055/4055 4043/4043/4043
f 4046/4046/4046 12/12/12 4057/4057/4057
f 12/12/12 4023/4023/4023 4057/4057/4057
f 4057/4057/4057 4023/4023/4023 4045/4045/4045
f 4052/4052/4052 4057/4057/4057 4045/4045/4045
f 4045/4045/4045 4040/4040/4040 4052/4052/4052
f 4052/4052/4052 4040/4040/4040 4034/4034/4034
f 10/10/10 12/12/12 4046/4046/4046
f 10/10/10 11/11/11 12/12/12
f 12/12/12 11/11/11 50/50/50
f 42/42/42 12/12/12 50/50/50
f 4023/4023/4023 12/12/12 42/42/42
f 42/42/42 45/45/45 4023/4023/4023
f 4023/4023/4023 45/45/45 4056/4056/4056
f 4023/4023/4023 4056/4056/4056 4045/4045/4045
f 4045/4045/4045 4056/4056/4056 4040/4040/4040
f 50/50/50 37/37/37 42/42/42
f 43/43/43 42/42/42 37/37/37
f 45/45/45 42/42/42 43/43/43
f 4014/4014/4014 4002/4002/4002 3989/3989/3989
f 3989/3989/3989 361/361/361 4014/4014/4014
f 4014/4014/4014 361/361/361 359/359/359
f 359/359/359 223/223/223 4014/4014/4014
f 4014/4014/4014 223/223/223 3998/3998/3998
f 223/223/223 3985/3985/3985 3998/3998/3998
f 3998/3998/3998 3985/3985/3985 4018/4018/4018
f 4018/4018/4018 4007/4007/4007 3998/3998/3998
f 363/363/363 359/359/359 361/361/361
f 360/360/360 359/359/359 363/363/363
f 359/359/359 360/360/360 223/223/223
f 223/223/223 360/360/360 217/217/217
f 217/217/217 330/330/330 223/223/223
f 223/223/223 330/330/330 225/225/225
f 225/225/225 3985/3985/3985 223/223/223
f 363/363/363 610/610/610 360/360/360
f 502/502/502 360/360/360 610/610/610
f 217/217/217 360/360/360 502/502/502
f 326/326/326 217/217/217 502/502/502
f 330/330/330 217/217/217 326/326/326
f 327/327/327 610/610/610 363/363/363
f 615/615/615 610/610/610 327/327/327
f 612/612/612 610/610/610 615/615/615
f 616/616/616 610/610/610 612/612/612
f 502/502/502 610/610/610 616/616/616
f 582/582/582 502/502/502 616/616/616
f 326/326/326 502/502/502 582/582/582
f 615/615/615 329/329/329 612/612/612
f 612/612/612 329/329/329 332/332/332
f 332/332/332 72/72/72 612/612/612
f 612/612/612 72/72/72 616/616/616
f 616/616/616 72/72/72 582/582/582
f 582/582/582 72/72/72 335/335/335
f 72/72/72 74/74/74 335/335/335
f 335/335/335 74/74/74 73/73/73
f 74/74/74 390/390/390 73/73/73
f 332/332/332 329/329/329 76/76/76
f 76/76/76 74/74/74 332/332/332
f 332/332/332 74/74/74 72/72/72
f 76/76/76 329/329/329 390/390/390
f 76/76/76 390/390/390 74/74/74
f 4018/4018/4018 3985/3985/3985 4006/4006/4006
f 4006/4006/4006 367/367/367 4018/4018/4018
f 4018/4018/4018 367/367/367 228/228/228
f 228/228/228 227/227/227 4018/4018/4018
f 227/227/227 4007/4007/4007 4018/4018/4018
f 370/370/370 228/228/228 367/367/367
f 243/243/243 228/228/228 370/370/370
f 243/243/243 230/230/230 228/228/228
f 228/228/228 230/230/230 499/499/499
f 499/499/499 227/227/227 228/228/228
f 499/499/499 229/229/229 227/227/227
f 227/227/227 229/229/229 1870/1870/1870
f 227/227/227 1870/1870/1870 4007/4007/4007
f 216/216/216 243/243/243 370/370/370
f 212/212/212 243/243/243 216/216/216
f 213/213/213 243/243/243 212/212/212
f 230/230/230 243/243/243 213/213/213
f 324/324/324 230/230/230 213/213/213
f 366/366/366 230/230/230 324/324/324
f 366/366/366 499/499/499 230/230/230
f 229/229/229 499/499/499 366/366/366
f 212/212/212 216/216/216 352/352/352
f 212/212/212 352/352/352 213/213/213
f 213/213/213 352/352/352 355/355/355
f 355/355/355 324/324/324 213/213/213
f 365/365/365 324/324/324 355/355/355
f 374/374/374 365/365/365 355/355/355
f 371/371/371 365/365/365 374/374/374
f 371/371/371 374/374/374 364/364/364
f 352/352/352 216/216/216 369/369/369
f 352/352/352 369/369/369 353/353/353
f 353/353/353 355/355/355 352/352/352
f 374/374/374 355/355/355 353/353/353
f 364/364/364 374/374/374 353/353/353
f 353/353/353 369/369/369 364/364/364
f 4007/4007/4007 1870/1870/1870 4019/4019/4019
f 4007/4007/4007 4019/4019/4019 3996/3996/3996
f 3996/3996/3996 209/209/209 4007/4007/4007
f 4007/4007/4007 209/209/209 3999/3999/3999
f 207/207/207 3999/3999/3999 209/209/209
f 3987/3987/3987 3999/3999/3999 207/207/207
f 4010/4010/4010 3999/3999/3999 3987/3987/3987
f 4010/4010/4010 3988/3988/3988 3999/3999/3999
f 3996/3996/3996 4019/4019/4019 3997/3997/3997
f 3997/3997/3997 494/494/494 3996/3996/3996
f 3996/3996/3996 494/494/494 231/231/231
f 231/231/231 209/209/209 3996/3996/3996
f 247/247/247 209/209/209 231/231/231
f 247/247/247 241/241/241 209/209/209
f 209/209/209 241/241/241 207/207/207
f 551/551/551 231/231/231 494/494/494
f 246/246/246 231/231/231 551/551/551
f 246/246/246 232/232/232 231/231/231
f 231/231/231 232/232/232 247/247/247
f 247/247/247 232/232/232 241/241/241
f 241/241/241 232/232/232 490/490/490
f 490/490/490 232/232/232 480/480/480
f 480/480/480 232/232/232 484/484/484
f 486/486/486 480/480/480 484/484/484
f 488/488/488 480/480/480 486/486/486
f 481/481/481 246/246/246 551/551/551
f 492/492/492 246/246/246 481/481/481
f 484/484/484 246/246/246 492/492/492
f 232/232/232 246/246/246 484/484/484
f 492/492/492 481/481/481 556/556/556
f 556/556/556 486/486/486 492/492/492
f 492/492/492 486/486/486 484/484/484
f 556/556/556 481/481/481 552/552/552
f 556/556/556 552/552/552 585/585/585
f 581/581/581 556/556/556 585/585/585
f 486/486/486 556/556/556 581/581/581
f 581/581/581 488/488/488 486/486/486
f 587/587/587 488/488/488 581/581/581
f 581/581/581 585/585/585 587/587/587
f 587/587/587 585/585/585 586/586/586
f 585/585/585 552/552/552 586/586/586
f 4010/4010/4010 3987/3987/3987 4011/4011/4011
f 4010/4010/4010 4011/4011/4011 192/192/192
f 192/192/192 204/204/204 4010/4010/4010
f 4010/4010/4010 204/204/204 334/334/334
f 334/334/334 3988/3988/3988 4010/4010/4010
f 334/334/334 4000/4000/4000 3988/3988/3988
f 200/200/200 4000/4000/4000 334/334/334
f 200/200/200 334/334/334 331/331/331
f 192/192/192 4011/4011/4011 261/261/261
f 192/192/192 261/261/261 191/191/191
f 191/191/191 190/190/190 192/192/192
f 192/192/192 190/190/190 204/204/204
f 190/190/190 331/331/331 204/204/204
f 331/331/331 334/334/334 204/204/204
f 191/191/191 261/261/261 182/182/182
f 184/184/184 191/191/191 182/182/182
f 56/56/56 191/191/191 184/184/184
f 187/187/187 191/191/191 56/56/56
f 190/190/190 191/191/191 187/187/187
f 181/181/181 190/190/190 187/187/187
f 189/189/189 190/190/190 181/181/181
f 189/189/189 331/331/331 190/190/190
f 184/184/184 266/266/266 56/56/56
f 56/56/56 266/266/266 265/265/265
f 56/56/56 265/265/265 187/187/187
f 187/187/187 265/265/265 263/263/263
f 187/187/187 263/263/263 181/181/181
f 181/181/181 263/263/263 197/197/197
f 263/263/263 293/293/293 197/197/197
f 197/197/197 293/293/293 298/298/298
f 293/293/293 302/302/302 298/298/298
f 298/298/298 302/302/302 301/301/301
f 266/266/266 302/302/302 265/265/265
f 302/302/302 293/293/293 265/265/265
f 265/265/265 293/293/293 263/263/263
f 301/301/301 302/302/302 266/266/266
f 4049/4049/4049 507/507/507 4029/4029/4029
f 509/509/509 507/507/507 4049/4049/4049
f 509/509/509 512/512/512 507/507/507
f 511/511/511 512/512/512 509/509/509
f 511/511/511 611/611/611 512/512/512
f 518/518/518 611/611/611 511/511/511
f 496/496/496 611/611/611 518/518/518
f 497/497/497 611/611/611 496/496/496
f 4050/4050/4050 509/509/509 4049/4049/4049
f 505/505/505 509/509/509 4050/4050/4050
f 505/505/505 511/511/511 509/509/509
f 506/506/506 511/511/511 505/505/505
f 511/511/511 506/506/506 518/518/518
f 518/518/518 506/506/506 608/608/608
f 608/608/608 496/496/496 518/518/518
f 614/614/614 496/496/496 608/608/608
f 51/51/51 496/496/496 614/614/614
f 522/522/522 496/496/496 51/51/51
f 496/496/496 522/522/522 497/497/497
f 4050/4050/4050 201/201/201 505/505/505
f 505/505/505 201/201/201 528/528/528
f 505/505/505 528/528/528 506/506/506
f 506/506/506 528/528/528 498/498/498
f 506/506/506 498/498/498 608/608/608
f 608/608/608 498/498/498 531/531/531
f 536/536/536 608/608/608 531/531/531
f 614/614/614 608/608/608 536/536/536
f 501/501/501 614/614/614 536/536/536
f 51/51/51 614/614/614 501/501/501
f 222/222/222 528/528/528 201/201/201
f 520/520/520 528/528/528 222/222/222
f 520/520/520 498/498/498 528/528/528
f 532/532/532 498/498/498 520/520/520
f 498/498/498 532/532/532 3994/3994/3994
f 498/498/498 3994/3994/3994 504/504/504
f 504/504/504 531/531/531 498/498/498
f 224/224/224 520/520/520 222/222/222
f 333/333/333 520/520/520 224/224/224
f 333/333/333 532/532/532 520/520/520
f 226/226/226 532/532/532 333/333/333
f 226/226/226 220/220/220 532/532/532
f 3994/3994/3994 532/532/532 220/220/220
f 224/224/224 188/188/188 333/333/333
f 333/333/333 188/188/188 193/193/193
f 194/194/194 333/333/333 193/193/193
f 226/226/226 333/333/333 194/194/194
f 194/194/194 195/195/195 226/226/226
f 226/226/226 195/195/195 221/221/221
f 221/221/221 220/220/220 226/226/226
f 193/193/193 188/188/188 186/186/186
f 186/186/186 185/185/185 193/193/193
f 193/193/193 185/185/185 194/194/194
f 194/194/194 185/185/185 195/195/195
f 195/195/195 185/185/185 57/57/57
f 185/185/185 299/299/299 57/57/57
f 57/57/57 299/299/299 297/297/297
f 299/299/299 295/295/295 297/297/297
f 297/297/297 295/295/295 482/482/482
f 186/186/186 188/188/188 183/183/183
f 183/183/183 267/267/267 186/186/186
f 267/267/267 299/299/299 186/186/186
f 186/186/186 299/299/299 185/185/185
f 262/262/262 267/267/267 183/183/183
f 262/262/262 296/296/296 267/267/267
f 267/267/267 296/296/296 299/299/299
f 299/299/299 296/296/296 295/295/295
f 294/294/294 295/295/295 296/296/296
f 482/482/482 295/295/295 294/294/294
f 294/294/294 296/296/296 262/262/262
f 504/504/504 3994/3994/3994 208/208/208
f 504/504/504 208/208/208 198/198/198
f 198/198/198 521/521/521 504/504/504
f 521/521/521 531/531/531 504/504/504
f 531/531/531 521/521/521 4008/4008/4008
f 531/531/531 4008/4008/4008 535/535/535
f 495/495/495 531/531/531 535/535/535
f 536/536/536 531/531/531 495/495/495
f 198/198/198 208/208/208 206/206/206
f 206/206/206 487/487/487 198/198/198
f 198/198/198 487/487/487 199/199/199
f 199/199/199 521/521/521 198/198/198
f 199/199/199 238/238/238 521/521/521
f 4008/4008/4008 521/521/521 238/238/238
f 489/489/489 487/487/487 206/206/206
f 487/487/487 489/489/489 550/550/550
f 550/550/550 485/485/485 487/487/487
f 199/199/199 487/487/487 485/485/485
f 491/491/491 199/199/199 485/485/485
f 205/205/205 199/199/199 491/491/491
f 205/205/205 238/238/238 199/199/199
f 550/550/550 489/489/489 478/478/478
f 478/478/478 589/589/589 550/550/550
f 550/550/550 589/589/589 590/590/590
f 590/590/590 555/555/555 550/550/550
f 550/550/550 555/555/555 479/479/479
f 479/479/479 485/485/485 550/550/550
f 479/479/479 491/491/491 485/485/485
f 483/483/483 491/491/491 479/479/479
f 479/479/479 555/555/555 483/483/483
f 483/483/483 555/555/555 554/554/554
f 555/555/555 514/514/514 554/554/554
f 554/554/554 514/514/514 508/508/508
f 589/589/589 510/510/510 590/590/590
f 510/510/510 514/514/514 590/590/590
f 590/590/590 514/514/514 555/555/555
f 389/389/389 510/510/510 589/589/589
f 508/508/508 510/510/510 389/389/389
f 514/514/514 510/510/510 508/508/508
f 535/535/535 4008/4008/4008 1337/1337/1337
f 535/535/535 1337/1337/1337 1869/1869/1869
f 1869/1869/1869 495/495/495 535/535/535
f 242/242/242 495/495/495 1869/1869/1869
f 242/242/242 310/310/310 495/495/495
f 3995/3995/3995 495/495/495 310/310/310
f 536/536/536 495/495/495 3995/3995/3995
f 1869/1869/1869 1337/1337/1337 1339/1339/1339
f 1869/1869/1869 1339/1339/1339 348/348/348
f 1869/1869/1869 348/348/348 242/242/242
f 242/242/242 348/348/348 368/368/368
f 368/368/368 312/312/312 242/242/242
f 312/312/312 310/310/310 242/242/242
f 348/348/348 1339/1339/1339 349/349/349
f 349/349/349 214/214/214 348/348/348
f 214/214/214 368/368/368 348/348/348
f 215/215/215 368/368/368 214/214/214
f 368/368/368 215/215/215 325/325/325
f 325/325/325 312/312/312 368/368/368
f 210/210/210 214/214/214 349/349/349
f 210/210/210 375/375/375 214/214/214
f 214/214/214 375/375/375 215/215/215
f 215/215/215 375/375/375 358/358/358
f 215/215/215 358/358/358 211/211/211
f 325/325/325 215/215/215 211/211/211
f 372/372/372 375/375/375 210/210/210
f 372/372/372 642/642/642 375/375/375
f 642/642/642 617/617/617 375/375/375
f 375/375/375 617/617/617 358/358/358
f 358/358/358 617/617/617 373/373/373
f 211/211/211 358/358/358 373/373/373
f 513/513/513 642/642/642 372/372/372
f 653/653/653 642/642/642 513/513/513
f 617/617/617 642/642/642 653/653/653
f 373/373/373 617/617/617 653/653/653
f 46/46/46 47/47/47 48/48/48
f 48/48/48 47/47/47 49/49/49
f 49/49/49 30/30/30 48/48/48
f 48/48/48 30/30/30 32/32/32
f 30/30/30 31/31/31 32/32/32
f 32/32/32 31/31/31 33/33/33
f 33/33/33 31/31/31 4021/4021/4021
f 49/49/49 47/47/47 22/22/22
f 22/22/22 34/34/34 49/49/49
f 49/49/49 34/34/34 30/30/30
f 34/34/34 31/31/31 30/30/30
f 35/35/35 31/31/31 34/34/34
f 4021/4021/4021 31/31/31 35/35/35
f 4024/4024/4024 4021/4021/4021 35/35/35
f 4038/4038/4038 4021/4021/4021 4024/4024/4024
f 4024/4024/4024 4036/4036/4036 4038/4038/4038
f 22/22/22 47/47/47 23/23/23
f 4054/4054/4054 22/22/22 23/23/23
f 4039/4039/4039 22/22/22 4054/4054/4054
f 4039/4039/4039 34/34/34 22/22/22
f 4041/4041/4041 34/34/34 4039/4039/4039
f 4041/4041/4041 35/35/35 34/34/34
f 4024/4024/4024 35/35/35 4041/4041/4041
f 4024/4024/4024 4041/4041/4041 4037/4037/4037
f 4037/4037/4037 4036/4036/4036 4024/4024/4024
f 4037/4037/4037 4022/4022/4022 4036/4036/4036
f 44/44/44 4022/4022/4022 4037/4037/4037
f 4022/4022/4022 44/44/44 36/36/36
f 4054/4054/4054 4051/4051/4051 4039/4039/4039
f 4039/4039/4039 4051/4051/4051 4035/4035/4035
f 4039/4039/4039 4035/4035/4035 4041/4041/4041
f 4041/4041/4041 4035/4035/4035 4053/4053/4053
f 4037/4037/4037 4041/4041/4041 4053/4053/4053
f 4053/4053/4053 44/44/44 4037/4037/4037
f 28/28/28 44/44/44 4053/4053/4053
f 44/44/44 28/28/28 39/39/39
f 39/39/39 522/522/522 44/44/44
f 44/44/44 522/522/522 52/52/52
f 36/36/36 44/44/44 52/52/52
f 36/36/36 52/52/52 55/55/55
f 4051/4051/4051 9/9/9 4035/4035/4035
f 4035/4035/4035 9/9/9 29/29/29
f 4035/4035/4035 29/29/29 4053/4053/4053
f 4053/4053/4053 29/29/29 28/28/28
f 41/41/41 28/28/28 29/29/29
f 39/39/39 28/28/28 41/41/41
f 41/41/41 38/38/38 39/39/39
f 38/38/38 497/497/497 39/39/39
f 39/39/39 497/497/497 522/522/522
f 54/54/54 29/29/29 9/9/9
f 41/41/41 29/29/29 54/54/54
f 41/41/41 54/54/54 40/40/40
f 40/40/40 38/38/38 41/41/41
f 40/40/40 54/54/54 53/53/53
f 522/522/522 51/51/51 52/52/52
f 55/55/55 52/52/52 51/51/51
f 55/55/55 51/51/51 598/598/598
f 598/598/598 51/51/51 501/501/501
f 598/598/598 501/501/501 311/311/311
f 311/311/311 501/501/501 519/519/519
f 218/218/218 311/311/311 519/519/519
f 219/219/219 311/311/311 218/218/218
f 218/218/218 328/328/328 219/219/219
f 219/219/219 328/328/328 500/500/500
f 613/613/613 500/500/500 328/328/328
f 583/583/583 500/500/500 613/613/613
f 519/519/519 501/501/501 503/503/503
f 362/362/362 519/519/519 503/503/503
f 218/218/218 519/519/519 362/362/362
f 203/203/203 218/218/218 362/362/362
f 328/328/328 218/218/218 203/203/203
f 203/203/203 609/609/609 328/328/328
f 328/328/328 609/609/609 613/613/613
f 609/609/609 64/64/64 613/613/613
f 613/613/613 64/64/64 71/71/71
f 613/613/613 71/71/71 583/583/583
f 583/583/583 71/71/71 75/75/75
f 503/503/503 501/501/501 536/536/536
f 3995/3995/3995 503/503/503 536/536/536
f 336/336/336 503/503/503 3995/3995/3995
f 503/503/503 336/336/336 362/362/362
f 362/362/362 336/336/336 356/356/356
f 356/356/356 202/202/202 362/362/362
f 362/362/362 202/202/202 203/203/203
f 202/202/202 609/609/609 203/203/203
f 584/584/584 609/609/609 202/202/202
f 584/584/584 64/64/64 609/609/609
f 388/388/388 64/64/64 584/584/584
f 388/388/388 654/654/654 64/64/64
f 64/64/64 654/654/654 71/71/71
f 71/71/71 654/654/654 644/644/644
f 71/71/71 644/644/644 75/75/75
f 75/75/75 644/644/644 652/652/652
f 644/644/644 654/654/654 652/652/652
f 652/652/652 654/654/654 655/655/655
f 655/655/655 654/654/654 388/388/388
f 398/398/398 379/379/379 380/380/380
f 338/338/338 379/379/379 398/398/398
f 338/338/338 398/398/398 59/59/59
f 59/59/59 398/398/398 61/61/61
f 59/59/59 61/61/61 62/62/62
f 62/62/62 61/61/61 60/60/60
f 58/58/58 62/62/62 60/60/60
f 87/87/87 62/62/62 58/58/58
f 58/58/58 339/339/339 87/87/87
f 87/87/87 339/339/339 337/337/337
f 339/339/339 741/741/741 337/337/337
f 337/337/337 741/741/741 397/397/397
f 741/741/741 378/378/378 397/397/397
f 397/397/397 378/378/378 63/63/63
f 1338/1338/1338 63/63/63 378/378/378
f 300/300/300 63/63/63 1338/1338/1338
f 1338/1338/1338 273/273/273 300/300/300
f 300/300/300 273/273/273 306/306/306
f 273/273/273 249/249/249 306/306/306
f 306/306/306 249/249/249 313/313/313
f 342/342/342 341/341/341 344/344/344
f 344/344/344 341/341/341 86/86/86
f 86/86/86 341/341/341 77/77/77
f 77/77/77 341/341/341 78/78/78
f 77/77/77 78/78/78 347/347/347
f 347/347/347 78/78/78 350/350/350
f 350/350/350 739/739/739 347/347/347
f 79/79/79 739/739/739 350/350/350
f 739/739/739 79/79/79 354/354/354
f 354/354/354 79/79/79 80/80/80
f 69/69/69 354/354/354 80/80/80
f 69/69/69 351/351/351 354/354/354
f 69/69/69 346/346/346 351/351/351
f 351/351/351 346/346/346 740/740/740
f 346/346/346 248/248/248 740/740/740
f 740/740/740 248/248/248 245/245/245
f 343/343/343 80/80/80 79/79/79
f 345/345/345 80/80/80 343/343/343
f 69/69/69 80/80/80 345/345/345
f 345/345/345 346/346/346 69/69/69
f 85/85/85 346/346/346 345/345/345
f 248/248/248 600/600/600 245/245/245
f 245/245/245 600/600/600 657/657/657
f 245/245/245 657/657/657 1873/1873/1873
f 1873/1873/1873 657/657/657 1874/1874/1874
f 1872/1872/1872 1873/1873/1873 1874/1874/1874
f 1875/1875/1875 1873/1873/1873 1872/1872/1872
f 602/602/602 1875/1875/1875 1872/1872/1872
f 1871/1871/1871 1875/1875/1875 602/602/602
f 600/600/600 601/601/601 657/657/657
f 657/657/657 601/601/601 595/595/595
f 595/595/595 1874/1874/1874 657/657/657
f 596/596/596 1874/1874/1874 595/595/595
f 597/597/597 1874/1874/1874 596/596/596
f 1872/1872/1872 1874/1874/1874 597/597/597
f 599/599/599 1872/1872/1872 597/597/597
f 602/602/602 1872/1872/1872 599/599/599
f 658/658/658 602/602/602 599/599/599
f 659/659/659 602/602/602 658/658/658
f 659/659/659 1871/1871/1871 602/602/602
f 102/102/102 1871/1871/1871 659/659/659
f 601/601/601 279/279/279 595/595/595
f 595/595/595 279/279/279 592/592/592
f 592/592/592 596/596/596 595/595/595
f 563/563/563 596/596/596 592/592/592
f 562/562/562 596/596/596 563/563/563
f 597/597/597 596/596/596 562/562/562
f 533/533/533 597/597/597 562/562/562
f 599/599/599 597/597/597 533/533/533
f 1336/1336/1336 599/599/599 533/533/533
f 658/658/658 599/599/599 1336/1336/1336
f 279/279/279 1340/1340/1340 592/592/592
f 592/592/592 1340/1340/1340 565/565/565
f 565/565/565 563/563/563 592/592/592
f 594/594/594 563/563/563 565/565/565
f 593/593/593 563/563/563 594/594/594
f 562/562/562 563/563/563 593/593/593
f 564/564/564 562/562/562 593/593/593
f 533/533/533 562/562/562 564/564/564
f 527/527/527 533/533/533 564/564/564
f 1336/1336/1336 533/533/533 527/527/527
f 1340/1340/1340 537/537/537 565/565/565
f 565/565/565 537/537/537 594/594/594
f 594/594/594 537/537/537 593/593/593
f 593/593/593 537/537/537 591/591/591
f 591/591/591 564/564/564 593/593/593
f 527/527/527 564/564/564 591/591/591
f 451/451/451 474/474/474 472/472/472
f 471/471/471 474/474/474 451/451/451
f 411/411/411 474/474/474 471/471/471
f 453/453/453 474/474/474 411/411/411
f 748/748/748 453/453/453 411/411/411
f 747/747/747 453/453/453 748/748/748
f 408/408/408 747/747/747 748/748/748
f 745/745/745 747/747/747 408/408/408
f 451/451/451 392/392/392 471/471/471
f 392/392/392 393/393/393 471/471/471
f 471/471/471 393/393/393 411/411/411
f 393/393/393 417/417/417 411/411/411
f 411/411/411 417/417/417 748/748/748
f 417/417/417 385/385/385 748/748/748
f 748/748/748 385/385/385 408/408/408
f 746/746/746 408/408/408 385/385/385
f 445/445/445 408/408/408 746/746/746
f 408/408/408 445/445/445 745/745/745
f 745/745/745 445/445/445 145/145/145
f 384/384/384 392/392/392 451/451/451
f 384/384/384 1324/1324/1324 392/392/392
f 392/392/392 1324/1324/1324 1325/1325/1325
f 392/392/392 1325/1325/1325 393/393/393
f 393/393/393 1325/1325/1325 1322/1322/1322
f 393/393/393 1322/1322/1322 417/417/417
f 417/417/417 1322/1322/1322 1323/1323/1323
f 1331/1331/1331 417/417/417 1323/1323/1323
f 385/385/385 417/417/417 1331/1331/1331
f 1333/1333/1333 385/385/385 1331/1331/1331
f 746/746/746 385/385/385 1333/1333/1333
f 1324/1324/1324 1120/1120/1120 1325/1325/1325
f 1325/1325/1325 1120/1120/1120 1116/1116/1116
f 1325/1325/1325 1116/1116/1116 1322/1322/1322
f 1322/1322/1322 1116/1116/1116 1129/1129/1129
f 1322/1322/1322 1129/1129/1129 1323/1323/1323
f 1323/1323/1323 1129/1129/1129 1118/1118/1118
f 1105/1105/1105 1323/1323/1323 1118/1118/1118
f 1331/1331/1331 1323/1323/1323 1105/1105/1105
f 1100/1100/1100 1331/1331/1331 1105/1105/1105
f 1333/1333/1333 1331/1331/1331 1100/1100/1100
f 1109/1109/1109 1116/1116/1116 1120/1120/1120
f 1106/1106/1106 1116/1116/1116 1109/1109/1109
f 1116/1116/1116 1106/1106/1106 1129/1129/1129
f 1129/1129/1129 1106/1106/1106 1131/1131/1131
f 1131/1131/1131 1118/1118/1118 1129/1129/1129
f 1122/1122/1122 1118/1118/1118 1131/1131/1131
f 1122/1122/1122 1107/1107/1107 1118/1118/1118
f 1118/1118/1118 1107/1107/1107 1105/1105/1105
f 1104/1104/1104 1105/1105/1105 1107/1107/1107
f 1100/1100/1100 1105/1105/1105 1104/1104/1104
f 1109/1109/1109 1119/1119/1119 1106/1106/1106
f 1106/1106/1106 1119/1119/1119 1121/1121/1121
f 1121/1121/1121 1131/1131/1131 1106/1106/1106
f 1500/1500/1500 1131/1131/1131 1121/1121/1121
f 1500/1500/1500 1122/1122/1122 1131/1131/1131
f 1508/1508/1508 1122/1122/1122 1500/1500/1500
f 1123/1123/1123 1122/1122/1122 1508/1508/1508
f 1107/1107/1107 1122/1122/1122 1123/1123/1123
f 1123/1123/1123 1133/1133/1133 1107/1107/1107
f 1107/1107/1107 1133/1133/1133 1104/1104/1104
f 3030/3030/3030 1121/1121/1121 1119/1119/1119
f 3116/3116/3116 1121/1121/1121 3030/3030/3030
f 1121/1121/1121 3116/3116/3116 1500/1500/1500
f 1500/1500/1500 3116/3116/3116 3170/3170/3170
f 3170/3170/3170 1508/1508/1508 1500/1500/1500
f 3175/3175/3175 1508/1508/1508 3170/3170/3170
f 3175/3175/3175 2918/2918/2918 1508/1508/1508
f 1508/1508/1508 2918/2918/2918 1123/1123/1123
f 2922/2922/2922 1123/1123/1123 2918/2918/2918
f 1133/1133/1133 1123/1123/1123 2922/2922/2922
f 3030/3030/3030 3037/3037/3037 3116/3116/3116
f 3116/3116/3116 3037/3037/3037 3120/3120/3120
f 3120/3120/3120 3115/3115/3115 3116/3116/3116
f 3116/3116/3116 3115/3115/3115 3170/3170/3170
f 3170/3170/3170 3115/3115/3115 2914/2914/2914
f 2914/2914/2914 3175/3175/3175 3170/3170/3170
f 3123/3123/3123 3175/3175/3175 2914/2914/2914
f 3123/3123/3123 2965/2965/2965 3175/3175/3175
f 3175/3175/3175 2965/2965/2965 2918/2918/2918
f 2929/2929/2929 2918/2918/2918 2965/2965/2965
f 2922/2922/2922 2918/2918/2918 2929/2929/2929
f 3185/3185/3185 2922/2922/2922 2929/2929/2929
f 2935/2935/2935 2922/2922/2922 3185/3185/3185
f 2935/2935/2935 1133/1133/1133 2922/2922/2922
f 1506/1506/1506 1133/1133/1133 2935/2935/2935
f 1133/1133/1133 1506/1506/1506 1104/1104/1104
f 1104/1104/1104 1506/1506/1506 1486/1486/1486
f 1486/1486/1486 1100/1100/1100 1104/1104/1104
f 2935/2935/2935 3185/3185/3185 3107/3107/3107
f 3160/3160/3160 2935/2935/2935 3107/3107/3107
f 3161/3161/3161 2935/2935/2935 3160/3160/3160
f 3161/3161/3161 1496/1496/1496 2935/2935/2935
f 2935/2935/2935 1496/1496/1496 1506/1506/1506
f 1506/1506/1506 1496/1496/1496 1486/1486/1486
f 1486/1486/1486 1496/1496/1496 911/911/911
f 1108/1108/1108 1486/1486/1486 911/911/911
f 1501/1501/1501 1486/1486/1486 1108/1108/1108
f 1501/1501/1501 1100/1100/1100 1486/1486/1486
f 1501/1501/1501 1333/1333/1333 1100/1100/1100
f 3029/3029/3029 3161/3161/3161 3160/3160/3160
f 2976/2976/2976 3161/3161/3161 3029/3029/3029
f 2984/2984/2984 3161/3161/3161 2976/2976/2976
f 2984/2984/2984 1497/1497/1497 3161/3161/3161
f 3161/3161/3161 1497/1497/1497 1496/1496/1496
f 1497/1497/1497 911/911/911 1496/1496/1496
f 1102/1102/1102 911/911/911 1497/1497/1497
f 911/911/911 1102/1102/1102 1108/1108/1108
f 1108/1108/1108 1102/1102/1102 1117/1117/1117
f 1117/1117/1117 1330/1330/1330 1108/1108/1108
f 391/391/391 1108/1108/1108 1330/1330/1330
f 1501/1501/1501 1108/1108/1108 391/391/391
f 391/391/391 1333/1333/1333 1501/1501/1501
f 391/391/391 746/746/746 1333/1333/1333
f 2976/2976/2976 3043/3043/3043 2984/2984/2984
f 1334/1334/1334 1330/1330/1330 1117/1117/1117
f 1334/1334/1334 744/744/744 1330/1330/1330
f 744/744/744 391/391/391 1330/1330/1330
f 394/394/394 391/391/391 744/744/744
f 394/394/394 746/746/746 391/391/391
f 746/746/746 394/394/394 445/445/445
f 445/445/445 394/394/394 439/439/439
f 444/444/444 445/445/445 439/439/439
f 145/145/145 445/445/445 444/444/444
f 386/386/386 744/744/744 1334/1334/1334
f 744/744/744 386/386/386 443/443/443
f 744/744/744 443/443/443 394/394/394
f 394/394/394 443/443/443 439/439/439
f 443/443/443 444/444/444 439/439/439
f 446/446/446 444/444/444 443/443/443
f 440/440/440 446/446/446 443/443/443
f 441/441/441 446/446/446 440/440/440
f 443/443/443 386/386/386 440/440/440
f 437/437/437 125/125/125 124/124/124
f 435/435/435 125/125/125 437/437/437
f 435/435/435 127/127/127 125/125/125
f 125/125/125 127/127/127 575/575/575
f 575/575/575 127/127/127 540/540/540
f 540/540/540 543/543/543 575/575/575
f 575/575/575 543/543/543 570/570/570
f 543/543/543 427/427/427 570/570/570
f 434/434/434 435/435/435 437/437/437
f 129/129/129 435/435/435 434/434/434
f 129/129/129 431/431/431 435/435/435
f 431/431/431 127/127/127 435/435/435
f 431/431/431 135/135/135 127/127/127
f 135/135/135 540/540/540 127/127/127
f 419/419/419 540/540/540 135/135/135
f 419/419/419 543/543/543 540/540/540
f 423/423/423 543/543/543 419/419/419
f 423/423/423 477/477/477 543/543/543
f 477/477/477 427/427/427 543/543/543
f 427/427/427 477/477/477 547/547/547
f 432/432/432 129/129/129 434/434/434
f 126/126/126 129/129/129 432/432/432
f 126/126/126 431/431/431 129/129/129
f 126/126/126 138/138/138 431/431/431
f 138/138/138 135/135/135 431/431/431
f 128/128/128 135/135/135 138/138/138
f 134/134/134 135/135/135 128/128/128
f 174/174/174 135/135/135 134/134/134
f 419/419/419 135/135/135 174/174/174
f 174/174/174 573/573/573 419/419/419
f 573/573/573 423/423/423 419/419/419
f 126/126/126 432/432/432 142/142/142
f 142/142/142 138/138/138 126/126/126
f 142/142/142 141/141/141 138/138/138
f 138/138/138 141/141/141 128/128/128
f 142/142/142 432/432/432 175/175/175
f 142/142/142 175/175/175 177/177/177
f 142/142/142 177/177/177 141/141/141
f 141/141/141 177/177/177 140/140/140
f 141/141/141 140/140/140 137/137/137
f 137/137/137 773/773/773 141/141/141
f 141/141/141 773/773/773 128/128/128
f 177/177/177 175/175/175 143/143/143
f 177/177/177 143/143/143 415/415/415
f 140/140/140 177/177/177 415/415/415
f 421/421/421 140/140/140 415/415/415
f 318/318/318 140/140/140 421/421/421
f 140/140/140 318/318/318 178/178/178
f 137/137/137 140/140/140 178/178/178
f 415/415/415 143/143/143 767/767/767
f 767/767/767 766/766/766 415/415/415
f 415/415/415 766/766/766 421/421/421
f 421/421/421 766/766/766 160/160/160
f 160/160/160 318/318/318 421/421/421
f 156/156/156 318/318/318 160/160/160
f 156/156/156 319/319/319 318/318/318
f 178/178/178 318/318/318 319/319/319
f 160/160/160 766/766/766 154/154/154
f 162/162/162 160/160/160 154/154/154
f 161/161/161 160/160/160 162/162/162
f 160/160/160 161/161/161 156/156/156
f 156/156/156 161/161/161 458/458/458
f 603/603/603 156/156/156 458/458/458
f 320/320/320 156/156/156 603/603/603
f 320/320/320 319/319/319 156/156/156
f 162/162/162 176/176/176 161/161/161
f 167/167/167 161/161/161 176/176/176
f 458/458/458 161/161/161 167/167/167
f 163/163/163 458/458/458 167/167/167
f 603/603/603 458/458/458 163/163/163
f 159/159/159 176/176/176 162/162/162
f 159/159/159 292/292/292 176/176/176
f 176/176/176 292/292/292 167/167/167
f 167/167/167 292/292/292 291/291/291
f 167/167/167 291/291/291 163/163/163
f 163/163/163 291/291/291 289/289/289
f 289/289/289 291/291/291 288/288/288
f 288/288/288 291/291/291 292/292/292
f 288/288/288 292/292/292 159/159/159
f 772/772/772 773/773/773 137/137/137
f 775/775/775 773/773/773 772/772/772
f 1211/1211/1211 773/773/773 775/775/775
f 1220/1220/1220 773/773/773 1211/1211/1211
f 132/132/132 773/773/773 1220/1220/1220
f 128/128/128 773/773/773 132/132/132
f 775/775/775 1219/1219/1219 1211/1211/1211
f 1211/1211/1211 1219/1219/1219 1220/1220/1220
f 1220/1220/1220 1219/1219/1219 774/774/774
f 278/278/278 1220/1220/1220 774/774/774
f 251/251/251 1220/1220/1220 278/278/278
f 1220/1220/1220 251/251/251 132/132/132
f 132/132/132 251/251/251 130/130/130
f 136/136/136 132/132/132 130/130/130
f 128/128/128 132/132/132 136/136/136
f 170/170/170 1219/1219/1219 775/775/775
f 164/164/164 1219/1219/1219 170/170/170
f 282/282/282 1219/1219/1219 164/164/164
f 282/282/282 774/774/774 1219/1219/1219
f 283/283/283 774/774/774 282/282/282
f 283/283/283 166/166/166 774/774/774
f 774/774/774 166/166/166 278/278/278
f 282/282/282 164/164/164 111/111/111
f 111/111/111 283/283/283 282/282/282
f 252/252/252 283/283/283 111/111/111
f 283/283/283 252/252/252 166/166/166
f 166/166/166 252/252/252 254/254/254
f 252/252/252 264/264/264 254/254/254
f 254/254/254 264/264/264 256/256/256
f 264/264/264 258/258/258 256/256/256
f 111/111/111 164/164/164 113/113/113
f 111/111/111 113/113/113 255/255/255
f 111/111/111 255/255/255 252/252/252
f 252/252/252 255/255/255 264/264/264
f 255/255/255 258/258/258 264/264/264
f 255/255/255 113/113/113 258/258/258
f 1208/1208/1208 128/128/128 136/136/136
f 1201/1201/1201 128/128/128 1208/1208/1208
f 180/180/180 128/128/128 1201/1201/1201
f 134/134/134 128/128/128 180/180/180
f 134/134/134 180/180/180 139/139/139
f 134/134/134 139/139/139 402/402/402
f 134/134/134 402/402/402 147/147/147
f 174/174/174 134/134/134 147/147/147
f 1203/1203/1203 1201/1201/1201 1208/1208/1208
f 1136/1136/1136 1201/1201/1201 1203/1203/1203
f 1193/1193/1193 1201/1201/1201 1136/1136/1136
f 180/180/180 1201/1201/1201 1193/1193/1193
f 1193/1193/1193 96/96/96 180/180/180
f 180/180/180 96/96/96 133/133/133
f 139/139/139 180/180/180 133/133/133
f 1203/1203/1203 752/752/752 1136/1136/1136
f 1136/1136/1136 752/752/752 1137/1137/1137
f 1136/1136/1136 1137/1137/1137 1193/1193/1193
f 1193/1193/1193 1137/1137/1137 1194/1194/1194
f 84/84/84 1193/1193/1193 1194/1194/1194
f 96/96/96 1193/1193/1193 84/84/84
f 753/753/753 1137/1137/1137 752/752/752
f 751/751/751 1137/1137/1137 753/753/753
f 751/751/751 1194/1194/1194 1137/1137/1137
f 755/755/755 1194/1194/1194 751/751/751
f 755/755/755 761/761/761 1194/1194/1194
f 1194/1194/1194 761/761/761 84/84/84
f 751/751/751 753/753/753 90/90/90
f 90/90/90 82/82/82 751/751/751
f 751/751/751 82/82/82 755/755/755
f 755/755/755 82/82/82 761/761/761
f 761/761/761 82/82/82 749/749/749
f 82/82/82 399/399/399 749/749/749
f 749/749/749 399/399/399 98/98/98
f 399/399/399 89/89/89 98/98/98
f 98/98/98 89/89/89 406/406/406
f 90/90/90 753/753/753 88/88/88
f 90/90/90 88/88/88 89/89/89
f 399/399/399 90/90/90 89/89/89
f 82/82/82 90/90/90 399/399/399
f 89/89/89 88/88/88 406/406/406
f 402/402/402 139/139/139 412/412/412
f 407/407/407 402/402/402 412/412/412
f 416/416/416 402/402/402 407/407/407
f 416/416/416 424/424/424 402/402/402
f 402/402/402 424/424/424 546/546/546
f 147/147/147 402/402/402 546/546/546
f 123/123/123 416/416/416 407/407/407
f 196/196/196 416/416/416 123/123/123
f 416/416/416 196/196/196 424/424/424
f 424/424/424 196/196/196 426/426/426
f 426/426/426 403/403/403 424/424/424
f 424/424/424 403/403/403 546/546/546
f 546/546/546 403/403/403 425/425/425
f 546/546/546 425/425/425 147/147/147
f 147/147/147 425/425/425 146/146/146
f 144/144/144 147/147/147 146/146/146
f 174/174/174 147/147/147 144/144/144
f 123/123/123 106/106/106 196/196/196
f 196/196/196 106/106/106 260/260/260
f 260/260/260 426/426/426 196/196/196
f 105/105/105 426/426/426 260/260/260
f 105/105/105 257/257/257 426/426/426
f 426/426/426 257/257/257 120/120/120
f 120/120/120 403/403/403 426/426/426
f 260/260/260 106/106/106 81/81/81
f 81/81/81 105/105/105 260/260/260
f 428/428/428 105/105/105 81/81/81
f 428/428/428 95/95/95 105/105/105
f 105/105/105 95/95/95 257/257/257
f 81/81/81 106/106/106 122/122/122
f 81/81/81 122/122/122 99/99/99
f 99/99/99 428/428/428 81/81/81
f 101/101/101 428/428/428 99/99/99
f 428/428/428 101/101/101 95/95/95
f 95/95/95 101/101/101 758/758/758
f 101/101/101 99/99/99 758/758/758
f 758/758/758 99/99/99 104/104/104
f 99/99/99 122/122/122 104/104/104
f 144/144/144 573/573/573 174/174/174
f 576/576/576 423/423/423 573/573/573
f 493/493/493 423/423/423 576/576/576
f 442/442/442 423/423/423 493/493/493
f 442/442/442 477/477/477 423/423/423
f 442/442/442 544/544/544 477/477/477
f 547/547/547 477/477/477 544/544/544
f 544/544/544 466/466/466 547/547/547
f 547/547/547 466/466/466 468/468/468
f 468/468/468 466/466/466 539/539/539
f 545/545/545 442/442/442 493/493/493
f 577/577/577 442/442/442 545/545/545
f 577/577/577 544/544/544 442/442/442
f 577/577/577 580/580/580 544/544/544
f 544/544/544 580/580/580 466/466/466
f 580/580/580 447/447/447 466/466/466
f 466/466/466 447/447/447 455/455/455
f 539/539/539 466/466/466 455/455/455
f 545/545/545 571/571/571 577/577/577
f 577/577/577 571/571/571 580/580/580
f 571/571/571 454/454/454 580/580/580
f 580/580/580 454/454/454 447/447/447
f 447/447/447 454/454/454 469/469/469
f 447/447/447 469/469/469 464/464/464
f 464/464/464 455/455/455 447/447/447
f 433/433/433 1215/1215/1215 430/430/430
f 430/430/430 1215/1215/1215 1231/1231/1231
f 430/430/430 1231/1231/1231 476/476/476
f 476/476/476 1231/1231/1231 1189/1189/1189
f 476/476/476 1189/1189/1189 765/765/765
f 765/765/765 1189/1189/1189 1186/1186/1186
f 765/765/765 1186/1186/1186 762/762/762
f 1222/1222/1222 1231/1231/1231 1215/1215/1215
f 1230/1230/1230 1231/1231/1231 1222/1222/1222
f 1230/1230/1230 1189/1189/1189 1231/1231/1231
f 1216/1216/1216 1189/1189/1189 1230/1230/1230
f 1216/1216/1216 1186/1186/1186 1189/1189/1189
f 1185/1185/1185 1186/1186/1186 1216/1216/1216
f 1185/1185/1185 1157/1157/1157 1186/1186/1186
f 762/762/762 1186/1186/1186 1157/1157/1157
f 762/762/762 1157/1157/1157 409/409/409
f 409/409/409 1157/1157/1157 410/410/410
f 410/410/410 158/158/158 409/409/409
f 1181/1181/1181 1230/1230/1230 1222/1222/1222
f 1182/1182/1182 1230/1230/1230 1181/1181/1181
f 1182/1182/1182 1216/1216/1216 1230/1230/1230
f 1180/1180/1180 1216/1216/1216 1182/1182/1182
f 1216/1216/1216 1180/1180/1180 1185/1185/1185
f 1185/1185/1185 1180/1180/1180 1172/1172/1172
f 1172/1172/1172 1161/1161/1161 1185/1185/1185
f 1185/1185/1185 1161/1161/1161 438/438/438
f 438/438/438 1155/1155/1155 1185/1185/1185
f 1155/1155/1155 1157/1157/1157 1185/1185/1185
f 1155/1155/1155 410/410/410 1157/1157/1157
f 1181/1181/1181 1171/1171/1171 1182/1182/1182
f 1171/1171/1171 1180/1180/1180 1182/1182/1182
f 1173/1173/1173 1180/1180/1180 1171/1171/1171
f 1173/1173/1173 1164/1164/1164 1180/1180/1180
f 1180/1180/1180 1164/1164/1164 1172/1172/1172
f 1170/1170/1170 1171/1171/1171 1181/1181/1181
f 1160/1160/1160 1171/1171/1171 1170/1170/1170
f 152/152/152 1171/1171/1171 1160/1160/1160
f 1173/1173/1173 1171/1171/1171 152/152/152
f 152/152/152 1142/1142/1142 1173/1173/1173
f 1173/1173/1173 1142/1142/1142 1164/1164/1164
f 1142/1142/1142 1141/1141/1141 1164/1164/1164
f 1164/1164/1164 1141/1141/1141 131/131/131
f 131/131/131 1156/1156/1156 1164/1164/1164
f 1156/1156/1156 1172/1172/1172 1164/1164/1164
f 1160/1160/1160 1170/1170/1170 604/604/604
f 604/604/604 559/559/559 1160/1160/1160
f 1160/1160/1160 559/559/559 605/605/605
f 152/152/152 1160/1160/1160 605/605/605
f 605/605/605 149/149/149 152/152/152
f 149/149/149 1138/1138/1138 152/152/152
f 152/152/152 1138/1138/1138 1142/1142/1142
f 604/604/604 1170/1170/1170 558/558/558
f 558/558/558 457/457/457 604/604/604
f 457/457/457 465/465/465 604/604/604
f 465/465/465 559/559/559 604/604/604
f 553/553/553 559/559/559 465/465/465
f 549/549/549 559/559/559 553/553/553
f 542/542/542 559/559/559 549/549/549
f 542/542/542 148/148/148 559/559/559
f 559/559/559 148/148/148 605/605/605
f 148/148/148 149/149/149 605/605/605
f 459/459/459 457/457/457 558/558/558
f 459/459/459 449/449/449 457/457/457
f 449/449/449 541/541/541 457/457/457
f 541/541/541 465/465/465 457/457/457
f 541/541/541 553/553/553 465/465/465
f 436/436/436 553/553/553 541/541/541
f 553/553/553 436/436/436 572/572/572
f 572/572/572 549/549/549 553/553/553
f 578/578/578 549/549/549 572/572/572
f 549/549/549 578/578/578 548/548/548
f 542/542/542 549/549/549 548/548/548
f 450/450/450 449/449/449 459/459/459
f 548/548/548 578/578/578 475/475/475
f 475/475/475 578/578/578 422/422/422
f 422/422/422 578/578/578 467/467/467
f 460/460/460 422/422/422 467/467/467
f 456/456/456 422/422/422 460/460/460
f 460/460/460 463/463/463 456/456/456
f 557/557/557 463/463/463 460/460/460
f 557/557/557 448/448/448 463/463/463
f 572/572/572 467/467/467 578/578/578
f 470/470/470 467/467/467 572/572/572
f 470/470/470 460/460/460 467/467/467
f 557/557/557 460/460/460 470/470/470
f 470/470/470 452/452/452 557/557/557
f 452/452/452 448/448/448 557/557/557
f 462/462/462 448/448/448 452/452/452
f 461/461/461 448/448/448 462/462/462
f 572/572/572 566/566/566 470/470/470
f 470/470/470 566/566/566 473/473/473
f 473/473/473 452/452/452 470/470/470
f 473/473/473 462/462/462 452/452/452
f 569/569/569 462/462/462 473/473/473
f 473/473/473 579/579/579 569/569/569
f 566/566/566 579/579/579 473/473/473
f 566/566/566 429/429/429 579/579/579
f 436/436/436 429/429/429 566/566/566
f 429/429/429 436/436/436 568/568/568
f 572/572/572 436/436/436 566/566/566
f 568/568/568 436/436/436 541/541/541
f 568/568/568 541/541/541 449/449/449
f 1148/1148/1148 1142/1142/1142 1138/1138/1138
f 1143/1143/1143 1142/1142/1142 1148/1148/1148
f 1143/1143/1143 1141/1141/1141 1142/1142/1142
f 1143/1143/1143 404/404/404 1141/1141/1141
f 404/404/404 405/405/405 1141/1141/1141
f 131/131/131 1141/1141/1141 405/405/405
f 1148/1148/1148 414/414/414 1143/1143/1143
f 414/414/414 404/404/404 1143/1143/1143
f 404/404/404 414/414/414 116/116/116
f 116/116/116 121/121/121 404/404/404
f 404/404/404 121/121/121 400/400/400
f 400/400/400 405/405/405 404/404/404
f 413/413/413 414/414/414 1148/1148/1148
f 413/413/413 119/119/119 414/414/414
f 116/116/116 414/414/414 119/119/119
f 119/119/119 118/118/118 116/116/116
f 118/118/118 121/121/121 116/116/116
f 253/253/253 121/121/121 118/118/118
f 118/118/118 103/103/103 253/253/253
f 253/253/253 103/103/103 112/112/112
f 103/103/103 1320/1320/1320 112/112/112
f 112/112/112 1320/1320/1320 1321/1321/1321
f 115/115/115 119/119/119 413/413/413
f 119/119/119 115/115/115 117/117/117
f 117/117/117 118/118/118 119/119/119
f 118/118/118 117/117/117 103/103/103
f 103/103/103 117/117/117 94/94/94
f 103/103/103 94/94/94 1320/1320/1320
f 1320/1320/1320 94/94/94 1327/1327/1327
f 1326/1326/1326 1320/1320/1320 1327/1327/1327
f 1321/1321/1321 1320/1320/1320 1326/1326/1326
f 117/117/117 115/115/115 107/107/107
f 117/117/117 107/107/107 94/94/94
f 94/94/94 107/107/107 83/83/83
f 94/94/94 83/83/83 1327/1327/1327
f 1327/1327/1327 83/83/83 1326/1326/1326
f 1197/1197/1197 1156/1156/1156 131/131/131
f 1197/1197/1197 1202/1202/1202 1156/1156/1156
f 1202/1202/1202 1212/1212/1212 1156/1156/1156
f 1156/1156/1156 1212/1212/1212 1154/1154/1154
f 1154/1154/1154 1172/1172/1172 1156/1156/1156
f 1172/1172/1172 1154/1154/1154 179/179/179
f 179/179/179 1163/1163/1163 1172/1172/1172
f 1163/1163/1163 1161/1161/1161 1172/1172/1172
f 1195/1195/1195 1202/1202/1202 1197/1197/1197
f 1202/1202/1202 1195/1195/1195 92/92/92
f 92/92/92 754/754/754 1202/1202/1202
f 1202/1202/1202 754/754/754 1212/1212/1212
f 1212/1212/1212 754/754/754 1207/1207/1207
f 1207/1207/1207 1213/1213/1213 1212/1212/1212
f 1212/1212/1212 1213/1213/1213 1154/1154/1154
f 179/179/179 1154/1154/1154 1213/1213/1213
f 92/92/92 1195/1195/1195 97/97/97
f 97/97/97 750/750/750 92/92/92
f 759/759/759 92/92/92 750/750/750
f 754/754/754 92/92/92 759/759/759
f 759/759/759 93/93/93 754/754/754
f 1207/1207/1207 754/754/754 93/93/93
f 757/757/757 750/750/750 97/97/97
f 750/750/750 757/757/757 395/395/395
f 760/760/760 750/750/750 395/395/395
f 759/759/759 750/750/750 760/760/760
f 759/759/759 760/760/760 756/756/756
f 756/756/756 93/93/93 759/759/759
f 395/395/395 757/757/757 396/396/396
f 395/395/395 396/396/396 1328/1328/1328
f 395/395/395 1328/1328/1328 760/760/760
f 760/760/760 1328/1328/1328 1353/1353/1353
f 760/760/760 1353/1353/1353 91/91/91
f 756/756/756 760/760/760 91/91/91
f 1328/1328/1328 396/396/396 1354/1354/1354
f 1328/1328/1328 1354/1354/1354 1353/1353/1353
f 1353/1353/1353 1354/1354/1354 1351/1351/1351
f 91/91/91 1353/1353/1353 1351/1351/1351
f 771/771/771 1163/1163/1163 179/179/179
f 771/771/771 769/769/769 1163/1163/1163
f 769/769/769 768/768/768 1163/1163/1163
f 1163/1163/1163 768/768/768 1161/1161/1161
f 768/768/768 763/763/763 1161/1161/1161
f 438/438/438 1161/1161/1161 763/763/763
f 770/770/770 769/769/769 771/771/771
f 770/770/770 290/290/290 769/769/769
f 769/769/769 290/290/290 114/114/114
f 114/114/114 171/171/171 769/769/769
f 769/769/769 171/171/171 768/768/768
f 171/171/171 764/764/764 768/768/768
f 764/764/764 763/763/763 768/768/768
f 114/114/114 290/290/290 169/169/169
f 280/280/280 114/114/114 169/169/169
f 171/171/171 114/114/114 280/280/280
f 171/171/171 280/280/280 168/168/168
f 168/168/168 764/764/764 171/171/171
f 169/169/169 290/290/290 285/285/285
f 169/169/169 285/285/285 110/110/110
f 169/169/169 110/110/110 280/280/280
f 280/280/280 110/110/110 259/259/259
f 109/109/109 280/280/280 259/259/259
f 284/284/284 280/280/280 109/109/109
f 168/168/168 280/280/280 284/284/284
f 110/110/110 285/285/285 250/250/250
f 110/110/110 250/250/250 1229/1229/1229
f 110/110/110 1229/1229/1229 259/259/259
f 259/259/259 1229/1229/1229 1335/1335/1335
f 259/259/259 1335/1335/1335 109/109/109
f 109/109/109 1335/1335/1335 1352/1352/1352
f 1352/1352/1352 1335/1335/1335 1329/1329/1329
f 1329/1329/1329 1335/1335/1335 1229/1229/1229
f 1229/1229/1229 250/250/250 1329/1329/1329
f 401/401/401 1155/1155/1155 438/438/438
f 401/401/401 420/420/420 1155/1155/1155
f 420/420/420 410/410/410 1155/1155/1155
f 420/420/420 270/270/270 410/410/410
f 410/410/410 270/270/270 157/157/157
f 157/157/157 158/158/158 410/410/410
f 153/153/153 158/158/158 157/157/157
f 155/155/155 158/158/158 153/153/153
f 418/418/418 420/420/420 401/401/401
f 317/317/317 420/420/420 418/418/418
f 270/270/270 420/420/420 317/317/317
f 317/317/317 150/150/150 270/270/270
f 150/150/150 157/157/157 270/270/270
f 153/153/153 157/157/157 150/150/150
f 150/150/150 271/271/271 153/153/153
f 153/153/153 271/271/271 165/165/165
f 165/165/165 155/155/155 153/153/153
f 269/269/269 155/155/155 165/165/165
f 173/173/173 269/269/269 165/165/165
f 281/281/281 269/269/269 173/173/173
f 151/151/151 150/150/150 317/317/317
f 150/150/150 151/151/151 271/271/271
f 271/271/271 151/151/151 268/268/268
f 271/271/271 268/268/268 172/172/172
f 173/173/173 271/271/271 172/172/172
f 165/165/165 271/271/271 173/173/173
f 172/172/172 268/268/268 287/287/287
f 287/287/287 281/281/281 172/172/172
f 172/172/172 281/281/281 173/173/173
f 874/874/874 876/876/876 919/919/919
f 875/875/875 876/876/876 874/874/874
f 876/876/876 875/875/875 864/864/864
f 864/864/864 875/875/875 877/877/877
f 875/875/875 1101/1101/1101 877/877/877
f 1101/1101/1101 907/907/907 877/877/877
f 1103/1103/1103 907/907/907 1101/1101/1101
f 907/907/907 1103/1103/1103 869/869/869
f 1132/1132/1132 875/875/875 874/874/874
f 906/906/906 875/875/875 1132/1132/1132
f 906/906/906 1101/1101/1101 875/875/875
f 1101/1101/1101 906/906/906 905/905/905
f 905/905/905 1103/1103/1103 1101/1101/1101
f 904/904/904 1103/1103/1103 905/905/905
f 869/869/869 1103/1103/1103 904/904/904
f 882/882/882 1132/1132/1132 874/874/874
f 1130/1130/1130 1132/1132/1132 882/882/882
f 1132/1132/1132 1130/1130/1130 905/905/905
f 905/905/905 906/906/906 1132/1132/1132
f 879/879/879 882/882/882 874/874/874
f 878/878/878 882/882/882 879/879/879
f 882/882/882 878/878/878 897/897/897
f 897/897/897 1130/1130/1130 882/882/882
f 903/903/903 1130/1130/1130 897/897/897
f 905/905/905 1130/1130/1130 903/903/903
f 903/903/903 867/867/867 905/905/905
f 905/905/905 867/867/867 904/904/904
f 904/904/904 867/867/867 869/869/869
f 920/920/920 878/878/878 879/879/879
f 893/893/893 878/878/878 920/920/920
f 897/897/897 878/878/878 893/893/893
f 893/893/893 883/883/883 897/897/897
f 897/897/897 883/883/883 884/884/884
f 884/884/884 867/867/867 897/897/897
f 897/897/897 867/867/867 903/903/903
f 879/879/879 918/918/918 920/920/920
f 920/920/920 918/918/918 915/915/915
f 915/915/915 866/866/866 920/920/920
f 920/920/920 866/866/866 865/865/865
f 865/865/865 883/883/883 920/920/920
f 920/920/920 883/883/883 893/893/893
f 910/910/910 866/866/866 915/915/915
f 868/868/868 866/866/866 910/910/910
f 869/869/869 866/866/866 868/868/868
f 865/865/865 866/866/866 869/869/869
f 869/869/869 883/883/883 865/865/865
f 884/884/884 883/883/883 869/869/869
f 869/869/869 867/867/867 884/884/884
f 954/954/954 1259/1259/1259 887/887/887
f 1258/1258/1258 1259/1259/1259 954/954/954
f 1259/1259/1259 1258/1258/1258 780/780/780
f 780/780/780 1258/1258/1258 781/781/781
f 1258/1258/1258 895/895/895 781/781/781
f 895/895/895 1244/1244/1244 781/781/781
f 901/901/901 1244/1244/1244 895/895/895
f 1244/1244/1244 901/901/901 949/949/949
f 890/890/890 1258/1258/1258 954/954/954
f 889/889/889 1258/1258/1258 890/890/890
f 889/889/889 895/895/895 1258/1258/1258
f 895/895/895 889/889/889 950/950/950
f 950/950/950 901/901/901 895/895/895
f 1240/1240/1240 901/901/901 950/950/950
f 949/949/949 901/901/901 1240/1240/1240
f 955/955/955 890/890/890 954/954/954
f 900/900/900 890/890/890 955/955/955
f 890/890/890 900/900/900 950/950/950
f 950/950/950 889/889/889 890/890/890
f 953/953/953 955/955/955 954/954/954
f 783/783/783 955/955/955 953/953/953
f 955/955/955 783/783/783 956/956/956
f 956/956/956 900/900/900 955/955/955
f 947/947/947 900/900/900 956/956/956
f 950/950/950 900/900/900 947/947/947
f 947/947/947 948/948/948 950/950/950
f 950/950/950 948/948/948 1240/1240/1240
f 1240/1240/1240 948/948/948 949/949/949
f 888/888/888 783/783/783 953/953/953
f 958/958/958 783/783/783 888/888/888
f 956/956/956 783/783/783 958/958/958
f 958/958/958 957/957/957 956/956/956
f 956/956/956 957/957/957 782/782/782
f 782/782/782 948/948/948 956/956/956
f 956/956/956 948/948/948 947/947/947
f 953/953/953 896/896/896 888/888/888
f 888/888/888 896/896/896 1241/1241/1241
f 1241/1241/1241 951/951/951 888/888/888
f 888/888/888 951/951/951 952/952/952
f 952/952/952 957/957/957 888/888/888
f 888/888/888 957/957/957 958/958/958
f 894/894/894 951/951/951 1241/1241/1241
f 1257/1257/1257 951/951/951 894/894/894
f 949/949/949 951/951/951 1257/1257/1257
f 952/952/952 951/951/951 949/949/949
f 949/949/949 957/957/957 952/952/952
f 782/782/782 957/957/957 949/949/949
f 949/949/949 948/948/948 782/782/782
f 1247/1247/1247 1474/1474/1474 960/960/960
f 1250/1250/1250 1474/1474/1474 1247/1247/1247
f 1474/1474/1474 1250/1250/1250 962/962/962
f 1474/1474/1474 962/962/962 1475/1475/1475
f 1474/1474/1474 1475/1475/1475 1477/1477/1477
f 1477/1477/1477 1475/1475/1475 1476/1476/1476
f 1476/1476/1476 966/966/966 1477/1477/1477
f 1477/1477/1477 966/966/966 959/959/959
f 1249/1249/1249 1250/1250/1250 1247/1247/1247
f 1478/1478/1478 1250/1250/1250 1249/1249/1249
f 1478/1478/1478 785/785/785 1250/1250/1250
f 1250/1250/1250 785/785/785 961/961/961
f 962/962/962 1250/1250/1250 961/961/961
f 961/961/961 964/964/964 962/962/962
f 962/962/962 964/964/964 963/963/963
f 1475/1475/1475 962/962/962 963/963/963
f 963/963/963 1471/1471/1471 1475/1475/1475
f 1475/1475/1475 1471/1471/1471 1476/1476/1476
f 1476/1476/1476 1471/1471/1471 1463/1463/1463
f 1463/1463/1463 966/966/966 1476/1476/1476
f 1478/1478/1478 784/784/784 785/785/785
f 785/785/785 784/784/784 1242/1242/1242
f 1242/1242/1242 964/964/964 785/785/785
f 785/785/785 964/964/964 961/961/961
f 784/784/784 970/970/970 1242/1242/1242
f 1242/1242/1242 970/970/970 1248/1248/1248
f 1248/1248/1248 964/964/964 1242/1242/1242
f 1251/1251/1251 964/964/964 1248/1248/1248
f 965/965/965 964/964/964 1251/1251/1251
f 963/963/963 964/964/964 965/965/965
f 965/965/965 1471/1471/1471 963/963/963
f 1251/1251/1251 1471/1471/1471 965/965/965
f 1472/1472/1472 1471/1471/1471 1251/1251/1251
f 1473/1473/1473 1471/1471/1471 1472/1472/1472
f 1463/1463/1463 1471/1471/1471 1473/1473/1473
f 1473/1473/1473 966/966/966 1463/1463/1463
f 1248/1248/1248 970/970/970 1251/1251/1251
f 1251/1251/1251 970/970/970 1472/1472/1472
f 1472/1472/1472 970/970/970 1473/1473/1473
f 1473/1473/1473 970/970/970 1479/1479/1479
f 1479/1479/1479 966/966/966 1473/1473/1473
f 969/969/969 966/966/966 1479/1479/1479
f 967/967/967 966/966/966 969/969/969
f 959/959/959 966/966/966 967/967/967
f 1479/1479/1479 970/970/970 969/969/969
f 969/969/969 970/970/970 968/968/968
f 968/968/968 1245/1245/1245 969/969/969
f 969/969/969 1245/1245/1245 967/967/967
f 1528/1528/1528 1526/1526/1526 1465/1465/1465
f 1539/1539/1539 1526/1526/1526 1528/1528/1528
f 1526/1526/1526 1539/1539/1539 1462/1462/1462
f 1526/1526/1526 1462/1462/1462 1525/1525/1525
f 1526/1526/1526 1525/1525/1525 1523/1523/1523
f 1523/1523/1523 1525/1525/1525 902/902/902
f 902/902/902 1536/1536/1536 1523/1523/1523
f 1523/1523/1523 1536/1536/1536 1461/1461/1461
f 1529/1529/1529 1539/1539/1539 1528/1528/1528
f 1519/1519/1519 1539/1539/1539 1529/1529/1529
f 1519/1519/1519 1467/1467/1467 1539/1539/1539
f 1539/1539/1539 1467/1467/1467 1464/1464/1464
f 1462/1462/1462 1539/1539/1539 1464/1464/1464
f 1464/1464/1464 1540/1540/1540 1462/1462/1462
f 1462/1462/1462 1540/1540/1540 1460/1460/1460
f 1525/1525/1525 1462/1462/1462 1460/1460/1460
f 1460/1460/1460 1516/1516/1516 1525/1525/1525
f 1525/1525/1525 1516/1516/1516 902/902/902
f 902/902/902 1516/1516/1516 899/899/899
f 899/899/899 1536/1536/1536 902/902/902
f 1519/1519/1519 1469/1469/1469 1467/1467/1467
f 1467/1467/1467 1469/1469/1469 1458/1458/1458
f 1458/1458/1458 1540/1540/1540 1467/1467/1467
f 1467/1467/1467 1540/1540/1540 1464/1464/1464
f 1469/1469/1469 1246/1246/1246 1458/1458/1458
f 1458/1458/1458 1246/1246/1246 1468/1468/1468
f 1468/1468/1468 1540/1540/1540 1458/1458/1458
f 1466/1466/1466 1540/1540/1540 1468/1468/1468
f 1537/1537/1537 1540/1540/1540 1466/1466/1466
f 1460/1460/1460 1540/1540/1540 1537/1537/1537
f 1537/1537/1537 1516/1516/1516 1460/1460/1460
f 1466/1466/1466 1516/1516/1516 1537/1537/1537
f 1521/1521/1521 1516/1516/1516 1466/1466/1466
f 1520/1520/1520 1516/1516/1516 1521/1521/1521
f 899/899/899 1516/1516/1516 1520/1520/1520
f 1520/1520/1520 1536/1536/1536 899/899/899
f 1468/1468/1468 1246/1246/1246 1466/1466/1466
f 1466/1466/1466 1246/1246/1246 1521/1521/1521
f 1521/1521/1521 1246/1246/1246 1520/1520/1520
f 1520/1520/1520 1246/1246/1246 1527/1527/1527
f 1527/1527/1527 1536/1536/1536 1520/1520/1520
f 1243/1243/1243 1536/1536/1536 1527/1527/1527
f 1470/1470/1470 1536/1536/1536 1243/1243/1243
f 1461/1461/1461 1536/1536/1536 1470/1470/1470
f 1527/1527/1527 1246/1246/1246 1243/1243/1243
f 1243/1243/1243 1246/1246/1246 1538/1538/1538
f 1538/1538/1538 1459/1459/1459 1243/1243/1243
f 1243/1243/1243 1459/1459/1459 1470/1470/1470
f 1369/1369/1369 1370/1370/1370 1365/1365/1365
f 1510/1510/1510 1370/1370/1370 1369/1369/1369
f 1370/1370/1370 1510/1510/1510 1384/1384/1384
f 1384/1384/1384 1510/1510/1510 1383/1383/1383
f 1383/1383/1383 1385/1385/1385 1384/1384/1384
f 1384/1384/1384 1385/1385/1385 1375/1375/1375
f 1375/1375/1375 1385/1385/1385 1515/1515/1515
f 1484/1484/1484 1510/1510/1510 1369/1369/1369
f 1374/1374/1374 1510/1510/1510 1484/1484/1484
f 1380/1380/1380 1510/1510/1510 1374/1374/1374
f 1383/1383/1383 1510/1510/1510 1380/1380/1380
f 1380/1380/1380 1385/1385/1385 1383/1383/1383
f 1457/1457/1457 1385/1385/1385 1380/1380/1380
f 1515/1515/1515 1385/1385/1385 1457/1457/1457
f 1457/1457/1457 1456/1456/1456 1515/1515/1515
f 1515/1515/1515 1456/1456/1456 1511/1511/1511
f 1456/1456/1456 1362/1362/1362 1511/1511/1511
f 1511/1511/1511 1362/1362/1362 1358/1358/1358
f 1426/1426/1426 1374/1374/1374 1484/1484/1484
f 1357/1357/1357 1374/1374/1374 1426/1426/1426
f 1357/1357/1357 1362/1362/1362 1374/1374/1374
f 1374/1374/1374 1362/1362/1362 1380/1380/1380
f 1362/1362/1362 1456/1456/1456 1380/1380/1380
f 1380/1380/1380 1456/1456/1456 1457/1457/1457
f 1421/1421/1421 1357/1357/1357 1426/1426/1426
f 1382/1382/1382 1357/1357/1357 1421/1421/1421
f 1358/1358/1358 1357/1357/1357 1382/1382/1382
f 1362/1362/1362 1357/1357/1357 1358/1358/1358
f 1509/1509/1509 815/815/815 1239/1239/1239
f 1239/1239/1239 815/815/815 1366/1366/1366
f 1366/1366/1366 815/815/815 1235/1235/1235
f 1235/1235/1235 815/815/815 1234/1234/1234
f 1235/1235/1235 1234/1234/1234 1232/1232/1232
f 1232/1232/1232 1234/1234/1234 1233/1233/1233
f 1363/1363/1363 808/808/808 806/806/806
f 806/806/806 808/808/808 1364/1364/1364
f 807/807/807 806/806/806 1364/1364/1364
f 805/805/805 806/806/806 807/807/807
f 1367/1367/1367 805/805/805 807/807/807
f 811/811/811 805/805/805 1367/1367/1367
f 808/808/808 814/814/814 1364/1364/1364
f 1364/1364/1364 814/814/814 804/804/804
f 804/804/804 807/807/807 1364/1364/1364
f 1359/1359/1359 807/807/807 804/804/804
f 812/812/812 807/807/807 1359/1359/1359
f 1367/1367/1367 807/807/807 812/812/812
f 814/814/814 810/810/810 804/804/804
f 810/810/810 1359/1359/1359 804/804/804
f 809/809/809 1359/1359/1359 810/810/810
f 1368/1368/1368 1359/1359/1359 809/809/809
f 812/812/812 1359/1359/1359 1368/1368/1368
f 813/813/813 810/810/810 814/814/814
f 813/813/813 1368/1368/1368 810/810/810
f 810/810/810 1368/1368/1368 809/809/809
f 1381/1381/1381 802/802/802 801/801/801
f 801/801/801 802/802/802 800/800/800
f 803/803/803 800/800/800 802/802/802
f 799/799/799 800/800/800 803/803/803
f 1360/1360/1360 799/799/799 803/803/803
f 1361/1361/1361 799/799/799 1360/1360/1360
f 854/854/854 831/831/831 798/798/798
f 798/798/798 831/831/831 1372/1372/1372
f 798/798/798 1372/1372/1372 795/795/795
f 795/795/795 1372/1372/1372 863/863/863
f 863/863/863 852/852/852 795/795/795
f 795/795/795 852/852/852 1356/1356/1356
f 1356/1356/1356 852/852/852 1355/1355/1355
f 831/831/831 829/829/829 1372/1372/1372
f 1372/1372/1372 829/829/829 863/863/863
f 863/863/863 829/829/829 855/855/855
f 863/863/863 855/855/855 852/852/852
f 852/852/852 855/855/855 794/794/794
f 1355/1355/1355 852/852/852 794/794/794
f 794/794/794 855/855/855 1355/1355/1355
f 1355/1355/1355 855/855/855 797/797/797
f 855/855/855 829/829/829 797/797/797
f 797/797/797 829/829/829 796/796/796
f 829/829/829 828/828/828 796/796/796
f 796/796/796 828/828/828 1371/1371/1371
f 828/828/828 829/829/829 831/831/831
f 853/853/853 859/859/859 908/908/908
f 839/839/839 908/908/908 859/859/859
f 842/842/842 908/908/908 839/839/839
f 916/916/916 842/842/842 839/839/839
f 1124/1124/1124 842/842/842 916/916/916
f 916/916/916 1114/1114/1114 1124/1124/1124
f 1115/1115/1115 1114/1114/1114 916/916/916
f 1114/1114/1114 1115/1115/1115 838/838/838
f 838/838/838 1115/1115/1115 836/836/836
f 830/830/830 838/838/838 836/836/836
f 791/791/791 1571/1571/1571 1317/1317/1317
f 1317/1317/1317 1571/1571/1571 790/790/790
f 790/790/790 1571/1571/1571 1290/1290/1290
f 1023/1023/1023 1290/1290/1290 1571/1571/1571
f 1572/1572/1572 1290/1290/1290 1023/1023/1023
f 1023/1023/1023 843/843/843 1572/1572/1572
f 843/843/843 1023/1023/1023 822/822/822
f 1023/1023/1023 1822/1822/1822 822/822/822
f 1879/1879/1879 1822/1822/1822 1023/1023/1023
f 1822/1822/1822 1879/1879/1879 1823/1823/1823
f 1023/1023/1023 1571/1571/1571 861/861/861
f 1023/1023/1023 861/861/861 1879/1879/1879
f 1879/1879/1879 861/861/861 1795/1795/1795
f 856/856/856 1795/1795/1795 861/861/861
f 1710/1710/1710 1795/1795/1795 856/856/856
f 834/834/834 1710/1710/1710 856/856/856
f 857/857/857 1710/1710/1710 834/834/834
f 861/861/861 1571/1571/1571 1586/1586/1586
f 861/861/861 1586/1586/1586 856/856/856
f 856/856/856 1586/1586/1586 1587/1587/1587
f 1587/1587/1587 834/834/834 856/856/856
f 1577/1577/1577 834/834/834 1587/1587/1587
f 1573/1573/1573 834/834/834 1577/1577/1577
f 1573/1573/1573 1019/1019/1019 834/834/834
f 1019/1019/1019 1021/1021/1021 834/834/834
f 834/834/834 1021/1021/1021 857/857/857
f 1018/1018/1018 857/857/857 1021/1021/1021
f 816/816/816 1018/1018/1018 1021/1021/1021
f 1017/1017/1017 816/816/816 1021/1021/1021
f 1577/1577/1577 1591/1591/1591 1573/1573/1573
f 1591/1591/1591 1592/1592/1592 1573/1573/1573
f 1592/1592/1592 1580/1580/1580 1573/1573/1573
f 1573/1573/1573 1580/1580/1580 1019/1019/1019
f 1019/1019/1019 1580/1580/1580 840/840/840
f 1017/1017/1017 1019/1019/1019 840/840/840
f 1021/1021/1021 1019/1019/1019 1017/1017/1017
f 1823/1823/1823 1879/1879/1879 1819/1819/1819
f 1879/1879/1879 1817/1817/1817 1819/1819/1819
f 792/792/792 1596/1596/1596 1266/1266/1266
f 1266/1266/1266 1596/1596/1596 1582/1582/1582
f 1582/1582/1582 1267/1267/1267 1266/1266/1266
f 1270/1270/1270 1267/1267/1267 1582/1582/1582
f 1270/1270/1270 793/793/793 1267/1267/1267
f 1567/1567/1567 793/793/793 1270/1270/1270
f 1262/1262/1262 1567/1567/1567 1270/1270/1270
f 1564/1564/1564 1567/1567/1567 1262/1262/1262
f 1582/1582/1582 1596/1596/1596 1292/1292/1292
f 1582/1582/1582 1292/1292/1292 1270/1270/1270
f 1270/1270/1270 1292/1292/1292 1262/1262/1262
f 1292/1292/1292 1541/1541/1541 1262/1262/1262
f 1262/1262/1262 1541/1541/1541 1544/1544/1544
f 1544/1544/1544 1564/1564/1564 1262/1262/1262
f 1559/1559/1559 1564/1564/1564 1544/1544/1544
f 1301/1301/1301 1559/1559/1559 1544/1544/1544
f 1285/1285/1285 1559/1559/1559 1301/1301/1301
f 1292/1292/1292 1596/1596/1596 1560/1560/1560
f 1560/1560/1560 1541/1541/1541 1292/1292/1292
f 1562/1562/1562 1541/1541/1541 1560/1560/1560
f 1562/1562/1562 1300/1300/1300 1541/1541/1541
f 1541/1541/1541 1300/1300/1300 1544/1544/1544
f 1544/1544/1544 1300/1300/1300 1301/1301/1301
f 1269/1269/1269 1301/1301/1301 1300/1300/1300
f 1291/1291/1291 1301/1301/1301 1269/1269/1269
f 1291/1291/1291 1285/1285/1285 1301/1301/1301
f 1597/1597/1597 1285/1285/1285 1291/1291/1291
f 1291/1291/1291 1277/1277/1277 1597/1597/1597
f 1260/1260/1260 1277/1277/1277 1291/1291/1291
f 1260/1260/1260 1276/1276/1276 1277/1277/1277
f 1282/1282/1282 1300/1300/1300 1562/1562/1562
f 1300/1300/1300 1282/1282/1282 1269/1269/1269
f 1269/1269/1269 1282/1282/1282 1565/1565/1565
f 1565/1565/1565 1558/1558/1558 1269/1269/1269
f 1269/1269/1269 1558/1558/1558 1261/1261/1261
f 1260/1260/1260 1269/1269/1269 1261/1261/1261
f 1291/1291/1291 1269/1269/1269 1260/1260/1260
f 1558/1558/1558 1283/1283/1283 1261/1261/1261
f 1261/1261/1261 1283/1283/1283 1542/1542/1542
f 1263/1263/1263 1261/1261/1261 1542/1542/1542
f 1260/1260/1260 1261/1261/1261 1263/1263/1263
f 1263/1263/1263 1276/1276/1276 1260/1260/1260
f 1263/1263/1263 1286/1286/1286 1276/1276/1276
f 1302/1302/1302 1286/1286/1286 1263/1263/1263
f 1302/1302/1302 1319/1319/1319 1286/1286/1286
f 1295/1295/1295 1319/1319/1319 1302/1302/1302
f 1319/1319/1319 1295/1295/1295 1281/1281/1281
f 1283/1283/1283 1287/1287/1287 1542/1542/1542
f 1542/1542/1542 1287/1287/1287 1293/1293/1293
f 1302/1302/1302 1542/1542/1542 1293/1293/1293
f 1263/1263/1263 1542/1542/1542 1302/1302/1302
f 1287/1287/1287 1278/1278/1278 1293/1293/1293
f 1293/1293/1293 1278/1278/1278 1271/1271/1271
f 1295/1295/1295 1293/1293/1293 1271/1271/1271
f 1302/1302/1302 1293/1293/1293 1295/1295/1295
f 1278/1278/1278 1284/1284/1284 1271/1271/1271
f 1271/1271/1271 1284/1284/1284 1264/1264/1264
f 1265/1265/1265 1271/1271/1271 1264/1264/1264
f 1295/1295/1295 1271/1271/1271 1265/1265/1265
f 1281/1281/1281 1295/1295/1295 1265/1265/1265
f 1281/1281/1281 1265/1265/1265 1288/1288/1288
f 1288/1288/1288 1265/1265/1265 1294/1294/1294
f 1294/1294/1294 1318/1318/1318 1288/1288/1288
f 789/789/789 1318/1318/1318 1294/1294/1294
f 1318/1318/1318 789/789/789 1280/1280/1280
f 1284/1284/1284 1289/1289/1289 1264/1264/1264
f 1264/1264/1264 1289/1289/1289 1303/1303/1303
f 1294/1294/1294 1264/1264/1264 1303/1303/1303
f 1265/1265/1265 1264/1264/1264 1294/1294/1294
f 1289/1289/1289 1279/1279/1279 1303/1303/1303
f 1303/1303/1303 1279/1279/1279 1304/1304/1304
f 1304/1304/1304 789/789/789 1303/1303/1303
f 1303/1303/1303 789/789/789 1294/1294/1294
f 1279/1279/1279 1274/1274/1274 1304/1304/1304
f 1304/1304/1304 1274/1274/1274 787/787/787
f 787/787/787 1268/1268/1268 1304/1304/1304
f 1304/1304/1304 1268/1268/1268 789/789/789
f 1280/1280/1280 789/789/789 1268/1268/1268
f 1268/1268/1268 1274/1274/1274 1280/1280/1280
f 787/787/787 1274/1274/1274 1268/1268/1268
f 1561/1561/1561 1305/1305/1305 1563/1563/1563
f 1296/1296/1296 1305/1305/1305 1561/1561/1561
f 1305/1305/1305 1296/1296/1296 788/788/788
f 788/788/788 1296/1296/1296 786/786/786
f 788/788/788 786/786/786 1272/1272/1272
f 1272/1272/1272 786/786/786 1273/1273/1273
f 1273/1273/1273 1306/1306/1306 1272/1272/1272
f 1275/1275/1275 1306/1306/1306 1273/1273/1273
f 1306/1306/1306 1275/1275/1275 1307/1307/1307
f 1307/1307/1307 1275/1275/1275 1543/1543/1543
f 1543/1543/1543 1547/1547/1547 1307/1307/1307
f 1307/1307/1307 1547/1547/1547 1551/1551/1551
f 1578/1578/1578 1551/1551/1551 1547/1547/1547
f 1553/1553/1553 1551/1551/1551 1578/1578/1578
f 1546/1546/1546 1553/1553/1553 1578/1578/1578
f 1545/1545/1545 1553/1553/1553 1546/1546/1546
f 1554/1554/1554 1545/1545/1545 1546/1546/1546
f 1552/1552/1552 1545/1545/1545 1554/1554/1554
f 1594/1594/1594 1552/1552/1552 1554/1554/1554
f 1568/1568/1568 1552/1552/1552 1594/1594/1594
f 1556/1556/1556 1568/1568/1568 1594/1594/1594
f 1557/1557/1557 1568/1568/1568 1556/1556/1556
f 1566/1566/1566 1557/1557/1557 1556/1556/1556
f 1555/1555/1555 1557/1557/1557 1566/1566/1566
f 1595/1595/1595 1555/1555/1555 1566/1566/1566
f 1569/1569/1569 1555/1555/1555 1595/1595/1595
f 1581/1581/1581 1548/1548/1548 1549/1549/1549
f 1549/1549/1549 1548/1548/1548 1583/1583/1583
f 1861/1861/1861 1549/1549/1549 1583/1583/1583
f 1774/1774/1774 1549/1549/1549 1861/1861/1861
f 1861/1861/1861 1773/1773/1773 1774/1774/1774
f 1774/1774/1774 1773/1773/1773 1830/1830/1830
f 1830/1830/1830 1834/1834/1834 1774/1774/1774
f 1838/1838/1838 1834/1834/1834 1830/1830/1830
f 1548/1548/1548 1570/1570/1570 1583/1583/1583
f 1583/1583/1583 1570/1570/1570 1593/1593/1593
f 1605/1605/1605 1583/1583/1583 1593/1593/1593
f 1861/1861/1861 1583/1583/1583 1605/1605/1605
f 1605/1605/1605 1613/1613/1613 1861/1861/1861
f 1861/1861/1861 1613/1613/1613 1865/1865/1865
f 1865/1865/1865 1773/1773/1773 1861/1861/1861
f 1570/1570/1570 821/821/821 1593/1593/1593
f 1593/1593/1593 821/821/821 819/819/819
f 819/819/819 1628/1628/1628 1593/1593/1593
f 1593/1593/1593 1628/1628/1628 1605/1605/1605
f 1688/1688/1688 1605/1605/1605 1628/1628/1628
f 1613/1613/1613 1605/1605/1605 1688/1688/1688
f 1613/1613/1613 1688/1688/1688 1614/1614/1614
f 1600/1600/1600 1613/1613/1613 1614/1614/1614
f 1854/1854/1854 1613/1613/1613 1600/1600/1600
f 1854/1854/1854 1865/1865/1865 1613/1613/1613
f 819/819/819 821/821/821 820/820/820
f 820/820/820 1628/1628/1628 819/819/819
f 1708/1708/1708 1628/1628/1628 820/820/820
f 1708/1708/1708 1688/1688/1688 1628/1628/1628
f 1707/1707/1707 1688/1688/1688 1708/1708/1708
f 1706/1706/1706 1688/1688/1688 1707/1707/1707
f 1787/1787/1787 1688/1688/1688 1706/1706/1706
f 1614/1614/1614 1688/1688/1688 1787/1787/1787
f 820/820/820 821/821/821 1007/1007/1007
f 820/820/820 1007/1007/1007 1008/1008/1008
f 1008/1008/1008 1708/1708/1708 820/820/820
f 1945/1945/1945 1708/1708/1708 1008/1008/1008
f 1708/1708/1708 1945/1945/1945 1707/1707/1707
f 1707/1707/1707 1945/1945/1945 1943/1943/1943
f 1943/1943/1943 1937/1937/1937 1707/1707/1707
f 1707/1707/1707 1937/1937/1937 1790/1790/1790
f 1707/1707/1707 1790/1790/1790 1706/1706/1706
f 1008/1008/1008 1007/1007/1007 1880/1880/1880
f 1008/1008/1008 1880/1880/1880 844/844/844
f 844/844/844 1945/1945/1945 1008/1008/1008
f 1975/1975/1975 1945/1945/1945 844/844/844
f 1975/1975/1975 1980/1980/1980 1945/1945/1945
f 1945/1945/1945 1980/1980/1980 1943/1943/1943
f 1980/1980/1980 1944/1944/1944 1943/1943/1943
f 1943/1943/1943 1944/1944/1944 1937/1937/1937
f 1937/1937/1937 1944/1944/1944 1938/1938/1938
f 1725/1725/1725 1937/1937/1937 1938/1938/1938
f 1937/1937/1937 1725/1725/1725 1790/1790/1790
f 844/844/844 1880/1880/1880 824/824/824
f 1838/1838/1838 1830/1830/1830 1844/1844/1844
f 1844/1844/1844 1830/1830/1830 1831/1831/1831
f 1831/1831/1831 1830/1830/1830 1773/1773/1773
f 1773/1773/1773 1857/1857/1857 1831/1831/1831
f 1856/1856/1856 1857/1857/1857 1773/1773/1773
f 1825/1825/1825 1857/1857/1857 1856/1856/1856
f 1862/1862/1862 1857/1857/1857 1825/1825/1825
f 1825/1825/1825 1843/1843/1843 1862/1862/1862
f 1862/1862/1862 1843/1843/1843 1864/1864/1864
f 1843/1843/1843 1841/1841/1841 1864/1864/1864
f 1865/1865/1865 1856/1856/1856 1773/1773/1773
f 1854/1854/1854 1856/1856/1856 1865/1865/1865
f 1863/1863/1863 1856/1856/1856 1854/1854/1854
f 1825/1825/1825 1856/1856/1856 1863/1863/1863
f 1863/1863/1863 1637/1637/1637 1825/1825/1825
f 1825/1825/1825 1637/1637/1637 1843/1843/1843
f 1843/1843/1843 1637/1637/1637 1842/1842/1842
f 1842/1842/1842 1841/1841/1841 1843/1843/1843
f 1842/1842/1842 1782/1782/1782 1841/1841/1841
f 1841/1841/1841 1782/1782/1782 1783/1783/1783
f 1782/1782/1782 1784/1784/1784 1783/1783/1783
f 1783/1783/1783 1784/1784/1784 1781/1781/1781
f 1854/1854/1854 1890/1890/1890 1863/1863/1863
f 1890/1890/1890 1636/1636/1636 1863/1863/1863
f 1863/1863/1863 1636/1636/1636 1629/1629/1629
f 1637/1637/1637 1863/1863/1863 1629/1629/1629
f 1854/1854/1854 1601/1601/1601 1890/1890/1890
f 1601/1601/1601 1636/1636/1636 1890/1890/1890
f 1804/1804/1804 1636/1636/1636 1601/1601/1601
f 1804/1804/1804 1712/1712/1712 1636/1636/1636
f 1636/1636/1636 1712/1712/1712 1805/1805/1805
f 1636/1636/1636 1805/1805/1805 1629/1629/1629
f 1629/1629/1629 1805/1805/1805 1806/1806/1806
f 1629/1629/1629 1806/1806/1806 1637/1637/1637
f 1600/1600/1600 1601/1601/1601 1854/1854/1854
f 1600/1600/1600 1614/1614/1614 1601/1601/1601
f 1601/1601/1601 1614/1614/1614 1804/1804/1804
f 1712/1712/1712 1804/1804/1804 1614/1614/1614
f 1712/1712/1712 1614/1614/1614 1777/1777/1777
f 1777/1777/1777 1615/1615/1615 1712/1712/1712
f 1712/1712/1712 1615/1615/1615 1805/1805/1805
f 1805/1805/1805 1615/1615/1615 1616/1616/1616
f 1616/1616/1616 1806/1806/1806 1805/1805/1805
f 1599/1599/1599 1806/1806/1806 1616/1616/1616
f 1599/1599/1599 1609/1609/1609 1806/1806/1806
f 1806/1806/1806 1609/1609/1609 1811/1811/1811
f 1637/1637/1637 1806/1806/1806 1811/1811/1811
f 1777/1777/1777 1614/1614/1614 1787/1787/1787
f 1706/1706/1706 1777/1777/1777 1787/1787/1787
f 1700/1700/1700 1777/1777/1777 1706/1706/1706
f 1686/1686/1686 1777/1777/1777 1700/1700/1700
f 1771/1771/1771 1777/1777/1777 1686/1686/1686
f 1771/1771/1771 1615/1615/1615 1777/1777/1777
f 1705/1705/1705 1615/1615/1615 1771/1771/1771
f 1598/1598/1598 1615/1615/1615 1705/1705/1705
f 1615/1615/1615 1598/1598/1598 1616/1616/1616
f 1616/1616/1616 1598/1598/1598 1599/1599/1599
f 1598/1598/1598 1603/1603/1603 1599/1599/1599
f 1599/1599/1599 1603/1603/1603 1609/1609/1609
f 1833/1833/1833 1700/1700/1700 1706/1706/1706
f 1833/1833/1833 1837/1837/1837 1700/1700/1700
f 1700/1700/1700 1837/1837/1837 1835/1835/1835
f 1700/1700/1700 1835/1835/1835 1686/1686/1686
f 1686/1686/1686 1835/1835/1835 1702/1702/1702
f 1686/1686/1686 1702/1702/1702 1772/1772/1772
f 1772/1772/1772 1705/1705/1705 1686/1686/1686
f 1686/1686/1686 1705/1705/1705 1771/1771/1771
f 1706/1706/1706 1786/1786/1786 1833/1833/1833
f 1786/1786/1786 1837/1837/1837 1833/1833/1833
f 1725/1725/1725 1837/1837/1837 1786/1786/1786
f 1725/1725/1725 1938/1938/1938 1837/1837/1837
f 1837/1837/1837 1938/1938/1938 1724/1724/1724
f 1837/1837/1837 1724/1724/1724 1835/1835/1835
f 1835/1835/1835 1724/1724/1724 1727/1727/1727
f 1835/1835/1835 1727/1727/1727 1702/1702/1702
f 1702/1702/1702 1727/1727/1727 1701/1701/1701
f 1772/1772/1772 1702/1702/1702 1701/1701/1701
f 1706/1706/1706 1790/1790/1790 1786/1786/1786
f 1790/1790/1790 1725/1725/1725 1786/1786/1786
f 1590/1590/1590 1589/1589/1589 1797/1797/1797
f 1797/1797/1797 1589/1589/1589 1798/1798/1798
f 1801/1801/1801 1797/1797/1797 1798/1798/1798
f 1800/1800/1800 1797/1797/1797 1801/1801/1801
f 1780/1780/1780 1800/1800/1800 1801/1801/1801
f 1791/1791/1791 1800/1800/1800 1780/1780/1780
f 1798/1798/1798 1589/1589/1589 1818/1818/1818
f 1810/1810/1810 1798/1798/1798 1818/1818/1818
f 1801/1801/1801 1798/1798/1798 1810/1810/1810
f 1779/1779/1779 1801/1801/1801 1810/1810/1810
f 1780/1780/1780 1801/1801/1801 1779/1779/1779
f 1785/1785/1785 1780/1780/1780 1779/1779/1779
f 1794/1794/1794 1780/1780/1780 1785/1785/1785
f 1791/1791/1791 1780/1780/1780 1794/1794/1794
f 1794/1794/1794 1792/1792/1792 1791/1791/1791
f 1792/1792/1792 1793/1793/1793 1791/1791/1791
f 1818/1818/1818 1589/1589/1589 1607/1607/1607
f 1604/1604/1604 1818/1818/1818 1607/1607/1607
f 1809/1809/1809 1818/1818/1818 1604/1604/1604
f 1818/1818/1818 1809/1809/1809 1808/1808/1808
f 1818/1818/1818 1808/1808/1808 1810/1810/1810
f 1808/1808/1808 1803/1803/1803 1810/1810/1810
f 1810/1810/1810 1803/1803/1803 1779/1779/1779
f 1803/1803/1803 1778/1778/1778 1779/1779/1779
f 1779/1779/1779 1778/1778/1778 1785/1785/1785
f 1785/1785/1785 1778/1778/1778 1775/1775/1775
f 1785/1785/1785 1775/1775/1775 1794/1794/1794
f 1794/1794/1794 1775/1775/1775 1792/1792/1792
f 1775/1775/1775 1778/1778/1778 1792/1792/1792
f 1792/1792/1792 1778/1778/1778 1793/1793/1793
f 1606/1606/1606 1809/1809/1809 1604/1604/1604
f 1840/1840/1840 1809/1809/1809 1606/1606/1606
f 1840/1840/1840 1807/1807/1807 1809/1809/1809
f 1808/1808/1808 1809/1809/1809 1807/1807/1807
f 1848/1848/1848 1808/1808/1808 1807/1807/1807
f 1803/1803/1803 1808/1808/1808 1848/1848/1848
f 1803/1803/1803 1848/1848/1848 1789/1789/1789
f 1858/1858/1858 1803/1803/1803 1789/1789/1789
f 1858/1858/1858 1802/1802/1802 1803/1803/1803
f 1802/1802/1802 1778/1778/1778 1803/1803/1803
f 1606/1606/1606 1612/1612/1612 1840/1840/1840
f 1840/1840/1840 1612/1612/1612 1845/1845/1845
f 1839/1839/1839 1840/1840/1840 1845/1845/1845
f 1839/1839/1839 1807/1807/1807 1840/1840/1840
f 1839/1839/1839 1850/1850/1850 1807/1807/1807
f 1807/1807/1807 1850/1850/1850 1848/1848/1848
f 1860/1860/1860 1848/1848/1848 1850/1850/1850
f 1816/1816/1816 1848/1848/1848 1860/1860/1860
f 1789/1789/1789 1848/1848/1848 1816/1816/1816
f 1839/1839/1839 1845/1845/1845 1832/1832/1832
f 1850/1850/1850 1839/1839/1839 1832/1832/1832
f 1850/1850/1850 1832/1832/1832 1849/1849/1849
f 1824/1824/1824 1850/1850/1850 1849/1849/1849
f 1860/1860/1860 1850/1850/1850 1824/1824/1824
f 1860/1860/1860 1824/1824/1824 1814/1814/1814
f 1814/1814/1814 1816/1816/1816 1860/1860/1860
f 1813/1813/1813 1816/1816/1816 1814/1814/1814
f 1813/1813/1813 1789/1789/1789 1816/1816/1816
f 1788/1788/1788 1789/1789/1789 1813/1813/1813
f 1721/1721/1721 1789/1789/1789 1788/1788/1788
f 1858/1858/1858 1789/1789/1789 1721/1721/1721
f 1040/1040/1040 1134/1134/1134 1852/1852/1852
f 1881/1881/1881 1134/1134/1134 1040/1040/1040
f 1881/1881/1881 1009/1009/1009 1134/1134/1134
f 1134/1134/1134 1009/1009/1009 1025/1025/1025
f 826/826/826 1025/1025/1025 1009/1009/1009
f 1190/1190/1190 1025/1025/1025 826/826/826
f 825/825/825 1190/1190/1190 826/826/826
f 1191/1191/1191 1190/1190/1190 825/825/825
f 1040/1040/1040 1175/1175/1175 1881/1881/1881
f 1881/1881/1881 1175/1175/1175 1026/1026/1026
f 1026/1026/1026 1009/1009/1009 1881/1881/1881
f 823/823/823 1009/1009/1009 1026/1026/1026
f 823/823/823 826/826/826 1009/1009/1009
f 845/845/845 826/826/826 823/823/823
f 826/826/826 845/845/845 825/825/825
f 825/825/825 845/845/845 1010/1010/1010
f 1010/1010/1010 1882/1882/1882 825/825/825
f 825/825/825 1882/1882/1882 1191/1191/1191
f 1191/1191/1191 1882/1882/1882 1192/1192/1192
f 1175/1175/1175 1826/1826/1826 1026/1026/1026
f 1026/1026/1026 1826/1826/1826 1135/1135/1135
f 1026/1026/1026 1135/1135/1135 823/823/823
f 823/823/823 1135/1135/1135 1024/1024/1024
f 823/823/823 1024/1024/1024 845/845/845
f 845/845/845 1024/1024/1024 1139/1139/1139
f 845/845/845 1139/1139/1139 1010/1010/1010
f 1010/1010/1010 1139/1139/1139 1020/1020/1020
f 1010/1010/1010 1020/1020/1020 1029/1029/1029
f 1029/1029/1029 1882/1882/1882 1010/1010/1010
f 846/846/846 1882/1882/1882 1029/1029/1029
f 1883/1883/1883 1882/1882/1882 846/846/846
f 1882/1882/1882 1883/1883/1883 1192/1192/1192
f 1192/1192/1192 1883/1883/1883 1196/1196/1196
f 1883/1883/1883 1049/1049/1049 1196/1196/1196
f 1011/1011/1011 1049/1049/1049 1883/1883/1883
f 1011/1011/1011 1200/1200/1200 1049/1049/1049
f 1029/1029/1029 1020/1020/1020 1022/1022/1022
f 1198/1198/1198 1029/1029/1029 1022/1022/1022
f 846/846/846 1029/1029/1029 1198/1198/1198
f 1048/1048/1048 846/846/846 1198/1198/1198
f 827/827/827 846/846/846 1048/1048/1048
f 846/846/846 827/827/827 1883/1883/1883
f 1883/1883/1883 827/827/827 1011/1011/1011
f 827/827/827 1032/1032/1032 1011/1011/1011
f 1011/1011/1011 1032/1032/1032 851/851/851
f 851/851/851 1200/1200/1200 1011/1011/1011
f 851/851/851 1047/1047/1047 1200/1200/1200
f 848/848/848 1047/1047/1047 851/851/851
f 848/848/848 1214/1214/1214 1047/1047/1047
f 1199/1199/1199 827/827/827 1048/1048/1048
f 1032/1032/1032 827/827/827 1199/1199/1199
f 1046/1046/1046 1032/1032/1032 1199/1199/1199
f 847/847/847 1032/1032/1032 1046/1046/1046
f 1032/1032/1032 847/847/847 851/851/851
f 851/851/851 847/847/847 848/848/848
f 847/847/847 1012/1012/1012 848/848/848
f 848/848/848 1012/1012/1012 1035/1035/1035
f 1035/1035/1035 1214/1214/1214 848/848/848
f 1035/1035/1035 1866/1866/1866 1214/1214/1214
f 849/849/849 1866/1866/1866 1035/1035/1035
f 849/849/849 1868/1868/1868 1866/1866/1866
f 1046/1046/1046 1210/1210/1210 847/847/847
f 847/847/847 1210/1210/1210 1012/1012/1012
f 1210/1210/1210 1209/1209/1209 1012/1012/1012
f 1012/1012/1012 1209/1209/1209 850/850/850
f 1012/1012/1012 850/850/850 1035/1035/1035
f 1035/1035/1035 850/850/850 849/849/849
f 850/850/850 1014/1014/1014 849/849/849
f 849/849/849 1014/1014/1014 1013/1013/1013
f 1013/1013/1013 1868/1868/1868 849/849/849
f 1013/1013/1013 1853/1853/1853 1868/1868/1868
f 1038/1038/1038 1853/1853/1853 1013/1013/1013
f 1038/1038/1038 1041/1041/1041 1853/1853/1853
f 1853/1853/1853 1041/1041/1041 1859/1859/1859
f 1867/1867/1867 850/850/850 1209/1209/1209
f 1014/1014/1014 850/850/850 1867/1867/1867
f 1867/1867/1867 1859/1859/1859 1014/1014/1014
f 1014/1014/1014 1859/1859/1859 1041/1041/1041
f 1014/1014/1014 1041/1041/1041 1013/1013/1013
f 1013/1013/1013 1041/1041/1041 1038/1038/1038
f 1149/1149/1149 1043/1043/1043 1140/1140/1140
f 1140/1140/1140 1043/1043/1043 1037/1037/1037
f 1042/1042/1042 1037/1037/1037 1043/1043/1043
f 1036/1036/1036 1037/1037/1037 1042/1042/1042
f 1184/1184/1184 1036/1036/1036 1042/1042/1042
f 1221/1221/1221 1036/1036/1036 1184/1184/1184
f 1039/1039/1039 1221/1221/1221 1184/1184/1184
f 1183/1183/1183 1221/1221/1221 1039/1039/1039
f 1039/1039/1039 1218/1218/1218 1183/1183/1183
f 1183/1183/1183 1218/1218/1218 1217/1217/1217
f 1218/1218/1218 1174/1174/1174 1217/1217/1217
f 1178/1178/1178 1174/1174/1174 1218/1218/1218
f 1178/1178/1178 1168/1168/1168 1174/1174/1174
f 1169/1169/1169 1168/1168/1168 1178/1178/1178
f 1169/1169/1169 1033/1033/1033 1168/1168/1168
f 1167/1167/1167 1033/1033/1033 1169/1169/1169
f 1167/1167/1167 1162/1162/1162 1033/1033/1033
f 1034/1034/1034 1162/1162/1162 1167/1167/1167
f 1034/1034/1034 1030/1030/1030 1162/1162/1162
f 1159/1159/1159 1030/1030/1030 1034/1034/1034
f 1159/1159/1159 1150/1150/1150 1030/1030/1030
f 1031/1031/1031 1150/1150/1150 1159/1159/1159
f 1150/1150/1150 1031/1031/1031 1027/1027/1027
f 1027/1027/1027 1031/1031/1031 1028/1028/1028
f 1027/1027/1027 1028/1028/1028 1158/1158/1158
f 1158/1158/1158 1028/1028/1028 1153/1153/1153
f 817/817/817 1978/1978/1978 1045/1045/1045
f 1045/1045/1045 1978/1978/1978 1977/1977/1977
f 1977/1977/1977 1984/1984/1984 1045/1045/1045
f 1045/1045/1045 1984/1984/1984 1709/1709/1709
f 1709/1709/1709 1984/1984/1984 1796/1796/1796
f 1796/1796/1796 1984/1984/1984 1985/1985/1985
f 1796/1796/1796 1985/1985/1985 1799/1799/1799
f 1978/1978/1978 1987/1987/1987 1977/1977/1977
f 1987/1987/1987 1988/1988/1988 1977/1977/1977
f 1977/1977/1977 1988/1988/1988 1984/1984/1984
f 1986/1986/1986 1984/1984/1984 1988/1988/1988
f 1984/1984/1984 1986/1986/1986 1985/1985/1985
f 1985/1985/1985 1986/1986/1986 1983/1983/1983
f 1985/1985/1985 1983/1983/1983 1959/1959/1959
f 1799/1799/1799 1985/1985/1985 1959/1959/1959
f 1799/1799/1799 1959/1959/1959 1711/1711/1711
f 1711/1711/1711 1959/1959/1959 1961/1961/1961
f 1969/1969/1969 1987/1987/1987 1978/1978/1978
f 1987/1987/1987 1969/1969/1969 1981/1981/1981
f 1982/1982/1982 1987/1987/1987 1981/1981/1981
f 1988/1988/1988 1987/1987/1987 1982/1982/1982
f 1949/1949/1949 1988/1988/1988 1982/1982/1982
f 1986/1986/1986 1988/1988/1988 1949/1949/1949
f 1953/1953/1953 1986/1986/1986 1949/1949/1949
f 1983/1983/1983 1986/1986/1986 1953/1953/1953
f 1964/1964/1964 1983/1983/1983 1953/1953/1953
f 1966/1966/1966 1983/1983/1983 1964/1964/1964
f 1959/1959/1959 1983/1983/1983 1966/1966/1966
f 1959/1959/1959 1966/1966/1966 1961/1961/1961
f 1961/1961/1961 1966/1966/1966 1963/1963/1963
f 1981/1981/1981 1969/1969/1969 1971/1971/1971
f 1981/1981/1981 1971/1971/1971 1973/1973/1973
f 1981/1981/1981 1973/1973/1973 1974/1974/1974
f 1981/1981/1981 1974/1974/1974 1982/1982/1982
f 1974/1974/1974 1972/1972/1972 1982/1982/1982
f 1972/1972/1972 1949/1949/1949 1982/1982/1982
f 1958/1958/1958 1949/1949/1949 1972/1972/1972
f 1949/1949/1949 1958/1958/1958 1891/1891/1891
f 1949/1949/1949 1891/1891/1891 1957/1957/1957
f 1957/1957/1957 1953/1953/1953 1949/1949/1949
f 1979/1979/1979 1973/1973/1973 1971/1971/1971
f 1968/1968/1968 1973/1973/1973 1979/1979/1979
f 1974/1974/1974 1973/1973/1973 1968/1968/1968
f 1968/1968/1968 1972/1972/1972 1974/1974/1974
f 1968/1968/1968 1979/1979/1979 1972/1972/1972
f 1972/1972/1972 1979/1979/1979 1970/1970/1970
f 1970/1970/1970 1979/1979/1979 1971/1971/1971
f 1891/1891/1891 1644/1644/1644 1957/1957/1957
f 1957/1957/1957 1644/1644/1644 1940/1940/1940
f 1940/1940/1940 1950/1950/1950 1957/1957/1957
f 1957/1957/1957 1950/1950/1950 1956/1956/1956
f 1956/1956/1956 1953/1953/1953 1957/1957/1957
f 1948/1948/1948 1953/1953/1953 1956/1956/1956
f 1964/1964/1964 1953/1953/1953 1948/1948/1948
f 1950/1950/1950 1947/1947/1947 1956/1956/1956
f 1956/1956/1956 1947/1947/1947 1948/1948/1948
f 1955/1955/1955 1948/1948/1948 1947/1947/1947
f 1955/1955/1955 1964/1964/1964 1948/1948/1948
f 1954/1954/1954 1964/1964/1964 1955/1955/1955
f 1963/1963/1963 1964/1964/1964 1954/1954/1954
f 1966/1966/1966 1964/1964/1964 1963/1963/1963
f 1976/1976/1976 1975/1975/1975 1965/1965/1965
f 1967/1967/1967 1975/1975/1975 1976/1976/1976
f 1980/1980/1980 1975/1975/1975 1967/1967/1967
f 1980/1980/1980 1967/1967/1967 1962/1962/1962
f 1946/1946/1946 1980/1980/1980 1962/1962/1962
f 1944/1944/1944 1980/1980/1980 1946/1946/1946
f 1944/1944/1944 1946/1946/1946 1952/1952/1952
f 1938/1938/1938 1944/1944/1944 1952/1952/1952
f 1967/1967/1967 1976/1976/1976 1960/1960/1960
f 1962/1962/1962 1967/1967/1967 1960/1960/1960
f 1952/1952/1952 1946/1946/1946 1951/1951/1951
f 1952/1952/1952 1951/1951/1951 1917/1917/1917
f 1723/1723/1723 1952/1952/1952 1917/1917/1917
f 1938/1938/1938 1952/1952/1952 1723/1723/1723
f 1938/1938/1938 1723/1723/1723 1724/1724/1724
f 1724/1724/1724 1723/1723/1723 1727/1727/1727
f 1727/1727/1727 1723/1723/1723 1836/1836/1836
f 1836/1836/1836 1828/1828/1828 1727/1727/1727
f 1727/1727/1727 1828/1828/1828 1701/1701/1701
f 1917/1917/1917 1951/1951/1951 1919/1919/1919
f 1919/1919/1919 1916/1916/1916 1917/1917/1917
f 1917/1917/1917 1916/1916/1916 1918/1918/1918
f 1917/1917/1917 1918/1918/1918 1723/1723/1723
f 1723/1723/1723 1918/1918/1918 1685/1685/1685
f 1685/1685/1685 1851/1851/1851 1723/1723/1723
f 1723/1723/1723 1851/1851/1851 1836/1836/1836
f 1851/1851/1851 1827/1827/1827 1836/1836/1836
f 1836/1836/1836 1827/1827/1827 1828/1828/1828
f 1703/1703/1703 1828/1828/1828 1827/1827/1827
f 1776/1776/1776 1828/1828/1828 1703/1703/1703
f 1776/1776/1776 1701/1701/1701 1828/1828/1828
f 1772/1772/1772 1701/1701/1701 1776/1776/1776
f 1918/1918/1918 1916/1916/1916 1942/1942/1942
f 1918/1918/1918 1942/1942/1942 1685/1685/1685
f 1685/1685/1685 1942/1942/1942 1648/1648/1648
f 1648/1648/1648 1846/1846/1846 1685/1685/1685
f 1685/1685/1685 1846/1846/1846 1851/1851/1851
f 1846/1846/1846 1699/1699/1699 1851/1851/1851
f 1851/1851/1851 1699/1699/1699 1827/1827/1827
f 1827/1827/1827 1699/1699/1699 1703/1703/1703
f 1703/1703/1703 1699/1699/1699 1829/1829/1829
f 1703/1703/1703 1829/1829/1829 1627/1627/1627
f 1627/1627/1627 1776/1776/1776 1703/1703/1703
f 1942/1942/1942 1916/1916/1916 1941/1941/1941
f 1942/1942/1942 1941/1941/1941 1935/1935/1935
f 1648/1648/1648 1942/1942/1942 1935/1935/1935
f 1648/1648/1648 1935/1935/1935 1645/1645/1645
f 1939/1939/1939 1648/1648/1648 1645/1645/1645
f 1648/1648/1648 1939/1939/1939 1697/1697/1697
f 1697/1697/1697 1726/1726/1726 1648/1648/1648
f 1648/1648/1648 1726/1726/1726 1846/1846/1846
f 1829/1829/1829 1846/1846/1846 1726/1726/1726
f 1699/1699/1699 1846/1846/1846 1829/1829/1829
f 1935/1935/1935 1941/1941/1941 1936/1936/1936
f 1632/1632/1632 1935/1935/1935 1936/1936/1936
f 1645/1645/1645 1935/1935/1935 1632/1632/1632
f 1886/1886/1886 1645/1645/1645 1632/1632/1632
f 1939/1939/1939 1645/1645/1645 1886/1886/1886
f 1939/1939/1939 1886/1886/1886 1647/1647/1647
f 1697/1697/1697 1939/1939/1939 1647/1647/1647
f 1697/1697/1697 1647/1647/1647 1695/1695/1695
f 1697/1697/1697 1695/1695/1695 1726/1726/1726
f 1726/1726/1726 1695/1695/1695 1847/1847/1847
f 1726/1726/1726 1847/1847/1847 1829/1829/1829
f 1936/1936/1936 1643/1643/1643 1632/1632/1632
f 1632/1632/1632 1643/1643/1643 1886/1886/1886
f 1885/1885/1885 1886/1886/1886 1643/1643/1643
f 1886/1886/1886 1885/1885/1885 1633/1633/1633
f 1886/1886/1886 1633/1633/1633 1694/1694/1694
f 1634/1634/1634 1886/1886/1886 1694/1694/1694
f 1619/1619/1619 1886/1886/1886 1634/1634/1634
f 1647/1647/1647 1886/1886/1886 1619/1619/1619
f 1622/1622/1622 1647/1647/1647 1619/1619/1619
f 1621/1621/1621 1647/1647/1647 1622/1622/1622
f 1695/1695/1695 1647/1647/1647 1621/1621/1621
f 1885/1885/1885 1631/1631/1631 1633/1633/1633
f 1626/1626/1626 1633/1633/1633 1631/1631/1631
f 1624/1624/1624 1633/1633/1633 1626/1626/1626
f 1633/1633/1633 1624/1624/1624 1694/1694/1694
f 1693/1693/1693 1694/1694/1694 1624/1624/1624
f 1694/1694/1694 1693/1693/1693 1634/1634/1634
f 1634/1634/1634 1693/1693/1693 1887/1887/1887
f 1634/1634/1634 1887/1887/1887 1625/1625/1625
f 1625/1625/1625 1619/1619/1619 1634/1634/1634
f 1622/1622/1622 1619/1619/1619 1625/1625/1625
f 1622/1622/1622 1625/1625/1625 1718/1718/1718
f 1815/1815/1815 1622/1622/1622 1718/1718/1718
f 1621/1621/1621 1622/1622/1622 1815/1815/1815
f 1815/1815/1815 1695/1695/1695 1621/1621/1621
f 1624/1624/1624 1626/1626/1626 1722/1722/1722
f 1722/1722/1722 1620/1620/1620 1624/1624/1624
f 1624/1624/1624 1620/1620/1620 1693/1693/1693
f 1696/1696/1696 1693/1693/1693 1620/1620/1620
f 1887/1887/1887 1693/1693/1693 1696/1696/1696
f 1623/1623/1623 1887/1887/1887 1696/1696/1696
f 1646/1646/1646 1887/1887/1887 1623/1623/1623
f 1625/1625/1625 1887/1887/1887 1646/1646/1646
f 1722/1722/1722 1626/1626/1626 1698/1698/1698
f 1722/1722/1722 1698/1698/1698 1884/1884/1884
f 1015/1015/1015 1722/1722/1722 1884/1884/1884
f 1620/1620/1620 1722/1722/1722 1015/1015/1015
f 860/860/860 1620/1620/1620 1015/1015/1015
f 1696/1696/1696 1620/1620/1620 860/860/860
f 860/860/860 1623/1623/1623 1696/1696/1696
f 1884/1884/1884 1698/1698/1698 858/858/858
f 835/835/835 1884/1884/1884 858/858/858
f 1878/1878/1878 1884/1884/1884 835/835/835
f 818/818/818 1884/1884/1884 1878/1878/1878
f 1015/1015/1015 1884/1884/1884 818/818/818
f 1016/1016/1016 1015/1015/1015 818/818/818
f 860/860/860 1015/1015/1015 1016/1016/1016
f 1016/1016/1016 1044/1044/1044 860/860/860
f 860/860/860 1044/1044/1044 862/862/862
f 862/862/862 1623/1623/1623 860/860/860
f 862/862/862 1574/1574/1574 1623/1623/1623
f 1623/1623/1623 1574/1574/1574 1689/1689/1689
f 1689/1689/1689 1691/1691/1691 1623/1623/1623
f 1623/1623/1623 1691/1691/1691 1646/1646/1646
f 1646/1646/1646 1691/1691/1691 1625/1625/1625
f 1044/1044/1044 1574/1574/1574 862/862/862
f 1588/1588/1588 1574/1574/1574 1044/1044/1044
f 1588/1588/1588 1576/1576/1576 1574/1574/1574
f 1576/1576/1576 1692/1692/1692 1574/1574/1574
f 1574/1574/1574 1692/1692/1692 1689/1689/1689
f 1692/1692/1692 1638/1638/1638 1689/1689/1689
f 1689/1689/1689 1638/1638/1638 1691/1691/1691
f 1638/1638/1638 1812/1812/1812 1691/1691/1691
f 1625/1625/1625 1691/1691/1691 1812/1812/1812
f 1718/1718/1718 1625/1625/1625 1812/1812/1812
f 1812/1812/1812 1717/1717/1717 1718/1718/1718
f 1718/1718/1718 1717/1717/1717 1815/1815/1815
f 1579/1579/1579 1576/1576/1576 1588/1588/1588
f 1579/1579/1579 1584/1584/1584 1576/1576/1576
f 1584/1584/1584 1639/1639/1639 1576/1576/1576
f 1576/1576/1576 1639/1639/1639 1692/1692/1692
f 1714/1714/1714 1692/1692/1692 1639/1639/1639
f 1638/1638/1638 1692/1692/1692 1714/1714/1714
f 1642/1642/1642 1638/1638/1638 1714/1714/1714
f 1642/1642/1642 1812/1812/1812 1638/1638/1638
f 1642/1642/1642 1717/1717/1717 1812/1812/1812
f 1575/1575/1575 1584/1584/1584 1579/1579/1579
f 1550/1550/1550 1584/1584/1584 1575/1575/1575
f 1585/1585/1585 1584/1584/1584 1550/1550/1550
f 1585/1585/1585 1630/1630/1630 1584/1584/1584
f 1584/1584/1584 1630/1630/1630 1639/1639/1639
f 1715/1715/1715 1639/1639/1639 1630/1630/1630
f 1714/1714/1714 1639/1639/1639 1715/1715/1715
f 1714/1714/1714 1715/1715/1715 1713/1713/1713
f 1714/1714/1714 1713/1713/1713 1642/1642/1642
f 1713/1713/1713 1717/1717/1717 1642/1642/1642
f 1713/1713/1713 1715/1715/1715 1820/1820/1820
f 1820/1820/1820 1690/1690/1690 1713/1713/1713
f 1690/1690/1690 1717/1717/1717 1713/1713/1713
f 1717/1717/1717 1690/1690/1690 1716/1716/1716
f 1716/1716/1716 1821/1821/1821 1717/1717/1717
f 1821/1821/1821 1720/1720/1720 1717/1717/1717
f 1717/1717/1717 1720/1720/1720 1855/1855/1855
f 1815/1815/1815 1717/1717/1717 1855/1855/1855
f 1855/1855/1855 1641/1641/1641 1815/1815/1815
f 1641/1641/1641 1695/1695/1695 1815/1815/1815
f 1716/1716/1716 1781/1781/1781 1821/1821/1821
f 1784/1784/1784 1821/1821/1821 1781/1781/1781
f 1720/1720/1720 1821/1821/1821 1784/1784/1784
f 1784/1784/1784 1719/1719/1719 1720/1720/1720
f 1719/1719/1719 1855/1855/1855 1720/1720/1720
f 1719/1719/1719 1641/1641/1641 1855/1855/1855
f 1719/1719/1719 1635/1635/1635 1641/1641/1641
f 1641/1641/1641 1635/1635/1635 1695/1695/1695
f 1695/1695/1695 1635/1635/1635 1847/1847/1847
f 1635/1635/1635 1610/1610/1610 1847/1847/1847
f 1847/1847/1847 1610/1610/1610 1687/1687/1687
f 1829/1829/1829 1847/1847/1847 1687/1687/1687
f 1687/1687/1687 1627/1627/1627 1829/1829/1829
f 1719/1719/1719 1784/1784/1784 1782/1782/1782
f 1782/1782/1782 1640/1640/1640 1719/1719/1719
f 1640/1640/1640 1889/1889/1889 1719/1719/1719
f 1889/1889/1889 1635/1635/1635 1719/1719/1719
f 1889/1889/1889 1610/1610/1610 1635/1635/1635
f 1608/1608/1608 1610/1610/1610 1889/1889/1889
f 1610/1610/1610 1608/1608/1608 1602/1602/1602
f 1610/1610/1610 1602/1602/1602 1627/1627/1627
f 1627/1627/1627 1687/1687/1687 1610/1610/1610
f 1842/1842/1842 1640/1640/1640 1782/1782/1782
f 1842/1842/1842 1637/1637/1637 1640/1640/1640
f 1637/1637/1637 1888/1888/1888 1640/1640/1640
f 1888/1888/1888 1889/1889/1889 1640/1640/1640
f 1888/1888/1888 1608/1608/1608 1889/1889/1889
f 1611/1611/1611 1608/1608/1608 1888/1888/1888
f 1602/1602/1602 1608/1608/1608 1611/1611/1611
f 1609/1609/1609 1602/1602/1602 1611/1611/1611
f 1603/1603/1603 1602/1602/1602 1609/1609/1609
f 1603/1603/1603 1627/1627/1627 1602/1602/1602
f 1704/1704/1704 1627/1627/1627 1603/1603/1603
f 1704/1704/1704 1776/1776/1776 1627/1627/1627
f 1811/1811/1811 1888/1888/1888 1637/1637/1637
f 1811/1811/1811 1611/1611/1611 1888/1888/1888
f 1609/1609/1609 1611/1611/1611 1811/1811/1811
f 1776/1776/1776 1704/1704/1704 1772/1772/1772
f 1705/1705/1705 1772/1772/1772 1704/1704/1704
f 1598/1598/1598 1705/1705/1705 1704/1704/1704
f 1704/1704/1704 1603/1603/1603 1598/1598/1598
f 1989/1989/1989 1990/1990/1990 2338/2338/2338
f 2338/2338/2338 1990/1990/1990 2332/2332/2332
f 2343/2343/2343 2338/2338/2338 2332/2332/2332
f 2331/2331/2331 2338/2338/2338 2343/2343/2343
f 2105/2105/2105 2331/2331/2331 2343/2343/2343
f 2340/2340/2340 2331/2331/2331 2105/2105/2105
f 2324/2324/2324 2320/2320/2320 2301/2301/2301
f 2301/2301/2301 2320/2320/2320 2310/2310/2310
f 2301/2301/2301 2310/2310/2310 2330/2330/2330
f 2330/2330/2330 2310/2310/2310 2308/2308/2308
f 2308/2308/2308 2306/2306/2306 2330/2330/2330
f 2330/2330/2330 2306/2306/2306 2106/2106/2106
f 2106/2106/2106 2306/2306/2306 2325/2325/2325
f 2320/2320/2320 2323/2323/2323 2310/2310/2310
f 2310/2310/2310 2323/2323/2323 2308/2308/2308
f 2308/2308/2308 2323/2323/2323 2309/2309/2309
f 2308/2308/2308 2309/2309/2309 2306/2306/2306
f 2306/2306/2306 2309/2309/2309 2307/2307/2307
f 2325/2325/2325 2306/2306/2306 2307/2307/2307
f 2307/2307/2307 2309/2309/2309 2325/2325/2325
f 2325/2325/2325 2309/2309/2309 2339/2339/2339
f 2309/2309/2309 2323/2323/2323 2339/2339/2339
f 2339/2339/2339 2323/2323/2323 2303/2303/2303
f 2323/2323/2323 2359/2359/2359 2303/2303/2303
f 2303/2303/2303 2359/2359/2359 2302/2302/2302
f 2359/2359/2359 2323/2323/2323 2320/2320/2320
f 2370/2370/2370 2311/2311/2311 2369/2369/2369
f 2371/2371/2371 2311/2311/2311 2370/2370/2370
f 2311/2311/2311 2371/2371/2371 2360/2360/2360
f 2360/2360/2360 2371/2371/2371 2322/2322/2322
f 2360/2360/2360 2322/2322/2322 2319/2319/2319
f 2319/2319/2319 2322/2322/2322 2321/2321/2321
f 2315/2315/2315 2363/2363/2363 2125/2125/2125
f 2125/2125/2125 2363/2363/2363 2137/2137/2137
f 2138/2138/2138 2125/2125/2125 2137/2137/2137
f 2127/2127/2127 2125/2125/2125 2138/2138/2138
f 2318/2318/2318 2127/2127/2127 2138/2138/2138
f 2361/2361/2361 2127/2127/2127 2318/2318/2318
f 2363/2363/2363 2362/2362/2362 2137/2137/2137
f 2137/2137/2137 2362/2362/2362 2129/2129/2129
f 2129/2129/2129 2138/2138/2138 2137/2137/2137
f 2139/2139/2139 2138/2138/2138 2129/2129/2129
f 2316/2316/2316 2138/2138/2138 2139/2139/2139
f 2318/2318/2318 2138/2138/2138 2316/2316/2316
f 2362/2362/2362 2126/2126/2126 2129/2129/2129
f 2126/2126/2126 2139/2139/2139 2129/2129/2129
f 2130/2130/2130 2139/2139/2139 2126/2126/2126
f 2314/2314/2314 2139/2139/2139 2130/2130/2130
f 2316/2316/2316 2139/2139/2139 2314/2314/2314
f 2317/2317/2317 2126/2126/2126 2362/2362/2362
f 2317/2317/2317 2314/2314/2314 2126/2126/2126
f 2126/2126/2126 2314/2314/2314 2130/2130/2130
f 2075/2075/2075 2128/2128/2128 2124/2124/2124
f 2075/2075/2075 2124/2124/2124 2074/2074/2074
f 2074/2074/2074 2124/2124/2124 2069/2069/2069
f 2074/2074/2074 2069/2069/2069 2084/2084/2084
f 2084/2084/2084 2069/2069/2069 2059/2059/2059
f 2059/2059/2059 2077/2077/2077 2084/2084/2084
f 2084/2084/2084 2077/2077/2077 2053/2053/2053
f 2077/2077/2077 2068/2068/2068 2053/2053/2053
f 2053/2053/2053 2068/2068/2068 2070/2070/2070
f 2068/2068/2068 2066/2066/2066 2070/2070/2070
f 2300/2300/2300 2112/2112/2112 2087/2087/2087
f 2113/2113/2113 2112/2112/2112 2300/2300/2300
f 2113/2113/2113 2145/2145/2145 2112/2112/2112
f 2262/2262/2262 2145/2145/2145 2113/2113/2113
f 2262/2262/2262 2024/2024/2024 2145/2145/2145
f 2279/2279/2279 2024/2024/2024 2262/2262/2262
f 2279/2279/2279 2263/2263/2263 2024/2024/2024
f 2024/2024/2024 2263/2263/2263 2027/2027/2027
f 2300/2300/2300 2352/2352/2352 2113/2113/2113
f 2429/2429/2429 2113/2113/2113 2352/2352/2352
f 2262/2262/2262 2113/2113/2113 2429/2429/2429
f 2429/2429/2429 2279/2279/2279 2262/2262/2262
f 2431/2431/2431 2279/2279/2279 2429/2429/2429
f 2431/2431/2431 2263/2263/2263 2279/2279/2279
f 2430/2430/2430 2263/2263/2263 2431/2431/2431
f 2430/2430/2430 2435/2435/2435 2263/2263/2263
f 2263/2263/2263 2435/2435/2435 2264/2264/2264
f 2263/2263/2263 2264/2264/2264 2027/2027/2027
f 2027/2027/2027 2264/2264/2264 2016/2016/2016
f 2348/2348/2348 2352/2352/2352 2300/2300/2300
f 2352/2352/2352 2348/2348/2348 2346/2346/2346
f 2341/2341/2341 2352/2352/2352 2346/2346/2346
f 2429/2429/2429 2352/2352/2352 2341/2341/2341
f 2341/2341/2341 2428/2428/2428 2429/2429/2429
f 2429/2429/2429 2428/2428/2428 2431/2431/2431
f 2433/2433/2433 2431/2431/2431 2428/2428/2428
f 2430/2430/2430 2431/2431/2431 2433/2433/2433
f 2433/2433/2433 2435/2435/2435 2430/2430/2430
f 2432/2432/2432 2435/2435/2435 2433/2433/2433
f 2435/2435/2435 2432/2432/2432 2434/2434/2434
f 2435/2435/2435 2434/2434/2434 2264/2264/2264
f 2346/2346/2346 2348/2348/2348 2345/2345/2345
f 2346/2346/2346 2345/2345/2345 2248/2248/2248
f 2248/2248/2248 2091/2091/2091 2346/2346/2346
f 2346/2346/2346 2091/2091/2091 2341/2341/2341
f 2333/2333/2333 2341/2341/2341 2091/2091/2091
f 2344/2344/2344 2341/2341/2341 2333/2333/2333
f 2344/2344/2344 2428/2428/2428 2341/2341/2341
f 2344/2344/2344 2433/2433/2433 2428/2428/2428
f 2329/2329/2329 2433/2433/2433 2344/2344/2344
f 2433/2433/2433 2329/2329/2329 2432/2432/2432
f 2248/2248/2248 2345/2345/2345 2258/2258/2258
f 2258/2258/2258 2260/2260/2260 2248/2248/2248
f 2248/2248/2248 2260/2260/2260 2256/2256/2256
f 2248/2248/2248 2256/2256/2256 2208/2208/2208
f 2208/2208/2208 2253/2253/2253 2248/2248/2248
f 2248/2248/2248 2253/2253/2253 2091/2091/2091
f 2260/2260/2260 2258/2258/2258 2118/2118/2118
f 1993/1993/1993 2260/2260/2260 2118/2118/2118
f 2256/2256/2256 2260/2260/2260 1993/1993/1993
f 2208/2208/2208 2256/2256/2256 1993/1993/1993
f 2118/2118/2118 2258/2258/2258 1994/1994/1994
f 2207/2207/2207 2253/2253/2253 2208/2208/2208
f 2207/2207/2207 2254/2254/2254 2253/2253/2253
f 2091/2091/2091 2253/2253/2253 2254/2254/2254
f 2206/2206/2206 2091/2091/2091 2254/2254/2254
f 2205/2205/2205 2091/2091/2091 2206/2206/2206
f 2205/2205/2205 2102/2102/2102 2091/2091/2091
f 2100/2100/2100 2091/2091/2091 2102/2102/2102
f 2333/2333/2333 2091/2091/2091 2100/2100/2100
f 2206/2206/2206 2254/2254/2254 2207/2207/2207
f 2201/2201/2201 2102/2102/2102 2205/2205/2205
f 2201/2201/2201 2100/2100/2100 2102/2102/2102
f 2199/2199/2199 2100/2100/2100 2201/2201/2201
f 2100/2100/2100 2199/2199/2199 2333/2333/2333
f 2333/2333/2333 2199/2199/2199 2198/2198/2198
f 2219/2219/2219 2333/2333/2333 2198/2198/2198
f 2342/2342/2342 2333/2333/2333 2219/2219/2219
f 2347/2347/2347 2333/2333/2333 2342/2342/2342
f 2104/2104/2104 2333/2333/2333 2347/2347/2347
f 2104/2104/2104 2344/2344/2344 2333/2333/2333
f 2329/2329/2329 2344/2344/2344 2104/2104/2104
f 2329/2329/2329 2104/2104/2104 2327/2327/2327
f 2432/2432/2432 2329/2329/2329 2327/2327/2327
f 2239/2239/2239 2342/2342/2342 2219/2219/2219
f 2347/2347/2347 2342/2342/2342 2239/2239/2239
f 2220/2220/2220 2347/2347/2347 2239/2239/2239
f 2104/2104/2104 2347/2347/2347 2220/2220/2220
f 2164/2164/2164 2104/2104/2104 2220/2220/2220
f 2082/2082/2082 2104/2104/2104 2164/2164/2164
f 2104/2104/2104 2082/2082/2082 2090/2090/2090
f 2327/2327/2327 2104/2104/2104 2090/2090/2090
f 2327/2327/2327 2090/2090/2090 2351/2351/2351
f 2381/2381/2381 2327/2327/2327 2351/2351/2351
f 2432/2432/2432 2327/2327/2327 2381/2381/2381
f 2434/2434/2434 2432/2432/2432 2381/2381/2381
f 2082/2082/2082 2164/2164/2164 2089/2089/2089
f 2090/2090/2090 2082/2082/2082 2089/2089/2089
f 2090/2090/2090 2089/2089/2089 2168/2168/2168
f 2090/2090/2090 2168/2168/2168 2101/2101/2101
f 2090/2090/2090 2101/2101/2101 2098/2098/2098
f 2351/2351/2351 2090/2090/2090 2098/2098/2098
f 2351/2351/2351 2098/2098/2098 2336/2336/2336
f 2379/2379/2379 2351/2351/2351 2336/2336/2336
f 2381/2381/2381 2351/2351/2351 2379/2379/2379
f 2089/2089/2089 2164/2164/2164 2224/2224/2224
f 2168/2168/2168 2089/2089/2089 2224/2224/2224
f 2101/2101/2101 2168/2168/2168 2229/2229/2229
f 2101/2101/2101 2229/2229/2229 2114/2114/2114
f 2098/2098/2098 2101/2101/2101 2114/2114/2114
f 2098/2098/2098 2114/2114/2114 2174/2174/2174
f 2177/2177/2177 2098/2098/2098 2174/2174/2174
f 2088/2088/2088 2098/2098/2098 2177/2177/2177
f 2098/2098/2098 2088/2088/2088 2080/2080/2080
f 2336/2336/2336 2098/2098/2098 2080/2080/2080
f 2114/2114/2114 2229/2229/2229 2172/2172/2172
f 2174/2174/2174 2114/2114/2114 2172/2172/2172
f 3322/3322/3322 3363/3363/3363 2018/2018/2018
f 3318/3318/3318 3363/3363/3363 3322/3322/3322
f 3361/3361/3361 3363/3363/3363 3318/3318/3318
f 3319/3319/3319 3363/3363/3363 3361/3361/3361
f 3361/3361/3361 3180/3180/3180 3319/3319/3319
f 3319/3319/3319 3180/3180/3180 3178/3178/3178
f 3180/3180/3180 3095/3095/3095 3178/3178/3178
f 3178/3178/3178 3095/3095/3095 3084/3084/3084
f 3322/3322/3322 3316/3316/3316 3318/3318/3318
f 3318/3318/3318 3316/3316/3316 3540/3540/3540
f 3494/3494/3494 3318/3318/3318 3540/3540/3540
f 3361/3361/3361 3318/3318/3318 3494/3494/3494
f 3186/3186/3186 3361/3361/3361 3494/3494/3494
f 3180/3180/3180 3361/3361/3361 3186/3186/3186
f 3147/3147/3147 3180/3180/3180 3186/3186/3186
f 3147/3147/3147 3095/3095/3095 3180/3180/3180
f 2031/2031/2031 3540/3540/3540 3316/3316/3316
f 3417/3417/3417 3540/3540/3540 2031/2031/2031
f 3540/3540/3540 3417/3417/3417 3494/3494/3494
f 3494/3494/3494 3417/3417/3417 3493/3493/3493
f 3451/3451/3451 3494/3494/3494 3493/3493/3493
f 3451/3451/3451 3186/3186/3186 3494/3494/3494
f 3193/3193/3193 3186/3186/3186 3451/3451/3451
f 3186/3186/3186 3193/3193/3193 3190/3190/3190
f 3186/3186/3186 3190/3190/3190 3147/3147/3147
f 3417/3417/3417 2031/2031/2031 3379/3379/3379
f 3417/3417/3417 3379/3379/3379 3493/3493/3493
f 3493/3493/3493 3379/3379/3379 3550/3550/3550
f 3547/3547/3547 3493/3493/3493 3550/3550/3550
f 3451/3451/3451 3493/3493/3493 3547/3547/3547
f 3547/3547/3547 3193/3193/3193 3451/3451/3451
f 3179/3179/3179 3193/3193/3193 3547/3547/3547
f 3195/3195/3195 3193/3193/3193 3179/3179/3179
f 3190/3190/3190 3193/3193/3193 3195/3195/3195
f 3379/3379/3379 2031/2031/2031 2029/2029/2029
f 3379/3379/3379 2029/2029/2029 3375/3375/3375
f 3558/3558/3558 3379/3379/3379 3375/3375/3375
f 3550/3550/3550 3379/3379/3379 3558/3558/3558
f 3558/3558/3558 3547/3547/3547 3550/3550/3550
f 3554/3554/3554 3547/3547/3547 3558/3558/3558
f 3554/3554/3554 3179/3179/3179 3547/3547/3547
f 3181/3181/3181 3179/3179/3179 3554/3554/3554
f 3181/3181/3181 3195/3195/3195 3179/3179/3179
f 3375/3375/3375 2029/2029/2029 2022/2022/2022
f 3375/3375/3375 2022/2022/2022 3376/3376/3376
f 3502/3502/3502 3375/3375/3375 3376/3376/3376
f 3558/3558/3558 3375/3375/3375 3502/3502/3502
f 3502/3502/3502 3554/3554/3554 3558/3558/3558
f 3453/3453/3453 3554/3554/3554 3502/3502/3502
f 3453/3453/3453 3181/3181/3181 3554/3554/3554
f 3173/3173/3173 3181/3181/3181 3453/3453/3453
f 3173/3173/3173 3196/3196/3196 3181/3181/3181
f 3196/3196/3196 3195/3195/3195 3181/3181/3181
f 3376/3376/3376 2022/2022/2022 2012/2012/2012
f 3376/3376/3376 2012/2012/2012 3366/3366/3366
f 3553/3553/3553 3376/3376/3376 3366/3366/3366
f 3502/3502/3502 3376/3376/3376 3553/3553/3553
f 3553/3553/3553 3453/3453/3453 3502/3502/3502
f 3546/3546/3546 3453/3453/3453 3553/3553/3553
f 3546/3546/3546 3173/3173/3173 3453/3453/3453
f 3192/3192/3192 3173/3173/3173 3546/3546/3546
f 3192/3192/3192 3200/3200/3200 3173/3173/3173
f 3200/3200/3200 3196/3196/3196 3173/3173/3173
f 3366/3366/3366 2012/2012/2012 2013/2013/2013
f 2011/2011/2011 3366/3366/3366 2013/2013/2013
f 3368/3368/3368 3366/3366/3366 2011/2011/2011
f 3366/3366/3366 3368/3368/3368 3553/3553/3553
f 3553/3553/3553 3368/3368/3368 3537/3537/3537
f 3546/3546/3546 3553/3553/3553 3537/3537/3537
f 3537/3537/3537 3192/3192/3192 3546/3546/3546
f 3144/3144/3144 3192/3192/3192 3537/3537/3537
f 3144/3144/3144 3094/3094/3094 3192/3192/3192
f 3094/3094/3094 3200/3200/3200 3192/3192/3192
f 3371/3371/3371 3368/3368/3368 2011/2011/2011
f 3367/3367/3367 3368/3368/3368 3371/3371/3371
f 3368/3368/3368 3367/3367/3367 3537/3537/3537
f 3537/3537/3537 3367/3367/3367 3365/3365/3365
f 3365/3365/3365 3144/3144/3144 3537/3537/3537
f 3143/3143/3143 3144/3144/3144 3365/3365/3365
f 3143/3143/3143 2968/2968/2968 3144/3144/3144
f 2968/2968/2968 3094/3094/3094 3144/3144/3144
f 3370/3370/3370 3367/3367/3367 3371/3371/3371
f 3369/3369/3369 3367/3367/3367 3370/3370/3370
f 3367/3367/3367 3369/3369/3369 3365/3365/3365
f 3365/3365/3365 3369/3369/3369 3157/3157/3157
f 3157/3157/3157 3143/3143/3143 3365/3365/3365
f 3165/3165/3165 3143/3143/3143 3157/3157/3157
f 3165/3165/3165 3098/3098/3098 3143/3143/3143
f 3143/3143/3143 3098/3098/3098 3096/3096/3096
f 3096/3096/3096 2968/2968/2968 3143/3143/3143
f 3096/3096/3096 3097/3097/3097 2968/2968/2968
f 3097/3097/3097 2936/2936/2936 2968/2968/2968
f 2936/2936/2936 3091/3091/3091 2968/2968/2968
f 3091/3091/3091 3093/3093/3093 2968/2968/2968
f 2968/2968/2968 3093/3093/3093 3094/3094/3094
f 3098/3098/3098 3103/3103/3103 3096/3096/3096
f 3096/3096/3096 3103/3103/3103 3102/3102/3102
f 3102/3102/3102 2977/2977/2977 3096/3096/3096
f 3096/3096/3096 2977/2977/2977 3108/3108/3108
f 3108/3108/3108 2938/2938/2938 3096/3096/3096
f 3096/3096/3096 2938/2938/2938 3092/3092/3092
f 3092/3092/3092 3097/3097/3097 3096/3096/3096
f 3098/3098/3098 2934/2934/2934 3103/3103/3103
f 2934/2934/2934 2977/2977/2977 3103/3103/3103
f 3103/3103/3103 2977/2977/2977 3102/3102/3102
f 2937/2937/2937 2934/2934/2934 3098/3098/3098
f 2938/2938/2938 2931/2931/2931 3092/3092/3092
f 3092/3092/3092 2931/2931/2931 3097/3097/3097
f 2931/2931/2931 2936/2936/2936 3097/3097/3097
f 3105/3105/3105 3091/3091/3091 2936/2936/2936
f 3105/3105/3105 2924/2924/2924 3091/3091/3091
f 3091/3091/3091 2924/2924/2924 3093/3093/3093
f 3093/3093/3093 2924/2924/2924 3094/3094/3094
f 3094/3094/3094 2924/2924/2924 2932/2932/2932
f 2932/2932/2932 3194/3194/3194 3094/3094/3094
f 3094/3094/3094 3194/3194/3194 3198/3198/3198
f 3198/3198/3198 2967/2967/2967 3094/3094/3094
f 3094/3094/3094 2967/2967/2967 3200/3200/3200
f 3194/3194/3194 2920/2920/2920 3198/3198/3198
f 3198/3198/3198 2920/2920/2920 2967/2967/2967
f 2967/2967/2967 2920/2920/2920 3200/3200/3200
f 3200/3200/3200 2920/2920/2920 2974/2974/2974
f 3200/3200/3200 2974/2974/2974 2969/2969/2969
f 2969/2969/2969 2970/2970/2970 3200/3200/3200
f 3200/3200/3200 2970/2970/2970 3196/3196/3196
f 2970/2970/2970 2916/2916/2916 3196/3196/3196
f 3196/3196/3196 2916/2916/2916 3197/3197/3197
f 3197/3197/3197 2956/2956/2956 3196/3196/3196
f 3196/3196/3196 2956/2956/2956 3195/3195/3195
f 2969/2969/2969 2974/2974/2974 2933/2933/2933
f 2933/2933/2933 2966/2966/2966 2969/2969/2969
f 2969/2969/2969 2966/2966/2966 2970/2970/2970
f 2966/2966/2966 2916/2916/2916 2970/2970/2970
f 3197/3197/3197 2916/2916/2916 3169/3169/3169
f 3169/3169/3169 3126/3126/3126 3197/3197/3197
f 3197/3197/3197 3126/3126/3126 2956/2956/2956
f 2956/2956/2956 3126/3126/3126 3195/3195/3195
f 3195/3195/3195 3126/3126/3126 3138/3138/3138
f 3138/3138/3138 3202/3202/3202 3195/3195/3195
f 3195/3195/3195 3202/3202/3202 3190/3190/3190
f 3136/3136/3136 3202/3202/3202 3138/3138/3138
f 3136/3136/3136 3199/3199/3199 3202/3202/3202
f 3190/3190/3190 3202/3202/3202 3199/3199/3199
f 3121/3121/3121 3190/3190/3190 3199/3199/3199
f 3114/3114/3114 3190/3190/3190 3121/3121/3121
f 3114/3114/3114 3109/3109/3109 3190/3190/3190
f 3190/3190/3190 3109/3109/3109 3203/3203/3203
f 3190/3190/3190 3203/3203/3203 3147/3147/3147
f 3121/3121/3121 3199/3199/3199 3136/3136/3136
f 3112/3112/3112 3203/3203/3203 3109/3109/3109
f 3201/3201/3201 3203/3203/3203 3112/3112/3112
f 3147/3147/3147 3203/3203/3203 3201/3201/3201
f 3201/3201/3201 3152/3152/3152 3147/3147/3147
f 3152/3152/3152 3111/3111/3111 3147/3147/3147
f 3147/3147/3147 3111/3111/3111 3086/3086/3086
f 3086/3086/3086 3078/3078/3078 3147/3147/3147
f 3147/3147/3147 3078/3078/3078 3095/3095/3095
f 3112/3112/3112 3152/3152/3152 3201/3201/3201
f 3111/3111/3111 3159/3159/3159 3086/3086/3086
f 3086/3086/3086 3159/3159/3159 3078/3078/3078
f 3159/3159/3159 3149/3149/3149 3078/3078/3078
f 3078/3078/3078 3149/3149/3149 3095/3095/3095
f 3149/3149/3149 3081/3081/3081 3095/3095/3095
f 3081/3081/3081 3082/3082/3082 3095/3095/3095
f 3095/3095/3095 3082/3082/3082 3084/3084/3084
f 3124/3124/3124 3084/3084/3084 3082/3082/3082
f 3154/3154/3154 3084/3084/3084 3124/3124/3124
f 3125/3125/3125 3081/3081/3081 3149/3149/3149
f 3125/3125/3125 3082/3082/3082 3081/3081/3081
f 3124/3124/3124 3082/3082/3082 3125/3125/3125
f 2007/2007/2007 2035/2035/2035 2051/2051/2051
f 2035/2035/2035 2021/2021/2021 2051/2051/2051
f 2051/2051/2051 2021/2021/2021 2119/2119/2119
f 2014/2014/2014 2119/2119/2119 2021/2021/2021
f 2014/2014/2014 2196/2196/2196 2119/2119/2119
f 2119/2119/2119 2196/2196/2196 2193/2193/2193
f 2195/2195/2195 2193/2193/2193 2196/2196/2196
f 2193/2193/2193 2195/2195/2195 2191/2191/2191
f 2191/2191/2191 2195/2195/2195 2189/2189/2189
f 2189/2189/2189 2188/2188/2188 2191/2191/2191
f 2188/2188/2188 2236/2236/2236 2191/2191/2191
f 2191/2191/2191 2236/2236/2236 2180/2180/2180
f 2181/2181/2181 2180/2180/2180 2236/2236/2236
f 2234/2234/2234 2180/2180/2180 2181/2181/2181
f 2234/2234/2234 2230/2230/2230 2180/2180/2180
f 2180/2180/2180 2230/2230/2230 2233/2233/2233
f 2235/2235/2235 2233/2233/2233 2230/2230/2230
f 2175/2175/2175 2233/2233/2233 2235/2235/2235
f 2175/2175/2175 2231/2231/2231 2233/2233/2233
f 2226/2226/2226 2231/2231/2231 2175/2175/2175
f 2173/2173/2173 2231/2231/2231 2226/2226/2226
f 2228/2228/2228 2231/2231/2231 2173/2173/2173
f 2228/2228/2228 2222/2222/2222 2231/2231/2231
f 2231/2231/2231 2222/2222/2222 2166/2166/2166
f 2167/2167/2167 2166/2166/2166 2222/2222/2222
f 2167/2167/2167 2223/2223/2223 2166/2166/2166
f 2223/2223/2223 2216/2216/2216 2166/2166/2166
f 2166/2166/2166 2216/2216/2216 2213/2213/2213
f 2212/2212/2212 2213/2213/2213 2216/2216/2216
f 2200/2200/2200 2213/2213/2213 2212/2212/2212
f 2209/2209/2209 2213/2213/2213 2200/2200/2200
f 2200/2200/2200 2204/2204/2204 2209/2209/2209
f 2209/2209/2209 2204/2204/2204 2134/2134/2134
f 2134/2134/2134 1999/1999/1999 2209/2209/2209
f 1999/1999/1999 2116/2116/2116 2209/2209/2209
f 2209/2209/2209 2116/2116/2116 2117/2117/2117
f 2200/2200/2200 2212/2212/2212 2203/2203/2203
f 2204/2204/2204 2200/2200/2200 2203/2203/2203
f 2203/2203/2203 2212/2212/2212 2202/2202/2202
f 2117/2117/2117 2116/2116/2116 1992/1992/1992
f 1992/1992/1992 2116/2116/2116 1996/1996/1996
f 1996/1996/1996 1995/1995/1995 1992/1992/1992
f 1995/1995/1995 2004/2004/2004 1992/1992/1992
f 1992/1992/1992 2004/2004/2004 2005/2005/2005
f 2008/2008/2008 2015/2015/2015 2019/2019/2019
f 2015/2015/2015 2197/2197/2197 2019/2019/2019
f 2020/2020/2020 2197/2197/2197 2015/2015/2015
f 2197/2197/2197 2020/2020/2020 2194/2194/2194
f 2194/2194/2194 2185/2185/2185 2197/2197/2197
f 2184/2184/2184 2185/2185/2185 2194/2194/2194
f 2211/2211/2211 2185/2185/2185 2184/2184/2184
f 2211/2211/2211 2176/2176/2176 2185/2185/2185
f 2232/2232/2232 2176/2176/2176 2211/2211/2211
f 2232/2232/2232 2171/2171/2171 2176/2176/2176
f 2170/2170/2170 2171/2171/2171 2232/2232/2232
f 2170/2170/2170 2169/2169/2169 2171/2171/2171
f 2221/2221/2221 2169/2169/2169 2170/2170/2170
f 2227/2227/2227 2169/2169/2169 2221/2221/2221
f 2225/2225/2225 2169/2169/2169 2227/2227/2227
f 1997/1997/1997 2225/2225/2225 2227/2227/2227
f 2131/2131/2131 2225/2225/2225 1997/1997/1997
f 1997/1997/1997 1991/1991/1991 2131/2131/2131
f 2003/2003/2003 2131/2131/2131 1991/1991/1991
f 2002/2002/2002 2131/2131/2131 2003/2003/2003
f 2017/2017/2017 2257/2257/2257 1998/1998/1998
f 1998/1998/1998 2257/2257/2257 2255/2255/2255
f 1998/1998/1998 2255/2255/2255 2034/2034/2034
f 2034/2034/2034 2255/2255/2255 2244/2244/2244
f 2244/2244/2244 2250/2250/2250 2034/2034/2034
f 2034/2034/2034 2250/2250/2250 2192/2192/2192
f 2192/2192/2192 2250/2250/2250 2190/2190/2190
f 2257/2257/2257 2250/2250/2250 2255/2255/2255
f 2255/2255/2255 2250/2250/2250 2244/2244/2244
f 2257/2257/2257 2335/2335/2335 2250/2250/2250
f 2335/2335/2335 2366/2366/2366 2250/2250/2250
f 2366/2366/2366 2249/2249/2249 2250/2250/2250
f 2250/2250/2250 2249/2249/2249 2251/2251/2251
f 2190/2190/2190 2250/2250/2250 2251/2251/2251
f 2251/2251/2251 2186/2186/2186 2190/2190/2190
f 2249/2249/2249 2186/2186/2186 2251/2251/2251
f 2249/2249/2249 2187/2187/2187 2186/2186/2186
f 2334/2334/2334 2335/2335/2335 2257/2257/2257
f 2334/2334/2334 2103/2103/2103 2335/2335/2335
f 2335/2335/2335 2103/2103/2103 2374/2374/2374
f 2335/2335/2335 2374/2374/2374 2337/2337/2337
f 2337/2337/2337 2366/2366/2366 2335/2335/2335
f 2337/2337/2337 2080/2080/2080 2366/2366/2366
f 2080/2080/2080 2364/2364/2364 2366/2366/2366
f 2366/2366/2366 2364/2364/2364 2252/2252/2252
f 2366/2366/2366 2252/2252/2252 2187/2187/2187
f 2366/2366/2366 2187/2187/2187 2249/2249/2249
f 2151/2151/2151 2374/2374/2374 2103/2103/2103
f 2349/2349/2349 2374/2374/2374 2151/2151/2151
f 2374/2374/2374 2349/2349/2349 2375/2375/2375
f 2337/2337/2337 2374/2374/2374 2375/2375/2375
f 2337/2337/2337 2375/2375/2375 2336/2336/2336
f 2336/2336/2336 2080/2080/2080 2337/2337/2337
f 2278/2278/2278 2349/2349/2349 2151/2151/2151
f 2350/2350/2350 2349/2349/2349 2278/2278/2278
f 2349/2349/2349 2350/2350/2350 2378/2378/2378
f 2375/2375/2375 2349/2349/2349 2378/2378/2378
f 2375/2375/2375 2378/2378/2378 2380/2380/2380
f 2380/2380/2380 2379/2379/2379 2375/2375/2375
f 2336/2336/2336 2375/2375/2375 2379/2379/2379
f 2378/2378/2378 2350/2350/2350 2079/2079/2079
f 2378/2378/2378 2079/2079/2079 2265/2265/2265
f 2380/2380/2380 2378/2378/2378 2265/2265/2265
f 2266/2266/2266 2380/2380/2380 2265/2265/2265
f 2434/2434/2434 2380/2380/2380 2266/2266/2266
f 2381/2381/2381 2380/2380/2380 2434/2434/2434
f 2379/2379/2379 2380/2380/2380 2381/2381/2381
f 2265/2265/2265 2079/2079/2079 2044/2044/2044
f 2028/2028/2028 2265/2265/2265 2044/2044/2044
f 2266/2266/2266 2265/2265/2265 2028/2028/2028
f 2016/2016/2016 2266/2266/2266 2028/2028/2028
f 2264/2264/2264 2266/2266/2266 2016/2016/2016
f 2264/2264/2264 2434/2434/2434 2266/2266/2266
f 2187/2187/2187 2252/2252/2252 2210/2210/2210
f 2252/2252/2252 2237/2237/2237 2210/2210/2210
f 2364/2364/2364 2237/2237/2237 2252/2252/2252
f 2364/2364/2364 2080/2080/2080 2237/2237/2237
f 2237/2237/2237 2080/2080/2080 2179/2179/2179
f 2080/2080/2080 2178/2178/2178 2179/2179/2179
f 2099/2099/2099 2178/2178/2178 2080/2080/2080
f 2099/2099/2099 2177/2177/2177 2178/2178/2178
f 2088/2088/2088 2177/2177/2177 2099/2099/2099
f 2080/2080/2080 2088/2088/2088 2099/2099/2099
f 2416/2416/2416 2419/2419/2419 2420/2420/2420
f 2418/2418/2418 2419/2419/2419 2416/2416/2416
f 2416/2416/2416 2412/2412/2412 2418/2418/2418
f 2418/2418/2418 2412/2412/2412 2411/2411/2411
f 2411/2411/2411 2412/2412/2412 2436/2436/2436
f 2411/2411/2411 2436/2436/2436 2424/2424/2424
f 2436/2436/2436 2425/2425/2425 2424/2424/2424
f 2407/2407/2407 2425/2425/2425 2436/2436/2436
f 2407/2407/2407 2422/2422/2422 2425/2425/2425
f 2414/2414/2414 2422/2422/2422 2407/2407/2407
f 2414/2414/2414 2423/2423/2423 2422/2422/2422
f 2436/2436/2436 2412/2412/2412 2437/2437/2437
f 2410/2410/2410 2436/2436/2436 2437/2437/2437
f 2407/2407/2407 2436/2436/2436 2410/2410/2410
f 2410/2410/2410 2413/2413/2413 2407/2407/2407
f 2407/2407/2407 2413/2413/2413 2414/2414/2414
f 2417/2417/2417 2414/2414/2414 2413/2413/2413
f 2415/2415/2415 2414/2414/2414 2417/2417/2417
f 2415/2415/2415 2421/2421/2421 2414/2414/2414
f 2421/2421/2421 2423/2423/2423 2414/2414/2414
f 2400/2400/2400 2458/2458/2458 2401/2401/2401
f 2401/2401/2401 2458/2458/2458 2457/2457/2457
f 2401/2401/2401 2457/2457/2457 2394/2394/2394
f 2394/2394/2394 2396/2396/2396 2401/2401/2401
f 2402/2402/2402 2401/2401/2401 2396/2396/2396
f 2396/2396/2396 2460/2460/2460 2402/2402/2402
f 2454/2454/2454 2460/2460/2460 2396/2396/2396
f 2405/2405/2405 2460/2460/2460 2454/2454/2454
f 2454/2454/2454 2462/2462/2462 2405/2405/2405
f 2394/2394/2394 2457/2457/2457 2395/2395/2395
f 2394/2394/2394 2395/2395/2395 2439/2439/2439
f 2439/2439/2439 2452/2452/2452 2394/2394/2394
f 2394/2394/2394 2452/2452/2452 2396/2396/2396
f 2396/2396/2396 2452/2452/2452 2454/2454/2454
f 2452/2452/2452 2456/2456/2456 2454/2454/2454
f 2456/2456/2456 2462/2462/2462 2454/2454/2454
f 2462/2462/2462 2456/2456/2456 2459/2459/2459
f 2453/2453/2453 2459/2459/2459 2456/2456/2456
f 2403/2403/2403 2459/2459/2459 2453/2453/2453
f 2399/2399/2399 2395/2395/2395 2457/2457/2457
f 2395/2395/2395 2399/2399/2399 2393/2393/2393
f 2393/2393/2393 2451/2451/2451 2395/2395/2395
f 2448/2448/2448 2395/2395/2395 2451/2451/2451
f 2384/2384/2384 2395/2395/2395 2448/2448/2448
f 2465/2465/2465 2395/2395/2395 2384/2384/2384
f 2439/2439/2439 2395/2395/2395 2465/2465/2465
f 2448/2448/2448 2451/2451/2451 2397/2397/2397
f 2397/2397/2397 2455/2455/2455 2448/2448/2448
f 2448/2448/2448 2455/2455/2455 3101/3101/3101
f 2448/2448/2448 3101/3101/3101 2384/2384/2384
f 2384/2384/2384 3101/3101/3101 3062/3062/3062
f 3062/3062/3062 2996/2996/2996 2384/2384/2384
f 2384/2384/2384 2996/2996/2996 2242/2242/2242
f 2384/2384/2384 2242/2242/2242 2465/2465/2465
f 2465/2465/2465 2242/2242/2242 2440/2440/2440
f 2440/2440/2440 2439/2439/2439 2465/2465/2465
f 2455/2455/2455 3072/3072/3072 3101/3101/3101
f 3072/3072/3072 3104/3104/3104 3101/3101/3101
f 3104/3104/3104 3099/3099/3099 3101/3101/3101
f 3099/3099/3099 2959/2959/2959 3101/3101/3101
f 3101/3101/3101 2959/2959/2959 3062/3062/3062
f 2959/2959/2959 2996/2996/2996 3062/3062/3062
f 2903/2903/2903 2996/2996/2996 2959/2959/2959
f 2903/2903/2903 2905/2905/2905 2996/2996/2996
f 2996/2996/2996 2905/2905/2905 2904/2904/2904
f 2243/2243/2243 2996/2996/2996 2904/2904/2904
f 2242/2242/2242 2996/2996/2996 2243/2243/2243
f 3104/3104/3104 3080/3080/3080 3099/3099/3099
f 2971/2971/2971 3099/3099/3099 3080/3080/3080
f 3100/3100/3100 3099/3099/3099 2971/2971/2971
f 3100/3100/3100 2959/2959/2959 3099/3099/3099
f 3056/3056/3056 2959/2959/2959 3100/3100/3100
f 3056/3056/3056 2903/2903/2903 2959/2959/2959
f 2961/2961/2961 2903/2903/2903 3056/3056/3056
f 2906/2906/2906 2903/2903/2903 2961/2961/2961
f 2905/2905/2905 2903/2903/2903 2906/2906/2906
f 2971/2971/2971 3090/3090/3090 3100/3100/3100
f 3073/3073/3073 3100/3100/3100 3090/3090/3090
f 3100/3100/3100 3073/3073/3073 3071/3071/3071
f 3100/3100/3100 3071/3071/3071 3668/3668/3668
f 3647/3647/3647 3100/3100/3100 3668/3668/3668
f 3056/3056/3056 3100/3100/3100 3647/3647/3647
f 3647/3647/3647 2961/2961/2961 3056/3056/3056
f 2964/2964/2964 2961/2961/2961 3647/3647/3647
f 2906/2906/2906 2961/2961/2961 2964/2964/2964
f 2962/2962/2962 2906/2906/2906 2964/2964/2964
f 2960/2960/2960 2962/2962/2962 2964/2964/2964
f 3668/3668/3668 3071/3071/3071 2840/2840/2840
f 3079/3079/3079 3668/3668/3668 2840/2840/2840
f 3668/3668/3668 3079/3079/3079 3646/3646/3646
f 3646/3646/3646 3647/3647/3647 3668/3668/3668
f 3650/3650/3650 3647/3647/3647 3646/3646/3646
f 3650/3650/3650 3057/3057/3057 3647/3647/3647
f 3647/3647/3647 3057/3057/3057 2964/2964/2964
f 2960/2960/2960 2964/2964/2964 3057/3057/3057
f 2963/2963/2963 2960/2960/2960 3057/3057/3057
f 2960/2960/2960 2963/2963/2963 3065/3065/3065
f 3071/3071/3071 2841/2841/2841 2840/2840/2840
f 2840/2840/2840 2841/2841/2841 2858/2858/2858
f 2243/2243/2243 2464/2464/2464 2242/2242/2242
f 2242/2242/2242 2464/2464/2464 2440/2440/2440
f 2440/2440/2440 2464/2464/2464 2408/2408/2408
f 2408/2408/2408 2439/2439/2439 2440/2440/2440
f 2385/2385/2385 2439/2439/2439 2408/2408/2408
f 2383/2383/2383 2439/2439/2439 2385/2385/2385
f 2383/2383/2383 2452/2452/2452 2439/2439/2439
f 2383/2383/2383 2398/2398/2398 2452/2452/2452
f 2398/2398/2398 2456/2456/2456 2452/2452/2452
f 2464/2464/2464 2409/2409/2409 2408/2408/2408
f 2409/2409/2409 2382/2382/2382 2408/2408/2408
f 2408/2408/2408 2382/2382/2382 2385/2385/2385
f 2382/2382/2382 2438/2438/2438 2385/2385/2385
f 2386/2386/2386 2385/2385/2385 2438/2438/2438
f 2383/2383/2383 2385/2385/2385 2386/2386/2386
f 2386/2386/2386 2398/2398/2398 2383/2383/2383
f 2398/2398/2398 2386/2386/2386 2444/2444/2444
f 2461/2461/2461 2398/2398/2398 2444/2444/2444
f 2453/2453/2453 2398/2398/2398 2461/2461/2461
f 2453/2453/2453 2456/2456/2456 2398/2398/2398
f 2382/2382/2382 2389/2389/2389 2438/2438/2438
f 2438/2438/2438 2389/2389/2389 2442/2442/2442
f 2442/2442/2442 2386/2386/2386 2438/2438/2438
f 2387/2387/2387 2386/2386/2386 2442/2442/2442
f 2444/2444/2444 2386/2386/2386 2387/2387/2387
f 2444/2444/2444 2387/2387/2387 2392/2392/2392
f 2392/2392/2392 2446/2446/2446 2444/2444/2444
f 2404/2404/2404 2444/2444/2444 2446/2446/2446
f 2444/2444/2444 2404/2404/2404 2461/2461/2461
f 2389/2389/2389 2388/2388/2388 2442/2442/2442
f 2388/2388/2388 2390/2390/2390 2442/2442/2442
f 2442/2442/2442 2390/2390/2390 2387/2387/2387
f 2392/2392/2392 2387/2387/2387 2390/2390/2390
f 2392/2392/2392 2390/2390/2390 2447/2447/2447
f 2447/2447/2447 2450/2450/2450 2392/2392/2392
f 2463/2463/2463 2392/2392/2392 2450/2450/2450
f 2392/2392/2392 2463/2463/2463 2446/2446/2446
f 2443/2443/2443 2388/2388/2388 2389/2389/2389
f 2388/2388/2388 2443/2443/2443 2441/2441/2441
f 2441/2441/2441 2391/2391/2391 2388/2388/2388
f 2388/2388/2388 2391/2391/2391 2390/2390/2390
f 2447/2447/2447 2390/2390/2390 2391/2391/2391
f 3051/3051/3051 2447/2447/2447 2391/2391/2391
f 2907/2907/2907 2447/2447/2447 3051/3051/3051
f 2447/2447/2447 2907/2907/2907 2449/2449/2449
f 2447/2447/2447 2449/2449/2449 2406/2406/2406
f 2447/2447/2447 2406/2406/2406 2450/2450/2450
f 2441/2441/2441 2443/2443/2443 2445/2445/2445
f 2445/2445/2445 3070/3070/3070 2441/2441/2441
f 2441/2441/2441 3070/3070/3070 3059/3059/3059
f 2441/2441/2441 3059/3059/3059 2391/2391/2391
f 2391/2391/2391 3059/3059/3059 3051/3051/3051
f 3051/3051/3051 3059/3059/3059 2910/2910/2910
f 2909/2909/2909 3051/3051/3051 2910/2910/2910
f 2907/2907/2907 3051/3051/3051 2909/2909/2909
f 2907/2907/2907 2909/2909/2909 2973/2973/2973
f 2838/2838/2838 2907/2907/2907 2973/2973/2973
f 2907/2907/2907 2838/2838/2838 2449/2449/2449
f 3059/3059/3059 3070/3070/3070 3050/3050/3050
f 2910/2910/2910 3059/3059/3059 3050/3050/3050
f 3050/3050/3050 3069/3069/3069 2910/2910/2910
f 2910/2910/2910 3069/3069/3069 2908/2908/2908
f 2908/2908/2908 2909/2909/2909 2910/2910/2910
f 2972/2972/2972 2909/2909/2909 2908/2908/2908
f 3089/3089/3089 2909/2909/2909 2972/2972/2972
f 2852/2852/2852 2909/2909/2909 3089/3089/3089
f 2973/2973/2973 2909/2909/2909 2852/2852/2852
f 3050/3050/3050 3070/3070/3070 3048/3048/3048
f 3048/3048/3048 3049/3049/3049 3050/3050/3050
f 3050/3050/3050 3049/3049/3049 3069/3069/3069
f 3049/3049/3049 3065/3065/3065 3069/3069/3069
f 3069/3069/3069 3065/3065/3065 3066/3066/3066
f 3069/3069/3069 3066/3066/3066 2908/2908/2908
f 2908/2908/2908 3066/3066/3066 3651/3651/3651
f 2908/2908/2908 3651/3651/3651 2972/2972/2972
f 2972/2972/2972 3651/3651/3651 3671/3671/3671
f 3087/3087/3087 2972/2972/2972 3671/3671/3671
f 2851/2851/2851 2972/2972/2972 3087/3087/3087
f 2972/2972/2972 2851/2851/2851 3089/3089/3089
f 3065/3065/3065 2963/2963/2963 3066/3066/3066
f 3066/3066/3066 2963/2963/2963 3651/3651/3651
f 3651/3651/3651 2963/2963/2963 3676/3676/3676
f 3651/3651/3651 3676/3676/3676 3671/3671/3671
f 3671/3671/3671 3676/3676/3676 3679/3679/3679
f 3671/3671/3671 3679/3679/3679 2856/2856/2856
f 2857/2857/2857 3671/3671/3671 2856/2856/2856
f 3671/3671/3671 2857/2857/2857 3087/3087/3087
f 2963/2963/2963 3057/3057/3057 3676/3676/3676
f 3676/3676/3676 3057/3057/3057 3650/3650/3650
f 3676/3676/3676 3650/3650/3650 3679/3679/3679
f 3679/3679/3679 3650/3650/3650 3646/3646/3646
f 3679/3679/3679 3646/3646/3646 3085/3085/3085
f 3085/3085/3085 3074/3074/3074 3679/3679/3679
f 2856/2856/2856 3679/3679/3679 3074/3074/3074
f 2856/2856/2856 3074/3074/3074 2847/2847/2847
f 3074/3074/3074 2860/2860/2860 2847/2847/2847
f 3085/3085/3085 2860/2860/2860 3074/3074/3074
f 3085/3085/3085 2861/2861/2861 2860/2860/2860
f 3085/3085/3085 3083/3083/3083 2861/2861/2861
f 2861/2861/2861 3083/3083/3083 2859/2859/2859
f 3085/3085/3085 3646/3646/3646 3083/3083/3083
f 3646/3646/3646 3079/3079/3079 3083/3083/3083
f 3079/3079/3079 2844/2844/2844 3083/3083/3083
f 3083/3083/3083 2844/2844/2844 2859/2859/2859
f 2844/2844/2844 3079/3079/3079 2842/2842/2842
f 3079/3079/3079 2840/2840/2840 2842/2842/2842
f 2842/2842/2842 2840/2840/2840 2843/2843/2843
f 2453/2453/2453 2461/2461/2461 2403/2403/2403
f 2497/2497/2497 2513/2513/2513 2495/2495/2495
f 2496/2496/2496 2513/2513/2513 2497/2497/2497
f 2528/2528/2528 2513/2513/2513 2496/2496/2496
f 2526/2526/2526 2513/2513/2513 2528/2528/2528
f 2536/2536/2536 2526/2526/2526 2528/2528/2528
f 2522/2522/2522 2526/2526/2526 2536/2536/2536
f 2536/2536/2536 2755/2755/2755 2522/2522/2522
f 2522/2522/2522 2755/2755/2755 2646/2646/2646
f 2846/2846/2846 2496/2496/2496 2497/2497/2497
f 3019/3019/3019 2496/2496/2496 2846/2846/2846
f 3019/3019/3019 3206/3206/3206 2496/2496/2496
f 2496/2496/2496 3206/3206/3206 2528/2528/2528
f 3205/3205/3205 2528/2528/2528 3206/3206/3206
f 2536/2536/2536 2528/2528/2528 3205/3205/3205
f 3220/3220/3220 2536/2536/2536 3205/3205/3205
f 2755/2755/2755 2536/2536/2536 3220/3220/3220
f 2846/2846/2846 3025/3025/3025 3019/3019/3019
f 3019/3019/3019 3025/3025/3025 3206/3206/3206
f 3206/3206/3206 3025/3025/3025 2987/2987/2987
f 3206/3206/3206 2987/2987/2987 3205/3205/3205
f 3205/3205/3205 2987/2987/2987 3034/3034/3034
f 3205/3205/3205 3034/3034/3034 3220/3220/3220
f 3016/3016/3016 3025/3025/3025 2846/2846/2846
f 3025/3025/3025 3016/3016/3016 3017/3017/3017
f 3025/3025/3025 3017/3017/3017 2987/2987/2987
f 2987/2987/2987 3017/3017/3017 2988/2988/2988
f 2987/2987/2987 2988/2988/2988 3034/3034/3034
f 3034/3034/3034 2988/2988/2988 3032/3032/3032
f 3034/3034/3034 3032/3032/3032 3217/3217/3217
f 3220/3220/3220 3034/3034/3034 3217/3217/3217
f 3017/3017/3017 3016/3016/3016 3018/3018/3018
f 3217/3217/3217 3032/3032/3032 3219/3219/3219
f 3217/3217/3217 3219/3219/3219 3380/3380/3380
f 3380/3380/3380 3418/3418/3418 3217/3217/3217
f 3217/3217/3217 3418/3418/3418 3545/3545/3545
f 3217/3217/3217 3545/3545/3545 3220/3220/3220
f 3220/3220/3220 3545/3545/3545 3560/3560/3560
f 3560/3560/3560 2777/2777/2777 3220/3220/3220
f 3220/3220/3220 2777/2777/2777 2755/2755/2755
f 3380/3380/3380 3219/3219/3219 3254/3254/3254
f 3254/3254/3254 3377/3377/3377 3380/3380/3380
f 3378/3378/3378 3380/3380/3380 3377/3377/3377
f 3418/3418/3418 3380/3380/3380 3378/3378/3378
f 3419/3419/3419 3418/3418/3418 3378/3378/3378
f 3416/3416/3416 3418/3418/3418 3419/3419/3419
f 3418/3418/3418 3416/3416/3416 3545/3545/3545
f 3545/3545/3545 3416/3416/3416 3501/3501/3501
f 3545/3545/3545 3501/3501/3501 3560/3560/3560
f 3255/3255/3255 3377/3377/3377 3254/3254/3254
f 3317/3317/3317 3416/3416/3416 3419/3419/3419
f 3373/3373/3373 3416/3416/3416 3317/3317/3317
f 3373/3373/3373 3538/3538/3538 3416/3416/3416
f 3416/3416/3416 3538/3538/3538 3501/3501/3501
f 3538/3538/3538 3539/3539/3539 3501/3501/3501
f 3501/3501/3501 3539/3539/3539 3503/3503/3503
f 3560/3560/3560 3501/3501/3501 3503/3503/3503
f 2776/2776/2776 3560/3560/3560 3503/3503/3503
f 2777/2777/2777 3560/3560/3560 2776/2776/2776
f 3317/3317/3317 3364/3364/3364 3373/3373/3373
f 3373/3373/3373 3364/3364/3364 3321/3321/3321
f 3373/3373/3373 3321/3321/3321 3372/3372/3372
f 3372/3372/3372 3670/3670/3670 3373/3373/3373
f 3373/3373/3373 3670/3670/3670 3538/3538/3538
f 3670/3670/3670 3677/3677/3677 3538/3538/3538
f 3538/3538/3538 3677/3677/3677 3539/3539/3539
f 3539/3539/3539 3677/3677/3677 2794/2794/2794
f 2776/2776/2776 3539/3539/3539 2794/2794/2794
f 3503/3503/3503 3539/3539/3539 2776/2776/2776
f 3372/3372/3372 3321/3321/3321 3374/3374/3374
f 3372/3372/3372 3374/3374/3374 3645/3645/3645
f 3645/3645/3645 3669/3669/3669 3372/3372/3372
f 3372/3372/3372 3669/3669/3669 3670/3670/3670
f 3670/3670/3670 3669/3669/3669 3677/3677/3677
f 3677/3677/3677 3669/3669/3669 3667/3667/3667
f 2819/2819/2819 3677/3677/3677 3667/3667/3667
f 2818/2818/2818 3677/3677/3677 2819/2819/2819
f 2794/2794/2794 3677/3677/3677 2818/2818/2818
f 3645/3645/3645 3374/3374/3374 3631/3631/3631
f 3645/3645/3645 3631/3631/3631 3684/3684/3684
f 3648/3648/3648 3645/3645/3645 3684/3684/3684
f 3669/3669/3669 3645/3645/3645 3648/3648/3648
f 3648/3648/3648 3667/3667/3667 3669/3669/3669
f 3678/3678/3678 3667/3667/3667 3648/3648/3648
f 2832/2832/2832 3667/3667/3667 3678/3678/3678
f 2819/2819/2819 3667/3667/3667 2832/2832/2832
f 2832/2832/2832 2805/2805/2805 2819/2819/2819
f 2788/2788/2788 2819/2819/2819 2805/2805/2805
f 2818/2818/2818 2819/2819/2819 2788/2788/2788
f 3684/3684/3684 3631/3631/3631 3680/3680/3680
f 3680/3680/3680 3623/3623/3623 3684/3684/3684
f 3623/3623/3623 3630/3630/3630 3684/3684/3684
f 3684/3684/3684 3630/3630/3630 3648/3648/3648
f 3630/3630/3630 3652/3652/3652 3648/3648/3648
f 3648/3648/3648 3652/3652/3652 3678/3678/3678
f 3678/3678/3678 3652/3652/3652 2832/2832/2832
f 2832/2832/2832 3652/3652/3652 2814/2814/2814
f 2814/2814/2814 2803/2803/2803 2832/2832/2832
f 2803/2803/2803 2805/2805/2805 2832/2832/2832
f 3625/3625/3625 3623/3623/3623 3680/3680/3680
f 3625/3625/3625 3627/3627/3627 3623/3623/3623
f 3624/3624/3624 3623/3623/3623 3627/3627/3627
f 3630/3630/3630 3623/3623/3623 3624/3624/3624
f 3624/3624/3624 3628/3628/3628 3630/3630/3630
f 3630/3630/3630 3628/3628/3628 3652/3652/3652
f 3628/3628/3628 2814/2814/2814 3652/3652/3652
f 2782/2782/2782 2814/2814/2814 3628/3628/3628
f 2782/2782/2782 2815/2815/2815 2814/2814/2814
f 2815/2815/2815 2803/2803/2803 2814/2814/2814
f 3649/3649/3649 3627/3627/3627 3625/3625/3625
f 3649/3649/3649 3454/3454/3454 3627/3627/3627
f 3454/3454/3454 3626/3626/3626 3627/3627/3627
f 3627/3627/3627 3626/3626/3626 3624/3624/3624
f 3626/3626/3626 3629/3629/3629 3624/3624/3624
f 3624/3624/3624 3629/3629/3629 3628/3628/3628
f 3628/3628/3628 3629/3629/3629 2782/2782/2782
f 2782/2782/2782 3629/3629/3629 2775/2775/2775
f 2775/2775/2775 2817/2817/2817 2782/2782/2782
f 2817/2817/2817 2815/2815/2815 2782/2782/2782
f 3455/3455/3455 3454/3454/3454 3649/3649/3649
f 3021/3021/3021 3454/3454/3454 3455/3455/3455
f 3021/3021/3021 3036/3036/3036 3454/3454/3454
f 3036/3036/3036 3626/3626/3626 3454/3454/3454
f 2899/2899/2899 3626/3626/3626 3036/3036/3036
f 3626/3626/3626 2899/2899/2899 3629/3629/3629
f 3629/3629/3629 2899/2899/2899 3033/3033/3033
f 3033/3033/3033 2517/2517/2517 3629/3629/3629
f 3629/3629/3629 2517/2517/2517 2775/2775/2775
f 3022/3022/3022 3021/3021/3021 3455/3455/3455
f 3021/3021/3021 3022/3022/3022 3422/3422/3422
f 3422/3422/3422 3036/3036/3036 3021/3021/3021
f 3041/3041/3041 3036/3036/3036 3422/3422/3422
f 3036/3036/3036 3041/3041/3041 2899/2899/2899
f 2899/2899/2899 3041/3041/3041 2902/2902/2902
f 2899/2899/2899 2902/2902/2902 3033/3033/3033
f 3033/3033/3033 2902/2902/2902 2901/2901/2901
f 2901/2901/2901 2467/2467/2467 3033/3033/3033
f 3033/3033/3033 2467/2467/2467 2517/2517/2517
f 3422/3422/3422 3022/3022/3022 3641/3641/3641
f 3422/3422/3422 3641/3641/3641 3642/3642/3642
f 3005/3005/3005 3422/3422/3422 3642/3642/3642
f 3041/3041/3041 3422/3422/3422 3005/3005/3005
f 3005/3005/3005 2902/2902/2902 3041/3041/3041
f 3008/3008/3008 2902/2902/2902 3005/3005/3005
f 3009/3009/3009 2902/2902/2902 3008/3008/3008
f 2901/2901/2901 2902/2902/2902 3009/3009/3009
f 2901/2901/2901 3009/3009/3009 2467/2467/2467
f 3642/3642/3642 3641/3641/3641 3637/3637/3637
f 3637/3637/3637 2993/2993/2993 3642/3642/3642
f 2872/2872/2872 3642/3642/3642 2993/2993/2993
f 2897/2897/2897 3642/3642/3642 2872/2872/2872
f 3005/3005/3005 3642/3642/3642 2897/2897/2897
f 2897/2897/2897 3231/3231/3231 3005/3005/3005
f 3207/3207/3207 3005/3005/3005 3231/3231/3231
f 3005/3005/3005 3207/3207/3207 3229/3229/3229
f 3229/3229/3229 3008/3008/3008 3005/3005/3005
f 3014/3014/3014 2993/2993/2993 3637/3637/3637
f 2993/2993/2993 3014/3014/3014 2875/2875/2875
f 2864/2864/2864 2993/2993/2993 2875/2875/2875
f 2865/2865/2865 2993/2993/2993 2864/2864/2864
f 2872/2872/2872 2993/2993/2993 2865/2865/2865
f 2865/2865/2865 2874/2874/2874 2872/2872/2872
f 2872/2872/2872 2874/2874/2874 2891/2891/2891
f 2898/2898/2898 2872/2872/2872 2891/2891/2891
f 2897/2897/2897 2872/2872/2872 2898/2898/2898
f 2875/2875/2875 3014/3014/3014 2878/2878/2878
f 2878/2878/2878 2867/2867/2867 2875/2875/2875
f 2875/2875/2875 2867/2867/2867 2873/2873/2873
f 2873/2873/2873 2876/2876/2876 2875/2875/2875
f 2875/2875/2875 2876/2876/2876 2864/2864/2864
f 2864/2864/2864 2876/2876/2876 2865/2865/2865
f 2865/2865/2865 2876/2876/2876 2879/2879/2879
f 2879/2879/2879 2874/2874/2874 2865/2865/2865
f 2891/2891/2891 2874/2874/2874 2877/2877/2877
f 2891/2891/2891 2877/2877/2877 2898/2898/2898
f 2898/2898/2898 2877/2877/2877 2892/2892/2892
f 2898/2898/2898 2892/2892/2892 2897/2897/2897
f 2897/2897/2897 2892/2892/2892 2896/2896/2896
f 2896/2896/2896 2895/2895/2895 2897/2897/2897
f 2897/2897/2897 2895/2895/2895 3231/3231/3231
f 3231/3231/3231 2895/2895/2895 3207/3207/3207
f 3207/3207/3207 2895/2895/2895 3208/3208/3208
f 3208/3208/3208 3228/3228/3228 3207/3207/3207
f 3207/3207/3207 3228/3228/3228 3229/3229/3229
f 3229/3229/3229 3228/3228/3228 3234/3234/3234
f 3234/3234/3234 3008/3008/3008 3229/3229/3229
f 3232/3232/3232 3008/3008/3008 3234/3234/3234
f 3232/3232/3232 3009/3009/3009 3008/3008/3008
f 3234/3234/3234 3228/3228/3228 3233/3233/3233
f 3233/3233/3233 3232/3232/3232 3234/3234/3234
f 3224/3224/3224 3232/3232/3232 3233/3233/3233
f 3224/3224/3224 2426/2426/2426 3232/3232/3232
f 3232/3232/3232 2426/2426/2426 3009/3009/3009
f 3009/3009/3009 2426/2426/2426 2658/2658/2658
f 3009/3009/3009 2658/2658/2658 2365/2365/2365
f 2467/2467/2467 3009/3009/3009 2365/2365/2365
f 2365/2365/2365 2368/2368/2368 2467/2467/2467
f 2467/2467/2467 2368/2368/2368 2468/2468/2468
f 2467/2467/2467 2468/2468/2468 2517/2517/2517
f 2427/2427/2427 2426/2426/2426 3224/3224/3224
f 2653/2653/2653 2426/2426/2426 2427/2427/2427
f 2658/2658/2658 2426/2426/2426 2653/2653/2653
f 2653/2653/2653 2656/2656/2656 2658/2658/2658
f 2658/2658/2658 2656/2656/2656 2643/2643/2643
f 2365/2365/2365 2658/2658/2658 2643/2643/2643
f 2365/2365/2365 2643/2643/2643 2679/2679/2679
f 2365/2365/2365 2679/2679/2679 2368/2368/2368
f 2655/2655/2655 2643/2643/2643 2656/2656/2656
f 2679/2679/2679 2643/2643/2643 2655/2655/2655
f 2679/2679/2679 2655/2655/2655 2654/2654/2654
f 2654/2654/2654 2368/2368/2368 2679/2679/2679
f 2368/2368/2368 2654/2654/2654 2642/2642/2642
f 2642/2642/2642 2649/2649/2649 2368/2368/2368
f 2649/2649/2649 2142/2142/2142 2368/2368/2368
f 2142/2142/2142 2466/2466/2466 2368/2368/2368
f 2368/2368/2368 2466/2466/2466 2468/2468/2468
f 2654/2654/2654 2655/2655/2655 2641/2641/2641
f 2644/2644/2644 2654/2654/2654 2641/2641/2641
f 2642/2642/2642 2654/2654/2654 2644/2644/2644
f 2642/2642/2642 2644/2644/2644 2649/2649/2649
f 2649/2649/2649 2644/2644/2644 2651/2651/2651
f 2650/2650/2650 2649/2649/2649 2651/2651/2651
f 2667/2667/2667 2649/2649/2649 2650/2650/2650
f 2667/2667/2667 2666/2666/2666 2649/2649/2649
f 2649/2649/2649 2666/2666/2666 2567/2567/2567
f 2567/2567/2567 2142/2142/2142 2649/2649/2649
f 2142/2142/2142 2567/2567/2567 2140/2140/2140
f 2140/2140/2140 2136/2136/2136 2142/2142/2142
f 2136/2136/2136 2150/2150/2150 2142/2142/2142
f 2142/2142/2142 2150/2150/2150 2466/2466/2466
f 2652/2652/2652 2667/2667/2667 2650/2650/2650
f 2666/2666/2666 2667/2667/2667 2652/2652/2652
f 2562/2562/2562 2666/2666/2666 2652/2652/2652
f 2567/2567/2567 2666/2666/2666 2562/2562/2562
f 2562/2562/2562 2561/2561/2561 2567/2567/2567
f 2561/2561/2561 2140/2140/2140 2567/2567/2567
f 2140/2140/2140 2561/2561/2561 2563/2563/2563
f 2563/2563/2563 2135/2135/2135 2140/2140/2140
f 2135/2135/2135 2136/2136/2136 2140/2140/2140
f 2568/2568/2568 2561/2561/2561 2562/2562/2562
f 2561/2561/2561 2568/2568/2568 2563/2563/2563
f 2563/2563/2563 2568/2568/2568 2564/2564/2564
f 2566/2566/2566 2563/2563/2563 2564/2564/2564
f 2565/2565/2565 2563/2563/2563 2566/2566/2566
f 2565/2565/2565 2135/2135/2135 2563/2563/2563
f 2147/2147/2147 2466/2466/2466 2150/2150/2150
f 2376/2376/2376 2466/2466/2466 2147/2147/2147
f 2469/2469/2469 2466/2466/2466 2376/2376/2376
f 2468/2468/2468 2466/2466/2466 2469/2469/2469
f 2517/2517/2517 2468/2468/2468 2469/2469/2469
f 2469/2469/2469 2775/2775/2775 2517/2517/2517
f 2376/2376/2376 2147/2147/2147 2780/2780/2780
f 2796/2796/2796 2376/2376/2376 2780/2780/2780
f 2469/2469/2469 2376/2376/2376 2796/2796/2796
f 2796/2796/2796 2775/2775/2775 2469/2469/2469
f 2796/2796/2796 2817/2817/2817 2775/2775/2775
f 2817/2817/2817 2796/2796/2796 2831/2831/2831
f 2831/2831/2831 2822/2822/2822 2817/2817/2817
f 2817/2817/2817 2822/2822/2822 2815/2815/2815
f 2822/2822/2822 2823/2823/2823 2815/2815/2815
f 2815/2815/2815 2823/2823/2823 2803/2803/2803
f 2831/2831/2831 2796/2796/2796 2780/2780/2780
f 2823/2823/2823 2802/2802/2802 2803/2803/2803
f 2803/2803/2803 2802/2802/2802 2805/2805/2805
f 2802/2802/2802 2793/2793/2793 2805/2805/2805
f 2805/2805/2805 2793/2793/2793 2788/2788/2788
f 2793/2793/2793 2772/2772/2772 2788/2788/2788
f 2788/2788/2788 2772/2772/2772 2795/2795/2795
f 2795/2795/2795 2818/2818/2818 2788/2788/2788
f 2794/2794/2794 2818/2818/2818 2795/2795/2795
f 2778/2778/2778 2794/2794/2794 2795/2795/2795
f 2776/2776/2776 2794/2794/2794 2778/2778/2778
f 2776/2776/2776 2778/2778/2778 2777/2777/2777
f 2772/2772/2772 2798/2798/2798 2795/2795/2795
f 2795/2795/2795 2798/2798/2798 2771/2771/2771
f 2771/2771/2771 2778/2778/2778 2795/2795/2795
f 2792/2792/2792 2778/2778/2778 2771/2771/2771
f 2778/2778/2778 2792/2792/2792 2801/2801/2801
f 2777/2777/2777 2778/2778/2778 2801/2801/2801
f 2777/2777/2777 2801/2801/2801 2755/2755/2755
f 2755/2755/2755 2801/2801/2801 2779/2779/2779
f 2755/2755/2755 2779/2779/2779 2646/2646/2646
f 2646/2646/2646 2779/2779/2779 2742/2742/2742
f 2779/2779/2779 2797/2797/2797 2742/2742/2742
f 2742/2742/2742 2797/2797/2797 2752/2752/2752
f 2801/2801/2801 2792/2792/2792 2781/2781/2781
f 2801/2801/2801 2781/2781/2781 2779/2779/2779
f 2779/2779/2779 2781/2781/2781 2797/2797/2797
f 2754/2754/2754 2756/2756/2756 2760/2760/2760
f 2760/2760/2760 2756/2756/2756 2743/2743/2743
f 2645/2645/2645 2760/2760/2760 2743/2743/2743
f 2648/2648/2648 2760/2760/2760 2645/2645/2645
f 2542/2542/2542 2648/2648/2648 2645/2645/2645
f 2531/2531/2531 2648/2648/2648 2542/2542/2542
f 2542/2542/2542 2527/2527/2527 2531/2531/2531
f 2531/2531/2531 2527/2527/2527 2535/2535/2535
f 2756/2756/2756 2758/2758/2758 2743/2743/2743
f 2743/2743/2743 2758/2758/2758 2759/2759/2759
f 2743/2743/2743 2759/2759/2759 2645/2645/2645
f 2645/2645/2645 2759/2759/2759 2647/2647/2647
f 2541/2541/2541 2645/2645/2645 2647/2647/2647
f 2542/2542/2542 2645/2645/2645 2541/2541/2541
f 2532/2532/2532 2542/2542/2542 2541/2541/2541
f 2527/2527/2527 2542/2542/2542 2532/2532/2532
f 2532/2532/2532 2529/2529/2529 2527/2527/2527
f 2527/2527/2527 2529/2529/2529 2520/2520/2520
f 2527/2527/2527 2520/2520/2520 2535/2535/2535
f 2535/2535/2535 2520/2520/2520 2519/2519/2519
f 2759/2759/2759 2758/2758/2758 2787/2787/2787
f 2787/2787/2787 2753/2753/2753 2759/2759/2759
f 2759/2759/2759 2753/2753/2753 2647/2647/2647
f 2647/2647/2647 2753/2753/2753 2657/2657/2657
f 2523/2523/2523 2647/2647/2647 2657/2657/2657
f 2541/2541/2541 2647/2647/2647 2523/2523/2523
f 2524/2524/2524 2541/2541/2541 2523/2523/2523
f 2532/2532/2532 2541/2541/2541 2524/2524/2524
f 2524/2524/2524 2534/2534/2534 2532/2532/2532
f 2532/2532/2532 2534/2534/2534 2529/2529/2529
f 2787/2787/2787 2758/2758/2758 2774/2774/2774
f 2787/2787/2787 2774/2774/2774 2799/2799/2799
f 2786/2786/2786 2787/2787/2787 2799/2799/2799
f 2753/2753/2753 2787/2787/2787 2786/2786/2786
f 2753/2753/2753 2786/2786/2786 2769/2769/2769
f 2657/2657/2657 2753/2753/2753 2769/2769/2769
f 2657/2657/2657 2769/2769/2769 2989/2989/2989
f 2515/2515/2515 2657/2657/2657 2989/2989/2989
f 2523/2523/2523 2657/2657/2657 2515/2515/2515
f 2525/2525/2525 2523/2523/2523 2515/2515/2515
f 2524/2524/2524 2523/2523/2523 2525/2525/2525
f 2799/2799/2799 2774/2774/2774 2784/2784/2784
f 2799/2799/2799 2784/2784/2784 2790/2790/2790
f 2790/2790/2790 2785/2785/2785 2799/2799/2799
f 2799/2799/2799 2785/2785/2785 2791/2791/2791
f 2799/2799/2799 2791/2791/2791 2786/2786/2786
f 2786/2786/2786 2791/2791/2791 2800/2800/2800
f 2800/2800/2800 2783/2783/2783 2786/2786/2786
f 2769/2769/2769 2786/2786/2786 2783/2783/2783
f 2769/2769/2769 2783/2783/2783 3218/3218/3218
f 2989/2989/2989 2769/2769/2769 3218/3218/3218
f 2790/2790/2790 2784/2784/2784 2789/2789/2789
f 2744/2744/2744 2791/2791/2791 2785/2785/2785
f 2751/2751/2751 2791/2791/2791 2744/2744/2744
f 2791/2791/2791 2751/2751/2751 2800/2800/2800
f 2800/2800/2800 2751/2751/2751 2749/2749/2749
f 2749/2749/2749 2773/2773/2773 2800/2800/2800
f 2773/2773/2773 2783/2783/2783 2800/2800/2800
f 2773/2773/2773 3343/3343/3343 2783/2783/2783
f 3218/3218/3218 2783/2783/2783 3343/3343/3343
f 3353/3353/3353 3218/3218/3218 3343/3343/3343
f 3216/3216/3216 3218/3218/3218 3353/3353/3353
f 3216/3216/3216 2989/2989/2989 3218/3218/3218
f 2744/2744/2744 2763/2763/2763 2751/2751/2751
f 2751/2751/2751 2763/2763/2763 2745/2745/2745
f 2745/2745/2745 2749/2749/2749 2751/2751/2751
f 2741/2741/2741 2749/2749/2749 2745/2745/2745
f 2741/2741/2741 2765/2765/2765 2749/2749/2749
f 2765/2765/2765 2773/2773/2773 2749/2749/2749
f 2765/2765/2765 3341/3341/3341 2773/2773/2773
f 3341/3341/3341 3343/3343/3343 2773/2773/2773
f 3354/3354/3354 3343/3343/3343 3341/3341/3341
f 3353/3353/3353 3343/3343/3343 3354/3354/3354
f 2763/2763/2763 2766/2766/2766 2745/2745/2745
f 2745/2745/2745 2766/2766/2766 2764/2764/2764
f 2745/2745/2745 2764/2764/2764 2741/2741/2741
f 2741/2741/2741 2764/2764/2764 2757/2757/2757
f 2757/2757/2757 2746/2746/2746 2741/2741/2741
f 2746/2746/2746 2765/2765/2765 2741/2741/2741
f 2746/2746/2746 3356/3356/3356 2765/2765/2765
f 3356/3356/3356 3341/3341/3341 2765/2765/2765
f 3356/3356/3356 3359/3359/3359 3341/3341/3341
f 3341/3341/3341 3359/3359/3359 3354/3354/3354
f 2766/2766/2766 2761/2761/2761 2764/2764/2764
f 2764/2764/2764 2761/2761/2761 2747/2747/2747
f 2764/2764/2764 2747/2747/2747 2757/2757/2757
f 2757/2757/2757 2747/2747/2747 2762/2762/2762
f 2762/2762/2762 2748/2748/2748 2757/2757/2757
f 2748/2748/2748 2746/2746/2746 2757/2757/2757
f 2748/2748/2748 3272/3272/3272 2746/2746/2746
f 3272/3272/3272 3356/3356/3356 2746/2746/2746
f 3271/3271/3271 3356/3356/3356 3272/3272/3272
f 3359/3359/3359 3356/3356/3356 3271/3271/3271
f 2747/2747/2747 2761/2761/2761 2770/2770/2770
f 2747/2747/2747 2770/2770/2770 2762/2762/2762
f 2762/2762/2762 2770/2770/2770 2767/2767/2767
f 2762/2762/2762 2767/2767/2767 2740/2740/2740
f 2740/2740/2740 2748/2748/2748 2762/2762/2762
f 2740/2740/2740 3265/3265/3265 2748/2748/2748
f 3265/3265/3265 3272/3272/3272 2748/2748/2748
f 3266/3266/3266 3272/3272/3272 3265/3265/3265
f 3271/3271/3271 3272/3272/3272 3266/3266/3266
f 2770/2770/2770 2761/2761/2761 2750/2750/2750
f 2149/2149/2149 2770/2770/2770 2750/2750/2750
f 2123/2123/2123 2770/2770/2770 2149/2149/2149
f 2123/2123/2123 2767/2767/2767 2770/2770/2770
f 2122/2122/2122 2767/2767/2767 2123/2123/2123
f 2767/2767/2767 2122/2122/2122 2768/2768/2768
f 2740/2740/2740 2767/2767/2767 2768/2768/2768
f 2768/2768/2768 3323/3323/3323 2740/2740/2740
f 3323/3323/3323 3265/3265/3265 2740/2740/2740
f 3323/3323/3323 3264/3264/3264 3265/3265/3265
f 3265/3265/3265 3264/3264/3264 3266/3266/3266
f 2750/2750/2750 2377/2377/2377 2149/2149/2149
f 2377/2377/2377 2148/2148/2148 2149/2149/2149
f 2148/2148/2148 2123/2123/2123 2149/2149/2149
f 2241/2241/2241 2123/2123/2123 2148/2148/2148
f 2241/2241/2241 2133/2133/2133 2123/2123/2123
f 2123/2123/2123 2133/2133/2133 2122/2122/2122
f 2133/2133/2133 2120/2120/2120 2122/2122/2122
f 2122/2122/2122 2120/2120/2120 2121/2121/2121
f 2768/2768/2768 2122/2122/2122 2121/2121/2121
f 2768/2768/2768 2121/2121/2121 3260/3260/3260
f 3260/3260/3260 3323/3323/3323 2768/2768/2768
f 2240/2240/2240 2148/2148/2148 2377/2377/2377
f 2240/2240/2240 2373/2373/2373 2148/2148/2148
f 2373/2373/2373 2358/2358/2358 2148/2148/2148
f 2148/2148/2148 2358/2358/2358 2241/2241/2241
f 2358/2358/2358 2357/2357/2357 2241/2241/2241
f 2241/2241/2241 2357/2357/2357 2133/2133/2133
f 2132/2132/2132 2133/2133/2133 2357/2357/2357
f 2120/2120/2120 2133/2133/2133 2132/2132/2132
f 2120/2120/2120 2132/2132/2132 2943/2943/2943
f 2930/2930/2930 2120/2120/2120 2943/2943/2943
f 2121/2121/2121 2120/2120/2120 2930/2930/2930
f 3260/3260/3260 2121/2121/2121 2930/2930/2930
f 2372/2372/2372 2373/2373/2373 2240/2240/2240
f 2372/2372/2372 2367/2367/2367 2373/2373/2373
f 2143/2143/2143 2373/2373/2373 2367/2367/2367
f 2143/2143/2143 2557/2557/2557 2373/2373/2373
f 2373/2373/2373 2557/2557/2557 2358/2358/2358
f 2358/2358/2358 2557/2557/2557 2549/2549/2549
f 2549/2549/2549 2552/2552/2552 2358/2358/2358
f 2357/2357/2357 2358/2358/2358 2552/2552/2552
f 2141/2141/2141 2367/2367/2367 2372/2372/2372
f 2141/2141/2141 2546/2546/2546 2367/2367/2367
f 2546/2546/2546 2547/2547/2547 2367/2367/2367
f 2547/2547/2547 2143/2143/2143 2367/2367/2367
f 2554/2554/2554 2143/2143/2143 2547/2547/2547
f 2143/2143/2143 2554/2554/2554 2557/2557/2557
f 2554/2554/2554 2553/2553/2553 2557/2557/2557
f 2557/2557/2557 2553/2553/2553 2550/2550/2550
f 2558/2558/2558 2557/2557/2557 2550/2550/2550
f 2549/2549/2549 2557/2557/2557 2558/2558/2558
f 2549/2549/2549 2558/2558/2558 2552/2552/2552
f 2555/2555/2555 2546/2546/2546 2141/2141/2141
f 2555/2555/2555 2556/2556/2556 2546/2546/2546
f 2546/2546/2546 2556/2556/2556 2548/2548/2548
f 2545/2545/2545 2546/2546/2546 2548/2548/2548
f 2547/2547/2547 2546/2546/2546 2545/2545/2545
f 2547/2547/2547 2545/2545/2545 2554/2554/2554
f 2554/2554/2554 2545/2545/2545 2553/2553/2553
f 2552/2552/2552 2558/2558/2558 2551/2551/2551
f 2559/2559/2559 2552/2552/2552 2551/2551/2551
f 2560/2560/2560 2552/2552/2552 2559/2559/2559
f 2357/2357/2357 2552/2552/2552 2560/2560/2560
f 2560/2560/2560 2543/2543/2543 2357/2357/2357
f 2132/2132/2132 2357/2357/2357 2543/2543/2543
f 2560/2560/2560 2559/2559/2559 2543/2543/2543
f 2543/2543/2543 2559/2559/2559 2540/2540/2540
f 2538/2538/2538 2543/2543/2543 2540/2540/2540
f 2544/2544/2544 2543/2543/2543 2538/2538/2538
f 2132/2132/2132 2543/2543/2543 2544/2544/2544
f 2132/2132/2132 2544/2544/2544 2539/2539/2539
f 2132/2132/2132 2539/2539/2539 2950/2950/2950
f 2943/2943/2943 2132/2132/2132 2950/2950/2950
f 2949/2949/2949 2943/2943/2943 2950/2950/2950
f 3006/3006/3006 2943/2943/2943 2949/2949/2949
f 2943/2943/2943 3006/3006/3006 2930/2930/2930
f 2544/2544/2544 2538/2538/2538 2539/2539/2539
f 2539/2539/2539 2538/2538/2538 2537/2537/2537
f 2886/2886/2886 2539/2539/2539 2537/2537/2537
f 2885/2885/2885 2539/2539/2539 2886/2886/2886
f 2950/2950/2950 2539/2539/2539 2885/2885/2885
f 1176/1176/1176 2950/2950/2950 2885/2885/2885
f 1176/1176/1176 2949/2949/2949 2950/2950/2950
f 1151/1151/1151 2949/2949/2949 1176/1176/1176
f 1144/1144/1144 2949/2949/2949 1151/1151/1151
f 3007/3007/3007 2949/2949/2949 1144/1144/1144
f 3004/3004/3004 2949/2949/2949 3007/3007/3007
f 3006/3006/3006 2949/2949/2949 3004/3004/3004
f 2885/2885/2885 2886/2886/2886 1176/1176/1176
f 1176/1176/1176 2886/2886/2886 1177/1177/1177
f 1177/1177/1177 1166/1166/1166 1176/1176/1176
f 1176/1176/1176 1166/1166/1166 1151/1151/1151
f 1151/1151/1151 1166/1166/1166 1144/1144/1144
f 1144/1144/1144 1166/1166/1166 1146/1146/1146
f 1146/1146/1146 1205/1205/1205 1144/1144/1144
f 1144/1144/1144 1205/1205/1205 1206/1206/1206
f 1144/1144/1144 1206/1206/1206 3007/3007/3007
f 1227/1227/1227 3007/3007/3007 1206/1206/1206
f 3666/3666/3666 3007/3007/3007 1227/1227/1227
f 3635/3635/3635 3007/3007/3007 3666/3666/3666
f 3004/3004/3004 3007/3007/3007 3635/3635/3635
f 3635/3635/3635 2951/2951/2951 3004/3004/3004
f 3004/3004/3004 2951/2951/2951 2928/2928/2928
f 3004/3004/3004 2928/2928/2928 3006/3006/3006
f 1206/1206/1206 1205/1205/1205 1227/1227/1227
f 1227/1227/1227 1205/1205/1205 1165/1165/1165
f 1165/1165/1165 1152/1152/1152 1227/1227/1227
f 1227/1227/1227 1152/1152/1152 1145/1145/1145
f 1227/1227/1227 1145/1145/1145 3666/3666/3666
f 1147/1147/1147 3666/3666/3666 1145/1145/1145
f 3666/3666/3666 1147/1147/1147 3634/3634/3634
f 3633/3633/3633 3666/3666/3666 3634/3634/3634
f 3635/3635/3635 3666/3666/3666 3633/3633/3633
f 3633/3633/3633 2951/2951/2951 3635/3635/3635
f 1145/1145/1145 1152/1152/1152 1147/1147/1147
f 1147/1147/1147 1152/1152/1152 1204/1204/1204
f 1204/1204/1204 2883/2883/2883 1147/1147/1147
f 1147/1147/1147 2883/2883/2883 1226/1226/1226
f 1226/1226/1226 2994/2994/2994 1147/1147/1147
f 3634/3634/3634 1147/1147/1147 2994/2994/2994
f 3634/3634/3634 2994/2994/2994 3015/3015/3015
f 3015/3015/3015 3636/3636/3636 3634/3634/3634
f 3636/3636/3636 3632/3632/3632 3634/3634/3634
f 3634/3634/3634 3632/3632/3632 3633/3633/3633
f 2883/2883/2883 2882/2882/2882 1226/1226/1226
f 1226/1226/1226 2882/2882/2882 2884/2884/2884
f 2884/2884/2884 2994/2994/2994 1226/1226/1226
f 3015/3015/3015 2994/2994/2994 2884/2884/2884
f 2884/2884/2884 2881/2881/2881 3015/3015/3015
f 2881/2881/2881 2995/2995/2995 3015/3015/3015
f 2995/2995/2995 3636/3636/3636 3015/3015/3015
f 2884/2884/2884 2882/2882/2882 2881/2881/2881
f 2881/2881/2881 2882/2882/2882 2866/2866/2866
f 2866/2866/2866 2880/2880/2880 2881/2881/2881
f 2881/2881/2881 2880/2880/2880 2889/2889/2889
f 2889/2889/2889 2995/2995/2995 2881/2881/2881
f 2945/2945/2945 3633/3633/3633 3632/3632/3632
f 2944/2944/2944 3633/3633/3633 2945/2945/2945
f 2944/2944/2944 2951/2951/2951 3633/3633/3633
f 2951/2951/2951 2944/2944/2944 3274/3274/3274
f 3274/3274/3274 3262/3262/3262 2951/2951/2951
f 2951/2951/2951 3262/3262/3262 2928/2928/2928
f 2945/2945/2945 3269/3269/3269 2944/2944/2944
f 3274/3274/3274 2944/2944/2944 3269/3269/3269
f 3279/3279/3279 3274/3274/3274 3269/3269/3269
f 3277/3277/3277 3274/3274/3274 3279/3279/3279
f 3276/3276/3276 3274/3274/3274 3277/3277/3277
f 3262/3262/3262 3274/3274/3274 3276/3276/3276
f 3264/3264/3264 3262/3262/3262 3276/3276/3276
f 3261/3261/3261 3262/3262/3262 3264/3264/3264
f 3262/3262/3262 3261/3261/3261 2928/2928/2928
f 2928/2928/2928 3261/3261/3261 3182/3182/3182
f 3006/3006/3006 2928/2928/2928 3182/3182/3182
f 2930/2930/2930 3006/3006/3006 3182/3182/3182
f 3279/3279/3279 3273/3273/3273 3277/3277/3277
f 3275/3275/3275 3277/3277/3277 3273/3273/3273
f 3276/3276/3276 3277/3277/3277 3275/3275/3275
f 3266/3266/3266 3276/3276/3276 3275/3275/3275
f 3264/3264/3264 3276/3276/3276 3266/3266/3266
f 3267/3267/3267 3273/3273/3273 3279/3279/3279
f 3273/3273/3273 3267/3267/3267 3270/3270/3270
f 3338/3338/3338 3273/3273/3273 3270/3270/3270
f 3275/3275/3275 3273/3273/3273 3338/3338/3338
f 3338/3338/3338 3271/3271/3271 3275/3275/3275
f 3275/3275/3275 3271/3271/3271 3266/3266/3266
f 3270/3270/3270 3267/3267/3267 3278/3278/3278
f 3270/3270/3270 3278/3278/3278 3325/3325/3325
f 3268/3268/3268 3270/3270/3270 3325/3325/3325
f 3338/3338/3338 3270/3270/3270 3268/3268/3268
f 3268/3268/3268 3359/3359/3359 3338/3338/3338
f 3338/3338/3338 3359/3359/3359 3271/3271/3271
f 3325/3325/3325 3278/3278/3278 3355/3355/3355
f 3325/3325/3325 3355/3355/3355 3342/3342/3342
f 3358/3358/3358 3325/3325/3325 3342/3342/3342
f 3268/3268/3268 3325/3325/3325 3358/3358/3358
f 3354/3354/3354 3268/3268/3268 3358/3358/3358
f 3359/3359/3359 3268/3268/3268 3354/3354/3354
f 3342/3342/3342 3355/3355/3355 3357/3357/3357
f 3342/3342/3342 3357/3357/3357 3360/3360/3360
f 3327/3327/3327 3342/3342/3342 3360/3360/3360
f 3358/3358/3358 3342/3342/3342 3327/3327/3327
f 3353/3353/3353 3358/3358/3358 3327/3327/3327
f 3354/3354/3354 3358/3358/3358 3353/3353/3353
f 3360/3360/3360 3357/3357/3357 3347/3347/3347
f 3360/3360/3360 3347/3347/3347 3348/3348/3348
f 3352/3352/3352 3360/3360/3360 3348/3348/3348
f 3350/3350/3350 3360/3360/3360 3352/3352/3352
f 3350/3350/3350 3327/3327/3327 3360/3360/3360
f 3320/3320/3320 3327/3327/3327 3350/3350/3350
f 3320/3320/3320 3216/3216/3216 3327/3327/3327
f 3327/3327/3327 3216/3216/3216 3353/3353/3353
f 3348/3348/3348 3347/3347/3347 3349/3349/3349
f 3263/3263/3263 3350/3350/3350 3352/3352/3352
f 3315/3315/3315 3350/3350/3350 3263/3263/3263
f 3315/3315/3315 3320/3320/3320 3350/3350/3350
f 3215/3215/3215 3320/3320/3320 3315/3315/3315
f 3223/3223/3223 3320/3320/3320 3215/3215/3215
f 3216/3216/3216 3320/3320/3320 3223/3223/3223
f 3223/3223/3223 2989/2989/2989 3216/3216/3216
f 2989/2989/2989 3223/3223/3223 3166/3166/3166
f 3156/3156/3156 2989/2989/2989 3166/3166/3166
f 2989/2989/2989 3156/3156/3156 2515/2515/2515
f 3315/3315/3315 3263/3263/3263 3258/3258/3258
f 3221/3221/3221 3315/3315/3315 3258/3258/3258
f 3215/3215/3215 3315/3315/3315 3221/3221/3221
f 3221/3221/3221 2990/2990/2990 3215/3215/3215
f 2998/2998/2998 3215/3215/3215 2990/2990/2990
f 3223/3223/3223 3215/3215/3215 2998/2998/2998
f 3166/3166/3166 3223/3223/3223 2998/2998/2998
f 3258/3258/3258 3263/3263/3263 3257/3257/3257
f 3258/3258/3258 3257/3257/3257 3259/3259/3259
f 3259/3259/3259 3221/3221/3221 3258/3258/3258
f 3222/3222/3222 3221/3221/3221 3259/3259/3259
f 3222/3222/3222 2991/2991/2991 3221/3221/3221
f 2991/2991/2991 2990/2990/2990 3221/3221/3221
f 2991/2991/2991 2980/2980/2980 2990/2990/2990
f 2981/2981/2981 2990/2990/2990 2980/2980/2980
f 2998/2998/2998 2990/2990/2990 2981/2981/2981
f 2982/2982/2982 2998/2998/2998 2981/2981/2981
f 3166/3166/3166 2998/2998/2998 2982/2982/2982
f 3259/3259/3259 3257/3257/3257 3256/3256/3256
f 2992/2992/2992 2991/2991/2991 3222/3222/3222
f 2992/2992/2992 2983/2983/2983 2991/2991/2991
f 2983/2983/2983 2980/2980/2980 2991/2991/2991
f 2983/2983/2983 3040/3040/3040 2980/2980/2980
f 3040/3040/3040 3042/3042/3042 2980/2980/2980
f 2980/2980/2980 3042/3042/3042 2981/2981/2981
f 3042/3042/3042 2978/2978/2978 2981/2981/2981
f 2981/2981/2981 2978/2978/2978 2982/2982/2982
f 3146/3146/3146 2982/2982/2982 2978/2978/2978
f 3164/3164/3164 2982/2982/2982 3146/3146/3146
f 3164/3164/3164 3166/3166/3166 2982/2982/2982
f 3035/3035/3035 2983/2983/2983 2992/2992/2992
f 3035/3035/3035 3031/3031/3031 2983/2983/2983
f 3031/3031/3031 3040/3040/3040 2983/2983/2983
f 3031/3031/3031 3026/3026/3026 3040/3040/3040
f 3040/3040/3040 3026/3026/3026 3038/3038/3038
f 3038/3038/3038 3039/3039/3039 3040/3040/3040
f 3040/3040/3040 3039/3039/3039 3042/3042/3042
f 3039/3039/3039 3146/3146/3146 3042/3042/3042
f 3042/3042/3042 3146/3146/3146 2978/2978/2978
f 3024/3024/3024 3031/3031/3031 3035/3035/3035
f 3027/3027/3027 3031/3031/3031 3024/3024/3024
f 3026/3026/3026 3031/3031/3031 3027/3027/3027
f 3137/3137/3137 3166/3166/3166 3164/3164/3164
f 3156/3156/3156 3166/3166/3166 3137/3137/3137
f 2515/2515/2515 3156/3156/3156 3137/3137/3137
f 2516/2516/2516 2515/2515/2515 3137/3137/3137
f 2525/2525/2525 2515/2515/2515 2516/2516/2516
f 2516/2516/2516 2494/2494/2494 2525/2525/2525
f 2525/2525/2525 2494/2494/2494 2533/2533/2533
f 2533/2533/2533 2524/2524/2524 2525/2525/2525
f 2533/2533/2533 2534/2534/2534 2524/2524/2524
f 2494/2494/2494 2534/2534/2534 2533/2533/2533
f 2521/2521/2521 2534/2534/2534 2494/2494/2494
f 2534/2534/2534 2521/2521/2521 2529/2529/2529
f 2529/2529/2529 2521/2521/2521 2530/2530/2530
f 2518/2518/2518 2529/2529/2529 2530/2530/2530
f 2520/2520/2520 2529/2529/2529 2518/2518/2518
f 2514/2514/2514 2520/2520/2520 2518/2518/2518
f 2519/2519/2519 2520/2520/2520 2514/2514/2514
f 2930/2930/2930 3182/3182/3182 3260/3260/3260
f 3260/3260/3260 3182/3182/3182 3261/3261/3261
f 3260/3260/3260 3261/3261/3261 3323/3323/3323
f 3323/3323/3323 3261/3261/3261 3264/3264/3264
f 2845/2845/2845 2853/2853/2853 2862/2862/2862
f 2863/2863/2863 2853/2853/2853 2845/2845/2845
f 2863/2863/2863 2849/2849/2849 2853/2853/2853
f 2850/2850/2850 2849/2849/2849 2863/2863/2863
f 2837/2837/2837 2849/2849/2849 2850/2850/2850
f 2835/2835/2835 2849/2849/2849 2837/2837/2837
f 2837/2837/2837 2839/2839/2839 2835/2835/2835
f 2855/2855/2855 2839/2839/2839 2837/2837/2837
f 2839/2839/2839 2855/2855/2855 2854/2854/2854
f 2854/2854/2854 2855/2855/2855 2833/2833/2833
f 2854/2854/2854 2833/2833/2833 2834/2834/2834
f 2837/2837/2837 2850/2850/2850 2804/2804/2804
f 2804/2804/2804 2806/2806/2806 2837/2837/2837
f 2837/2837/2837 2806/2806/2806 2855/2855/2855
f 2806/2806/2806 2824/2824/2824 2855/2855/2855
f 2855/2855/2855 2824/2824/2824 2833/2833/2833
f 2824/2824/2824 2808/2808/2808 2833/2833/2833
f 2833/2833/2833 2808/2808/2808 2848/2848/2848
f 2833/2833/2833 2848/2848/2848 2836/2836/2836
f 2834/2834/2834 2833/2833/2833 2836/2836/2836
f 3020/3020/3020 3023/3023/3023 2900/2900/2900
f 3020/3020/3020 2900/2900/2900 3028/3028/3028
f 3028/3028/3028 2900/2900/2900 3167/3167/3167
f 3167/3167/3167 3135/3135/3135 3028/3028/3028
f 3167/3167/3167 3150/3150/3150 3135/3135/3135
f 3110/3110/3110 3150/3150/3150 3167/3167/3167
f 3110/3110/3110 3131/3131/3131 3150/3150/3150
f 3110/3110/3110 3113/3113/3113 3131/3131/3131
f 3131/3131/3131 3113/3113/3113 3106/3106/3106
f 3128/3128/3128 3106/3106/3106 3113/3113/3113
f 3128/3128/3128 3113/3113/3113 2923/2923/2923
f 2923/2923/2923 3113/3113/3113 2925/2925/2925
f 2925/2925/2925 2926/2926/2926 2923/2923/2923
f 2925/2925/2925 2927/2927/2927 2926/2926/2926
f 2927/2927/2927 2925/2925/2925 2921/2921/2921
f 2921/2921/2921 2925/2925/2925 2975/2975/2975
f 2975/2975/2975 2919/2919/2919 2921/2921/2921
f 2975/2975/2975 3088/3088/3088 2919/2919/2919
f 2975/2975/2975 2913/2913/2913 3088/3088/3088
f 3088/3088/3088 2913/2913/2913 2915/2915/2915
f 2913/2913/2913 2911/2911/2911 2915/2915/2915
f 2913/2913/2913 2917/2917/2917 2911/2911/2911
f 2917/2917/2917 2913/2913/2913 3122/3122/3122
f 3122/3122/3122 2913/2913/2913 3148/3148/3148
f 3148/3148/3148 3127/3127/3127 3122/3122/3122
f 2912/2912/2912 3127/3127/3127 3148/3148/3148
f 2912/2912/2912 3148/3148/3148 3145/3145/3145
f 3145/3145/3145 3148/3148/3148 3158/3158/3158
f 3158/3158/3158 3155/3155/3155 3145/3145/3145
f 3158/3158/3158 3132/3132/3132 3155/3155/3155
f 3132/3132/3132 3163/3163/3163 3155/3155/3155
f 3155/3155/3155 3163/3163/3163 3151/3151/3151
f 3117/3117/3117 3132/3132/3132 3158/3158/3158
f 3117/3117/3117 3162/3162/3162 3132/3132/3132
f 3132/3132/3132 3162/3162/3162 3163/3163/3163
f 3130/3130/3130 3162/3162/3162 3117/3117/3117
f 3118/3118/3118 3130/3130/3130 3117/3117/3117
f 3117/3117/3117 3119/3119/3119 3118/3118/3118
f 3129/3129/3129 3119/3119/3119 3117/3117/3117
f 3134/3134/3134 3119/3119/3119 3129/3129/3129
f 3133/3133/3133 3119/3119/3119 3134/3134/3134
f 3153/3153/3153 3133/3133/3133 3134/3134/3134
f 2986/2986/2986 3153/3153/3153 3134/3134/3134
f 2986/2986/2986 3134/3134/3134 2985/2985/2985
f 3511/3511/3511 3420/3420/3420 3423/3423/3423
f 3421/3421/3421 3420/3420/3420 3511/3511/3511
f 3531/3531/3531 3510/3510/3510 3512/3512/3512
f 3513/3513/3513 3510/3510/3510 3531/3531/3531
f 3525/3525/3525 3522/3522/3522 3526/3526/3526
f 3460/3460/3460 3522/3522/3522 3525/3525/3525
f 3460/3460/3460 3532/3532/3532 3522/3522/3522
f 3524/3524/3524 3532/3532/3532 3460/3460/3460
f 3253/3253/3253 3532/3532/3532 3524/3524/3524
f 3296/3296/3296 3532/3532/3532 3253/3253/3253
f 3293/3293/3293 3296/3296/3296 3253/3253/3253
f 3298/3298/3298 3296/3296/3296 3293/3293/3293
f 3525/3525/3525 973/973/973 3460/3460/3460
f 3460/3460/3460 973/973/973 3243/3243/3243
f 3460/3460/3460 3243/3243/3243 3524/3524/3524
f 3524/3524/3524 3243/3243/3243 3251/3251/3251
f 3524/3524/3524 3251/3251/3251 3253/3253/3253
f 3253/3253/3253 3251/3251/3251 3247/3247/3247
f 3247/3247/3247 3286/3286/3286 3253/3253/3253
f 3253/3253/3253 3286/3286/3286 3252/3252/3252
f 3253/3253/3253 3252/3252/3252 3293/3293/3293
f 973/973/973 976/976/976 3243/3243/3243
f 3243/3243/3243 976/976/976 3251/3251/3251
f 3251/3251/3251 976/976/976 3246/3246/3246
f 3251/3251/3251 3246/3246/3246 3247/3247/3247
f 3247/3247/3247 3246/3246/3246 3248/3248/3248
f 3247/3247/3247 3248/3248/3248 3286/3286/3286
f 3248/3248/3248 3285/3285/3285 3286/3286/3286
f 3286/3286/3286 3285/3285/3285 3716/3716/3716
f 3716/3716/3716 3252/3252/3252 3286/3286/3286
f 973/973/973 974/974/974 976/976/976
f 976/976/976 974/974/974 3241/3241/3241
f 3241/3241/3241 3246/3246/3246 976/976/976
f 3240/3240/3240 3246/3246/3246 3241/3241/3241
f 3246/3246/3246 3240/3240/3240 3248/3248/3248
f 3248/3248/3248 3240/3240/3240 3245/3245/3245
f 3301/3301/3301 3248/3248/3248 3245/3245/3245
f 3285/3285/3285 3248/3248/3248 3301/3301/3301
f 975/975/975 974/974/974 973/973/973
f 975/975/975 3851/3851/3851 974/974/974
f 3889/3889/3889 974/974/974 3851/3851/3851
f 3249/3249/3249 974/974/974 3889/3889/3889
f 3241/3241/3241 974/974/974 3249/3249/3249
f 3249/3249/3249 1003/1003/1003 3241/3241/3241
f 3241/3241/3241 1003/1003/1003 3240/3240/3240
f 1003/1003/1003 3245/3245/3245 3240/3240/3240
f 1002/1002/1002 3245/3245/3245 1003/1003/1003
f 3245/3245/3245 1002/1002/1002 3301/3301/3301
f 975/975/975 973/973/973 3521/3521/3521
f 975/975/975 3521/3521/3521 3848/3848/3848
f 3848/3848/3848 3851/3851/3851 975/975/975
f 3850/3850/3850 3851/3851/3851 3848/3848/3848
f 3902/3902/3902 3851/3851/3851 3850/3850/3850
f 3902/3902/3902 3889/3889/3889 3851/3851/3851
f 3890/3890/3890 3889/3889/3889 3902/3902/3902
f 3890/3890/3890 3898/3898/3898 3889/3889/3889
f 3889/3889/3889 3898/3898/3898 3249/3249/3249
f 3249/3249/3249 3898/3898/3898 1003/1003/1003
f 3898/3898/3898 3894/3894/3894 1003/1003/1003
f 1003/1003/1003 3894/3894/3894 1002/1002/1002
f 3848/3848/3848 3521/3521/3521 3568/3568/3568
f 3425/3425/3425 3848/3848/3848 3568/3568/3568
f 3850/3850/3850 3848/3848/3848 3425/3425/3425
f 3466/3466/3466 3850/3850/3850 3425/3425/3425
f 3846/3846/3846 3850/3850/3850 3466/3466/3466
f 3846/3846/3846 3902/3902/3902 3850/3850/3850
f 3847/3847/3847 3902/3902/3902 3846/3846/3846
f 3893/3893/3893 3902/3902/3902 3847/3847/3847
f 3890/3890/3890 3902/3902/3902 3893/3893/3893
f 3568/3568/3568 3521/3521/3521 3468/3468/3468
f 3424/3424/3424 3568/3568/3568 3468/3468/3468
f 3568/3568/3568 3424/3424/3424 3426/3426/3426
f 3568/3568/3568 3426/3426/3426 3425/3425/3425
f 3425/3425/3425 3426/3426/3426 3427/3427/3427
f 3467/3467/3467 3425/3425/3425 3427/3427/3427
f 3466/3466/3466 3425/3425/3425 3467/3467/3467
f 3468/3468/3468 3521/3521/3521 3523/3523/3523
f 3461/3461/3461 3466/3466/3466 3467/3467/3467
f 3462/3462/3462 3466/3466/3466 3461/3461/3461
f 3462/3462/3462 3846/3846/3846 3466/3466/3466
f 3877/3877/3877 3846/3846/3846 3462/3462/3462
f 3846/3846/3846 3877/3877/3877 3847/3847/3847
f 3847/3847/3847 3877/3877/3877 3876/3876/3876
f 3876/3876/3876 3893/3893/3893 3847/3847/3847
f 3462/3462/3462 3461/3461/3461 3702/3702/3702
f 3462/3462/3462 3702/3702/3702 3877/3877/3877
f 3877/3877/3877 3702/3702/3702 3882/3882/3882
f 3882/3882/3882 3876/3876/3876 3877/3877/3877
f 3881/3881/3881 3876/3876/3876 3882/3882/3882
f 3881/3881/3881 3845/3845/3845 3876/3876/3876
f 3845/3845/3845 3893/3893/3893 3876/3876/3876
f 3899/3899/3899 3893/3893/3893 3845/3845/3845
f 3890/3890/3890 3893/3893/3893 3899/3899/3899
f 3899/3899/3899 3898/3898/3898 3890/3890/3890
f 3702/3702/3702 3461/3461/3461 3870/3870/3870
f 3899/3899/3899 3894/3894/3894 3898/3898/3898
f 3895/3895/3895 3894/3894/3894 3899/3899/3899
f 3895/3895/3895 3844/3844/3844 3894/3894/3894
f 3844/3844/3844 1002/1002/1002 3894/3894/3894
f 3335/3335/3335 1002/1002/1002 3844/3844/3844
f 3301/3301/3301 1002/1002/1002 3335/3335/3335
f 3899/3899/3899 3892/3892/3892 3895/3895/3895
f 3799/3799/3799 3895/3895/3895 3892/3892/3892
f 3793/3793/3793 3895/3895/3895 3799/3799/3799
f 3793/3793/3793 3844/3844/3844 3895/3895/3895
f 3793/3793/3793 3795/3795/3795 3844/3844/3844
f 3844/3844/3844 3795/3795/3795 3852/3852/3852
f 3337/3337/3337 3844/3844/3844 3852/3852/3852
f 3335/3335/3335 3844/3844/3844 3337/3337/3337
f 3845/3845/3845 3892/3892/3892 3899/3899/3899
f 3892/3892/3892 3845/3845/3845 3881/3881/3881
f 3881/3881/3881 3799/3799/3799 3892/3892/3892
f 3854/3854/3854 3799/3799/3799 3881/3881/3881
f 3854/3854/3854 3836/3836/3836 3799/3799/3799
f 3836/3836/3836 3807/3807/3807 3799/3799/3799
f 3799/3799/3799 3807/3807/3807 3793/3793/3793
f 3807/3807/3807 3795/3795/3795 3793/3793/3793
f 3807/3807/3807 3798/3798/3798 3795/3795/3795
f 3798/3798/3798 3797/3797/3797 3795/3795/3795
f 3795/3795/3795 3797/3797/3797 3852/3852/3852
f 3852/3852/3852 3797/3797/3797 3337/3337/3337
f 3872/3872/3872 3854/3854/3854 3881/3881/3881
f 1769/1769/1769 3854/3854/3854 3872/3872/3872
f 1739/1739/1739 3854/3854/3854 1769/1769/1769
f 1739/1739/1739 3836/3836/3836 3854/3854/3854
f 3881/3881/3881 3882/3882/3882 3872/3872/3872
f 3884/3884/3884 3872/3872/3872 3882/3882/3882
f 3883/3883/3883 3872/3872/3872 3884/3884/3884
f 3883/3883/3883 1769/1769/1769 3872/3872/3872
f 1762/1762/1762 1769/1769/1769 3883/3883/3883
f 1754/1754/1754 1769/1769/1769 1762/1762/1762
f 1759/1759/1759 1769/1769/1769 1754/1754/1754
f 1759/1759/1759 1739/1739/1739 1769/1769/1769
f 1748/1748/1748 1739/1739/1739 1759/1759/1759
f 1757/1757/1757 1748/1748/1748 1759/1759/1759
f 1761/1761/1761 1748/1748/1748 1757/1757/1757
f 3884/3884/3884 3871/3871/3871 3883/3883/3883
f 3883/3883/3883 3871/3871/3871 3886/3886/3886
f 3886/3886/3886 1762/1762/1762 3883/3883/3883
f 1756/1756/1756 1762/1762/1762 3886/3886/3886
f 1770/1770/1770 1762/1762/1762 1756/1756/1756
f 1754/1754/1754 1762/1762/1762 1770/1770/1770
f 1770/1770/1770 1753/1753/1753 1754/1754/1754
f 1753/1753/1753 1759/1759/1759 1754/1754/1754
f 1757/1757/1757 1759/1759/1759 1753/1753/1753
f 3870/3870/3870 3871/3871/3871 3884/3884/3884
f 3888/3888/3888 3871/3871/3871 3870/3870/3870
f 3888/3888/3888 3887/3887/3887 3871/3871/3871
f 3887/3887/3887 3856/3856/3856 3871/3871/3871
f 3871/3871/3871 3856/3856/3856 3886/3886/3886
f 3781/3781/3781 3886/3886/3886 3856/3856/3856
f 1756/1756/1756 3886/3886/3886 3781/3781/3781
f 1756/1756/1756 3781/3781/3781 3824/3824/3824
f 3875/3875/3875 1756/1756/1756 3824/3824/3824
f 1770/1770/1770 1756/1756/1756 3875/3875/3875
f 1758/1758/1758 1770/1770/1770 3875/3875/3875
f 1758/1758/1758 1753/1753/1753 1770/1770/1770
f 1085/1085/1085 3887/3887/3887 3888/3888/3888
f 1085/1085/1085 1079/1079/1079 3887/3887/3887
f 3887/3887/3887 1079/1079/1079 1083/1083/1083
f 1083/1083/1083 1081/1081/1081 3887/3887/3887
f 3887/3887/3887 1081/1081/1081 3856/3856/3856
f 1081/1081/1081 1061/1061/1061 3856/3856/3856
f 3856/3856/3856 1061/1061/1061 3781/3781/3781
f 1061/1061/1061 3864/3864/3864 3781/3781/3781
f 3864/3864/3864 3824/3824/3824 3781/3781/3781
f 3875/3875/3875 3824/3824/3824 3864/3864/3864
f 3875/3875/3875 3864/3864/3864 3779/3779/3779
f 3779/3779/3779 3826/3826/3826 3875/3875/3875
f 3875/3875/3875 3826/3826/3826 1758/1758/1758
f 1079/1079/1079 1086/1086/1086 1083/1083/1083
f 1086/1086/1086 1097/1097/1097 1083/1083/1083
f 1083/1083/1083 1097/1097/1097 1081/1081/1081
f 1097/1097/1097 1075/1075/1075 1081/1081/1081
f 1081/1081/1081 1075/1075/1075 1061/1061/1061
f 1075/1075/1075 1078/1078/1078 1061/1061/1061
f 1078/1078/1078 3780/3780/3780 1061/1061/1061
f 3780/3780/3780 3864/3864/3864 1061/1061/1061
f 3780/3780/3780 3778/3778/3778 3864/3864/3864
f 3779/3779/3779 3864/3864/3864 3778/3778/3778
f 1084/1084/1084 1086/1086/1086 1079/1079/1079
f 1084/1084/1084 1056/1056/1056 1086/1086/1086
f 1086/1086/1086 1056/1056/1056 1076/1076/1076
f 1097/1097/1097 1086/1086/1086 1076/1076/1076
f 1075/1075/1075 1097/1097/1097 1076/1076/1076
f 1098/1098/1098 1075/1075/1075 1076/1076/1076
f 1098/1098/1098 1078/1078/1078 1075/1075/1075
f 1078/1078/1078 1746/1746/1746 3780/3780/3780
f 1746/1746/1746 3778/3778/3778 3780/3780/3780
f 1738/1738/1738 3778/3778/3778 1746/1746/1746
f 1738/1738/1738 3775/3775/3775 3778/3778/3778
f 3778/3778/3778 3775/3775/3775 3779/3779/3779
f 3779/3779/3779 3775/3775/3775 3826/3826/3826
f 3826/3826/3826 3775/3775/3775 3863/3863/3863
f 3826/3826/3826 3863/3863/3863 3825/3825/3825
f 3826/3826/3826 3825/3825/3825 3865/3865/3865
f 3826/3826/3826 3865/3865/3865 1758/1758/1758
f 1738/1738/1738 1749/1749/1749 3775/3775/3775
f 3775/3775/3775 1749/1749/1749 3863/3863/3863
f 1749/1749/1749 3823/3823/3823 3863/3863/3863
f 3823/3823/3823 3862/3862/3862 3863/3863/3863
f 3863/3863/3863 3862/3862/3862 3821/3821/3821
f 3863/3863/3863 3821/3821/3821 3825/3825/3825
f 1749/1749/1749 1738/1738/1738 1747/1747/1747
f 1747/1747/1747 991/991/991 1749/1749/1749
f 991/991/991 3822/3822/3822 1749/1749/1749
f 3822/3822/3822 3823/3823/3823 1749/1749/1749
f 3823/3823/3823 3822/3822/3822 3770/3770/3770
f 3873/3873/3873 3823/3823/3823 3770/3770/3770
f 3862/3862/3862 3823/3823/3823 3873/3873/3873
f 3862/3862/3862 3873/3873/3873 3821/3821/3821
f 3873/3873/3873 3825/3825/3825 3821/3821/3821
f 993/993/993 991/991/991 1747/1747/1747
f 991/991/991 993/993/993 3238/3238/3238
f 3239/3239/3239 991/991/991 3238/3238/3238
f 3239/3239/3239 3874/3874/3874 991/991/991
f 991/991/991 3874/3874/3874 3776/3776/3776
f 3776/3776/3776 3822/3822/3822 991/991/991
f 3822/3822/3822 3776/3776/3776 3777/3777/3777
f 3770/3770/3770 3822/3822/3822 3777/3777/3777
f 3777/3777/3777 3819/3819/3819 3770/3770/3770
f 3819/3819/3819 3769/3769/3769 3770/3770/3770
f 3770/3770/3770 3769/3769/3769 3873/3873/3873
f 3769/3769/3769 3825/3825/3825 3873/3873/3873
f 3239/3239/3239 3536/3536/3536 3874/3874/3874
f 3874/3874/3874 3536/3536/3536 3772/3772/3772
f 3874/3874/3874 3772/3772/3772 3820/3820/3820
f 3874/3874/3874 3820/3820/3820 3776/3776/3776
f 3776/3776/3776 3820/3820/3820 3815/3815/3815
f 3777/3777/3777 3776/3776/3776 3815/3815/3815
f 3777/3777/3777 3815/3815/3815 3819/3819/3819
f 3536/3536/3536 3239/3239/3239 3533/3533/3533
f 3534/3534/3534 3536/3536/3536 3533/3533/3533
f 3534/3534/3534 3660/3660/3660 3536/3536/3536
f 3536/3536/3536 3660/3660/3660 3757/3757/3757
f 3757/3757/3757 3773/3773/3773 3536/3536/3536
f 3536/3536/3536 3773/3773/3773 3772/3772/3772
f 3773/3773/3773 1681/1681/1681 3772/3772/3772
f 3772/3772/3772 1681/1681/1681 1680/1680/1680
f 3820/3820/3820 3772/3772/3772 1680/1680/1680
f 1680/1680/1680 3859/3859/3859 3820/3820/3820
f 3820/3820/3820 3859/3859/3859 3815/3815/3815
f 3815/3815/3815 3859/3859/3859 3869/3869/3869
f 3819/3819/3819 3815/3815/3815 3869/3869/3869
f 3682/3682/3682 3757/3757/3757 3660/3660/3660
f 3682/3682/3682 3388/3388/3388 3757/3757/3757
f 3757/3757/3757 3388/3388/3388 3405/3405/3405
f 3767/3767/3767 3757/3757/3757 3405/3405/3405
f 3773/3773/3773 3757/3757/3757 3767/3767/3767
f 3767/3767/3767 1651/1651/1651 3773/3773/3773
f 3773/3773/3773 1651/1651/1651 1681/1681/1681
f 1650/1650/1650 1681/1681/1681 1651/1651/1651
f 1650/1650/1650 1680/1680/1680 1681/1681/1681
f 1667/1667/1667 1680/1680/1680 1650/1650/1650
f 1667/1667/1667 3859/3859/3859 1680/1680/1680
f 3756/3756/3756 3388/3388/3388 3682/3682/3682
f 3386/3386/3386 3388/3388/3388 3756/3756/3756
f 3388/3388/3388 3386/3386/3386 3759/3759/3759
f 3388/3388/3388 3759/3759/3759 3405/3405/3405
f 3405/3405/3405 3759/3759/3759 3404/3404/3404
f 3768/3768/3768 3405/3405/3405 3404/3404/3404
f 1654/1654/1654 3405/3405/3405 3768/3768/3768
f 1654/1654/1654 3767/3767/3767 3405/3405/3405
f 3756/3756/3756 3682/3682/3682 3664/3664/3664
f 3756/3756/3756 3664/3664/3664 3402/3402/3402
f 3756/3756/3756 3402/3402/3402 3411/3411/3411
f 3411/3411/3411 3386/3386/3386 3756/3756/3756
f 3387/3387/3387 3386/3386/3386 3411/3411/3411
f 3759/3759/3759 3386/3386/3386 3387/3387/3387
f 3759/3759/3759 3387/3387/3387 3689/3689/3689
f 3742/3742/3742 3759/3759/3759 3689/3689/3689
f 3404/3404/3404 3759/3759/3759 3742/3742/3742
f 3664/3664/3664 3673/3673/3673 3402/3402/3402
f 3402/3402/3402 3673/3673/3673 3662/3662/3662
f 3662/3662/3662 3411/3411/3411 3402/3402/3402
f 3410/3410/3410 3411/3411/3411 3662/3662/3662
f 3385/3385/3385 3411/3411/3411 3410/3410/3410
f 3385/3385/3385 3387/3387/3387 3411/3411/3411
f 3718/3718/3718 3387/3387/3387 3385/3385/3385
f 3719/3719/3719 3387/3387/3387 3718/3718/3718
f 3719/3719/3719 3689/3689/3689 3387/3387/3387
f 3689/3689/3689 3719/3719/3719 3710/3710/3710
f 3689/3689/3689 3710/3710/3710 3742/3742/3742
f 3673/3673/3673 3644/3644/3644 3662/3662/3662
f 3644/3644/3644 3675/3675/3675 3662/3662/3662
f 3675/3675/3675 3294/3294/3294 3662/3662/3662
f 3662/3662/3662 3294/3294/3294 3410/3410/3410
f 3294/3294/3294 3299/3299/3299 3410/3410/3410
f 3410/3410/3410 3299/3299/3299 3718/3718/3718
f 3410/3410/3410 3718/3718/3718 3385/3385/3385
f 3505/3505/3505 3644/3644/3644 3673/3673/3673
f 3644/3644/3644 3505/3505/3505 3665/3665/3665
f 3643/3643/3643 3644/3644/3644 3665/3665/3665
f 3643/3643/3643 3675/3675/3675 3644/3644/3644
f 3643/3643/3643 3653/3653/3653 3675/3675/3675
f 3653/3653/3653 3297/3297/3297 3675/3675/3675
f 3675/3675/3675 3297/3297/3297 3294/3294/3294
f 3297/3297/3297 3293/3293/3293 3294/3294/3294
f 3294/3294/3294 3293/3293/3293 3299/3299/3299
f 3293/3293/3293 3252/3252/3252 3299/3299/3299
f 3691/3691/3691 3299/3299/3299 3252/3252/3252
f 3718/3718/3718 3299/3299/3299 3691/3691/3691
f 3654/3654/3654 3643/3643/3643 3665/3665/3665
f 3654/3654/3654 3653/3653/3653 3643/3643/3643
f 3654/3654/3654 3638/3638/3638 3653/3653/3653
f 3638/3638/3638 3297/3297/3297 3653/3653/3653
f 3663/3663/3663 3297/3297/3297 3638/3638/3638
f 3663/3663/3663 3298/3298/3298 3297/3297/3297
f 3297/3297/3297 3298/3298/3298 3293/3293/3293
f 3721/3721/3721 3654/3654/3654 3665/3665/3665
f 3640/3640/3640 3654/3654/3654 3721/3721/3721
f 3640/3640/3640 3638/3638/3638 3654/3654/3654
f 3691/3691/3691 3719/3719/3719 3718/3718/3718
f 3713/3713/3713 3719/3719/3719 3691/3691/3691
f 3710/3710/3710 3719/3719/3719 3713/3713/3713
f 3657/3657/3657 3710/3710/3710 3713/3713/3713
f 3717/3717/3717 3710/3710/3710 3657/3657/3657
f 3717/3717/3717 3747/3747/3747 3710/3710/3710
f 3747/3747/3747 3742/3742/3742 3710/3710/3710
f 3691/3691/3691 3716/3716/3716 3713/3713/3713
f 3713/3713/3713 3716/3716/3716 3657/3657/3657
f 3716/3716/3716 3709/3709/3709 3657/3657/3657
f 3657/3657/3657 3709/3709/3709 3720/3720/3720
f 3720/3720/3720 3717/3717/3717 3657/3657/3657
f 3656/3656/3656 3717/3717/3717 3720/3720/3720
f 3717/3717/3717 3656/3656/3656 3333/3333/3333
f 3717/3717/3717 3333/3333/3333 3330/3330/3330
f 3330/3330/3330 3747/3747/3747 3717/3717/3717
f 3691/3691/3691 3252/3252/3252 3716/3716/3716
f 3333/3333/3333 3656/3656/3656 3383/3383/3383
f 3285/3285/3285 3709/3709/3709 3716/3716/3716
f 3709/3709/3709 3285/3285/3285 3751/3751/3751
f 3751/3751/3751 3285/3285/3285 3301/3301/3301
f 3751/3751/3751 3301/3301/3301 3334/3334/3334
f 3334/3334/3334 3301/3301/3301 3335/3335/3335
f 3337/3337/3337 3334/3334/3334 3335/3335/3335
f 3337/3337/3337 3336/3336/3336 3334/3334/3334
f 3334/3334/3334 3336/3336/3336 3399/3399/3399
f 3336/3336/3336 3284/3284/3284 3399/3399/3399
f 3399/3399/3399 3284/3284/3284 3383/3383/3383
f 3337/3337/3337 3797/3797/3797 3336/3336/3336
f 3794/3794/3794 3336/3336/3336 3797/3797/3797
f 3284/3284/3284 3336/3336/3336 3794/3794/3794
f 3791/3791/3791 3284/3284/3284 3794/3794/3794
f 3300/3300/3300 3284/3284/3284 3791/3791/3791
f 3284/3284/3284 3300/3300/3300 3345/3345/3345
f 3345/3345/3345 3300/3300/3300 3351/3351/3351
f 3292/3292/3292 3345/3345/3345 3351/3351/3351
f 3333/3333/3333 3345/3345/3345 3292/3292/3292
f 3798/3798/3798 3794/3794/3794 3797/3797/3797
f 3800/3800/3800 3794/3794/3794 3798/3798/3798
f 3800/3800/3800 3791/3791/3791 3794/3794/3794
f 3792/3792/3792 3791/3791/3791 3800/3800/3800
f 3792/3792/3792 3801/3801/3801 3791/3791/3791
f 3791/3791/3791 3801/3801/3801 3300/3300/3300
f 3300/3300/3300 3801/3801/3801 3362/3362/3362
f 3346/3346/3346 3300/3300/3300 3362/3362/3362
f 3351/3351/3351 3300/3300/3300 3346/3346/3346
f 3351/3351/3351 3346/3346/3346 3292/3292/3292
f 3800/3800/3800 3798/3798/3798 3831/3831/3831
f 3831/3831/3831 3783/3783/3783 3800/3800/3800
f 3783/3783/3783 3792/3792/3792 3800/3800/3800
f 3796/3796/3796 3792/3792/3792 3783/3783/3783
f 3796/3796/3796 3790/3790/3790 3792/3792/3792
f 3792/3792/3792 3790/3790/3790 3788/3788/3788
f 3788/3788/3788 3801/3801/3801 3792/3792/3792
f 3788/3788/3788 3803/3803/3803 3801/3801/3801
f 3803/3803/3803 3362/3362/3362 3801/3801/3801
f 3831/3831/3831 3798/3798/3798 3807/3807/3807
f 3763/3763/3763 3783/3783/3783 3831/3831/3831
f 3763/3763/3763 3787/3787/3787 3783/3783/3783
f 3787/3787/3787 3785/3785/3785 3783/3783/3783
f 3783/3783/3783 3785/3785/3785 3796/3796/3796
f 3785/3785/3785 3790/3790/3790 3796/3796/3796
f 3784/3784/3784 3790/3790/3790 3785/3785/3785
f 3784/3784/3784 3806/3806/3806 3790/3790/3790
f 3790/3790/3790 3806/3806/3806 3788/3788/3788
f 3806/3806/3806 3803/3803/3803 3788/3788/3788
f 3806/3806/3806 3789/3789/3789 3803/3803/3803
f 3789/3789/3789 3290/3290/3290 3803/3803/3803
f 3290/3290/3290 3362/3362/3362 3803/3803/3803
f 1761/1761/1761 3787/3787/3787 3763/3763/3763
f 1761/1761/1761 1757/1757/1757 3787/3787/3787
f 1757/1757/1757 3849/3849/3849 3787/3787/3787
f 3787/3787/3787 3849/3849/3849 3785/3785/3785
f 3849/3849/3849 3784/3784/3784 3785/3785/3785
f 3786/3786/3786 3784/3784/3784 3849/3849/3849
f 3786/3786/3786 3802/3802/3802 3784/3784/3784
f 3784/3784/3784 3802/3802/3802 3806/3806/3806
f 3802/3802/3802 3789/3789/3789 3806/3806/3806
f 3849/3849/3849 1757/1757/1757 3782/3782/3782
f 3782/3782/3782 3827/3827/3827 3849/3849/3849
f 3849/3849/3849 3827/3827/3827 3786/3786/3786
f 3786/3786/3786 3827/3827/3827 3805/3805/3805
f 3808/3808/3808 3786/3786/3786 3805/3805/3805
f 3802/3802/3802 3786/3786/3786 3808/3808/3808
f 3808/3808/3808 3789/3789/3789 3802/3802/3802
f 3782/3782/3782 1757/1757/1757 1753/1753/1753
f 1753/1753/1753 3865/3865/3865 3782/3782/3782
f 3782/3782/3782 3865/3865/3865 3880/3880/3880
f 3782/3782/3782 3880/3880/3880 3827/3827/3827
f 3827/3827/3827 3880/3880/3880 3774/3774/3774
f 3827/3827/3827 3774/3774/3774 3805/3805/3805
f 3805/3805/3805 3774/3774/3774 3860/3860/3860
f 3860/3860/3860 3868/3868/3868 3805/3805/3805
f 3805/3805/3805 3868/3868/3868 3808/3808/3808
f 3868/3868/3868 3804/3804/3804 3808/3808/3808
f 3804/3804/3804 3789/3789/3789 3808/3808/3808
f 1753/1753/1753 1758/1758/1758 3865/3865/3865
f 3865/3865/3865 3825/3825/3825 3880/3880/3880
f 3880/3880/3880 3825/3825/3825 3774/3774/3774
f 3774/3774/3774 3825/3825/3825 3769/3769/3769
f 3769/3769/3769 3819/3819/3819 3774/3774/3774
f 3774/3774/3774 3819/3819/3819 3860/3860/3860
f 3819/3819/3819 3869/3869/3869 3860/3860/3860
f 3860/3860/3860 3869/3869/3869 3868/3868/3868
f 3868/3868/3868 3869/3869/3869 3867/3867/3867
f 3867/3867/3867 3804/3804/3804 3868/3868/3868
f 3867/3867/3867 1684/1684/1684 3804/3804/3804
f 3804/3804/3804 1684/1684/1684 3339/3339/3339
f 3339/3339/3339 3789/3789/3789 3804/3804/3804
f 3344/3344/3344 3789/3789/3789 3339/3339/3339
f 3344/3344/3344 3290/3290/3290 3789/3789/3789
f 3867/3867/3867 3869/3869/3869 3859/3859/3859
f 1667/1667/1667 3867/3867/3867 3859/3859/3859
f 1684/1684/1684 3867/3867/3867 1667/1667/1667
f 1667/1667/1667 1682/1682/1682 1684/1684/1684
f 1682/1682/1682 3291/3291/3291 1684/1684/1684
f 1684/1684/1684 3291/3291/3291 3339/3339/3339
f 3291/3291/3291 3340/3340/3340 3339/3339/3339
f 3339/3339/3339 3340/3340/3340 3344/3344/3344
f 3331/3331/3331 3344/3344/3344 3340/3340/3340
f 3290/3290/3290 3344/3344/3344 3331/3331/3331
f 3346/3346/3346 3290/3290/3290 3331/3331/3331
f 3362/3362/3362 3290/3290/3290 3346/3346/3346
f 1650/1650/1650 1682/1682/1682 1667/1667/1667
f 1682/1682/1682 1650/1650/1650 3403/3403/3403
f 1682/1682/1682 3403/3403/3403 3291/3291/3291
f 3291/3291/3291 3403/3403/3403 3743/3743/3743
f 3291/3291/3291 3743/3743/3743 3340/3340/3340
f 3340/3340/3340 3743/3743/3743 3330/3330/3330
f 3330/3330/3330 3331/3331/3331 3340/3340/3340
f 3292/3292/3292 3331/3331/3331 3330/3330/3330
f 3292/3292/3292 3346/3346/3346 3331/3331/3331
f 3403/3403/3403 1650/1650/1650 1652/1652/1652
f 3404/3404/3404 3403/3403/3403 1652/1652/1652
f 3407/3407/3407 3403/3403/3403 3404/3404/3404
f 3407/3407/3407 3743/3743/3743 3403/3403/3403
f 3747/3747/3747 3743/3743/3743 3407/3407/3407
f 3743/3743/3743 3747/3747/3747 3330/3330/3330
f 1652/1652/1652 1650/1650/1650 1651/1651/1651
f 1652/1652/1652 1651/1651/1651 1653/1653/1653
f 1652/1652/1652 1653/1653/1653 3404/3404/3404
f 3404/3404/3404 1653/1653/1653 3768/3768/3768
f 1653/1653/1653 1654/1654/1654 3768/3768/3768
f 1654/1654/1654 1653/1653/1653 3767/3767/3767
f 3767/3767/3767 1653/1653/1653 1651/1651/1651
f 3330/3330/3330 3333/3333/3333 3292/3292/3292
f 3407/3407/3407 3742/3742/3742 3747/3747/3747
f 3404/3404/3404 3742/3742/3742 3407/3407/3407
f 3250/3250/3250 3582/3582/3582 3587/3587/3587
f 3242/3242/3242 3582/3582/3582 3250/3250/3250
f 3242/3242/3242 3566/3566/3566 3582/3582/3582
f 1004/1004/1004 3566/3566/3566 3242/3242/3242
f 1004/1004/1004 3565/3565/3565 3566/3566/3566
f 989/989/989 3565/3565/3565 1004/1004/1004
f 989/989/989 3567/3567/3567 3565/3565/3565
f 1094/1094/1094 3242/3242/3242 3250/3250/3250
f 1073/1073/1073 3242/3242/3242 1094/1094/1094
f 1073/1073/1073 1004/1004/1004 3242/3242/3242
f 1073/1073/1073 1095/1095/1095 1004/1004/1004
f 1004/1004/1004 1095/1095/1095 1005/1005/1005
f 1005/1005/1005 1006/1006/1006 1004/1004/1004
f 1004/1004/1004 1006/1006/1006 989/989/989
f 3250/3250/3250 3295/3295/3295 1094/1094/1094
f 1094/1094/1094 3295/3295/3295 1092/1092/1092
f 1091/1091/1091 1094/1094/1094 1092/1092/1092
f 1091/1091/1091 1095/1095/1095 1094/1094/1094
f 1094/1094/1094 1095/1095/1095 1073/1073/1073
f 3295/3295/3295 3496/3496/3496 1092/1092/1092
f 3496/3496/3496 3655/3655/3655 1092/1092/1092
f 3655/3655/3655 3724/3724/3724 1092/1092/1092
f 3735/3735/3735 1092/1092/1092 3724/3724/3724
f 1091/1091/1091 1092/1092/1092 3735/3735/3735
f 1091/1091/1091 3735/3735/3735 3475/3475/3475
f 3475/3475/3475 1095/1095/1095 1091/1091/1091
f 3509/3509/3509 1095/1095/1095 3475/3475/3475
f 3509/3509/3509 1005/1005/1005 1095/1095/1095
f 3496/3496/3496 3722/3722/3722 3655/3655/3655
f 3722/3722/3722 3731/3731/3731 3655/3655/3655
f 3731/3731/3731 3725/3725/3725 3655/3655/3655
f 3655/3655/3655 3725/3725/3725 3724/3724/3724
f 3725/3725/3725 3727/3727/3727 3724/3724/3724
f 3724/3724/3724 3727/3727/3727 3735/3735/3735
f 3472/3472/3472 3735/3735/3735 3727/3727/3727
f 3712/3712/3712 3735/3735/3735 3472/3472/3472
f 3475/3475/3475 3735/3735/3735 3712/3712/3712
f 3639/3639/3639 3722/3722/3722 3496/3496/3496
f 3639/3639/3639 3723/3723/3723 3722/3722/3722
f 3723/3723/3723 3695/3695/3695 3722/3722/3722
f 3722/3722/3722 3695/3695/3695 3690/3690/3690
f 3690/3690/3690 3731/3731/3731 3722/3722/3722
f 3690/3690/3690 3729/3729/3729 3731/3731/3731
f 3729/3729/3729 3728/3728/3728 3731/3731/3731
f 3731/3731/3731 3728/3728/3728 3725/3725/3725
f 3728/3728/3728 3727/3727/3727 3725/3725/3725
f 3681/3681/3681 3723/3723/3723 3639/3639/3639
f 3723/3723/3723 3681/3681/3681 3551/3551/3551
f 3548/3548/3548 3723/3723/3723 3551/3551/3551
f 3695/3695/3695 3723/3723/3723 3548/3548/3548
f 3556/3556/3556 3695/3695/3695 3548/3548/3548
f 3696/3696/3696 3695/3695/3695 3556/3556/3556
f 3696/3696/3696 3694/3694/3694 3695/3695/3695
f 3695/3695/3695 3694/3694/3694 3690/3690/3690
f 3694/3694/3694 3729/3729/3729 3690/3690/3690
f 3674/3674/3674 3681/3681/3681 3639/3639/3639
f 3674/3674/3674 3672/3672/3672 3681/3681/3681
f 3681/3681/3681 3672/3672/3672 3683/3683/3683
f 3681/3681/3681 3683/3683/3683 3552/3552/3552
f 3551/3551/3551 3681/3681/3681 3552/3552/3552
f 3551/3551/3551 3552/3552/3552 3557/3557/3557
f 3555/3555/3555 3551/3551/3551 3557/3557/3557
f 3548/3548/3548 3551/3551/3551 3555/3555/3555
f 3559/3559/3559 3548/3548/3548 3555/3555/3555
f 3556/3556/3556 3548/3548/3548 3559/3559/3559
f 3552/3552/3552 3683/3683/3683 3541/3541/3541
f 3552/3552/3552 3541/3541/3541 3542/3542/3542
f 3557/3557/3557 3552/3552/3552 3542/3542/3542
f 3557/3557/3557 3542/3542/3542 3611/3611/3611
f 2037/2037/2037 3557/3557/3557 3611/3611/3611
f 3555/3555/3555 3557/3557/3557 2037/2037/2037
f 3555/3555/3555 2037/2037/2037 3559/3559/3559
f 3559/3559/3559 2037/2037/2037 2000/2000/2000
f 2000/2000/2000 3543/3543/3543 3559/3559/3559
f 3543/3543/3543 3556/3556/3556 3559/3559/3559
f 3542/3542/3542 3541/3541/3541 3535/3535/3535
f 3535/3535/3535 3485/3485/3485 3542/3542/3542
f 3542/3542/3542 3485/3485/3485 3487/3487/3487
f 3611/3611/3611 3542/3542/3542 3487/3487/3487
f 3611/3611/3611 3487/3487/3487 2033/2033/2033
f 2033/2033/2033 2052/2052/2052 3611/3611/3611
f 3611/3611/3611 2052/2052/2052 2037/2037/2037
f 2052/2052/2052 2006/2006/2006 2037/2037/2037
f 2037/2037/2037 2006/2006/2006 2000/2000/2000
f 3541/3541/3541 3705/3705/3705 3535/3535/3535
f 3535/3535/3535 3705/3705/3705 3517/3517/3517
f 3517/3517/3517 3484/3484/3484 3535/3535/3535
f 3535/3535/3535 3484/3484/3484 3485/3485/3485
f 2030/2030/2030 3485/3485/3485 3484/3484/3484
f 2032/2032/2032 3485/3485/3485 2030/2030/2030
f 2032/2032/2032 3487/3487/3487 3485/3485/3485
f 2033/2033/2033 3487/3487/3487 2032/2032/2032
f 2033/2033/2033 2032/2032/2032 2052/2052/2052
f 3705/3705/3705 3237/3237/3237 3517/3517/3517
f 3237/3237/3237 1070/1070/1070 3517/3517/3517
f 3517/3517/3517 1070/1070/1070 3484/3484/3484
f 1070/1070/1070 2807/2807/2807 3484/3484/3484
f 3484/3484/3484 2807/2807/2807 2030/2030/2030
f 985/985/985 1070/1070/1070 3237/3237/3237
f 1069/1069/1069 1070/1070/1070 985/985/985
f 1069/1069/1069 2807/2807/2807 1070/1070/1070
f 2821/2821/2821 2807/2807/2807 1069/1069/1069
f 1069/1069/1069 2826/2826/2826 2821/2821/2821
f 2821/2821/2821 2826/2826/2826 2820/2820/2820
f 3237/3237/3237 983/983/983 985/985/985
f 985/985/985 983/983/983 984/984/984
f 984/984/984 1069/1069/1069 985/985/985
f 2826/2826/2826 1069/1069/1069 984/984/984
f 982/982/982 2826/2826/2826 984/984/984
f 2825/2825/2825 2826/2826/2826 982/982/982
f 2826/2826/2826 2825/2825/2825 2820/2820/2820
f 2820/2820/2820 2825/2825/2825 2829/2829/2829
f 2820/2820/2820 2829/2829/2829 2828/2828/2828
f 984/984/984 983/983/983 980/980/980
f 984/984/984 980/980/980 982/982/982
f 982/982/982 980/980/980 996/996/996
f 982/982/982 996/996/996 979/979/979
f 979/979/979 2816/2816/2816 982/982/982
f 982/982/982 2816/2816/2816 2825/2825/2825
f 2825/2825/2825 2816/2816/2816 2829/2829/2829
f 2829/2829/2829 2816/2816/2816 2828/2828/2828
f 2828/2828/2828 2816/2816/2816 2830/2830/2830
f 2828/2828/2828 2830/2830/2830 2813/2813/2813
f 980/980/980 1060/1060/1060 996/996/996
f 996/996/996 1060/1060/1060 1057/1057/1057
f 996/996/996 1057/1057/1057 995/995/995
f 979/979/979 996/996/996 995/995/995
f 995/995/995 1000/1000/1000 979/979/979
f 1000/1000/1000 2830/2830/2830 979/979/979
f 979/979/979 2830/2830/2830 2816/2816/2816
f 1060/1060/1060 1059/1059/1059 1057/1057/1057
f 1057/1057/1057 1059/1059/1059 1082/1082/1082
f 1057/1057/1057 1082/1082/1082 1077/1077/1077
f 1057/1057/1057 1077/1077/1077 1063/1063/1063
f 995/995/995 1057/1057/1057 1063/1063/1063
f 995/995/995 1063/1063/1063 1054/1054/1054
f 1054/1054/1054 1000/1000/1000 995/995/995
f 1000/1000/1000 1054/1054/1054 981/981/981
f 981/981/981 2830/2830/2830 1000/1000/1000
f 2812/2812/2812 2830/2830/2830 981/981/981
f 2813/2813/2813 2830/2830/2830 2812/2812/2812
f 1063/1063/1063 1077/1077/1077 1064/1064/1064
f 1063/1063/1063 1064/1064/1064 1755/1755/1755
f 1054/1054/1054 1063/1063/1063 1755/1755/1755
f 1755/1755/1755 1053/1053/1053 1054/1054/1054
f 981/981/981 1054/1054/1054 1053/1053/1053
f 1053/1053/1053 978/978/978 981/981/981
f 981/981/981 978/978/978 2812/2812/2812
f 2812/2812/2812 978/978/978 2809/2809/2809
f 2812/2812/2812 2809/2809/2809 2813/2813/2813
f 2813/2813/2813 2809/2809/2809 2827/2827/2827
f 1087/1087/1087 1064/1064/1064 1077/1077/1077
f 1062/1062/1062 1064/1064/1064 1087/1087/1087
f 1062/1062/1062 1673/1673/1673 1064/1064/1064
f 1064/1064/1064 1673/1673/1673 1734/1734/1734
f 1755/1755/1755 1064/1064/1064 1734/1734/1734
f 1751/1751/1751 1755/1755/1755 1734/1734/1734
f 1731/1731/1731 1755/1755/1755 1751/1751/1751
f 1731/1731/1731 1053/1053/1053 1755/1755/1755
f 1062/1062/1062 1087/1087/1087 4063/4063/4063
f 1669/1669/1669 1062/1062/1062 4063/4063/4063
f 1665/1665/1665 1062/1062/1062 1669/1669/1669
f 1673/1673/1673 1062/1062/1062 1665/1665/1665
f 1679/1679/1679 1673/1673/1673 1665/1665/1665
f 1675/1675/1675 1673/1673/1673 1679/1679/1679
f 1675/1675/1675 1734/1734/1734 1673/1673/1673
f 1751/1751/1751 1734/1734/1734 1675/1675/1675
f 1087/1087/1087 3885/3885/3885 4063/4063/4063
f 3885/3885/3885 4059/4059/4059 4063/4063/4063
f 4059/4059/4059 4067/4067/4067 4063/4063/4063
f 1668/1668/1668 4063/4063/4063 4067/4067/4067
f 1669/1669/1669 4063/4063/4063 1668/1668/1668
f 1649/1649/1649 1669/1669/1669 1668/1668/1668
f 1665/1665/1665 1669/1669/1669 1649/1649/1649
f 1665/1665/1665 1649/1649/1649 1679/1679/1679
f 3885/3885/3885 3879/3879/3879 4059/4059/4059
f 3879/3879/3879 3878/3878/3878 4059/4059/4059
f 4059/4059/4059 3878/3878/3878 4066/4066/4066
f 4059/4059/4059 4066/4066/4066 4067/4067/4067
f 4067/4067/4067 4066/4066/4066 4065/4065/4065
f 4067/4067/4067 4065/4065/4065 3326/3326/3326
f 3326/3326/3326 1668/1668/1668 4067/4067/4067
f 3280/3280/3280 1668/1668/1668 3326/3326/3326
f 1743/1743/1743 1668/1668/1668 3280/3280/3280
f 1649/1649/1649 1668/1668/1668 1743/1743/1743
f 3879/3879/3879 3476/3476/3476 3878/3878/3878
f 3476/3476/3476 3576/3576/3576 3878/3878/3878
f 3878/3878/3878 3576/3576/3576 3905/3905/3905
f 3905/3905/3905 4066/4066/4066 3878/3878/3878
f 4066/4066/4066 3905/3905/3905 4065/4065/4065
f 4065/4065/4065 3905/3905/3905 3904/3904/3904
f 4065/4065/4065 3904/3904/3904 3281/3281/3281
f 3326/3326/3326 4065/4065/4065 3281/3281/3281
f 3281/3281/3281 3328/3328/3328 3326/3326/3326
f 3328/3328/3328 3280/3280/3280 3326/3326/3326
f 3586/3586/3586 3476/3476/3476 3879/3879/3879
f 3576/3576/3576 3583/3583/3583 3905/3905/3905
f 3905/3905/3905 3583/3583/3583 3896/3896/3896
f 3896/3896/3896 3897/3897/3897 3905/3905/3905
f 3905/3905/3905 3897/3897/3897 3904/3904/3904
f 3287/3287/3287 3904/3904/3904 3897/3897/3897
f 3324/3324/3324 3904/3904/3904 3287/3287/3287
f 3281/3281/3281 3904/3904/3904 3324/3324/3324
f 3324/3324/3324 3307/3307/3307 3281/3281/3281
f 3307/3307/3307 3328/3328/3328 3281/3281/3281
f 3583/3583/3583 3574/3574/3574 3896/3896/3896
f 3896/3896/3896 3574/3574/3574 3901/3901/3901
f 3901/3901/3901 3900/3900/3900 3896/3896/3896
f 3896/3896/3896 3900/3900/3900 3897/3897/3897
f 3310/3310/3310 3897/3897/3897 3900/3900/3900
f 3287/3287/3287 3897/3897/3897 3310/3310/3310
f 3308/3308/3308 3287/3287/3287 3310/3310/3310
f 3311/3311/3311 3287/3287/3287 3308/3308/3308
f 3311/3311/3311 3329/3329/3329 3287/3287/3287
f 3287/3287/3287 3329/3329/3329 3324/3324/3324
f 3329/3329/3329 3307/3307/3307 3324/3324/3324
f 3901/3901/3901 3574/3574/3574 3903/3903/3903
f 3903/3903/3903 4069/4069/4069 3901/3901/3901
f 3901/3901/3901 4069/4069/4069 4072/4072/4072
f 3901/3901/3901 4072/4072/4072 3900/3900/3900
f 3900/3900/3900 4072/4072/4072 4061/4061/4061
f 3288/3288/3288 3900/3900/3900 4061/4061/4061
f 3310/3310/3310 3900/3900/3900 3288/3288/3288
f 3244/3244/3244 3310/3310/3310 3288/3288/3288
f 3308/3308/3308 3310/3310/3310 3244/3244/3244
f 3903/3903/3903 3574/3574/3574 3579/3579/3579
f 3567/3567/3567 3903/3903/3903 3579/3579/3579
f 972/972/972 3903/3903/3903 3567/3567/3567
f 972/972/972 4069/4069/4069 3903/3903/3903
f 1072/1072/1072 4069/4069/4069 972/972/972
f 4069/4069/4069 1072/1072/1072 4073/4073/4073
f 4069/4069/4069 4073/4073/4073 4072/4072/4072
f 4072/4072/4072 4073/4073/4073 4070/4070/4070
f 4072/4072/4072 4070/4070/4070 4061/4061/4061
f 4061/4061/4061 4070/4070/4070 4068/4068/4068
f 4068/4068/4068 3288/3288/3288 4061/4061/4061
f 3289/3289/3289 3288/3288/3288 4068/4068/4068
f 3289/3289/3289 3244/3244/3244 3288/3288/3288
f 972/972/972 3567/3567/3567 989/989/989
f 989/989/989 971/971/971 972/972/972
f 972/972/972 971/971/971 1072/1072/1072
f 1072/1072/1072 971/971/971 1071/1071/1071
f 1072/1072/1072 1071/1071/1071 1093/1093/1093
f 4073/4073/4073 1072/1072/1072 1093/1093/1093
f 1093/1093/1093 4060/4060/4060 4073/4073/4073
f 4060/4060/4060 4070/4070/4070 4073/4073/4073
f 1006/1006/1006 971/971/971 989/989/989
f 971/971/971 1006/1006/1006 3518/3518/3518
f 3520/3520/3520 971/971/971 3518/3518/3518
f 1071/1071/1071 971/971/971 3520/3520/3520
f 3520/3520/3520 1096/1096/1096 1071/1071/1071
f 1093/1093/1093 1071/1071/1071 1096/1096/1096
f 1093/1093/1093 1096/1096/1096 3741/3741/3741
f 3741/3741/3741 3733/3733/3733 1093/1093/1093
f 3733/3733/3733 1074/1074/1074 1093/1093/1093
f 1074/1074/1074 4060/4060/4060 1093/1093/1093
f 3518/3518/3518 1006/1006/1006 3514/3514/3514
f 3518/3518/3518 3514/3514/3514 3515/3515/3515
f 3527/3527/3527 3518/3518/3518 3515/3515/3515
f 3520/3520/3520 3518/3518/3518 3527/3527/3527
f 3527/3527/3527 3528/3528/3528 3520/3520/3520
f 3528/3528/3528 1096/1096/1096 3520/3520/3520
f 3577/3577/3577 1096/1096/1096 3528/3528/3528
f 3749/3749/3749 1096/1096/1096 3577/3577/3577
f 3741/3741/3741 1096/1096/1096 3749/3749/3749
f 1006/1006/1006 1005/1005/1005 3514/3514/3514
f 3514/3514/3514 1005/1005/1005 3508/3508/3508
f 3506/3506/3506 3514/3514/3514 3508/3508/3508
f 3507/3507/3507 3514/3514/3514 3506/3506/3506
f 3515/3515/3515 3514/3514/3514 3507/3507/3507
f 3572/3572/3572 3515/3515/3515 3507/3507/3507
f 3581/3581/3581 3515/3515/3515 3572/3572/3572
f 3581/3581/3581 3575/3575/3575 3515/3515/3515
f 3515/3515/3515 3575/3575/3575 3527/3527/3527
f 1005/1005/1005 3509/3509/3509 3508/3508/3508
f 3519/3519/3519 3508/3508/3508 3509/3509/3509
f 3506/3506/3506 3508/3508/3508 3519/3519/3519
f 3701/3701/3701 3506/3506/3506 3519/3519/3519
f 3704/3704/3704 3506/3506/3506 3701/3701/3701
f 3572/3572/3572 3506/3506/3506 3704/3704/3704
f 3507/3507/3507 3506/3506/3506 3572/3572/3572
f 3519/3519/3519 3509/3509/3509 3474/3474/3474
f 3714/3714/3714 3519/3519/3519 3474/3474/3474
f 3701/3701/3701 3519/3519/3519 3714/3714/3714
f 3714/3714/3714 3571/3571/3571 3701/3701/3701
f 3571/3571/3571 3584/3584/3584 3701/3701/3701
f 3701/3701/3701 3584/3584/3584 3704/3704/3704
f 3584/3584/3584 3572/3572/3572 3704/3704/3704
f 3715/3715/3715 3572/3572/3572 3584/3584/3584
f 3715/3715/3715 3581/3581/3581 3572/3572/3572
f 3474/3474/3474 3509/3509/3509 3475/3475/3475
f 3475/3475/3475 3712/3712/3712 3474/3474/3474
f 3474/3474/3474 3712/3712/3712 3700/3700/3700
f 3578/3578/3578 3474/3474/3474 3700/3700/3700
f 3714/3714/3714 3474/3474/3474 3578/3578/3578
f 3569/3569/3569 3714/3714/3714 3578/3578/3578
f 3580/3580/3580 3714/3714/3714 3569/3569/3569
f 3580/3580/3580 3571/3571/3571 3714/3714/3714
f 3580/3580/3580 3569/3569/3569 3571/3571/3571
f 3571/3571/3571 3569/3569/3569 3584/3584/3584
f 3584/3584/3584 3569/3569/3569 3570/3570/3570
f 3584/3584/3584 3570/3570/3570 3715/3715/3715
f 3700/3700/3700 3712/3712/3712 3471/3471/3471
f 3473/3473/3473 3700/3700/3700 3471/3471/3471
f 3578/3578/3578 3700/3700/3700 3473/3473/3473
f 3570/3570/3570 3578/3578/3578 3473/3473/3473
f 3569/3569/3569 3578/3578/3578 3570/3570/3570
f 3471/3471/3471 3712/3712/3712 3472/3472/3472
f 3471/3471/3471 3472/3472/3472 3469/3469/3469
f 3585/3585/3585 3471/3471/3471 3469/3469/3469
f 3473/3473/3473 3471/3471/3471 3585/3585/3585
f 3563/3563/3563 3473/3473/3473 3585/3585/3585
f 3570/3570/3570 3473/3473/3473 3563/3563/3563
f 3715/3715/3715 3570/3570/3570 3563/3563/3563
f 3715/3715/3715 3563/3563/3563 3562/3562/3562
f 3715/3715/3715 3562/3562/3562 3564/3564/3564
f 3564/3564/3564 3581/3581/3581 3715/3715/3715
f 3469/3469/3469 3472/3472/3472 3577/3577/3577
f 3577/3577/3577 3528/3528/3528 3469/3469/3469
f 3469/3469/3469 3528/3528/3528 3529/3529/3529
f 3469/3469/3469 3529/3529/3529 3585/3585/3585
f 3585/3585/3585 3529/3529/3529 3470/3470/3470
f 3470/3470/3470 3563/3563/3563 3585/3585/3585
f 3562/3562/3562 3563/3563/3563 3470/3470/3470
f 3562/3562/3562 3470/3470/3470 3561/3561/3561
f 3564/3564/3564 3562/3562/3562 3561/3561/3561
f 3561/3561/3561 3575/3575/3575 3564/3564/3564
f 3564/3564/3564 3575/3575/3575 3581/3581/3581
f 3472/3472/3472 3727/3727/3727 3577/3577/3577
f 3577/3577/3577 3727/3727/3727 3749/3749/3749
f 3749/3749/3749 3727/3727/3727 3728/3728/3728
f 3728/3728/3728 3741/3741/3741 3749/3749/3749
f 3736/3736/3736 3741/3741/3741 3728/3728/3728
f 3736/3736/3736 3738/3738/3738 3741/3741/3741
f 3741/3741/3741 3738/3738/3738 3733/3733/3733
f 3733/3733/3733 3738/3738/3738 3413/3413/3413
f 3393/3393/3393 3733/3733/3733 3413/3413/3413
f 3393/3393/3393 1051/1051/1051 3733/3733/3733
f 3733/3733/3733 1051/1051/1051 1074/1074/1074
f 3736/3736/3736 3728/3728/3728 3748/3748/3748
f 3748/3748/3748 3732/3732/3732 3736/3736/3736
f 3736/3736/3736 3732/3732/3732 3738/3738/3738
f 3413/3413/3413 3738/3738/3738 3732/3732/3732
f 3732/3732/3732 3394/3394/3394 3413/3413/3413
f 3394/3394/3394 3397/3397/3397 3413/3413/3413
f 3413/3413/3413 3397/3397/3397 3760/3760/3760
f 3413/3413/3413 3760/3760/3760 3393/3393/3393
f 3393/3393/3393 3760/3760/3760 3750/3750/3750
f 3750/3750/3750 1051/1051/1051 3393/3393/3393
f 3748/3748/3748 3728/3728/3728 3729/3729/3729
f 3730/3730/3730 3748/3748/3748 3729/3729/3729
f 3730/3730/3730 3390/3390/3390 3748/3748/3748
f 3748/3748/3748 3390/3390/3390 3732/3732/3732
f 3732/3732/3732 3390/3390/3390 3734/3734/3734
f 3734/3734/3734 3394/3394/3394 3732/3732/3732
f 3734/3734/3734 3456/3456/3456 3394/3394/3394
f 3456/3456/3456 3458/3458/3458 3394/3394/3394
f 3394/3394/3394 3458/3458/3458 3397/3397/3397
f 3694/3694/3694 3730/3730/3730 3729/3729/3729
f 3693/3693/3693 3730/3730/3730 3694/3694/3694
f 3693/3693/3693 3392/3392/3392 3730/3730/3730
f 3392/3392/3392 3390/3390/3390 3730/3730/3730
f 3392/3392/3392 3406/3406/3406 3390/3390/3390
f 3406/3406/3406 3463/3463/3463 3390/3390/3390
f 3390/3390/3390 3463/3463/3463 3734/3734/3734
f 3463/3463/3463 3456/3456/3456 3734/3734/3734
f 3693/3693/3693 3694/3694/3694 3697/3697/3697
f 3697/3697/3697 3726/3726/3726 3693/3693/3693
f 3693/3693/3693 3726/3726/3726 3740/3740/3740
f 3740/3740/3740 3412/3412/3412 3693/3693/3693
f 3412/3412/3412 3392/3392/3392 3693/3693/3693
f 3412/3412/3412 3752/3752/3752 3392/3392/3392
f 3752/3752/3752 3406/3406/3406 3392/3392/3392
f 3694/3694/3694 3696/3696/3696 3697/3697/3697
f 3696/3696/3696 3698/3698/3698 3697/3697/3697
f 3697/3697/3697 3698/3698/3698 3726/3726/3726
f 3688/3688/3688 3726/3726/3726 3698/3698/3698
f 3739/3739/3739 3726/3726/3726 3688/3688/3688
f 3726/3726/3726 3739/3739/3739 3740/3740/3740
f 3740/3740/3740 3739/3739/3739 3737/3737/3737
f 3740/3740/3740 3737/3737/3737 3398/3398/3398
f 3398/3398/3398 3412/3412/3412 3740/3740/3740
f 3412/3412/3412 3398/3398/3398 3389/3389/3389
f 3389/3389/3389 3752/3752/3752 3412/3412/3412
f 3752/3752/3752 3389/3389/3389 3406/3406/3406
f 3698/3698/3698 3696/3696/3696 3556/3556/3556
f 3544/3544/3544 3698/3698/3698 3556/3556/3556
f 3688/3688/3688 3698/3698/3698 3544/3544/3544
f 992/992/992 3688/3688/3688 3544/3544/3544
f 1752/1752/1752 3688/3688/3688 992/992/992
f 3688/3688/3688 1752/1752/1752 3739/3739/3739
f 3739/3739/3739 1752/1752/1752 1676/1676/1676
f 1676/1676/1676 1658/1658/1658 3739/3739/3739
f 3739/3739/3739 1658/1658/1658 3737/3737/3737
f 1658/1658/1658 3414/3414/3414 3737/3737/3737
f 3398/3398/3398 3737/3737/3737 3414/3414/3414
f 3544/3544/3544 3556/3556/3556 3543/3543/3543
f 3543/3543/3543 992/992/992 3544/3544/3544
f 977/977/977 992/992/992 3543/3543/3543
f 977/977/977 978/978/978 992/992/992
f 992/992/992 978/978/978 994/994/994
f 994/994/994 1671/1671/1671 992/992/992
f 992/992/992 1671/1671/1671 1752/1752/1752
f 1671/1671/1671 1678/1678/1678 1752/1752/1752
f 1752/1752/1752 1678/1678/1678 1676/1676/1676
f 1678/1678/1678 1666/1666/1666 1676/1676/1676
f 1676/1676/1676 1666/1666/1666 1658/1658/1658
f 2001/2001/2001 977/977/977 3543/3543/3543
f 2810/2810/2810 977/977/977 2001/2001/2001
f 2809/2809/2809 977/977/977 2810/2810/2810
f 978/978/978 977/977/977 2809/2809/2809
f 2001/2001/2001 3543/3543/3543 2000/2000/2000
f 2006/2006/2006 2001/2001/2001 2000/2000/2000
f 2036/2036/2036 2001/2001/2001 2006/2006/2006
f 2036/2036/2036 2810/2810/2810 2001/2001/2001
f 2811/2811/2811 2810/2810/2810 2036/2036/2036
f 2827/2827/2827 2810/2810/2810 2811/2811/2811
f 2809/2809/2809 2810/2810/2810 2827/2827/2827
f 994/994/994 978/978/978 1053/1053/1053
f 1053/1053/1053 1733/1733/1733 994/994/994
f 994/994/994 1733/1733/1733 1671/1671/1671
f 1733/1733/1733 1672/1672/1672 1671/1671/1671
f 1671/1671/1671 1672/1672/1672 1678/1678/1678
f 1672/1672/1672 1674/1674/1674 1678/1678/1678
f 1678/1678/1678 1674/1674/1674 1666/1666/1666
f 1731/1731/1731 1733/1733/1733 1053/1053/1053
f 1731/1731/1731 1732/1732/1732 1733/1733/1733
f 1733/1733/1733 1732/1732/1732 1672/1672/1672
f 1732/1732/1732 1670/1670/1670 1672/1672/1672
f 1672/1672/1672 1670/1670/1670 1674/1674/1674
f 1670/1670/1670 3858/3858/3858 1674/1674/1674
f 1674/1674/1674 3858/3858/3858 3855/3855/3855
f 1674/1674/1674 3855/3855/3855 1666/1666/1666
f 1666/1666/1666 3855/3855/3855 3842/3842/3842
f 1666/1666/1666 3842/3842/3842 1658/1658/1658
f 1731/1731/1731 1751/1751/1751 1732/1732/1732
f 1751/1751/1751 1670/1670/1670 1732/1732/1732
f 1670/1670/1670 1751/1751/1751 1677/1677/1677
f 3843/3843/3843 1670/1670/1670 1677/1677/1677
f 3858/3858/3858 1670/1670/1670 3843/3843/3843
f 3840/3840/3840 3858/3858/3858 3843/3843/3843
f 3853/3853/3853 3858/3858/3858 3840/3840/3840
f 3853/3853/3853 3855/3855/3855 3858/3858/3858
f 3841/3841/3841 3855/3855/3855 3853/3853/3853
f 3841/3841/3841 3842/3842/3842 3855/3855/3855
f 1677/1677/1677 1751/1751/1751 1675/1675/1675
f 1657/1657/1657 1677/1677/1677 1675/1675/1675
f 1657/1657/1657 3812/3812/3812 1677/1677/1677
f 1677/1677/1677 3812/3812/3812 3843/3843/3843
f 3832/3832/3832 3843/3843/3843 3812/3812/3812
f 3840/3840/3840 3843/3843/3843 3832/3832/3832
f 3832/3832/3832 3853/3853/3853 3840/3840/3840
f 3304/3304/3304 3853/3853/3853 3832/3832/3832
f 3853/3853/3853 3304/3304/3304 3841/3841/3841
f 3841/3841/3841 3304/3304/3304 988/988/988
f 3841/3841/3841 988/988/988 3818/3818/3818
f 3818/3818/3818 3842/3842/3842 3841/3841/3841
f 1675/1675/1675 1679/1679/1679 1657/1657/1657
f 1657/1657/1657 1679/1679/1679 1656/1656/1656
f 1656/1656/1656 1661/1661/1661 1657/1657/1657
f 1657/1657/1657 1661/1661/1661 3812/3812/3812
f 3812/3812/3812 1661/1661/1661 1663/1663/1663
f 3314/3314/3314 3812/3812/3812 1663/1663/1663
f 3832/3832/3832 3812/3812/3812 3314/3314/3314
f 1656/1656/1656 1679/1679/1679 1662/1662/1662
f 1660/1660/1660 1656/1656/1656 1662/1662/1662
f 1660/1660/1660 1661/1661/1661 1656/1656/1656
f 1660/1660/1660 1655/1655/1655 1661/1661/1661
f 1655/1655/1655 3766/3766/3766 1661/1661/1661
f 1661/1661/1661 3766/3766/3766 1663/1663/1663
f 987/987/987 1663/1663/1663 3766/3766/3766
f 3314/3314/3314 1663/1663/1663 987/987/987
f 1662/1662/1662 1679/1679/1679 1659/1659/1659
f 1659/1659/1659 4068/4068/4068 1662/1662/1662
f 1662/1662/1662 4068/4068/4068 4070/4070/4070
f 1664/1664/1664 1662/1662/1662 4070/4070/4070
f 1660/1660/1660 1662/1662/1662 1664/1664/1664
f 1664/1664/1664 1655/1655/1655 1660/1660/1660
f 1679/1679/1679 1649/1649/1649 1659/1659/1659
f 1659/1659/1659 1649/1649/1649 1763/1763/1763
f 1659/1659/1659 1763/1763/1763 4068/4068/4068
f 4068/4068/4068 1763/1763/1763 3289/3289/3289
f 1763/1763/1763 1764/1764/1764 3289/3289/3289
f 3289/3289/3289 1764/1764/1764 3235/3235/3235
f 3235/3235/3235 3244/3244/3244 3289/3289/3289
f 3235/3235/3235 1741/1741/1741 3244/3244/3244
f 1741/1741/1741 3308/3308/3308 3244/3244/3244
f 1763/1763/1763 1649/1649/1649 1743/1743/1743
f 1743/1743/1743 1764/1764/1764 1763/1763/1763
f 1745/1745/1745 1764/1764/1764 1743/1743/1743
f 1764/1764/1764 1745/1745/1745 1765/1765/1765
f 1765/1765/1765 1730/1730/1730 1764/1764/1764
f 1764/1764/1764 1730/1730/1730 3235/3235/3235
f 1730/1730/1730 1741/1741/1741 3235/3235/3235
f 1741/1741/1741 1730/1730/1730 1766/1766/1766
f 1067/1067/1067 1741/1741/1741 1766/1766/1766
f 1767/1767/1767 1741/1741/1741 1067/1067/1067
f 1767/1767/1767 3308/3308/3308 1741/1741/1741
f 1745/1745/1745 1743/1743/1743 3282/3282/3282
f 1745/1745/1745 3282/3282/3282 1744/1744/1744
f 1765/1765/1765 1745/1745/1745 1744/1744/1744
f 1765/1765/1765 1744/1744/1744 1068/1068/1068
f 1068/1068/1068 1730/1730/1730 1765/1765/1765
f 1728/1728/1728 1730/1730/1730 1068/1068/1068
f 1766/1766/1766 1730/1730/1730 1728/1728/1728
f 1728/1728/1728 1067/1067/1067 1766/1766/1766
f 1065/1065/1065 1067/1067/1067 1728/1728/1728
f 1065/1065/1065 1767/1767/1767 1067/1067/1067
f 1729/1729/1729 1767/1767/1767 1065/1065/1065
f 1767/1767/1767 1729/1729/1729 3308/3308/3308
f 3282/3282/3282 1743/1743/1743 3280/3280/3280
f 3282/3282/3282 3280/3280/3280 3328/3328/3328
f 3282/3282/3282 3328/3328/3328 3332/3332/3332
f 1744/1744/1744 3282/3282/3282 3332/3332/3332
f 1744/1744/1744 3332/3332/3332 1768/1768/1768
f 1068/1068/1068 1744/1744/1744 1768/1768/1768
f 1740/1740/1740 1068/1068/1068 1768/1768/1768
f 1065/1065/1065 1068/1068/1068 1740/1740/1740
f 1068/1068/1068 1065/1065/1065 1728/1728/1728
f 3332/3332/3332 3328/3328/3328 3283/3283/3283
f 3332/3332/3332 3283/3283/3283 1742/1742/1742
f 1768/1768/1768 3332/3332/3332 1742/1742/1742
f 1768/1768/1768 1742/1742/1742 1740/1740/1740
f 1740/1740/1740 1742/1742/1742 1683/1683/1683
f 1683/1683/1683 3306/3306/3306 1740/1740/1740
f 1740/1740/1740 3306/3306/3306 3305/3305/3305
f 3305/3305/3305 1729/1729/1729 1740/1740/1740
f 1740/1740/1740 1729/1729/1729 1065/1065/1065
f 3328/3328/3328 3307/3307/3307 3283/3283/3283
f 3283/3283/3283 3307/3307/3307 3306/3306/3306
f 1683/1683/1683 3283/3283/3283 3306/3306/3306
f 1066/1066/1066 3283/3283/3283 1683/1683/1683
f 1742/1742/1742 3283/3283/3283 1066/1066/1066
f 1742/1742/1742 1066/1066/1066 1683/1683/1683
f 3307/3307/3307 3329/3329/3329 3306/3306/3306
f 3306/3306/3306 3329/3329/3329 3305/3305/3305
f 3305/3305/3305 3329/3329/3329 1729/1729/1729
f 1729/1729/1729 3329/3329/3329 3311/3311/3311
f 3308/3308/3308 1729/1729/1729 3311/3311/3311
f 987/987/987 3766/3766/3766 3313/3313/3313
f 3313/3313/3313 3766/3766/3766 3764/3764/3764
f 3762/3762/3762 3313/3313/3313 3764/3764/3764
f 990/990/990 3313/3313/3313 3762/3762/3762
f 990/990/990 3762/3762/3762 3458/3458/3458
f 3458/3458/3458 3762/3762/3762 3397/3397/3397
f 3762/3762/3762 3765/3765/3765 3397/3397/3397
f 3397/3397/3397 3765/3765/3765 3760/3760/3760
f 3766/3766/3766 1655/1655/1655 3764/3764/3764
f 3764/3764/3764 1655/1655/1655 3861/3861/3861
f 3861/3861/3861 3765/3765/3765 3764/3764/3764
f 3764/3764/3764 3765/3765/3765 3762/3762/3762
f 1655/1655/1655 3761/3761/3761 3861/3861/3861
f 3861/3861/3861 3761/3761/3761 3857/3857/3857
f 3857/3857/3857 3817/3817/3817 3861/3861/3861
f 3861/3861/3861 3817/3817/3817 3765/3765/3765
f 3765/3765/3765 3817/3817/3817 3760/3760/3760
f 3760/3760/3760 3817/3817/3817 3750/3750/3750
f 3817/3817/3817 3907/3907/3907 3750/3750/3750
f 3750/3750/3750 3907/3907/3907 1052/1052/1052
f 1052/1052/1052 1051/1051/1051 3750/3750/3750
f 1664/1664/1664 3761/3761/3761 1655/1655/1655
f 3761/3761/3761 1664/1664/1664 3909/3909/3909
f 3761/3761/3761 3909/3909/3909 3857/3857/3857
f 3857/3857/3857 3909/3909/3909 3908/3908/3908
f 3907/3907/3907 3857/3857/3857 3908/3908/3908
f 3817/3817/3817 3857/3857/3857 3907/3907/3907
f 3909/3909/3909 1664/1664/1664 4062/4062/4062
f 4058/4058/4058 3909/3909/3909 4062/4062/4062
f 3908/3908/3908 3909/3909/3909 4058/4058/4058
f 3908/3908/3908 4058/4058/4058 3906/3906/3906
f 3906/3906/3906 3907/3907/3907 3908/3908/3908
f 3907/3907/3907 3906/3906/3906 1052/1052/1052
f 1050/1050/1050 1052/1052/1052 3906/3906/3906
f 1050/1050/1050 1051/1051/1051 1052/1052/1052
f 1074/1074/1074 1051/1051/1051 1050/1050/1050
f 1050/1050/1050 4060/4060/4060 1074/1074/1074
f 4062/4062/4062 1664/1664/1664 4070/4070/4070
f 4062/4062/4062 4070/4070/4070 4060/4060/4060
f 4062/4062/4062 4060/4060/4060 4058/4058/4058
f 4058/4058/4058 4060/4060/4060 4064/4064/4064
f 4058/4058/4058 4064/4064/4064 3906/3906/3906
f 4064/4064/4064 1050/1050/1050 3906/3906/3906
f 4064/4064/4064 4060/4060/4060 1050/1050/1050
f 3832/3832/3832 3302/3302/3302 3304/3304/3304
f 3304/3304/3304 3302/3302/3302 988/988/988
f 988/988/988 3302/3302/3302 3309/3309/3309
f 988/988/988 3309/3309/3309 986/986/986
f 3818/3818/3818 988/988/988 986/986/986
f 986/986/986 3837/3837/3837 3818/3818/3818
f 3837/3837/3837 3816/3816/3816 3818/3818/3818
f 3818/3818/3818 3816/3816/3816 3842/3842/3842
f 1658/1658/1658 3842/3842/3842 3816/3816/3816
f 3816/3816/3816 3414/3414/3414 1658/1658/1658
f 986/986/986 3309/3309/3309 3236/3236/3236
f 3236/3236/3236 3303/3303/3303 986/986/986
f 3303/3303/3303 3837/3837/3837 986/986/986
f 3516/3516/3516 3837/3837/3837 3303/3303/3303
f 3758/3758/3758 3837/3837/3837 3516/3516/3516
f 3758/3758/3758 3816/3816/3816 3837/3837/3837
f 3414/3414/3414 3816/3816/3816 3758/3758/3758
f 3391/3391/3391 3414/3414/3414 3758/3758/3758
f 3398/3398/3398 3414/3414/3414 3391/3391/3391
f 3389/3389/3389 3398/3398/3398 3391/3391/3391
f 3312/3312/3312 3303/3303/3303 3236/3236/3236
f 3312/3312/3312 3464/3464/3464 3303/3303/3303
f 3303/3303/3303 3464/3464/3464 3516/3516/3516
f 3459/3459/3459 3516/3516/3516 3464/3464/3464
f 3457/3457/3457 3516/3516/3516 3459/3459/3459
f 3457/3457/3457 3758/3758/3758 3516/3516/3516
f 3391/3391/3391 3758/3758/3758 3457/3457/3457
f 3465/3465/3465 3391/3391/3391 3457/3457/3457
f 3389/3389/3389 3391/3391/3391 3465/3465/3465
f 3406/3406/3406 3389/3389/3389 3465/3465/3465
f 3530/3530/3530 3406/3406/3406 3465/3465/3465
f 3465/3465/3465 3457/3457/3457 3530/3530/3530
f 3530/3530/3530 3457/3457/3457 3459/3459/3459
f 3561/3561/3561 3470/3470/3470 3575/3575/3575
f 3470/3470/3470 3529/3529/3529 3575/3575/3575
f 3575/3575/3575 3529/3529/3529 3527/3527/3527
f 3529/3529/3529 3528/3528/3528 3527/3527/3527
f 3708/3708/3708 3497/3497/3497 3706/3706/3706
f 3499/3499/3499 3497/3497/3497 3708/3708/3708
f 3504/3504/3504 3497/3497/3497 3499/3499/3499
f 3495/3495/3495 3504/3504/3504 3499/3499/3499
f 3500/3500/3500 3504/3504/3504 3495/3495/3495
f 3500/3500/3500 3495/3495/3495 3498/3498/3498
f 3549/3549/3549 3498/3498/3498 3495/3495/3495
f 3549/3549/3549 3499/3499/3499 3708/3708/3708
f 3495/3495/3495 3499/3499/3499 3549/3549/3549
f 3659/3659/3659 3707/3707/3707 3685/3685/3685
f 3661/3661/3661 3707/3707/3707 3659/3659/3659
f 3754/3754/3754 3707/3707/3707 3661/3661/3661
f 3409/3409/3409 3707/3707/3707 3754/3754/3754
f 3746/3746/3746 3409/3409/3409 3754/3754/3754
f 3382/3382/3382 3409/3409/3409 3746/3746/3746
f 3395/3395/3395 3382/3382/3382 3746/3746/3746
f 3401/3401/3401 3382/3382/3382 3395/3395/3395
f 3658/3658/3658 3661/3661/3661 3659/3659/3659
f 3658/3658/3658 3753/3753/3753 3661/3661/3661
f 3754/3754/3754 3661/3661/3661 3753/3753/3753
f 3395/3395/3395 3754/3754/3754 3753/3753/3753
f 3746/3746/3746 3754/3754/3754 3395/3395/3395
f 3396/3396/3396 3395/3395/3395 3753/3753/3753
f 3396/3396/3396 3415/3415/3415 3395/3395/3395
f 3395/3395/3395 3415/3415/3415 3401/3401/3401
f 3381/3381/3381 3408/3408/3408 3703/3703/3703
f 3744/3744/3744 3408/3408/3408 3381/3381/3381
f 3745/3745/3745 3408/3408/3408 3744/3744/3744
f 3384/3384/3384 3408/3408/3408 3745/3745/3745
f 3400/3400/3400 3744/3744/3744 3381/3381/3381
f 3755/3755/3755 3744/3744/3744 3400/3400/3400
f 3745/3745/3745 3744/3744/3744 3755/3755/3755
f 999/999/999 1080/1080/1080 997/997/997
f 1088/1088/1088 1080/1080/1080 999/999/999
f 1088/1088/1088 998/998/998 1080/1080/1080
f 1090/1090/1090 998/998/998 1088/1088/1088
f 1001/1001/1001 998/998/998 1090/1090/1090
f 1090/1090/1090 1089/1089/1089 1001/1001/1001
f 1090/1090/1090 1055/1055/1055 1089/1089/1089
f 999/999/999 1055/1055/1055 1088/1088/1088
f 1088/1088/1088 1055/1055/1055 1090/1090/1090
f 1058/1058/1058 1760/1760/1760 1736/1736/1736
f 1750/1750/1750 1760/1760/1760 1058/1058/1058
f 1750/1750/1750 1737/1737/1737 1760/1760/1760
f 3838/3838/3838 1737/1737/1737 1750/1750/1750
f 1750/1750/1750 3829/3829/3829 3838/3838/3838
f 3829/3829/3829 3839/3839/3839 3838/3838/3838
f 3839/3839/3839 3810/3810/3810 3838/3838/3838
f 3810/3810/3810 3839/3839/3839 3811/3811/3811
f 1750/1750/1750 1058/1058/1058 3829/3829/3829
f 3829/3829/3829 1058/1058/1058 3813/3813/3813
f 3829/3829/3829 3813/3813/3813 3814/3814/3814
f 3829/3829/3829 3814/3814/3814 3839/3839/3839
f 3809/3809/3809 3839/3839/3839 3814/3814/3814
f 3834/3834/3834 3839/3839/3839 3809/3809/3809
f 3811/3811/3811 3839/3839/3839 3834/3834/3834
f 3814/3814/3814 3813/3813/3813 3809/3809/3809
f 1735/1735/1735 3891/3891/3891 3833/3833/3833
f 3833/3833/3833 3891/3891/3891 3771/3771/3771
f 3771/3771/3771 3835/3835/3835 3833/3833/3833
f 3828/3828/3828 3835/3835/3835 3771/3771/3771
f 3771/3771/3771 3866/3866/3866 3828/3828/3828
f 3771/3771/3771 3891/3891/3891 3866/3866/3866
f 3866/3866/3866 3891/3891/3891 3830/3830/3830
f 4085/4085/4085 4079/4079/4079 4078/4078/4078
f 4078/4078/4078 4079/4079/4079 4076/4076/4076
f 4078/4078/4078 4076/4076/4076 4096/4096/4096
f 4096/4096/4096 4076/4076/4076 4088/4088/4088
f 4096/4096/4096 4088/4088/4088 4083/4083/4083
f 4083/4083/4083 4088/4088/4088 4086/4086/4086
f 4074/4074/4074 4083/4083/4083 4086/4086/4086
f 4071/4071/4071 4083/4083/4083 4074/4074/4074
f 4075/4075/4075 4109/4109/4109 4094/4094/4094
f 4094/4094/4094 4109/4109/4109 4089/4089/4089
f 4094/4094/4094 4089/4089/4089 4126/4126/4126
f 4126/4126/4126 4089/4089/4089 4127/4127/4127
f 4091/4091/4091 4126/4126/4126 4127/4127/4127
f 4081/4081/4081 4126/4126/4126 4091/4091/4091
f 4097/4097/4097 4081/4081/4081 4091/4091/4091
f 4087/4087/4087 4081/4081/4081 4097/4097/4097
f 4109/4109/4109 4103/4103/4103 4089/4089/4089
f 4089/4089/4089 4103/4103/4103 4077/4077/4077
f 4089/4089/4089 4077/4077/4077 4127/4127/4127
f 4127/4127/4127 4077/4077/4077 4080/4080/4080
f 4084/4084/4084 4127/4127/4127 4080/4080/4080
f 4091/4091/4091 4127/4127/4127 4084/4084/4084
f 4082/4082/4082 4091/4091/4091 4084/4084/4084
f 4097/4097/4097 4091/4091/4091 4082/4082/4082
f 4090/4090/4090 4097/4097/4097 4082/4082/4082
f 4087/4087/4087 4097/4097/4097 4090/4090/4090
f 4109/4109/4109 4115/4115/4115 4103/4103/4103
f 4121/4121/4121 4115/4115/4115 4109/4109/4109
f 4108/4108/4108 4102/4102/4102 4100/4100/4100
f 4100/4100/4100 4102/4102/4102 4095/4095/4095
f 4100/4100/4100 4095/4095/4095 4104/4104/4104
f 4104/4104/4104 4095/4095/4095 4105/4105/4105
f 4104/4104/4104 4105/4105/4105 4125/4125/4125
f 4125/4125/4125 4105/4105/4105 4119/4119/4119
f 4120/4120/4120 4093/4093/4093 4114/4114/4114
f 4092/4092/4092 4093/4093/4093 4120/4120/4120
f 705/705/705 694/694/694 1934/1934/1934
f 705/705/705 722/722/722 694/694/694
f 722/722/722 707/707/707 694/694/694
f 694/694/694 707/707/707 725/725/725
f 694/694/694 725/725/725 1907/1907/1907
f 1934/1934/1934 694/694/694 1907/1907/1907
f 1907/1907/1907 1932/1932/1932 1934/1934/1934
f 1934/1934/1934 1932/1932/1932 1928/1928/1928
f 737/737/737 722/722/722 705/705/705
f 737/737/737 713/713/713 722/722/722
f 713/713/713 711/711/711 722/722/722
f 722/722/722 711/711/711 707/707/707
f 707/707/707 711/711/711 733/733/733
f 725/725/725 707/707/707 733/733/733
f 692/692/692 725/725/725 733/733/733
f 1907/1907/1907 725/725/725 692/692/692
f 692/692/692 712/712/712 1907/1907/1907
f 1907/1907/1907 712/712/712 1932/1932/1932
f 729/729/729 713/713/713 737/737/737
f 723/723/723 713/713/713 729/729/729
f 730/730/730 713/713/713 723/723/723
f 730/730/730 711/711/711 713/713/713
f 690/690/690 711/711/711 730/730/730
f 711/711/711 690/690/690 733/733/733
f 714/714/714 730/730/730 723/723/723
f 1898/1898/1898 730/730/730 714/714/714
f 1898/1898/1898 690/690/690 730/730/730
f 691/691/691 690/690/690 1898/1898/1898
f 690/690/690 691/691/691 733/733/733
f 1903/1903/1903 1898/1898/1898 714/714/714
f 1901/1901/1901 1898/1898/1898 1903/1903/1903
f 1901/1901/1901 691/691/691 1898/1898/1898
f 693/693/693 691/691/691 1901/1901/1901
f 691/691/691 693/693/693 733/733/733
f 1903/1903/1903 1902/1902/1902 1901/1901/1901
f 1902/1902/1902 695/695/695 1901/1901/1901
f 1901/1901/1901 695/695/695 693/693/693
f 693/693/693 695/695/695 733/733/733
f 695/695/695 696/696/696 733/733/733
f 696/696/696 736/736/736 733/733/733
f 736/736/736 728/728/728 733/733/733
f 728/728/728 712/712/712 733/733/733
f 712/712/712 692/692/692 733/733/733
f 1929/1929/1929 1902/1902/1902 1903/1903/1903
f 1929/1929/1929 1930/1930/1930 1902/1902/1902
f 1930/1930/1930 696/696/696 1902/1902/1902
f 1902/1902/1902 696/696/696 695/695/695
f 1931/1931/1931 1930/1930/1930 1929/1929/1929
f 1931/1931/1931 1905/1905/1905 1930/1930/1930
f 1905/1905/1905 736/736/736 1930/1930/1930
f 1930/1930/1930 736/736/736 696/696/696
f 1904/1904/1904 1905/1905/1905 1931/1931/1931
f 1899/1899/1899 1905/1905/1905 1904/1904/1904
f 1900/1900/1900 1905/1905/1905 1899/1899/1899
f 1900/1900/1900 736/736/736 1905/1905/1905
f 728/728/728 736/736/736 1900/1900/1900
f 1932/1932/1932 728/728/728 1900/1900/1900
f 712/712/712 728/728/728 1932/1932/1932
f 1928/1928/1928 1900/1900/1900 1899/1899/1899
f 1932/1932/1932 1900/1900/1900 1928/1928/1928
f 1906/1906/1906 1926/1926/1926 1924/1924/1924
f 1924/1924/1924 1926/1926/1926 1914/1914/1914
f 1924/1924/1924 1914/1914/1914 2481/2481/2481
f 2482/2482/2482 1924/1924/1924 2481/2481/2481
f 1925/1925/1925 1924/1924/1924 2482/2482/2482
f 1925/1925/1925 1906/1906/1906 1924/1924/1924
f 1920/1920/1920 1906/1906/1906 1925/1925/1925
f 1933/1933/1933 1920/1920/1920 1925/1925/1925
f 1909/1909/1909 1920/1920/1920 1933/1933/1933
f 1914/1914/1914 1926/1926/1926 1893/1893/1893
f 2510/2510/2510 1914/1914/1914 1893/1893/1893
f 2512/2512/2512 1914/1914/1914 2510/2510/2510
f 2481/2481/2481 1914/1914/1914 2512/2512/2512
f 2481/2481/2481 2512/2512/2512 2484/2484/2484
f 2482/2482/2482 2481/2481/2481 2484/2484/2484
f 2509/2509/2509 2482/2482/2482 2484/2484/2484
f 2509/2509/2509 1925/1925/1925 2482/2482/2482
f 1933/1933/1933 1925/1925/1925 2509/2509/2509
f 1893/1893/1893 1926/1926/1926 1912/1912/1912
f 1893/1893/1893 1912/1912/1912 1915/1915/1915
f 2483/2483/2483 1893/1893/1893 1915/1915/1915
f 2510/2510/2510 1893/1893/1893 2483/2483/2483
f 2510/2510/2510 2483/2483/2483 2484/2484/2484
f 2512/2512/2512 2510/2510/2510 2484/2484/2484
f 1915/1915/1915 1912/1912/1912 1910/1910/1910
f 1915/1915/1915 1910/1910/1910 1895/1895/1895
f 2477/2477/2477 1915/1915/1915 1895/1895/1895
f 2483/2483/2483 1915/1915/1915 2477/2477/2477
f 2483/2483/2483 2477/2477/2477 2484/2484/2484
f 1895/1895/1895 1910/1910/1910 1911/1911/1911
f 1911/1911/1911 1922/1922/1922 1895/1895/1895
f 1895/1895/1895 1922/1922/1922 1894/1894/1894
f 1895/1895/1895 1894/1894/1894 2477/2477/2477
f 2477/2477/2477 1894/1894/1894 2479/2479/2479
f 2477/2477/2477 2479/2479/2479 2484/2484/2484
f 1922/1922/1922 1923/1923/1923 1894/1894/1894
f 1894/1894/1894 1923/1923/1923 1892/1892/1892
f 1894/1894/1894 1892/1892/1892 2479/2479/2479
f 2479/2479/2479 1892/1892/1892 2478/2478/2478
f 2479/2479/2479 2478/2478/2478 2484/2484/2484
f 2478/2478/2478 2480/2480/2480 2484/2484/2484
f 2480/2480/2480 2507/2507/2507 2484/2484/2484
f 2507/2507/2507 2508/2508/2508 2484/2484/2484
f 2508/2508/2508 2509/2509/2509 2484/2484/2484
f 1923/1923/1923 1921/1921/1921 1892/1892/1892
f 1892/1892/1892 1921/1921/1921 1897/1897/1897
f 1892/1892/1892 1897/1897/1897 2478/2478/2478
f 2478/2478/2478 1897/1897/1897 2480/2480/2480
f 2480/2480/2480 1897/1897/1897 2507/2507/2507
f 2507/2507/2507 1897/1897/1897 1896/1896/1896
f 2507/2507/2507 1896/1896/1896 2508/2508/2508
f 2508/2508/2508 1896/1896/1896 1913/1913/1913
f 2508/2508/2508 1913/1913/1913 2509/2509/2509
f 2509/2509/2509 1913/1913/1913 1933/1933/1933
f 1913/1913/1913 1908/1908/1908 1933/1933/1933
f 1933/1933/1933 1908/1908/1908 1909/1909/1909
f 1897/1897/1897 1921/1921/1921 1896/1896/1896
f 1896/1896/1896 1921/1921/1921 1927/1927/1927
f 1896/1896/1896 1927/1927/1927 1913/1913/1913
f 1913/1913/1913 1927/1927/1927 1908/1908/1908
f 2498/2498/2498 2599/2599/2599 2500/2500/2500
f 2500/2500/2500 2599/2599/2599 2606/2606/2606
f 2500/2500/2500 2606/2606/2606 2505/2505/2505
f 2476/2476/2476 2500/2500/2500 2505/2505/2505
f 2503/2503/2503 2500/2500/2500 2476/2476/2476
f 2503/2503/2503 2498/2498/2498 2500/2500/2500
f 2472/2472/2472 2498/2498/2498 2503/2503/2503
f 2489/2489/2489 2472/2472/2472 2503/2503/2503
f 2491/2491/2491 2472/2472/2472 2489/2489/2489
f 2599/2599/2599 2605/2605/2605 2606/2606/2606
f 2605/2605/2605 2488/2488/2488 2606/2606/2606
f 2606/2606/2606 2488/2488/2488 2487/2487/2487
f 2505/2505/2505 2606/2606/2606 2487/2487/2487
f 2505/2505/2505 2487/2487/2487 2506/2506/2506
f 2476/2476/2476 2505/2505/2505 2506/2506/2506
f 2475/2475/2475 2476/2476/2476 2506/2506/2506
f 2475/2475/2475 2503/2503/2503 2476/2476/2476
f 2489/2489/2489 2503/2503/2503 2475/2475/2475
f 2590/2590/2590 2605/2605/2605 2599/2599/2599
f 2590/2590/2590 2588/2588/2588 2605/2605/2605
f 2588/2588/2588 2473/2473/2473 2605/2605/2605
f 2605/2605/2605 2473/2473/2473 2488/2488/2488
f 2488/2488/2488 2473/2473/2473 2506/2506/2506
f 2487/2487/2487 2488/2488/2488 2506/2506/2506
f 2586/2586/2586 2588/2588/2588 2590/2590/2590
f 2586/2586/2586 2604/2604/2604 2588/2588/2588
f 2604/2604/2604 2474/2474/2474 2588/2588/2588
f 2588/2588/2588 2474/2474/2474 2473/2473/2473
f 2473/2473/2473 2474/2474/2474 2506/2506/2506
f 2603/2603/2603 2604/2604/2604 2586/2586/2586
f 2603/2603/2603 2601/2601/2601 2604/2604/2604
f 2604/2604/2604 2601/2601/2601 2600/2600/2600
f 2604/2604/2604 2600/2600/2600 2474/2474/2474
f 2474/2474/2474 2600/2600/2600 2504/2504/2504
f 2474/2474/2474 2504/2504/2504 2506/2506/2506
f 2601/2601/2601 2602/2602/2602 2600/2600/2600
f 2600/2600/2600 2602/2602/2602 2471/2471/2471
f 2600/2600/2600 2471/2471/2471 2504/2504/2504
f 2504/2504/2504 2471/2471/2471 2499/2499/2499
f 2504/2504/2504 2499/2499/2499 2506/2506/2506
f 2499/2499/2499 2501/2501/2501 2506/2506/2506
f 2501/2501/2501 2486/2486/2486 2506/2506/2506
f 2486/2486/2486 2485/2485/2485 2506/2506/2506
f 2485/2485/2485 2475/2475/2475 2506/2506/2506
f 2602/2602/2602 2492/2492/2492 2471/2471/2471
f 2471/2471/2471 2492/2492/2492 2493/2493/2493
f 2471/2471/2471 2493/2493/2493 2499/2499/2499
f 2499/2499/2499 2493/2493/2493 2501/2501/2501
f 2493/2493/2493 2486/2486/2486 2501/2501/2501
f 2502/2502/2502 2486/2486/2486 2493/2493/2493
f 2502/2502/2502 2485/2485/2485 2486/2486/2486
f 2490/2490/2490 2485/2485/2485 2502/2502/2502
f 2490/2490/2490 2475/2475/2475 2485/2485/2485
f 2489/2489/2489 2475/2475/2475 2490/2490/2490
f 2511/2511/2511 2489/2489/2489 2490/2490/2490
f 2491/2491/2491 2489/2489/2489 2511/2511/2511
f 2492/2492/2492 2502/2502/2502 2493/2493/2493
f 2470/2470/2470 2502/2502/2502 2492/2492/2492
f 2470/2470/2470 2490/2490/2490 2502/2502/2502
f 2511/2511/2511 2490/2490/2490 2470/2470/2470
f 2572/2572/2572 2582/2582/2582 2587/2587/2587
f 2569/2569/2569 2582/2582/2582 2572/2572/2572
f 2569/2569/2569 2589/2589/2589 2582/2582/2582
f 2582/2582/2582 2589/2589/2589 2583/2583/2583
f 2589/2589/2589 2573/2573/2573 2583/2583/2583
f 2583/2583/2583 2573/2573/2573 2584/2584/2584
f 2572/2572/2572 2587/2587/2587 2578/2578/2578
f 2594/2594/2594 2572/2572/2572 2578/2578/2578
f 2575/2575/2575 2572/2572/2572 2594/2594/2594
f 2575/2575/2575 2569/2569/2569 2572/2572/2572
f 2615/2615/2615 2569/2569/2569 2575/2575/2575
f 2615/2615/2615 2617/2617/2617 2569/2569/2569
f 2569/2569/2569 2617/2617/2617 2589/2589/2589
f 2617/2617/2617 2624/2624/2624 2589/2589/2589
f 2589/2589/2589 2624/2624/2624 2573/2573/2573
f 2578/2578/2578 2587/2587/2587 2585/2585/2585
f 2578/2578/2578 2585/2585/2585 2580/2580/2580
f 2576/2576/2576 2578/2578/2578 2580/2580/2580
f 2594/2594/2594 2578/2578/2578 2576/2576/2576
f 2594/2594/2594 2576/2576/2576 2621/2621/2621
f 2575/2575/2575 2594/2594/2594 2621/2621/2621
f 2615/2615/2615 2575/2575/2575 2621/2621/2621
f 2617/2617/2617 2615/2615/2615 2621/2621/2621
f 2624/2624/2624 2617/2617/2617 2621/2621/2621
f 2639/2639/2639 2624/2624/2624 2621/2621/2621
f 2624/2624/2624 2639/2639/2639 2573/2573/2573
f 2573/2573/2573 2639/2639/2639 2574/2574/2574
f 2573/2573/2573 2574/2574/2574 2584/2584/2584
f 2580/2580/2580 2585/2585/2585 2591/2591/2591
f 2592/2592/2592 2580/2580/2580 2591/2591/2591
f 2579/2579/2579 2580/2580/2580 2592/2592/2592
f 2579/2579/2579 2576/2576/2576 2580/2580/2580
f 2623/2623/2623 2576/2576/2576 2579/2579/2579
f 2576/2576/2576 2623/2623/2623 2621/2621/2621
f 2623/2623/2623 2622/2622/2622 2621/2621/2621
f 2622/2622/2622 2620/2620/2620 2621/2621/2621
f 2620/2620/2620 2619/2619/2619 2621/2621/2621
f 2619/2619/2619 2640/2640/2640 2621/2621/2621
f 2640/2640/2640 2639/2639/2639 2621/2621/2621
f 2598/2598/2598 2579/2579/2579 2592/2592/2592
f 2577/2577/2577 2579/2579/2579 2598/2598/2598
f 2577/2577/2577 2623/2623/2623 2579/2579/2579
f 2622/2622/2622 2623/2623/2623 2577/2577/2577
f 2581/2581/2581 2622/2622/2622 2577/2577/2577
f 2620/2620/2620 2622/2622/2622 2581/2581/2581
f 2620/2620/2620 2581/2581/2581 2619/2619/2619
f 2619/2619/2619 2581/2581/2581 2571/2571/2571
f 2619/2619/2619 2571/2571/2571 2640/2640/2640
f 2640/2640/2640 2571/2571/2571 2570/2570/2570
f 2640/2640/2640 2570/2570/2570 2639/2639/2639
f 2639/2639/2639 2570/2570/2570 2574/2574/2574
f 2596/2596/2596 2577/2577/2577 2598/2598/2598
f 2581/2581/2581 2577/2577/2577 2596/2596/2596
f 2581/2581/2581 2596/2596/2596 2571/2571/2571
f 2571/2571/2571 2596/2596/2596 2593/2593/2593
f 2571/2571/2571 2593/2593/2593 2570/2570/2570
f 2570/2570/2570 2593/2593/2593 2597/2597/2597
f 2570/2570/2570 2597/2597/2597 2574/2574/2574
f 2574/2574/2574 2597/2597/2597 2595/2595/2595
f 2584/2584/2584 2574/2574/2574 2595/2595/2595
f 1410/1410/1410 885/885/885 886/886/886
f 1411/1411/1411 885/885/885 1410/1410/1410
f 1408/1408/1408 885/885/885 1411/1411/1411
f 892/892/892 885/885/885 1408/1408/1408
f 898/898/898 885/885/885 892/892/892
f 1416/1416/1416 885/885/885 898/898/898
f 1407/1407/1407 885/885/885 1416/1416/1416
f 886/886/886 885/885/885 1407/1407/1407
f 1410/1410/1410 872/872/872 1411/1411/1411
f 1411/1411/1411 872/872/872 1408/1408/1408
f 1408/1408/1408 872/872/872 891/891/891
f 891/891/891 892/892/892 1408/1408/1408
f 1415/1415/1415 892/892/892 891/891/891
f 1415/1415/1415 1417/1417/1417 892/892/892
f 892/892/892 1417/1417/1417 898/898/898
f 1417/1417/1417 1405/1405/1405 898/898/898
f 898/898/898 1405/1405/1405 1416/1416/1416
f 1416/1416/1416 1405/1405/1405 1407/1407/1407
f 1407/1407/1407 1405/1405/1405 1406/1406/1406
f 1406/1406/1406 1405/1405/1405 1413/1413/1413
f 873/873/873 872/872/872 1410/1410/1410
f 880/880/880 872/872/872 873/873/873
f 881/881/881 872/872/872 880/880/880
f 1517/1517/1517 872/872/872 881/881/881
f 891/891/891 872/872/872 1517/1517/1517
f 1517/1517/1517 1415/1415/1415 891/891/891
f 1522/1522/1522 1415/1415/1415 1517/1517/1517
f 1524/1524/1524 1415/1415/1415 1522/1522/1522
f 1417/1417/1417 1415/1415/1415 1524/1524/1524
f 1524/1524/1524 1405/1405/1405 1417/1417/1417
f 1409/1409/1409 1405/1405/1405 1524/1524/1524
f 1413/1413/1413 1405/1405/1405 1409/1409/1409
f 1409/1409/1409 1404/1404/1404 1413/1413/1413
f 1413/1413/1413 1404/1404/1404 1412/1412/1412
f 880/880/880 1404/1404/1404 881/881/881
f 881/881/881 1404/1404/1404 1517/1517/1517
f 1517/1517/1517 1404/1404/1404 1522/1522/1522
f 1522/1522/1522 1404/1404/1404 1524/1524/1524
f 1524/1524/1524 1404/1404/1404 1409/1409/1409
f 1412/1412/1412 1404/1404/1404 880/880/880
f 1393/1393/1393 1395/1395/1395 1483/1483/1483
f 1397/1397/1397 1395/1395/1395 1393/1393/1393
f 1396/1396/1396 1395/1395/1395 1397/1397/1397
f 1099/1099/1099 1395/1395/1395 1396/1396/1396
f 1485/1485/1485 1395/1395/1395 1099/1099/1099
f 1391/1391/1391 1395/1395/1395 1485/1485/1485
f 1433/1433/1433 1395/1395/1395 1391/1391/1391
f 1483/1483/1483 1395/1395/1395 1433/1433/1433
f 1433/1433/1433 1418/1418/1418 1483/1483/1483
f 1390/1390/1390 1418/1418/1418 1433/1433/1433
f 1400/1400/1400 1396/1396/1396 1397/1397/1397
f 1428/1428/1428 1396/1396/1396 1400/1400/1400
f 1396/1396/1396 1428/1428/1428 1099/1099/1099
f 1099/1099/1099 1428/1428/1428 1507/1507/1507
f 1507/1507/1507 1494/1494/1494 1099/1099/1099
f 1099/1099/1099 1494/1494/1494 1485/1485/1485
f 1485/1485/1485 1494/1494/1494 1391/1391/1391
f 1391/1391/1391 1494/1494/1494 1386/1386/1386
f 1386/1386/1386 1390/1390/1390 1391/1391/1391
f 1391/1391/1391 1390/1390/1390 1433/1433/1433
f 1394/1394/1394 1387/1387/1387 1414/1414/1414
f 1388/1388/1388 1387/1387/1387 1394/1394/1394
f 1487/1487/1487 1387/1387/1387 1388/1388/1388
f 1399/1399/1399 1387/1387/1387 1487/1487/1487
f 1392/1392/1392 1387/1387/1387 1399/1399/1399
f 871/871/871 1387/1387/1387 1392/1392/1392
f 1402/1402/1402 1387/1387/1387 871/871/871
f 1414/1414/1414 1387/1387/1387 1402/1402/1402
f 1402/1402/1402 1403/1403/1403 1414/1414/1414
f 913/913/913 1403/1403/1403 1402/1402/1402
f 1389/1389/1389 1487/1487/1487 1388/1388/1388
f 914/914/914 1487/1487/1487 1389/1389/1389
f 1487/1487/1487 914/914/914 1399/1399/1399
f 1399/1399/1399 914/914/914 1398/1398/1398
f 1398/1398/1398 1401/1401/1401 1399/1399/1399
f 1399/1399/1399 1401/1401/1401 1392/1392/1392
f 1392/1392/1392 1401/1401/1401 871/871/871
f 871/871/871 1401/1401/1401 870/870/870
f 870/870/870 913/913/913 871/871/871
f 871/871/871 913/913/913 1402/1402/1402
f 1499/1499/1499 1489/1489/1489 1498/1498/1498
f 1420/1420/1420 1489/1489/1489 1499/1499/1499
f 1489/1489/1489 1420/1420/1420 1419/1419/1419
f 1419/1419/1419 1420/1420/1420 1429/1429/1429
f 1420/1420/1420 1378/1378/1378 1429/1429/1429
f 1429/1429/1429 1378/1378/1378 1481/1481/1481
f 1378/1378/1378 1424/1424/1424 1481/1481/1481
f 1498/1498/1498 1482/1482/1482 1499/1499/1499
f 1499/1499/1499 1482/1482/1482 1379/1379/1379
f 1379/1379/1379 1420/1420/1420 1499/1499/1499
f 1378/1378/1378 1420/1420/1420 1379/1379/1379
f 1423/1423/1423 1378/1378/1378 1379/1379/1379
f 1376/1376/1376 1378/1378/1378 1423/1423/1423
f 1376/1376/1376 1424/1424/1424 1378/1378/1378
f 1424/1424/1424 1376/1376/1376 1377/1377/1377
f 1377/1377/1377 1376/1376/1376 1425/1425/1425
f 1488/1488/1488 1482/1482/1482 1498/1498/1498
f 1431/1431/1431 1482/1482/1482 1488/1488/1488
f 1480/1480/1480 1482/1482/1482 1431/1431/1431
f 1379/1379/1379 1482/1482/1482 1480/1480/1480
f 1480/1480/1480 1432/1432/1432 1379/1379/1379
f 1379/1379/1379 1432/1432/1432 1423/1423/1423
f 1432/1432/1432 1422/1422/1422 1423/1423/1423
f 1423/1423/1423 1422/1422/1422 1495/1495/1495
f 1425/1425/1425 1423/1423/1423 1495/1495/1495
f 1376/1376/1376 1423/1423/1423 1425/1425/1425
f 1431/1431/1431 1432/1432/1432 1480/1480/1480
f 1422/1422/1422 1432/1432/1432 1431/1431/1431
f 1450/1450/1450 1448/1448/1448 1445/1445/1445
f 1448/1448/1448 1450/1450/1450 1535/1535/1535
f 1446/1446/1446 1448/1448/1448 1535/1535/1535
f 1447/1447/1447 1448/1448/1448 1446/1446/1446
f 1445/1445/1445 1448/1448/1448 1447/1447/1447
f 1530/1530/1530 1445/1445/1445 1447/1447/1447
f 1618/1618/1618 1445/1445/1445 1530/1530/1530
f 1436/1436/1436 1618/1618/1618 1530/1530/1530
f 921/921/921 1618/1618/1618 1436/1436/1436
f 1535/1535/1535 1450/1450/1450 1533/1533/1533
f 1533/1533/1533 1518/1518/1518 1535/1535/1535
f 1535/1535/1535 1518/1518/1518 1446/1446/1446
f 1446/1446/1446 1518/1518/1518 1617/1617/1617
f 1434/1434/1434 1446/1446/1446 1617/1617/1617
f 1436/1436/1436 1446/1446/1446 1434/1434/1434
f 1530/1530/1530 1446/1446/1446 1436/1436/1436
f 1447/1447/1447 1446/1446/1446 1530/1530/1530
f 1449/1449/1449 1518/1518/1518 1533/1533/1533
f 1518/1518/1518 1449/1449/1449 1617/1617/1617
f 1617/1617/1617 1449/1449/1449 1531/1531/1531
f 1531/1531/1531 1513/1513/1513 1617/1617/1617
f 1617/1617/1617 1513/1513/1513 1434/1434/1434
f 1513/1513/1513 921/921/921 1434/1434/1434
f 1434/1434/1434 921/921/921 1436/1436/1436
f 1443/1443/1443 1453/1453/1453 1454/1454/1454
f 1439/1439/1439 1453/1453/1453 1443/1443/1443
f 1437/1437/1437 1453/1453/1453 1439/1439/1439
f 1451/1451/1451 1453/1453/1453 1437/1437/1437
f 1534/1534/1534 1453/1453/1453 1451/1451/1451
f 1454/1454/1454 1453/1453/1453 1534/1534/1534
f 1439/1439/1439 1443/1443/1443 1438/1438/1438
f 1438/1438/1438 1437/1437/1437 1439/1439/1439
f 1435/1435/1435 1437/1437/1437 1438/1438/1438
f 1444/1444/1444 1437/1437/1437 1435/1435/1435
f 1441/1441/1441 1437/1437/1437 1444/1444/1444
f 1441/1441/1441 1452/1452/1452 1437/1437/1437
f 1437/1437/1437 1452/1452/1452 1451/1451/1451
f 1451/1451/1451 1452/1452/1452 1534/1534/1534
f 1534/1534/1534 1452/1452/1452 1455/1455/1455
f 1438/1438/1438 1443/1443/1443 1440/1440/1440
f 1440/1440/1440 1442/1442/1442 1438/1438/1438
f 1438/1438/1438 1442/1442/1442 1435/1435/1435
f 1435/1435/1435 1442/1442/1442 1444/1444/1444
f 1444/1444/1444 1442/1442/1442 1532/1532/1532
f 1532/1532/1532 1441/1441/1441 1444/1444/1444
f 1514/1514/1514 1441/1441/1441 1532/1532/1532
f 1455/1455/1455 1441/1441/1441 1514/1514/1514
f 1452/1452/1452 1441/1441/1441 1455/1455/1455
f 1254/1254/1254 946/946/946 778/778/778
f 778/778/778 946/946/946 776/776/776
f 776/776/776 940/940/940 778/778/778
f 778/778/778 940/940/940 1512/1512/1512
f 1512/1512/1512 777/777/777 778/778/778
f 778/778/778 777/777/777 1254/1254/1254
f 1238/1238/1238 776/776/776 946/946/946
f 776/776/776 1238/1238/1238 1236/1236/1236
f 937/937/937 776/776/776 1236/1236/1236
f 940/940/940 776/776/776 937/937/937
f 940/940/940 937/937/937 1253/1253/1253
f 779/779/779 940/940/940 1253/1253/1253
f 1512/1512/1512 940/940/940 779/779/779
f 779/779/779 777/777/777 1512/1512/1512
f 1256/1256/1256 777/777/777 779/779/779
f 779/779/779 1252/1252/1252 1256/1256/1256
f 1236/1236/1236 1238/1238/1238 1237/1237/1237
f 1237/1237/1237 932/932/932 1236/1236/1236
f 1236/1236/1236 932/932/932 937/937/937
f 937/937/937 932/932/932 929/929/929
f 1253/1253/1253 937/937/937 929/929/929
f 929/929/929 1252/1252/1252 1253/1253/1253
f 1253/1253/1253 1252/1252/1252 779/779/779
f 929/929/929 932/932/932 928/928/928
f 928/928/928 1252/1252/1252 929/929/929
f 943/943/943 939/939/939 945/945/945
f 943/943/943 942/942/942 939/939/939
f 939/939/939 942/942/942 936/936/936
f 936/936/936 933/933/933 939/939/939
f 945/945/945 939/939/939 933/933/933
f 933/933/933 935/935/935 945/945/945
f 925/925/925 935/935/935 933/933/933
f 944/944/944 935/935/935 925/925/925
f 938/938/938 935/935/935 944/944/944
f 944/944/944 922/922/922 938/938/938
f 936/936/936 942/942/942 934/934/934
f 936/936/936 934/934/934 923/923/923
f 923/923/923 933/933/933 936/936/936
f 923/923/923 925/925/925 933/933/933
f 1255/1255/1255 925/925/925 923/923/923
f 925/925/925 1255/1255/1255 944/944/944
f 944/944/944 1255/1255/1255 941/941/941
f 941/941/941 922/922/922 944/944/944
f 926/926/926 922/922/922 941/941/941
f 924/924/924 922/922/922 926/926/926
f 926/926/926 930/930/930 924/924/924
f 934/934/934 942/942/942 931/931/931
f 931/931/931 930/930/930 934/934/934
f 934/934/934 930/930/930 927/927/927
f 923/923/923 934/934/934 927/927/927
f 1255/1255/1255 923/923/923 927/927/927
f 926/926/926 1255/1255/1255 927/927/927
f 941/941/941 1255/1255/1255 926/926/926
f 927/927/927 930/930/930 926/926/926
f 1316/1316/1316 1332/1332/1332 1128/1128/1128
f 1315/1315/1315 1332/1332/1332 1316/1316/1316
f 1113/1113/1113 1332/1332/1332 1315/1315/1315
f 1373/1373/1373 1332/1332/1332 1113/1113/1113
f 1373/1373/1373 1427/1427/1427 1332/1332/1332
f 1332/1332/1332 1427/1427/1427 1128/1128/1128
f 1128/1128/1128 1427/1427/1427 1430/1430/1430
f 1427/1427/1427 1491/1491/1491 1430/1430/1430
f 1315/1315/1315 1316/1316/1316 1298/1298/1298
f 1111/1111/1111 1315/1315/1315 1298/1298/1298
f 1113/1113/1113 1315/1315/1315 1111/1111/1111
f 1111/1111/1111 1112/1112/1112 1113/1113/1113
f 1112/1112/1112 1373/1373/1373 1113/1113/1113
f 1126/1126/1126 1373/1373/1373 1112/1112/1112
f 1126/1126/1126 1427/1427/1427 1373/1373/1373
f 1126/1126/1126 1490/1490/1490 1427/1427/1427
f 1490/1490/1490 1491/1491/1491 1427/1427/1427
f 1490/1490/1490 1492/1492/1492 1491/1491/1491
f 1298/1298/1298 1316/1316/1316 1299/1299/1299
f 1298/1298/1298 1299/1299/1299 1314/1314/1314
f 912/912/912 1298/1298/1298 1314/1314/1314
f 1111/1111/1111 1298/1298/1298 912/912/912
f 912/912/912 1112/1112/1112 1111/1111/1111
f 1112/1112/1112 912/912/912 1110/1110/1110
f 1112/1112/1112 1110/1110/1110 1126/1126/1126
f 1126/1126/1126 1110/1110/1110 1125/1125/1125
f 1125/1125/1125 1490/1490/1490 1126/1126/1126
f 1125/1125/1125 1493/1493/1493 1490/1490/1490
f 1493/1493/1493 1492/1492/1492 1490/1490/1490
f 1493/1493/1493 1503/1503/1503 1492/1492/1492
f 1314/1314/1314 1299/1299/1299 1313/1313/1313
f 1314/1314/1314 1313/1313/1313 1312/1312/1312
f 1127/1127/1127 1314/1314/1314 1312/1312/1312
f 912/912/912 1314/1314/1314 1127/1127/1127
f 1110/1110/1110 912/912/912 1127/1127/1127
f 1127/1127/1127 917/917/917 1110/1110/1110
f 1110/1110/1110 917/917/917 909/909/909
f 833/833/833 1110/1110/1110 909/909/909
f 1125/1125/1125 1110/1110/1110 833/833/833
f 833/833/833 1493/1493/1493 1125/1125/1125
f 833/833/833 1505/1505/1505 1493/1493/1493
f 1505/1505/1505 1503/1503/1503 1493/1493/1493
f 1505/1505/1505 1502/1502/1502 1503/1503/1503
f 1312/1312/1312 1313/1313/1313 1297/1297/1297
f 1310/1310/1310 1312/1312/1312 1297/1297/1297
f 1311/1311/1311 1312/1312/1312 1310/1310/1310
f 1311/1311/1311 1127/1127/1127 1312/1312/1312
f 917/917/917 1127/1127/1127 1311/1311/1311
f 1308/1308/1308 917/917/917 1311/1311/1311
f 841/841/841 917/917/917 1308/1308/1308
f 917/917/917 841/841/841 909/909/909
f 909/909/909 841/841/841 837/837/837
f 832/832/832 909/909/909 837/837/837
f 833/833/833 909/909/909 832/832/832
f 832/832/832 1505/1505/1505 833/833/833
f 832/832/832 1504/1504/1504 1505/1505/1505
f 1504/1504/1504 1502/1502/1502 1505/1505/1505
f 1309/1309/1309 1311/1311/1311 1310/1310/1310
f 1308/1308/1308 1311/1311/1311 1309/1309/1309
f 1502/1502/1502 1308/1308/1308 1309/1309/1309
f 1504/1504/1504 1308/1308/1308 1502/1502/1502
f 837/837/837 1308/1308/1308 1504/1504/1504
f 841/841/841 1308/1308/1308 837/837/837
f 837/837/837 1504/1504/1504 832/832/832
f 2054/2054/2054 2045/2045/2045 2058/2058/2058
f 2042/2042/2042 2045/2045/2045 2054/2054/2054
f 2043/2043/2043 2045/2045/2045 2042/2042/2042
f 2095/2095/2095 2045/2045/2045 2043/2043/2043
f 2086/2086/2086 2095/2095/2095 2043/2043/2043
f 2078/2078/2078 2095/2095/2095 2086/2086/2086
f 2054/2054/2054 2058/2058/2058 2041/2041/2041
f 2054/2054/2054 2041/2041/2041 2312/2312/2312
f 2062/2062/2062 2054/2054/2054 2312/2312/2312
f 2042/2042/2042 2054/2054/2054 2062/2062/2062
f 2060/2060/2060 2042/2042/2042 2062/2062/2062
f 2043/2043/2043 2042/2042/2042 2060/2060/2060
f 2061/2061/2061 2043/2043/2043 2060/2060/2060
f 2086/2086/2086 2043/2043/2043 2061/2061/2061
f 2041/2041/2041 2058/2058/2058 2083/2083/2083
f 2083/2083/2083 2048/2048/2048 2041/2041/2041
f 2041/2041/2041 2048/2048/2048 2076/2076/2076
f 2041/2041/2041 2076/2076/2076 2073/2073/2073
f 2312/2312/2312 2041/2041/2041 2073/2073/2073
f 2064/2064/2064 2312/2312/2312 2073/2073/2073
f 2062/2062/2062 2312/2312/2312 2064/2064/2064
f 2062/2062/2062 2064/2064/2064 2060/2060/2060
f 2060/2060/2060 2064/2064/2064 2061/2061/2061
f 2057/2057/2057 2061/2061/2061 2064/2064/2064
f 2056/2056/2056 2061/2061/2061 2057/2057/2057
f 2056/2056/2056 2086/2086/2086 2061/2061/2061
f 2048/2048/2048 2040/2040/2040 2076/2076/2076
f 2076/2076/2076 2040/2040/2040 2050/2050/2050
f 2076/2076/2076 2050/2050/2050 2055/2055/2055
f 2073/2073/2073 2076/2076/2076 2055/2055/2055
f 2055/2055/2055 2057/2057/2057 2073/2073/2073
f 2073/2073/2073 2057/2057/2057 2064/2064/2064
f 2040/2040/2040 2107/2107/2107 2050/2050/2050
f 2050/2050/2050 2107/2107/2107 2039/2039/2039
f 2050/2050/2050 2039/2039/2039 2063/2063/2063
f 2055/2055/2055 2050/2050/2050 2063/2063/2063
f 2063/2063/2063 2057/2057/2057 2055/2055/2055
f 2313/2313/2313 2057/2057/2057 2063/2063/2063
f 2313/2313/2313 2072/2072/2072 2057/2057/2057
f 2057/2057/2057 2072/2072/2072 2056/2056/2056
f 2072/2072/2072 2096/2096/2096 2056/2056/2056
f 2056/2056/2056 2096/2096/2096 2097/2097/2097
f 2097/2097/2097 2086/2086/2086 2056/2056/2056
f 2097/2097/2097 2078/2078/2078 2086/2086/2086
f 2107/2107/2107 2093/2093/2093 2039/2039/2039
f 2039/2039/2039 2093/2093/2093 2092/2092/2092
f 2039/2039/2039 2092/2092/2092 2065/2065/2065
f 2063/2063/2063 2039/2039/2039 2065/2065/2065
f 2065/2065/2065 2313/2313/2313 2063/2063/2063
f 2067/2067/2067 2313/2313/2313 2065/2065/2065
f 2067/2067/2067 2071/2071/2071 2313/2313/2313
f 2313/2313/2313 2071/2071/2071 2072/2072/2072
f 2071/2071/2071 2049/2049/2049 2072/2072/2072
f 2072/2072/2072 2049/2049/2049 2096/2096/2096
f 2092/2092/2092 2093/2093/2093 2049/2049/2049
f 2092/2092/2092 2049/2049/2049 2067/2067/2067
f 2065/2065/2065 2092/2092/2092 2067/2067/2067
f 2049/2049/2049 2093/2093/2093 2085/2085/2085
f 2049/2049/2049 2085/2085/2085 2096/2096/2096
f 2096/2096/2096 2085/2085/2085 2038/2038/2038
f 2096/2096/2096 2038/2038/2038 2097/2097/2097
f 2097/2097/2097 2038/2038/2038 2094/2094/2094
f 2094/2094/2094 2078/2078/2078 2097/2097/2097
f 2067/2067/2067 2049/2049/2049 2071/2071/2071
f 3607/3607/3607 3445/3445/3445 3618/3618/3618
f 3606/3606/3606 3445/3445/3445 3607/3607/3607
f 3606/3606/3606 3479/3479/3479 3445/3445/3445
f 3479/3479/3479 3477/3477/3477 3445/3445/3445
f 3477/3477/3477 3618/3618/3618 3445/3445/3445
f 3477/3477/3477 3588/3588/3588 3618/3618/3618
f 3618/3618/3618 3588/3588/3588 3711/3711/3711
f 3606/3606/3606 3607/3607/3607 3622/3622/3622
f 3438/3438/3438 3606/3606/3606 3622/3622/3622
f 3605/3605/3605 3606/3606/3606 3438/3438/3438
f 3605/3605/3605 3479/3479/3479 3606/3606/3606
f 3605/3605/3605 3480/3480/3480 3479/3479/3479
f 3480/3480/3480 3478/3478/3478 3479/3479/3479
f 3478/3478/3478 3477/3477/3477 3479/3479/3479
f 3477/3477/3477 3478/3478/3478 3588/3588/3588
f 3622/3622/3622 3607/3607/3607 3483/3483/3483
f 3444/3444/3444 3622/3622/3622 3483/3483/3483
f 3442/3442/3442 3622/3622/3622 3444/3444/3444
f 3442/3442/3442 3438/3438/3438 3622/3622/3622
f 3432/3432/3432 3438/3438/3438 3442/3442/3442
f 3432/3432/3432 3433/3433/3433 3438/3438/3438
f 3433/3433/3433 3605/3605/3605 3438/3438/3438
f 3604/3604/3604 3605/3605/3605 3433/3433/3433
f 3604/3604/3604 3480/3480/3480 3605/3605/3605
f 3492/3492/3492 3480/3480/3480 3604/3604/3604
f 3602/3602/3602 3480/3480/3480 3492/3492/3492
f 3602/3602/3602 3447/3447/3447 3480/3480/3480
f 3447/3447/3447 3478/3478/3478 3480/3480/3480
f 3478/3478/3478 3447/3447/3447 3589/3589/3589
f 3588/3588/3588 3478/3478/3478 3589/3589/3589
f 3686/3686/3686 3433/3433/3433 3432/3432/3432
f 3686/3686/3686 3431/3431/3431 3433/3433/3433
f 3431/3431/3431 3492/3492/3492 3433/3433/3433
f 3433/3433/3433 3492/3492/3492 3604/3604/3604
f 3430/3430/3430 3431/3431/3431 3686/3686/3686
f 3692/3692/3692 3431/3431/3431 3430/3430/3430
f 3687/3687/3687 3431/3431/3431 3692/3692/3692
f 3687/3687/3687 3492/3492/3492 3431/3431/3431
f 3446/3446/3446 3492/3492/3492 3687/3687/3687
f 3446/3446/3446 3600/3600/3600 3492/3492/3492
f 3492/3492/3492 3600/3600/3600 3602/3602/3602
f 3428/3428/3428 3687/3687/3687 3692/3692/3692
f 3429/3429/3429 3687/3687/3687 3428/3428/3428
f 3429/3429/3429 3491/3491/3491 3687/3687/3687
f 3687/3687/3687 3491/3491/3491 3446/3446/3446
f 3491/3491/3491 3600/3600/3600 3446/3446/3446
f 3591/3591/3591 3600/3600/3600 3491/3491/3491
f 3481/3481/3481 3600/3600/3600 3591/3591/3591
f 3448/3448/3448 3600/3600/3600 3481/3481/3481
f 3448/3448/3448 3602/3602/3602 3600/3600/3600
f 3699/3699/3699 3602/3602/3602 3448/3448/3448
f 3699/3699/3699 3447/3447/3447 3602/3602/3602
f 3436/3436/3436 3429/3429/3429 3428/3428/3428
f 3437/3437/3437 3429/3429/3429 3436/3436/3436
f 3437/3437/3437 3490/3490/3490 3429/3429/3429
f 3429/3429/3429 3490/3490/3490 3491/3491/3491
f 3490/3490/3490 3591/3591/3591 3491/3491/3491
f 3590/3590/3590 3591/3591/3591 3490/3490/3490
f 3573/3573/3573 3591/3591/3591 3590/3590/3590
f 3481/3481/3481 3591/3591/3591 3573/3573/3573
f 3621/3621/3621 3481/3481/3481 3573/3573/3573
f 3617/3617/3617 3481/3481/3481 3621/3621/3621
f 3617/3617/3617 3448/3448/3448 3481/3481/3481
f 3440/3440/3440 3437/3437/3437 3436/3436/3436
f 3441/3441/3441 3437/3437/3437 3440/3440/3440
f 3441/3441/3441 3489/3489/3489 3437/3437/3437
f 3437/3437/3437 3489/3489/3489 3490/3490/3490
f 3489/3489/3489 3590/3590/3590 3490/3490/3490
f 3596/3596/3596 3590/3590/3590 3489/3489/3489
f 3573/3573/3573 3590/3590/3590 3596/3596/3596
f 3573/3573/3573 3596/3596/3596 3621/3621/3621
f 3452/3452/3452 3621/3621/3621 3596/3596/3596
f 3443/3443/3443 3621/3621/3621 3452/3452/3452
f 3443/3443/3443 3617/3617/3617 3621/3621/3621
f 3439/3439/3439 3617/3617/3617 3443/3443/3443
f 3439/3439/3439 3616/3616/3616 3617/3617/3617
f 3616/3616/3616 3448/3448/3448 3617/3617/3617
f 3616/3616/3616 3699/3699/3699 3448/3448/3448
f 3443/3443/3443 3452/3452/3452 3614/3614/3614
f 3619/3619/3619 3443/3443/3443 3614/3614/3614
f 3439/3439/3439 3443/3443/3443 3619/3619/3619
f 3609/3609/3609 3439/3439/3439 3619/3619/3619
f 3435/3435/3435 3439/3439/3439 3609/3609/3609
f 3435/3435/3435 3616/3616/3616 3439/3439/3439
f 3435/3435/3435 3488/3488/3488 3616/3616/3616
f 3488/3488/3488 3699/3699/3699 3616/3616/3616
f 3597/3597/3597 3699/3699/3699 3488/3488/3488
f 3447/3447/3447 3699/3699/3699 3597/3597/3597
f 3614/3614/3614 3452/3452/3452 3608/3608/3608
f 3615/3615/3615 3614/3614/3614 3608/3608/3608
f 3620/3620/3620 3614/3614/3614 3615/3615/3615
f 3620/3620/3620 3619/3619/3619 3614/3614/3614
f 3613/3613/3613 3619/3619/3619 3620/3620/3620
f 3613/3613/3613 3609/3609/3609 3619/3619/3619
f 3610/3610/3610 3609/3609/3609 3613/3613/3613
f 3610/3610/3610 3612/3612/3612 3609/3609/3609
f 3612/3612/3612 3435/3435/3435 3609/3609/3609
f 3434/3434/3434 3435/3435/3435 3612/3612/3612
f 3434/3434/3434 3488/3488/3488 3435/3435/3435
f 3482/3482/3482 3488/3488/3488 3434/3434/3434
f 3597/3597/3597 3488/3488/3488 3482/3482/3482
f 3450/3450/3450 3597/3597/3597 3482/3482/3482
f 3589/3589/3589 3597/3597/3597 3450/3450/3450
f 3589/3589/3589 3447/3447/3447 3597/3597/3597
f 3486/3486/3486 3612/3612/3612 3610/3610/3610
f 3599/3599/3599 3612/3612/3612 3486/3486/3486
f 3598/3598/3598 3612/3612/3612 3599/3599/3599
f 3598/3598/3598 3482/3482/3482 3612/3612/3612
f 3612/3612/3612 3482/3482/3482 3434/3434/3434
f 3603/3603/3603 3598/3598/3598 3599/3599/3599
f 3601/3601/3601 3598/3598/3598 3603/3603/3603
f 3601/3601/3601 3450/3450/3450 3598/3598/3598
f 3598/3598/3598 3450/3450/3450 3482/3482/3482
f 3594/3594/3594 3601/3601/3601 3603/3603/3603
f 3592/3592/3592 3601/3601/3601 3594/3594/3594
f 3592/3592/3592 3449/3449/3449 3601/3601/3601
f 3601/3601/3601 3449/3449/3449 3450/3450/3450
f 3449/3449/3449 3589/3589/3589 3450/3450/3450
f 3588/3588/3588 3589/3589/3589 3449/3449/3449
f 3711/3711/3711 3588/3588/3588 3449/3449/3449
f 3592/3592/3592 3711/3711/3711 3449/3449/3449
f 3593/3593/3593 3711/3711/3711 3592/3592/3592
f 3593/3593/3593 3592/3592/3592 3595/3595/3595
f 3595/3595/3595 3592/3592/3592 3594/3594/3594
f 4098/4098/4098 4112/4112/4112 4106/4106/4106
f 4107/4107/4107 4112/4112/4112 4098/4098/4098
f 4107/4107/4107 4118/4118/4118 4112/4112/4112
f 4118/4118/4118 4129/4129/4129 4112/4112/4112
f 4112/4112/4112 4129/4129/4129 4122/4122/4122
f 4112/4112/4112 4122/4122/4122 4106/4106/4106
f 4106/4106/4106 4122/4122/4122 4124/4124/4124
f 4122/4122/4122 4099/4099/4099 4124/4124/4124
f 4101/4101/4101 4107/4107/4107 4098/4098/4098
f 4113/4113/4113 4107/4107/4107 4101/4101/4101
f 4113/4113/4113 4118/4118/4118 4107/4107/4107
f 4123/4123/4123 4099/4099/4099 4122/4122/4122
f 4123/4123/4123 4111/4111/4111 4099/4099/4099
f 4110/4110/4110 4111/4111/4111 4123/4123/4123
f 4110/4110/4110 4116/4116/4116 4111/4111/4111
f 4117/4117/4117 4116/4116/4116 4110/4110/4110
f 4117/4117/4117 4110/4110/4110 4128/4128/4128
f 4129/4129/4129 4123/4123/4123 4122/4122/4122
f 4128/4128/4128 4123/4123/4123 4129/4129/4129
f 4128/4128/4128 4110/4110/4110 4123/4123/4123
