# converted from 86_0.lmesh by lmesh2obj.py
mtllib HeroModel.mtl
o HeroModel
v 0.319779 0.819240 0.499985
v 0.330710 0.861660 0.485861
v 0.328102 0.843014 0.488405
v 0.292156 0.885930 0.499514
v 0.282538 0.839032 0.518859
v 0.282538 0.839032 0.518859
v 0.298631 0.845884 0.537363
v 0.342549 0.854140 0.513444
v 0.296127 0.823139 0.498695
v 0.287486 0.865205 0.510606
v 0.302111 0.865284 0.480298
v 0.342549 0.854140 0.513444
v 0.287486 0.865205 0.510606
v 0.338179 0.890000 0.519697
v 0.333294 0.869124 0.534691
v 0.279323 0.998061 0.403616
v 0.261719 0.997564 0.358621
v 0.292156 0.885930 0.499514
v 0.343462 1.015443 0.324306
v 0.323673 0.840986 0.538632
v 0.205782 1.063426 0.344161
v 0.364206 1.104738 0.340883
v 0.205782 1.063426 0.344161
v 0.378478 1.111248 0.400475
v 0.348246 0.873097 0.504094
v 0.298030 0.848470 0.487192
v 0.348246 0.873097 0.504094
v 0.261719 0.997564 0.358621
v 0.288698 1.002373 0.332701
v 0.399563 1.030830 0.399647
v 0.316151 0.822798 0.543638
v 0.334605 0.828387 0.519711
v 0.320863 0.812655 0.530371
v 0.313771 1.090296 0.302333
v 0.393472 1.027437 0.345181
v 0.365456 1.024508 0.436701
v 0.312402 1.005663 0.426580
v 0.230414 1.064770 0.404276
v 0.278962 1.074402 0.433240
v 0.334605 0.828387 0.519711
v 0.302873 0.874307 0.532511
v 0.320863 0.812655 0.530371
v 0.293321 0.827787 0.542477
v 0.311949 0.895079 0.516300
v 0.241235 1.068617 0.294562
v 0.333120 1.094522 0.433122
v 0.340143 1.175964 0.331167
v 0.256767 1.213961 0.276756
v 0.286694 1.150591 0.285977
v 0.138719 1.219328 0.374262
v 0.156478 1.229013 0.423407
v 0.212826 1.233902 0.420575
v 0.244054 1.243468 0.284133
v 0.236311 1.268351 0.282005
v 0.106415 1.302796 0.342584
v 0.159970 1.307746 0.450457
v 0.087623 1.350270 0.405026
v 0.234059 1.289948 0.426568
v 0.193451 1.336176 0.293783
v 0.264003 1.262869 0.332834
v 0.173199 1.110450 0.334257
v 0.188116 1.237858 0.280919
v 0.216210 1.116207 0.280489
v 0.120306 1.298826 0.433292
v 0.251261 1.253899 0.420943
v 0.272462 1.270040 0.386428
v 0.170875 1.204337 0.330811
v 0.164081 1.206579 0.357231
v 0.147141 1.185391 0.324417
v 0.106415 1.302796 0.342584
v 0.198192 1.249800 0.441513
v 0.227685 1.336794 0.391758
v 0.140495 1.312094 0.300654
v 0.147661 1.225756 0.325788
v 0.179681 1.213906 0.393922
v 0.194568 1.212497 0.300026
v 0.176104 1.188757 0.383802
v 0.170875 1.204337 0.330811
v 0.147141 1.185391 0.324417
v 0.184838 1.192612 0.282792
v 0.224785 1.203280 0.414858
v 0.246700 1.126152 0.432008
v 0.269798 1.225105 0.437122
v 0.304089 1.161422 0.443323
v 0.303117 1.235653 0.326933
v 0.352156 1.185195 0.400508
v 0.236144 1.346829 0.327206
v 0.260642 1.292781 0.327673
v 0.313588 1.245384 0.394994
v 0.147661 1.225756 0.325788
v 0.105076 1.297545 0.400001
v 0.257070 1.298055 0.390545
v 0.202825 1.324172 0.426496
v 0.087147 1.356412 0.355907
v 0.090807 1.344183 0.404418
v 0.092164 1.355939 0.356245
v 0.200855 1.111722 0.405053
v 0.173199 1.110450 0.334257
v -0.227673 1.760620 0.572444
v -0.227673 1.740114 0.564481
v -0.218951 1.733776 0.572444
v -0.199448 1.740114 0.564481
v 0.727533 0.940169 0.673419
v 0.785107 0.635487 0.532104
v 0.772744 1.071033 0.594680
v 0.786813 0.666816 0.560134
v 0.786671 0.631600 0.535445
v 0.816928 0.715146 0.535240
v 0.772744 0.624163 0.501336
v 0.682323 1.254357 0.423557
v 0.686638 0.058229 0.460016
v 0.727533 0.130883 0.410790
v -0.199448 1.760620 0.572444
v -0.208170 1.766957 0.564481
v -0.227673 1.760620 0.564481
v 0.772744 0.856496 0.519868
v 0.772744 0.581009 0.501336
v 0.784676 0.709530 0.568788
v 0.787903 0.671027 0.554036
v 0.718389 1.247350 0.415423
v 0.727533 0.060423 0.437851
v -0.208170 1.766957 0.572444
v -0.218951 1.766957 0.564481
v -0.227673 1.740114 0.572444
v 0.772744 0.856189 0.501336
v 0.772744 0.940757 0.501336
v 0.682323 1.384457 0.428403
v 0.781080 0.764870 0.566286
v 0.781423 0.791525 0.533198
v 0.804293 0.777008 0.522556
v 0.808589 0.782300 0.501336
v 0.829277 0.714834 0.501337
v 0.672650 0.552376 0.453450
v 0.772744 0.943232 0.517843
v 0.788827 0.713384 0.560628
v 0.786730 0.752543 0.555228
v 0.772744 0.803623 0.501336
v 0.793858 0.891546 0.526020
v 0.727533 2.200000 0.501337
v 0.682323 1.180397 0.418710
v 0.777430 0.816612 0.548015
v 0.801531 0.776374 0.591062
v 0.797390 0.834731 0.567490
v 0.772744 0.860505 0.590829
v 0.825014 0.681355 0.501336
v 0.772744 0.617939 0.501336
v 0.814667 0.678673 0.530586
v 0.772744 1.907519 0.595048
v 0.727533 1.810190 0.627060
v 0.807518 0.652187 0.521948
v 0.808589 0.650331 0.501336
v 0.772744 1.744614 0.586327
v 0.772744 0.961669 0.605397
v 0.727533 0.907067 0.677283
v 0.727533 0.756119 0.636623
v -0.272119 0.545677 0.221941
v -0.276383 0.593711 0.224193
v -0.347240 0.576935 0.252032
v -0.233031 0.505002 0.212092
v -0.177521 0.518440 0.200030
v -0.192658 0.541828 0.204047
v -0.388845 0.622293 0.272478
v -0.369448 0.572937 0.261780
v 0.031640 0.580452 0.271555
v 0.023265 0.573804 0.267409
v 0.019519 0.549191 0.264822
v -0.032411 0.513071 0.239967
v -0.359542 0.558144 0.256839
v -0.085978 0.515639 0.220821
v -0.304178 0.497718 0.230018
v -0.097341 1.100496 0.345655
v -0.292878 0.525828 0.226049
v -0.177911 1.009751 0.297873
v -0.027924 1.105254 0.377646
v -0.178076 1.094963 0.334352
v -0.291160 0.611920 0.228015
v -0.177599 0.712806 0.212339
v -0.269971 1.012399 0.309779
v -0.349126 1.014677 0.342291
v -0.330988 1.105254 0.377646
v -0.177675 0.817303 0.233321
v -0.177759 0.931501 0.269362
v -0.366708 0.671714 0.268048
v -0.387635 0.645715 0.274543
v -0.374980 0.825097 0.291297
v -0.288254 0.720831 0.237699
v -0.278857 0.931501 0.281824
v -0.365782 0.931501 0.314812
v -0.283764 0.821494 0.252518
v -0.065988 0.611920 0.228015
v -0.177549 0.599857 0.202209
v -0.260295 1.100496 0.345655
v -0.383902 0.717962 0.280916
v -0.371622 0.702761 0.273618
v -0.383397 0.727732 0.281777
v -0.120683 0.763592 0.588687
v 0.132124 0.776036 0.479953
v -0.133789 0.684337 0.610600
v -0.047513 0.692513 0.657735
v 0.038409 0.777329 0.626813
v 0.108183 0.705692 0.391418
v 0.088071 0.889505 0.422728
v -0.058106 0.867879 0.354701
v 0.039885 0.700920 0.328627
v -0.127225 0.295526 0.417815
v 0.114337 0.782750 0.392128
v -0.127225 0.295526 0.417815
v -0.149610 0.379241 0.409421
v -0.123313 0.235176 0.412578
v -0.166605 0.316569 0.414085
v -0.111070 0.294630 0.325309
v 0.125988 0.714590 0.478589
v 0.020054 0.878263 0.366666
v 0.006582 0.311134 0.265837
v -0.039700 0.849352 0.625022
v -0.121178 0.833384 0.581460
v 0.102783 0.768058 0.564787
v 0.033049 0.865436 0.623390
v 0.104081 0.887926 0.492168
v 0.038560 0.795534 0.334930
v 0.420167 0.813439 0.348362
v 0.432874 0.825904 0.314799
v 0.389756 0.796104 0.331589
v 0.422553 0.891175 0.328537
v 0.408592 0.801650 0.298153
v 0.433641 0.881673 0.377809
v -0.160560 0.828935 0.517178
v -0.160713 0.763256 0.518233
v -0.155927 0.684533 0.433606
v -0.027481 0.549532 0.547204
v 0.023031 0.545600 0.495070
v -0.122599 0.543040 0.449601
v -0.120789 0.490353 0.424663
v -0.100686 0.490913 0.360841
v -0.029150 0.485890 0.506658
v -0.159274 0.834791 0.441689
v 0.029363 0.492192 0.473907
v -0.159799 0.764608 0.438036
v -0.096072 0.490401 0.489754
v -0.161477 0.682127 0.517686
v -0.121193 0.689120 0.359037
v -0.159274 0.834791 0.441689
v -0.159799 0.764608 0.438036
v -0.051672 0.785770 0.330981
v -0.047180 0.695011 0.317287
v 0.087791 0.070263 0.510004
v -0.155927 0.684533 0.433606
v -0.134169 0.855496 0.386729
v -0.096991 0.543220 0.513502
v 0.430016 0.883375 0.355548
v -0.134627 0.543607 0.383903
v 0.435478 0.879720 0.407114
v 0.407551 0.776679 0.294535
v 0.407551 0.776679 0.294535
v -0.116172 0.442143 0.487187
v 0.060002 0.443075 0.479399
v 0.045539 0.461656 0.397367
v 0.056288 0.433058 0.299870
v 0.093097 0.438361 0.390062
v -0.044495 0.460502 0.309918
v 0.387143 0.769945 0.326297
v 0.417757 0.791799 0.343730
v 0.437046 0.821420 0.335966
v 0.387566 0.826004 0.320064
v 0.420167 0.813439 0.348362
v 0.414483 0.767345 0.337961
v 0.417757 0.791799 0.343730
v 0.408592 0.801650 0.298153
v 0.428852 0.853855 0.440692
v 0.413628 0.899230 0.308143
v 0.021406 0.461095 0.335275
v 0.409796 0.842044 0.416614
v 0.421988 0.811506 0.363570
v 0.383512 0.841631 0.399153
v -0.121343 0.460654 0.410216
v -0.129388 0.775165 0.366826
v -0.149610 0.379241 0.409421
v -0.035896 0.294245 0.287500
v -0.035896 0.294245 0.287500
v -0.121772 0.374163 0.320068
v -0.308900 0.641017 0.648950
v -0.308111 0.619292 0.649040
v -0.285508 0.568943 0.660745
v -0.275993 0.587396 0.666307
v -0.261958 0.615999 0.674532
v -0.188304 0.576385 0.696209
v -0.274654 0.627562 0.667689
v -0.078486 0.931501 0.281824
v -0.068941 0.720831 0.237699
v 0.006870 0.931501 0.314812
v 0.432650 0.858083 0.377371
v 0.429026 0.884044 0.437388
v 0.381882 0.839915 0.426033
v -0.111216 0.000000 0.530286
v -0.113925 0.000000 0.416729
v -0.138512 0.095807 0.415230
v -0.044715 0.108705 0.639116
v -0.001561 0.114691 0.637573
v -0.127225 0.295526 0.417815
v -0.044962 0.622633 0.619785
v -0.122951 0.094670 0.471379
v 0.031402 0.609101 0.330669
v -0.100815 0.076167 0.594903
v 0.093234 0.065209 0.571544
v -0.113330 0.000000 0.352782
v -0.138512 0.095807 0.415230
v 0.045757 0.109628 0.619853
v 0.001376 0.076773 0.668206
v -0.098353 0.182160 0.499024
v -0.111070 0.294630 0.325309
v -0.157879 0.310111 0.347122
v -0.020769 0.296845 0.515602
v 0.046318 0.228031 0.319019
v -0.113492 0.086969 0.537309
v -0.156594 0.437013 0.400604
v 0.061347 0.179389 0.477129
v -0.029099 0.576941 0.573731
v -0.139281 0.569331 0.389756
v 0.035939 0.573273 0.526017
v -0.041043 0.602075 0.325017
v -0.116396 0.600222 0.353280
v 0.023540 0.492655 0.352149
v 0.047532 0.492713 0.412901
v 0.020357 0.546113 0.378492
v -0.122599 0.543040 0.449601
v 0.028744 0.573034 0.382114
v -0.040729 0.491891 0.325741
v -0.043327 0.572867 0.354839
v -0.042687 0.545043 0.350854
v -0.081230 0.144179 0.549486
v 0.108225 0.610555 0.385968
v -0.008764 0.165096 0.558931
v 0.093333 0.000000 0.510928
v 0.127569 0.657679 0.374716
v 0.058504 0.142208 0.534524
v -0.112714 0.000000 0.461728
v -0.113925 0.000000 0.416729
v -0.129433 0.169847 0.412127
v -0.120789 0.490353 0.424663
v 0.413750 0.803813 0.423832
v 0.047715 0.546349 0.437703
v -0.097832 0.461224 0.474399
v 0.032424 0.691797 0.654729
v 0.102731 0.666845 0.562206
v 0.098257 0.711839 0.562361
v 0.133194 0.611634 0.470127
v 0.061317 0.573517 0.442700
v -0.123051 0.596585 0.595933
v 0.020195 0.615394 0.602737
v 0.434440 0.856112 0.404450
v -0.117743 0.568105 0.552105
v -0.153003 0.588806 0.529998
v 0.413750 0.803813 0.423832
v 0.074551 0.601479 0.544655
v -0.141418 0.567139 0.476951
v -0.141418 0.567139 0.476951
v 0.388793 0.846277 0.373629
v -0.166605 0.316569 0.414085
v -0.132805 0.309121 0.299896
v -0.127225 0.295526 0.417815
v -0.087512 1.012399 0.309779
v -0.009786 1.014677 0.342291
v -0.073502 0.821494 0.252518
v 0.016068 0.825097 0.291297
v 0.024485 0.727732 0.281777
v 0.029933 0.622293 0.272478
v -0.044765 0.770557 0.626914
v 0.088244 0.877919 0.561624
v -0.050380 0.904350 0.620423
v -0.127561 0.889537 0.582943
v -0.167814 0.879054 0.448514
v -0.070879 0.920173 0.373601
v 0.004394 0.989898 0.608587
v 0.047594 0.294819 0.320988
v -0.077245 0.309874 0.266070
v 0.055333 0.373271 0.311910
v -0.035182 0.371621 0.278521
v -0.161306 0.869039 0.517966
v -0.095764 0.296269 0.480749
v 0.020623 0.922562 0.618707
v 0.072856 0.933486 0.560933
v -0.141678 0.904048 0.396842
v -0.138274 0.978613 0.355549
v 0.390862 0.820420 0.337317
v 0.414483 0.767345 0.337961
v -0.048575 1.052113 0.398051
v 0.386530 0.774207 0.307360
v -0.028816 0.992082 0.390686
v 0.028331 1.053758 0.551496
v -0.073982 1.046966 0.626542
v -0.093112 1.049730 0.378207
v 0.076169 0.316841 0.500549
v -0.062796 0.973939 0.622055
v -0.084933 0.000000 0.294535
v -0.085153 0.986103 0.364765
v 0.102986 0.315670 0.348801
v -0.024503 0.385878 0.533287
v 0.091960 0.939394 0.497985
v 0.065438 0.313740 0.297607
v -0.109799 0.383726 0.491164
v 0.047594 0.294819 0.320988
v 0.062372 0.383191 0.489178
v -0.014568 1.050830 0.602065
v 0.056818 0.933324 0.425246
v 0.075268 0.296869 0.399810
v -0.005347 0.932285 0.388383
v -0.167814 0.879054 0.448514
v 0.092019 0.378083 0.399358
v 0.108269 0.315065 0.422283
v 0.044226 0.295890 0.474950
v 0.056940 1.003326 0.561050
v 0.400922 0.863265 0.311009
v 0.430924 0.796702 0.331467
v 0.383525 0.851209 0.351589
v 0.400922 0.863265 0.311009
v 0.386787 0.800638 0.314309
v -0.030777 0.461750 0.488192
v 0.031690 0.461991 0.462851
v -0.026179 0.444921 0.524591
v 0.428809 0.775725 0.304153
v 0.429236 0.770086 0.326926
v 0.279323 0.998061 0.403616
v 0.427436 0.801256 0.309523
v 0.409796 0.842044 0.416614
v -0.105411 0.460336 0.345348
v 0.413647 0.848484 0.361926
v 0.034014 0.315467 0.535403
v -0.020769 0.296845 0.515602
v -0.095764 0.296269 0.480749
v -0.122108 0.314891 0.510412
v -0.141081 0.545731 0.686802
v -0.126004 0.566990 0.683511
v -0.172091 0.589343 0.696983
v -0.042093 0.634965 0.644170
v -0.269963 0.643456 0.670540
v -0.201403 0.593262 0.693259
v 0.408483 0.825417 0.305280
v 0.421988 0.811506 0.363570
v 0.428995 0.864678 0.348953
v -0.002218 0.125367 0.591078
v 0.068701 0.236377 0.401248
v -0.060231 0.113893 0.593836
v -0.016299 0.247045 0.521663
v 0.078136 0.000000 0.444018
v 0.083957 0.095237 0.444329
v 0.065829 0.000000 0.387127
v 0.054844 0.112123 0.578245
v -0.093195 0.242422 0.483369
v -0.065473 0.070286 0.654874
v -0.076850 0.314789 0.537863
v -0.110679 0.166707 0.335206
v 0.075268 0.296869 0.399810
v 0.075648 0.174490 0.397034
v -0.156594 0.437013 0.400604
v -0.126379 0.432113 0.308332
v 0.042121 0.244039 0.478379
v -0.121343 0.460654 0.410216
v 0.035288 1.055788 0.483179
v -0.011392 0.202546 0.533566
v 0.026995 0.997230 0.435294
v 0.002267 1.053464 0.428277
v 0.041780 0.167817 0.320994
v -0.035306 0.224775 0.295330
v -0.144541 1.048602 0.370645
v -0.103025 0.228317 0.339756
v -0.129433 0.169847 0.412127
v -0.123313 0.235176 0.412578
v -0.039413 0.157230 0.283730
v -0.038848 0.093377 0.277655
v -0.118521 0.101873 0.322207
v 0.081243 0.104318 0.385140
v 0.043219 0.000000 0.322756
v -0.039438 0.000000 0.273566
v 0.043474 0.098737 0.316080
v 0.006125 0.000000 0.286449
v -0.124572 0.954132 0.626306
v 0.413647 0.848484 0.361926
v -0.125127 1.023977 0.631609
v 0.079781 0.630665 0.546795
v 0.142100 0.658656 0.474065
v 0.058071 1.002474 0.489165
v 0.379523 0.858141 0.326765
v -0.155915 0.592488 0.445552
v 0.422574 0.870405 0.325067
v 0.408483 0.825417 0.305280
v 0.044226 0.295890 0.474950
v -0.021333 0.315025 0.545324
v -0.060391 0.599171 0.654233
v -0.225872 0.561973 0.685294
v -0.106002 0.582231 0.678751
v -0.252899 0.629752 0.680270
v -0.065403 0.562457 0.656398
v -0.238789 0.579048 0.682402
v -0.211624 1.682272 -0.627921
v -0.222615 1.665651 -0.654487
v -0.222615 1.680417 -0.654487
v -0.261066 1.676890 -0.697685
v -0.204431 1.682239 -0.615463
v -0.211624 1.663796 -0.627921
v -0.179743 0.861733 0.699192
v -0.204431 1.663830 -0.615463
v -0.179743 1.098657 0.660160
v -0.179743 0.947236 0.687406
v -0.106002 0.658928 0.681202
v -0.252899 0.763637 0.685088
v -0.042093 0.947236 0.644170
v -0.106002 0.763637 0.685088
v -0.106002 1.026162 0.661819
v -0.106002 0.947236 0.673952
v -0.203805 1.682273 -0.629746
v -0.252899 1.026162 0.661819
v -0.272643 1.671469 -0.728182
v -0.261066 1.669178 -0.697685
v -0.252899 1.098657 0.649714
v -0.316300 1.026162 0.633778
v -0.179743 0.763637 0.707838
v -0.179743 0.658928 0.702224
v -0.179743 1.026162 0.669367
v -0.042093 0.763637 0.644170
v -0.316300 0.947236 0.644170
v -0.042093 1.026162 0.633778
v -0.203805 1.663796 -0.629746
v -0.316300 1.098657 0.624233
v -0.252899 0.861733 0.681409
v -0.042093 0.861733 0.644170
v -0.316300 0.763637 0.644170
v -0.252899 0.658928 0.681202
v -0.316300 0.658928 0.644170
v -0.042093 0.658928 0.644170
v -0.316300 0.861733 0.644170
v -0.106002 1.098657 0.649714
v -0.042093 1.098657 0.624233
v -0.106002 0.861733 0.681409
v -0.252899 0.947236 0.673952
v 0.174229 1.417688 0.441145
v -0.312114 1.678521 -0.659088
v -0.295521 1.673758 -0.732982
v -0.295521 1.672310 -0.732982
v -0.272643 1.674599 -0.728182
v -0.312114 1.667547 -0.659088
v -0.311830 1.668774 -0.677022
v -0.311830 1.677293 -0.677022
v 0.109932 1.369802 0.309812
v -0.339758 1.670516 -0.694163
v 0.087623 1.350270 0.405026
v 0.047221 1.568449 0.325300
v 0.107735 1.558789 0.460362
v 0.095832 1.541325 0.504278
v -0.136060 1.563750 0.549465
v -0.137742 1.650020 0.375058
v 0.087147 1.356412 0.355907
v -0.093112 1.049730 0.378207
v -0.144541 1.048602 0.370645
v 0.035288 1.055788 0.483179
v 0.002267 1.053464 0.428277
v -0.067062 1.058964 0.664008
v -0.125015 1.042586 0.677374
v -0.008486 1.062743 0.616265
v -0.125127 1.023977 0.631609
v 0.002267 1.053464 0.428277
v -0.073982 1.046966 0.626542
v -0.125849 1.049909 0.299055
v 0.117006 1.408187 0.482547
v -0.221340 1.650450 0.375779
v 0.190638 1.421708 0.375118
v 0.083722 1.360736 0.441889
v 0.171722 1.380507 0.434340
v 0.120970 1.372418 0.464622
v 0.115627 1.504925 0.507914
v -0.014568 1.050830 0.602065
v -0.179456 1.427624 0.704598
v -0.257513 1.631739 0.422627
v 0.129545 1.356472 0.452380
v 0.028331 1.053758 0.551496
v -0.002181 1.495040 0.603227
v -0.088161 1.446630 0.662195
v 0.041837 1.478188 0.583885
v -0.257127 1.599674 0.510284
v -0.048575 1.052113 0.398051
v -0.179457 1.643514 0.362720
v -0.217209 1.445248 0.701522
v 0.063872 1.495218 0.545117
v -0.179458 1.546034 0.554098
v 0.124905 1.517860 0.330179
v 0.143094 1.468581 0.325390
v 0.156204 1.532830 0.388739
v -0.101885 1.631719 0.422613
v -0.101953 1.599492 0.510335
v 0.062408 1.582260 0.475795
v -0.086436 1.616847 0.467664
v -0.324702 1.660900 0.259321
v -0.362707 1.710779 0.481271
v -0.369147 1.733919 0.408456
v -0.269960 1.567724 0.233520
v -0.313570 1.563074 0.292503
v -0.320017 1.589919 0.274444
v -0.400200 1.620936 0.465092
v -0.354000 1.609905 0.590255
v -0.372265 1.595132 0.401212
v 0.100945 1.555514 0.347595
v -0.262543 1.523894 0.258980
v 0.062855 1.590994 0.397045
v 0.113373 1.571328 0.397137
v 0.055378 1.548038 0.532549
v -0.130169 1.270675 0.661238
v 0.058422 1.515562 0.288178
v -0.022562 1.071056 0.350900
v -0.179456 1.503347 0.257015
v -0.382615 1.673399 0.475286
v -0.272027 1.617753 0.467772
v -0.179456 1.427624 0.704598
v -0.044403 1.473683 0.635111
v -0.223395 1.563609 0.549532
v -0.179456 1.406087 0.690732
v -0.200760 1.730933 0.331620
v -0.234525 1.627277 0.588395
v -0.232049 1.729614 0.349842
v -0.296233 1.698390 0.477860
v -0.363987 1.689077 0.323529
v -0.300589 1.735984 0.251809
v -0.179456 1.611330 0.212494
v -0.376320 1.562497 0.573950
v -0.277774 1.619235 0.640801
v -0.350442 1.531167 0.614510
v -0.314340 1.540383 0.661927
v -0.310327 1.633840 0.620165
v -0.328744 1.489797 0.658946
v -0.345349 1.517982 0.592745
v -0.345458 1.552627 0.636787
v -0.088755 1.107290 0.318292
v -0.356731 1.495040 0.603227
v -0.018895 1.109124 0.352164
v -0.009947 1.179075 0.618624
v -0.071977 1.178649 0.667032
v -0.007572 1.106910 0.622441
v 0.024290 1.107960 0.409286
v -0.370671 1.639878 0.542669
v -0.372222 1.545339 0.548040
v -0.390812 1.591391 0.526635
v -0.384584 1.698056 0.399865
v -0.070156 1.105948 0.663428
v -0.391265 1.634704 0.395342
v -0.083025 1.062895 0.309401
v -0.130142 1.104761 0.681629
v 0.044162 1.107805 0.489403
v 0.024290 1.107960 0.409286
v 0.033595 1.108492 0.558616
v -0.126103 1.177418 0.685106
v -0.077375 1.238135 0.634982
v 0.024349 1.187249 0.417808
v -0.227329 1.566122 0.607669
v -0.315329 1.499779 0.657444
v -0.270750 1.446630 0.662195
v -0.231633 1.466295 0.702803
v -0.386263 1.586231 0.479761
v -0.318747 1.634492 0.601030
v -0.360066 1.506944 0.634072
v -0.338620 1.584479 0.322998
v -0.215171 1.423865 0.684130
v -0.309806 1.538280 0.663153
v -0.217209 1.445248 0.701522
v -0.179456 1.737584 0.242960
v -0.304001 1.651509 0.528129
v -0.311585 1.696641 0.478147
v -0.345025 1.673297 0.547347
v -0.303629 1.719307 0.415762
v -0.179456 1.716583 0.213788
v -0.345154 1.739926 0.410852
v -0.262305 1.636142 0.215204
v -0.229951 1.741660 0.249707
v -0.353014 1.715453 0.480547
v -0.256811 1.569486 0.665803
v -0.314509 1.473683 0.635111
v -0.329813 0.576941 0.573731
v -0.317868 0.602075 0.325017
v -0.394851 0.573273 0.526017
v -0.420228 0.573517 0.442700
v -0.379106 0.615394 0.602737
v -0.235861 0.596585 0.595933
v -0.205909 0.588806 0.529998
v -0.241169 0.568106 0.552105
v -0.261080 0.461224 0.474399
v -0.242740 0.442143 0.487187
v -0.461643 0.666845 0.562206
v -0.404451 0.461656 0.397367
v -0.452009 0.438361 0.390062
v -0.380318 0.461095 0.335275
v -0.313950 0.622633 0.619785
v -0.236313 0.543040 0.449601
v -0.238123 0.490353 0.424663
v -0.202985 0.684533 0.433606
v -0.224285 0.543607 0.383903
v -0.331431 0.549532 0.547204
v -0.198351 0.828935 0.517178
v -0.197435 0.682127 0.517686
v -0.349488 1.742446 0.327429
v -0.324902 1.750932 0.333892
v -0.200775 1.615750 0.601102
v -0.179456 1.586524 0.619119
v -0.501011 0.658656 0.474065
v -0.391336 0.691797 0.654729
v -0.179456 1.545917 0.221640
v -0.282878 1.746006 0.276671
v -0.217494 0.567139 0.476951
v -0.202996 0.592488 0.445552
v -0.236313 0.543040 0.449601
v -0.202996 0.592488 0.445552
v -0.353710 1.612275 0.325366
v -0.217494 0.567139 0.476951
v -0.457169 0.711839 0.562361
v -0.390602 0.461991 0.462851
v -0.438693 0.630665 0.546795
v -0.337669 1.579221 0.623133
v -0.418914 0.443075 0.479399
v -0.433463 0.601479 0.544655
v -0.332733 0.444921 0.524591
v -0.314417 0.460502 0.309918
v -0.321875 0.430426 0.265558
v -0.179457 1.687311 0.361078
v -0.179456 1.731217 0.323484
v -0.260906 1.721920 0.381165
v -0.259555 1.642037 0.511261
v -0.179457 1.600471 0.549137
v -0.328135 0.461750 0.488192
v -0.262840 0.490401 0.489754
v -0.179456 1.719430 0.294678
v -0.179457 1.614335 0.604182
v -0.255131 1.679341 0.424347
v -0.280662 1.671395 0.531178
v -0.279442 1.709639 0.417735
v -0.220864 1.616066 0.545472
v -0.202985 0.684533 0.433606
v -0.199113 0.764608 0.438036
v -0.260488 1.650323 0.564750
v -0.261921 0.543220 0.513502
v -0.198199 0.763256 0.518233
v -0.300806 0.867879 0.354701
v -0.271832 1.663377 0.467796
v -0.221581 1.696207 0.375184
v -0.238123 0.490353 0.424663
v -0.388275 0.492192 0.473907
v -0.199113 0.764608 0.438036
v -0.397471 0.795534 0.334930
v -0.229479 0.169847 0.412127
v -0.253423 1.729985 0.314278
v -0.288355 1.621908 0.559943
v -0.281926 1.728237 0.354947
v -0.254987 1.604905 0.589488
v -0.240944 1.725456 0.220253
v -0.208715 1.723652 0.297382
v -0.219213 1.585924 0.617105
v 0.073264 1.402208 0.496921
v 0.199970 1.392901 0.348313
v 0.194740 1.386172 0.385329
v 0.095425 1.346339 0.436621
v 0.145419 1.521654 0.455264
v 0.181499 1.478070 0.381572
v 0.168026 1.469342 0.450271
v 0.126557 1.454073 0.499801
v 0.075598 1.458958 0.283077
v 0.150988 1.423888 0.323807
v 0.172738 1.368123 0.428763
v 0.087147 1.356412 0.355907
v 0.092164 1.355939 0.356245
v 0.083455 1.412161 0.331911
v 0.164936 1.392653 0.305226
v 0.064963 1.440312 0.526013
v 0.031886 1.065354 0.552603
v -0.355121 1.677441 -0.662621
v -0.347426 1.664959 -0.611868
v -0.354195 1.666060 -0.625856
v -0.354195 1.680008 -0.625856
v -0.347426 1.681110 -0.611868
v -0.355121 1.668628 -0.662621
v -0.339758 1.675552 -0.694163
v 0.057109 1.282642 0.402421
v -0.357710 1.664579 -0.603509
v -0.015904 1.249766 0.600020
v 0.023292 1.250648 0.558457
v -0.096369 1.523894 0.258980
v -0.045341 1.563074 0.292503
v -0.105366 1.273824 0.339002
v -0.062819 1.294278 0.646794
v 0.027159 1.208356 0.493410
v -0.029449 1.260880 0.363697
v 0.020134 1.248037 0.418776
v -0.020292 1.584479 0.322998
v 0.013353 1.595132 0.401212
v 0.013311 1.545339 0.548040
v 0.055378 1.548038 0.532549
v 0.073264 1.402208 0.496921
v 0.057204 1.375444 0.521271
v 0.032428 1.288471 0.601581
v 0.008789 1.262972 0.585795
v 0.039575 1.368503 0.558075
v 0.052017 1.313323 0.546964
v -0.006383 1.517133 0.276518
v 0.063872 1.495218 0.545117
v 0.055211 1.425846 0.562329
v -0.246198 0.000000 0.461728
v -0.001426 1.307496 0.641832
v 0.051756 1.321439 0.564349
v 0.041923 1.372437 0.573947
v -0.056985 1.394488 0.675981
v -0.032607 1.338855 0.670884
v 0.047221 1.568449 0.325300
v -0.244986 0.000000 0.416729
v 0.064963 1.440312 0.526013
v -0.247695 0.000000 0.530286
v 0.018313 1.451978 0.266162
v 0.083455 1.412161 0.331911
v 0.014792 1.309001 0.321416
v 0.084372 1.320680 0.409593
v 0.084372 1.320680 0.409593
v 0.062855 1.590994 0.397045
v 0.013353 1.595132 0.401212
v -0.013563 1.517982 0.592745
v -0.456875 0.000000 0.576311
v -0.220400 0.095807 0.415230
v -0.402131 0.000000 0.322756
v -0.252082 0.000000 0.600243
v -0.245420 0.086969 0.537309
v -0.456875 0.000000 0.576311
v -0.288395 0.000000 0.660826
v -0.437048 0.000000 0.444018
v -0.244986 0.000000 0.416729
v 0.062855 1.590994 0.397045
v -0.424741 0.000000 0.387127
v 0.035286 1.246734 0.494174
v 0.010935 1.213520 0.424473
v -0.032681 1.214087 0.367834
v 0.020134 1.248037 0.418776
v -0.215946 1.586828 0.685438
v -0.319474 0.000000 0.273566
v -0.143741 1.423865 0.684130
v -0.104166 1.371936 0.690164
v -0.000180 1.413528 0.645127
v -0.365494 0.311134 0.265837
v -0.231687 0.295526 0.417815
v -0.245581 0.000000 0.352782
v -0.209302 0.379241 0.409421
v -0.247842 0.294630 0.325309
v -0.235960 0.094670 0.471379
v -0.277682 0.144179 0.549486
v -0.273979 0.000000 0.294535
v -0.281527 1.595487 0.643334
v -0.228117 1.563371 0.673556
v -0.179456 1.548185 0.716344
v -0.179456 1.417702 0.708324
v -0.271881 1.467677 0.685299
v -0.179456 1.428427 0.729787
v -0.365037 0.000000 0.286449
v 0.028133 1.182944 0.560426
v -0.021095 1.192090 0.353853
v 0.024349 1.187249 0.417808
v -0.090639 1.192387 0.319642
v -0.258896 1.586340 0.592959
v -0.179456 1.480382 0.733051
v -0.228042 1.535278 0.688347
v 0.039835 1.186428 0.495727
v -0.066425 1.209614 0.669437
v -0.223167 1.483680 0.732925
v 0.010935 1.213520 0.424473
v -0.128088 1.238030 0.698959
v -0.122355 1.318240 0.660371
v 0.015748 1.205076 0.556576
v -0.105197 1.216404 0.343053
v -0.020585 1.214946 0.607744
v -0.283690 1.509351 0.684717
v -0.218867 1.552038 0.714440
v -0.362140 0.000000 0.672501
v -0.246198 0.000000 0.461728
v -0.245581 0.000000 0.352782
v -0.427124 0.068646 0.635450
v -0.194565 1.428411 0.729576
v -0.179456 1.585778 0.689845
v -0.417415 0.142208 0.534524
v -0.357351 0.114691 0.637573
v -0.356694 0.125367 0.591078
v -0.247695 0.000000 0.530286
v -0.452245 0.000000 0.510928
v -0.314197 0.108705 0.639116
v -0.350148 0.165096 0.558931
v -0.362140 0.000000 0.672501
v -0.452146 0.065209 0.571544
v -0.288395 0.000000 0.660826
v -0.195897 1.419018 0.707874
v -0.242516 0.600222 0.353280
v -0.406627 0.546349 0.437703
v -0.219631 0.569331 0.389756
v -0.406444 0.492713 0.412901
v -0.390314 0.609101 0.330669
v -0.382452 0.492655 0.352149
v -0.415200 0.433058 0.299870
v -0.253501 0.460336 0.345348
v -0.237569 0.460654 0.410216
v -0.237569 0.460654 0.410216
v -0.258225 0.490913 0.360841
v -0.316225 0.545043 0.350854
v -0.329762 0.485890 0.506658
v -0.381943 0.545600 0.495070
v -0.311732 0.695011 0.317287
v -0.199638 0.834791 0.441689
v -0.260558 0.182160 0.499024
v -0.231687 0.295526 0.417815
v -0.192307 0.316569 0.414085
v -0.229479 0.169847 0.412127
v -0.202318 0.437013 0.400604
v -0.232533 0.432113 0.308332
v -0.427340 0.000000 0.636387
v -0.252082 0.000000 0.600243
v -0.202318 0.437013 0.400604
v -0.486481 0.657679 0.374716
v -0.318183 0.491891 0.325741
v -0.224743 0.855496 0.386729
v -0.427340 0.000000 0.636387
v -0.379269 0.546113 0.378492
v -0.199638 0.834791 0.441689
v -0.387656 0.573034 0.382114
v -0.237719 0.689120 0.359037
v -0.452245 0.000000 0.510928
v -0.492106 0.611634 0.470127
v -0.315584 0.572867 0.354839
v -0.467137 0.610555 0.385968
v -0.420259 0.179389 0.477129
v -0.403138 0.295890 0.474950
v -0.434180 0.296869 0.399810
v -0.403138 0.295890 0.474950
v -0.467181 0.315065 0.422283
v -0.414245 0.373271 0.311910
v -0.265717 0.242422 0.483369
v -0.247842 0.294630 0.325309
v -0.226107 0.309121 0.299896
v -0.378966 0.878263 0.366666
v -0.229524 0.775165 0.366826
v -0.220400 0.095807 0.415230
v -0.244986 0.000000 0.416729
v -0.281667 0.309874 0.266070
v -0.209302 0.379241 0.409421
v -0.406506 0.294819 0.320988
v -0.237140 0.374163 0.320068
v -0.231687 0.295526 0.417815
v -0.484900 0.714590 0.478589
v -0.307239 0.785770 0.330981
v -0.235599 0.235176 0.412578
v -0.461695 0.768058 0.564787
v -0.323016 0.294245 0.287500
v -0.338143 0.296845 0.515602
v -0.434180 0.296869 0.399810
v -0.337579 0.315025 0.545324
v -0.236804 0.314891 0.510412
v -0.282062 0.314789 0.537863
v -0.231687 0.295526 0.417815
v -0.447155 0.877919 0.561624
v -0.397320 0.777329 0.626813
v -0.398797 0.700920 0.328627
v -0.323730 0.371621 0.278521
v -0.263148 0.296269 0.480749
v -0.462992 0.887926 0.492168
v -0.314147 0.770557 0.626914
v -0.197606 0.869039 0.517966
v -0.192307 0.316569 0.414085
v -0.201033 0.310112 0.347122
v -0.323016 0.294245 0.287500
v -0.338143 0.296845 0.515602
v -0.225123 0.684337 0.610600
v -0.391961 0.865436 0.623390
v -0.311399 0.692513 0.657735
v -0.179456 0.871040 0.516314
v -0.319212 0.849352 0.625022
v -0.231351 0.889537 0.582943
v -0.179456 0.887060 0.584935
v -0.308532 0.904350 0.620423
v -0.353565 0.932285 0.388383
v -0.415730 0.933324 0.425246
v -0.450872 0.939394 0.497985
v -0.288032 0.920173 0.373601
v -0.191098 0.879054 0.448514
v -0.217234 0.904048 0.396842
v -0.435081 0.316841 0.500549
v -0.319474 0.000000 0.273566
v -0.273979 0.000000 0.294535
v -0.255887 0.228317 0.339756
v -0.235599 0.235176 0.412578
v -0.240391 0.101873 0.322207
v -0.450931 0.378083 0.399358
v -0.320063 0.093377 0.277655
v -0.365037 0.000000 0.286449
v -0.323606 0.224775 0.295330
v -0.424741 0.000000 0.387127
v -0.402131 0.000000 0.322756
v -0.402385 0.098737 0.316080
v -0.400691 0.167817 0.320994
v -0.405230 0.228031 0.319019
v -0.392925 0.315467 0.535403
v -0.424350 0.313740 0.297607
v -0.406506 0.294819 0.320988
v -0.421284 0.383191 0.489178
v -0.461898 0.315670 0.348801
v -0.263148 0.296269 0.480749
v -0.248233 0.166707 0.335206
v -0.249112 0.383726 0.491164
v -0.334409 0.385878 0.533287
v -0.437048 0.000000 0.444018
v -0.298681 0.113893 0.593836
v -0.413756 0.112123 0.578245
v -0.446703 0.070263 0.510004
v -0.404669 0.109628 0.619853
v -0.258097 0.076167 0.594903
v -0.360288 0.076773 0.668206
v -0.293439 0.070286 0.654874
v -0.075736 1.432335 0.237339
v 0.075598 1.458958 0.283077
v -0.069960 1.335119 0.263250
v 0.057213 1.383803 0.298668
v 0.027351 1.586231 0.479761
v 0.058422 1.515562 0.288178
v 0.083722 1.360736 0.441889
v 0.057109 1.282642 0.402421
v 0.076541 1.335755 0.354371
v 0.087623 1.350270 0.405026
v 0.039095 1.065648 0.483897
v 0.019514 1.065525 0.413383
v 0.019514 1.065525 0.413383
v 0.074796 1.324504 0.527536
v 0.081371 1.322122 0.471911
v 0.062408 1.582260 0.475795
v -0.319499 0.157230 0.283730
v -0.440155 0.104318 0.385140
v -0.442869 0.095237 0.444329
v -0.427613 0.236377 0.401248
v -0.467094 0.705692 0.391418
v -0.446982 0.889505 0.422728
v -0.491035 0.776036 0.479953
v -0.237734 0.833384 0.581460
v -0.179456 0.881152 0.450815
v -0.473249 0.782750 0.392128
v -0.401033 0.244038 0.478379
v -0.347520 0.202546 0.533566
v -0.342612 0.247045 0.521663
v -0.434560 0.174490 0.397034
v -0.238229 0.763592 0.588687
v -0.191098 0.879054 0.448514
v -0.379535 0.922562 0.618707
v -0.431768 0.933486 0.560933
v -0.179456 0.912211 0.392040
v -0.284930 1.046966 0.626542
v -0.296116 0.973939 0.622055
v -0.179456 0.881152 0.450815
v -0.311830 1.668774 -0.677022
v -0.295521 1.672310 -0.732982
v -0.361292 1.682271 -0.544217
v -0.377213 1.682273 -0.499831
v -0.377401 1.663541 -0.496012
v -0.186943 1.683334 -0.543757
v -0.182711 1.682273 -0.560047
v -0.182711 1.663795 -0.560047
v -0.178848 1.663795 -0.484921
v -0.178848 1.682273 -0.484921
v -0.172370 1.676666 -0.726411
v -0.198060 1.667154 -0.684038
v -0.357710 1.681489 -0.603509
v -0.356753 1.663795 -0.594041
v -0.355121 1.668628 -0.662621
v -0.172671 1.669707 -0.735282
v -0.339758 1.670516 -0.694163
v -0.354195 1.666060 -0.625856
v -0.261066 1.669178 -0.697685
v -0.272643 1.671469 -0.728182
v -0.355182 1.663769 -0.523803
v -0.361292 1.663798 -0.544217
v -0.165033 1.682273 -0.526358
v -0.175909 1.663962 -0.566070
v -0.163436 1.682273 -0.470494
v -0.172671 1.669707 -0.735282
v -0.356753 1.682273 -0.594041
v -0.362122 1.682256 -0.504974
v -0.362122 1.663812 -0.504974
v -0.355182 1.682299 -0.523803
v -0.165033 1.663795 -0.526358
v -0.174683 1.662624 -0.526319
v -0.174683 1.683444 -0.526319
v -0.175909 1.682106 -0.566070
v -0.163436 1.663795 -0.470494
v -0.163842 1.682273 -0.497792
v -0.163842 1.663795 -0.497792
v -0.198060 1.678914 -0.684038
v -0.166235 1.663541 -0.567498
v -0.186943 1.662734 -0.543757
v -0.166393 1.682273 -0.567333
v -0.529787 1.204337 0.330811
v -0.538593 1.213906 0.393922
v -0.515390 1.229013 0.423407
v -0.465327 1.302796 0.342584
v -0.479218 1.298826 0.433292
v -0.547028 1.237858 0.280919
v -0.571738 1.233902 0.420575
v -0.529787 1.204337 0.330811
v -0.506053 1.185391 0.324417
v -0.522993 1.206579 0.357231
v -0.506573 1.225756 0.325788
v -0.619554 1.292781 0.327673
v -0.552362 1.336176 0.293783
v -0.595223 1.268351 0.282005
v -0.557104 1.249800 0.441513
v -0.586597 1.336794 0.391758
v -0.446059 1.356412 0.355907
v -0.451075 1.355939 0.356245
v -0.499407 1.312094 0.300654
v -0.595056 1.346829 0.327206
v -0.561736 1.324172 0.426496
v -0.518882 1.307746 0.450457
v -0.592971 1.289948 0.426568
v -0.310336 1.052113 0.398051
v -0.273759 0.986103 0.364765
v -0.265800 1.049730 0.378207
v -0.214371 1.048602 0.370645
v -0.345349 1.517982 0.592745
v -0.372222 1.545339 0.548040
v -0.433708 1.324504 0.527536
v -0.446535 1.350270 0.405026
v -0.330096 0.992082 0.390686
v -0.361179 1.053464 0.428277
v -0.443284 1.320680 0.409593
v -0.449718 1.344183 0.404418
v -0.446059 1.356412 0.355907
v -0.451075 1.355939 0.356245
v -0.615981 1.298055 0.390545
v -0.446535 1.350270 0.405026
v -0.416983 1.002474 0.489165
v -0.394200 1.055788 0.483179
v -0.387243 1.053758 0.551496
v -0.454337 1.346339 0.436621
v -0.497630 1.219328 0.374262
v -0.506573 1.225756 0.325788
v -0.610173 1.253899 0.420943
v -0.622915 1.262869 0.332834
v -0.631374 1.270040 0.386428
v -0.602966 1.243468 0.284133
v -0.553480 1.212497 0.300026
v -0.220637 0.978613 0.355549
v -0.179456 1.043900 0.370312
v -0.363306 0.989898 0.608587
v -0.179456 0.978678 0.356407
v -0.344343 1.050830 0.602065
v -0.313570 1.563074 0.292503
v -0.372265 1.595132 0.401212
v -0.179456 1.338125 0.256702
v -0.288952 1.335119 0.263250
v -0.442367 1.412161 0.331911
v -0.179456 0.942357 0.628452
v -0.531650 1.368123 0.428763
v -0.549550 1.421708 0.375118
v -0.434510 1.458958 0.283077
v -0.558882 1.392901 0.348313
v -0.502006 1.468581 0.325390
v -0.465327 1.302796 0.342584
v -0.506053 1.185391 0.324417
v -0.398487 1.368503 0.558075
v -0.434510 1.458958 0.283077
v -0.416125 1.383803 0.298668
v -0.179456 0.997398 0.633390
v -0.488456 1.356472 0.452380
v -0.523848 1.392653 0.305226
v -0.432176 1.402208 0.496921
v -0.422783 1.495218 0.545117
v -0.417334 1.515562 0.288178
v -0.483817 1.517860 0.330179
v -0.463988 1.297545 0.400001
v -0.459857 1.555514 0.347595
v -0.466647 1.558789 0.460362
v -0.272027 1.617753 0.467772
v -0.367701 1.262972 0.585795
v -0.377224 1.451978 0.266162
v -0.759834 0.863265 0.311009
v -0.233785 1.023977 0.631609
v -0.553652 1.386172 0.385329
v -0.468844 1.369802 0.309812
v -0.423875 1.440312 0.526013
v -0.474539 1.504925 0.507914
v -0.406133 1.568449 0.325300
v -0.446535 1.350270 0.405026
v -0.257127 1.599674 0.510284
v -0.326305 1.338855 0.670884
v -0.422783 1.495218 0.545117
v -0.759834 0.863265 0.311009
v -0.767395 0.825417 0.305280
v -0.530634 1.380507 0.434340
v -0.509900 1.423888 0.323807
v -0.485469 1.454073 0.499801
v -0.504331 1.521654 0.455264
v -0.472285 1.571328 0.397137
v -0.446059 1.356412 0.355907
v -0.179458 1.546034 0.554098
v -0.234340 0.954132 0.626306
v -0.767395 0.825417 0.305280
v -0.781486 0.870405 0.325067
v -0.442634 1.360736 0.441889
v -0.442367 1.412161 0.331911
v -0.526938 1.469342 0.450271
v -0.515116 1.532830 0.388739
v -0.421767 1.590994 0.397045
v -0.179457 1.643514 0.362720
v -0.221340 1.650450 0.375779
v -0.421320 1.582260 0.475795
v -0.454744 1.541325 0.504278
v -0.414290 1.548038 0.532549
v -0.540411 1.478070 0.381572
v -0.475918 1.408187 0.482547
v -0.533141 1.417688 0.441145
v -0.479882 1.372418 0.464622
v -0.772559 0.848484 0.361926
v -0.738435 0.858141 0.326765
v -0.400835 1.372437 0.573947
v -0.410668 1.321439 0.564349
v -0.357486 1.307496 0.641832
v -0.414123 1.425846 0.562329
v -0.254746 1.371936 0.690164
v -0.583866 1.131735 0.485817
v -0.549194 1.208713 0.273619
v -0.660181 1.204718 0.364472
v -0.610126 1.146046 0.437826
v -0.606642 1.103927 0.488338
v -0.620823 1.061609 0.479200
v -0.645548 1.037435 0.419371
v -0.630100 1.266586 0.450489
v -0.385907 0.997230 0.435294
v -0.415852 1.003326 0.561050
v -0.768708 0.842044 0.416614
v -0.772662 0.803813 0.423832
v -0.772662 0.803813 0.423832
v -0.793352 0.856112 0.404450
v -0.768708 0.842044 0.416614
v -0.747705 0.846277 0.373629
v -0.787907 0.864678 0.348953
v -0.780900 0.811506 0.363570
v -0.772559 0.848484 0.361926
v -0.780900 0.811506 0.363570
v -0.791562 0.858083 0.377371
v -0.742424 0.841631 0.399153
v -0.787764 0.853855 0.440692
v -0.740794 0.839915 0.426033
v -0.742437 0.851209 0.351589
v -0.787938 0.884044 0.437388
v -0.794390 0.879720 0.407114
v -0.788928 0.883375 0.355548
v -0.792553 0.881673 0.377809
v -0.772540 0.899230 0.308143
v -0.742817 0.860448 0.266728
v -0.762435 0.842155 0.299150
v -0.791786 0.825904 0.314799
v -0.767504 0.801650 0.298153
v -0.745699 0.800638 0.314309
v -0.746479 0.826004 0.320064
v -0.766463 0.776679 0.294535
v -0.766463 0.776679 0.294535
v -0.762435 0.842155 0.299150
v -0.752027 0.804678 0.289707
v -0.741412 0.790663 0.284918
v -0.773731 0.843841 0.283311
v -0.739807 0.885454 0.277171
v -0.762949 0.852070 0.263341
v -0.758051 0.882938 0.278729
v -0.741412 0.790663 0.284918
v -0.781465 0.891175 0.328537
v -0.767504 0.801650 0.298153
v -0.747977 0.798198 0.250630
v -0.764606 0.804365 0.270269
v -0.755021 0.788466 0.267034
v -0.752027 0.804678 0.289707
v -0.702374 1.015443 0.324306
v -0.768534 0.875857 0.297518
v -0.711666 0.879787 0.329874
v -0.658814 0.978206 0.330716
v -0.647610 1.002373 0.332701
v -0.661589 0.881724 0.464088
v -0.776669 0.791799 0.343730
v -0.645916 0.956452 0.438680
v -0.779079 0.813439 0.348362
v -0.773395 0.767345 0.337961
v -0.748668 0.796104 0.331589
v -0.789836 0.796702 0.331467
v -0.745442 0.774207 0.307360
v -0.749774 0.820420 0.337317
v -0.735178 0.848818 0.298101
v -0.727043 0.855842 0.283898
v -0.739807 0.885454 0.277171
v -0.729503 0.870559 0.312902
v -0.742817 0.860448 0.266728
v -0.718966 0.878697 0.297843
v -0.732308 0.909334 0.283664
v -0.710713 0.990070 0.318132
v -0.718722 0.953558 0.293878
v -0.710898 0.853536 0.408440
v -0.638235 0.998061 0.403616
v -0.649284 0.976376 0.406908
v -0.786348 0.801256 0.309523
v -0.746055 0.769945 0.326297
v -0.718722 0.953558 0.293878
v -0.756020 0.907858 0.284151
v -0.732308 0.909334 0.283664
v -0.703651 0.896782 0.297845
v -0.773395 0.767345 0.337961
v -0.788148 0.770086 0.326926
v -0.787721 0.775725 0.304153
v -0.776669 0.791799 0.343730
v -0.741886 0.871070 0.477494
v -0.721437 0.859276 0.455291
v -0.681479 0.937449 0.311418
v -0.719206 0.888733 0.488717
v -0.700038 0.889765 0.435110
v -0.700573 0.875526 0.469507
v -0.668531 0.958260 0.386144
v -0.620631 0.997564 0.358621
v -0.672369 0.948126 0.498859
v -0.673034 0.915810 0.506660
v -0.657801 0.929111 0.407967
v -0.644009 0.928813 0.469212
v -0.725182 0.868394 0.366318
v -0.643650 0.975456 0.365386
v -0.698594 0.910090 0.395003
v -0.679372 0.972769 0.469774
v -0.716192 0.936694 0.498883
v -0.644009 0.928813 0.469212
v -0.645916 0.956452 0.438680
v -0.779079 0.813439 0.348362
v -0.680683 0.924190 0.350506
v -0.650400 0.904556 0.487106
v -0.650400 0.904556 0.487106
v -0.734557 0.959701 0.474791
v -0.671314 1.005663 0.426580
v -0.681866 0.986990 0.441496
v -0.649284 0.976376 0.406908
v -0.795958 0.821420 0.335966
v -0.638235 0.998061 0.403616
v -0.659928 0.901486 0.440620
v -0.786227 0.781580 0.442548
v -0.775527 0.758327 0.469376
v -0.782942 0.808430 0.466719
v -0.757068 0.846541 0.470568
v -0.777771 0.784371 0.467984
v -0.763490 0.806920 0.470942
v -0.779728 0.854483 0.465435
v -0.757068 0.846541 0.470568
v -0.282990 0.500967 0.461706
v 0.738864 1.569788 0.581441
v 0.716203 1.569788 0.581441
v 0.727533 1.559056 0.599588
v 0.727533 1.044344 0.646373
v 0.727533 1.584032 0.600810
v 0.727533 1.252075 0.400271
v 0.727533 1.044344 0.646373
v -0.163436 1.663795 -0.470494
v -0.165033 1.663795 -0.526358
v 0.727533 1.252075 0.400271
v -0.737940 0.842005 0.449382
v -0.744347 0.808408 0.453166
v -0.758646 0.764970 0.473148
v -0.761254 0.786231 0.472778
v -0.222615 1.665651 -0.654487
v -0.763490 0.806920 0.470942
v -0.739345 0.767059 0.454012
v -0.758646 0.764970 0.473148
v -0.273228 1.668694 -0.686628
v -0.312114 1.667547 -0.659088
v -0.170922 1.666455 -0.683862
v -0.761254 0.786231 0.472778
v -0.183083 1.663795 -0.634584
v -0.203805 1.663796 -0.629746
v -0.738325 0.789887 0.452879
v -0.743425 0.765740 0.431135
v -0.198060 1.667154 -0.684038
v -0.760241 0.727552 0.299526
v -0.759793 0.733395 0.293131
v -0.749193 0.724882 0.314582
v -0.760882 0.723945 0.312320
v -0.274546 1.663795 -0.560920
v -0.377401 1.663541 -0.496012
v -0.166235 1.663541 -0.567498
v -0.362122 1.663812 -0.504974
v -0.355182 1.663769 -0.523803
v -0.760884 0.727792 0.320063
v -0.760882 0.723945 0.312320
v -0.771034 0.728431 0.314288
v -0.778119 0.751924 0.299515
v -0.779011 0.746827 0.321148
v -0.274465 1.663796 0.044970
v -0.169355 1.663669 -0.637789
v -0.211624 1.663796 -0.627921
v -0.204431 1.663830 -0.615463
v -0.163842 1.663795 -0.497792
v -0.760884 0.727792 0.320063
v -0.760267 0.700161 0.380136
v -0.782427 0.729505 0.389713
v -0.188041 1.663669 0.040654
v -0.163467 1.663669 -0.360474
v -0.209898 1.663669 0.145501
v -0.168167 1.663669 -0.224353
v -0.723771 0.781270 0.251563
v -0.761454 0.743034 0.331554
v -0.761454 0.743034 0.331554
v -0.740491 0.744972 0.321696
v -0.715885 0.788760 0.256762
v -0.173109 1.663669 -0.092360
v -0.275322 1.663796 -0.082898
v -0.276190 1.663795 -0.343521
v -0.371296 1.663669 -0.074013
v -0.347426 1.664959 -0.611868
v -0.723771 0.781270 0.251563
v -0.735468 0.783466 0.247964
v -0.724820 0.790249 0.247531
v -0.727655 0.773967 0.264532
v -0.741064 0.773864 0.262515
v -0.174683 1.662624 -0.526319
v -0.770709 0.731835 0.298889
v -0.759793 0.733395 0.293131
v -0.724368 1.024508 0.436701
v -0.702374 1.015443 0.324306
v -0.760267 0.700161 0.380136
v -0.760018 0.727797 0.397667
v -0.752384 1.027437 0.345181
v -0.710713 0.990070 0.318132
v -0.748212 0.728243 0.297232
v -0.760241 0.727552 0.299526
v -0.377401 1.663541 -0.496012
v 0.727533 1.076591 0.638001
v -0.166235 1.663541 -0.567498
v 0.738871 1.063118 0.622681
v -0.355612 1.663669 0.049023
v -0.273452 1.663614 0.145501
v -0.165033 1.663795 -0.526358
v -0.333126 1.663669 0.171892
v -0.175909 1.663962 -0.566070
v -0.172671 1.669707 -0.735282
v -0.379880 1.663669 -0.445614
v -0.182711 1.663795 -0.560047
v -0.740636 0.916341 0.485040
v -0.758679 1.030273 0.400090
v -0.732312 0.999541 0.439895
v -0.178848 1.663795 -0.484921
v -0.724820 0.790249 0.247531
v -0.758739 0.753242 0.290311
v -0.772719 0.780280 0.404849
v -0.762704 0.942516 0.312378
v -0.775515 0.807670 0.408085
v -0.787641 0.927524 0.395411
v -0.740011 0.750047 0.300235
v -0.758739 0.753242 0.290311
v -0.274304 1.663465 -0.538362
v -0.382032 1.663669 -0.327604
v -0.274789 1.663795 -0.516367
v -0.275767 1.663795 -0.211051
v -0.357710 1.664579 -0.603509
v -0.356753 1.663795 -0.594041
v -0.376799 1.663669 -0.198561
v -0.372762 1.663669 -0.590304
v -0.274261 1.663795 -0.613299
v -0.727655 0.773967 0.264532
v -0.719884 0.780671 0.271369
v -0.780724 0.931653 0.347557
v -0.361292 1.663798 -0.544217
v -0.374922 1.663541 -0.546411
v -0.759373 0.706897 0.388948
v -0.759373 0.706897 0.388948
v -0.743658 0.731484 0.360713
v -0.798866 0.809367 0.399085
v -0.767259 0.764065 0.424534
v -0.783947 0.732289 0.366049
v -0.703865 0.908941 0.508889
v -0.762798 0.710957 0.355886
v -0.748973 0.707497 0.359442
v -0.775255 0.708617 0.364277
v -0.741853 0.711762 0.458165
v -0.719206 0.888733 0.488717
v -0.741214 0.728702 0.384071
v -0.745952 0.807512 0.429206
v -0.741807 0.787984 0.429717
v -0.358196 0.541861 0.617498
v -0.681790 0.963927 0.298720
v -0.675319 0.979665 0.326266
v 0.387615 0.709483 0.440896
v 0.386090 0.744663 0.471620
v 0.382389 0.721026 0.465926
v -0.712053 0.940374 0.332026
v -0.321564 0.515914 0.578739
v -0.719807 0.931513 0.278910
v 0.376477 0.719168 0.434892
v 0.405577 0.736799 0.464702
v 0.397284 0.716887 0.462938
v 0.399606 0.739453 0.425040
v 0.399606 0.739453 0.425040
v 0.387615 0.709483 0.440896
v -0.772226 0.969505 0.416739
v -0.701388 0.945314 0.457277
v -0.804312 0.910146 0.372964
v 0.392183 0.716984 0.432022
v -0.728837 0.947078 0.257131
v -0.275362 0.566712 0.560727
v -0.409116 0.510137 0.496705
v -0.414099 0.568488 0.518945
v -0.724204 0.822986 0.271584
v -0.722336 0.797794 0.282093
v -0.731128 0.816277 0.286749
v -0.716821 0.806671 0.264086
v -0.736549 0.823309 0.253633
v -0.390115 0.592755 0.588186
v -0.344445 0.631367 0.576205
v -0.356549 0.612155 0.628342
v -0.755615 0.814533 0.251983
v -0.828167 0.916475 0.370153
v -0.808622 0.937008 0.324565
v -0.315128 0.589044 0.605248
v -0.385570 0.521251 0.563755
v -0.354965 0.483647 0.583865
v -0.421146 0.553323 0.472625
v -0.775285 0.755674 0.358535
v -0.776908 0.783861 0.360801
v -0.775285 0.755674 0.358535
v -0.732023 0.776328 0.273484
v -0.732023 0.776328 0.273484
v -0.732174 0.807964 0.248995
v -0.736549 0.823309 0.253633
v -0.732174 0.807964 0.248995
v -0.649319 0.970790 0.297204
v -0.829277 0.920947 0.397471
v -0.701450 1.006481 0.511342
v -0.784240 0.947352 0.290502
v -0.793343 0.755072 0.370645
v -0.795427 0.784608 0.372171
v -0.758598 0.810261 0.370231
v -0.751964 0.782347 0.392153
v -0.646285 1.039644 0.337270
v -0.609605 1.046413 0.265751
v -0.606201 1.006329 0.283614
v -0.782565 0.943749 0.448002
v -0.800401 0.810980 0.374455
v -0.791657 0.752746 0.393483
v -0.742201 0.971232 0.517947
v -0.769981 0.783734 0.423797
v -0.769981 0.783734 0.423797
v -0.789658 0.806223 0.441287
v -0.314014 0.451666 0.532941
v -0.273273 0.500674 0.528884
v -0.240649 0.545790 0.515721
v -0.377798 0.606508 0.507560
v -0.767259 0.764065 0.424534
v -0.287713 0.599176 0.524245
v -0.701388 0.945314 0.457277
v -0.349261 0.424209 0.519666
v -0.387746 0.462757 0.521116
v -0.779875 0.970038 0.483645
v 0.736678 1.247350 0.415423
v 0.727533 1.224839 0.397004
v 0.718389 1.247350 0.415423
v 0.727533 1.584032 0.600810
v -0.335970 0.449204 0.452578
v -0.675319 0.979665 0.326266
v -0.373775 0.501388 0.440738
v -0.653048 0.987959 0.466665
v -0.673320 0.974806 0.496378
v -0.718422 0.954230 0.508924
v -0.287713 0.599176 0.524245
v -0.344445 0.631367 0.576205
v -0.377798 0.606508 0.507560
v -0.335970 0.449204 0.452578
v -0.741853 0.711762 0.458165
v -0.741301 0.721026 0.465926
v -0.765227 0.732979 0.354356
v -0.762798 0.710957 0.355886
v -0.747095 0.705507 0.380376
v -0.773763 0.706201 0.383591
v -0.761975 0.703848 0.363592
v -0.782366 0.755517 0.443572
v -0.405887 0.573032 0.432876
v -0.236827 0.560454 0.472731
v -0.236827 0.560454 0.472731
v -0.761975 0.703848 0.363592
v -0.282990 0.500967 0.461706
v -0.730062 0.746514 0.453929
v -0.731187 0.722303 0.454964
v -0.765227 0.732979 0.354356
v -0.373775 0.501388 0.440738
v -0.405887 0.573032 0.432876
v 0.413929 0.733478 0.443170
v 0.403225 0.714297 0.443604
v 0.289153 0.809650 0.535159
v 0.310944 0.805168 0.535886
v 0.392183 0.716984 0.432022
v 0.310585 0.805442 0.516499
v 0.310944 0.805168 0.535886
v 0.289153 0.809650 0.535159
v -0.712053 0.940374 0.332026
v -0.768748 0.964841 0.355797
v -0.676559 0.997754 0.425896
v -0.768748 0.964841 0.355797
v -0.772226 0.969505 0.416739
v -0.707348 0.975804 0.256884
v -0.720900 1.007927 0.378252
v -0.653048 0.987959 0.466665
v -0.666898 0.996732 0.494936
v -0.805065 0.914923 0.400844
v 0.376539 0.744216 0.431449
v 0.283681 0.821089 0.528847
v 0.283681 0.821089 0.528847
v -0.681790 0.963927 0.298720
v -0.760018 0.727797 0.397667
v -0.772719 0.780280 0.404849
v -0.754129 0.755480 0.365435
v -0.755139 0.808127 0.394827
v -0.776908 0.783861 0.360801
v -0.794780 0.782537 0.396098
v -0.741886 0.871070 0.477494
v 0.716196 1.063118 0.622681
v -0.275063 1.663795 -0.466108
v -0.775515 0.807670 0.408085
v -0.776686 0.934277 0.439082
v -0.757798 0.999540 0.351334
v -0.163842 1.663795 -0.497792
v -0.649319 0.970790 0.297204
v -0.770189 0.751305 0.400785
v -0.776558 0.931702 0.317722
v -0.186943 1.662734 -0.543757
v -0.770189 0.751305 0.400785
v -0.776560 0.884165 0.467870
v -0.762958 1.001999 0.404173
v -0.700226 0.997583 0.517608
v -0.668618 0.963480 0.466667
v -0.812756 0.955871 0.442425
v -0.752148 0.784830 0.366695
v -0.668618 0.963480 0.466667
v 0.292224 0.810567 0.515176
v -0.752548 0.753135 0.387887
v -0.612530 1.021831 0.463415
v -0.196318 1.682272 0.216474
v 0.149354 1.347104 0.587782
v 0.137427 1.391348 0.596785
v 0.022033 1.678621 0.529259
v -0.698664 1.403379 0.189315
v -0.784777 1.407815 0.364099
v -0.683850 1.341986 0.253747
v -0.723262 1.335899 0.486343
v -0.442517 1.695230 0.189465
v -0.697762 1.459693 0.250365
v -0.449177 1.636724 0.142536
v -0.785025 1.404647 0.466472
v -0.395900 1.637026 0.151384
v -0.749976 1.464832 0.372181
v -0.424989 1.626235 0.162241
v -0.365494 1.676910 0.186088
v -0.471891 1.561508 0.164417
v -0.465269 1.580319 0.155483
v -0.396007 1.451584 0.621075
v -0.496338 1.391348 0.596785
v -0.247920 1.682272 0.254789
v -0.465782 1.422352 0.602926
v -0.425378 1.644558 0.148602
v -0.373275 1.612362 0.151372
v -0.422157 1.551402 0.139493
v -0.463630 1.559375 0.150720
v -0.362436 1.507486 0.152214
v -0.371875 1.580304 0.148171
v -0.388731 1.559634 0.141025
v -0.754149 1.407424 0.263071
v -0.656273 1.338829 0.508589
v -0.307840 1.586042 0.245371
v -0.322706 1.701658 0.210966
v 0.206135 1.333756 0.567626
v -0.008089 1.560330 0.616355
v 0.025614 1.620788 0.594981
v 0.037095 1.451584 0.621075
v 0.254273 1.347303 0.250404
v -0.018063 1.681889 0.337290
v -0.203136 1.690487 0.180842
v -0.243559 1.586042 0.249798
v -0.307840 1.634700 0.264220
v -0.210434 1.586042 0.211484
v -0.565047 1.333756 0.567626
v -0.508266 1.347104 0.587782
v -0.260738 1.717472 0.199921
v -0.191958 1.634700 0.230333
v -0.323477 1.586042 0.185094
v -0.269304 1.586042 0.154666
v -0.728047 1.347524 0.369044
v -0.325305 1.612832 0.188534
v -0.325800 1.554651 0.175656
v -0.475448 1.538612 0.137106
v -0.487019 1.598328 0.126914
v -0.502090 1.581959 0.165651
v -0.569330 1.608794 0.183130
v -0.421797 1.492654 0.128001
v -0.473057 1.507219 0.141131
v -0.487946 1.541505 0.155024
v -0.515972 1.621902 0.147708
v -0.519142 1.663411 0.223375
v -0.526365 1.467613 0.150078
v -0.499882 1.667956 0.172531
v -0.469314 1.814286 0.370517
v -0.609798 1.458136 0.171283
v -0.577086 1.534713 0.165866
v -0.451093 1.793477 0.309662
v -0.081422 1.555405 0.273624
v -0.243559 1.634700 0.268648
v 0.039722 1.408545 0.233660
v -0.312201 1.682272 0.250360
v -0.217703 1.586042 0.151207
v -0.273452 1.663614 0.145501
v -0.376799 1.663669 -0.198561
v -0.205774 1.643236 0.187917
v -0.334941 1.643236 0.218056
v -0.710692 1.623137 0.374493
v -0.371296 1.663669 -0.074013
v -0.372762 1.682273 -0.590304
v -0.373311 1.681058 -0.549469
v -0.612093 1.687622 0.500504
v -0.494751 1.595100 0.683523
v -0.529153 1.558958 0.688997
v -0.554819 1.569784 0.675812
v -0.495181 1.606198 0.668918
v -0.483671 1.588028 0.669005
v -0.576913 1.575932 0.673882
v -0.665454 1.620348 0.261341
v -0.732981 1.540926 0.373693
v -0.515356 1.351035 0.643302
v -0.723046 1.538747 0.494752
v -0.576512 1.687866 0.283560
v -0.526108 1.584957 0.686320
v -0.513255 1.755442 0.409870
v -0.497684 1.733050 0.309386
v -0.452180 1.658220 0.669738
v -0.529181 1.740404 0.509298
v -0.537007 1.612784 0.181215
v -0.334941 1.643236 0.218056
v -0.374922 1.663541 -0.546411
v -0.205774 1.643236 0.187917
v -0.168167 1.663669 -0.224353
v -0.379880 1.663669 -0.445614
v -0.333126 1.663669 0.171892
v -0.163436 1.663795 -0.470494
v -0.209898 1.663669 0.145501
v -0.188041 1.663669 0.040654
v -0.382032 1.663669 -0.327604
v -0.355612 1.663669 0.049023
v -0.333126 1.663669 0.171892
v -0.493958 1.790998 0.517318
v -0.485537 1.814216 0.453222
v -0.169355 1.663669 -0.637789
v -0.173109 1.663669 -0.092360
v -0.372762 1.663669 -0.590304
v -0.209898 1.663669 0.145501
v -0.170922 1.666455 -0.683862
v -0.163467 1.663669 -0.360474
v -0.610390 1.703213 0.390797
v -0.684878 1.541099 0.255658
v -0.620107 1.607784 0.610639
v -0.667070 1.329779 0.578458
v -0.707577 1.622130 0.496696
v -0.585313 1.670191 0.592901
v -0.584104 1.330634 0.620404
v -0.576472 1.526229 0.676325
v -0.426044 1.599507 0.678856
v -0.483264 1.565662 0.696296
v -0.573514 1.561688 0.639276
v -0.567317 1.550655 0.646010
v -0.494217 1.619548 0.688222
v -0.651615 1.605671 0.594239
v -0.499382 1.566044 0.689083
v -0.564462 1.569102 0.655635
v -0.554573 1.598213 0.654813
v -0.629937 1.461554 0.636507
v -0.661785 0.874307 0.532511
v -0.707158 0.873097 0.504094
v -0.620631 0.997564 0.358621
v -0.620631 0.997564 0.358621
v -0.679775 0.812655 0.530371
v -0.652233 0.827787 0.542477
v -0.642593 0.821089 0.528847
v -0.669856 0.805168 0.535886
v -0.687014 0.843014 0.488405
v -0.675063 0.822798 0.543638
v -0.693517 0.828387 0.519711
v -0.679775 0.812655 0.530371
v -0.772841 0.733478 0.443170
v -0.758518 0.739453 0.425040
v -0.669856 0.805168 0.535886
v -0.648065 0.809650 0.535159
v -0.642593 0.821089 0.528847
v -0.745002 0.744663 0.471620
v -0.735389 0.719168 0.434892
v -0.764489 0.736799 0.464702
v -0.735451 0.744216 0.431449
v -0.648065 0.809650 0.535159
v -0.751094 0.716984 0.432022
v -0.762137 0.714297 0.443604
v -0.758518 0.739453 0.425040
v -0.697423 1.395347 0.607727
v -0.658168 1.532263 0.614892
v -0.612010 1.412926 0.661989
v -0.582123 1.500272 0.651366
v -0.602847 1.597103 0.666747
v -0.599202 1.579110 0.631131
v -0.572377 1.611288 0.676597
v -0.479918 1.593579 0.694622
v -0.502006 1.545370 0.696063
v -0.587055 1.530540 0.647152
v -0.533663 1.480750 0.691452
v -0.669497 0.805442 0.516499
v -0.701461 0.854140 0.513444
v -0.413094 1.451787 0.675586
v -0.494411 1.399746 0.656223
v -0.429770 1.537521 0.687537
v -0.647610 1.002373 0.332701
v -0.474346 1.497825 0.695891
v -0.564694 1.063426 0.344161
v -0.752384 1.027437 0.345181
v -0.465214 1.427412 0.660613
v -0.612121 1.622983 0.643059
v -0.561193 1.548767 0.668178
v -0.551326 1.629788 0.672121
v -0.531027 1.539240 0.689885
v -0.540821 1.613053 0.657080
v -0.751094 0.716984 0.432022
v -0.651136 0.810567 0.515176
v -0.517450 1.617389 0.664194
v -0.485915 1.564286 0.671423
v -0.696499 1.453019 0.598026
v -0.571514 1.670877 0.630929
v -0.758475 1.030830 0.399647
v -0.564694 1.063426 0.344161
v -0.387917 1.481187 0.684492
v -0.558476 1.550662 0.660979
v -0.520042 1.634272 0.680814
v -0.502012 1.548588 0.676214
v -0.528318 1.544815 0.676045
v -0.521040 1.611485 0.678427
v -0.741301 0.721026 0.465926
v -0.746527 0.709483 0.440896
v -0.548697 1.602930 0.671632
v -0.746527 0.709483 0.440896
v -0.756196 0.716887 0.462938
v -0.672683 1.090296 0.302333
v -0.600147 1.068617 0.294562
v -0.723118 1.104738 0.340883
v -0.589326 1.064770 0.404276
v -0.745002 0.744663 0.471620
v -0.692031 1.094522 0.433122
v -0.737390 1.111248 0.400475
v -0.656942 0.848470 0.487192
v -0.693517 0.828387 0.519711
v -0.692206 0.869124 0.534691
v -0.670861 0.895079 0.516300
v -0.638235 0.998061 0.403616
v -0.671314 1.005663 0.426580
v -0.724368 1.024508 0.436701
v -0.655039 0.823139 0.498695
v -0.661023 0.865284 0.480298
v -0.651068 0.885930 0.499514
v -0.697090 0.890000 0.519697
v -0.646398 0.865205 0.510606
v -0.678691 0.819240 0.499985
v -0.702374 1.015443 0.324306
v -0.641450 0.839032 0.518859
v -0.701461 0.854140 0.513444
v -0.646398 0.865205 0.510606
v -0.651068 0.885930 0.499514
v -0.689622 0.861660 0.485861
v -0.707158 0.873097 0.504094
v -0.641450 0.839032 0.518859
v -0.682585 0.840986 0.538632
v -0.657543 0.845884 0.537363
v -0.615679 1.213961 0.276756
v -0.637873 1.074402 0.433240
v -0.645605 1.150591 0.285977
v -0.699055 1.175964 0.331167
v -0.662029 1.235653 0.326933
v -0.672500 1.245384 0.394994
v -0.711068 1.185195 0.400508
v -0.628710 1.225105 0.437122
v -0.663001 1.161422 0.443323
v -0.605612 1.126152 0.432008
v -0.583697 1.203280 0.414858
v -0.532111 1.110450 0.334257
v -0.559767 1.111722 0.405053
v -0.532111 1.110450 0.334257
v -0.543749 1.192612 0.282792
v -0.575122 1.116207 0.280489
v -0.217292 1.857605 0.418076
v -0.179441 1.862378 0.407884
v -0.256903 1.848487 0.480628
v -0.179774 1.805047 0.598321
v -0.280051 1.753509 0.469810
v -0.269224 1.718385 0.475168
v 0.401355 0.700161 0.380136
v -0.230728 1.747262 0.572578
v -0.200468 1.743379 0.585348
v -0.259975 1.709818 0.483991
v 0.416615 0.758327 0.469376
v -0.204233 1.746715 0.587026
v 0.424030 0.808430 0.466719
v -0.221375 1.751106 0.586895
v -0.211983 1.749729 0.588376
v 0.398157 0.846541 0.470568
v 0.384513 0.765740 0.431135
v 0.420816 0.854483 0.465435
v 0.418859 0.784371 0.467984
v 0.379028 0.842005 0.449382
v 0.387040 0.807512 0.429206
v 0.427315 0.781580 0.442548
v 0.430746 0.806223 0.441287
v 0.411069 0.783734 0.423797
v 0.439954 0.809367 0.399085
v 0.399735 0.764970 0.473148
v 0.380433 0.767059 0.454012
v 0.382895 0.787984 0.429717
v 0.411069 0.783734 0.423797
v 0.408347 0.764065 0.424534
v 0.399735 0.764970 0.473148
v 0.432745 0.752746 0.393483
v 0.408347 0.764065 0.424534
v 0.402342 0.786231 0.472778
v 0.402342 0.786231 0.472778
v 0.379413 0.789887 0.452879
v 0.344739 0.896782 0.297845
v 0.434431 0.755072 0.370645
v 0.360294 0.888733 0.488717
v 0.352754 0.879787 0.329874
v 0.322567 0.937449 0.311418
v 0.341661 0.875526 0.469507
v 0.382974 0.871070 0.477494
v 0.341126 0.889765 0.435110
v 0.359811 0.953558 0.293878
v 0.362525 0.859276 0.455291
v 0.359811 0.953558 0.293878
v 0.351986 0.853536 0.408440
v 0.321771 0.924190 0.350506
v 0.339682 0.910090 0.395003
v 0.309619 0.958260 0.386144
v 0.290372 0.976376 0.406908
v 0.320460 0.972769 0.469774
v 0.301016 0.901486 0.440620
v 0.357280 0.936694 0.498883
v 0.366270 0.868394 0.366318
v 0.322954 0.986990 0.441496
v 0.373396 0.909334 0.283664
v 0.302677 0.881724 0.464088
v 0.343462 1.015443 0.324306
v 0.351801 0.990070 0.318132
v 0.380895 0.885454 0.277171
v 0.380895 0.885454 0.277171
v 0.373396 0.909334 0.283664
v 0.376266 0.848818 0.298101
v 0.397108 0.907858 0.284151
v 0.370591 0.870559 0.312902
v 0.261719 0.997564 0.358621
v 0.360054 0.878697 0.297843
v 0.312402 1.005663 0.426580
v 0.284738 0.975456 0.365386
v 0.299901 0.978206 0.330716
v 0.382303 0.728702 0.384071
v 0.401107 0.727797 0.397667
v 0.404578 0.806920 0.470942
v 0.404578 0.806920 0.470942
v 0.288698 1.002373 0.332701
v 0.409623 0.875857 0.297518
v 0.403523 0.842155 0.299150
v 0.403523 0.842155 0.299150
v 0.383905 0.860448 0.266728
v 0.404037 0.852070 0.263341
v 0.383905 0.860448 0.266728
v 0.401355 0.700161 0.380136
v 0.400461 0.706897 0.388948
v 0.376556 0.783466 0.247964
v 0.398157 0.846541 0.470568
v 0.385435 0.808408 0.453166
v 0.382152 0.773864 0.262515
v 0.365292 0.822986 0.271584
v 0.373111 0.776328 0.273484
v 0.399139 0.882938 0.278729
v 0.373111 0.776328 0.273484
v 0.414819 0.843841 0.283311
v 0.393115 0.804678 0.289707
v 0.382500 0.790663 0.284918
v 0.377637 0.823309 0.253633
v 0.368132 0.855842 0.283898
v 0.373262 0.807964 0.248995
v 0.396109 0.788466 0.267034
v 0.372216 0.816277 0.286749
v 0.435868 0.782537 0.396098
v 0.441489 0.810980 0.374455
v -0.179441 1.796611 0.381285
v -0.278361 1.766223 0.481005
v 0.364859 0.781270 0.251563
v 0.368743 0.773967 0.264532
v 0.360972 0.780671 0.271369
v 0.368743 0.773967 0.264532
v 0.357909 0.806671 0.264086
v 0.396703 0.814533 0.251983
v 0.389065 0.798198 0.250630
v -0.326231 1.214087 0.367834
v -0.369846 1.213520 0.424473
v -0.369846 1.213520 0.424473
v -0.386070 1.208356 0.493410
v -0.253715 1.216404 0.343053
v -0.179456 1.327048 0.665031
v -0.179456 1.285843 0.675338
v -0.292486 1.209614 0.669437
v -0.228743 1.270675 0.661238
v -0.338327 1.214946 0.607744
v -0.374660 1.205076 0.556576
v -0.281537 1.238135 0.634982
v -0.268273 1.192387 0.319642
v -0.337817 1.192090 0.353853
v -0.232809 1.177418 0.685106
v -0.286934 1.178649 0.667032
v -0.236556 1.318240 0.660371
v -0.230824 1.238030 0.698959
v -0.398747 1.186428 0.495727
v -0.179456 1.257502 0.705920
v -0.179456 1.192390 0.313171
v -0.338620 1.584479 0.322998
v -0.435453 1.335755 0.354371
v -0.406133 1.568449 0.325300
v -0.372265 1.595132 0.401212
v -0.416020 1.282642 0.402421
v -0.440283 1.322122 0.471911
v -0.416020 1.282642 0.402421
v -0.421767 1.590994 0.397045
v -0.442634 1.360736 0.441889
v -0.179456 1.176839 0.690807
v -0.387045 1.182944 0.560426
v -0.348965 1.179075 0.618624
v -0.383202 1.107960 0.409286
v -0.179456 1.105378 0.313059
v -0.414290 1.548038 0.532549
v -0.443284 1.320680 0.409593
v -0.373704 1.309001 0.321416
v -0.270157 1.107290 0.318292
v -0.179456 1.215792 0.335225
v -0.296093 1.294278 0.646794
v -0.382204 1.250648 0.558457
v -0.394198 1.246734 0.494174
v -0.343008 1.249766 0.600020
v -0.379046 1.248037 0.418776
v -0.379046 1.248037 0.418776
v -0.262543 1.523894 0.258980
v -0.179456 1.503347 0.257015
v -0.253546 1.273824 0.339002
v -0.329463 1.260880 0.363697
v -0.421767 1.590994 0.397045
v -0.179456 1.279169 0.340227
v -0.283176 1.432335 0.237339
v -0.179456 1.433410 0.241805
v -0.352529 1.517133 0.276518
v -0.403074 1.107805 0.489403
v -0.340017 1.109124 0.352164
v -0.383261 1.187249 0.417808
v -0.383202 1.107960 0.409286
v -0.383261 1.187249 0.417808
v -0.535016 1.188757 0.383802
v -0.416116 1.375444 0.521271
v -0.432176 1.402208 0.496921
v -0.417334 1.515562 0.288178
v -0.351340 1.106910 0.622441
v -0.392507 1.108492 0.558616
v -0.288756 1.105948 0.663428
v -0.228770 1.104761 0.681629
v -0.179456 1.101844 0.683870
v -0.350426 1.062743 0.616265
v -0.398007 1.065648 0.483897
v -0.390798 1.065354 0.552603
v -0.410929 1.313323 0.546964
v -0.391340 1.288471 0.601581
v -0.423875 1.440312 0.526013
v -0.336350 1.071056 0.350900
v -0.275887 1.062895 0.309401
v -0.378426 1.065525 0.413383
v -0.378426 1.065525 0.413383
v -0.233785 1.023977 0.631609
v -0.284930 1.046966 0.626542
v -0.179456 1.381705 0.695753
v -0.179456 1.406087 0.690732
v -0.215171 1.423865 0.684130
v -0.344343 1.050830 0.602065
v -0.291850 1.058964 0.664008
v -0.233896 1.042586 0.677374
v -0.179456 1.016569 0.678757
v -0.179456 0.997398 0.633390
v -0.310336 1.052113 0.398051
v -0.358732 1.413528 0.645127
v -0.301927 1.394488 0.675981
v -0.153749 1.749459 0.584583
v -0.233063 1.049909 0.299055
v -0.387243 1.053758 0.551496
v -0.394200 1.055788 0.483179
v -0.361179 1.053464 0.428277
v -0.361179 1.053464 0.428277
v -0.179456 1.618245 0.465001
v -0.257513 1.631739 0.422627
v -0.223395 1.563609 0.549532
v -0.179456 1.043900 0.370312
v -0.179456 1.022400 0.289478
v -0.214371 1.048602 0.370645
v -0.265800 1.049730 0.378207
v -0.145986 1.749684 0.586355
v -0.270750 1.446630 0.662195
v -0.356731 1.495040 0.603227
v -0.314509 1.473683 0.635111
v -0.400748 1.478188 0.583885
v -0.529072 1.158276 0.467284
v -0.585431 1.183894 0.425278
v -0.546780 1.221108 0.443519
v -0.531620 1.141468 0.268124
v -0.586646 1.180472 0.303868
v -0.386263 1.586231 0.479761
v -0.421320 1.582260 0.475795
v -0.159043 1.742690 0.578209
v -0.155278 1.746757 0.579887
v -0.255621 1.822489 0.544702
v -0.245787 1.813026 0.559569
v -0.128784 1.747560 0.564038
v -0.258588 1.833895 0.519637
v -0.217292 1.857605 0.418076
v -0.131562 1.744126 0.573168
v -0.149446 1.740986 0.578811
v -0.149446 1.742739 0.585950
v -0.138783 1.742805 0.585032
v -0.131562 1.744958 0.579567
v -0.128784 1.747262 0.572578
v -0.147529 1.749549 0.581237
v -0.130355 1.751142 0.574628
v -0.247516 1.830754 0.594432
v -0.138136 1.750916 0.586895
v -0.099613 1.736672 0.470104
v -0.095372 1.760050 0.476606
v -0.159043 1.743358 0.585348
v -0.079461 1.753509 0.469810
v -0.233402 1.813645 0.568515
v -0.243531 1.856204 0.443392
v -0.206909 1.869054 0.435356
v -0.256903 1.848487 0.480628
v -0.230354 1.867826 0.488301
v -0.130355 1.748607 0.581287
v -0.220095 1.869852 0.456281
v -0.083256 1.733696 0.469126
v -0.184049 1.823314 0.628367
v -0.200415 1.808927 0.634479
v -0.081150 1.766223 0.481005
v -0.147529 1.749087 0.588376
v -0.090287 1.718385 0.475168
v -0.216896 1.838970 0.607427
v -0.217900 1.790617 0.617072
v -0.247516 1.830754 0.594432
v -0.197859 1.882219 0.459370
v -0.200318 1.790929 0.614007
v -0.156634 1.768560 0.612027
v -0.180344 1.791021 0.622124
v -0.198251 1.807963 0.594962
v -0.099536 1.709818 0.483991
v -0.216896 1.838970 0.607427
v -0.246136 1.853350 0.560773
v -0.215957 1.810478 0.618703
v -0.155278 1.746451 0.587026
v -0.256903 1.848487 0.480628
v -0.238445 1.861682 0.524215
v -0.246136 1.853350 0.560773
v -0.230354 1.867826 0.488301
v -0.211688 1.868871 0.564926
v -0.206485 1.879986 0.528252
v -0.238445 1.861682 0.524215
v -0.206156 1.883813 0.492117
v -0.216896 1.838970 0.607427
v -0.195670 1.795149 0.622460
v -0.148000 1.782002 0.644893
v -0.207173 1.799678 0.621207
v -0.187989 1.766524 0.634866
v -0.246196 1.809543 0.585773
v -0.243686 1.823024 0.551981
v -0.210531 1.824135 0.614342
v -0.254171 1.828242 0.562477
v -0.140596 1.765460 0.572444
v -0.151377 1.766275 0.564481
v -0.151377 1.764069 0.572444
v -0.160098 1.760452 0.564481
v -0.160098 1.759125 0.572444
v -0.140596 1.766788 0.564481
v -0.215656 1.814015 0.583907
v -0.231347 1.799548 0.579009
v -0.184941 1.847901 0.603002
v -0.167482 1.813980 0.621297
v -0.131874 1.740114 0.564481
v -0.131874 1.760604 0.572444
v -0.140596 1.733776 0.572444
v -0.140596 1.733776 0.564481
v -0.139705 1.754021 0.584583
v -0.148385 1.742983 0.584583
v -0.229170 1.794121 0.629818
v -0.143587 1.755557 0.584583
v -0.131874 1.740114 0.572444
v -0.160098 1.740114 0.564481
v -0.128542 1.750367 0.564481
v -0.160098 1.740114 0.572444
v -0.128542 1.750367 0.572444
v -0.151377 1.733776 0.564481
v -0.131874 1.760620 0.564481
v -0.151377 1.733776 0.572444
v -0.134669 1.758109 0.579618
v -0.152267 1.752737 0.584583
v -0.139705 1.745804 0.584583
v -0.141663 1.760987 0.579618
v -0.150309 1.759371 0.579618
v -0.157303 1.755905 0.579618
v -0.163430 1.750367 0.564481
v -0.163430 1.750351 0.572444
v -0.143587 1.742983 0.584583
v -0.157303 1.742145 0.579618
v -0.150309 1.737063 0.579618
v -0.159975 1.749887 0.579618
v -0.148385 1.754862 0.584583
v -0.138223 1.750243 0.584583
v -0.152267 1.745680 0.584583
v -0.134669 1.742145 0.579618
v -0.131997 1.750367 0.579618
v -0.141663 1.737063 0.579618
v 0.371150 0.746514 0.453929
v -0.156595 1.675406 0.589538
v 0.372274 0.722303 0.454964
v -0.159600 1.679125 0.590732
v -0.157245 1.682777 0.592096
v 0.382941 0.711762 0.458165
v 0.382389 0.721026 0.465926
v -0.151673 1.676617 0.581991
v -0.780647 1.159660 0.413960
v -0.752379 1.036771 0.507934
v -0.785299 1.108704 0.430359
v -0.740421 1.008475 0.506418
v -0.701649 1.185372 0.460967
v -0.748397 1.044600 0.483330
v -0.798034 1.034066 0.439617
v -0.740190 1.213892 0.412617
v -0.708510 1.304690 0.354108
v -0.694045 1.323352 0.353455
v -0.701176 1.263896 0.358926
v 0.386090 0.744663 0.471620
v 0.382941 0.711762 0.458165
v 0.344953 0.908941 0.508889
v 0.403885 0.710957 0.355886
v -0.708564 1.300659 0.337115
v 0.360294 0.888733 0.488717
v 0.416343 0.708617 0.364277
v 0.390061 0.707497 0.359442
v -0.740304 1.202044 0.309443
v -0.700067 1.244328 0.307894
v -0.787992 1.102238 0.367116
v 0.406315 0.732979 0.354356
v -0.782278 1.162185 0.361609
v -0.742415 1.214079 0.360414
v 0.384746 0.731484 0.360713
v 0.403885 0.710957 0.355886
v -0.780219 1.146853 0.313212
v -0.184941 1.847901 0.603002
v -0.157510 1.871621 0.563810
v -0.165916 1.795444 0.622012
v -0.132925 1.852190 0.561177
v -0.673581 1.025295 0.263212
v -0.695115 1.001421 0.240108
v -0.690810 1.013235 0.265970
v -0.665686 1.249035 0.244521
v -0.671155 1.202903 0.264174
v -0.180455 1.873212 0.564334
v -0.128360 1.837699 0.593006
v -0.103149 1.823821 0.428799
v -0.131856 1.830807 0.399356
v -0.087906 1.815840 0.471273
v -0.679754 1.229528 0.240645
v -0.706559 1.272380 0.288818
v -0.692500 1.286935 0.287338
v -0.693936 1.317916 0.332039
v -0.686814 1.171372 0.260796
v -0.155253 1.844222 0.600212
v -0.164290 1.677379 0.596141
v -0.152684 1.680288 0.587074
v -0.663350 0.970941 0.268957
v -0.619132 1.006523 0.257781
v -0.612221 1.201719 0.480268
v -0.608330 1.181045 0.486634
v -0.179458 1.878434 0.529500
v -0.153390 1.883813 0.492117
v -0.153061 1.879986 0.528252
v -0.179458 1.881730 0.459358
v -0.179458 1.882554 0.493388
v -0.590671 1.120132 0.224810
v -0.643684 1.208632 0.475266
v -0.538670 1.139255 0.237985
v -0.586950 1.220357 0.503257
v -0.560533 1.206652 0.236410
v -0.129193 1.867826 0.488301
v -0.129193 1.867826 0.488301
v -0.126072 1.861682 0.524469
v -0.126072 1.861682 0.524469
v -0.132925 1.852190 0.561177
v -0.622962 1.041206 0.244762
v -0.085992 1.794313 0.571134
v -0.095082 1.804385 0.513408
v -0.106923 1.796462 0.551329
v -0.095247 1.779987 0.465962
v -0.095372 1.760050 0.476606
v -0.119371 1.803718 0.559018
v -0.095247 1.779987 0.465962
v -0.110723 1.778296 0.545718
v -0.113742 1.813026 0.559569
v -0.095372 1.760050 0.476606
v -0.794811 1.020772 0.321585
v -0.807618 1.014952 0.376510
v -0.784371 1.096489 0.316462
v -0.746770 1.119773 0.463339
v -0.740662 1.005758 0.248979
v -0.669747 1.318591 0.355710
v -0.816328 1.003713 0.331781
v -0.789003 1.008231 0.286181
v -0.738305 0.981392 0.264885
v -0.826832 0.995204 0.378745
v -0.806076 0.978710 0.331734
v -0.652865 1.018715 0.238836
v -0.117298 1.797459 0.633489
v -0.114569 1.823026 0.551047
v -0.147611 1.794399 0.622448
v -0.780477 0.983921 0.292532
v -0.142237 1.857605 0.418076
v -0.139451 1.869852 0.456281
v -0.117702 1.810809 0.601017
v -0.128360 1.837699 0.593006
v -0.102626 1.848487 0.480628
v -0.152638 1.869054 0.435356
v -0.161688 1.882219 0.459370
v -0.179458 1.878622 0.432852
v -0.642879 1.234949 0.232537
v -0.654113 1.216846 0.226791
v -0.577977 1.155235 0.216146
v -0.590381 1.199523 0.220883
v -0.604597 1.182532 0.246061
v -0.617156 1.132122 0.213626
v -0.739848 1.096919 0.273566
v -0.612590 1.083787 0.229820
v -0.600359 1.163118 0.242863
v -0.101106 1.817994 0.558385
v -0.115998 1.856204 0.443392
v -0.102626 1.848487 0.480628
v -0.646770 1.068376 0.227455
v -0.690205 1.054451 0.258986
v -0.160240 1.640102 0.595876
v -0.171375 1.648620 0.602487
v -0.164816 1.680840 0.594768
v -0.133177 1.646756 0.565987
v -0.100916 1.695482 0.504211
v -0.172207 1.687688 0.601848
v -0.153425 1.676723 0.585235
v -0.163462 1.685149 0.597044
v -0.106481 1.674964 0.528468
v -0.158376 1.677334 0.590460
v -0.173389 1.671836 0.601726
v -0.134016 1.658657 0.574361
v -0.154866 1.678016 0.586856
v -0.075770 1.751694 0.473913
v -0.120144 1.658778 0.549687
v -0.623721 1.251325 0.416026
v -0.643267 1.279321 0.354332
v -0.669747 1.318591 0.355710
v -0.158380 1.637659 0.537305
v -0.093765 1.775173 0.592011
v -0.167047 1.790974 0.614169
v -0.668718 1.294475 0.301592
v -0.630887 1.251639 0.309803
v -0.660106 1.294298 0.423699
v -0.126127 1.813645 0.568515
v -0.162019 1.808348 0.594412
v -0.123156 1.799400 0.583882
v -0.138927 1.650159 0.523540
v -0.138927 1.650159 0.523540
v -0.122376 1.658884 0.502996
v -0.633772 1.251735 0.265430
v -0.668718 1.294475 0.301592
v -0.549194 1.208713 0.273619
v -0.143873 1.814015 0.583907
v -0.633772 1.251735 0.265430
v -0.632317 1.255477 0.489027
v -0.660106 1.294298 0.423699
v -0.687519 1.294821 0.434055
v -0.114520 1.622998 0.501888
v -0.096606 1.764993 0.493763
v -0.092246 1.554692 0.513561
v -0.100419 1.783163 0.506406
v -0.104050 1.761841 0.517408
v -0.277489 1.555405 0.273624
v -0.398634 1.408545 0.233660
v -0.630100 1.266586 0.450489
v -0.099103 1.754830 0.498786
v -0.350823 1.560330 0.616355
v -0.565047 1.333756 0.567626
v -0.396007 1.451584 0.621075
v -0.380945 1.678621 0.529259
v -0.662902 1.269102 0.474437
v -0.508266 1.347104 0.587782
v -0.118839 1.742352 0.421327
v -0.139831 1.622217 0.508830
v -0.145216 1.748966 0.395323
v -0.130862 1.550118 0.533243
v -0.110551 1.784126 0.425509
v -0.147907 1.706558 0.389989
v -0.140306 1.791943 0.397196
v -0.121093 1.700101 0.414599
v -0.340849 1.681889 0.337290
v -0.613185 1.347303 0.250404
v -0.656273 1.338829 0.508589
v -0.496338 1.391348 0.596785
v -0.120025 1.658477 0.399401
v -0.080834 1.638435 0.356150
v -0.048708 1.629561 0.415252
v -0.102764 1.645505 0.433968
v -0.522861 1.342421 0.220431
v -0.398634 1.408545 0.233660
v -0.613185 1.347303 0.250404
v -0.372503 1.702251 0.434712
v -0.127202 1.628122 0.331812
v -0.151660 1.665426 0.384027
v -0.465782 1.422352 0.602926
v -0.158380 1.637659 0.537305
v -0.077664 1.763572 0.484957
v -0.091011 1.763662 0.495350
v -0.811629 0.984570 0.426906
v -0.622603 1.109039 0.512565
v -0.612530 1.021831 0.463415
v -0.625312 1.029213 0.496151
v -0.079322 1.733161 0.473488
v -0.557114 1.228037 0.482492
v -0.546780 1.221108 0.443519
v -0.606642 1.103927 0.488338
v -0.588540 1.147264 0.508076
v -0.685034 1.359200 0.376929
v -0.701163 1.256368 0.412737
v -0.711992 1.032551 0.520593
v -0.677893 1.223767 0.454751
v -0.688977 1.048263 0.491247
v -0.708298 1.303474 0.374520
v -0.704770 1.281813 0.434576
v -0.664537 1.042022 0.517356
v -0.539131 1.163358 0.496083
v -0.529072 1.158276 0.467284
v -0.583866 1.131735 0.485817
v -0.820656 1.011309 0.423725
v -0.634063 1.063282 0.504008
v -0.620823 1.061609 0.479200
v -0.798950 1.027397 0.473137
v -0.139316 1.674730 0.580505
v -0.105429 1.749440 0.532758
v -0.173538 1.676945 0.601636
v -0.152295 1.666086 0.587879
v -0.162309 1.673559 0.596219
v -0.171610 1.662352 0.597245
v -0.146280 1.652992 0.585060
v -0.146821 1.669231 0.582691
v -0.662253 1.096317 0.520838
v -0.695265 1.319737 0.378495
v -0.641984 1.238307 0.499165
v -0.160595 1.655892 0.593228
v -0.621615 1.159864 0.521157
v -0.103969 1.733588 0.520175
v -0.099966 1.716814 0.510204
v -0.161492 1.664101 0.594665
v -0.787264 1.002155 0.473573
v -0.679433 1.252929 0.481460
v -0.106330 1.669222 0.483303
v -0.120741 1.668157 0.508518
v -0.060237 1.581075 0.467393
v -0.103277 1.708612 0.483495
v -0.120741 1.668157 0.508518
v -0.103277 1.708612 0.483495
v -0.105971 1.695569 0.492982
v -0.103525 1.632676 0.472130
v -0.531620 1.141468 0.268124
v -0.597853 1.080810 0.252861
v -0.579825 1.110710 0.248040
v -0.609605 1.046413 0.265751
v -0.610438 1.135173 0.298633
v -0.606201 1.006329 0.283614
v -0.597853 1.080810 0.252861
v -0.522861 1.342421 0.220431
v -0.320283 1.618896 0.276726
v -0.579825 1.110710 0.248040
v -0.099613 1.736672 0.470104
v -0.103337 1.736435 0.453281
v -0.161770 1.622112 0.518793
v -0.384526 1.620788 0.594981
v -0.172769 1.681648 0.598838
v -0.087724 1.744786 0.482400
v -0.147903 1.636074 0.581964
v -0.163973 1.628471 0.583288
v -0.101361 1.724874 0.495187
v -0.086136 1.718085 0.479366
v -0.103908 1.822489 0.544702
v -0.709088 1.039311 0.491736
v -0.726060 1.016521 0.269261
v -0.087906 1.815840 0.471273
v -0.131518 1.811970 0.612303
v -0.100941 1.833895 0.519637
v -0.820241 0.965838 0.383388
v -0.706554 1.086392 0.491262
v -0.103229 1.708752 0.490894
v -0.640501 1.151730 0.242063
v -0.645625 1.173112 0.489735
v -0.096598 1.709164 0.488883
v -0.104032 1.691556 0.452997
v -0.155253 1.844222 0.600212
v -0.639387 1.188863 0.250572
v -0.578806 1.182210 0.512794
v -0.685034 1.359200 0.376929
v -0.100282 1.704925 0.497760
v -0.470871 1.364939 0.218653
v -0.105971 1.695569 0.492982
v -0.163300 1.543976 0.539050
v -0.470871 1.364939 0.218653
v 0.297361 1.338829 0.508589
v 0.106870 1.422352 0.602926
v -0.493635 1.708704 0.585609
v -0.444971 1.707818 0.652839
v -0.505299 1.686780 0.649376
v -0.496655 1.753297 0.568223
v -0.733057 1.453504 0.499187
v -0.418886 1.825047 0.377333
v -0.384871 1.601486 0.170935
v -0.383895 1.577464 0.168627
v -0.395541 1.603343 0.148211
v -0.426152 1.615132 0.144347
v -0.454906 1.601855 0.156313
v -0.477720 1.574078 0.170596
v -0.471349 1.765228 0.580446
v -0.470694 1.719584 0.599896
v -0.760548 1.396988 0.535473
v 0.326122 1.359200 0.376929
v -0.466541 1.584441 0.132374
v -0.462930 1.616047 0.131044
v -0.459615 1.562721 0.149165
v -0.408446 1.574759 0.138368
v -0.523252 1.342224 0.165921
v -0.431535 1.726225 0.597227
v -0.524953 1.699930 0.576998
v 0.013591 1.702251 0.434712
v 0.163949 1.342421 0.220431
v 0.254273 1.347303 0.250404
v 0.039722 1.408545 0.233660
v 0.111959 1.364939 0.218653
v 0.326122 1.359200 0.376929
v 0.149354 1.347104 0.587782
v 0.037095 1.451584 0.621075
v 0.364350 1.335899 0.486343
v -0.038629 1.618896 0.276726
v 0.163949 1.342421 0.220431
v 0.206135 1.333756 0.567626
v 0.324938 1.341986 0.253747
v 0.338850 1.459693 0.250365
v 0.339752 1.403379 0.189315
v -0.396804 1.727907 0.238042
v -0.356138 1.705745 0.203639
v -0.277489 1.555405 0.273624
v -0.320283 1.618896 0.276726
v -0.373443 1.419378 0.177719
v -0.262501 1.597288 0.220950
v -0.258085 1.564291 0.213909
v -0.429991 1.723623 0.239553
v -0.600013 1.340909 0.176868
v -0.395359 1.561489 0.156850
v -0.456518 1.367497 0.163658
v -0.372503 1.702251 0.434712
v -0.445946 1.618163 0.161126
v -0.422722 1.554563 0.143390
v -0.618711 1.400686 0.146411
v -0.439290 1.587834 0.136592
v -0.401898 1.620922 0.165366
v -0.509373 1.416293 0.123842
v 0.297361 1.338829 0.508589
v 0.369135 1.347524 0.369044
v 0.111959 1.364939 0.218653
v 0.395237 1.407424 0.263071
v 0.426113 1.404647 0.466472
v 0.425865 1.407815 0.364099
v -0.018063 1.681889 0.337290
v 0.025614 1.620788 0.594981
v -0.008089 1.560330 0.616355
v 0.042986 1.620922 0.165366
v 0.005559 1.603582 0.669299
v 0.050459 1.806256 0.324558
v -0.002839 1.577134 0.673098
v 0.022033 1.678621 0.529259
v -0.397780 1.763155 0.254277
v -0.478514 1.694867 0.263247
v -0.435278 1.756861 0.257199
v -0.340849 1.681889 0.337290
v 0.066466 1.644558 0.148602
v -0.359125 1.737444 0.269307
v 0.094134 1.798308 0.528622
v 0.080378 1.587834 0.136592
v 0.112979 1.561508 0.164417
v 0.038868 1.763155 0.254277
v 0.076366 1.756861 0.257199
v -0.350823 1.560330 0.616355
v -0.437321 1.829310 0.462465
v -0.384526 1.620788 0.594981
v -0.364471 1.603582 0.669299
v -0.380945 1.678621 0.529259
v -0.453046 1.798308 0.528622
v 0.137743 1.753297 0.568223
v 0.112437 1.765228 0.580446
v 0.000214 1.737444 0.269307
v 0.119602 1.694867 0.263247
v 0.037892 1.727907 0.238042
v 0.146387 1.686780 0.649376
v 0.072623 1.726225 0.597227
v 0.111782 1.719584 0.599896
v 0.086059 1.707818 0.652839
v -0.002773 1.705745 0.203639
v 0.071079 1.723623 0.239553
v 0.391065 1.464832 0.372181
v -0.356073 1.577134 0.673098
v -0.409371 1.806256 0.324558
v 0.137427 1.391348 0.596785
v 0.166041 1.699930 0.576998
v 0.401636 1.396988 0.535473
v 0.134723 1.708704 0.585609
v 0.106870 1.422352 0.602926
v 0.374146 1.453504 0.499187
v 0.036629 1.603343 0.148211
v 0.095994 1.601855 0.156313
v 0.025959 1.601486 0.170935
v 0.067241 1.615132 0.144347
v -0.038629 1.618896 0.276726
v 0.164340 1.342224 0.165921
v 0.106357 1.580319 0.155483
v 0.118808 1.574078 0.170596
v 0.036988 1.637026 0.151384
v 0.006582 1.676910 0.186088
v -0.033112 1.554651 0.175656
v 0.029819 1.559634 0.141025
v 0.114145 1.507219 0.141131
v -0.100827 1.564291 0.213909
v 0.116536 1.538612 0.137106
v 0.129034 1.541505 0.155024
v 0.250886 1.458136 0.171283
v -0.096411 1.597288 0.220950
v -0.159966 1.747127 0.604855
v -0.124992 1.756334 0.581487
v -0.146522 1.755026 0.603601
v -0.114361 1.769227 0.583629
v -0.120109 1.749877 0.567392
v -0.126211 1.747497 0.571582
v -0.165784 1.715413 0.599070
v -0.161635 1.710197 0.593037
v -0.154001 1.720675 0.590332
v -0.127911 1.738873 0.576558
v -0.120911 1.721624 0.573413
v -0.108710 1.734407 0.555510
v -0.108715 1.716601 0.546400
v -0.104640 1.695564 0.537465
v -0.129051 1.676026 0.572991
v -0.116448 1.682323 0.556784
v -0.131485 1.690682 0.576469
v -0.172737 1.692765 0.600875
v -0.175552 1.697451 0.604320
v -0.147987 1.760597 0.604022
v -0.143089 1.685583 0.586399
v -0.162386 1.703912 0.593467
v -0.163252 1.693969 0.596004
v -0.145999 1.702192 0.585992
v -0.136916 1.790257 0.587700
v 0.024983 1.577464 0.168627
v 0.014532 1.419378 0.177719
v 0.100703 1.562721 0.149165
v 0.107629 1.584441 0.132374
v 0.087034 1.618163 0.161126
v 0.036447 1.561489 0.156850
v 0.104019 1.616047 0.131044
v 0.083605 1.695230 0.189465
v 0.090265 1.636724 0.142536
v 0.066077 1.626235 0.162241
v 0.063811 1.554563 0.143390
v -0.167955 1.727727 0.596978
v -0.151277 1.734637 0.587078
v 0.049534 1.574758 0.138368
v 0.259799 1.400686 0.146411
v 0.150461 1.416293 0.123842
v -0.129957 1.768699 0.597087
v 0.097606 1.367497 0.163658
v -0.137154 1.752149 0.588175
v -0.160331 1.748302 0.593005
v 0.241102 1.340909 0.176868
v 0.078410 1.829310 0.462465
v 0.014363 1.612362 0.151372
v 0.003525 1.507486 0.152214
v -0.033607 1.612832 0.188534
v 0.012963 1.580304 0.148171
v -0.121883 1.706309 0.570232
v -0.150387 1.741607 0.587070
v 0.104718 1.559375 0.150720
v 0.062885 1.492654 0.128001
v 0.013591 1.702251 0.434712
v 0.059974 1.825047 0.377333
v -0.128049 1.749427 0.581651
v -0.157211 1.746671 0.588329
v -0.081422 1.555405 0.273624
v 0.218174 1.534713 0.165866
v 0.167454 1.467613 0.150078
v 0.063245 1.551402 0.139493
v 0.143178 1.581959 0.165651
v 0.157061 1.621902 0.147708
v -0.153866 1.691379 0.592018
v -0.167562 1.700310 0.598515
v 0.128108 1.598328 0.126914
v -0.155808 1.783949 0.599865
v -0.132157 1.776498 0.593489
v -0.172920 1.723731 0.608544
v -0.172600 1.702732 0.614121
v -0.149446 1.740986 0.578811
v -0.128784 1.747560 0.564038
v -0.111778 1.761830 0.556585
v -0.131562 1.744126 0.573168
v -0.138783 1.741096 0.577959
v -0.129462 1.744319 0.579684
v -0.138465 1.719252 0.584454
v -0.170190 1.749021 0.600079
v -0.135676 1.759385 0.589378
v -0.173715 1.745101 0.601657
v -0.167776 1.710562 0.609125
v -0.167299 1.705464 0.608658
v -0.149045 1.754452 0.592908
v -0.167262 1.744875 0.590911
v -0.148144 1.749959 0.589908
v -0.169102 1.740725 0.593162
v -0.171701 1.765093 0.606538
v -0.162813 1.756086 0.607504
v -0.163528 1.706334 0.603074
v -0.137991 1.734598 0.584027
v -0.162938 1.737220 0.590144
v -0.168100 1.714806 0.605567
v -0.163677 1.711777 0.603484
v -0.173036 1.709161 0.616572
v -0.161616 1.742655 0.586365
v -0.137911 1.741689 0.585996
v -0.115639 1.774561 0.581194
v -0.120852 1.790666 0.571273
v -0.147529 1.749549 0.581237
v -0.155278 1.746757 0.579887
v -0.159043 1.742690 0.578209
v -0.142102 1.745839 0.555229
v -0.130355 1.751142 0.574628
v -0.210066 1.740990 0.578811
v -0.138136 1.751918 0.579760
v -0.227949 1.744126 0.573168
v -0.230728 1.747560 0.564038
v -0.200468 1.742706 0.578209
v -0.204233 1.747387 0.579887
v -0.229156 1.751142 0.574628
v -0.211983 1.751518 0.581237
v -0.220728 1.742805 0.585032
v -0.227949 1.744958 0.579567
v -0.210066 1.742750 0.585950
v -0.179441 1.833106 0.386614
v -0.256903 1.848487 0.480628
v -0.276256 1.733696 0.469126
v 0.406315 0.732979 0.354356
v -0.264139 1.760050 0.476606
v 0.425035 0.732289 0.366049
v -0.259899 1.736672 0.470104
v 0.403063 0.703848 0.363592
v -0.243531 1.856204 0.443392
v -0.229156 1.748607 0.581287
v 0.403063 0.703848 0.363592
v 0.417996 0.783861 0.360801
v 0.400461 0.706897 0.388948
v 0.414851 0.706201 0.383591
v 0.423515 0.729505 0.389713
v 0.395217 0.755480 0.365435
v 0.401107 0.727797 0.397667
v 0.416373 0.755674 0.358535
v 0.416373 0.755674 0.358535
v 0.436515 0.784608 0.372171
v 0.416603 0.807670 0.408085
v 0.393052 0.782347 0.392153
v 0.417996 0.783861 0.360801
v 0.393237 0.784830 0.366695
v 0.393636 0.753135 0.387887
v 0.396227 0.808127 0.394827
v 0.399686 0.810261 0.370231
v 0.411278 0.751305 0.400785
v 0.413807 0.780280 0.404849
v 0.428729 0.927524 0.395411
v 0.416603 0.807670 0.408085
v 0.382974 0.871070 0.477494
v 0.411278 0.751305 0.400785
v 0.413807 0.780280 0.404849
v 0.399767 1.030273 0.400090
v 0.417649 0.884165 0.467870
v 0.398886 0.999540 0.351334
v 0.393472 1.027437 0.345181
v 0.417774 0.934277 0.439082
v 0.389300 0.728243 0.297232
v 0.401970 0.723945 0.312320
v 0.401972 0.727792 0.320063
v 0.290372 0.976376 0.406908
v 0.287005 0.956452 0.438680
v 0.298889 0.929111 0.407967
v 0.285097 0.928813 0.469212
v 0.314122 0.915810 0.506660
v 0.285097 0.928813 0.469212
v 0.313457 0.948126 0.498859
v 0.279323 0.998061 0.403616
v 0.291488 0.904556 0.487106
v 0.400881 0.733395 0.293131
v 0.390281 0.724882 0.314582
v 0.401329 0.727552 0.299526
v 0.401329 0.727552 0.299526
v 0.399827 0.753242 0.290311
v 0.419207 0.751924 0.299515
v 0.291488 0.904556 0.487106
v 0.393115 0.804678 0.289707
v 0.375645 0.959701 0.474791
v 0.382500 0.790663 0.284918
v 0.404046 1.001999 0.404173
v 0.388183 0.705507 0.380376
v 0.403792 0.942516 0.312378
v 0.421812 0.931653 0.347557
v 0.343462 1.015443 0.324306
v 0.351801 0.990070 0.318132
v 0.400881 0.733395 0.293131
v 0.420099 0.746827 0.321148
v 0.377637 0.823309 0.253633
v 0.405694 0.804365 0.270269
v 0.423454 0.755517 0.443572
v 0.373400 0.999541 0.439895
v 0.365456 1.024508 0.436701
v 0.365908 0.790249 0.247531
v 0.381724 0.916341 0.485040
v 0.399827 0.753242 0.290311
v 0.411797 0.731835 0.298889
v 0.401970 0.723945 0.312320
v 0.412122 0.728431 0.314288
v 0.402542 0.743034 0.331554
v 0.401972 0.727792 0.320063
v 0.373262 0.807964 0.248995
v 0.364859 0.781270 0.251563
v 0.402542 0.743034 0.331554
v -0.258588 1.833895 0.519637
v 0.365908 0.790249 0.247531
v 0.356973 0.788760 0.256762
v 0.381099 0.750047 0.300235
v 0.381579 0.744972 0.321696
v 0.363424 0.797794 0.282093
v -0.202266 1.682777 0.592096
v -0.207838 1.676617 0.581991
v -0.206828 1.680288 0.587074
v -0.195222 1.677379 0.596141
v -0.202916 1.675406 0.589538
v -0.225495 1.658657 0.574361
v -0.197203 1.673559 0.596219
v -0.212690 1.669231 0.582691
v -0.185974 1.676945 0.601636
v -0.259546 1.716814 0.510204
v -0.187901 1.662352 0.597245
v -0.243872 1.774561 0.581194
v -0.247733 1.761830 0.556585
v -0.211525 1.759927 0.604022
v -0.216422 1.685583 0.586399
v -0.179441 1.695283 0.603092
v -0.205646 1.691379 0.592018
v -0.221047 1.719252 0.584454
v -0.238601 1.721624 0.573413
v -0.237628 1.706309 0.570232
v -0.222595 1.790257 0.587700
v -0.238659 1.790666 0.571273
v -0.206086 1.676723 0.585235
v -0.199911 1.679125 0.590732
v -0.179441 1.686538 0.602647
v -0.186123 1.671836 0.601726
v -0.179441 1.663749 0.598258
v -0.227354 1.776498 0.593489
v -0.179441 1.692075 0.600883
v -0.179441 1.768725 0.606613
v -0.186775 1.692765 0.600875
v -0.179441 1.786028 0.602416
v -0.254082 1.749440 0.532758
v -0.228027 1.690682 0.576469
v -0.196259 1.693969 0.596004
v -0.203703 1.783949 0.599865
v -0.255461 1.761841 0.517408
v -0.179441 1.676827 0.602165
v -0.204646 1.678016 0.586856
v -0.260409 1.754830 0.498786
v -0.248960 1.784126 0.425509
v -0.186743 1.681648 0.598838
v -0.198020 1.664101 0.594665
v -0.201135 1.677334 0.590460
v -0.196049 1.685149 0.597044
v -0.179441 1.681732 0.600567
v -0.253030 1.674964 0.528468
v -0.188136 1.648620 0.602487
v -0.194696 1.680840 0.594768
v -0.179441 1.650834 0.604031
v -0.199272 1.640102 0.595876
v -0.187305 1.687688 0.601848
v -0.179441 1.751946 0.384078
v -0.219205 1.791943 0.397196
v -0.179441 1.707446 0.386867
v -0.250796 1.716601 0.546400
v -0.221521 1.734598 0.584027
v -0.231600 1.738884 0.576558
v -0.214295 1.748966 0.395323
v -0.221601 1.741689 0.585996
v -0.240672 1.742352 0.421327
v -0.187810 1.765093 0.606538
v -0.191556 1.727727 0.596978
v -0.238418 1.700101 0.414599
v -0.212989 1.755026 0.603601
v -0.229554 1.768695 0.597087
v -0.228649 1.550118 0.533243
v -0.199545 1.747127 0.604855
v -0.179441 1.619262 0.523681
v -0.179441 1.540358 0.534039
v -0.179441 1.636068 0.596509
v -0.239368 1.658778 0.549687
v -0.258595 1.695482 0.504211
v -0.226335 1.646756 0.565987
v -0.280190 1.733161 0.473488
v -0.211608 1.636074 0.581964
v -0.195538 1.628471 0.583288
v -0.273375 1.718085 0.479366
v -0.211605 1.706558 0.389989
v -0.256747 1.645505 0.433968
v -0.310804 1.629561 0.415252
v -0.278677 1.638435 0.356150
v -0.219681 1.622217 0.508830
v -0.179441 1.631043 0.542006
v -0.281847 1.763572 0.484957
v -0.256283 1.708752 0.490894
v -0.262914 1.709164 0.488883
v -0.259229 1.704925 0.497760
v -0.268500 1.763662 0.495350
v -0.232310 1.628122 0.331812
v -0.255543 1.733588 0.520175
v -0.220196 1.674730 0.580505
v -0.179441 1.671619 0.602321
v -0.198916 1.655892 0.593228
v -0.207216 1.666086 0.587879
v -0.213232 1.652992 0.585060
v -0.283741 1.751694 0.473913
v -0.258151 1.724874 0.495187
v -0.179441 1.665146 0.380784
v -0.234520 1.756334 0.581487
v -0.223835 1.759400 0.589378
v -0.197741 1.622112 0.518793
v -0.239486 1.658477 0.399401
v -0.210466 1.754456 0.592908
v -0.211368 1.750259 0.589908
v -0.196212 1.543976 0.539050
v -0.207852 1.665426 0.384027
v -0.201131 1.637659 0.537305
v -0.198251 1.807963 0.594962
v -0.215656 1.814015 0.583907
v -0.179441 1.607410 0.326616
v -0.201131 1.637659 0.537305
v -0.179441 1.625924 0.583313
v -0.271788 1.744786 0.482400
v -0.264139 1.760050 0.476606
v -0.252588 1.796462 0.551329
v -0.264264 1.779987 0.465962
v -0.255621 1.822489 0.544702
v -0.264429 1.804385 0.513408
v -0.264139 1.760050 0.476606
v -0.264264 1.779987 0.465962
v -0.227656 1.830807 0.399356
v -0.240141 1.803718 0.559018
v -0.233402 1.813645 0.568515
v -0.248788 1.778296 0.545718
v -0.256363 1.823821 0.428799
v -0.245787 1.813026 0.559569
v -0.271606 1.815840 0.471273
v -0.238771 1.668157 0.508518
v -0.271606 1.815840 0.471273
v -0.259899 1.736672 0.470104
v -0.220584 1.650159 0.523540
v -0.253541 1.695569 0.492982
v -0.256234 1.708612 0.483495
v -0.253181 1.669222 0.483303
v -0.255479 1.691556 0.452997
v -0.238771 1.668157 0.508518
v -0.237135 1.658884 0.502996
v -0.199181 1.748362 0.593005
v -0.196698 1.756086 0.607504
v -0.230050 1.744319 0.579684
v -0.239403 1.749877 0.567392
v -0.222358 1.752245 0.588175
v -0.193727 1.715413 0.599070
v -0.250801 1.734407 0.555510
v -0.208234 1.734637 0.587078
v -0.230461 1.676026 0.572991
v -0.183959 1.697451 0.604320
v -0.191950 1.700310 0.598515
v -0.243064 1.682323 0.556784
v -0.205510 1.720675 0.590332
v -0.254871 1.695564 0.537465
v -0.213513 1.702192 0.585992
v -0.197126 1.703912 0.593467
v -0.197877 1.710197 0.593037
v -0.256174 1.736435 0.453281
v -0.256234 1.708612 0.483495
v -0.299275 1.581075 0.467393
v -0.202300 1.746798 0.588329
v -0.244991 1.622998 0.501888
v -0.220584 1.650159 0.523540
v -0.179441 1.631043 0.542006
v -0.267265 1.554692 0.513561
v -0.253541 1.695569 0.492982
v -0.259093 1.783163 0.506406
v -0.233301 1.747492 0.571582
v -0.209125 1.741617 0.587070
v -0.255987 1.632676 0.472130
v -0.179441 1.754650 0.606099
v -0.189321 1.749023 0.600079
v -0.262905 1.764993 0.493763
v -0.231462 1.749427 0.581651
v -0.190409 1.740728 0.593162
v -0.196573 1.737229 0.590144
v -0.192249 1.744885 0.590911
v -0.197895 1.742679 0.586365
v -0.245151 1.769227 0.583629
v 0.092181 1.793477 0.309662
v 0.093268 1.658220 0.669738
v 0.135839 1.595100 0.683523
v 0.138772 1.733050 0.309386
v 0.126625 1.814216 0.453222
v 0.178095 1.612784 0.181215
v 0.140970 1.667956 0.172531
v 0.110402 1.814286 0.370517
v 0.170269 1.740404 0.509298
v 0.154343 1.755442 0.409870
v 0.210418 1.608794 0.183130
v 0.167196 1.584957 0.686320
v 0.170241 1.558958 0.688997
v 0.189786 1.602930 0.671632
v 0.162128 1.611485 0.678427
v 0.205550 1.569102 0.655635
v 0.199565 1.550662 0.660979
v 0.127003 1.564286 0.671423
v -0.185796 1.745101 0.601657
v -0.179441 1.747697 0.603219
v -0.179441 1.727164 0.610275
v 0.160230 1.663411 0.223375
v 0.140470 1.566044 0.689083
v 0.195907 1.569784 0.675812
v 0.143100 1.548588 0.676214
v -0.186591 1.723731 0.608544
v -0.179441 1.714465 0.617064
v 0.169406 1.544815 0.676045
v 0.135047 1.790998 0.517318
v -0.186475 1.709161 0.616572
v -0.186912 1.702732 0.614121
v -0.179441 1.705044 0.619446
v 0.307986 0.996732 0.494936
v 0.294136 0.987959 0.466665
v 0.253098 1.412926 0.661989
v 0.299256 1.532263 0.614892
v 0.337587 1.453019 0.598026
v 0.413314 0.969505 0.416739
v 0.308158 1.329779 0.578458
v 0.341315 0.997583 0.517608
v 0.156444 1.351035 0.643302
v 0.261195 1.607784 0.610639
v 0.271025 1.461554 0.636507
v 0.338511 1.395347 0.607727
v 0.220913 1.110710 0.248040
v 0.274860 1.251735 0.265430
v 0.304438 0.970941 0.268957
v 0.179759 1.139255 0.237985
v 0.201621 1.206652 0.236410
v 0.219065 1.155235 0.216146
v 0.283967 1.234949 0.232537
v 0.231759 1.120132 0.224810
v 0.070859 1.537521 0.687537
v 0.470365 0.920947 0.397471
v 0.227735 1.180472 0.303868
v 0.310835 1.318591 0.355710
v 0.271975 1.251639 0.309803
v 0.172709 1.141468 0.268124
v 0.220913 1.110710 0.248040
v 0.247289 1.006329 0.283614
v 0.250694 1.046413 0.265751
v 0.225192 1.330634 0.620404
v 0.029006 1.481187 0.684492
v 0.238941 1.080810 0.252861
v 0.309806 1.294475 0.301592
v 0.274860 1.251735 0.265430
v 0.290407 0.970790 0.297204
v 0.174751 1.480750 0.691452
v 0.224954 1.131735 0.485817
v 0.301194 1.294298 0.423699
v 0.190282 1.208713 0.273619
v 0.284356 1.279321 0.354332
v 0.190282 1.208713 0.273619
v 0.271188 1.266586 0.450489
v 0.054182 1.451787 0.675586
v 0.253209 1.622983 0.643059
v 0.212602 1.670877 0.630929
v 0.286636 1.037435 0.419371
v 0.253618 1.021831 0.463415
v 0.135499 1.399746 0.656223
v 0.106302 1.427412 0.660613
v 0.301270 1.204718 0.364472
v 0.287373 1.039644 0.337270
v 0.250694 1.046413 0.265751
v 0.124352 1.565662 0.696296
v 0.067132 1.599507 0.678856
v 0.264810 1.251325 0.416026
v 0.240291 1.579110 0.631131
v 0.115434 1.497825 0.695891
v 0.121006 1.593579 0.694622
v 0.217560 1.526229 0.676325
v 0.223212 1.500272 0.651366
v 0.243935 1.597103 0.666747
v 0.192414 1.629788 0.672121
v 0.213465 1.611288 0.676597
v 0.228143 1.530540 0.647152
v 0.170160 1.158276 0.467284
v 0.417646 0.931702 0.317722
v 0.342476 0.945314 0.457277
v 0.342538 1.006481 0.511342
v 0.309706 0.963480 0.466667
v 0.294136 0.987959 0.466665
v 0.290407 0.970790 0.297204
v 0.309706 0.963480 0.466667
v 0.325966 1.541099 0.255658
v 0.353141 0.940374 0.332026
v 0.214602 1.561688 0.639276
v 0.143094 1.545370 0.696063
v 0.172115 1.539240 0.689885
v 0.351780 1.623137 0.374493
v 0.202281 1.548767 0.668178
v 0.348665 1.622130 0.496696
v 0.014863 0.501388 0.440738
v 0.251478 1.703213 0.390797
v -0.075922 0.500967 0.461706
v -0.022942 0.449204 0.452578
v 0.014863 0.501388 0.440738
v -0.009650 0.424209 0.519666
v -0.044898 0.451666 0.532941
v -0.075922 0.500967 0.461706
v 0.031203 0.592755 0.588186
v 0.062235 0.553323 0.472625
v -0.003946 0.483647 0.583865
v -0.037348 0.515914 0.578739
v 0.322878 0.963927 0.298720
v 0.026658 0.521251 0.563755
v 0.360895 0.931513 0.278910
v -0.043784 0.589044 0.605248
v -0.002363 0.612155 0.628342
v 0.218002 1.575932 0.673882
v 0.409836 0.964841 0.355797
v 0.161130 1.634272 0.680814
v 0.208405 1.550655 0.646010
v 0.306542 1.620348 0.261341
v 0.217600 1.687866 0.283560
v -0.022942 0.449204 0.452578
v 0.195662 1.598213 0.654813
v 0.135306 1.619548 0.688222
v -0.122085 0.560454 0.472731
v 0.136269 1.606198 0.668918
v 0.158538 1.617389 0.664194
v 0.181909 1.613053 0.657080
v -0.085639 0.500674 0.528884
v 0.050204 0.510137 0.496705
v -0.118263 0.545790 0.515721
v 0.055188 0.568488 0.518945
v -0.083550 0.566712 0.560727
v 0.018886 0.606508 0.507560
v 0.124759 1.588028 0.669005
v 0.046975 0.573032 0.432876
v 0.018886 0.606508 0.507560
v 0.028834 0.462757 0.521116
v -0.014467 0.631367 0.576205
v -0.071199 0.599176 0.524245
v -0.122085 0.560454 0.472731
v 0.314408 0.974806 0.496378
v 0.317647 0.997754 0.425896
v 0.359510 0.954230 0.508924
v 0.353141 0.940374 0.332026
v -0.000716 0.541861 0.617498
v 0.348436 0.975804 0.256884
v 0.369925 0.947078 0.257131
v 0.172709 1.141468 0.268124
v 0.226519 1.183894 0.425278
v 0.187868 1.221108 0.443519
v 0.251214 1.146046 0.437826
v 0.420963 0.970038 0.483645
v 0.453844 0.955871 0.442425
v 0.316407 0.979665 0.326266
v 0.409836 0.964841 0.355797
v 0.361988 1.007927 0.378252
v 0.446153 0.914923 0.400844
v 0.322878 0.963927 0.298720
v 0.413314 0.969505 0.416739
v 0.445401 0.910146 0.372964
v 0.316407 0.979665 0.326266
v 0.342476 0.945314 0.457277
v 0.247289 1.006329 0.283614
v 0.469255 0.916475 0.370153
v 0.423653 0.943749 0.448002
v 0.383289 0.971232 0.517947
v 0.247730 1.103927 0.488338
v 0.425328 0.947352 0.290502
v 0.261911 1.061609 0.479200
v 0.449710 0.937008 0.324565
v 0.260220 1.006523 0.257781
v 0.286713 1.173112 0.489735
v 0.364134 1.538747 0.494752
v 0.219894 1.182210 0.512794
v 0.226401 1.670191 0.592901
v 0.253181 1.687622 0.500504
v 0.374069 1.540926 0.373693
v 0.292703 1.605671 0.594239
v 0.228039 1.220357 0.503257
v 0.284772 1.208632 0.475266
v 0.231470 1.199523 0.220883
v 0.245685 1.182532 0.246061
v 0.249418 1.181045 0.486634
v 0.264050 1.041206 0.244762
v 0.309806 1.294475 0.301592
v 0.251526 1.135173 0.298633
v 0.238941 1.080810 0.252861
v -0.014467 0.631367 0.576205
v -0.071199 0.599176 0.524245
v 0.253309 1.201719 0.480268
v 0.046975 0.573032 0.432876
v 0.295202 1.216846 0.226791
v -0.205797 1.750367 0.584583
v -0.229156 1.751142 0.574628
v -0.217410 1.745839 0.555229
v -0.192213 1.705464 0.608658
v -0.210066 1.740990 0.578811
v -0.227949 1.744126 0.573168
v -0.220728 1.741096 0.577959
v -0.230728 1.747560 0.564038
v -0.200468 1.742706 0.578209
v -0.211983 1.751518 0.581237
v -0.204233 1.747387 0.579887
v -0.191411 1.714806 0.605567
v -0.179441 1.699443 0.614670
v -0.191735 1.710562 0.609125
v -0.195834 1.711777 0.603484
v -0.195983 1.706334 0.603074
v -0.213561 1.750367 0.586355
v -0.221375 1.752571 0.579756
v -0.208170 1.733776 0.564481
v -0.208170 1.733776 0.572444
v -0.199448 1.740114 0.572444
v -0.202244 1.758589 0.579618
v -0.209238 1.763671 0.579618
v -0.217883 1.763671 0.579618
v -0.217883 1.737063 0.579618
v -0.224878 1.742145 0.579618
v -0.209238 1.737063 0.579618
v -0.221324 1.750367 0.584583
v -0.202244 1.742145 0.579618
v -0.199572 1.750367 0.579618
v -0.215960 1.742983 0.584583
v -0.219841 1.745804 0.584583
v -0.207280 1.754930 0.584583
v -0.211162 1.742983 0.584583
v -0.219841 1.754930 0.584583
v -0.215960 1.757715 0.584583
v -0.218951 1.766957 0.572444
v -0.231004 1.750367 0.564481
v -0.227549 1.750367 0.579618
v -0.196117 1.750367 0.572444
v -0.199448 1.760620 0.564481
v 0.727533 0.148369 0.447543
v 0.682323 1.744614 0.416346
v 0.682323 0.961669 0.397276
v 0.767435 0.728811 0.632464
v 0.825014 0.751867 0.501336
v -0.218951 1.733776 0.564481
v -0.231004 1.750367 0.572444
v 0.694142 0.542237 0.459575
v 0.690513 0.147588 0.463624
v -0.204431 1.682239 -0.615463
v -0.362122 1.682256 -0.504974
v -0.211624 1.682272 -0.627921
v -0.377213 1.682273 -0.499831
v -0.196117 1.750367 0.564481
v -0.224878 1.758589 0.579618
v -0.207280 1.745804 0.584583
v -0.211162 1.757706 0.584583
v -0.136060 1.563750 0.549465
v 0.429080 1.102238 0.367116
v -0.086502 1.662842 0.467673
v 0.421307 1.146853 0.313212
v 0.425459 1.096489 0.316462
v -0.078499 1.709613 0.417073
v 0.383504 1.214079 0.360414
v 0.301194 1.294298 0.423699
v 0.381392 1.202044 0.309443
v -0.013454 1.552627 0.636787
v -0.008470 1.531167 0.614510
v 0.349652 1.300659 0.337115
v 0.426387 1.108704 0.430359
v 0.342738 1.185372 0.460967
v 0.381279 1.213892 0.412617
v 0.387858 1.119773 0.463339
v 0.381509 1.008475 0.506418
v -0.141702 1.445248 0.701522
v -0.075222 1.509351 0.684717
v 0.342252 1.256368 0.412737
v 0.303990 1.269102 0.474437
v 0.263691 1.109039 0.512565
v 0.440038 1.027397 0.473137
v 0.275151 1.063282 0.504008
v 0.461744 1.011309 0.423725
v 0.247730 1.103927 0.488338
v 0.320521 1.252929 0.481460
v 0.347642 1.086392 0.491262
v 0.283072 1.238307 0.499165
v 0.341155 1.244328 0.307894
v 0.342264 1.263896 0.358926
v 0.393467 1.036771 0.507934
v 0.389485 1.044600 0.483330
v 0.421735 1.159660 0.413960
v 0.287858 1.068376 0.227455
v 0.224954 1.131735 0.485817
v 0.261911 1.061609 0.479200
v 0.180219 1.163358 0.496083
v 0.266400 1.029213 0.496151
v 0.262703 1.159864 0.521157
v 0.303341 1.096317 0.520838
v 0.439122 1.034066 0.439617
v 0.335133 1.323352 0.353455
v 0.349598 1.304690 0.354108
v 0.423367 1.162185 0.361609
v 0.258244 1.132122 0.213626
v 0.452717 0.984570 0.426906
v 0.229628 1.147264 0.508076
v 0.331293 1.054451 0.258986
v 0.170160 1.158276 0.467284
v 0.253618 1.021831 0.463415
v 0.336353 1.319737 0.378495
v 0.349386 1.303474 0.374520
v 0.345858 1.281813 0.434576
v 0.305625 1.042022 0.517356
v 0.327902 1.171372 0.260796
v 0.312243 1.202903 0.264174
v 0.353080 1.032551 0.520593
v 0.253679 1.083787 0.229820
v 0.280476 1.188863 0.250572
v 0.380936 1.096919 0.273566
v 0.330065 1.048263 0.491247
v 0.281589 1.151730 0.242063
v 0.241447 1.163118 0.242863
v 0.273406 1.255477 0.489027
v -0.150197 1.723652 0.297382
v -0.137975 1.615283 0.546014
v -0.061505 1.698215 0.477846
v -0.097866 1.649652 0.565681
v -0.099147 1.641440 0.511536
v -0.105489 1.729985 0.314278
v -0.076986 1.728237 0.354947
v -0.103476 1.679036 0.423838
v 0.013353 1.595132 0.401212
v 0.448706 1.014952 0.376510
v 0.467920 0.995204 0.378745
v 0.457416 1.003713 0.331781
v 0.041288 1.620936 0.465092
v 0.381750 1.005758 0.248979
v -0.004912 1.609905 0.590255
v -0.002181 1.495040 0.603227
v -0.021243 1.579221 0.623133
v 0.027351 1.586231 0.479761
v 0.031901 1.591391 0.526635
v -0.020292 1.584479 0.322998
v 0.011760 1.639878 0.542669
v -0.005201 1.612275 0.325366
v -0.038895 1.589919 0.274444
v 0.025672 1.698056 0.399865
v 0.005075 1.689077 0.323529
v -0.013758 1.739926 0.410852
v -0.096607 1.636142 0.215204
v -0.096369 1.523894 0.258980
v -0.005898 1.715453 0.480547
v 0.010235 1.733919 0.408456
v -0.128961 1.741660 0.249707
v 0.461330 0.965838 0.383388
v -0.076034 1.746006 0.276671
v -0.117968 1.725456 0.220253
v 0.430092 1.008231 0.286181
v 0.379393 0.981392 0.264885
v 0.310835 1.318591 0.355710
v 0.335024 1.317916 0.332039
v -0.045341 1.563074 0.292503
v 0.435899 1.020772 0.321585
v 0.447164 0.978710 0.331734
v 0.347647 1.272380 0.288818
v 0.421565 0.983921 0.292532
v 0.293953 1.018715 0.238836
v 0.336203 1.001421 0.240108
v 0.333588 1.286935 0.287338
v -0.009424 1.742446 0.327429
v 0.314669 1.025295 0.263212
v 0.306774 1.249035 0.244521
v 0.320842 1.229528 0.240645
v 0.331898 1.013235 0.265970
v 0.367148 1.016521 0.269261
v -0.040165 1.634492 0.601030
v 0.001154 1.506944 0.634072
v -0.048585 1.633840 0.620165
v 0.013311 1.545339 0.548040
v -0.088161 1.446630 0.662195
v -0.030168 1.489797 0.658946
v -0.055283 1.719307 0.415762
v -0.124138 1.626282 0.589679
v -0.046536 1.696544 0.478142
v 0.032354 1.634704 0.395342
v -0.088952 1.567724 0.233520
v -0.034209 1.660900 0.259321
v 0.023704 1.673399 0.475286
v 0.187868 1.221108 0.443519
v 0.271188 1.266586 0.450489
v 0.198202 1.228037 0.482492
v -0.101953 1.599492 0.510335
v -0.097805 1.721947 0.380896
v -0.077098 1.670788 0.531956
v -0.139699 1.585924 0.617105
v -0.013887 1.673297 0.547347
v -0.158460 1.615562 0.601339
v -0.034010 1.750932 0.333892
v -0.070557 1.621908 0.559943
v -0.103925 1.604905 0.589488
v -0.054911 1.651509 0.528129
v 0.003795 1.710779 0.481271
v -0.058323 1.735984 0.251809
v -0.158152 1.730933 0.331620
v -0.141702 1.445248 0.701522
v -0.126863 1.729614 0.349842
v -0.137598 1.696127 0.374657
v -0.086436 1.616847 0.467664
v -0.101885 1.631719 0.422613
v 0.328607 1.294821 0.434055
v -0.137742 1.650020 0.375058
v -0.131583 1.566122 0.607669
v -0.102101 1.569486 0.665803
v -0.043583 1.499779 0.657444
v -0.130870 1.535278 0.688347
v -0.081138 1.619235 0.640801
v -0.143741 1.423865 0.684130
v -0.100016 1.586340 0.592959
v -0.077385 1.595487 0.643334
v -0.130795 1.563371 0.673556
v -0.049106 1.538280 0.663153
v -0.142966 1.586828 0.685438
v -0.140045 1.552038 0.714440
v -0.127279 1.466295 0.702803
v -0.087031 1.467677 0.685299
v 0.428352 1.002155 0.473573
v 0.318981 1.223767 0.454751
v 0.350176 1.039311 0.491736
v 0.017408 1.562497 0.573950
v -0.013563 1.517982 0.592745
v -0.044571 1.540383 0.661927
v -0.044403 1.473683 0.635111
v -0.135745 1.483680 0.732925
v 0.673988 0.764870 0.436386
v 0.650774 0.777008 0.480117
v 0.643249 0.749264 0.468445
v 0.668254 0.666816 0.442539
v 0.670390 0.709530 0.433885
v 0.669960 0.635487 0.470569
v 0.667165 0.671027 0.448637
v 0.640400 0.678673 0.472086
v 0.647549 0.652187 0.480725
v 0.666240 0.713384 0.442045
v 0.638139 0.715146 0.467433
v 0.682323 0.856496 0.482805
v 0.682323 0.943232 0.484830
v 0.682323 1.907519 0.407625
v 0.661210 0.891546 0.476652
v 0.668396 0.631600 0.467228
v 0.673643 0.791525 0.469475
v 0.668337 0.752543 0.447445
v 0.727533 0.060423 0.437851
v 0.727533 0.148369 0.447543
v 0.764555 0.147588 0.463624
v 0.683726 0.664465 0.630935
v 0.646410 0.636051 0.589284
v 0.644438 0.590291 0.563373
v 0.687632 0.728811 0.632464
v 0.682323 0.860505 0.590829
v 0.692465 0.799811 0.615318
v 0.677637 0.816612 0.548015
v 0.657677 0.834731 0.567490
v 0.668337 0.752543 0.555228
v 0.673988 0.764870 0.566286
v 0.673643 0.791525 0.533198
v 0.630053 0.751867 0.501337
v 0.646478 0.782300 0.501336
v 0.647549 0.652187 0.521948
v 0.661210 0.891546 0.526020
v 0.682323 2.120674 0.501337
v 0.682323 0.856496 0.519868
v 0.682323 0.943232 0.517843
v 0.696862 0.766411 0.695767
v 0.768429 0.058229 0.460016
v 0.727533 1.469969 0.407445
v 0.727533 0.130883 0.410790
v 0.696261 0.652205 0.646894
v 0.648940 0.700990 0.598310
v 0.696674 0.728002 0.635640
v 0.643249 0.749264 0.534228
v 0.650774 0.777008 0.522556
v 0.666240 0.713384 0.560628
v 0.640400 0.678673 0.530586
v 0.684298 0.583586 0.633320
v 0.669960 0.635487 0.532104
v 0.668254 0.666816 0.560134
v 0.630053 0.681355 0.501337
v 0.682323 1.907519 0.595048
v 0.790066 0.128445 0.439114
v 0.727533 1.296148 0.405557
v 0.692783 0.519185 0.639545
v 0.682323 1.744614 0.586327
v 0.674512 0.606957 0.619469
v 0.695850 0.661541 0.634214
v 0.772744 1.384457 0.428403
v 0.727533 1.180766 0.391718
v 0.727533 1.673120 0.397503
v 0.727533 0.526968 0.441881
v 0.727533 0.940169 0.329254
v 0.772744 1.180397 0.418710
v 0.772744 1.744614 0.416346
v 0.784676 0.709530 0.433885
v 0.736678 1.247350 0.415423
v 0.786730 0.752543 0.447445
v 0.682323 1.180397 0.583963
v 0.781423 0.791525 0.469475
v 0.716196 1.063118 0.622681
v 0.682323 1.071033 0.594680
v 0.682323 0.961669 0.605397
v 0.727533 0.756119 0.366050
v 0.762602 0.799811 0.387355
v 0.727533 0.523491 0.419542
v 0.770769 0.583586 0.369353
v 0.762641 0.590517 0.314913
v 0.779817 0.540143 0.409490
v 0.806127 0.700990 0.404363
v 0.764186 0.611340 0.327461
v 0.727533 0.608877 0.295822
v 0.727533 0.506386 0.366187
v 0.808657 0.636051 0.413389
v 0.810629 0.590291 0.439299
v 0.760924 0.542237 0.459575
v 0.772744 1.254357 0.423557
v 0.727533 0.907067 0.325389
v 0.727533 1.224839 0.397004
v 0.727533 1.810190 0.375614
v 0.772744 0.961669 0.397276
v 0.807518 0.652187 0.480725
v 0.777430 0.816612 0.454657
v 0.767435 0.728811 0.370209
v 0.758394 0.728002 0.367032
v 0.758205 0.766411 0.306905
v 0.797390 0.834731 0.435183
v 0.801531 0.776374 0.411610
v 0.781080 0.764870 0.436386
v 0.814667 0.678673 0.472086
v 0.788827 0.713384 0.442045
v 0.786671 0.631600 0.467228
v 0.772744 0.856496 0.482805
v 0.786813 0.666816 0.442539
v 0.816928 0.715146 0.467433
v 0.692426 0.590517 0.687759
v 0.653536 0.776374 0.591062
v 0.675249 0.540143 0.593183
v 0.694287 0.602567 0.627893
v 0.690881 0.611340 0.675212
v 0.696968 0.674810 0.671943
v 0.772744 1.907519 0.407625
v 0.785107 0.635487 0.470569
v 0.787903 0.671027 0.448637
v 0.771342 0.664465 0.371738
v 0.727533 0.645160 0.312293
v 0.727533 0.817843 0.267391
v 0.804294 0.777008 0.480117
v 0.727533 0.667182 0.316125
v 0.758099 0.674810 0.330730
v 0.772744 0.860505 0.411844
v 0.811818 0.749264 0.468445
v 0.682323 0.148300 0.501336
v 0.657677 0.834731 0.435183
v 0.677637 0.816612 0.454657
v 0.772744 0.943232 0.484830
v 0.793858 0.891546 0.476652
v 0.782417 0.552376 0.453450
v 0.727533 1.917622 0.347566
v 0.692465 0.799811 0.387355
v 0.690881 0.611340 0.327461
v 0.687632 0.728811 0.370209
v 0.696673 0.728002 0.367032
v 0.646410 0.636051 0.413389
v 0.696862 0.766411 0.306905
v 0.648940 0.700990 0.404363
v 0.696968 0.674810 0.330730
v 0.684298 0.583586 0.369353
v 0.682323 0.860505 0.411844
v 0.653535 0.776374 0.411610
v 0.675249 0.540143 0.409490
v 0.674512 0.606957 0.383204
v 0.644438 0.590291 0.439299
v 0.690513 0.147588 0.539049
v 0.692783 0.519185 0.363128
v 0.683725 0.664465 0.371738
v 0.692426 0.590517 0.314913
v 0.694287 0.602567 0.374780
v 0.665001 0.128445 0.563559
v 0.695850 0.661541 0.368458
v 0.648749 0.132015 0.501336
v 0.682323 0.553374 0.501336
v 0.682323 1.744614 0.501337
v 0.759217 0.661541 0.368458
v 0.727533 0.604005 0.366834
v 0.727533 0.638961 0.349335
v 0.780555 0.606957 0.383204
v 0.762284 0.519185 0.363128
v 0.682323 0.856189 0.501336
v 0.682323 0.803623 0.501336
v 0.682323 0.940757 0.501336
v 0.682323 0.581009 0.501336
v 0.625790 0.714834 0.501336
v 0.638139 0.715146 0.535240
v 0.667165 0.671027 0.554036
v 0.682323 0.617939 0.501336
v 0.670391 0.709530 0.568788
v 0.646478 0.650331 0.501336
v 0.682323 0.624163 0.501336
v 0.668395 0.631600 0.535445
v 0.696260 0.652205 0.355778
v 0.682323 0.057907 0.501336
v 0.682323 1.384457 0.501337
v 0.772744 0.148300 0.501336
v 0.694142 0.542237 0.543098
v 0.716203 1.569788 0.581441
v 0.682323 0.547959 0.501336
v 0.672650 0.552376 0.549223
v 0.682323 1.384457 0.574270
v 0.686638 0.058229 0.542656
v 0.772744 1.180397 0.501336
v 0.772744 1.384457 0.501337
v 0.682323 1.180397 0.501336
v 0.772744 1.744614 0.501337
v 0.806318 0.132015 0.501336
v 0.682323 1.564535 0.580298
v 0.758807 0.652205 0.355778
v 0.727533 0.130883 0.591882
v 0.727533 0.148369 0.555129
v 0.790066 0.128445 0.563559
v 0.764555 0.147588 0.539049
v 0.760780 0.602567 0.374780
v 0.065829 0.000000 0.387127
v -0.070516 0.000000 0.660826
v -0.113925 0.000000 0.416729
v 0.043219 0.000000 0.322756
v 0.003228 0.000000 0.672501
v 0.097963 0.000000 0.576311
v -0.111216 0.000000 0.530286
v -0.106830 0.000000 0.600243
v 0.006125 0.000000 0.286449
v -0.113330 0.000000 0.352782
v -0.164347 1.428411 0.729576
v 0.097963 0.000000 0.576311
v 0.068428 0.000000 0.636387
v -0.039438 0.000000 0.273566
v -0.112714 0.000000 0.461728
v 0.068428 0.000000 0.636387
v 0.068212 0.068646 0.635450
v 0.003228 0.000000 0.672501
v 0.768429 0.058229 0.542656
v 0.727533 0.060423 0.564821
v 0.772744 0.057907 0.501336
v 0.093333 0.000000 0.510928
v 0.078136 0.000000 0.444018
v -0.163014 1.419018 0.707874
v -0.070516 0.000000 0.660826
v 0.772744 0.547959 0.501336
v 0.727533 0.010360 0.501336
v -0.106830 0.000000 0.600243
v -0.084933 0.000000 0.294535
v 0.760924 0.542237 0.543098
v 0.772744 0.553374 0.501336
v 0.727533 0.526968 0.560791
v -0.037037 0.430426 0.265558
v 0.782417 0.552376 0.549223
v 0.727533 1.559056 0.599588
v 0.738864 1.569788 0.581441
v 0.772744 1.564535 0.580298
v -0.155915 0.592488 0.445552
v 0.727533 1.469969 0.595228
v 0.772744 1.384457 0.574270
v 0.727533 1.673120 0.605170
v 0.727533 1.296148 0.597117
v 0.287005 0.956452 0.438680
v 0.772744 1.180397 0.583963
v 0.738871 1.063118 0.622681
v 0.727533 1.076591 0.638001
v 0.727533 1.180766 0.610955
v 0.811818 0.749264 0.534228
v 0.665000 0.128445 0.439114
v 0.727533 1.917622 0.655108
v 0.772744 2.120674 0.501337
v 0.762602 0.799811 0.615318
v 0.758205 0.766411 0.695767
v 0.810629 0.590291 0.563373
v 0.758099 0.674810 0.671943
v 0.727533 0.645160 0.690380
v 0.727533 0.817843 0.735282
v 0.758394 0.728002 0.635640
v 0.764555 0.147588 0.463624
v 0.727533 0.148369 0.447543
v 0.727533 0.280616 0.449975
v 0.693811 0.389141 0.537418
v 0.682323 0.281375 0.501336
v 0.727533 0.523491 0.583131
v 0.770769 0.583586 0.633320
v 0.779817 0.540143 0.593183
v 0.771342 0.664465 0.630935
v 0.727533 0.667182 0.686548
v 0.762284 0.519185 0.639545
v 0.727533 0.387597 0.452611
v 0.761256 0.389141 0.465254
v 0.727533 0.493792 0.446318
v 0.727533 0.526968 0.441881
v 0.764186 0.611340 0.675212
v 0.780555 0.606957 0.619469
v 0.727533 0.608877 0.706851
v 0.762641 0.590517 0.687759
v 0.727533 0.506386 0.636486
v 0.758806 0.652205 0.646894
v 0.759217 0.661541 0.634214
v 0.727533 0.638961 0.653337
v 0.764555 0.147588 0.539049
v 0.727533 0.148369 0.555129
v 0.727533 0.280616 0.552697
v 0.760924 0.542237 0.459575
v 0.758895 0.282204 0.464076
v 0.808657 0.636051 0.589284
v 0.690513 0.147588 0.463624
v 0.761631 0.495201 0.464229
v 0.682323 0.495429 0.501336
v 0.693436 0.495201 0.538444
v 0.760780 0.602567 0.627893
v 0.727533 0.604005 0.635839
v 0.806127 0.700990 0.598310
v 0.772744 0.148300 0.501336
v 0.727533 0.387597 0.550062
v 0.727533 0.493792 0.556355
v 0.772744 0.389487 0.501336
v 0.694142 0.542237 0.543098
v 0.682323 0.547959 0.501336
v 0.696172 0.282204 0.538597
v 0.693436 0.495201 0.464229
v 0.690513 0.147588 0.539049
v 0.682323 0.148300 0.501336
v 0.682323 0.389487 0.501336
v 0.694142 0.542237 0.459575
v 0.693811 0.389141 0.465254
v 0.696172 0.282204 0.464076
v 0.727533 0.526968 0.560791
v -0.163842 1.682273 -0.497792
v -0.355182 1.682299 -0.523803
v -0.165033 1.682273 -0.526358
v -0.163436 1.682273 -0.470494
v -0.203805 1.682273 -0.629746
v -0.198060 1.678914 -0.684038
v -0.183083 1.682273 -0.634584
v -0.170962 1.679284 -0.685028
v 0.772744 0.281375 0.501336
v 0.772744 0.547959 0.501336
v 0.761256 0.389141 0.537418
v 0.758895 0.282204 0.538597
v 0.772744 0.495429 0.501336
v 0.760924 0.542237 0.543098
v 0.761631 0.495201 0.538444
v -0.172370 1.676666 -0.726411
v -0.261066 1.676890 -0.697685
v -0.355121 1.677441 -0.662621
v -0.354195 1.680008 -0.625856
v -0.339758 1.675552 -0.694163
v -0.273228 1.677374 -0.686628
v -0.311830 1.677293 -0.677022
v -0.295521 1.673758 -0.732982
v -0.272643 1.674599 -0.728182
v -0.222615 1.680417 -0.654487
v -0.312114 1.678521 -0.659088
v -0.333126 1.682272 0.171892
v -0.273452 1.682272 0.145501
v -0.274465 1.682272 0.044970
v -0.355612 1.682272 0.049023
v -0.274546 1.682273 -0.560920
v -0.182711 1.682273 -0.560047
v -0.166393 1.682273 -0.567333
v -0.169355 1.682273 -0.637789
v -0.175909 1.682106 -0.566070
v -0.379880 1.682273 -0.445614
v -0.275063 1.682273 -0.466108
v -0.178848 1.682273 -0.484921
v -0.209898 1.682272 0.145501
v -0.188041 1.682272 0.040654
v -0.173109 1.682272 -0.092360
v -0.168167 1.682273 -0.224353
v -0.163467 1.682273 -0.360474
v -0.274304 1.682603 -0.538362
v -0.186943 1.683334 -0.543757
v -0.274789 1.682273 -0.516367
v -0.174683 1.683444 -0.526319
v -0.371296 1.682272 -0.074013
v -0.275322 1.682272 -0.082898
v -0.376799 1.682273 -0.198561
v -0.382032 1.682273 -0.327604
v -0.275767 1.682273 -0.211051
v -0.276190 1.682273 -0.343521
v -0.347426 1.681110 -0.611868
v -0.274261 1.682273 -0.613299
v -0.357710 1.681489 -0.603509
v -0.356753 1.682273 -0.594041
v -0.373311 1.681058 -0.549469
v -0.361292 1.682271 -0.544217
v -0.372762 1.682273 -0.590304
v -0.387635 0.645715 0.265944
v 0.019519 0.549191 0.255854
v -0.032411 0.513071 0.230057
v -0.272119 0.545677 0.211347
v -0.233031 0.505002 0.201125
v 0.023265 0.573804 0.258540
v 0.031640 0.580452 0.262842
v -0.366708 0.671714 0.259202
v -0.027924 1.105254 0.372956
v -0.359542 0.558144 0.247568
v -0.177521 0.518440 0.188605
v -0.276383 0.593711 0.213684
v -0.371622 0.702761 0.264983
v -0.383902 0.717962 0.272558
v -0.288254 0.720831 0.227702
v -0.383397 0.727732 0.273452
v -0.097341 1.100496 0.339752
v -0.177911 1.009751 0.290158
v -0.369448 0.572937 0.252697
v -0.388845 0.622293 0.263800
v -0.065988 0.611920 0.217651
v 0.029933 0.622293 0.263800
v -0.068941 0.720831 0.227702
v 0.024485 0.727732 0.273452
v -0.085978 0.515639 0.210185
v -0.192658 0.541828 0.192775
v -0.269971 1.012399 0.302516
v -0.365782 0.931501 0.307740
v -0.278857 0.931501 0.273500
v -0.374980 0.825097 0.283333
v -0.178076 1.094963 0.328021
v -0.304178 0.497718 0.219731
v -0.260295 1.100496 0.339752
v -0.283764 0.821494 0.243083
v -0.177675 0.817303 0.223159
v -0.291160 0.611920 0.217651
v -0.177759 0.931501 0.260567
v -0.073502 0.821494 0.243083
v 0.016068 0.825097 0.283333
v -0.330988 1.105254 0.372956
v -0.177549 0.599857 0.190867
v -0.292878 0.525828 0.215611
v -0.347240 0.576935 0.242579
v -0.177599 0.712806 0.201381
v -0.349126 1.014677 0.336260
v -0.087512 1.012399 0.302516
v -0.009786 1.014677 0.336260
v -0.078486 0.931501 0.273500
v 0.006870 0.931501 0.307740
v -0.042093 0.763637 0.649585
v -0.316300 0.947236 0.649585
v -0.106002 0.947236 0.680497
v -0.106002 0.861733 0.688236
v -0.042093 0.861733 0.649585
v -0.042093 0.947236 0.649585
v -0.106002 1.026162 0.667905
v -0.316300 1.098657 0.628893
v -0.106002 1.098657 0.655340
v -0.042093 1.026162 0.638800
v -0.126004 0.566990 0.690418
v -0.316300 0.763637 0.649585
v -0.172091 0.589343 0.704401
v -0.042093 0.634965 0.649585
v -0.188304 0.576385 0.703598
v -0.179743 1.098657 0.666182
v -0.141081 0.545731 0.693834
v -0.316300 0.658928 0.649585
v -0.261958 0.615999 0.681099
v -0.274654 0.627562 0.673997
v -0.252899 0.947236 0.680497
v -0.252899 0.658928 0.688022
v -0.252899 0.763637 0.692055
v -0.252899 0.861733 0.688236
v -0.316300 0.861733 0.649585
v -0.106002 0.763637 0.692055
v -0.042093 0.658928 0.649585
v -0.106002 0.658928 0.688022
v -0.308111 0.619292 0.654640
v -0.275993 0.587396 0.672562
v -0.285508 0.568943 0.666790
v -0.201403 0.593262 0.700536
v -0.252899 0.629752 0.687055
v -0.065403 0.562457 0.662278
v -0.060391 0.599171 0.660030
v -0.308900 0.641017 0.654547
v -0.269963 0.643456 0.676956
v -0.179743 0.947236 0.694461
v -0.179743 0.861733 0.706694
v -0.106002 0.582231 0.685478
v -0.179743 0.763637 0.715668
v -0.179743 0.658928 0.709841
v -0.179743 1.026162 0.675738
v -0.042093 1.098657 0.628893
v -0.252899 1.026162 0.667905
v -0.316300 1.026162 0.638800
v -0.252899 1.098657 0.655340
v -0.225872 0.561973 0.692270
v -0.238789 0.579048 0.689268
vn 0.397850 -0.670070 -0.626675
vn 0.484340 -0.576408 -0.658156
vn 0.514358 -0.379591 -0.768990
vn -0.977054 0.188265 0.099610
vn -0.998676 0.049001 -0.015686
vn -0.998676 0.049001 -0.015686
vn -0.445950 0.301570 0.842725
vn 0.963820 -0.261508 0.051622
vn -0.466220 -0.532585 -0.706394
vn -0.981813 0.187307 0.030985
vn -0.538060 -0.303104 -0.786523
vn 0.963820 -0.261508 0.051622
vn -0.981813 0.187307 0.030985
vn 0.507427 0.354210 0.785527
vn 0.533769 0.240257 0.810782
vn -0.689434 -0.439601 0.575701
vn -0.700525 -0.698638 -0.145497
vn -0.977054 0.188265 0.099610
vn 0.140139 0.046479 -0.989040
vn 0.533246 -0.036061 0.845191
vn -0.789761 -0.603055 -0.112258
vn 0.823519 0.216994 -0.524146
vn -0.789761 -0.603055 -0.112258
vn 0.852305 0.288070 0.436569
vn 0.929041 -0.308185 0.204705
vn -0.542633 -0.252342 -0.801169
vn 0.929041 -0.308185 0.204705
vn -0.700525 -0.698638 -0.145497
vn -0.332915 -0.442132 -0.832878
vn 0.951725 0.285343 0.113129
vn 0.336415 -0.122336 0.933734
vn 0.898440 -0.435298 0.057623
vn 0.783290 -0.574735 0.236932
vn 0.374027 -0.124428 -0.919033
vn 0.724602 0.194486 -0.661156
vn 0.340811 0.246694 0.907188
vn -0.401890 0.000756 0.915688
vn -0.642771 -0.445053 0.623516
vn -0.250560 -0.205512 0.946036
vn 0.898440 -0.435298 0.057623
vn -0.447976 0.416226 0.791248
vn 0.783290 -0.574735 0.236932
vn -0.510976 0.016739 0.859432
vn -0.309273 0.539019 0.783459
vn -0.225257 -0.484399 -0.845351
vn 0.274281 0.065003 0.959450
vn 0.783049 0.313524 -0.537157
vn 0.126688 0.254652 -0.958698
vn 0.401886 0.015320 -0.915561
vn -0.679874 -0.728184 0.086713
vn -0.362051 -0.663686 0.654553
vn 0.028662 -0.596559 0.802057
vn 0.356719 0.176031 -0.917477
vn 0.549801 0.188789 -0.813681
vn -0.889237 -0.298322 -0.346788
vn 0.065706 -0.043670 0.996883
vn 0.080993 -0.996173 -0.032861
vn 0.552025 0.323779 0.768398
vn 0.291496 0.351117 -0.889802
vn 0.819976 0.418986 -0.389988
vn -0.902494 -0.407094 -0.140636
vn -0.237251 -0.228919 -0.944091
vn -0.346192 -0.309847 -0.885520
vn -0.645860 -0.369323 0.668181
vn 0.392365 0.111655 0.913008
vn 0.736413 0.641941 0.213559
vn -0.856893 0.233056 -0.459802
vn -0.909137 -0.392066 0.140545
vn -0.954711 0.282052 -0.094727
vn -0.889237 -0.298322 -0.346788
vn 0.218054 -0.249430 0.943524
vn 0.727839 0.535530 0.428320
vn -0.467654 -0.079027 -0.880372
vn -0.682233 -0.567555 -0.460912
vn -0.441013 -0.652507 0.616232
vn -0.485277 -0.092861 -0.869415
vn -0.806729 -0.112961 0.580024
vn -0.856893 0.233056 -0.459802
vn -0.954711 0.282052 -0.094727
vn -0.601010 0.306619 -0.738086
vn -0.398137 -0.064309 0.915069
vn -0.371704 -0.089057 0.924070
vn 0.103333 0.421804 0.900780
vn 0.143992 0.115402 0.982827
vn 0.635153 0.584467 -0.504955
vn 0.863569 0.370471 0.342054
vn 0.793803 0.555539 -0.247492
vn 0.876411 0.315014 -0.364240
vn 0.695969 0.649932 0.305313
vn -0.682233 -0.567555 -0.460912
vn -0.913795 -0.370036 0.167487
vn 0.828584 0.448600 0.334972
vn 0.473247 0.314831 0.822751
vn 0.602581 -0.584203 -0.543695
vn -0.909424 -0.403674 0.099970
vn -0.794888 -0.484309 -0.365510
vn -0.722380 -0.247862 0.645548
vn -0.902494 -0.407094 -0.140636
vn -0.791490 0.568840 0.223529
vn -0.867605 -0.497254 -0.000000
vn -0.296427 -0.928525 0.223546
vn 0.741039 -0.671463 -0.000000
vn -0.000001 0.185707 0.982605
vn 0.944540 -0.327777 -0.020134
vn 0.839114 0.066402 0.539887
vn 0.962339 0.101045 -0.252378
vn 0.909917 0.143509 -0.389173
vn 0.870690 0.004053 0.491816
vn 0.882971 -0.469427 -0.000001
vn -0.796849 -0.121605 -0.591815
vn -0.718090 -0.568812 -0.400999
vn 0.000000 0.392977 -0.919548
vn 0.785576 0.576977 0.223538
vn 0.409614 0.912259 -0.000000
vn -0.741013 0.671491 -0.000000
vn 0.933690 -0.100393 -0.343721
vn 0.996237 -0.086674 -0.000001
vn 0.997661 0.046793 -0.049829
vn 0.854930 -0.205811 0.476168
vn -0.321947 -0.233757 -0.917446
vn -0.000000 -0.539463 -0.842009
vn 0.296422 0.928533 0.223516
vn -0.204807 0.978802 -0.000000
vn -0.785596 -0.576956 0.223519
vn 1.000000 0.000000 -0.000000
vn 1.000000 0.000000 -0.000000
vn -0.837283 0.002566 -0.546763
vn 0.990340 0.066405 -0.121726
vn 0.843342 0.482713 0.236143
vn 0.721467 0.508882 0.469601
vn 0.692896 0.721038 0.000010
vn 0.999982 -0.005988 0.000001
vn -0.766273 -0.600245 0.229197
vn 0.996172 0.052605 -0.069821
vn 0.752834 0.004358 0.658196
vn 0.796067 0.256010 0.548395
vn 0.950078 0.312011 -0.000000
vn 0.965425 0.142005 -0.218608
vn -0.000004 1.000000 0.000000
vn -0.817573 0.094294 -0.568052
vn 0.939193 -0.042733 -0.340721
vn 0.996524 0.065497 -0.051484
vn 0.999814 0.000110 0.019286
vn 0.819795 0.165731 0.548151
vn 0.963112 -0.269102 0.000001
vn 0.999919 0.012718 -0.000001
vn 0.797230 -0.224857 0.560236
vn 0.908087 0.009489 0.418675
vn -0.000001 -0.148959 0.988843
vn 0.778065 -0.507806 0.369795
vn 0.714835 -0.699293 0.000000
vn 0.821349 -0.046201 0.568552
vn 0.893623 0.060944 0.444662
vn -0.000001 -0.090944 0.995856
vn -0.000002 0.767117 0.641508
vn 0.219224 -0.026407 0.975317
vn 0.218908 -0.026454 0.975387
vn 0.406677 -0.027746 0.913150
vn 0.218406 -0.026335 0.975503
vn -0.001810 -0.026748 0.999641
vn 0.218546 -0.026124 0.975477
vn 0.407255 -0.068559 0.910738
vn 0.407996 -0.028982 0.912523
vn -0.419479 -0.037111 0.907006
vn -0.234815 -0.069048 0.969585
vn -0.229959 -0.068900 0.970758
vn -0.413942 -0.034480 0.909650
vn 0.405787 -0.033137 0.913367
vn -0.222362 -0.026382 0.974607
vn 0.405433 -0.033986 0.913493
vn -0.271695 -0.393861 0.878097
vn 0.361036 -0.030586 0.932050
vn -0.001002 -0.358028 0.933710
vn -0.360632 -0.400937 0.842137
vn -0.000929 -0.390171 0.920742
vn 0.322318 -0.058259 0.944837
vn -0.001886 -0.127106 0.991887
vn 0.203213 -0.370380 0.906379
vn 0.344305 -0.370766 0.862546
vn 0.355209 -0.400779 0.844513
vn -0.001600 -0.217596 0.976038
vn -0.001182 -0.302107 0.953273
vn 0.408136 -0.095742 0.907887
vn 0.403722 -0.099602 0.909444
vn 0.367080 -0.203071 0.907752
vn 0.332571 -0.123099 0.935010
vn 0.250693 -0.304924 0.918790
vn 0.339170 -0.293638 0.893723
vn 0.270619 -0.208165 0.939911
vn -0.298853 -0.066374 0.951988
vn 0.030371 -0.044883 0.998531
vn 0.267426 -0.393543 0.879549
vn 0.412154 -0.101449 0.905449
vn 0.411844 -0.099581 0.905797
vn 0.401078 -0.124914 0.907487
vn -0.717935 0.180156 0.672394
vn 0.991243 0.120300 0.054447
vn -0.687589 -0.060860 0.723545
vn -0.282409 0.020007 0.959086
vn 0.454718 0.095864 0.885461
vn 0.843803 0.200080 -0.497960
vn 0.820007 0.371155 -0.435698
vn -0.136370 0.305177 -0.942481
vn 0.349475 0.114905 -0.929873
vn -0.807549 -0.577650 0.119101
vn 0.845761 0.150045 -0.512031
vn -0.807549 -0.577650 0.119101
vn -0.988802 0.111823 0.098824
vn -0.992050 0.046285 0.117023
vn -0.941469 -0.245089 0.231448
vn -0.519580 -0.711292 -0.473391
vn 0.993673 0.037083 0.106012
vn 0.394314 0.422070 -0.816316
vn 0.261535 -0.360207 -0.895461
vn -0.233043 0.019729 0.972266
vn -0.718884 -0.002584 0.695126
vn 0.869082 -0.006478 0.494626
vn 0.318023 0.105577 0.942186
vn 0.967831 0.239547 0.076939
vn 0.357322 0.202890 -0.911678
vn 0.157451 -0.282932 0.946128
vn 0.817676 0.121883 -0.562629
vn -0.750701 -0.095130 0.653757
vn 0.948156 0.102449 -0.300839
vn -0.053996 0.225799 -0.972676
vn 0.992785 0.052426 -0.107841
vn -0.978165 -0.004885 0.207774
vn -0.951262 0.014875 0.308026
vn -0.953442 -0.033227 -0.299741
vn 0.169378 -0.703668 0.690045
vn 0.721038 -0.457853 0.520071
vn -0.906203 -0.358980 0.223449
vn -0.981542 -0.152825 0.114974
vn -0.758544 0.189047 -0.623596
vn 0.137766 -0.504630 0.852273
vn -0.977500 -0.041014 -0.206911
vn 0.751406 -0.243749 0.613168
vn -0.988544 -0.003371 -0.150894
vn -0.641247 -0.363393 0.675831
vn -0.984613 -0.011097 0.174399
vn -0.678624 0.022709 -0.734135
vn -0.977500 -0.041014 -0.206911
vn -0.988544 -0.003371 -0.150894
vn -0.205461 0.149920 -0.967114
vn -0.175112 0.013558 -0.984455
vn 0.971595 0.236498 -0.008517
vn -0.953442 -0.033227 -0.299741
vn -0.688562 0.082586 -0.720460
vn -0.528470 -0.647225 0.549380
vn 0.980063 0.066638 -0.187177
vn -0.813763 -0.064267 -0.577632
vn 0.997782 0.031588 0.058592
vn 0.047259 0.137372 -0.989392
vn 0.047259 0.137372 -0.989392
vn -0.639264 0.504411 0.580441
vn 0.702656 0.560231 0.438653
vn 0.834731 0.542820 -0.092579
vn 0.570794 0.316259 -0.757743
vn 0.844066 0.516983 -0.142413
vn -0.101371 0.710775 -0.696077
vn -0.746110 0.007335 0.665783
vn 0.284937 -0.225570 0.931627
vn 0.901617 -0.120208 0.415495
vn -0.912078 -0.062121 -0.405284
vn 0.157451 -0.282932 0.946128
vn 0.101481 -0.284795 0.953202
vn 0.284937 -0.225570 0.931627
vn -0.053996 0.225799 -0.972676
vn 0.987836 -0.119309 0.099724
vn 0.891676 0.142931 -0.429517
vn 0.448845 0.698057 -0.557902
vn 0.395219 -0.917565 0.043316
vn 0.201994 0.020965 -0.979162
vn -0.568379 -0.820793 -0.056955
vn -0.864130 0.502661 0.024719
vn -0.752666 0.070154 -0.654655
vn -0.988802 0.111823 0.098824
vn 0.040928 -0.566177 -0.823267
vn 0.040928 -0.566177 -0.823267
vn -0.779894 0.144006 -0.609120
vn 0.484988 -0.001410 -0.874519
vn 0.484203 0.013978 -0.874844
vn 0.484204 0.013979 -0.874843
vn 0.484204 0.013978 -0.874844
vn 0.509348 0.023432 -0.860241
vn 0.114488 -0.084176 -0.989852
vn 0.484204 0.013979 -0.874844
vn -0.254813 -0.305192 0.917566
vn -0.309556 -0.130928 0.941824
vn -0.344580 -0.293818 0.891591
vn 0.977651 -0.058842 -0.201834
vn 0.956537 0.117090 0.267073
vn -0.590668 -0.779680 -0.207870
vn -0.691822 -0.718160 0.075024
vn -0.612940 -0.790111 0.005401
vn -0.998551 -0.051460 -0.015760
vn -0.301213 0.795962 0.525086
vn 0.089730 0.848566 0.521425
vn -0.807549 -0.577650 0.119101
vn -0.054879 -0.533614 0.843946
vn -0.968790 0.087621 0.231879
vn 0.300432 -0.447037 -0.842555
vn -0.887274 0.330117 0.322129
vn 0.951720 0.261622 0.160572
vn -0.617340 -0.773495 -0.143516
vn -0.998551 -0.051460 -0.015760
vn 0.441249 0.782862 0.438664
vn 0.132122 0.420398 0.897669
vn -0.809802 0.264439 0.523729
vn -0.519580 -0.711292 -0.473391
vn -0.875984 -0.411915 -0.250953
vn 0.053318 -0.534598 0.843423
vn 0.706180 -0.019589 -0.707761
vn -0.908821 0.297193 0.292782
vn -0.909218 0.411677 -0.062007
vn 0.891099 0.283355 0.354474
vn 0.128733 -0.742322 0.657560
vn -0.854354 -0.336517 -0.396025
vn 0.488467 -0.755368 0.436829
vn -0.103441 -0.428065 -0.897808
vn -0.662731 -0.206407 -0.719850
vn 0.687880 0.317739 -0.652582
vn 0.997183 0.037897 -0.064735
vn 0.694010 0.143202 -0.705580
vn -0.906203 -0.358980 0.223449
vn 0.584832 -0.564853 -0.582162
vn -0.067834 0.453860 -0.888487
vn -0.010516 -0.358708 -0.933390
vn -0.009720 0.301403 -0.953447
vn -0.633462 0.507223 0.584338
vn 0.679881 -0.632527 -0.371040
vn 0.054161 0.638484 0.767727
vn 0.851907 -0.512589 -0.107273
vn 0.795394 0.003680 -0.606082
vn 0.714398 0.530166 0.456683
vn -0.640210 -0.765181 0.068036
vn -0.612940 -0.790111 0.005401
vn -0.991916 0.124251 0.025780
vn -0.981542 -0.152825 0.114974
vn 0.405385 -0.106475 -0.907924
vn 0.980929 -0.188960 -0.045510
vn -0.731695 0.174426 0.658937
vn 0.445275 -0.184852 0.876105
vn 0.854012 -0.176066 0.489555
vn 0.854341 0.027322 0.518994
vn 0.809571 -0.541141 0.227511
vn 0.658512 -0.752338 0.018703
vn -0.548165 -0.521356 0.653990
vn 0.402691 -0.622083 0.671456
vn 0.950853 -0.212907 0.224832
vn -0.370195 -0.819782 0.436936
vn -0.865667 -0.449441 0.220505
vn 0.405385 -0.106475 -0.907924
vn 0.607865 -0.636976 0.474090
vn -0.734395 -0.671610 0.098005
vn -0.734395 -0.671610 0.098005
vn -0.717432 -0.601640 -0.351170
vn -0.941469 -0.245089 0.231448
vn -0.665368 -0.415571 -0.620151
vn -0.807549 -0.577650 0.119101
vn -0.206571 -0.370764 0.905463
vn -0.349663 -0.371058 0.860263
vn -0.275029 -0.208323 0.938595
vn -0.372836 -0.203123 0.905392
vn -0.407179 -0.125075 0.904744
vn -0.356738 -0.066953 0.931802
vn -0.237389 0.205577 0.949413
vn 0.832907 0.176835 0.524401
vn -0.107381 -0.069040 0.991818
vn -0.297878 -0.476961 0.826908
vn -0.603666 -0.708983 -0.364596
vn 0.002801 0.038816 -0.999242
vn 0.505890 0.258378 0.822992
vn 0.620240 -0.618400 -0.482581
vn -0.281886 -0.379841 -0.881057
vn 0.713619 0.162272 -0.681480
vn -0.038728 0.035201 -0.998630
vn -0.735266 -0.621620 0.270133
vn -0.508197 -0.659602 0.553770
vn 0.410561 0.166472 0.896508
vn 0.832378 0.219545 0.508868
vn -0.354195 -0.401442 -0.844624
vn 0.013844 -0.133909 -0.990897
vn -0.776235 -0.255193 0.576485
vn 0.101481 -0.284795 0.953202
vn 0.428720 -0.447522 -0.784808
vn -0.883381 0.214937 -0.416461
vn 0.455666 0.171946 -0.873386
vn 0.923275 0.110841 0.367802
vn 0.343731 -0.686713 0.640527
vn 0.291607 -0.776562 -0.558495
vn 0.733716 -0.414642 0.538268
vn 0.144595 0.027626 0.989105
vn -0.427561 -0.732000 -0.530441
vn 0.279536 0.134494 -0.950669
vn 0.870286 -0.367242 -0.328232
vn 0.010461 0.241576 0.970325
vn 0.928932 0.362354 -0.076054
vn 0.624433 -0.353781 -0.696364
vn -0.667341 0.196070 0.718479
vn 0.620240 -0.618400 -0.482581
vn 0.717233 0.245690 0.652084
vn 0.559777 -0.263103 0.785765
vn 0.644499 0.451725 -0.616900
vn 0.739542 -0.673032 0.010247
vn 0.329450 0.343385 -0.879516
vn -0.603666 -0.708983 -0.364596
vn 0.982045 0.187552 0.020304
vn 0.895021 -0.402904 0.191325
vn 0.638477 -0.630583 0.441261
vn 0.837949 0.383481 0.388309
vn 0.172418 -0.699531 -0.693490
vn 0.957910 -0.163127 0.236215
vn -0.732597 -0.665235 0.144095
vn 0.172418 -0.699531 -0.693490
vn -0.924075 0.118387 -0.363415
vn 0.039266 0.112249 0.992904
vn 0.714238 0.464900 0.523194
vn 0.053695 0.529902 0.846357
vn 0.823388 -0.000303 -0.567478
vn 0.889269 -0.294008 0.350370
vn -0.689434 -0.439601 0.575701
vn 0.747207 0.108362 -0.655697
vn 0.395219 -0.917565 0.043316
vn -0.590230 0.652696 -0.474991
vn 0.466758 -0.842640 -0.268504
vn 0.399605 -0.407361 0.821202
vn 0.053318 -0.534598 0.843423
vn -0.508197 -0.659602 0.553770
vn -0.650222 -0.545877 0.528422
vn -0.263504 0.037651 -0.963923
vn -0.262493 0.039848 -0.964111
vn -0.137546 0.026834 -0.990132
vn -0.499819 0.005487 -0.866112
vn 0.499287 0.014296 -0.866319
vn 0.212098 0.023737 -0.976960
vn -0.098340 0.195780 -0.975705
vn 0.201994 0.020965 -0.979162
vn 0.996664 -0.065187 -0.049099
vn 0.121200 0.899909 0.418896
vn 0.998153 0.039754 0.045940
vn -0.517078 0.700861 0.491348
vn 0.082501 0.197455 0.976834
vn 0.689845 -0.713900 -0.120255
vn 0.996636 0.081905 0.002935
vn 0.643155 -0.743485 -0.183251
vn 0.689781 0.678542 0.252553
vn -0.679375 0.091554 0.728057
vn -0.588341 0.327939 0.739129
vn -0.329223 -0.406272 0.852382
vn -0.812701 0.166547 -0.558372
vn 0.739542 -0.673032 0.010247
vn 0.985868 0.097757 -0.136041
vn -0.909218 0.411677 -0.062007
vn -0.610919 0.377680 -0.695798
vn 0.735702 0.153781 0.659616
vn -0.864130 0.502661 0.024719
vn 0.954492 0.075600 -0.288495
vn 0.105696 0.482755 0.869354
vn 0.691972 0.306363 -0.653695
vn 0.716608 -0.266375 -0.644607
vn 0.679071 0.048458 -0.732472
vn -0.180340 -0.011127 -0.983541
vn 0.127668 -0.415438 -0.900618
vn -0.885668 -0.014054 -0.464107
vn -0.991916 0.124251 0.025780
vn -0.992050 0.046285 0.117023
vn -0.069728 0.146944 -0.986684
vn -0.050664 0.081625 -0.995375
vn -0.786233 0.045986 -0.616216
vn 0.953543 -0.000543 -0.301257
vn 0.451164 -0.844973 -0.287178
vn -0.070125 -0.439515 -0.895494
vn 0.700595 0.018430 -0.713321
vn 0.397099 -0.543592 -0.739473
vn 0.026828 -0.231002 0.972583
vn 0.466758 -0.842640 -0.268504
vn 0.299972 -0.534356 0.790241
vn 0.715678 -0.385731 0.582251
vn 0.992931 -0.071325 0.094870
vn 0.875661 0.428350 -0.223010
vn -0.722692 -0.617399 -0.310701
vn -0.975770 -0.163609 -0.145272
vn 0.900968 -0.004526 -0.433861
vn -0.098340 0.195780 -0.975705
vn 0.638477 -0.630583 0.441261
vn 0.022563 -0.415886 0.909137
vn -0.485667 0.017435 -0.873970
vn 0.265466 0.037633 -0.963385
vn -0.373289 0.028746 -0.927270
vn 0.370205 0.031637 -0.928411
vn -0.477281 0.013333 -0.878650
vn 0.266166 0.035699 -0.963266
vn 0.747688 0.553292 -0.367193
vn 0.598419 -0.704163 -0.382163
vn 0.554791 0.701675 -0.447055
vn 0.717716 0.555775 -0.419520
vn 0.145607 0.968325 -0.202844
vn 0.731170 -0.552953 -0.399541
vn 0.000980 -0.087357 -0.996177
vn -0.215903 -0.969663 -0.114625
vn 0.000475 -0.145333 -0.989383
vn 0.000767 -0.149055 -0.988829
vn -0.419792 0.022545 -0.907340
vn 0.368770 -0.005704 -0.929503
vn -0.414020 -0.086065 -0.906190
vn -0.366340 -0.005706 -0.930464
vn -0.262142 -0.143085 -0.954363
vn -0.304176 -0.113242 -0.945861
vn -0.706849 0.704892 -0.059087
vn 0.264006 -0.143009 -0.953860
vn 0.600927 -0.590166 -0.539065
vn 0.662881 -0.553704 -0.503985
vn 0.305427 -0.146194 -0.940926
vn 0.390622 -0.130621 -0.911237
vn 0.001127 -0.017181 -0.999852
vn 0.053831 0.048906 -0.997352
vn 0.000498 -0.166858 -0.985981
vn -0.520927 -0.000084 -0.853601
vn 0.416762 -0.085949 -0.904943
vn -0.387987 -0.130779 -0.912339
vn -0.705644 -0.704742 -0.073521
vn 0.370151 -0.121261 -0.921023
vn 0.372663 -0.061066 -0.925955
vn -0.476702 -0.025086 -0.878707
vn 0.523956 -0.000084 -0.851746
vn 0.439114 0.027504 -0.898010
vn 0.498422 0.002201 -0.866932
vn -0.501368 0.000000 -0.865234
vn 0.479636 -0.025036 -0.877111
vn -0.303279 -0.146296 -0.941605
vn -0.367607 -0.121392 -0.922024
vn -0.370243 -0.061111 -0.926922
vn 0.306270 -0.113187 -0.945192
vn 0.837422 -0.087110 0.539570
vn 0.073606 0.960825 -0.267204
vn -0.559201 0.635102 -0.532860
vn -0.187321 -0.632158 -0.751855
vn 0.381274 0.584294 -0.716401
vn -0.213263 -0.961990 -0.170569
vn -0.813042 -0.548275 -0.195848
vn -0.826152 0.549717 -0.123628
vn -0.580041 0.026938 -0.814141
vn 0.308702 -0.471993 -0.825787
vn 0.080993 -0.996173 -0.032861
vn 0.244293 0.793426 -0.557491
vn 0.601316 0.730242 0.324292
vn 0.596493 0.532113 0.600875
vn -0.528698 0.563306 -0.634952
vn -0.506889 0.397746 0.764763
vn 0.602581 -0.584203 -0.543695
vn 0.291607 -0.776562 -0.558495
vn 0.127668 -0.415438 -0.900618
vn 0.954492 0.075600 -0.288495
vn 0.716608 -0.266375 -0.644607
vn 0.455757 -0.387424 0.801366
vn 0.295952 -0.555688 0.776932
vn 0.647106 -0.518725 0.558729
vn 0.299972 -0.534356 0.790241
vn 0.716608 -0.266375 -0.644607
vn 0.343731 -0.686713 0.640527
vn 0.265543 -0.711583 -0.650489
vn 0.465556 -0.374470 0.801891
vn 0.512656 0.393642 0.763040
vn 0.945797 0.269869 -0.180663
vn 0.552170 -0.626512 0.550083
vn 0.703650 -0.223968 0.674326
vn 0.220725 -0.502435 0.835966
vn 0.677811 0.211026 0.704301
vn 0.559777 -0.263103 0.785765
vn -0.000000 -0.973040 -0.230635
vn 0.718290 0.475367 0.508020
vn 0.118564 -0.293860 0.948467
vn 0.923275 0.110841 0.367802
vn 0.864688 0.249944 0.435709
vn 0.446437 -0.158096 0.880738
vn 0.664833 0.365306 0.651574
vn 0.797945 0.553663 -0.238203
vn 0.428720 -0.447522 -0.784808
vn 0.008594 0.637019 0.770800
vn -0.626651 -0.619324 0.473018
vn 0.686102 0.179291 0.705066
vn -0.004098 0.866430 -0.499281
vn 0.608243 0.419795 -0.673656
vn 0.600982 0.070157 -0.796177
vn 0.802211 0.582912 -0.129118
vn -0.710467 0.482322 0.512446
vn -0.790165 0.563587 -0.240850
vn 0.365578 0.863975 0.346266
vn -0.819315 0.560365 0.121302
vn -0.715041 -0.011016 -0.698996
vn -0.718544 0.601221 0.349611
vn -0.602235 0.784431 0.148260
vn -0.451260 -0.354109 -0.819128
vn -0.673033 -0.086099 -0.734584
vn -0.764191 -0.321052 -0.559408
vn -0.997167 -0.074424 0.010877
vn -0.740906 0.359598 0.567228
vn -0.900621 0.264022 -0.345216
vn 0.466836 0.724986 -0.506418
vn -0.238255 -0.068459 -0.968787
vn 0.268215 0.960422 -0.075163
vn 0.562459 0.826550 -0.021340
vn 0.355741 0.630113 0.690221
vn 0.400870 0.317226 0.859460
vn 0.337182 0.408682 -0.848108
vn 0.578817 -0.507344 -0.638415
vn -0.000000 -0.233788 -0.972288
vn -0.912072 0.345864 0.220232
vn 0.824545 0.553384 0.117861
vn -0.000000 -0.973040 -0.230635
vn 0.515699 -0.332747 0.789515
vn 0.532474 0.555354 -0.638790
vn 0.000000 -0.167404 0.985888
vn 0.181076 0.927384 0.327370
vn 0.021527 0.787773 0.615589
vn 0.177388 0.921794 0.344716
vn 0.406830 0.854255 0.323631
vn -0.892498 0.100389 -0.439738
vn -0.481495 0.647836 -0.590315
vn -0.000000 -0.125025 -0.992154
vn -0.920921 -0.149204 0.360059
vn 0.277681 0.462659 0.841927
vn -0.992943 0.118444 0.005959
vn -0.214015 0.135068 0.967447
vn -0.199566 0.919822 0.337789
vn -0.158928 -0.448094 0.879746
vn -0.938618 0.093106 0.332154
vn -0.785179 0.359359 0.504336
vn 0.281258 0.102181 -0.954177
vn -0.864688 0.249946 0.435708
vn 0.634343 -0.001427 -0.773050
vn 0.737098 0.159898 0.656597
vn 0.471630 -0.091876 0.876997
vn 0.695083 -0.009803 0.718863
vn 0.891860 -0.043854 -0.450180
vn -0.847415 0.354931 0.394856
vn -0.811133 0.189195 0.553415
vn -0.976982 -0.064230 0.203420
vn -0.954627 0.293162 -0.052378
vn 0.440005 0.002505 0.897992
vn -0.972981 -0.084755 -0.214766
vn 0.442823 -0.516740 -0.732726
vn 0.171768 -0.048213 0.983957
vn 0.998663 -0.023817 -0.045869
vn 0.891860 -0.043854 -0.450180
vn 0.922371 -0.006715 0.386246
vn 0.249498 -0.117673 0.961199
vn 0.567331 0.313092 0.761649
vn 0.877308 0.334011 -0.344627
vn -0.319307 0.838054 0.442391
vn -0.308407 -0.279096 0.909390
vn -0.446436 -0.158097 0.880738
vn -0.598833 -0.142480 0.788098
vn -0.776703 0.585680 0.231758
vn -0.092937 0.860707 0.500546
vn -0.910313 -0.168305 0.378158
vn -0.749839 0.185064 -0.635211
vn -0.306964 -0.186976 0.933174
vn -0.338574 0.227871 0.912931
vn -0.626651 -0.619324 0.473018
vn 0.000000 0.992607 -0.121374
vn 0.028542 0.768321 0.639428
vn 0.113000 0.859523 0.498449
vn -0.259033 0.762794 0.592492
vn 0.264141 0.910764 0.317393
vn -0.000000 0.330213 -0.943906
vn 0.055284 0.974339 0.218190
vn -0.357315 -0.054692 -0.932381
vn 0.069026 0.994249 -0.081876
vn 0.033798 0.910287 0.412596
vn 0.060809 0.740463 0.669341
vn -0.515699 -0.332748 0.789514
vn -0.128733 -0.742322 0.657560
vn 0.103442 -0.428065 -0.897809
vn -0.488467 -0.755368 0.436829
vn -0.658512 -0.752338 0.018704
vn -0.402691 -0.622083 0.671456
vn 0.548165 -0.521357 0.653989
vn 0.865667 -0.449442 0.220505
vn 0.370194 -0.819782 0.436936
vn 0.731695 0.174427 0.658937
vn 0.639264 0.504410 0.580441
vn -0.854012 -0.176068 0.489555
vn -0.834730 0.542821 -0.092579
vn -0.844065 0.516984 -0.142413
vn -0.448844 0.698057 -0.557902
vn 0.054879 -0.533614 0.843946
vn 0.906203 -0.358980 0.223449
vn 0.981542 -0.152825 0.114974
vn 0.953442 -0.033227 -0.299741
vn 0.813763 -0.064267 -0.577632
vn -0.169378 -0.703669 0.690045
vn 0.978165 -0.004885 0.207774
vn 0.984613 -0.011097 0.174399
vn -0.596143 0.770296 -0.226400
vn 0.093170 0.991259 0.093409
vn 0.112202 0.894465 0.432831
vn -0.000609 0.862235 0.506509
vn -0.992931 -0.071325 0.094871
vn -0.445275 -0.184853 0.876105
vn -0.000000 -0.448508 -0.893779
vn -0.008473 0.996147 -0.087287
vn 0.734395 -0.671610 0.098005
vn 0.975771 -0.163609 -0.145272
vn 0.906203 -0.358980 0.223449
vn 0.975771 -0.163609 -0.145272
vn -0.867650 -0.291052 -0.403079
vn 0.734395 -0.671610 0.098005
vn -0.854342 0.027322 0.518993
vn -0.714237 0.464900 0.523195
vn -0.715678 -0.385731 0.582251
vn -0.830328 0.328764 0.449966
vn -0.702655 0.560232 0.438652
vn -0.607866 -0.636975 0.474090
vn -0.053695 0.529901 0.846358
vn 0.101371 0.710774 -0.696077
vn -0.004439 0.515709 -0.856752
vn 0.004276 0.367265 0.930106
vn 0.000001 0.997847 0.065579
vn 0.351923 0.822335 0.447119
vn 0.885143 0.380619 -0.267676
vn 0.005543 0.590755 -0.806832
vn -0.039266 0.112248 0.992904
vn 0.641247 -0.363393 0.675831
vn 0.000000 0.999633 -0.027088
vn 0.001762 0.914858 0.403772
vn 0.775479 0.314445 0.547500
vn 0.289401 0.867860 0.403815
vn 0.562223 0.714996 0.415555
vn 0.627770 0.594064 -0.502984
vn 0.953442 -0.033227 -0.299741
vn 0.988544 -0.003371 -0.150894
vn 0.010219 0.813797 0.581059
vn 0.528470 -0.647225 0.549381
vn 0.951262 0.014875 0.308026
vn 0.136370 0.305177 -0.942481
vn 0.922938 0.333105 0.192940
vn 0.515290 0.457455 0.724714
vn 0.981542 -0.152825 0.114974
vn -0.751405 -0.243750 0.613169
vn 0.988544 -0.003371 -0.150894
vn -0.357322 0.202889 -0.911678
vn 0.991916 0.124250 0.025780
vn 0.159686 0.980900 0.111065
vn 0.089988 0.889948 0.447097
vn 0.197473 0.958480 0.205719
vn 0.173182 0.590087 0.788547
vn -0.209391 0.549751 -0.808659
vn 0.101115 0.994722 0.017418
vn -0.539428 0.522819 0.660058
vn 0.622792 -0.370621 0.689036
vn 0.781094 0.566829 -0.261911
vn 0.913421 0.205477 0.351341
vn -0.621715 -0.569714 0.537492
vn 0.782744 0.466788 0.411608
vn 0.942321 0.281996 -0.180304
vn 0.887394 0.220843 0.404673
vn 0.619977 -0.152713 0.769615
vn 0.532556 -0.090725 -0.841518
vn 0.294571 0.426154 -0.855348
vn 0.642891 0.173715 0.745999
vn 0.602581 -0.584203 -0.543695
vn -0.794888 -0.484309 -0.365510
vn 0.206543 -0.268891 -0.940765
vn 0.178586 0.383948 -0.905920
vn 0.772383 -0.205099 0.601132
vn 0.901827 -0.283989 0.325665
vn -0.818318 0.555781 -0.146505
vn -0.638556 -0.769074 -0.027753
vn -0.823409 -0.559024 0.097417
vn -0.799336 0.561702 0.213432
vn -0.560810 0.757574 -0.334027
vn -0.786614 -0.553198 -0.274244
vn -0.486193 0.469878 -0.736771
vn 0.674384 -0.682829 -0.280983
vn -0.667701 -0.580853 -0.465602
vn 0.592159 -0.377201 0.712087
vn 0.806544 -0.316193 0.499508
vn 0.238255 -0.068458 -0.968787
vn 0.673033 -0.086096 -0.734584
vn 0.094600 -0.502206 -0.859558
vn 0.242969 -0.386211 0.889836
vn 0.971732 0.230809 -0.049651
vn 0.417893 -0.456487 -0.785483
vn 0.753112 -0.466236 -0.464163
vn 0.749839 0.185065 -0.635211
vn 0.900621 0.264022 -0.345215
vn 0.811134 0.189195 0.553414
vn 0.355741 0.630113 0.690221
vn 0.622792 -0.370621 0.689036
vn 0.933149 0.011978 0.359290
vn 0.812765 -0.404914 0.418877
vn 0.722879 -0.583917 0.369442
vn 0.972816 0.049303 0.226272
vn 0.894308 -0.231183 0.383103
vn 0.222778 0.429417 -0.875197
vn 0.686102 0.179291 0.705066
vn 0.931271 -0.119206 0.344272
vn 0.640210 -0.765181 0.068035
vn 0.575722 -0.313553 0.755135
vn 0.993288 0.049489 0.104544
vn 0.939977 0.005455 0.341193
vn 0.299216 0.256725 0.919001
vn 0.284517 -0.253737 0.924482
vn 0.244293 0.793426 -0.557491
vn 0.612940 -0.790111 0.005401
vn 0.772383 -0.205099 0.601132
vn 0.691822 -0.718160 0.075024
vn 0.283145 -0.017391 -0.958919
vn 0.206543 -0.268891 -0.940765
vn 0.375337 -0.677269 -0.632795
vn 0.957473 -0.285369 -0.042551
vn 0.957473 -0.285369 -0.042551
vn 0.268215 0.960422 -0.075163
vn 0.900621 0.264022 -0.345215
vn 0.938619 0.093105 0.332154
vn -0.551019 -0.827531 0.107562
vn 0.998551 -0.051460 -0.015760
vn -0.451164 -0.844973 -0.287177
vn 0.679052 -0.681374 0.273163
vn 0.908821 0.297193 0.292782
vn -0.551019 -0.827531 0.107562
vn 0.395795 -0.706698 0.586451
vn -0.689844 -0.713900 -0.120255
vn 0.612940 -0.790111 0.005401
vn 0.268215 0.960422 -0.075163
vn -0.643155 -0.743486 -0.183251
vn 0.913365 -0.406976 0.011610
vn 0.925149 0.042614 -0.377204
vn 0.607185 0.319675 -0.727416
vn 0.753112 -0.466236 -0.464163
vn -0.460672 0.845328 0.270560
vn 0.070127 -0.439515 -0.895494
vn 0.306964 -0.186976 0.933174
vn 0.115444 -0.096269 0.988638
vn 0.641040 0.155188 0.751654
vn -0.261535 -0.360208 -0.895461
vn 0.807549 -0.577650 0.119101
vn 0.617340 -0.773495 -0.143516
vn 0.988802 0.111823 0.098824
vn 0.519581 -0.711292 -0.473391
vn 0.968791 0.087621 0.231878
vn 0.633462 0.507222 0.584338
vn 0.427562 -0.732000 -0.530441
vn 0.542739 0.293584 0.786920
vn -0.759328 0.568878 0.315909
vn 0.000000 0.364484 0.931210
vn -0.000000 -0.999150 -0.041212
vn -0.558912 -0.401849 0.725352
vn -0.000000 -0.552277 0.833660
vn -0.397099 -0.543592 -0.739473
vn 0.883144 0.289575 0.369057
vn 0.628782 0.250327 -0.736186
vn 0.877308 0.334011 -0.344627
vn 0.249425 0.462743 -0.850680
vn 0.326612 0.513578 0.793450
vn -0.000000 0.037742 0.999287
vn -0.676036 0.279024 0.681998
vn 0.955237 0.290224 0.057385
vn 0.578659 0.256344 0.774236
vn -0.626778 -0.052958 0.777396
vn 0.925149 0.042614 -0.377204
vn 0.402010 0.287346 0.869379
vn 0.107425 -0.219947 0.969579
vn 0.898382 0.185314 0.398206
vn 0.200141 0.352769 -0.914056
vn 0.699827 0.348825 0.623348
vn -0.409405 0.124583 0.903807
vn -0.593443 0.422049 0.685347
vn -0.148951 -0.202775 0.967831
vn 0.640210 -0.765181 0.068035
vn 0.617340 -0.773495 -0.143516
vn -0.716845 0.317574 0.620709
vn -0.346904 -0.600754 0.720245
vn 0.000000 0.812597 0.582826
vn -0.714398 0.530166 0.456683
vn -0.089731 0.848566 0.521425
vn -0.121200 0.899909 0.418896
vn 0.691822 -0.718160 0.075024
vn -0.851907 -0.512589 -0.107273
vn 0.301213 0.795962 0.525086
vn -0.054161 0.638484 0.767727
vn -0.148951 -0.202775 0.967831
vn -0.951720 0.261621 0.160573
vn 0.395795 -0.706698 0.586451
vn -0.352502 -0.811049 -0.466841
vn 0.662731 -0.206407 -0.719850
vn -0.980930 -0.188960 -0.045509
vn 0.854354 -0.336517 -0.396025
vn -0.997183 0.037897 -0.064734
vn -0.300431 -0.447037 -0.842555
vn -0.687880 0.317738 -0.652583
vn -0.570794 0.316259 -0.757743
vn 0.590230 0.652696 -0.474991
vn 0.864130 0.502662 0.024719
vn 0.864130 0.502662 0.024719
vn 0.758544 0.189047 -0.623596
vn 0.009720 0.301403 -0.953447
vn -0.137766 -0.504631 0.852273
vn -0.721038 -0.457854 0.520071
vn 0.175112 0.013558 -0.984455
vn 0.977500 -0.041014 -0.206911
vn 0.809802 0.264439 0.523729
vn 0.807549 -0.577650 0.119101
vn 0.941469 -0.245088 0.231448
vn 0.991916 0.124250 0.025780
vn 0.909218 0.411677 -0.062007
vn 0.610919 0.377680 -0.695799
vn -0.569263 -0.710484 0.413706
vn 0.679052 -0.681374 0.273163
vn 0.909218 0.411677 -0.062007
vn -0.795394 0.003681 -0.606081
vn 0.067835 0.453860 -0.888487
vn 0.688562 0.082586 -0.720459
vn -0.569263 -0.710484 0.413706
vn -0.694009 0.143202 -0.705581
vn 0.977500 -0.041014 -0.206911
vn -0.584832 -0.564853 -0.582162
vn 0.678623 0.022709 -0.734135
vn -0.851907 -0.512589 -0.107273
vn -0.809572 -0.541140 0.227512
vn 0.010516 -0.358708 -0.933391
vn -0.679882 -0.632526 -0.371040
vn -0.891099 0.283355 0.354474
vn -0.638477 -0.630584 0.441261
vn -0.739543 -0.673032 0.010246
vn -0.638477 -0.630584 0.441261
vn -0.895021 -0.402904 0.191325
vn -0.713619 0.162272 -0.681480
vn 0.679375 0.091554 0.728057
vn 0.519581 -0.711292 -0.473391
vn 0.665369 -0.415570 -0.620150
vn -0.394315 0.422070 -0.816317
vn 0.752666 0.070154 -0.654655
vn 0.998551 -0.051460 -0.015760
vn 0.612940 -0.790111 0.005401
vn 0.281886 -0.379841 -0.881057
vn 0.988802 0.111823 0.098824
vn -0.620240 -0.618399 -0.482581
vn 0.779894 0.144007 -0.609120
vn 0.807549 -0.577650 0.119101
vn -0.993673 0.037082 0.106012
vn 0.205461 0.149919 -0.967114
vn 0.992050 0.046284 0.117023
vn -0.869082 -0.006478 0.494626
vn -0.040927 -0.566178 -0.823267
vn -0.053318 -0.534598 0.843423
vn -0.739543 -0.673032 0.010246
vn -0.022563 -0.415886 0.909137
vn 0.650222 -0.545877 0.528422
vn 0.329223 -0.406272 0.852382
vn 0.807549 -0.577650 0.119101
vn -0.832907 0.176835 0.524400
vn -0.454718 0.095864 0.885461
vn -0.349475 0.114906 -0.929873
vn 0.038728 0.035200 -0.998630
vn 0.508197 -0.659602 0.553769
vn -0.967831 0.239549 0.076938
vn 0.237389 0.205577 0.949413
vn 0.735266 -0.621620 0.270133
vn 0.941469 -0.245088 0.231448
vn 0.875985 -0.411914 -0.250953
vn -0.040927 -0.566178 -0.823267
vn -0.053318 -0.534598 0.843423
vn 0.687589 -0.060860 0.723545
vn -0.318023 0.105577 0.942186
vn 0.282409 0.020007 0.959086
vn 0.000000 -0.999809 -0.019538
vn 0.233043 0.019729 0.972266
vn 0.297878 -0.476961 0.826908
vn -0.000000 -0.892755 0.450543
vn 0.107381 -0.069040 0.991818
vn -0.329450 0.343385 -0.879517
vn -0.644500 0.451725 -0.616899
vn -0.928933 0.362353 -0.076055
vn -0.002801 0.038815 -0.999242
vn 0.603666 -0.708983 -0.364596
vn 0.354195 -0.401442 -0.844624
vn -0.733716 -0.414643 0.538267
vn 0.070127 -0.439515 -0.895494
vn 0.427562 -0.732000 -0.530441
vn 0.885668 -0.014054 -0.464107
vn 0.992050 0.046284 0.117023
vn 0.786233 0.045985 -0.616216
vn -0.982045 0.187552 0.020304
vn 0.050665 0.081625 -0.995375
vn -0.397099 -0.543592 -0.739473
vn 0.180340 -0.011127 -0.983541
vn -0.643155 -0.743486 -0.183251
vn -0.451164 -0.844973 -0.287177
vn -0.700595 0.018431 -0.713321
vn -0.679070 0.048458 -0.732472
vn -0.706180 -0.019589 -0.707761
vn -0.399605 -0.407361 0.821202
vn -0.624433 -0.353780 -0.696364
vn -0.620240 -0.618399 -0.482581
vn -0.717233 0.245690 0.652084
vn -0.870286 -0.367241 -0.328232
vn 0.508197 -0.659602 0.553769
vn 0.812701 0.166547 -0.558372
vn 0.667341 0.196069 0.718480
vn -0.010461 0.241576 0.970325
vn -0.689844 -0.713900 -0.120255
vn 0.517078 0.700861 0.491348
vn -0.689781 0.678542 0.252554
vn -0.971594 0.236498 -0.008517
vn -0.441249 0.782862 0.438665
vn 0.887274 0.330117 0.322130
vn -0.132122 0.420397 0.897669
vn 0.588341 0.327939 0.739128
vn 0.127639 0.016621 -0.991681
vn 0.532556 -0.090725 -0.841518
vn 0.226835 -0.487335 -0.843238
vn 0.609434 -0.344374 -0.714140
vn 0.776703 0.585680 0.231757
vn 0.337182 0.408682 -0.848108
vn 0.552170 -0.626512 0.550083
vn 0.674384 -0.682829 -0.280983
vn 0.797670 -0.462673 -0.386853
vn 0.080993 -0.996173 -0.032861
vn 0.934746 -0.331206 -0.128659
vn 0.634141 -0.679143 -0.369634
vn 0.634141 -0.679143 -0.369634
vn 0.895910 -0.096419 0.433647
vn 0.968629 -0.199824 0.147742
vn 0.365578 0.863975 0.346266
vn 0.069728 0.146944 -0.986684
vn -0.953543 -0.000543 -0.301257
vn -0.996636 0.081904 0.002935
vn -0.998153 0.039755 0.045940
vn -0.843804 0.200080 -0.497959
vn -0.820007 0.371156 -0.435697
vn -0.991243 0.120300 0.054447
vn 0.718884 -0.002584 0.695126
vn 0.000000 -0.949595 -0.313480
vn -0.845761 0.150044 -0.512031
vn -0.735702 0.153782 0.659616
vn -0.105696 0.482755 0.869354
vn -0.082501 0.197456 0.976834
vn -0.985868 0.097758 -0.136042
vn 0.717935 0.180156 0.672394
vn 0.603666 -0.708983 -0.364596
vn -0.410560 0.166472 0.896508
vn -0.832379 0.219545 0.508867
vn 0.000000 -0.705699 -0.708511
vn -0.343731 -0.686713 0.640527
vn -0.144595 0.027626 0.989105
vn 0.000000 -0.949595 -0.313480
vn -0.813042 -0.548275 -0.195848
vn -0.187321 -0.632158 -0.751855
vn -0.423193 0.867574 0.261194
vn -0.667642 0.305541 -0.678895
vn -0.854576 -0.403573 -0.326846
vn 0.563198 0.825851 -0.027895
vn 0.558463 0.724070 0.404774
vn 0.630581 -0.722308 0.283970
vn 0.374620 -0.919557 -0.118640
vn 0.367449 0.916993 0.155258
vn 0.185694 0.813597 -0.550979
vn -0.699832 -0.646314 -0.304162
vn -0.781499 0.586652 -0.212366
vn -0.487776 -0.793987 -0.362848
vn -0.786614 -0.553198 -0.274244
vn 0.266731 -0.707858 -0.654057
vn 0.308702 -0.471993 -0.825787
vn -0.823409 -0.559024 0.097417
vn 0.662881 -0.553704 -0.503985
vn 0.600927 -0.590166 -0.539065
vn -0.688727 -0.722615 0.059013
vn -0.272995 -0.877956 0.393277
vn 0.820554 0.385179 -0.422289
vn 0.249414 -0.795276 0.552566
vn 0.885161 0.262912 -0.383884
vn 0.266731 -0.707858 -0.654057
vn -0.289146 0.931131 -0.222237
vn -0.287101 0.911661 -0.294019
vn -0.482688 -0.752177 -0.448600
vn -0.684418 0.723080 -0.093417
vn 0.439027 -0.392104 -0.808400
vn 0.215052 -0.912660 -0.347569
vn 0.328151 0.746477 -0.578868
vn 0.148789 0.933910 0.325074
vn 0.805595 -0.478251 -0.349704
vn 0.645588 0.715491 0.266999
vn 0.812879 -0.469683 0.344421
vn -0.678316 0.702503 -0.215354
vn 0.842016 -0.399982 0.361972
vn 0.530982 -0.823883 -0.198179
vn 0.499697 0.397338 0.769692
vn 0.856893 0.233057 -0.459804
vn 0.441014 -0.652506 0.616233
vn 0.362050 -0.663686 0.654554
vn 0.889236 -0.298324 -0.346790
vn 0.645859 -0.369323 0.668182
vn 0.237251 -0.228919 -0.944091
vn -0.028662 -0.596559 0.802057
vn 0.856893 0.233057 -0.459804
vn 0.954712 0.282050 -0.094727
vn 0.909137 -0.392068 0.140544
vn 0.682233 -0.567555 -0.460912
vn -0.876411 0.315013 -0.364240
vn -0.291495 0.351117 -0.889802
vn -0.549802 0.188788 -0.813681
vn -0.218054 -0.249430 0.943524
vn -0.727838 0.535530 0.428321
vn -0.602581 -0.584203 -0.543694
vn 0.794888 -0.484310 -0.365510
vn 0.467654 -0.079028 -0.880372
vn -0.793804 0.555538 -0.247493
vn -0.473246 0.314831 0.822751
vn -0.065706 -0.043670 0.996883
vn -0.552024 0.323778 0.768399
vn -0.428720 -0.447522 -0.784808
vn -0.279536 0.134494 -0.950669
vn -0.291607 -0.776562 -0.558495
vn -0.127668 -0.415438 -0.900618
vn -0.938618 0.093106 0.332154
vn -0.811133 0.189195 0.553415
vn -0.895910 -0.096418 0.433647
vn -0.080993 -0.996173 -0.032857
vn -0.455666 0.171946 -0.873386
vn -0.716608 -0.266370 -0.644608
vn -0.957473 -0.285368 -0.042550
vn 0.909424 -0.403675 0.099973
vn -0.602581 -0.584203 -0.543694
vn 0.794888 -0.484310 -0.365510
vn -0.828585 0.448599 0.334972
vn -0.080993 -0.996173 -0.032857
vn -0.875662 0.428349 -0.223010
vn -0.954491 0.075609 -0.288495
vn -0.923274 0.110845 0.367801
vn 0.621713 -0.569714 0.537493
vn 0.679874 -0.728184 0.086711
vn 0.682233 -0.567555 -0.460912
vn -0.392365 0.111654 0.913007
vn -0.819976 0.418985 -0.389988
vn -0.736414 0.641941 0.213559
vn -0.356719 0.176030 -0.917477
vn 0.485277 -0.092862 -0.869415
vn -0.013844 -0.133909 -0.990897
vn 0.000000 -0.649155 -0.760657
vn -0.505890 0.258378 0.822992
vn 0.000000 -0.140564 -0.990071
vn -0.559777 -0.263103 0.785765
vn -0.673033 -0.086099 -0.734584
vn -0.900621 0.264022 -0.345216
vn -0.000000 -0.536592 -0.843842
vn -0.226835 -0.487335 -0.843238
vn -0.206544 -0.268890 -0.940764
vn 0.000000 -0.437257 0.899336
vn -0.642891 0.173713 0.745999
vn -0.945797 0.269869 -0.180663
vn -0.532557 -0.090725 -0.841518
vn -0.781094 0.566830 -0.261910
vn -0.600982 0.070157 -0.796177
vn 0.889236 -0.298324 -0.346790
vn 0.954712 0.282050 -0.094727
vn -0.972815 0.049304 0.226276
vn -0.532557 -0.090725 -0.841518
vn -0.609435 -0.344374 -0.714140
vn 0.000000 -0.392625 0.919699
vn -0.118563 -0.293861 0.948466
vn -0.178585 0.383947 -0.905920
vn -0.622792 -0.370621 0.689036
vn -0.686103 0.179291 0.705066
vn -0.337182 0.408682 -0.848108
vn -0.608243 0.419795 -0.673656
vn 0.913795 -0.370036 0.167488
vn -0.466836 0.724985 -0.506419
vn -0.601316 0.730242 0.324293
vn 0.824545 0.553384 0.117861
vn -0.722879 -0.583917 0.369441
vn -0.283145 -0.017391 -0.958919
vn -0.172417 -0.699530 -0.693491
vn -0.299972 -0.534356 0.790241
vn -0.913421 0.205478 0.351341
vn 0.580041 0.026937 -0.814142
vn -0.772382 -0.205098 0.601132
vn -0.677811 0.211026 0.704301
vn -0.244292 0.793426 -0.557491
vn -0.080993 -0.996173 -0.032857
vn 0.797945 0.553663 -0.238203
vn -0.284517 -0.253737 0.924482
vn -0.686103 0.179291 0.705066
vn -0.172417 -0.699530 -0.693491
vn 0.098343 0.195780 -0.975704
vn -0.703651 -0.223970 0.674324
vn -0.294571 0.426155 -0.855348
vn -0.619977 -0.152712 0.769615
vn -0.782744 0.466787 0.411608
vn -0.562460 0.826549 -0.021340
vn -0.602581 -0.584203 -0.543694
vn -0.004098 0.866430 -0.499281
vn -0.026828 -0.231002 0.972583
vn 0.098343 0.195780 -0.975704
vn -0.900968 -0.004525 -0.433862
vn -0.552171 -0.626512 0.550082
vn -0.206544 -0.268890 -0.940764
vn -0.887393 0.220845 0.404674
vn -0.802211 0.582912 -0.129118
vn -0.268215 0.960422 -0.075164
vn 0.008594 0.637019 0.770800
vn 0.512656 0.393642 0.763040
vn -0.365577 0.863975 0.346267
vn -0.596492 0.532113 0.600876
vn -0.355742 0.630113 0.690221
vn -0.942321 0.281996 -0.180305
vn -0.465556 -0.374469 0.801892
vn -0.837422 -0.087110 0.539570
vn -0.220725 -0.502436 0.835966
vn -0.466758 -0.842640 -0.268503
vn 0.722691 -0.617400 -0.310702
vn -0.939976 0.005455 0.341196
vn -0.993288 0.049490 0.104547
vn -0.575722 -0.313553 0.755135
vn -0.931271 -0.119206 0.344274
vn -0.115444 -0.096269 0.988638
vn 0.600745 -0.797447 -0.056430
vn 0.718117 0.590108 0.368890
vn 0.984816 -0.173599 -0.000676
vn 0.755055 -0.406300 -0.514600
vn 0.845379 -0.476490 0.241436
vn 0.996845 -0.065141 0.045358
vn 0.728356 -0.312830 -0.609619
vn 0.466334 0.880066 0.089534
vn -0.691971 0.306363 -0.653695
vn -0.837950 0.383481 0.388308
vn -0.395220 -0.917565 0.043317
vn -0.405386 -0.106475 -0.907924
vn -0.405386 -0.106475 -0.907924
vn -0.950853 -0.212906 0.224831
vn -0.395220 -0.917565 0.043317
vn 0.717432 -0.601639 -0.351171
vn -0.996664 -0.065188 -0.049097
vn -0.201995 0.020964 -0.979162
vn -0.466758 -0.842640 -0.268503
vn -0.201995 0.020964 -0.979162
vn -0.977651 -0.058842 -0.201834
vn 0.568379 -0.820793 -0.056955
vn -0.987836 -0.119309 0.099725
vn 0.590669 -0.779679 -0.207870
vn 0.732597 -0.665236 0.144094
vn -0.956537 0.117089 0.267073
vn -0.997782 0.031588 0.058592
vn -0.980063 0.066638 -0.187177
vn -0.992785 0.052425 -0.107840
vn -0.891676 0.142930 -0.429518
vn 0.395511 0.366862 -0.842011
vn -0.397642 -0.320450 0.859763
vn -0.817677 0.121882 -0.562628
vn 0.053998 0.225799 -0.972676
vn 0.924074 0.118388 -0.363416
vn 0.912077 -0.062119 -0.405285
vn -0.047258 0.137372 -0.989391
vn -0.047258 0.137372 -0.989391
vn -0.397642 -0.320450 0.859763
vn -0.470831 -0.426856 0.772083
vn -0.086500 -0.487968 0.868565
vn -0.991355 -0.117112 0.059168
vn 0.352216 0.223504 -0.908840
vn -0.529138 0.326203 -0.783329
vn -0.544768 0.308526 -0.779769
vn -0.086500 -0.487968 0.868565
vn -0.948156 0.102449 -0.300839
vn 0.053998 0.225799 -0.972676
vn -0.474266 -0.182988 -0.861155
vn -0.917898 -0.373321 -0.134516
vn -0.756762 -0.650891 0.060435
vn -0.470831 -0.426856 0.772083
vn -0.140139 0.046479 -0.989040
vn -0.984184 -0.052712 -0.169125
vn 0.721755 -0.690264 -0.051035
vn 0.639887 -0.160564 -0.751508
vn 0.332914 -0.442134 -0.832878
vn 0.548333 -0.655137 -0.519736
vn -0.284936 -0.225569 0.931628
vn 0.961034 0.258502 0.097932
vn -0.157451 -0.282932 0.946128
vn -0.101480 -0.284795 0.953202
vn 0.750702 -0.095130 0.653756
vn -0.957910 -0.163128 0.236217
vn 0.883381 0.214937 -0.416461
vn 0.776238 -0.255192 0.576482
vn 0.580772 -0.372189 0.724002
vn 0.981273 -0.076235 -0.176891
vn 0.352216 0.223504 -0.908840
vn 0.629079 -0.770898 0.099881
vn 0.395511 0.366862 -0.842011
vn 0.782057 -0.429371 -0.451693
vn 0.183077 0.186935 -0.965162
vn -0.105757 0.348522 -0.931315
vn 0.129424 0.321068 -0.938171
vn 0.748913 -0.655482 -0.097333
vn 0.689434 -0.439602 0.575701
vn 0.957134 -0.164855 0.238156
vn -0.747207 0.108362 -0.655697
vn 0.746110 0.007335 0.665782
vn 0.129424 0.321068 -0.938171
vn -0.424046 0.346049 -0.836920
vn 0.183077 0.186935 -0.965162
vn 0.722775 -0.345070 -0.598768
vn -0.101480 -0.284795 0.953202
vn -0.889269 -0.294008 0.350372
vn -0.823388 -0.000302 -0.567478
vn -0.284936 -0.225569 0.931628
vn 0.066489 -0.483490 0.872821
vn 0.621535 -0.736461 0.267058
vn 0.723545 -0.031068 -0.689578
vn -0.541133 -0.470984 0.696670
vn 0.615795 -0.734082 -0.286215
vn -0.022557 -0.997150 -0.071988
vn 0.798357 -0.575981 -0.175703
vn 0.700524 -0.698639 -0.145496
vn 0.374378 0.506873 0.776480
vn 0.380626 0.326504 0.865170
vn 0.788444 -0.365112 -0.495025
vn 0.929329 0.189121 0.317146
vn 0.715517 -0.681002 -0.155794
vn 0.783457 -0.616110 -0.081257
vn 0.772597 -0.582307 -0.253007
vn 0.300232 0.760399 0.575895
vn -0.270922 0.412304 0.869832
vn 0.929329 0.189121 0.317146
vn 0.961034 0.258502 0.097932
vn -0.157451 -0.282932 0.946128
vn 0.849461 -0.527260 -0.020323
vn 0.967330 0.035140 0.251072
vn 0.967330 0.035140 0.251072
vn -0.480271 0.500915 0.720016
vn 0.401890 0.000757 0.915688
vn 0.475083 0.565762 0.673950
vn 0.957134 -0.164855 0.238156
vn -0.901617 -0.120210 0.415496
vn 0.689434 -0.439602 0.575701
vn 0.759950 -0.536710 -0.366631
vn -0.967010 -0.142673 -0.211036
vn -0.722555 -0.214780 0.657103
vn -0.735187 -0.015735 0.677682
vn 0.171220 -0.124460 0.977340
vn -0.536579 -0.031954 0.843245
vn 0.146008 0.030967 0.988799
vn -0.747515 0.036869 0.663221
vn 0.171220 -0.124460 0.977340
vn 0.653458 -0.454172 -0.605574
vn 0.015504 0.015435 0.999761
vn -0.295646 0.182348 0.937733
vn -0.000001 0.566007 0.824400
vn -0.079558 0.464834 0.881816
vn -0.180986 -0.543364 0.819756
vn 0.054775 -0.614652 -0.786894
vn -0.079558 0.464834 0.881816
vn 0.805595 -0.478251 -0.349704
vn 0.439027 -0.392104 -0.808400
vn 0.054775 -0.614652 -0.786894
vn 0.835658 -0.428872 0.343138
vn 0.858547 0.051399 0.510152
vn 0.089601 -0.002039 0.995976
vn 0.391502 0.088672 0.915895
vn 0.598419 -0.704163 -0.382163
vn 0.146008 0.030967 0.988799
vn 0.934416 0.202629 0.292931
vn 0.089601 -0.002039 0.995976
vn -0.019497 -0.997559 -0.067054
vn -0.213263 -0.961990 -0.170569
vn 0.793411 -0.605283 -0.064282
vn 0.391502 0.088672 0.915895
vn -0.014241 -0.999269 -0.035476
vn -0.705644 -0.704742 -0.073521
vn 0.954367 0.150351 0.258029
vn 0.565404 0.064724 -0.822270
vn -0.699832 -0.646314 -0.304162
vn -0.171541 -0.901854 -0.396525
vn -0.002259 -0.384316 -0.923199
vn 0.490742 -0.855771 0.163791
vn -0.168961 -0.981131 0.093987
vn -0.001642 -0.999907 -0.013522
vn -0.854576 -0.403573 -0.326846
vn 0.842016 -0.399982 0.361972
vn -0.482688 -0.752177 -0.448600
vn -0.688727 -0.722615 0.059013
vn -0.012505 -0.718104 0.695823
vn -0.168961 -0.981131 0.093987
vn -0.575609 -0.780340 0.244425
vn -0.779912 -0.216598 -0.587217
vn -0.830286 -0.446474 0.333596
vn 0.000377 -1.000000 -0.000607
vn 0.539738 -0.840985 -0.037772
vn 0.731170 -0.552953 -0.399541
vn -0.215903 -0.969663 -0.114625
vn 0.812879 -0.469683 0.344421
vn -0.012505 -0.718104 0.695823
vn 0.013689 -0.973741 0.227249
vn -0.744557 -0.394342 0.538637
vn 0.699036 -0.707945 0.100810
vn 0.599761 -0.800153 0.006473
vn 0.891583 -0.409970 -0.192365
vn 0.706250 -0.707518 0.025100
vn 0.532001 -0.642452 -0.551570
vn -0.050554 -0.415715 0.908089
vn -0.050554 -0.415715 0.908089
vn 0.822499 -0.208931 0.529002
vn 0.909641 -0.188469 -0.370179
vn 0.705085 -0.707758 0.043975
vn -0.000013 -1.000000 -0.000000
vn 0.000029 -1.000000 -0.000000
vn -0.702858 -0.707869 0.070087
vn -0.638556 -0.769074 -0.027753
vn 0.532001 -0.642452 -0.551570
vn -0.227708 -0.572400 -0.787723
vn 0.387050 0.027311 -0.921654
vn 0.259608 -0.957876 -0.122788
vn -0.355013 -0.930329 -0.091949
vn 0.215052 -0.912660 -0.347569
vn -0.655847 -0.500723 -0.564926
vn -0.002259 -0.384316 -0.923199
vn -0.340811 0.246694 0.907188
vn -0.140139 0.046479 -0.989040
vn 0.013689 -0.973741 0.227249
vn 0.141641 -0.195888 0.970343
vn -0.724602 0.194486 -0.661156
vn -0.105757 0.348522 -0.931315
vn 0.401416 -0.686262 -0.606556
vn -0.171541 -0.901854 -0.396525
vn -0.854576 -0.403573 -0.326846
vn 0.000002 -0.277011 0.960867
vn 0.842016 -0.399982 0.361972
vn 0.595037 0.114852 0.795450
vn -0.697396 -0.707512 0.114302
vn -0.180933 -0.673289 -0.716899
vn 0.439027 -0.392104 -0.808400
vn -0.961153 -0.252126 -0.112323
vn 0.249414 -0.795276 0.552566
vn 0.266731 -0.707858 -0.654057
vn -0.596778 -0.802228 -0.016902
vn 0.630581 -0.722308 0.283970
vn -0.561559 0.050040 0.825922
vn -0.968612 0.182783 0.168470
vn -0.376633 0.552841 0.743313
vn 0.374620 -0.919557 -0.118640
vn 0.387050 0.027311 -0.921654
vn 0.028483 0.058726 -0.997868
vn 0.095780 -0.105689 0.989776
vn -0.608823 0.439175 -0.660650
vn -0.008409 -0.180529 0.983534
vn -0.974867 0.222745 0.004363
vn 0.838633 -0.066753 -0.540591
vn 0.028483 0.058726 -0.997868
vn -0.004886 -0.999988 0.000139
vn -0.706386 -0.707672 0.014816
vn -0.004143 -0.999953 0.008768
vn 0.000015 -1.000000 -0.000000
vn -0.667701 -0.580853 -0.465602
vn -0.487776 -0.793987 -0.362848
vn -0.706003 -0.707557 0.030378
vn -0.709682 -0.619627 -0.335282
vn -0.011436 -0.998897 -0.045531
vn 0.259608 -0.957876 -0.122788
vn 0.798305 -0.534372 0.277768
vn -0.939710 0.223241 -0.259053
vn -0.272995 -0.877956 0.393277
vn -0.694841 -0.448310 0.562329
vn 0.202523 -0.554506 0.807160
vn 0.202523 -0.554506 0.807160
vn 0.760969 0.049430 -0.646902
vn -0.829443 -0.042567 0.556966
vn -0.388016 -0.105596 -0.915584
vn -0.843235 -0.258737 -0.471180
vn -0.443226 0.159069 0.882183
vn -0.070965 -0.367013 -0.927505
vn 0.475564 -0.629899 -0.614058
vn -0.627265 -0.535755 -0.565248
vn 0.203191 -0.898044 0.390167
vn -0.541133 -0.470984 0.696670
vn 0.897687 0.036664 0.439106
vn 0.747920 -0.023121 -0.663386
vn 0.810077 0.001679 -0.586320
vn -0.190306 -0.344631 0.919246
vn 0.457757 -0.888068 -0.042358
vn 0.493934 -0.575406 0.651873
vn -0.231557 -0.935863 -0.265596
vn -0.392597 0.038826 0.918891
vn -0.350736 -0.310157 0.883621
vn 0.410891 -0.782829 0.467276
vn 0.577445 -0.374260 0.725594
vn 0.296547 -0.879254 -0.372790
vn -0.637749 -0.499121 -0.586646
vn 0.521515 -0.345361 0.780223
vn 0.488052 -0.608056 0.626158
vn 0.241840 -0.197717 -0.949959
vn 0.241840 -0.197717 -0.949959
vn -0.231557 -0.935863 -0.265596
vn 0.562815 -0.755076 -0.336303
vn 0.329311 -0.916342 -0.227753
vn 0.160406 -0.985396 -0.057140
vn 0.170647 -0.496727 -0.850965
vn -0.125041 -0.352984 -0.927236
vn 0.780407 0.069078 0.621444
vn -0.938188 -0.345475 0.021231
vn -0.964719 0.182589 0.189681
vn 0.966592 0.255295 0.022895
vn 0.673092 -0.121372 0.729531
vn 0.466198 -0.103714 0.878580
vn 0.926151 0.281636 -0.250850
vn 0.384319 0.394614 -0.834613
vn -0.876187 0.340753 0.340858
vn 0.042671 0.991217 0.125171
vn -0.137724 0.501727 0.853992
vn -0.527408 0.037350 -0.848791
vn -0.831676 -0.499831 -0.241835
vn -0.721797 -0.454689 -0.521791
vn 0.706531 0.237565 0.666616
vn -0.856755 -0.260706 0.444975
vn -0.170457 -0.602334 0.779832
vn -0.977908 0.068699 -0.197422
vn -0.229531 0.064413 -0.971168
vn -0.086308 0.077721 -0.993232
vn -0.229531 0.064413 -0.971168
vn -0.011979 -0.776738 0.629709
vn -0.011979 -0.776738 0.629709
vn 0.234044 0.234119 -0.943616
vn 0.384319 0.394614 -0.834613
vn 0.234044 0.234119 -0.943616
vn 0.522624 -0.823115 0.222139
vn -0.747117 -0.600188 0.285641
vn 0.157680 0.002580 0.987487
vn -0.607190 -0.369702 -0.703307
vn -0.905269 -0.158295 -0.394248
vn -0.808186 -0.059106 -0.585954
vn 0.713477 0.049153 -0.698953
vn 0.924800 0.012702 0.380243
vn 0.716379 -0.190621 0.671167
vn 0.991488 -0.129867 -0.009323
vn 0.928754 -0.343823 0.138569
vn -0.054704 -0.964727 0.257505
vn -0.881212 0.009779 -0.472619
vn -0.697529 -0.245519 0.673182
vn -0.322787 -0.154973 0.933698
vn -0.115930 -0.049072 -0.992044
vn -0.115930 -0.049072 -0.992044
vn -0.939717 -0.055924 -0.337349
vn 0.660626 -0.684864 0.307463
vn 0.760600 -0.506470 0.406171
vn 0.964909 -0.071693 0.252608
vn -0.485914 0.857093 -0.171113
vn -0.388016 -0.105596 -0.915584
vn 0.542694 0.839652 -0.021598
vn 0.329311 -0.916342 -0.227753
vn -0.117836 -0.965128 0.233757
vn -0.826898 -0.560721 0.042791
vn -0.612861 -0.352036 0.707441
vn 0.330728 0.059445 -0.941852
vn -0.020950 0.352705 -0.935500
vn -0.321947 -0.233757 -0.917446
vn -0.180986 -0.543364 0.819756
vn 0.061841 -0.795789 -0.602409
vn 0.493934 -0.575406 0.651873
vn -0.518998 -0.417873 -0.745669
vn 0.773645 -0.633565 0.008347
vn 0.626255 -0.522556 0.578567
vn 0.042600 -0.765844 0.641614
vn 0.542694 0.839652 -0.021598
vn 0.042671 0.991217 0.125171
vn -0.485914 0.857093 -0.171113
vn 0.061841 -0.795789 -0.602409
vn 0.203191 -0.898044 0.390167
vn 0.350737 -0.310158 0.883621
vn -0.134616 0.045741 -0.989841
vn -0.070965 -0.367013 -0.927505
vn 0.702365 -0.693189 0.161779
vn -0.606652 -0.700347 0.376149
vn -0.086018 -0.934277 -0.346016
vn -0.923917 -0.324518 -0.202647
vn -0.192905 0.495490 -0.846922
vn 0.776746 0.353035 -0.521567
vn 0.776746 0.353035 -0.521567
vn -0.086018 -0.934277 -0.346016
vn 0.653458 -0.454172 -0.605574
vn 0.930603 0.142400 0.337193
vn 0.906497 -0.400264 0.134357
vn -0.134616 0.045741 -0.989841
vn -0.518998 -0.417873 -0.745669
vn -0.192905 0.495490 -0.846922
vn 0.877647 -0.446354 -0.174656
vn 0.548028 -0.829104 -0.110683
vn -0.651451 -0.624599 0.430683
vn 0.123364 -0.852845 0.507383
vn 0.170647 -0.496727 -0.850965
vn 0.182272 -0.919813 -0.347449
vn 0.123364 -0.852845 0.507383
vn -0.651451 -0.624599 0.430683
vn 0.410891 -0.782829 0.467276
vn 0.619139 -0.638708 0.456858
vn 0.507456 -0.618313 -0.600148
vn 0.619139 -0.638708 0.456858
vn 0.562815 -0.755076 -0.336303
vn 0.119140 -0.567846 -0.814467
vn 0.689963 -0.718938 0.084139
vn 0.773645 -0.633565 0.008347
vn 0.566962 -0.253616 0.783730
vn 0.365923 -0.868339 0.334794
vn -0.767698 0.070399 -0.636934
vn -0.972163 -0.168611 0.162695
vn -0.972163 -0.168611 0.162695
vn 0.457757 -0.888068 -0.042358
vn 0.141641 -0.195888 0.970343
vn 0.095780 -0.105689 0.989776
vn 0.765199 0.228939 -0.601711
vn 0.858146 -0.194262 0.475234
vn -0.086308 0.077721 -0.993232
vn -0.857533 -0.160014 0.488911
vn 0.066489 -0.483490 0.872821
vn -0.486945 0.234242 0.841436
vn 0.000144 -1.000000 -0.000530
vn -0.008409 -0.180529 0.983534
vn -0.820121 0.331611 0.466299
vn -0.891262 0.270383 -0.364067
vn 0.812879 -0.469683 0.344421
vn 0.522624 -0.823115 0.222139
vn 0.132465 -0.144005 0.980671
vn 0.028564 -0.998208 -0.052582
vn 0.530982 -0.823883 -0.198179
vn 0.132465 -0.144005 0.980671
vn -0.622266 0.065854 0.780031
vn -0.888390 0.306439 0.341844
vn 0.254336 0.133470 0.957862
vn 0.696864 -0.706079 -0.125831
vn -0.802317 -0.259993 0.537300
vn 0.775919 0.125783 -0.618166
vn 0.696864 -0.706079 -0.125831
vn -0.628620 -0.712536 -0.311655
vn 0.837080 0.130534 0.531280
vn 0.945688 -0.306612 -0.107999
vn 0.846141 0.488927 0.212123
vn -0.615003 -0.750534 -0.241805
vn -0.851238 -0.445898 -0.276710
vn -0.983387 -0.130559 -0.126111
vn -0.652195 -0.041649 -0.756907
vn -0.983807 -0.100279 -0.148554
vn -0.272977 -0.948638 -0.159902
vn -0.324744 -0.945529 0.022736
vn -0.177536 0.800093 -0.573003
vn -0.752091 0.417972 -0.509566
vn 0.199834 0.157939 -0.967017
vn -0.989153 -0.047494 0.138996
vn 0.004823 -0.191307 -0.981518
vn -0.893605 0.440702 -0.085158
vn 0.122180 -0.195429 -0.973077
vn 0.334521 0.465582 -0.819347
vn -0.458936 0.406905 -0.789814
vn -0.443321 -0.281493 -0.851016
vn 0.649766 -0.698132 -0.300693
vn 0.851238 -0.445897 -0.276714
vn 0.242441 0.511236 0.824536
vn 0.640203 -0.659024 -0.394751
vn 0.155962 0.167748 -0.973415
vn -0.056930 -0.052853 -0.996978
vn -0.001716 0.464795 -0.885417
vn -0.481945 0.522170 -0.703610
vn 0.415714 -0.079489 -0.906015
vn -0.300897 0.339732 -0.891091
vn 0.044658 0.395544 -0.917361
vn -0.902655 -0.053183 -0.427066
vn 0.329939 -0.883956 -0.331304
vn -0.487514 -0.757620 0.433984
vn -0.748973 0.660070 0.057849
vn -0.473191 -0.692277 -0.544833
vn -0.978265 -0.021957 -0.206193
vn -0.892810 0.126750 -0.432232
vn -0.649766 -0.698132 -0.300692
vn -0.346147 -0.832613 0.432364
vn -0.936311 0.025129 0.350270
vn 0.791111 0.551515 -0.264527
vn 0.227346 -0.717777 0.658111
vn -0.382465 -0.055188 0.922320
vn 0.672568 -0.739418 0.030218
vn 0.473191 -0.692275 -0.544835
vn 0.615002 -0.750535 -0.241805
vn 0.098780 0.989304 0.107331
vn 0.881411 -0.090616 0.463576
vn -0.755203 -0.485605 -0.440292
vn -0.118248 -0.910015 -0.397354
vn -0.446481 -0.890331 -0.089252
vn 0.537214 0.236078 -0.809734
vn 0.499266 0.078421 -0.862893
vn -0.410352 0.265811 -0.872328
vn -0.361860 -0.266048 -0.893463
vn -0.284788 -0.149307 -0.946891
vn -0.348471 0.475494 -0.807759
vn 0.154057 -0.078353 -0.984950
vn -0.421684 0.110719 -0.899957
vn -0.386367 0.335163 -0.859294
vn -0.567104 0.221948 -0.793178
vn -0.408342 0.806494 -0.427579
vn -0.269081 0.255899 -0.928499
vn -0.511272 0.682996 -0.521649
vn -0.496941 0.827950 -0.259899
vn -0.473180 0.324661 -0.818960
vn -0.326669 0.183965 -0.927062
vn -0.377588 0.766466 -0.519574
vn -0.780618 -0.244249 0.575307
vn 0.282950 -0.029843 0.958670
vn -0.389298 -0.695758 0.603629
vn -0.481093 0.549665 0.682948
vn 0.579751 -0.436964 -0.687715
vn -0.180933 -0.673289 -0.716899
vn -0.706003 -0.707557 0.030378
vn 0.972019 -0.103574 -0.210833
vn -0.962924 -0.022393 0.268843
vn -0.882829 0.444603 -0.151462
vn -0.702858 -0.707869 0.070087
vn -0.491508 0.625173 -0.606283
vn -0.765811 0.361762 0.531659
vn -0.536006 0.793577 0.287982
vn 0.452336 0.394513 0.799845
vn -0.171400 -0.365375 0.914944
vn -0.729992 -0.062288 0.680611
vn -0.265213 0.179529 0.947328
vn -0.203047 0.090191 0.975006
vn -0.000632 -0.662986 0.748631
vn -0.646993 0.587880 -0.485590
vn -0.953855 0.225880 -0.197837
vn 0.530168 -0.638178 0.558257
vn -0.941219 0.200048 0.272191
vn -0.343729 0.798141 -0.494794
vn -0.197134 0.210133 0.957592
vn -0.726950 0.671934 -0.141592
vn -0.592446 0.665955 -0.453334
vn 0.050532 0.345716 0.936978
vn -0.722277 0.662844 0.197367
vn -0.613418 0.370695 -0.697355
vn -0.962924 -0.022393 0.268843
vn -0.694841 -0.448310 0.562329
vn 0.972019 -0.103574 -0.210833
vn 0.706250 -0.707518 0.025100
vn -0.596778 -0.802228 -0.016902
vn -0.961153 -0.252126 -0.112323
vn 0.805595 -0.478251 -0.349704
vn 0.891583 -0.409970 -0.192365
vn 0.699036 -0.707945 0.100810
vn -0.706386 -0.707672 0.014816
vn -0.697396 -0.707512 0.114302
vn -0.961153 -0.252126 -0.112323
vn -0.570401 0.743728 0.348584
vn -0.620528 0.780176 0.079186
vn 0.539738 -0.840985 -0.037772
vn 0.705085 -0.707758 0.043975
vn -0.709682 -0.619627 -0.335282
vn 0.891583 -0.409970 -0.192365
vn 0.793411 -0.605283 -0.064282
vn 0.599761 -0.800153 0.006473
vn -0.529626 0.842794 -0.095887
vn -0.765427 0.215905 -0.606222
vn -0.771271 0.253517 0.583841
vn -0.319848 -0.876815 0.359017
vn -0.776351 0.583171 0.239147
vn -0.613971 0.726602 0.308366
vn -0.004231 -0.917661 0.397342
vn -0.700372 0.149155 0.698020
vn 0.190688 0.180790 0.964859
vn -0.508373 0.331004 0.794980
vn -0.486746 -0.320396 0.812665
vn -0.715167 0.417292 0.560717
vn -0.322101 -0.162332 0.932684
vn -0.643264 0.423667 0.637744
vn 0.459855 -0.162239 0.873048
vn -0.641513 -0.317264 0.698430
vn -0.038730 -0.033994 0.998671
vn -0.469864 0.147563 0.870318
vn 0.447976 0.416226 0.791248
vn -0.929042 -0.308183 0.204706
vn 0.700524 -0.698639 -0.145496
vn 0.700524 -0.698639 -0.145496
vn -0.783290 -0.574734 0.236931
vn 0.510977 0.016739 0.859431
vn 0.972163 -0.168615 0.162691
vn -0.123365 -0.852845 0.507382
vn -0.514357 -0.379592 -0.768991
vn -0.336415 -0.122336 0.933734
vn -0.898440 -0.435299 0.057622
vn -0.783290 -0.574734 0.236931
vn -0.877647 -0.446354 -0.174656
vn -0.241840 -0.197718 -0.949958
vn -0.123365 -0.852845 0.507382
vn 0.651448 -0.624603 0.430681
vn 0.972163 -0.168615 0.162691
vn 0.392595 0.038826 0.918891
vn 0.637752 -0.499119 -0.586645
vn -0.521515 -0.345361 0.780223
vn 0.767697 0.070398 -0.636934
vn 0.651448 -0.624603 0.430681
vn -0.170645 -0.496727 -0.850966
vn -0.548028 -0.829104 -0.110684
vn -0.241840 -0.197718 -0.949958
vn -0.611429 -0.122953 0.781689
vn -0.601083 0.201981 0.773242
vn -0.337518 -0.194718 0.920960
vn -0.648753 0.017284 0.760803
vn -0.749110 -0.168705 0.640604
vn -0.694770 -0.167607 0.699430
vn 0.028883 0.128767 0.991254
vn -0.643838 -0.124197 0.755015
vn -0.349694 0.647034 0.677541
vn -0.552106 0.312165 0.773132
vn -0.214666 -0.195665 0.956888
vn -0.182272 -0.919813 -0.347450
vn -0.963820 -0.261507 0.051622
vn 0.283154 -0.560076 0.778549
vn 0.518237 -0.588853 0.620228
vn 0.131574 0.014132 0.991206
vn 0.332914 -0.442134 -0.832878
vn 0.024758 -0.154344 0.987707
vn 0.789762 -0.603053 -0.112258
vn -0.724602 0.194486 -0.661156
vn 0.319354 -0.744704 0.586028
vn -0.797073 0.366703 0.479796
vn -0.356879 0.847937 0.391969
vn -0.119514 -0.007743 0.992802
vn -0.231663 0.456506 0.859031
vn -0.378711 0.447672 0.810042
vn -0.170645 -0.496727 -0.850966
vn 0.628619 -0.712537 -0.311655
vn -0.310997 -0.280511 0.908072
vn -0.168842 0.224798 0.959666
vn -0.757125 0.233796 0.610001
vn -0.460937 0.766246 0.447665
vn -0.951725 0.285343 0.113129
vn 0.789762 -0.603053 -0.112258
vn 0.674929 -0.378736 0.633270
vn -0.711317 0.334003 0.618442
vn -0.246792 0.043052 0.968112
vn -0.264475 0.233247 0.935761
vn -0.313925 0.510421 0.800576
vn -0.049042 0.744153 0.666207
vn 0.350737 -0.310158 0.883621
vn 0.231559 -0.935863 -0.265596
vn -0.636898 0.513725 0.574846
vn 0.231559 -0.935863 -0.265596
vn -0.488052 -0.608055 0.626158
vn -0.374027 -0.124428 -0.919033
vn 0.225257 -0.484398 -0.845351
vn -0.823519 0.216994 -0.524146
vn 0.642772 -0.445053 0.623516
vn 0.392595 0.038826 0.918891
vn -0.274281 0.065003 0.959450
vn -0.852305 0.288070 0.436568
vn 0.542634 -0.252341 -0.801169
vn -0.898440 -0.435299 0.057622
vn -0.533770 0.240259 0.810781
vn 0.309272 0.539020 0.783459
vn 0.689434 -0.439602 0.575701
vn 0.401890 0.000757 0.915688
vn -0.340811 0.246694 0.907188
vn 0.466221 -0.532586 -0.706393
vn 0.538060 -0.303105 -0.786523
vn 0.977054 0.188264 0.099610
vn -0.507427 0.354210 0.785527
vn 0.981813 0.187306 0.030985
vn -0.397850 -0.670070 -0.626676
vn -0.140139 0.046479 -0.989040
vn 0.998675 0.049003 -0.015688
vn -0.963820 -0.261507 0.051622
vn 0.981813 0.187306 0.030985
vn 0.977054 0.188264 0.099610
vn -0.484340 -0.576407 -0.658156
vn -0.929042 -0.308183 0.204706
vn 0.998675 0.049003 -0.015688
vn -0.533246 -0.036062 0.845191
vn 0.445950 0.301571 0.842724
vn -0.126688 0.254653 -0.958698
vn 0.250560 -0.205513 0.946036
vn -0.401886 0.015320 -0.915561
vn -0.783049 0.313523 -0.537157
vn -0.635152 0.584468 -0.504954
vn -0.695968 0.649932 0.305314
vn -0.863568 0.370470 0.342054
vn -0.103333 0.421804 0.900780
vn -0.143992 0.115402 0.982827
vn 0.371704 -0.089057 0.924070
vn 0.398138 -0.064309 0.915068
vn 0.902494 -0.407094 -0.140636
vn 0.722380 -0.247862 0.645547
vn 0.902494 -0.407094 -0.140636
vn 0.601011 0.306619 -0.738086
vn 0.346192 -0.309846 -0.885521
vn -0.410288 0.695357 -0.590037
vn 0.002610 0.789591 -0.613627
vn -0.780468 0.625173 0.005407
vn 0.423363 -0.823624 -0.377368
vn -0.259175 0.330246 -0.907615
vn -0.240066 -0.588528 -0.772013
vn -0.013690 -0.973741 0.227249
vn 0.915644 0.191964 0.353193
vn -0.747805 0.186719 0.637122
vn -0.182116 -0.852402 -0.490148
vn 0.722554 -0.214781 0.657103
vn -0.433692 -0.881071 0.188747
vn 0.735186 -0.015735 0.677683
vn -0.065054 -0.984333 0.163882
vn -0.252463 -0.963569 0.088305
vn -0.171221 -0.124461 0.977340
vn -0.565403 0.064724 -0.822271
vn 0.747515 0.036868 0.663221
vn 0.536578 -0.031954 0.843245
vn -0.835658 -0.428873 0.343138
vn -0.747921 -0.023120 -0.663385
vn 0.967010 -0.142675 -0.211036
vn 0.939718 -0.055923 -0.337348
vn 0.115929 -0.049073 -0.992045
vn 0.829443 -0.042567 0.556967
vn -0.089600 -0.002039 0.995976
vn -0.934415 0.202629 0.292932
vn -0.810079 0.001682 -0.586319
vn 0.115929 -0.049073 -0.992045
vn 0.388014 -0.105596 -0.915584
vn -0.089600 -0.002039 0.995976
vn 0.697531 -0.245520 0.673180
vn 0.388014 -0.105596 -0.915584
vn -0.391502 0.088672 0.915895
vn -0.391502 0.088672 0.915895
vn -0.954365 0.150355 0.258032
vn -0.722774 -0.345070 -0.598769
vn 0.905268 -0.158295 -0.394249
vn 0.541134 -0.470983 0.696670
vn -0.721755 -0.690265 -0.051035
vn -0.723544 -0.031068 -0.689578
vn 0.022557 -0.997150 -0.071989
vn -0.066489 -0.483490 0.872821
vn -0.615796 -0.734082 -0.286215
vn -0.129424 0.321068 -0.938171
vn -0.621535 -0.736461 0.267058
vn -0.129424 0.321068 -0.938171
vn -0.748913 -0.655481 -0.097333
vn -0.849461 -0.527260 -0.020324
vn -0.772597 -0.582307 -0.253006
vn -0.798358 -0.575980 -0.175701
vn -0.957133 -0.164855 0.238158
vn -0.300232 0.760399 0.575894
vn -0.759950 -0.536710 -0.366631
vn 0.270923 0.412303 0.869832
vn -0.715518 -0.681002 -0.155793
vn -0.475084 0.565762 0.673950
vn -0.183076 0.186935 -0.965162
vn -0.548333 -0.655137 -0.519736
vn 0.140139 0.046479 -0.989040
vn 0.105757 0.348521 -0.931315
vn -0.352216 0.223504 -0.908840
vn -0.352216 0.223504 -0.908840
vn -0.183076 0.186935 -0.965162
vn -0.580773 -0.372190 0.724001
vn 0.424046 0.346050 -0.836920
vn -0.629080 -0.770897 0.099881
vn -0.700525 -0.698638 -0.145497
vn -0.782057 -0.429370 -0.451694
vn -0.401890 0.000756 0.915688
vn -0.783458 -0.616109 -0.081255
vn -0.639887 -0.160564 -0.751508
vn -0.897687 0.036663 0.439106
vn -0.141640 -0.195888 0.970343
vn -0.146009 0.030967 0.988799
vn -0.146009 0.030967 0.988799
vn -0.332915 -0.442132 -0.832878
vn 0.984184 -0.052711 -0.169124
vn 0.397642 -0.320450 0.859763
vn 0.397642 -0.320450 0.859763
vn -0.395512 0.366862 -0.842011
vn 0.529138 0.326203 -0.783329
vn -0.395512 0.366862 -0.842011
vn -0.013690 -0.973741 0.227249
vn -0.202524 -0.554506 0.807160
vn 0.227707 -0.572400 -0.787723
vn -0.171221 -0.124461 0.977340
vn -0.858548 0.051398 0.510151
vn 0.355011 -0.930329 -0.091950
vn -0.966592 0.255296 0.022895
vn 0.011979 -0.776739 0.629708
vn 0.544767 0.308527 -0.779769
vn 0.011979 -0.776739 0.629708
vn 0.991355 -0.117113 0.059167
vn 0.470832 -0.426856 0.772082
vn 0.086499 -0.487968 0.868565
vn -0.384321 0.394615 -0.834612
vn -0.981273 -0.076235 -0.176892
vn -0.234044 0.234118 -0.943617
vn 0.756762 -0.650891 0.060434
vn -0.466199 -0.103714 0.878579
vn 0.857532 -0.160014 0.488911
vn 0.881213 0.009779 -0.472618
vn 0.002797 0.040888 -0.999160
vn -0.332744 0.907337 -0.256944
vn -0.531998 -0.642455 -0.551570
vn -0.259607 -0.957876 -0.122788
vn -0.798304 -0.534375 0.277768
vn -0.259607 -0.957876 -0.122788
vn -0.926151 0.281637 -0.250849
vn 0.527408 0.037348 -0.848791
vn 0.474265 -0.182987 -0.861155
vn -0.607185 0.319676 -0.727416
vn -0.925149 0.042613 -0.377205
vn -0.925149 0.042613 -0.377205
vn -0.971731 0.230809 -0.049652
vn -0.200141 0.352769 -0.914056
vn 0.000000 -0.261167 0.965294
vn -0.000000 0.329413 0.944186
vn -0.578659 0.256342 0.774236
vn -0.400870 0.317226 0.859460
vn -0.699827 0.348824 0.623349
vn -0.898382 0.185313 0.398206
vn -0.567331 0.313093 0.761649
vn -0.249425 0.462744 -0.850679
vn -0.628782 0.250328 -0.736186
vn -0.249498 -0.117673 0.961199
vn -0.471630 -0.091875 0.876997
vn -0.107425 -0.219947 0.969579
vn -0.402010 0.287346 0.869379
vn -0.955237 0.290224 0.057385
vn 0.000000 0.480291 0.877109
vn 0.000000 0.382357 -0.924015
vn -0.749839 0.185064 -0.635211
vn -0.797671 -0.462674 -0.386852
vn -0.244292 0.793426 -0.557491
vn -0.900621 0.264022 -0.345216
vn -0.674384 -0.682828 -0.280983
vn -0.968629 -0.199823 0.147741
vn -0.674384 -0.682828 -0.280983
vn -0.268215 0.960422 -0.075164
vn -0.552171 -0.626512 0.550082
vn 0.000000 -0.137685 0.990476
vn -0.883144 0.289574 0.369058
vn -0.737098 0.159897 0.656597
vn -0.891861 -0.043854 -0.450179
vn -0.000000 0.189683 -0.981845
vn -0.355742 0.630113 0.690221
vn -0.957473 -0.285368 -0.042550
vn -0.375337 -0.677269 -0.632795
vn -0.281258 0.102181 -0.954177
vn 0.000000 0.247371 -0.968921
vn -0.242969 -0.386210 0.889836
vn -0.806544 -0.316194 0.499508
vn -0.913364 -0.406977 0.011610
vn -0.592159 -0.377201 0.712087
vn -0.753111 -0.466238 -0.464162
vn -0.753111 -0.466238 -0.464162
vn -0.238255 -0.068459 -0.968787
vn -0.000000 -0.233788 -0.972288
vn -0.094600 -0.502206 -0.859558
vn -0.417893 -0.456488 -0.785483
vn -0.268215 0.960422 -0.075164
vn -0.000000 -0.424176 -0.905580
vn -0.127639 0.016621 -0.991681
vn 0.000000 0.094692 -0.995507
vn -0.222778 0.429417 -0.875197
vn -0.998663 -0.023818 -0.045869
vn -0.634343 -0.001426 -0.773050
vn -0.877307 0.334014 -0.344626
vn -0.891861 -0.043854 -0.450179
vn -0.877307 0.334014 -0.344626
vn 0.806729 -0.112962 0.580024
vn -0.933149 0.011979 0.359290
vn -0.622792 -0.370621 0.689036
vn -0.337182 0.408682 -0.848108
vn -0.695083 -0.009802 0.718862
vn -0.922371 -0.006715 0.386247
vn -0.440006 0.002505 0.897992
vn -0.171767 -0.048213 0.983957
vn 0.000000 -0.072074 0.997399
vn -0.647107 -0.518724 0.558729
vn -0.934748 -0.331200 -0.128660
vn -0.901828 -0.283988 0.325664
vn -0.894308 -0.231183 0.383103
vn -0.812765 -0.404913 0.418877
vn -0.772382 -0.205098 0.601132
vn -0.578817 -0.507343 -0.638415
vn -0.442823 -0.516740 -0.732726
vn -0.634141 -0.679144 -0.369633
vn -0.634141 -0.679144 -0.369633
vn -0.299972 -0.534356 0.790241
vn -0.343731 -0.686713 0.640527
vn 0.000000 -0.035905 0.999355
vn 0.000000 -0.167404 0.985888
vn -0.306964 -0.186976 0.933174
vn -0.559777 -0.263103 0.785765
vn -0.455758 -0.387424 0.801366
vn -0.295952 -0.555688 0.776932
vn 0.000000 -0.716846 0.697231
vn 0.000000 -0.392625 0.919699
vn -0.428720 -0.447522 -0.784808
vn -0.641041 0.155188 0.751654
vn -0.299216 0.256725 0.919001
vn -0.493353 0.016806 0.869667
vn -0.265543 -0.711583 -0.650489
vn -0.923274 0.110845 0.367801
vn -0.954491 0.075609 -0.288495
vn -0.716608 -0.266370 -0.644608
vn -0.716608 -0.266370 -0.644608
vn 0.002151 0.906477 0.422250
vn 0.718290 0.475367 0.508020
vn 0.532474 0.555354 -0.638790
vn 0.000000 -0.649155 -0.760657
vn 0.000000 -0.641552 -0.767080
vn -0.127668 -0.415438 -0.900618
vn -0.291607 -0.776562 -0.558495
vn -0.008621 0.018258 0.999796
vn -0.446436 -0.158097 0.880738
vn -0.864688 0.249946 0.435708
vn -0.515699 -0.332748 0.789514
vn -0.664833 0.365306 0.651574
vn 0.920271 -0.326971 -0.214924
vn 0.511087 -0.307297 -0.802720
vn 0.708265 0.510203 -0.487907
vn 0.868729 -0.303061 0.391745
vn 0.626821 0.174261 0.759426
vn -0.776703 0.585680 0.231758
vn -0.365577 0.863975 0.346267
vn 0.904972 0.290901 0.310488
vn 0.540706 -0.833791 0.111491
vn -0.791195 0.369072 0.487643
vn -0.596431 0.132470 0.791658
vn -0.954822 0.125814 0.269231
vn -0.931929 0.320363 0.169927
vn -0.410288 0.695357 -0.590037
vn -0.519452 0.851975 0.065632
vn 0.061975 0.996241 -0.060519
vn 0.038877 0.919435 0.391316
vn -0.038840 0.986929 0.156406
vn -0.182321 0.954151 0.237392
vn -0.915661 0.192113 0.353069
vn 0.277755 -0.960542 0.014560
vn -0.534032 -0.845302 0.016552
vn -0.869864 0.108994 0.481100
vn 0.132655 -0.958049 0.254055
vn 0.258005 -0.223884 -0.939845
vn 0.630676 0.452543 -0.630438
vn 0.727801 0.159211 0.667051
vn 0.259175 0.330246 -0.907616
vn -0.722744 0.079945 0.686476
vn -0.623976 0.733148 -0.270458
vn -0.346429 0.860943 -0.372509
vn -0.780468 0.625173 0.005407
vn -0.539714 0.841577 -0.021361
vn -0.195051 -0.966611 0.166187
vn -0.454508 0.870400 -0.189280
vn 0.421616 -0.230605 -0.876961
vn 0.182884 0.643987 0.742855
vn -0.581123 -0.111428 0.806151
vn 0.332741 0.907338 -0.256946
vn 0.247870 -0.934532 0.255364
vn 0.240065 -0.588525 -0.772015
vn -0.373329 0.610557 0.698459
vn -0.673442 -0.360880 0.645167
vn -0.869864 0.108994 0.481100
vn -0.195045 0.965676 -0.171544
vn 0.303999 -0.841986 -0.445695
vn 0.745237 -0.517595 0.420377
vn 0.055075 -0.895238 0.442172
vn -0.391073 -0.200018 0.898362
vn 0.182115 -0.852403 -0.490146
vn -0.373329 0.610557 0.698459
vn -0.709507 0.659205 0.249097
vn -0.413351 -0.196749 0.889062
vn 0.364056 -0.893135 0.264146
vn -0.780468 0.625173 0.005407
vn -0.620537 0.779875 0.082027
vn -0.709507 0.659205 0.249097
vn -0.539714 0.841577 -0.021361
vn -0.295190 0.880611 0.370657
vn -0.230753 0.962860 0.140193
vn -0.620537 0.779875 0.082027
vn -0.307818 0.951075 -0.026525
vn -0.373329 0.610557 0.698459
vn -0.096188 -0.777138 0.621936
vn 0.518586 -0.743141 0.422859
vn -0.388606 -0.137427 0.911098
vn 0.928261 -0.295463 0.225904
vn -0.806261 -0.590999 0.025742
vn -0.957595 -0.239335 0.160408
vn -0.304491 0.213478 0.928285
vn -0.965263 -0.259166 0.033163
vn 0.234071 0.920300 0.313462
vn -0.243872 0.943570 0.224061
vn -0.315405 0.866448 0.387024
vn -0.698017 0.700552 0.148323
vn -0.728707 0.610793 0.309706
vn 0.277381 0.947684 0.157972
vn 0.724797 -0.496259 -0.477909
vn 0.009980 -0.836543 -0.547810
vn 0.089405 0.752455 0.652547
vn 0.360016 0.451894 0.816199
vn 0.867605 -0.497254 -0.000000
vn 0.806364 0.559440 0.191845
vn 0.296427 -0.928525 0.223546
vn 0.409654 -0.912241 -0.000000
vn 0.349918 0.347709 0.869860
vn -0.131272 -0.421291 0.897375
vn 0.242771 0.155832 0.957486
vn 0.012795 0.534151 0.845292
vn 0.785596 -0.576956 0.223519
vn -0.808966 -0.587856 -0.000158
vn 0.994170 0.107828 0.000219
vn -0.771735 -0.563904 0.294002
vn 0.974089 -0.002424 0.226153
vn -0.204829 -0.978798 -0.000000
vn 0.709415 0.703123 0.048459
vn -0.305993 -0.925413 0.223562
vn 0.596730 0.530574 0.602000
vn -0.335299 0.392264 0.856565
vn 0.360137 -0.315256 0.878018
vn 0.072180 0.749436 0.658130
vn -0.266201 0.721959 0.638681
vn -0.619600 0.458769 0.636889
vn -0.991898 0.125709 0.018307
vn -0.972086 0.024515 0.233339
vn 0.108769 -0.468740 0.876614
vn -0.627235 -0.420662 0.655454
vn -0.273305 -0.709996 0.649007
vn -0.805937 -0.034892 0.590972
vn -0.163963 0.493919 0.853909
vn 0.471651 -0.032674 0.881179
vn -0.352444 -0.325967 0.877228
vn 0.622479 -0.471190 0.624900
vn 0.778603 -0.003857 0.627504
vn 0.227296 -0.746544 0.625307
vn -0.930603 0.142402 0.337195
vn 0.710136 0.170071 0.683215
vn -0.906496 -0.400264 0.134359
vn 0.623721 -0.009880 0.781585
vn 0.497100 -0.440153 0.747768
vn -0.203189 -0.898045 0.390167
vn -0.350736 -0.310157 0.883621
vn 0.538202 -0.209040 0.816481
vn -0.840887 0.353815 0.409541
vn -0.386978 0.500098 0.774693
vn -0.859339 0.207164 0.467567
vn -0.383384 0.063556 0.921400
vn -0.453769 0.375796 0.808005
vn -0.441555 0.585567 0.679809
vn -0.817521 0.546250 0.182400
vn -0.709852 0.583073 0.395141
vn -0.924365 0.380390 -0.029208
vn -0.353395 0.933630 -0.058701
vn -0.994592 0.102338 -0.017699
vn -0.392597 0.038826 0.918891
vn -0.203189 -0.898045 0.390167
vn 0.443227 0.159070 0.882183
vn 0.070962 -0.367012 -0.927506
vn -0.962526 0.230202 -0.143357
vn 0.541134 -0.470983 0.696670
vn 0.627264 -0.535755 -0.565249
vn -0.475566 -0.629899 -0.614056
vn -0.680715 0.522792 -0.513143
vn -0.964635 0.099707 -0.244004
vn -0.990069 0.136502 -0.033638
vn 0.134615 0.045741 -0.989842
vn -0.894801 0.442769 -0.057322
vn -0.764194 0.640439 -0.076458
vn -0.760971 0.049431 -0.646900
vn 0.070962 -0.367012 -0.927506
vn -0.834888 0.239061 -0.495793
vn 0.089405 0.752455 0.652547
vn 0.275245 0.891065 0.360893
vn 0.435196 -0.861040 0.263085
vn 0.616465 0.723439 0.310815
vn -0.573786 0.310792 -0.757745
vn -0.163617 0.386698 -0.907576
vn -0.224840 0.442477 -0.868137
vn -0.163703 0.647588 -0.744198
vn -0.664287 -0.149107 -0.732455
vn 0.018912 0.922044 0.386624
vn 0.605733 0.628418 0.488035
vn 0.841848 0.216090 -0.494567
vn 0.552411 0.225610 -0.802460
vn 0.991531 0.123516 -0.040136
vn -0.709658 -0.027448 -0.704011
vn -0.851866 0.242525 -0.464226
vn -0.269953 0.738989 -0.617268
vn -0.333594 0.866634 -0.371027
vn -0.401947 0.205005 -0.892419
vn 0.333159 0.739974 0.584331
vn 0.546462 0.305525 0.779765
vn 0.526987 -0.469799 0.708218
vn 0.239152 -0.800824 -0.549078
vn 0.644157 -0.485602 -0.590976
vn -0.290910 -0.100759 0.951430
vn -0.431208 0.495378 0.754096
vn 0.014766 0.988555 0.150134
vn 0.355175 0.934780 -0.006102
vn 0.284778 0.939237 0.191664
vn -0.000469 0.997518 -0.070413
vn -0.000545 0.999209 0.039764
vn 0.411180 -0.461765 -0.785942
vn -0.416354 -0.109645 0.902567
vn 0.686802 -0.369529 -0.625900
vn -0.155824 0.205562 0.966159
vn 0.612064 0.518746 -0.596892
vn 0.550639 0.834605 -0.015231
vn 0.550639 0.834605 -0.015231
vn 0.635462 0.751105 0.178968
vn 0.635462 0.751105 0.178968
vn 0.616465 0.723439 0.310815
vn 0.602279 -0.320226 -0.731243
vn 0.867347 -0.275997 0.414168
vn 0.973530 -0.097952 0.206508
vn 0.753909 -0.192888 0.628024
vn 0.986645 -0.078100 -0.142938
vn 0.630676 0.452543 -0.630438
vn 0.690358 -0.128214 0.712016
vn 0.986645 -0.078100 -0.142938
vn 0.937900 -0.061037 0.341493
vn 0.595426 0.133800 0.792191
vn 0.630676 0.452543 -0.630438
vn -0.792520 0.436818 -0.425561
vn -0.812876 0.575951 -0.086677
vn -0.900575 0.070808 -0.428895
vn -0.544198 0.290057 0.787220
vn -0.376618 0.089958 -0.921990
vn 0.483273 0.873386 -0.060366
vn -0.909961 0.209610 -0.357819
vn -0.676006 0.276020 -0.683249
vn -0.467645 -0.195908 -0.861933
vn -0.996954 0.057961 -0.052188
vn -0.900672 -0.099639 -0.422922
vn -0.078131 -0.269357 -0.959866
vn 0.674001 0.148112 0.723731
vn 0.752252 0.196026 0.629039
vn 0.214926 -0.551239 0.806190
vn -0.722477 -0.184779 -0.666246
vn 0.411945 0.695235 -0.589024
vn 0.454430 0.870448 -0.189245
vn 0.740223 0.143948 0.656772
vn 0.605733 0.628418 0.488035
vn 0.768964 0.638669 0.028206
vn 0.349230 0.860375 -0.371206
vn 0.195790 0.965633 -0.170936
vn 0.002291 0.938007 -0.346610
vn 0.052279 0.599809 -0.798433
vn -0.398917 -0.318838 -0.859772
vn 0.074983 0.061007 -0.995317
vn -0.272796 -0.108131 -0.955976
vn -0.455797 -0.276484 -0.846053
vn -0.122917 0.155312 -0.980189
vn -0.523017 0.043227 -0.851225
vn 0.500898 -0.408698 -0.762933
vn -0.456322 0.305672 -0.835664
vn 0.615475 -0.483959 -0.622073
vn 0.623784 0.733361 -0.270326
vn 0.768964 0.638669 0.028206
vn -0.208482 -0.131714 -0.969116
vn -0.392290 -0.093368 -0.915091
vn 0.465876 -0.346744 0.814081
vn 0.335046 -0.029569 0.941738
vn 0.503065 -0.185870 0.844025
vn 0.728112 -0.642708 0.238282
vn 0.939338 -0.311724 -0.143081
vn 0.261685 -0.018943 0.964967
vn 0.750203 0.045127 0.659666
vn 0.441812 -0.263149 0.857645
vn 0.863687 -0.503029 0.031742
vn 0.657353 0.323173 0.680768
vn 0.256972 -0.131790 0.957390
vn 0.695628 -0.179005 0.695744
vn 0.629590 -0.154261 0.761459
vn 0.980925 0.035924 -0.191041
vn 0.836032 -0.473596 0.277051
vn 0.758053 0.442103 -0.479479
vn 0.928067 0.367478 -0.060434
vn 0.483273 0.873386 -0.060366
vn 0.471394 -0.879161 0.069735
vn 0.124584 -0.973937 -0.189542
vn 0.237109 -0.971224 -0.022445
vn 0.525378 0.763842 -0.374864
vn 0.878322 0.449306 0.163324
vn 0.515123 0.824738 0.233355
vn 0.795020 -0.397356 0.458313
vn 0.389160 -0.176513 0.904101
vn -0.208156 -0.786231 -0.581818
vn 0.684373 -0.696386 0.216055
vn 0.684373 -0.696386 0.216055
vn 0.777938 -0.182388 0.601288
vn 0.478748 0.842518 -0.246906
vn 0.525378 0.763842 -0.374864
vn 0.718117 0.590108 0.368890
vn -0.207956 -0.934745 -0.288107
vn 0.478748 0.842518 -0.246906
vn 0.188167 0.753486 0.629962
vn 0.515123 0.824738 0.233355
vn -0.317810 0.820047 0.475941
vn 0.572974 0.308112 0.759452
vn 0.780137 0.516120 0.353562
vn 0.550279 0.311801 0.774579
vn 0.975106 -0.120107 0.186397
vn 0.973966 0.001053 0.226690
vn 0.780618 -0.244249 0.575306
vn 0.389298 -0.695758 0.603629
vn 0.466334 0.880066 0.089534
vn 0.829043 -0.032782 0.558223
vn 0.978265 -0.021957 -0.206193
vn 0.473191 -0.692275 -0.544835
vn 0.649766 -0.698132 -0.300693
vn 0.983387 -0.130559 -0.126111
vn -0.048692 0.774060 0.631237
vn 0.615002 -0.750535 -0.241805
vn 0.786606 -0.010456 -0.617367
vn 0.452659 -0.007918 0.891649
vn 0.485758 -0.000620 -0.874093
vn 0.292755 0.303742 0.906662
vn 0.800233 -0.091847 -0.592613
vn 0.480131 0.088244 -0.872747
vn 0.456904 -0.012406 -0.889430
vn 0.810070 0.116687 -0.574605
vn 0.936311 0.025129 0.350271
vn 0.346147 -0.832612 0.432364
vn 0.329939 -0.883956 -0.331304
vn 0.851238 -0.445897 -0.276714
vn 0.485005 0.789719 -0.375651
vn 0.207513 0.945693 -0.250208
vn 0.457864 0.848558 0.265162
vn 0.897774 0.439322 -0.031595
vn 0.199142 -0.866623 0.457500
vn 0.389298 -0.695758 0.603629
vn 0.346147 -0.832612 0.432364
vn 0.968817 0.027659 0.246229
vn 0.066548 0.836825 -0.543411
vn 0.336813 0.426204 -0.839587
vn 0.640203 -0.659024 -0.394751
vn 0.471394 -0.879161 0.069735
vn 0.856101 0.196520 0.477986
vn 0.417939 0.432685 0.798818
vn -0.946598 -0.066296 0.315528
vn 0.475700 -0.293686 0.829131
vn 0.945688 -0.306612 -0.107999
vn 0.696388 -0.325359 0.639676
vn 0.919088 -0.375514 -0.119439
vn 0.637635 0.597152 0.486653
vn 0.708265 0.510203 -0.487907
vn 0.845379 -0.476490 0.241436
vn 0.462356 -0.413835 0.784198
vn 0.439270 -0.898307 0.009295
vn -0.953980 0.223930 0.199445
vn -0.204842 0.468071 0.859621
vn -0.753347 0.018383 0.657367
vn -0.457747 0.409168 0.789335
vn -0.954897 0.267772 0.128336
vn -0.861745 0.256353 0.437811
vn 0.130726 -0.075876 0.988511
vn 0.636111 -0.276835 0.720226
vn 0.920271 -0.326971 -0.214924
vn 0.600745 -0.797447 -0.056430
vn -0.945574 0.245431 0.213666
vn 0.643770 -0.169871 0.746126
vn 0.996845 -0.065141 0.045358
vn -0.733119 0.493307 0.468172
vn 0.433065 -0.147056 0.889286
vn 0.984498 0.056667 0.165987
vn 0.282171 0.255185 0.924803
vn 0.615556 0.119812 0.778933
vn 0.568152 0.071754 0.819789
vn 0.301186 0.010514 0.953508
vn 0.655916 -0.042579 0.753632
vn 0.559147 0.183455 0.808516
vn -0.251564 0.014678 0.967729
vn -0.340151 0.906386 0.250524
vn -0.257259 -0.029246 0.965900
vn 0.502050 0.076921 0.861411
vn -0.064829 0.342064 0.937437
vn 0.989075 0.025116 0.145255
vn 0.994094 0.053180 0.094600
vn 0.510525 -0.054669 0.858124
vn -0.744765 -0.107489 0.658613
vn -0.652949 -0.045350 0.756043
vn 0.955390 -0.119520 0.270081
vn 0.834213 -0.542403 0.099434
vn 0.681043 0.460778 0.569091
vn 0.929112 -0.338428 -0.149057
vn 0.834213 -0.542403 0.099434
vn 0.929112 -0.338428 -0.149057
vn 0.949702 -0.295582 -0.103429
vn 0.816001 0.378824 0.436617
vn 0.868729 -0.303061 0.391745
vn 0.903539 -0.416720 -0.099811
vn 0.667624 -0.738981 -0.090470
vn 0.991488 -0.129867 -0.009323
vn 0.679609 -0.325220 0.657543
vn 0.928754 -0.343823 0.138569
vn 0.903539 -0.416720 -0.099811
vn 0.199142 -0.866623 0.457500
vn 0.585036 0.022054 0.810707
vn 0.667624 -0.738981 -0.090470
vn 0.258005 -0.223884 -0.939845
vn 0.952861 -0.084028 -0.291539
vn 0.411311 -0.304208 0.859233
vn 0.892810 0.126750 -0.432232
vn 0.351670 -0.087608 0.932016
vn 0.683775 -0.222471 0.694952
vn 0.645754 -0.670611 0.365079
vn 0.279931 -0.926051 0.253117
vn 0.922513 -0.050403 0.382661
vn 0.818154 -0.549218 0.170247
vn 0.789960 0.371198 0.488032
vn -0.124713 0.721619 0.680965
vn -0.243966 0.599907 -0.761966
vn 0.991531 0.123516 -0.040136
vn 0.866868 0.230826 0.441881
vn 0.877938 0.424723 0.220988
vn -0.996501 0.065320 -0.052141
vn -0.362168 0.153373 0.919408
vn 0.780670 -0.624445 -0.024947
vn -0.389943 0.275306 -0.878722
vn -0.325095 0.457385 0.827715
vn 0.499452 -0.770083 0.396887
vn 0.989553 0.014258 -0.143460
vn 0.333159 0.739974 0.584331
vn -0.284303 -0.218679 -0.933462
vn 0.110963 0.228947 0.967094
vn 0.439270 -0.898307 0.009295
vn 0.953892 -0.120778 -0.274778
vn 0.327538 -0.793916 0.512266
vn 0.949702 -0.295582 -0.103429
vn 0.009799 0.209814 0.977692
vn 0.327538 -0.793916 0.512266
vn -0.329939 -0.883956 -0.331303
vn -0.640203 -0.659025 -0.394748
vn -0.492531 0.646768 0.582327
vn 0.263962 0.752804 0.603001
vn -0.312559 0.747126 0.586608
vn -0.634611 0.451640 0.627129
vn -0.865176 0.427446 0.262220
vn 0.480441 0.873602 -0.077434
vn -0.227217 0.029289 -0.973404
vn 0.347808 0.202835 -0.915362
vn 0.678671 0.331081 -0.655584
vn -0.057747 0.600337 -0.797660
vn 0.308205 0.121426 -0.943539
vn -0.171991 -0.571982 -0.802032
vn -0.210507 0.659806 0.721348
vn -0.396068 0.680869 0.616074
vn -0.870461 -0.116898 0.478156
vn -0.439270 -0.898307 0.009295
vn 0.376672 -0.740994 -0.555920
vn 0.526695 0.051995 -0.848463
vn -0.476937 0.196040 -0.856796
vn 0.434340 -0.098252 -0.895374
vn 0.139827 -0.853858 -0.501374
vn 0.549616 0.638876 0.538294
vn -0.466138 0.790205 0.397857
vn -0.968817 0.027659 0.246229
vn -0.199142 -0.866624 0.457500
vn -0.346147 -0.832613 0.432364
vn -0.389298 -0.695758 0.603629
vn -0.327538 -0.793916 0.512266
vn -0.439270 -0.898307 0.009295
vn -0.615003 -0.750534 -0.241805
vn -0.649766 -0.698132 -0.300692
vn 0.324744 -0.945528 0.022736
vn -0.585036 0.022054 0.810707
vn -0.199142 -0.866624 0.457500
vn -0.473191 -0.692277 -0.544833
vn 0.272977 -0.948638 -0.159902
vn 0.752091 0.417972 -0.509566
vn 0.652195 -0.041649 -0.756906
vn 0.050864 0.692516 -0.719607
vn 0.500092 0.666797 -0.552530
vn 0.780618 -0.244249 0.575306
vn 0.585036 0.022054 0.810707
vn 0.675467 -0.614546 -0.407526
vn 0.886790 0.452265 -0.095180
vn 0.792395 -0.080701 -0.604646
vn -0.376956 0.656213 -0.653673
vn -0.187134 -0.904997 -0.382049
vn -0.049351 0.660343 -0.749341
vn 0.444800 -0.762166 -0.470378
vn 0.968817 0.027659 0.246229
vn 0.381200 0.009523 -0.924443
vn 0.105747 0.135664 -0.985095
vn -0.296499 -0.048370 -0.953808
vn -0.335980 0.102906 -0.936231
vn 0.093498 0.110087 -0.989515
vn -0.074856 -0.071821 -0.994605
vn -0.329939 -0.883956 -0.331303
vn 0.446481 -0.890331 -0.089252
vn -0.327538 -0.793916 0.512266
vn 0.902655 -0.053184 -0.427067
vn 0.989153 -0.047494 0.138996
vn 0.983807 -0.100279 -0.148554
vn -0.936311 0.025129 0.350270
vn -0.892810 0.126750 -0.432232
vn -0.978265 -0.021957 -0.206193
vn -0.093499 0.110086 -0.989514
vn -0.677976 0.446230 0.584146
vn -0.506204 0.836001 -0.211803
vn -0.593401 0.099897 0.798684
vn -0.983387 -0.130559 -0.126111
vn 0.169609 0.695819 -0.697903
vn -0.468241 0.696293 -0.543990
vn -0.405965 0.507017 -0.760346
vn 0.936311 0.025129 0.350271
vn -0.155962 0.167748 -0.973415
vn 0.763167 0.583903 -0.276828
vn -0.364352 0.821841 0.437977
vn 0.335979 0.102905 -0.936231
vn 0.458935 0.406905 -0.789814
vn -0.169609 0.695819 -0.697903
vn 0.405965 0.507017 -0.760346
vn 0.978265 -0.021957 -0.206193
vn 0.245314 0.950072 0.192831
vn 0.892810 0.126750 -0.432232
vn 0.677976 0.446230 0.584146
vn 0.983387 -0.130559 -0.126111
vn 0.364353 0.821841 0.437977
vn 0.634611 0.451639 0.627129
vn 0.210507 0.659806 0.721348
vn -0.763167 0.583903 -0.276828
vn 0.468241 0.696294 -0.543990
vn -0.050864 0.692516 -0.719607
vn 0.312559 0.747126 0.586608
vn -0.549615 0.638876 0.538294
vn 0.396068 0.680869 0.616075
vn -0.263962 0.752804 0.603001
vn -0.500092 0.666797 -0.552530
vn 0.376956 0.656213 -0.653673
vn 0.893605 0.440702 -0.085158
vn 0.593401 0.099897 0.798684
vn 0.506204 0.836001 -0.211803
vn -0.851238 -0.445898 -0.276710
vn 0.466138 0.790205 0.397858
vn 0.870461 -0.116898 0.478156
vn 0.492531 0.646768 0.582327
vn -0.640203 -0.659025 -0.394748
vn 0.865176 0.427446 0.262221
vn -0.678672 0.331081 -0.655583
vn -0.308206 0.121426 -0.943539
vn 0.227218 0.029291 -0.973403
vn 0.057747 0.600336 -0.797660
vn -0.585036 0.022054 0.810707
vn -0.139827 -0.853858 -0.501374
vn 0.443319 -0.281494 -0.851017
vn 0.171990 -0.571982 -0.802032
vn -0.004823 -0.191308 -0.981518
vn -0.334521 0.465582 -0.819347
vn -0.499266 0.078421 -0.862893
vn -0.044658 0.395543 -0.917361
vn 0.421684 0.110718 -0.899958
vn -0.792395 -0.080702 -0.604646
vn 0.410352 0.265811 -0.872328
vn 0.386367 0.335164 -0.859294
vn 0.473181 0.324661 -0.818960
vn -0.886790 0.452265 -0.095180
vn 0.163421 -0.899467 0.405282
vn 0.600710 -0.503632 0.620888
vn 0.493477 -0.571758 0.655418
vn 0.835599 -0.084982 0.542727
vn 0.749861 -0.221503 0.623414
vn 0.758306 -0.157551 0.632573
vn 0.801751 0.333464 0.495981
vn 0.821786 0.027854 0.569115
vn 0.452339 0.062486 0.889654
vn 0.681122 0.071069 0.728713
vn 0.746510 -0.068519 0.661837
vn 0.903994 0.010628 0.427414
vn 0.934292 -0.052470 0.352626
vn 0.958675 -0.084153 0.271772
vn 0.743593 -0.142945 0.653174
vn 0.848484 -0.158096 0.505055
vn 0.669322 -0.055295 0.740912
vn 0.335069 -0.085394 0.938316
vn 0.422154 -0.708063 0.566069
vn 0.227797 0.202830 0.952349
vn 0.455589 -0.261105 0.851036
vn 0.683936 -0.046930 0.728031
vn 0.481188 0.115289 0.869003
vn 0.480694 0.017915 0.876705
vn 0.537404 0.377990 0.753871
vn -0.347811 0.202834 -0.915361
vn -0.675467 -0.614547 -0.407526
vn 0.476937 0.196040 -0.856796
vn -0.376672 -0.740993 -0.555920
vn -0.381198 0.009521 -0.924444
vn 0.049352 0.660341 -0.749343
vn -0.526693 0.051995 -0.848464
vn 0.177536 0.800092 -0.573004
vn -0.199834 0.157938 -0.967017
vn -0.122179 -0.195430 -0.973077
vn -0.105746 0.135659 -0.985096
vn 0.731022 0.242192 0.637927
vn 0.231787 0.136520 0.963139
vn -0.434341 -0.098260 -0.895373
vn 0.296499 -0.048370 -0.953807
vn 0.074856 -0.071822 -0.994605
vn 0.521316 -0.202875 0.828897
vn -0.444800 -0.762166 -0.470378
vn 0.338596 -0.533109 0.775337
vn 0.294673 -0.888427 0.351944
vn 0.187134 -0.904997 -0.382049
vn -0.245313 0.950072 0.192831
vn 0.056931 -0.052853 -0.996978
vn -0.415715 -0.079490 -0.906015
vn -0.537213 0.236077 -0.809734
vn 0.300898 0.339732 -0.891090
vn 0.714191 -0.133939 0.687016
vn 0.063402 0.350239 0.934512
vn 0.481946 0.522169 -0.703610
vn -0.154057 -0.078354 -0.984950
vn -0.968817 0.027659 0.246229
vn -0.480441 0.873602 -0.077434
vn 0.471823 -0.746562 0.469071
vn 0.314953 -0.734061 0.601630
vn -0.780618 -0.244249 0.575307
vn 0.326669 0.183965 -0.927062
vn 0.269080 0.255899 -0.928500
vn 0.001716 0.464795 -0.885417
vn 0.284788 -0.149307 -0.946891
vn 0.567105 0.221948 -0.793178
vn 0.478879 -0.036856 0.877107
vn 0.669781 -0.406139 0.621647
vn 0.361860 -0.266048 -0.893463
vn 0.258643 0.294148 0.920098
vn 0.429626 0.439562 0.788801
vn 0.702574 0.328478 0.631263
vn 0.577625 -0.574252 0.580158
vn 0.061975 0.996241 -0.060519
vn -0.954822 0.125814 0.269231
vn 0.967875 0.074937 0.240007
vn -0.519452 0.851975 0.065632
vn -0.236796 0.971196 -0.026585
vn 0.570180 0.457588 0.682282
vn 0.458374 -0.031973 0.888184
vn 0.265510 -0.532581 0.803655
vn 0.486857 -0.631045 0.603947
vn 0.649281 0.122902 0.750552
vn 0.774519 0.222124 0.592268
vn 0.761742 -0.424325 0.489589
vn 0.388979 -0.782587 0.486058
vn 0.622356 -0.310474 0.718525
vn 0.201657 -0.734322 0.648156
vn 0.769779 0.020213 0.637990
vn 0.067866 0.033603 0.997128
vn -0.068622 -0.158942 0.984900
vn 0.891784 -0.258781 0.371151
vn 0.415425 -0.125334 0.900951
vn 0.487055 0.296483 0.821508
vn 0.737377 0.489861 0.465092
vn 0.841512 0.391759 0.371997
vn 0.654507 0.157445 0.739481
vn 0.379845 -0.120706 0.917141
vn 0.248781 0.462265 0.851128
vn 0.789025 0.440476 0.428277
vn 0.874254 0.289032 0.390052
vn 0.277755 -0.960542 0.014560
vn 0.540706 -0.833791 0.111491
vn 0.904972 0.290901 0.310488
vn 0.319038 -0.287512 0.903079
vn -0.534032 -0.845302 0.016552
vn -0.062852 0.996162 -0.060922
vn -0.028090 -0.998863 -0.038526
vn 0.519453 0.851975 0.065632
vn 0.954821 0.125824 0.269230
vn -0.894105 0.326612 0.306432
vn -0.616658 -0.778338 0.117997
vn 0.557889 -0.829496 0.026393
vn -0.278645 -0.959546 -0.040351
vn 0.038398 0.986990 0.156126
vn 0.182321 0.954151 0.237392
vn -0.039781 0.919449 0.391192
vn 0.002133 0.358813 -0.933407
vn -0.780468 0.625173 0.005407
vn -0.421616 -0.230605 -0.876961
vn 0.134615 0.045741 -0.989842
vn -0.630677 0.452543 -0.630438
vn 0.843236 -0.258735 -0.471178
vn -0.258005 -0.223885 -0.939845
vn 0.086017 -0.934277 -0.346016
vn -0.623976 0.733148 -0.270458
vn 0.227664 -0.961212 0.155692
vn 0.086017 -0.934277 -0.346016
vn 0.086308 0.077720 -0.993232
vn -0.202524 -0.554506 0.807160
vn 0.606652 -0.700346 0.376150
vn 0.744558 -0.394343 0.538635
vn -0.765200 0.228939 -0.601711
vn -0.141640 -0.195888 0.970343
vn 0.229532 0.064413 -0.971167
vn 0.229532 0.064413 -0.971167
vn 0.808187 -0.059108 -0.585953
vn 0.008408 -0.180529 0.983534
vn -0.924799 0.012703 0.380243
vn 0.086308 0.077720 -0.993232
vn -0.775919 0.125784 -0.618165
vn -0.837080 0.130534 0.531280
vn -0.858147 -0.194263 0.475233
vn -0.713477 0.049152 -0.698952
vn -0.132466 -0.144005 0.980671
vn -0.095781 -0.105689 0.989776
vn 0.974867 0.222745 0.004363
vn 0.008408 -0.180529 0.983534
vn -0.066489 -0.483490 0.872821
vn -0.132466 -0.144005 0.980671
vn -0.095781 -0.105689 0.989776
vn 0.968611 0.182785 0.168470
vn 0.622266 0.065855 0.780031
vn 0.891262 0.270384 -0.364067
vn 0.724602 0.194486 -0.661156
vn 0.820121 0.331612 0.466300
vn -0.401416 -0.686261 -0.606556
vn 0.168962 -0.981131 0.093986
vn 0.012506 -0.718104 0.695823
vn -0.957133 -0.164855 0.238158
vn -0.961033 0.258503 0.097931
vn -0.788445 -0.365110 -0.495024
vn -0.929329 0.189121 0.317145
vn -0.380626 0.326504 0.865170
vn -0.929329 0.189121 0.317145
vn -0.374378 0.506873 0.776480
vn -0.689434 -0.439601 0.575701
vn -0.967330 0.035140 0.251072
vn 0.002259 -0.384317 -0.923199
vn -0.490742 -0.855771 0.163791
vn 0.171541 -0.901854 -0.396525
vn 0.171541 -0.901854 -0.396525
vn -0.028483 0.058727 -0.997868
vn 0.779912 -0.216597 -0.587217
vn -0.967330 0.035140 0.251072
vn 0.470832 -0.426856 0.772082
vn 0.480272 0.500915 0.720016
vn 0.086499 -0.487968 0.868565
vn 0.888390 0.306440 0.341844
vn -0.702366 -0.693187 0.161781
vn 0.608823 0.439176 -0.660650
vn 0.939710 0.223241 -0.259053
vn 0.140139 0.046479 -0.989040
vn 0.105757 0.348521 -0.931315
vn 0.002259 -0.384317 -0.923199
vn 0.830287 -0.446473 0.333596
vn -0.384321 0.394615 -0.834612
vn 0.917898 -0.373321 -0.134515
vn 0.923917 -0.324519 -0.202647
vn 0.376633 0.552841 0.743313
vn 0.340811 0.246694 0.907188
vn -0.387049 0.027311 -0.921655
vn 0.561560 0.050040 0.825921
vn -0.028483 0.058727 -0.997868
vn 0.655846 -0.500724 -0.564926
vn 0.168962 -0.981131 0.093986
vn 0.575609 -0.780340 0.244424
vn 0.050555 -0.415715 0.908089
vn 0.012506 -0.718104 0.695823
vn -0.234044 0.234118 -0.943617
vn -0.531998 -0.642455 -0.551570
vn 0.050555 -0.415715 0.908089
vn -0.931929 0.320363 0.169927
vn -0.387049 0.027311 -0.921655
vn -0.909641 -0.188470 -0.370180
vn -0.838633 -0.066753 -0.540592
vn -0.822499 -0.208930 0.529003
vn -0.673093 -0.121372 0.729530
vn -0.497101 -0.440157 0.747765
vn -0.538201 -0.209037 0.816482
vn -0.526988 -0.469796 0.708220
vn -0.546461 0.305534 0.779763
vn -0.710136 0.170083 0.683212
vn -0.695627 -0.179005 0.695744
vn -0.568152 0.071759 0.819789
vn -0.559151 0.183455 0.808514
vn -0.275191 0.256388 0.926572
vn -0.994094 0.053179 0.094601
vn -0.296033 0.010812 0.955116
vn -0.789024 0.440481 0.428274
vn -0.967874 0.074941 0.240006
vn -0.227114 0.201769 0.952738
vn -0.455588 -0.261106 0.851037
vn 0.014958 -0.785291 0.618946
vn -0.478879 -0.036856 0.877107
vn -0.458374 -0.031978 0.888184
vn -0.746518 -0.068548 0.661825
vn -0.714191 -0.133940 0.687016
vn -0.542724 0.374727 0.751685
vn -0.874361 0.288835 0.389957
vn -0.750201 0.045141 0.659667
vn -0.623724 -0.009867 0.781582
vn 0.006574 -0.193319 0.981114
vn -0.252589 -0.132078 0.958517
vn 0.004840 -0.174252 0.984689
vn -0.427426 0.438267 0.790715
vn 0.002161 -0.177666 0.984089
vn 0.002101 0.100130 0.994972
vn -0.334487 -0.085852 0.938482
vn 0.005768 0.230798 0.972985
vn -0.984498 0.056669 0.165987
vn -0.669322 -0.055296 0.740912
vn -0.481188 0.115293 0.869003
vn -0.259928 0.284726 0.922696
vn -0.973967 0.001056 0.226689
vn 0.004245 0.121193 0.992620
vn -0.629591 -0.154246 0.761461
vn -0.829043 -0.032782 0.558223
vn -0.800233 -0.091848 -0.592614
vn -0.344082 -0.087292 0.934873
vn -0.510526 -0.054672 0.858123
vn -0.657352 0.323195 0.680759
vn -0.441813 -0.263149 0.857644
vn 0.008293 0.144371 0.989489
vn -0.863686 -0.503029 0.031742
vn -0.329885 -0.030063 0.943542
vn -0.503068 -0.185873 0.844023
vn 0.006477 0.109538 0.993962
vn -0.464429 -0.347571 0.814555
vn -0.258843 -0.018904 0.965734
vn 0.002681 -0.039420 -0.999219
vn -0.453947 -0.012144 -0.890946
vn 0.001459 0.085028 -0.996378
vn -0.934293 -0.052472 0.352625
vn -0.415436 -0.125383 0.900939
vn -0.681107 0.071158 0.728718
vn -0.483905 -0.000499 -0.875121
vn -0.248968 0.462184 0.851117
vn -0.786606 -0.010456 -0.617367
vn -0.064777 0.033756 0.997329
vn -0.730977 0.242146 0.637995
vn -0.810070 0.116686 -0.574605
vn -0.493344 -0.571891 0.655403
vn -0.518509 -0.203424 0.830522
vn -0.292755 0.303742 0.906662
vn -0.163162 -0.900560 0.402952
vn 0.001075 -0.181956 0.983306
vn -0.005709 0.130149 0.991478
vn 0.002252 -0.638697 0.769455
vn -0.836032 -0.473596 0.277051
vn -0.939338 -0.311723 -0.143083
vn -0.728113 -0.642708 0.238282
vn -0.919087 -0.375518 -0.119435
vn -0.645753 -0.670611 0.365080
vn -0.275713 -0.927240 0.253395
vn -0.818153 -0.549220 0.170246
vn -0.479460 0.088346 -0.873105
vn -0.897774 0.439323 -0.031595
vn -0.457864 0.848558 0.265162
vn -0.207513 0.945693 -0.250207
vn -0.452659 -0.007919 0.891648
vn 0.004395 -0.974527 0.224227
vn -0.856100 0.196518 0.477988
vn -0.780668 -0.624447 -0.024952
vn -0.499454 -0.770084 0.396884
vn -0.953892 -0.120780 -0.274777
vn -0.417940 0.432684 0.798818
vn -0.066801 0.836731 -0.543525
vn -0.989076 0.025114 0.145254
vn -0.433065 -0.147057 0.889286
vn 0.004852 -0.221408 0.975169
vn -0.502051 0.076917 0.861410
vn -0.615559 0.119812 0.778930
vn -0.655917 -0.042579 0.753631
vn -0.980925 0.035924 -0.191037
vn -0.922513 -0.050404 0.382662
vn 0.000263 0.586433 -0.809998
vn -0.600251 -0.503974 0.621055
vn -0.486432 -0.632139 0.603145
vn -0.407295 -0.304996 0.860865
vn -0.485005 0.789720 -0.375650
vn -0.389169 -0.788622 0.476050
vn -0.214333 -0.781772 0.585571
vn -0.010984 0.209785 0.977686
vn -0.335828 0.426303 -0.839932
vn -0.468825 -0.880501 0.070146
vn -0.391073 -0.200018 0.898362
vn 0.724797 -0.496259 -0.477909
vn -0.001139 0.684216 -0.729279
vn -0.468825 -0.880501 0.070146
vn 0.003052 -0.964581 0.263770
vn -0.683774 -0.222471 0.694953
vn -0.630677 0.452543 -0.630438
vn -0.753889 -0.193296 0.627924
vn -0.986645 -0.078100 -0.142937
vn -0.791195 0.369072 0.487643
vn -0.973520 -0.098242 0.206415
vn -0.630677 0.452543 -0.630438
vn -0.986645 -0.078100 -0.142937
vn -0.551317 0.225695 -0.803188
vn -0.690407 -0.128685 0.711883
vn -0.722744 0.079945 0.686476
vn -0.937901 -0.061035 0.341492
vn -0.841865 0.215922 -0.494612
vn -0.596431 0.132470 0.791658
vn -0.991560 0.123259 -0.040213
vn -0.834214 -0.542403 0.099432
vn -0.991560 0.123259 -0.040213
vn -0.258005 -0.223885 -0.939845
vn -0.684373 -0.696386 0.216055
vn -0.949701 -0.295585 -0.103435
vn -0.929111 -0.338430 -0.149059
vn -0.955391 -0.119519 0.270081
vn -0.989554 0.014258 -0.143459
vn -0.834214 -0.542403 0.099432
vn -0.777938 -0.182388 0.601287
vn -0.298546 -0.888489 0.348508
vn 0.066900 -0.157766 0.985208
vn -0.570523 0.457412 0.682113
vn -0.749882 -0.221291 0.623464
vn -0.330508 -0.545123 0.770458
vn -0.801750 0.333460 0.495985
vn -0.903998 0.010616 0.427405
vn -0.231848 0.136334 0.963151
vn -0.743593 -0.142945 0.653174
vn -0.408344 -0.713245 0.569682
vn -0.669781 -0.406138 0.621647
vn -0.848484 -0.158096 0.505055
vn -0.452344 0.062452 0.889654
vn -0.958676 -0.084152 0.271771
vn -0.480694 0.017914 0.876706
vn -0.683935 -0.046937 0.728032
vn -0.821783 0.027850 0.569120
vn -0.952861 -0.084028 -0.291539
vn -0.929111 -0.338430 -0.149059
vn -0.681043 0.460778 0.569091
vn -0.333283 -0.736415 0.588741
vn -0.572974 0.308112 0.759452
vn -0.684373 -0.696386 0.216055
vn 0.004395 -0.974527 0.224227
vn -0.550279 0.311801 0.774579
vn -0.949701 -0.295585 -0.103435
vn -0.975106 -0.120105 0.186398
vn -0.758248 -0.157335 0.632697
vn -0.063777 0.350001 0.934576
vn -0.816001 0.378825 0.436616
vn 0.007282 -0.251907 0.967724
vn -0.258064 -0.531405 0.806853
vn -0.780136 0.516121 0.353562
vn -0.470784 -0.745946 0.471092
vn -0.769748 0.020205 0.638028
vn -0.486930 0.296165 0.821696
vn -0.623564 -0.309165 0.718043
vn -0.382356 -0.117120 0.916562
vn -0.835597 -0.085017 0.542724
vn 0.377588 0.766466 -0.519574
vn -0.050532 0.345716 0.936977
vn -0.452336 0.394515 0.799844
vn 0.592446 0.665955 -0.453334
vn 0.620528 0.780176 0.079185
vn 0.613418 0.370695 -0.697355
vn 0.511272 0.682996 -0.521649
vn 0.496942 0.827950 -0.259898
vn 0.722277 0.662845 0.197366
vn 0.726950 0.671934 -0.141592
vn 0.348471 0.475494 -0.807758
vn 0.197133 0.210133 0.957592
vn 0.171400 -0.365374 0.914945
vn 0.636898 0.513726 0.574845
vn 0.049042 0.744153 0.666207
vn 0.641515 -0.317258 0.698431
vn 0.711316 0.334007 0.618440
vn 0.168839 0.224798 0.959666
vn -0.637449 0.128567 0.759691
vn 0.013557 0.021711 0.999672
vn 0.017115 0.372464 0.927889
vn 0.408342 0.806494 -0.427579
vn -0.459856 -0.162241 0.873047
vn 0.729994 -0.062287 0.680610
vn 0.264476 0.233244 0.935762
vn -0.692294 0.332780 0.640302
vn 0.015519 0.398501 0.917037
vn 0.313924 0.510420 0.800577
vn 0.570401 0.743728 0.348584
vn -0.643884 0.158016 0.748628
vn -0.559519 -0.581436 0.590652
vn 0.016340 -0.254346 0.966975
vn -0.566963 -0.253616 0.783729
vn -0.773646 -0.633563 0.008347
vn 0.337518 -0.194718 0.920960
vn 0.601084 0.201981 0.773241
vn 0.757125 0.233797 0.610001
vn -0.562815 -0.755076 -0.336303
vn 0.319848 -0.876815 0.359017
vn -0.254336 0.133470 0.957862
vn -0.530168 -0.638177 0.558258
vn 0.771271 0.253517 0.583841
vn 0.469864 0.147563 0.870318
vn 0.611429 -0.122953 0.781689
vn -0.667624 -0.738981 -0.090471
vn -0.478749 0.842518 -0.246906
vn -0.239152 -0.800825 -0.549078
vn -0.686801 -0.369529 -0.625901
vn -0.612064 0.518746 -0.596892
vn -0.074984 0.061007 -0.995317
vn -0.052279 0.599809 -0.798434
vn -0.411180 -0.461765 -0.785941
vn -0.131573 0.014132 0.991206
vn 0.747116 -0.600188 0.285641
vn -0.626821 0.174261 0.759427
vn -0.483273 0.873386 -0.060366
vn -0.878322 0.449305 0.163325
vn -0.868729 -0.303061 0.391745
vn -0.667624 -0.738981 -0.090471
vn -0.928755 -0.343821 0.138572
vn -0.991488 -0.129866 -0.009321
vn 0.004232 -0.917661 0.397342
vn -0.674928 -0.378736 0.633270
vn -0.903539 -0.416720 -0.099810
vn -0.525380 0.763842 -0.374863
vn -0.478749 0.842518 -0.246906
vn -0.522625 -0.823114 0.222140
vn 0.214665 -0.195665 0.956888
vn -0.600745 -0.797447 -0.056430
vn -0.515124 0.824738 0.233355
vn -0.718117 0.590108 0.368891
vn -0.928067 0.367477 -0.060434
vn -0.718117 0.590108 0.368891
vn -0.466334 0.880066 0.089535
vn -0.283154 -0.560077 0.778549
vn 0.797073 0.366703 0.479795
vn 0.460938 0.766246 0.447664
vn -0.728356 -0.312829 -0.609619
vn -0.945688 -0.306611 -0.108000
vn -0.518237 -0.588853 0.620228
vn -0.319354 -0.744704 0.586028
vn -0.984816 -0.173599 -0.000676
vn -0.716380 -0.190621 0.671166
vn -0.991488 -0.129866 -0.009321
vn 0.508374 0.331005 0.794979
vn -0.190688 0.180790 0.964859
vn -0.758053 0.442104 -0.479479
vn 0.694772 -0.167607 0.699429
vn -0.024759 -0.154345 0.987707
vn 0.643841 -0.124200 0.755012
vn 0.700372 0.149154 0.698020
vn 0.648753 0.017283 0.760803
vn 0.749111 -0.168704 0.640602
vn 0.119515 -0.007742 0.992802
vn -0.028882 0.128768 0.991254
vn 0.552106 0.312164 0.773132
vn -0.920271 -0.326971 -0.214923
vn -0.028564 -0.998208 -0.052582
vn -0.329310 -0.916342 -0.227753
vn -0.157681 0.002579 0.987487
vn -0.696865 -0.706078 -0.125831
vn -0.773646 -0.633563 0.008347
vn -0.522625 -0.823114 0.222140
vn -0.696865 -0.706078 -0.125831
vn 0.765428 0.215906 -0.606222
vn -0.410891 -0.782829 0.467276
vn 0.486746 -0.320394 0.812666
vn 0.349694 0.647032 0.677542
vn 0.231663 0.456505 0.859032
vn 0.882829 0.444603 -0.151462
vn 0.356879 0.847937 0.391970
vn 0.776352 0.583170 0.239147
vn 0.518999 -0.417873 -0.745669
vn 0.529626 0.842794 -0.095888
vn -0.653458 -0.454173 -0.605574
vn -0.061840 -0.795789 -0.602408
vn 0.518999 -0.417873 -0.745669
vn 0.117836 -0.965128 0.233757
vn -0.660627 -0.684864 0.307464
vn -0.653458 -0.454173 -0.605574
vn 0.876187 0.340753 0.340858
vn 0.977908 0.068699 -0.197423
vn 0.170458 -0.602334 0.779832
vn -0.577445 -0.374260 0.725594
vn -0.457757 -0.888068 -0.042358
vn 0.856755 -0.260706 0.444975
vn -0.296547 -0.879254 -0.372789
vn -0.706530 0.237565 0.666617
vn 0.137722 0.501727 0.853992
vn 0.000634 -0.662985 0.748632
vn -0.619139 -0.638708 0.456858
vn 0.246792 0.043052 0.968112
vn 0.715165 0.417294 0.560718
vn 0.646993 0.587880 -0.485590
vn 0.343729 0.798141 -0.494794
vn -0.061840 -0.795789 -0.602408
vn 0.038733 -0.033993 0.998671
vn 0.322102 -0.162333 0.932683
vn -0.776746 0.353034 -0.521566
vn 0.265216 0.179531 0.947327
vn 0.310997 -0.280512 0.908072
vn 0.378712 0.447673 0.810041
vn -0.760600 -0.506470 0.406172
vn 0.938188 -0.345476 0.021231
vn -0.964909 -0.071694 0.252608
vn 0.964719 0.182588 0.189681
vn -0.780407 0.069077 0.621444
vn 0.485914 0.857093 -0.171114
vn 0.203049 0.090191 0.975006
vn 0.192905 0.495490 -0.846922
vn 0.485914 0.857093 -0.171114
vn 0.826898 -0.560721 0.042791
vn -0.042672 0.991217 0.125172
vn -0.542694 0.839652 -0.021598
vn -0.776746 0.353034 -0.521566
vn -0.626256 -0.522555 0.578567
vn -0.507457 -0.618312 -0.600148
vn -0.042600 -0.765844 0.641613
vn -0.410891 -0.782829 0.467276
vn 0.190305 -0.344631 0.919246
vn -0.119140 -0.567846 -0.814467
vn 0.125040 -0.352984 -0.927236
vn -0.868729 -0.303061 0.391745
vn -0.511087 -0.307297 -0.802720
vn -0.708265 0.510203 -0.487907
vn -0.755055 -0.406299 -0.514600
vn 0.612861 -0.352036 0.707441
vn 0.802317 -0.259992 0.537301
vn -0.493934 -0.575405 0.651873
vn -0.619139 -0.638708 0.456858
vn -0.689963 -0.718938 0.084139
vn -0.365923 -0.868339 0.334794
vn -0.457757 -0.888068 -0.042358
vn -0.562815 -0.755076 -0.336303
vn -0.160405 -0.985396 -0.057140
vn -0.493934 -0.575405 0.651873
vn -0.329310 -0.916342 -0.227753
vn -0.928755 -0.343821 0.138572
vn 0.831676 -0.499832 -0.241835
vn 0.054703 -0.964727 0.257505
vn 0.322787 -0.154972 0.933698
vn -0.845379 -0.476489 0.241437
vn 0.607190 -0.369702 -0.703307
vn -0.996845 -0.065139 0.045358
vn 0.721797 -0.454690 -0.521791
vn -0.644159 -0.485601 -0.590974
vn 0.325095 0.457385 0.827715
vn 0.941219 0.200048 0.272191
vn -0.110963 0.228946 0.967094
vn 0.613972 0.726601 0.308365
vn 0.536007 0.793576 0.287982
vn 0.953855 0.225880 -0.197837
vn 0.643265 0.423666 0.637744
vn 0.155824 0.205561 0.966159
vn 0.416355 -0.109645 0.902567
vn 0.272797 -0.108131 -0.955976
vn 0.455799 -0.276484 -0.846052
vn 0.431208 0.495377 0.754097
vn -0.602279 -0.320225 -0.731242
vn -0.525380 0.763842 -0.374863
vn -0.679609 -0.325220 0.657543
vn -0.903539 -0.416720 -0.099810
vn -0.042672 0.991217 0.125172
vn -0.542694 0.839652 -0.021598
vn 0.290909 -0.100760 0.951430
vn 0.192905 0.495490 -0.846922
vn 0.398918 -0.318837 -0.859772
vn 0.472427 0.041198 0.880407
vn 0.557889 -0.829496 0.026393
vn -0.289577 -0.229956 0.929121
vn -0.761741 -0.424331 0.489585
vn -0.062852 0.996162 -0.060922
vn 0.519453 0.851975 0.065632
vn 0.236665 0.971227 -0.026596
vn 0.954821 0.125824 0.269230
vn -0.894105 0.326612 0.306432
vn -0.278645 -0.959546 -0.040351
vn -0.616658 -0.778338 0.117997
vn -0.737382 0.489858 0.465089
vn 0.019334 -0.863511 0.503959
vn -0.774524 0.222119 0.592264
vn -0.841511 0.391760 0.371999
vn -0.891782 -0.258787 0.371153
vn -0.000025 0.000395 1.000000
vn 0.121962 -0.991548 -0.044238
vn 0.204827 -0.978798 -0.000000
vn 0.305991 -0.925414 0.223559
vn 0.791490 -0.568839 0.223528
vn 0.622711 0.470363 0.625292
vn 0.193596 0.734066 0.650897
vn -0.305614 0.748222 0.588867
vn -0.227296 -0.746544 0.625307
vn -0.622703 -0.470367 0.625297
vn 0.254926 -0.737580 0.625291
vn -0.472427 -0.041191 0.880407
vn 0.639778 -0.446887 0.625281
vn 0.780252 0.014523 0.625297
vn -0.106820 -0.462053 0.880395
vn -0.357997 -0.311016 0.880401
vn 0.356553 0.311328 0.880877
vn 0.185173 -0.436587 0.880399
vn -0.405772 0.245242 0.880457
vn -0.153269 0.474502 0.866808
vn -0.305960 0.925438 0.223503
vn -0.994187 0.107670 -0.000000
vn -0.780253 -0.014526 0.625296
vn 0.974685 0.005012 0.223525
vn 0.867601 0.497260 -0.000000
vn -0.000001 0.550851 -0.834603
vn -0.759373 -0.047028 -0.648953
vn -0.894156 0.041062 -0.445868
vn 0.536344 0.122969 0.834993
vn 0.955215 0.295913 0.000005
vn -0.409654 -0.912241 -0.000000
vn -0.974684 -0.005032 0.223530
vn -0.790586 -0.588210 -0.170245
vn -0.703275 0.548122 -0.452733
vn 0.145607 0.968325 -0.202844
vn -0.287101 0.911661 -0.294019
vn 0.747688 0.553292 -0.367193
vn -0.667642 0.305541 -0.678895
vn 0.994184 -0.107690 -0.000000
vn -0.639257 0.447190 0.625597
vn 0.406419 -0.244358 0.880405
vn 0.131934 0.410503 0.902264
vn -0.528698 0.563306 -0.634952
vn 0.990069 0.136502 -0.033638
vn -0.918499 0.341786 0.198853
vn 0.834889 0.239061 -0.495793
vn 0.900575 0.070809 -0.428895
vn -0.563279 0.710413 0.421936
vn 0.764194 0.640438 -0.076459
vn -0.515124 0.824738 0.233355
vn 0.680715 0.522792 -0.513144
vn 0.785180 0.359359 0.504335
vn 0.992943 0.118443 0.005960
vn 0.962526 0.230204 -0.143356
vn 0.859340 0.207163 0.467567
vn 0.453769 0.375796 0.808005
vn 0.709852 0.583072 0.395141
vn 0.544199 0.290057 0.787220
vn 0.383384 0.063556 0.921400
vn 0.626650 -0.619324 0.473019
vn 0.409405 0.124582 0.903807
vn 0.953980 0.223929 0.199446
vn 0.048692 0.774060 0.631237
vn -0.475700 -0.293686 0.829131
vn 0.733118 0.493309 0.468171
vn -0.643770 -0.169870 0.746126
vn 0.945574 0.245431 0.213666
vn -0.845379 -0.476489 0.241437
vn 0.652949 -0.045350 0.756043
vn 0.362168 0.153373 0.919408
vn 0.257260 -0.029246 0.965900
vn 0.964635 0.099707 -0.244005
vn 0.994592 0.102338 -0.017698
vn 0.386977 0.500099 0.774693
vn 0.441555 0.585567 0.679809
vn 0.840887 0.353815 0.409540
vn 0.208482 -0.131714 -0.969116
vn -0.600745 -0.797447 -0.056430
vn -0.996845 -0.065139 0.045358
vn -0.636110 -0.276836 0.720227
vn -0.696388 -0.325358 0.639677
vn 0.064828 0.342064 0.937438
vn 0.251564 0.014677 0.967729
vn 0.817521 0.546251 0.182399
vn 0.353395 0.933631 -0.058702
vn 0.924364 0.380392 -0.029207
vn 0.894802 0.442769 -0.057322
vn 0.122917 0.155311 -0.980189
vn 0.946598 -0.066296 0.315528
vn -0.462357 -0.413835 0.784198
vn 0.392291 -0.093368 -0.915091
vn -0.920271 -0.326971 -0.214923
vn -0.945688 -0.306611 -0.108000
vn 0.340151 0.906386 0.250522
vn 0.954897 0.267773 0.128335
vn 0.861745 0.256353 0.437812
vn -0.130727 -0.075876 0.988511
vn 0.401947 0.205005 -0.892419
vn 0.664287 -0.149107 -0.732455
vn 0.204842 0.468071 0.859622
vn -0.500898 -0.408698 -0.762933
vn 0.284304 -0.218679 -0.933462
vn 0.523017 0.043227 -0.851226
vn 0.457747 0.409168 0.789335
vn 0.389944 0.275305 -0.878721
vn 0.456323 0.305673 -0.835664
vn -0.188167 0.753486 0.629962
vn -0.101115 0.994722 0.017418
vn -0.619203 0.604226 -0.501496
vn -0.409654 0.852247 0.325361
vn -0.128320 0.840429 0.526511
vn -0.881012 0.391059 -0.266254
vn -0.159686 0.980900 0.111065
vn -0.197691 0.958376 0.205992
vn -0.769603 0.320617 0.552192
vn 0.900621 0.264022 -0.345215
vn 0.812876 0.575951 -0.086677
vn 0.996954 0.057962 -0.052188
vn 0.909961 0.209609 -0.357819
vn 0.997167 -0.074424 0.010877
vn 0.376618 0.089959 -0.921990
vn 0.740906 0.359598 0.567228
vn 0.864688 0.249944 0.435709
vn 0.830329 0.328764 0.449965
vn 0.776703 0.585680 0.231757
vn 0.976983 -0.064231 0.203419
vn 0.749839 0.185065 -0.635211
vn 0.847415 0.354931 0.394856
vn 0.867649 -0.291053 -0.403079
vn 0.764191 -0.321050 -0.559409
vn 0.954627 0.293163 -0.052377
vn 0.892498 0.100389 -0.439737
vn -0.055283 0.974339 0.218190
vn 0.357315 -0.054692 -0.932381
vn 0.238255 -0.068458 -0.968787
vn -0.036660 0.909748 0.413540
vn 0.602235 0.784431 0.148260
vn -0.069026 0.994249 -0.081876
vn 0.996501 0.065320 -0.052141
vn 0.008473 0.996147 -0.087287
vn 0.209391 0.549751 -0.808659
vn 0.676006 0.276018 -0.683249
vn 0.467645 -0.195908 -0.861933
vn -0.483273 0.873386 -0.060366
vn 0.333593 0.866635 -0.371026
vn 0.673033 -0.086096 -0.734584
vn 0.792520 0.436818 -0.425561
vn 0.900671 -0.099638 -0.422922
vn 0.851866 0.242524 -0.464226
vn 0.722477 -0.184778 -0.666246
vn 0.078131 -0.269356 -0.959866
vn 0.163618 0.386697 -0.907576
vn 0.269953 0.738989 -0.617268
vn 0.596143 0.770297 -0.226399
vn 0.573787 0.310792 -0.757744
vn 0.163704 0.647588 -0.744198
vn 0.709659 -0.027448 -0.704011
vn 0.224841 0.442476 -0.868137
vn 0.243965 0.599907 -0.761966
vn 0.092939 0.860707 0.500546
vn 0.910313 -0.168306 0.378159
vn 0.199568 0.919822 0.337788
vn 0.811134 0.189195 0.553414
vn 0.446437 -0.158096 0.880738
vn 0.158928 -0.448094 0.879746
vn -0.271457 0.907103 0.321676
vn -0.008596 0.783082 0.621859
vn -0.113507 0.859105 0.499055
vn 0.972981 -0.084755 -0.214765
vn 0.451260 -0.354108 -0.819129
vn 0.715040 -0.011016 -0.698996
vn 0.912072 0.345865 0.220232
vn -0.708265 0.510203 -0.487907
vn -0.466334 0.880066 0.089535
vn -0.637634 0.597152 0.486654
vn -0.790165 0.563587 -0.240850
vn -0.352206 0.818173 0.454472
vn -0.124251 0.854331 0.504658
vn 0.540444 0.518733 0.662448
vn 0.258008 0.763799 0.591644
vn -0.104104 0.895804 0.432086
vn -0.093170 0.991259 0.093409
vn 0.053097 0.850174 0.523818
vn -0.166150 0.583065 0.795254
vn -0.173019 0.784641 0.595317
vn 0.718544 0.601221 0.349611
vn 0.481494 0.647836 -0.590316
vn -0.180465 0.926897 0.329082
vn 0.626650 -0.619324 0.473019
vn -0.177760 0.920721 0.347382
vn -0.511582 0.453506 0.729805
vn -0.819315 0.560365 0.121302
vn -0.710467 0.482322 0.512446
vn 0.317810 0.820047 0.475941
vn -0.506889 0.397746 0.764763
vn 0.319305 0.838054 0.442391
vn -0.060809 0.740463 0.669341
vn 0.308407 -0.279096 0.909390
vn 0.676037 0.279024 0.681997
vn -0.277681 0.462658 0.841927
vn 0.306964 -0.186976 0.933174
vn -0.326611 0.513578 0.793450
vn -0.542738 0.293583 0.786921
vn 0.759328 0.568878 0.315909
vn 0.338574 0.227871 0.912931
vn 0.460672 0.845328 0.270560
vn 0.593444 0.422048 0.685347
vn 0.598833 -0.142479 0.788098
vn 0.558912 -0.401848 0.725352
vn 0.744765 -0.107489 0.658613
vn 0.753346 0.018383 0.657367
vn 0.124713 0.721619 0.680965
vn 0.920921 -0.149204 0.360059
vn 0.938619 0.093105 0.332154
vn 0.214015 0.135067 0.967448
vn 0.515699 -0.332747 0.789515
vn 0.626778 -0.052958 0.777396
vn -0.990340 0.066408 0.121720
vn -0.721472 0.508880 -0.469595
vn -0.759405 0.254984 -0.598571
vn -0.962338 0.101045 0.252381
vn -0.997660 0.046793 0.049840
vn -0.944542 -0.327773 0.020137
vn -0.854932 -0.205813 -0.476164
vn -0.797231 -0.224858 -0.560233
vn -0.778067 -0.507806 -0.369789
vn -0.752838 0.004358 -0.658191
vn -0.870693 0.004057 -0.491811
vn -0.933691 -0.100391 0.343720
vn -0.994827 0.061128 0.081133
vn -0.908087 0.009489 -0.418674
vn -0.965426 0.142003 0.218605
vn -0.909916 0.143515 0.389173
vn -0.843338 0.482717 -0.236147
vn -0.796064 0.256012 -0.548398
vn -0.000000 -0.539463 -0.842009
vn -0.000001 0.550851 -0.834603
vn 0.703275 0.548121 -0.452733
vn -0.519320 -0.038309 0.853721
vn -0.991156 0.057931 0.119387
vn -0.973871 -0.211780 -0.082004
vn -0.536344 0.122968 0.834993
vn -0.819797 0.165730 0.548148
vn -0.463024 0.265313 0.845705
vn -0.939194 -0.042731 -0.340718
vn -0.999814 0.000111 0.019285
vn -0.796064 0.256009 0.548398
vn -0.990341 0.066407 -0.121717
vn -0.843338 0.482716 0.236148
vn -0.955215 0.295914 0.000002
vn -0.692898 0.721036 0.000001
vn -0.778066 -0.507807 0.369791
vn -0.965425 0.142002 -0.218609
vn -0.969971 0.243219 -0.000000
vn -0.933691 -0.100392 -0.343720
vn -0.996171 0.052604 -0.069821
vn -0.939876 0.255325 0.226809
vn 0.718089 -0.568812 -0.401001
vn -0.000001 -0.023902 -0.999714
vn 0.000000 0.392977 -0.919548
vn -0.826181 -0.296285 0.479209
vn -0.992314 0.068797 0.102861
vn -0.726026 0.223582 0.650305
vn -0.759404 0.254983 0.598573
vn -0.721472 0.508878 0.469597
vn -0.752836 0.004357 0.658194
vn -0.797230 -0.224859 0.560235
vn -0.874790 0.229163 0.426880
vn -0.944544 -0.327768 -0.020140
vn -0.962336 0.101051 -0.252384
vn -0.963112 -0.269100 0.000001
vn -0.908087 0.009489 0.418673
vn 0.619862 0.365285 -0.694505
vn 0.109107 0.017702 -0.993872
vn -0.719339 -0.667673 0.191738
vn -0.821350 -0.046201 0.568551
vn -0.663916 -0.072920 0.744243
vn -0.803686 -0.043765 0.593442
vn 0.837282 0.002566 -0.546765
vn -0.000001 0.145554 -0.989350
vn -0.000001 -0.101478 -0.994838
vn 0.000000 -0.574515 -0.818494
vn -0.000001 0.185707 -0.982605
vn 0.866057 0.046903 -0.497741
vn 0.759372 -0.047028 -0.648955
vn 0.997661 0.046793 0.049824
vn 0.330728 0.059445 -0.941852
vn 0.796063 0.256010 -0.548399
vn -0.857417 0.044805 0.512668
vn 0.843338 0.482720 -0.236141
vn -0.486945 0.234242 0.841436
vn -0.808055 0.168000 0.564644
vn -0.913643 0.037097 0.404822
vn -0.000002 0.767117 -0.641507
vn 0.463022 0.265314 -0.845706
vn -0.000000 -0.972697 0.232080
vn 0.874792 0.229161 -0.426878
vn 0.714645 -0.208618 -0.667653
vn 0.778342 -0.623483 -0.073843
vn 0.992314 0.068800 -0.102861
vn 0.788166 0.597046 -0.149432
vn -0.000002 0.068583 -0.997645
vn -0.000001 -0.829558 -0.558420
vn 0.991157 0.057926 -0.119384
vn 0.973871 -0.211781 0.082004
vn 0.790586 -0.588209 -0.170248
vn 0.759132 0.102191 -0.642865
vn -0.000002 -0.090944 -0.995856
vn -0.020950 0.352705 -0.935500
vn -0.000001 -0.148959 -0.988843
vn 0.894155 0.041062 -0.445870
vn 0.778066 -0.507806 -0.369793
vn 0.939192 -0.042734 0.340722
vn 0.536346 0.122970 -0.834991
vn 0.726030 0.223583 -0.650301
vn 0.939875 0.255326 -0.226811
vn 0.999814 0.000109 -0.019285
vn 0.996524 0.065497 0.051485
vn 0.990340 0.066405 0.121726
vn 0.797231 -0.224859 -0.560234
vn 0.752832 0.004358 -0.658198
vn 0.909917 0.143511 0.389173
vn 0.933690 -0.100393 0.343721
vn 0.962338 0.101045 0.252379
vn 0.870691 0.004054 -0.491814
vn -0.714643 -0.208622 0.667654
vn -0.996523 0.065499 -0.051486
vn -0.778342 -0.623483 0.073844
vn -0.475946 -0.010942 0.879406
vn -0.788170 0.597041 0.149435
vn -0.854083 -0.310026 0.417644
vn 0.908086 0.009489 -0.418675
vn 0.944541 -0.327775 0.020135
vn 0.854929 -0.205812 -0.476169
vn 0.519324 -0.038307 -0.853718
vn -0.000002 0.984887 -0.173196
vn -0.000014 0.776983 -0.629522
vn 0.721470 0.508885 -0.469594
vn -0.000003 -0.463203 -0.886252
vn 0.854085 -0.310020 -0.417644
vn 0.819795 0.165731 -0.548151
vn 0.759406 0.254980 -0.598571
vn -0.844666 0.535294 0.000002
vn -0.999814 0.000114 -0.019285
vn -0.939193 -0.042732 0.340721
vn 0.994827 0.061128 0.081133
vn 0.965425 0.142006 0.218606
vn 0.766274 -0.600245 0.229194
vn -0.000002 0.238356 -0.971178
vn -0.463024 0.265315 -0.845705
vn -0.788168 0.597044 -0.149434
vn -0.536348 0.122970 -0.834991
vn -0.726027 0.223584 -0.650304
vn -0.991157 0.057930 -0.119384
vn -0.939876 0.255324 -0.226811
vn -0.992314 0.068797 -0.102860
vn -0.854082 -0.310023 -0.417648
vn -0.874790 0.229162 -0.426881
vn -0.819796 0.165731 -0.548149
vn -0.996523 0.065499 0.051488
vn -0.778342 -0.623483 -0.073845
vn -0.663917 -0.072921 -0.744243
vn -0.973871 -0.211778 0.082004
vn -0.703274 0.548121 0.452734
vn -0.719339 -0.667673 -0.191737
vn -0.519323 -0.038307 -0.853719
vn -0.714643 -0.208620 -0.667655
vn -0.475948 -0.010946 -0.879405
vn -0.619862 0.365286 0.694504
vn -0.803685 -0.043764 -0.593444
vn -0.939250 0.343235 0.000001
vn -0.937653 -0.347572 0.000001
vn -1.000000 0.000000 -0.000000
vn 0.803695 -0.043752 -0.593430
vn -0.000003 0.888288 -0.459286
vn -0.000003 -0.581813 -0.813323
vn 0.663919 -0.072923 -0.744240
vn 0.719341 -0.667673 -0.191733
vn -1.000000 0.000000 -0.000000
vn -0.950077 0.312015 0.000000
vn -1.000000 0.000000 -0.000000
vn -0.996237 -0.086675 -0.000002
vn -0.999982 -0.005989 0.000001
vn -0.870691 0.004058 0.491813
vn -0.854930 -0.205813 0.476168
vn -0.999919 0.012721 -0.000004
vn -0.997661 0.046792 -0.049837
vn -0.714834 -0.699294 0.000001
vn -0.882971 -0.469428 -0.000001
vn -0.909913 0.143522 -0.389178
vn -0.826180 -0.296283 -0.479211
vn -0.829311 -0.558788 0.000000
vn -1.000000 0.000000 -0.000000
vn 0.844666 0.535294 0.000000
vn -0.790586 -0.588209 0.170245
vn -0.295646 0.182348 0.937733
vn -1.000000 0.000000 0.000003
vn -0.766272 -0.600246 -0.229198
vn -0.835761 0.004507 0.549075
vn -0.718090 -0.568812 0.400999
vn 1.000000 0.000000 -0.000000
vn 1.000000 0.000000 -0.000000
vn -1.000000 0.000000 -0.000000
vn 1.000000 0.000000 -0.000000
vn 0.939250 0.343234 0.000000
vn -0.708411 0.078299 0.701443
vn 0.826191 -0.296271 -0.479200
vn -0.000000 0.392976 0.919549
vn -0.000002 0.550851 0.834603
vn 0.619862 0.365285 0.694506
vn 0.703275 0.548121 0.452733
vn 0.475951 -0.010945 -0.879403
vn 0.643155 -0.743485 -0.183251
vn -0.395795 -0.706698 0.586451
vn -0.612940 -0.790111 0.005401
vn 0.451164 -0.844973 -0.287178
vn 0.148951 -0.202775 0.967831
vn 0.551019 -0.827531 0.107562
vn -0.691822 -0.718160 0.075024
vn -0.679052 -0.681374 0.273163
vn 0.397099 -0.543592 -0.739473
vn -0.617340 -0.773495 -0.143516
vn 0.346903 -0.600754 0.720245
vn 0.551019 -0.827531 0.107562
vn 0.569263 -0.710484 0.413706
vn -0.070125 -0.439515 -0.895494
vn -0.640210 -0.765181 0.068036
vn 0.569263 -0.710484 0.413706
vn 0.716845 0.317574 0.620709
vn 0.148951 -0.202775 0.967831
vn 0.718089 -0.568812 0.401001
vn -0.000000 -0.539463 0.842009
vn 0.829310 -0.558789 0.000000
vn 0.851907 -0.512589 -0.107273
vn 0.689845 -0.713900 -0.120255
vn 0.352502 -0.811050 -0.466841
vn -0.395795 -0.706698 0.586451
vn 1.000000 0.000000 0.000001
vn -0.000001 -1.000000 -0.000000
vn -0.679052 -0.681374 0.273163
vn -0.427561 -0.732000 -0.530441
vn 0.790585 -0.588209 0.170249
vn 0.937653 -0.347572 0.000000
vn 0.000000 -0.574516 0.818494
vn 0.004439 0.515710 -0.856752
vn 0.766274 -0.600245 -0.229194
vn -0.000001 0.566007 0.824400
vn 0.015504 0.015435 0.999761
vn 0.694924 -0.025852 0.718618
vn -0.975770 -0.163609 -0.145272
vn -0.000001 -0.024095 0.999710
vn 0.835760 0.004507 0.549076
vn -0.077091 -0.104434 0.991539
vn -0.000001 0.058184 0.998306
vn -0.961033 0.258503 0.097931
vn 0.857416 0.044805 0.512669
vn 0.595037 0.114852 0.795450
vn 0.000002 -0.277011 0.960867
vn -0.000001 0.150176 0.988659
vn 0.759403 0.254986 0.598573
vn -0.619863 0.365286 -0.694504
vn -0.000002 0.238355 0.971178
vn 0.969971 0.243220 -0.000000
vn 0.463020 0.265314 0.845707
vn 0.939876 0.255327 0.226809
vn 0.973870 -0.211782 -0.082005
vn 0.854081 -0.310031 0.417643
vn -0.000002 0.984888 0.173194
vn -0.000012 0.776989 0.629515
vn 0.726026 0.223583 0.650305
vn 0.703275 0.548121 -0.452733
vn -0.000001 0.550851 -0.834603
vn -0.000003 0.021509 -0.999769
vn -0.734013 -0.015762 0.678952
vn -0.999981 0.006232 0.000002
vn -0.000000 -0.972696 -0.232081
vn 0.874791 0.229166 0.426877
vn 0.778342 -0.623483 0.073842
vn 0.519319 -0.038309 0.853721
vn -0.000003 -0.463204 0.886252
vn 0.719341 -0.667672 0.191733
vn -0.000000 -0.010891 -0.999941
vn 0.734012 -0.015760 -0.678954
vn -0.000000 -0.067659 -0.997708
vn 0.000000 -0.574515 -0.818494
vn 0.788167 0.597045 0.149432
vn 0.663915 -0.072923 0.744244
vn -0.000002 0.068582 0.997645
vn 0.714646 -0.208617 0.667652
vn -0.000002 -0.829558 0.558421
vn 0.826178 -0.296291 0.479209
vn 0.803683 -0.043771 0.593446
vn 0.000000 -0.581815 0.813321
vn 0.703275 0.548121 0.452733
vn -0.000002 0.550851 0.834603
vn -0.000003 0.021508 0.999769
vn 0.790586 -0.588209 -0.170248
vn 0.618350 0.015338 -0.785753
vn 0.991157 0.057926 0.119384
vn -0.703275 0.548122 -0.452733
vn 0.774063 -0.040742 -0.631797
vn -0.999988 -0.004861 -0.000000
vn -0.774065 -0.040741 0.631794
vn 0.475943 -0.010943 0.879408
vn 0.000000 0.888292 0.459280
vn 0.992314 0.068800 0.102861
vn 0.844666 0.535294 0.000000
vn -0.000003 -0.010892 0.999941
vn -0.000001 -0.067659 0.997708
vn 0.999998 -0.002201 -0.000006
vn -0.790586 -0.588209 0.170245
vn -1.000000 0.000000 0.000003
vn -0.618349 0.015336 0.785753
vn -0.774065 -0.040743 -0.631794
vn -0.703274 0.548121 0.452734
vn -0.844666 0.535294 0.000002
vn -0.999998 -0.002201 0.000000
vn -0.790586 -0.588210 -0.170245
vn -0.734014 -0.015761 -0.678952
vn -0.618350 0.015337 -0.785753
vn 0.000000 -0.574516 0.818494
vn 0.645588 0.715491 0.266999
vn -0.684418 0.723080 -0.093417
vn 0.820554 0.385179 -0.422289
vn 0.885161 0.262912 -0.383884
vn -0.706849 0.704892 -0.059087
vn -0.678316 0.702503 -0.215354
vn -0.008849 0.999282 -0.036848
vn 0.544860 0.835474 -0.071488
vn 0.999981 0.006232 -0.000002
vn 1.000000 0.000000 0.000001
vn 0.734015 -0.015760 0.678950
vn 0.618348 0.015336 0.785755
vn 0.999988 -0.004860 0.000001
vn 0.790585 -0.588209 0.170249
vn 0.774065 -0.040740 0.631794
vn 0.185694 0.813597 -0.550979
vn 0.717716 0.555775 -0.419520
vn -0.818318 0.555781 -0.146505
vn -0.799336 0.561702 0.213432
vn -0.486193 0.469878 -0.736771
vn -0.019497 0.997559 -0.067054
vn -0.826152 0.549717 -0.123628
vn -0.559201 0.635102 -0.532860
vn 0.381274 0.584294 -0.716401
vn 0.554791 0.701675 -0.447055
vn 0.073606 0.960825 -0.267204
vn -0.851872 0.520321 0.059829
vn -0.042076 0.968171 -0.246728
vn 0.000000 1.000000 -0.000000
vn -0.699587 0.707222 0.102055
vn -0.001641 0.999907 -0.013520
vn 0.558463 0.724070 0.404774
vn 0.499697 0.397338 0.769692
vn 0.796122 0.603610 -0.042938
vn 0.148789 0.933910 0.325074
vn -0.599359 0.800141 -0.023304
vn 0.000000 1.000000 -0.000000
vn 0.367449 0.916993 0.155258
vn 0.549549 0.833381 -0.058919
vn 0.696055 0.707452 0.122555
vn 0.704215 0.707324 0.061428
vn 0.706637 0.707107 0.025772
vn 0.599790 0.800038 0.013803
vn -0.004883 0.999988 0.000139
vn 0.563198 0.825851 -0.027895
vn -0.004146 0.999953 0.008765
vn 0.328151 0.746477 -0.578868
vn -0.705023 0.707375 0.050631
vn 0.000000 1.000000 -0.000000
vn -0.706490 0.707107 0.029504
vn -0.706971 0.707242 0.000958
vn 0.000000 1.000000 -0.000000
vn 0.000000 1.000000 -0.000000
vn -0.560810 0.757574 -0.334027
vn -0.011434 0.998898 -0.045525
vn -0.781499 0.586652 -0.212366
vn -0.289146 0.931131 -0.222237
vn -0.765811 0.361762 0.531659
vn -0.423193 0.867574 0.261194
vn -0.491508 0.625173 -0.606283
vn -0.416258 0.102696 -0.903428
vn 0.237519 0.071460 -0.968751
vn 0.426802 0.035551 -0.903646
vn -0.227111 0.027356 -0.973485
vn -0.226264 0.027282 -0.973684
vn 0.242480 0.071612 -0.967510
vn 0.432428 0.038258 -0.900856
vn -0.420764 0.098703 -0.901784
vn 0.370170 0.411541 -0.832831
vn -0.418500 0.034177 -0.907574
vn 0.001871 0.027761 -0.999613
vn -0.226784 0.027406 -0.973559
vn -0.424526 0.102649 -0.899578
vn -0.424835 0.104571 -0.899211
vn -0.343284 0.127185 -0.930580
vn -0.413472 0.128771 -0.901365
vn 0.279270 0.405223 -0.870519
vn 0.001034 0.369759 -0.929127
vn -0.420756 0.029887 -0.906681
vn -0.419939 0.070694 -0.904795
vn 0.308840 0.068649 -0.948633
vn 0.368055 0.069179 -0.927227
vn 0.319642 0.135331 -0.937824
vn 0.419682 0.128914 -0.898470
vn 0.230348 0.027329 -0.972725
vn -0.226409 0.027064 -0.973656
vn -0.231558 0.379732 -0.895648
vn -0.352378 0.318723 -0.879912
vn -0.241509 0.305657 -0.921003
vn -0.378436 0.209322 -0.901649
vn 0.000958 0.402604 -0.915374
vn -0.418139 0.035052 -0.907706
vn -0.274916 0.404934 -0.872037
vn -0.279387 0.215108 -0.935773
vn 0.001654 0.225373 -0.974271
vn -0.332940 0.060203 -0.941024
vn 0.001220 0.312438 -0.949938
vn 0.283905 0.215254 -0.934379
vn 0.384307 0.209343 -0.899157
vn -0.364659 0.411441 -0.835308
vn -0.031527 0.046578 -0.998417
vn -0.372678 0.031583 -0.927423
vn -0.419413 0.028616 -0.907344
vn 0.001949 0.131819 -0.991272
vn -0.357050 0.391623 -0.848025
vn 0.235337 0.380106 -0.894503
vn 0.362521 0.391820 -0.845610
vn 0.245492 0.305886 -0.919874
vn 0.357900 0.318934 -0.877604
vn 0.535084 0.000086 0.844799
vn -0.429568 0.088582 0.898679
vn 0.313927 0.117164 0.942190
vn 0.381569 0.063186 0.922178
vn 0.490426 0.025784 0.871101
vn 0.426778 0.088709 0.899995
vn 0.270715 0.148014 0.951212
vn -0.381953 0.125127 0.915672
vn 0.313149 0.151208 0.937590
vn 0.400107 0.134863 0.906491
vn 0.271708 -0.041246 0.961495
vn -0.538131 0.000086 0.842861
vn 0.142484 -0.027811 0.989406
vn 0.513835 -0.005641 0.857870
vn -0.118738 0.087302 0.989080
vn -0.000492 0.150712 0.988578
vn 0.272750 -0.038973 0.961295
vn -0.512424 -0.002255 0.858730
vn -0.523429 -0.024082 0.851729
vn -0.498071 -0.014379 0.867017
vn -0.316066 0.117103 0.941482
vn -0.452000 -0.028349 0.891567
vn -0.380240 0.005906 0.924869
vn -0.384030 0.063136 0.921159
vn -0.493391 0.025729 0.869427
vn 0.377764 0.005908 0.925883
vn 0.515397 0.000000 0.856951
vn 0.432373 -0.023278 0.901395
vn -0.498071 -0.014380 0.867017
vn -0.498071 -0.014379 0.867017
vn -0.498071 -0.014380 0.867017
vn -0.219687 -0.024572 0.975261
vn -0.381785 -0.032681 0.923673
vn 0.491071 -0.013720 0.871011
vn 0.499541 -0.017935 0.866104
vn -0.498866 0.001449 0.866678
vn -0.513289 -0.014690 0.858090
vn -0.000793 0.154540 0.987986
vn -0.001011 0.090632 0.995884
vn 0.385021 -0.029701 0.922430
vn -0.001162 0.017828 0.999840
vn -0.055887 -0.050760 0.997146
vn -0.000515 0.172961 0.984928
vn 0.379355 0.125272 0.916732
vn -0.272625 0.147931 0.950680
vn -0.402794 0.134689 0.905326
vn -0.315347 0.151095 0.936871
vn -0.274768 -0.038950 0.960721
vn -0.275491 -0.036949 0.960593
vt 0.581500 0.680000
vt 0.578800 0.664600
vt 0.580000 0.671900
vt 0.330700 0.657600
vt 0.312700 0.647400
vt 0.569400 0.688100
vt 0.319600 0.640600
vt 0.589100 0.669700
vt 0.576100 0.682800
vt 0.562800 0.681200
vt 0.567000 0.669200
vt 0.335700 0.627100
vt 0.322100 0.652900
vt 0.342300 0.639300
vt 0.333600 0.636400
vt 0.649400 0.370100
vt 0.767800 0.337800
vt 0.557900 0.675100
vt 0.735900 0.347500
vt 0.324000 0.632700
vt 0.632700 0.410000
vt 0.726300 0.381300
vt 0.790000 0.368600
vt 0.707100 0.385800
vt 0.588800 0.663200
vt 0.571000 0.675800
vt 0.344100 0.629800
vt 0.633200 0.374400
vt 0.755700 0.343800
vt 0.698000 0.353400
vt 0.317400 0.631600
vt 0.588900 0.678700
vt 0.588100 0.686600
vt 0.747400 0.379600
vt 0.716500 0.349000
vt 0.681200 0.359000
vt 0.662500 0.365000
vt 0.653500 0.403500
vt 0.670500 0.395400
vt 0.325400 0.623900
vt 0.328400 0.644800
vt 0.316400 0.625700
vt 0.313700 0.637700
vt 0.337700 0.648800
vt 0.771200 0.377100
vt 0.688800 0.390100
vt 0.734900 0.408400
vt 0.765600 0.429500
vt 0.756500 0.404100
vt 0.664300 0.486400
vt 0.681900 0.486200
vt 0.693200 0.467100
vt 0.767900 0.442600
vt 0.770000 0.453400
vt 0.658600 0.521900
vt 0.705600 0.510200
vt 0.683000 0.543000
vt 0.718200 0.479500
vt 0.780400 0.484900
vt 0.749300 0.450900
vt 0.801100 0.391700
vt 0.787400 0.448500
vt 0.778800 0.396500
vt 0.691000 0.517300
vt 0.710800 0.459900
vt 0.729200 0.457700
vt 0.645100 0.476800
vt 0.655700 0.473600
vt 0.639100 0.466700
vt 0.819500 0.482700
vt 0.697600 0.480800
vt 0.739100 0.493700
vt 0.800500 0.481800
vt 0.647900 0.488300
vt 0.673300 0.470300
vt 0.789400 0.435800
vt 0.664400 0.461300
vt 0.804200 0.436500
vt 0.807900 0.424800
vt 0.789100 0.424700
vt 0.686200 0.452900
vt 0.674100 0.419000
vt 0.703800 0.444100
vt 0.695400 0.417700
vt 0.743200 0.432900
vt 0.715000 0.412700
vt 0.761400 0.486600
vt 0.753800 0.463400
vt 0.722500 0.436800
vt 0.807800 0.448300
vt 0.678300 0.519800
vt 0.732500 0.472200
vt 0.723200 0.500700
vt 0.666300 0.546900
vt 0.682600 0.540200
vt 0.665800 0.544300
vt 0.657600 0.425100
vt 0.634100 0.433900
vt 0.333700 0.063700
vt 0.327600 0.097000
vt 0.346200 0.101500
vt 0.380100 0.097000
vt 0.896900 0.504800
vt 0.961800 0.658300
vt 0.939100 0.458400
vt 0.947600 0.641200
vt 0.959600 0.660300
vt 0.965000 0.619000
vt 0.978500 0.665800
vt 0.948600 0.388000
vt 0.799000 0.724500
vt 0.796300 0.752700
vt 0.374100 0.063700
vt 0.363800 0.047600
vt 0.327600 0.059300
vt 0.969800 0.552900
vt 0.978500 0.690300
vt 0.944300 0.620400
vt 0.950700 0.639100
vt 0.934600 0.389500
vt 0.787200 0.728800
vt 0.361600 0.054700
vt 0.344000 0.047600
vt 0.333700 0.092500
vt 0.978500 0.553000
vt 0.978500 0.512800
vt 0.951000 0.338800
vt 0.947100 0.595100
vt 0.963400 0.583400
vt 0.969800 0.594600
vt 0.978500 0.593700
vt 0.978500 0.619200
vt 0.947400 0.703900
vt 0.969300 0.511700
vt 0.948600 0.619000
vt 0.952100 0.601200
vt 0.978500 0.577000
vt 0.960800 0.537500
vt 0.978600 0.041300
vt 0.946600 0.416000
vt 0.956500 0.571500
vt 0.932400 0.588900
vt 0.944300 0.561900
vt 0.930600 0.546400
vt 0.978500 0.631900
vt 0.978500 0.668900
vt 0.966200 0.633500
vt 0.946200 0.147800
vt 0.925400 0.181300
vt 0.969300 0.645200
vt 0.978500 0.646100
vt 0.947400 0.205500
vt 0.931500 0.500800
vt 0.893300 0.518200
vt 0.890900 0.586400
vt 0.062732 0.791362
vt 0.060981 0.776646
vt 0.036214 0.785287
vt 0.075716 0.803305
vt 0.094100 0.797569
vt 0.089090 0.790471
vt 0.020600 0.771500
vt 0.028297 0.787426
vt 0.166200 0.785650
vt 0.163108 0.787584
vt 0.161432 0.795735
vt 0.142796 0.804355
vt 0.032061 0.792054
vt 0.124508 0.800779
vt 0.052150 0.807633
vt 0.131800 0.604600
vt 0.055900 0.798182
vt 0.094100 0.637200
vt 0.166200 0.604600
vt 0.094100 0.604600
vt 0.055900 0.771500
vt 0.094100 0.735600
vt 0.055900 0.637200
vt 0.020600 0.637200
vt 0.020600 0.604600
vt 0.094100 0.702900
vt 0.094100 0.666500
vt 0.027820 0.754188
vt 0.020600 0.763525
vt 0.020600 0.702900
vt 0.055900 0.735600
vt 0.055900 0.666500
vt 0.020600 0.666500
vt 0.055900 0.702900
vt 0.131800 0.771500
vt 0.094100 0.771500
vt 0.055900 0.604600
vt 0.020600 0.738926
vt 0.025431 0.743781
vt 0.020600 0.735600
vt 0.558600 0.325700
vt 0.478100 0.320800
vt 0.552500 0.348400
vt 0.533100 0.340600
vt 0.516700 0.316500
vt 0.460100 0.341200
vt 0.460800 0.290900
vt 0.417100 0.293200
vt 0.439300 0.345100
vt 0.563700 0.505100
vt 0.459500 0.321500
vt 0.458200 0.764600
vt 0.570700 0.472600
vt 0.468300 0.752300
vt 0.570300 0.493200
vt 0.398900 0.505100
vt 0.479400 0.336200
vt 0.438800 0.293100
vt 0.431200 0.495300
vt 0.535800 0.294900
vt 0.563600 0.301900
vt 0.497300 0.320600
vt 0.516100 0.291700
vt 0.478200 0.289600
vt 0.438800 0.319200
vt 0.572400 0.563100
vt 0.438600 0.566300
vt 0.562500 0.552700
vt 0.437800 0.595700
vt 0.449400 0.556500
vt 0.412400 0.596400
vt 0.586800 0.310100
vt 0.580900 0.332300
vt 0.595700 0.367400
vt 0.523100 0.389900
vt 0.498500 0.396300
vt 0.566800 0.411900
vt 0.566600 0.432000
vt 0.399000 0.430300
vt 0.520300 0.420900
vt 0.609400 0.317500
vt 0.494100 0.422000
vt 0.603200 0.341100
vt 0.545400 0.424100
vt 0.574000 0.357100
vt 0.394900 0.349900
vt 0.373100 0.296900
vt 0.370100 0.321900
vt 0.416800 0.320500
vt 0.417800 0.348200
vt 0.557300 0.802800
vt 0.370200 0.351100
vt 0.392400 0.293000
vt 0.546900 0.400100
vt 0.423500 0.594300
vt 0.387700 0.406500
vt 0.398500 0.600000
vt 0.551200 0.537600
vt 0.449700 0.546900
vt 0.547700 0.449700
vt 0.491000 0.452000
vt 0.465900 0.440100
vt 0.444400 0.461200
vt 0.466100 0.457500
vt 0.421600 0.446200
vt 0.565100 0.543400
vt 0.573200 0.555400
vt 0.430700 0.565500
vt 0.552500 0.560300
vt 0.423000 0.562200
vt 0.427100 0.544200
vt 0.424600 0.553700
vt 0.547700 0.545600
vt 0.377900 0.596900
vt 0.448300 0.598400
vt 0.443400 0.444500
vt 0.595900 0.603200
vt 0.409300 0.563700
vt 0.581600 0.601300
vt 0.569100 0.441500
vt 0.393400 0.321200
vt 0.374600 0.470700
vt 0.495400 0.884200
vt 0.421900 0.505100
vt 0.399400 0.475000
vt 0.285624 0.781335
vt 0.285364 0.789504
vt 0.276123 0.808442
vt 0.272176 0.801503
vt 0.266359 0.790748
vt 0.239361 0.805637
vt 0.271561 0.786395
vt 0.131800 0.666500
vt 0.131800 0.735600
vt 0.166200 0.666500
vt 0.409200 0.585300
vt 0.386100 0.607600
vt 0.591100 0.616200
vt 0.528700 0.713600
vt 0.573100 0.930200
vt 0.488800 0.721100
vt 0.543000 0.754600
vt 0.546300 0.762600
vt 0.372000 0.505100
vt 0.531600 0.359600
vt 0.502300 0.728800
vt 0.440300 0.371900
vt 0.533900 0.739000
vt 0.561200 0.787100
vt 0.573200 0.913300
vt 0.547700 0.930400
vt 0.550200 0.772000
vt 0.554500 0.757900
vt 0.496900 0.756100
vt 0.495400 0.906700
vt 0.388800 0.492900
vt 0.484300 0.795200
vt 0.512700 0.859100
vt 0.519100 0.735300
vt 0.575000 0.454000
vt 0.524600 0.810000
vt 0.525300 0.377100
vt 0.385600 0.391400
vt 0.502800 0.380500
vt 0.420900 0.378000
vt 0.398100 0.379500
vt 0.446300 0.430700
vt 0.469600 0.425600
vt 0.448900 0.404200
vt 0.371200 0.406300
vt 0.450700 0.390900
vt 0.422500 0.433100
vt 0.420800 0.394300
vt 0.421400 0.407600
vt 0.515700 0.754000
vt 0.461800 0.364600
vt 0.523200 0.775900
vt 0.575900 0.803600
vt 0.461000 0.352900
vt 0.536900 0.793500
vt 0.513200 0.704600
vt 0.503200 0.698400
vt 0.478400 0.738000
vt 0.377500 0.426000
vt 0.369400 0.576500
vt 0.475000 0.399000
vt 0.546400 0.438800
vt 0.520500 0.338000
vt 0.497700 0.345700
vt 0.498700 0.335900
vt 0.479000 0.360300
vt 0.475200 0.385700
vt 0.547500 0.369800
vt 0.517200 0.359900
vt 0.395400 0.589400
vt 0.548700 0.383200
vt 0.560400 0.380400
vt 0.609200 0.604400
vt 0.499800 0.365200
vt 0.360500 0.397600
vt 0.567400 0.396800
vt 0.570700 0.589000
vt 0.371500 0.490800
vt 0.400000 0.494400
vt 0.497300 0.930900
vt 0.131800 0.637200
vt 0.166200 0.637200
vt 0.131800 0.702900
vt 0.166200 0.702900
vt 0.166200 0.735600
vt 0.166200 0.771500
vt 0.536500 0.319500
vt 0.495500 0.290400
vt 0.537700 0.275500
vt 0.567100 0.279800
vt 0.372700 0.281700
vt 0.415800 0.273100
vt 0.514100 0.250000
vt 0.494800 0.859700
vt 0.413500 0.495100
vt 0.446200 0.477500
vt 0.422800 0.477600
vt 0.590700 0.295600
vt 0.470800 0.777600
vt 0.516100 0.273500
vt 0.495200 0.273000
vt 0.391300 0.274700
vt 0.401200 0.248100
vt 0.560000 0.562800
vt 0.574400 0.546600
vt 0.434100 0.227400
vt 0.558800 0.541100
vt 0.434600 0.250000
vt 0.492400 0.227400
vt 0.531700 0.227400
vt 0.419500 0.227400
vt 0.494800 0.491300
vt 0.535400 0.250400
vt 0.573900 0.895800
vt 0.416400 0.249200
vt 0.459400 0.493200
vt 0.519100 0.470200
vt 0.478300 0.273800
vt 0.445800 0.494700
vt 0.545200 0.469700
vt 0.446400 0.505100
vt 0.493600 0.471500
vt 0.512600 0.227400
vt 0.457000 0.275200
vt 0.470900 0.505100
vt 0.436900 0.272400
vt 0.612400 0.302200
vt 0.469400 0.474700
vt 0.475100 0.492900
vt 0.495400 0.505100
vt 0.494000 0.249500
vt 0.450000 0.580400
vt 0.431700 0.556200
vt 0.558100 0.581900
vt 0.538000 0.564000
vt 0.556200 0.550500
vt 0.519700 0.435200
vt 0.491800 0.437600
vt 0.518900 0.450400
vt 0.441200 0.548100
vt 0.433500 0.546800
vt 0.515900 0.652900
vt 0.440700 0.557100
vt 0.382200 0.583800
vt 0.400000 0.443500
vt 0.417200 0.576000
vt 0.506400 0.491500
vt 0.518600 0.505100
vt 0.542700 0.505100
vt 0.542400 0.491600
vt 0.221781 0.817164
vt 0.216115 0.809171
vt 0.233442 0.800763
vt 0.182600 0.783611
vt 0.269617 0.780420
vt 0.244046 0.799291
vt 0.448600 0.565800
vt 0.582700 0.570400
vt 0.425300 0.584900
vt 0.536500 0.769200
vt 0.509300 0.834700
vt 0.531700 0.753400
vt 0.497200 0.789300
vt 0.574400 0.821800
vt 0.549100 0.820600
vt 0.573800 0.837400
vt 0.546700 0.782200
vt 0.482700 0.767700
vt 0.547700 0.745900
vt 0.531400 0.491600
vt 0.530600 0.907300
vt 0.492300 0.837200
vt 0.527100 0.834500
vt 0.377800 0.452200
vt 0.402100 0.458500
vt 0.504400 0.810500
vt 0.380200 0.437600
vt 0.471400 0.227400
vt 0.510600 0.783100
vt 0.455900 0.250400
vt 0.451900 0.227400
vt 0.529300 0.858600
vt 0.514500 0.883400
vt 0.404400 0.227400
vt 0.513800 0.907100
vt 0.528800 0.928300
vt 0.512400 0.928100
vt 0.533500 0.883300
vt 0.550300 0.882400
vt 0.547600 0.905900
vt 0.546300 0.837000
vt 0.574000 0.855700
vt 0.574300 0.882400
vt 0.548200 0.858200
vt 0.574300 0.869600
vt 0.556300 0.250800
vt 0.571700 0.575900
vt 0.548700 0.227400
vt 0.498700 0.355900
vt 0.479000 0.350400
vt 0.474000 0.249900
vt 0.544200 0.574800
vt 0.368100 0.384500
vt 0.438600 0.585500
vt 0.544900 0.553500
vt 0.490300 0.814900
vt 0.518900 0.492600
vt 0.190145 0.797070
vt 0.252838 0.811060
vt 0.208600 0.803440
vt 0.262500 0.785571
vt 0.192108 0.810876
vt 0.257456 0.804638
vt 0.677791 0.867953
vt 0.679199 0.872505
vt 0.677573 0.873313
vt 0.684950 0.878915
vt 0.680300 0.865279
vt 0.680300 0.870103
vt 0.236300 0.698200
vt 0.681919 0.869489
vt 0.236300 0.608600
vt 0.236300 0.666000
vt 0.208600 0.774600
vt 0.262500 0.735300
vt 0.182600 0.666000
vt 0.208600 0.735300
vt 0.208600 0.636200
vt 0.208600 0.666000
vt 0.684610 0.864243
vt 0.262500 0.636200
vt 0.690171 0.880308
vt 0.685183 0.876876
vt 0.262500 0.608600
vt 0.288800 0.636200
vt 0.236300 0.735300
vt 0.236300 0.774600
vt 0.236300 0.636200
vt 0.182600 0.735300
vt 0.288800 0.666000
vt 0.182600 0.636200
vt 0.684564 0.869463
vt 0.288800 0.608600
vt 0.262500 0.698200
vt 0.182600 0.698200
vt 0.288800 0.735300
vt 0.262500 0.774600
vt 0.288800 0.774600
vt 0.182600 0.774600
vt 0.288800 0.698200
vt 0.208600 0.608600
vt 0.182600 0.608600
vt 0.208600 0.698200
vt 0.262500 0.666000
vt 0.743500 0.548700
vt 0.668588 0.878498
vt 0.687902 0.881011
vt 0.688233 0.881878
vt 0.690171 0.880308
vt 0.668588 0.878498
vt 0.671002 0.879137
vt 0.671098 0.876411
vt 0.808500 0.507600
vt 0.666765 0.880810
vt 0.468600 0.845800
vt 0.823900 0.605100
vt 0.771400 0.608700
vt 0.756600 0.614200
vt 0.025300 0.288000
vt 0.107500 0.286800
vt 0.454000 0.831000
vt 0.372800 0.990200
vt 0.350400 0.992900
vt 0.649000 0.819000
vt 0.624100 0.829000
vt 0.734900 0.805800
vt 0.756900 0.811600
vt 0.706500 0.807500
vt 0.752000 0.831700
vt 0.420400 0.985500
vt 0.730300 0.822000
vt 0.352200 0.963700
vt 0.722700 0.566400
vt 0.140000 0.827700
vt 0.765400 0.532700
vt 0.696400 0.550100
vt 0.733700 0.533900
vt 0.713900 0.549300
vt 0.747600 0.600500
vt 0.704400 0.815400
vt 0.322300 0.996300
vt 0.174700 0.827700
vt 0.711500 0.538700
vt 0.677200 0.815500
vt 0.693700 0.613900
vt 0.737200 0.634600
vt 0.675000 0.623600
vt 0.249600 0.827800
vt 0.394400 0.987900
vt 0.115100 0.827700
vt 0.303900 0.996300
vt 0.732900 0.618000
vt 0.322400 0.827800
vt 0.802700 0.572300
vt 0.797800 0.550100
vt 0.782600 0.579700
vt 0.085600 0.273500
vt 0.045200 0.272800
vt 0.774400 0.630300
vt 0.065500 0.267300
vt 0.068900 0.953600
vt 0.157300 0.928600
vt 0.128500 0.928600
vt 0.041300 0.978600
vt 0.073500 0.996200
vt 0.069800 0.981900
vt 0.151400 0.976700
vt 0.206000 0.955500
vt 0.128200 0.996200
vt 0.804900 0.591500
vt 0.042000 0.996100
vt 0.800400 0.619700
vt 0.789800 0.599900
vt 0.750500 0.632200
vt 0.753800 0.715400
vt 0.830900 0.579600
vt 0.393600 0.963100
vt 0.003800 0.995700
vt 0.154700 0.948700
vt 0.210700 0.827700
vt 0.299300 0.991800
vt 0.716100 0.622800
vt 0.283000 0.827800
vt 0.299300 0.996300
vt 0.070300 0.864800
vt 0.267100 0.876700
vt 0.090900 0.873900
vt 0.174400 0.887300
vt 0.098000 0.948500
vt 0.065500 0.925100
vt 0.006000 0.953300
vt 0.194200 0.981900
vt 0.246100 0.930200
vt 0.214000 0.983900
vt 0.243500 0.965500
vt 0.229800 0.934900
vt 0.237300 0.985500
vt 0.204300 0.996200
vt 0.225500 0.970900
vt 0.368600 0.944300
vt 0.212600 0.996200
vt 0.397400 0.948000
vt 0.704300 0.758300
vt 0.735400 0.758300
vt 0.706500 0.789000
vt 0.426800 0.954100
vt 0.183400 0.952500
vt 0.184400 0.996200
vt 0.174800 0.980500
vt 0.126300 0.944900
vt 0.734900 0.787400
vt 0.126200 0.973400
vt 0.367200 0.961500
vt 0.758300 0.787100
vt 0.648500 0.795600
vt 0.614800 0.800700
vt 0.676600 0.791500
vt 0.756800 0.758700
vt 0.728900 0.727800
vt 0.433500 0.918100
vt 0.278200 0.906500
vt 0.242600 0.981200
vt 0.260100 0.996300
vt 0.284800 0.979500
vt 0.157500 0.996200
vt 0.221500 0.934300
vt 0.222400 0.986800
vt 0.094500 0.996200
vt 0.289900 0.996300
vt 0.245500 0.965000
vt 0.289800 0.989300
vt 0.020700 0.898700
vt 0.206400 0.905500
vt 0.170300 0.900500
vt 0.189700 0.931200
vt 0.135600 0.896800
vt 0.014300 0.914600
vt 0.129400 0.918500
vt 0.038500 0.953500
vt 0.044000 0.907100
vt 0.158100 0.923500
vt 0.266700 0.938000
vt 0.235600 0.996300
vt 0.525300 0.377100
vt 0.420900 0.378000
vt 0.502800 0.380500
vt 0.475200 0.385700
vt 0.517200 0.359900
vt 0.547500 0.369800
vt 0.560400 0.380400
vt 0.548700 0.383200
vt 0.546400 0.438800
vt 0.547700 0.449700
vt 0.497700 0.345700
vt 0.465900 0.440100
vt 0.466100 0.457500
vt 0.443400 0.444500
vt 0.531600 0.359600
vt 0.371200 0.406300
vt 0.566600 0.432000
vt 0.595700 0.367400
vt 0.387700 0.406500
vt 0.523100 0.389900
vt 0.586800 0.310100
vt 0.574000 0.357100
vt 0.098600 0.927700
vt 0.098100 0.917700
vt 0.300200 0.865300
vt 0.322400 0.880600
vt 0.479000 0.350400
vt 0.520500 0.338000
vt 0.004300 0.976000
vt 0.069500 0.914100
vt 0.567400 0.396800
vt 0.580300 0.393200
vt 0.566800 0.411900
vt 0.368100 0.384500
vt 0.096800 0.981500
vt 0.360500 0.397600
vt 0.498700 0.335900
vt 0.491800 0.437600
vt 0.498700 0.355900
vt 0.222400 0.960800
vt 0.491000 0.452000
vt 0.499800 0.365200
vt 0.518900 0.450400
vt 0.421600 0.446200
vt 0.423300 0.461400
vt 0.102500 0.835300
vt 0.056900 0.856600
vt 0.115100 0.879700
vt 0.225500 0.856400
vt 0.322400 0.839800
vt 0.519700 0.435200
vt 0.545400 0.424100
vt 0.037900 0.872200
vt 0.322400 0.854300
vt 0.154300 0.855700
vt 0.213100 0.883400
vt 0.139600 0.881400
vt 0.271400 0.849900
vt 0.370200 0.351100
vt 0.603200 0.341100
vt 0.241400 0.881300
vt 0.546900 0.400100
vt 0.580900 0.332300
vt 0.417100 0.293200
vt 0.186700 0.858500
vt 0.118400 0.851000
vt 0.377500 0.426000
vt 0.494100 0.422000
vt 0.370100 0.321900
vt 0.438800 0.319200
vt 0.528800 0.928300
vt 0.077200 0.893100
vt 0.230900 0.907400
vt 0.103100 0.895100
vt 0.257400 0.903600
vt 0.039600 0.920400
vt 0.053200 0.881400
vt 0.290000 0.898300
vt 0.709600 0.577600
vt 0.767000 0.514200
vt 0.752600 0.519700
vt 0.695100 0.541400
vt 0.764200 0.589300
vt 0.774600 0.557500
vt 0.754500 0.569300
vt 0.736600 0.582200
vt 0.828300 0.554000
vt 0.792200 0.529300
vt 0.731200 0.527400
vt 0.827800 0.507400
vt 0.825600 0.505200
vt 0.818500 0.526900
vt 0.788300 0.510900
vt 0.717700 0.597700
vt 0.676600 0.810300
vt 0.661750 0.877580
vt 0.649676 0.877248
vt 0.654113 0.876503
vt 0.655364 0.871897
vt 0.649517 0.871433
vt 0.661119 0.879528
vt 0.667160 0.881204
vt 0.601700 0.715300
vt 0.644561 0.878078
vt 0.698300 0.724700
vt 0.672700 0.724500
vt 0.372400 0.743600
vt 0.397200 0.724600
vt 0.369300 0.869600
vt 0.726200 0.702700
vt 0.645000 0.749200
vt 0.405600 0.877100
vt 0.436600 0.889800
vt 0.411200 0.711400
vt 0.435700 0.683400
vt 0.672600 0.588100
vt 0.653800 0.590800
vt 0.636400 0.657100
vt 0.648500 0.668400
vt 0.684900 0.701300
vt 0.685900 0.717600
vt 0.664800 0.670900
vt 0.661100 0.695200
vt 0.410600 0.748200
vt 0.656800 0.615300
vt 0.664100 0.645800
vt 0.513200 0.704600
vt 0.703600 0.692900
vt 0.668100 0.690500
vt 0.671000 0.668800
vt 0.727500 0.658400
vt 0.718700 0.680200
vt 0.438500 0.722100
vt 0.573100 0.930200
vt 0.648700 0.639700
vt 0.930700 0.918900
vt 0.417700 0.778200
vt 0.453900 0.804500
vt 0.418600 0.844100
vt 0.602500 0.694900
vt 0.462800 0.857500
vt 0.621200 0.535200
vt 0.640100 0.525300
vt 0.694200 0.601500
vt 0.991400 0.940700
vt 0.488800 0.721100
vt 0.983200 0.858200
vt 0.929700 0.941400
vt 0.519100 0.735300
vt 0.577000 0.786100
vt 0.938600 0.962000
vt 0.989700 0.898000
vt 0.933300 0.882800
vt 0.454800 0.692600
vt 0.987900 0.879500
vt 0.642600 0.730400
vt 0.433700 0.905100
vt 0.402300 0.900300
vt 0.609700 0.736800
vt 0.301600 0.923600
vt 0.960200 0.839800
vt 0.761700 0.644800
vt 0.746600 0.667500
vt 0.703100 0.651500
vt 0.431200 0.495300
vt 0.372000 0.505100
vt 0.573200 0.913300
vt 0.570700 0.472600
vt 0.495400 0.906700
vt 0.502300 0.728800
vt 0.515700 0.754000
vt 0.946000 0.845000
vt 0.249500 0.936200
vt 0.284700 0.931800
vt 0.322300 0.937000
vt 0.322300 0.989600
vt 0.264700 0.984000
vt 0.322300 0.980600
vt 0.973400 0.845500
vt 0.675200 0.759300
vt 0.401200 0.913700
vt 0.614000 0.765000
vt 0.370800 0.910700
vt 0.261600 0.908600
vt 0.322300 0.964000
vt 0.285500 0.948100
vt 0.647200 0.760700
vt 0.734100 0.745900
vt 0.300500 0.968000
vt 0.613900 0.751900
vt 0.758600 0.735300
vt 0.752200 0.694500
vt 0.674700 0.747100
vt 0.368300 0.895700
vt 0.703100 0.740900
vt 0.259600 0.969900
vt 0.301700 0.941100
vt 0.960200 0.968200
vt 0.932200 0.897200
vt 0.935600 0.862400
vt 0.560400 0.771800
vt 0.313000 0.982600
vt 0.322400 0.915300
vt 0.536900 0.793500
vt 0.546300 0.762600
vt 0.536500 0.769200
vt 0.528700 0.713600
vt 0.575900 0.803600
vt 0.543000 0.754600
vt 0.523200 0.775900
vt 0.570800 0.749600
vt 0.561200 0.787100
vt 0.559200 0.733700
vt 0.303800 0.990700
vt 0.398100 0.379500
vt 0.475000 0.399000
vt 0.385600 0.391400
vt 0.469600 0.425600
vt 0.440300 0.371900
vt 0.446300 0.430700
vt 0.444400 0.461200
vt 0.400000 0.443500
vt 0.569100 0.441500
vt 0.380200 0.437600
vt 0.399000 0.430300
vt 0.421400 0.407600
vt 0.520300 0.420900
vt 0.498500 0.396300
vt 0.417800 0.348200
vt 0.609400 0.317500
vt 0.496900 0.756100
vt 0.497300 0.930900
vt 0.371500 0.490800
vt 0.478400 0.738000
vt 0.377800 0.452200
vt 0.402100 0.458500
vt 0.576000 0.768800
vt 0.544800 0.722500
vt 0.575000 0.454000
vt 0.461000 0.352900
vt 0.422500 0.433100
vt 0.392400 0.293000
vt 0.980800 0.958900
vt 0.448900 0.404200
vt 0.373100 0.296900
vt 0.450700 0.390900
vt 0.394900 0.349900
vt 0.992200 0.919800
vt 0.479000 0.360300
vt 0.420800 0.394300
vt 0.461800 0.364600
vt 0.524600 0.810000
vt 0.490300 0.814900
vt 0.492300 0.837200
vt 0.495400 0.505100
vt 0.475100 0.492900
vt 0.446200 0.477500
vt 0.482700 0.767700
vt 0.398900 0.505100
vt 0.400000 0.494400
vt 0.438800 0.293100
vt 0.393400 0.321200
vt 0.547700 0.930400
vt 0.503200 0.698400
vt 0.413500 0.495100
vt 0.374600 0.470700
vt 0.494800 0.859700
vt 0.399400 0.475000
vt 0.563700 0.505100
vt 0.479400 0.336200
vt 0.416800 0.320500
vt 0.468300 0.752300
vt 0.497300 0.320600
vt 0.495400 0.884200
vt 0.484300 0.795200
vt 0.470900 0.505100
vt 0.518900 0.492600
vt 0.542400 0.491600
vt 0.531400 0.491600
vt 0.458200 0.764600
vt 0.495500 0.290400
vt 0.516700 0.316500
vt 0.439300 0.345100
vt 0.422800 0.477600
vt 0.542700 0.505100
vt 0.478200 0.289600
vt 0.536500 0.319500
vt 0.590700 0.295600
vt 0.570300 0.493200
vt 0.388800 0.492900
vt 0.421900 0.505100
vt 0.518600 0.505100
vt 0.552500 0.348400
vt 0.516100 0.291700
vt 0.533100 0.340600
vt 0.594700 0.290900
vt 0.535800 0.294900
vt 0.567100 0.279800
vt 0.583000 0.270400
vt 0.537700 0.275500
vt 0.436900 0.272400
vt 0.457000 0.275200
vt 0.478300 0.273800
vt 0.415800 0.273100
vt 0.372700 0.281700
vt 0.391300 0.274700
vt 0.494800 0.491300
vt 0.574300 0.882400
vt 0.573900 0.895800
vt 0.513800 0.907100
vt 0.512400 0.928100
vt 0.547600 0.905900
vt 0.469400 0.474700
vt 0.550300 0.882400
vt 0.574300 0.869600
vt 0.514500 0.883400
vt 0.573800 0.837400
vt 0.574000 0.855700
vt 0.548200 0.858200
vt 0.529300 0.858600
vt 0.512700 0.859100
vt 0.506400 0.491500
vt 0.445800 0.494700
vt 0.446400 0.505100
vt 0.493600 0.471500
vt 0.459400 0.493200
vt 0.470800 0.777600
vt 0.530600 0.907300
vt 0.545200 0.469700
vt 0.519100 0.470200
vt 0.574400 0.821800
vt 0.531700 0.753400
vt 0.546700 0.782200
vt 0.557300 0.802800
vt 0.550200 0.772000
vt 0.533900 0.739000
vt 0.554500 0.757900
vt 0.547700 0.745900
vt 0.378400 0.783800
vt 0.442400 0.777200
vt 0.380600 0.824700
vt 0.434000 0.810100
vt 0.652100 0.559000
vt 0.438000 0.751300
vt 0.614500 0.676600
vt 0.447700 0.870300
vt 0.447900 0.838600
vt 0.599700 0.682200
vt 0.648600 0.814200
vt 0.618500 0.819200
vt 0.422800 0.973800
vt 0.649300 0.690600
vt 0.627700 0.692300
vt 0.638400 0.565800
vt 0.533500 0.883300
vt 0.546300 0.837000
vt 0.549100 0.820600
vt 0.509300 0.834700
vt 0.460100 0.341200
vt 0.460800 0.290900
vt 0.478100 0.320800
vt 0.563600 0.301900
vt 0.613100 0.298100
vt 0.459500 0.321500
vt 0.504400 0.810500
vt 0.510600 0.783100
vt 0.497200 0.789300
vt 0.527100 0.834500
vt 0.558600 0.325700
vt 0.612400 0.302200
vt 0.516100 0.273500
vt 0.495200 0.273000
vt 0.383400 0.265400
vt 0.531700 0.227400
vt 0.535400 0.250400
vt 0.370200 0.279200
vt 0.776355 0.885568
vt 0.787841 0.883270
vt 0.630445 0.868952
vt 0.604242 0.867906
vt 0.606976 0.879910
vt 0.739459 0.875115
vt 0.726292 0.875912
vt 0.726255 0.890365
vt 0.731717 0.873021
vt 0.731795 0.858842
vt 0.713450 0.871962
vt 0.699102 0.871379
vt 0.643984 0.871842
vt 0.640987 0.878393
vt 0.772876 0.896555
vt 0.786258 0.852992
vt 0.779451 0.893583
vt 0.765538 0.894865
vt 0.780818 0.873760
vt 0.787137 0.877096
vt 0.625689 0.871563
vt 0.628610 0.872440
vt 0.763679 0.876007
vt 0.719149 0.890217
vt 0.747997 0.858931
vt 0.715070 0.875062
vt 0.640570 0.872461
vt 0.614492 0.865013
vt 0.617321 0.875215
vt 0.625554 0.864814
vt 0.763642 0.890460
vt 0.756092 0.891357
vt 0.756133 0.875071
vt 0.719185 0.876024
vt 0.747918 0.873111
vt 0.716624 0.858758
vt 0.716545 0.872937
vt 0.699421 0.867368
vt 0.711498 0.890527
vt 0.739418 0.891229
vt 0.711676 0.875875
vt 0.804200 0.436500
vt 0.673300 0.470300
vt 0.681900 0.486200
vt 0.819500 0.482700
vt 0.691000 0.517300
vt 0.787400 0.448500
vt 0.693200 0.467100
vt 0.645100 0.476800
vt 0.807900 0.424800
vt 0.655700 0.473600
vt 0.807800 0.448300
vt 0.753800 0.463400
vt 0.780400 0.484900
vt 0.770000 0.453400
vt 0.697600 0.480800
vt 0.739100 0.493700
vt 0.666300 0.546900
vt 0.665800 0.544300
vt 0.800500 0.481800
vt 0.761400 0.486600
vt 0.723200 0.500700
vt 0.705600 0.510200
vt 0.718200 0.479500
vt 0.434100 0.227400
vt 0.416400 0.249200
vt 0.419500 0.227400
vt 0.404400 0.227400
vt 0.694200 0.601500
vt 0.672600 0.588100
vt 0.649300 0.690600
vt 0.599700 0.682200
vt 0.434600 0.250000
vt 0.451900 0.227400
vt 0.602500 0.694900
vt 0.682600 0.540200
vt 0.827800 0.507400
vt 0.825600 0.505200
vt 0.732500 0.472200
vt 0.683000 0.543000
vt 0.474000 0.249900
vt 0.471400 0.227400
vt 0.492400 0.227400
vt 0.695100 0.541400
vt 0.664300 0.486400
vt 0.647900 0.488300
vt 0.710800 0.459900
vt 0.749300 0.450900
vt 0.729200 0.457700
vt 0.767900 0.442600
vt 0.789400 0.435800
vt 0.401200 0.248100
vt 0.393800 0.227400
vt 0.514100 0.250000
vt 0.390800 0.244900
vt 0.512600 0.227400
vt 0.397200 0.724600
vt 0.435700 0.683400
vt 0.337600 0.823100
vt 0.380600 0.824700
vt 0.453900 0.804500
vt 0.574300 0.246100
vt 0.731200 0.527400
vt 0.765400 0.532700
vt 0.828300 0.554000
vt 0.767000 0.514200
vt 0.797800 0.550100
vt 0.658600 0.521900
vt 0.639100 0.466700
vt 0.664800 0.670900
vt 0.442400 0.777200
vt 0.434000 0.810100
vt 0.566700 0.227400
vt 0.711500 0.538700
vt 0.788300 0.510900
vt 0.709600 0.577600
vt 0.732900 0.618000
vt 0.830900 0.579600
vt 0.802700 0.572300
vt 0.678300 0.519800
vt 0.804900 0.591500
vt 0.771400 0.608700
vt 0.065500 0.267300
vt 0.685900 0.717600
vt 0.417700 0.778200
vt 0.538000 0.564000
vt 0.548700 0.227400
vt 0.752600 0.519700
vt 0.808500 0.507600
vt 0.717700 0.597700
vt 0.747600 0.600500
vt 0.823900 0.605100
vt 0.468600 0.845800
vt 0.045200 0.272800
vt 0.718700 0.680200
vt 0.656800 0.615300
vt 0.450000 0.580400
vt 0.448600 0.565800
vt 0.733700 0.533900
vt 0.792200 0.529300
vt 0.736600 0.582200
vt 0.764200 0.589300
vt 0.789800 0.599900
vt 0.454000 0.831000
vt 0.019900 0.305900
vt 0.556300 0.250800
vt 0.544900 0.553500
vt 0.438600 0.585500
vt 0.696400 0.550100
vt 0.818500 0.526900
vt 0.754500 0.569300
vt 0.782600 0.579700
vt 0.800400 0.619700
vt 0.113700 0.304200
vt 0.107500 0.286800
vt 0.774400 0.630300
vt 0.756600 0.614200
vt 0.750500 0.632200
vt 0.774600 0.557500
vt 0.722700 0.566400
vt 0.743500 0.548700
vt 0.713900 0.549300
vt 0.571700 0.575900
vt 0.544200 0.574800
vt 0.671000 0.668800
vt 0.668100 0.690500
vt 0.703600 0.692900
vt 0.664100 0.645800
vt 0.746600 0.667500
vt 0.449200 0.022300
vt 0.471400 0.087200
vt 0.466100 0.054500
vt 0.452500 0.033200
vt 0.442500 0.024100
vt 0.434000 0.026900
vt 0.427200 0.039100
vt 0.486900 0.035000
vt 0.455900 0.250400
vt 0.494000 0.249500
vt 0.382200 0.583800
vt 0.369400 0.576500
vt 0.609200 0.604400
vt 0.395400 0.589400
vt 0.595900 0.603200
vt 0.570700 0.589000
vt 0.425300 0.584900
vt 0.582700 0.570400
vt 0.417200 0.576000
vt 0.409300 0.563700
vt 0.409200 0.585300
vt 0.581600 0.601300
vt 0.377900 0.596900
vt 0.591100 0.616200
vt 0.558100 0.581900
vt 0.386100 0.607600
vt 0.398500 0.600000
vt 0.423500 0.594300
vt 0.412400 0.596400
vt 0.448300 0.598400
vt 0.509900 0.567300
vt 0.534200 0.557200
vt 0.438600 0.566300
vt 0.547700 0.545600
vt 0.556200 0.550500
vt 0.552500 0.560300
vt 0.449700 0.546900
vt 0.551200 0.537600
vt 0.457200 0.574000
vt 0.527100 0.545000
vt 0.522800 0.540700
vt 0.463300 0.576700
vt 0.510800 0.576200
vt 0.470000 0.580900
vt 0.463700 0.592200
vt 0.469600 0.556000
vt 0.437800 0.595700
vt 0.449400 0.556500
vt 0.479800 0.565500
vt 0.471400 0.566200
vt 0.474700 0.561600
vt 0.464800 0.561500
vt 0.485800 0.615400
vt 0.454200 0.588200
vt 0.535400 0.591200
vt 0.504000 0.624100
vt 0.497700 0.630800
vt 0.561100 0.661100
vt 0.573200 0.555400
vt 0.358000 0.682800
vt 0.572400 0.563100
vt 0.427100 0.544200
vt 0.562500 0.552700
vt 0.431700 0.556200
vt 0.558800 0.541100
vt 0.560000 0.562800
vt 0.526200 0.564100
vt 0.519000 0.566800
vt 0.470300 0.596000
vt 0.532800 0.577400
vt 0.474700 0.586600
vt 0.522700 0.580300
vt 0.469100 0.606100
vt 0.491700 0.608800
vt 0.500100 0.597000
vt 0.571500 0.617200
vt 0.375100 0.698900
vt 0.367600 0.693100
vt 0.440700 0.557100
vt 0.565100 0.543400
vt 0.468700 0.624100
vt 0.460500 0.602100
vt 0.508700 0.584000
vt 0.519300 0.590500
vt 0.574400 0.546600
vt 0.433500 0.546800
vt 0.441200 0.548100
vt 0.424600 0.553700
vt 0.594500 0.647500
vt 0.585000 0.638300
vt 0.512100 0.607200
vt 0.590600 0.655900
vt 0.563800 0.638200
vt 0.577500 0.652200
vt 0.525400 0.636500
vt 0.502400 0.643200
vt 0.355800 0.659400
vt 0.345500 0.653300
vt 0.537600 0.643300
vt 0.345500 0.672300
vt 0.555100 0.598200
vt 0.511800 0.636800
vt 0.546200 0.625700
vt 0.367500 0.666500
vt 0.363300 0.645800
vt 0.543000 0.665400
vt 0.531800 0.656900
vt 0.423000 0.562200
vt 0.526200 0.615900
vt 0.337400 0.663300
vt 0.552100 0.670400
vt 0.377800 0.647400
vt 0.382000 0.684400
vt 0.376700 0.675100
vt 0.522200 0.648100
vt 0.430700 0.565500
vt 0.515900 0.652900
vt 0.551600 0.652100
vt 0.357500 0.577900
vt 0.345100 0.578400
vt 0.357200 0.590300
vt 0.358500 0.606800
vt 0.350600 0.584800
vt 0.350900 0.594200
vt 0.368200 0.603600
vt 0.601100 0.641300
vt 0.869100 0.259800
vt 0.894200 0.088800
vt 0.899400 0.088800
vt 0.896800 0.091200
vt 0.890000 0.088400
vt 0.896800 0.086000
vt 0.892500 0.090700
vt 0.909700 0.465500
vt 0.734418 0.851494
vt 0.746245 0.851773
vt 0.929200 0.387800
vt 0.593900 0.630100
vt 0.610200 0.626300
vt 0.340500 0.582900
vt 0.345700 0.588800
vt 0.771884 0.864151
vt 0.614200 0.636600
vt 0.625600 0.623000
vt 0.628100 0.633100
vt 0.778528 0.876208
vt 0.772681 0.885108
vt 0.777995 0.852656
vt 0.620900 0.634800
vt 0.767879 0.855200
vt 0.766846 0.859618
vt 0.617400 0.624000
vt 0.624000 0.614000
vt 0.777992 0.859343
vt 0.443500 0.529800
vt 0.446400 0.531500
vt 0.567500 0.530800
vt 0.569300 0.527800
vt 0.752663 0.874365
vt 0.739987 0.897551
vt 0.753267 0.851931
vt 0.740624 0.893406
vt 0.745180 0.893719
vt 0.571500 0.530600
vt 0.438700 0.529000
vt 0.438000 0.532500
vt 0.442800 0.539800
vt 0.435400 0.538600
vt 0.629227 0.871297
vt 0.768563 0.852273
vt 0.766457 0.861285
vt 0.763734 0.859772
vt 0.740093 0.851635
vt 0.435500 0.529800
vt 0.384000 0.530500
vt 0.386100 0.542300
vt 0.630341 0.848846
vt 0.712006 0.850902
vt 0.603091 0.848160
vt 0.684328 0.850217
vt 0.508800 0.536800
vt 0.429500 0.534000
vt 0.573000 0.537200
vt 0.566600 0.536100
vt 0.510800 0.540400
vt 0.657420 0.849531
vt 0.655364 0.871897
vt 0.708407 0.873268
vt 0.653221 0.895377
vt 0.762770 0.892638
vt 0.486800 0.557800
vt 0.483300 0.560600
vt 0.487700 0.561700
vt 0.482300 0.553500
vt 0.479300 0.557500
vt 0.746456 0.853352
vt 0.442600 0.533400
vt 0.561100 0.526000
vt 0.401300 0.670200
vt 0.466200 0.651700
vt 0.619500 0.563000
vt 0.377700 0.540600
vt 0.443200 0.656200
vt 0.464300 0.641000
vt 0.564000 0.529400
vt 0.564900 0.525400
vt 0.823617 0.990113
vt 0.890000 0.083600
vt 0.839044 0.921626
vt 0.887600 0.085500
vt 0.628113 0.894691
vt 0.602577 0.870612
vt 0.830137 0.921402
vt 0.601977 0.894091
vt 0.752937 0.853770
vt 0.880419 0.928026
vt 0.728973 0.897262
vt 0.752662 0.855299
vt 0.367700 0.633400
vt 0.420500 0.662100
vt 0.396100 0.661100
vt 0.737332 0.854665
vt 0.506500 0.540000
vt 0.556200 0.530800
vt 0.605800 0.586200
vt 0.449800 0.617100
vt 0.601000 0.593200
vt 0.410400 0.618300
vt 0.561600 0.534000
vt 0.450500 0.537500
vt 0.749253 0.874277
vt 0.704979 0.896662
vt 0.743585 0.874131
vt 0.681414 0.872583
vt 0.761062 0.894844
vt 0.759173 0.894231
vt 0.678672 0.895977
vt 0.758366 0.898033
vt 0.763336 0.874639
vt 0.513900 0.535000
vt 0.514800 0.538800
vt 0.431900 0.614800
vt 0.749736 0.894033
vt 0.749176 0.897792
vt 0.619500 0.567000
vt 0.380900 0.533200
vt 0.609200 0.563800
vt 0.392700 0.569400
vt 0.622600 0.604800
vt 0.393900 0.540200
vt 0.351300 0.642000
vt 0.612200 0.556800
vt 0.613400 0.561100
vt 0.390900 0.533300
vt 0.331200 0.564000
vt 0.354200 0.629500
vt 0.612400 0.568400
vt 0.608000 0.615700
vt 0.616200 0.615400
vt 0.893700 0.825800
vt 0.817300 0.281400
vt 0.834200 0.282200
vt 0.643400 0.612400
vt 0.333300 0.577500
vt 0.330400 0.569200
vt 0.841600 0.250800
vt 0.878700 0.840900
vt 0.811000 0.249000
vt 0.638300 0.613700
vt 0.339600 0.572700
vt 0.335800 0.567400
vt 0.631300 0.605900
vt 0.350700 0.560900
vt 0.336500 0.559100
vt 0.842600 0.156100
vt 0.403300 0.035000
vt 0.815100 0.187500
vt 0.639600 0.608400
vt 0.800200 0.247500
vt 0.891400 0.866900
vt 0.863400 0.781900
vt 0.888800 0.779100
vt 0.514600 0.552300
vt 0.517700 0.543800
vt 0.520700 0.550200
vt 0.512200 0.545800
vt 0.482800 0.574500
vt 0.907100 0.808400
vt 0.936300 0.827900
vt 0.920400 0.827300
vt 0.476900 0.570500
vt 0.807700 0.186700
vt 0.805000 0.204200
vt 0.906600 0.842700
vt 0.879700 0.806800
vt 0.871100 0.824600
vt 0.874600 0.763500
vt 0.402400 0.544100
vt 0.406600 0.553600
vt 0.598000 0.561400
vt 0.477400 0.552800
vt 0.517500 0.536000
vt 0.505500 0.546900
vt 0.506600 0.553000
vt 0.485400 0.568700
vt 0.808400 0.306300
vt 0.808000 0.179100
vt 0.782700 0.095100
vt 0.801600 0.222500
vt 0.395500 0.548100
vt 0.399100 0.557600
vt 0.586900 0.578800
vt 0.600400 0.580400
vt 0.428600 0.070500
vt 0.434200 0.085400
vt 0.425600 0.085100
vt 0.816900 0.148000
vt 0.401300 0.566700
vt 0.387900 0.550100
vt 0.795100 0.112700
vt 0.616000 0.604900
vt 0.363900 0.571500
vt 0.364000 0.583600
vt 0.848100 0.840000
vt 0.861900 0.863500
vt 0.874000 0.884800
vt 0.900300 0.208000
vt 0.358200 0.566900
vt 0.904700 0.887700
vt 0.832700 0.096300
vt 0.837600 0.822300
vt 0.851300 0.803200
vt 0.798100 0.132700
vt 0.894800 0.092400
vt 0.892500 0.095400
vt 0.890200 0.092400
vt 0.930800 0.264600
vt 0.886700 0.280700
vt 0.413500 0.073200
vt 0.901800 0.262200
vt 0.803900 0.056800
vt 0.800900 0.081500
vt 0.804000 0.105300
vt 0.868000 0.209600
vt 0.883900 0.183400
vt 0.909000 0.765200
vt 0.814200 0.820700
vt 0.644100 0.619300
vt 0.641900 0.623500
vt 0.400400 0.534900
vt 0.394200 0.529500
vt 0.616000 0.564600
vt 0.385500 0.534800
vt 0.616200 0.558200
vt 0.350900 0.572200
vt 0.873400 0.743400
vt 0.853900 0.236400
vt 0.870500 0.903200
vt 0.390000 0.528900
vt 0.834800 0.877300
vt 0.632800 0.621000
vt 0.639200 0.619200
vt 0.605600 0.558700
vt 0.836300 0.767000
vt 0.915100 0.236400
vt 0.345400 0.567200
vt 0.339900 0.563300
vt 0.306900 0.635700
vt 0.311100 0.628000
vt 0.341700 0.558200
vt 0.582500 0.686000
vt 0.585900 0.691000
vt 0.579400 0.693900
vt 0.402300 0.072300
vt 0.845700 0.200800
vt 0.416000 0.040400
vt 0.397500 0.060000
vt 0.396800 0.049900
vt 0.791000 0.261800
vt 0.412700 0.055600
vt 0.415800 0.030800
vt 0.789800 0.074200
vt 0.816000 0.177200
vt 0.631500 0.613900
vt 0.308200 0.640900
vt 0.574900 0.692300
vt 0.409500 0.078600
vt 0.616200 0.573200
vt 0.380900 0.560600
vt 0.602700 0.567600
vt 0.593500 0.587300
vt 0.590700 0.566500
vt 0.390200 0.560000
vt 0.358600 0.618200
vt 0.892400 0.085500
vt 0.733344 0.873868
vt 0.383100 0.570600
vt 0.392900 0.627800
vt 0.439000 0.645000
vt 0.823950 0.921247
vt 0.415600 0.080800
vt 0.612000 0.579700
vt 0.816300 0.216100
vt 0.749879 0.854426
vt 0.379600 0.549800
vt 0.373700 0.614200
vt 0.415400 0.651500
vt 0.787400 0.095700
vt 0.410100 0.031300
vt 0.802700 0.158200
vt 0.595200 0.573500
vt 0.818100 0.072700
vt 0.578300 0.688000
vt 0.607500 0.573900
vt 0.425600 0.027800
vt 0.638600 0.937800
vt 0.571900 0.159200
vt 0.563500 0.155500
vt 0.508600 0.120300
vt 0.125600 0.536400
vt 0.180700 0.549600
vt 0.130100 0.565100
vt 0.228400 0.566400
vt 0.107400 0.403800
vt 0.142400 0.519500
vt 0.096400 0.423200
vt 0.210700 0.543300
vt 0.085000 0.409800
vt 0.180700 0.526400
vt 0.088200 0.420300
vt 0.087800 0.388400
vt 0.087500 0.447000
vt 0.090800 0.438000
vt 0.361300 0.438600
vt 0.344900 0.508800
vt 0.635400 0.950400
vt 0.353400 0.484100
vt 0.092900 0.415500
vt 0.074500 0.410700
vt 0.072100 0.440200
vt 0.083500 0.446400
vt 0.049500 0.437700
vt 0.066700 0.418900
vt 0.065700 0.429800
vt 0.150000 0.543200
vt 0.253700 0.581200
vt 0.614400 0.966500
vt 0.648100 0.978100
vt 0.580800 0.149500
vt 0.518200 0.154800
vt 0.515500 0.140900
vt 0.534900 0.163700
vt 0.592700 0.056400
vt 0.507600 0.069700
vt 0.648600 0.924500
vt 0.618100 0.949900
vt 0.627300 0.971200
vt 0.615100 0.934500
vt 0.309200 0.557500
vt 0.335200 0.534000
vt 0.647600 0.950700
vt 0.629100 0.926600
vt 0.601300 0.966200
vt 0.600600 0.949500
vt 0.180700 0.580200
vt 0.062400 0.394400
vt 0.050300 0.411400
vt 0.081300 0.454000
vt 0.097600 0.434400
vt 0.099500 0.445500
vt 0.119600 0.453100
vt 0.061000 0.457300
vt 0.076500 0.462900
vt 0.087500 0.456300
vt 0.104400 0.435700
vt 0.124600 0.425700
vt 0.085300 0.488100
vt 0.109900 0.424100
vt 0.167800 0.366200
vt 0.108600 0.506300
vt 0.110100 0.475500
vt 0.149300 0.369400
vt 0.518400 0.030500
vt 0.626800 0.950100
vt 0.555700 0.024800
vt 0.637400 0.967300
vt 0.602500 0.934200
vt 0.587800 0.949200
vt 0.752300 0.988300
vt 0.645600 0.916700
vt 0.647100 0.985700
vt 0.180700 0.472700
vt 0.722300 0.987600
vt 0.636372 0.873723
vt 0.631215 0.871540
vt 0.210800 0.429800
vt 0.281800 0.427900
vt 0.281900 0.439000
vt 0.275600 0.441000
vt 0.280200 0.422600
vt 0.285400 0.425000
vt 0.264700 0.440300
vt 0.150600 0.466700
vt 0.180700 0.498400
vt 0.323600 0.516300
vt 0.213600 0.491100
vt 0.149500 0.431300
vt 0.278900 0.434100
vt 0.180700 0.387100
vt 0.150100 0.396200
vt 0.277900 0.393800
vt 0.210800 0.392400
vt 0.112900 0.443400
vt 0.608500 0.978300
vt 0.629474 0.874032
vt 0.609800 0.924200
vt 0.759100 0.919600
vt 0.811600 0.989800
vt 0.663000 0.986100
vt 0.816827 0.921062
vt 0.664700 0.917200
vt 0.695300 0.918000
vt 0.783200 0.989100
vt 0.692500 0.986800
vt 0.587700 0.965900
vt 0.208900 0.370100
vt 0.189900 0.366500
vt 0.857900 0.922100
vt 0.727400 0.918800
vt 0.635784 0.877690
vt 0.589400 0.933900
vt 0.868542 0.924900
vt 0.791600 0.920400
vt 0.180700 0.430800
vt 0.147000 0.490900
vt 0.247200 0.447000
vt 0.266400 0.551200
vt 0.210400 0.466200
vt 0.239200 0.425100
vt 0.301300 0.537000
vt 0.281000 0.459000
vt 0.299700 0.401500
vt 0.295200 0.427400
vt 0.266700 0.449000
vt 0.272800 0.452800
vt 0.279400 0.414900
vt 0.238900 0.456100
vt 0.284900 0.433400
vt 0.269500 0.443500
vt 0.268800 0.435500
vt 0.270200 0.494200
vt 0.328400 0.644800
vt 0.344100 0.629800
vt 0.633200 0.374400
vt 0.767800 0.337800
vt 0.588100 0.686600
vt 0.313700 0.637700
vt 0.574900 0.692300
vt 0.311100 0.628000
vt 0.580000 0.671900
vt 0.317400 0.631600
vt 0.588900 0.678700
vt 0.316400 0.625700
vt 0.345400 0.567200
vt 0.350700 0.560900
vt 0.585900 0.691000
vt 0.306900 0.635700
vt 0.308200 0.640900
vt 0.333300 0.577500
vt 0.638300 0.613700
vt 0.339600 0.572700
vt 0.631500 0.613900
vt 0.579400 0.693900
vt 0.639600 0.608400
vt 0.339900 0.563300
vt 0.631300 0.605900
vt 0.257200 0.527100
vt 0.250300 0.477200
vt 0.285400 0.505600
vt 0.278800 0.470200
vt 0.260200 0.439700
vt 0.258200 0.450100
vt 0.262800 0.434800
vt 0.289100 0.418300
vt 0.295600 0.438800
vt 0.272100 0.462900
vt 0.298900 0.465100
vt 0.582500 0.686000
vt 0.335700 0.627100
vt 0.339400 0.441000
vt 0.326100 0.492200
vt 0.313900 0.421200
vt 0.755700 0.343800
vt 0.311700 0.445400
vt 0.632700 0.410000
vt 0.716500 0.349000
vt 0.332900 0.470100
vt 0.254100 0.439000
vt 0.279600 0.452600
vt 0.263700 0.426500
vt 0.289500 0.448300
vt 0.269600 0.429700
vt 0.341700 0.558200
vt 0.578300 0.688000
vt 0.273700 0.424200
vt 0.289000 0.430200
vt 0.249300 0.509600
vt 0.250100 0.422000
vt 0.698000 0.353400
vt 0.790000 0.368600
vt 0.336900 0.427300
vt 0.276900 0.448900
vt 0.270000 0.417600
vt 0.289600 0.437100
vt 0.285500 0.444300
vt 0.276000 0.428500
vt 0.330400 0.569200
vt 0.643400 0.612400
vt 0.272900 0.433700
vt 0.336500 0.559100
vt 0.335800 0.567400
vt 0.747400 0.379600
vt 0.771200 0.377100
vt 0.726300 0.381300
vt 0.653500 0.403500
vt 0.635000 0.628300
vt 0.688800 0.390100
vt 0.707100 0.385800
vt 0.571000 0.675800
vt 0.325400 0.623900
vt 0.333600 0.636400
vt 0.337700 0.648800
vt 0.649400 0.370100
vt 0.662500 0.365000
vt 0.681200 0.359000
vt 0.576100 0.682800
vt 0.567000 0.669200
vt 0.557900 0.675100
vt 0.342300 0.639300
vt 0.562800 0.681200
vt 0.581500 0.680000
vt 0.735900 0.347500
vt 0.312700 0.647400
vt 0.589100 0.669700
vt 0.322100 0.652900
vt 0.330700 0.657600
vt 0.578800 0.664600
vt 0.588800 0.663200
vt 0.569400 0.688100
vt 0.324000 0.632700
vt 0.319600 0.640600
vt 0.765600 0.429500
vt 0.670500 0.395400
vt 0.756500 0.404100
vt 0.734900 0.408400
vt 0.743200 0.432900
vt 0.722500 0.436800
vt 0.715000 0.412700
vt 0.703800 0.444100
vt 0.695400 0.417700
vt 0.674100 0.419000
vt 0.686200 0.452900
vt 0.634100 0.433900
vt 0.657600 0.425100
vt 0.801100 0.391700
vt 0.789100 0.424700
vt 0.778800 0.396500
vt 0.370100 0.174200
vt 0.374100 0.150200
vt 0.025300 0.081000
vt 0.163700 0.102200
vt 0.015200 0.166200
vt 0.030500 0.196000
vt 0.384000 0.530500
vt 0.115400 0.157300
vt 0.140500 0.160000
vt 0.043100 0.200100
vt 0.345100 0.578400
vt 0.138400 0.155700
vt 0.357200 0.590300
vt 0.127600 0.150100
vt 0.134600 0.150600
vt 0.601100 0.641300
vt 0.624000 0.614000
vt 0.368200 0.603600
vt 0.350600 0.584800
vt 0.593900 0.630100
vt 0.608000 0.615700
vt 0.357500 0.577900
vt 0.364000 0.583600
vt 0.363900 0.571500
vt 0.392700 0.569400
vt 0.340500 0.582900
vt 0.625600 0.623000
vt 0.616200 0.615400
vt 0.616000 0.604900
vt 0.622600 0.604800
vt 0.628100 0.633100
vt 0.387900 0.550100
vt 0.358200 0.566900
vt 0.345700 0.588800
vt 0.620900 0.634800
vt 0.617400 0.624000
vt 0.519300 0.590500
vt 0.395500 0.548100
vt 0.590600 0.655900
vt 0.535400 0.591200
vt 0.512100 0.607200
vt 0.577500 0.652200
vt 0.594500 0.647500
vt 0.563800 0.638200
vt 0.500100 0.597000
vt 0.585000 0.638300
vt 0.468700 0.624100
vt 0.571500 0.617200
vt 0.526200 0.615900
vt 0.546200 0.625700
vt 0.525400 0.636500
vt 0.522200 0.648100
vt 0.367500 0.666500
vt 0.551600 0.652100
vt 0.363300 0.645800
vt 0.555100 0.598200
vt 0.376700 0.675100
vt 0.508700 0.584000
vt 0.561100 0.661100
vt 0.485800 0.615400
vt 0.491700 0.608800
vt 0.510800 0.576200
vt 0.470300 0.596000
vt 0.469100 0.606100
vt 0.526200 0.564100
vt 0.460500 0.602100
vt 0.532800 0.577400
vt 0.502400 0.643200
vt 0.522700 0.580300
vt 0.382000 0.684400
vt 0.511800 0.636800
vt 0.504000 0.624100
vt 0.612400 0.568400
vt 0.377700 0.540600
vt 0.350900 0.594200
vt 0.614200 0.636600
vt 0.497700 0.630800
vt 0.454200 0.588200
vt 0.457200 0.574000
vt 0.534200 0.557200
vt 0.509900 0.567300
vt 0.470000 0.580900
vt 0.474700 0.586600
vt 0.619500 0.563000
vt 0.380900 0.533200
vt 0.483300 0.560600
vt 0.358500 0.606800
vt 0.610200 0.626300
vt 0.479300 0.557500
vt 0.514600 0.552300
vt 0.517500 0.536000
vt 0.463700 0.592200
vt 0.477400 0.552800
vt 0.463300 0.576700
vt 0.527100 0.545000
vt 0.522800 0.540700
vt 0.482800 0.574500
vt 0.519000 0.566800
vt 0.485400 0.568700
vt 0.474700 0.561600
vt 0.520700 0.550200
vt 0.390200 0.560000
vt 0.401300 0.566700
vt 0.337000 0.141300
vt 0.022500 0.151000
vt 0.486800 0.557800
vt 0.482300 0.553500
vt 0.514800 0.538800
vt 0.513900 0.535000
vt 0.512200 0.545800
vt 0.476900 0.570500
vt 0.479800 0.565500
vt 0.402300 0.900300
vt 0.613900 0.751900
vt 0.433700 0.905100
vt 0.645000 0.749200
vt 0.368300 0.895700
vt 0.776500 0.691600
vt 0.776500 0.711500
vt 0.734100 0.745900
vt 0.753800 0.715400
vt 0.703100 0.740900
vt 0.674700 0.747100
vt 0.728900 0.727800
vt 0.370800 0.910700
vt 0.401200 0.913700
vt 0.756800 0.758700
vt 0.735400 0.758300
vt 0.752200 0.694500
vt 0.758600 0.735300
vt 0.647200 0.760700
vt 0.776400 0.728200
vt 0.337000 0.908500
vt 0.411200 0.711400
vt 0.447900 0.838600
vt 0.438500 0.722100
vt 0.640100 0.525300
vt 0.601700 0.715300
vt 0.627700 0.692300
vt 0.447700 0.870300
vt 0.621200 0.535200
vt 0.614500 0.676600
vt 0.776400 0.758900
vt 0.675200 0.759300
vt 0.704300 0.758300
vt 0.614800 0.800700
vt 0.336700 0.941800
vt 0.653800 0.590800
vt 0.462800 0.857500
vt 0.418600 0.844100
vt 0.368600 0.944300
vt 0.337100 0.895300
vt 0.726200 0.702700
vt 0.672700 0.724500
vt 0.642600 0.730400
vt 0.698300 0.724700
vt 0.436600 0.889800
vt 0.609700 0.736800
vt 0.372400 0.743600
vt 0.338200 0.751800
vt 0.369300 0.869600
vt 0.405600 0.877100
vt 0.454800 0.692600
vt 0.337200 0.867400
vt 0.378400 0.783800
vt 0.338000 0.782400
vt 0.410600 0.748200
vt 0.648500 0.795600
vt 0.397400 0.948000
vt 0.433500 0.918100
vt 0.426800 0.954100
vt 0.614000 0.765000
vt 0.664400 0.461300
vt 0.648500 0.668400
vt 0.636400 0.657100
vt 0.438000 0.751300
vt 0.706500 0.789000
vt 0.676600 0.791500
vt 0.734900 0.787400
vt 0.758300 0.787100
vt 0.776300 0.788000
vt 0.706500 0.807500
vt 0.648600 0.814200
vt 0.676600 0.810300
vt 0.661100 0.695200
vt 0.684900 0.701300
vt 0.648700 0.639700
vt 0.393600 0.963100
vt 0.367200 0.961500
vt 0.422800 0.973800
vt 0.618500 0.819200
vt 0.752000 0.831700
vt 0.730300 0.822000
vt 0.776500 0.663500
vt 0.776700 0.652800
vt 0.761700 0.644800
vt 0.704400 0.815400
vt 0.734900 0.805800
vt 0.756900 0.811600
vt 0.776300 0.819500
vt 0.776200 0.838600
vt 0.394400 0.987900
vt 0.703100 0.651500
vt 0.727500 0.658400
vt 0.362600 0.078100
vt 0.352200 0.963700
vt 0.677200 0.815500
vt 0.649000 0.819000
vt 0.624100 0.829000
vt 0.420400 0.985500
vt 0.066400 0.305000
vt 0.085600 0.273500
vt 0.025300 0.288000
vt 0.336300 0.995100
vt 0.336500 0.966100
vt 0.350400 0.992900
vt 0.372800 0.990200
vt 0.353900 0.078100
vt 0.737200 0.634600
vt 0.693700 0.613900
vt 0.716100 0.622800
vt 0.675000 0.623600
vt 0.460100 0.016800
vt 0.463200 0.031500
vt 0.471600 0.023200
vt 0.459200 0.092600
vt 0.464500 0.077800
vt 0.652100 0.559000
vt 0.638400 0.565800
vt 0.135000 0.158200
vt 0.133600 0.156700
vt 0.249100 0.095300
vt 0.234200 0.099900
vt 0.119600 0.156900
vt 0.268300 0.085700
vt 0.381700 0.127000
vt 0.122600 0.158600
vt 0.132800 0.158500
vt 0.135100 0.164200
vt 0.127200 0.163800
vt 0.120900 0.162000
vt 0.115400 0.157300
vt 0.131700 0.155900
vt 0.122300 0.155500
vt 0.212600 0.049300
vt 0.127600 0.150100
vt 0.015700 0.200300
vt 0.004000 0.160200
vt 0.140500 0.160000
vt 0.015200 0.166200
vt 0.220800 0.096900
vt 0.395900 0.113300
vt 0.391100 0.137100
vt 0.420900 0.106700
vt 0.423700 0.128600
vt 0.120900 0.151700
vt 0.403600 0.131600
vt 0.020000 0.183400
vt 0.175900 0.030100
vt 0.185800 0.048000
vt 0.022500 0.151000
vt 0.134600 0.150600
vt 0.030500 0.196000
vt 0.193900 0.034400
vt 0.202800 0.063800
vt 0.490900 0.149800
vt 0.404000 0.147300
vt 0.179600 0.079300
vt 0.166100 0.081500
vt 0.168300 0.065000
vt 0.180500 0.098600
vt 0.043100 0.200100
vt 0.165400 0.016000
vt 0.235400 0.052800
vt 0.193600 0.054900
vt 0.138400 0.155700
vt 0.300700 0.075000
vt 0.265800 0.055100
vt 0.474600 0.140900
vt 0.294800 0.050700
vt 0.471200 0.161300
vt 0.446800 0.152400
vt 0.449800 0.131500
vt 0.423700 0.147100
vt 0.497300 0.170000
vt 0.177300 0.063800
vt 0.174200 0.046900
vt 0.188900 0.062200
vt 0.195600 0.078100
vt 0.217900 0.073600
vt 0.239100 0.090500
vt 0.188800 0.047800
vt 0.234500 0.077700
vt 0.346200 0.054700
vt 0.363800 0.047600
vt 0.361600 0.054700
vt 0.380100 0.059300
vt 0.374100 0.063700
vt 0.344000 0.047600
vt 0.199500 0.095800
vt 0.217600 0.084000
vt 0.155900 0.028800
vt 0.163500 0.041900
vt 0.327600 0.097000
vt 0.333700 0.063700
vt 0.346200 0.101500
vt 0.344000 0.108600
vt 0.346800 0.073100
vt 0.356600 0.086300
vt 0.195400 0.048000
vt 0.351200 0.070000
vt 0.333700 0.092500
vt 0.380100 0.097000
vt 0.321200 0.078100
vt 0.374100 0.092500
vt 0.328900 0.078100
vt 0.363800 0.108600
vt 0.327600 0.059300
vt 0.361600 0.101500
vt 0.339900 0.068200
vt 0.361000 0.073100
vt 0.346800 0.083200
vt 0.348600 0.062100
vt 0.359200 0.062100
vt 0.367800 0.068200
vt 0.386500 0.078100
vt 0.378800 0.078100
vt 0.351200 0.086300
vt 0.367800 0.088000
vt 0.359200 0.094200
vt 0.371100 0.078100
vt 0.356600 0.070000
vt 0.345100 0.078100
vt 0.361000 0.083200
vt 0.339900 0.088000
vt 0.336600 0.078100
vt 0.348600 0.094200
vt 0.632800 0.621000
vt 0.142600 0.212500
vt 0.639200 0.619200
vt 0.144900 0.209400
vt 0.144000 0.206100
vt 0.331200 0.564000
vt 0.641900 0.623500
vt 0.136200 0.211400
vt 0.712600 0.161900
vt 0.770200 0.118700
vt 0.733700 0.155600
vt 0.781000 0.113900
vt 0.689700 0.123800
vt 0.760300 0.123300
vt 0.766500 0.153400
vt 0.683500 0.157900
vt 0.630600 0.183800
vt 0.619900 0.183500
vt 0.650500 0.182800
vt 0.635000 0.628300
vt 0.644100 0.619300
vt 0.351300 0.642000
vt 0.394200 0.529500
vt 0.631700 0.192400
vt 0.354200 0.629500
vt 0.390900 0.533300
vt 0.613400 0.561100
vt 0.685700 0.208200
vt 0.657500 0.212700
vt 0.734500 0.184000
vt 0.605600 0.558700
vt 0.709700 0.184100
vt 0.681700 0.183300
vt 0.609200 0.563800
vt 0.612200 0.556800
vt 0.714200 0.205000
vt 0.494300 0.182900
vt 0.463200 0.189400
vt 0.156700 0.062700
vt 0.456300 0.208600
vt 0.757500 0.271900
vt 0.774400 0.267900
vt 0.762000 0.264200
vt 0.641200 0.250200
vt 0.669200 0.248400
vt 0.467100 0.175500
vt 0.478400 0.210500
vt 0.351800 0.199400
vt 0.351700 0.176200
vt 0.017900 0.110600
vt 0.651900 0.248900
vt 0.640300 0.218300
vt 0.630700 0.220100
vt 0.621000 0.194200
vt 0.687200 0.248200
vt 0.490800 0.193700
vt 0.150500 0.211000
vt 0.139100 0.208200
vt 0.794600 0.289200
vt 0.769300 0.314100
vt 0.666300 0.081400
vt 0.673700 0.075100
vt 0.443900 0.169200
vt 0.415400 0.177800
vt 0.437900 0.185100
vt 0.401600 0.157900
vt 0.420900 0.163000
vt 0.693600 0.315300
vt 0.668100 0.097600
vt 0.669600 0.331400
vt 0.652300 0.068400
vt 0.645200 0.308300
vt 0.030300 0.057300
vt 0.406200 0.193600
vt 0.430000 0.204500
vt 0.058500 0.060500
vt 0.087100 0.057200
vt 0.746900 0.310800
vt 0.112100 0.071800
vt 0.053200 0.115400
vt 0.084700 0.116800
vt 0.019700 0.140600
vt 0.310300 0.213600
vt 0.095800 0.110400
vt 0.321600 0.208800
vt 0.085400 0.132900
vt 0.091100 0.102700
vt 0.029500 0.146100
vt 0.768400 0.207900
vt 0.771500 0.182700
vt 0.734600 0.206700
vt 0.726300 0.133300
vt 0.775500 0.246200
vt 0.605200 0.182700
vt 0.778400 0.200600
vt 0.776300 0.222000
vt 0.787000 0.244600
vt 0.782400 0.182100
vt 0.788600 0.202600
vt 0.760300 0.290200
vt 0.153900 0.045000
vt 0.086000 0.093500
vt 0.146000 0.062600
vt 0.786600 0.222900
vt 0.370100 0.174200
vt 0.390900 0.181100
vt 0.128700 0.062900
vt 0.115600 0.053800
vt 0.394100 0.210000
vt 0.382900 0.170300
vt 0.398800 0.168000
vt 0.388300 0.154200
vt 0.644100 0.264600
vt 0.653900 0.262500
vt 0.673800 0.308700
vt 0.655300 0.294300
vt 0.668300 0.286200
vt 0.693700 0.298300
vt 0.728700 0.234300
vt 0.718100 0.310800
vt 0.674900 0.291400
vt 0.089700 0.081100
vt 0.376100 0.192800
vt 0.025300 0.081000
vt 0.730800 0.292100
vt 0.743100 0.264700
vt 0.145200 0.239700
vt 0.155900 0.235900
vt 0.150200 0.207900
vt 0.117600 0.234000
vt 0.062100 0.205300
vt 0.157700 0.201500
vt 0.138600 0.211300
vt 0.150000 0.203900
vt 0.082900 0.216400
vt 0.144100 0.210900
vt 0.158900 0.215200
vt 0.122400 0.224600
vt 0.140200 0.210400
vt 0.019700 0.166500
vt 0.102000 0.226200
vt 0.479900 0.040000
vt 0.485400 0.055300
vt 0.495500 0.054700
vt 0.277200 0.267500
vt 0.133900 0.079400
vt 0.150100 0.078800
vt 0.492800 0.064900
vt 0.480700 0.066500
vt 0.492200 0.042000
vt 0.104300 0.099300
vt 0.144900 0.098700
vt 0.112500 0.081800
vt 0.270700 0.254100
vt 0.087600 0.248500
vt 0.263100 0.240200
vt 0.621800 0.262300
vt 0.614600 0.219600
vt 0.628200 0.322100
vt 0.125500 0.096800
vt 0.484800 0.074300
vt 0.640100 0.095700
vt 0.613300 0.136300
vt 0.630200 0.141200
vt 0.241200 0.249100
vt 0.041400 0.148600
vt 0.202400 0.272100
vt 0.051600 0.133700
vt 0.063000 0.150200
vt 0.518400 0.030500
vt 0.555700 0.024800
vt 0.616800 0.101300
vt 0.047100 0.158000
vt 0.518200 0.154800
vt 0.580800 0.149500
vt 0.534900 0.163700
vt 0.508600 0.120300
vt 0.637500 0.113900
vt 0.571900 0.159200
vt 0.298800 0.179300
vt 0.253200 0.261700
vt 0.303900 0.156700
vt 0.218400 0.291900
vt 0.326400 0.186300
vt 0.273000 0.149200
vt 0.331300 0.163800
vt 0.268000 0.174600
vt 0.507600 0.069700
vt 0.592700 0.056400
vt 0.593200 0.126600
vt 0.563500 0.155500
vt 0.231800 0.168800
vt 0.189600 0.165400
vt 0.191700 0.200400
vt 0.231000 0.199200
vt 0.053700 0.554800
vt 0.007600 0.477500
vt 0.104300 0.578400
vt 0.506800 0.095900
vt 0.190300 0.138000
vt 0.239000 0.140900
vt 0.546700 0.157200
vt 0.120600 0.265900
vt 0.024900 0.154200
vt 0.038400 0.152200
vt 0.789500 0.162300
vt 0.717400 0.055800
vt 0.778900 0.029600
vt 0.768400 0.050600
vt 0.024100 0.181200
vt 0.639500 0.054800
vt 0.621300 0.039900
vt 0.719100 0.035400
vt 0.688000 0.046400
vt 0.597700 0.092500
vt 0.654700 0.152300
vt 0.770200 0.101100
vt 0.666600 0.121600
vt 0.754200 0.096400
vt 0.631500 0.173700
vt 0.640400 0.143600
vt 0.760300 0.077500
vt 0.664400 0.032400
vt 0.657300 0.013600
vt 0.695400 0.029300
vt 0.778300 0.163500
vt 0.747500 0.055700
vt 0.750300 0.035900
vt 0.773600 0.141200
vt 0.128100 0.212400
vt 0.076800 0.158800
vt 0.158900 0.211200
vt 0.139300 0.219600
vt 0.149300 0.214100
vt 0.156500 0.223700
vt 0.133900 0.229100
vt 0.133900 0.216800
vt 0.729700 0.077700
vt 0.621700 0.171500
vt 0.649800 0.097000
vt 0.146300 0.227900
vt 0.691600 0.067200
vt 0.068500 0.173300
vt 0.063000 0.188200
vt 0.147900 0.221500
vt 0.784600 0.138200
vt 0.648500 0.116400
vt 0.261200 0.224500
vt 0.069900 0.231100
vt 0.193000 0.239100
vt 0.044200 0.201000
vt 0.269200 0.238900
vt 0.283100 0.217500
vt 0.278000 0.224300
vt 0.234800 0.227400
vt 0.662200 0.349800
vt 0.441500 0.087600
vt 0.448100 0.089400
vt 0.746800 0.329000
vt 0.452500 0.076800
vt 0.776800 0.332200
vt 0.720600 0.329400
vt 0.582400 0.037100
vt 0.515500 0.048400
vt 0.697200 0.333200
vt 0.297400 0.209200
vt 0.296200 0.200000
vt 0.263500 0.273100
vt 0.515500 0.140900
vt 0.157500 0.207100
vt 0.032400 0.170300
vt 0.132500 0.241100
vt 0.139900 0.251000
vt 0.049800 0.184200
vt 0.033000 0.192300
vt 0.076300 0.098700
vt 0.758300 0.104900
vt 0.763700 0.247700
vt 0.361400 0.221100
vt 0.141400 0.055100
vt 0.057300 0.090200
vt 0.793100 0.181500
vt 0.737600 0.106200
vt 0.049100 0.198100
vt 0.688300 0.276900
vt 0.686400 0.089200
vt 0.044500 0.196100
vt 0.267700 0.202700
vt 0.142000 0.037400
vt 0.670100 0.268900
vt 0.669400 0.055600
vt 0.180700 0.596400
vt 0.055700 0.199300
vt 0.572100 0.029300
vt 0.052900 0.208600
vt 0.230300 0.307700
vt 0.028000 0.525900
vt 0.593200 0.126600
vt 0.546700 0.157200
vt 0.239800 0.386700
vt 0.265300 0.379700
vt 0.259800 0.401200
vt 0.226400 0.377000
vt 0.219200 0.520000
vt 0.166800 0.353500
vt 0.076000 0.418000
vt 0.071800 0.422700
vt 0.079500 0.423700
vt 0.084600 0.425800
vt 0.090900 0.431700
vt 0.093100 0.443100
vt 0.229300 0.368600
vt 0.245200 0.376000
vt 0.230100 0.538200
vt 0.597700 0.092500
vt 0.095000 0.434500
vt 0.096500 0.430400
vt 0.083900 0.442500
vt 0.077400 0.430500
vt 0.062700 0.533300
vt 0.248500 0.359400
vt 0.235400 0.399300
vt 0.506800 0.095900
vt 0.053700 0.554800
vt 0.104300 0.578400
vt 0.007600 0.477500
vt 0.572100 0.029300
vt 0.180700 0.596400
vt 0.335200 0.534000
vt 0.361300 0.438600
vt 0.228400 0.566400
vt 0.515500 0.048400
vt 0.582400 0.037100
vt 0.309200 0.557500
vt 0.130100 0.565100
vt 0.142400 0.519500
vt 0.125600 0.536400
vt 0.114400 0.374200
vt 0.093000 0.376700
vt 0.016200 0.378900
vt 0.054700 0.343500
vt 0.027400 0.467300
vt 0.041300 0.379600
vt 0.035500 0.384900
vt 0.120200 0.384600
vt 0.090800 0.546700
vt 0.070500 0.429200
vt 0.043200 0.508000
vt 0.178500 0.321900
vt 0.090800 0.426200
vt 0.074200 0.437900
vt 0.100400 0.526600
vt 0.083500 0.432200
vt 0.082700 0.416900
vt 0.070200 0.501800
vt 0.253700 0.581200
vt 0.180700 0.580200
vt 0.028000 0.525900
vt 0.150000 0.543200
vt 0.210700 0.543300
vt 0.180700 0.549600
vt 0.118400 0.321900
vt 0.303100 0.344300
vt 0.341900 0.376400
vt 0.082700 0.416900
vt 0.314100 0.382700
vt 0.149900 0.357400
vt 0.322300 0.387400
vt 0.235900 0.321900
vt 0.125700 0.366300
vt 0.131300 0.403200
vt 0.130800 0.375700
vt 0.118400 0.321900
vt 0.092900 0.415500
vt 0.114900 0.352200
vt 0.211300 0.359100
vt 0.083500 0.432200
vt 0.087500 0.447000
vt 0.125700 0.366300
vt 0.130800 0.375700
vt 0.341900 0.376400
vt 0.189500 0.354600
vt 0.303100 0.344300
vt 0.314100 0.382700
vt 0.235900 0.321900
vt 0.211300 0.359100
vt 0.226400 0.377000
vt 0.229300 0.368600
vt 0.114900 0.352200
vt 0.131300 0.403200
vt 0.114400 0.374200
vt 0.259800 0.401200
vt 0.248500 0.359400
vt 0.245200 0.376000
vt 0.265300 0.379700
vt 0.093000 0.376700
vt 0.120200 0.384600
vt 0.180700 0.526400
vt 0.322300 0.387400
vt 0.149900 0.357400
vt 0.344900 0.508800
vt 0.235400 0.399300
vt 0.230100 0.538200
vt 0.239800 0.386700
vt 0.353400 0.484100
vt 0.219200 0.520000
vt 0.079500 0.423700
vt 0.090900 0.431700
vt 0.076000 0.418000
vt 0.084600 0.425800
vt 0.054700 0.343500
vt 0.062700 0.533300
vt 0.090800 0.438000
vt 0.093100 0.443100
vt 0.085000 0.409800
vt 0.087800 0.388400
vt 0.050300 0.411400
vt 0.065700 0.429800
vt 0.076500 0.462900
vt 0.035500 0.384900
vt 0.081300 0.454000
vt 0.087500 0.456300
vt 0.108600 0.506300
vt 0.041300 0.379600
vt 0.146300 0.144500
vt 0.117900 0.147400
vt 0.138100 0.139500
vt 0.114100 0.136700
vt 0.106500 0.156900
vt 0.112800 0.157300
vt 0.150500 0.179700
vt 0.146100 0.184300
vt 0.139800 0.177600
vt 0.117100 0.166000
vt 0.112700 0.177700
vt 0.096000 0.169100
vt 0.091100 0.183400
vt 0.086000 0.200200
vt 0.118600 0.211700
vt 0.103500 0.207900
vt 0.121100 0.200500
vt 0.157900 0.197400
vt 0.160400 0.192800
vt 0.138900 0.136300
vt 0.132600 0.203700
vt 0.147200 0.189000
vt 0.149200 0.196800
vt 0.133700 0.191200
vt 0.124900 0.118000
vt 0.071800 0.422700
vt 0.027400 0.467300
vt 0.083900 0.442500
vt 0.095000 0.434500
vt 0.090800 0.426200
vt 0.070500 0.429200
vt 0.096500 0.430400
vt 0.107400 0.403800
vt 0.096400 0.423200
vt 0.088200 0.420300
vt 0.074200 0.437900
vt 0.150500 0.170900
vt 0.136200 0.168200
vt 0.077400 0.430500
vt 0.100400 0.526600
vt 0.070200 0.501800
vt 0.126300 0.135800
vt 0.043200 0.508000
vt 0.127400 0.148900
vt 0.143300 0.151900
vt 0.090800 0.546700
vt 0.189500 0.354600
vt 0.074500 0.410700
vt 0.049500 0.437700
vt 0.062400 0.394400
vt 0.066700 0.418900
vt 0.112200 0.189100
vt 0.135100 0.164200
vt 0.083500 0.446400
vt 0.061000 0.457300
vt 0.178500 0.321900
vt 0.166800 0.353500
vt 0.119800 0.150600
vt 0.140000 0.155300
vt 0.016200 0.378900
vt 0.110100 0.475500
vt 0.085300 0.488100
vt 0.072100 0.440200
vt 0.099500 0.445500
vt 0.104400 0.435700
vt 0.141500 0.199300
vt 0.152700 0.191600
vt 0.097600 0.434400
vt 0.143100 0.121800
vt 0.125700 0.129600
vt 0.158500 0.174500
vt 0.160700 0.185900
vt 0.127300 0.157600
vt 0.125700 0.157400
vt 0.095300 0.146200
vt 0.125700 0.157400
vt 0.125700 0.158700
vt 0.119800 0.162900
vt 0.127600 0.179400
vt 0.153300 0.150600
vt 0.127200 0.144500
vt 0.157400 0.155700
vt 0.156700 0.182800
vt 0.156800 0.185700
vt 0.136100 0.146800
vt 0.147000 0.157700
vt 0.134600 0.150600
vt 0.149300 0.161000
vt 0.156300 0.135400
vt 0.149200 0.138900
vt 0.153000 0.185900
vt 0.126600 0.169200
vt 0.144500 0.164400
vt 0.155000 0.180200
vt 0.152900 0.182700
vt 0.160900 0.183100
vt 0.142300 0.160300
vt 0.126800 0.164900
vt 0.112700 0.133200
vt 0.106600 0.120200
vt 0.126800 0.156000
vt 0.126800 0.156000
vt 0.127300 0.157600
vt 0.125700 0.157400
vt 0.124600 0.156100
vt 0.132800 0.158500
vt 0.125700 0.155600
vt 0.122600 0.158600
vt 0.119600 0.156900
vt 0.135000 0.158200
vt 0.133600 0.156700
vt 0.122300 0.155500
vt 0.131700 0.155900
vt 0.127200 0.163800
vt 0.120900 0.162000
vt 0.135100 0.164200
vt 0.356300 0.145700
vt 0.394100 0.210000
vt 0.020000 0.183400
vt 0.400400 0.534900
vt 0.004000 0.160200
vt 0.393900 0.540200
vt 0.015700 0.200300
vt 0.390000 0.528900
vt 0.376100 0.192800
vt 0.120900 0.151700
vt 0.616200 0.558200
vt 0.406600 0.553600
vt 0.619500 0.567000
vt 0.385500 0.534800
vt 0.386100 0.542300
vt 0.602700 0.567600
vt 0.616200 0.573200
vt 0.598000 0.561400
vt 0.402400 0.544100
vt 0.399100 0.557600
vt 0.383100 0.570600
vt 0.600400 0.580400
vt 0.590700 0.566500
vt 0.595200 0.573500
vt 0.607500 0.573900
vt 0.593500 0.587300
vt 0.586900 0.578800
vt 0.612000 0.579700
vt 0.605800 0.586200
vt 0.410400 0.618300
vt 0.601000 0.593200
vt 0.358600 0.618200
vt 0.379600 0.549800
vt 0.380900 0.560600
vt 0.420500 0.662100
vt 0.373700 0.614200
vt 0.439000 0.645000
vt 0.443200 0.656200
vt 0.392900 0.627800
vt 0.564000 0.529400
vt 0.569300 0.527800
vt 0.571500 0.530600
vt 0.367600 0.693100
vt 0.358000 0.682800
vt 0.537600 0.643300
vt 0.345500 0.672300
vt 0.345500 0.653300
vt 0.543000 0.665400
vt 0.355800 0.659400
vt 0.375100 0.698900
vt 0.337400 0.663300
vt 0.561100 0.526000
vt 0.567500 0.530800
vt 0.564900 0.525400
vt 0.443500 0.529800
vt 0.450500 0.537500
vt 0.442800 0.539800
vt 0.552100 0.670400
vt 0.464800 0.561500
vt 0.377800 0.647400
vt 0.469600 0.556000
vt 0.415400 0.651500
vt 0.616000 0.564600
vt 0.449800 0.617100
vt 0.431900 0.614800
vt 0.466200 0.651700
vt 0.464300 0.641000
vt 0.446400 0.531500
vt 0.435400 0.538600
vt 0.506600 0.553000
vt 0.471400 0.566200
vt 0.350900 0.572200
vt 0.396100 0.661100
vt 0.401300 0.670200
vt 0.506500 0.540000
vt 0.367700 0.633400
vt 0.556200 0.530800
vt 0.442600 0.533400
vt 0.438700 0.529000
vt 0.438000 0.532500
vt 0.429500 0.534000
vt 0.435500 0.529800
vt 0.505500 0.546900
vt 0.508800 0.536800
vt 0.573000 0.537200
vt 0.057300 0.090200
vt 0.487700 0.561700
vt 0.510800 0.540400
vt 0.561600 0.534000
vt 0.566600 0.536100
vt 0.517700 0.543800
vt 0.144000 0.206100
vt 0.136200 0.211400
vt 0.139100 0.208200
vt 0.150500 0.211000
vt 0.142600 0.212500
vt 0.122400 0.224600
vt 0.149300 0.214100
vt 0.133900 0.216800
vt 0.158900 0.211200
vt 0.063000 0.188200
vt 0.156500 0.223700
vt 0.112700 0.133200
vt 0.095300 0.146200
vt 0.138900 0.136300
vt 0.132600 0.203700
vt 0.163700 0.194700
vt 0.141500 0.199300
vt 0.127600 0.179400
vt 0.112700 0.177700
vt 0.112200 0.189100
vt 0.124900 0.118000
vt 0.106600 0.120200
vt 0.138600 0.211300
vt 0.144900 0.209400
vt 0.163700 0.202500
vt 0.158900 0.215200
vt 0.163700 0.222900
vt 0.125700 0.129600
vt 0.163700 0.197700
vt 0.163700 0.134500
vt 0.157900 0.197400
vt 0.163700 0.119400
vt 0.076800 0.158800
vt 0.121100 0.200500
vt 0.149200 0.196800
vt 0.143100 0.121800
vt 0.063000 0.150200
vt 0.163700 0.211200
vt 0.140200 0.210400
vt 0.047100 0.158000
vt 0.326400 0.186300
vt 0.157500 0.207100
vt 0.147900 0.221500
vt 0.144100 0.210900
vt 0.150000 0.203900
vt 0.163700 0.206800
vt 0.082900 0.216400
vt 0.155900 0.235900
vt 0.150200 0.207900
vt 0.163700 0.236000
vt 0.145200 0.239700
vt 0.157700 0.201500
vt 0.309900 0.134700
vt 0.331300 0.163800
vt 0.277900 0.126800
vt 0.091100 0.183400
vt 0.126600 0.169200
vt 0.117100 0.166000
vt 0.303900 0.156700
vt 0.126800 0.164900
vt 0.298800 0.179300
vt 0.156300 0.135400
vt 0.150500 0.170900
vt 0.268000 0.174600
vt 0.138100 0.139500
vt 0.126300 0.135800
vt 0.218400 0.291900
vt 0.146300 0.144500
vt 0.270100 0.282700
vt 0.237300 0.315900
vt 0.163700 0.250500
vt 0.102000 0.226200
vt 0.062100 0.205300
vt 0.117600 0.234000
vt 0.024100 0.181200
vt 0.132500 0.241100
vt 0.139900 0.251000
vt 0.033000 0.192300
vt 0.273000 0.149200
vt 0.231000 0.199200
vt 0.191700 0.200400
vt 0.189600 0.165400
vt 0.253200 0.261700
vt 0.163700 0.281700
vt 0.024900 0.154200
vt 0.049100 0.198100
vt 0.044500 0.196100
vt 0.055700 0.199300
vt 0.038400 0.152200
vt 0.190300 0.138000
vt 0.068500 0.173300
vt 0.128100 0.212400
vt 0.163700 0.215300
vt 0.146300 0.227900
vt 0.139300 0.219600
vt 0.133900 0.229100
vt 0.019700 0.166500
vt 0.049800 0.184200
vt 0.243100 0.118300
vt 0.117900 0.147400
vt 0.127200 0.144500
vt 0.263500 0.273100
vt 0.231800 0.168800
vt 0.136100 0.146800
vt 0.134600 0.150600
vt 0.230300 0.307700
vt 0.239000 0.140900
vt 0.277200 0.267500
vt 0.144900 0.098700
vt 0.125500 0.096800
vt 0.186300 0.104400
vt 0.120600 0.265900
vt 0.163700 0.261800
vt 0.032400 0.170300
vt 0.310300 0.213600
vt 0.084700 0.116800
vt 0.321600 0.208800
vt 0.076300 0.098700
vt 0.053200 0.115400
vt 0.029500 0.146100
vt 0.019700 0.140600
vt 0.351700 0.176200
vt 0.095800 0.110400
vt 0.104300 0.099300
vt 0.085400 0.132900
vt 0.351800 0.199400
vt 0.091100 0.102700
vt 0.017900 0.110600
vt 0.069900 0.231100
vt 0.361400 0.221100
vt 0.297400 0.209200
vt 0.087600 0.248500
vt 0.278000 0.224300
vt 0.283100 0.217500
vt 0.261200 0.224500
vt 0.267700 0.202700
vt 0.269200 0.238900
vt 0.263100 0.240200
vt 0.143300 0.151900
vt 0.149200 0.138900
vt 0.119800 0.162900
vt 0.106500 0.156900
vt 0.127400 0.148900
vt 0.150500 0.179700
vt 0.096000 0.169100
vt 0.136200 0.168200
vt 0.118600 0.211700
vt 0.160400 0.192800
vt 0.152700 0.191600
vt 0.103500 0.207900
vt 0.139800 0.177600
vt 0.086000 0.200200
vt 0.133700 0.191200
vt 0.147200 0.189000
vt 0.146100 0.184300
vt 0.296200 0.200000
vt 0.044200 0.201000
vt 0.193000 0.239100
vt 0.140000 0.155300
vt 0.241200 0.249100
vt 0.270700 0.254100
vt 0.281900 0.279300
vt 0.202400 0.272100
vt 0.052900 0.208600
vt 0.051600 0.133700
vt 0.112800 0.157300
vt 0.135100 0.164200
vt 0.234800 0.227400
vt 0.163700 0.146700
vt 0.153300 0.150600
vt 0.041400 0.148600
vt 0.119800 0.150600
vt 0.149300 0.161000
vt 0.144500 0.164400
vt 0.147000 0.157700
vt 0.142300 0.160300
vt 0.114100 0.136700
vt 0.149300 0.369400
vt 0.277900 0.393800
vt 0.281800 0.427900
vt 0.150100 0.396200
vt 0.189900 0.366500
vt 0.112900 0.443400
vt 0.109900 0.424100
vt 0.167800 0.366200
vt 0.210800 0.392400
vt 0.180700 0.387100
vt 0.119600 0.453100
vt 0.278900 0.434100
vt 0.281900 0.439000
vt 0.272900 0.433700
vt 0.276000 0.428500
vt 0.269500 0.443500
vt 0.276900 0.448900
vt 0.289000 0.430200
vt 0.157400 0.155700
vt 0.163700 0.153800
vt 0.163700 0.172400
vt 0.124600 0.425700
vt 0.284900 0.433400
vt 0.275600 0.441000
vt 0.289600 0.437100
vt 0.158500 0.174500
vt 0.163700 0.180700
vt 0.285500 0.444300
vt 0.208900 0.370100
vt 0.160900 0.183100
vt 0.160700 0.185900
vt 0.163700 0.184300
vt 0.789800 0.074200
vt 0.415800 0.030800
vt 0.285400 0.505600
vt 0.250300 0.477200
vt 0.249300 0.509600
vt 0.396800 0.049900
vt 0.266400 0.551200
vt 0.787400 0.095700
vt 0.323600 0.516300
vt 0.247200 0.447000
vt 0.270200 0.494200
vt 0.257200 0.527100
vt 0.697200 0.333200
vt 0.484800 0.074300
vt 0.794600 0.289200
vt 0.669600 0.331400
vt 0.645200 0.308300
vt 0.673800 0.308700
vt 0.644100 0.264600
vt 0.693600 0.315300
vt 0.313900 0.421200
vt 0.808000 0.179100
vt 0.464500 0.077800
vt 0.495500 0.054700
vt 0.480700 0.066500
vt 0.662200 0.349800
vt 0.448100 0.089400
vt 0.776800 0.332200
vt 0.746800 0.329000
vt 0.301300 0.537000
vt 0.336900 0.427300
vt 0.720600 0.329400
vt 0.614600 0.219600
vt 0.621800 0.262300
vt 0.808400 0.306300
vt 0.298900 0.465100
vt 0.449200 0.022300
vt 0.492200 0.042000
vt 0.471400 0.087200
vt 0.485400 0.055300
vt 0.628200 0.322100
vt 0.486900 0.035000
vt 0.339400 0.441000
vt 0.254100 0.439000
vt 0.250100 0.422000
vt 0.427200 0.039100
vt 0.425600 0.027800
vt 0.326100 0.492200
vt 0.332900 0.470100
vt 0.466100 0.054500
vt 0.428600 0.070500
vt 0.434200 0.085400
vt 0.295200 0.427400
vt 0.299700 0.401500
vt 0.479900 0.040000
vt 0.258200 0.450100
vt 0.311700 0.445400
vt 0.289100 0.418300
vt 0.281000 0.459000
vt 0.278800 0.470200
vt 0.260200 0.439700
vt 0.263700 0.426500
vt 0.262800 0.434800
vt 0.272100 0.462900
vt 0.460100 0.016800
vt 0.816300 0.216100
vt 0.832700 0.096300
vt 0.782700 0.095100
vt 0.818100 0.072700
vt 0.803900 0.056800
vt 0.415600 0.080800
vt 0.410100 0.031300
vt 0.147000 0.490900
vt 0.402300 0.072300
vt 0.266700 0.449000
vt 0.295600 0.438800
vt 0.289500 0.448300
vt 0.180700 0.472700
vt 0.279600 0.452600
vt 0.210400 0.466200
vt 0.901800 0.262200
vt 0.180700 0.430800
vt 0.869100 0.259800
vt 0.814200 0.820700
vt 0.836300 0.767000
vt 0.837600 0.822300
vt 0.848100 0.840000
vt 0.834800 0.877300
vt 0.907100 0.808400
vt 0.874600 0.763500
vt 0.871100 0.824600
vt 0.878700 0.840900
vt 0.817300 0.281400
vt 0.879700 0.806800
vt 0.811000 0.249000
vt 0.906600 0.842700
vt 0.920400 0.827300
vt 0.264700 0.440300
vt 0.845700 0.200800
vt 0.270000 0.417600
vt 0.272800 0.452800
vt 0.150600 0.466700
vt 0.149500 0.431300
vt 0.886700 0.280700
vt 0.268800 0.435500
vt 0.279400 0.414900
vt 0.853900 0.236400
vt 0.280200 0.422600
vt 0.273700 0.424200
vt 0.269600 0.429700
vt 0.861900 0.863500
vt 0.863400 0.781900
vt 0.874000 0.884800
vt 0.888800 0.779100
vt 0.891400 0.866900
vt 0.900300 0.208000
vt 0.285400 0.425000
vt 0.873400 0.743400
vt 0.909000 0.765200
vt 0.851300 0.803200
vt 0.936300 0.827900
vt 0.868000 0.209600
vt 0.870500 0.903200
vt 0.800900 0.081500
vt 0.416000 0.040400
vt 0.804000 0.105300
vt 0.841600 0.250800
vt 0.893700 0.825800
vt 0.791000 0.261800
vt 0.800200 0.247500
vt 0.459200 0.092600
vt 0.463200 0.031500
vt 0.471600 0.023200
vt 0.452500 0.033200
vt 0.798100 0.132700
vt 0.802700 0.158200
vt 0.413500 0.073200
vt 0.397500 0.060000
vt 0.412700 0.055600
vt 0.816000 0.177200
vt 0.409500 0.078600
vt 0.842600 0.156100
vt 0.815100 0.187500
vt 0.834200 0.282200
vt 0.403300 0.035000
vt 0.425600 0.085100
vt 0.807700 0.186700
vt 0.816900 0.148000
vt 0.795100 0.112700
vt 0.442500 0.024100
vt 0.801600 0.222500
vt 0.434000 0.026900
vt 0.805000 0.204200
vt 0.769300 0.314100
vt 0.686400 0.089200
vt 0.213600 0.491100
vt 0.669400 0.055600
vt 0.239200 0.425100
vt 0.210800 0.429800
vt 0.180700 0.498400
vt 0.238900 0.456100
vt 0.652300 0.068400
vt 0.668100 0.097600
vt 0.655300 0.294300
vt 0.668300 0.286200
vt 0.673700 0.075100
vt 0.746900 0.310800
vt 0.492800 0.064900
vt 0.452500 0.076800
vt 0.441500 0.087600
vt 0.883900 0.183400
vt 0.904700 0.887700
vt 0.666300 0.081400
vt 0.915100 0.236400
vt 0.653900 0.262500
vt 0.362600 0.078100
vt 0.124600 0.156100
vt 0.125700 0.157400
vt 0.156800 0.185700
vt 0.127300 0.157600
vt 0.125700 0.157400
vt 0.125700 0.158700
vt 0.125700 0.157400
vt 0.127300 0.157600
vt 0.126800 0.156000
vt 0.126800 0.156000
vt 0.155000 0.180200
vt 0.163700 0.187000
vt 0.156700 0.182800
vt 0.152900 0.182700
vt 0.153000 0.185900
vt 0.353900 0.078100
vt 0.125700 0.155600
vt 0.363800 0.108600
vt 0.361600 0.101500
vt 0.374100 0.092500
vt 0.367800 0.068200
vt 0.359200 0.062100
vt 0.348600 0.062100
vt 0.348600 0.094200
vt 0.339900 0.088000
vt 0.359200 0.094200
vt 0.345100 0.078100
vt 0.367800 0.088000
vt 0.371100 0.078100
vt 0.351200 0.086300
vt 0.346800 0.083200
vt 0.361000 0.073100
vt 0.356600 0.086300
vt 0.346800 0.073100
vt 0.351200 0.070000
vt 0.346200 0.054700
vt 0.321200 0.078100
vt 0.336600 0.078100
vt 0.378800 0.078100
vt 0.380100 0.059300
vt 0.808600 0.758700
vt 0.947400 0.205500
vt 0.931500 0.500800
vt 0.902400 0.607500
vt 0.978500 0.606000
vt 0.344000 0.108600
vt 0.328900 0.078100
vt 0.950600 0.718800
vt 0.819200 0.749100
vt 0.851964 0.938450
vt 0.824996 0.977701
vt 0.855142 0.940216
vt 0.824253 0.982537
vt 0.386500 0.078100
vt 0.339900 0.068200
vt 0.361000 0.083200
vt 0.356600 0.070000
vt 0.283000 0.827800
vt 0.734500 0.184000
vt 0.186700 0.858500
vt 0.714200 0.205000
vt 0.734600 0.206700
vt 0.139600 0.881400
vt 0.681700 0.183300
vt 0.613300 0.136300
vt 0.685700 0.208200
vt 0.225500 0.970900
vt 0.214000 0.983900
vt 0.631700 0.192400
vt 0.733700 0.155600
vt 0.689700 0.123800
vt 0.683500 0.157900
vt 0.726300 0.133300
vt 0.781000 0.113900
vt 0.289800 0.989300
vt 0.259600 0.969900
vt 0.654700 0.152300
vt 0.637500 0.113900
vt 0.717400 0.055800
vt 0.773600 0.141200
vt 0.747500 0.055700
vt 0.778300 0.163500
vt 0.719100 0.035400
vt 0.648500 0.116400
vt 0.737600 0.106200
vt 0.649800 0.097000
vt 0.657500 0.212700
vt 0.650500 0.182800
vt 0.770200 0.118700
vt 0.760300 0.123300
vt 0.712600 0.161900
vt 0.730800 0.292100
vt 0.695400 0.029300
vt 0.750300 0.035900
vt 0.664400 0.032400
vt 0.768400 0.050600
vt 0.691600 0.067200
vt 0.729700 0.077700
vt 0.766500 0.153400
vt 0.619900 0.183500
vt 0.630600 0.183800
vt 0.709700 0.184100
vt 0.693700 0.298300
vt 0.789500 0.162300
vt 0.688000 0.046400
vt 0.743100 0.264700
vt 0.657300 0.013600
vt 0.778900 0.029600
vt 0.621700 0.171500
vt 0.631500 0.173700
vt 0.640400 0.143600
vt 0.760300 0.077500
vt 0.687200 0.248200
vt 0.669200 0.248400
vt 0.770200 0.101100
vt 0.718100 0.310800
vt 0.670100 0.268900
vt 0.728700 0.234300
vt 0.754200 0.096400
vt 0.688300 0.276900
vt 0.674900 0.291400
vt 0.640100 0.095700
vt 0.053200 0.881400
vt 0.271400 0.849900
vt 0.174400 0.887300
vt 0.241400 0.881300
vt 0.225500 0.856400
vt 0.077200 0.893100
vt 0.103100 0.895100
vt 0.154300 0.855700
vt 0.128200 0.996200
vt 0.771500 0.182700
vt 0.782400 0.182100
vt 0.778400 0.200600
vt 0.151400 0.976700
vt 0.775500 0.246200
vt 0.206000 0.955500
vt 0.212600 0.996200
vt 0.222400 0.960800
vt 0.157500 0.996200
vt 0.174800 0.980500
vt 0.094500 0.996200
vt 0.183400 0.952500
vt 0.096800 0.981500
vt 0.069800 0.981900
vt 0.126300 0.944900
vt 0.098000 0.948500
vt 0.129400 0.918500
vt 0.038500 0.953500
vt 0.042000 0.996100
vt 0.158100 0.923500
vt 0.128500 0.928600
vt 0.044000 0.907100
vt 0.793100 0.181500
vt 0.069500 0.914100
vt 0.039600 0.920400
vt 0.776300 0.222000
vt 0.787000 0.244600
vt 0.605200 0.182700
vt 0.621000 0.194200
vt 0.073500 0.996200
vt 0.768400 0.207900
vt 0.788600 0.202600
vt 0.640300 0.218300
vt 0.786600 0.222900
vt 0.760300 0.290200
vt 0.774400 0.267900
vt 0.630700 0.220100
vt 0.098600 0.927700
vt 0.757500 0.271900
vt 0.641200 0.250200
vt 0.651900 0.248900
vt 0.762000 0.264200
vt 0.763700 0.247700
vt 0.221500 0.934300
vt 0.222400 0.986800
vt 0.229800 0.934900
vt 0.184400 0.996200
vt 0.260100 0.996300
vt 0.237300 0.985500
vt 0.135600 0.896800
vt 0.267100 0.876700
vt 0.170300 0.900500
vt 0.126200 0.973400
vt 0.041300 0.978600
vt 0.068900 0.953600
vt 0.154700 0.948700
vt 0.621300 0.039900
vt 0.616800 0.101300
vt 0.639500 0.054800
vt 0.249600 0.827800
vt 0.115100 0.879700
vt 0.213100 0.883400
vt 0.290000 0.898300
vt 0.189700 0.931200
vt 0.300200 0.865300
vt 0.098100 0.917700
vt 0.230900 0.907400
vt 0.257400 0.903600
vt 0.206400 0.905500
vt 0.157300 0.928600
vt 0.065500 0.925100
vt 0.070300 0.864800
vt 0.303900 0.996300
vt 0.090900 0.873900
vt 0.118400 0.851000
vt 0.210700 0.827700
vt 0.174700 0.827700
vt 0.630200 0.141200
vt 0.140000 0.827700
vt 0.278200 0.906500
vt 0.266700 0.938000
vt 0.242600 0.981200
vt 0.285500 0.948100
vt 0.246100 0.930200
vt 0.289900 0.996300
vt 0.261600 0.908600
vt 0.249500 0.936200
vt 0.284700 0.931800
vt 0.245500 0.965000
vt 0.301600 0.923600
vt 0.301700 0.941100
vt 0.284800 0.979500
vt 0.264700 0.984000
vt 0.784600 0.138200
vt 0.666600 0.121600
vt 0.758300 0.104900
vt 0.194200 0.981900
vt 0.204300 0.996200
vt 0.243500 0.965500
vt 0.235600 0.996300
vt 0.300500 0.968000
vt 0.947100 0.595100
vt 0.969800 0.594600
vt 0.965400 0.605800
vt 0.947600 0.641200
vt 0.944300 0.620400
vt 0.961800 0.658300
vt 0.950700 0.639100
vt 0.966200 0.633500
vt 0.969300 0.645200
vt 0.948600 0.619000
vt 0.965000 0.619000
vt 0.969800 0.552900
vt 0.969300 0.511700
vt 0.946200 0.147800
vt 0.960800 0.537500
vt 0.959600 0.660300
vt 0.963400 0.583400
vt 0.952100 0.601200
vt 0.788600 0.675100
vt 0.811600 0.646300
vt 0.821600 0.656500
vt 0.901500 0.641200
vt 0.929300 0.656600
vt 0.940100 0.679800
vt 0.902400 0.607500
vt 0.930600 0.546400
vt 0.913600 0.573100
vt 0.956500 0.571500
vt 0.944300 0.561900
vt 0.952100 0.601200
vt 0.947100 0.595100
vt 0.963400 0.583400
vt 0.978500 0.606000
vt 0.978500 0.593700
vt 0.969300 0.645200
vt 0.960800 0.537500
vt 0.978600 0.072800
vt 0.969800 0.552900
vt 0.969300 0.511700
vt 0.865500 0.596600
vt 0.800200 0.679900
vt 0.932200 0.306500
vt 0.798900 0.651600
vt 0.888400 0.645900
vt 0.926600 0.624300
vt 0.897300 0.606800
vt 0.965400 0.605800
vt 0.969800 0.594600
vt 0.948600 0.619000
vt 0.966200 0.633500
vt 0.898700 0.686000
vt 0.961800 0.658300
vt 0.947600 0.641200
vt 0.978500 0.631900
vt 0.946200 0.147800
vt 0.813600 0.663100
vt 0.931000 0.371500
vt 0.903600 0.716100
vt 0.947400 0.205500
vt 0.906600 0.671800
vt 0.895300 0.642200
vt 0.951000 0.338800
vt 0.926400 0.414100
vt 0.929700 0.231900
vt 0.934900 0.733500
vt 0.896900 0.504800
vt 0.946600 0.416000
vt 0.947400 0.205500
vt 0.944300 0.620400
vt 0.934600 0.389500
vt 0.952100 0.601200
vt 0.946600 0.416000
vt 0.963400 0.583400
vt 0.920700 0.459100
vt 0.939100 0.458400
vt 0.931500 0.500800
vt 0.890900 0.586400
vt 0.913600 0.573100
vt 0.924900 0.731300
vt 0.898700 0.686000
vt 0.877000 0.700400
vt 0.923300 0.706400
vt 0.926600 0.624300
vt 0.874600 0.692200
vt 0.860600 0.704400
vt 0.901100 0.730700
vt 0.929300 0.656600
vt 0.940100 0.679800
vt 0.950600 0.718800
vt 0.948600 0.388000
vt 0.893300 0.518200
vt 0.928200 0.397800
vt 0.925400 0.181300
vt 0.931500 0.500800
vt 0.969300 0.645200
vt 0.956500 0.571500
vt 0.902400 0.607500
vt 0.897300 0.606800
vt 0.865500 0.596600
vt 0.944300 0.561900
vt 0.932400 0.588900
vt 0.947100 0.595100
vt 0.966200 0.633500
vt 0.948600 0.619000
vt 0.959600 0.660300
vt 0.969800 0.552900
vt 0.947600 0.641200
vt 0.965000 0.619000
vt 0.877000 0.700400
vt 0.932400 0.588900
vt 0.923300 0.706400
vt 0.894900 0.673700
vt 0.874600 0.692200
vt 0.879000 0.633500
vt 0.946200 0.147800
vt 0.961800 0.658300
vt 0.950700 0.639100
vt 0.901500 0.641200
vt 0.854800 0.688400
vt 0.843200 0.577500
vt 0.969800 0.594600
vt 0.864900 0.639400
vt 0.879000 0.633500
vt 0.930600 0.546400
vt 0.965400 0.605800
vt 0.832800 0.739000
vt 0.944300 0.561900
vt 0.956500 0.571500
vt 0.969300 0.511700
vt 0.960800 0.537500
vt 0.947400 0.703900
vt 0.920200 0.141200
vt 0.913600 0.573100
vt 0.874600 0.692200
vt 0.902400 0.607500
vt 0.897300 0.606800
vt 0.929300 0.656600
vt 0.865500 0.596600
vt 0.926600 0.624300
vt 0.879000 0.633500
vt 0.898700 0.686000
vt 0.930600 0.546400
vt 0.932400 0.588900
vt 0.923300 0.706400
vt 0.906600 0.671800
vt 0.940100 0.679800
vt 0.842100 0.723000
vt 0.903600 0.716100
vt 0.901500 0.641200
vt 0.877000 0.700400
vt 0.894900 0.673700
vt 0.833400 0.719200
vt 0.895300 0.642200
vt 0.825000 0.732700
vt 0.978500 0.707900
vt 0.978500 0.205500
vt 0.895300 0.642200
vt 0.877700 0.671400
vt 0.875200 0.655000
vt 0.906600 0.671800
vt 0.903600 0.716100
vt 0.978500 0.553000
vt 0.978500 0.577000
vt 0.978500 0.512800
vt 0.978500 0.690300
vt 0.978500 0.619200
vt 0.965000 0.619000
vt 0.950700 0.639100
vt 0.978500 0.668900
vt 0.944300 0.620400
vt 0.978500 0.646100
vt 0.978500 0.665800
vt 0.959600 0.660300
vt 0.888400 0.645900
vt 0.806300 0.717700
vt 0.978500 0.338900
vt 0.834700 0.667300
vt 0.950600 0.718800
vt 0.935500 0.269900
vt 0.978500 0.712600
vt 0.947400 0.703900
vt 0.951000 0.338800
vt 0.813300 0.711800
vt 0.978500 0.417600
vt 0.978500 0.338900
vt 0.978500 0.417600
vt 0.978500 0.205500
vt 0.826600 0.673100
vt 0.949200 0.272200
vt 0.888400 0.645900
vt 0.837700 0.703200
vt 0.847000 0.703500
vt 0.834200 0.687000
vt 0.843100 0.683700
vt 0.894900 0.673700
vt 0.987900 0.879500
vt 0.938600 0.962000
vt 0.933300 0.882800
vt 0.983200 0.858200
vt 0.960200 0.968200
vt 0.991400 0.940700
vt 0.930700 0.918900
vt 0.929700 0.941400
vt 0.973400 0.845500
vt 0.935600 0.862400
vt 0.313000 0.982600
vt 0.577000 0.786100
vt 0.576000 0.768800
vt 0.960200 0.839800
vt 0.932200 0.897200
vt 0.980800 0.958900
vt 0.560400 0.771800
vt 0.570800 0.749600
vt 0.813800 0.693400
vt 0.816800 0.702700
vt 0.807100 0.687100
vt 0.992200 0.919800
vt 0.989700 0.898000
vt 0.303800 0.990700
vt 0.559200 0.733700
vt 0.978500 0.712600
vt 0.793600 0.702100
vt 0.544800 0.722500
vt 0.946000 0.845000
vt 0.950600 0.718800
vt 0.978500 0.707900
vt 0.934900 0.733500
vt 0.423300 0.461400
vt 0.947400 0.703900
vt 0.931100 0.273800
vt 0.935500 0.269900
vt 0.949200 0.272200
vt 0.580300 0.393200
vt 0.932200 0.306500
vt 0.951000 0.338800
vt 0.929700 0.231900
vt 0.931000 0.371500
vt 0.531800 0.656900
vt 0.946600 0.416000
vt 0.920700 0.459100
vt 0.913600 0.453400
vt 0.926400 0.414100
vt 0.965400 0.605800
vt 0.811600 0.742000
vt 0.920200 0.141200
vt 0.978600 0.072800
vt 0.913600 0.573100
vt 0.865500 0.596600
vt 0.940100 0.679800
vt 0.879000 0.633500
vt 0.854800 0.688400
vt 0.843200 0.577500
vt 0.897300 0.606800
vt 0.844500 0.473400
vt 0.825400 0.472600
vt 0.827500 0.409900
vt 0.880700 0.358400
vt 0.862700 0.409700
vt 0.924900 0.731300
vt 0.898700 0.686000
vt 0.923300 0.706400
vt 0.901500 0.641200
vt 0.864900 0.639400
vt 0.903600 0.716100
vt 0.827700 0.359300
vt 0.844800 0.358400
vt 0.826000 0.308900
vt 0.824500 0.293200
vt 0.874600 0.692200
vt 0.906600 0.671800
vt 0.860600 0.704400
vt 0.877000 0.700400
vt 0.901100 0.730700
vt 0.888400 0.645900
vt 0.895300 0.642200
vt 0.875200 0.655000
vt 0.881000 0.473400
vt 0.900100 0.472600
vt 0.898000 0.409900
vt 0.842200 0.285500
vt 0.843800 0.409300
vt 0.929300 0.656600
vt 0.844500 0.473400
vt 0.844300 0.308000
vt 0.862700 0.307900
vt 0.881200 0.308000
vt 0.894900 0.673700
vt 0.877700 0.671400
vt 0.926600 0.624300
vt 0.862700 0.473000
vt 0.897800 0.359300
vt 0.899500 0.308900
vt 0.862700 0.358200
vt 0.883300 0.285500
vt 0.862700 0.282900
vt 0.881600 0.409300
vt 0.844300 0.308000
vt 0.881000 0.473400
vt 0.862700 0.473000
vt 0.862700 0.358200
vt 0.842200 0.285500
vt 0.844800 0.358400
vt 0.843800 0.409300
vt 0.900900 0.293200
vt 0.824377 0.928956
vt 0.830312 0.978066
vt 0.831555 0.929116
vt 0.817754 0.928791
vt 0.855597 0.938271
vt 0.868603 0.937949
vt 0.856802 0.933115
vt 0.868607 0.930147
vt 0.862700 0.409700
vt 0.862700 0.282900
vt 0.880700 0.358400
vt 0.881600 0.409300
vt 0.862700 0.307900
vt 0.883300 0.285500
vt 0.881200 0.308000
vt 0.878249 0.930538
vt 0.871901 0.954775
vt 0.862633 0.981375
vt 0.854070 0.979403
vt 0.870305 0.977907
vt 0.869229 0.957630
vt 0.866693 0.968554
vt 0.880096 0.965872
vt 0.879275 0.958668
vt 0.861475 0.943560
vt 0.862406 0.968017
vt 0.663200 0.978500
vt 0.663900 0.951100
vt 0.695000 0.951900
vt 0.693700 0.979200
vt 0.839045 0.955480
vt 0.839044 0.933231
vt 0.839750 0.929300
vt 0.857600 0.929700
vt 0.839364 0.931447
vt 0.811400 0.982200
vt 0.816500 0.954900
vt 0.821154 0.932491
vt 0.664500 0.924900
vt 0.696300 0.925700
vt 0.727900 0.926500
vt 0.759300 0.927300
vt 0.791600 0.928100
vt 0.835066 0.955377
vt 0.835796 0.932212
vt 0.828451 0.955207
vt 0.831802 0.930959
vt 0.723000 0.980000
vt 0.725500 0.952600
vt 0.752700 0.980700
vt 0.783400 0.981500
vt 0.755900 0.953400
vt 0.787400 0.954200
vt 0.850840 0.976805
vt 0.851500 0.955800
vt 0.848846 0.979379
vt 0.846643 0.978663
vt 0.834976 0.982819
vt 0.835629 0.978432
vt 0.845700 0.983100
vt 0.020600 0.763525
vt 0.161432 0.795735
vt 0.142796 0.804355
vt 0.062732 0.791362
vt 0.075716 0.803305
vt 0.163108 0.787584
vt 0.166200 0.785650
vt 0.027820 0.754188
vt 0.166200 0.604600
vt 0.032061 0.792054
vt 0.094100 0.797569
vt 0.060981 0.776646
vt 0.025431 0.743781
vt 0.020600 0.738926
vt 0.055900 0.735600
vt 0.020600 0.735600
vt 0.131800 0.604600
vt 0.094100 0.637200
vt 0.028297 0.787426
vt 0.020600 0.771500
vt 0.131800 0.771500
vt 0.166200 0.771500
vt 0.131800 0.735600
vt 0.166200 0.735600
vt 0.124508 0.800779
vt 0.089090 0.790471
vt 0.055900 0.637200
vt 0.020600 0.666500
vt 0.055900 0.666500
vt 0.020600 0.702900
vt 0.094100 0.604600
vt 0.052150 0.807633
vt 0.055900 0.604600
vt 0.055900 0.702900
vt 0.094100 0.702900
vt 0.055900 0.771500
vt 0.094100 0.666500
vt 0.131800 0.702900
vt 0.166200 0.702900
vt 0.020600 0.604600
vt 0.094100 0.771500
vt 0.055900 0.798182
vt 0.036214 0.785287
vt 0.094100 0.735600
vt 0.020600 0.637200
vt 0.131800 0.637200
vt 0.166200 0.637200
vt 0.131800 0.666500
vt 0.166200 0.666500
vt 0.182600 0.735300
vt 0.288800 0.666000
vt 0.208600 0.666000
vt 0.208600 0.698200
vt 0.182600 0.698200
vt 0.182600 0.666000
vt 0.208600 0.636200
vt 0.288800 0.608600
vt 0.208600 0.608600
vt 0.182600 0.636200
vt 0.216115 0.809171
vt 0.288800 0.735300
vt 0.233442 0.800763
vt 0.182600 0.783611
vt 0.239361 0.805637
vt 0.236300 0.608600
vt 0.221781 0.817164
vt 0.288800 0.774600
vt 0.266359 0.790748
vt 0.271561 0.786395
vt 0.262500 0.666000
vt 0.262500 0.774600
vt 0.262500 0.735300
vt 0.262500 0.698200
vt 0.288800 0.698200
vt 0.208600 0.735300
vt 0.182600 0.774600
vt 0.208600 0.774600
vt 0.285364 0.789504
vt 0.272176 0.801503
vt 0.276123 0.808442
vt 0.244046 0.799291
vt 0.262500 0.785571
vt 0.192108 0.810876
vt 0.190145 0.797070
vt 0.285624 0.781335
vt 0.269617 0.780420
vt 0.236300 0.666000
vt 0.236300 0.698200
vt 0.208600 0.803440
vt 0.236300 0.735300
vt 0.236300 0.774600
vt 0.236300 0.636200
vt 0.182600 0.608600
vt 0.262500 0.636200
vt 0.288800 0.636200
vt 0.262500 0.608600
vt 0.252838 0.811060
vt 0.257456 0.804638
g garen_base_mat
usemtl HeroModel_mat
f 165/165/165 164/164/164 366/366/366
f 165/165/165 366/366/366 166/166/166
f 166/166/166 366/366/366 167/167/167
f 167/167/167 366/366/366 190/190/190
f 190/190/190 366/366/366 289/289/289
f 289/289/289 366/366/366 365/365/365
f 289/289/289 365/365/365 363/363/363
f 363/363/363 365/365/365 364/364/364
f 363/363/363 364/364/364 288/288/288
f 288/288/288 364/364/364 290/290/290
f 290/290/290 362/362/362 288/288/288
f 177/177/177 190/190/190 289/289/289
f 177/177/177 289/289/289 181/181/181
f 181/181/181 289/289/289 363/363/363
f 181/181/181 363/363/363 182/182/182
f 182/182/182 363/363/363 288/288/288
f 182/182/182 288/288/288 173/173/173
f 173/173/173 288/288/288 361/361/361
f 288/288/288 362/362/362 361/361/361
f 361/361/361 362/362/362 171/171/171
f 171/171/171 362/362/362 174/174/174
f 191/191/191 190/190/190 177/177/177
f 191/191/191 177/177/177 176/176/176
f 176/176/176 177/177/177 186/186/186
f 177/177/177 181/181/181 186/186/186
f 186/186/186 181/181/181 189/189/189
f 181/181/181 182/182/182 189/189/189
f 189/189/189 182/182/182 187/187/187
f 182/182/182 173/173/173 187/187/187
f 191/191/191 169/169/169 190/190/190
f 160/160/160 169/169/169 191/191/191
f 191/191/191 161/161/161 160/160/160
f 157/157/157 161/161/161 191/191/191
f 157/157/157 191/191/191 176/176/176
f 157/157/157 159/159/159 161/161/161
f 157/157/157 176/176/176 156/156/156
f 156/156/156 176/176/176 172/172/172
f 158/158/158 172/172/172 176/176/176
f 158/158/158 176/176/176 163/163/163
f 163/163/163 176/176/176 162/162/162
f 162/162/162 176/176/176 184/184/184
f 184/184/184 176/176/176 183/183/183
f 183/183/183 176/176/176 186/186/186
f 158/158/158 168/168/168 172/172/172
f 172/172/172 168/168/168 170/170/170
f 183/183/183 186/186/186 194/194/194
f 193/193/193 194/194/194 186/186/186
f 193/193/193 186/186/186 195/195/195
f 186/186/186 189/189/189 195/195/195
f 195/195/195 189/189/189 185/185/185
f 189/189/189 187/187/187 185/185/185
f 185/185/185 187/187/187 188/188/188
f 187/187/187 179/179/179 188/188/188
f 178/178/178 179/179/179 187/187/187
f 187/187/187 173/173/173 178/178/178
f 173/173/173 175/175/175 178/178/178
f 173/173/173 361/361/361 175/175/175
f 175/175/175 361/361/361 171/171/171
f 178/178/178 192/192/192 179/179/179
f 178/178/178 175/175/175 192/192/192
f 179/179/179 192/192/192 180/180/180
f 282/282/282 284/284/284 283/283/283
f 287/287/287 284/284/284 282/282/282
f 281/281/281 287/287/287 282/282/282
f 435/435/435 287/287/287 281/281/281
f 528/528/528 435/435/435 281/281/281
f 527/527/527 435/435/435 528/528/528
f 526/526/526 527/527/527 528/528/528
f 505/505/505 527/527/527 526/526/526
f 505/505/505 526/526/526 524/524/524
f 524/524/524 526/526/526 530/530/530
f 524/524/524 530/530/530 534/534/534
f 534/534/534 530/530/530 520/520/520
f 527/527/527 491/491/491 435/435/435
f 491/491/491 527/527/527 517/517/517
f 505/505/505 517/517/517 527/527/527
f 516/516/516 517/517/517 505/505/505
f 516/516/516 505/505/505 500/500/500
f 500/500/500 505/505/505 524/524/524
f 500/500/500 524/524/524 503/503/503
f 503/503/503 524/524/524 534/534/534
f 435/435/435 491/491/491 285/285/285
f 433/433/433 286/286/286 436/436/436
f 436/436/436 517/517/517 433/433/433
f 491/491/491 517/517/517 436/436/436
f 436/436/436 493/493/493 491/491/491
f 489/489/489 493/493/493 436/436/436
f 504/504/504 433/433/433 517/517/517
f 504/504/504 517/517/517 507/507/507
f 507/507/507 517/517/517 516/516/516
f 516/516/516 500/500/500 507/507/507
f 507/507/507 500/500/500 533/533/533
f 503/503/503 533/533/533 500/500/500
f 504/504/504 490/490/490 433/433/433
f 504/504/504 488/488/488 490/490/490
f 504/504/504 434/434/434 488/488/488
f 529/529/529 434/434/434 504/504/504
f 529/529/529 504/504/504 519/519/519
f 519/519/519 504/504/504 507/507/507
f 533/533/533 519/519/519 507/507/507
f 433/433/433 490/490/490 432/432/432
f 432/432/432 431/431/431 433/433/433
f 488/488/488 492/492/492 490/490/490
f 525/525/525 519/519/519 533/533/533
f 509/509/509 525/525/525 533/533/533
f 509/509/509 533/533/533 503/503/503
f 503/503/503 518/518/518 509/509/509
f 503/503/503 534/534/534 518/518/518
f 518/518/518 534/534/534 511/511/511
f 534/534/534 520/520/520 511/511/511
f 506/506/506 525/525/525 509/509/509
f 508/508/508 506/506/506 509/509/509
f 509/509/509 518/518/518 508/508/508
f 502/502/502 508/508/508 518/518/518
f 518/518/518 511/511/511 502/502/502
f 502/502/502 511/511/511 514/514/514
f 511/511/511 515/515/515 514/514/514
f 511/511/511 520/520/520 515/515/515
f 521/521/521 506/506/506 508/508/508
f 531/531/531 521/521/521 508/508/508
f 531/531/531 508/508/508 502/502/502
f 532/532/532 521/521/521 531/531/531
f 514/514/514 515/515/515 523/523/523
f 1075/1075/1075 1061/1061/1061 1060/1060/1060
f 1060/1060/1060 1061/1061/1061 1087/1087/1087
f 1061/1061/1061 522/522/522 1087/1087/1087
f 1087/1087/1087 522/522/522 510/510/510
f 522/522/522 501/501/501 510/510/510
f 510/510/510 501/501/501 498/498/498
f 501/501/501 499/499/499 498/498/498
f 498/498/498 499/499/499 494/494/494
f 499/499/499 495/495/495 494/494/494
f 494/494/494 495/495/495 496/496/496
f 495/495/495 513/513/513 496/496/496
f 496/496/496 513/513/513 497/497/497
f 513/513/513 512/512/512 497/497/497
f 497/497/497 512/512/512 539/539/539
f 512/512/512 538/538/538 539/539/539
f 539/539/539 538/538/538 537/537/537
f 538/538/538 541/541/541 537/537/537
f 537/537/537 541/541/541 542/542/542
f 541/541/541 540/540/540 542/542/542
f 542/542/542 540/540/540 536/536/536
f 540/540/540 544/544/544 536/536/536
f 536/536/536 544/544/544 775/775/775
f 544/544/544 774/774/774 775/775/775
f 775/775/775 774/774/774 769/769/769
f 774/774/774 771/771/771 769/769/769
f 769/769/769 771/771/771 772/772/772
f 771/771/771 770/770/770 772/772/772
f 772/772/772 770/770/770 773/773/773
f 770/770/770 777/777/777 773/773/773
f 773/773/773 777/777/777 1062/1062/1062
f 777/777/777 1063/1063/1063 1062/1062/1062
f 1062/1062/1062 1063/1063/1063 1076/1076/1076
f 1063/1063/1063 1712/1712/1712 1076/1076/1076
f 1748/1748/1748 1712/1712/1712 1063/1063/1063
f 1712/1712/1712 1748/1748/1748 1713/1713/1713
f 1713/1713/1713 1748/1748/1748 1733/1733/1733
f 1733/1733/1733 1071/1071/1071 1713/1713/1713
f 1713/1713/1713 1071/1071/1071 1052/1052/1052
f 1070/1070/1070 1052/1052/1052 1071/1071/1071
f 1079/1079/1079 1052/1052/1052 1070/1070/1070
f 1078/1078/1078 1079/1079/1079 1070/1070/1070
f 1077/1077/1077 1079/1079/1079 1078/1078/1078
f 1078/1078/1078 1053/1053/1053 1077/1077/1077
f 1054/1054/1054 1053/1053/1053 1078/1078/1078
f 1059/1059/1059 1086/1086/1086 1085/1085/1085
f 1058/1058/1058 1086/1086/1086 1059/1059/1059
f 1074/1074/1074 1058/1058/1058 1059/1059/1059
f 1084/1084/1084 1058/1058/1058 1074/1074/1074
f 1088/1088/1088 1090/1090/1090 1073/1073/1073
f 1073/1073/1073 1090/1090/1090 1083/1083/1083
f 1083/1083/1083 1056/1056/1056 1073/1073/1073
f 1073/1073/1073 1056/1056/1056 1057/1057/1057
f 1056/1056/1056 1055/1055/1055 1057/1057/1057
f 1057/1057/1057 1055/1055/1055 1089/1089/1089
f 1055/1055/1055 1082/1082/1082 1089/1089/1089
f 1089/1089/1089 1082/1082/1082 1081/1081/1081
f 1081/1081/1081 1082/1082/1082 1080/1080/1080
f 1080/1080/1080 1082/1082/1082 1072/1072/1072
f 1372/1372/1372 1065/1065/1065 1366/1366/1366
f 1366/1366/1366 1368/1368/1368 1372/1372/1372
f 1366/1366/1366 1388/1388/1388 1368/1368/1368
f 1433/1433/1433 1368/1368/1368 1388/1388/1388
f 1388/1388/1388 1379/1379/1379 1433/1433/1433
f 1372/1372/1372 1368/1368/1368 1369/1369/1369
f 1369/1369/1369 1368/1368/1368 1433/1433/1433
f 1390/1390/1390 1369/1369/1369 1433/1433/1433
f 1436/1436/1436 1390/1390/1390 1433/1433/1433
f 1390/1390/1390 1436/1436/1436 1377/1377/1377
f 1622/1622/1622 1377/1377/1377 1436/1436/1436
f 1449/1449/1449 1377/1377/1377 1622/1622/1622
f 1449/1449/1449 1622/1622/1622 1451/1451/1451
f 1451/1451/1451 1622/1622/1622 1414/1414/1414
f 1457/1457/1457 1390/1390/1390 1377/1377/1377
f 1377/1377/1377 1454/1454/1454 1457/1457/1457
f 1454/1454/1454 1377/1377/1377 1461/1461/1461
f 1377/1377/1377 1449/1449/1449 1461/1461/1461
f 1461/1461/1461 1449/1449/1449 1381/1381/1381
f 1449/1449/1449 1451/1451/1451 1381/1381/1381
f 1389/1389/1389 1390/1390/1390 1457/1457/1457
f 1360/1360/1360 1389/1389/1389 1457/1457/1457
f 1364/1364/1364 1360/1360/1360 1457/1457/1457
f 1365/1365/1365 1364/1364/1364 1457/1457/1457
f 1457/1457/1457 1408/1408/1408 1365/1365/1365
f 1457/1457/1457 1453/1453/1453 1408/1408/1408
f 1453/1453/1453 1457/1457/1457 1454/1454/1454
f 1068/1068/1068 1360/1360/1360 1364/1364/1364
f 1068/1068/1068 1364/1364/1364 1069/1069/1069
f 1364/1364/1364 1051/1051/1051 1069/1069/1069
f 1050/1050/1050 1051/1051/1051 1364/1364/1364
f 1050/1050/1050 1364/1364/1364 1365/1365/1365
f 1365/1365/1365 1408/1408/1408 1067/1067/1067
f 1067/1067/1067 1064/1064/1064 1365/1365/1365
f 1365/1365/1365 1064/1064/1064 1066/1066/1066
f 1381/1381/1381 1451/1451/1451 1380/1380/1380
f 1451/1451/1451 1614/1614/1614 1380/1380/1380
f 1451/1451/1451 1440/1440/1440 1614/1614/1614
f 1414/1414/1414 1440/1440/1440 1451/1451/1451
f 1414/1414/1414 1391/1391/1391 1440/1440/1440
f 1354/1354/1354 1391/1391/1391 1414/1414/1414
f 1380/1380/1380 1614/1614/1614 1435/1435/1435
f 1614/1614/1614 1406/1406/1406 1435/1435/1435
f 1614/1614/1614 1396/1396/1396 1406/1406/1406
f 1440/1440/1440 1396/1396/1396 1614/1614/1614
f 1440/1440/1440 1353/1353/1353 1396/1396/1396
f 1380/1380/1380 1435/1435/1435 1378/1378/1378
f 1396/1396/1396 1398/1398/1398 1406/1406/1406
f 1406/1406/1406 1398/1398/1398 1452/1452/1452
f 1398/1398/1398 1404/1404/1404 1452/1452/1452
f 1452/1452/1452 1404/1404/1404 1405/1405/1405
f 1404/1404/1404 1395/1395/1395 1405/1405/1405
f 1405/1405/1405 1395/1395/1395 1387/1387/1387
f 1395/1395/1395 1397/1397/1397 1387/1387/1387
f 1387/1387/1387 1397/1397/1397 1430/1430/1430
f 1406/1406/1406 1452/1452/1452 1450/1450/1450
f 1450/1450/1450 1452/1452/1452 1455/1455/1455
f 1452/1452/1452 1405/1405/1405 1455/1455/1455
f 1455/1455/1455 1405/1405/1405 1407/1407/1407
f 1405/1405/1405 1387/1387/1387 1407/1407/1407
f 1407/1407/1407 1387/1387/1387 1429/1429/1429
f 1387/1387/1387 1430/1430/1430 1429/1429/1429
f 1429/1429/1429 1430/1430/1430 1432/1432/1432
f 1435/1435/1435 1406/1406/1406 1450/1450/1450
f 1454/1454/1454 1461/1461/1461 1456/1456/1456
f 1461/1461/1461 1462/1462/1462 1456/1456/1456
f 1434/1434/1434 3790/3790/3790 1750/1750/1750
f 1750/1750/1750 3790/3790/3790 3782/3782/3782
f 3790/3790/3790 3780/3780/3780 3782/3782/3782
f 3781/3781/3781 3782/3782/3782 3780/3780/3780
f 3781/3781/3781 3780/3780/3780 3779/3779/3779
f 3781/3781/3781 3779/3779/3779 3809/3809/3809
f 3779/3779/3779 3288/3288/3288 3809/3809/3809
f 3808/3808/3808 1750/1750/1750 3782/3782/3782
f 3781/3781/3781 3808/3808/3808 3782/3782/3782
f 3781/3781/3781 3809/3809/3809 3808/3808/3808
f 3807/3807/3807 3808/3808/3808 3809/3809/3809
f 3807/3807/3807 1427/1427/1427 3808/3808/3808
f 3808/3808/3808 1427/1427/1427 1746/1746/1746
f 1746/1746/1746 1750/1750/1750 3808/3808/3808
f 3288/3288/3288 3806/3806/3806 3809/3809/3809
f 3806/3806/3806 3288/3288/3288 3805/3805/3805
f 3805/3805/3805 3288/3288/3288 3829/3829/3829
f 3829/3829/3829 3288/3288/3288 3290/3290/3290
f 3290/3290/3290 3799/3799/3799 3829/3829/3829
f 3829/3829/3829 3799/3799/3799 3795/3795/3795
f 3795/3795/3795 3799/3799/3799 3791/3791/3791
f 3795/3795/3795 3791/3791/3791 3798/3798/3798
f 3805/3805/3805 3819/3819/3819 3806/3806/3806
f 3818/3818/3818 3819/3819/3819 3805/3805/3805
f 3805/3805/3805 3833/3833/3833 3818/3818/3818
f 3833/3833/3833 3805/3805/3805 3831/3831/3831
f 3831/3831/3831 3805/3805/3805 3829/3829/3829
f 3829/3829/3829 3830/3830/3830 3831/3831/3831
f 3830/3830/3830 3829/3829/3829 3828/3828/3828
f 3829/3829/3829 3800/3800/3800 3828/3828/3828
f 3795/3795/3795 3800/3800/3800 3829/3829/3829
f 3818/3818/3818 3820/3820/3820 3819/3819/3819
f 3818/3818/3818 3776/3776/3776 3820/3820/3820
f 3818/3818/3818 3833/3833/3833 3776/3776/3776
f 3819/3819/3819 3820/3820/3820 3821/3821/3821
f 3820/3820/3820 3812/3812/3812 3821/3821/3821
f 3811/3811/3811 3812/3812/3812 3820/3820/3820
f 3820/3820/3820 3289/3289/3289 3811/3811/3811
f 3820/3820/3820 3776/3776/3776 3289/3289/3289
f 3775/3775/3775 3821/3821/3821 3812/3812/3812
f 3777/3777/3777 3821/3821/3821 3775/3775/3775
f 3775/3775/3775 1618/1618/1618 3777/3777/3777
f 3777/3777/3777 1618/1618/1618 1431/1431/1431
f 3796/3796/3796 3800/3800/3800 3795/3795/3795
f 3795/3795/3795 3797/3797/3797 3796/3796/3796
f 3798/3798/3798 3797/3797/3797 3795/3795/3795
f 3828/3828/3828 3800/3800/3800 3793/3793/3793
f 3793/3793/3793 3800/3800/3800 3792/3792/3792
f 3792/3792/3792 3800/3800/3800 3794/3794/3794
f 3833/3833/3833 3831/3831/3831 3834/3834/3834
f 3832/3832/3832 3833/3833/3833 3834/3834/3834
f 1428/1428/1428 1426/1426/1426 1613/1613/1613
f 1428/1428/1428 1613/1613/1613 1349/1349/1349
f 1554/1554/1554 1351/1351/1351 1552/1552/1552
f 1554/1554/1554 1552/1552/1552 1553/1553/1553
f 1347/1347/1347 1348/1348/1348 1346/1346/1346
f 1347/1347/1347 1346/1346/1346 1350/1350/1350
f 1556/1556/1556 1558/1558/1558 1345/1345/1345
f 1583/1583/1583 1345/1345/1345 1558/1558/1558
f 1575/1575/1575 1345/1345/1345 1583/1583/1583
f 1575/1575/1575 1583/1583/1583 1562/1562/1562
f 1562/1562/1562 1583/1583/1583 1545/1545/1545
f 1563/1563/1563 1562/1562/1562 1545/1545/1545
f 1484/1484/1484 1479/1479/1479 1480/1480/1480
f 1486/1486/1486 1479/1479/1479 1484/1484/1484
f 1486/1486/1486 1484/1484/1484 1621/1621/1621
f 1621/1621/1621 1484/1484/1484 1593/1593/1593
f 1621/1621/1621 1593/1593/1593 1495/1495/1495
f 1495/1495/1495 1593/1593/1593 1601/1601/1601
f 1601/1601/1601 1593/1593/1593 1493/1493/1493
f 1486/1486/1486 1597/1597/1597 1479/1479/1479
f 1497/1497/1497 1597/1597/1597 1486/1486/1486
f 1497/1497/1497 1486/1486/1486 1527/1527/1527
f 1527/1527/1527 1486/1486/1486 1621/1621/1621
f 1511/1511/1511 1527/1527/1527 1621/1621/1621
f 1495/1495/1495 1511/1511/1511 1621/1621/1621
f 1510/1510/1510 1511/1511/1511 1495/1495/1495
f 1510/1510/1510 1495/1495/1495 1525/1525/1525
f 1525/1525/1525 1495/1495/1495 1601/1601/1601
f 1597/1597/1597 2281/2281/2281 1479/1479/1479
f 2264/2264/2264 2281/2281/2281 1597/1597/1597
f 1597/1597/1597 2315/2315/2315 2264/2264/2264
f 2319/2319/2319 2315/2315/2315 1597/1597/1597
f 2319/2319/2319 1597/1597/1597 1497/1497/1497
f 1497/1497/1497 1527/1527/1527 2319/2319/2319
f 2319/2319/2319 1527/1527/1527 2326/2326/2326
f 1527/1527/1527 2321/2321/2321 2326/2326/2326
f 1511/1511/1511 2321/2321/2321 1527/1527/1527
f 1479/1479/1479 2281/2281/2281 1524/1524/1524
f 2281/2281/2281 2282/2282/2282 1524/1524/1524
f 2282/2282/2282 2281/2281/2281 2322/2322/2322
f 2322/2322/2322 2281/2281/2281 2264/2264/2264
f 2264/2264/2264 2263/2263/2263 2322/2322/2322
f 2265/2265/2265 2263/2263/2263 2264/2264/2264
f 2264/2264/2264 2500/2500/2500 2265/2265/2265
f 2315/2315/2315 2500/2500/2500 2264/2264/2264
f 2315/2315/2315 2318/2318/2318 2500/2500/2500
f 2319/2319/2319 2318/2318/2318 2315/2315/2315
f 2326/2326/2326 2318/2318/2318 2319/2319/2319
f 1524/1524/1524 2282/2282/2282 2483/2483/2483
f 2282/2282/2282 2481/2481/2481 2483/2483/2483
f 2300/2300/2300 2481/2481/2481 2282/2282/2282
f 2322/2322/2322 2300/2300/2300 2282/2282/2282
f 2347/2347/2347 2300/2300/2300 2322/2322/2322
f 2347/2347/2347 2322/2322/2322 2348/2348/2348
f 2348/2348/2348 2322/2322/2322 2263/2263/2263
f 2265/2265/2265 2348/2348/2348 2263/2263/2263
f 2500/2500/2500 2348/2348/2348 2265/2265/2265
f 2500/2500/2500 2341/2341/2341 2348/2348/2348
f 2311/2311/2311 2341/2341/2341 2500/2500/2500
f 2500/2500/2500 2318/2318/2318 2311/2311/2311
f 2311/2311/2311 2318/2318/2318 2317/2317/2317
f 2318/2318/2318 2326/2326/2326 2317/2317/2317
f 2300/2300/2300 2484/2484/2484 2481/2481/2481
f 2342/2342/2342 2484/2484/2484 2300/2300/2300
f 2300/2300/2300 2347/2347/2347 2342/2342/2342
f 2342/2342/2342 2347/2347/2347 2340/2340/2340
f 2340/2340/2340 2347/2347/2347 2507/2507/2507
f 2507/2507/2507 2347/2347/2347 2348/2348/2348
f 2507/2507/2507 2348/2348/2348 2277/2277/2277
f 2277/2277/2277 2348/2348/2348 2341/2341/2341
f 2341/2341/2341 2258/2258/2258 2277/2277/2277
f 2258/2258/2258 2341/2341/2341 2313/2313/2313
f 2313/2313/2313 2341/2341/2341 2311/2311/2311
f 2342/2342/2342 2487/2487/2487 2484/2484/2484
f 2290/2290/2290 2487/2487/2487 2342/2342/2342
f 2342/2342/2342 2340/2340/2340 2290/2290/2290
f 2340/2340/2340 2337/2337/2337 2290/2290/2290
f 2337/2337/2337 2340/2340/2340 2343/2343/2343
f 2343/2343/2343 2340/2340/2340 2507/2507/2507
f 2512/2512/2512 2343/2343/2343 2507/2507/2507
f 2277/2277/2277 2512/2512/2512 2507/2507/2507
f 2267/2267/2267 2512/2512/2512 2277/2277/2277
f 2277/2277/2277 2250/2250/2250 2267/2267/2267
f 2277/2277/2277 2258/2258/2258 2250/2250/2250
f 2292/2292/2292 2487/2487/2487 2290/2290/2290
f 2290/2290/2290 2337/2337/2337 2292/2292/2292
f 2292/2292/2292 2337/2337/2337 2294/2294/2294
f 2294/2294/2294 2337/2337/2337 2338/2338/2338
f 2337/2337/2337 2343/2343/2343 2338/2338/2338
f 2338/2338/2338 2343/2343/2343 2339/2339/2339
f 2339/2339/2339 2343/2343/2343 2512/2512/2512
f 2339/2339/2339 2512/2512/2512 2338/2338/2338
f 2338/2338/2338 2512/2512/2512 2336/2336/2336
f 2512/2512/2512 2267/2267/2267 2336/2336/2336
f 2478/2478/2478 2487/2487/2487 2292/2292/2292
f 2294/2294/2294 2478/2478/2478 2292/2292/2292
f 2381/2381/2381 2478/2478/2478 2294/2294/2294
f 2381/2381/2381 2294/2294/2294 2379/2379/2379
f 2379/2379/2379 2294/2294/2294 2335/2335/2335
f 2294/2294/2294 2338/2338/2338 2335/2335/2335
f 2335/2335/2335 2338/2338/2338 2336/2336/2336
f 2273/2273/2273 2335/2335/2335 2336/2336/2336
f 2336/2336/2336 2267/2267/2267 2273/2273/2273
f 2267/2267/2267 2251/2251/2251 2273/2273/2273
f 2267/2267/2267 2250/2250/2250 2251/2251/2251
f 2335/2335/2335 2266/2266/2266 2379/2379/2379
f 2266/2266/2266 2335/2335/2335 2273/2273/2273
f 2274/2274/2274 2266/2266/2266 2273/2273/2273
f 2273/2273/2273 2251/2251/2251 2274/2274/2274
f 2274/2274/2274 2251/2251/2251 2246/2246/2246
f 2246/2246/2246 2251/2251/2251 2241/2241/2241
f 2251/2251/2251 2255/2255/2255 2241/2241/2241
f 2250/2250/2250 2255/2255/2255 2251/2251/2251
f 2250/2250/2250 2254/2254/2254 2255/2255/2255
f 2258/2258/2258 2254/2254/2254 2250/2250/2250
f 2266/2266/2266 2275/2275/2275 2379/2379/2379
f 2275/2275/2275 2266/2266/2266 2274/2274/2274
f 2274/2274/2274 2246/2246/2246 2275/2275/2275
f 2275/2275/2275 2246/2246/2246 2276/2276/2276
f 2239/2239/2239 2276/2276/2276 2246/2246/2246
f 2239/2239/2239 2246/2246/2246 2241/2241/2241
f 2442/2442/2442 2239/2239/2239 2241/2241/2241
f 2241/2241/2241 2438/2438/2438 2442/2442/2442
f 2241/2241/2241 2255/2255/2255 2438/2438/2438
f 2438/2438/2438 2255/2255/2255 2238/2238/2238
f 2255/2255/2255 2254/2254/2254 2238/2238/2238
f 2379/2379/2379 2275/2275/2275 2380/2380/2380
f 2275/2275/2275 2276/2276/2276 2380/2380/2380
f 2380/2380/2380 2276/2276/2276 2316/2316/2316
f 2240/2240/2240 2316/2316/2316 2276/2276/2276
f 2240/2240/2240 2276/2276/2276 2239/2239/2239
f 2240/2240/2240 2239/2239/2239 2461/2461/2461
f 2461/2461/2461 2239/2239/2239 2442/2442/2442
f 2442/2442/2442 2386/2386/2386 2461/2461/2461
f 2443/2443/2443 2386/2386/2386 2442/2442/2442
f 2442/2442/2442 2438/2438/2438 2443/2443/2443
f 2438/2438/2438 2440/2440/2440 2443/2443/2443
f 2238/2238/2238 2440/2440/2440 2438/2438/2438
f 2240/2240/2240 2461/2461/2461 2316/2316/2316
f 2316/2316/2316 2461/2461/2461 2385/2385/2385
f 2385/2385/2385 2461/2461/2461 2386/2386/2386
f 2400/2400/2400 2385/2385/2385 2386/2386/2386
f 2443/2443/2443 2400/2400/2400 2386/2386/2386
f 2469/2469/2469 2400/2400/2400 2443/2443/2443
f 2443/2443/2443 2440/2440/2440 2469/2469/2469
f 2291/2291/2291 2469/2469/2469 2440/2440/2440
f 2235/2235/2235 2291/2291/2291 2440/2440/2440
f 2235/2235/2235 2440/2440/2440 2238/2238/2238
f 2238/2238/2238 2231/2231/2231 2235/2235/2235
f 2238/2238/2238 2254/2254/2254 2231/2231/2231
f 2394/2394/2394 2385/2385/2385 2400/2400/2400
f 2400/2400/2400 2384/2384/2384 2394/2394/2394
f 2384/2384/2384 2400/2400/2400 2462/2462/2462
f 2462/2462/2462 2400/2400/2400 2469/2469/2469
f 2462/2462/2462 2469/2469/2469 2291/2291/2291
f 2283/2283/2283 2462/2462/2462 2291/2291/2291
f 2508/2508/2508 2283/2283/2283 2291/2291/2291
f 2508/2508/2508 2291/2291/2291 2235/2235/2235
f 2508/2508/2508 2235/2235/2235 2505/2505/2505
f 2505/2505/2505 2235/2235/2235 2314/2314/2314
f 2235/2235/2235 2231/2231/2231 2314/2314/2314
f 2433/2433/2433 2394/2394/2394 2384/2384/2384
f 2433/2433/2433 2384/2384/2384 2293/2293/2293
f 2293/2293/2293 2384/2384/2384 2462/2462/2462
f 2293/2293/2293 2462/2462/2462 2283/2283/2283
f 2284/2284/2284 2293/2293/2293 2283/2283/2283
f 2284/2284/2284 2283/2283/2283 2508/2508/2508
f 2508/2508/2508 2464/2464/2464 2284/2284/2284
f 2464/2464/2464 2508/2508/2508 2460/2460/2460
f 2460/2460/2460 2508/2508/2508 2505/2505/2505
f 2434/2434/2434 2394/2394/2394 2433/2433/2433
f 2434/2434/2434 2433/2433/2433 2446/2446/2446
f 2446/2446/2446 2433/2433/2433 2445/2445/2445
f 2433/2433/2433 2513/2513/2513 2445/2445/2445
f 2293/2293/2293 2513/2513/2513 2433/2433/2433
f 2513/2513/2513 2293/2293/2293 2284/2284/2284
f 2284/2284/2284 2464/2464/2464 2513/2513/2513
f 2436/2436/2436 2513/2513/2513 2464/2464/2464
f 2436/2436/2436 2464/2464/2464 2429/2429/2429
f 2464/2464/2464 2460/2460/2460 2429/2429/2429
f 2445/2445/2445 2447/2447/2447 2446/2446/2446
f 2436/2436/2436 2447/2447/2447 2445/2445/2445
f 2445/2445/2445 2513/2513/2513 2436/2436/2436
f 2436/2436/2436 2435/2435/2435 2447/2447/2447
f 2429/2429/2429 2435/2435/2435 2436/2436/2436
f 2449/2449/2449 2435/2435/2435 2429/2429/2429
f 2429/2429/2429 2460/2460/2460 2449/2449/2449
f 2460/2460/2460 2444/2444/2444 2449/2449/2449
f 2444/2444/2444 2460/2460/2460 2441/2441/2441
f 2460/2460/2460 2505/2505/2505 2441/2441/2441
f 2450/2450/2450 2435/2435/2435 2449/2449/2449
f 2431/2431/2431 2450/2450/2450 2449/2449/2449
f 2449/2449/2449 2444/2444/2444 2431/2431/2431
f 2431/2431/2431 2444/2444/2444 1600/1600/1600
f 1600/1600/1600 2444/2444/2444 1526/1526/1526
f 1526/1526/1526 2444/2444/2444 2439/2439/2439
f 2441/2441/2441 2439/2439/2439 2444/2444/2444
f 2499/2499/2499 2439/2439/2439 2441/2441/2441
f 2505/2505/2505 2499/2499/2499 2441/2441/2441
f 2236/2236/2236 2499/2499/2499 2505/2505/2505
f 2236/2236/2236 2505/2505/2505 2314/2314/2314
f 2430/2430/2430 2450/2450/2450 2431/2431/2431
f 2431/2431/2431 1559/1559/1559 2430/2430/2430
f 1600/1600/1600 1559/1559/1559 2431/2431/2431
f 1560/1560/1560 1559/1559/1559 1600/1600/1600
f 1560/1560/1560 1600/1600/1600 1626/1626/1626
f 1626/1626/1626 1600/1600/1600 1526/1526/1526
f 1526/1526/1526 2234/2234/2234 1626/1626/1626
f 1526/1526/1526 2439/2439/2439 2234/2234/2234
f 2234/2234/2234 2439/2439/2439 2232/2232/2232
f 2499/2499/2499 2232/2232/2232 2439/2439/2439
f 2236/2236/2236 2232/2232/2232 2499/2499/2499
f 1630/1630/1630 1559/1559/1559 1560/1560/1560
f 1630/1630/1630 1560/1560/1560 1548/1548/1548
f 1548/1548/1548 1560/1560/1560 1561/1561/1561
f 1560/1560/1560 1626/1626/1626 1561/1561/1561
f 1561/1561/1561 1626/1626/1626 1538/1538/1538
f 1626/1626/1626 2234/2234/2234 1538/1538/1538
f 1538/1538/1538 2234/2234/2234 1551/1551/1551
f 1551/1551/1551 2234/2234/2234 2468/2468/2468
f 2232/2232/2232 2468/2468/2468 2234/2234/2234
f 2451/2451/2451 2468/2468/2468 2232/2232/2232
f 2236/2236/2236 2451/2451/2451 2232/2232/2232
f 1535/1535/1535 1548/1548/1548 1561/1561/1561
f 1561/1561/1561 1551/1551/1551 1535/1535/1535
f 1538/1538/1538 1551/1551/1551 1561/1561/1561
f 1493/1493/1493 1548/1548/1548 1535/1535/1535
f 1535/1535/1535 1601/1601/1601 1493/1493/1493
f 1628/1628/1628 1601/1601/1601 1535/1535/1535
f 1628/1628/1628 1535/1535/1535 1551/1551/1551
f 1551/1551/1551 2468/2468/2468 1628/1628/1628
f 1628/1628/1628 2468/2468/2468 2428/2428/2428
f 2468/2468/2468 2448/2448/2448 2428/2428/2428
f 2451/2451/2451 2448/2448/2448 2468/2468/2468
f 2448/2448/2448 2451/2451/2451 2237/2237/2237
f 2237/2237/2237 2451/2451/2451 2236/2236/2236
f 2237/2237/2237 2236/2236/2236 2233/2233/2233
f 2233/2233/2233 2236/2236/2236 2314/2314/2314
f 2233/2233/2233 2314/2314/2314 2231/2231/2231
f 1525/1525/1525 1601/1601/1601 1628/1628/1628
f 1525/1525/1525 1628/1628/1628 2504/2504/2504
f 2504/2504/2504 1628/1628/1628 2428/2428/2428
f 2504/2504/2504 2428/2428/2428 2320/2320/2320
f 2320/2320/2320 2428/2428/2428 2448/2448/2448
f 2320/2320/2320 2448/2448/2448 2312/2312/2312
f 2312/2312/2312 2448/2448/2448 2237/2237/2237
f 2312/2312/2312 2237/2237/2237 2252/2252/2252
f 2252/2252/2252 2237/2237/2237 2233/2233/2233
f 2233/2233/2233 2231/2231/2231 2252/2252/2252
f 2252/2252/2252 2231/2231/2231 2254/2254/2254
f 2258/2258/2258 2252/2252/2252 2254/2254/2254
f 2313/2313/2313 2252/2252/2252 2258/2258/2258
f 2504/2504/2504 1510/1510/1510 1525/1525/1525
f 1510/1510/1510 2504/2504/2504 1511/1511/1511
f 1511/1511/1511 2504/2504/2504 2321/2321/2321
f 2320/2320/2320 2321/2321/2321 2504/2504/2504
f 2317/2317/2317 2321/2321/2321 2320/2320/2320
f 2320/2320/2320 2312/2312/2312 2317/2317/2317
f 2317/2317/2317 2312/2312/2312 2311/2311/2311
f 2312/2312/2312 2252/2252/2252 2311/2311/2311
f 2311/2311/2311 2252/2252/2252 2313/2313/2313
f 2317/2317/2317 2326/2326/2326 2321/2321/2321
f 1592/1592/1592 1557/1557/1557 1595/1595/1595
f 1557/1557/1557 1598/1598/1598 1595/1595/1595
f 1532/1532/1532 1598/1598/1598 1557/1557/1557
f 1557/1557/1557 1619/1619/1619 1532/1532/1532
f 1605/1605/1605 1619/1619/1619 1557/1557/1557
f 1596/1596/1596 1595/1595/1595 1598/1598/1598
f 1594/1594/1594 1596/1596/1596 1598/1598/1598
f 1225/1225/1225 1594/1594/1594 1598/1598/1598
f 1598/1598/1598 1221/1221/1221 1225/1225/1225
f 1598/1598/1598 1532/1532/1532 1221/1221/1221
f 1221/1221/1221 1532/1532/1532 2482/2482/2482
f 1532/1532/1532 1533/1533/1533 2482/2482/2482
f 1534/1534/1534 1533/1533/1533 1532/1532/1532
f 1532/1532/1532 1619/1619/1619 1534/1534/1534
f 1596/1596/1596 1594/1594/1594 1494/1494/1494
f 1494/1494/1494 1594/1594/1594 1627/1627/1627
f 1599/1599/1599 1627/1627/1627 1594/1594/1594
f 1594/1594/1594 1225/1225/1225 1599/1599/1599
f 1599/1599/1599 1225/1225/1225 1633/1633/1633
f 1224/1224/1224 1633/1633/1633 1225/1225/1225
f 1225/1225/1225 1222/1222/1222 1224/1224/1224
f 1225/1225/1225 1221/1221/1221 1222/1222/1222
f 2109/2109/2109 1222/1222/1222 1221/1221/1221
f 2364/2364/2364 2109/2109/2109 1221/1221/1221
f 2365/2365/2365 2364/2364/2364 1221/1221/1221
f 2365/2365/2365 1221/1221/1221 2371/2371/2371
f 2371/2371/2371 1221/1221/1221 2112/2112/2112
f 2112/2112/2112 1221/1221/1221 2482/2482/2482
f 1224/1224/1224 1222/1222/1222 1223/1223/1223
f 1219/1219/1219 1223/1223/1223 1222/1222/1222
f 1222/1222/1222 2109/2109/2109 1219/1219/1219
f 1219/1219/1219 2109/2109/2109 2108/2108/2108
f 2110/2110/2110 2108/2108/2108 2109/2109/2109
f 2109/2109/2109 2364/2364/2364 2110/2110/2110
f 2110/2110/2110 2364/2364/2364 1226/1226/1226
f 2372/2372/2372 1226/1226/1226 2364/2364/2364
f 2364/2364/2364 2365/2365/2365 2372/2372/2372
f 2372/2372/2372 2365/2365/2365 2366/2366/2366
f 2365/2365/2365 2370/2370/2370 2366/2366/2366
f 2371/2371/2371 2370/2370/2370 2365/2365/2365
f 2370/2370/2370 2371/2371/2371 2383/2383/2383
f 2371/2371/2371 2112/2112/2112 2383/2383/2383
f 2383/2383/2383 2112/2112/2112 1220/1220/1220
f 2111/2111/2111 1220/1220/1220 2112/2112/2112
f 2112/2112/2112 2482/2482/2482 2111/2111/2111
f 2111/2111/2111 2482/2482/2482 2480/2480/2480
f 2479/2479/2479 2480/2480/2480 2482/2482/2482
f 2482/2482/2482 1533/1533/1533 2479/2479/2479
f 2393/2393/2393 2392/2392/2392 2486/2486/2486
f 2516/2516/2516 2393/2393/2393 2486/2486/2486
f 2485/2485/2485 2516/2516/2516 2486/2486/2486
f 2485/2485/2485 2486/2486/2486 2411/2411/2411
f 2411/2411/2411 2486/2486/2486 2410/2410/2410
f 2421/2421/2421 2411/2411/2411 2410/2410/2410
f 2437/2437/2437 2411/2411/2411 2421/2421/2421
f 2399/2399/2399 2437/2437/2437 2421/2421/2421
f 2412/2412/2412 2437/2437/2437 2399/2399/2399
f 2412/2412/2412 2399/2399/2399 2397/2397/2397
f 2397/2397/2397 2399/2399/2399 2491/2491/2491
f 2424/2424/2424 2397/2397/2397 2491/2491/2491
f 2491/2491/2491 2398/2398/2398 2424/2424/2424
f 2491/2491/2491 2396/2396/2396 2398/2398/2398
f 2413/2413/2413 2397/2397/2397 2424/2424/2424
f 2413/2413/2413 2401/2401/2401 2397/2397/2397
f 3778/3778/3778 1751/1751/1751 1738/1738/1738
f 3817/3817/3817 1751/1751/1751 3778/3778/3778
f 3778/3778/3778 3812/3812/3812 3817/3817/3817
f 3811/3811/3811 3817/3817/3817 3812/3812/3812
f 3827/3827/3827 3817/3817/3817 3811/3811/3811
f 3810/3810/3810 3827/3827/3827 3811/3811/3811
f 3811/3811/3811 3289/3289/3289 3810/3810/3810
f 3810/3810/3810 3289/3289/3289 3291/3291/3291
f 3817/3817/3817 1735/1735/1735 1751/1751/1751
f 3816/3816/3816 1735/1735/1735 3817/3817/3817
f 3827/3827/3827 3816/3816/3816 3817/3817/3817
f 3826/3826/3826 3816/3816/3816 3827/3827/3827
f 3825/3825/3825 3826/3826/3826 3827/3827/3827
f 3825/3825/3825 3827/3827/3827 3810/3810/3810
f 3810/3810/3810 1736/1736/1736 3825/3825/3825
f 3810/3810/3810 1425/1425/1425 1736/1736/1736
f 3291/3291/3291 1425/1425/1425 3810/3810/3810
f 3816/3816/3816 1747/1747/1747 1735/1735/1735
f 3815/3815/3815 1747/1747/1747 3816/3816/3816
f 3826/3826/3826 3815/3815/3815 3816/3816/3816
f 3823/3823/3823 3815/3815/3815 3826/3826/3826
f 3824/3824/3824 3823/3823/3823 3826/3826/3826
f 3824/3824/3824 3826/3826/3826 3825/3825/3825
f 3825/3825/3825 1741/1741/1741 3824/3824/3824
f 3825/3825/3825 1736/1736/1736 1741/1741/1741
f 3815/3815/3815 1740/1740/1740 1747/1747/1747
f 3814/3814/3814 1740/1740/1740 3815/3815/3815
f 3823/3823/3823 3814/3814/3814 3815/3815/3815
f 3803/3803/3803 3814/3814/3814 3823/3823/3823
f 3822/3822/3822 3803/3803/3803 3823/3823/3823
f 3822/3822/3822 3823/3823/3823 3824/3824/3824
f 3824/3824/3824 1707/1707/1707 3822/3822/3822
f 3824/3824/3824 1741/1741/1741 1707/1707/1707
f 3814/3814/3814 1739/1739/1739 1740/1740/1740
f 3813/3813/3813 1739/1739/1739 3814/3814/3814
f 3803/3803/3803 3813/3813/3813 3814/3814/3814
f 3802/3802/3802 3813/3813/3813 3803/3803/3803
f 3804/3804/3804 3802/3802/3802 3803/3803/3803
f 3804/3804/3804 3803/3803/3803 3822/3822/3822
f 3822/3822/3822 1711/1711/1711 3804/3804/3804
f 3822/3822/3822 1707/1707/1707 1711/1711/1711
f 3813/3813/3813 1673/1673/1673 1739/1739/1739
f 3813/3813/3813 3802/3802/3802 1673/1673/1673
f 1673/1673/1673 3802/3802/3802 1679/1679/1679
f 3802/3802/3802 1666/1666/1666 1679/1679/1679
f 3801/3801/3801 1666/1666/1666 3802/3802/3802
f 3801/3801/3801 3802/3802/3802 3804/3804/3804
f 3804/3804/3804 1742/1742/1742 3801/3801/3801
f 3804/3804/3804 1711/1711/1711 1742/1742/1742
f 1739/1739/1739 1673/1673/1673 1708/1708/1708
f 1673/1673/1673 1634/1634/1634 1708/1708/1708
f 1673/1673/1673 1679/1679/1679 1634/1634/1634
f 1634/1634/1634 1679/1679/1679 1654/1654/1654
f 1679/1679/1679 1704/1704/1704 1654/1654/1654
f 1666/1666/1666 1704/1704/1704 1679/1679/1679
f 1666/1666/1666 1709/1709/1709 1704/1704/1704
f 1709/1709/1709 1666/1666/1666 1737/1737/1737
f 1737/1737/1737 1666/1666/1666 3801/3801/3801
f 3801/3801/3801 1742/1742/1742 1737/1737/1737
f 1708/1708/1708 1634/1634/1634 1680/1680/1680
f 1634/1634/1634 1654/1654/1654 1680/1680/1680
f 1680/1680/1680 1654/1654/1654 1702/1702/1702
f 1654/1654/1654 1675/1675/1675 1702/1702/1702
f 1704/1704/1704 1675/1675/1675 1654/1654/1654
f 1704/1704/1704 1709/1709/1709 1675/1675/1675
f 1702/1702/1702 1674/1674/1674 1680/1680/1680
f 1702/1702/1702 1675/1675/1675 1674/1674/1674
f 1674/1674/1674 1675/1675/1675 1665/1665/1665
f 1675/1675/1675 1732/1732/1732 1665/1665/1665
f 1665/1665/1665 1732/1732/1732 1681/1681/1681
f 1681/1681/1681 1732/1732/1732 1743/1743/1743
f 1706/1706/1706 1681/1681/1681 1743/1743/1743
f 1680/1680/1680 1674/1674/1674 1676/1676/1676
f 1674/1674/1674 1682/1682/1682 1676/1676/1676
f 1674/1674/1674 1665/1665/1665 1682/1682/1682
f 1682/1682/1682 1665/1665/1665 1681/1681/1681
f 1682/1682/1682 1681/1681/1681 1706/1706/1706
f 1682/1682/1682 1706/1706/1706 1705/1705/1705
f 1705/1705/1705 1706/1706/1706 1749/1749/1749
f 1749/1749/1749 1734/1734/1734 1705/1705/1705
f 1705/1705/1705 1734/1734/1734 1676/1676/1676
f 1676/1676/1676 1734/1734/1734 1680/1680/1680
f 1676/1676/1676 1682/1682/1682 1705/1705/1705
f 1701/1701/1701 1703/1703/1703 2554/2554/2554
f 1703/1703/1703 2549/2549/2549 2554/2554/2554
f 2549/2549/2549 2555/2555/2555 2554/2554/2554
f 1671/1671/1671 2554/2554/2554 2555/2555/2555
f 1672/1672/1672 2554/2554/2554 1671/1671/1671
f 1672/1672/1672 1671/1671/1671 2545/2545/2545
f 2545/2545/2545 1671/1671/1671 2537/2537/2537
f 2545/2545/2545 2537/2537/2537 1637/1637/1637
f 1637/1637/1637 2537/2537/2537 2520/2520/2520
f 2520/2520/2520 1667/1667/1667 1637/1637/1637
f 1637/1637/1637 1667/1667/1667 1669/1669/1669
f 1667/1667/1667 2521/2521/2521 1669/1669/1669
f 1667/1667/1667 1636/1636/1636 2521/2521/2521
f 1635/1635/1635 1636/1636/1636 1667/1667/1667
f 1670/1670/1670 1669/1669/1669 2521/2521/2521
f 1668/1668/1668 1669/1669/1669 1670/1670/1670
f 3143/3143/3143 3166/3166/3166 3145/3145/3145
f 3145/3145/3145 3236/3236/3236 3143/3143/3143
f 3169/3169/3169 3236/3236/3236 3145/3145/3145
f 3184/3184/3184 3236/3236/3236 3169/3169/3169
f 3178/3178/3178 3236/3236/3236 3184/3184/3184
f 3184/3184/3184 3233/3233/3233 3178/3178/3178
f 3155/3155/3155 3189/3189/3189 3206/3206/3206
f 3157/3157/3157 3189/3189/3189 3155/3155/3155
f 3155/3155/3155 3191/3191/3191 3157/3157/3157
f 3191/3191/3191 3155/3155/3155 3077/3077/3077
f 3077/3077/3077 3155/3155/3155 3097/3097/3097
f 3077/3077/3077 3097/3097/3097 3216/3216/3216
f 3216/3216/3216 3097/3097/3097 3090/3090/3090
f 3090/3090/3090 3091/3091/3091 3216/3216/3216
f 3128/3128/3128 3189/3189/3189 3157/3157/3157
f 3128/3128/3128 3157/3157/3157 3213/3213/3213
f 3213/3213/3213 3157/3157/3157 3192/3192/3192
f 3157/3157/3157 3191/3191/3191 3192/3192/3192
f 3191/3191/3191 3396/3396/3396 3192/3192/3192
f 3396/3396/3396 3191/3191/3191 3374/3374/3374
f 3374/3374/3374 3191/3191/3191 3405/3405/3405
f 3077/3077/3077 3405/3405/3405 3191/3191/3191
f 3161/3161/3161 3189/3189/3189 3128/3128/3128
f 3161/3161/3161 3128/3128/3128 3205/3205/3205
f 3215/3215/3215 3205/3205/3205 3128/3128/3128
f 3213/3213/3213 3215/3215/3215 3128/3128/3128
f 3215/3215/3215 3213/3213/3213 3401/3401/3401
f 3401/3401/3401 3213/3213/3213 3403/3403/3403
f 3403/3403/3403 3213/3213/3213 3396/3396/3396
f 3396/3396/3396 3213/3213/3213 3192/3192/3192
f 3202/3202/3202 3161/3161/3161 3205/3205/3205
f 3202/3202/3202 3205/3205/3205 3084/3084/3084
f 3084/3084/3084 3205/3205/3205 3209/3209/3209
f 3209/3209/3209 3205/3205/3205 3215/3215/3215
f 3209/3209/3209 3215/3215/3215 3392/3392/3392
f 3392/3392/3392 3215/3215/3215 3401/3401/3401
f 3392/3392/3392 3401/3401/3401 3371/3371/3371
f 3371/3371/3371 3401/3401/3401 3372/3372/3372
f 3401/3401/3401 3403/3403/3403 3372/3372/3372
f 3204/3204/3204 3161/3161/3161 3202/3202/3202
f 3202/3202/3202 3210/3210/3210 3204/3204/3204
f 3210/3210/3210 3202/3202/3202 3198/3198/3198
f 3198/3198/3198 3202/3202/3202 3084/3084/3084
f 3392/3392/3392 3198/3198/3198 3084/3084/3084
f 3209/3209/3209 3392/3392/3392 3084/3084/3084
f 3204/3204/3204 3210/3210/3210 3129/3129/3129
f 3129/3129/3129 3210/3210/3210 3188/3188/3188
f 3197/3197/3197 3188/3188/3188 3210/3210/3210
f 3210/3210/3210 3198/3198/3198 3197/3197/3197
f 3198/3198/3198 3463/3463/3463 3197/3197/3197
f 3342/3342/3342 3463/3463/3463 3198/3198/3198
f 3342/3342/3342 3198/3198/3198 3392/3392/3392
f 3392/3392/3392 3371/3371/3371 3342/3342/3342
f 3342/3342/3342 3371/3371/3371 3320/3320/3320
f 3371/3371/3371 3370/3370/3370 3320/3320/3320
f 3371/3371/3371 3372/3372/3372 3370/3370/3370
f 3188/3188/3188 3186/3186/3186 3129/3129/3129
f 3186/3186/3186 3188/3188/3188 3070/3070/3070
f 3070/3070/3070 3188/3188/3188 3211/3211/3211
f 3211/3211/3211 3188/3188/3188 3197/3197/3197
f 3197/3197/3197 3312/3312/3312 3211/3211/3211
f 3463/3463/3463 3312/3312/3312 3197/3197/3197
f 3129/3129/3129 3186/3186/3186 3131/3131/3131
f 3186/3186/3186 3132/3132/3132 3131/3131/3131
f 3063/3063/3063 3132/3132/3132 3186/3186/3186
f 3186/3186/3186 3070/3070/3070 3063/3063/3063
f 3063/3063/3063 3070/3070/3070 3130/3130/3130
f 3130/3130/3130 3070/3070/3070 3312/3312/3312
f 3312/3312/3312 3070/3070/3070 3211/3211/3211
f 3334/3334/3334 3132/3132/3132 3063/3063/3063
f 3350/3350/3350 3334/3334/3334 3063/3063/3063
f 3063/3063/3063 3130/3130/3130 3350/3350/3350
f 3350/3350/3350 3130/3130/3130 3353/3353/3353
f 3312/3312/3312 3353/3353/3353 3130/3130/3130
f 3327/3327/3327 3353/3353/3353 3312/3312/3312
f 3463/3463/3463 3327/3327/3327 3312/3312/3312
f 3346/3346/3346 3132/3132/3132 3334/3334/3334
f 3346/3346/3346 3334/3334/3334 3332/3332/3332
f 3332/3332/3332 3334/3334/3334 3319/3319/3319
f 3334/3334/3334 3350/3350/3350 3319/3319/3319
f 3319/3319/3319 3350/3350/3350 3336/3336/3336
f 3336/3336/3336 3350/3350/3350 3357/3357/3357
f 3353/3353/3353 3357/3357/3357 3350/3350/3350
f 3465/3465/3465 3357/3357/3357 3353/3353/3353
f 3353/3353/3353 3327/3327/3327 3465/3465/3465
f 3465/3465/3465 3327/3327/3327 3328/3328/3328
f 3318/3318/3318 3328/3328/3328 3327/3327/3327
f 3318/3318/3318 3327/3327/3327 3463/3463/3463
f 3332/3332/3332 3319/3319/3319 3321/3321/3321
f 3321/3321/3321 3319/3319/3319 3317/3317/3317
f 3336/3336/3336 3317/3317/3317 3319/3319/3319
f 3336/3336/3336 3335/3335/3335 3317/3317/3317
f 3336/3336/3336 3217/3217/3217 3335/3335/3335
f 3323/3323/3323 3217/3217/3217 3336/3336/3336
f 3323/3323/3323 3336/3336/3336 3357/3357/3357
f 3465/3465/3465 3323/3323/3323 3357/3357/3357
f 3328/3328/3328 3323/3323/3323 3465/3465/3465
f 3343/3343/3343 3321/3321/3321 3317/3317/3317
f 3335/3335/3335 3343/3343/3343 3317/3317/3317
f 3335/3335/3335 3219/3219/3219 3343/3343/3343
f 3335/3335/3335 3228/3228/3228 3219/3219/3219
f 3217/3217/3217 3228/3228/3228 3335/3335/3335
f 3228/3228/3228 3217/3217/3217 3235/3235/3235
f 3235/3235/3235 3217/3217/3217 3225/3225/3225
f 3217/3217/3217 3309/3309/3309 3225/3225/3225
f 3323/3323/3323 3309/3309/3309 3217/3217/3217
f 3331/3331/3331 3321/3321/3321 3343/3343/3343
f 3333/3333/3333 3331/3331/3331 3343/3343/3343
f 3343/3343/3343 3219/3219/3219 3333/3333/3333
f 3219/3219/3219 3428/3428/3428 3333/3333/3333
f 3224/3224/3224 3428/3428/3428 3219/3219/3219
f 3219/3219/3219 3228/3228/3228 3224/3224/3224
f 3224/3224/3224 3228/3228/3228 3235/3235/3235
f 3224/3224/3224 3235/3235/3235 3324/3324/3324
f 3324/3324/3324 3235/3235/3235 3225/3225/3225
f 3324/3324/3324 3225/3225/3225 3322/3322/3322
f 3322/3322/3322 3225/3225/3225 3464/3464/3464
f 3225/3225/3225 3309/3309/3309 3464/3464/3464
f 3345/3345/3345 3331/3331/3331 3333/3333/3333
f 3428/3428/3428 3345/3345/3345 3333/3333/3333
f 3426/3426/3426 3345/3345/3345 3428/3428/3428
f 3426/3426/3426 3428/3428/3428 3427/3427/3427
f 3427/3427/3427 3428/3428/3428 3360/3360/3360
f 3428/3428/3428 3224/3224/3224 3360/3360/3360
f 3360/3360/3360 3224/3224/3224 3324/3324/3324
f 3360/3360/3360 3324/3324/3324 3316/3316/3316
f 3316/3316/3316 3324/3324/3324 3322/3322/3322
f 3349/3349/3349 3316/3316/3316 3322/3322/3322
f 3464/3464/3464 3349/3349/3349 3322/3322/3322
f 3315/3315/3315 3349/3349/3349 3464/3464/3464
f 3464/3464/3464 3310/3310/3310 3315/3315/3315
f 3309/3309/3309 3310/3310/3310 3464/3464/3464
f 3360/3360/3360 3316/3316/3316 3427/3427/3427
f 3427/3427/3427 3316/3316/3316 3303/3303/3303
f 3303/3303/3303 3316/3316/3316 3447/3447/3447
f 3447/3447/3447 3316/3316/3316 3349/3349/3349
f 3348/3348/3348 3447/3447/3447 3349/3349/3349
f 3315/3315/3315 3348/3348/3348 3349/3349/3349
f 3326/3326/3326 3348/3348/3348 3315/3315/3315
f 3315/3315/3315 3302/3302/3302 3326/3326/3326
f 3310/3310/3310 3302/3302/3302 3315/3315/3315
f 3310/3310/3310 3340/3340/3340 3302/3302/3302
f 3329/3329/3329 3340/3340/3340 3310/3310/3310
f 3310/3310/3310 3309/3309/3309 3329/3329/3329
f 3447/3447/3447 3347/3347/3347 3303/3303/3303
f 3347/3347/3347 3447/3447/3447 3348/3348/3348
f 3348/3348/3348 3339/3339/3339 3347/3347/3347
f 3339/3339/3339 3348/3348/3348 3326/3326/3326
f 3307/3307/3307 3339/3339/3339 3326/3326/3326
f 3325/3325/3325 3307/3307/3307 3326/3326/3326
f 3326/3326/3326 3302/3302/3302 3325/3325/3325
f 3325/3325/3325 3302/3302/3302 3304/3304/3304
f 3302/3302/3302 3340/3340/3340 3304/3304/3304
f 3303/3303/3303 3347/3347/3347 3397/3397/3397
f 3347/3347/3347 3338/3338/3338 3397/3397/3397
f 3347/3347/3347 3339/3339/3339 3338/3338/3338
f 3339/3339/3339 3398/3398/3398 3338/3338/3338
f 3307/3307/3307 3398/3398/3398 3339/3339/3339
f 3307/3307/3307 3406/3406/3406 3398/3398/3398
f 3402/3402/3402 3406/3406/3406 3307/3307/3307
f 3402/3402/3402 3307/3307/3307 3325/3325/3325
f 3402/3402/3402 3325/3325/3325 3410/3410/3410
f 3410/3410/3410 3325/3325/3325 3352/3352/3352
f 3325/3325/3325 3304/3304/3304 3352/3352/3352
f 3397/3397/3397 3338/3338/3338 3398/3398/3398
f 3398/3398/3398 3095/3095/3095 3397/3397/3397
f 3406/3406/3406 3095/3095/3095 3398/3398/3398
f 3406/3406/3406 3096/3096/3096 3095/3095/3095
f 3409/3409/3409 3096/3096/3096 3406/3406/3406
f 3402/3402/3402 3409/3409/3409 3406/3406/3406
f 3410/3410/3410 3409/3409/3409 3402/3402/3402
f 3410/3410/3410 3081/3081/3081 3409/3409/3409
f 3237/3237/3237 3081/3081/3081 3410/3410/3410
f 3410/3410/3410 3352/3352/3352 3237/3237/3237
f 3237/3237/3237 3352/3352/3352 3355/3355/3355
f 3351/3351/3351 3355/3355/3355 3352/3352/3352
f 3352/3352/3352 3304/3304/3304 3351/3351/3351
f 3409/3409/3409 3081/3081/3081 3096/3096/3096
f 3079/3079/3079 3096/3096/3096 3081/3081/3081
f 3079/3079/3079 3081/3081/3081 3226/3226/3226
f 3226/3226/3226 3081/3081/3081 3237/3237/3237
f 3237/3237/3237 3355/3355/3355 3226/3226/3226
f 3226/3226/3226 3355/3355/3355 3227/3227/3227
f 3227/3227/3227 3355/3355/3355 3359/3359/3359
f 3359/3359/3359 3355/3355/3355 3358/3358/3358
f 3358/3358/3358 3355/3355/3355 3351/3351/3351
f 3103/3103/3103 3096/3096/3096 3079/3079/3079
f 3103/3103/3103 3079/3079/3079 3088/3088/3088
f 3088/3088/3088 3079/3079/3079 3078/3078/3078
f 3078/3078/3078 3079/3079/3079 3080/3080/3080
f 3080/3080/3080 3079/3079/3079 3226/3226/3226
f 3226/3226/3226 3359/3359/3359 3080/3080/3080
f 3227/3227/3227 3359/3359/3359 3226/3226/3226
f 3078/3078/3078 3075/3075/3075 3088/3088/3088
f 3082/3082/3082 3075/3075/3075 3078/3078/3078
f 3080/3080/3080 3082/3082/3082 3078/3078/3078
f 3341/3341/3341 3082/3082/3082 3080/3080/3080
f 3080/3080/3080 3359/3359/3359 3341/3341/3341
f 3341/3341/3341 3359/3359/3359 3358/3358/3358
f 3341/3341/3341 3358/3358/3358 3330/3330/3330
f 3330/3330/3330 3358/3358/3358 3344/3344/3344
f 3351/3351/3351 3344/3344/3344 3358/3358/3358
f 3354/3354/3354 3075/3075/3075 3082/3082/3082
f 3341/3341/3341 3354/3354/3354 3082/3082/3082
f 3330/3330/3330 3354/3354/3354 3341/3341/3341
f 3330/3330/3330 3229/3229/3229 3354/3354/3354
f 3404/3404/3404 3229/3229/3229 3330/3330/3330
f 3330/3330/3330 3344/3344/3344 3404/3404/3404
f 3094/3094/3094 3075/3075/3075 3354/3354/3354
f 3229/3229/3229 3094/3094/3094 3354/3354/3354
f 3091/3091/3091 3094/3094/3094 3229/3229/3229
f 3216/3216/3216 3091/3091/3091 3229/3229/3229
f 3216/3216/3216 3229/3229/3229 3404/3404/3404
f 3216/3216/3216 3404/3404/3404 3077/3077/3077
f 3077/3077/3077 3404/3404/3404 3405/3405/3405
f 3408/3408/3408 3405/3405/3405 3404/3404/3404
f 3404/3404/3404 3344/3344/3344 3408/3408/3408
f 3408/3408/3408 3344/3344/3344 3411/3411/3411
f 3411/3411/3411 3344/3344/3344 3412/3412/3412
f 3356/3356/3356 3412/3412/3412 3344/3344/3344
f 3356/3356/3356 3344/3344/3344 3351/3351/3351
f 3411/3411/3411 3405/3405/3405 3408/3408/3408
f 3412/3412/3412 3405/3405/3405 3411/3411/3411
f 3374/3374/3374 3405/3405/3405 3412/3412/3412
f 3374/3374/3374 3412/3412/3412 3395/3395/3395
f 3395/3395/3395 3412/3412/3412 3400/3400/3400
f 3412/3412/3412 3356/3356/3356 3400/3400/3400
f 3400/3400/3400 3356/3356/3356 3300/3300/3300
f 3356/3356/3356 3299/3299/3299 3300/3300/3300
f 3351/3351/3351 3299/3299/3299 3356/3356/3356
f 3304/3304/3304 3299/3299/3299 3351/3351/3351
f 3304/3304/3304 3340/3340/3340 3299/3299/3299
f 3395/3395/3395 3396/3396/3396 3374/3374/3374
f 3403/3403/3403 3396/3396/3396 3395/3395/3395
f 3372/3372/3372 3403/3403/3403 3395/3395/3395
f 3395/3395/3395 3400/3400/3400 3372/3372/3372
f 3370/3370/3370 3372/3372/3372 3400/3400/3400
f 3370/3370/3370 3400/3400/3400 3297/3297/3297
f 3297/3297/3297 3400/3400/3400 3300/3300/3300
f 3299/3299/3299 3297/3297/3297 3300/3300/3300
f 3340/3340/3340 3297/3297/3297 3299/3299/3299
f 3329/3329/3329 3297/3297/3297 3340/3340/3340
f 3308/3308/3308 3297/3297/3297 3329/3329/3329
f 3311/3311/3311 3308/3308/3308 3329/3329/3329
f 3329/3329/3329 3309/3309/3309 3311/3311/3311
f 3311/3311/3311 3309/3309/3309 3323/3323/3323
f 3323/3323/3323 3328/3328/3328 3311/3311/3311
f 3370/3370/3370 3297/3297/3297 3337/3337/3337
f 3337/3337/3337 3297/3297/3297 3308/3308/3308
f 3337/3337/3337 3308/3308/3308 3328/3328/3328
f 3328/3328/3328 3308/3308/3308 3311/3311/3311
f 3320/3320/3320 3370/3370/3370 3337/3337/3337
f 3318/3318/3318 3320/3320/3320 3337/3337/3337
f 3337/3337/3337 3328/3328/3328 3318/3318/3318
f 3318/3318/3318 3463/3463/3463 3320/3320/3320
f 3320/3320/3320 3463/3463/3463 3342/3342/3342
f 3199/3199/3199 3136/3136/3136 3200/3200/3200
f 3201/3201/3201 3199/3199/3199 3200/3200/3200
f 3200/3200/3200 3068/3068/3068 3201/3201/3201
f 3068/3068/3068 3187/3187/3187 3201/3201/3201
f 3207/3207/3207 3187/3187/3187 3068/3068/3068
f 3134/3134/3134 3187/3187/3187 3207/3207/3207
f 3134/3134/3134 3064/3064/3064 3187/3187/3187
f 3201/3201/3201 3113/3113/3113 3199/3199/3199
f 3112/3112/3112 3113/3113/3113 3201/3201/3201
f 3201/3201/3201 3108/3108/3108 3112/3112/3112
f 3187/3187/3187 3108/3108/3108 3201/3201/3201
f 3187/3187/3187 3064/3064/3064 3108/3108/3108
f 3108/3108/3108 3064/3064/3064 3109/3109/3109
f 3109/3109/3109 3214/3214/3214 3108/3108/3108
f 3108/3108/3108 3214/3214/3214 3196/3196/3196
f 3196/3196/3196 3214/3214/3214 3212/3212/3212
f 3113/3113/3113 3133/3133/3133 3199/3199/3199
f 3208/3208/3208 3133/3133/3133 3113/3113/3113
f 3114/3114/3114 3208/3208/3208 3113/3113/3113
f 3231/3231/3231 3114/3114/3114 3113/3113/3113
f 3231/3231/3231 3113/3113/3113 3112/3112/3112
f 3133/3133/3133 3203/3203/3203 3199/3199/3199
f 3232/3232/3232 3114/3114/3114 3231/3231/3231
f 3089/3089/3089 3232/3232/3232 3231/3231/3231
f 3089/3089/3089 3231/3231/3231 3193/3193/3193
f 3193/3193/3193 3231/3231/3231 3085/3085/3085
f 3112/3112/3112 3085/3085/3085 3231/3231/3231
f 3101/3101/3101 3193/3193/3193 3085/3085/3085
f 3101/3101/3101 3085/3085/3085 3076/3076/3076
f 3076/3076/3076 3085/3085/3085 3087/3087/3087
f 3112/3112/3112 3087/3087/3087 3085/3085/3085
f 3112/3112/3112 3102/3102/3102 3087/3087/3087
f 3117/3117/3117 3102/3102/3102 3112/3112/3112
f 3194/3194/3194 3117/3117/3117 3112/3112/3112
f 3196/3196/3196 3194/3194/3194 3112/3112/3112
f 3112/3112/3112 3108/3108/3108 3196/3196/3196
f 3087/3087/3087 3230/3230/3230 3076/3076/3076
f 3102/3102/3102 3230/3230/3230 3087/3087/3087
f 3086/3086/3086 3230/3230/3230 3102/3102/3102
f 3102/3102/3102 3100/3100/3100 3086/3086/3086
f 3117/3117/3117 3100/3100/3100 3102/3102/3102
f 3104/3104/3104 3100/3100/3100 3117/3117/3117
f 3117/3117/3117 3195/3195/3195 3104/3104/3104
f 3194/3194/3194 3195/3195/3195 3117/3117/3117
f 3127/3127/3127 3195/3195/3195 3194/3194/3194
f 3194/3194/3194 3099/3099/3099 3127/3127/3127
f 3196/3196/3196 3099/3099/3099 3194/3194/3194
f 3212/3212/3212 3099/3099/3099 3196/3196/3196
f 3442/3442/3442 3689/3689/3689 571/571/571
f 571/571/571 3689/3689/3689 849/849/849
f 3676/3676/3676 849/849/849 3689/3689/3689
f 3689/3689/3689 3313/3313/3313 3676/3676/3676
f 887/887/887 571/571/571 849/849/849
f 849/849/849 875/875/875 887/887/887
f 851/851/851 875/875/875 849/849/849
f 851/851/851 849/849/849 3676/3676/3676
f 851/851/851 3676/3676/3676 858/858/858
f 858/858/858 3676/3676/3676 3470/3470/3470
f 3676/3676/3676 3313/3313/3313 3470/3470/3470
f 581/581/581 571/571/571 887/887/887
f 858/858/858 875/875/875 851/851/851
f 862/862/862 875/875/875 858/858/858
f 848/848/848 862/862/862 858/858/858
f 858/858/858 3470/3470/3470 848/848/848
f 848/848/848 3470/3470/3470 3460/3460/3460
f 3460/3460/3460 3470/3470/3470 3452/3452/3452
f 3452/3452/3452 3470/3470/3470 3461/3461/3461
f 3470/3470/3470 3313/3313/3313 3461/3461/3461
f 862/862/862 661/661/661 875/875/875
f 661/661/661 862/862/862 654/654/654
f 654/654/654 862/862/862 859/859/859
f 859/859/859 862/862/862 870/870/870
f 870/870/870 862/862/862 848/848/848
f 848/848/848 876/876/876 870/870/870
f 848/848/848 3460/3460/3460 876/876/876
f 875/875/875 661/661/661 887/887/887
f 3679/3679/3679 3674/3674/3674 3694/3694/3694
f 3669/3669/3669 3694/3694/3694 3674/3674/3674
f 3675/3675/3675 3694/3694/3694 3669/3669/3669
f 3666/3666/3666 3675/3675/3675 3669/3669/3669
f 3668/3668/3668 3675/3675/3675 3666/3666/3666
f 3666/3666/3666 3680/3680/3680 3668/3668/3668
f 3688/3688/3688 3680/3680/3680 3666/3666/3666
f 3680/3680/3680 3688/3688/3688 3672/3672/3672
f 3672/3672/3672 3688/3688/3688 3687/3687/3687
f 3687/3687/3687 3671/3671/3671 3672/3672/3672
f 3672/3672/3672 3671/3671/3671 3673/3673/3673
f 3671/3671/3671 3681/3681/3681 3673/3673/3673
f 3673/3673/3673 3681/3681/3681 3667/3667/3667
f 3670/3670/3670 3667/3667/3667 3681/3681/3681
f 337/337/337 336/336/336 296/296/296
f 296/296/296 336/336/336 301/301/301
f 336/336/336 294/294/294 301/301/301
f 301/301/301 294/294/294 314/314/314
f 314/314/314 294/294/294 303/303/303
f 303/303/303 294/294/294 3693/3693/3693
f 303/303/303 3693/3693/3693 449/449/449
f 449/449/449 3693/3693/3693 3690/3690/3690
f 296/296/296 301/301/301 338/338/338
f 338/338/338 301/301/301 309/309/309
f 309/309/309 301/301/301 330/330/330
f 330/330/330 301/301/301 314/314/314
f 330/330/330 314/314/314 442/442/442
f 442/442/442 314/314/314 303/303/303
f 303/303/303 449/449/449 442/442/442
f 442/442/442 449/449/449 297/297/297
f 449/449/449 308/308/308 297/297/297
f 308/308/308 449/449/449 3683/3683/3683
f 3683/3683/3683 449/449/449 3690/3690/3690
f 338/338/338 309/309/309 209/209/209
f 209/209/209 309/309/309 448/448/448
f 459/459/459 448/448/448 309/309/309
f 309/309/309 330/330/330 459/459/459
f 459/459/459 330/330/330 332/332/332
f 330/330/330 442/442/442 332/332/332
f 332/332/332 442/442/442 440/440/440
f 442/442/442 297/297/297 440/440/440
f 440/440/440 297/297/297 298/298/298
f 297/297/297 308/308/308 298/298/298
f 448/448/448 207/207/207 209/209/209
f 379/379/379 207/207/207 448/448/448
f 379/379/379 448/448/448 312/312/312
f 312/312/312 448/448/448 443/443/443
f 443/443/443 448/448/448 459/459/459
f 443/443/443 459/459/459 456/456/456
f 456/456/456 459/459/459 316/316/316
f 316/316/316 459/459/459 335/335/335
f 335/335/335 459/459/459 332/332/332
f 440/440/440 335/335/335 332/332/332
f 447/447/447 335/335/335 440/440/440
f 440/440/440 307/307/307 447/447/447
f 298/298/298 307/307/307 440/440/440
f 298/298/298 308/308/308 307/307/307
f 456/456/456 312/312/312 443/443/443
f 486/486/486 312/312/312 456/456/456
f 441/441/441 486/486/486 456/456/456
f 316/316/316 441/441/441 456/456/456
f 453/453/453 441/441/441 316/316/316
f 316/316/316 445/445/445 453/453/453
f 316/316/316 335/335/335 445/445/445
f 445/445/445 335/335/335 246/246/246
f 447/447/447 246/246/246 335/335/335
f 304/304/304 246/246/246 447/447/447
f 447/447/447 3682/3682/3682 304/304/304
f 307/307/307 3682/3682/3682 447/447/447
f 307/307/307 308/308/308 3682/3682/3682
f 3683/3683/3683 3682/3682/3682 308/308/308
f 452/452/452 486/486/486 441/441/441
f 441/441/441 374/374/374 452/452/452
f 313/313/313 374/374/374 441/441/441
f 453/453/453 313/313/313 441/441/441
f 462/462/462 313/313/313 453/453/453
f 471/471/471 462/462/462 453/453/453
f 453/453/453 445/445/445 471/471/471
f 445/445/445 446/446/446 471/471/471
f 444/444/444 446/446/446 445/445/445
f 246/246/246 444/444/444 445/445/445
f 333/333/333 444/444/444 246/246/246
f 304/304/304 333/333/333 246/246/246
f 374/374/374 313/313/313 278/278/278
f 278/278/278 313/313/313 463/463/463
f 462/462/462 463/463/463 313/313/313
f 468/468/468 463/463/463 462/462/462
f 462/462/462 474/474/474 468/468/468
f 474/474/474 462/462/462 471/471/471
f 471/471/471 446/446/446 474/474/474
f 474/474/474 446/446/446 472/472/472
f 474/474/474 472/472/472 475/475/475
f 469/469/469 474/474/474 475/475/475
f 473/473/473 469/469/469 475/475/475
f 463/463/463 310/310/310 278/278/278
f 465/465/465 310/310/310 463/463/463
f 463/463/463 451/451/451 465/465/465
f 468/468/468 451/451/451 463/463/463
f 468/468/468 470/470/470 451/451/451
f 469/469/469 470/470/470 468/468/468
f 468/468/468 474/474/474 469/469/469
f 310/310/310 465/465/465 360/360/360
f 360/360/360 465/465/465 467/467/467
f 467/467/467 465/465/465 466/466/466
f 466/466/466 465/465/465 451/451/451
f 451/451/451 306/306/306 466/466/466
f 470/470/470 306/306/306 451/451/451
f 306/306/306 470/470/470 305/305/305
f 470/470/470 394/394/394 305/305/305
f 394/394/394 470/470/470 469/469/469
f 394/394/394 469/469/469 473/473/473
f 295/295/295 306/306/306 305/305/305
f 3677/3677/3677 333/333/333 304/304/304
f 304/304/304 3678/3678/3678 3677/3677/3677
f 3682/3682/3682 3678/3678/3678 304/304/304
f 3678/3678/3678 3682/3682/3682 3683/3683/3683
f 2812/2812/2812 2805/2805/2805 1955/1955/1955
f 1955/1955/1955 2805/2805/2805 1942/1942/1942
f 2805/2805/2805 2806/2806/2806 1942/1942/1942
f 1942/1942/1942 2806/2806/2806 1938/1938/1938
f 2806/2806/2806 2808/2808/2808 1938/1938/1938
f 1938/1938/1938 2808/2808/2808 2811/2811/2811
f 2811/2811/2811 2808/2808/2808 2809/2809/2809
f 2809/2809/2809 2808/2808/2808 2813/2813/2813
f 1955/1955/1955 1942/1942/1942 2836/2836/2836
f 2836/2836/2836 1942/1942/1942 2835/2835/2835
f 1942/1942/1942 1938/1938/1938 2835/2835/2835
f 2835/2835/2835 1938/1938/1938 2822/2822/2822
f 1938/1938/1938 1940/1940/1940 2822/2822/2822
f 2811/2811/2811 1940/1940/1940 1938/1938/1938
f 2811/2811/2811 2809/2809/2809 1940/1940/1940
f 1940/1940/1940 2809/2809/2809 2244/2244/2244
f 2809/2809/2809 44/44/44 2244/2244/2244
f 2809/2809/2809 2813/2813/2813 44/44/44
f 44/44/44 2813/2813/2813 4/4/4
f 2824/2824/2824 2836/2836/2836 2835/2835/2835
f 2824/2824/2824 2835/2835/2835 2801/2801/2801
f 2801/2801/2801 2835/2835/2835 2822/2822/2822
f 2838/2838/2838 2801/2801/2801 2822/2822/2822
f 1940/1940/1940 2838/2838/2838 2822/2822/2822
f 1940/1940/1940 2244/2244/2244 2838/2838/2838
f 2838/2838/2838 2244/2244/2244 2247/2247/2247
f 2247/2247/2247 2244/2244/2244 27/27/27
f 27/27/27 2244/2244/2244 14/14/14
f 2244/2244/2244 44/44/44 14/14/14
f 2797/2797/2797 2836/2836/2836 2824/2824/2824
f 2799/2799/2799 2797/2797/2797 2824/2824/2824
f 2824/2824/2824 2792/2792/2792 2799/2799/2799
f 2801/2801/2801 2792/2792/2792 2824/2824/2824
f 2801/2801/2801 292/292/292 2792/2792/2792
f 2801/2801/2801 2798/2798/2798 292/292/292
f 2798/2798/2798 2801/2801/2801 2838/2838/2838
f 2798/2798/2798 2838/2838/2838 2794/2794/2794
f 2794/2794/2794 2838/2838/2838 2247/2247/2247
f 2800/2800/2800 2797/2797/2797 2799/2799/2799
f 2799/2799/2799 2829/2829/2829 2800/2800/2800
f 2799/2799/2799 2826/2826/2826 2829/2829/2829
f 2827/2827/2827 2826/2826/2826 2799/2799/2799
f 2799/2799/2799 2792/2792/2792 2827/2827/2827
f 2792/2792/2792 250/250/250 2827/2827/2827
f 226/226/226 250/250/250 2792/2792/2792
f 2792/2792/2792 252/252/252 226/226/226
f 2792/2792/2792 292/292/292 252/252/252
f 2800/2800/2800 2829/2829/2829 2828/2828/2828
f 2829/2829/2829 2826/2826/2826 1932/1932/1932
f 2826/2826/2826 1949/1949/1949 1932/1932/1932
f 1951/1951/1951 1949/1949/1949 2826/2826/2826
f 270/270/270 1951/1951/1951 2826/2826/2826
f 2827/2827/2827 270/270/270 2826/2826/2826
f 224/224/224 270/270/270 2827/2827/2827
f 2827/2827/2827 250/250/250 224/224/224
f 250/250/250 484/484/484 224/224/224
f 439/439/439 484/484/484 250/250/250
f 250/250/250 291/291/291 439/439/439
f 226/226/226 291/291/291 250/250/250
f 252/252/252 291/291/291 226/226/226
f 1951/1951/1951 1948/1948/1948 1949/1949/1949
f 1977/1977/1977 1948/1948/1948 1951/1951/1951
f 1951/1951/1951 270/270/270 1977/1977/1977
f 1977/1977/1977 270/270/270 1963/1963/1963
f 270/270/270 484/484/484 1963/1963/1963
f 224/224/224 484/484/484 270/270/270
f 1948/1948/1948 1977/1977/1977 1968/1968/1968
f 1968/1968/1968 1977/1977/1977 1967/1967/1967
f 1963/1963/1963 1967/1967/1967 1977/1977/1977
f 1979/1979/1979 1967/1967/1967 1963/1963/1963
f 1963/1963/1963 1964/1964/1964 1979/1979/1979
f 412/412/412 1964/1964/1964 1963/1963/1963
f 412/412/412 1963/1963/1963 484/484/484
f 222/222/222 412/412/412 484/484/484
f 439/439/439 222/222/222 484/484/484
f 1968/1968/1968 1967/1967/1967 1982/1982/1982
f 1982/1982/1982 1967/1967/1967 1996/1996/1996
f 1967/1967/1967 1979/1979/1979 1996/1996/1996
f 1996/1996/1996 1979/1979/1979 2833/2833/2833
f 1979/1979/1979 2821/2821/2821 2833/2833/2833
f 1964/1964/1964 2821/2821/2821 1979/1979/1979
f 1982/1982/1982 1996/1996/1996 1984/1984/1984
f 1984/1984/1984 1996/1996/1996 1997/1997/1997
f 1996/1996/1996 2833/2833/2833 1997/1997/1997
f 1997/1997/1997 2833/2833/2833 1985/1985/1985
f 2833/2833/2833 2821/2821/2821 1985/1985/1985
f 1985/1985/1985 2821/2821/2821 2823/2823/2823
f 2823/2823/2823 1978/1978/1978 1985/1985/1985
f 1985/1985/1985 1978/1978/1978 1974/1974/1974
f 1992/1992/1992 1974/1974/1974 1978/1978/1978
f 1984/1984/1984 1997/1997/1997 2849/2849/2849
f 2849/2849/2849 1997/1997/1997 1971/1971/1971
f 1997/1997/1997 1985/1985/1985 1971/1971/1971
f 1971/1971/1971 1985/1985/1985 1974/1974/1974
f 1974/1974/1974 1992/1992/1992 1971/1971/1971
f 1971/1971/1971 1992/1992/1992 1991/1991/1991
f 1991/1991/1991 2849/2849/2849 1971/1971/1971
f 437/437/437 412/412/412 222/222/222
f 423/423/423 437/437/437 222/222/222
f 222/222/222 413/413/413 423/423/423
f 263/263/263 413/413/413 222/222/222
f 263/263/263 222/222/222 439/439/439
f 439/439/439 426/426/426 263/263/263
f 426/426/426 439/439/439 291/291/291
f 225/225/225 437/437/437 423/423/423
f 420/420/420 225/225/225 423/423/423
f 423/423/423 413/413/413 420/420/420
f 420/420/420 413/413/413 421/421/421
f 413/413/413 267/267/267 421/421/421
f 413/413/413 265/265/265 267/267/267
f 263/263/263 265/265/265 413/413/413
f 263/263/263 426/426/426 265/265/265
f 254/254/254 225/225/225 420/420/420
f 2819/2819/2819 254/254/254 420/420/420
f 420/420/420 421/421/421 2819/2819/2819
f 2819/2819/2819 421/421/421 2831/2831/2831
f 421/421/421 266/266/266 2831/2831/2831
f 421/421/421 267/267/267 266/266/266
f 2818/2818/2818 254/254/254 2819/2819/2819
f 2840/2840/2840 2818/2818/2818 2819/2819/2819
f 2819/2819/2819 2831/2831/2831 2840/2840/2840
f 2840/2840/2840 2831/2831/2831 2842/2842/2842
f 2831/2831/2831 2843/2843/2843 2842/2842/2842
f 2831/2831/2831 266/266/266 2843/2843/2843
f 2830/2830/2830 2818/2818/2818 2840/2840/2840
f 2817/2817/2817 2830/2830/2830 2840/2840/2840
f 2840/2840/2840 2842/2842/2842 2817/2817/2817
f 2817/2817/2817 2842/2842/2842 2841/2841/2841
f 2841/2841/2841 2842/2842/2842 2844/2844/2844
f 2842/2842/2842 2843/2843/2843 2844/2844/2844
f 1972/1972/1972 2798/2798/2798 2794/2794/2794
f 1903/1903/1903 2798/2798/2798 1972/1972/1972
f 1903/1903/1903 1972/1972/1972 1898/1898/1898
f 1898/1898/1898 1972/1972/1972 1960/1960/1960
f 1960/1960/1960 1904/1904/1904 1898/1898/1898
f 1919/1919/1919 1904/1904/1904 1960/1960/1960
f 1919/1919/1919 1911/1911/1911 1904/1904/1904
f 1903/1903/1903 292/292/292 2798/2798/2798
f 269/269/269 292/292/292 1903/1903/1903
f 1898/1898/1898 269/269/269 1903/1903/1903
f 1908/1908/1908 269/269/269 1898/1898/1898
f 1898/1898/1898 1907/1907/1907 1908/1908/1908
f 1904/1904/1904 1907/1907/1907 1898/1898/1898
f 1904/1904/1904 1896/1896/1896 1907/1907/1907
f 1904/1904/1904 1911/1911/1911 1896/1896/1896
f 1896/1896/1896 1911/1911/1911 1488/1488/1488
f 1488/1488/1488 1911/1911/1911 1482/1482/1482
f 1483/1483/1483 1488/1488/1488 1482/1482/1482
f 292/292/292 269/269/269 252/252/252
f 252/252/252 269/269/269 350/350/350
f 424/424/424 350/350/350 269/269/269
f 1908/1908/1908 424/424/424 269/269/269
f 340/340/340 424/424/424 1908/1908/1908
f 1907/1907/1907 340/340/340 1908/1908/1908
f 1909/1909/1909 340/340/340 1907/1907/1907
f 1909/1909/1909 1907/1907/1907 1918/1918/1918
f 1918/1918/1918 1907/1907/1907 2834/2834/2834
f 1907/1907/1907 1896/1896/1896 2834/2834/2834
f 1896/1896/1896 1488/1488/1488 2834/2834/2834
f 350/350/350 291/291/291 252/252/252
f 1910/1910/1910 291/291/291 350/350/350
f 350/350/350 424/424/424 1910/1910/1910
f 1910/1910/1910 424/424/424 2783/2783/2783
f 2783/2783/2783 1987/1987/1987 1910/1910/1910
f 2796/2796/2796 1987/1987/1987 2783/2783/2783
f 1987/1987/1987 2796/2796/2796 1917/1917/1917
f 1917/1917/1917 2796/2796/2796 2795/2795/2795
f 1988/1988/1988 291/291/291 1910/1910/1910
f 1987/1987/1987 1988/1988/1988 1910/1910/1910
f 2782/2782/2782 1988/1988/1988 1987/1987/1987
f 2782/2782/2782 1987/1987/1987 1923/1923/1923
f 1923/1923/1923 1987/1987/1987 1917/1917/1917
f 2777/2777/2777 1923/1923/1923 1917/1917/1917
f 1917/1917/1917 2795/2795/2795 2777/2777/2777
f 2777/2777/2777 2795/2795/2795 1959/1959/1959
f 1959/1959/1959 2776/2776/2776 2777/2777/2777
f 1970/1970/1970 2776/2776/2776 1959/1959/1959
f 1988/1988/1988 426/426/426 291/291/291
f 273/273/273 426/426/426 1988/1988/1988
f 2782/2782/2782 273/273/273 1988/1988/1988
f 2774/2774/2774 273/273/273 2782/2782/2782
f 1923/1923/1923 2774/2774/2774 2782/2782/2782
f 2781/2781/2781 2774/2774/2774 1923/1923/1923
f 2768/2768/2768 2781/2781/2781 1923/1923/1923
f 2768/2768/2768 1923/1923/1923 2777/2777/2777
f 2777/2777/2777 2776/2776/2776 2768/2768/2768
f 2768/2768/2768 2776/2776/2776 2248/2248/2248
f 2248/2248/2248 2776/2776/2776 2770/2770/2770
f 2770/2770/2770 2776/2776/2776 1892/1892/1892
f 2776/2776/2776 1970/1970/1970 1892/1892/1892
f 2766/2766/2766 2781/2781/2781 2768/2768/2768
f 2768/2768/2768 2248/2248/2248 2766/2766/2766
f 2766/2766/2766 2248/2248/2248 2245/2245/2245
f 2770/2770/2770 2245/2245/2245 2248/2248/2248
f 2834/2834/2834 1491/1491/1491 1918/1918/1918
f 1584/1584/1584 1491/1491/1491 2834/2834/2834
f 2834/2834/2834 1488/1488/1488 1584/1584/1584
f 1488/1488/1488 1489/1489/1489 1584/1584/1584
f 1489/1489/1489 1488/1488/1488 1483/1483/1483
f 1489/1489/1489 1483/1483/1483 2228/2228/2228
f 1489/1489/1489 2228/2228/2228 1585/1585/1585
f 1585/1585/1585 2228/2228/2228 1492/1492/1492
f 1491/1491/1491 1584/1584/1584 1588/1588/1588
f 1588/1588/1588 1584/1584/1584 1585/1585/1585
f 1584/1584/1584 1489/1489/1489 1585/1585/1585
f 1492/1492/1492 1588/1588/1588 1585/1585/1585
f 94/94/94 96/96/96 57/57/57
f 57/57/57 96/96/96 95/95/95
f 96/96/96 91/91/91 95/95/95
f 55/55/55 91/91/91 96/96/96
f 55/55/55 50/50/50 91/91/91
f 74/74/74 50/50/50 55/55/55
f 74/74/74 68/68/68 50/50/50
f 67/67/67 68/68/68 74/74/74
f 95/95/95 755/755/755 57/57/57
f 95/95/95 64/64/64 755/755/755
f 91/91/91 64/64/64 95/95/95
f 91/91/91 51/51/51 64/64/64
f 50/50/50 51/51/51 91/91/91
f 51/51/51 50/50/50 75/75/75
f 75/75/75 50/50/50 68/68/68
f 77/77/77 75/75/75 68/68/68
f 68/68/68 69/69/69 77/77/77
f 67/67/67 69/69/69 68/68/68
f 57/57/57 755/755/755 566/566/566
f 566/566/566 755/755/755 568/568/568
f 568/568/568 755/755/755 573/573/573
f 755/755/755 64/64/64 573/573/573
f 573/573/573 64/64/64 56/56/56
f 64/64/64 51/51/51 56/56/56
f 56/56/56 51/51/51 71/71/71
f 51/51/51 52/52/52 71/71/71
f 75/75/75 52/52/52 51/51/51
f 75/75/75 81/81/81 52/52/52
f 77/77/77 81/81/81 75/75/75
f 568/568/568 752/752/752 566/566/566
f 563/563/563 752/752/752 568/568/568
f 568/568/568 535/535/535 563/563/563
f 567/567/567 535/535/535 568/568/568
f 568/568/568 573/573/573 567/567/567
f 567/567/567 573/573/573 762/762/762
f 573/573/573 56/56/56 762/762/762
f 762/762/762 56/56/56 93/93/93
f 56/56/56 71/71/71 93/93/93
f 759/759/759 752/752/752 563/563/563
f 563/563/563 535/535/535 759/759/759
f 759/759/759 535/535/535 758/758/758
f 758/758/758 535/535/535 757/757/757
f 757/757/757 535/535/535 565/565/565
f 535/535/535 754/754/754 565/565/565
f 567/567/567 754/754/754 535/535/535
f 754/754/754 567/567/567 762/762/762
f 762/762/762 72/72/72 754/754/754
f 93/93/93 72/72/72 762/762/762
f 767/767/767 752/752/752 759/759/759
f 569/569/569 767/767/767 759/759/759
f 569/569/569 759/759/759 756/756/756
f 756/756/756 759/759/759 758/758/758
f 756/756/756 758/758/758 586/586/586
f 586/586/586 758/758/758 757/757/757
f 586/586/586 757/757/757 584/584/584
f 584/584/584 757/757/757 585/585/585
f 757/757/757 565/565/565 585/585/585
f 582/582/582 767/767/767 569/569/569
f 548/548/548 582/582/582 569/569/569
f 548/548/548 569/569/569 547/547/547
f 547/547/547 569/569/569 756/756/756
f 547/547/547 756/756/756 603/603/603
f 603/603/603 756/756/756 586/586/586
f 603/603/603 586/586/586 600/600/600
f 600/600/600 586/586/586 584/584/584
f 584/584/584 606/606/606 600/600/600
f 606/606/606 584/584/584 760/760/760
f 760/760/760 584/584/584 585/585/585
f 604/604/604 582/582/582 548/548/548
f 604/604/604 548/548/548 589/589/589
f 589/589/589 548/548/548 547/547/547
f 589/589/589 547/547/547 602/602/602
f 602/602/602 547/547/547 603/603/603
f 603/603/603 600/600/600 602/602/602
f 602/602/602 600/600/600 546/546/546
f 600/600/600 606/606/606 546/546/546
f 760/760/760 585/585/585 765/765/765
f 765/765/765 585/585/585 761/761/761
f 585/585/585 565/565/565 761/761/761
f 565/565/565 753/753/753 761/761/761
f 754/754/754 753/753/753 565/565/565
f 72/72/72 753/753/753 754/754/754
f 765/765/765 761/761/761 543/543/543
f 543/543/543 761/761/761 766/766/766
f 761/761/761 753/753/753 766/766/766
f 753/753/753 59/59/59 766/766/766
f 87/87/87 59/59/59 753/753/753
f 87/87/87 753/753/753 72/72/72
f 92/92/92 87/87/87 72/72/72
f 92/92/92 72/72/72 58/58/58
f 58/58/58 72/72/72 93/93/93
f 765/765/765 543/543/543 764/764/764
f 543/543/543 70/70/70 764/764/764
f 73/73/73 70/70/70 543/543/543
f 766/766/766 73/73/73 543/543/543
f 59/59/59 73/73/73 766/766/766
f 59/59/59 62/62/62 73/73/73
f 54/54/54 62/62/62 59/59/59
f 54/54/54 59/59/59 88/88/88
f 88/88/88 59/59/59 87/87/87
f 88/88/88 87/87/87 92/92/92
f 765/765/765 764/764/764 763/763/763
f 73/73/73 90/90/90 70/70/70
f 62/62/62 90/90/90 73/73/73
f 76/76/76 90/90/90 62/62/62
f 76/76/76 62/62/62 53/53/53
f 53/53/53 62/62/62 54/54/54
f 53/53/53 54/54/54 60/60/60
f 60/60/60 54/54/54 88/88/88
f 60/60/60 88/88/88 66/66/66
f 66/66/66 88/88/88 92/92/92
f 66/66/66 92/92/92 65/65/65
f 65/65/65 92/92/92 58/58/58
f 78/78/78 90/90/90 76/76/76
f 76/76/76 80/80/80 78/78/78
f 76/76/76 48/48/48 80/80/80
f 53/53/53 48/48/48 76/76/76
f 48/48/48 53/53/53 85/85/85
f 85/85/85 53/53/53 60/60/60
f 66/66/66 85/85/85 60/60/60
f 89/89/89 85/85/85 66/66/66
f 89/89/89 66/66/66 83/83/83
f 83/83/83 66/66/66 65/65/65
f 78/78/78 80/80/80 79/79/79
f 80/80/80 61/61/61 79/79/79
f 63/63/63 61/61/61 80/80/80
f 48/48/48 63/63/63 80/80/80
f 49/49/49 63/63/63 48/48/48
f 85/85/85 49/49/49 48/48/48
f 47/47/47 49/49/49 85/85/85
f 89/89/89 47/47/47 85/85/85
f 86/86/86 47/47/47 89/89/89
f 86/86/86 89/89/89 84/84/84
f 84/84/84 89/89/89 83/83/83
f 81/81/81 84/84/84 83/83/83
f 83/83/83 65/65/65 81/81/81
f 63/63/63 23/23/23 61/61/61
f 45/45/45 23/23/23 63/63/63
f 49/49/49 45/45/45 63/63/63
f 34/34/34 45/45/45 49/49/49
f 47/47/47 34/34/34 49/49/49
f 22/22/22 34/34/34 47/47/47
f 86/86/86 22/22/22 47/47/47
f 24/24/24 22/22/22 86/86/86
f 86/86/86 46/46/46 24/24/24
f 84/84/84 46/46/46 86/86/86
f 23/23/23 45/45/45 17/17/17
f 17/17/17 45/45/45 29/29/29
f 45/45/45 34/34/34 29/29/29
f 29/29/29 34/34/34 19/19/19
f 22/22/22 19/19/19 34/34/34
f 35/35/35 19/19/19 22/22/22
f 35/35/35 22/22/22 30/30/30
f 30/30/30 22/22/22 24/24/24
f 24/24/24 36/36/36 30/30/30
f 46/46/46 36/36/36 24/24/24
f 46/46/46 37/37/37 36/36/36
f 39/39/39 37/37/37 46/46/46
f 84/84/84 39/39/39 46/46/46
f 82/82/82 39/39/39 84/84/84
f 82/82/82 84/84/84 81/81/81
f 82/82/82 81/81/81 97/97/97
f 97/97/97 81/81/81 77/77/77
f 39/39/39 16/16/16 37/37/37
f 38/38/38 16/16/16 39/39/39
f 82/82/82 38/38/38 39/39/39
f 97/97/97 38/38/38 82/82/82
f 97/97/97 21/21/21 38/38/38
f 98/98/98 21/21/21 97/97/97
f 77/77/77 98/98/98 97/97/97
f 69/69/69 98/98/98 77/77/77
f 38/38/38 28/28/28 16/16/16
f 21/21/21 28/28/28 38/38/38
f 81/81/81 65/65/65 52/52/52
f 52/52/52 65/65/65 71/71/71
f 71/71/71 65/65/65 58/58/58
f 93/93/93 71/71/71 58/58/58
f 560/560/560 579/579/579 1024/1024/1024
f 1024/1024/1024 579/579/579 607/607/607
f 579/579/579 552/552/552 607/607/607
f 607/607/607 552/552/552 643/643/643
f 562/562/562 643/643/643 552/552/552
f 562/562/562 552/552/552 553/553/553
f 553/553/553 2099/2099/2099 562/562/562
f 607/607/607 636/636/636 1024/1024/1024
f 632/632/632 636/636/636 607/607/607
f 632/632/632 607/607/607 630/630/630
f 630/630/630 607/607/607 643/643/643
f 630/630/630 643/643/643 562/562/562
f 562/562/562 2032/2032/2032 630/630/630
f 2032/2032/2032 562/562/562 2100/2100/2100
f 562/562/562 2099/2099/2099 2100/2100/2100
f 2100/2100/2100 2099/2099/2099 2091/2091/2091
f 2091/2091/2091 2099/2099/2099 2101/2101/2101
f 2102/2102/2102 2091/2091/2091 2101/2101/2101
f 854/854/854 636/636/636 632/632/632
f 630/630/630 854/854/854 632/632/632
f 856/856/856 854/854/854 630/630/630
f 856/856/856 630/630/630 2018/2018/2018
f 2018/2018/2018 630/630/630 2032/2032/2032
f 2036/2036/2036 2018/2018/2018 2032/2032/2032
f 2032/2032/2032 2091/2091/2091 2036/2036/2036
f 2091/2091/2091 2032/2032/2032 2100/2100/2100
f 650/650/650 636/636/636 854/854/854
f 831/831/831 650/650/650 854/854/854
f 856/856/856 831/831/831 854/854/854
f 867/867/867 831/831/831 856/856/856
f 2018/2018/2018 867/867/867 856/856/856
f 2037/2037/2037 867/867/867 2018/2018/2018
f 2018/2018/2018 2002/2002/2002 2037/2037/2037
f 2010/2010/2010 2002/2002/2002 2018/2018/2018
f 2010/2010/2010 2018/2018/2018 2036/2036/2036
f 830/830/830 650/650/650 831/831/831
f 831/831/831 786/786/786 830/830/830
f 785/785/785 786/786/786 831/831/831
f 867/867/867 785/785/785 831/831/831
f 782/782/782 785/785/785 867/867/867
f 2037/2037/2037 782/782/782 867/867/867
f 2049/2049/2049 782/782/782 2037/2037/2037
f 2037/2037/2037 2046/2046/2046 2049/2049/2049
f 2002/2002/2002 2046/2046/2046 2037/2037/2037
f 2002/2002/2002 2047/2047/2047 2046/2046/2046
f 1998/1998/1998 2047/2047/2047 2002/2002/2002
f 2010/2010/2010 1998/1998/1998 2002/2002/2002
f 786/786/786 785/785/785 1019/1019/1019
f 1019/1019/1019 785/785/785 812/812/812
f 782/782/782 812/812/812 785/785/785
f 1014/1014/1014 812/812/812 782/782/782
f 1014/1014/1014 782/782/782 1148/1148/1148
f 1148/1148/1148 782/782/782 2049/2049/2049
f 2046/2046/2046 1148/1148/1148 2049/2049/2049
f 1149/1149/1149 1148/1148/1148 2046/2046/2046
f 2046/2046/2046 2035/2035/2035 1149/1149/1149
f 2047/2047/2047 2035/2035/2035 2046/2046/2046
f 812/812/812 1020/1020/1020 1019/1019/1019
f 1015/1015/1015 1020/1020/1020 812/812/812
f 812/812/812 1014/1014/1014 1015/1015/1015
f 1015/1015/1015 1014/1014/1014 810/810/810
f 810/810/810 1014/1014/1014 1012/1012/1012
f 1014/1014/1014 1148/1148/1148 1012/1012/1012
f 1012/1012/1012 1148/1148/1148 2051/2051/2051
f 1148/1148/1148 2050/2050/2050 2051/2051/2051
f 1149/1149/1149 2050/2050/2050 1148/1148/1148
f 1019/1019/1019 1020/1020/1020 814/814/814
f 814/814/814 1020/1020/1020 545/545/545
f 545/545/545 1020/1020/1020 551/551/551
f 1020/1020/1020 1015/1015/1015 551/551/551
f 551/551/551 1015/1015/1015 811/811/811
f 811/811/811 1015/1015/1015 1013/1013/1013
f 1013/1013/1013 1015/1015/1015 810/810/810
f 1013/1013/1013 810/810/810 1017/1017/1017
f 1017/1017/1017 810/810/810 797/797/797
f 810/810/810 1012/1012/1012 797/797/797
f 797/797/797 1012/1012/1012 780/780/780
f 2051/2051/2051 780/780/780 1012/1012/1012
f 2045/2045/2045 780/780/780 2051/2051/2051
f 2051/2051/2051 2044/2044/2044 2045/2045/2045
f 2050/2050/2050 2044/2044/2044 2051/2051/2051
f 797/797/797 806/806/806 1017/1017/1017
f 787/787/787 806/806/806 797/797/797
f 787/787/787 797/797/797 781/781/781
f 781/781/781 797/797/797 780/780/780
f 788/788/788 806/806/806 787/787/787
f 827/827/827 806/806/806 788/788/788
f 1016/1016/1016 815/815/815 816/816/816
f 1027/1027/1027 815/815/815 1016/1016/1016
f 1027/1027/1027 1016/1016/1016 790/790/790
f 790/790/790 1016/1016/1016 789/789/789
f 790/790/790 789/789/789 798/798/798
f 798/798/798 789/789/789 577/577/577
f 789/789/789 817/817/817 577/577/577
f 577/577/577 817/817/817 575/575/575
f 577/577/577 575/575/575 837/837/837
f 837/837/837 575/575/575 612/612/612
f 612/612/612 804/804/804 837/837/837
f 576/576/576 804/804/804 612/612/612
f 799/799/799 798/798/798 577/577/577
f 577/577/577 837/837/837 799/799/799
f 799/799/799 837/837/837 803/803/803
f 803/803/803 837/837/837 801/801/801
f 801/801/801 837/837/837 805/805/805
f 837/837/837 804/804/804 805/805/805
f 805/805/805 804/804/804 836/836/836
f 576/576/576 836/836/836 804/804/804
f 835/835/835 836/836/836 576/576/576
f 808/808/808 798/798/798 799/799/799
f 799/799/799 792/792/792 808/808/808
f 792/792/792 799/799/799 795/795/795
f 795/795/795 799/799/799 803/803/803
f 802/802/802 795/795/795 803/803/803
f 803/803/803 793/793/793 802/802/802
f 801/801/801 793/793/793 803/803/803
f 778/778/778 793/793/793 801/801/801
f 801/801/801 783/783/783 778/778/778
f 805/805/805 783/783/783 801/801/801
f 808/808/808 792/792/792 791/791/791
f 792/792/792 1026/1026/1026 791/791/791
f 1026/1026/1026 792/792/792 1025/1025/1025
f 792/792/792 795/795/795 1025/1025/1025
f 795/795/795 796/796/796 1025/1025/1025
f 796/796/796 795/795/795 802/802/802
f 802/802/802 793/793/793 796/796/796
f 796/796/796 793/793/793 794/794/794
f 794/794/794 793/793/793 778/778/778
f 791/791/791 1026/1026/1026 1018/1018/1018
f 1026/1026/1026 813/813/813 1018/1018/1018
f 813/813/813 1026/1026/1026 776/776/776
f 1026/1026/1026 829/829/829 776/776/776
f 1026/1026/1026 1025/1025/1025 829/829/829
f 829/829/829 1025/1025/1025 779/779/779
f 796/796/796 779/779/779 1025/1025/1025
f 794/794/794 779/779/779 796/796/796
f 779/779/779 794/794/794 778/778/778
f 1018/1018/1018 813/813/813 1021/1021/1021
f 776/776/776 829/829/829 832/832/832
f 832/832/832 829/829/829 863/863/863
f 863/863/863 829/829/829 784/784/784
f 829/829/829 866/866/866 784/784/784
f 779/779/779 866/866/866 829/829/829
f 779/779/779 778/778/778 866/866/866
f 866/866/866 778/778/778 868/868/868
f 778/778/778 649/649/649 868/868/868
f 783/783/783 649/649/649 778/778/778
f 863/863/863 784/784/784 855/855/855
f 855/855/855 784/784/784 860/860/860
f 784/784/784 866/866/866 860/860/860
f 860/860/860 866/866/866 853/853/853
f 866/866/866 633/633/633 853/853/853
f 868/868/868 633/633/633 866/866/866
f 633/633/633 868/868/868 861/861/861
f 861/861/861 868/868/868 649/649/649
f 649/649/649 864/864/864 861/861/861
f 605/605/605 864/864/864 649/649/649
f 783/783/783 605/605/605 649/649/649
f 860/860/860 645/645/645 855/855/855
f 860/860/860 647/647/647 645/645/645
f 853/853/853 647/647/647 860/860/860
f 853/853/853 633/633/633 647/647/647
f 647/647/647 633/633/633 635/635/635
f 633/633/633 641/641/641 635/635/635
f 634/634/634 641/641/641 633/633/633
f 634/634/634 633/633/633 861/861/861
f 861/861/861 648/648/648 634/634/634
f 864/864/864 648/648/648 861/861/861
f 855/855/855 645/645/645 646/646/646
f 645/645/645 1022/1022/1022 646/646/646
f 645/645/645 768/768/768 1022/1022/1022
f 647/647/647 768/768/768 645/645/645
f 647/647/647 558/558/558 768/768/768
f 635/635/635 558/558/558 647/647/647
f 635/635/635 556/556/556 558/558/558
f 641/641/641 556/556/556 635/635/635
f 641/641/641 644/644/644 556/556/556
f 641/641/641 648/648/648 644/644/644
f 634/634/634 648/648/648 641/641/641
f 646/646/646 1022/1022/1022 1023/1023/1023
f 1022/1022/1022 555/555/555 1023/1023/1023
f 554/554/554 555/555/555 1022/1022/1022
f 554/554/554 1022/1022/1022 574/574/574
f 574/574/574 1022/1022/1022 768/768/768
f 574/574/574 768/768/768 570/570/570
f 570/570/570 768/768/768 558/558/558
f 570/570/570 558/558/558 561/561/561
f 561/561/561 558/558/558 556/556/556
f 557/557/557 561/561/561 556/556/556
f 556/556/556 644/644/644 557/557/557
f 644/644/644 2066/2066/2066 557/557/557
f 644/644/644 2028/2028/2028 2066/2066/2066
f 648/648/648 2028/2028/2028 644/644/644
f 864/864/864 2028/2028/2028 648/648/648
f 2017/2017/2017 2028/2028/2028 864/864/864
f 605/605/605 2017/2017/2017 864/864/864
f 559/559/559 561/561/561 557/557/557
f 2085/2085/2085 559/559/559 557/557/557
f 557/557/557 2066/2066/2066 2085/2085/2085
f 2085/2085/2085 2066/2066/2066 2084/2084/2084
f 2084/2084/2084 2066/2066/2066 2065/2065/2065
f 2066/2066/2066 2028/2028/2028 2065/2065/2065
f 2065/2065/2065 2028/2028/2028 2012/2012/2012
f 2028/2028/2028 2015/2015/2015 2012/2012/2012
f 2017/2017/2017 2015/2015/2015 2028/2028/2028
f 2086/2086/2086 559/559/559 2085/2085/2085
f 2085/2085/2085 2077/2077/2077 2086/2086/2086
f 2084/2084/2084 2077/2077/2077 2085/2085/2085
f 2084/2084/2084 2078/2078/2078 2077/2077/2077
f 2083/2083/2083 2078/2078/2078 2084/2084/2084
f 2084/2084/2084 2065/2065/2065 2083/2083/2083
f 2083/2083/2083 2065/2065/2065 2064/2064/2064
f 2065/2065/2065 2012/2012/2012 2064/2064/2064
f 2064/2064/2064 2012/2012/2012 2013/2013/2013
f 2012/2012/2012 2005/2005/2005 2013/2013/2013
f 2015/2015/2015 2005/2005/2005 2012/2012/2012
f 2015/2015/2015 2009/2009/2009 2005/2005/2005
f 2006/2006/2006 2009/2009/2009 2015/2015/2015
f 2017/2017/2017 2006/2006/2006 2015/2015/2015
f 2067/2067/2067 2078/2078/2078 2083/2083/2083
f 2083/2083/2083 2062/2062/2062 2067/2067/2067
f 2064/2064/2064 2062/2062/2062 2083/2083/2083
f 2064/2064/2064 2030/2030/2030 2062/2062/2062
f 2013/2013/2013 2030/2030/2030 2064/2064/2064
f 2030/2030/2030 2013/2013/2013 2005/2005/2005
f 2030/2030/2030 2005/2005/2005 2007/2007/2007
f 2007/2007/2007 2005/2005/2005 2009/2009/2009
f 2009/2009/2009 2041/2041/2041 2007/2007/2007
f 2038/2038/2038 2041/2041/2041 2009/2009/2009
f 2006/2006/2006 2038/2038/2038 2009/2009/2009
f 2082/2082/2082 2078/2078/2078 2067/2067/2067
f 2069/2069/2069 2082/2082/2082 2067/2067/2067
f 2067/2067/2067 2063/2063/2063 2069/2069/2069
f 2062/2062/2062 2063/2063/2063 2067/2067/2067
f 2062/2062/2062 2030/2030/2030 2063/2063/2063
f 2063/2063/2063 2030/2030/2030 2029/2029/2029
f 2030/2030/2030 2008/2008/2008 2029/2029/2029
f 2007/2007/2007 2008/2008/2008 2030/2030/2030
f 2007/2007/2007 2041/2041/2041 2008/2008/2008
f 2092/2092/2092 2082/2082/2082 2069/2069/2069
f 2068/2068/2068 2092/2092/2092 2069/2069/2069
f 2069/2069/2069 2053/2053/2053 2068/2068/2068
f 2063/2063/2063 2053/2053/2053 2069/2069/2069
f 2063/2063/2063 2016/2016/2016 2053/2053/2053
f 2029/2029/2029 2016/2016/2016 2063/2063/2063
f 2029/2029/2029 2008/2008/2008 2016/2016/2016
f 2016/2016/2016 2008/2008/2008 2001/2001/2001
f 2008/2008/2008 2040/2040/2040 2001/2001/2001
f 2039/2039/2039 2040/2040/2040 2008/2008/2008
f 2008/2008/2008 2041/2041/2041 2039/2039/2039
f 2093/2093/2093 2092/2092/2092 2068/2068/2068
f 2068/2068/2068 2094/2094/2094 2093/2093/2093
f 2076/2076/2076 2094/2094/2094 2068/2068/2068
f 2068/2068/2068 2031/2031/2031 2076/2076/2076
f 2053/2053/2053 2031/2031/2031 2068/2068/2068
f 2053/2053/2053 2057/2057/2057 2031/2031/2031
f 2016/2016/2016 2057/2057/2057 2053/2053/2053
f 2016/2016/2016 2001/2001/2001 2057/2057/2057
f 2057/2057/2057 2001/2001/2001 1999/1999/1999
f 2001/2001/2001 2040/2040/2040 1999/1999/1999
f 1999/1999/1999 2040/2040/2040 2043/2043/2043
f 2040/2040/2040 2023/2023/2023 2043/2043/2043
f 2024/2024/2024 2023/2023/2023 2040/2040/2040
f 2040/2040/2040 1120/1120/1120 2024/2024/2024
f 2039/2039/2039 1120/1120/1120 2040/2040/2040
f 2039/2039/2039 2070/2070/2070 1120/1120/1120
f 1173/1173/1173 2070/2070/2070 2039/2039/2039
f 1173/1173/1173 2039/2039/2039 2041/2041/2041
f 2024/2024/2024 1124/1124/1124 2023/2023/2023
f 2024/2024/2024 2027/2027/2027 1124/1124/1124
f 2024/2024/2024 2060/2060/2060 2027/2027/2027
f 2059/2059/2059 2060/2060/2060 2024/2024/2024
f 2059/2059/2059 2024/2024/2024 1120/1120/1120
f 1159/1159/1159 2059/2059/2059 1120/1120/1120
f 2070/2070/2070 1159/1159/1159 1120/1120/1120
f 1215/1215/1215 1159/1159/1159 2070/2070/2070
f 2070/2070/2070 2071/2071/2071 1215/1215/1215
f 1173/1173/1173 2071/2071/2071 2070/2070/2070
f 2071/2071/2071 1173/1173/1173 2041/2041/2041
f 1124/1124/1124 2027/2027/2027 1121/1121/1121
f 2059/2059/2059 2072/2072/2072 2060/2060/2060
f 1217/1217/1217 2072/2072/2072 2059/2059/2059
f 1217/1217/1217 2059/2059/2059 1159/1159/1159
f 1217/1217/1217 1159/1159/1159 1214/1214/1214
f 1214/1214/1214 1159/1159/1159 1215/1215/1215
f 2071/2071/2071 1214/1214/1214 1215/1215/1215
f 1216/1216/1216 1214/1214/1214 2071/2071/2071
f 2071/2071/2071 2041/2041/2041 1216/1216/1216
f 2038/2038/2038 1216/1216/1216 2041/2041/2041
f 2072/2072/2072 1217/1217/1217 1185/1185/1185
f 1185/1185/1185 1217/1217/1217 2107/2107/2107
f 1217/1217/1217 2088/2088/2088 2107/2107/2107
f 1214/1214/1214 2088/2088/2088 1217/1217/1217
f 1214/1214/1214 1216/1216/1216 2088/2088/2088
f 2088/2088/2088 1216/1216/1216 1184/1184/1184
f 1184/1184/1184 1216/1216/1216 2038/2038/2038
f 2014/2014/2014 1184/1184/1184 2038/2038/2038
f 2014/2014/2014 2038/2038/2038 2006/2006/2006
f 2004/2004/2004 2014/2014/2014 2006/2006/2006
f 2004/2004/2004 2006/2006/2006 2017/2017/2017
f 1119/1119/1119 1185/1185/1185 2107/2107/2107
f 1119/1119/1119 2107/2107/2107 1118/1118/1118
f 1118/1118/1118 2107/2107/2107 2105/2105/2105
f 2107/2107/2107 2088/2088/2088 2105/2105/2105
f 2105/2105/2105 2088/2088/2088 2106/2106/2106
f 2088/2088/2088 2089/2089/2089 2106/2106/2106
f 2089/2089/2089 2088/2088/2088 1184/1184/1184
f 2089/2089/2089 1184/1184/1184 1218/1218/1218
f 1218/1218/1218 1184/1184/1184 2014/2014/2014
f 2033/2033/2033 1185/1185/1185 1119/1119/1119
f 1119/1119/1119 2113/2113/2113 2033/2033/2033
f 2033/2033/2033 2113/2113/2113 2114/2114/2114
f 2113/2113/2113 2026/2026/2026 2114/2114/2114
f 2022/2022/2022 2026/2026/2026 2113/2113/2113
f 2106/2106/2106 2089/2089/2089 2104/2104/2104
f 1218/1218/1218 2104/2104/2104 2089/2089/2089
f 2081/2081/2081 2104/2104/2104 1218/1218/1218
f 1218/1218/1218 2079/2079/2079 2081/2081/2081
f 2079/2079/2079 1218/1218/1218 2003/2003/2003
f 2003/2003/2003 1218/1218/1218 2014/2014/2014
f 2003/2003/2003 2014/2014/2014 2004/2004/2004
f 2003/2003/2003 2004/2004/2004 865/865/865
f 865/865/865 2004/2004/2004 605/605/605
f 2004/2004/2004 2017/2017/2017 605/605/605
f 2081/2081/2081 2079/2079/2079 2080/2080/2080
f 2079/2079/2079 835/835/835 2080/2080/2080
f 836/836/836 835/835/835 2079/2079/2079
f 2079/2079/2079 2003/2003/2003 836/836/836
f 836/836/836 2003/2003/2003 865/865/865
f 836/836/836 865/865/865 805/805/805
f 805/805/805 865/865/865 783/783/783
f 865/865/865 605/605/605 783/783/783
f 852/852/852 834/834/834 845/845/845
f 845/845/845 820/820/820 852/852/852
f 873/873/873 820/820/820 845/845/845
f 873/873/873 828/828/828 820/820/820
f 826/826/826 828/828/828 873/873/873
f 872/872/872 828/828/828 826/826/826
f 825/825/825 828/828/828 872/872/872
f 809/809/809 825/825/825 872/872/872
f 921/921/921 825/825/825 809/809/809
f 921/921/921 809/809/809 818/818/818
f 818/818/818 809/809/809 821/821/821
f 818/818/818 821/821/821 916/916/916
f 916/916/916 821/821/821 824/824/824
f 824/824/824 871/871/871 916/916/916
f 937/937/937 819/819/819 800/800/800
f 800/800/800 819/819/819 843/843/843
f 819/819/819 907/907/907 843/843/843
f 843/843/843 907/907/907 904/904/904
f 945/945/945 904/904/904 907/907/907
f 931/931/931 904/904/904 945/945/945
f 945/945/945 953/953/953 931/931/931
f 931/931/931 953/953/953 1000/1000/1000
f 843/843/843 880/880/880 800/800/800
f 822/822/822 880/880/880 843/843/843
f 822/822/822 843/843/843 844/844/844
f 844/844/844 843/843/843 904/904/904
f 904/904/904 1039/1039/1039 844/844/844
f 904/904/904 931/931/931 1039/1039/1039
f 1039/1039/1039 931/931/931 1040/1040/1040
f 931/931/931 948/948/948 1040/1040/1040
f 1000/1000/1000 948/948/948 931/931/931
f 1009/1009/1009 880/880/880 822/822/822
f 1009/1009/1009 822/822/822 1005/1005/1005
f 1005/1005/1005 822/822/822 844/844/844
f 844/844/844 883/883/883 1005/1005/1005
f 844/844/844 1039/1039/1039 883/883/883
f 883/883/883 1039/1039/1039 877/877/877
f 877/877/877 1039/1039/1039 925/925/925
f 1039/1039/1039 1038/1038/1038 925/925/925
f 1040/1040/1040 1038/1038/1038 1039/1039/1039
f 1040/1040/1040 948/948/948 1038/1038/1038
f 1038/1038/1038 948/948/948 926/926/926
f 911/911/911 880/880/880 1009/1009/1009
f 1011/1011/1011 911/911/911 1009/1009/1009
f 1009/1009/1009 1005/1005/1005 1011/1011/1011
f 1011/1011/1011 1005/1005/1005 882/882/882
f 1005/1005/1005 879/879/879 882/882/882
f 1005/1005/1005 883/883/883 879/879/879
f 877/877/877 879/879/879 883/883/883
f 1006/1006/1006 879/879/879 877/877/877
f 1007/1007/1007 1006/1006/1006 877/877/877
f 877/877/877 1030/1030/1030 1007/1007/1007
f 925/925/925 1030/1030/1030 877/877/877
f 886/886/886 911/911/911 1011/1011/1011
f 886/886/886 1011/1011/1011 884/884/884
f 884/884/884 1011/1011/1011 1010/1010/1010
f 1011/1011/1011 882/882/882 1010/1010/1010
f 1010/1010/1010 882/882/882 878/878/878
f 882/882/882 879/879/879 878/878/878
f 879/879/879 1008/1008/1008 878/878/878
f 1006/1006/1006 1008/1008/1008 879/879/879
f 1006/1006/1006 874/874/874 1008/1008/1008
f 885/885/885 874/874/874 1006/1006/1006
f 885/885/885 1006/1006/1006 1007/1007/1007
f 874/874/874 884/884/884 1010/1010/1010
f 874/874/874 1010/1010/1010 1008/1008/1008
f 1008/1008/1008 1010/1010/1010 878/878/878
f 910/910/910 884/884/884 874/874/874
f 885/885/885 910/910/910 874/874/874
f 823/823/823 910/910/910 885/885/885
f 823/823/823 885/885/885 881/881/881
f 881/881/881 885/885/885 1007/1007/1007
f 881/881/881 1007/1007/1007 1004/1004/1004
f 1004/1004/1004 1007/1007/1007 1030/1030/1030
f 1030/1030/1030 990/990/990 1004/1004/1004
f 1029/1029/1029 990/990/990 1030/1030/1030
f 1029/1029/1029 1030/1030/1030 1041/1041/1041
f 1041/1041/1041 1030/1030/1030 925/925/925
f 1041/1041/1041 925/925/925 1031/1031/1031
f 1031/1031/1031 925/925/925 1038/1038/1038
f 1038/1038/1038 926/926/926 1031/1031/1031
f 1031/1031/1031 926/926/926 927/927/927
f 992/992/992 990/990/990 1029/1029/1029
f 992/992/992 1029/1029/1029 993/993/993
f 993/993/993 1029/1029/1029 1041/1041/1041
f 993/993/993 1041/1041/1041 994/994/994
f 994/994/994 1041/1041/1041 1031/1031/1031
f 994/994/994 1031/1031/1031 940/940/940
f 940/940/940 1031/1031/1031 927/927/927
f 991/991/991 990/990/990 992/992/992
f 991/991/991 992/992/992 988/988/988
f 992/992/992 987/987/987 988/988/988
f 987/987/987 992/992/992 1028/1028/1028
f 1028/1028/1028 992/992/992 993/993/993
f 1028/1028/1028 993/993/993 989/989/989
f 989/989/989 993/993/993 994/994/994
f 994/994/994 947/947/947 989/989/989
f 940/940/940 947/947/947 994/994/994
f 987/987/987 981/981/981 988/988/988
f 987/987/987 982/982/982 981/981/981
f 985/985/985 982/982/982 987/987/987
f 987/987/987 1028/1028/1028 985/985/985
f 985/985/985 1028/1028/1028 1001/1001/1001
f 989/989/989 1001/1001/1001 1028/1028/1028
f 983/983/983 1001/1001/1001 989/989/989
f 983/983/983 989/989/989 842/842/842
f 842/842/842 989/989/989 947/947/947
f 982/982/982 985/985/985 840/840/840
f 985/985/985 936/936/936 840/840/840
f 1001/1001/1001 936/936/936 985/985/985
f 744/744/744 936/936/936 1001/1001/1001
f 1001/1001/1001 983/983/983 744/744/744
f 744/744/744 983/983/983 984/984/984
f 983/983/983 905/905/905 984/984/984
f 842/842/842 905/905/905 983/983/983
f 936/936/936 807/807/807 840/840/840
f 1295/1295/1295 1331/1331/1331 1296/1296/1296
f 1296/1296/1296 1331/1331/1331 1332/1332/1332
f 1331/1331/1331 1417/1417/1417 1332/1332/1332
f 1332/1332/1332 1417/1417/1417 1439/1439/1439
f 1439/1439/1439 1417/1417/1417 1625/1625/1625
f 1625/1625/1625 1417/1417/1417 1438/1438/1438
f 1625/1625/1625 1438/1438/1438 1617/1617/1617
f 1617/1617/1617 1438/1438/1438 1421/1421/1421
f 1296/1296/1296 1332/1332/1332 1278/1278/1278
f 1278/1278/1278 1332/1332/1332 1322/1322/1322
f 1439/1439/1439 1322/1322/1322 1332/1332/1332
f 1330/1330/1330 1322/1322/1322 1439/1439/1439
f 1330/1330/1330 1439/1439/1439 1616/1616/1616
f 1616/1616/1616 1439/1439/1439 1625/1625/1625
f 1446/1446/1446 1616/1616/1616 1625/1625/1625
f 1625/1625/1625 1617/1617/1617 1446/1446/1446
f 1278/1278/1278 1322/1322/1322 1318/1318/1318
f 1318/1318/1318 1322/1322/1322 1315/1315/1315
f 1315/1315/1315 1322/1322/1322 1323/1323/1323
f 1323/1323/1323 1322/1322/1322 1330/1330/1330
f 1437/1437/1437 1323/1323/1323 1330/1330/1330
f 1330/1330/1330 1616/1616/1616 1437/1437/1437
f 1437/1437/1437 1616/1616/1616 1624/1624/1624
f 1624/1624/1624 1616/1616/1616 1244/1244/1244
f 1446/1446/1446 1244/1244/1244 1616/1616/1616
f 1315/1315/1315 1316/1316/1316 1318/1318/1318
f 1315/1315/1315 1323/1323/1323 1316/1316/1316
f 1316/1316/1316 1323/1323/1323 1469/1469/1469
f 1323/1323/1323 1437/1437/1437 1469/1469/1469
f 1469/1469/1469 1437/1437/1437 1474/1474/1474
f 1437/1437/1437 1612/1612/1612 1474/1474/1474
f 1624/1624/1624 1612/1612/1612 1437/1437/1437
f 1612/1612/1612 1624/1624/1624 1340/1340/1340
f 1340/1340/1340 1624/1624/1624 1343/1343/1343
f 1244/1244/1244 1343/1343/1343 1624/1624/1624
f 1318/1318/1318 1316/1316/1316 1328/1328/1328
f 1850/1850/1850 1328/1328/1328 1316/1316/1316
f 1316/1316/1316 1469/1469/1469 1850/1850/1850
f 1850/1850/1850 1469/1469/1469 1857/1857/1857
f 1857/1857/1857 1469/1469/1469 1771/1771/1771
f 1771/1771/1771 1469/1469/1469 1474/1474/1474
f 1864/1864/1864 1328/1328/1328 1850/1850/1850
f 1770/1770/1770 1864/1864/1864 1850/1850/1850
f 1770/1770/1770 1850/1850/1850 1849/1849/1849
f 1849/1849/1849 1850/1850/1850 1857/1857/1857
f 1771/1771/1771 1849/1849/1849 1857/1857/1857
f 1807/1807/1807 1849/1849/1849 1771/1771/1771
f 1807/1807/1807 1868/1868/1868 1849/1849/1849
f 1848/1848/1848 1868/1868/1868 1807/1807/1807
f 1781/1781/1781 1868/1868/1868 1848/1848/1848
f 1863/1863/1863 1864/1864/1864 1770/1770/1770
f 1770/1770/1770 1869/1869/1869 1863/1863/1863
f 1770/1770/1770 1868/1868/1868 1869/1869/1869
f 1849/1849/1849 1868/1868/1868 1770/1770/1770
f 1863/1863/1863 1869/1869/1869 1861/1861/1861
f 1775/1775/1775 1861/1861/1861 1869/1869/1869
f 1775/1775/1775 1869/1869/1869 1779/1779/1779
f 1779/1779/1779 1869/1869/1869 1868/1868/1868
f 1779/1779/1779 1868/1868/1868 1781/1781/1781
f 1779/1779/1779 1781/1781/1781 1777/1777/1777
f 1777/1777/1777 1775/1775/1775 1779/1779/1779
f 1785/1785/1785 1775/1775/1775 1777/1777/1777
f 1775/1775/1775 1785/1785/1785 1786/1786/1786
f 1786/1786/1786 1861/1861/1861 1775/1775/1775
f 1418/1418/1418 1422/1422/1422 1421/1421/1421
f 1421/1421/1421 1422/1422/1422 1617/1617/1617
f 1422/1422/1422 1444/1444/1444 1617/1617/1617
f 1299/1299/1299 1444/1444/1444 1422/1422/1422
f 1299/1299/1299 1291/1291/1291 1444/1444/1444
f 1444/1444/1444 1291/1291/1291 1300/1300/1300
f 1291/1291/1291 1287/1287/1287 1300/1300/1300
f 1300/1300/1300 1287/1287/1287 1263/1263/1263
f 1287/1287/1287 1289/1289/1289 1263/1263/1263
f 1444/1444/1444 1460/1460/1460 1617/1617/1617
f 1444/1444/1444 1248/1248/1248 1460/1460/1460
f 1300/1300/1300 1248/1248/1248 1444/1444/1444
f 1263/1263/1263 1248/1248/1248 1300/1300/1300
f 1272/1272/1272 1248/1248/1248 1263/1263/1263
f 1263/1263/1263 1262/1262/1262 1272/1272/1272
f 1263/1263/1263 1289/1289/1289 1262/1262/1262
f 1505/1505/1505 1262/1262/1262 1289/1289/1289
f 1509/1509/1509 1262/1262/1262 1505/1505/1505
f 1523/1523/1523 1509/1509/1509 1505/1505/1505
f 1446/1446/1446 1617/1617/1617 1460/1460/1460
f 1246/1246/1246 1446/1446/1446 1460/1460/1460
f 1246/1246/1246 1460/1460/1460 1265/1265/1265
f 1460/1460/1460 1248/1248/1248 1265/1265/1265
f 1248/1248/1248 1197/1197/1197 1265/1265/1265
f 1272/1272/1272 1197/1197/1197 1248/1248/1248
f 1272/1272/1272 1186/1186/1186 1197/1197/1197
f 1186/1186/1186 1272/1272/1272 1257/1257/1257
f 1257/1257/1257 1272/1272/1272 1260/1260/1260
f 1272/1272/1272 1262/1262/1262 1260/1260/1260
f 1247/1247/1247 1446/1446/1446 1246/1246/1246
f 1246/1246/1246 1239/1239/1239 1247/1247/1247
f 1235/1235/1235 1239/1239/1239 1246/1246/1246
f 1246/1246/1246 1197/1197/1197 1235/1235/1235
f 1265/1265/1265 1197/1197/1197 1246/1246/1246
f 1245/1245/1245 1446/1446/1446 1247/1247/1247
f 1247/1247/1247 1239/1239/1239 1245/1245/1245
f 1245/1245/1245 1239/1239/1239 1232/1232/1232
f 1239/1239/1239 1466/1466/1466 1232/1232/1232
f 1536/1536/1536 1466/1466/1466 1239/1239/1239
f 1237/1237/1237 1536/1536/1536 1239/1239/1239
f 1235/1235/1235 1237/1237/1237 1239/1239/1239
f 1245/1245/1245 1244/1244/1244 1446/1446/1446
f 1245/1245/1245 1241/1241/1241 1244/1244/1244
f 1232/1232/1232 1241/1241/1241 1245/1245/1245
f 1232/1232/1232 1229/1229/1229 1241/1241/1241
f 1466/1466/1466 1229/1229/1229 1232/1232/1232
f 1615/1615/1615 1229/1229/1229 1466/1466/1466
f 1611/1611/1611 1615/1615/1615 1466/1466/1466
f 1536/1536/1536 1611/1611/1611 1466/1466/1466
f 1529/1529/1529 1611/1611/1611 1536/1536/1536
f 1238/1238/1238 1529/1529/1529 1536/1536/1536
f 1238/1238/1238 1536/1536/1536 1237/1237/1237
f 1241/1241/1241 1343/1343/1343 1244/1244/1244
f 1241/1241/1241 1339/1339/1339 1343/1343/1343
f 1541/1541/1541 1339/1339/1339 1241/1241/1241
f 1229/1229/1229 1541/1541/1541 1241/1241/1241
f 1230/1230/1230 1541/1541/1541 1229/1229/1229
f 1230/1230/1230 1337/1337/1337 1541/1541/1541
f 1540/1540/1540 1337/1337/1337 1230/1230/1230
f 1540/1540/1540 1546/1546/1546 1337/1337/1337
f 1339/1339/1339 1340/1340/1340 1343/1343/1343
f 1342/1342/1342 1340/1340/1340 1339/1339/1339
f 1341/1341/1341 1342/1342/1342 1339/1339/1339
f 1341/1341/1341 1339/1339/1339 1337/1337/1337
f 1337/1337/1337 1339/1339/1339 1541/1541/1541
f 1359/1359/1359 1342/1342/1342 1341/1341/1341
f 1359/1359/1359 1341/1341/1341 1358/1358/1358
f 1358/1358/1358 1341/1341/1341 1338/1338/1338
f 1341/1341/1341 1337/1337/1337 1338/1338/1338
f 1338/1338/1338 1337/1337/1337 1573/1573/1573
f 1337/1337/1337 1546/1546/1546 1573/1573/1573
f 1546/1546/1546 1783/1783/1783 1573/1573/1573
f 1573/1573/1573 1783/1783/1783 1782/1782/1782
f 1821/1821/1821 1782/1782/1782 1783/1783/1783
f 1793/1793/1793 1782/1782/1782 1821/1821/1821
f 1821/1821/1821 1838/1838/1838 1793/1793/1793
f 1789/1789/1789 1358/1358/1358 1338/1338/1338
f 1338/1338/1338 1573/1573/1573 1789/1789/1789
f 1789/1789/1789 1573/1573/1573 1782/1782/1782
f 1789/1789/1789 1782/1782/1782 1839/1839/1839
f 1839/1839/1839 1782/1782/1782 1793/1793/1793
f 1839/1839/1839 1793/1793/1793 1473/1473/1473
f 1473/1473/1473 1793/1793/1793 1838/1838/1838
f 1787/1787/1787 1358/1358/1358 1789/1789/1789
f 1789/1789/1789 1835/1835/1835 1787/1787/1787
f 1839/1839/1839 1835/1835/1835 1789/1789/1789
f 1835/1835/1835 1839/1839/1839 1473/1473/1473
f 1517/1517/1517 1529/1529/1529 1238/1238/1238
f 1529/1529/1529 1517/1517/1517 1528/1528/1528
f 1528/1528/1528 1517/1517/1517 1516/1516/1516
f 1516/1516/1516 1468/1468/1468 1528/1528/1528
f 1568/1568/1568 1468/1468/1468 1516/1516/1516
f 1468/1468/1468 1568/1568/1568 1472/1472/1472
f 1472/1472/1472 1568/1568/1568 1569/1569/1569
f 1569/1569/1569 1577/1577/1577 1472/1472/1472
f 1529/1529/1529 1528/1528/1528 1611/1611/1611
f 1611/1611/1611 1528/1528/1528 1537/1537/1537
f 1528/1528/1528 1394/1394/1394 1537/1537/1537
f 1468/1468/1468 1394/1394/1394 1528/1528/1528
f 1394/1394/1394 1468/1468/1468 1571/1571/1571
f 1571/1571/1571 1468/1468/1468 1472/1472/1472
f 1577/1577/1577 1571/1571/1571 1472/1472/1472
f 1393/1393/1393 1571/1571/1571 1577/1577/1577
f 1464/1464/1464 1571/1571/1571 1393/1393/1393
f 1420/1420/1420 1571/1571/1571 1464/1464/1464
f 1611/1611/1611 1537/1537/1537 1607/1607/1607
f 1607/1607/1607 1537/1537/1537 1623/1623/1623
f 1394/1394/1394 1623/1623/1623 1537/1537/1537
f 1420/1420/1420 1623/1623/1623 1394/1394/1394
f 1394/1394/1394 1571/1571/1571 1420/1420/1420
f 1607/1607/1607 1615/1615/1615 1611/1611/1611
f 1509/1509/1509 1260/1260/1260 1262/1262/1262
f 1268/1268/1268 1260/1260/1260 1509/1509/1509
f 1267/1267/1267 1268/1268/1268 1509/1509/1509
f 1267/1267/1267 1509/1509/1509 1523/1523/1523
f 1411/1411/1411 1267/1267/1267 1523/1523/1523
f 1410/1410/1410 1267/1267/1267 1411/1411/1411
f 1411/1411/1411 1409/1409/1409 1410/1410/1410
f 1412/1412/1412 1410/1410/1410 1409/1409/1409
f 1270/1270/1270 1260/1260/1260 1268/1268/1268
f 1269/1269/1269 1270/1270/1270 1268/1268/1268
f 1269/1269/1269 1268/1268/1268 1267/1267/1267
f 1410/1410/1410 1269/1269/1269 1267/1267/1267
f 1413/1413/1413 1269/1269/1269 1410/1410/1410
f 1413/1413/1413 1410/1410/1410 1412/1412/1412
f 1413/1413/1413 1412/1412/1412 1519/1519/1519
f 1519/1519/1519 1269/1269/1269 1413/1413/1413
f 1264/1264/1264 1269/1269/1269 1519/1519/1519
f 1264/1264/1264 1270/1270/1270 1269/1269/1269
f 1257/1257/1257 1260/1260/1260 1270/1270/1270
f 1129/1129/1129 1108/1108/1108 1107/1107/1107
f 1125/1125/1125 1108/1108/1108 1129/1129/1129
f 1129/1129/1129 1133/1133/1133 1125/1125/1125
f 1198/1198/1198 1133/1133/1133 1129/1129/1129
f 1198/1198/1198 1211/1211/1211 1133/1133/1133
f 1198/1198/1198 1165/1165/1165 1211/1211/1211
f 1125/1125/1125 1169/1169/1169 1108/1108/1108
f 1125/1125/1125 1095/1095/1095 1169/1169/1169
f 1133/1133/1133 1095/1095/1095 1125/1125/1125
f 1133/1133/1133 1163/1163/1163 1095/1095/1095
f 1133/1133/1133 1211/1211/1211 1163/1163/1163
f 1188/1188/1188 1163/1163/1163 1211/1211/1211
f 1188/1188/1188 1211/1211/1211 1210/1210/1210
f 1210/1210/1210 1211/1211/1211 1209/1209/1209
f 1211/1211/1211 1165/1165/1165 1209/1209/1209
f 1108/1108/1108 1169/1169/1169 1157/1157/1157
f 1169/1169/1169 1134/1134/1134 1157/1157/1157
f 1169/1169/1169 1093/1093/1093 1134/1134/1134
f 1095/1095/1095 1093/1093/1093 1169/1169/1169
f 1095/1095/1095 1112/1112/1112 1093/1093/1093
f 1095/1095/1095 1163/1163/1163 1112/1112/1112
f 1163/1163/1163 1152/1152/1152 1112/1112/1112
f 1152/1152/1152 1163/1163/1163 1188/1188/1188
f 1188/1188/1188 1177/1177/1177 1152/1152/1152
f 1188/1188/1188 1210/1210/1210 1177/1177/1177
f 1157/1157/1157 1134/1134/1134 1135/1135/1135
f 1134/1134/1134 1100/1100/1100 1135/1135/1135
f 1100/1100/1100 1134/1134/1134 1092/1092/1092
f 1092/1092/1092 1134/1134/1134 1093/1093/1093
f 1093/1093/1093 1097/1097/1097 1092/1092/1092
f 1105/1105/1105 1097/1097/1097 1093/1093/1093
f 1093/1093/1093 1112/1112/1112 1105/1105/1105
f 1112/1112/1112 1111/1111/1111 1105/1105/1105
f 1112/1112/1112 1152/1152/1152 1111/1111/1111
f 1111/1111/1111 1152/1152/1152 1106/1106/1106
f 1106/1106/1106 1152/1152/1152 1177/1177/1177
f 1135/1135/1135 1100/1100/1100 1098/1098/1098
f 1100/1100/1100 1158/1158/1158 1098/1098/1098
f 2058/2058/2058 1158/1158/1158 1100/1100/1100
f 1092/1092/1092 2058/2058/2058 1100/1100/1100
f 2058/2058/2058 1092/1092/1092 1880/1880/1880
f 1880/1880/1880 1092/1092/1092 1097/1097/1097
f 1136/1136/1136 1880/1880/1880 1097/1097/1097
f 1105/1105/1105 1136/1136/1136 1097/1097/1097
f 1113/1113/1113 1136/1136/1136 1105/1105/1105
f 1105/1105/1105 1111/1111/1111 1113/1113/1113
f 1106/1106/1106 1113/1113/1113 1111/1111/1111
f 2058/2058/2058 1881/1881/1881 1158/1158/1158
f 1882/1882/1882 1881/1881/1881 2058/2058/2058
f 1880/1880/1880 1882/1882/1882 2058/2058/2058
f 1879/1879/1879 1882/1882/1882 1880/1880/1880
f 1880/1880/1880 1878/1878/1878 1879/1879/1879
f 1877/1877/1877 1878/1878/1878 1880/1880/1880
f 1877/1877/1877 1880/1880/1880 1136/1136/1136
f 1138/1138/1138 1877/1877/1877 1136/1136/1136
f 1138/1138/1138 1136/1136/1136 1128/1128/1128
f 1128/1128/1128 1136/1136/1136 1113/1113/1113
f 1128/1128/1128 1113/1113/1113 1106/1106/1106
f 1881/1881/1881 1882/1882/1882 1813/1813/1813
f 1813/1813/1813 1882/1882/1882 1843/1843/1843
f 1882/1882/1882 1879/1879/1879 1843/1843/1843
f 1843/1843/1843 1879/1879/1879 1871/1871/1871
f 1878/1878/1878 1871/1871/1871 1879/1879/1879
f 1845/1845/1845 1871/1871/1871 1878/1878/1878
f 1876/1876/1876 1845/1845/1845 1878/1878/1878
f 1876/1876/1876 1878/1878/1878 1875/1875/1875
f 1875/1875/1875 1878/1878/1878 1877/1877/1877
f 1875/1875/1875 1877/1877/1877 1138/1138/1138
f 1843/1843/1843 1772/1772/1772 1813/1813/1813
f 1851/1851/1851 1772/1772/1772 1843/1843/1843
f 1843/1843/1843 1871/1871/1871 1851/1851/1851
f 1851/1851/1851 1871/1871/1871 1852/1852/1852
f 1871/1871/1871 1845/1845/1845 1852/1852/1852
f 1852/1852/1852 1845/1845/1845 1853/1853/1853
f 1845/1845/1845 1846/1846/1846 1853/1853/1853
f 1846/1846/1846 1845/1845/1845 1876/1876/1876
f 1846/1846/1846 1876/1876/1876 1842/1842/1842
f 1842/1842/1842 1876/1876/1876 1873/1873/1873
f 1875/1875/1875 1873/1873/1873 1876/1876/1876
f 1874/1874/1874 1873/1873/1873 1875/1875/1875
f 1138/1138/1138 1874/1874/1874 1875/1875/1875
f 1853/1853/1853 1846/1846/1846 1827/1827/1827
f 1842/1842/1842 1827/1827/1827 1846/1846/1846
f 1814/1814/1814 1827/1827/1827 1842/1842/1842
f 1842/1842/1842 1860/1860/1860 1814/1814/1814
f 1840/1840/1840 1860/1860/1860 1842/1842/1842
f 1842/1842/1842 1873/1873/1873 1840/1840/1840
f 1840/1840/1840 1873/1873/1873 1872/1872/1872
f 1874/1874/1874 1872/1872/1872 1873/1873/1873
f 1870/1870/1870 1872/1872/1872 1874/1874/1874
f 1870/1870/1870 1874/1874/1874 1139/1139/1139
f 1139/1139/1139 1874/1874/1874 1137/1137/1137
f 1137/1137/1137 1874/1874/1874 1138/1138/1138
f 1137/1137/1137 1138/1138/1138 1102/1102/1102
f 1102/1102/1102 1138/1138/1138 1128/1128/1128
f 1860/1860/1860 1840/1840/1840 1811/1811/1811
f 1811/1811/1811 1840/1840/1840 1841/1841/1841
f 1840/1840/1840 1872/1872/1872 1841/1841/1841
f 1841/1841/1841 1872/1872/1872 1885/1885/1885
f 1872/1872/1872 1870/1870/1870 1885/1885/1885
f 1885/1885/1885 1870/1870/1870 1884/1884/1884
f 1870/1870/1870 1140/1140/1140 1884/1884/1884
f 1139/1139/1139 1140/1140/1140 1870/1870/1870
f 1140/1140/1140 1139/1139/1139 1096/1096/1096
f 1096/1096/1096 1139/1139/1139 1104/1104/1104
f 1139/1139/1139 1137/1137/1137 1104/1104/1104
f 1104/1104/1104 1137/1137/1137 1102/1102/1102
f 1811/1811/1811 1841/1841/1841 1773/1773/1773
f 1773/1773/1773 1841/1841/1841 1828/1828/1828
f 1885/1885/1885 1828/1828/1828 1841/1841/1841
f 1883/1883/1883 1828/1828/1828 1885/1885/1885
f 1884/1884/1884 1883/1883/1883 1885/1885/1885
f 1099/1099/1099 1883/1883/1883 1884/1884/1884
f 1884/1884/1884 1091/1091/1091 1099/1099/1099
f 1140/1140/1140 1091/1091/1091 1884/1884/1884
f 1091/1091/1091 1140/1140/1140 1101/1101/1101
f 1101/1101/1101 1140/1140/1140 1096/1096/1096
f 1109/1109/1109 1101/1101/1101 1096/1096/1096
f 1109/1109/1109 1096/1096/1096 1103/1103/1103
f 1103/1103/1103 1096/1096/1096 1104/1104/1104
f 1104/1104/1104 1102/1102/1102 1103/1103/1103
f 1103/1103/1103 1102/1102/1102 1110/1110/1110
f 1102/1102/1102 1128/1128/1128 1110/1110/1110
f 1110/1110/1110 1128/1128/1128 1106/1106/1106
f 1094/1094/1094 1101/1101/1101 1109/1109/1109
f 1178/1178/1178 1094/1094/1094 1109/1109/1109
f 1109/1109/1109 1164/1164/1164 1178/1178/1178
f 1103/1103/1103 1164/1164/1164 1109/1109/1109
f 1103/1103/1103 1155/1155/1155 1164/1164/1164
f 1110/1110/1110 1155/1155/1155 1103/1103/1103
f 1110/1110/1110 1106/1106/1106 1155/1155/1155
f 1155/1155/1155 1106/1106/1106 1177/1177/1177
f 1155/1155/1155 1177/1177/1177 1153/1153/1153
f 1177/1177/1177 1210/1210/1210 1153/1153/1153
f 1127/1127/1127 1094/1094/1094 1178/1178/1178
f 1178/1178/1178 1199/1199/1199 1127/1127/1127
f 1178/1178/1178 1189/1189/1189 1199/1199/1199
f 1164/1164/1164 1189/1189/1189 1178/1178/1178
f 1155/1155/1155 1189/1189/1189 1164/1164/1164
f 1153/1153/1153 1189/1189/1189 1155/1155/1155
f 1153/1153/1153 1156/1156/1156 1189/1189/1189
f 1208/1208/1208 1156/1156/1156 1153/1153/1153
f 1210/1210/1210 1208/1208/1208 1153/1153/1153
f 1200/1200/1200 1208/1208/1208 1210/1210/1210
f 1200/1200/1200 1210/1210/1210 1190/1190/1190
f 1190/1190/1190 1210/1210/1210 1209/1209/1209
f 1127/1127/1127 1199/1199/1199 1126/1126/1126
f 1209/1209/1209 1165/1165/1165 1190/1190/1190
f 1190/1190/1190 1165/1165/1165 1179/1179/1179
f 1190/1190/1190 1179/1179/1179 1180/1180/1180
f 1180/1180/1180 1179/1179/1179 1166/1166/1166
f 1180/1180/1180 1166/1166/1166 1206/1206/1206
f 1206/1206/1206 1166/1166/1166 1207/1207/1207
f 1207/1207/1207 1205/1205/1205 1206/1206/1206
f 1206/1206/1206 1205/1205/1205 1171/1171/1171
f 1202/1202/1202 1171/1171/1171 1205/1205/1205
f 1180/1180/1180 1191/1191/1191 1190/1190/1190
f 1191/1191/1191 1180/1180/1180 1171/1171/1171
f 1171/1171/1171 1180/1180/1180 1206/1206/1206
f 1190/1190/1190 1191/1191/1191 1200/1200/1200
f 1191/1191/1191 1201/1201/1201 1200/1200/1200
f 1201/1201/1201 1191/1191/1191 1192/1192/1192
f 1192/1192/1192 1191/1191/1191 1171/1171/1171
f 1192/1192/1192 1171/1171/1171 1202/1202/1202
f 1192/1192/1192 1202/1202/1202 1170/1170/1170
f 1170/1170/1170 1202/1202/1202 1181/1181/1181
f 1167/1167/1167 1170/1170/1170 1181/1181/1181
f 1168/1168/1168 1170/1170/1170 1167/1167/1167
f 1154/1154/1154 1168/1168/1168 1167/1167/1167
f 1200/1200/1200 1201/1201/1201 1208/1208/1208
f 1201/1201/1201 1168/1168/1168 1208/1208/1208
f 1168/1168/1168 1201/1201/1201 1170/1170/1170
f 1170/1170/1170 1201/1201/1201 1192/1192/1192
f 1208/1208/1208 1168/1168/1168 1156/1156/1156
f 1156/1156/1156 1168/1168/1168 1154/1154/1154
f 1199/1199/1199 1156/1156/1156 1154/1154/1154
f 1189/1189/1189 1156/1156/1156 1199/1199/1199
f 2075/2075/2075 2087/2087/2087 2095/2095/2095
f 2073/2073/2073 2087/2087/2087 2075/2075/2075
f 2075/2075/2075 2056/2056/2056 2073/2073/2073
f 2073/2073/2073 2056/2056/2056 2054/2054/2054
f 2056/2056/2056 2011/2011/2011 2054/2054/2054
f 2055/2055/2055 2011/2011/2011 2056/2056/2056
f 2055/2055/2055 1998/1998/1998 2011/2011/2011
f 2000/2000/2000 1998/1998/1998 2055/2055/2055
f 2073/2073/2073 2102/2102/2102 2087/2087/2087
f 2074/2074/2074 2102/2102/2102 2073/2073/2073
f 2073/2073/2073 2036/2036/2036 2074/2074/2074
f 2054/2054/2054 2036/2036/2036 2073/2073/2073
f 2054/2054/2054 2011/2011/2011 2036/2036/2036
f 2036/2036/2036 2011/2011/2011 2010/2010/2010
f 2011/2011/2011 1998/1998/1998 2010/2010/2010
f 2074/2074/2074 2091/2091/2091 2102/2102/2102
f 2074/2074/2074 2036/2036/2036 2091/2091/2091
f 2000/2000/2000 2042/2042/2042 1998/1998/1998
f 1998/1998/1998 2042/2042/2042 2047/2047/2047
f 2042/2042/2042 2025/2025/2025 2047/2047/2047
f 2047/2047/2047 2025/2025/2025 2035/2035/2035
f 2025/2025/2025 2020/2020/2020 2035/2035/2035
f 2020/2020/2020 2025/2025/2025 2034/2034/2034
f 2034/2034/2034 1182/1182/1182 2020/2020/2020
f 2020/2020/2020 1182/1182/1182 1193/1193/1193
f 2020/2020/2020 1193/1193/1193 1161/1161/1161
f 1161/1161/1161 1193/1193/1193 1150/1150/1150
f 1160/1160/1160 1161/1161/1161 1150/1150/1150
f 2035/2035/2035 2020/2020/2020 1161/1161/1161
f 1149/1149/1149 2035/2035/2035 1161/1161/1161
f 1161/1161/1161 1174/1174/1174 1149/1149/1149
f 1174/1174/1174 1161/1161/1161 1160/1160/1160
f 2061/2061/2061 1174/1174/1174 1160/1160/1160
f 2052/2052/2052 1174/1174/1174 2061/2061/2061
f 2021/2021/2021 2052/2052/2052 2061/2061/2061
f 2019/2019/2019 2052/2052/2052 2021/2021/2021
f 2019/2019/2019 2021/2021/2021 1147/1147/1147
f 1147/1147/1147 2021/2021/2021 2048/2048/2048
f 1149/1149/1149 1174/1174/1174 2050/2050/2050
f 2052/2052/2052 2050/2050/2050 1174/1174/1174
f 2044/2044/2044 2050/2050/2050 2052/2052/2052
f 2044/2044/2044 2052/2052/2052 1146/1146/1146
f 1146/1146/1146 2052/2052/2052 2019/2019/2019
f 2170/2170/2170 2164/2164/2164 2151/2151/2151
f 2166/2166/2166 2164/2164/2164 2170/2170/2170
f 2259/2259/2259 2166/2166/2166 2170/2170/2170
f 2268/2268/2268 2166/2166/2166 2259/2259/2259
f 2278/2278/2278 2268/2268/2268 2259/2259/2259
f 2260/2260/2260 2268/2268/2268 2278/2278/2278
f 2260/2260/2260 2278/2278/2278 2262/2262/2262
f 2262/2262/2262 2278/2278/2278 2269/2269/2269
f 2164/2164/2164 2166/2166/2166 2168/2168/2168
f 2168/2168/2168 2166/2166/2166 2167/2167/2167
f 2166/2166/2166 2268/2268/2268 2167/2167/2167
f 2167/2167/2167 2268/2268/2268 2285/2285/2285
f 2268/2268/2268 2260/2260/2260 2285/2285/2285
f 2285/2285/2285 2260/2260/2260 2287/2287/2287
f 2260/2260/2260 2262/2262/2262 2287/2287/2287
f 2287/2287/2287 2262/2262/2262 2297/2297/2297
f 2287/2287/2287 2297/2297/2297 2286/2286/2286
f 2286/2286/2286 2297/2297/2297 2296/2296/2296
f 2168/2168/2168 2167/2167/2167 2140/2140/2140
f 2140/2140/2140 2167/2167/2167 2169/2169/2169
f 2167/2167/2167 2289/2289/2289 2169/2169/2169
f 2285/2285/2285 2289/2289/2289 2167/2167/2167
f 2285/2285/2285 2287/2287/2287 2289/2289/2289
f 2289/2289/2289 2287/2287/2287 2286/2286/2286
f 2333/2333/2333 2289/2289/2289 2286/2286/2286
f 2333/2333/2333 2286/2286/2286 2328/2328/2328
f 2328/2328/2328 2286/2286/2286 2296/2296/2296
f 2328/2328/2328 2296/2296/2296 2345/2345/2345
f 2345/2345/2345 2296/2296/2296 2331/2331/2331
f 2501/2501/2501 2345/2345/2345 2331/2331/2331
f 2140/2140/2140 2169/2169/2169 2142/2142/2142
f 2142/2142/2142 2169/2169/2169 2152/2152/2152
f 2169/2169/2169 2289/2289/2289 2152/2152/2152
f 2152/2152/2152 2289/2289/2289 2288/2288/2288
f 2288/2288/2288 2289/2289/2289 2333/2333/2333
f 2333/2333/2333 2334/2334/2334 2288/2288/2288
f 2334/2334/2334 2333/2333/2333 2332/2332/2332
f 2332/2332/2332 2333/2333/2333 2328/2328/2328
f 2328/2328/2328 2345/2345/2345 2332/2332/2332
f 2137/2137/2137 2140/2140/2140 2142/2142/2142
f 2142/2142/2142 2138/2138/2138 2137/2137/2137
f 2142/2142/2142 2152/2152/2152 2138/2138/2138
f 2138/2138/2138 2152/2152/2152 2334/2334/2334
f 2334/2334/2334 2152/2152/2152 2288/2288/2288
f 2139/2139/2139 2140/2140/2140 2137/2137/2137
f 2137/2137/2137 2138/2138/2138 2121/2121/2121
f 2138/2138/2138 1887/1887/1887 2121/2121/2121
f 2334/2334/2334 1887/1887/1887 2138/2138/2138
f 2332/2332/2332 1887/1887/1887 2334/2334/2334
f 2327/2327/2327 1887/1887/1887 2332/2332/2332
f 2332/2332/2332 2345/2345/2345 2327/2327/2327
f 2270/2270/2270 2327/2327/2327 2345/2345/2345
f 2270/2270/2270 2345/2345/2345 2501/2501/2501
f 2501/2501/2501 2307/2307/2307 2270/2270/2270
f 2327/2327/2327 2763/2763/2763 1887/1887/1887
f 2271/2271/2271 2763/2763/2763 2327/2327/2327
f 2271/2271/2271 2327/2327/2327 2270/2270/2270
f 2406/2406/2406 2271/2271/2271 2270/2270/2270
f 2270/2270/2270 2307/2307/2307 2406/2406/2406
f 2489/2489/2489 2406/2406/2406 2307/2307/2307
f 2305/2305/2305 2489/2489/2489 2307/2307/2307
f 2488/2488/2488 2489/2489/2489 2305/2305/2305
f 2475/2475/2475 2489/2489/2489 2488/2488/2488
f 1887/1887/1887 2763/2763/2763 1886/1886/1886
f 1886/1886/1886 2763/2763/2763 2975/2975/2975
f 2763/2763/2763 2907/2907/2907 2975/2975/2975
f 1989/1989/1989 2907/2907/2907 2763/2763/2763
f 1989/1989/1989 2763/2763/2763 2408/2408/2408
f 2408/2408/2408 2763/2763/2763 2271/2271/2271
f 2408/2408/2408 2271/2271/2271 2406/2406/2406
f 2975/2975/2975 2979/2979/2979 1886/1886/1886
f 2979/2979/2979 2975/2975/2975 2894/2894/2894
f 2894/2894/2894 2975/2975/2975 2907/2907/2907
f 2912/2912/2912 2894/2894/2894 2907/2907/2907
f 2907/2907/2907 2906/2906/2906 2912/2912/2912
f 1989/1989/1989 2906/2906/2906 2907/2907/2907
f 1989/1989/1989 2408/2408/2408 2906/2906/2906
f 2906/2906/2906 2408/2408/2408 2404/2404/2404
f 2408/2408/2408 2406/2406/2406 2404/2404/2404
f 2404/2404/2404 2406/2406/2406 2402/2402/2402
f 2402/2402/2402 2406/2406/2406 2489/2489/2489
f 1886/1886/1886 2979/2979/2979 2771/2771/2771
f 2979/2979/2979 2983/2983/2983 2771/2771/2771
f 2983/2983/2983 2979/2979/2979 2970/2970/2970
f 2970/2970/2970 2979/2979/2979 2894/2894/2894
f 2970/2970/2970 2894/2894/2894 3009/3009/3009
f 3009/3009/3009 2894/2894/2894 2914/2914/2914
f 2914/2914/2914 2894/2894/2894 2912/2912/2912
f 2912/2912/2912 2932/2932/2932 2914/2914/2914
f 2912/2912/2912 2908/2908/2908 2932/2932/2932
f 2906/2906/2906 2908/2908/2908 2912/2912/2912
f 2771/2771/2771 2983/2983/2983 2764/2764/2764
f 2404/2404/2404 2908/2908/2908 2906/2906/2906
f 2407/2407/2407 2908/2908/2908 2404/2404/2404
f 2402/2402/2402 2407/2407/2407 2404/2404/2404
f 2409/2409/2409 2407/2407/2407 2402/2402/2402
f 2402/2402/2402 2489/2489/2489 2409/2409/2409
f 2409/2409/2409 2489/2489/2489 2510/2510/2510
f 2510/2510/2510 2489/2489/2489 2475/2475/2475
f 2423/2423/2423 2908/2908/2908 2407/2407/2407
f 2409/2409/2409 2423/2423/2423 2407/2407/2407
f 2414/2414/2414 2423/2423/2423 2409/2409/2409
f 2409/2409/2409 2417/2417/2417 2414/2414/2414
f 2510/2510/2510 2417/2417/2417 2409/2409/2409
f 2510/2510/2510 2470/2470/2470 2417/2417/2417
f 2475/2475/2475 2470/2470/2470 2510/2510/2510
f 2476/2476/2476 2470/2470/2470 2475/2475/2475
f 2474/2474/2474 2470/2470/2470 2476/2476/2476
f 2952/2952/2952 2908/2908/2908 2423/2423/2423
f 2423/2423/2423 2422/2422/2422 2952/2952/2952
f 2423/2423/2423 2414/2414/2414 2422/2422/2422
f 2422/2422/2422 2414/2414/2414 2415/2415/2415
f 2414/2414/2414 2416/2416/2416 2415/2415/2415
f 2417/2417/2417 2416/2416/2416 2414/2414/2414
f 2417/2417/2417 2477/2477/2477 2416/2416/2416
f 2417/2417/2417 2470/2470/2470 2477/2477/2477
f 2470/2470/2470 2378/2378/2378 2477/2477/2477
f 2378/2378/2378 2470/2470/2470 2474/2474/2474
f 2378/2378/2378 2474/2474/2474 2376/2376/2376
f 2952/2952/2952 2960/2960/2960 2908/2908/2908
f 2960/2960/2960 2952/2952/2952 2943/2943/2943
f 2943/2943/2943 2952/2952/2952 2964/2964/2964
f 2952/2952/2952 2422/2422/2422 2964/2964/2964
f 2908/2908/2908 2960/2960/2960 2932/2932/2932
f 2932/2932/2932 2960/2960/2960 2917/2917/2917
f 2917/2917/2917 2960/2960/2960 2956/2956/2956
f 2943/2943/2943 2956/2956/2956 2960/2960/2960
f 2935/2935/2935 2956/2956/2956 2943/2943/2943
f 2934/2934/2934 2956/2956/2956 2935/2935/2935
f 2933/2933/2933 2956/2956/2956 2934/2934/2934
f 2934/2934/2934 3021/3021/3021 2933/2933/2933
f 3011/3011/3011 3021/3021/3021 2934/2934/2934
f 2914/2914/2914 2932/2932/2932 2917/2917/2917
f 2917/2917/2917 3009/3009/3009 2914/2914/2914
f 2989/2989/2989 3009/3009/3009 2917/2917/2917
f 2989/2989/2989 2917/2917/2917 2933/2933/2933
f 2933/2933/2933 2917/2917/2917 2956/2956/2956
f 2989/2989/2989 2987/2987/2987 3009/3009/3009
f 2988/2988/2988 2987/2987/2987 2989/2989/2989
f 2989/2989/2989 2933/2933/2933 2988/2988/2988
f 2988/2988/2988 2933/2933/2933 3021/3021/3021
f 2988/2988/2988 3021/3021/3021 2991/2991/2991
f 2991/2991/2991 3021/3021/3021 3013/3013/3013
f 3021/3021/3021 3011/3011/3011 3013/3013/3013
f 3013/3013/3013 3011/3011/3011 3016/3016/3016
f 3016/3016/3016 2920/2920/2920 3013/3013/3013
f 3009/3009/3009 2987/2987/2987 2984/2984/2984
f 2968/2968/2968 3009/3009/3009 2984/2984/2984
f 2970/2970/2970 3009/3009/3009 2968/2968/2968
f 2986/2986/2986 2987/2987/2987 2988/2988/2988
f 2988/2988/2988 2990/2990/2990 2986/2986/2986
f 2991/2991/2991 2990/2990/2990 2988/2988/2988
f 2990/2990/2990 2991/2991/2991 3014/3014/3014
f 3014/3014/3014 2991/2991/2991 2936/2936/2936
f 2936/2936/2936 2991/2991/2991 3013/3013/3013
f 3013/3013/3013 2920/2920/2920 2936/2936/2936
f 2920/2920/2920 2955/2955/2955 2936/2936/2936
f 2959/2959/2959 2955/2955/2955 2920/2920/2920
f 2959/2959/2959 2922/2922/2922 2955/2955/2955
f 2923/2923/2923 2922/2922/2922 2959/2959/2959
f 2518/2518/2518 2922/2922/2922 2923/2923/2923
f 2936/2936/2936 2955/2955/2955 3014/3014/3014
f 3014/3014/3014 2955/2955/2955 2961/2961/2961
f 2955/2955/2955 3015/3015/3015 2961/2961/2961
f 2922/2922/2922 3015/3015/3015 2955/2955/2955
f 2490/2490/2490 3015/3015/3015 2922/2922/2922
f 2490/2490/2490 2922/2922/2922 2518/2518/2518
f 2405/2405/2405 2490/2490/2490 2518/2518/2518
f 2403/2403/2403 2490/2490/2490 2405/2405/2405
f 2405/2405/2405 2387/2387/2387 2403/2403/2403
f 2389/2389/2389 2387/2387/2387 2405/2405/2405
f 2389/2389/2389 2472/2472/2472 2387/2387/2387
f 2367/2367/2367 3015/3015/3015 2490/2490/2490
f 2490/2490/2490 2376/2376/2376 2367/2367/2367
f 2403/2403/2403 2376/2376/2376 2490/2490/2490
f 2403/2403/2403 2378/2378/2378 2376/2376/2376
f 2387/2387/2387 2378/2378/2378 2403/2403/2403
f 2477/2477/2477 2378/2378/2378 2387/2387/2387
f 2387/2387/2387 2472/2472/2472 2477/2477/2477
f 2416/2416/2416 2477/2477/2477 2472/2472/2472
f 2162/2162/2162 2163/2163/2163 2165/2165/2165
f 2120/2120/2120 2163/2163/2163 2162/2162/2162
f 2120/2120/2120 2159/2159/2159 2163/2163/2163
f 2178/2178/2178 2159/2159/2159 2120/2120/2120
f 2176/2176/2176 2178/2178/2178 2120/2120/2120
f 2176/2176/2176 2120/2120/2120 2117/2117/2117
f 2117/2117/2117 2118/2118/2118 2176/2176/2176
f 2176/2176/2176 2118/2118/2118 2136/2136/2136
f 2136/2136/2136 2186/2186/2186 2176/2176/2176
f 2185/2185/2185 2186/2186/2186 2136/2136/2136
f 2159/2159/2159 2178/2178/2178 2130/2130/2130
f 2130/2130/2130 2178/2178/2178 2175/2175/2175
f 2178/2178/2178 2176/2176/2176 2175/2175/2175
f 2175/2175/2175 2176/2176/2176 2186/2186/2186
f 2175/2175/2175 2186/2186/2186 2150/2150/2150
f 2150/2150/2150 2186/2186/2186 2174/2174/2174
f 2174/2174/2174 2186/2186/2186 2185/2185/2185
f 2185/2185/2185 2153/2153/2153 2174/2174/2174
f 2156/2156/2156 2153/2153/2153 2185/2185/2185
f 1889/1889/1889 2153/2153/2153 2156/2156/2156
f 2175/2175/2175 2150/2150/2150 2130/2130/2130
f 2160/2160/2160 2130/2130/2130 2150/2150/2150
f 2150/2150/2150 2173/2173/2173 2160/2160/2160
f 2174/2174/2174 2173/2173/2173 2150/2150/2150
f 2174/2174/2174 2171/2171/2171 2173/2173/2173
f 2171/2171/2171 2174/2174/2174 2153/2153/2153
f 2153/2153/2153 2155/2155/2155 2171/2171/2171
f 2154/2154/2154 2155/2155/2155 2153/2153/2153
f 2154/2154/2154 2153/2153/2153 1889/1889/1889
f 2160/2160/2160 2195/2195/2195 2130/2130/2130
f 2160/2160/2160 2177/2177/2177 2195/2195/2195
f 2177/2177/2177 2160/2160/2160 2145/2145/2145
f 2145/2145/2145 2160/2160/2160 2173/2173/2173
f 2171/2171/2171 2145/2145/2145 2173/2173/2173
f 2172/2172/2172 2145/2145/2145 2171/2171/2171
f 2155/2155/2155 2172/2172/2172 2171/2171/2171
f 2261/2261/2261 2172/2172/2172 2155/2155/2155
f 2155/2155/2155 2369/2369/2369 2261/2261/2261
f 2154/2154/2154 2369/2369/2369 2155/2155/2155
f 1889/1889/1889 2369/2369/2369 2154/2154/2154
f 2130/2130/2130 2195/2195/2195 2149/2149/2149
f 2177/2177/2177 2149/2149/2149 2195/2195/2195
f 2145/2145/2145 2149/2149/2149 2177/2177/2177
f 2145/2145/2145 2144/2144/2144 2149/2149/2149
f 2145/2145/2145 2172/2172/2172 2144/2144/2144
f 2188/2188/2188 2144/2144/2144 2172/2172/2172
f 2172/2172/2172 2261/2261/2261 2188/2188/2188
f 2188/2188/2188 2261/2261/2261 2325/2325/2325
f 2369/2369/2369 2325/2325/2325 2261/2261/2261
f 2368/2368/2368 2325/2325/2325 2369/2369/2369
f 2369/2369/2369 2382/2382/2382 2368/2368/2368
f 2374/2374/2374 2382/2382/2382 2369/2369/2369
f 2369/2369/2369 1889/1889/1889 2374/2374/2374
f 2187/2187/2187 2144/2144/2144 2188/2188/2188
f 2188/2188/2188 2511/2511/2511 2187/2187/2187
f 2188/2188/2188 2323/2323/2323 2511/2511/2511
f 2325/2325/2325 2323/2323/2323 2188/2188/2188
f 2323/2323/2323 2325/2325/2325 2502/2502/2502
f 2502/2502/2502 2325/2325/2325 2329/2329/2329
f 2329/2329/2329 2325/2325/2325 2368/2368/2368
f 2375/2375/2375 2329/2329/2329 2368/2368/2368
f 2382/2382/2382 2375/2375/2375 2368/2368/2368
f 2158/2158/2158 2144/2144/2144 2187/2187/2187
f 2511/2511/2511 2323/2323/2323 2502/2502/2502
f 2502/2502/2502 2330/2330/2330 2511/2511/2511
f 2329/2329/2329 2330/2330/2330 2502/2502/2502
f 2330/2330/2330 2329/2329/2329 2301/2301/2301
f 2329/2329/2329 2375/2375/2375 2301/2301/2301
f 2344/2344/2344 2301/2301/2301 2375/2375/2375
f 2373/2373/2373 2344/2344/2344 2375/2375/2375
f 2373/2373/2373 2375/2375/2375 2382/2382/2382
f 2671/2671/2671 2373/2373/2373 2382/2382/2382
f 2382/2382/2382 2374/2374/2374 2671/2671/2671
f 2344/2344/2344 2330/2330/2330 2301/2301/2301
f 2299/2299/2299 2330/2330/2330 2344/2344/2344
f 2503/2503/2503 2299/2299/2299 2344/2344/2344
f 2344/2344/2344 2324/2324/2324 2503/2503/2503
f 2324/2324/2324 2344/2344/2344 2373/2373/2373
f 2373/2373/2373 2309/2309/2309 2324/2324/2324
f 2309/2309/2309 2373/2373/2373 2306/2306/2306
f 2306/2306/2306 2373/2373/2373 2746/2746/2746
f 2746/2746/2746 2373/2373/2373 2671/2671/2671
f 2298/2298/2298 2299/2299/2299 2503/2503/2503
f 2346/2346/2346 2298/2298/2298 2503/2503/2503
f 2346/2346/2346 2503/2503/2503 2272/2272/2272
f 2272/2272/2272 2503/2503/2503 2302/2302/2302
f 2503/2503/2503 2498/2498/2498 2302/2302/2302
f 2503/2503/2503 2324/2324/2324 2498/2498/2498
f 2324/2324/2324 2309/2309/2309 2498/2498/2498
f 2498/2498/2498 2309/2309/2309 2303/2303/2303
f 2303/2303/2303 2309/2309/2309 2306/2306/2306
f 2303/2303/2303 2306/2306/2306 2308/2308/2308
f 2306/2306/2306 2746/2746/2746 2308/2308/2308
f 2295/2295/2295 2298/2298/2298 2346/2346/2346
f 2303/2303/2303 2302/2302/2302 2498/2498/2498
f 2308/2308/2308 2302/2302/2302 2303/2303/2303
f 2390/2390/2390 2302/2302/2302 2308/2308/2308
f 2390/2390/2390 2308/2308/2308 2391/2391/2391
f 2391/2391/2391 2308/2308/2308 2453/2453/2453
f 2453/2453/2453 2308/2308/2308 2721/2721/2721
f 2308/2308/2308 2746/2746/2746 2721/2721/2721
f 2721/2721/2721 2746/2746/2746 2745/2745/2745
f 2671/2671/2671 2745/2745/2745 2746/2746/2746
f 2390/2390/2390 2272/2272/2272 2302/2302/2302
f 2304/2304/2304 2272/2272/2272 2390/2390/2390
f 2388/2388/2388 2304/2304/2304 2390/2390/2390
f 2391/2391/2391 2388/2388/2388 2390/2390/2390
f 2395/2395/2395 2388/2388/2388 2391/2391/2391
f 2391/2391/2391 2465/2465/2465 2395/2395/2395
f 2453/2453/2453 2465/2465/2465 2391/2391/2391
f 2658/2658/2658 2465/2465/2465 2453/2453/2453
f 2721/2721/2721 2658/2658/2658 2453/2453/2453
f 2651/2651/2651 2658/2658/2658 2721/2721/2721
f 2650/2650/2650 2651/2651/2651 2721/2721/2721
f 2745/2745/2745 2650/2650/2650 2721/2721/2721
f 2310/2310/2310 2304/2304/2304 2388/2388/2388
f 2310/2310/2310 2388/2388/2388 2146/2146/2146
f 2427/2427/2427 2146/2146/2146 2388/2388/2388
f 2388/2388/2388 2395/2395/2395 2427/2427/2427
f 2427/2427/2427 2395/2395/2395 2493/2493/2493
f 2493/2493/2493 2395/2395/2395 2496/2496/2496
f 2395/2395/2395 2465/2465/2465 2496/2496/2496
f 2496/2496/2496 2465/2465/2465 2466/2466/2466
f 2659/2659/2659 2466/2466/2466 2465/2465/2465
f 2659/2659/2659 2465/2465/2465 2658/2658/2658
f 2426/2426/2426 2146/2146/2146 2427/2427/2427
f 2427/2427/2427 2493/2493/2493 2426/2426/2426
f 2426/2426/2426 2493/2493/2493 2362/2362/2362
f 2432/2432/2432 2362/2362/2362 2493/2493/2493
f 2493/2493/2493 2497/2497/2497 2432/2432/2432
f 2496/2496/2496 2497/2497/2497 2493/2493/2493
f 2426/2426/2426 2362/2362/2362 2146/2146/2146
f 2146/2146/2146 2362/2362/2362 2135/2135/2135
f 2362/2362/2362 2143/2143/2143 2135/2135/2135
f 2432/2432/2432 2143/2143/2143 2362/2362/2362
f 2432/2432/2432 2148/2148/2148 2143/2143/2143
f 2497/2497/2497 2148/2148/2148 2432/2432/2432
f 2497/2497/2497 2157/2157/2157 2148/2148/2148
f 2509/2509/2509 2157/2157/2157 2497/2497/2497
f 2496/2496/2496 2509/2509/2509 2497/2497/2497
f 2133/2133/2133 2146/2146/2146 2135/2135/2135
f 2135/2135/2135 2132/2132/2132 2133/2133/2133
f 2143/2143/2143 2132/2132/2132 2135/2135/2135
f 2132/2132/2132 2143/2143/2143 2148/2148/2148
f 2148/2148/2148 2157/2157/2157 2132/2132/2132
f 2132/2132/2132 2157/2157/2157 2473/2473/2473
f 2157/2157/2157 2506/2506/2506 2473/2473/2473
f 2509/2509/2509 2506/2506/2506 2157/2157/2157
f 2506/2506/2506 2509/2509/2509 2496/2496/2496
f 2496/2496/2496 2515/2515/2515 2506/2506/2506
f 2466/2466/2466 2515/2515/2515 2496/2496/2496
f 2353/2353/2353 2515/2515/2515 2466/2466/2466
f 2660/2660/2660 2353/2353/2353 2466/2466/2466
f 2660/2660/2660 2466/2466/2466 2659/2659/2659
f 2473/2473/2473 2506/2506/2506 2517/2517/2517
f 2506/2506/2506 2515/2515/2515 2517/2517/2517
f 2515/2515/2515 2353/2353/2353 2517/2517/2517
f 2517/2517/2517 2353/2353/2353 2471/2471/2471
f 2471/2471/2471 2353/2353/2353 2357/2357/2357
f 2357/2357/2357 2353/2353/2353 2660/2660/2660
f 2662/2662/2662 2357/2357/2357 2660/2660/2660
f 2659/2659/2659 2662/2662/2662 2660/2660/2660
f 2698/2698/2698 2662/2662/2662 2659/2659/2659
f 2659/2659/2659 2657/2657/2657 2698/2698/2698
f 2658/2658/2658 2657/2657/2657 2659/2659/2659
f 2658/2658/2658 2656/2656/2656 2657/2657/2657
f 2651/2651/2651 2656/2656/2656 2658/2658/2658
f 2357/2357/2357 2377/2377/2377 2471/2471/2471
f 2363/2363/2363 2377/2377/2377 2357/2357/2357
f 2363/2363/2363 2357/2357/2357 2662/2662/2662
f 2661/2661/2661 2363/2363/2363 2662/2662/2662
f 2662/2662/2662 2663/2663/2663 2661/2661/2661
f 2698/2698/2698 2663/2663/2663 2662/2662/2662
f 2698/2698/2698 2670/2670/2670 2663/2663/2663
f 2725/2725/2725 2670/2670/2670 2698/2698/2698
f 2698/2698/2698 2657/2657/2657 2725/2725/2725
f 2656/2656/2656 2725/2725/2725 2657/2657/2657
f 2352/2352/2352 2377/2377/2377 2363/2363/2363
f 2363/2363/2363 2360/2360/2360 2352/2352/2352
f 2360/2360/2360 2363/2363/2363 2661/2661/2661
f 2452/2452/2452 2360/2360/2360 2661/2661/2661
f 2663/2663/2663 2452/2452/2452 2661/2661/2661
f 2667/2667/2667 2452/2452/2452 2663/2663/2663
f 2670/2670/2670 2667/2667/2667 2663/2663/2663
f 2425/2425/2425 2377/2377/2377 2352/2352/2352
f 2425/2425/2425 2352/2352/2352 2494/2494/2494
f 2494/2494/2494 2352/2352/2352 2458/2458/2458
f 2458/2458/2458 2352/2352/2352 2360/2360/2360
f 2360/2360/2360 2459/2459/2459 2458/2458/2458
f 2459/2459/2459 2360/2360/2360 2452/2452/2452
f 2230/2230/2230 2459/2459/2459 2452/2452/2452
f 2452/2452/2452 2667/2667/2667 2230/2230/2230
f 2230/2230/2230 2667/2667/2667 2280/2280/2280
f 2667/2667/2667 2712/2712/2712 2280/2280/2280
f 2712/2712/2712 2667/2667/2667 2670/2670/2670
f 2495/2495/2495 2425/2425/2425 2494/2494/2494
f 2495/2495/2495 2494/2494/2494 2349/2349/2349
f 2458/2458/2458 2349/2349/2349 2494/2494/2494
f 2463/2463/2463 2349/2349/2349 2458/2458/2458
f 2458/2458/2458 2455/2455/2455 2463/2463/2463
f 2458/2458/2458 2459/2459/2459 2455/2455/2455
f 2459/2459/2459 2355/2355/2355 2455/2455/2455
f 2355/2355/2355 2459/2459/2459 2230/2230/2230
f 2230/2230/2230 2280/2280/2280 2355/2355/2355
f 2937/2937/2937 2425/2425/2425 2495/2495/2495
f 2937/2937/2937 2495/2495/2495 2966/2966/2966
f 2495/2495/2495 2924/2924/2924 2966/2966/2966
f 2349/2349/2349 2924/2924/2924 2495/2495/2495
f 2924/2924/2924 2349/2349/2349 2350/2350/2350
f 2349/2349/2349 2463/2463/2463 2350/2350/2350
f 2350/2350/2350 2463/2463/2463 2457/2457/2457
f 2457/2457/2457 2463/2463/2463 2467/2467/2467
f 2463/2463/2463 2455/2455/2455 2467/2467/2467
f 2455/2455/2455 2224/2224/2224 2467/2467/2467
f 2455/2455/2455 2355/2355/2355 2224/2224/2224
f 2930/2930/2930 2937/2937/2937 2966/2966/2966
f 2966/2966/2966 2924/2924/2924 2930/2930/2930
f 2930/2930/2930 2924/2924/2924 2904/2904/2904
f 2904/2904/2904 2924/2924/2924 2901/2901/2901
f 2903/2903/2903 2901/2901/2901 2924/2924/2924
f 2350/2350/2350 2903/2903/2903 2924/2924/2924
f 2350/2350/2350 2457/2457/2457 2903/2903/2903
f 2930/2930/2930 2965/2965/2965 2937/2937/2937
f 2929/2929/2929 2965/2965/2965 2930/2930/2930
f 2929/2929/2929 2930/2930/2930 2904/2904/2904
f 2929/2929/2929 2904/2904/2904 2949/2949/2949
f 2949/2949/2949 2904/2904/2904 2947/2947/2947
f 2904/2904/2904 2901/2901/2901 2947/2947/2947
f 2947/2947/2947 2901/2901/2901 2864/2864/2864
f 2901/2901/2901 2903/2903/2903 2864/2864/2864
f 2864/2864/2864 2903/2903/2903 2880/2880/2880
f 2903/2903/2903 2457/2457/2457 2880/2880/2880
f 2927/2927/2927 2965/2965/2965 2929/2929/2929
f 2929/2929/2929 2949/2949/2949 2927/2927/2927
f 2927/2927/2927 2949/2949/2949 2859/2859/2859
f 2859/2859/2859 2949/2949/2949 2861/2861/2861
f 2861/2861/2861 2949/2949/2949 2948/2948/2948
f 2947/2947/2947 2948/2948/2948 2949/2949/2949
f 2896/2896/2896 2948/2948/2948 2947/2947/2947
f 2947/2947/2947 2864/2864/2864 2896/2896/2896
f 2927/2927/2927 2985/2985/2985 2965/2965/2965
f 2925/2925/2925 2985/2985/2985 2927/2927/2927
f 2859/2859/2859 2925/2925/2925 2927/2927/2927
f 2859/2859/2859 3000/3000/3000 2925/2925/2925
f 2859/2859/2859 2945/2945/2945 3000/3000/3000
f 2861/2861/2861 2945/2945/2945 2859/2859/2859
f 2861/2861/2861 2855/2855/2855 2945/2945/2945
f 2876/2876/2876 2855/2855/2855 2861/2861/2861
f 2948/2948/2948 2876/2876/2876 2861/2861/2861
f 2858/2858/2858 2876/2876/2876 2948/2948/2948
f 2948/2948/2948 2896/2896/2896 2858/2858/2858
f 2925/2925/2925 2900/2900/2900 2985/2985/2985
f 2925/2925/2925 3003/3003/3003 2900/2900/2900
f 2925/2925/2925 3000/3000/3000 3003/3003/3003
f 2887/2887/2887 3003/3003/3003 3000/3000/3000
f 3000/3000/3000 2945/2945/2945 2887/2887/2887
f 2887/2887/2887 2945/2945/2945 2868/2868/2868
f 2855/2855/2855 2868/2868/2868 2945/2945/2945
f 2856/2856/2856 2868/2868/2868 2855/2855/2855
f 2876/2876/2876 2856/2856/2856 2855/2855/2855
f 2892/2892/2892 2856/2856/2856 2876/2876/2876
f 2858/2858/2858 2892/2892/2892 2876/2876/2876
f 2985/2985/2985 2900/2900/2900 2982/2982/2982
f 2926/2926/2926 2982/2982/2982 2900/2900/2900
f 2900/2900/2900 3005/3005/3005 2926/2926/2926
f 2900/2900/2900 3003/3003/3003 3005/3005/3005
f 3003/3003/3003 2909/2909/2909 3005/3005/3005
f 2873/2873/2873 2909/2909/2909 3003/3003/3003
f 2873/2873/2873 3003/3003/3003 2887/2887/2887
f 3006/3006/3006 2873/2873/2873 2887/2887/2887
f 2887/2887/2887 2868/2868/2868 3006/3006/3006
f 3006/3006/3006 2868/2868/2868 2870/2870/2870
f 2856/2856/2856 2870/2870/2870 2868/2868/2868
f 3017/3017/3017 2982/2982/2982 2926/2926/2926
f 2926/2926/2926 2941/2941/2941 3017/3017/3017
f 2863/2863/2863 2941/2941/2941 2926/2926/2926
f 2926/2926/2926 3005/3005/3005 2863/2863/2863
f 2909/2909/2909 2863/2863/2863 3005/3005/3005
f 2944/2944/2944 2863/2863/2863 2909/2909/2909
f 2998/2998/2998 2944/2944/2944 2909/2909/2909
f 2909/2909/2909 2872/2872/2872 2998/2998/2998
f 2873/2873/2873 2872/2872/2872 2909/2909/2909
f 2872/2872/2872 2873/2873/2873 2871/2871/2871
f 2871/2871/2871 2873/2873/2873 3006/3006/3006
f 2941/2941/2941 2939/2939/2939 3017/3017/3017
f 2941/2941/2941 2951/2951/2951 2939/2939/2939
f 2951/2951/2951 2941/2941/2941 2863/2863/2863
f 2944/2944/2944 2951/2951/2951 2863/2863/2863
f 2893/2893/2893 2951/2951/2951 2944/2944/2944
f 2893/2893/2893 2944/2944/2944 2890/2890/2890
f 2890/2890/2890 2944/2944/2944 2886/2886/2886
f 2886/2886/2886 2944/2944/2944 2998/2998/2998
f 2939/2939/2939 3010/3010/3010 3017/3017/3017
f 3010/3010/3010 2939/2939/2939 1895/1895/1895
f 1895/1895/1895 2939/2939/2939 2940/2940/2940
f 2939/2939/2939 2951/2951/2951 2940/2940/2940
f 2940/2940/2940 2951/2951/2951 2931/2931/2931
f 2951/2951/2951 2967/2967/2967 2931/2931/2931
f 2893/2893/2893 2967/2967/2967 2951/2951/2951
f 2942/2942/2942 2967/2967/2967 2893/2893/2893
f 2893/2893/2893 3024/3024/3024 2942/2942/2942
f 2893/2893/2893 2890/2890/2890 3024/3024/3024
f 1895/1895/1895 2769/2769/2769 3010/3010/3010
f 1895/1895/1895 1891/1891/1891 2769/2769/2769
f 1895/1895/1895 2931/2931/2931 1891/1891/1891
f 2940/2940/2940 2931/2931/2931 1895/1895/1895
f 2765/2765/2765 2769/2769/2769 1891/1891/1891
f 1891/1891/1891 2928/2928/2928 2765/2765/2765
f 2931/2931/2931 2928/2928/2928 1891/1891/1891
f 2931/2931/2931 2967/2967/2967 2928/2928/2928
f 2950/2950/2950 2928/2928/2928 2967/2967/2967
f 2950/2950/2950 2967/2967/2967 2938/2938/2938
f 2938/2938/2938 2967/2967/2967 2942/2942/2942
f 2938/2938/2938 2942/2942/2942 1990/1990/1990
f 1990/1990/1990 2942/2942/2942 3024/3024/3024
f 2765/2765/2765 1890/1890/1890 2769/2769/2769
f 2765/2765/2765 2950/2950/2950 1890/1890/1890
f 2928/2928/2928 2950/2950/2950 2765/2765/2765
f 2769/2769/2769 1890/1890/1890 2767/2767/2767
f 1990/1990/1990 2767/2767/2767 1890/1890/1890
f 1890/1890/1890 2950/2950/2950 1990/1990/1990
f 1990/1990/1990 2950/2950/2950 2938/2938/2938
f 3024/3024/3024 2973/2973/2973 1990/1990/1990
f 3024/3024/3024 2974/2974/2974 2973/2973/2973
f 3018/3018/3018 2974/2974/2974 3024/3024/3024
f 3024/3024/3024 2890/2890/2890 3018/3018/3018
f 2978/2978/2978 3018/3018/3018 2890/2890/2890
f 2890/2890/2890 2886/2886/2886 2978/2978/2978
f 2978/2978/2978 2886/2886/2886 2866/2866/2866
f 2998/2998/2998 2866/2866/2866 2886/2886/2886
f 2974/2974/2974 3018/3018/3018 2981/2981/2981
f 2981/2981/2981 3018/3018/3018 2972/2972/2972
f 2978/2978/2978 2972/2972/2972 3018/3018/3018
f 2969/2969/2969 2972/2972/2972 2978/2978/2978
f 2976/2976/2976 2969/2969/2969 2978/2978/2978
f 2875/2875/2875 2976/2976/2976 2978/2978/2978
f 2978/2978/2978 2866/2866/2866 2875/2875/2875
f 2848/2848/2848 2981/2981/2981 2972/2972/2972
f 2971/2971/2971 2848/2848/2848 2972/2972/2972
f 2972/2972/2972 2969/2969/2969 2971/2971/2971
f 2980/2980/2980 2971/2971/2971 2969/2969/2969
f 2980/2980/2980 2969/2969/2969 2976/2976/2976
f 2977/2977/2977 2980/2980/2980 2976/2976/2976
f 2977/2977/2977 2976/2976/2976 2875/2875/2875
f 2875/2875/2875 2874/2874/2874 2977/2977/2977
f 2875/2875/2875 2865/2865/2865 2874/2874/2874
f 2875/2875/2875 2866/2866/2866 2865/2865/2865
f 1888/1888/1888 2981/2981/2981 2848/2848/2848
f 2977/2977/2977 2874/2874/2874 2963/2963/2963
f 2963/2963/2963 2874/2874/2874 2962/2962/2962
f 2962/2962/2962 2874/2874/2874 2889/2889/2889
f 2874/2874/2874 2881/2881/2881 2889/2889/2889
f 2874/2874/2874 2865/2865/2865 2881/2881/2881
f 2865/2865/2865 3030/3030/3030 2881/2881/2881
f 3030/3030/3030 2865/2865/2865 2866/2866/2866
f 2866/2866/2866 2995/2995/2995 3030/3030/3030
f 2998/2998/2998 2995/2995/2995 2866/2866/2866
f 2998/2998/2998 2911/2911/2911 2995/2995/2995
f 2872/2872/2872 2911/2911/2911 2998/2998/2998
f 2885/2885/2885 2962/2962/2962 2889/2889/2889
f 2889/2889/2889 2915/2915/2915 2885/2885/2885
f 2889/2889/2889 2867/2867/2867 2915/2915/2915
f 2889/2889/2889 2881/2881/2881 2867/2867/2867
f 2919/2919/2919 2867/2867/2867 2881/2881/2881
f 2881/2881/2881 3030/3030/3030 2919/2919/2919
f 2953/2953/2953 2919/2919/2919 3030/3030/3030
f 3030/3030/3030 2995/2995/2995 2953/2953/2953
f 2995/2995/2995 3019/3019/3019 2953/2953/2953
f 2995/2995/2995 2911/2911/2911 3019/3019/3019
f 1889/1889/1889 2962/2962/2962 2885/2885/2885
f 2885/2885/2885 2374/2374/2374 1889/1889/1889
f 2715/2715/2715 2374/2374/2374 2885/2885/2885
f 2885/2885/2885 2735/2735/2735 2715/2715/2715
f 2883/2883/2883 2735/2735/2735 2885/2885/2885
f 2885/2885/2885 2915/2915/2915 2883/2883/2883
f 2883/2883/2883 2915/2915/2915 3022/3022/3022
f 3022/3022/3022 2915/2915/2915 3023/3023/3023
f 2915/2915/2915 2993/2993/2993 3023/3023/3023
f 2915/2915/2915 2867/2867/2867 2993/2993/2993
f 2671/2671/2671 2374/2374/2374 2715/2715/2715
f 2715/2715/2715 2716/2716/2716 2671/2671/2671
f 2666/2666/2666 2716/2716/2716 2715/2715/2715
f 2715/2715/2715 2735/2735/2735 2666/2666/2666
f 2666/2666/2666 2735/2735/2735 2736/2736/2736
f 2726/2726/2726 2736/2736/2736 2735/2735/2735
f 2726/2726/2726 2735/2735/2735 3022/3022/3022
f 3022/3022/3022 2735/2735/2735 2883/2883/2883
f 2716/2716/2716 2745/2745/2745 2671/2671/2671
f 2716/2716/2716 2650/2650/2650 2745/2745/2745
f 2688/2688/2688 2650/2650/2650 2716/2716/2716
f 2716/2716/2716 2666/2666/2666 2688/2688/2688
f 2688/2688/2688 2666/2666/2666 2649/2649/2649
f 2736/2736/2736 2649/2649/2649 2666/2666/2666
f 2647/2647/2647 2649/2649/2649 2736/2736/2736
f 2647/2647/2647 2736/2736/2736 2726/2726/2726
f 2650/2650/2650 2688/2688/2688 2648/2648/2648
f 2648/2648/2648 2688/2688/2688 2727/2727/2727
f 2688/2688/2688 2649/2649/2649 2727/2727/2727
f 2727/2727/2727 2649/2649/2649 2731/2731/2731
f 2649/2649/2649 2647/2647/2647 2731/2731/2731
f 2731/2731/2731 2647/2647/2647 2691/2691/2691
f 2647/2647/2647 2726/2726/2726 2691/2691/2691
f 2648/2648/2648 2651/2651/2651 2650/2650/2650
f 2648/2648/2648 2652/2652/2652 2651/2651/2651
f 2704/2704/2704 2652/2652/2652 2648/2648/2648
f 2648/2648/2648 2690/2690/2690 2704/2704/2704
f 2727/2727/2727 2690/2690/2690 2648/2648/2648
f 2727/2727/2727 2731/2731/2731 2690/2690/2690
f 2690/2690/2690 2731/2731/2731 2733/2733/2733
f 2731/2731/2731 2705/2705/2705 2733/2733/2733
f 2691/2691/2691 2705/2705/2705 2731/2731/2731
f 2652/2652/2652 2656/2656/2656 2651/2651/2651
f 2724/2724/2724 2656/2656/2656 2652/2652/2652
f 2652/2652/2652 2127/2127/2127 2724/2724/2724
f 2652/2652/2652 2704/2704/2704 2127/2127/2127
f 2127/2127/2127 2704/2704/2704 2141/2141/2141
f 2704/2704/2704 2690/2690/2690 2141/2141/2141
f 2141/2141/2141 2690/2690/2690 2131/2131/2131
f 2690/2690/2690 2733/2733/2733 2131/2131/2131
f 2131/2131/2131 2733/2733/2733 2147/2147/2147
f 2733/2733/2733 2161/2161/2161 2147/2147/2147
f 2705/2705/2705 2161/2161/2161 2733/2733/2733
f 2724/2724/2724 2738/2738/2738 2656/2656/2656
f 2744/2744/2744 2738/2738/2738 2724/2724/2724
f 2724/2724/2724 2126/2126/2126 2744/2744/2744
f 2724/2724/2724 2127/2127/2127 2126/2126/2126
f 2126/2126/2126 2127/2127/2127 2122/2122/2122
f 2122/2122/2122 2127/2127/2127 2119/2119/2119
f 2127/2127/2127 2129/2129/2129 2119/2119/2119
f 2141/2141/2141 2129/2129/2129 2127/2127/2127
f 2738/2738/2738 2725/2725/2725 2656/2656/2656
f 2684/2684/2684 2725/2725/2725 2738/2738/2738
f 2738/2738/2738 2699/2699/2699 2684/2684/2684
f 2744/2744/2744 2699/2699/2699 2738/2738/2738
f 2699/2699/2699 2744/2744/2744 2124/2124/2124
f 2124/2124/2124 2744/2744/2744 2125/2125/2125
f 2744/2744/2744 2126/2126/2126 2125/2125/2125
f 2125/2125/2125 2126/2126/2126 2723/2723/2723
f 2723/2723/2723 2126/2126/2126 2122/2122/2122
f 2655/2655/2655 2725/2725/2725 2684/2684/2684
f 2739/2739/2739 2655/2655/2655 2684/2684/2684
f 2739/2739/2739 2684/2684/2684 2743/2743/2743
f 2743/2743/2743 2684/2684/2684 2699/2699/2699
f 2743/2743/2743 2699/2699/2699 2134/2134/2134
f 2134/2134/2134 2699/2699/2699 2124/2124/2124
f 2124/2124/2124 2123/2123/2123 2134/2134/2134
f 2124/2124/2124 2125/2125/2125 2123/2123/2123
f 2123/2123/2123 2125/2125/2125 2723/2723/2723
f 2655/2655/2655 2670/2670/2670 2725/2725/2725
f 2654/2654/2654 2670/2670/2670 2655/2655/2655
f 2654/2654/2654 2655/2655/2655 2653/2653/2653
f 2653/2653/2653 2655/2655/2655 2683/2683/2683
f 2683/2683/2683 2655/2655/2655 2739/2739/2739
f 2739/2739/2739 2734/2734/2734 2683/2683/2683
f 2739/2739/2739 2732/2732/2732 2734/2734/2734
f 2743/2743/2743 2732/2732/2732 2739/2739/2739
f 2670/2670/2670 2654/2654/2654 2668/2668/2668
f 2668/2668/2668 2654/2654/2654 2737/2737/2737
f 2737/2737/2737 2654/2654/2654 2741/2741/2741
f 2653/2653/2653 2741/2741/2741 2654/2654/2654
f 2740/2740/2740 2741/2741/2741 2653/2653/2653
f 2740/2740/2740 2653/2653/2653 2717/2717/2717
f 2717/2717/2717 2653/2653/2653 2683/2683/2683
f 2717/2717/2717 2683/2683/2683 2728/2728/2728
f 2728/2728/2728 2683/2683/2683 2734/2734/2734
f 2668/2668/2668 2712/2712/2712 2670/2670/2670
f 2669/2669/2669 2712/2712/2712 2668/2668/2668
f 2713/2713/2713 2669/2669/2669 2668/2668/2668
f 2737/2737/2737 2713/2713/2713 2668/2668/2668
f 2730/2730/2730 2713/2713/2713 2737/2737/2737
f 2737/2737/2737 2729/2729/2729 2730/2730/2730
f 2741/2741/2741 2729/2729/2729 2737/2737/2737
f 2740/2740/2740 2729/2729/2729 2741/2741/2741
f 2740/2740/2740 2742/2742/2742 2729/2729/2729
f 2717/2717/2717 2742/2742/2742 2740/2740/2740
f 2669/2669/2669 2356/2356/2356 2712/2712/2712
f 2669/2669/2669 2354/2354/2354 2356/2356/2356
f 2664/2664/2664 2354/2354/2354 2669/2669/2669
f 2664/2664/2664 2669/2669/2669 2713/2713/2713
f 2664/2664/2664 2713/2713/2713 2665/2665/2665
f 2730/2730/2730 2665/2665/2665 2713/2713/2713
f 2718/2718/2718 2665/2665/2665 2730/2730/2730
f 2730/2730/2730 2742/2742/2742 2718/2718/2718
f 2729/2729/2729 2742/2742/2742 2730/2730/2730
f 2712/2712/2712 2356/2356/2356 2227/2227/2227
f 2356/2356/2356 2351/2351/2351 2227/2227/2227
f 2356/2356/2356 2492/2492/2492 2351/2351/2351
f 2354/2354/2354 2492/2492/2492 2356/2356/2356
f 2354/2354/2354 2878/2878/2878 2492/2492/2492
f 2354/2354/2354 2882/2882/2882 2878/2878/2878
f 2664/2664/2664 2882/2882/2882 2354/2354/2354
f 2665/2665/2665 2882/2882/2882 2664/2664/2664
f 2280/2280/2280 2712/2712/2712 2227/2227/2227
f 2280/2280/2280 2227/2227/2227 2361/2361/2361
f 2361/2361/2361 2227/2227/2227 2226/2226/2226
f 2227/2227/2227 2351/2351/2351 2226/2226/2226
f 2351/2351/2351 2279/2279/2279 2226/2226/2226
f 2351/2351/2351 2492/2492/2492 2279/2279/2279
f 2279/2279/2279 2492/2492/2492 2454/2454/2454
f 2492/2492/2492 2899/2899/2899 2454/2454/2454
f 2492/2492/2492 2878/2878/2878 2899/2899/2899
f 2355/2355/2355 2280/2280/2280 2361/2361/2361
f 2355/2355/2355 2361/2361/2361 2224/2224/2224
f 2224/2224/2224 2361/2361/2361 2358/2358/2358
f 2358/2358/2358 2361/2361/2361 2226/2226/2226
f 2226/2226/2226 2279/2279/2279 2358/2358/2358
f 2456/2456/2456 2358/2358/2358 2279/2279/2279
f 2456/2456/2456 2279/2279/2279 2359/2359/2359
f 2359/2359/2359 2279/2279/2279 2454/2454/2454
f 2891/2891/2891 2359/2359/2359 2454/2454/2454
f 2454/2454/2454 2899/2899/2899 2891/2891/2891
f 2891/2891/2891 2899/2899/2899 2862/2862/2862
f 2862/2862/2862 2899/2899/2899 2895/2895/2895
f 2899/2899/2899 2878/2878/2878 2895/2895/2895
f 2224/2224/2224 2358/2358/2358 2456/2456/2456
f 2467/2467/2467 2224/2224/2224 2456/2456/2456
f 2467/2467/2467 2456/2456/2456 2457/2457/2457
f 2457/2457/2457 2456/2456/2456 2359/2359/2359
f 2457/2457/2457 2359/2359/2359 2880/2880/2880
f 2880/2880/2880 2359/2359/2359 2946/2946/2946
f 2946/2946/2946 2359/2359/2359 2891/2891/2891
f 2891/2891/2891 2879/2879/2879 2946/2946/2946
f 2862/2862/2862 2879/2879/2879 2891/2891/2891
f 2857/2857/2857 2879/2879/2879 2862/2862/2862
f 2862/2862/2862 2895/2895/2895 2857/2857/2857
f 2857/2857/2857 2895/2895/2895 2902/2902/2902
f 2895/2895/2895 2898/2898/2898 2902/2902/2902
f 2905/2905/2905 2898/2898/2898 2895/2895/2895
f 2895/2895/2895 2878/2878/2878 2905/2905/2905
f 2878/2878/2878 2882/2882/2882 2905/2905/2905
f 2879/2879/2879 2880/2880/2880 2946/2946/2946
f 2864/2864/2864 2880/2880/2880 2879/2879/2879
f 2860/2860/2860 2864/2864/2864 2879/2879/2879
f 2860/2860/2860 2879/2879/2879 2857/2857/2857
f 2897/2897/2897 2860/2860/2860 2857/2857/2857
f 2857/2857/2857 2877/2877/2877 2897/2897/2897
f 2902/2902/2902 2877/2877/2877 2857/2857/2857
f 2902/2902/2902 2854/2854/2854 2877/2877/2877
f 2898/2898/2898 2854/2854/2854 2902/2902/2902
f 2898/2898/2898 2870/2870/2870 2854/2854/2854
f 2888/2888/2888 2870/2870/2870 2898/2898/2898
f 2905/2905/2905 2888/2888/2888 2898/2898/2898
f 2896/2896/2896 2864/2864/2864 2860/2860/2860
f 2858/2858/2858 2896/2896/2896 2860/2860/2860
f 2858/2858/2858 2860/2860/2860 2897/2897/2897
f 2897/2897/2897 2892/2892/2892 2858/2858/2858
f 2892/2892/2892 2897/2897/2897 2877/2877/2877
f 2877/2877/2877 2854/2854/2854 2892/2892/2892
f 2892/2892/2892 2854/2854/2854 2856/2856/2856
f 2854/2854/2854 2870/2870/2870 2856/2856/2856
f 2134/2134/2134 2123/2123/2123 2115/2115/2115
f 2116/2116/2116 2134/2134/2134 2115/2115/2115
f 2161/2161/2161 2134/2134/2134 2116/2116/2116
f 2128/2128/2128 2161/2161/2161 2116/2116/2116
f 2147/2147/2147 2161/2161/2161 2128/2128/2128
f 2147/2147/2147 2128/2128/2128 2131/2131/2131
f 2131/2131/2131 2128/2128/2128 2753/2753/2753
f 2131/2131/2131 2753/2753/2753 2141/2141/2141
f 2141/2141/2141 2753/2753/2753 2129/2129/2129
f 2705/2705/2705 2134/2134/2134 2161/2161/2161
f 2743/2743/2743 2134/2134/2134 2705/2705/2705
f 2705/2705/2705 2691/2691/2691 2743/2743/2743
f 2743/2743/2743 2691/2691/2691 2732/2732/2732
f 2691/2691/2691 2726/2726/2726 2732/2732/2732
f 2732/2732/2732 2726/2726/2726 2734/2734/2734
f 2734/2734/2734 2726/2726/2726 2728/2728/2728
f 2726/2726/2726 3050/3050/3050 2728/2728/2728
f 3022/3022/3022 3050/3050/3050 2726/2726/2726
f 3022/3022/3022 3023/3023/3023 3050/3050/3050
f 3051/3051/3051 2728/2728/2728 3050/3050/3050
f 3050/3050/3050 3049/3049/3049 3051/3051/3051
f 3050/3050/3050 3023/3023/3023 3049/3049/3049
f 3023/3023/3023 3026/3026/3026 3049/3049/3049
f 3028/3028/3028 3026/3026/3026 3023/3023/3023
f 3023/3023/3023 2992/2992/2992 3028/3028/3028
f 2921/2921/2921 2992/2992/2992 3023/3023/3023
f 3023/3023/3023 2993/2993/2993 2921/2921/2921
f 2717/2717/2717 2728/2728/2728 3051/3051/3051
f 3051/3051/3051 3057/3057/3057 2717/2717/2717
f 3056/3056/3056 3057/3057/3057 3051/3051/3051
f 3051/3051/3051 3049/3049/3049 3056/3056/3056
f 3056/3056/3056 3049/3049/3049 2916/2916/2916
f 2916/2916/2916 3049/3049/3049 3026/3026/3026
f 3026/3026/3026 3027/3027/3027 2916/2916/2916
f 3028/3028/3028 3027/3027/3027 3026/3026/3026
f 3029/3029/3029 3027/3027/3027 3028/3028/3028
f 3028/3028/3028 2992/2992/2992 3029/3029/3029
f 2717/2717/2717 3057/3057/3057 2742/2742/2742
f 3057/3057/3057 3062/3062/3062 2742/2742/2742
f 3062/3062/3062 3057/3057/3057 3060/3060/3060
f 3060/3060/3060 3057/3057/3057 3056/3056/3056
f 3249/3249/3249 3060/3060/3060 3056/3056/3056
f 3056/3056/3056 2997/2997/2997 3249/3249/3249
f 2916/2916/2916 2997/2997/2997 3056/3056/3056
f 3004/3004/3004 2997/2997/2997 2916/2916/2916
f 2916/2916/2916 3027/3027/3027 3004/3004/3004
f 3004/3004/3004 3027/3027/3027 2999/2999/2999
f 3029/3029/3029 2999/2999/2999 3027/3027/3027
f 3062/3062/3062 2718/2718/2718 2742/2742/2742
f 3250/3250/3250 2718/2718/2718 3062/3062/3062
f 3062/3062/3062 3061/3061/3061 3250/3250/3250
f 3060/3060/3060 3061/3061/3061 3062/3062/3062
f 3060/3060/3060 3241/3241/3241 3061/3061/3061
f 3251/3251/3251 3241/3241/3241 3060/3060/3060
f 3251/3251/3251 3060/3060/3060 3249/3249/3249
f 3251/3251/3251 3249/3249/3249 3252/3252/3252
f 2997/2997/2997 3252/3252/3252 3249/3249/3249
f 3008/3008/3008 3252/3252/3252 2997/2997/2997
f 3008/3008/3008 2997/2997/2997 3004/3004/3004
f 2718/2718/2718 3250/3250/3250 2665/2665/2665
f 2665/2665/2665 3250/3250/3250 2869/2869/2869
f 2869/2869/2869 3250/3250/3250 3001/3001/3001
f 3001/3001/3001 3250/3250/3250 3061/3061/3061
f 3241/3241/3241 3001/3001/3001 3061/3061/3061
f 3002/3002/3002 3001/3001/3001 3241/3241/3241
f 3253/3253/3253 3002/3002/3002 3241/3241/3241
f 3251/3251/3251 3253/3253/3253 3241/3241/3241
f 3252/3252/3252 3253/3253/3253 3251/3251/3251
f 3008/3008/3008 3253/3253/3253 3252/3252/3252
f 3007/3007/3007 3253/3253/3253 3008/3008/3008
f 3008/3008/3008 3006/3006/3006 3007/3007/3007
f 3008/3008/3008 3004/3004/3004 3006/3006/3006
f 2869/2869/2869 2882/2882/2882 2665/2665/2665
f 3001/3001/3001 2882/2882/2882 2869/2869/2869
f 2884/2884/2884 2882/2882/2882 3001/3001/3001
f 3002/3002/3002 2884/2884/2884 3001/3001/3001
f 3002/3002/3002 2888/2888/2888 2884/2884/2884
f 3007/3007/3007 2888/2888/2888 3002/3002/3002
f 3007/3007/3007 3002/3002/3002 3253/3253/3253
f 2905/2905/2905 2882/2882/2882 2884/2884/2884
f 2884/2884/2884 2888/2888/2888 2905/2905/2905
f 3007/3007/3007 2870/2870/2870 2888/2888/2888
f 3006/3006/3006 2870/2870/2870 3007/3007/3007
f 3006/3006/3006 3004/3004/3004 2871/2871/2871
f 2999/2999/2999 2871/2871/2871 3004/3004/3004
f 2910/2910/2910 2871/2871/2871 2999/2999/2999
f 2999/2999/2999 3020/3020/3020 2910/2910/2910
f 3020/3020/3020 2999/2999/2999 3029/3029/3029
f 1894/1894/1894 3020/3020/3020 3029/3029/3029
f 3029/3029/3029 3012/3012/3012 1894/1894/1894
f 3029/3029/3029 2992/2992/2992 3012/3012/3012
f 2910/2910/2910 2911/2911/2911 2871/2871/2871
f 2910/2910/2910 2994/2994/2994 2911/2911/2911
f 2913/2913/2913 2994/2994/2994 2910/2910/2910
f 2910/2910/2910 3020/3020/3020 2913/2913/2913
f 2762/2762/2762 2913/2913/2913 3020/3020/3020
f 2762/2762/2762 3020/3020/3020 1894/1894/1894
f 2871/2871/2871 2911/2911/2911 2872/2872/2872
f 3019/3019/3019 2911/2911/2911 2994/2994/2994
f 3019/3019/3019 2994/2994/2994 1893/1893/1893
f 1893/1893/1893 2994/2994/2994 2761/2761/2761
f 2994/2994/2994 2913/2913/2913 2761/2761/2761
f 2761/2761/2761 2913/2913/2913 2760/2760/2760
f 2760/2760/2760 2913/2913/2913 2762/2762/2762
f 2752/2752/2752 2760/2760/2760 2762/2762/2762
f 2762/2762/2762 1894/1894/1894 2752/2752/2752
f 1893/1893/1893 3025/3025/3025 3019/3019/3019
f 2772/2772/2772 3025/3025/3025 1893/1893/1893
f 2772/2772/2772 1893/1893/1893 2758/2758/2758
f 2758/2758/2758 1893/1893/1893 2755/2755/2755
f 2755/2755/2755 1893/1893/1893 2754/2754/2754
f 2754/2754/2754 1893/1893/1893 2761/2761/2761
f 2754/2754/2754 2761/2761/2761 3244/3244/3244
f 3244/3244/3244 2761/2761/2761 2760/2760/2760
f 3244/3244/3244 2760/2760/2760 2752/2752/2752
f 2953/2953/2953 3019/3019/3019 3025/3025/3025
f 2996/2996/2996 2953/2953/2953 3025/3025/3025
f 2772/2772/2772 2996/2996/2996 3025/3025/3025
f 1899/1899/1899 2996/2996/2996 2772/2772/2772
f 1899/1899/1899 2772/2772/2772 3255/3255/3255
f 3255/3255/3255 2772/2772/2772 2758/2758/2758
f 2954/2954/2954 2953/2953/2953 2996/2996/2996
f 2954/2954/2954 2996/2996/2996 2957/2957/2957
f 2957/2957/2957 2996/2996/2996 2958/2958/2958
f 1899/1899/1899 2958/2958/2958 2996/2996/2996
f 1900/1900/1900 2958/2958/2958 1899/1899/1899
f 1900/1900/1900 1899/1899/1899 2759/2759/2759
f 2759/2759/2759 1899/1899/1899 3255/3255/3255
f 2954/2954/2954 2919/2919/2919 2953/2953/2953
f 2954/2954/2954 2918/2918/2918 2919/2919/2919
f 2957/2957/2957 2918/2918/2918 2954/2954/2954
f 2957/2957/2957 2921/2921/2921 2918/2918/2918
f 2992/2992/2992 2921/2921/2921 2957/2957/2957
f 2992/2992/2992 2957/2957/2957 3012/3012/3012
f 3012/3012/3012 2957/2957/2957 2958/2958/2958
f 3012/3012/3012 2958/2958/2958 1897/1897/1897
f 1897/1897/1897 2958/2958/2958 1900/1900/1900
f 2759/2759/2759 1897/1897/1897 1900/1900/1900
f 2757/2757/2757 1897/1897/1897 2759/2759/2759
f 2918/2918/2918 2867/2867/2867 2919/2919/2919
f 2867/2867/2867 2918/2918/2918 2993/2993/2993
f 2993/2993/2993 2918/2918/2918 2921/2921/2921
f 1894/1894/1894 3012/3012/3012 1897/1897/1897
f 2757/2757/2757 1894/1894/1894 1897/1897/1897
f 2756/2756/2756 1894/1894/1894 2757/2757/2757
f 2752/2752/2752 1894/1894/1894 2756/2756/2756
f 3856/3856/3856 3841/3841/3841 3840/3840/3840
f 3856/3856/3856 3840/3840/3840 3836/3836/3836
f 3856/3856/3856 3836/3836/3836 3837/3837/3837
f 3856/3856/3856 3837/3837/3837 3855/3855/3855
f 3857/3857/3857 3856/3856/3856 3855/3855/3855
f 3857/3857/3857 3855/3855/3855 3878/3878/3878
f 3878/3878/3878 3855/3855/3855 3875/3875/3875
f 3855/3855/3855 3859/3859/3859 3875/3875/3875
f 3875/3875/3875 3859/3859/3859 3845/3845/3845
f 3860/3860/3860 3875/3875/3875 3845/3845/3845
f 3858/3858/3858 3856/3856/3856 3857/3857/3857
f 3872/3872/3872 3858/3858/3858 3857/3857/3857
f 3872/3872/3872 3857/3857/3857 3869/3869/3869
f 3869/3869/3869 3857/3857/3857 3878/3878/3878
f 3849/3849/3849 3869/3869/3869 3878/3878/3878
f 3878/3878/3878 3870/3870/3870 3849/3849/3849
f 3875/3875/3875 3870/3870/3870 3878/3878/3878
f 3875/3875/3875 3846/3846/3846 3870/3870/3870
f 3860/3860/3860 3846/3846/3846 3875/3875/3875
f 3860/3860/3860 3839/3839/3839 3846/3846/3846
f 3873/3873/3873 3858/3858/3858 3872/3872/3872
f 3882/3882/3882 3873/3873/3873 3872/3872/3872
f 3882/3882/3882 3872/3872/3872 3871/3871/3871
f 3871/3871/3871 3872/3872/3872 3869/3869/3869
f 3868/3868/3868 3871/3871/3871 3869/3869/3869
f 3868/3868/3868 3869/3869/3869 3849/3849/3849
f 3883/3883/3883 3873/3873/3873 3882/3882/3882
f 3880/3880/3880 3883/3883/3883 3882/3882/3882
f 3880/3880/3880 3882/3882/3882 3852/3852/3852
f 3852/3852/3852 3882/3882/3882 3871/3871/3871
f 3863/3863/3863 3852/3852/3852 3871/3871/3871
f 3863/3863/3863 3871/3871/3871 3868/3868/3868
f 3864/3864/3864 3863/3863/3863 3868/3868/3868
f 3864/3864/3864 3868/3868/3868 3850/3850/3850
f 3850/3850/3850 3868/3868/3868 3849/3849/3849
f 3881/3881/3881 3883/3883/3883 3880/3880/3880
f 3851/3851/3851 3881/3881/3881 3880/3880/3880
f 3880/3880/3880 3865/3865/3865 3851/3851/3851
f 3852/3852/3852 3865/3865/3865 3880/3880/3880
f 3861/3861/3861 3865/3865/3865 3852/3852/3852
f 3861/3861/3861 3852/3852/3852 3863/3863/3863
f 3862/3862/3862 3861/3861/3861 3863/3863/3863
f 3862/3862/3862 3863/3863/3863 3864/3864/3864
f 3843/3843/3843 3881/3881/3881 3851/3851/3851
f 3879/3879/3879 3861/3861/3861 3862/3862/3862
f 3879/3879/3879 3867/3867/3867 3861/3861/3861
f 3874/3874/3874 3867/3867/3867 3879/3879/3879
f 3867/3867/3867 3865/3865/3865 3861/3861/3861
f 3849/3849/3849 3848/3848/3848 3850/3850/3850
f 3849/3849/3849 3847/3847/3847 3848/3848/3848
f 3849/3849/3849 3842/3842/3842 3847/3847/3847
f 3870/3870/3870 3842/3842/3842 3849/3849/3849
f 3842/3842/3842 3870/3870/3870 3835/3835/3835
f 3835/3835/3835 3870/3870/3870 3854/3854/3854
f 3870/3870/3870 3853/3853/3853 3854/3854/3854
f 3870/3870/3870 3877/3877/3877 3853/3853/3853
f 3876/3876/3876 3877/3877/3877 3870/3870/3870
f 3870/3870/3870 3838/3838/3838 3876/3876/3876
f 3870/3870/3870 3846/3846/3846 3838/3838/3838
f 3876/3876/3876 3844/3844/3844 3877/3877/3877
f 3844/3844/3844 3876/3876/3876 3866/3866/3866
f 3914/3914/3914 3913/3913/3913 3912/3912/3912
f 3912/3912/3912 3913/3913/3913 3903/3903/3903
f 3912/3912/3912 3903/3903/3903 3919/3919/3919
f 3919/3919/3919 3903/3903/3903 3920/3920/3920
f 3919/3919/3919 3920/3920/3920 3901/3901/3901
f 3901/3901/3901 3920/3920/3920 3905/3905/3905
f 3920/3920/3920 3916/3916/3916 3905/3905/3905
f 3902/3902/3902 3916/3916/3916 3920/3920/3920
f 3901/3901/3901 3905/3905/3905 3895/3895/3895
f 3895/3895/3895 3905/3905/3905 3906/3906/3906
f 3905/3905/3905 3925/3925/3925 3906/3906/3906
f 3905/3905/3905 3916/3916/3916 3925/3925/3925
f 3925/3925/3925 3916/3916/3916 3915/3915/3915
f 3932/3932/3932 3915/3915/3915 3916/3916/3916
f 3931/3931/3931 3915/3915/3915 3932/3932/3932
f 3906/3906/3906 3907/3907/3907 3895/3895/3895
f 3906/3906/3906 3922/3922/3922 3907/3907/3907
f 3924/3924/3924 3922/3922/3922 3906/3906/3906
f 3906/3906/3906 3925/3925/3925 3924/3924/3924
f 3925/3925/3925 3909/3909/3909 3924/3924/3924
f 3911/3911/3911 3909/3909/3909 3925/3925/3925
f 3896/3896/3896 3911/3911/3911 3925/3925/3925
f 3925/3925/3925 3915/3915/3915 3896/3896/3896
f 3898/3898/3898 3896/3896/3896 3915/3915/3915
f 3895/3895/3895 3907/3907/3907 3908/3908/3908
f 3907/3907/3907 3904/3904/3904 3908/3908/3908
f 3907/3907/3907 3921/3921/3921 3904/3904/3904
f 3922/3922/3922 3921/3921/3921 3907/3907/3907
f 3887/3887/3887 3921/3921/3921 3922/3922/3922
f 3887/3887/3887 3922/3922/3922 3909/3909/3909
f 3909/3909/3909 3922/3922/3922 3924/3924/3924
f 3908/3908/3908 3904/3904/3904 3885/3885/3885
f 3904/3904/3904 3928/3928/3928 3885/3885/3885
f 3904/3904/3904 3926/3926/3926 3928/3928/3928
f 3921/3921/3921 3926/3926/3926 3904/3904/3904
f 3886/3886/3886 3926/3926/3926 3921/3921/3921
f 3886/3886/3886 3921/3921/3921 3887/3887/3887
f 3887/3887/3887 3888/3888/3888 3886/3886/3886
f 3887/3887/3887 3884/3884/3884 3888/3888/3888
f 3909/3909/3909 3884/3884/3884 3887/3887/3887
f 3911/3911/3911 3884/3884/3884 3909/3909/3909
f 3885/3885/3885 3928/3928/3928 3929/3929/3929
f 3928/3928/3928 3930/3930/3930 3929/3929/3929
f 3928/3928/3928 3899/3899/3899 3930/3930/3930
f 3926/3926/3926 3899/3899/3899 3928/3928/3928
f 3890/3890/3890 3899/3899/3899 3926/3926/3926
f 3890/3890/3890 3926/3926/3926 3886/3886/3886
f 3886/3886/3886 3889/3889/3889 3890/3890/3890
f 3886/3886/3886 3888/3888/3888 3889/3889/3889
f 3929/3929/3929 3930/3930/3930 3891/3891/3891
f 3890/3890/3890 3889/3889/3889 3893/3893/3893
f 3890/3890/3890 3893/3893/3893 3892/3892/3892
f 3892/3892/3892 3893/3893/3893 3927/3927/3927
f 3892/3892/3892 3899/3899/3899 3890/3890/3890
f 3910/3910/3910 3884/3884/3884 3911/3911/3911
f 3897/3897/3897 3910/3910/3910 3911/3911/3911
f 3897/3897/3897 3911/3911/3911 3918/3918/3918
f 3918/3918/3918 3911/3911/3911 3923/3923/3923
f 3896/3896/3896 3923/3923/3923 3911/3911/3911
f 3923/3923/3923 3896/3896/3896 3894/3894/3894
f 3900/3900/3900 3894/3894/3894 3896/3896/3896
f 3917/3917/3917 3918/3918/3918 3923/3923/3923
f 1334/1334/1334 1237/1237/1237 1235/1235/1235
f 1326/1326/1326 1237/1237/1237 1334/1334/1334
f 1282/1282/1282 1326/1326/1326 1334/1334/1334
f 1251/1251/1251 1282/1282/1282 1334/1334/1334
f 1235/1235/1235 1251/1251/1251 1334/1334/1334
f 1197/1197/1197 1251/1251/1251 1235/1235/1235
f 1186/1186/1186 1251/1251/1251 1197/1197/1197
f 1187/1187/1187 1251/1251/1251 1186/1186/1186
f 1251/1251/1251 1187/1187/1187 1297/1297/1297
f 1297/1297/1297 1187/1187/1187 1266/1266/1266
f 1306/1306/1306 1326/1326/1326 1282/1282/1282
f 1282/1282/1282 1304/1304/1304 1306/1306/1306
f 1304/1304/1304 1282/1282/1282 1305/1305/1305
f 1305/1305/1305 1282/1282/1282 1297/1297/1297
f 1297/1297/1297 1282/1282/1282 1251/1251/1251
f 1306/1306/1306 1304/1304/1304 1280/1280/1280
f 1386/1386/1386 1280/1280/1280 1304/1304/1304
f 1386/1386/1386 1304/1304/1304 1385/1385/1385
f 1385/1385/1385 1304/1304/1304 1305/1305/1305
f 1255/1255/1255 1385/1385/1385 1305/1305/1305
f 1305/1305/1305 1266/1266/1266 1255/1255/1255
f 1297/1297/1297 1266/1266/1266 1305/1305/1305
f 1400/1400/1400 1280/1280/1280 1386/1386/1386
f 1384/1384/1384 1400/1400/1400 1386/1386/1386
f 1384/1384/1384 1386/1386/1386 1415/1415/1415
f 1415/1415/1415 1386/1386/1386 1385/1385/1385
f 1448/1448/1448 1415/1415/1415 1385/1385/1385
f 1448/1448/1448 1385/1385/1385 1255/1255/1255
f 1392/1392/1392 1400/1400/1400 1384/1384/1384
f 1384/1384/1384 1383/1383/1383 1392/1392/1392
f 1383/1383/1383 1384/1384/1384 1373/1373/1373
f 1373/1373/1373 1384/1384/1384 1415/1415/1415
f 1374/1374/1374 1373/1373/1373 1415/1415/1415
f 1374/1374/1374 1415/1415/1415 1448/1448/1448
f 14/14/14 44/44/44 15/15/15
f 15/15/15 44/44/44 41/41/41
f 44/44/44 4/4/4 41/41/41
f 41/41/41 4/4/4 13/13/13
f 13/13/13 7/7/7 41/41/41
f 5/5/5 7/7/7 13/13/13
f 15/15/15 27/27/27 14/14/14
f 12/12/12 27/27/27 15/15/15
f 20/20/20 12/12/12 15/15/15
f 41/41/41 20/20/20 15/15/15
f 7/7/7 20/20/20 41/41/41
f 20/20/20 7/7/7 31/31/31
f 31/31/31 7/7/7 43/43/43
f 7/7/7 5/5/5 43/43/43
f 43/43/43 5/5/5 1603/1603/1603
f 1586/1586/1586 43/43/43 1603/1603/1603
f 1587/1587/1587 43/43/43 1586/1586/1586
f 40/40/40 12/12/12 20/20/20
f 40/40/40 20/20/20 42/42/42
f 42/42/42 20/20/20 31/31/31
f 42/42/42 31/31/31 1587/1587/1587
f 31/31/31 43/43/43 1587/1587/1587
f 876/876/876 3460/3460/3460 3459/3459/3459
f 3460/3460/3460 3457/3457/3457 3459/3459/3459
f 3452/3452/3452 3457/3457/3457 3460/3460/3460
f 3450/3450/3450 3457/3457/3457 3452/3452/3452
f 3314/3314/3314 3450/3450/3450 3452/3452/3452
f 3314/3314/3314 3452/3452/3452 3461/3461/3461
f 876/876/876 3459/3459/3459 699/699/699
f 699/699/699 3459/3459/3459 3432/3432/3432
f 3457/3457/3457 3432/3432/3432 3459/3459/3459
f 3449/3449/3449 3432/3432/3432 3457/3457/3457
f 3450/3450/3450 3449/3449/3449 3457/3457/3457
f 3455/3455/3455 3449/3449/3449 3450/3450/3450
f 3456/3456/3456 3455/3455/3455 3450/3450/3450
f 3450/3450/3450 3458/3458/3458 3456/3456/3456
f 3314/3314/3314 3458/3458/3458 3450/3450/3450
f 699/699/699 833/833/833 876/876/876
f 751/751/751 833/833/833 699/699/699
f 751/751/751 699/699/699 698/698/698
f 698/698/698 699/699/699 727/727/727
f 699/699/699 3434/3434/3434 727/727/727
f 3432/3432/3432 3434/3434/3434 699/699/699
f 870/870/870 876/876/876 833/833/833
f 847/847/847 870/870/870 833/833/833
f 833/833/833 751/751/751 847/847/847
f 847/847/847 751/751/751 651/651/651
f 751/751/751 857/857/857 651/651/651
f 748/748/748 857/857/857 751/751/751
f 748/748/748 751/751/751 616/616/616
f 616/616/616 751/751/751 698/698/698
f 859/859/859 870/870/870 847/847/847
f 847/847/847 672/672/672 859/859/859
f 651/651/651 672/672/672 847/847/847
f 857/857/857 672/672/672 651/651/651
f 857/857/857 846/846/846 672/672/672
f 857/857/857 748/748/748 846/846/846
f 846/846/846 748/748/748 623/623/623
f 748/748/748 626/626/626 623/623/623
f 746/746/746 626/626/626 748/748/748
f 746/746/746 748/748/748 734/734/734
f 734/734/734 748/748/748 616/616/616
f 672/672/672 869/869/869 859/859/859
f 869/869/869 672/672/672 660/660/660
f 660/660/660 672/672/672 846/846/846
f 660/660/660 846/846/846 625/625/625
f 625/625/625 846/846/846 623/623/623
f 623/623/623 629/629/629 625/625/625
f 626/626/626 629/629/629 623/623/623
f 629/629/629 626/626/626 713/713/713
f 656/656/656 713/713/713 626/626/626
f 626/626/626 746/746/746 656/656/656
f 859/859/859 869/869/869 654/654/654
f 850/850/850 654/654/654 869/869/869
f 869/869/869 652/652/652 850/850/850
f 660/660/660 652/652/652 869/869/869
f 625/625/625 652/652/652 660/660/660
f 627/627/627 652/652/652 625/625/625
f 625/625/625 657/657/657 627/627/627
f 629/629/629 657/657/657 625/625/625
f 657/657/657 629/629/629 624/624/624
f 713/713/713 624/624/624 629/629/629
f 661/661/661 654/654/654 850/850/850
f 653/653/653 661/661/661 850/850/850
f 850/850/850 673/673/673 653/653/653
f 652/652/652 673/673/673 850/850/850
f 652/652/652 627/627/627 673/673/673
f 627/627/627 657/657/657 673/673/673
f 673/673/673 657/657/657 631/631/631
f 657/657/657 624/624/624 631/631/631
f 631/631/631 624/624/624 628/628/628
f 622/622/622 628/628/628 624/624/624
f 624/624/624 713/713/713 622/622/622
f 659/659/659 661/661/661 653/653/653
f 661/661/661 659/659/659 611/611/611
f 611/611/611 659/659/659 614/614/614
f 3454/3454/3454 611/611/611 614/614/614
f 3313/3313/3313 611/611/611 3454/3454/3454
f 3454/3454/3454 3417/3417/3417 3313/3313/3313
f 3313/3313/3313 3417/3417/3417 3462/3462/3462
f 3417/3417/3417 3469/3469/3469 3462/3462/3462
f 3462/3462/3462 3469/3469/3469 3451/3451/3451
f 3418/3418/3418 3451/3451/3451 3469/3469/3469
f 3469/3469/3469 3414/3414/3414 3418/3418/3418
f 3376/3376/3376 3414/3414/3414 3469/3469/3469
f 3461/3461/3461 3313/3313/3313 3462/3462/3462
f 3461/3461/3461 3462/3462/3462 3314/3314/3314
f 3462/3462/3462 3451/3451/3451 3314/3314/3314
f 3314/3314/3314 3451/3451/3451 3458/3458/3458
f 3458/3458/3458 3451/3451/3451 3468/3468/3468
f 3468/3468/3468 3451/3451/3451 3418/3418/3418
f 3418/3418/3418 3414/3414/3414 3468/3468/3468
f 3468/3468/3468 3414/3414/3414 3305/3305/3305
f 3305/3305/3305 3414/3414/3414 3306/3306/3306
f 3376/3376/3376 3306/3306/3306 3414/3414/3414
f 3467/3467/3467 3306/3306/3306 3376/3376/3376
f 3467/3467/3467 3466/3466/3466 3306/3306/3306
f 3416/3416/3416 3466/3466/3466 3467/3467/3467
f 3458/3458/3458 3468/3468/3468 3456/3456/3456
f 3456/3456/3456 3468/3468/3468 3453/3453/3453
f 3305/3305/3305 3453/3453/3453 3468/3468/3468
f 3415/3415/3415 3453/3453/3453 3305/3305/3305
f 3415/3415/3415 3305/3305/3305 3377/3377/3377
f 3306/3306/3306 3377/3377/3377 3305/3305/3305
f 3306/3306/3306 3466/3466/3466 3377/3377/3377
f 3377/3377/3377 3466/3466/3466 3375/3375/3375
f 3466/3466/3466 3379/3379/3379 3375/3375/3375
f 3379/3379/3379 3466/3466/3466 3416/3416/3416
f 3379/3379/3379 3416/3416/3416 3378/3378/3378
f 3453/3453/3453 3437/3437/3437 3456/3456/3456
f 3415/3415/3415 3437/3437/3437 3453/3453/3453
f 3436/3436/3436 3437/3437/3437 3415/3415/3415
f 3436/3436/3436 3415/3415/3415 3413/3413/3413
f 3377/3377/3377 3413/3413/3413 3415/3415/3415
f 3375/3375/3375 3413/3413/3413 3377/3377/3377
f 3375/3375/3375 3433/3433/3433 3413/3413/3413
f 3381/3381/3381 3433/3433/3433 3375/3375/3375
f 3375/3375/3375 3379/3379/3379 3381/3381/3381
f 3379/3379/3379 3373/3373/3373 3381/3381/3381
f 3373/3373/3373 3379/3379/3379 3378/3378/3378
f 3373/3373/3373 3378/3378/3378 3369/3369/3369
f 3456/3456/3456 3437/3437/3437 3455/3455/3455
f 3437/3437/3437 3432/3432/3432 3455/3455/3455
f 3437/3437/3437 3420/3420/3420 3432/3432/3432
f 3437/3437/3437 3364/3364/3364 3420/3420/3420
f 3436/3436/3436 3364/3364/3364 3437/3437/3437
f 3436/3436/3436 3431/3431/3431 3364/3364/3364
f 3438/3438/3438 3431/3431/3431 3436/3436/3436
f 3413/3413/3413 3438/3438/3438 3436/3436/3436
f 3455/3455/3455 3432/3432/3432 3449/3449/3449
f 3433/3433/3433 3438/3438/3438 3413/3413/3413
f 3433/3433/3433 3421/3421/3421 3438/3438/3438
f 3389/3389/3389 3421/3421/3421 3433/3433/3433
f 3433/3433/3433 3439/3439/3439 3389/3389/3389
f 3439/3439/3439 3433/3433/3433 3425/3425/3425
f 3425/3425/3425 3433/3433/3433 3381/3381/3381
f 3381/3381/3381 3373/3373/3373 3425/3425/3425
f 3438/3438/3438 3421/3421/3421 3431/3431/3431
f 3431/3431/3431 3421/3421/3421 3363/3363/3363
f 3421/3421/3421 3419/3419/3419 3363/3363/3363
f 3389/3389/3389 3419/3419/3419 3421/3421/3421
f 3386/3386/3386 3419/3419/3419 3389/3389/3389
f 3386/3386/3386 3389/3389/3389 3390/3390/3390
f 3390/3390/3390 3389/3389/3389 3439/3439/3439
f 3390/3390/3390 3439/3439/3439 3384/3384/3384
f 3384/3384/3384 3439/3439/3439 3425/3425/3425
f 3425/3425/3425 3422/3422/3422 3384/3384/3384
f 3373/3373/3373 3422/3422/3422 3425/3425/3425
f 3422/3422/3422 3373/3373/3373 3369/3369/3369
f 3363/3363/3363 3298/3298/3298 3431/3431/3431
f 3363/3363/3363 3301/3301/3301 3298/3298/3298
f 3363/3363/3363 3419/3419/3419 3301/3301/3301
f 3419/3419/3419 3430/3430/3430 3301/3301/3301
f 3367/3367/3367 3430/3430/3430 3419/3419/3419
f 3386/3386/3386 3367/3367/3367 3419/3419/3419
f 3435/3435/3435 3367/3367/3367 3386/3386/3386
f 3435/3435/3435 3386/3386/3386 3407/3407/3407
f 3407/3407/3407 3386/3386/3386 3390/3390/3390
f 3384/3384/3384 3407/3407/3407 3390/3390/3390
f 3431/3431/3431 3298/3298/3298 3365/3365/3365
f 3298/3298/3298 3445/3445/3445 3365/3365/3365
f 3298/3298/3298 3446/3446/3446 3445/3445/3445
f 3368/3368/3368 3446/3446/3446 3298/3298/3298
f 3298/3298/3298 3301/3301/3301 3368/3368/3368
f 3301/3301/3301 3430/3430/3430 3368/3368/3368
f 3368/3368/3368 3430/3430/3430 3444/3444/3444
f 3444/3444/3444 3430/3430/3430 3443/3443/3443
f 3367/3367/3367 3443/3443/3443 3430/3430/3430
f 3431/3431/3431 3365/3365/3365 3364/3364/3364
f 3364/3364/3364 3365/3365/3365 3362/3362/3362
f 3365/3365/3365 3429/3429/3429 3362/3362/3362
f 3365/3365/3365 3445/3445/3445 3429/3429/3429
f 3362/3362/3362 3420/3420/3420 3364/3364/3364
f 3420/3420/3420 3362/3362/3362 3434/3434/3434
f 3434/3434/3434 3362/3362/3362 723/723/723
f 3362/3362/3362 3296/3296/3296 723/723/723
f 3362/3362/3362 3429/3429/3429 3296/3296/3296
f 3432/3432/3432 3420/3420/3420 3434/3434/3434
f 723/723/723 3296/3296/3296 583/583/583
f 613/613/613 723/723/723 583/583/583
f 731/731/731 723/723/723 613/613/613
f 578/578/578 731/731/731 613/613/613
f 722/722/722 731/731/731 578/578/578
f 610/610/610 722/722/722 578/578/578
f 738/738/738 722/722/722 610/610/610
f 572/572/572 738/738/738 610/610/610
f 731/731/731 698/698/698 723/723/723
f 616/616/616 698/698/698 731/731/731
f 616/616/616 731/731/731 734/734/734
f 722/722/722 734/734/734 731/731/731
f 729/729/729 734/734/734 722/722/722
f 738/738/738 729/729/729 722/722/722
f 727/727/727 723/723/723 698/698/698
f 723/723/723 727/727/727 3434/3434/3434
f 3368/3368/3368 3448/3448/3448 3446/3446/3446
f 3444/3444/3444 3448/3448/3448 3368/3368/3368
f 3444/3444/3444 719/719/719 3448/3448/3448
f 3444/3444/3444 3441/3441/3441 719/719/719
f 3443/3443/3443 3441/3441/3441 3444/3444/3444
f 3443/3443/3443 3366/3366/3366 3441/3441/3441
f 3366/3366/3366 3443/3443/3443 3367/3367/3367
f 3435/3435/3435 3366/3366/3366 3367/3367/3367
f 3448/3448/3448 719/719/719 580/580/580
f 580/580/580 719/719/719 564/564/564
f 564/564/564 719/719/719 739/739/739
f 719/719/719 615/615/615 739/739/739
f 615/615/615 719/719/719 720/720/720
f 719/719/719 3441/3441/3441 720/720/720
f 3361/3361/3361 720/720/720 3441/3441/3441
f 3441/3441/3441 3366/3366/3366 3361/3361/3361
f 3366/3366/3366 3391/3391/3391 3361/3361/3361
f 3393/3393/3393 3391/3391/3391 3366/3366/3366
f 3393/3393/3393 3366/3366/3366 3435/3435/3435
f 3407/3407/3407 3393/3393/3393 3435/3435/3435
f 739/739/739 728/728/728 564/564/564
f 739/739/739 721/721/721 728/728/728
f 721/721/721 739/739/739 617/617/617
f 739/739/739 615/615/615 617/617/617
f 617/617/617 615/615/615 745/745/745
f 745/745/745 615/615/615 750/750/750
f 720/720/720 750/750/750 615/615/615
f 726/726/726 750/750/750 720/720/720
f 726/726/726 720/720/720 3361/3361/3361
f 564/564/564 728/728/728 572/572/572
f 728/728/728 738/738/738 572/572/572
f 728/728/728 730/730/730 738/738/738
f 728/728/728 721/721/721 730/730/730
f 721/721/721 666/666/666 730/730/730
f 747/747/747 666/666/666 721/721/721
f 617/617/617 747/747/747 721/721/721
f 745/745/745 747/747/747 617/617/617
f 745/745/745 697/697/697 747/747/747
f 703/703/703 697/697/697 745/745/745
f 745/745/745 670/670/670 703/703/703
f 750/750/750 670/670/670 745/745/745
f 738/738/738 730/730/730 618/618/618
f 730/730/730 666/666/666 618/618/618
f 618/618/618 666/666/666 664/664/664
f 666/666/666 671/671/671 664/664/664
f 668/668/668 671/671/671 666/666/666
f 747/747/747 668/668/668 666/666/666
f 697/697/697 668/668/668 747/747/747
f 697/697/697 696/696/696 668/668/668
f 697/697/697 703/703/703 696/696/696
f 696/696/696 703/703/703 620/620/620
f 670/670/670 620/620/620 703/703/703
f 618/618/618 729/729/729 738/738/738
f 618/618/618 664/664/664 729/729/729
f 729/729/729 664/664/664 663/663/663
f 664/664/664 665/665/665 663/663/663
f 671/671/671 665/665/665 664/664/664
f 592/592/592 665/665/665 671/671/671
f 671/671/671 593/593/593 592/592/592
f 668/668/668 593/593/593 671/671/671
f 668/668/668 696/696/696 593/593/593
f 696/696/696 640/640/640 593/593/593
f 619/619/619 640/640/640 696/696/696
f 696/696/696 620/620/620 619/619/619
f 729/729/729 663/663/663 734/734/734
f 734/734/734 663/663/663 746/746/746
f 746/746/746 663/663/663 656/656/656
f 656/656/656 663/663/663 665/665/665
f 656/656/656 665/665/665 598/598/598
f 598/598/598 665/665/665 637/637/637
f 637/637/637 665/665/665 609/609/609
f 609/609/609 665/665/665 592/592/592
f 592/592/592 640/640/640 609/609/609
f 593/593/593 640/640/640 592/592/592
f 656/656/656 598/598/598 713/713/713
f 622/622/622 713/713/713 598/598/598
f 598/598/598 639/639/639 622/622/622
f 637/637/637 639/639/639 598/598/598
f 637/637/637 597/597/597 639/639/639
f 609/609/609 597/597/597 637/637/637
f 609/609/609 642/642/642 597/597/597
f 640/640/640 642/642/642 609/609/609
f 619/619/619 642/642/642 640/640/640
f 622/622/622 639/639/639 638/638/638
f 638/638/638 639/639/639 655/655/655
f 639/639/639 597/597/597 655/655/655
f 655/655/655 597/597/597 599/599/599
f 597/597/597 642/642/642 599/599/599
f 708/708/708 599/599/599 642/642/642
f 708/708/708 642/642/642 619/619/619
f 619/619/619 591/591/591 708/708/708
f 619/619/619 620/620/620 591/591/591
f 638/638/638 628/628/628 622/622/622
f 658/658/658 599/599/599 708/708/708
f 596/596/596 658/658/658 708/708/708
f 708/708/708 591/591/591 596/596/596
f 591/591/591 669/669/669 596/596/596
f 591/591/591 749/749/749 669/669/669
f 620/620/620 749/749/749 591/591/591
f 749/749/749 620/620/620 670/670/670
f 662/662/662 749/749/749 670/670/670
f 750/750/750 662/662/662 670/670/670
f 726/726/726 662/662/662 750/750/750
f 595/595/595 658/658/658 596/596/596
f 594/594/594 595/595/595 596/596/596
f 596/596/596 669/669/669 594/594/594
f 621/621/621 594/594/594 669/669/669
f 621/621/621 669/669/669 667/667/667
f 667/667/667 669/669/669 749/749/749
f 667/667/667 749/749/749 662/662/662
f 667/667/667 662/662/662 3394/3394/3394
f 3394/3394/3394 662/662/662 3391/3391/3391
f 3391/3391/3391 662/662/662 3361/3361/3361
f 3361/3361/3361 662/662/662 726/726/726
f 601/601/601 595/595/595 594/594/594
f 594/594/594 702/702/702 601/601/601
f 702/702/702 594/594/594 621/621/621
f 621/621/621 3423/3423/3423 702/702/702
f 3387/3387/3387 3423/3423/3423 621/621/621
f 621/621/621 667/667/667 3387/3387/3387
f 3387/3387/3387 667/667/667 3394/3394/3394
f 3387/3387/3387 3394/3394/3394 3424/3424/3424
f 3424/3424/3424 3394/3394/3394 3440/3440/3440
f 3394/3394/3394 3391/3391/3391 3440/3440/3440
f 3440/3440/3440 3391/3391/3391 3393/3393/3393
f 3440/3440/3440 3393/3393/3393 3407/3407/3407
f 601/601/601 702/702/702 608/608/608
f 702/702/702 3388/3388/3388 608/608/608
f 3423/3423/3423 3388/3388/3388 702/702/702
f 3388/3388/3388 3423/3423/3423 3399/3399/3399
f 3399/3399/3399 3423/3423/3423 3383/3383/3383
f 3423/3423/3423 3387/3387/3387 3383/3383/3383
f 3383/3383/3383 3387/3387/3387 3424/3424/3424
f 3383/3383/3383 3424/3424/3424 3382/3382/3382
f 3382/3382/3382 3424/3424/3424 3385/3385/3385
f 3424/3424/3424 3440/3440/3440 3385/3385/3385
f 3385/3385/3385 3440/3440/3440 3407/3407/3407
f 3385/3385/3385 3407/3407/3407 3384/3384/3384
f 3422/3422/3422 3385/3385/3385 3384/3384/3384
f 3382/3382/3382 3385/3385/3385 3422/3422/3422
f 3369/3369/3369 3382/3382/3382 3422/3422/3422
f 3380/3380/3380 3382/3382/3382 3369/3369/3369
f 3399/3399/3399 3383/3383/3383 3380/3380/3380
f 3380/3380/3380 3383/3383/3383 3382/3382/3382
f 3545/3545/3545 1352/1352/1352 3544/3544/3544
f 3545/3545/3545 3546/3546/3546 1352/1352/1352
f 3509/3509/3509 3546/3546/3546 3545/3545/3545
f 3509/3509/3509 3545/3545/3545 3542/3542/3542
f 3545/3545/3545 3712/3712/3712 3542/3542/3542
f 3544/3544/3544 3712/3712/3712 3545/3545/3545
f 3544/3544/3544 3711/3711/3711 3712/3712/3712
f 3712/3712/3712 3711/3711/3711 3710/3710/3710
f 1352/1352/1352 3546/3546/3546 103/103/103
f 3546/3546/3546 154/154/154 103/103/103
f 3496/3496/3496 154/154/154 3546/3546/3546
f 3509/3509/3509 3496/3496/3496 3546/3546/3546
f 153/153/153 1352/1352/1352 103/103/103
f 154/154/154 153/153/153 103/103/103
f 153/153/153 154/154/154 144/144/144
f 144/144/144 154/154/154 155/155/155
f 155/155/155 154/154/154 3496/3496/3496
f 155/155/155 3496/3496/3496 3497/3497/3497
f 3496/3496/3496 3499/3499/3499 3497/3497/3497
f 3499/3499/3499 3496/3496/3496 3506/3506/3506
f 3506/3506/3506 3496/3496/3496 3509/3509/3509
f 3710/3710/3710 1352/1352/1352 153/153/153
f 3710/3710/3710 153/153/153 105/105/105
f 105/105/105 153/153/153 134/134/134
f 144/144/144 134/134/134 153/153/153
f 134/134/134 144/144/144 138/138/138
f 138/138/138 144/144/144 143/143/143
f 144/144/144 3717/3717/3717 143/143/143
f 144/144/144 155/155/155 3717/3717/3717
f 3712/3712/3712 3710/3710/3710 105/105/105
f 3712/3712/3712 105/105/105 3709/3709/3709
f 105/105/105 134/134/134 3709/3709/3709
f 3709/3709/3709 134/134/134 3654/3654/3654
f 3654/3654/3654 134/134/134 126/126/126
f 134/134/134 116/116/116 126/126/126
f 138/138/138 116/116/116 134/134/134
f 138/138/138 143/143/143 116/116/116
f 116/116/116 143/143/143 141/141/141
f 142/142/142 141/141/141 143/143/143
f 143/143/143 3717/3717/3717 142/142/142
f 3712/3712/3712 3709/3709/3709 3707/3707/3707
f 3707/3707/3707 3709/3709/3709 3705/3705/3705
f 3654/3654/3654 3705/3705/3705 3709/3709/3709
f 3655/3655/3655 3705/3705/3705 3654/3654/3654
f 3654/3654/3654 3560/3560/3560 3655/3655/3655
f 3654/3654/3654 3537/3537/3537 3560/3560/3560
f 3537/3537/3537 3654/3654/3654 3599/3599/3599
f 3599/3599/3599 3654/3654/3654 126/126/126
f 3707/3707/3707 3542/3542/3542 3712/3712/3712
f 3652/3652/3652 3542/3542/3542 3707/3707/3707
f 3652/3652/3652 3707/3707/3707 3704/3704/3704
f 3707/3707/3707 3705/3705/3705 3704/3704/3704
f 3702/3702/3702 3704/3704/3704 3705/3705/3705
f 3702/3702/3702 3705/3705/3705 3655/3655/3655
f 3655/3655/3655 3657/3657/3657 3702/3702/3702
f 3532/3532/3532 3657/3657/3657 3655/3655/3655
f 3655/3655/3655 3560/3560/3560 3532/3532/3532
f 3542/3542/3542 3652/3652/3652 3656/3656/3656
f 3656/3656/3656 3652/3652/3652 3646/3646/3646
f 3646/3646/3646 3652/3652/3652 3659/3659/3659
f 3704/3704/3704 3659/3659/3659 3652/3652/3652
f 3704/3704/3704 3700/3700/3700 3659/3659/3659
f 3702/3702/3702 3700/3700/3700 3704/3704/3704
f 3542/3542/3542 3656/3656/3656 3509/3509/3509
f 3509/3509/3509 3656/3656/3656 3634/3634/3634
f 3656/3656/3656 3483/3483/3483 3634/3634/3634
f 140/140/140 3483/3483/3483 3656/3656/3656
f 110/110/110 140/140/140 3656/3656/3656
f 3656/3656/3656 3646/3646/3646 110/110/110
f 110/110/110 3646/3646/3646 127/127/127
f 3626/3626/3626 127/127/127 3646/3646/3646
f 3646/3646/3646 3659/3659/3659 3626/3626/3626
f 3634/3634/3634 3508/3508/3508 3509/3509/3509
f 3632/3632/3632 3508/3508/3508 3634/3634/3634
f 3634/3634/3634 3482/3482/3482 3632/3632/3632
f 3483/3483/3483 3482/3482/3482 3634/3634/3634
f 3485/3485/3485 3482/3482/3482 3483/3483/3483
f 3483/3483/3483 3612/3612/3612 3485/3485/3485
f 3612/3612/3612 3483/3483/3483 3281/3281/3281
f 3281/3281/3281 3483/3483/3483 140/140/140
f 3508/3508/3508 3506/3506/3506 3509/3509/3509
f 3506/3506/3506 3508/3508/3508 3499/3499/3499
f 3499/3499/3499 3508/3508/3508 3498/3498/3498
f 3508/3508/3508 3633/3633/3633 3498/3498/3498
f 3632/3632/3632 3633/3633/3633 3508/3508/3508
f 3633/3633/3633 3632/3632/3632 3482/3482/3482
f 3482/3482/3482 3598/3598/3598 3633/3633/3633
f 3482/3482/3482 3597/3597/3597 3598/3598/3598
f 3485/3485/3485 3597/3597/3597 3482/3482/3482
f 3485/3485/3485 3612/3612/3612 3597/3597/3597
f 3499/3499/3499 3498/3498/3498 3580/3580/3580
f 3580/3580/3580 3498/3498/3498 3501/3501/3501
f 3498/3498/3498 3502/3502/3502 3501/3501/3501
f 3498/3498/3498 3633/3633/3633 3502/3502/3502
f 3633/3633/3633 3504/3504/3504 3502/3502/3502
f 3633/3633/3633 3487/3487/3487 3504/3504/3504
f 3633/3633/3633 3598/3598/3598 3487/3487/3487
f 3497/3497/3497 3499/3499/3499 3580/3580/3580
f 3497/3497/3497 3580/3580/3580 3495/3495/3495
f 3495/3495/3495 3580/3580/3580 3515/3515/3515
f 3580/3580/3580 3640/3640/3640 3515/3515/3515
f 3501/3501/3501 3640/3640/3640 3580/3580/3580
f 3500/3500/3500 3640/3640/3640 3501/3501/3501
f 3501/3501/3501 3502/3502/3502 3500/3500/3500
f 3502/3502/3502 3518/3518/3518 3500/3500/3500
f 3502/3502/3502 3504/3504/3504 3518/3518/3518
f 3516/3516/3516 3497/3497/3497 3495/3495/3495
f 3495/3495/3495 3492/3492/3492 3516/3516/3516
f 3492/3492/3492 3495/3495/3495 3515/3515/3515
f 3515/3515/3515 3493/3493/3493 3492/3492/3492
f 3515/3515/3515 3523/3523/3523 3493/3493/3493
f 3640/3640/3640 3523/3523/3523 3515/3515/3515
f 3640/3640/3640 3638/3638/3638 3523/3523/3523
f 3519/3519/3519 3638/3638/3638 3640/3640/3640
f 3519/3519/3519 3640/3640/3640 3500/3500/3500
f 3516/3516/3516 155/155/155 3497/3497/3497
f 3510/3510/3510 155/155/155 3516/3516/3516
f 3584/3584/3584 3510/3510/3510 3516/3516/3516
f 3516/3516/3516 3531/3531/3531 3584/3584/3584
f 3516/3516/3516 3492/3492/3492 3531/3531/3531
f 3492/3492/3492 3530/3530/3530 3531/3531/3531
f 3492/3492/3492 3493/3493/3493 3530/3530/3530
f 3494/3494/3494 3530/3530/3530 3493/3493/3493
f 3493/3493/3493 3643/3643/3643 3494/3494/3494
f 3523/3523/3523 3643/3643/3643 3493/3493/3493
f 3722/3722/3722 155/155/155 3510/3510/3510
f 3510/3510/3510 3733/3733/3733 3722/3722/3722
f 3584/3584/3584 3733/3733/3733 3510/3510/3510
f 3584/3584/3584 3746/3746/3746 3733/3733/3733
f 3514/3514/3514 3746/3746/3746 3584/3584/3584
f 3584/3584/3584 3531/3531/3531 3514/3514/3514
f 3531/3531/3531 3582/3582/3582 3514/3514/3514
f 3531/3531/3531 3530/3530/3530 3582/3582/3582
f 3722/3722/3722 3718/3718/3718 155/155/155
f 3722/3722/3722 3733/3733/3733 3718/3718/3718
f 3718/3718/3718 3733/3733/3733 3720/3720/3720
f 3746/3746/3746 3720/3720/3720 3733/3733/3733
f 3744/3744/3744 3720/3720/3720 3746/3746/3746
f 3744/3744/3744 3746/3746/3746 3757/3757/3757
f 3757/3757/3757 3746/3746/3746 3758/3758/3758
f 3746/3746/3746 3582/3582/3582 3758/3758/3758
f 3514/3514/3514 3582/3582/3582 3746/3746/3746
f 155/155/155 3718/3718/3718 3723/3723/3723
f 3718/3718/3718 3720/3720/3720 3723/3723/3723
f 3723/3723/3723 3720/3720/3720 3745/3745/3745
f 3745/3745/3745 3720/3720/3720 3744/3744/3744
f 3757/3757/3757 3745/3745/3745 3744/3744/3744
f 3757/3757/3757 3740/3740/3740 3745/3745/3745
f 3740/3740/3740 3757/3757/3757 3730/3730/3730
f 3757/3757/3757 3758/3758/3758 3730/3730/3730
f 3717/3717/3717 155/155/155 3723/3723/3723
f 3717/3717/3717 3723/3723/3723 3282/3282/3282
f 3723/3723/3723 3732/3732/3732 3282/3282/3282
f 3745/3745/3745 3732/3732/3732 3723/3723/3723
f 3745/3745/3745 3740/3740/3740 3732/3732/3732
f 3740/3740/3740 3752/3752/3752 3732/3732/3732
f 3740/3740/3740 3719/3719/3719 3752/3752/3752
f 3731/3731/3731 3719/3719/3719 3740/3740/3740
f 3740/3740/3740 3730/3730/3730 3731/3731/3731
f 3717/3717/3717 3282/3282/3282 142/142/142
f 142/142/142 3282/3282/3282 3759/3759/3759
f 3282/3282/3282 3732/3732/3732 3759/3759/3759
f 3732/3732/3732 3752/3752/3752 3759/3759/3759
f 3752/3752/3752 106/106/106 3759/3759/3759
f 3752/3752/3752 107/107/107 106/106/106
f 3719/3719/3719 107/107/107 3752/3752/3752
f 117/117/117 107/107/107 3719/3719/3719
f 3699/3699/3699 117/117/117 3719/3719/3719
f 3719/3719/3719 3731/3731/3731 3699/3699/3699
f 3759/3759/3759 118/118/118 142/142/142
f 3759/3759/3759 106/106/106 118/118/118
f 106/106/106 119/119/119 118/118/118
f 106/106/106 104/104/104 119/119/119
f 107/107/107 104/104/104 106/106/106
f 146/146/146 104/104/104 107/107/107
f 146/146/146 107/107/107 117/117/117
f 142/142/142 118/118/118 128/128/128
f 118/118/118 136/136/136 128/128/128
f 135/135/135 136/136/136 118/118/118
f 118/118/118 119/119/119 135/135/135
f 119/119/119 147/147/147 135/135/135
f 119/119/119 150/150/150 147/147/147
f 104/104/104 150/150/150 119/119/119
f 128/128/128 141/141/141 142/142/142
f 141/141/141 128/128/128 129/129/129
f 129/129/129 128/128/128 136/136/136
f 136/136/136 130/130/130 129/129/129
f 3713/3713/3713 130/130/130 136/136/136
f 135/135/135 3713/3713/3713 136/136/136
f 108/108/108 3713/3713/3713 135/135/135
f 135/135/135 147/147/147 108/108/108
f 147/147/147 145/145/145 108/108/108
f 147/147/147 150/150/150 145/145/145
f 145/145/145 150/150/150 151/151/151
f 104/104/104 151/151/151 150/150/150
f 137/137/137 141/141/141 129/129/129
f 137/137/137 129/129/129 131/131/131
f 131/131/131 129/129/129 130/130/130
f 131/131/131 130/130/130 3283/3283/3283
f 3283/3283/3283 130/130/130 3713/3713/3713
f 3713/3713/3713 108/108/108 3283/3283/3283
f 3283/3283/3283 108/108/108 132/132/132
f 108/108/108 145/145/145 132/132/132
f 116/116/116 141/141/141 137/137/137
f 137/137/137 125/125/125 116/116/116
f 125/125/125 137/137/137 3576/3576/3576
f 3576/3576/3576 137/137/137 3566/3566/3566
f 3566/3566/3566 137/137/137 3543/3543/3543
f 137/137/137 131/131/131 3543/3543/3543
f 3543/3543/3543 131/131/131 3591/3591/3591
f 131/131/131 3283/3283/3283 3591/3591/3591
f 126/126/126 116/116/116 125/125/125
f 125/125/125 3576/3576/3576 126/126/126
f 126/126/126 3576/3576/3576 3599/3599/3599
f 3576/3576/3576 3600/3600/3600 3599/3599/3599
f 3600/3600/3600 3576/3576/3576 3570/3570/3570
f 3570/3570/3570 3576/3576/3576 3566/3566/3566
f 3570/3570/3570 3566/3566/3566 3571/3571/3571
f 3571/3571/3571 3566/3566/3566 3572/3572/3572
f 3566/3566/3566 3543/3543/3543 3572/3572/3572
f 3572/3572/3572 3543/3543/3543 3541/3541/3541
f 3543/3543/3543 3591/3591/3591 3541/3541/3541
f 3541/3541/3541 3591/3591/3591 3595/3595/3595
f 3591/3591/3591 3283/3283/3283 3595/3595/3595
f 3600/3600/3600 3594/3594/3594 3599/3599/3599
f 3570/3570/3570 3594/3594/3594 3600/3600/3600
f 3594/3594/3594 3570/3570/3570 3548/3548/3548
f 3548/3548/3548 3570/3570/3570 3571/3571/3571
f 3548/3548/3548 3571/3571/3571 3567/3567/3567
f 3567/3567/3567 3571/3571/3571 3553/3553/3553
f 3571/3571/3571 3539/3539/3539 3553/3553/3553
f 3572/3572/3572 3539/3539/3539 3571/3571/3571
f 3541/3541/3541 3539/3539/3539 3572/3572/3572
f 3574/3574/3574 3539/3539/3539 3541/3541/3541
f 3595/3595/3595 3574/3574/3574 3541/3541/3541
f 3599/3599/3599 3594/3594/3594 3564/3564/3564
f 3594/3594/3594 3561/3561/3561 3564/3564/3564
f 3547/3547/3547 3561/3561/3561 3594/3594/3594
f 3547/3547/3547 3594/3594/3594 3548/3548/3548
f 3568/3568/3568 3547/3547/3547 3548/3548/3548
f 3568/3568/3568 3548/3548/3548 3567/3567/3567
f 3567/3567/3567 3588/3588/3588 3568/3568/3568
f 3588/3588/3588 3567/3567/3567 3553/3553/3553
f 3599/3599/3599 3564/3564/3564 3537/3537/3537
f 3537/3537/3537 3564/3564/3564 3533/3533/3533
f 3533/3533/3533 3564/3564/3564 3536/3536/3536
f 3564/3564/3564 3561/3561/3561 3536/3536/3536
f 3561/3561/3561 3281/3281/3281 3536/3536/3536
f 3281/3281/3281 3561/3561/3561 3612/3612/3612
f 3612/3612/3612 3561/3561/3561 3547/3547/3547
f 3533/3533/3533 3562/3562/3562 3537/3537/3537
f 140/140/140 3562/3562/3562 3533/3533/3533
f 140/140/140 3533/3533/3533 3281/3281/3281
f 3281/3281/3281 3533/3533/3533 3536/3536/3536
f 3537/3537/3537 3562/3562/3562 3560/3560/3560
f 3560/3560/3560 3562/3562/3562 3540/3540/3540
f 3540/3540/3540 3527/3527/3527 3560/3560/3560
f 3540/3540/3540 1355/1355/1355 3527/3527/3527
f 1355/1355/1355 110/110/110 3527/3527/3527
f 110/110/110 1355/1355/1355 120/120/120
f 110/110/110 120/120/120 140/140/140
f 120/120/120 3562/3562/3562 140/140/140
f 3560/3560/3560 3527/3527/3527 3532/3532/3532
f 3532/3532/3532 3527/3527/3527 3512/3512/3512
f 3527/3527/3527 127/127/127 3512/3512/3512
f 3527/3527/3527 110/110/110 127/127/127
f 3532/3532/3532 3512/3512/3512 3538/3538/3538
f 3538/3538/3538 3512/3512/3512 3534/3534/3534
f 3512/3512/3512 3280/3280/3280 3534/3534/3534
f 127/127/127 3280/3280/3280 3512/3512/3512
f 3280/3280/3280 127/127/127 3626/3626/3626
f 3538/3538/3538 3657/3657/3657 3532/3532/3532
f 3538/3538/3538 3585/3585/3585 3657/3657/3657
f 3538/3538/3538 3563/3563/3563 3585/3585/3585
f 3534/3534/3534 3563/3563/3563 3538/3538/3538
f 3563/3563/3563 3534/3534/3534 3280/3280/3280
f 3280/3280/3280 3484/3484/3484 3563/3563/3563
f 3626/3626/3626 3484/3484/3484 3280/3280/3280
f 3507/3507/3507 3484/3484/3484 3626/3626/3626
f 3626/3626/3626 3525/3525/3525 3507/3507/3507
f 3529/3529/3529 3525/3525/3525 3626/3626/3626
f 3626/3626/3626 3659/3659/3659 3529/3529/3529
f 3657/3657/3657 3585/3585/3585 3716/3716/3716
f 3585/3585/3585 3602/3602/3602 3716/3716/3716
f 3585/3585/3585 3563/3563/3563 3602/3602/3602
f 3563/3563/3563 3484/3484/3484 3602/3602/3602
f 3484/3484/3484 3507/3507/3507 3602/3602/3602
f 3602/3602/3602 3507/3507/3507 139/139/139
f 3507/3507/3507 3715/3715/3715 139/139/139
f 3525/3525/3525 3715/3715/3715 3507/3507/3507
f 3525/3525/3525 149/149/149 3715/3715/3715
f 3529/3529/3529 149/149/149 3525/3525/3525
f 3706/3706/3706 149/149/149 3529/3529/3529
f 3659/3659/3659 3706/3706/3706 3529/3529/3529
f 3716/3716/3716 148/148/148 3657/3657/3657
f 148/148/148 3716/3716/3716 3715/3715/3715
f 3715/3715/3715 3716/3716/3716 139/139/139
f 3716/3716/3716 3602/3602/3602 139/139/139
f 3657/3657/3657 148/148/148 152/152/152
f 152/152/152 148/148/148 149/149/149
f 149/149/149 148/148/148 3715/3715/3715
f 3702/3702/3702 3657/3657/3657 152/152/152
f 3706/3706/3706 3702/3702/3702 152/152/152
f 149/149/149 3706/3706/3706 152/152/152
f 1555/1555/1555 3702/3702/3702 3706/3706/3706
f 3649/3649/3649 1555/1555/1555 3706/3706/3706
f 3649/3649/3649 3706/3706/3706 3659/3659/3659
f 3659/3659/3659 3700/3700/3700 3649/3649/3649
f 3702/3702/3702 1555/1555/1555 3701/3701/3701
f 3701/3701/3701 3700/3700/3700 3702/3702/3702
f 3612/3612/3612 3547/3547/3547 3603/3603/3603
f 3603/3603/3603 3547/3547/3547 3606/3606/3606
f 3547/3547/3547 3608/3608/3608 3606/3606/3606
f 3590/3590/3590 3608/3608/3608 3547/3547/3547
f 3590/3590/3590 3547/3547/3547 3569/3569/3569
f 3569/3569/3569 3547/3547/3547 3568/3568/3568
f 3612/3612/3612 3603/3603/3603 3597/3597/3597
f 3597/3597/3597 3603/3603/3603 3613/3613/3613
f 3603/3603/3603 3605/3605/3605 3613/3613/3613
f 3603/3603/3603 3606/3606/3606 3605/3605/3605
f 3606/3606/3606 3619/3619/3619 3605/3605/3605
f 3623/3623/3623 3619/3619/3619 3606/3606/3606
f 3606/3606/3606 3610/3610/3610 3623/3623/3623
f 3608/3608/3608 3610/3610/3610 3606/3606/3606
f 3608/3608/3608 3592/3592/3592 3610/3610/3610
f 3590/3590/3590 3592/3592/3592 3608/3608/3608
f 3569/3569/3569 3592/3592/3592 3590/3590/3590
f 3613/3613/3613 3598/3598/3598 3597/3597/3597
f 3471/3471/3471 3598/3598/3598 3613/3613/3613
f 3613/3613/3613 3475/3475/3475 3471/3471/3471
f 3609/3609/3609 3475/3475/3475 3613/3613/3613
f 3613/3613/3613 3605/3605/3605 3609/3609/3609
f 3605/3605/3605 3619/3619/3619 3609/3609/3609
f 3619/3619/3619 3607/3607/3607 3609/3609/3609
f 3615/3615/3615 3607/3607/3607 3619/3619/3619
f 3623/3623/3623 3615/3615/3615 3619/3619/3619
f 3598/3598/3598 3471/3471/3471 3487/3487/3487
f 3487/3487/3487 3471/3471/3471 3488/3488/3488
f 3475/3475/3475 3488/3488/3488 3471/3471/3471
f 3480/3480/3480 3488/3488/3488 3475/3475/3475
f 3475/3475/3475 3477/3477/3477 3480/3480/3480
f 3474/3474/3474 3477/3477/3477 3475/3475/3475
f 3609/3609/3609 3474/3474/3474 3475/3475/3475
f 3607/3607/3607 3474/3474/3474 3609/3609/3609
f 3607/3607/3607 3486/3486/3486 3474/3474/3474
f 3616/3616/3616 3486/3486/3486 3607/3607/3607
f 3615/3615/3615 3616/3616/3616 3607/3607/3607
f 3488/3488/3488 3472/3472/3472 3487/3487/3487
f 3473/3473/3473 3472/3472/3472 3488/3488/3488
f 3480/3480/3480 3473/3473/3473 3488/3488/3488
f 3481/3481/3481 3473/3473/3473 3480/3480/3480
f 3480/3480/3480 3478/3478/3478 3481/3481/3481
f 3477/3477/3477 3478/3478/3478 3480/3480/3480
f 3477/3477/3477 3479/3479/3479 3478/3478/3478
f 3476/3476/3476 3479/3479/3479 3477/3477/3477
f 3474/3474/3474 3476/3476/3476 3477/3477/3477
f 3486/3486/3486 3476/3476/3476 3474/3474/3474
f 3504/3504/3504 3487/3487/3487 3472/3472/3472
f 3504/3504/3504 3472/3472/3472 3503/3503/3503
f 3503/3503/3503 3472/3472/3472 3473/3473/3473
f 3473/3473/3473 3481/3481/3481 3503/3503/3503
f 3503/3503/3503 3481/3481/3481 3636/3636/3636
f 3481/3481/3481 3524/3524/3524 3636/3636/3636
f 3478/3478/3478 3524/3524/3524 3481/3481/3481
f 3478/3478/3478 3479/3479/3479 3524/3524/3524
f 3524/3524/3524 3479/3479/3479 3641/3641/3641
f 3476/3476/3476 3641/3641/3641 3479/3479/3479
f 3642/3642/3642 3641/3641/3641 3476/3476/3476
f 3642/3642/3642 3476/3476/3476 3639/3639/3639
f 3639/3639/3639 3476/3476/3476 3486/3486/3486
f 3504/3504/3504 3503/3503/3503 3518/3518/3518
f 3518/3518/3518 3503/3503/3503 3517/3517/3517
f 3503/3503/3503 3637/3637/3637 3517/3517/3517
f 3636/3636/3636 3637/3637/3637 3503/3503/3503
f 3636/3636/3636 3524/3524/3524 3637/3637/3637
f 3637/3637/3637 3524/3524/3524 3520/3520/3520
f 3524/3524/3524 3505/3505/3505 3520/3520/3520
f 3641/3641/3641 3505/3505/3505 3524/3524/3524
f 3505/3505/3505 3641/3641/3641 3522/3522/3522
f 3522/3522/3522 3641/3641/3641 3642/3642/3642
f 3642/3642/3642 3639/3639/3639 3522/3522/3522
f 3500/3500/3500 3518/3518/3518 3517/3517/3517
f 3517/3517/3517 3519/3519/3519 3500/3500/3500
f 3637/3637/3637 3519/3519/3519 3517/3517/3517
f 3520/3520/3520 3519/3519/3519 3637/3637/3637
f 3638/3638/3638 3519/3519/3519 3520/3520/3520
f 3520/3520/3520 3505/3505/3505 3638/3638/3638
f 3638/3638/3638 3505/3505/3505 3522/3522/3522
f 3638/3638/3638 3522/3522/3522 3523/3523/3523
f 3523/3523/3523 3522/3522/3522 3643/3643/3643
f 3522/3522/3522 3639/3639/3639 3643/3643/3643
f 3639/3639/3639 3635/3635/3635 3643/3643/3643
f 3639/3639/3639 3486/3486/3486 3635/3635/3635
f 3635/3635/3635 3486/3486/3486 3616/3616/3616
f 133/133/133 3635/3635/3635 3616/3616/3616
f 3616/3616/3616 3614/3614/3614 133/133/133
f 3614/3614/3614 3616/3616/3616 3615/3615/3615
f 3643/3643/3643 3635/3635/3635 3494/3494/3494
f 3635/3635/3635 3651/3651/3651 3494/3494/3494
f 3625/3625/3625 3651/3651/3651 3635/3635/3635
f 3625/3625/3625 3635/3635/3635 133/133/133
f 3286/3286/3286 3625/3625/3625 133/133/133
f 133/133/133 3614/3614/3614 3286/3286/3286
f 3614/3614/3614 3549/3549/3549 3286/3286/3286
f 3614/3614/3614 3618/3618/3618 3549/3549/3549
f 3614/3614/3614 3611/3611/3611 3618/3618/3618
f 3615/3615/3615 3611/3611/3611 3614/3614/3614
f 3581/3581/3581 3494/3494/3494 3651/3651/3651
f 3581/3581/3581 3651/3651/3651 3648/3648/3648
f 3625/3625/3625 3648/3648/3648 3651/3651/3651
f 3650/3650/3650 3648/3648/3648 3625/3625/3625
f 3650/3650/3650 3625/3625/3625 3286/3286/3286
f 3581/3581/3581 3530/3530/3530 3494/3494/3494
f 3530/3530/3530 3581/3581/3581 3521/3521/3521
f 3521/3521/3521 3581/3581/3581 3528/3528/3528
f 3581/3581/3581 3729/3729/3729 3528/3528/3528
f 3581/3581/3581 3648/3648/3648 3729/3729/3729
f 3729/3729/3729 3648/3648/3648 3697/3697/3697
f 3695/3695/3695 3729/3729/3729 3697/3697/3697
f 3582/3582/3582 3530/3530/3530 3521/3521/3521
f 3758/3758/3758 3582/3582/3582 3521/3521/3521
f 3521/3521/3521 3583/3583/3583 3758/3758/3758
f 3521/3521/3521 3579/3579/3579 3583/3583/3583
f 3528/3528/3528 3579/3579/3579 3521/3521/3521
f 3528/3528/3528 3743/3743/3743 3579/3579/3579
f 3528/3528/3528 3729/3729/3729 3743/3743/3743
f 3729/3729/3729 3734/3734/3734 3743/3743/3743
f 3731/3731/3731 3734/3734/3734 3729/3729/3729
f 3731/3731/3731 3729/3729/3729 3695/3695/3695
f 3758/3758/3758 3583/3583/3583 3721/3721/3721
f 3583/3583/3583 3741/3741/3741 3721/3721/3721
f 3579/3579/3579 3741/3741/3741 3583/3583/3583
f 3579/3579/3579 3743/3743/3743 3741/3741/3741
f 3741/3741/3741 3743/3743/3743 3742/3742/3742
f 3742/3742/3742 3743/3743/3743 3734/3734/3734
f 3734/3734/3734 3730/3730/3730 3742/3742/3742
f 3731/3731/3731 3730/3730/3730 3734/3734/3734
f 3721/3721/3721 3739/3739/3739 3758/3758/3758
f 3721/3721/3721 3741/3741/3741 3739/3739/3739
f 3739/3739/3739 3741/3741/3741 3742/3742/3742
f 3742/3742/3742 3730/3730/3730 3739/3739/3739
f 3758/3758/3758 3739/3739/3739 3730/3730/3730
f 3699/3699/3699 3731/3731/3731 3695/3695/3695
f 3695/3695/3695 3696/3696/3696 3699/3699/3699
f 3691/3691/3691 3696/3696/3696 3695/3695/3695
f 3691/3691/3691 3559/3559/3559 3696/3696/3696
f 3696/3696/3696 3559/3559/3559 3601/3601/3601
f 3552/3552/3552 3601/3601/3601 3559/3559/3559
f 3552/3552/3552 3559/3559/3559 3549/3549/3549
f 3549/3549/3549 3559/3559/3559 3535/3535/3535
f 3696/3696/3696 117/117/117 3699/3699/3699
f 3696/3696/3696 3601/3601/3601 117/117/117
f 117/117/117 3601/3601/3601 3558/3558/3558
f 3552/3552/3552 3558/3558/3558 3601/3601/3601
f 3552/3552/3552 3630/3630/3630 3558/3558/3558
f 3630/3630/3630 3552/3552/3552 3550/3550/3550
f 3550/3550/3550 3552/3552/3552 3631/3631/3631
f 3552/3552/3552 3549/3549/3549 3631/3631/3631
f 3631/3631/3631 3549/3549/3549 3556/3556/3556
f 3549/3549/3549 3618/3618/3618 3556/3556/3556
f 3575/3575/3575 117/117/117 3558/3558/3558
f 3557/3557/3557 3575/3575/3575 3558/3558/3558
f 3558/3558/3558 3630/3630/3630 3557/3557/3557
f 3588/3588/3588 3557/3557/3557 3630/3630/3630
f 3588/3588/3588 3630/3630/3630 3627/3627/3627
f 3627/3627/3627 3630/3630/3630 3665/3665/3665
f 3665/3665/3665 3630/3630/3630 3550/3550/3550
f 146/146/146 117/117/117 3575/3575/3575
f 3586/3586/3586 146/146/146 3575/3575/3575
f 3577/3577/3577 3586/3586/3586 3575/3575/3575
f 3577/3577/3577 3575/3575/3575 3557/3557/3557
f 3553/3553/3553 3577/3577/3577 3557/3557/3557
f 3553/3553/3553 3557/3557/3557 3588/3588/3588
f 109/109/109 146/146/146 3586/3586/3586
f 3586/3586/3586 151/151/151 109/109/109
f 3565/3565/3565 151/151/151 3586/3586/3586
f 3587/3587/3587 3565/3565/3565 3586/3586/3586
f 3587/3587/3587 3586/3586/3586 3577/3577/3577
f 3539/3539/3539 3587/3587/3587 3577/3577/3577
f 3539/3539/3539 3577/3577/3577 3553/3553/3553
f 109/109/109 104/104/104 146/146/146
f 109/109/109 151/151/151 104/104/104
f 3286/3286/3286 3549/3549/3549 3535/3535/3535
f 3574/3574/3574 3587/3587/3587 3539/3539/3539
f 3587/3587/3587 3574/3574/3574 3573/3573/3573
f 3573/3573/3573 3574/3574/3574 3578/3578/3578
f 3578/3578/3578 3574/3574/3574 3595/3595/3595
f 3283/3283/3283 3578/3578/3578 3595/3595/3595
f 132/132/132 3578/3578/3578 3283/3283/3283
f 132/132/132 145/145/145 3578/3578/3578
f 3573/3573/3573 3565/3565/3565 3587/3587/3587
f 145/145/145 3565/3565/3565 3573/3573/3573
f 3578/3578/3578 145/145/145 3573/3573/3573
f 151/151/151 3565/3565/3565 145/145/145
f 3568/3568/3568 3588/3588/3588 3627/3627/3627
f 3568/3568/3568 3627/3627/3627 3593/3593/3593
f 3593/3593/3593 3627/3627/3627 3660/3660/3660
f 3627/3627/3627 3665/3665/3665 3660/3660/3660
f 3660/3660/3660 3665/3665/3665 3629/3629/3629
f 3629/3629/3629 3665/3665/3665 3628/3628/3628
f 3628/3628/3628 3665/3665/3665 3550/3550/3550
f 3593/3593/3593 3569/3569/3569 3568/3568/3568
f 3593/3593/3593 3592/3592/3592 3569/3569/3569
f 3593/3593/3593 3629/3629/3629 3592/3592/3592
f 3660/3660/3660 3629/3629/3629 3593/3593/3593
f 3629/3629/3629 3610/3610/3610 3592/3592/3592
f 3644/3644/3644 3610/3610/3610 3629/3629/3629
f 3644/3644/3644 3629/3629/3629 3621/3621/3621
f 3621/3621/3621 3629/3629/3629 3628/3628/3628
f 3621/3621/3621 3628/3628/3628 3611/3611/3611
f 3628/3628/3628 3604/3604/3604 3611/3611/3611
f 3589/3589/3589 3604/3604/3604 3628/3628/3628
f 3628/3628/3628 3554/3554/3554 3589/3589/3589
f 3550/3550/3550 3554/3554/3554 3628/3628/3628
f 3623/3623/3623 3610/3610/3610 3644/3644/3644
f 3621/3621/3621 3623/3623/3623 3644/3644/3644
f 3621/3621/3621 3615/3615/3615 3623/3623/3623
f 3615/3615/3615 3621/3621/3621 3611/3611/3611
f 3550/3550/3550 3551/3551/3551 3554/3554/3554
f 3551/3551/3551 3555/3555/3555 3554/3554/3554
f 3551/3551/3551 3556/3556/3556 3555/3555/3555
f 3631/3631/3631 3556/3556/3556 3551/3551/3551
f 3631/3631/3631 3551/3551/3551 3550/3550/3550
f 3554/3554/3554 3555/3555/3555 3589/3589/3589
f 3589/3589/3589 3555/3555/3555 3604/3604/3604
f 3604/3604/3604 3555/3555/3555 3620/3620/3620
f 3555/3555/3555 3556/3556/3556 3620/3620/3620
f 3620/3620/3620 3556/3556/3556 3618/3618/3618
f 3618/3618/3618 3611/3611/3611 3620/3620/3620
f 3620/3620/3620 3611/3611/3611 3604/3604/3604
f 1544/1544/1544 1578/1578/1578 1576/1576/1576
f 1543/1543/1543 1578/1578/1578 1544/1544/1544
f 1544/1544/1544 1498/1498/1498 1543/1543/1543
f 1544/1544/1544 1547/1547/1547 1498/1498/1498
f 1576/1576/1576 1547/1547/1547 1544/1544/1544
f 1542/1542/1542 1578/1578/1578 1543/1543/1543
f 1542/1542/1542 1543/1543/1543 1485/1485/1485
f 1498/1498/1498 1485/1485/1485 1543/1543/1543
f 1498/1498/1498 1512/1512/1512 1485/1485/1485
f 1498/1498/1498 1547/1547/1547 1512/1512/1512
f 1507/1507/1507 1512/1512/1512 1547/1547/1547
f 1512/1512/1512 1507/1507/1507 1508/1508/1508
f 1507/1507/1507 1506/1506/1506 1508/1508/1508
f 1507/1507/1507 1564/1564/1564 1506/1506/1506
f 1578/1578/1578 1542/1542/1542 1565/1565/1565
f 1565/1565/1565 1542/1542/1542 1549/1549/1549
f 1542/1542/1542 1514/1514/1514 1549/1549/1549
f 1485/1485/1485 1514/1514/1514 1542/1542/1542
f 1514/1514/1514 1485/1485/1485 1478/1478/1478
f 1512/1512/1512 1478/1478/1478 1485/1485/1485
f 1508/1508/1508 1478/1478/1478 1512/1512/1512
f 1508/1508/1508 1506/1506/1506 1478/1478/1478
f 1478/1478/1478 1506/1506/1506 1513/1513/1513
f 1500/1500/1500 1513/1513/1513 1506/1506/1506
f 1500/1500/1500 1506/1506/1506 1564/1564/1564
f 1564/1564/1564 1515/1515/1515 1500/1500/1500
f 1574/1574/1574 1515/1515/1515 1564/1564/1564
f 1550/1550/1550 1565/1565/1565 1549/1549/1549
f 1549/1549/1549 1514/1514/1514 1550/1550/1550
f 1550/1550/1550 1514/1514/1514 1513/1513/1513
f 1514/1514/1514 1478/1478/1478 1513/1513/1513
f 1582/1582/1582 1565/1565/1565 1550/1550/1550
f 1499/1499/1499 1582/1582/1582 1550/1550/1550
f 1499/1499/1499 1550/1550/1550 1513/1513/1513
f 1500/1500/1500 1499/1499/1499 1513/1513/1513
f 1499/1499/1499 1500/1500/1500 1515/1515/1515
f 1515/1515/1515 1582/1582/1582 1499/1499/1499
f 1574/1574/1574 1582/1582/1582 1515/1515/1515
f 1664/1664/1664 1641/1641/1641 2514/2514/2514
f 2514/2514/2514 1641/1641/1641 1683/1683/1683
f 1641/1641/1641 1645/1645/1645 1683/1683/1683
f 1641/1641/1641 2536/2536/2536 1645/1645/1645
f 1755/1755/1755 2536/2536/2536 1641/1641/1641
f 1641/1641/1641 1664/1664/1664 1755/1755/1755
f 1677/1677/1677 1755/1755/1755 1664/1664/1664
f 1758/1758/1758 1755/1755/1755 1677/1677/1677
f 1678/1678/1678 1758/1758/1758 1677/1677/1677
f 1683/1683/1683 1640/1640/1640 2514/2514/2514
f 1683/1683/1683 1663/1663/1663 1640/1640/1640
f 1639/1639/1639 1663/1663/1663 1683/1683/1683
f 1683/1683/1683 1645/1645/1645 1639/1639/1639
f 1639/1639/1639 1645/1645/1645 1647/1647/1647
f 1647/1647/1647 1645/1645/1645 2526/2526/2526
f 1645/1645/1645 2536/2536/2536 2526/2526/2526
f 2514/2514/2514 1640/1640/1640 2420/2420/2420
f 2568/2568/2568 2420/2420/2420 1640/1640/1640
f 1640/1640/1640 1638/1638/1638 2568/2568/2568
f 1663/1663/1663 1638/1638/1638 1640/1640/1640
f 1643/1643/1643 1638/1638/1638 1663/1663/1663
f 1643/1643/1643 1663/1663/1663 1647/1647/1647
f 1647/1647/1647 1663/1663/1663 1639/1639/1639
f 2420/2420/2420 2568/2568/2568 2418/2418/2418
f 2418/2418/2418 2568/2568/2568 2542/2542/2542
f 2574/2574/2574 2542/2542/2542 2568/2568/2568
f 2568/2568/2568 1638/1638/1638 2574/2574/2574
f 2574/2574/2574 1638/1638/1638 1698/1698/1698
f 1698/1698/1698 1638/1638/1638 1643/1643/1643
f 1643/1643/1643 1753/1753/1753 1698/1698/1698
f 1753/1753/1753 1643/1643/1643 1722/1722/1722
f 1722/1722/1722 1643/1643/1643 1647/1647/1647
f 2418/2418/2418 2542/2542/2542 2519/2519/2519
f 2519/2519/2519 2542/2542/2542 2570/2570/2570
f 2577/2577/2577 2570/2570/2570 2542/2542/2542
f 2577/2577/2577 2542/2542/2542 2574/2574/2574
f 2574/2574/2574 1695/1695/1695 2577/2577/2577
f 1698/1698/1698 1695/1695/1695 2574/2574/2574
f 1695/1695/1695 1698/1698/1698 1699/1699/1699
f 1698/1698/1698 1753/1753/1753 1699/1699/1699
f 2519/2519/2519 2570/2570/2570 2419/2419/2419
f 2419/2419/2419 2570/2570/2570 2564/2564/2564
f 2564/2564/2564 2570/2570/2570 1690/1690/1690
f 1690/1690/1690 2570/2570/2570 2577/2577/2577
f 1690/1690/1690 2577/2577/2577 1691/1691/1691
f 1691/1691/1691 2577/2577/2577 1695/1695/1695
f 1695/1695/1695 1692/1692/1692 1691/1691/1691
f 1699/1699/1699 1692/1692/1692 1695/1695/1695
f 1688/1688/1688 1692/1692/1692 1699/1699/1699
f 1689/1689/1689 1688/1688/1688 1699/1699/1699
f 1753/1753/1753 1689/1689/1689 1699/1699/1699
f 2419/2419/2419 2564/2564/2564 2562/2562/2562
f 2562/2562/2562 2564/2564/2564 2566/2566/2566
f 1660/1660/1660 2566/2566/2566 2564/2564/2564
f 2564/2564/2564 1690/1690/1690 1660/1660/1660
f 1658/1658/1658 1660/1660/1660 1690/1690/1690
f 1686/1686/1686 1658/1658/1658 1690/1690/1690
f 1690/1690/1690 1691/1691/1691 1686/1686/1686
f 1691/1691/1691 1692/1692/1692 1686/1686/1686
f 1686/1686/1686 1692/1692/1692 1659/1659/1659
f 1659/1659/1659 1692/1692/1692 1650/1650/1650
f 1688/1688/1688 1650/1650/1650 1692/1692/1692
f 2566/2566/2566 2565/2565/2565 2562/2562/2562
f 2565/2565/2565 2566/2566/2566 1684/1684/1684
f 1684/1684/1684 2566/2566/2566 1685/1685/1685
f 1685/1685/1685 2566/2566/2566 1660/1660/1660
f 1660/1660/1660 1662/1662/1662 1685/1685/1685
f 1662/1662/1662 1660/1660/1660 1658/1658/1658
f 2562/2562/2562 2565/2565/2565 2563/2563/2563
f 2561/2561/2561 2563/2563/2563 2565/2565/2565
f 1684/1684/1684 2561/2561/2561 2565/2565/2565
f 1649/1649/1649 2561/2561/2561 1684/1684/1684
f 1657/1657/1657 1649/1649/1649 1684/1684/1684
f 1657/1657/1657 1684/1684/1684 1661/1661/1661
f 1661/1661/1661 1684/1684/1684 1685/1685/1685
f 1685/1685/1685 1662/1662/1662 1661/1661/1661
f 2569/2569/2569 1661/1661/1661 1662/1662/1662
f 1658/1658/1658 2569/2569/2569 1662/1662/1662
f 2561/2561/2561 2597/2597/2597 2563/2563/2563
f 2560/2560/2560 2597/2597/2597 2561/2561/2561
f 1642/1642/1642 2560/2560/2560 2561/2561/2561
f 1649/1649/1649 1642/1642/1642 2561/2561/2561
f 1642/1642/1642 1649/1649/1649 1656/1656/1656
f 1656/1656/1656 1649/1649/1649 1646/1646/1646
f 1646/1646/1646 1649/1649/1649 1657/1657/1657
f 2563/2563/2563 2597/2597/2597 2595/2595/2595
f 2595/2595/2595 2597/2597/2597 2622/2622/2622
f 2592/2592/2592 2622/2622/2622 2597/2597/2597
f 2592/2592/2592 2597/2597/2597 2560/2560/2560
f 2592/2592/2592 2560/2560/2560 2594/2594/2594
f 2594/2594/2594 2560/2560/2560 2567/2567/2567
f 2567/2567/2567 2560/2560/2560 1642/1642/1642
f 2595/2595/2595 2622/2622/2622 2571/2571/2571
f 2571/2571/2571 2622/2622/2622 2527/2527/2527
f 2527/2527/2527 2622/2622/2622 1697/1697/1697
f 1697/1697/1697 2622/2622/2622 1700/1700/1700
f 2622/2622/2622 2592/2592/2592 1700/1700/1700
f 1700/1700/1700 2592/2592/2592 2594/2594/2594
f 1700/1700/1700 2594/2594/2594 1728/1728/1728
f 1728/1728/1728 2594/2594/2594 2593/2593/2593
f 2567/2567/2567 2593/2593/2593 2594/2594/2594
f 1642/1642/1642 2593/2593/2593 2567/2567/2567
f 2571/2571/2571 2527/2527/2527 2604/2604/2604
f 1697/1697/1697 2604/2604/2604 2527/2527/2527
f 1745/1745/1745 2604/2604/2604 1697/1697/1697
f 1727/1727/1727 1745/1745/1745 1697/1697/1697
f 1727/1727/1727 1697/1697/1697 1728/1728/1728
f 1728/1728/1728 1697/1697/1697 1700/1700/1700
f 2604/2604/2604 2608/2608/2608 2571/2571/2571
f 1745/1745/1745 2608/2608/2608 2604/2604/2604
f 1744/1744/1744 2608/2608/2608 1745/1745/1745
f 1744/1744/1744 1745/1745/1745 1730/1730/1730
f 1730/1730/1730 1745/1745/1745 1727/1727/1727
f 1752/1752/1752 1730/1730/1730 1727/1727/1727
f 1727/1727/1727 1728/1728/1728 1752/1752/1752
f 1752/1752/1752 1728/1728/1728 1725/1725/1725
f 1728/1728/1728 2593/2593/2593 1725/1725/1725
f 1725/1725/1725 2593/2593/2593 1694/1694/1694
f 2593/2593/2593 1642/1642/1642 1694/1694/1694
f 2571/2571/2571 2608/2608/2608 2607/2607/2607
f 2608/2608/2608 2543/2543/2543 2607/2607/2607
f 2534/2534/2534 2543/2543/2543 2608/2608/2608
f 2608/2608/2608 1744/1744/1744 2534/2534/2534
f 2534/2534/2534 1744/1744/1744 2525/2525/2525
f 1730/1730/1730 2525/2525/2525 1744/1744/1744
f 2544/2544/2544 2525/2525/2525 1730/1730/1730
f 1714/1714/1714 2544/2544/2544 1730/1730/1730
f 1714/1714/1714 1730/1730/1730 1752/1752/1752
f 2607/2607/2607 2543/2543/2543 2605/2605/2605
f 2523/2523/2523 2605/2605/2605 2543/2543/2543
f 2523/2523/2523 2543/2543/2543 2535/2535/2535
f 2535/2535/2535 2543/2543/2543 2534/2534/2534
f 2534/2534/2534 2525/2525/2525 2535/2535/2535
f 2535/2535/2535 2525/2525/2525 2522/2522/2522
f 2525/2525/2525 2544/2544/2544 2522/2522/2522
f 2522/2522/2522 2544/2544/2544 2524/2524/2524
f 2544/2544/2544 1826/1826/1826 2524/2524/2524
f 1757/1757/1757 1826/1826/1826 2544/2544/2544
f 1757/1757/1757 2544/2544/2544 1714/1714/1714
f 2523/2523/2523 2606/2606/2606 2605/2605/2605
f 1729/1729/1729 2606/2606/2606 2523/2523/2523
f 2524/2524/2524 1729/1729/1729 2523/2523/2523
f 2535/2535/2535 2524/2524/2524 2523/2523/2523
f 2522/2522/2522 2524/2524/2524 2535/2535/2535
f 2603/2603/2603 2605/2605/2605 2606/2606/2606
f 2603/2603/2603 2606/2606/2606 2621/2621/2621
f 2606/2606/2606 1760/1760/1760 2621/2621/2621
f 1760/1760/1760 2606/2606/2606 1729/1729/1729
f 1764/1764/1764 1760/1760/1760 1729/1729/1729
f 1729/1729/1729 1831/1831/1831 1764/1764/1764
f 2524/2524/2524 1831/1831/1831 1729/1729/1729
f 1831/1831/1831 2524/2524/2524 1818/1818/1818
f 1818/1818/1818 2524/2524/2524 1826/1826/1826
f 1826/1826/1826 1816/1816/1816 1818/1818/1818
f 1757/1757/1757 1816/1816/1816 1826/1826/1826
f 2621/2621/2621 1829/1829/1829 2603/2603/2603
f 1829/1829/1829 2621/2621/2621 1810/1810/1810
f 1810/1810/1810 2621/2621/2621 1760/1760/1760
f 1760/1760/1760 1761/1761/1761 1810/1810/1810
f 1802/1802/1802 1761/1761/1761 1760/1760/1760
f 1802/1802/1802 1760/1760/1760 1764/1764/1764
f 1718/1718/1718 1802/1802/1802 1764/1764/1764
f 1718/1718/1718 1764/1764/1764 1823/1823/1823
f 1823/1823/1823 1764/1764/1764 1831/1831/1831
f 1831/1831/1831 1818/1818/1818 1823/1823/1823
f 2603/2603/2603 1829/1829/1829 1652/1652/1652
f 1808/1808/1808 1652/1652/1652 1829/1829/1829
f 1829/1829/1829 1810/1810/1810 1808/1808/1808
f 1808/1808/1808 1810/1810/1810 1812/1812/1812
f 1761/1761/1761 1812/1812/1812 1810/1810/1810
f 1803/1803/1803 1812/1812/1812 1761/1761/1761
f 1761/1761/1761 1832/1832/1832 1803/1803/1803
f 1824/1824/1824 1832/1832/1832 1761/1761/1761
f 1824/1824/1824 1761/1761/1761 1719/1719/1719
f 1719/1719/1719 1761/1761/1761 1802/1802/1802
f 1719/1719/1719 1802/1802/1802 1718/1718/1718
f 1808/1808/1808 1815/1815/1815 1652/1652/1652
f 1808/1808/1808 1812/1812/1812 1815/1815/1815
f 1815/1815/1815 1812/1812/1812 1805/1805/1805
f 1812/1812/1812 1819/1819/1819 1805/1805/1805
f 1803/1803/1803 1819/1819/1819 1812/1812/1812
f 1803/1803/1803 1833/1833/1833 1819/1819/1819
f 1832/1832/1832 1833/1833/1833 1803/1803/1803
f 1833/1833/1833 1832/1832/1832 1716/1716/1716
f 1716/1716/1716 1832/1832/1832 1766/1766/1766
f 1832/1832/1832 1824/1824/1824 1766/1766/1766
f 1719/1719/1719 1766/1766/1766 1824/1824/1824
f 1652/1652/1652 1815/1815/1815 1655/1655/1655
f 1815/1815/1815 1809/1809/1809 1655/1655/1655
f 1805/1805/1805 1809/1809/1809 1815/1815/1815
f 1797/1797/1797 1809/1809/1809 1805/1805/1805
f 1805/1805/1805 1798/1798/1798 1797/1797/1797
f 1759/1759/1759 1798/1798/1798 1805/1805/1805
f 1819/1819/1819 1759/1759/1759 1805/1805/1805
f 1759/1759/1759 1819/1819/1819 1817/1817/1817
f 1833/1833/1833 1817/1817/1817 1819/1819/1819
f 1655/1655/1655 1809/1809/1809 1653/1653/1653
f 1809/1809/1809 1723/1723/1723 1653/1653/1653
f 1723/1723/1723 1809/1809/1809 1797/1797/1797
f 1797/1797/1797 1758/1758/1758 1723/1723/1723
f 1758/1758/1758 1797/1797/1797 1755/1755/1755
f 1755/1755/1755 1797/1797/1797 1795/1795/1795
f 1797/1797/1797 1769/1769/1769 1795/1795/1795
f 1797/1797/1797 1798/1798/1798 1769/1769/1769
f 1798/1798/1798 1804/1804/1804 1769/1769/1769
f 1804/1804/1804 1798/1798/1798 1759/1759/1759
f 1817/1817/1817 1804/1804/1804 1759/1759/1759
f 1653/1653/1653 1723/1723/1723 1678/1678/1678
f 1723/1723/1723 1758/1758/1758 1678/1678/1678
f 1795/1795/1795 2536/2536/2536 1755/1755/1755
f 1825/1825/1825 2536/2536/2536 1795/1795/1795
f 1795/1795/1795 1769/1769/1769 1825/1825/1825
f 1796/1796/1796 1825/1825/1825 1769/1769/1769
f 1769/1769/1769 1804/1804/1804 1796/1796/1796
f 1804/1804/1804 1800/1800/1800 1796/1796/1796
f 1804/1804/1804 1762/1762/1762 1800/1800/1800
f 1763/1763/1763 1762/1762/1762 1804/1804/1804
f 1763/1763/1763 1804/1804/1804 1817/1817/1817
f 2526/2526/2526 2536/2536/2536 1825/1825/1825
f 1825/1825/1825 1724/1724/1724 2526/2526/2526
f 1796/1796/1796 1724/1724/1724 1825/1825/1825
f 1796/1796/1796 1765/1765/1765 1724/1724/1724
f 1800/1800/1800 1765/1765/1765 1796/1796/1796
f 1754/1754/1754 1765/1765/1765 1800/1800/1800
f 1754/1754/1754 1800/1800/1800 1816/1816/1816
f 1816/1816/1816 1800/1800/1800 1799/1799/1799
f 1800/1800/1800 1720/1720/1720 1799/1799/1799
f 1762/1762/1762 1720/1720/1720 1800/1800/1800
f 2526/2526/2526 1724/1724/1724 1647/1647/1647
f 1647/1647/1647 1724/1724/1724 1722/1722/1722
f 1722/1722/1722 1724/1724/1724 1710/1710/1710
f 1710/1710/1710 1724/1724/1724 1756/1756/1756
f 1724/1724/1724 1765/1765/1765 1756/1756/1756
f 1765/1765/1765 1714/1714/1714 1756/1756/1756
f 1757/1757/1757 1714/1714/1714 1765/1765/1765
f 1754/1754/1754 1757/1757/1757 1765/1765/1765
f 1754/1754/1754 1816/1816/1816 1757/1757/1757
f 1722/1722/1722 1710/1710/1710 1753/1753/1753
f 1753/1753/1753 1710/1710/1710 1721/1721/1721
f 1752/1752/1752 1721/1721/1721 1710/1710/1710
f 1710/1710/1710 1756/1756/1756 1752/1752/1752
f 1752/1752/1752 1756/1756/1756 1714/1714/1714
f 1721/1721/1721 1689/1689/1689 1753/1753/1753
f 1721/1721/1721 1725/1725/1725 1689/1689/1689
f 1725/1725/1725 1721/1721/1721 1752/1752/1752
f 1689/1689/1689 1725/1725/1725 1694/1694/1694
f 1731/1731/1731 1689/1689/1689 1694/1694/1694
f 1696/1696/1696 1731/1731/1731 1694/1694/1694
f 1694/1694/1694 1642/1642/1642 1696/1696/1696
f 1642/1642/1642 1644/1644/1644 1696/1696/1696
f 1656/1656/1656 1644/1644/1644 1642/1642/1642
f 1648/1648/1648 1644/1644/1644 1656/1656/1656
f 1656/1656/1656 1646/1646/1646 1648/1648/1648
f 1731/1731/1731 1688/1688/1688 1689/1689/1689
f 1693/1693/1693 1688/1688/1688 1731/1731/1731
f 1693/1693/1693 1731/1731/1731 1696/1696/1696
f 1644/1644/1644 1693/1693/1693 1696/1696/1696
f 2539/2539/2539 1693/1693/1693 1644/1644/1644
f 2572/2572/2572 2539/2539/2539 1644/1644/1644
f 2572/2572/2572 1644/1644/1644 1648/1648/1648
f 2572/2572/2572 1648/1648/1648 2531/2531/2531
f 1648/1648/1648 2576/2576/2576 2531/2531/2531
f 1648/1648/1648 1646/1646/1646 2576/2576/2576
f 1646/1646/1646 1657/1657/1657 2576/2576/2576
f 1687/1687/1687 1688/1688/1688 1693/1693/1693
f 1687/1687/1687 1693/1693/1693 2539/2539/2539
f 2538/2538/2538 1687/1687/1687 2539/2539/2539
f 2539/2539/2539 2532/2532/2532 2538/2538/2538
f 2532/2532/2532 2539/2539/2539 2572/2572/2572
f 2531/2531/2531 2532/2532/2532 2572/2572/2572
f 2575/2575/2575 2532/2532/2532 2531/2531/2531
f 2575/2575/2575 2531/2531/2531 2541/2541/2541
f 2541/2541/2541 2531/2531/2531 2530/2530/2530
f 2531/2531/2531 2576/2576/2576 2530/2530/2530
f 1687/1687/1687 2538/2538/2538 1688/1688/1688
f 1688/1688/1688 2538/2538/2538 2533/2533/2533
f 1651/1651/1651 2533/2533/2533 2538/2538/2538
f 2538/2538/2538 2532/2532/2532 1651/1651/1651
f 2575/2575/2575 1651/1651/1651 2532/2532/2532
f 2575/2575/2575 2540/2540/2540 1651/1651/1651
f 2573/2573/2573 2540/2540/2540 2575/2575/2575
f 2573/2573/2573 2575/2575/2575 2541/2541/2541
f 2569/2569/2569 2573/2573/2573 2541/2541/2541
f 2541/2541/2541 2529/2529/2529 2569/2569/2569
f 2530/2530/2530 2529/2529/2529 2541/2541/2541
f 2533/2533/2533 1650/1650/1650 1688/1688/1688
f 2533/2533/2533 1651/1651/1651 1650/1650/1650
f 1650/1650/1650 1651/1651/1651 2540/2540/2540
f 2540/2540/2540 1659/1659/1659 1650/1650/1650
f 2540/2540/2540 1658/1658/1658 1659/1659/1659
f 2573/2573/2573 1658/1658/1658 2540/2540/2540
f 2573/2573/2573 2569/2569/2569 1658/1658/1658
f 1659/1659/1659 1658/1658/1658 1686/1686/1686
f 2529/2529/2529 1661/1661/1661 2569/2569/2569
f 2528/2528/2528 1661/1661/1661 2529/2529/2529
f 2528/2528/2528 2529/2529/2529 2530/2530/2530
f 2576/2576/2576 2528/2528/2528 2530/2530/2530
f 2576/2576/2576 1657/1657/1657 2528/2528/2528
f 1657/1657/1657 1661/1661/1661 2528/2528/2528
f 1720/1720/1720 1762/1762/1762 1767/1767/1767
f 1763/1763/1763 1767/1767/1767 1762/1762/1762
f 1830/1830/1830 1767/1767/1767 1763/1763/1763
f 1763/1763/1763 1817/1817/1817 1830/1830/1830
f 1830/1830/1830 1817/1817/1817 1833/1833/1833
f 1830/1830/1830 1833/1833/1833 1717/1717/1717
f 1717/1717/1717 1833/1833/1833 1716/1716/1716
f 1768/1768/1768 1720/1720/1720 1767/1767/1767
f 1767/1767/1767 1717/1717/1717 1768/1768/1768
f 1767/1767/1767 1830/1830/1830 1717/1717/1717
f 1801/1801/1801 1720/1720/1720 1768/1768/1768
f 1801/1801/1801 1768/1768/1768 1818/1818/1818
f 1818/1818/1818 1768/1768/1768 1820/1820/1820
f 1837/1837/1837 1820/1820/1820 1768/1768/1768
f 1768/1768/1768 1717/1717/1717 1837/1837/1837
f 1726/1726/1726 1837/1837/1837 1717/1717/1717
f 1726/1726/1726 1717/1717/1717 1716/1716/1716
f 1726/1726/1726 1716/1716/1716 1766/1766/1766
f 1801/1801/1801 1799/1799/1799 1720/1720/1720
f 1816/1816/1816 1799/1799/1799 1801/1801/1801
f 1818/1818/1818 1816/1816/1816 1801/1801/1801
f 1823/1823/1823 1818/1818/1818 1820/1820/1820
f 1823/1823/1823 1820/1820/1820 1834/1834/1834
f 1834/1834/1834 1820/1820/1820 1837/1837/1837
f 1726/1726/1726 1834/1834/1834 1837/1837/1837
f 1715/1715/1715 1834/1834/1834 1726/1726/1726
f 1726/1726/1726 1766/1766/1766 1715/1715/1715
f 1715/1715/1715 1766/1766/1766 1719/1719/1719
f 1719/1719/1719 1718/1718/1718 1715/1715/1715
f 1715/1715/1715 1718/1718/1718 1834/1834/1834
f 1834/1834/1834 1718/1718/1718 1823/1823/1823
f 2550/2550/2550 2553/2553/2553 2578/2578/2578
f 2578/2578/2578 2553/2553/2553 3069/3069/3069
f 2553/2553/2553 2625/2625/2625 3069/3069/3069
f 2625/2625/2625 2553/2553/2553 2582/2582/2582
f 2553/2553/2553 2579/2579/2579 2582/2582/2582
f 2579/2579/2579 2553/2553/2553 2550/2550/2550
f 2579/2579/2579 2550/2550/2550 2557/2557/2557
f 2557/2557/2557 2550/2550/2550 2547/2547/2547
f 3069/3069/3069 2556/2556/2556 2578/2578/2578
f 3092/3092/3092 2556/2556/2556 3069/3069/3069
f 3092/3092/3092 3069/3069/3069 3065/3065/3065
f 3065/3065/3065 3069/3069/3069 3074/3074/3074
f 3069/3069/3069 2625/2625/2625 3074/3074/3074
f 2625/2625/2625 3067/3067/3067 3074/3074/3074
f 2628/2628/2628 3067/3067/3067 2625/2625/2625
f 2625/2625/2625 2582/2582/2582 2628/2628/2628
f 3092/3092/3092 2551/2551/2551 2556/2556/2556
f 3071/3071/3071 2551/2551/2551 3092/3092/3092
f 3092/3092/3092 3065/3065/3065 3071/3071/3071
f 3065/3065/3065 3110/3110/3110 3071/3071/3071
f 3098/3098/3098 3110/3110/3110 3065/3065/3065
f 3098/3098/3098 3065/3065/3065 3122/3122/3122
f 3122/3122/3122 3065/3065/3065 3073/3073/3073
f 3065/3065/3065 3074/3074/3074 3073/3073/3073
f 3073/3073/3073 3074/3074/3074 3067/3067/3067
f 3071/3071/3071 2623/2623/2623 2551/2551/2551
f 3110/3110/3110 2623/2623/2623 3071/3071/3071
f 3110/3110/3110 2627/2627/2627 2623/2623/2623
f 3111/3111/3111 2627/2627/2627 3110/3110/3110
f 3110/3110/3110 3098/3098/3098 3111/3111/3111
f 3098/3098/3098 3119/3119/3119 3111/3111/3111
f 3139/3139/3139 3119/3119/3119 3098/3098/3098
f 3121/3121/3121 3139/3139/3139 3098/3098/3098
f 3122/3122/3122 3121/3121/3121 3098/3098/3098
f 3122/3122/3122 3126/3126/3126 3121/3121/3121
f 3073/3073/3073 3126/3126/3126 3122/3122/3122
f 3066/3066/3066 3126/3126/3126 3073/3073/3073
f 3067/3067/3067 3066/3066/3066 3073/3073/3073
f 3111/3111/3111 2552/2552/2552 2627/2627/2627
f 3105/3105/3105 2552/2552/2552 3111/3111/3111
f 3111/3111/3111 3119/3119/3119 3105/3105/3105
f 3119/3119/3119 3083/3083/3083 3105/3105/3105
f 3119/3119/3119 3115/3115/3115 3083/3083/3083
f 3138/3138/3138 3115/3115/3115 3119/3119/3119
f 3138/3138/3138 3119/3119/3119 3139/3139/3139
f 3058/3058/3058 3138/3138/3138 3139/3139/3139
f 3141/3141/3141 3058/3058/3058 3139/3139/3139
f 3139/3139/3139 3121/3121/3121 3141/3141/3141
f 3126/3126/3126 3141/3141/3141 3121/3121/3121
f 2552/2552/2552 3105/3105/3105 3093/3093/3093
f 3105/3105/3105 3083/3083/3083 3093/3093/3093
f 3083/3083/3083 2590/2590/2590 3093/3093/3093
f 3116/3116/3116 2590/2590/2590 3083/3083/3083
f 3083/3083/3083 3115/3115/3115 3116/3116/3116
f 3093/3093/3093 2586/2586/2586 2552/2552/2552
f 2590/2590/2590 2586/2586/2586 3093/3093/3093
f 2588/2588/2588 2586/2586/2586 2590/2590/2590
f 3116/3116/3116 2588/2588/2588 2590/2590/2590
f 3032/3032/3032 2588/2588/2588 3116/3116/3116
f 3116/3116/3116 3168/3168/3168 3032/3032/3032
f 3120/3120/3120 3168/3168/3168 3116/3116/3116
f 3116/3116/3116 3115/3115/3115 3120/3120/3120
f 2585/2585/2585 2586/2586/2586 2588/2588/2588
f 2588/2588/2588 2617/2617/2617 2585/2585/2585
f 2617/2617/2617 2588/2588/2588 3032/3032/3032
f 3032/3032/3032 2614/2614/2614 2617/2617/2617
f 2614/2614/2614 3032/3032/3032 3162/3162/3162
f 3162/3162/3162 3032/3032/3032 3168/3168/3168
f 3168/3168/3168 3171/3171/3171 3162/3162/3162
f 3170/3170/3170 3171/3171/3171 3168/3168/3168
f 3168/3168/3168 3120/3120/3120 3170/3170/3170
f 3170/3170/3170 3120/3120/3120 3179/3179/3179
f 3120/3120/3120 3115/3115/3115 3179/3179/3179
f 2585/2585/2585 2617/2617/2617 2615/2615/2615
f 2615/2615/2615 2617/2617/2617 2616/2616/2616
f 2614/2614/2614 2616/2616/2616 2617/2617/2617
f 2626/2626/2626 2616/2616/2616 2614/2614/2614
f 2624/2624/2624 2626/2626/2626 2614/2614/2614
f 2614/2614/2614 3107/3107/3107 2624/2624/2624
f 2614/2614/2614 3124/3124/3124 3107/3107/3107
f 3162/3162/3162 3124/3124/3124 2614/2614/2614
f 3171/3171/3171 3124/3124/3124 3162/3162/3162
f 2615/2615/2615 2591/2591/2591 2585/2585/2585
f 2598/2598/2598 2591/2591/2591 2615/2615/2615
f 2615/2615/2615 2610/2610/2610 2598/2598/2598
f 2615/2615/2615 2616/2616/2616 2610/2610/2610
f 2616/2616/2616 2609/2609/2609 2610/2610/2610
f 2626/2626/2626 2609/2609/2609 2616/2616/2616
f 2624/2624/2624 2609/2609/2609 2626/2626/2626
f 2624/2624/2624 3039/3039/3039 2609/2609/2609
f 2624/2624/2624 3221/3221/3221 3039/3039/3039
f 3220/3220/3220 3221/3221/3221 2624/2624/2624
f 2624/2624/2624 3107/3107/3107 3220/3220/3220
f 2591/2591/2591 2598/2598/2598 2702/2702/2702
f 2702/2702/2702 2598/2598/2598 2693/2693/2693
f 2598/2598/2598 3035/3035/3035 2693/2693/2693
f 3059/3059/3059 3035/3035/3035 2598/2598/2598
f 2610/2610/2610 3059/3059/3059 2598/2598/2598
f 2609/2609/2609 3059/3059/3059 2610/2610/2610
f 2609/2609/2609 3039/3039/3039 3059/3059/3059
f 3039/3039/3039 3035/3035/3035 3059/3059/3059
f 3040/3040/3040 3035/3035/3035 3039/3039/3039
f 3040/3040/3040 3039/3039/3039 3144/3144/3144
f 3144/3144/3144 3039/3039/3039 3221/3221/3221
f 2703/2703/2703 2702/2702/2702 2693/2693/2693
f 2703/2703/2703 2693/2693/2693 3038/3038/3038
f 3038/3038/3038 2693/2693/2693 3035/3035/3035
f 3035/3035/3035 3040/3040/3040 3038/3038/3038
f 3040/3040/3040 3034/3034/3034 3038/3038/3038
f 3040/3040/3040 3144/3144/3144 3034/3034/3034
f 2589/2589/2589 2702/2702/2702 2703/2703/2703
f 2703/2703/2703 3038/3038/3038 2589/2589/2589
f 2589/2589/2589 3038/3038/3038 3031/3031/3031
f 3038/3038/3038 3034/3034/3034 3031/3031/3031
f 3034/3034/3034 2602/2602/2602 3031/3031/3031
f 2612/2612/2612 2602/2602/2602 3034/3034/3034
f 3165/3165/3165 2612/2612/2612 3034/3034/3034
f 3034/3034/3034 3144/3144/3144 3165/3165/3165
f 2584/2584/2584 2702/2702/2702 2589/2589/2589
f 2589/2589/2589 2611/2611/2611 2584/2584/2584
f 2589/2589/2589 2601/2601/2601 2611/2611/2611
f 3031/3031/3031 2601/2601/2601 2589/2589/2589
f 2602/2602/2602 2601/2601/2601 3031/3031/3031
f 2601/2601/2601 2602/2602/2602 2613/2613/2613
f 2613/2613/2613 2602/2602/2602 2619/2619/2619
f 2612/2612/2612 2619/2619/2619 2602/2602/2602
f 2612/2612/2612 2679/2679/2679 2619/2619/2619
f 2612/2612/2612 3052/3052/3052 2679/2679/2679
f 3052/3052/3052 2612/2612/2612 3165/3165/3165
f 2584/2584/2584 2611/2611/2611 2633/2633/2633
f 2611/2611/2611 2618/2618/2618 2633/2633/2633
f 2611/2611/2611 2613/2613/2613 2618/2618/2618
f 2611/2611/2611 2601/2601/2601 2613/2613/2613
f 2633/2633/2633 2618/2618/2618 2646/2646/2646
f 2646/2646/2646 2618/2618/2618 2696/2696/2696
f 2696/2696/2696 2618/2618/2618 2638/2638/2638
f 2679/2679/2679 2638/2638/2638 2618/2618/2618
f 2618/2618/2618 2613/2613/2613 2679/2679/2679
f 2679/2679/2679 2613/2613/2613 2619/2619/2619
f 2646/2646/2646 2706/2706/2706 2633/2633/2633
f 2646/2646/2646 2642/2642/2642 2706/2706/2706
f 2696/2696/2696 2642/2642/2642 2646/2646/2646
f 2639/2639/2639 2642/2642/2642 2696/2696/2696
f 2696/2696/2696 2697/2697/2697 2639/2639/2639
f 2694/2694/2694 2697/2697/2697 2696/2696/2696
f 2638/2638/2638 2694/2694/2694 2696/2696/2696
f 2637/2637/2637 2694/2694/2694 2638/2638/2638
f 2638/2638/2638 2596/2596/2596 2637/2637/2637
f 2679/2679/2679 2596/2596/2596 2638/2638/2638
f 2642/2642/2642 2673/2673/2673 2706/2706/2706
f 2673/2673/2673 2642/2642/2642 2695/2695/2695
f 2695/2695/2695 2642/2642/2642 2639/2639/2639
f 2639/2639/2639 2640/2640/2640 2695/2695/2695
f 2697/2697/2697 2640/2640/2640 2639/2639/2639
f 2697/2697/2697 2677/2677/2677 2640/2640/2640
f 2672/2672/2672 2677/2677/2677 2697/2697/2697
f 2697/2697/2697 2631/2631/2631 2672/2672/2672
f 2694/2694/2694 2631/2631/2631 2697/2697/2697
f 2706/2706/2706 2673/2673/2673 2548/2548/2548
f 2673/2673/2673 2689/2689/2689 2548/2548/2548
f 2673/2673/2673 2701/2701/2701 2689/2689/2689
f 2701/2701/2701 2673/2673/2673 2695/2695/2695
f 2695/2695/2695 2709/2709/2709 2701/2701/2701
f 2640/2640/2640 2709/2709/2709 2695/2695/2695
f 2640/2640/2640 2677/2677/2677 2709/2709/2709
f 2709/2709/2709 2677/2677/2677 2682/2682/2682
f 2682/2682/2682 2677/2677/2677 2685/2685/2685
f 2672/2672/2672 2685/2685/2685 2677/2677/2677
f 2629/2629/2629 2685/2685/2685 2672/2672/2672
f 2672/2672/2672 2631/2631/2631 2629/2629/2629
f 2548/2548/2548 2689/2689/2689 2580/2580/2580
f 2689/2689/2689 2634/2634/2634 2580/2580/2580
f 2689/2689/2689 2687/2687/2687 2634/2634/2634
f 2689/2689/2689 2701/2701/2701 2687/2687/2687
f 2641/2641/2641 2687/2687/2687 2701/2701/2701
f 2641/2641/2641 2701/2701/2701 2643/2643/2643
f 2709/2709/2709 2643/2643/2643 2701/2701/2701
f 2700/2700/2700 2643/2643/2643 2709/2709/2709
f 2709/2709/2709 2674/2674/2674 2700/2700/2700
f 2682/2682/2682 2674/2674/2674 2709/2709/2709
f 2580/2580/2580 2634/2634/2634 2546/2546/2546
f 2634/2634/2634 2692/2692/2692 2546/2546/2546
f 2692/2692/2692 2634/2634/2634 2686/2686/2686
f 2686/2686/2686 2634/2634/2634 2687/2687/2687
f 2687/2687/2687 2708/2708/2708 2686/2686/2686
f 2708/2708/2708 2687/2687/2687 2641/2641/2641
f 2641/2641/2641 2644/2644/2644 2708/2708/2708
f 2644/2644/2644 2641/2641/2641 2643/2643/2643
f 2700/2700/2700 2644/2644/2644 2643/2643/2643
f 2600/2600/2600 2644/2644/2644 2700/2700/2700
f 2700/2700/2700 2674/2674/2674 2600/2600/2600
f 2546/2546/2546 2692/2692/2692 2547/2547/2547
f 2547/2547/2547 2692/2692/2692 2557/2557/2557
f 2557/2557/2557 2692/2692/2692 2559/2559/2559
f 2559/2559/2559 2692/2692/2692 2686/2686/2686
f 2645/2645/2645 2559/2559/2559 2686/2686/2686
f 2686/2686/2686 2708/2708/2708 2645/2645/2645
f 2645/2645/2645 2708/2708/2708 2707/2707/2707
f 2708/2708/2708 2644/2644/2644 2707/2707/2707
f 2644/2644/2644 2710/2710/2710 2707/2707/2707
f 2644/2644/2644 2600/2600/2600 2710/2710/2710
f 2710/2710/2710 2600/2600/2600 2636/2636/2636
f 2636/2636/2636 2600/2600/2600 2635/2635/2635
f 2635/2635/2635 2600/2600/2600 2674/2674/2674
f 2559/2559/2559 2581/2581/2581 2557/2557/2557
f 2559/2559/2559 2558/2558/2558 2581/2581/2581
f 2558/2558/2558 2559/2559/2559 2645/2645/2645
f 2558/2558/2558 2645/2645/2645 3135/3135/3135
f 3135/3135/3135 2645/2645/2645 2707/2707/2707
f 2707/2707/2707 3041/3041/3041 3135/3135/3135
f 2707/2707/2707 2710/2710/2710 3041/3041/3041
f 2557/2557/2557 2581/2581/2581 2579/2579/2579
f 2579/2579/2579 2581/2581/2581 2583/2583/2583
f 2581/2581/2581 2620/2620/2620 2583/2583/2583
f 2558/2558/2558 2620/2620/2620 2581/2581/2581
f 2558/2558/2558 3222/3222/3222 2620/2620/2620
f 3135/3135/3135 3222/3222/3222 2558/2558/2558
f 3222/3222/3222 3135/3135/3135 3140/3140/3140
f 3140/3140/3140 3135/3135/3135 3164/3164/3164
f 3135/3135/3135 3041/3041/3041 3164/3164/3164
f 2582/2582/2582 2579/2579/2579 2583/2583/2583
f 2620/2620/2620 2582/2582/2582 2583/2583/2583
f 2628/2628/2628 2582/2582/2582 2620/2620/2620
f 2628/2628/2628 2620/2620/2620 3218/3218/3218
f 3218/3218/3218 2620/2620/2620 3222/3222/3222
f 3140/3140/3140 3218/3218/3218 3222/3222/3222
f 3142/3142/3142 3218/3218/3218 3140/3140/3140
f 3140/3140/3140 3144/3144/3144 3142/3142/3142
f 3164/3164/3164 3144/3144/3144 3140/3140/3140
f 3165/3165/3165 3144/3144/3144 3164/3164/3164
f 3041/3041/3041 3165/3165/3165 3164/3164/3164
f 2628/2628/2628 3218/3218/3218 3067/3067/3067
f 3067/3067/3067 3218/3218/3218 3066/3066/3066
f 3066/3066/3066 3218/3218/3218 3223/3223/3223
f 3223/3223/3223 3218/3218/3218 3142/3142/3142
f 3221/3221/3221 3223/3223/3223 3142/3142/3142
f 3142/3142/3142 3144/3144/3144 3221/3221/3221
f 3066/3066/3066 3223/3223/3223 3118/3118/3118
f 3118/3118/3118 3223/3223/3223 3072/3072/3072
f 3220/3220/3220 3072/3072/3072 3223/3223/3223
f 3220/3220/3220 3223/3223/3223 3221/3221/3221
f 3118/3118/3118 3126/3126/3126 3066/3066/3066
f 3137/3137/3137 3126/3126/3126 3118/3118/3118
f 3118/3118/3118 3160/3160/3160 3137/3137/3137
f 3123/3123/3123 3160/3160/3160 3118/3118/3118
f 3123/3123/3123 3118/3118/3118 3106/3106/3106
f 3106/3106/3106 3118/3118/3118 3072/3072/3072
f 3220/3220/3220 3106/3106/3106 3072/3072/3072
f 3107/3107/3107 3106/3106/3106 3220/3220/3220
f 3124/3124/3124 3106/3106/3106 3107/3107/3107
f 3163/3163/3163 3126/3126/3126 3137/3137/3137
f 3137/3137/3137 3046/3046/3046 3163/3163/3163
f 3137/3137/3137 3160/3160/3160 3046/3046/3046
f 3046/3046/3046 3160/3160/3160 3167/3167/3167
f 3167/3167/3167 3160/3160/3160 3125/3125/3125
f 3123/3123/3123 3125/3125/3125 3160/3160/3160
f 3123/3123/3123 3106/3106/3106 3125/3125/3125
f 3125/3125/3125 3106/3106/3106 3124/3124/3124
f 3125/3125/3125 3124/3124/3124 3167/3167/3167
f 3167/3167/3167 3124/3124/3124 3172/3172/3172
f 3172/3172/3172 3124/3124/3124 3171/3171/3171
f 3163/3163/3163 3141/3141/3141 3126/3126/3126
f 3141/3141/3141 3163/3163/3163 3047/3047/3047
f 3163/3163/3163 3046/3046/3046 3047/3047/3047
f 3047/3047/3047 3046/3046/3046 3054/3054/3054
f 3046/3046/3046 3167/3167/3167 3054/3054/3054
f 3054/3054/3054 3167/3167/3167 3044/3044/3044
f 3172/3172/3172 3044/3044/3044 3167/3167/3167
f 3044/3044/3044 3172/3172/3172 3045/3045/3045
f 3045/3045/3045 3172/3172/3172 3171/3171/3171
f 3170/3170/3170 3045/3045/3045 3171/3171/3171
f 3033/3033/3033 3045/3045/3045 3170/3170/3170
f 3170/3170/3170 3179/3179/3179 3033/3033/3033
f 3047/3047/3047 3058/3058/3058 3141/3141/3141
f 3054/3054/3054 3058/3058/3058 3047/3047/3047
f 3043/3043/3043 3058/3058/3058 3054/3054/3054
f 3054/3054/3054 3042/3042/3042 3043/3043/3043
f 3044/3044/3044 3042/3042/3042 3054/3054/3054
f 3045/3045/3045 3042/3042/3042 3044/3044/3044
f 3045/3045/3045 3033/3033/3033 3042/3042/3042
f 3053/3053/3053 3042/3042/3042 3033/3033/3033
f 3033/3033/3033 3179/3179/3179 3053/3053/3053
f 3053/3053/3053 3179/3179/3179 3048/3048/3048
f 3179/3179/3179 3115/3115/3115 3048/3048/3048
f 3115/3115/3115 3055/3055/3055 3048/3048/3048
f 3138/3138/3138 3055/3055/3055 3115/3115/3115
f 3043/3043/3043 3055/3055/3055 3058/3058/3058
f 3053/3053/3053 3055/3055/3055 3043/3043/3043
f 3043/3043/3043 3042/3042/3042 3053/3053/3053
f 3055/3055/3055 3138/3138/3138 3058/3058/3058
f 3048/3048/3048 3055/3055/3055 3053/3053/3053
f 3052/3052/3052 3165/3165/3165 3041/3041/3041
f 3041/3041/3041 3036/3036/3036 3052/3052/3052
f 3041/3041/3041 2710/2710/2710 3036/3036/3036
f 2710/2710/2710 2711/2711/2711 3036/3036/3036
f 2714/2714/2714 2711/2711/2711 2710/2710/2710
f 2710/2710/2710 2675/2675/2675 2714/2714/2714
f 2636/2636/2636 2675/2675/2675 2710/2710/2710
f 2636/2636/2636 2635/2635/2635 2675/2675/2675
f 3036/3036/3036 3037/3037/3037 3052/3052/3052
f 2711/2711/2711 3037/3037/3037 3036/3036/3036
f 2711/2711/2711 2680/2680/2680 3037/3037/3037
f 2678/2678/2678 2680/2680/2680 2711/2711/2711
f 2711/2711/2711 2714/2714/2714 2678/2678/2678
f 2714/2714/2714 2675/2675/2675 2678/2678/2678
f 2675/2675/2675 2630/2630/2630 2678/2678/2678
f 2635/2635/2635 2630/2630/2630 2675/2675/2675
f 2635/2635/2635 2599/2599/2599 2630/2630/2630
f 2674/2674/2674 2599/2599/2599 2635/2635/2635
f 2674/2674/2674 2682/2682/2682 2599/2599/2599
f 2679/2679/2679 3052/3052/3052 3037/3037/3037
f 3037/3037/3037 2680/2680/2680 2679/2679/2679
f 2679/2679/2679 2680/2680/2680 2596/2596/2596
f 2680/2680/2680 2681/2681/2681 2596/2596/2596
f 2676/2676/2676 2681/2681/2681 2680/2680/2680
f 2678/2678/2678 2676/2676/2676 2680/2680/2680
f 2630/2630/2630 2676/2676/2676 2678/2678/2678
f 2630/2630/2630 2632/2632/2632 2676/2676/2676
f 2599/2599/2599 2632/2632/2632 2630/2630/2630
f 2685/2685/2685 2632/2632/2632 2599/2599/2599
f 2599/2599/2599 2682/2682/2682 2685/2685/2685
f 2681/2681/2681 2637/2637/2637 2596/2596/2596
f 2587/2587/2587 2637/2637/2637 2681/2681/2681
f 2632/2632/2632 2587/2587/2587 2681/2681/2681
f 2681/2681/2681 2676/2676/2676 2632/2632/2632
f 2637/2637/2637 2587/2587/2587 2694/2694/2694
f 2694/2694/2694 2587/2587/2587 2631/2631/2631
f 2631/2631/2631 2587/2587/2587 2629/2629/2629
f 2629/2629/2629 2587/2587/2587 2632/2632/2632
f 2629/2629/2629 2632/2632/2632 2685/2685/2685
f 3185/3185/3185 3150/3150/3150 3175/3175/3175
f 3175/3175/3175 3150/3150/3150 3173/3173/3173
f 3150/3150/3150 3149/3149/3149 3173/3173/3173
f 3146/3146/3146 3149/3149/3149 3150/3150/3150
f 3148/3148/3148 3149/3149/3149 3146/3146/3146
f 3146/3146/3146 3182/3182/3182 3148/3148/3148
f 3147/3147/3147 3182/3182/3182 3146/3146/3146
f 3185/3185/3185 3175/3175/3175 3234/3234/3234
f 3234/3234/3234 3175/3175/3175 3177/3177/3177
f 3177/3177/3177 3175/3175/3175 3173/3173/3173
f 3154/3154/3154 3177/3177/3177 3173/3173/3173
f 3173/3173/3173 3149/3149/3149 3154/3154/3154
f 3154/3154/3154 3149/3149/3149 3153/3153/3153
f 3153/3153/3153 3149/3149/3149 3148/3148/3148
f 3148/3148/3148 3182/3182/3182 3153/3153/3153
f 3153/3153/3153 3182/3182/3182 3156/3156/3156
f 3182/3182/3182 3174/3174/3174 3156/3156/3156
f 3147/3147/3147 3174/3174/3174 3182/3182/3182
f 3147/3147/3147 3152/3152/3152 3174/3174/3174
f 3180/3180/3180 3152/3152/3152 3147/3147/3147
f 3234/3234/3234 3177/3177/3177 3158/3158/3158
f 3158/3158/3158 3177/3177/3177 3154/3154/3154
f 3190/3190/3190 3158/3158/3158 3154/3154/3154
f 3154/3154/3154 3153/3153/3153 3190/3190/3190
f 3190/3190/3190 3153/3153/3153 3156/3156/3156
f 3156/3156/3156 3151/3151/3151 3190/3190/3190
f 3156/3156/3156 3176/3176/3176 3151/3151/3151
f 3174/3174/3174 3176/3176/3176 3156/3156/3156
f 3176/3176/3176 3174/3174/3174 3152/3152/3152
f 3176/3176/3176 3152/3152/3152 3181/3181/3181
f 3181/3181/3181 3152/3152/3152 3180/3180/3180
f 3158/3158/3158 3183/3183/3183 3234/3234/3234
f 3183/3183/3183 3158/3158/3158 3159/3159/3159
f 3159/3159/3159 3158/3158/3158 3190/3190/3190
f 3190/3190/3190 3151/3151/3151 3159/3159/3159
f 3151/3151/3151 3183/3183/3183 3159/3159/3159
f 3181/3181/3181 3183/3183/3183 3151/3151/3151
f 3151/3151/3151 3176/3176/3176 3181/3181/3181
f 299/299/299 358/358/358 311/311/311
f 311/311/311 358/358/358 277/277/277
f 311/311/311 277/277/277 280/280/280
f 454/454/454 280/280/280 277/277/277
f 455/455/455 280/280/280 454/454/454
f 454/454/454 425/425/425 455/455/455
f 457/457/457 425/425/425 454/454/454
f 211/211/211 299/299/299 311/311/311
f 311/311/311 359/359/359 211/211/211
f 280/280/280 359/359/359 311/311/311
f 375/375/375 359/359/359 280/280/280
f 280/280/280 377/377/377 375/375/375
f 280/280/280 455/455/455 377/377/377
f 377/377/377 455/455/455 3698/3698/3698
f 3698/3698/3698 455/455/455 260/260/260
f 260/260/260 455/455/455 425/425/425
f 211/211/211 359/359/359 375/375/375
f 375/375/375 279/279/279 211/211/211
f 375/375/375 214/214/214 279/279/279
f 377/377/377 214/214/214 375/375/375
f 214/214/214 377/377/377 376/376/376
f 377/377/377 258/258/258 376/376/376
f 3698/3698/3698 258/258/258 377/377/377
f 258/258/258 3698/3698/3698 271/271/271
f 271/271/271 3698/3698/3698 260/260/260
f 260/260/260 327/327/327 271/271/271
f 260/260/260 425/425/425 327/327/327
f 401/401/401 279/279/279 214/214/214
f 214/214/214 399/399/399 401/401/401
f 376/376/376 399/399/399 214/214/214
f 396/396/396 399/399/399 376/376/376
f 376/376/376 408/408/408 396/396/396
f 408/408/408 376/376/376 259/259/259
f 259/259/259 376/376/376 258/258/258
f 258/258/258 271/271/271 259/259/259
f 259/259/259 271/271/271 257/257/257
f 271/271/271 322/322/322 257/257/257
f 271/271/271 327/327/327 322/322/322
f 401/401/401 399/399/399 396/396/396
f 396/396/396 405/405/405 401/401/401
f 396/396/396 409/409/409 405/405/405
f 408/408/408 409/409/409 396/396/396
f 402/402/402 409/409/409 408/408/408
f 402/402/402 408/408/408 256/256/256
f 256/256/256 408/408/408 259/259/259
f 259/259/259 257/257/257 256/256/256
f 256/256/256 257/257/257 418/418/418
f 257/257/257 323/323/323 418/418/418
f 257/257/257 322/322/322 323/323/323
f 409/409/409 410/410/410 405/405/405
f 392/392/392 410/410/410 409/409/409
f 392/392/392 409/409/409 402/402/402
f 427/427/427 392/392/392 402/402/402
f 427/427/427 402/402/402 397/397/397
f 402/402/402 419/419/419 397/397/397
f 256/256/256 419/419/419 402/402/402
f 256/256/256 418/418/418 419/419/419
f 419/419/419 418/418/418 417/417/417
f 418/418/418 237/237/237 417/417/417
f 418/418/418 323/323/323 237/237/237
f 410/410/410 392/392/392 427/427/427
f 428/428/428 410/410/410 427/427/427
f 427/427/427 487/487/487 428/428/428
f 397/397/397 487/487/487 427/427/427
f 450/450/450 487/487/487 397/397/397
f 450/450/450 397/397/397 400/400/400
f 419/419/419 400/400/400 397/397/397
f 255/255/255 400/400/400 419/419/419
f 417/417/417 255/255/255 419/419/419
f 428/428/428 487/487/487 450/450/450
f 429/429/429 428/428/428 450/450/450
f 450/450/450 430/430/430 429/429/429
f 400/400/400 430/430/430 450/450/450
f 400/400/400 210/210/210 430/430/430
f 208/208/208 210/210/210 400/400/400
f 255/255/255 208/208/208 400/400/400
f 315/315/315 208/208/208 255/255/255
f 255/255/255 275/275/275 315/315/315
f 342/342/342 275/275/275 255/255/255
f 342/342/342 255/255/255 417/417/417
f 430/430/430 205/205/205 429/429/429
f 210/210/210 205/205/205 430/430/430
f 342/342/342 233/233/233 275/275/275
f 239/239/239 233/233/233 342/342/342
f 417/417/417 239/239/239 342/342/342
f 235/235/235 239/239/239 417/417/417
f 417/417/417 237/237/237 235/235/235
f 237/237/237 231/231/231 235/235/235
f 237/237/237 341/341/341 231/231/231
f 323/323/323 341/341/341 237/237/237
f 239/239/239 232/232/232 233/233/233
f 249/249/249 232/232/232 239/239/239
f 235/235/235 249/249/249 239/239/239
f 230/230/230 249/249/249 235/235/235
f 235/235/235 231/231/231 230/230/230
f 319/319/319 230/230/230 231/231/231
f 319/319/319 231/231/231 347/347/347
f 347/347/347 231/231/231 341/341/341
f 347/347/347 341/341/341 326/326/326
f 326/326/326 341/341/341 324/324/324
f 323/323/323 324/324/324 341/341/341
f 322/322/322 324/324/324 323/323/323
f 249/249/249 356/356/356 232/232/232
f 351/351/351 356/356/356 249/249/249
f 230/230/230 351/351/351 249/249/249
f 317/317/317 351/351/351 230/230/230
f 317/317/317 230/230/230 319/319/319
f 317/317/317 319/319/319 349/349/349
f 349/349/349 319/319/319 354/354/354
f 319/319/319 347/347/347 354/354/354
f 354/354/354 347/347/347 346/346/346
f 347/347/347 331/331/331 346/346/346
f 326/326/326 331/331/331 347/347/347
f 356/356/356 351/351/351 352/352/352
f 351/351/351 348/348/348 352/352/352
f 317/317/317 348/348/348 351/351/351
f 300/300/300 348/348/348 317/317/317
f 317/317/317 349/349/349 300/300/300
f 349/349/349 343/343/343 300/300/300
f 349/349/349 479/479/479 343/343/343
f 354/354/354 479/479/479 349/349/349
f 479/479/479 354/354/354 346/346/346
f 346/346/346 480/480/480 479/479/479
f 346/346/346 331/331/331 480/480/480
f 356/356/356 352/352/352 3703/3703/3703
f 240/240/240 3703/3703/3703 352/352/352
f 348/348/348 240/240/240 352/352/352
f 198/198/198 240/240/240 348/348/348
f 300/300/300 198/198/198 348/348/348
f 199/199/199 198/198/198 300/300/300
f 300/300/300 343/343/343 199/199/199
f 229/229/229 3703/3703/3703 240/240/240
f 229/229/229 240/240/240 238/238/238
f 238/238/238 240/240/240 228/228/228
f 228/228/228 240/240/240 196/196/196
f 196/196/196 240/240/240 198/198/198
f 199/199/199 196/196/196 198/198/198
f 367/367/367 196/196/196 199/199/199
f 199/199/199 343/343/343 367/367/367
f 228/228/228 227/227/227 238/238/238
f 227/227/227 228/228/228 216/216/216
f 216/216/216 228/228/228 196/196/196
f 367/367/367 216/216/216 196/196/196
f 215/215/215 216/216/216 367/367/367
f 367/367/367 200/200/200 215/215/215
f 367/367/367 343/343/343 200/200/200
f 345/345/345 200/200/200 343/343/343
f 344/344/344 345/345/345 343/343/343
f 479/479/479 344/344/344 343/343/343
f 238/238/238 227/227/227 236/236/236
f 227/227/227 378/378/378 236/236/236
f 216/216/216 378/378/378 227/227/227
f 370/370/370 378/378/378 216/216/216
f 215/215/215 370/370/370 216/216/216
f 369/369/369 370/370/370 215/215/215
f 215/215/215 218/218/218 369/369/369
f 215/215/215 200/200/200 218/218/218
f 200/200/200 368/368/368 218/218/218
f 217/217/217 368/368/368 200/200/200
f 217/217/217 200/200/200 345/345/345
f 236/236/236 378/378/378 407/407/407
f 969/969/969 407/407/407 378/378/378
f 969/969/969 378/378/378 972/972/972
f 972/972/972 378/378/378 370/370/370
f 972/972/972 370/370/370 1151/1151/1151
f 1151/1151/1151 370/370/370 476/476/476
f 370/370/370 369/369/369 476/476/476
f 476/476/476 369/369/369 393/393/393
f 380/380/380 393/393/393 369/369/369
f 369/369/369 218/218/218 380/380/380
f 218/218/218 368/368/368 380/380/380
f 1036/1036/1036 407/407/407 969/969/969
f 969/969/969 1043/1043/1043 1036/1036/1036
f 961/961/961 1043/1043/1043 969/969/969
f 972/972/972 961/961/961 969/969/969
f 971/971/971 961/961/961 972/972/972
f 1151/1151/1151 971/971/971 972/972/972
f 1195/1195/1195 971/971/971 1151/1151/1151
f 1151/1151/1151 1162/1162/1162 1195/1195/1195
f 476/476/476 1162/1162/1162 1151/1151/1151
f 478/478/478 1162/1162/1162 476/476/476
f 476/476/476 393/393/393 478/478/478
f 961/961/961 903/903/903 1043/1043/1043
f 694/694/694 903/903/903 961/961/961
f 694/694/694 961/961/961 1035/1035/1035
f 1035/1035/1035 961/961/961 971/971/971
f 1035/1035/1035 971/971/971 970/970/970
f 970/970/970 971/971/971 973/973/973
f 971/971/971 1195/1195/1195 973/973/973
f 973/973/973 1195/1195/1195 1048/1048/1048
f 1176/1176/1176 1048/1048/1048 1195/1195/1195
f 1195/1195/1195 1162/1162/1162 1176/1176/1176
f 694/694/694 733/733/733 903/903/903
f 736/736/736 733/733/733 694/694/694
f 694/694/694 1035/1035/1035 736/736/736
f 736/736/736 1035/1035/1035 1042/1042/1042
f 1042/1042/1042 1035/1035/1035 960/960/960
f 960/960/960 1035/1035/1035 970/970/970
f 970/970/970 955/955/955 960/960/960
f 967/967/967 955/955/955 970/970/970
f 973/973/973 967/967/967 970/970/970
f 1044/1044/1044 967/967/967 973/973/973
f 973/973/973 1048/1048/1048 1044/1044/1044
f 736/736/736 695/695/695 733/733/733
f 736/736/736 1042/1042/1042 695/695/695
f 695/695/695 1042/1042/1042 966/966/966
f 966/966/966 1042/1042/1042 968/968/968
f 968/968/968 1042/1042/1042 960/960/960
f 960/960/960 701/701/701 968/968/968
f 955/955/955 701/701/701 960/960/960
f 733/733/733 695/695/695 691/691/691
f 691/691/691 695/695/695 705/705/705
f 705/705/705 695/695/695 680/680/680
f 680/680/680 695/695/695 679/679/679
f 679/679/679 695/695/695 966/966/966
f 679/679/679 966/966/966 688/688/688
f 688/688/688 966/966/966 968/968/968
f 701/701/701 688/688/688 968/968/968
f 680/680/680 704/704/704 705/705/705
f 681/681/681 704/704/704 680/680/680
f 679/679/679 681/681/681 680/680/680
f 681/681/681 679/679/679 674/674/674
f 674/674/674 679/679/679 688/688/688
f 678/678/678 674/674/674 688/688/688
f 678/678/678 688/688/688 701/701/701
f 701/701/701 712/712/712 678/678/678
f 684/684/684 712/712/712 701/701/701
f 710/710/710 684/684/684 701/701/701
f 701/701/701 955/955/955 710/710/710
f 735/735/735 704/704/704 681/681/681
f 735/735/735 681/681/681 693/693/693
f 693/693/693 681/681/681 674/674/674
f 674/674/674 676/676/676 693/693/693
f 678/678/678 676/676/676 674/674/674
f 715/715/715 676/676/676 678/678/678
f 678/678/678 712/712/712 715/715/715
f 715/715/715 712/712/712 922/922/922
f 712/712/712 700/700/700 922/922/922
f 684/684/684 700/700/700 712/712/712
f 706/706/706 704/704/704 735/735/735
f 725/725/725 706/706/706 735/735/735
f 725/725/725 735/735/735 900/900/900
f 900/900/900 735/735/735 693/693/693
f 901/901/901 900/900/900 693/693/693
f 693/693/693 676/676/676 901/901/901
f 676/676/676 677/677/677 901/901/901
f 715/715/715 677/677/677 676/676/676
f 922/922/922 677/677/677 715/715/715
f 924/924/924 677/677/677 922/922/922
f 700/700/700 924/924/924 922/922/922
f 690/690/690 706/706/706 725/725/725
f 682/682/682 690/690/690 725/725/725
f 682/682/682 725/725/725 724/724/724
f 724/724/724 725/725/725 900/900/900
f 741/741/741 724/724/724 900/900/900
f 741/741/741 900/900/900 901/901/901
f 889/889/889 741/741/741 901/901/901
f 901/901/901 677/677/677 889/889/889
f 677/677/677 919/919/919 889/889/889
f 677/677/677 924/924/924 919/919/919
f 896/896/896 690/690/690 682/682/682
f 683/683/683 896/896/896 682/682/682
f 682/682/682 724/724/724 683/683/683
f 683/683/683 724/724/724 716/716/716
f 711/711/711 716/716/716 724/724/724
f 711/711/711 724/724/724 741/741/741
f 891/891/891 711/711/711 741/741/741
f 891/891/891 741/741/741 889/889/889
f 917/917/917 891/891/891 889/889/889
f 889/889/889 919/919/919 917/917/917
f 912/912/912 896/896/896 683/683/683
f 912/912/912 683/683/683 841/841/841
f 841/841/841 683/683/683 1002/1002/1002
f 683/683/683 716/716/716 1002/1002/1002
f 1002/1002/1002 716/716/716 1003/1003/1003
f 1003/1003/1003 716/716/716 998/998/998
f 998/998/998 716/716/716 714/714/714
f 714/714/714 716/716/716 711/711/711
f 685/685/685 714/714/714 711/711/711
f 685/685/685 711/711/711 891/891/891
f 893/893/893 685/685/685 891/891/891
f 893/893/893 891/891/891 917/917/917
f 841/841/841 1002/1002/1002 962/962/962
f 962/962/962 1002/1002/1002 951/951/951
f 951/951/951 1002/1002/1002 952/952/952
f 1003/1003/1003 952/952/952 1002/1002/1002
f 950/950/950 952/952/952 1003/1003/1003
f 950/950/950 1003/1003/1003 995/995/995
f 998/998/998 995/995/995 1003/1003/1003
f 962/962/962 951/951/951 942/942/942
f 942/942/942 951/951/951 958/958/958
f 951/951/951 952/952/952 958/958/958
f 965/965/965 958/958/958 952/952/952
f 950/950/950 965/965/965 952/952/952
f 950/950/950 995/995/995 965/965/965
f 928/928/928 965/965/965 995/995/995
f 980/980/980 928/928/928 995/995/995
f 980/980/980 995/995/995 998/998/998
f 998/998/998 929/929/929 980/980/980
f 986/986/986 929/929/929 998/998/998
f 714/714/714 986/986/986 998/998/998
f 686/686/686 986/986/986 714/714/714
f 686/686/686 714/714/714 685/685/685
f 980/980/980 929/929/929 928/928/928
f 928/928/928 929/929/929 949/949/949
f 929/929/929 999/999/999 949/949/949
f 929/929/929 986/986/986 999/999/999
f 986/986/986 930/930/930 999/999/999
f 686/686/686 930/930/930 986/986/986
f 894/894/894 930/930/930 686/686/686
f 894/894/894 686/686/686 687/687/687
f 687/687/687 686/686/686 685/685/685
f 687/687/687 685/685/685 893/893/893
f 949/949/949 999/999/999 997/997/997
f 996/996/996 997/997/997 999/999/999
f 996/996/996 999/999/999 930/930/930
f 996/996/996 930/930/930 838/838/838
f 957/957/957 838/838/838 930/930/930
f 930/930/930 894/894/894 957/957/957
f 957/957/957 894/894/894 718/718/718
f 687/687/687 718/718/718 894/894/894
f 717/717/717 718/718/718 687/687/687
f 717/717/717 687/687/687 914/914/914
f 914/914/914 687/687/687 893/893/893
f 996/996/996 838/838/838 997/997/997
f 964/964/964 997/997/997 838/838/838
f 838/838/838 938/938/938 964/964/964
f 838/838/838 957/957/957 938/938/938
f 957/957/957 941/941/941 938/938/938
f 941/941/941 957/957/957 909/909/909
f 909/909/909 957/957/957 718/718/718
f 717/717/717 909/909/909 718/718/718
f 895/895/895 909/909/909 717/717/717
f 914/914/914 895/895/895 717/717/717
f 898/898/898 895/895/895 914/914/914
f 914/914/914 899/899/899 898/898/898
f 893/893/893 899/899/899 914/914/914
f 964/964/964 938/938/938 932/932/932
f 933/933/933 932/932/932 938/938/938
f 933/933/933 938/938/938 941/941/941
f 933/933/933 941/941/941 963/963/963
f 939/939/939 963/963/963 941/941/941
f 941/941/941 908/908/908 939/939/939
f 909/909/909 908/908/908 941/941/941
f 909/909/909 895/895/895 908/908/908
f 908/908/908 895/895/895 897/897/897
f 895/895/895 898/898/898 897/897/897
f 933/933/933 963/963/963 932/932/932
f 839/839/839 932/932/932 963/963/963
f 906/906/906 839/839/839 963/963/963
f 906/906/906 963/963/963 939/939/939
f 897/897/897 898/898/898 740/740/740
f 898/898/898 692/692/692 740/740/740
f 898/898/898 899/899/899 692/692/692
f 923/923/923 692/692/692 899/899/899
f 899/899/899 917/917/917 923/923/923
f 917/917/917 899/899/899 893/893/893
f 740/740/740 692/692/692 689/689/689
f 692/692/692 890/890/890 689/689/689
f 890/890/890 692/692/692 923/923/923
f 890/890/890 923/923/923 888/888/888
f 888/888/888 923/923/923 675/675/675
f 923/923/923 892/892/892 675/675/675
f 919/919/919 892/892/892 923/923/923
f 923/923/923 917/917/917 919/919/919
f 689/689/689 890/890/890 709/709/709
f 709/709/709 890/890/890 707/707/707
f 888/888/888 707/707/707 890/890/890
f 707/707/707 888/888/888 732/732/732
f 732/732/732 888/888/888 920/920/920
f 920/920/920 888/888/888 902/902/902
f 902/902/902 888/888/888 675/675/675
f 892/892/892 902/902/902 675/675/675
f 956/956/956 902/902/902 892/892/892
f 892/892/892 913/913/913 956/956/956
f 892/892/892 924/924/924 913/913/913
f 919/919/919 924/924/924 892/892/892
f 935/935/935 732/732/732 920/920/920
f 935/935/935 920/920/920 944/944/944
f 944/944/944 920/920/920 902/902/902
f 902/902/902 956/956/956 944/944/944
f 944/944/944 956/956/956 743/743/743
f 956/956/956 1032/1032/1032 743/743/743
f 956/956/956 913/913/913 1032/1032/1032
f 700/700/700 1032/1032/1032 913/913/913
f 913/913/913 924/924/924 700/700/700
f 742/742/742 732/732/732 935/935/935
f 742/742/742 935/935/935 918/918/918
f 918/918/918 935/935/935 915/915/915
f 915/915/915 935/935/935 737/737/737
f 737/737/737 935/935/935 944/944/944
f 944/944/944 743/743/743 737/737/737
f 737/737/737 743/743/743 934/934/934
f 743/743/743 1037/1037/1037 934/934/934
f 743/743/743 1032/1032/1032 1037/1037/1037
f 1032/1032/1032 943/943/943 1037/1037/1037
f 943/943/943 1032/1032/1032 700/700/700
f 700/700/700 684/684/684 943/943/943
f 943/943/943 684/684/684 710/710/710
f 918/918/918 915/915/915 978/978/978
f 978/978/978 915/915/915 979/979/979
f 979/979/979 915/915/915 977/977/977
f 977/977/977 915/915/915 737/737/737
f 977/977/977 737/737/737 974/974/974
f 974/974/974 737/737/737 934/934/934
f 974/974/974 934/934/934 975/975/975
f 975/975/975 934/934/934 1033/1033/1033
f 934/934/934 1037/1037/1037 1033/1033/1033
f 1037/1037/1037 1034/1034/1034 1033/1033/1033
f 1037/1037/1037 943/943/943 1034/1034/1034
f 979/979/979 1046/1046/1046 978/978/978
f 979/979/979 1141/1141/1141 1046/1046/1046
f 977/977/977 1141/1141/1141 979/979/979
f 1115/1115/1115 1141/1141/1141 977/977/977
f 977/977/977 1122/1122/1122 1115/1115/1115
f 974/974/974 1122/1122/1122 977/977/977
f 1122/1122/1122 974/974/974 1227/1227/1227
f 1227/1227/1227 974/974/974 975/975/975
f 978/978/978 1046/1046/1046 1049/1049/1049
f 1049/1049/1049 1046/1046/1046 371/371/371
f 371/371/371 1046/1046/1046 382/382/382
f 382/382/382 1046/1046/1046 383/383/383
f 383/383/383 1046/1046/1046 1144/1144/1144
f 1046/1046/1046 1141/1141/1141 1144/1144/1144
f 1144/1144/1144 1141/1141/1141 1142/1142/1142
f 1142/1142/1142 1141/1141/1141 1117/1117/1117
f 1141/1141/1141 1115/1115/1115 1117/1117/1117
f 248/248/248 371/371/371 382/382/382
f 372/372/372 248/248/248 382/382/382
f 383/383/383 372/372/372 382/382/382
f 395/395/395 372/372/372 383/383/383
f 383/383/383 464/464/464 395/395/395
f 383/383/383 1142/1142/1142 464/464/464
f 1144/1144/1144 1142/1142/1142 383/383/383
f 242/242/242 371/371/371 248/248/248
f 276/276/276 242/242/242 248/248/248
f 203/203/203 276/276/276 248/248/248
f 203/203/203 248/248/248 372/372/372
f 406/406/406 203/203/203 372/372/372
f 372/372/372 388/388/388 406/406/406
f 395/395/395 388/388/388 372/372/372
f 388/388/388 395/395/395 386/386/386
f 386/386/386 395/395/395 391/391/391
f 395/395/395 464/464/464 391/391/391
f 243/243/243 242/242/242 276/276/276
f 276/276/276 247/247/247 243/243/243
f 241/241/241 247/247/247 276/276/276
f 244/244/244 241/241/241 276/276/276
f 244/244/244 276/276/276 203/203/203
f 244/244/244 203/203/203 220/220/220
f 220/220/220 203/203/203 213/213/213
f 213/213/213 203/203/203 406/406/406
f 404/404/404 213/213/213 406/406/406
f 404/404/404 406/406/406 460/460/460
f 460/460/460 406/406/406 388/388/388
f 321/321/321 247/247/247 241/241/241
f 245/245/245 321/321/321 241/241/241
f 245/245/245 241/241/241 244/244/244
f 245/245/245 244/244/244 204/204/204
f 204/204/204 244/244/244 220/220/220
f 204/204/204 220/220/220 201/201/201
f 201/201/201 220/220/220 206/206/206
f 220/220/220 213/213/213 206/206/206
f 206/206/206 213/213/213 202/202/202
f 202/202/202 213/213/213 404/404/404
f 483/483/483 247/247/247 321/321/321
f 483/483/483 321/321/321 318/318/318
f 318/318/318 321/321/321 328/328/328
f 328/328/328 321/321/321 320/320/320
f 320/320/320 321/321/321 245/245/245
f 245/245/245 302/302/302 320/320/320
f 204/204/204 302/302/302 245/245/245
f 302/302/302 204/204/204 334/334/334
f 334/334/334 204/204/204 201/201/201
f 318/318/318 355/355/355 483/483/483
f 355/355/355 318/318/318 325/325/325
f 325/325/325 318/318/318 251/251/251
f 328/328/328 251/251/251 318/318/318
f 329/329/329 251/251/251 328/328/328
f 329/329/329 328/328/328 324/324/324
f 324/324/324 328/328/328 326/326/326
f 328/328/328 302/302/302 326/326/326
f 320/320/320 302/302/302 328/328/328
f 325/325/325 251/251/251 339/339/339
f 339/339/339 251/251/251 234/234/234
f 251/251/251 329/329/329 234/234/234
f 234/234/234 329/329/329 327/327/327
f 329/329/329 322/322/322 327/327/327
f 324/324/324 322/322/322 329/329/329
f 339/339/339 234/234/234 457/457/457
f 457/457/457 234/234/234 425/425/425
f 327/327/327 425/425/425 234/234/234
f 302/302/302 331/331/331 326/326/326
f 331/331/331 302/302/302 334/334/334
f 480/480/480 331/331/331 334/334/334
f 334/334/334 201/201/201 480/480/480
f 480/480/480 201/201/201 212/212/212
f 201/201/201 206/206/206 212/212/212
f 212/212/212 206/206/206 197/197/197
f 206/206/206 202/202/202 197/197/197
f 197/197/197 202/202/202 219/219/219
f 219/219/219 202/202/202 398/398/398
f 398/398/398 202/202/202 404/404/404
f 212/212/212 344/344/344 480/480/480
f 345/345/345 344/344/344 212/212/212
f 212/212/212 217/217/217 345/345/345
f 197/197/197 217/217/217 212/212/212
f 217/217/217 197/197/197 368/368/368
f 368/368/368 197/197/197 219/219/219
f 368/368/368 219/219/219 381/381/381
f 381/381/381 219/219/219 398/398/398
f 479/479/479 480/480/480 344/344/344
f 380/380/380 368/368/368 381/381/381
f 381/381/381 373/373/373 380/380/380
f 411/411/411 373/373/373 381/381/381
f 398/398/398 411/411/411 381/381/381
f 481/481/481 411/411/411 398/398/398
f 404/404/404 481/481/481 398/398/398
f 460/460/460 481/481/481 404/404/404
f 373/373/373 393/393/393 380/380/380
f 403/403/403 393/393/393 373/373/373
f 403/403/403 373/373/373 389/389/389
f 389/389/389 373/373/373 411/411/411
f 411/411/411 481/481/481 389/389/389
f 389/389/389 481/481/481 458/458/458
f 481/481/481 460/460/460 458/458/458
f 458/458/458 460/460/460 461/461/461
f 460/460/460 388/388/388 461/461/461
f 461/461/461 388/388/388 386/386/386
f 390/390/390 393/393/393 403/403/403
f 478/478/478 393/393/393 390/390/390
f 1117/1117/1117 1115/1115/1115 1116/1116/1116
f 1116/1116/1116 1115/1115/1115 1114/1114/1114
f 1114/1114/1114 1115/1115/1115 1122/1122/1122
f 1114/1114/1114 1122/1122/1122 1123/1123/1123
f 1123/1123/1123 1122/1122/1122 1227/1227/1227
f 1123/1123/1123 1227/1227/1227 1131/1131/1131
f 1131/1131/1131 1227/1227/1227 1130/1130/1130
f 975/975/975 1130/1130/1130 1227/1227/1227
f 976/976/976 1130/1130/1130 975/975/975
f 975/975/975 1033/1033/1033 976/976/976
f 976/976/976 1033/1033/1033 959/959/959
f 1033/1033/1033 1034/1034/1034 959/959/959
f 1130/1130/1130 1132/1132/1132 1131/1131/1131
f 1228/1228/1228 1132/1132/1132 1130/1130/1130
f 976/976/976 1228/1228/1228 1130/1130/1130
f 1045/1045/1045 1228/1228/1228 976/976/976
f 976/976/976 959/959/959 1045/1045/1045
f 1045/1045/1045 959/959/959 954/954/954
f 959/959/959 1034/1034/1034 954/954/954
f 954/954/954 1034/1034/1034 946/946/946
f 943/943/943 946/946/946 1034/1034/1034
f 710/710/710 946/946/946 943/943/943
f 710/710/710 955/955/955 946/946/946
f 1143/1143/1143 1132/1132/1132 1228/1228/1228
f 1045/1045/1045 1143/1143/1143 1228/1228/1228
f 1044/1044/1044 1143/1143/1143 1045/1045/1045
f 1045/1045/1045 954/954/954 1044/1044/1044
f 1044/1044/1044 954/954/954 967/967/967
f 954/954/954 955/955/955 967/967/967
f 946/946/946 955/955/955 954/954/954
f 1145/1145/1145 1132/1132/1132 1143/1143/1143
f 1048/1048/1048 1145/1145/1145 1143/1143/1143
f 1044/1044/1044 1048/1048/1048 1143/1143/1143
f 1047/1047/1047 1145/1145/1145 1048/1048/1048
f 1047/1047/1047 1048/1048/1048 1176/1176/1176
f 1965/1965/1965 415/415/415 1950/1950/1950
f 1950/1950/1950 415/415/415 1952/1952/1952
f 482/482/482 1952/1952/1952 415/415/415
f 482/482/482 415/415/415 264/264/264
f 264/264/264 415/415/415 485/485/485
f 264/264/264 485/485/485 416/416/416
f 416/416/416 485/485/485 268/268/268
f 1950/1950/1950 1986/1986/1986 1965/1965/1965
f 1986/1986/1986 1950/1950/1950 1975/1975/1975
f 1975/1975/1975 1950/1950/1950 1983/1983/1983
f 1952/1952/1952 1983/1983/1983 1950/1950/1950
f 1954/1954/1954 1983/1983/1983 1952/1952/1952
f 1952/1952/1952 1925/1925/1925 1954/1954/1954
f 482/482/482 1925/1925/1925 1952/1952/1952
f 1965/1965/1965 1986/1986/1986 1980/1980/1980
f 1986/1986/1986 1981/1981/1981 1980/1980/1980
f 2853/2853/2853 1981/1981/1981 1986/1986/1986
f 1986/1986/1986 1975/1975/1975 2853/2853/2853
f 2853/2853/2853 1975/1975/1975 1995/1995/1995
f 1975/1975/1975 2832/2832/2832 1995/1995/1995
f 2832/2832/2832 1975/1975/1975 1966/1966/1966
f 1966/1966/1966 1975/1975/1975 1983/1983/1983
f 1983/1983/1983 1947/1947/1947 1966/1966/1966
f 1954/1954/1954 1947/1947/1947 1983/1983/1983
f 2853/2853/2853 1976/1976/1976 1981/1981/1981
f 1993/1993/1993 1976/1976/1976 2853/2853/2853
f 2853/2853/2853 1995/1995/1995 1993/1993/1993
f 1993/1993/1993 1995/1995/1995 2850/2850/2850
f 1995/1995/1995 2837/2837/2837 2850/2850/2850
f 2845/2845/2845 2837/2837/2837 1995/1995/1995
f 1995/1995/1995 2832/2832/2832 2845/2845/2845
f 1994/1994/1994 1976/1976/1976 1993/1993/1993
f 1994/1994/1994 1993/1993/1993 2846/2846/2846
f 2846/2846/2846 1993/1993/1993 2850/2850/2850
f 2850/2850/2850 2837/2837/2837 2846/2846/2846
f 1954/1954/1954 1943/1943/1943 1947/1947/1947
f 1922/1922/1922 1943/1943/1943 1954/1954/1954
f 1954/1954/1954 1925/1925/1925 1922/1922/1922
f 1925/1925/1925 1934/1934/1934 1922/1922/1922
f 1925/1925/1925 1935/1935/1935 1934/1934/1934
f 1941/1941/1941 1935/1935/1935 1925/1925/1925
f 1925/1925/1925 482/482/482 1941/1941/1941
f 1943/1943/1943 1922/1922/1922 1930/1930/1930
f 1930/1930/1930 1922/1922/1922 1926/1926/1926
f 1922/1922/1922 1934/1934/1934 1926/1926/1926
f 1926/1926/1926 1934/1934/1934 1957/1957/1957
f 1957/1957/1957 1934/1934/1934 1956/1956/1956
f 1934/1934/1934 1936/1936/1936 1956/1956/1956
f 1935/1935/1935 1936/1936/1936 1934/1934/1934
f 1930/1930/1930 1926/1926/1926 1946/1946/1946
f 1946/1946/1946 1926/1926/1926 1957/1957/1957
f 1946/1946/1946 1957/1957/1957 1945/1945/1945
f 1945/1945/1945 1957/1957/1957 1962/1962/1962
f 1957/1957/1957 1956/1956/1956 1962/1962/1962
f 1962/1962/1962 1956/1956/1956 1953/1953/1953
f 1956/1956/1956 422/422/422 1953/1953/1953
f 1937/1937/1937 422/422/422 1956/1956/1956
f 1937/1937/1937 1956/1956/1956 1936/1936/1936
f 2807/2807/2807 1937/1937/1937 1936/1936/1936
f 1936/1936/1936 1935/1935/1935 2807/2807/2807
f 2807/2807/2807 1935/1935/1935 1939/1939/1939
f 1939/1939/1939 1935/1935/1935 1929/1929/1929
f 1933/1933/1933 1929/1929/1929 1935/1935/1935
f 1941/1941/1941 1933/1933/1933 1935/1935/1935
f 3708/3708/3708 1937/1937/1937 2807/2807/2807
f 1939/1939/1939 3708/3708/3708 2807/2807/2807
f 2810/2810/2810 3708/3708/3708 1939/1939/1939
f 2810/2810/2810 1939/1939/1939 2820/2820/2820
f 2820/2820/2820 1939/1939/1939 1944/1944/1944
f 1929/1929/1929 1944/1944/1944 1939/1939/1939
f 1927/1927/1927 1944/1944/1944 1929/1929/1929
f 1929/1929/1929 1931/1931/1931 1927/1927/1927
f 1933/1933/1933 1931/1931/1931 1929/1929/1929
f 1933/1933/1933 293/293/293 1931/1931/1931
f 293/293/293 1933/1933/1933 274/274/274
f 1933/1933/1933 1941/1941/1941 274/274/274
f 1944/1944/1944 18/18/18 2820/2820/2820
f 11/11/11 18/18/18 1944/1944/1944
f 11/11/11 1944/1944/1944 2/2/2
f 2/2/2 1944/1944/1944 1927/1927/1927
f 2/2/2 1927/1927/1927 25/25/25
f 25/25/25 1927/1927/1927 1924/1924/1924
f 1924/1924/1924 1927/1927/1927 1928/1928/1928
f 1928/1928/1928 1927/1927/1927 1931/1931/1931
f 1931/1931/1931 1905/1905/1905 1928/1928/1928
f 1931/1931/1931 293/293/293 1905/1905/1905
f 18/18/18 11/11/11 10/10/10
f 10/10/10 11/11/11 26/26/26
f 11/11/11 3/3/3 26/26/26
f 2/2/2 3/3/3 11/11/11
f 3/3/3 2/2/2 8/8/8
f 8/8/8 2/2/2 25/25/25
f 26/26/26 6/6/6 10/10/10
f 9/9/9 6/6/6 26/26/26
f 26/26/26 1/1/1 9/9/9
f 3/3/3 1/1/1 26/26/26
f 3/3/3 32/32/32 1/1/1
f 8/8/8 32/32/32 3/3/3
f 9/9/9 1631/1631/1631 6/6/6
f 1631/1631/1631 9/9/9 1589/1589/1589
f 1589/1589/1589 9/9/9 1/1/1
f 1589/1589/1589 1/1/1 33/33/33
f 33/33/33 1/1/1 32/32/32
f 6/6/6 1631/1631/1631 1604/1604/1604
f 1604/1604/1604 1631/1631/1631 1591/1591/1591
f 1591/1591/1591 1631/1631/1631 1590/1590/1590
f 1590/1590/1590 1631/1631/1631 1589/1589/1589
f 1589/1589/1589 33/33/33 1590/1590/1590
f 1928/1928/1928 1905/1905/1905 1901/1901/1901
f 1905/1905/1905 1973/1973/1973 1901/1901/1901
f 1905/1905/1905 1906/1906/1906 1973/1973/1973
f 293/293/293 1906/1906/1906 1905/1905/1905
f 293/293/293 272/272/272 1906/1906/1906
f 293/293/293 274/274/274 272/272/272
f 1901/1901/1901 1973/1973/1973 1961/1961/1961
f 1973/1973/1973 1920/1920/1920 1961/1961/1961
f 1921/1921/1921 1920/1920/1920 1973/1973/1973
f 1906/1906/1906 1921/1921/1921 1973/1973/1973
f 1913/1913/1913 1921/1921/1921 1906/1906/1906
f 1906/1906/1906 1914/1914/1914 1913/1913/1913
f 353/353/353 1914/1914/1914 1906/1906/1906
f 1906/1906/1906 272/272/272 353/353/353
f 1921/1921/1921 1912/1912/1912 1920/1920/1920
f 1921/1921/1921 1913/1913/1913 1912/1912/1912
f 1912/1912/1912 1913/1913/1913 1902/1902/1902
f 1913/1913/1913 1914/1914/1914 1902/1902/1902
f 1902/1902/1902 1914/1914/1914 1915/1915/1915
f 1915/1915/1915 1490/1490/1490 1902/1902/1902
f 1902/1902/1902 1490/1490/1490 1602/1602/1602
f 1496/1496/1496 1602/1602/1602 1490/1490/1490
f 1920/1920/1920 1912/1912/1912 1916/1916/1916
f 1916/1916/1916 1912/1912/1912 2242/2242/2242
f 2242/2242/2242 1912/1912/1912 2223/2223/2223
f 1912/1912/1912 1602/1602/1602 2223/2223/2223
f 1902/1902/1902 1602/1602/1602 1912/1912/1912
f 2242/2242/2242 2223/2223/2223 2229/2229/2229
f 2229/2229/2229 2223/2223/2223 2225/2225/2225
f 1602/1602/1602 2225/2225/2225 2223/2223/2223
f 1487/1487/1487 2225/2225/2225 1602/1602/1602
f 1487/1487/1487 1602/1602/1602 1496/1496/1496
f 1487/1487/1487 1496/1496/1496 1481/1481/1481
f 1481/1481/1481 2225/2225/2225 1487/1487/1487
f 2243/2243/2243 2225/2225/2225 1481/1481/1481
f 2243/2243/2243 2229/2229/2229 2225/2225/2225
f 2788/2788/2788 272/272/272 274/274/274
f 2793/2793/2793 272/272/272 2788/2788/2788
f 2788/2788/2788 2791/2791/2791 2793/2793/2793
f 2784/2784/2784 2791/2791/2791 2788/2788/2788
f 2789/2789/2789 2784/2784/2784 2788/2788/2788
f 2788/2788/2788 357/357/357 2789/2789/2789
f 274/274/274 357/357/357 2788/2788/2788
f 274/274/274 1941/1941/1941 357/357/357
f 357/357/357 1941/1941/1941 414/414/414
f 1941/1941/1941 482/482/482 414/414/414
f 482/482/482 264/264/264 414/414/414
f 2791/2791/2791 2784/2784/2784 2790/2790/2790
f 2790/2790/2790 2784/2784/2784 2787/2787/2787
f 2787/2787/2787 2784/2784/2784 2778/2778/2778
f 2778/2778/2778 2784/2784/2784 2786/2786/2786
f 2786/2786/2786 2784/2784/2784 2789/2789/2789
f 2789/2789/2789 2785/2785/2785 2786/2786/2786
f 438/438/438 2785/2785/2785 2789/2789/2789
f 2789/2789/2789 477/477/477 438/438/438
f 357/357/357 477/477/477 2789/2789/2789
f 2787/2787/2787 2779/2779/2779 2790/2790/2790
f 1958/1958/1958 2779/2779/2779 2787/2787/2787
f 2778/2778/2778 1958/1958/1958 2787/2787/2787
f 2256/2256/2256 1958/1958/1958 2778/2778/2778
f 2256/2256/2256 2778/2778/2778 2253/2253/2253
f 2253/2253/2253 2778/2778/2778 2780/2780/2780
f 2778/2778/2778 2785/2785/2785 2780/2780/2780
f 2786/2786/2786 2785/2785/2785 2778/2778/2778
f 1958/1958/1958 2775/2775/2775 2779/2779/2779
f 2825/2825/2825 2775/2775/2775 1958/1958/1958
f 2256/2256/2256 2825/2825/2825 1958/1958/1958
f 2249/2249/2249 2825/2825/2825 2256/2256/2256
f 2256/2256/2256 2257/2257/2257 2249/2249/2249
f 2253/2253/2253 2257/2257/2257 2256/2256/2256
f 2775/2775/2775 2825/2825/2825 1969/1969/1969
f 1969/1969/1969 2825/2825/2825 2773/2773/2773
f 2773/2773/2773 2825/2825/2825 2249/2249/2249
f 2773/2773/2773 2249/2249/2249 2257/2257/2257
f 357/357/357 414/414/414 477/477/477
f 384/384/384 477/477/477 414/414/414
f 414/414/414 264/264/264 384/384/384
f 264/264/264 416/416/416 384/384/384
f 384/384/384 416/416/416 223/223/223
f 387/387/387 223/223/223 416/416/416
f 416/416/416 268/268/268 387/387/387
f 387/387/387 268/268/268 253/253/253
f 221/221/221 477/477/477 384/384/384
f 384/384/384 223/223/223 221/221/221
f 221/221/221 223/223/223 262/262/262
f 262/262/262 223/223/223 385/385/385
f 385/385/385 223/223/223 261/261/261
f 261/261/261 223/223/223 387/387/387
f 261/261/261 387/387/387 2852/2852/2852
f 2852/2852/2852 387/387/387 2851/2851/2851
f 387/387/387 2839/2839/2839 2851/2851/2851
f 253/253/253 2839/2839/2839 387/387/387
f 385/385/385 261/261/261 2847/2847/2847
f 2847/2847/2847 261/261/261 2852/2852/2852
f 2852/2852/2852 2804/2804/2804 2847/2847/2847
f 2815/2815/2815 2804/2804/2804 2852/2852/2852
f 2851/2851/2851 2815/2815/2815 2852/2852/2852
f 2802/2802/2802 2815/2815/2815 2851/2851/2851
f 2802/2802/2802 2851/2851/2851 2814/2814/2814
f 2814/2814/2814 2851/2851/2851 2839/2839/2839
f 2803/2803/2803 2804/2804/2804 2815/2815/2815
f 2803/2803/2803 2815/2815/2815 2816/2816/2816
f 2816/2816/2816 2815/2815/2815 2802/2802/2802
f 2802/2802/2802 2814/2814/2814 2816/2816/2816
f 2096/2096/2096 550/550/550 1203/1203/1203
f 2096/2096/2096 587/587/587 550/550/550
f 2096/2096/2096 590/590/590 587/587/587
f 2096/2096/2096 588/588/588 590/590/590
f 2096/2096/2096 549/549/549 588/588/588
f 2096/2096/2096 1194/1194/1194 549/549/549
f 1194/1194/1194 2096/2096/2096 2098/2098/2098
f 2098/2098/2098 2096/2096/2096 1183/1183/1183
f 1183/1183/1183 2096/2096/2096 1172/1172/1172
f 1172/1172/1172 2096/2096/2096 2097/2097/2097
f 2097/2097/2097 2096/2096/2096 1204/1204/1204
f 1204/1204/1204 2096/2096/2096 1203/1203/1203
f 1250/1250/1250 1285/1285/1285 1175/1175/1175
f 1175/1175/1175 1285/1285/1285 1288/1288/1288
f 1286/1286/1286 1288/1288/1288 1285/1285/1285
f 1285/1285/1285 1501/1501/1501 1286/1286/1286
f 1503/1503/1503 1501/1501/1501 1285/1285/1285
f 1285/1285/1285 1250/1250/1250 1503/1503/1503
f 1503/1503/1503 1250/1250/1250 1258/1258/1258
f 1258/1258/1258 1259/1259/1259 1503/1503/1503
f 1288/1288/1288 1213/1213/1213 1175/1175/1175
f 1273/1273/1273 1213/1213/1213 1288/1288/1288
f 1288/1288/1288 1290/1290/1290 1273/1273/1273
f 1290/1290/1290 1288/1288/1288 1286/1286/1286
f 1286/1286/1286 1261/1261/1261 1290/1290/1290
f 1249/1249/1249 1261/1261/1261 1286/1286/1286
f 1286/1286/1286 1501/1501/1501 1249/1249/1249
f 1213/1213/1213 1254/1254/1254 1175/1175/1175
f 1213/1213/1213 1243/1243/1243 1254/1254/1254
f 1213/1213/1213 1319/1319/1319 1243/1243/1243
f 1273/1273/1273 1319/1319/1319 1213/1213/1213
f 1319/1319/1319 1273/1273/1273 1321/1321/1321
f 1321/1321/1321 1273/1273/1273 1327/1327/1327
f 1273/1273/1273 1302/1302/1302 1327/1327/1327
f 1273/1273/1273 1290/1290/1290 1302/1302/1302
f 1175/1175/1175 1254/1254/1254 1196/1196/1196
f 1253/1253/1253 1196/1196/1196 1254/1254/1254
f 1254/1254/1254 1284/1284/1284 1253/1253/1253
f 1254/1254/1254 1243/1243/1243 1284/1284/1284
f 1212/1212/1212 1284/1284/1284 1243/1243/1243
f 1243/1243/1243 1234/1234/1234 1212/1212/1212
f 1319/1319/1319 1234/1234/1234 1243/1243/1243
f 1234/1234/1234 1319/1319/1319 1240/1240/1240
f 1240/1240/1240 1319/1319/1319 1294/1294/1294
f 1294/1294/1294 1319/1319/1319 1321/1321/1321
f 1252/1252/1252 1196/1196/1196 1253/1253/1253
f 1283/1283/1283 1252/1252/1252 1253/1253/1253
f 1253/1253/1253 1281/1281/1281 1283/1283/1283
f 1253/1253/1253 1284/1284/1284 1281/1281/1281
f 1279/1279/1279 1281/1281/1281 1284/1284/1284
f 1279/1279/1279 1284/1284/1284 1212/1212/1212
f 1256/1256/1256 1252/1252/1252 1283/1283/1283
f 1256/1256/1256 1283/1283/1283 1442/1442/1442
f 1442/1442/1442 1283/1283/1283 1447/1447/1447
f 1447/1447/1447 1283/1283/1283 1402/1402/1402
f 1402/1402/1402 1283/1283/1283 1298/1298/1298
f 1283/1283/1283 1281/1281/1281 1298/1298/1298
f 1298/1298/1298 1281/1281/1281 1303/1303/1303
f 1303/1303/1303 1281/1281/1281 1277/1277/1277
f 1277/1277/1277 1281/1281/1281 1279/1279/1279
f 1447/1447/1447 1416/1416/1416 1442/1442/1442
f 1423/1423/1423 1416/1416/1416 1447/1447/1447
f 1447/1447/1447 1375/1375/1375 1423/1423/1423
f 1402/1402/1402 1375/1375/1375 1447/1447/1447
f 1402/1402/1402 1382/1382/1382 1375/1375/1375
f 1401/1401/1401 1382/1382/1382 1402/1402/1402
f 1402/1402/1402 1298/1298/1298 1401/1401/1401
f 1401/1401/1401 1298/1298/1298 1303/1303/1303
f 1416/1416/1416 1423/1423/1423 1424/1424/1424
f 1375/1375/1375 1424/1424/1424 1423/1423/1423
f 1376/1376/1376 1424/1424/1424 1375/1375/1375
f 1382/1382/1382 1376/1376/1376 1375/1375/1375
f 1249/1249/1249 1501/1501/1501 1522/1522/1522
f 1504/1504/1504 1522/1522/1522 1501/1501/1501
f 1504/1504/1504 1501/1501/1501 1502/1502/1502
f 1502/1502/1502 1501/1501/1501 1503/1503/1503
f 1503/1503/1503 1259/1259/1259 1502/1502/1502
f 1259/1259/1259 1520/1520/1520 1502/1502/1502
f 1502/1502/1502 1520/1520/1520 1459/1459/1459
f 1520/1520/1520 1458/1458/1458 1459/1459/1459
f 1521/1521/1521 1522/1522/1522 1504/1504/1504
f 1521/1521/1521 1504/1504/1504 1441/1441/1441
f 1441/1441/1441 1504/1504/1504 1403/1403/1403
f 1403/1403/1403 1504/1504/1504 1459/1459/1459
f 1459/1459/1459 1504/1504/1504 1502/1502/1502
f 1441/1441/1441 1403/1403/1403 1399/1399/1399
f 1459/1459/1459 1399/1399/1399 1403/1403/1403
f 1458/1458/1458 1399/1399/1399 1459/1459/1459
f 1301/1301/1301 1290/1290/1290 1261/1261/1261
f 1302/1302/1302 1290/1290/1290 1301/1301/1301
f 1293/1293/1293 1302/1302/1302 1301/1301/1301
f 1309/1309/1309 1302/1302/1302 1293/1293/1293
f 1293/1293/1293 1292/1292/1292 1309/1309/1309
f 1309/1309/1309 1292/1292/1292 1274/1274/1274
f 1271/1271/1271 1274/1274/1274 1292/1292/1292
f 1275/1275/1275 1274/1274/1274 1271/1271/1271
f 1275/1275/1275 1320/1320/1320 1274/1274/1274
f 1314/1314/1314 1320/1320/1320 1275/1275/1275
f 1327/1327/1327 1302/1302/1302 1309/1309/1309
f 1274/1274/1274 1327/1327/1327 1309/1309/1309
f 1320/1320/1320 1327/1327/1327 1274/1274/1274
f 1320/1320/1320 1313/1313/1313 1327/1327/1327
f 1320/1320/1320 1333/1333/1333 1313/1313/1313
f 1333/1333/1333 1320/1320/1320 1335/1335/1335
f 1335/1335/1335 1320/1320/1320 1314/1314/1314
f 1327/1327/1327 1313/1313/1313 1321/1321/1321
f 1321/1321/1321 1313/1313/1313 1317/1317/1317
f 1333/1333/1333 1317/1317/1317 1313/1313/1313
f 1325/1325/1325 1317/1317/1317 1333/1333/1333
f 1317/1317/1317 1325/1325/1325 1336/1336/1336
f 1336/1336/1336 1325/1325/1325 1324/1324/1324
f 1324/1324/1324 1329/1329/1329 1336/1336/1336
f 1336/1336/1336 1329/1329/1329 1276/1276/1276
f 1329/1329/1329 1856/1856/1856 1276/1276/1276
f 1317/1317/1317 1336/1336/1336 1321/1321/1321
f 1321/1321/1321 1336/1336/1336 1311/1311/1311
f 1336/1336/1336 1276/1276/1276 1311/1311/1311
f 1311/1311/1311 1276/1276/1276 1312/1312/1312
f 1276/1276/1276 1865/1865/1865 1312/1312/1312
f 1855/1855/1855 1865/1865/1865 1276/1276/1276
f 1276/1276/1276 1856/1856/1856 1855/1855/1855
f 1858/1858/1858 1855/1855/1855 1856/1856/1856
f 1847/1847/1847 1855/1855/1855 1858/1858/1858
f 1858/1858/1858 1867/1867/1867 1847/1847/1847
f 1311/1311/1311 1294/1294/1294 1321/1321/1321
f 1308/1308/1308 1294/1294/1294 1311/1311/1311
f 1308/1308/1308 1311/1311/1311 1312/1312/1312
f 1308/1308/1308 1312/1312/1312 1307/1307/1307
f 1307/1307/1307 1312/1312/1312 1310/1310/1310
f 1312/1312/1312 1866/1866/1866 1310/1310/1310
f 1865/1865/1865 1866/1866/1866 1312/1312/1312
f 1865/1865/1865 1862/1862/1862 1866/1866/1866
f 1778/1778/1778 1862/1862/1862 1865/1865/1865
f 1865/1865/1865 1855/1855/1855 1778/1778/1778
f 1294/1294/1294 1308/1308/1308 1242/1242/1242
f 1242/1242/1242 1308/1308/1308 1356/1356/1356
f 1308/1308/1308 1307/1307/1307 1356/1356/1356
f 1356/1356/1356 1307/1307/1307 1344/1344/1344
f 1356/1356/1356 1344/1344/1344 1357/1357/1357
f 1357/1357/1357 1344/1344/1344 1361/1361/1361
f 1367/1367/1367 1357/1357/1357 1361/1361/1361
f 1294/1294/1294 1242/1242/1242 1240/1240/1240
f 1240/1240/1240 1242/1242/1242 1233/1233/1233
f 1242/1242/1242 1476/1476/1476 1233/1233/1233
f 1242/1242/1242 1356/1356/1356 1476/1476/1476
f 1476/1476/1476 1356/1356/1356 1357/1357/1357
f 1370/1370/1370 1476/1476/1476 1357/1357/1357
f 1370/1370/1370 1357/1357/1357 1367/1367/1367
f 1370/1370/1370 1367/1367/1367 1362/1362/1362
f 1362/1362/1362 1367/1367/1367 1363/1363/1363
f 1844/1844/1844 1362/1362/1362 1363/1363/1363
f 1233/1233/1233 1609/1609/1609 1240/1240/1240
f 1445/1445/1445 1609/1609/1609 1233/1233/1233
f 1445/1445/1445 1443/1443/1443 1609/1609/1609
f 1609/1609/1609 1443/1443/1443 1531/1531/1531
f 1443/1443/1443 1620/1620/1620 1531/1531/1531
f 1531/1531/1531 1620/1620/1620 1632/1632/1632
f 1620/1620/1620 1606/1606/1606 1632/1632/1632
f 1609/1609/1609 1234/1234/1234 1240/1240/1240
f 1530/1530/1530 1234/1234/1234 1609/1609/1609
f 1609/1609/1609 1531/1531/1531 1530/1530/1530
f 1530/1530/1530 1531/1531/1531 1629/1629/1629
f 1629/1629/1629 1531/1531/1531 1608/1608/1608
f 1608/1608/1608 1531/1531/1531 1632/1632/1632
f 1632/1632/1632 1475/1475/1475 1608/1608/1608
f 1632/1632/1632 1606/1606/1606 1475/1475/1475
f 1606/1606/1606 1463/1463/1463 1475/1475/1475
f 1475/1475/1475 1463/1463/1463 1570/1570/1570
f 1570/1570/1570 1463/1463/1463 1419/1419/1419
f 1234/1234/1234 1530/1530/1530 1212/1212/1212
f 1212/1212/1212 1530/1530/1530 1236/1236/1236
f 1236/1236/1236 1530/1530/1530 1610/1610/1610
f 1610/1610/1610 1530/1530/1530 1629/1629/1629
f 1629/1629/1629 1608/1608/1608 1610/1610/1610
f 1610/1610/1610 1608/1608/1608 1518/1518/1518
f 1608/1608/1608 1581/1581/1581 1518/1518/1518
f 1465/1465/1465 1581/1581/1581 1608/1608/1608
f 1608/1608/1608 1475/1475/1475 1465/1465/1465
f 1475/1475/1475 1570/1570/1570 1465/1465/1465
f 1465/1465/1465 1570/1570/1570 1471/1471/1471
f 1570/1570/1570 1572/1572/1572 1471/1471/1471
f 1419/1419/1419 1572/1572/1572 1570/1570/1570
f 1581/1581/1581 1465/1465/1465 1470/1470/1470
f 1470/1470/1470 1465/1465/1465 1471/1471/1471
f 1471/1471/1471 1572/1572/1572 1470/1470/1470
f 1233/1233/1233 1476/1476/1476 1231/1231/1231
f 1231/1231/1231 1476/1476/1476 1539/1539/1539
f 1539/1539/1539 1476/1476/1476 1477/1477/1477
f 1477/1477/1477 1476/1476/1476 1370/1370/1370
f 1362/1362/1362 1477/1477/1477 1370/1370/1370
f 1371/1371/1371 1477/1477/1477 1362/1362/1362
f 1371/1371/1371 1362/1362/1362 1790/1790/1790
f 1790/1790/1790 1362/1362/1362 1579/1579/1579
f 1579/1579/1579 1362/1362/1362 1844/1844/1844
f 1371/1371/1371 1539/1539/1539 1477/1477/1477
f 1467/1467/1467 1539/1539/1539 1371/1371/1371
f 1467/1467/1467 1371/1371/1371 1794/1794/1794
f 1794/1794/1794 1371/1371/1371 1790/1790/1790
f 1790/1790/1790 1792/1792/1792 1794/1794/1794
f 1788/1788/1788 1792/1792/1792 1790/1790/1790
f 1790/1790/1790 1580/1580/1580 1788/1788/1788
f 1579/1579/1579 1580/1580/1580 1790/1790/1790
f 1580/1580/1580 1579/1579/1579 1567/1567/1567
f 1567/1567/1567 1579/1579/1579 1844/1844/1844
f 1792/1792/1792 1788/1788/1788 1836/1836/1836
f 1580/1580/1580 1836/1836/1836 1788/1788/1788
f 1566/1566/1566 1836/1836/1836 1580/1580/1580
f 1567/1567/1567 1566/1566/1566 1580/1580/1580
f 1778/1778/1778 1855/1855/1855 1847/1847/1847
f 1778/1778/1778 1847/1847/1847 1859/1859/1859
f 1859/1859/1859 1847/1847/1847 1854/1854/1854
f 1847/1847/1847 1867/1867/1867 1854/1854/1854
f 1854/1854/1854 1867/1867/1867 1822/1822/1822
f 1822/1822/1822 1867/1867/1867 1776/1776/1776
f 1822/1822/1822 1776/1776/1776 1791/1791/1791
f 1791/1791/1791 1784/1784/1784 1822/1822/1822
f 1780/1780/1780 1778/1778/1778 1859/1859/1859
f 1859/1859/1859 1774/1774/1774 1780/1780/1780
f 1806/1806/1806 1774/1774/1774 1859/1859/1859
f 1854/1854/1854 1806/1806/1806 1859/1859/1859
f 1822/1822/1822 1806/1806/1806 1854/1854/1854
f 1822/1822/1822 1784/1784/1784 1806/1806/1806
f 1774/1774/1774 1806/1806/1806 1784/1784/1784
f 1862/1862/1862 1778/1778/1778 1780/1780/1780
f 2182/2182/2182 2211/2211/2211 2183/2183/2183
f 2183/2183/2183 2211/2211/2211 2212/2212/2212
f 2211/2211/2211 2198/2198/2198 2212/2212/2212
f 2212/2212/2212 2198/2198/2198 2200/2200/2200
f 2198/2198/2198 2204/2204/2204 2200/2200/2200
f 2202/2202/2202 2204/2204/2204 2198/2198/2198
f 2181/2181/2181 2182/2182/2182 2183/2183/2183
f 2181/2181/2181 2183/2183/2183 2209/2209/2209
f 2209/2209/2209 2183/2183/2183 2210/2210/2210
f 2183/2183/2183 2212/2212/2212 2210/2210/2210
f 2210/2210/2210 2212/2212/2212 2216/2216/2216
f 2212/2212/2212 2200/2200/2200 2216/2216/2216
f 2216/2216/2216 2200/2200/2200 2214/2214/2214
f 2200/2200/2200 2215/2215/2215 2214/2214/2214
f 2204/2204/2204 2215/2215/2215 2200/2200/2200
f 2180/2180/2180 2182/2182/2182 2181/2181/2181
f 2179/2179/2179 2180/2180/2180 2181/2181/2181
f 2179/2179/2179 2181/2181/2181 2208/2208/2208
f 2208/2208/2208 2181/2181/2181 2209/2209/2209
f 2208/2208/2208 2209/2209/2209 2196/2196/2196
f 2196/2196/2196 2209/2209/2209 2217/2217/2217
f 2209/2209/2209 2206/2206/2206 2217/2217/2217
f 2210/2210/2210 2206/2206/2206 2209/2209/2209
f 2210/2210/2210 2090/2090/2090 2206/2206/2206
f 2216/2216/2216 2090/2090/2090 2210/2210/2210
f 2216/2216/2216 2214/2214/2214 2090/2090/2090
f 2184/2184/2184 2180/2180/2180 2179/2179/2179
f 2184/2184/2184 2179/2179/2179 2203/2203/2203
f 2203/2203/2203 2179/2179/2179 2190/2190/2190
f 2190/2190/2190 2179/2179/2179 2205/2205/2205
f 2205/2205/2205 2179/2179/2179 2208/2208/2208
f 2205/2205/2205 2208/2208/2208 2193/2193/2193
f 2193/2193/2193 2208/2208/2208 2196/2196/2196
f 2103/2103/2103 2193/2193/2193 2196/2196/2196
f 2103/2103/2103 2196/2196/2196 2217/2217/2217
f 2103/2103/2103 2217/2217/2217 2206/2206/2206
f 2103/2103/2103 2206/2206/2206 2090/2090/2090
f 2103/2103/2103 2090/2090/2090 2219/2219/2219
f 2090/2090/2090 2214/2214/2214 2219/2219/2219
f 2214/2214/2214 2215/2215/2215 2219/2219/2219
f 2203/2203/2203 2190/2190/2190 2199/2199/2199
f 2199/2199/2199 2190/2190/2190 2201/2201/2201
f 2190/2190/2190 2205/2205/2205 2201/2201/2201
f 2201/2201/2201 2205/2205/2205 2221/2221/2221
f 2205/2205/2205 2193/2193/2193 2221/2221/2221
f 2221/2221/2221 2193/2193/2193 2218/2218/2218
f 2103/2103/2103 2218/2218/2218 2193/2193/2193
f 2103/2103/2103 2207/2207/2207 2218/2218/2218
f 2103/2103/2103 2213/2213/2213 2207/2207/2207
f 2103/2103/2103 2194/2194/2194 2213/2213/2213
f 2103/2103/2103 2219/2219/2219 2194/2194/2194
f 2219/2219/2219 2215/2215/2215 2194/2194/2194
f 2199/2199/2199 2201/2201/2201 2189/2189/2189
f 2189/2189/2189 2201/2201/2201 2197/2197/2197
f 2201/2201/2201 2221/2221/2221 2197/2197/2197
f 2197/2197/2197 2221/2221/2221 2220/2220/2220
f 2221/2221/2221 2218/2218/2218 2220/2220/2220
f 2220/2220/2220 2218/2218/2218 2207/2207/2207
f 2220/2220/2220 2207/2207/2207 2222/2222/2222
f 2222/2222/2222 2207/2207/2207 2213/2213/2213
f 2222/2222/2222 2213/2213/2213 2215/2215/2215
f 2215/2215/2215 2213/2213/2213 2194/2194/2194
f 2189/2189/2189 2197/2197/2197 2192/2192/2192
f 2192/2192/2192 2197/2197/2197 2191/2191/2191
f 2197/2197/2197 2220/2220/2220 2191/2191/2191
f 2191/2191/2191 2220/2220/2220 2222/2222/2222
f 2191/2191/2191 2222/2222/2222 2204/2204/2204
f 2204/2204/2204 2222/2222/2222 2215/2215/2215
f 2192/2192/2192 2191/2191/2191 2202/2202/2202
f 2202/2202/2202 2191/2191/2191 2204/2204/2204
f 2750/2750/2750 2749/2749/2749 2719/2719/2719
f 2750/2750/2750 2748/2748/2748 2749/2749/2749
f 2750/2750/2750 2747/2747/2747 2748/2748/2748
f 2750/2750/2750 2753/2753/2753 2747/2747/2747
f 2750/2750/2750 2751/2751/2751 2753/2753/2753
f 2750/2750/2750 2720/2720/2720 2751/2751/2751
f 2750/2750/2750 2722/2722/2722 2720/2720/2720
f 2750/2750/2750 2723/2723/2723 2722/2722/2722
f 2750/2750/2750 2719/2719/2719 2723/2723/2723
f 3246/3246/3246 3240/3240/3240 3242/3242/3242
f 3242/3242/3242 3240/3240/3240 3244/3244/3244
f 3244/3244/3244 3240/3240/3240 3243/3243/3243
f 3243/3243/3243 3240/3240/3240 3245/3245/3245
f 3245/3245/3245 3240/3240/3240 3239/3239/3239
f 3239/3239/3239 3240/3240/3240 3255/3255/3255
f 3255/3255/3255 3240/3240/3240 3247/3247/3247
f 3247/3247/3247 3240/3240/3240 3248/3248/3248
f 3248/3248/3248 3240/3240/3240 3246/3246/3246
f 3292/3292/3292 3278/3278/3278 3277/3277/3277
f 3277/3277/3277 3278/3278/3278 113/113/113
f 3278/3278/3278 114/114/114 113/113/113
f 113/113/113 114/114/114 122/122/122
f 114/114/114 123/123/123 122/122/122
f 122/122/122 123/123/123 3274/3274/3274
f 123/123/123 115/115/115 3274/3274/3274
f 3258/3258/3258 3292/3292/3292 3277/3277/3277
f 3258/3258/3258 3277/3277/3277 3266/3266/3266
f 3266/3266/3266 3277/3277/3277 3267/3267/3267
f 3277/3277/3277 113/113/113 3267/3267/3267
f 3267/3267/3267 113/113/113 3259/3259/3259
f 113/113/113 122/122/122 3259/3259/3259
f 3259/3259/3259 122/122/122 3260/3260/3260
f 122/122/122 3274/3274/3274 3260/3260/3260
f 102/102/102 3292/3292/3292 3258/3258/3258
f 3257/3257/3257 102/102/102 3258/3258/3258
f 3257/3257/3257 3258/3258/3258 3264/3264/3264
f 3264/3264/3264 3258/3258/3258 3266/3266/3266
f 3264/3264/3264 3266/3266/3266 3271/3271/3271
f 3271/3271/3271 3266/3266/3266 3294/3294/3294
f 3266/3266/3266 3267/3267/3267 3294/3294/3294
f 3294/3294/3294 3267/3267/3267 3238/3238/3238
f 3267/3267/3267 3259/3259/3259 3238/3238/3238
f 3238/3238/3238 3259/3259/3259 3270/3270/3270
f 3259/3259/3259 3260/3260/3260 3270/3270/3270
f 3256/3256/3256 102/102/102 3257/3257/3257
f 101/101/101 3256/3256/3256 3257/3257/3257
f 101/101/101 3257/3257/3257 3262/3262/3262
f 3262/3262/3262 3257/3257/3257 3264/3264/3264
f 3262/3262/3262 3264/3264/3264 3268/3268/3268
f 3268/3268/3268 3264/3264/3264 3271/3271/3271
f 3271/3271/3271 3254/3254/3254 3268/3268/3268
f 3294/3294/3294 3254/3254/3254 3271/3271/3271
f 3238/3238/3238 3254/3254/3254 3294/3294/3294
f 3270/3270/3270 3254/3254/3254 3238/3238/3238
f 3295/3295/3295 3254/3254/3254 3270/3270/3270
f 3270/3270/3270 3260/3260/3260 3295/3295/3295
f 3284/3284/3284 3256/3256/3256 101/101/101
f 124/124/124 3284/3284/3284 101/101/101
f 124/124/124 101/101/101 3263/3263/3263
f 3263/3263/3263 101/101/101 3262/3262/3262
f 3263/3263/3263 3262/3262/3262 3269/3269/3269
f 3269/3269/3269 3262/3262/3262 3268/3268/3268
f 3268/3268/3268 3254/3254/3254 3269/3269/3269
f 3269/3269/3269 3254/3254/3254 3265/3265/3265
f 3265/3265/3265 3254/3254/3254 3272/3272/3272
f 3272/3272/3272 3254/3254/3254 3273/3273/3273
f 3273/3273/3273 3254/3254/3254 3295/3295/3295
f 3295/3295/3295 3260/3260/3260 3273/3273/3273
f 100/100/100 3284/3284/3284 124/124/124
f 3285/3285/3285 100/100/100 124/124/124
f 3285/3285/3285 124/124/124 3276/3276/3276
f 3276/3276/3276 124/124/124 3263/3263/3263
f 3276/3276/3276 3263/3263/3263 3265/3265/3265
f 3265/3265/3265 3263/3263/3263 3269/3269/3269
f 3275/3275/3275 100/100/100 3285/3285/3285
f 99/99/99 3275/3275/3275 3285/3285/3285
f 99/99/99 3285/3285/3285 3293/3293/3293
f 3293/3293/3293 3285/3285/3285 3276/3276/3276
f 3293/3293/3293 3276/3276/3276 3272/3272/3272
f 3272/3272/3272 3276/3276/3276 3265/3265/3265
f 115/115/115 3275/3275/3275 99/99/99
f 3274/3274/3274 115/115/115 99/99/99
f 3274/3274/3274 99/99/99 3261/3261/3261
f 3261/3261/3261 99/99/99 3293/3293/3293
f 3261/3261/3261 3293/3293/3293 3273/3273/3273
f 3273/3273/3273 3293/3293/3293 3272/3272/3272
f 3260/3260/3260 3274/3274/3274 3261/3261/3261
f 3273/3273/3273 3260/3260/3260 3261/3261/3261
f 121/121/121 3714/3714/3714 112/112/112
f 3714/3714/3714 3279/3279/3279 112/112/112
f 3287/3287/3287 3279/3279/3279 3714/3714/3714
f 3714/3714/3714 3624/3624/3624 3287/3287/3287
f 3714/3714/3714 111/111/111 3624/3624/3624
f 111/111/111 3714/3714/3714 121/121/121
f 111/111/111 121/121/121 3692/3692/3692
f 3287/3287/3287 3624/3624/3624 3596/3596/3596
f 3624/3624/3624 3617/3617/3617 3596/3596/3596
f 3622/3622/3622 3617/3617/3617 3624/3624/3624
f 3624/3624/3624 3653/3653/3653 3622/3622/3622
f 3645/3645/3645 3653/3653/3653 3624/3624/3624
f 3624/3624/3624 111/111/111 3645/3645/3645
f 3645/3645/3645 111/111/111 3692/3692/3692
f 3617/3617/3617 3622/3622/3622 3662/3662/3662
f 3662/3662/3662 3622/3622/3622 3661/3661/3661
f 3661/3661/3661 3622/3622/3622 3685/3685/3685
f 3685/3685/3685 3622/3622/3622 3653/3653/3653
f 3685/3685/3685 3653/3653/3653 3692/3692/3692
f 3653/3653/3653 3645/3645/3645 3692/3692/3692
f 3663/3663/3663 3662/3662/3662 3661/3661/3661
f 3685/3685/3685 3663/3663/3663 3661/3661/3661
f 3684/3684/3684 3663/3663/3663 3685/3685/3685
f 3684/3684/3684 3685/3685/3685 3692/3692/3692
f 3686/3686/3686 3684/3684/3684 3692/3692/3692
f 3511/3511/3511 3686/3686/3686 3692/3692/3692
f 3489/3489/3489 3511/3511/3511 3692/3692/3692
f 3664/3664/3664 3662/3662/3662 3663/3663/3663
f 3663/3663/3663 3658/3658/3658 3664/3664/3664
f 3663/3663/3663 3684/3684/3684 3658/3658/3658
f 3658/3658/3658 3684/3684/3684 3686/3686/3686
f 3686/3686/3686 3511/3511/3511 3658/3658/3658
f 3658/3658/3658 3511/3511/3511 3526/3526/3526
f 3489/3489/3489 3526/3526/3526 3511/3511/3511
f 3513/3513/3513 3526/3526/3526 3489/3489/3489
f 3490/3490/3490 3526/3526/3526 3513/3513/3513
f 3491/3491/3491 3526/3526/3526 3490/3490/3490
f 3526/3526/3526 3491/3491/3491 3658/3658/3658
f 3658/3658/3658 3491/3491/3491 3647/3647/3647
f 3664/3664/3664 3658/3658/3658 3647/3647/3647
f 3728/3728/3728 3753/3753/3753 3769/3769/3769
f 3773/3773/3773 3753/3753/3753 3728/3728/3728
f 3728/3728/3728 3772/3772/3772 3773/3773/3773
f 3770/3770/3770 3772/3772/3772 3728/3728/3728
f 3770/3770/3770 3728/3728/3728 3727/3727/3727
f 3727/3727/3727 3728/3728/3728 3766/3766/3766
f 3728/3728/3728 3768/3768/3768 3766/3766/3766
f 3769/3769/3769 3768/3768/3768 3728/3728/3728
f 3773/3773/3773 3725/3725/3725 3753/3753/3753
f 3726/3726/3726 3725/3725/3725 3773/3773/3773
f 3726/3726/3726 3773/3773/3773 3735/3735/3735
f 3735/3735/3735 3773/3773/3773 3772/3772/3772
f 3735/3735/3735 3772/3772/3772 3737/3737/3737
f 3737/3737/3737 3772/3772/3772 3767/3767/3767
f 3770/3770/3770 3767/3767/3767 3772/3772/3772
f 3755/3755/3755 3767/3767/3767 3770/3770/3770
f 3755/3755/3755 3770/3770/3770 3756/3756/3756
f 3756/3756/3756 3770/3770/3770 3727/3727/3727
f 3751/3751/3751 3725/3725/3725 3726/3726/3726
f 3726/3726/3726 3735/3735/3735 3751/3751/3751
f 3751/3751/3751 3735/3735/3735 3736/3736/3736
f 3735/3735/3735 3737/3737/3737 3736/3736/3736
f 3736/3736/3736 3737/3737/3737 3754/3754/3754
f 3737/3737/3737 3738/3738/3738 3754/3754/3754
f 3737/3737/3737 3767/3767/3767 3738/3738/3738
f 3738/3738/3738 3767/3767/3767 3771/3771/3771
f 3755/3755/3755 3771/3771/3771 3767/3767/3767
f 3724/3724/3724 3725/3725/3725 3751/3751/3751
f 3783/3783/3783 3724/3724/3724 3751/3751/3751
f 3736/3736/3736 3783/3783/3783 3751/3751/3751
f 3763/3763/3763 3783/3783/3783 3736/3736/3736
f 3754/3754/3754 3763/3763/3763 3736/3736/3736
f 3787/3787/3787 3763/3763/3763 3754/3754/3754
f 3750/3750/3750 3787/3787/3787 3754/3754/3754
f 3754/3754/3754 3738/3738/3738 3750/3750/3750
f 3760/3760/3760 3724/3724/3724 3783/3783/3783
f 3783/3783/3783 3747/3747/3747 3760/3760/3760
f 3786/3786/3786 3747/3747/3747 3783/3783/3783
f 3783/3783/3783 3785/3785/3785 3786/3786/3786
f 3763/3763/3763 3785/3785/3785 3783/3783/3783
f 3763/3763/3763 3789/3789/3789 3785/3785/3785
f 3787/3787/3787 3789/3789/3789 3763/3763/3763
f 3787/3787/3787 3788/3788/3788 3789/3789/3789
f 3784/3784/3784 3788/3788/3788 3787/3787/3787
f 3784/3784/3784 3787/3787/3787 3750/3750/3750
f 3786/3786/3786 3748/3748/3748 3747/3747/3747
f 3749/3749/3749 3748/3748/3748 3786/3786/3786
f 3749/3749/3749 3786/3786/3786 3761/3761/3761
f 3761/3761/3761 3786/3786/3786 3785/3785/3785
f 3761/3761/3761 3785/3785/3785 3762/3762/3762
f 3762/3762/3762 3785/3785/3785 3789/3789/3789
f 3762/3762/3762 3789/3789/3789 3774/3774/3774
f 3774/3774/3774 3789/3789/3789 3788/3788/3788
f 3766/3766/3766 3748/3748/3748 3749/3749/3749
f 3749/3749/3749 3761/3761/3761 3766/3766/3766
f 3766/3766/3766 3761/3761/3761 3727/3727/3727
f 3761/3761/3761 3762/3762/3762 3727/3727/3727
f 3727/3727/3727 3762/3762/3762 3756/3756/3756
f 3762/3762/3762 3774/3774/3774 3756/3756/3756
f 3756/3756/3756 3774/3774/3774 3764/3764/3764
f 3764/3764/3764 3755/3755/3755 3756/3756/3756
f 3765/3765/3765 3755/3755/3755 3764/3764/3764
f 3765/3765/3765 3771/3771/3771 3755/3755/3755
f 3768/3768/3768 3748/3748/3748 3766/3766/3766
