# converted from 17.lmesh by lmesh2obj.py
mtllib Hero_Teemo.mtl
o Hero_Teemo
v 0.131939 0.173441 0.181461
v 0.117626 0.151915 0.219126
v 0.124846 0.194401 0.252365
v 0.080785 0.075533 0.183602
v 0.151161 0.001237 0.205040
v 0.085506 0.001234 0.236045
v 0.110313 0.093576 0.156120
v 0.052726 0.001342 0.074876
v 0.022594 0.026208 0.095262
v 0.028199 0.001218 0.089021
v 0.024658 0.034181 0.138550
v 0.085506 0.001234 0.236045
v 0.153554 0.001242 0.241069
v 0.084988 0.065072 0.180333
v 0.033618 0.001158 0.143246
v -0.067654 0.136402 0.089468
v 0.109445 0.063716 0.153702
v 0.148970 0.232097 0.201495
v 0.050386 0.023973 0.068297
v -0.043519 0.120954 0.090988
v 0.185016 0.725758 0.283630
v 0.031960 0.749601 0.341788
v 0.213735 0.536436 0.269486
v 0.088397 0.585713 0.221556
v 0.038246 0.634758 0.274602
v 0.010760 0.685849 0.317039
v 0.200774 0.500639 0.502215
v 0.054719 0.775948 0.004858
v 0.071622 0.884407 0.064237
v 0.173431 0.603233 0.518328
v 0.112493 0.861896 0.080945
v 0.220073 0.573335 0.464425
v 0.009536 0.786306 0.131525
v 0.010760 0.685849 0.317039
v 0.008394 0.763110 0.095478
v 0.031785 0.742119 0.207494
v 0.031960 0.749601 0.341788
v 0.038246 0.634758 0.274602
v 0.064337 0.563309 0.210532
v -0.006541 0.684512 0.309417
v 0.248996 0.640277 0.248523
v 0.014945 0.572387 0.367413
v 0.137018 0.773298 0.256938
v 0.136987 0.807775 0.257789
v 0.088397 0.585713 0.221556
v 0.229219 0.790828 0.198243
v 0.069157 0.663764 0.124096
v 0.174022 0.614091 0.188639
v 0.173043 0.466177 0.464838
v 0.224197 0.691635 0.199880
v 0.200601 0.801361 0.176454
v 0.169161 0.600790 0.165114
v 0.193975 0.811631 0.152603
v 0.261740 0.695569 0.163003
v 0.141649 0.811371 0.201082
v 0.221131 0.732915 0.225343
v 0.096011 0.729663 0.329067
v 0.135674 0.507676 0.317783
v 0.018328 0.763240 0.350619
v 0.147151 0.518250 0.545615
v 0.035899 0.697535 0.172127
v -0.015901 0.815989 0.158342
v 0.003337 0.767740 0.115839
v 0.041609 0.725177 0.292949
v 0.043054 0.792432 0.239917
v 0.081727 0.001385 0.085519
v 0.151161 0.001237 0.205040
v 0.095106 0.024929 0.079089
v 0.127304 0.038347 0.169295
v 0.082487 0.162098 0.283653
v 0.120237 0.000000 0.142341
v 0.083454 0.127589 0.243598
v 0.148147 0.010568 0.245995
v 0.105763 0.029027 0.111703
v 0.101829 0.000172 0.109551
v 0.113881 0.105870 0.109936
v 0.033530 0.107333 0.247603
v 0.059979 0.001143 0.191344
v 0.073757 0.187525 0.049909
v 0.147779 0.016481 0.217235
v 0.138830 0.195641 0.117727
v 0.153554 0.001242 0.241069
v 0.148395 0.256335 0.115679
v 0.012956 0.140530 0.286243
v 0.068679 0.162400 0.057565
v 0.174022 0.614091 0.188639
v 0.125304 0.691497 0.107529
v 0.005382 0.854065 0.170797
v 0.039205 0.869786 0.118705
v -0.528411 0.706236 0.434139
v -0.485552 0.666700 0.469424
v -0.478447 0.720069 0.427993
v -0.528411 0.706236 0.434139
v -0.440463 0.811917 0.101451
v -0.436235 0.808717 0.106961
v -0.202887 0.398596 -0.117015
v -0.441240 0.408684 -0.058263
v -0.203960 0.472263 -0.164849
v -0.204131 0.398259 -0.164344
v -0.481366 0.432240 0.393750
v -0.598810 0.483046 0.061136
v -0.595606 0.423128 0.053205
v -0.590312 0.463194 0.267927
v 0.079518 0.763032 0.039276
v 0.069074 0.819367 0.010389
v 0.102374 0.796364 0.048167
v 0.179224 0.747903 0.130952
v -0.535123 0.770959 0.412935
v -0.478447 0.720069 0.427993
v -0.496775 0.795214 0.236203
v -0.510608 0.685847 0.372227
v -0.451912 0.379805 0.339012
v -0.446427 0.842108 0.122877
v -0.517500 0.416858 0.056378
v -0.530229 0.418257 0.240051
v -0.346688 0.342420 0.392613
v -0.203317 0.330431 0.408033
v -0.479844 0.371713 0.376389
v -0.344951 0.481856 -0.152541
v -0.477151 0.411372 -0.081346
v -0.485645 0.488523 -0.075948
v 0.017332 0.836854 0.152835
v 0.064589 0.862800 0.142028
v 0.224197 0.691635 0.199880
v -0.493867 0.646894 0.462849
v -0.560443 0.768893 0.385891
v -0.324652 0.388564 -0.098012
v -0.343342 0.399033 -0.146076
v -0.204617 0.323352 0.436258
v -0.589845 0.403008 0.263790
v 0.101829 0.000172 0.109551
v 0.033618 0.001158 0.143246
v -0.011316 0.105737 0.228099
v -0.045944 0.144074 0.261733
v 0.109747 0.166527 0.153125
v 0.101530 0.154114 0.195522
v 0.026415 0.155204 0.233319
v 0.038857 0.117534 0.199199
v 0.001075 0.105693 0.155478
v -0.005418 0.144695 0.209749
v 0.043921 0.119195 0.202245
v 0.071231 0.131067 0.208923
v 0.019215 0.111491 0.187173
v 0.077813 0.095673 0.074881
v 0.001075 0.105693 0.155478
v 0.095636 0.157965 0.114728
v 0.136926 0.012067 0.271195
v 0.093721 0.018801 0.246440
v 0.119217 0.025818 0.239563
v -0.066883 0.117690 0.162062
v 0.099151 0.050924 0.196993
v 0.140509 0.001236 0.270357
v 0.081727 0.001385 0.085519
v 0.058794 0.060367 0.175330
v -0.100094 0.140582 0.166284
v 0.060857 0.036623 0.195149
v 0.084988 0.065072 0.180333
v 0.028199 0.001218 0.089021
v 0.018612 0.172183 0.247262
v 0.120237 0.000000 0.142341
v 0.116846 0.012252 0.267573
v 0.115765 0.001235 0.265196
v 0.059979 0.001143 0.191344
v -0.432275 0.744148 0.481475
v -0.426952 0.472404 -0.062343
v -0.432275 0.744148 0.481475
v -0.397637 0.631066 -0.086806
v -0.402517 0.552976 -0.086058
v -0.436235 0.808717 0.106961
v -0.406720 0.784466 0.085843
v -0.204532 0.411150 0.465666
v -0.204341 0.453935 0.485344
v -0.360183 0.745501 -0.047809
v -0.383507 0.788597 -0.006872
v -0.354741 0.410645 0.461018
v -0.432081 0.810518 0.117610
v -0.354911 0.329806 0.428040
v -0.204462 0.400673 0.482196
v -0.406720 0.784466 0.085843
v -0.325262 0.924279 0.102810
v -0.430091 0.855458 0.123365
v -0.423412 0.801866 0.087081
v -0.316249 0.525517 0.435152
v -0.504549 0.480166 -0.001799
v -0.415877 0.620183 0.316630
v -0.204178 0.519455 0.462568
v -0.402326 0.831285 -0.008773
v -0.436235 0.808717 0.106961
v -0.202722 0.467659 -0.126206
v -0.305129 0.463419 -0.118783
v -0.383507 0.788597 -0.006872
v -0.325262 0.924279 0.102810
v -0.421478 0.884573 0.018669
v -0.421478 0.884573 0.018669
v -0.426649 0.879025 0.085078
v -0.415106 0.777954 0.071249
v -0.440906 0.532564 0.377152
v -0.507429 0.629147 0.193911
v -0.549476 0.475198 0.262344
v -0.583146 0.540514 0.099282
v -0.324356 0.458311 0.450958
v -0.547621 0.533464 0.260864
v -0.335425 0.421155 0.437377
v -0.578517 0.487945 0.101611
v -0.277241 0.626589 -0.117272
v -0.274703 0.544120 -0.127613
v -0.363600 0.841584 0.163164
v -0.362649 0.729202 0.239010
v -0.432081 0.810518 0.117610
v -0.492560 0.635615 -0.035819
v -0.520962 0.549272 -0.025066
v -0.532053 0.645732 0.080612
v -0.203823 0.536605 -0.142030
v -0.342123 0.801194 -0.028346
v -0.450201 0.471849 0.390459
v -0.203612 0.628787 -0.138518
v -0.448704 0.445684 0.383801
v -0.203989 0.590429 0.415546
v -0.203686 0.704829 0.340952
v -0.297700 0.604675 0.376178
v -0.528411 0.706236 0.434139
v -0.572037 0.763595 0.392462
v -0.610340 0.720676 0.394787
v -0.617892 0.759817 0.340379
v -0.418042 0.557471 0.475206
v -0.672278 0.692201 0.210602
v -0.626712 0.794086 0.111508
v 0.245266 0.629664 0.372599
v 0.232731 0.533892 0.379682
v -0.007342 0.631685 0.384679
v -0.203153 0.845418 -0.058202
v -0.203311 0.767867 -0.098804
v -0.306510 0.883745 -0.009012
v -0.295914 0.811990 0.235421
v -0.203058 0.888232 0.185846
v -0.402326 0.831285 -0.008773
v -0.569368 0.733648 0.467569
v -0.584459 0.729228 0.460868
v -0.583721 0.752171 0.122984
v -0.674208 0.765695 0.257337
v -0.426649 0.879025 0.085078
v -0.584459 0.729228 0.460868
v -0.075158 0.619311 0.443362
v -0.544484 0.689400 0.502097
v -0.206002 0.812432 0.269629
v -0.421478 0.884573 0.018669
v -0.558961 0.678141 0.498573
v -0.430091 0.855458 0.123365
v -0.510599 0.715703 0.510074
v -0.513322 0.750021 0.492550
v -0.488902 0.769181 0.461978
v -0.456639 0.731069 0.457961
v -0.515708 0.711776 0.508929
v -0.460786 0.729223 0.453944
v -0.603850 0.654823 0.485272
v -0.451163 0.762269 0.486734
v -0.507229 0.578115 0.535000
v -0.655239 0.517039 0.402473
v -0.465354 0.736118 0.516216
v -0.521448 0.747662 0.488887
v -0.431835 0.724315 0.498596
v -0.621114 0.824880 0.153678
v -0.460786 0.729223 0.453944
v -0.428644 0.773202 0.104165
v -0.456639 0.731069 0.457961
v -0.670808 0.602609 0.455225
v -0.435003 0.574605 0.527416
v -0.432275 0.744148 0.481475
v -0.435003 0.574605 0.527416
v -0.467286 0.752408 0.505375
v -0.440147 0.747229 0.502629
v -0.508944 0.502689 0.378071
v -0.469433 0.694367 0.476683
v -0.493867 0.646894 0.462849
v -0.493867 0.646894 0.462849
v -0.073624 0.635875 0.459445
v -0.308035 0.870882 0.175240
v -0.463867 0.459012 0.424068
v -0.463444 0.600364 0.423014
v -0.203072 0.914505 0.024529
v -0.272571 0.766131 -0.082288
v -0.274040 0.716500 0.301488
v -0.495243 0.769601 0.454698
v -0.558961 0.678141 0.498573
v -0.271834 0.839173 -0.043366
v -0.560443 0.768893 0.385891
v -0.625247 0.782954 0.339518
v -0.418042 0.557471 0.475206
v -0.471859 0.690299 0.475644
v 0.082274 0.309024 0.264887
v -0.130036 0.244125 0.248043
v -0.008693 0.266543 0.303917
v -0.082845 0.262977 0.295151
v -0.134301 0.261300 -0.060706
v -0.024238 0.165116 0.120663
v 0.091767 0.363524 0.024492
v 0.083662 0.316908 0.283448
v -0.461652 0.123838 0.194142
v 0.115461 0.355271 0.129091
v 0.091979 0.364919 0.311073
v -0.419239 0.107683 0.148461
v -0.073083 0.254731 0.287236
v -0.023208 0.316552 0.378199
v 0.110643 0.329433 0.131853
v 0.138418 0.432606 0.118867
v -0.443037 0.158682 0.223473
v -0.022619 0.348366 -0.077718
v 0.018681 0.113638 0.127913
v -0.088190 0.233284 0.071837
v 0.093884 0.197455 0.106933
v -0.477274 0.133454 0.089358
v -0.507587 0.202472 0.094865
v -0.436976 0.115276 0.179377
v -0.436897 0.114839 0.121213
v -0.411215 0.146941 0.199730
v 0.088469 0.397673 0.010047
v -0.434639 0.175604 0.237428
v -0.009862 0.264176 0.015006
v 0.044881 0.184067 0.080959
v 0.059422 0.132326 0.096863
v -0.015933 0.160258 0.220252
v -0.027629 0.133924 0.164646
v 0.060871 0.172276 0.252968
v 0.102834 0.432198 0.338152
v 0.092029 0.327705 0.040611
v -0.141493 0.229672 0.147209
v -0.141493 0.229672 0.147209
v 0.160873 0.479973 0.134779
v -0.138253 0.307353 0.400196
v -0.189284 0.251959 0.137361
v -0.029912 0.178034 0.231269
v 0.091012 0.306382 0.054892
v -0.028377 0.368199 0.426892
v -0.149492 0.261725 0.259537
v -0.052011 0.158254 0.165785
v -0.012218 0.274489 0.313509
v -0.017539 0.299620 -0.031822
v -0.163567 0.236441 0.005102
v -0.015461 0.276401 -0.002136
v -0.139528 0.315601 -0.107173
v -0.167447 0.275930 0.274882
v -0.137577 0.393720 -0.117463
v -0.052011 0.158254 0.165785
v -0.120927 0.254817 0.012115
v -0.385901 0.421274 -0.117053
v -0.204626 0.310918 0.397869
v -0.204652 0.288205 0.346345
v -0.204568 0.342650 0.426479
v -0.271017 0.307660 0.400127
v -0.242554 0.275118 0.274685
v -0.205360 0.275338 0.273537
v -0.205424 0.251361 0.137372
v -0.283391 0.353139 0.438403
v -0.456559 0.122065 0.191137
v 0.054027 0.210601 0.279452
v -0.125708 0.352775 0.438485
v -0.153172 0.286724 0.338147
v -0.400137 0.162220 0.210169
v -0.525272 0.172411 0.142512
v -0.419239 0.107683 0.148461
v -0.488883 0.136185 0.200546
v -0.518083 0.159999 0.185874
v -0.524003 0.216469 0.141508
v 0.101954 0.233871 0.244585
v -0.389103 0.134826 0.154673
v 0.047231 0.169561 0.088904
v -0.514816 0.240212 0.234204
v -0.517321 0.197863 0.207246
v -0.027629 0.133924 0.164646
v -0.511688 0.162104 0.104788
v -0.526198 0.245881 0.141030
v -0.389103 0.134826 0.154673
v -0.476851 0.177304 0.242787
v -0.468534 0.215699 0.268996
v -0.517385 0.218009 0.221537
v -0.205424 0.251361 0.137372
v -0.221539 0.251761 0.136947
v 0.110527 0.210232 0.153409
v 0.102871 0.211778 0.232082
v 0.057716 0.188793 0.264972
v 0.102177 0.191795 0.217805
v -0.004158 0.142446 0.129629
v 0.097675 0.219979 0.101552
v 0.003122 0.194173 0.264262
v -0.472905 0.194065 0.254517
v -0.020865 0.418278 -0.117005
v -0.462383 0.171683 0.077543
v -0.412471 0.142926 0.119929
v -0.510051 0.225453 0.089205
v -0.417890 0.197175 0.254633
v 0.105735 0.468453 0.022808
v -0.168332 0.269992 -0.057395
v -0.189284 0.251959 0.137361
v 0.114218 0.239340 0.152880
v -0.102590 0.289972 0.337535
v -0.256492 0.286413 0.338070
v -0.306834 0.290241 0.337410
v -0.204352 0.324202 -0.070058
v -0.239589 0.271389 -0.057980
v -0.203350 0.289269 -0.003698
v -0.512973 0.471016 0.022790
v -0.474946 0.640920 0.305560
v -0.674208 0.765695 0.257337
v -0.692074 0.793254 0.246953
v -0.697483 0.729810 0.165254
v -0.528411 0.706236 0.434139
v -0.574200 0.520384 0.282827
v -0.610340 0.720676 0.394787
v -0.495006 0.444918 0.469996
v -0.469576 0.747194 0.204343
v -0.496775 0.795214 0.236203
v -0.474946 0.640920 0.305560
v -0.463867 0.459012 0.424068
v -0.711263 0.643200 0.320951
v -0.572037 0.763595 0.392462
v -0.441789 0.641709 0.315641
v -0.571413 0.479778 0.464331
v -0.628643 0.647942 0.157770
v -0.540622 0.643623 0.240512
v -0.640845 0.785170 0.114587
v -0.655678 0.774619 0.135968
v -0.539552 0.735044 0.421410
v -0.672278 0.692201 0.210602
v -0.433423 0.766426 0.033357
v -0.462800 0.483934 0.520010
v -0.553581 0.723628 0.415738
v -0.510608 0.685847 0.372227
v -0.553581 0.723628 0.415738
v -0.510608 0.685847 0.372227
v -0.670333 0.566725 0.269482
v -0.549280 0.516873 0.528392
v -0.537075 0.842552 0.047077
v -0.489676 0.860389 0.030001
v -0.537197 0.828472 0.239051
v -0.440463 0.811917 0.101451
v -0.470647 0.904634 0.118177
v -0.446925 0.820702 0.115767
v -0.513722 0.639659 0.233337
v -0.633328 0.820810 0.170628
v -0.396303 0.637580 0.367476
v -0.593499 0.857993 0.108825
v -0.535281 0.690163 0.071495
v -0.460941 0.796874 0.011941
v -0.421976 1.043752 -0.263364
v -0.498514 0.635523 0.304476
v -0.567559 0.847254 0.029483
v -0.552947 0.929322 0.150992
v -0.390752 0.689305 -0.065460
v -0.508358 0.719912 0.157329
v -0.587277 0.738315 0.129476
v -0.374401 1.063875 -0.195821
v -0.338804 1.178929 -0.186044
v -0.459024 0.752490 0.067559
v -0.421210 1.184223 -0.151989
v -0.593499 0.857993 0.108825
v -0.622286 0.914261 0.134467
v -0.629143 0.664085 0.200592
v -0.617892 0.759817 0.340379
v -0.462692 0.859652 0.117855
v -0.540622 0.643623 0.240512
v -0.533164 0.875466 0.073782
v -0.477055 0.871933 0.078070
v -0.446427 0.842108 0.122877
v -0.506144 0.919362 0.094898
v -0.583536 0.863313 0.243519
v -0.492106 0.761998 0.043752
v -0.610340 0.720676 0.394787
v -0.574933 0.473485 0.370298
v -0.653179 0.712998 0.386138
v -0.500149 0.543986 0.329704
v -0.477745 0.657572 0.397015
v -0.609755 0.772913 0.077088
v -0.440310 1.057197 -0.182318
v -0.443456 1.070050 -0.103993
v -0.256537 0.607735 0.423209
v -0.336216 1.061555 -0.131628
v -0.330517 0.571183 0.448765
v -0.380638 0.369014 0.426709
v -0.498868 0.312471 0.047076
v -0.568645 0.482111 0.134639
v -0.511464 0.433526 0.337930
v -0.266668 0.318263 -0.107683
v -0.269442 0.394975 -0.117532
v -0.392994 0.279444 -0.010382
v -0.204135 0.407992 -0.114149
v -0.499162 0.333674 0.034304
v -0.204208 0.376474 -0.113368
v -0.338049 0.253533 0.286045
v -0.327502 0.262418 0.294544
v -0.221539 0.251761 0.136947
v -0.270318 0.228399 0.141878
v -0.363530 0.158430 0.155341
v -0.288754 0.254619 0.005616
v -0.385347 0.179597 0.221353
v -0.270318 0.228399 0.141878
v -0.282358 0.242518 0.246587
v -0.261146 0.260394 0.258957
v -0.363530 0.158430 0.155341
v -0.245840 0.237799 0.003924
v -0.629143 0.664085 0.200592
v -0.077908 0.645502 0.437331
v -0.552947 0.929322 0.150992
v -0.622286 0.914261 0.134467
v -0.593499 0.857993 0.108825
v -0.390752 0.689305 -0.065460
v -0.307914 0.963227 -0.107936
v -0.422127 0.710447 0.339513
v -0.306348 0.892697 -0.099187
v -0.330517 0.571183 0.448765
v -0.396303 0.637580 0.367476
v -0.609755 0.772913 0.077088
v -0.498514 0.635523 0.304476
v -0.541220 0.953296 0.107202
v -0.535281 0.690163 0.071495
v -0.369427 0.799764 -0.166578
v -0.548198 1.193654 -0.267966
v -0.241098 0.761561 0.580622
v -0.498096 0.880259 0.100920
v -0.401661 0.779264 0.510091
v -0.282196 0.667199 0.408823
v -0.502717 0.720983 0.001648
v -0.369427 0.799764 -0.166578
v -0.567559 0.847254 0.029483
v -0.443456 1.070050 -0.103993
v -0.552128 0.917628 0.174043
v -0.256537 0.607735 0.423209
v -0.390752 0.689305 -0.065460
v -0.443456 1.070050 -0.103993
v -0.521431 1.303928 -0.132881
v -0.414084 0.978600 -0.065882
v -0.399896 0.861079 -0.053283
v -0.629577 1.177192 0.184008
v -0.609666 1.086609 0.078472
v -0.603667 1.178923 0.061039
v -0.580667 0.926635 0.415020
v -0.633980 0.969635 0.298833
v -0.453602 0.879550 -0.016871
v -0.646830 1.109289 0.222196
v -0.729515 1.108190 0.151932
v -0.338804 1.178929 -0.186044
v -0.374401 1.063875 -0.195821
v -0.399896 0.861079 -0.053283
v -0.453929 1.305621 -0.161809
v -0.450066 1.200143 0.550173
v -0.406507 1.100493 0.538848
v -0.615149 1.252534 0.245137
v -0.498096 0.880259 0.100920
v -0.421210 1.184223 -0.151989
v -0.465642 1.276737 -0.135437
v -0.409949 0.936256 0.560423
v -0.536195 1.217030 0.462153
v -0.588097 1.075683 0.356278
v -0.688117 1.007479 0.259441
v -0.490330 0.855029 0.198781
v -0.504927 0.804571 0.461045
v -0.628555 0.944881 0.269366
v -0.629929 1.007662 0.209162
v -0.522523 1.079243 0.424946
v -0.510347 0.881541 0.506395
v -0.562697 0.853398 0.393001
v -0.722687 1.011612 0.167097
v -0.597431 1.272652 0.043177
v -0.411593 0.867769 0.560255
v -0.540226 1.006498 -0.244389
v -0.673783 1.057660 0.242189
v -0.469561 1.093632 0.489792
v -0.552128 0.917628 0.174043
v -0.502896 1.132596 -0.097285
v -0.453929 1.305621 -0.161809
v -0.318993 0.943626 -0.186283
v -0.443456 1.070050 -0.103993
v -0.465642 1.276737 -0.135437
v -0.414084 0.978600 -0.065882
v -0.374616 1.124797 -0.226718
v -0.421210 1.184223 -0.151989
v -0.426777 1.120861 -0.207142
v -0.374616 1.124797 -0.226718
v -0.336216 1.061555 -0.131628
v -0.443456 1.070050 -0.103993
v -0.518986 0.334618 0.126340
v -0.322659 0.233936 0.064015
v -0.401801 0.266353 0.302922
v -0.493301 0.309517 0.262102
v -0.386003 0.317379 0.378010
v -0.397707 0.274744 0.312967
v -0.389996 0.302722 -0.039146
v -0.399165 0.267292 0.006033
v -0.383273 0.351881 -0.083625
v -0.459018 0.186785 0.069071
v -0.275272 0.264347 -0.062072
v -0.557972 1.058519 -0.047258
v -0.390767 0.165829 0.109541
v -0.493895 0.404330 0.009072
v -0.493826 0.317540 0.282039
v -0.425573 0.125906 0.042948
v -0.523197 0.360108 0.125169
v -0.479194 0.055796 0.068828
v -0.501137 0.365916 0.310745
v -0.407854 0.183897 0.033224
v -0.497977 0.369454 0.020062
v -0.544644 0.437641 0.118446
v -0.395161 0.178856 0.015024
v -0.411977 0.147053 0.031720
v -0.646070 1.010070 0.310258
v -0.469697 0.977549 0.490226
v -0.556314 1.007249 0.415697
v -0.523198 1.036337 0.417950
v -0.405249 1.031583 0.546528
v -0.484290 0.952160 0.510566
v -0.453669 0.077618 0.066164
v -0.467718 1.038408 0.498365
v -0.404435 0.967648 0.534660
v -0.628555 0.944881 0.269366
v -0.673700 0.980724 0.263559
v -0.601414 1.022219 0.076778
v -0.253692 0.830183 0.639527
v -0.500055 1.152712 -0.112569
v -0.421210 1.184223 -0.151989
v -0.347563 1.191114 -0.333436
v -0.495945 1.180407 -0.210642
v -0.336216 1.061555 -0.131628
v -0.520021 1.177844 -0.177935
v -0.386462 0.749405 0.396911
v -0.328972 1.026479 0.578598
v -0.395916 0.790124 0.299516
v -0.346344 1.090174 0.570100
v -0.269658 0.726600 0.542164
v -0.363240 1.189682 0.609167
v -0.646830 1.109289 0.222196
v -0.309177 0.950193 0.584205
v -0.297031 0.896516 0.650243
v -0.722687 1.011612 0.167097
v -0.495590 1.005322 -0.037783
v -0.729515 1.108190 0.151932
v -0.548846 0.954413 0.087308
v -0.620800 1.130573 0.291070
v -0.488865 0.985593 -0.030799
v -0.673783 1.057660 0.242189
v -0.465642 1.276737 -0.135437
v -0.321856 0.977462 0.576327
v -0.527494 1.275622 -0.143008
v -0.554405 1.200567 -0.119008
v -0.551235 1.204348 -0.193122
v -0.629577 1.177192 0.184008
v -0.536433 0.841119 0.302745
v -0.484216 0.785664 0.357806
v -0.523883 1.259735 -0.207012
v -0.354664 1.316486 -0.203466
v -0.338804 1.178929 -0.186044
v -0.238580 0.752880 0.344309
v -0.229719 0.708392 0.431146
v -0.289197 0.727714 0.423210
v -0.615149 1.252534 0.245137
v -0.255156 1.083982 0.634113
v -0.603783 1.159440 0.306432
v -0.289823 1.190375 0.652276
v -0.203595 0.700726 0.436935
v -0.577312 1.140436 0.385861
v -0.281513 1.051319 0.600988
v -0.265768 0.871715 0.673136
v -0.566741 1.224163 0.405273
v -0.277596 1.018395 0.592100
v -0.273558 0.774813 0.579030
v -0.257962 1.002803 0.623154
v -0.346300 0.873564 0.606236
v -0.250559 0.841657 0.659624
v 0.109206 0.836631 0.196084
v -0.204090 0.560493 0.476897
v 0.016293 1.065294 -0.289157
v 0.032980 0.847323 0.244473
v -0.077584 0.571236 0.449193
v 0.181995 0.814851 0.137098
v 0.109206 0.836631 0.196084
v 0.176466 0.747895 0.053363
v 0.045264 0.696204 -0.139571
v -0.203117 0.971146 -0.165551
v 0.017376 1.181785 -0.152735
v 0.093004 0.861081 0.257206
v 0.107579 0.881238 0.125859
v -0.151370 0.607232 0.423164
v 0.090852 0.631553 0.303347
v -0.011409 0.636482 0.367603
v -0.411977 0.147053 0.031720
v -0.453669 0.077618 0.066164
v -0.425573 0.125906 0.042948
v -0.511269 0.247020 0.254466
v -0.399267 0.192781 0.284478
v -0.479194 0.055796 0.068828
v -0.236251 0.718423 0.544962
v -0.250279 0.808107 0.608059
v 0.017376 1.181785 -0.152735
v -0.029699 1.123488 -0.227410
v -0.068763 1.060281 -0.132110
v 0.024615 1.122324 -0.208265
v 0.038671 1.067669 -0.104793
v 0.008260 0.976257 -0.066601
v 0.062889 1.273800 -0.136336
v 0.015556 0.890171 -0.059436
v -0.028890 1.064650 -0.197014
v -0.065200 1.177409 -0.186510
v -0.467694 0.219520 0.283373
v -0.527620 0.255459 0.264844
v -0.476048 0.001423 0.075077
v -0.345796 0.180077 0.254063
v -0.304924 0.171396 0.145336
v -0.333019 0.172751 0.085067
v -0.068763 1.060281 -0.132110
v -0.065200 1.177409 -0.186510
v -0.029699 1.123488 -0.227410
v 0.040533 1.062811 -0.184150
v 0.038671 1.067669 -0.104793
v -0.028890 1.064650 -0.197014
v 0.062889 1.273800 -0.136336
v 0.051408 1.302813 -0.162668
v -0.203208 0.864802 0.134227
v -0.202844 0.781276 0.616065
v 0.181995 0.814851 0.137098
v -0.036979 0.798995 -0.166405
v -0.203309 0.739697 -0.227481
v -0.077584 0.571236 0.449193
v 0.038671 1.067669 -0.104793
v -0.204090 0.560493 0.476897
v -0.203309 0.739697 -0.227481
v -0.011409 0.636482 0.367603
v -0.203030 0.900310 -0.109950
v 0.038671 1.067669 -0.104793
v -0.202967 0.963947 -0.110921
v -0.202729 1.040625 -0.165481
v 0.176466 0.747895 0.053363
v -0.203035 0.755706 0.586230
v 0.118985 1.300377 -0.133968
v 0.090852 0.631553 0.303347
v 0.142696 0.808037 0.006150
v 0.107579 0.881238 0.125859
v 0.109206 0.836631 0.196084
v -0.203314 0.715688 0.553650
v 0.098669 1.129254 -0.098309
v 0.051408 1.302813 -0.162668
v 0.032980 0.847323 0.244473
v 0.093004 0.861081 0.257206
v -0.125421 0.666841 0.408906
v -0.203849 0.656514 0.439315
v 0.014781 0.709727 0.339745
v 0.022491 0.893986 0.222246
v -0.036979 0.798995 -0.166405
v -0.151370 0.607232 0.423164
v 0.045264 0.696204 -0.139571
v -0.203619 0.732901 0.366386
v -0.466214 0.126165 0.156157
v -0.545853 0.305327 0.097620
v -0.407854 0.183897 0.033224
v -0.511269 0.247020 0.254466
v -0.474017 0.220856 0.040024
v -0.538882 0.280103 0.198493
v 0.045264 0.696204 -0.139571
v 0.144065 1.189807 -0.269144
v 0.008260 0.976257 -0.066601
v 0.017376 1.181785 -0.152735
v 0.038671 1.067669 -0.104793
v -0.087618 0.942345 -0.186673
v -0.087683 0.903149 -0.106645
v -0.098056 0.962250 -0.108163
v 0.000532 0.965398 0.533971
v 0.065747 0.974573 0.489315
v 0.005783 0.933947 0.559716
v 0.080126 0.949024 0.509605
v 0.119478 1.075675 0.423853
v 0.134807 1.213301 0.461012
v 0.119652 1.032765 0.416856
v 0.105383 0.878120 0.505347
v 0.175889 0.922430 0.413732
v 0.205518 1.082085 0.077089
v 0.066900 1.090651 0.488879
v 0.004094 1.098211 0.538150
v -0.200957 1.107437 0.660340
v 0.083686 0.884033 0.115427
v -0.200416 1.201713 0.668479
v 0.154339 1.058466 -0.047179
v 0.134114 1.002801 -0.245502
v 0.059539 0.893409 -0.015198
v 0.325630 1.103125 0.151009
v 0.048796 1.197371 0.549324
v 0.269866 1.052416 0.240583
v 0.243421 1.104342 0.220681
v 0.063289 0.847088 0.220939
v 0.064472 1.035452 0.497460
v 0.002093 1.029321 0.545836
v 0.006666 0.865445 0.559544
v 0.145332 0.914476 0.174817
v 0.226793 1.172434 0.182551
v 0.317946 1.005924 0.165466
v 0.225336 1.002924 0.207732
v 0.083686 0.884033 0.115427
v 0.145332 0.914476 0.174817
v 0.200489 1.174505 0.059703
v 0.195231 1.268247 0.041828
v 0.223364 0.940196 0.268102
v 0.228920 0.965006 0.297952
v 0.213412 1.247929 0.243727
v 0.152315 1.003349 0.414673
v 0.283587 1.002177 0.258006
v 0.184774 1.071388 0.354963
v 0.241515 1.005358 0.309353
v -0.004447 0.777084 0.509434
v -0.164929 0.761138 0.580493
v 0.015556 0.890171 -0.059436
v -0.201550 1.002766 0.651866
v -0.151372 0.829614 0.639353
v -0.202719 0.796656 0.638354
v 0.268743 0.975660 0.262417
v 0.130321 0.837412 0.301614
v 0.077682 0.782541 0.356849
v 0.157030 0.849398 0.391776
v 0.098086 0.800870 0.460879
v 0.223364 0.940196 0.268102
v 0.317946 1.005924 0.165466
v -0.333019 0.172751 0.085067
v -0.327605 0.173846 0.268507
v -0.345796 0.180077 0.254063
v -0.280106 0.169807 0.143927
v -0.304924 0.171396 0.145336
v -0.316820 0.164343 0.071529
v -0.107265 0.895462 0.649921
v -0.201965 0.925435 0.660708
v 0.008179 0.127359 0.053130
v 0.055917 0.055838 0.068673
v -0.006300 0.183264 0.044698
v -0.069249 0.179552 0.262557
v -0.086999 0.172429 0.276734
v -0.081075 0.173906 0.095650
v -0.006300 0.183264 0.044698
v -0.015348 0.190129 0.292863
v 0.032643 0.079502 0.069960
v -0.003142 0.146370 0.043632
v 0.032643 0.079502 0.069960
v -0.018462 0.178653 0.027212
v -0.109610 0.172965 0.154782
v 0.048982 0.121498 0.163381
v 0.098645 0.240936 0.264213
v 0.054047 0.214627 0.292318
v 0.115862 0.247458 0.274828
v -0.094746 0.949002 0.583840
v 0.243421 1.104342 0.220681
v 0.226793 1.172434 0.182551
v -0.097568 0.166585 0.082027
v -0.003142 0.146370 0.043632
v 0.137083 0.298437 0.107058
v 0.127917 0.273667 0.208348
v -0.109610 0.172965 0.154782
v 0.055917 0.055838 0.068673
v 0.052726 0.001342 0.074876
v 0.008179 0.127359 0.053130
v -0.069249 0.179552 0.262557
v 0.098645 0.240936 0.264213
v -0.081075 0.173906 0.095650
v 0.062028 0.217098 0.052327
v -0.399267 0.192781 0.284478
v -0.467694 0.219520 0.283373
v -0.470626 0.217644 0.302777
v -0.475223 0.232463 0.019365
v -0.395161 0.178856 0.015024
v -0.563518 0.326794 0.096198
v -0.558879 0.295224 0.196191
v -0.538882 0.280103 0.198493
v -0.474017 0.220856 0.040024
v -0.388171 0.186955 0.302251
v -0.519698 0.060023 0.079488
v -0.407854 0.183897 0.033224
v -0.447639 0.062963 0.087403
v -0.545853 0.305327 0.097620
v 0.140509 0.001236 0.270357
v 0.024301 0.063017 0.087291
v 0.058794 0.060367 0.175330
v -0.005179 0.062805 0.142702
v 0.063776 0.229258 0.031761
v 0.055917 0.055838 0.068673
v 0.044327 0.075846 0.193650
v 0.115765 0.001235 0.265196
v 0.120125 0.064962 0.111632
v 0.109445 0.063716 0.153702
v 0.016308 0.058551 0.128983
v 0.062028 0.217098 0.052327
v 0.024301 0.063017 0.087291
v -0.006300 0.183264 0.044698
v 0.155483 0.319745 0.108479
v 0.137083 0.298437 0.107058
v 0.127917 0.273667 0.208348
v -0.025812 0.182777 0.310255
v 0.057746 0.211143 0.311200
v -0.134302 0.172197 0.153290
v 0.054047 0.214627 0.292318
v 0.120125 0.064962 0.111632
v 0.050386 0.023973 0.068297
v 0.055917 0.055838 0.068673
v 0.052726 0.001342 0.074876
v 0.096595 0.060004 0.079459
v -0.018462 0.178653 0.027212
v 0.149186 0.286599 0.207466
v -0.015348 0.190129 0.292863
v 0.096595 0.060004 0.079459
v 0.016308 0.058551 0.128983
v 0.000315 0.069007 0.093729
v 0.147524 1.200563 -0.194300
v -0.081795 0.976129 0.575919
v 0.217862 1.125914 0.289645
v -0.343718 0.579760 0.507327
v -0.310941 0.503279 0.573417
v -0.370648 0.506268 0.567746
v -0.335842 0.622693 0.416275
v -0.329387 0.673280 0.360420
v -0.310795 0.610360 0.416158
v -0.301269 0.684797 0.368484
v -0.309413 0.503723 0.559263
v -0.306819 0.579380 0.498505
v -0.136893 0.725863 0.541938
v 0.150962 1.196919 -0.120145
v -0.057010 1.158423 -0.351859
v -0.202044 1.194987 -0.265777
v 0.196473 1.018643 0.076152
v 0.062889 1.273800 -0.136336
v 0.120729 1.256225 -0.208101
v 0.083232 0.982417 -0.031772
v 0.116746 1.175749 -0.178884
v -0.479194 0.055796 0.068828
v -0.519698 0.060023 0.079488
v -0.531969 0.064945 0.153253
v -0.542913 0.065411 0.111383
v -0.147106 1.083381 0.633930
v -0.154310 0.841122 0.659460
v -0.121226 1.050428 0.600715
v -0.132329 0.774028 0.578790
v -0.111197 1.189382 0.651972
v -0.058406 0.871966 0.605747
v -0.155138 0.807578 0.607897
v -0.117745 0.726761 0.422918
v -0.010975 0.788985 0.299546
v -0.068763 1.060281 -0.132110
v -0.202078 1.176393 -0.225128
v -0.056075 1.088562 0.569606
v -0.202904 1.056223 -0.318115
v -0.037940 1.187875 0.608613
v 0.017376 1.181785 -0.152735
v 0.090162 1.002097 -0.038773
v 0.143261 0.950575 0.086139
v 0.124698 1.272000 -0.144117
v 0.269866 1.052416 0.240583
v -0.357325 0.447532 0.552566
v -0.298344 0.444683 0.568132
v -0.369119 0.506713 0.553591
v -0.342167 0.580236 0.493150
v -0.177407 0.708101 0.431057
v -0.065200 1.177409 -0.186510
v -0.168538 0.752672 0.344314
v 0.096329 1.185287 -0.211344
v -0.047871 1.314781 -0.203988
v -0.421576 0.067310 0.090135
v -0.439669 0.058543 0.129034
v -0.542913 0.065411 0.111383
v -0.439669 0.058543 0.129034
v 0.213412 1.247929 0.243727
v -0.299542 0.684800 0.360266
v -0.125543 1.017550 0.591842
v -0.170381 0.718058 0.544850
v -0.020334 0.747370 0.396288
v -0.201265 1.327349 -0.240407
v -0.074127 1.025064 0.578165
v 0.095999 1.149399 -0.113584
v 0.325630 1.103125 0.151009
v -0.308152 0.579239 0.512468
v -0.334318 0.622765 0.408047
v -0.415329 0.063993 0.139058
v -0.479194 0.055796 0.068828
v 0.201218 1.154970 0.305064
v -0.309276 0.607673 0.406651
v 0.165237 1.220096 0.404027
v -0.145240 1.002177 0.622963
v -0.202261 0.862274 0.693420
v 0.174811 1.136256 0.384581
v -0.202136 0.888073 0.682842
v -0.202601 0.812900 0.654688
v -0.202425 0.837423 0.677792
v -0.327420 0.682102 0.353814
v -0.138742 0.871013 0.672922
v -0.358848 0.447454 0.560794
v -0.447639 0.062963 0.087403
v -0.306819 0.579380 0.498505
v -0.309413 0.503723 0.559263
v -0.314613 0.382821 0.565129
v -0.334318 0.622765 0.408047
v -0.327420 0.682102 0.353814
v -0.299542 0.684800 0.360266
v -0.299865 0.444607 0.576356
v -0.309276 0.607673 0.406651
v -0.369119 0.506713 0.553591
v -0.342167 0.580236 0.493150
v -0.574591 0.383195 0.632651
v 0.001772 0.221725 0.657727
v 0.129092 0.320327 0.543549
v 0.066230 0.381615 0.532389
v -0.066625 0.645170 0.348295
v -0.344217 0.382692 0.559473
v 0.028270 0.714191 0.319361
v 0.002144 0.726916 0.320103
v 0.073994 0.181124 0.569745
v 0.031209 0.290757 0.684202
v 0.231002 1.252868 0.556670
v 0.181384 1.334236 0.413641
v 0.052032 1.501750 0.570275
v 0.175927 1.478296 0.478718
v -0.063354 0.571797 0.484821
v -0.091249 0.480787 0.558004
v 0.046757 1.441108 0.566361
v -0.103592 0.570040 0.497131
v 0.183421 1.308792 0.581516
v 0.229551 1.373986 0.511540
v -0.039608 1.361122 0.657827
v -0.019175 1.376094 0.686683
v -0.098166 0.424778 0.566354
v -0.169506 0.468122 0.569806
v 0.109752 1.292965 0.641839
v -0.057604 1.378787 0.715651
v -0.015498 1.242996 0.739356
v 0.028263 0.713608 0.329125
v 0.002138 0.726333 0.329868
v 0.118932 1.237213 0.648860
v -0.017264 1.438872 0.655071
v -0.037668 1.423887 0.626203
v -0.066637 0.643994 0.366780
v -0.148316 0.500418 0.560463
v 0.062056 1.184608 0.567248
v -0.098166 0.424778 0.566354
v -0.148537 0.380043 0.566398
v -0.063375 0.570669 0.503215
v -0.039778 0.630192 0.381304
v -0.039766 0.631286 0.362917
v 0.028270 0.714191 0.319361
v -0.066625 0.645170 0.348295
v -0.091258 0.480189 0.567772
v -0.147165 0.501683 0.569040
v -0.103418 0.569211 0.515333
v -0.577493 0.426255 0.644125
v -0.578084 0.432090 0.523698
v -0.577891 0.487420 0.607055
v -0.039766 0.631286 0.362917
v -0.148316 0.500418 0.560463
v -0.017243 0.183257 0.571380
v 0.085933 0.208815 0.520318
v -0.001483 0.224181 0.494034
v -0.574842 0.381718 0.538590
v -0.573015 0.365022 0.579808
v 0.089291 1.278017 0.613104
v -0.010821 1.471757 0.487017
v 0.191159 1.200192 0.468448
v 0.128146 1.448277 0.382866
v 0.067138 1.456097 0.595175
v 0.151650 1.429743 0.530012
v 0.189806 1.378396 0.543727
v 0.000045 1.283701 0.674407
v 0.020495 1.298659 0.703208
v 0.131257 1.414766 0.501264
v -0.139907 1.328794 0.635589
v -0.084857 1.190051 0.668558
v -0.169506 0.468122 0.569806
v -0.072230 1.482460 0.661353
v -0.152679 1.451434 0.588101
v -0.182120 0.388631 0.566862
v -0.063354 0.571797 0.484821
v -0.091249 0.480787 0.558004
v -0.103592 0.570040 0.497131
v 0.002144 0.726916 0.320103
v -0.098174 0.424169 0.576390
v -0.169474 0.467597 0.579531
v 0.169372 1.363442 0.515030
v 0.089552 1.369123 0.615625
v 0.162954 1.293852 0.552840
v -0.576657 0.001336 0.240917
v -0.538946 0.001323 0.264994
v -0.531969 0.064945 0.153253
v 0.110577 0.274467 0.503003
v 0.033974 0.313228 0.467870
v 0.089637 0.209728 0.632805
v 0.065304 0.371582 0.641631
v -0.001483 0.224181 0.494034
v -0.581527 0.485089 0.558621
v -0.357325 0.447532 0.552566
v -0.298344 0.444683 0.568132
v -0.563639 0.001326 0.270144
v -0.508749 0.001324 0.235903
v -0.473700 0.024012 0.068496
v -0.463087 0.082682 0.189704
v -0.480965 0.062580 0.174555
v -0.476048 0.001423 0.075077
v -0.504991 0.071741 0.178222
v -0.473700 0.024012 0.068496
v -0.574269 0.001327 0.204961
v -0.508749 0.001324 0.235903
v -0.499632 0.083442 0.180306
v -0.528849 0.100791 0.152281
v 0.033974 0.313228 0.467870
v 0.065304 0.371582 0.641631
v 0.066230 0.381615 0.532389
v 0.001772 0.221725 0.657727
v -0.001483 0.224181 0.494034
v -0.017243 0.183257 0.571380
v 0.031209 0.290757 0.684202
v -0.498770 0.139384 0.236759
v -0.546219 0.183346 0.172453
v -0.536983 0.208203 0.241744
v -0.476048 0.001423 0.075077
v -0.528963 0.029062 0.111814
v -0.483263 0.001363 0.191327
v -0.518327 0.024972 0.079265
v -0.532625 0.110327 0.105468
v -0.485918 0.161167 0.048591
v -0.553268 0.201629 0.107251
v -0.497826 0.096151 0.070675
v -0.504981 0.001485 0.085693
v -0.427710 0.150073 0.277425
v -0.570895 0.016539 0.217131
v -0.550418 0.038486 0.169275
v -0.574269 0.001327 0.204961
v -0.560277 0.243678 0.188949
v -0.375134 0.116746 0.082884
v -0.445965 0.026245 0.095407
v -0.451575 0.001300 0.089200
v -0.449725 0.117173 0.241301
v -0.495528 0.176157 0.274410
v -0.532578 0.162957 0.211240
v -0.483263 0.001363 0.191327
v -0.571262 0.010637 0.245832
v -0.456970 0.001291 0.143314
v -0.576657 0.001336 0.240917
v -0.543381 0.000344 0.142445
v -0.525038 0.000272 0.109670
v -0.348253 0.135082 0.078519
v -0.559209 0.263643 0.103375
v -0.487564 0.190963 0.037591
v -0.448017 0.034224 0.138604
v -0.554020 0.489485 0.611398
v -0.551477 0.385659 0.634365
v -0.554498 0.427910 0.648990
v -0.577891 0.487420 0.607055
v -0.005869 0.303121 0.703440
v -0.577493 0.426255 0.644125
v 0.024095 0.412523 0.652292
v -0.574591 0.383195 0.632651
v 0.131381 0.314859 0.622636
v -0.032357 0.225007 0.671937
v 0.132518 0.239394 0.579053
v 0.109310 0.256753 0.644693
v -0.544768 0.427868 0.626110
v -0.543054 0.459292 0.605352
v -0.173802 0.296964 0.652243
v -0.182020 0.316851 0.643905
v -0.377533 0.432481 0.609106
v -0.368895 0.364163 0.635314
v -0.034555 0.218033 0.675957
v 0.025013 0.194630 0.682925
v -0.114116 0.432456 0.639431
v -0.004132 0.301944 0.712532
v -0.543032 0.409028 0.620681
v -0.386144 0.381391 0.620949
v -0.356528 0.452108 0.620723
v -0.384556 0.403373 0.628519
v -0.164323 0.362099 0.667767
v -0.365513 0.401323 0.653650
v -0.140571 0.412262 0.635001
v 0.062803 0.283977 0.718108
v -0.148934 0.355681 0.682930
v 0.108541 0.392613 0.662261
v -0.573015 0.365022 0.579808
v -0.581527 0.485089 0.558621
v -0.552588 0.383347 0.535109
v -0.543354 0.390895 0.581817
v -0.574842 0.381718 0.538590
v -0.003812 0.326033 0.448178
v -0.574842 0.381718 0.538590
v 0.048346 0.410394 0.529377
v -0.035652 0.229043 0.478509
v -0.035652 0.229043 0.478509
v 0.032857 0.422379 0.658036
v -0.038392 0.181270 0.570412
v -0.543706 0.405772 0.549016
v -0.544695 0.432681 0.540064
v -0.370768 0.363052 0.529663
v -0.388037 0.378583 0.545780
v -0.380411 0.438505 0.560571
v -0.545233 0.462899 0.563131
v -0.389967 0.361340 0.579635
v -0.373796 0.333401 0.578283
v -0.543706 0.405772 0.549016
v -0.177388 0.298734 0.506225
v -0.552588 0.383347 0.535109
v -0.388037 0.378583 0.545780
v -0.554430 0.435226 0.517187
v -0.550716 0.365494 0.579887
v -0.384496 0.408575 0.535090
v -0.370768 0.363052 0.529663
v -0.555642 0.488003 0.555084
v -0.365420 0.409332 0.509777
v -0.578084 0.432090 0.523698
v -0.358446 0.464435 0.551838
v 0.138988 0.815207 0.185008
v 0.037743 0.736815 0.057631
v -0.000365 0.674839 0.453556
v -0.006420 0.673753 0.454938
v 0.006939 0.909048 0.048527
v 0.017815 0.709363 0.393488
v 0.030888 0.715353 0.384247
v 0.053374 0.684544 0.441204
v 0.035109 0.681141 0.445577
v 0.181903 0.465010 0.268532
v -0.133237 0.716178 0.301562
v -0.130016 0.626197 -0.117176
v 0.181154 0.401225 0.264191
v -0.002296 0.793214 -0.029746
v -0.054287 0.329112 0.428196
v 0.183854 0.708699 0.391092
v 0.173043 0.466177 0.464838
v -0.007342 0.631685 0.384679
v -0.445170 0.521312 0.559740
v -0.517496 0.525832 0.512340
v -0.442604 0.447607 0.517236
v -0.561155 0.543180 0.532024
v -0.561659 0.537972 0.532744
v -0.543790 0.528989 0.526854
v -0.360727 0.407262 0.549687
v -0.521628 0.566767 0.470676
v -0.508050 0.613986 0.458606
v -0.854584 0.709344 0.502678
v -0.352719 0.533184 0.454500
v -0.821244 0.680531 0.522865
v -0.720697 0.619206 0.518680
v -0.893531 0.653952 0.522432
v -0.718517 0.651912 0.507086
v 0.041609 0.725177 0.292949
v 0.064061 0.506090 0.496197
v 0.029328 0.744240 0.289579
v -0.115970 0.440576 0.542311
v -0.043849 0.168095 0.569749
v -0.147159 0.374469 0.481165
v 0.916610 0.166299 0.198330
v 0.029929 0.430034 0.527506
v -0.177388 0.298734 0.506225
v -0.165013 0.370693 0.494002
v 0.955505 0.241919 0.314727
v -0.915005 0.724679 0.512806
v -0.339671 0.557835 0.494547
v -0.913093 0.748890 0.562701
v -0.002363 0.325454 0.439569
v -0.000244 0.144102 0.568411
v -0.010742 0.688065 0.311487
v -0.007781 0.617541 0.442281
v -0.012487 0.618395 0.442741
v -0.023722 0.690323 0.422905
v -0.050181 0.654137 0.467719
v -0.060370 0.615750 0.464940
v 0.030888 0.715353 0.384247
v 0.031960 0.749601 0.341788
v -0.007161 0.836630 0.150549
v 0.008831 0.853309 -0.008460
v 0.018328 0.763240 0.350619
v -0.046598 0.744548 -0.047668
v 0.064061 0.506090 0.496197
v -0.286456 0.413983 0.487395
v -0.048279 0.621136 0.418992
v -0.460589 0.541129 0.556291
v -0.570376 0.568036 0.561736
v -0.297257 0.403742 0.495568
v -0.565752 0.579409 0.558789
v -0.888555 0.643619 0.596896
v -0.849061 0.652547 0.608952
v -0.873800 0.595600 0.623209
v -0.341488 0.465416 0.519892
v 0.020043 0.197052 0.464563
v -0.188859 0.268396 0.575164
v -0.858249 0.700328 0.606022
v -0.915005 0.724679 0.512806
v -0.913093 0.748890 0.562701
v -0.501072 0.604017 0.535989
v -0.708149 0.639675 0.561722
v -0.110172 0.604306 0.376308
v -0.004898 0.876084 0.116738
v 0.137018 0.773298 0.256938
v 0.221131 0.732915 0.225343
v 0.179422 0.813690 0.145760
v -0.044734 0.620896 0.414551
v -0.054998 0.668734 0.393057
v 0.040759 0.605243 0.436895
v 0.058397 0.549700 0.534169
v 0.053374 0.684544 0.441204
v 0.061410 0.541488 0.423280
v 0.169047 0.760140 0.127033
v -0.030842 0.687062 0.427938
v -0.059377 0.666528 0.401641
v 0.100144 0.699779 0.422572
v -0.044734 0.620896 0.414551
v -0.048279 0.621136 0.418992
v 0.058397 0.549700 0.534169
v -0.061553 0.659644 0.452507
v 0.169004 0.504121 0.397642
v -0.037731 0.222708 0.473765
v 0.040759 0.605243 0.436895
v -0.131235 0.528683 0.480333
v 0.098269 0.607297 0.518700
v -0.335729 0.493000 0.484647
v -0.054117 0.409950 0.461174
v 0.062944 0.306037 0.436771
v 0.800789 0.175592 0.350538
v 0.020043 0.197052 0.464563
v -0.186486 0.316288 0.518725
v -0.327162 0.416911 0.533109
v -0.308299 0.434950 0.496128
v -0.127907 0.553608 0.436473
v -0.339779 0.573830 0.471859
v 0.532386 0.357157 0.324143
v -0.709180 0.660820 0.537104
v 0.834850 0.308188 0.271461
v 0.906768 0.294719 0.266774
v -0.037731 0.222708 0.473765
v 0.814244 0.213973 0.239899
v -0.812481 0.594994 0.600534
v -0.821441 0.639983 0.572632
v -0.381548 0.399287 0.562637
v -0.341229 0.445957 0.528970
v -0.084238 0.526390 0.427769
v -0.808283 0.690178 0.551983
v 0.018923 0.471373 -0.062111
v -0.075158 0.619311 0.443362
v 0.187362 0.421099 0.053620
v -0.732009 0.523024 0.667476
v -0.400025 0.387254 0.565604
v -0.693556 0.533247 0.649321
v -0.538946 0.001323 0.264994
v -0.007342 0.631685 0.384679
v -0.563639 0.001326 0.270144
v -0.543381 0.000344 0.142445
v -0.540025 0.012317 0.267366
v -0.007342 0.631685 0.384679
v 0.019598 0.612419 0.439515
v 0.040759 0.605243 0.436895
v -0.525038 0.000272 0.109670
v -0.504981 0.001485 0.085693
v -0.456970 0.001291 0.143314
v -0.560063 0.012133 0.270981
v -0.516947 0.018854 0.246276
v -0.024468 0.618799 0.388256
v -0.849795 0.729323 0.556765
v 0.106822 0.402982 0.523732
v 0.828881 0.311677 0.197704
v -0.140711 0.425329 0.546183
v 0.090384 0.468255 0.399732
v -0.500265 0.623546 0.502315
v -0.186486 0.316288 0.518725
v 0.955505 0.241919 0.314727
v 0.906768 0.294719 0.266774
v -0.195191 0.290193 0.576241
v -0.137000 0.531857 0.378740
v -0.161830 0.466592 0.392427
v -0.926573 0.721756 0.620542
v 0.828744 0.264914 0.326192
v 0.530736 0.336465 0.349400
v -0.888555 0.643619 0.596896
v -0.821441 0.639983 0.572632
v -0.875548 0.627159 0.579834
v -0.828204 0.646719 0.531389
v -0.839516 0.578581 0.620834
v -0.926573 0.721756 0.620542
v -0.921145 0.651489 0.602708
v -0.955505 0.666652 0.531010
v -0.955505 0.666652 0.531010
v -0.955505 0.666652 0.531010
v -0.893531 0.653952 0.522432
v -0.803088 0.671103 0.576896
v -0.921145 0.651489 0.602708
v -0.342590 0.479304 0.510190
v -0.375372 0.370246 0.632850
v -0.669271 0.446711 0.701733
v -0.473966 0.431122 0.520976
v -0.686033 0.612715 0.553749
v -0.426410 0.498282 0.567078
v -0.412629 0.513517 0.549655
v -0.353385 0.494579 0.510544
v -0.280857 0.398190 0.484699
v -0.849061 0.652547 0.608952
v -0.845468 0.604402 0.622729
v -0.081863 0.505939 0.462548
v 0.086762 0.454800 0.424897
v -0.345095 0.566139 0.452571
v 0.916610 0.166299 0.198330
v -0.564059 0.525430 0.530106
v -0.080694 0.923254 0.102623
v 0.008831 0.853309 -0.008460
v -0.007161 0.836630 0.150549
v 0.008094 0.756372 0.064767
v -0.134075 0.766998 -0.082011
v -0.110853 0.811562 0.235517
v -0.098279 0.870054 0.175114
v 0.040087 0.444555 0.384055
v -0.200798 0.812420 0.269632
v -0.091989 0.895923 -0.009562
v -0.075158 0.619311 0.443362
v -0.073360 0.420550 0.437513
v 0.002987 0.736254 0.045719
v -0.009633 0.630196 -0.086614
v -0.564185 0.536386 0.524218
v -0.410905 0.458775 0.504828
v -0.721047 0.459513 0.706380
v -0.709712 0.419456 0.719481
v -0.723180 0.454730 0.700886
v -0.630737 0.519854 0.628696
v -0.620536 0.374841 0.715330
v 0.916610 0.166299 0.198330
v -0.828204 0.646719 0.531389
v 0.828881 0.311677 0.197704
v -0.355564 0.489692 0.504930
v 0.085263 0.636638 -0.036587
v 0.174636 0.538304 0.099050
v 0.139536 0.531890 0.261249
v 0.074408 0.426774 0.375683
v 0.085617 0.450706 0.370026
v -0.103733 0.463096 0.397560
v -0.812481 0.594994 0.600534
v -0.821441 0.639983 0.572632
v -0.713101 0.608117 0.558645
v -0.521628 0.566767 0.470676
v -0.660553 1.139768 -0.155016
v -0.572166 0.852409 -0.280500
v -0.573540 0.848165 -0.240191
v -0.530990 0.866224 -0.285913
v -0.720697 0.619206 0.518680
v 0.525709 0.353370 0.283891
v 0.170388 0.486214 0.102001
v -0.004898 0.876084 0.116738
v -0.002296 0.793214 -0.029746
v 0.002987 0.736254 0.045719
v 0.003093 0.755817 0.097748
v -0.001138 0.777848 0.129086
v 0.041698 0.470713 0.390714
v -0.134517 0.838855 -0.043295
v -0.084272 0.457756 0.451083
v -0.738091 0.539075 0.654332
v 0.006939 0.909048 0.048527
v 0.006939 0.909048 0.048527
v -0.719480 0.567718 0.612859
v -0.767367 0.459936 0.715333
v -0.845656 0.235237 0.739181
v -0.776775 0.591246 0.612846
v -0.651806 1.182482 -0.222032
v -0.509847 0.868386 -0.252446
v -0.582214 1.198141 -0.230415
v -0.672429 0.546074 0.618193
v -0.782800 0.584998 0.617553
v -0.582214 1.198141 -0.230415
v -0.660553 1.139768 -0.155016
v -0.601677 1.170022 -0.178668
v -0.532168 0.854888 -0.209560
v -0.651806 1.182482 -0.222032
v 0.416199 1.343850 -0.563892
v 0.124674 0.644215 0.080946
v -0.044506 0.728486 0.239173
v -0.048323 0.804919 -0.045917
v 0.113249 0.547779 -0.024712
v 0.099858 0.628223 0.195313
v -0.167491 0.543852 -0.127545
v 0.032698 0.531469 0.377398
v 0.141121 0.473601 0.262704
v -0.001138 0.777848 0.129086
v 0.096507 0.478758 -0.001492
v -0.092051 0.525039 0.435297
v 0.008138 0.619258 0.316883
v -0.205260 0.467665 -0.126207
v -0.080694 0.923254 0.102623
v -0.102882 0.462952 -0.118678
v 0.003093 0.755817 0.097748
v -0.677899 0.414447 0.716991
v -0.730895 0.303519 0.746808
v -0.597039 1.140429 -0.130352
v -0.058141 0.831491 0.176185
v -0.552432 1.171487 -0.151219
v 0.025309 0.752912 0.031509
v -0.679137 0.497918 0.670345
v -0.005114 0.552074 -0.085862
v -0.530990 0.866224 -0.285913
v -0.774090 0.591775 0.604459
v -0.875548 0.627159 0.579834
v -0.158045 0.465113 0.466992
v -0.735348 0.522475 0.659464
v -0.711845 0.414675 0.713987
v 0.074408 0.426774 0.375683
v 0.516261 0.314739 0.297102
v -0.161830 0.466592 0.392427
v 0.085545 0.420508 0.411882
v -0.597039 1.140429 -0.130352
v 0.436811 1.295744 -0.487568
v 0.507246 1.283969 -0.416483
v -0.734287 0.414077 0.723700
v -0.641126 0.397352 0.701609
v 0.800789 0.175592 0.350538
v 0.519276 0.298411 0.349767
v -0.606816 0.422274 0.686493
v -0.484093 0.036838 0.195084
v -0.504991 0.071741 0.178222
v -0.522332 0.051003 0.196917
v -0.480965 0.062580 0.174555
v -0.024468 0.618799 0.388256
v -0.451575 0.001300 0.089200
v -0.316216 0.138858 0.156231
v -0.371042 0.145257 0.252250
v -0.350636 0.117024 0.153524
v -0.405382 0.112159 0.221229
v -0.542391 0.025857 0.239413
v -0.347952 0.533197 0.482353
v -0.552432 1.171487 -0.151219
v -0.352719 0.533184 0.454500
v -0.103733 0.463096 0.397560
v -0.093940 0.459561 0.445909
v -0.519322 0.551955 0.532517
v -0.098237 0.501279 0.390344
v 0.516261 0.314739 0.297102
v -0.856339 0.589254 0.603714
v -0.628842 0.586545 0.544498
v -0.344770 0.474417 0.504576
v 0.492394 1.296472 -0.546479
v -0.582214 1.198141 -0.230415
v 0.316500 1.370534 -0.473538
v -0.261476 0.313687 0.478063
v -0.255219 0.309385 0.468103
v -0.247047 0.249010 0.463619
v -0.259876 0.335834 0.466527
v -0.298230 0.442297 0.468342
v -0.260455 0.353093 0.449377
v -0.283600 0.412805 0.462816
v -0.251142 0.300195 0.452529
v -0.404294 0.520570 0.531827
v -0.566516 0.576774 0.548599
v -0.478188 0.556060 0.547227
v -0.395222 0.537610 0.510194
v -0.298812 0.385817 0.511773
v -0.748876 0.317818 0.737173
v -0.726599 0.558297 0.639226
v -0.638237 0.403827 0.709049
v -0.646452 0.523704 0.631446
v -0.726994 0.504581 0.677872
v -0.790019 0.518585 0.689891
v -0.715293 0.269707 0.730696
v -0.834668 0.606722 0.604445
v 0.306984 1.126106 -0.424925
v 0.436811 1.295744 -0.487568
v 0.459588 1.322118 -0.325767
v 0.335416 1.366062 -0.371278
v 0.814244 0.213973 0.239899
v -0.609438 1.374589 -0.495341
v -0.584481 1.379507 -0.347065
v -0.584481 1.379507 -0.347065
v -0.656358 1.266367 -0.426696
v -0.609438 1.374589 -0.495341
v -0.713955 1.344191 -0.439176
v -0.713955 1.344191 -0.439176
v -0.507395 0.830521 -0.315952
v -0.439374 1.244479 -0.264697
v -0.422185 1.067498 -0.392963
v -0.395793 1.224416 -0.326165
v -0.316038 1.191696 -0.339895
v -0.353570 1.225102 -0.252976
v -0.443787 1.238738 -0.374463
v -0.439374 1.244479 -0.264697
v -0.316038 1.191696 -0.339895
v -0.353570 1.225102 -0.252976
v -0.507395 0.830521 -0.315952
v -0.365097 1.050673 -0.340072
v -0.456148 0.813291 -0.310840
v -0.443787 1.238738 -0.374463
v 0.395166 1.485920 -0.644819
v -0.439374 1.244479 -0.264697
v 0.260728 1.515108 -0.502451
v 0.090339 0.767651 -0.317380
v 0.201229 1.151393 -0.423836
v 0.357505 1.110009 -0.367448
v 0.053410 0.727140 -0.273859
v -0.766434 1.246711 -0.503071
v -0.648103 1.264017 -0.481494
v 0.034252 0.721032 -0.332958
v -0.601976 0.793423 -0.353474
v -0.656358 1.266367 -0.426696
v -0.533364 1.384129 -0.417628
v -0.519961 0.843745 -0.361629
v 0.436811 1.295744 -0.487568
v 0.145187 0.758291 -0.316744
v 0.106627 0.766881 -0.297460
v 0.359597 1.120743 -0.436559
v 0.496665 1.282802 -0.499789
v 0.370438 1.087364 -0.475088
v -0.103844 0.830477 -0.409119
v -0.002123 1.535567 -0.650295
v 0.448086 1.315198 -0.512126
v 0.496665 1.282802 -0.499789
v 0.106627 0.766881 -0.297460
v 0.492394 1.296472 -0.546479
v 0.353633 1.117387 -0.466238
v 0.554011 1.243559 -0.556422
v 0.554011 1.243559 -0.556422
v 0.448264 1.305067 -0.410113
v 0.418052 1.308738 -0.455359
v -0.002123 1.535567 -0.650295
v 0.255683 1.759753 -0.631685
v 0.416199 1.343850 -0.563892
v 0.306984 1.126106 -0.424925
v 0.421782 1.326362 -0.469007
v 0.284739 1.151665 -0.477618
v 0.507246 1.283969 -0.416483
v -0.076775 0.814986 -0.434703
v 0.102111 1.511554 -0.685806
v 0.050229 0.796973 -0.337527
v 0.116702 1.495485 -0.650859
v 0.335416 1.366062 -0.371278
v 0.371448 1.319992 -0.439886
v 0.396001 1.292922 -0.402997
v 0.126333 0.764037 -0.278378
v -0.071039 0.816789 -0.417761
v -0.047914 0.824063 -0.349450
v 0.119187 0.702828 -0.263448
v -0.103844 0.830477 -0.409119
v 0.093458 1.520127 -0.658652
v 0.459588 1.322118 -0.325767
v 0.402805 1.315193 -0.377028
v 0.316500 1.370534 -0.473538
v 0.077407 0.774872 -0.425179
v 0.127746 1.534380 -0.518228
v 0.251322 1.497160 -0.747704
v 0.137944 1.504946 -0.539284
v 0.301426 1.620428 -0.572132
v 0.173458 1.616998 -0.680461
v 0.302585 1.504944 -0.664778
v 0.246643 1.483666 -0.540357
v 0.180877 1.613383 -0.597251
v 0.385036 1.596854 -0.692965
v 0.093458 1.520127 -0.658652
v 0.131363 1.666238 -0.697705
v 0.239758 1.505329 -0.732392
v 0.116702 1.495485 -0.650859
v -0.466105 1.086907 -0.278918
v -0.569779 1.336766 -0.350577
v -0.656262 1.367795 -0.362686
v -0.395993 1.068000 -0.268676
v -0.480294 1.088063 -0.365271
v -0.533364 1.384129 -0.417628
v 0.220425 1.150265 -0.336615
v -0.071039 0.816789 -0.417761
v 0.345315 1.757855 -0.645816
v 0.222452 1.729525 -0.712656
v 0.402976 1.733092 -0.729819
v 0.222452 1.729525 -0.712656
v 0.255683 1.759753 -0.631685
v 0.345315 1.757855 -0.645816
v 0.295580 1.703484 -0.810386
v 0.323877 1.113636 -0.303572
v 0.295580 1.703484 -0.810386
v 0.288328 1.714599 -0.721494
v -0.476916 0.838638 -0.406270
v -0.439211 0.819668 -0.357907
v -0.602550 1.337215 -0.417802
v -0.381934 1.204572 -0.390599
v 0.050070 0.946807 -0.192264
v -0.757574 0.548441 -0.414027
v -0.094399 0.437580 -0.533684
v -0.119483 0.860578 -0.541351
v 0.389194 0.581369 -0.245917
v -0.036213 0.939656 -0.231291
v -0.144459 0.946565 -0.295394
v -0.145623 0.952372 -0.415615
v 0.117787 0.503197 -0.181912
v 0.273991 0.914384 -0.559133
v 0.101073 0.671171 -0.150625
v 0.358062 0.618685 -0.570808
v 0.275733 0.855688 -0.271607
v 0.052313 0.936014 -0.156643
v 0.275924 0.853661 -0.394181
v 0.343504 0.871047 -0.431170
v -0.354343 0.936462 -0.429557
v -0.509344 0.430332 -0.317459
v -0.783953 0.542835 -0.341979
v -0.583356 0.468402 -0.225516
v -0.306688 0.937216 -0.336146
v -0.479872 0.973375 -0.133035
v -0.674951 0.978677 -0.183417
v -0.577393 0.961881 -0.141449
v -0.354343 0.936462 -0.429557
v -0.674951 0.978677 -0.183417
v -0.295719 0.956888 -0.202026
v -0.259286 0.540031 -0.272221
v -0.309165 0.747597 -0.441552
v 0.234827 0.851757 -0.465982
v 0.279120 0.445191 -0.228588
v 0.124351 0.418708 -0.233613
v 0.352024 0.741021 -0.564743
v -0.640694 0.982613 -0.379367
v -0.669032 0.478121 -0.347816
v -0.686598 0.499335 -0.249225
v -0.581323 0.450366 -0.349390
v -0.150620 0.834780 -0.283008
v -0.577393 0.961881 -0.141449
v -0.351360 0.861452 -0.435924
v -0.333490 0.904165 -0.454121
v 0.301782 0.477894 -0.545303
v -0.656262 1.367795 -0.362686
v -0.555982 1.330333 -0.322872
v 0.272976 0.791477 -0.502336
v 0.296207 0.544019 -0.143865
v 0.357630 0.475400 -0.431815
v 0.326702 0.802067 -0.400166
v 0.364964 0.722707 -0.234829
v 0.338782 0.462078 -0.316117
v 0.055044 0.940860 -0.583548
v -0.081567 0.946723 -0.516161
v -0.466105 1.086907 -0.278918
v -0.381934 1.204572 -0.390599
v -0.599898 1.287298 -0.486946
v 0.248108 0.689772 -0.148568
v 0.398729 0.739972 -0.429926
v -0.487354 0.448488 -0.208667
v -0.405434 0.468168 -0.444600
v 0.416060 0.623080 -0.449477
v -0.713955 1.344191 -0.439176
v 0.131363 1.666238 -0.697705
v 0.000205 0.774239 -0.515292
v 0.069148 0.786257 -0.160724
v -0.208468 0.952527 -0.428042
v -0.295719 0.956888 -0.202026
v -0.306688 0.937216 -0.336146
v -0.487354 0.448488 -0.208667
v -0.386084 0.443244 -0.296911
v -0.351492 0.829795 -0.397139
v -0.485255 0.948423 -0.481477
v -0.479872 0.973375 -0.133035
v -0.385773 0.959613 -0.141783
v -0.489113 0.758120 -0.328010
v -0.479872 0.973375 -0.133035
v -0.386084 0.443244 -0.296911
v -0.292201 0.859783 -0.186735
v -0.571982 0.542368 -0.120916
v -0.314964 0.845331 -0.279882
v -0.291735 0.852499 -0.329536
v -0.856615 0.678879 -0.313441
v -0.731743 0.556483 -0.484195
v -0.385773 0.959613 -0.141783
v -0.365752 0.845833 -0.379496
v -0.640694 0.982613 -0.379367
v -0.485255 0.948423 -0.481477
v -0.340248 0.568593 -0.477374
v -0.403367 0.521961 -0.085977
v -0.583356 0.468402 -0.225516
v -0.509448 1.327770 -0.409384
v -0.596293 1.311156 -0.518561
v -0.516203 1.336198 -0.414955
v -0.668796 1.299596 -0.335972
v -0.650409 1.276780 -0.354897
v 0.130164 1.676749 -0.568236
v 0.266038 1.630417 -0.772508
v 0.222452 1.729525 -0.712656
v 0.273681 1.624417 -0.787112
v 0.327814 1.618855 -0.695591
v 0.259927 1.587272 -0.602810
v 0.173458 1.616998 -0.680461
v 0.402976 1.733092 -0.729819
v 0.370389 1.218625 0.138522
v 0.264801 1.282942 -0.184195
v -0.706963 0.960673 -0.173065
v 0.202498 1.402784 0.378366
v 0.106607 1.488104 0.412937
v -0.052513 1.561940 0.477895
v -0.040075 1.403569 0.605789
v -0.736476 0.605479 -0.176143
v -0.845276 0.668206 -0.420802
v -0.571982 0.542368 -0.120916
v -0.650436 0.895681 -0.354926
v -0.731743 0.556483 -0.484195
v -0.810738 0.641181 -0.421725
v -0.757574 0.548441 -0.414027
v -0.531677 0.617868 -0.596259
v -0.495837 0.849320 -0.461576
v -0.487662 0.929183 -0.520736
v -0.491431 0.877336 -0.500028
v -0.480842 0.962623 -0.087701
v -0.761558 0.831174 -0.384316
v -0.497480 0.838865 -0.447453
v -0.723557 0.811737 -0.499997
v -0.764286 0.683511 -0.513681
v -0.583356 0.468402 -0.225516
v 0.422486 0.585171 -0.331450
v 0.415158 0.610270 -0.372299
v 0.441431 0.566629 -0.402356
v 0.452231 0.545941 -0.388442
v 0.254550 1.114792 0.593449
v 0.342730 1.170012 0.379949
v -0.504536 0.829609 -0.264733
v 0.342730 1.170012 0.379949
v 0.156012 1.207769 0.540800
v -0.686379 0.985629 -0.398330
v -0.802257 0.695005 -0.506907
v 0.420772 0.582317 -0.321143
v 0.410863 0.609655 -0.339690
v 0.422486 0.585171 -0.331450
v 0.414116 0.604327 -0.341488
v 0.419316 0.589289 -0.400143
v 0.419368 0.594168 -0.411890
v 0.435999 0.557447 -0.424505
v 0.431982 0.560757 -0.404391
v -0.573235 0.826895 -0.275896
v 0.427139 0.595807 -0.404083
v -0.630854 1.111138 -0.399735
v 0.441431 0.566629 -0.402356
v 0.443931 0.555723 -0.321990
v -0.588494 0.809448 -0.334266
v -0.553523 1.126641 -0.464463
v 0.452231 0.545941 -0.388442
v 0.446451 0.564785 -0.413904
v 0.406913 0.611784 -0.374692
v 0.408771 0.606879 -0.373166
v 0.415158 0.610270 -0.372299
v -0.616831 1.129781 -0.312634
v -0.588494 0.809448 -0.334266
v 0.462366 0.535233 -0.398465
v 0.414116 0.604327 -0.341488
v 0.434822 0.631883 -0.430527
v -0.094399 0.437580 -0.533684
v -0.081567 0.946723 -0.516161
v 0.338782 0.462078 -0.316117
v 0.427676 0.593635 -0.399009
v -0.481266 0.814426 -0.321350
v -0.623106 1.100210 -0.419041
v 0.449996 0.537937 -0.351478
v 0.412772 0.614913 -0.373896
v 0.461318 0.527161 -0.349673
v 0.449996 0.537937 -0.351478
v 0.439591 0.560585 -0.332712
v 0.427676 0.593635 -0.399009
v -0.480094 1.136241 -0.372023
v -0.529106 0.792315 -0.384873
v -0.630854 1.111138 -0.399735
v 0.055044 0.940860 -0.583548
v 0.332776 0.965298 -0.419266
v 0.330935 0.957526 -0.255352
v 0.223106 0.950033 -0.522908
v 0.389185 0.718973 -0.246283
v 0.407100 0.600624 -0.342439
v 0.402907 0.575287 -0.360590
v 0.349316 0.469958 -0.386029
v 0.357630 0.475400 -0.431815
v 0.301782 0.477894 -0.545303
v 0.279120 0.445191 -0.228588
v 0.276053 0.414094 -0.404843
v 0.127236 0.467780 -0.608964
v 0.439977 0.595493 -0.355303
v -0.793721 0.818673 -0.395518
v 0.061802 1.296067 -0.387317
v 0.018659 1.094151 0.759847
v -0.596474 0.966701 -0.098515
v 0.117057 1.396529 0.506883
v -0.490777 0.861412 -0.111487
v -0.520533 1.145160 -0.297535
v 0.449878 0.519661 -0.408047
v 0.451750 0.509173 -0.347336
v 0.427968 0.539025 -0.318342
v 0.439591 0.560585 -0.332712
v 0.140411 0.390275 -0.415107
v 0.124351 0.418708 -0.233613
v 0.421754 0.738881 -0.340732
v 0.419128 0.734157 -0.415931
v 0.439000 0.539193 -0.390234
v 0.428704 0.552911 -0.335645
v 0.440609 0.527515 -0.356811
v -0.675524 0.912828 -0.199640
v -0.760630 0.800364 -0.493137
v -0.801060 0.849460 -0.268832
v -0.686598 0.499335 -0.249225
v -0.140006 0.404427 -0.382723
v -0.132728 0.540612 -0.579608
v 0.223106 0.950033 -0.522908
v 0.330935 0.957526 -0.255352
v 0.332776 0.965298 -0.419266
v 0.271574 0.874934 -0.545646
v 0.212060 0.964437 -0.203248
v 0.186016 0.814687 -0.174206
v 0.204383 0.889473 -0.152251
v -0.229936 0.633303 -0.352104
v -0.175674 0.728261 -0.326641
v -0.184630 0.922775 -0.272180
v -0.146676 0.750279 -0.402303
v -0.073238 0.661260 -0.161981
v -0.161209 0.661373 -0.581528
v -0.123718 0.928656 -0.553997
v -0.044958 0.781441 -0.174336
v 0.113759 0.712342 -0.661186
v 0.063471 0.905280 -0.625063
v -0.020749 0.406441 -0.242592
v 0.127236 0.467780 -0.608964
v -0.079504 0.814360 -0.514880
v 0.050070 0.946807 -0.192264
v -0.065783 0.490042 -0.187722
v 0.325560 0.884041 -0.245883
v 0.117787 0.503197 -0.181912
v -0.058202 0.923840 -0.193139
v -0.216675 0.514361 -0.373596
v -0.145824 0.818238 -0.384261
v 0.101073 0.671171 -0.150625
v 0.114831 0.576162 -0.644320
v 0.074135 0.813263 -0.546135
v 0.069210 0.850469 -0.613119
v -0.710834 0.995145 -0.157429
v -0.684116 0.749269 -0.133199
v -0.145623 0.952372 -0.415615
v 0.349299 0.922892 -0.441205
v 0.346199 0.930727 -0.232182
v 0.106856 0.747289 -0.366686
v -0.036213 0.939656 -0.231291
v -0.144459 0.946565 -0.295394
v 0.050070 0.946807 -0.192264
v 0.208376 0.943380 -0.165894
v -0.499946 0.771839 -0.549910
v -0.574778 0.515615 -0.513918
v -0.715509 0.889105 -0.217728
v 0.094135 0.767034 -0.584120
v 0.069148 0.786257 -0.160724
v -0.103753 0.738978 -0.517796
v 0.124351 0.418708 -0.233613
v 0.210587 0.771221 -0.169752
v -0.658090 0.876085 -0.370338
v 0.403842 0.606705 -0.345335
v 0.212060 0.964437 -0.203248
v -0.886407 0.698405 -0.334307
v -0.825017 0.830626 -0.309201
v -0.480842 0.962623 -0.087701
v -0.285413 0.892879 -0.187128
v -0.363237 0.956060 -0.102235
v -0.305403 0.837346 -0.289066
v -0.201682 0.856672 -0.419864
v -0.169308 0.885282 -0.287779
v -0.490777 0.861412 -0.111487
v -0.274345 0.832027 -0.218125
v -0.536989 0.696660 -0.102269
v -0.242729 0.721079 -0.238503
v -0.574778 0.515615 -0.513918
v -0.405434 0.468168 -0.444600
v -0.271778 0.934639 -0.183057
v -0.272406 0.897877 -0.345317
v 0.052313 0.936014 -0.156643
v -0.382469 0.683619 -0.104389
v -0.783953 0.542835 -0.341979
v -0.382747 0.851736 -0.091734
v -0.682257 0.930565 -0.390883
v -0.536989 0.696660 -0.102269
v -0.593923 0.863666 -0.117913
v 0.254550 1.114792 0.593449
v 0.271997 1.208697 0.362407
v -0.020749 0.406441 -0.242592
v -0.140006 0.404427 -0.382723
v -0.023454 0.383865 -0.408376
v 0.309677 0.789937 -0.275456
v 0.413232 0.580419 -0.332704
v 0.411813 0.577499 -0.319816
v 0.349316 0.469958 -0.386029
v 0.410346 0.595819 -0.256211
v -0.505198 1.491463 0.413902
v -0.345072 1.563546 0.478357
v -0.198595 1.592643 0.499580
v -0.199293 1.424336 0.642720
v -0.323034 2.096682 0.216461
v -0.712513 1.272826 0.163095
v -0.422860 1.976296 0.170273
v -0.621661 1.333718 -0.081890
v 0.259613 1.346452 0.188184
v 0.288610 1.346498 0.176275
v 0.255637 1.253487 0.366577
v 0.237526 1.334215 0.373635
v 0.203442 1.324917 -0.068252
v 0.006024 1.393829 -0.235272
v -0.017382 1.457555 -0.169106
v -0.000284 1.389504 -0.218612
v 0.180716 1.394158 -0.024272
v 0.219767 1.329098 -0.083218
v -0.602129 1.407202 0.379635
v -0.516356 1.400006 0.507882
v -0.199813 1.558957 -0.155704
v -0.200927 1.389952 -0.273755
v -0.340333 1.647409 0.035760
v -0.362418 1.537594 -0.111780
v 0.018659 1.094151 0.759847
v 0.233992 1.417348 0.202259
v 0.093004 1.576093 0.080983
v 0.297930 1.236378 0.161678
v 0.264801 1.282942 -0.184195
v 0.203223 1.309726 -0.077647
v -0.037315 1.535809 -0.112293
v 0.370389 1.218625 0.138522
v 0.286284 1.262915 0.168380
v 0.061802 1.296067 -0.387317
v -0.634016 1.422114 0.203628
v -0.520605 1.576839 0.238066
v -0.656940 1.258498 0.368016
v -0.200852 1.401420 -0.265751
v -0.660458 1.351503 0.189635
v -0.605336 1.329358 -0.066976
v 0.130980 1.328129 0.519282
v 0.310717 1.267208 0.161482
v -0.015538 1.464164 -0.191490
v -0.400822 1.946794 0.264510
v -0.323034 2.096682 0.216461
v 0.299561 1.249607 0.382644
v -0.745277 1.174882 0.382994
v -0.700065 1.241857 0.163252
v -0.433566 1.322454 -0.379558
v -0.201648 1.308200 -0.441830
v -0.401388 1.391706 -0.217979
v 0.270890 1.328543 0.384194
v -0.656676 1.119842 0.594840
v -0.385230 1.466194 -0.190907
v -0.581712 1.398344 -0.023069
v -0.200403 1.477025 -0.244737
v -0.383389 1.459565 -0.168529
v -0.200587 1.312068 0.213294
v -0.433566 1.322454 -0.379558
v 0.216047 1.398395 -0.046920
v -0.772785 1.224903 0.140325
v -0.661896 1.293997 -0.182884
v -0.201648 1.308200 -0.441830
v -0.407701 1.396100 -0.234620
v -0.617067 1.402970 -0.045606
v -0.044659 1.670238 0.254771
v -0.023205 1.211495 0.634501
v -0.200942 1.075805 0.810386
v -0.420496 1.096493 0.760568
v 0.151383 1.467801 0.019590
v 0.129709 1.590523 0.239577
v -0.057727 1.645858 0.035315
v 0.004447 1.370463 -0.232494
v 0.143387 1.268002 0.530097
v -0.329955 2.004146 0.097943
v -0.700853 1.255100 0.384222
v -0.544022 1.271776 0.531182
v -0.406373 1.372719 -0.231846
v -0.198844 1.680089 0.036863
v -0.671312 1.333717 0.385680
v -0.557275 1.211685 0.541925
v -0.656676 1.119842 0.594840
v -0.200398 1.208394 0.693815
v -0.200942 1.075805 0.810386
v -0.491676 1.579303 0.081905
v -0.377732 1.213442 0.635060
v -0.551434 1.471660 0.020699
v -0.420496 1.096493 0.760568
v -0.605314 1.314166 -0.076372
v -0.200429 1.465559 -0.220976
v -0.688107 1.268265 0.169916
v -0.637922 1.339022 0.375016
v -0.482941 1.913022 0.010692
v -0.224190 1.719655 0.267313
v -0.035849 2.000194 0.235113
v -0.227965 1.666951 0.256051
v -0.200840 1.409471 -0.286231
v -0.689490 1.351868 0.177818
v -0.082455 0.386423 -0.097820
v 0.034160 0.405583 -0.057979
v -0.205424 0.398602 -0.117016
v 0.003093 0.755817 0.097748
v 0.008394 0.763110 0.095478
v 0.003337 0.767740 0.115839
v 0.035899 0.697535 0.172127
v -0.029385 0.681643 0.342968
v 0.042997 0.378750 0.339239
v -0.010742 0.688065 0.311487
v -0.358845 1.405319 0.606292
v -0.772785 1.224903 0.140325
v -0.661896 1.293997 -0.182884
v 0.038246 0.634758 0.274602
v -0.352514 1.659106 0.253371
v -0.745277 1.174882 0.382994
v -0.673804 1.213890 0.363899
v -0.198409 1.692145 0.271076
v -0.530990 1.331764 0.520327
v -0.422860 1.976296 0.170273
v -0.402326 1.927608 0.141875
v -0.377600 2.120049 0.167952
v -0.471922 1.866963 0.072363
v -0.305013 2.105633 0.245147
v 0.165230 1.749890 0.120642
v -0.567235 1.756479 0.174298
v -0.594503 1.395163 0.133199
v -0.023991 1.622104 0.242810
v 0.170795 1.752427 0.173134
v -0.180008 1.710236 0.296205
v 0.119685 1.449158 0.047661
v 0.162725 1.642498 0.143982
v 0.220975 1.713035 0.110473
v 0.079423 1.679510 0.097742
v -0.469788 1.697655 0.208560
v -0.650808 1.699342 0.141267
v -0.647523 1.573639 0.128189
v -0.441227 2.184220 0.088415
v -0.526834 2.101176 -0.034373
v -0.204450 1.662047 0.281068
v -0.421934 2.091495 0.202108
v 0.193964 1.390834 0.131956
v -0.297278 1.796014 0.341817
v -0.361299 1.867195 0.317482
v -0.531517 1.945551 0.040538
v -0.471922 1.866963 0.072363
v -0.349414 2.006215 0.314809
v -0.531730 1.808592 0.069090
v -0.025142 1.840223 0.206159
v -0.224190 1.719655 0.267313
v -0.385745 1.593774 0.092531
v -0.594503 1.395163 0.133199
v -0.012728 1.591726 0.091943
v -0.647523 1.573639 0.128189
v 0.089356 1.533734 0.183440
v 0.072816 1.694676 0.207704
v 0.193686 1.617010 0.065379
v -0.476908 1.682564 0.098620
v -0.591952 1.621324 0.066618
v -0.519855 1.452669 0.048669
v -0.488171 1.536905 0.184351
v 0.215007 1.724746 0.145572
v 0.236138 1.771462 0.156937
v -0.318427 2.200000 0.201715
v -0.611836 1.729286 0.146876
v -0.373673 1.624024 0.243362
v -0.618042 1.717642 0.111797
v -0.561864 1.753882 0.121789
v -0.560465 1.646469 0.145123
v -0.179426 1.721089 0.237609
v -0.468634 2.001762 0.069277
v -0.196048 2.109098 0.232711
v -0.452403 2.068693 0.154566
v -0.180174 1.670879 0.226844
v -0.399233 2.068818 0.076126
v -0.441227 2.184220 0.088415
v -0.482941 1.913022 0.010692
v -0.227965 1.666951 0.256051
v -0.434420 1.854914 0.124809
v -0.650808 1.699342 0.141267
v -0.632416 1.776231 0.158307
v -0.202263 1.789804 0.419137
v -0.509983 1.969695 0.079023
v -0.526834 2.101176 -0.034373
v -0.206433 1.713950 0.289235
v 0.248924 1.568717 0.126774
v 0.248924 1.568717 0.126774
v 0.193964 1.390834 0.131956
v -0.267806 2.105895 0.304427
v -0.468634 2.001762 0.069277
v -0.318427 2.200000 0.201715
v -0.180737 1.660701 0.285562
v -0.373706 1.810232 0.232636
v -0.206121 1.891469 0.404724
v -0.411023 1.822542 0.187982
v 0.253631 1.694376 0.139840
v 0.253631 1.694376 0.139840
v -0.531730 1.808592 0.069090
v -0.444530 1.860073 0.213820
v -0.452403 2.068693 0.154566
v -0.196048 2.109098 0.232711
v -0.412685 1.759995 0.175214
v -0.305013 2.105633 0.245147
v -0.412685 1.759995 0.175214
v -0.035849 2.000194 0.235113
v -0.143227 1.712381 0.266567
v -0.314451 1.816734 0.199174
v -0.372875 1.795809 0.152459
v -0.472492 1.900980 0.192142
v -0.411023 1.822542 0.187982
v -0.145261 1.664925 0.256308
v -0.353966 1.432726 0.632560
v -0.332472 1.383335 0.729981
v -0.516125 1.297009 0.646441
v -0.603682 1.210445 0.465362
v -0.352495 1.364299 0.667021
v -0.396579 1.280397 0.685229
v -0.526414 1.242935 0.654676
v -0.305191 1.177318 0.678564
v -0.356854 1.289432 0.677309
v -0.344084 1.365739 0.663426
v -0.263136 1.267654 0.700738
v -0.261720 1.264886 0.657511
v -0.375925 1.449301 0.664093
v -0.534665 1.451609 0.371388
v -0.145261 1.664925 0.256308
v -0.642156 1.378812 0.508368
v -0.494120 1.275272 0.618722
v -0.600032 1.382182 0.542089
v -0.397036 0.281372 0.365828
v -0.402435 0.343047 0.397844
v -0.370608 0.260209 0.378129
v -0.340726 0.263195 0.400310
v -0.376459 0.352856 0.418211
v -0.420143 0.312416 0.372654
v -0.405389 0.350548 0.396838
v -0.405665 0.310663 0.369983
v -0.070433 1.358380 0.664360
v -0.262464 1.348401 0.688528
v -0.262068 1.353398 0.638651
v -0.355410 1.285130 0.633890
v -0.445974 1.452506 0.567628
v -0.538604 1.424810 0.496970
v -0.467201 1.192464 0.569266
v -0.151286 1.353105 0.639411
v -0.069079 1.368010 0.615146
v -0.217334 1.953374 0.111378
v -0.377600 2.120049 0.167952
v -0.025142 1.840223 0.206159
v -0.058640 1.284409 0.635972
v -0.359437 1.891250 0.150362
v -0.058765 1.293873 0.680467
v -0.238116 2.114269 0.201800
v -0.314451 1.816734 0.199174
v -0.143227 1.712381 0.266567
v -0.194514 1.846031 0.144457
v -0.584478 1.479866 0.472100
v -0.152650 1.343490 0.688576
v -0.332005 0.287996 0.417624
v -0.493306 1.374565 0.621469
v -0.644887 1.260699 0.557679
v -0.593939 1.314053 0.582892
v -0.418588 1.296942 0.716690
v -0.243649 1.327867 0.642440
v -0.228425 1.461372 0.590636
v -0.387317 1.471330 0.480332
v -0.453087 1.499912 0.567825
v -0.580711 1.369332 0.512106
v -0.574417 1.293413 0.553295
v -0.469464 1.455438 0.594771
v -0.397036 0.281372 0.365828
v -0.405665 0.310663 0.369983
v -0.343790 1.368755 0.613253
v -0.374484 1.380860 0.698541
v -0.315477 1.496147 0.670749
v -0.152828 1.266380 0.658564
v -0.376459 0.352856 0.418211
v -0.592051 1.341143 0.405638
v -0.559214 1.431760 0.526769
v -0.413856 0.268761 0.367717
v -0.380800 0.242936 0.385363
v -0.377780 0.355816 0.418792
v -0.359073 0.347570 0.429252
v -0.402435 0.343047 0.397844
v -0.370608 0.260209 0.378129
v -0.153069 1.275818 0.702998
v -0.379903 1.235848 0.755965
v -0.339363 0.323217 0.434009
v -0.003562 0.309733 0.370192
v -0.032622 0.352061 0.418390
v -0.372124 0.330542 0.426002
v -0.333330 0.346124 0.441753
v -0.097408 0.349593 0.459020
v -0.054981 0.339903 0.400211
v -0.092026 0.394517 0.446498
v -0.055054 0.349733 0.422383
v -0.354042 0.350424 0.422227
v -0.321925 0.352993 0.425163
v -0.389456 0.408851 0.400112
v -0.380132 0.370786 0.390881
v -0.360213 0.260453 0.358332
v -0.354723 0.355856 0.428650
v -0.407287 0.359111 0.390512
v -0.326603 0.265513 0.390243
v -0.358437 0.351414 0.431467
v -0.321845 0.238588 0.399475
v -0.370434 0.369769 0.444553
v -0.342657 0.375456 0.447367
v -0.028755 0.242122 0.385546
v -0.038859 0.259442 0.378302
v -0.050044 0.346856 0.429413
v -0.086706 0.283420 0.434963
v -0.340726 0.263195 0.400310
v -0.359073 0.347570 0.429252
v -0.339363 0.323217 0.434009
v -0.394457 0.281622 0.348965
v -0.371705 0.234945 0.364577
v -0.375577 0.360308 0.415514
v -0.415021 0.264324 0.346684
v -0.332954 0.328285 0.440674
v -0.397181 0.353678 0.388201
v -0.371872 0.355438 0.411803
v 0.004438 0.267794 0.367935
v -0.012321 0.280482 0.366028
v -0.053721 0.416878 0.432593
v -0.076533 0.331035 0.426068
v -0.054355 0.355162 0.428807
v -0.087744 0.238046 0.399596
v -0.323315 0.333731 0.439488
v -0.354137 0.340595 0.400055
v -0.401580 0.380994 0.379739
v -0.109103 0.356516 0.442632
v -0.016830 0.363201 0.407266
v -0.299984 0.356957 0.442532
v -0.316889 0.395037 0.446381
v -0.049234 0.259735 0.358494
v -0.037190 0.354664 0.411978
v -0.037866 0.234173 0.364751
v -0.077374 0.287407 0.417757
v -0.385418 0.385165 0.420774
v -0.308552 0.286527 0.426598
v -0.001737 0.358173 0.390723
v -0.011865 0.352787 0.388401
v -0.069871 0.322594 0.434150
v -0.076264 0.327691 0.440808
v -0.328632 0.388169 0.462756
v -0.363945 0.393310 0.439589
v -0.332654 0.331627 0.425934
v -0.401203 0.401956 0.416497
v -0.365740 0.415274 0.447514
v -0.413324 0.374126 0.396116
v 0.013764 0.311128 0.355040
v -0.082852 0.264949 0.390370
v -0.322711 0.283966 0.434840
v -0.334733 0.245792 0.411388
v -0.392188 0.364069 0.407071
v -0.311728 0.350089 0.458908
v -0.332005 0.287996 0.417624
v -0.422968 0.312137 0.354812
v -0.403738 0.311535 0.355240
v -0.320332 0.288988 0.407819
v -0.355076 0.417574 0.432436
v -0.089034 0.288453 0.407939
v -0.100844 0.286047 0.426707
v -0.005469 0.310614 0.355447
v -0.050664 0.350703 0.431628
v -0.068751 0.262566 0.400451
v 0.005604 0.263351 0.346903
v -0.012321 0.280482 0.366028
v -0.069871 0.322594 0.434150
v -0.038859 0.259442 0.378302
v -0.050044 0.346856 0.429413
v -0.077374 0.287407 0.417757
v -0.068751 0.262566 0.400451
v 0.010922 0.311420 0.372879
v -0.003562 0.309733 0.370192
v -0.007333 0.380086 0.379943
v 0.004362 0.373163 0.396332
v -0.028838 0.369974 0.391064
v -0.023517 0.384329 0.420963
v -0.080331 0.387595 0.462886
v -0.043083 0.414528 0.447682
v -0.066350 0.374817 0.447511
v -0.038596 0.369002 0.444726
v -0.007650 0.401046 0.416702
v -0.044972 0.392572 0.439755
v 0.190280 0.484318 0.061095
v 0.070885 0.370453 0.376672
v 0.121873 0.416579 0.240152
v 0.110008 0.413956 0.056706
v -0.062414 0.341762 0.392761
v 0.077705 0.487220 -0.075655
v -0.205855 0.330436 0.408032
v -0.064380 0.397709 -0.145863
v 0.072683 0.434564 0.394238
v -0.062939 0.481204 -0.152394
v -0.006671 0.342132 0.398050
v -0.074835 0.245191 0.411523
v -0.019349 0.408000 0.400302
v 0.068902 0.410038 -0.081057
v -0.032622 0.352061 0.418390
v -0.003681 0.349620 0.397047
v -0.006671 0.342132 0.398050
v -0.031288 0.355014 0.418973
v -0.014881 0.280744 0.349162
v -0.033467 0.359517 0.415692
v -0.085876 0.333182 0.439612
v -0.087162 0.352450 0.425285
v -0.037069 0.329768 0.426177
v -0.075806 0.345529 0.441888
vn 0.950950 -0.294095 0.095929
vn 0.805839 -0.463217 0.368854
vn 0.833337 -0.258656 0.488514
vn 0.503489 -0.458819 0.732109
vn 0.641141 -0.750015 -0.162530
vn -0.659327 -0.572040 0.487913
vn 0.935457 -0.192946 0.296127
vn -0.059710 -0.655624 -0.752723
vn -0.940288 -0.135714 -0.312155
vn -0.709643 -0.631108 -0.313225
vn -0.930148 -0.100519 0.353157
vn -0.659327 -0.572040 0.487913
vn 0.932426 -0.332961 0.140423
vn 0.133969 0.458634 0.878468
vn -0.512669 -0.833476 0.206126
vn -0.511787 -0.715863 -0.474988
vn 0.894430 0.251764 0.369607
vn 0.975242 -0.145059 0.166916
vn -0.252688 -0.149946 -0.955858
vn -0.566756 -0.672420 -0.476067
vn 0.687669 0.586765 0.427573
vn -0.829658 0.031915 -0.557358
vn 0.615385 -0.699801 -0.362739
vn -0.698667 0.099555 -0.708486
vn -0.635699 0.303328 -0.709844
vn -0.502953 0.401483 -0.765408
vn 0.816592 -0.442864 0.370202
vn 0.452649 -0.531650 -0.715861
vn 0.418642 0.885091 -0.203352
vn 0.455764 0.446668 0.769913
vn 0.707254 0.644537 -0.290452
vn 0.897523 0.160434 0.410748
vn -0.862394 0.149939 0.483523
vn -0.502953 0.401483 -0.765408
vn 0.046104 -0.953572 0.297615
vn -0.991148 -0.102561 0.084298
vn -0.829658 0.031915 -0.557358
vn -0.635699 0.303328 -0.709844
vn -0.457747 -0.219047 -0.861676
vn -0.463387 0.394706 -0.793398
vn 0.991556 -0.083571 -0.099162
vn -0.815487 -0.576184 0.054708
vn -0.230175 0.880841 -0.413688
vn -0.068621 0.983672 0.166373
vn -0.698667 0.099555 -0.708486
vn -0.438573 0.187426 -0.878934
vn -0.333341 -0.733139 -0.592783
vn -0.172206 -0.151974 -0.973267
vn 0.029997 -0.999519 -0.007847
vn 0.026117 0.340200 -0.939990
vn 0.800272 0.565185 0.200326
vn -0.258924 0.259302 -0.930441
vn 0.583478 0.738197 -0.338553
vn 0.142679 0.522781 -0.840442
vn 0.164077 0.908451 0.384441
vn 0.141209 0.342057 -0.929009
vn -0.049375 0.891859 0.449611
vn -0.109443 -0.982311 -0.151946
vn 0.062878 -0.804506 -0.590607
vn 0.073802 -0.349344 0.934083
vn -0.900986 -0.415584 -0.124554
vn -0.906769 0.310751 -0.284962
vn -0.957957 -0.194322 -0.211088
vn -0.479536 -0.659457 0.578932
vn -0.209153 0.712504 0.669771
vn 0.240131 -0.838138 -0.489758
vn 0.641141 -0.750015 -0.162530
vn 0.618197 -0.202420 -0.759512
vn 0.874560 0.456700 -0.163003
vn 0.498805 -0.518326 0.694645
vn 0.648262 -0.696623 -0.307366
vn 0.471749 -0.683084 0.557538
vn 0.755402 0.604730 0.252330
vn 0.943829 -0.068829 -0.323186
vn 0.623181 -0.697482 -0.353787
vn 0.908825 -0.039376 -0.415315
vn 0.111476 -0.793033 0.598892
vn -0.479180 -0.833891 0.273884
vn 0.503521 -0.277102 -0.818340
vn 0.750428 0.656965 0.072484
vn 0.898910 -0.233765 -0.370560
vn 0.932426 -0.332961 0.140423
vn 0.920680 -0.123176 -0.370372
vn -0.052426 -0.652404 0.756056
vn 0.483163 -0.244151 -0.840800
vn -0.172206 -0.151974 -0.973267
vn 0.443423 -0.416458 -0.793687
vn -0.587797 0.799792 -0.121770
vn 0.028797 0.870842 0.490718
vn 0.661251 -0.164937 -0.731808
vn 0.708608 -0.688611 0.153914
vn 0.616624 -0.152190 -0.772407
vn 0.661251 -0.164937 -0.731808
vn -0.618755 -0.718036 0.318696
vn -0.985720 -0.155422 -0.064816
vn 0.082866 -0.996549 0.004902
vn -0.127141 -0.991336 -0.032988
vn 0.002104 0.776953 -0.629555
vn -0.004766 -0.855737 -0.517389
vn -0.535048 0.429771 0.727339
vn -0.732760 0.672941 -0.101056
vn -0.598941 -0.730729 -0.327574
vn -0.663953 0.671836 0.328332
vn 0.471833 -0.536652 -0.699556
vn 0.634518 0.149046 -0.758401
vn 0.731205 -0.082919 -0.677099
vn 0.773160 0.001307 -0.634210
vn -0.055187 0.968533 -0.242689
vn 0.616624 -0.152190 -0.772407
vn 0.788256 0.415199 0.454161
vn 0.482711 0.854639 -0.191263
vn -0.135965 -0.942395 -0.305622
vn 0.881140 0.447670 0.152264
vn -0.081659 -0.996599 0.011045
vn 0.030617 -0.981777 -0.187556
vn -0.100137 -0.942313 -0.319405
vn -0.054565 -0.967925 -0.245241
vn -0.396597 -0.896886 0.195719
vn -0.159745 0.813097 -0.559782
vn -0.440745 -0.711044 -0.547868
vn -0.403084 0.802568 -0.439782
vn -0.460652 0.871083 0.170334
vn 0.064167 0.947167 0.314257
vn 0.026117 0.340200 -0.939990
vn 0.798378 0.335655 0.499928
vn -0.532172 0.616251 -0.580541
vn -0.053967 -0.992518 -0.109523
vn -0.216785 -0.680951 -0.699507
vn -0.002356 -0.993695 0.112091
vn -0.797538 -0.558384 0.228343
vn 0.623181 -0.697482 -0.353787
vn -0.512669 -0.833476 0.206126
vn -0.339318 -0.821229 0.458745
vn -0.404573 -0.775428 0.484800
vn 0.993929 -0.043496 -0.101064
vn 0.850844 -0.278199 0.445723
vn -0.155632 -0.685871 0.710887
vn -0.230755 -0.682623 0.693381
vn -0.717722 -0.645332 -0.261574
vn -0.390513 -0.695453 0.603195
vn -0.054390 -0.667373 0.742734
vn 0.364034 -0.589270 0.721277
vn -0.454789 -0.705128 0.544024
vn 0.361443 -0.030364 -0.931900
vn -0.717722 -0.645332 -0.261574
vn 0.654766 -0.077823 -0.751815
vn 0.252417 0.495320 0.831230
vn -0.547522 0.480843 0.684843
vn 0.185353 0.919754 0.345971
vn -0.590631 -0.805110 0.054339
vn 0.222283 0.860798 0.457839
vn 0.647793 -0.240503 0.722857
vn 0.240131 -0.838138 -0.489758
vn -0.415903 -0.368690 0.831319
vn -0.611679 -0.790370 0.034106
vn -0.705835 0.310934 0.636488
vn 0.133969 0.458634 0.878468
vn -0.709643 -0.631108 -0.313225
vn -0.196296 -0.663332 0.722120
vn 0.648262 -0.696623 -0.307366
vn -0.338131 0.482327 0.808101
vn -0.338344 -0.679607 0.650889
vn -0.479180 -0.833891 0.273884
vn 0.893757 0.369874 -0.253754
vn -0.288016 0.746641 -0.599644
vn 0.893757 0.369874 -0.253754
vn -0.345836 0.209629 -0.914578
vn -0.383030 -0.009916 -0.923683
vn -0.985720 -0.155422 -0.064816
vn -0.907728 -0.190336 -0.373901
vn -0.000491 0.069979 0.997548
vn -0.000656 -0.047480 0.998872
vn -0.549894 0.358403 -0.754429
vn -0.305996 -0.589335 -0.747697
vn -0.279108 0.374118 0.884384
vn -0.720239 -0.000725 0.693725
vn -0.230483 -0.828542 0.510290
vn 0.000177 0.306140 0.951986
vn -0.907728 -0.190336 -0.373901
vn -0.334260 0.936132 0.109213
vn -0.241728 0.327442 0.913427
vn -0.087810 -0.793539 0.602150
vn -0.291223 0.431193 0.853968
vn -0.594074 0.653552 -0.468983
vn -0.473082 0.615683 0.630181
vn 0.000293 0.382509 0.923952
vn -0.307777 0.120710 -0.943770
vn -0.985720 -0.155422 -0.064816
vn -0.160848 0.347947 -0.923613
vn -0.159061 0.779424 -0.605969
vn -0.305996 -0.589335 -0.747697
vn -0.334260 0.936132 0.109213
vn -0.322907 0.786371 -0.526641
vn -0.322907 0.786371 -0.526641
vn -0.258361 0.872351 0.415034
vn 0.482379 -0.837931 0.255309
vn -0.543876 0.406039 0.734392
vn -0.755357 0.531802 0.382914
vn -0.692680 0.498739 0.521012
vn -0.978867 0.147966 -0.141160
vn -0.313954 -0.007722 0.949407
vn -0.855992 0.300398 0.420760
vn -0.252349 0.424232 0.869682
vn -0.790020 0.612945 -0.012878
vn -0.280570 0.194175 -0.939988
vn -0.230448 -0.005721 -0.973068
vn -0.484821 0.505069 0.714040
vn -0.534808 0.525792 0.661455
vn -0.720239 -0.000725 0.693725
vn -0.650348 0.376298 -0.659885
vn -0.745289 -0.038030 -0.665657
vn -0.843612 0.469162 -0.261162
vn 0.092447 -0.095669 -0.991111
vn -0.392694 0.296148 -0.870682
vn -0.567202 0.022418 0.823274
vn 0.029913 0.123353 -0.991912
vn -0.415545 0.551437 0.723353
vn 0.000646 0.577166 0.816627
vn 0.000737 0.565882 0.824486
vn -0.286869 0.584202 0.759220
vn 0.661251 -0.164937 -0.731808
vn 0.372411 -0.544241 -0.751739
vn 0.535710 0.818979 0.205640
vn 0.619274 0.679222 -0.393901
vn 0.998334 -0.016323 -0.055348
vn 0.138919 0.315624 -0.938660
vn -0.561217 0.262857 -0.784820
vn 0.972096 0.196522 0.128094
vn 0.781291 -0.623194 -0.034846
vn -0.432887 -0.813034 -0.389338
vn -0.005668 0.566590 -0.823980
vn 0.000247 0.331501 -0.943455
vn -0.190337 0.568111 -0.800638
vn -0.376882 0.571889 0.728631
vn 0.002393 0.721383 0.692532
vn -0.307777 0.120710 -0.943770
vn -0.467523 0.594118 0.654557
vn -0.519997 0.648585 0.555825
vn -0.187626 -0.518087 -0.834495
vn 0.048233 0.903490 -0.425885
vn -0.258361 0.872351 0.415034
vn -0.519997 0.648585 0.555825
vn -0.824179 -0.561580 -0.073193
vn -0.134254 -0.078439 0.987838
vn -0.307853 0.580346 0.753939
vn -0.322907 0.786371 -0.526641
vn -0.186335 0.250779 0.949942
vn -0.241728 0.327442 0.913427
vn -0.069455 -0.118210 0.990557
vn -0.334523 0.707209 0.622856
vn 0.244757 0.953959 -0.173368
vn 0.696088 0.032508 -0.717220
vn -0.007165 -0.206466 0.978428
vn 0.799683 0.039570 -0.599118
vn -0.512429 0.280084 0.811769
vn 0.441506 0.895378 -0.058056
vn 0.024097 0.243590 0.969579
vn -0.722150 -0.691392 0.021829
vn 0.092757 0.027544 0.995308
vn -0.453752 0.627345 0.632889
vn 0.880428 -0.397698 0.258229
vn -0.636276 0.713897 -0.292411
vn 0.799683 0.039570 -0.599118
vn 0.912800 -0.320423 0.253230
vn 0.696088 0.032508 -0.717220
vn -0.799006 -0.065360 0.597760
vn 0.710542 0.443427 0.546354
vn 0.893757 0.369874 -0.253754
vn 0.710542 0.443427 0.546354
vn -0.024796 0.768115 0.639831
vn 0.568846 0.531093 0.627976
vn 0.503592 -0.643125 -0.576876
vn 0.666967 -0.719571 0.193321
vn 0.798378 0.335655 0.499928
vn 0.798378 0.335655 0.499928
vn -0.799466 0.128611 0.586782
vn -0.380356 0.644049 0.663725
vn 0.717281 -0.559522 -0.415262
vn 0.934700 0.218699 -0.280192
vn 0.013482 0.712708 -0.701332
vn -0.320018 0.377448 -0.868977
vn -0.361136 0.539721 0.760448
vn 0.196014 0.964682 -0.175973
vn -0.186335 0.250779 0.949942
vn -0.310916 0.435279 -0.844905
vn -0.532172 0.616251 -0.580541
vn 0.712870 0.522261 -0.468038
vn 0.998334 -0.016323 -0.055348
vn 0.764399 -0.584552 0.272017
vn 0.880171 -0.177900 0.440058
vn -0.441466 -0.780352 0.442898
vn 0.204901 -0.580299 0.788206
vn -0.166476 -0.803835 0.571082
vn 0.178919 -0.829532 -0.529023
vn -0.425995 -0.650090 -0.629215
vn 0.833614 -0.229164 -0.502564
vn 0.720797 -0.550584 0.421081
vn 0.042324 -0.656555 0.753090
vn 0.971571 -0.233738 -0.037621
vn 0.801394 -0.432563 0.413106
vn 0.676371 -0.697496 -0.236690
vn -0.188058 -0.701494 0.687416
vn 0.291537 -0.742406 0.603190
vn 0.995292 -0.072646 -0.064155
vn 0.942343 -0.263019 -0.206906
vn 0.136075 -0.681128 0.719408
vn 0.425370 -0.465882 -0.775896
vn -0.577333 -0.415823 -0.702693
vn -0.274903 -0.830863 -0.483833
vn 0.765720 -0.187448 -0.615253
vn 0.151847 -0.345319 -0.926119
vn -0.772013 -0.159341 -0.615309
vn 0.433411 -0.702200 0.564863
vn 0.535492 -0.496916 -0.682878
vn 0.367973 -0.698882 0.613319
vn 0.771012 -0.245107 -0.587760
vn 0.166983 -0.665764 0.727238
vn 0.257285 -0.691746 -0.674754
vn 0.201018 -0.507030 -0.838160
vn -0.181923 -0.261000 -0.948042
vn -0.452132 -0.688554 0.566983
vn -0.673330 -0.738573 0.033711
vn 0.332928 -0.588173 0.737029
vn 0.826720 -0.319715 0.462943
vn 0.726039 -0.422301 -0.542705
vn -0.489713 -0.870667 -0.046034
vn -0.489713 -0.870667 -0.046034
vn 0.941631 -0.333744 -0.044114
vn 0.040901 -0.831046 0.554698
vn -0.129439 -0.982990 0.130293
vn -0.389365 -0.712268 0.584011
vn 0.797116 -0.298156 -0.525080
vn 0.483964 -0.536077 0.691665
vn -0.362937 -0.871851 0.328867
vn -0.616744 -0.786946 0.018524
vn 0.210489 -0.735143 0.644406
vn 0.476121 -0.618182 -0.625428
vn -0.192406 -0.970237 -0.147034
vn 0.312522 -0.729787 -0.608064
vn -0.106648 -0.465942 -0.878364
vn -0.238076 -0.948455 0.209170
vn 0.077228 -0.199118 -0.976928
vn -0.616744 -0.786946 0.018524
vn 0.101381 -0.951909 -0.289121
vn -0.550384 -0.302108 -0.778337
vn -0.000567 -0.863211 0.504842
vn 0.002713 -0.956797 0.290745
vn -0.001906 -0.654374 0.756168
vn -0.046483 -0.829150 0.557090
vn 0.249649 -0.945151 0.210628
vn 0.006801 -0.985032 0.172234
vn -0.001181 -0.998918 0.046501
vn -0.120356 -0.658221 0.743141
vn 0.214459 -0.675476 0.705507
vn 0.323526 -0.310250 0.893911
vn 0.116564 -0.658803 0.743231
vn -0.050497 -0.958491 0.280616
vn 0.424844 -0.701726 0.571917
vn -0.994053 -0.000105 -0.108897
vn 0.676371 -0.697496 -0.236690
vn -0.385593 -0.559141 0.733948
vn -0.868856 -0.229986 0.438401
vn -0.992970 -0.056423 -0.104054
vn 0.843401 -0.121845 0.523286
vn 0.640867 -0.765910 0.051691
vn 0.057612 -0.363952 -0.929634
vn -0.852084 -0.096575 0.514418
vn -0.894976 -0.224217 0.385675
vn -0.673330 -0.738573 0.033711
vn -0.660924 -0.087879 -0.745290
vn -0.998837 0.047916 -0.005421
vn 0.640867 -0.765910 0.051691
vn -0.354671 -0.561498 0.747615
vn -0.363870 -0.348180 0.863927
vn -0.896620 -0.200231 0.394944
vn -0.001181 -0.998918 0.046501
vn 0.226179 -0.961973 0.153139
vn 0.990165 -0.104093 -0.093477
vn 0.884512 -0.248000 0.395137
vn 0.314908 -0.515860 0.796694
vn 0.880361 -0.268862 0.390741
vn -0.530071 -0.492127 -0.690532
vn 0.863501 -0.190938 -0.466806
vn -0.169277 -0.601766 0.780527
vn -0.337781 -0.492855 0.801871
vn 0.544877 -0.331342 -0.770274
vn -0.076702 -0.397698 -0.914305
vn 0.492745 -0.555774 -0.669566
vn -0.866509 -0.138479 -0.479568
vn 0.119599 -0.641069 0.758107
vn 0.859071 -0.169286 -0.483053
vn -0.527064 -0.672307 -0.519814
vn -0.129439 -0.982990 0.130293
vn 0.999981 -0.001499 0.006031
vn 0.007576 -0.908613 0.417569
vn 0.051019 -0.956779 0.286305
vn -0.014750 -0.905371 0.424365
vn -0.001292 -0.689760 -0.724037
vn 0.507443 -0.681610 -0.527171
vn -0.014587 -0.926152 -0.376867
vn -0.854563 -0.198360 -0.479975
vn 0.673770 0.726087 -0.137232
vn 0.048233 0.903490 -0.425885
vn -0.436220 0.899831 0.004030
vn 0.531502 0.533776 -0.657715
vn 0.661251 -0.164937 -0.731808
vn 0.019300 -0.779259 -0.626405
vn 0.535710 0.818979 0.205640
vn -0.063716 -0.992220 0.106954
vn 0.950930 -0.299568 0.077402
vn 0.788256 0.415199 0.454161
vn 0.673770 0.726087 -0.137232
vn 0.717281 -0.559522 -0.415262
vn -0.994003 -0.108847 0.010466
vn 0.372411 -0.544241 -0.751739
vn 0.663054 0.658612 -0.355795
vn -0.544233 -0.744530 0.386633
vn 0.141863 0.665273 -0.732998
vn 0.678737 0.304708 -0.668184
vn -0.579884 0.132712 -0.803818
vn -0.880208 -0.030738 -0.473592
vn 0.412440 0.845575 -0.338962
vn 0.138919 0.315624 -0.938660
vn 0.099245 -0.933863 -0.343584
vn 0.486323 -0.520174 0.702075
vn 0.503547 0.563790 -0.654661
vn 0.482711 0.854639 -0.191263
vn 0.503547 0.563790 -0.654661
vn 0.482711 0.854639 -0.191263
vn -0.486414 -0.671286 -0.559265
vn -0.382805 -0.347669 0.855913
vn -0.547393 0.021228 -0.836606
vn -0.312337 0.650484 -0.692326
vn 0.466801 0.675978 0.570220
vn -0.618755 -0.718036 0.318696
vn 0.669167 0.547725 -0.502208
vn -0.893115 -0.449808 0.004404
vn 0.502320 0.229123 -0.833773
vn -0.727436 0.668935 -0.152851
vn -0.522435 -0.387213 0.759689
vn -0.784591 -0.341470 0.517509
vn -0.369232 -0.920856 0.125271
vn -0.313752 -0.292663 -0.903276
vn -0.225359 -0.385583 -0.894728
vn -0.724812 -0.669385 0.163007
vn -0.592116 0.336650 -0.732165
vn -0.331941 0.425026 0.842121
vn -0.302674 -0.744260 -0.595369
vn 0.285503 -0.848191 -0.446161
vn -0.188854 -0.572221 -0.798059
vn 0.465716 -0.870122 -0.161237
vn 0.049272 -0.731842 -0.679691
vn 0.259278 -0.928470 -0.265931
vn -0.479538 -0.026804 -0.877112
vn -0.784591 -0.341470 0.517509
vn -0.826028 0.044338 0.561882
vn 0.194613 -0.077634 -0.977803
vn 0.619274 0.679222 -0.393901
vn 0.354382 0.934681 -0.028018
vn 0.678737 0.304708 -0.668184
vn -0.435823 0.687824 -0.580479
vn 0.066367 0.975814 -0.208285
vn 0.881140 0.447670 0.152264
vn 0.166711 0.940849 -0.294976
vn -0.343087 0.863724 0.369151
vn -0.259289 -0.715594 -0.648609
vn 0.535710 0.818979 0.205640
vn -0.027564 -0.939388 -0.341745
vn -0.675552 0.529218 0.513378
vn 0.769335 -0.525042 -0.363942
vn 0.924256 0.300412 0.235591
vn -0.927413 -0.357454 0.110148
vn -0.711290 -0.702554 0.022026
vn -0.391929 -0.601007 -0.696550
vn -0.329309 -0.486506 0.809239
vn -0.134428 -0.418918 -0.898018
vn -0.014162 -0.869873 0.493072
vn -0.486300 -0.533383 0.692109
vn -0.751189 -0.257771 -0.607675
vn -0.932146 -0.357518 -0.057306
vn -0.829509 -0.312753 0.462709
vn 0.114623 -0.462536 -0.879160
vn -0.064882 -0.183139 -0.980944
vn -0.330032 -0.705950 -0.626669
vn 0.000849 -0.024775 -0.999693
vn -0.784333 -0.351084 -0.511430
vn 0.000283 -0.259449 -0.965757
vn 0.160087 -0.730427 0.663964
vn 0.160077 -0.804575 0.571869
vn 0.226179 -0.961973 0.153139
vn 0.390712 -0.919923 0.032954
vn 0.616610 -0.787269 -0.000352
vn -0.170931 -0.919387 -0.354274
vn 0.397264 -0.752647 0.525076
vn 0.390712 -0.919923 0.032954
vn 0.386659 -0.813831 0.433789
vn 0.353505 -0.876741 0.326129
vn 0.616610 -0.787269 -0.000352
vn 0.223406 -0.958412 -0.177584
vn 0.194613 -0.077634 -0.977803
vn -0.973271 0.135215 -0.185634
vn -0.331941 0.425026 0.842121
vn -0.826028 0.044338 0.561882
vn -0.784591 -0.341470 0.517509
vn -0.302674 -0.744260 -0.595369
vn -0.085749 -0.774461 -0.626783
vn -0.187807 0.524301 0.830564
vn -0.334102 0.213507 -0.918036
vn -0.014162 -0.869873 0.493072
vn -0.522435 -0.387213 0.759689
vn -0.927413 -0.357454 0.110148
vn -0.724812 -0.669385 0.163007
vn 0.380366 0.924277 0.032146
vn -0.369232 -0.920856 0.125271
vn -0.408540 0.190391 -0.892662
vn -0.585252 -0.646279 -0.489697
vn -0.266686 -0.614457 0.742510
vn -0.598270 -0.020625 -0.801029
vn -0.421883 -0.737149 0.527851
vn -0.215807 0.459797 0.861403
vn -0.567456 -0.221225 -0.793129
vn -0.408540 0.190391 -0.892662
vn -0.592116 0.336650 -0.732165
vn -0.391929 -0.601007 -0.696550
vn -0.715304 -0.630956 -0.300392
vn -0.329309 -0.486506 0.809239
vn -0.302674 -0.744260 -0.595369
vn -0.391929 -0.601007 -0.696550
vn -0.473508 0.023597 -0.880473
vn -0.469852 -0.356205 -0.807686
vn -0.641629 0.086932 -0.762073
vn -0.990116 0.131391 -0.049056
vn -0.959839 -0.041843 -0.277412
vn -0.927914 -0.108633 -0.356617
vn -0.867735 -0.073996 0.491489
vn -0.785346 -0.349926 0.510670
vn -0.661831 -0.052127 -0.747839
vn -0.847341 0.264596 -0.460437
vn 0.117780 0.751462 -0.649178
vn 0.049272 -0.731842 -0.679691
vn 0.465716 -0.870122 -0.161237
vn -0.641629 0.086932 -0.762073
vn -0.283815 -0.581229 -0.762642
vn -0.613343 -0.301665 0.729937
vn -0.558548 -0.133973 0.818581
vn -0.981775 0.113987 0.152068
vn -0.598270 -0.020625 -0.801029
vn -0.479538 -0.026804 -0.877112
vn 0.064074 0.142646 -0.987698
vn -0.417888 0.318519 0.850832
vn -0.770855 -0.184401 0.609737
vn -0.764680 0.121489 0.632855
vn -0.865525 0.014406 0.500659
vn -0.652921 -0.559927 0.510075
vn -0.578778 -0.745603 0.330291
vn -0.714156 -0.694391 -0.088329
vn -0.701100 -0.254320 -0.666168
vn -0.751499 -0.133697 0.646045
vn -0.671272 -0.227192 0.705533
vn -0.813475 -0.555213 0.173197
vn -0.867171 -0.391112 -0.308296
vn -0.956223 0.162926 -0.243091
vn -0.512952 -0.234069 0.825889
vn -0.290191 -0.401156 -0.868829
vn -0.905533 0.423774 -0.020614
vn -0.693815 -0.131900 0.707971
vn -0.715304 -0.630956 -0.300392
vn -0.690863 0.159516 -0.705169
vn -0.283815 -0.581229 -0.762642
vn -0.231437 -0.529742 -0.815972
vn -0.391929 -0.601007 -0.696550
vn 0.064074 0.142646 -0.987698
vn -0.469852 -0.356205 -0.807686
vn 0.389582 0.277189 -0.878289
vn -0.479538 -0.026804 -0.877112
vn -0.821755 0.375686 -0.428460
vn 0.389582 0.277189 -0.878289
vn -0.134428 -0.418918 -0.898018
vn -0.391929 -0.601007 -0.696550
vn -0.993119 -0.054215 -0.103805
vn 0.267373 -0.830985 -0.487827
vn -0.233550 -0.611184 0.756246
vn -0.890518 -0.172754 0.420872
vn -0.294863 -0.739608 0.605009
vn -0.215727 -0.729375 0.649210
vn -0.485177 -0.583312 -0.651421
vn -0.271839 -0.665160 -0.695461
vn -0.418072 -0.440120 -0.794676
vn -0.207674 -0.484476 -0.849797
vn -0.170431 -0.817407 -0.550271
vn -0.921193 -0.174083 -0.347991
vn 0.410694 -0.669039 -0.619449
vn -0.775364 -0.213506 -0.594328
vn -0.737874 -0.525763 0.423220
vn 0.090933 -0.471671 -0.877073
vn -0.977432 -0.209328 -0.028443
vn 0.023473 -0.123308 -0.992091
vn -0.805974 -0.431481 0.405252
vn 0.337921 0.894095 0.293946
vn -0.835413 -0.176525 -0.520504
vn -0.938298 -0.265822 -0.221212
vn 0.365349 0.235236 -0.900658
vn 0.066710 -0.517112 -0.853314
vn -0.777497 0.009101 0.628821
vn -0.572767 0.290634 0.766466
vn -0.653750 0.295825 0.696490
vn -0.693946 0.149146 0.704411
vn -0.497145 -0.046949 0.866396
vn -0.518570 0.392611 0.759567
vn 0.159582 -0.509455 -0.845570
vn -0.718930 0.005829 0.695058
vn -0.456487 0.357872 0.814584
vn -0.714156 -0.694391 -0.088329
vn -0.726778 -0.531498 0.435090
vn -0.805584 -0.476583 -0.351999
vn -0.544203 -0.645177 0.536274
vn -0.498836 -0.718452 -0.484756
vn -0.479538 -0.026804 -0.877112
vn -0.380574 -0.594478 -0.708350
vn 0.502284 -0.499442 -0.705882
vn -0.134428 -0.418918 -0.898018
vn -0.481083 -0.870601 -0.103015
vn -0.240299 -0.965154 -0.103609
vn -0.354160 -0.089139 0.930927
vn -0.510371 -0.859506 0.027769
vn -0.471075 -0.168373 0.865875
vn -0.332384 -0.840206 0.428455
vn -0.499660 -0.370961 0.782769
vn -0.847341 0.264596 -0.460437
vn -0.552775 0.316516 0.770881
vn -0.614325 0.138628 0.776780
vn -0.867171 -0.391112 -0.308296
vn -0.477727 -0.706478 -0.522174
vn 0.117780 0.751462 -0.649178
vn -0.753721 -0.524451 -0.396050
vn -0.782528 0.447698 0.432686
vn -0.621436 -0.374412 -0.688210
vn -0.905533 0.423774 -0.020614
vn 0.064074 0.142646 -0.987698
vn -0.373131 0.088428 0.923555
vn -0.734661 0.530940 -0.422345
vn -0.920990 -0.332479 -0.203063
vn -0.994054 -0.088175 -0.063893
vn -0.990116 0.131391 -0.049056
vn -0.561536 -0.775209 -0.289358
vn -0.462712 -0.867101 -0.184479
vn -0.114886 0.800099 -0.588764
vn -0.403107 0.129681 -0.905918
vn 0.049272 -0.731842 -0.679691
vn -0.482507 -0.805155 0.344838
vn -0.255167 -0.948957 -0.185393
vn -0.269483 -0.957814 -0.099860
vn -0.981775 0.113987 0.152068
vn -0.511654 -0.166461 0.842912
vn -0.935035 0.162384 0.315184
vn -0.424834 -0.279323 0.861101
vn -0.005684 -0.997096 -0.075935
vn -0.862473 -0.078300 0.500009
vn -0.600324 -0.207366 0.772406
vn -0.510609 -0.056374 0.857963
vn -0.928750 0.042857 0.368220
vn -0.554823 -0.050490 0.830435
vn -0.361722 -0.533830 0.764318
vn -0.652013 0.108476 0.750408
vn -0.541782 -0.210818 0.813651
vn -0.434569 -0.614207 0.658710
vn 0.648405 -0.488678 0.583750
vn -0.005405 -0.961400 0.275100
vn 0.219215 -0.213108 -0.952119
vn 0.892965 0.247269 0.376126
vn 0.009315 -0.872129 0.489187
vn 0.933058 -0.023283 0.358971
vn 0.648405 -0.488678 0.583750
vn 0.720488 -0.689488 0.074181
vn 0.518511 -0.341889 -0.783747
vn -0.005165 -0.907711 -0.419565
vn 0.432873 -0.192492 -0.880663
vn 0.819100 0.004084 0.573637
vn 0.484183 0.874703 -0.021511
vn 0.328698 -0.490103 0.807315
vn 0.941194 -0.331665 0.064430
vn 0.512149 -0.393791 0.763304
vn 0.066710 -0.517112 -0.853314
vn 0.159582 -0.509455 -0.845570
vn 0.090933 -0.471671 -0.877073
vn 0.645527 0.763179 -0.029204
vn 0.271271 0.952568 -0.137936
vn 0.023473 -0.123308 -0.992091
vn -0.238483 -0.860968 0.449289
vn -0.424438 -0.633472 0.646966
vn 0.432873 -0.192492 -0.880663
vn -0.295708 0.487163 -0.821723
vn 0.302642 -0.400467 -0.864889
vn 0.797960 0.484009 -0.359159
vn 0.399592 -0.589715 -0.701828
vn 0.488197 -0.312655 -0.814807
vn -0.067671 0.141345 -0.987645
vn 0.591871 0.302879 -0.746963
vn -0.544489 -0.786229 -0.292190
vn -0.292737 -0.714835 -0.635072
vn 0.482432 0.855451 -0.188316
vn -0.403316 0.547879 0.732915
vn 0.059569 -0.656136 -0.752288
vn 0.112940 0.990502 -0.078417
vn 0.041746 0.998118 -0.044929
vn 0.108958 0.993970 0.012311
vn 0.302642 -0.400467 -0.864889
vn -0.292737 -0.714835 -0.635072
vn -0.295708 0.487163 -0.821723
vn 0.763879 -0.641625 -0.069331
vn 0.399592 -0.589715 -0.701828
vn -0.544489 -0.786229 -0.292190
vn -0.067671 0.141345 -0.987645
vn 0.274784 -0.584311 -0.763593
vn 0.008991 -0.993549 -0.113050
vn -0.002880 -0.726946 0.686688
vn 0.933058 -0.023283 0.358971
vn 0.213978 0.158721 -0.963857
vn -0.000896 -0.568010 -0.823021
vn 0.009315 -0.872129 0.489187
vn 0.399592 -0.589715 -0.701828
vn -0.005405 -0.961400 0.275100
vn -0.000896 -0.568010 -0.823021
vn 0.512149 -0.393791 0.763304
vn -0.023510 0.284171 -0.958485
vn 0.399592 -0.589715 -0.701828
vn -0.003902 -0.665123 -0.746724
vn -0.003053 -0.282546 -0.959249
vn 0.720488 -0.689488 0.074181
vn -0.002552 -0.683173 0.730252
vn 0.470776 0.018323 -0.882062
vn 0.941194 -0.331665 0.064430
vn 0.719359 0.522060 -0.458232
vn 0.484183 0.874703 -0.021511
vn 0.648405 -0.488678 0.583750
vn -0.004038 -0.876398 0.481571
vn 0.684633 0.159031 -0.711327
vn 0.274784 -0.584311 -0.763593
vn 0.892965 0.247269 0.376126
vn 0.819100 0.004084 0.573637
vn 0.216237 0.459357 0.861530
vn 0.000898 0.399102 0.916906
vn 0.390651 0.412669 0.822858
vn -0.175077 0.675928 0.715870
vn 0.213978 0.158721 -0.963857
vn 0.328698 -0.490103 0.807315
vn 0.518511 -0.341889 -0.783747
vn -0.008379 -0.583378 0.812158
vn 0.422646 0.905225 -0.044030
vn 0.787962 0.589931 0.176346
vn 0.337921 0.894095 0.293946
vn 0.645527 0.763179 -0.029204
vn 0.659943 0.639279 0.394713
vn 0.726588 0.680864 0.092166
vn 0.518511 -0.341889 -0.783747
vn 0.449982 -0.700797 -0.553534
vn 0.488197 -0.312655 -0.814807
vn 0.432873 -0.192492 -0.880663
vn 0.399592 -0.589715 -0.701828
vn 0.222299 -0.533344 -0.816167
vn 0.257158 0.228796 -0.938894
vn 0.059629 -0.745040 -0.664349
vn 0.463201 0.352769 0.813018
vn 0.578190 0.284535 0.764681
vn 0.424292 0.313843 0.849399
vn 0.525378 0.386730 0.757904
vn 0.752160 -0.142055 0.643487
vn 0.770828 -0.192968 0.607114
vn 0.697582 0.142191 0.702254
vn 0.705647 -0.178619 0.685680
vn 0.868649 -0.082733 0.488471
vn 0.958459 -0.054397 -0.279996
vn 0.694710 -0.139619 0.705609
vn 0.559803 -0.140193 0.816680
vn 0.000847 -0.148961 0.988843
vn 0.955314 0.089505 -0.281715
vn 0.001217 -0.086020 0.996293
vn 0.919306 -0.172130 -0.353904
vn 0.285359 -0.369820 -0.884196
vn 0.800505 -0.030851 -0.598531
vn -0.115007 0.746056 -0.655876
vn 0.612432 -0.308479 0.727851
vn 0.910358 0.413051 -0.025248
vn 0.848023 0.254419 -0.464896
vn 0.031930 -0.793427 -0.607828
vn 0.721307 -0.002176 0.692612
vn 0.499532 -0.052486 0.864704
vn 0.508020 -0.275614 0.816059
vn 0.652561 -0.683954 -0.326145
vn 0.991343 0.120376 -0.052433
vn 0.862365 -0.401073 -0.308977
vn 0.691405 -0.267285 -0.671206
vn 0.955314 0.089505 -0.281715
vn 0.652561 -0.683954 -0.326145
vn 0.925786 -0.116902 -0.359520
vn 0.957119 0.152624 -0.246228
vn 0.705238 -0.702802 -0.093324
vn 0.783620 -0.357262 0.508235
vn 0.983494 0.103051 0.148726
vn 0.658733 0.289238 0.694560
vn 0.867538 0.004616 0.497349
vn 0.767820 0.113674 0.630500
vn 0.779773 0.001185 0.626062
vn 0.399756 -0.780085 0.481313
vn 0.262361 -0.617402 0.741608
vn 0.591871 0.302879 -0.746963
vn 0.001534 -0.029428 0.999566
vn 0.538857 -0.651129 0.534476
vn -0.003393 -0.795522 0.605915
vn 0.722376 -0.539052 0.433124
vn 0.519336 -0.790481 -0.324699
vn 0.449800 -0.872732 -0.189785
vn 0.807515 -0.564566 0.170838
vn 0.562733 -0.716858 0.411638
vn 0.705238 -0.702802 -0.093324
vn 0.862365 -0.401073 -0.308977
vn 0.108958 0.993970 0.012311
vn 0.787220 0.273316 0.552796
vn 0.112940 0.990502 -0.078417
vn 0.931580 0.360510 -0.046803
vn 0.041746 0.998118 -0.044929
vn 0.797617 0.250497 -0.548687
vn 0.618400 0.131778 0.774736
vn 0.003627 0.367471 0.930028
vn -0.124407 -0.412835 -0.902270
vn -0.036615 -0.051654 -0.997994
vn -0.304545 0.902838 0.303539
vn -0.105826 0.993703 -0.036821
vn -0.779267 0.270442 0.565335
vn -0.068759 0.997287 0.026267
vn -0.304545 0.902838 0.303539
vn -0.249357 0.965456 -0.075599
vn -0.223183 -0.364122 -0.904215
vn -0.083636 -0.500158 -0.861886
vn -0.223183 -0.364122 -0.904215
vn -0.348451 0.252145 -0.902776
vn -0.014276 0.999483 -0.028805
vn -0.386817 0.921523 -0.034171
vn -0.597670 0.801605 0.014856
vn -0.445110 0.884320 -0.140909
vn 0.302753 0.676163 0.671672
vn 0.558882 0.310346 0.768984
vn 0.848023 0.254419 -0.464896
vn 0.991343 0.120376 -0.052433
vn -0.781390 0.288388 -0.553409
vn -0.083636 -0.500158 -0.861886
vn -0.763223 0.618343 0.187463
vn -0.676687 0.728237 0.108468
vn -0.014276 0.999483 -0.028805
vn -0.036615 -0.051654 -0.997994
vn -0.059710 -0.655624 -0.752723
vn -0.124407 -0.412835 -0.902270
vn -0.105826 0.993703 -0.036821
vn -0.597670 0.801605 0.014856
vn -0.068759 0.997287 0.026267
vn -0.628842 0.659928 0.411160
vn 0.271271 0.952568 -0.137936
vn 0.482432 0.855451 -0.188316
vn 0.169228 0.636939 0.752111
vn 0.327613 0.805769 -0.493362
vn 0.365349 0.235236 -0.900658
vn -0.172525 0.926611 -0.334106
vn -0.390460 0.843900 0.367933
vn 0.726588 0.680864 0.092166
vn 0.659943 0.639279 0.394713
vn 0.404734 0.334530 0.851046
vn -0.670958 -0.019928 -0.741227
vn 0.337921 0.894095 0.293946
vn 0.611358 -0.489911 -0.621473
vn 0.787962 0.589931 0.176346
vn 0.647793 -0.240503 0.722857
vn -0.645243 -0.396914 -0.652779
vn -0.415903 -0.368690 0.831319
vn -0.445966 -0.886170 0.125766
vn -0.303099 0.822932 -0.480535
vn -0.036615 -0.051654 -0.997994
vn 0.010208 -0.825269 0.564648
vn -0.338344 -0.679607 0.650889
vn 0.987034 -0.105467 -0.120999
vn 0.894430 0.251764 0.369607
vn -0.724796 -0.683018 0.090319
vn -0.628842 0.659928 0.411160
vn -0.645243 -0.396914 -0.652779
vn -0.304545 0.902838 0.303539
vn 0.191566 0.931113 -0.310374
vn -0.763223 0.618343 0.187463
vn -0.676687 0.728237 0.108468
vn -0.399409 0.315187 0.860889
vn 0.017465 0.510923 0.859449
vn -0.918549 0.393196 -0.040788
vn -0.445110 0.884320 -0.140909
vn 0.987034 -0.105467 -0.120999
vn -0.252688 -0.149946 -0.955858
vn -0.036615 -0.051654 -0.997994
vn -0.059710 -0.655624 -0.752723
vn 0.669256 -0.000641 -0.743032
vn -0.348451 0.252145 -0.902776
vn 0.432940 0.817203 0.380450
vn -0.249357 0.965456 -0.075599
vn 0.669256 -0.000641 -0.743032
vn -0.724796 -0.683018 0.090319
vn -0.463476 -0.736415 -0.492831
vn 0.992350 -0.103606 -0.067132
vn 0.377230 0.084265 0.922278
vn 0.788458 0.438848 0.430982
vn -0.552874 0.727927 0.405528
vn 0.501457 0.324211 0.802140
vn -0.781739 0.224807 0.581675
vn -0.784272 0.485241 0.386599
vn -0.983971 0.142182 -0.107632
vn 0.709651 0.591694 0.382485
vn 0.640546 0.422406 0.641306
vn 0.717780 -0.215851 -0.661967
vn 0.928958 -0.270808 -0.252390
vn 0.324531 -0.843837 0.427338
vn 0.915647 -0.343816 -0.208281
vn 0.331182 -0.721990 -0.607494
vn -0.019454 -0.447888 -0.893878
vn 0.802067 -0.481761 -0.352980
vn -0.067671 0.141345 -0.987645
vn 0.117450 0.797769 -0.591413
vn 0.618926 -0.376090 -0.689555
vn 0.272005 -0.947562 -0.167750
vn 0.023473 -0.123308 -0.992091
vn -0.670958 -0.019928 -0.741227
vn -0.898141 0.318389 0.303266
vn -0.992186 -0.050418 -0.114124
vn 0.512630 -0.172150 0.841175
vn 0.430070 -0.618925 0.657246
vn 0.600618 -0.214057 0.770349
vn 0.358388 -0.537842 0.763075
vn 0.424629 -0.284046 0.859656
vn 0.542173 -0.216835 0.811808
vn 0.419568 -0.638168 0.645526
vn 0.258335 -0.960687 -0.101705
vn 0.255326 -0.937617 -0.235972
vn 0.302642 -0.400467 -0.864889
vn -0.004161 -0.441796 -0.897106
vn 0.472119 -0.173620 0.864268
vn -0.004602 -0.662563 -0.748992
vn 0.498165 -0.376511 0.781070
vn 0.432873 -0.192492 -0.880663
vn 0.476182 -0.704262 -0.526561
vn 0.726885 -0.569598 -0.383662
vn 0.738682 0.523491 -0.424625
vn 0.910358 0.413051 -0.025248
vn -0.370702 -0.144108 -0.917504
vn 0.825459 -0.004480 -0.564445
vn -0.852301 -0.099366 -0.513526
vn -0.632536 -0.576565 -0.517176
vn 0.244607 -0.951414 -0.187027
vn -0.292737 -0.714835 -0.635072
vn 0.472539 -0.813215 0.339688
vn -0.664166 -0.284230 -0.691446
vn 0.403888 0.114954 -0.907557
vn 0.389975 -0.812279 -0.433731
vn 0.662848 -0.715128 0.221863
vn -0.992186 -0.050418 -0.114124
vn 0.662848 -0.715128 0.221863
vn 0.983494 0.103051 0.148726
vn 0.452580 -0.577464 -0.679490
vn 0.557071 -0.056675 0.828529
vn 0.230430 -0.863574 0.448489
vn 0.228321 -0.967502 -0.108671
vn -0.000625 0.188245 -0.982122
vn 0.356314 -0.093096 0.929717
vn 0.532500 -0.650869 -0.541123
vn -0.115007 0.746056 -0.655876
vn 0.749504 0.547926 0.371512
vn -0.423445 -0.625439 -0.655378
vn 0.430212 -0.891341 0.142926
vn 0.023473 -0.123308 -0.992091
vn 0.937850 0.151975 0.311994
vn 0.695744 -0.619525 -0.363497
vn 0.930420 0.032520 0.365049
vn 0.655740 0.101204 0.748173
vn 0.000253 -0.254775 0.967000
vn 0.863251 -0.087888 0.497065
vn 0.004010 0.445507 0.895269
vn -0.003024 -0.747694 0.664036
vn -0.002056 -0.612307 0.790618
vn 0.495832 -0.616583 -0.611536
vn 0.512889 -0.061943 0.856218
vn -0.807152 -0.183642 0.561054
vn 0.611358 -0.489911 -0.621473
vn 0.928958 -0.270808 -0.252390
vn 0.717780 -0.215851 -0.661967
vn 0.912918 -0.376345 0.157939
vn -0.423445 -0.625439 -0.655378
vn 0.495832 -0.616583 -0.611536
vn 0.452580 -0.577464 -0.679490
vn 0.348858 -0.079628 0.933787
vn 0.695744 -0.619525 -0.363497
vn -0.852301 -0.099366 -0.513526
vn -0.632536 -0.576565 -0.517176
vn -0.583157 -0.666492 0.464452
vn 0.861085 -0.499184 0.096684
vn 0.879928 0.420104 -0.221899
vn 0.967045 -0.228038 -0.113240
vn -0.820046 -0.141861 -0.554436
vn -0.882125 -0.437114 -0.175463
vn 0.386440 -0.657136 -0.647176
vn -0.385264 -0.083148 -0.919053
vn 0.259664 -0.964970 -0.037524
vn 0.886816 -0.261562 0.380975
vn 0.885004 -0.347119 0.310284
vn 0.889661 0.075871 -0.450274
vn 0.367276 0.800818 0.473074
vn 0.622224 0.781470 -0.046284
vn 0.502929 -0.767003 -0.398459
vn 0.464734 -0.465835 -0.753007
vn 0.453371 -0.607339 0.652376
vn -0.840537 -0.128362 -0.526328
vn 0.099950 0.566241 0.818157
vn 0.849085 0.370324 0.376715
vn 0.904596 0.317168 0.284799
vn 0.970206 0.168201 -0.174378
vn 0.732633 -0.321413 -0.599952
vn -0.589713 0.200961 -0.782210
vn 0.015658 0.993380 0.113799
vn 0.126623 0.352008 0.927393
vn 0.028897 -0.350264 0.936205
vn 0.818227 -0.425730 0.386338
vn -0.460510 0.687318 0.561716
vn 0.590390 -0.205958 0.780398
vn 0.757853 -0.053360 0.650240
vn 0.946207 -0.122256 0.299576
vn -0.481971 0.790446 0.378020
vn -0.830879 0.263809 -0.489944
vn 0.308082 -0.877233 0.368168
vn 0.732633 -0.321413 -0.599952
vn 0.483509 -0.873169 -0.061606
vn 0.847724 0.312779 0.428408
vn 0.797846 0.087791 0.596435
vn 0.483824 -0.719591 -0.498099
vn 0.386440 -0.657136 -0.647176
vn -0.820046 -0.141861 -0.554436
vn 0.702257 0.163621 0.692866
vn -0.577299 0.643138 0.503091
vn -0.427803 0.765273 0.480980
vn -0.419011 0.097083 0.902776
vn -0.456440 0.103893 -0.883668
vn -0.807213 0.561252 0.182767
vn 0.483824 -0.719591 -0.498099
vn -0.830879 0.263809 -0.489944
vn 0.845534 -0.532942 -0.032312
vn 0.490532 -0.650137 -0.580259
vn 0.777952 -0.498136 -0.382950
vn -0.594598 -0.646933 -0.477421
vn -0.823694 -0.566988 0.007339
vn 0.302378 0.823433 0.480131
vn -0.148743 0.963843 -0.221094
vn 0.807944 -0.589113 -0.013146
vn 0.479091 0.740804 -0.470831
vn 0.558864 -0.292880 0.775817
vn 0.208360 -0.091380 0.973774
vn -0.136195 0.342624 0.929548
vn 0.592400 0.801925 -0.077326
vn 0.646709 0.545466 0.533136
vn 0.276838 0.018802 0.960733
vn -0.706647 0.061671 0.704874
vn -0.272564 -0.623175 0.733050
vn -0.589713 0.200961 -0.782210
vn -0.239880 0.769183 0.592297
vn -0.593366 0.728054 0.343299
vn -0.999243 0.038905 0.000160
vn 0.502929 -0.767003 -0.398459
vn 0.464734 -0.465835 -0.753007
vn -0.840537 -0.128362 -0.526328
vn -0.385264 -0.083148 -0.919053
vn 0.632378 -0.327989 0.701798
vn -0.380983 0.173392 0.908178
vn -0.439095 0.220954 0.870847
vn 0.541874 0.387368 0.745868
vn -0.063960 0.860985 0.504592
vn -0.932449 -0.332889 0.140445
vn 0.338345 -0.679606 0.650891
vn -0.898141 0.318389 0.303266
vn 0.632356 -0.067227 -0.771756
vn 0.946399 -0.308565 0.095482
vn 0.447796 -0.642302 0.622034
vn 0.951858 -0.287194 -0.107176
vn 0.777952 -0.498136 -0.382950
vn -0.904761 0.368763 -0.213122
vn -0.370702 -0.144108 -0.917504
vn 0.825459 -0.004480 -0.564445
vn -0.647788 -0.240450 0.722879
vn 0.659355 -0.572322 0.487543
vn 0.252712 -0.151027 -0.955682
vn 0.001570 -0.794566 0.607176
vn 0.452006 -0.110983 0.885084
vn 0.059569 -0.656136 -0.752288
vn -0.246060 0.384366 0.889785
vn 0.252712 -0.151027 -0.955682
vn -0.640766 -0.750037 -0.163902
vn 0.659355 -0.572322 0.487543
vn -0.455298 -0.404429 0.793184
vn -0.915803 -0.060000 0.397120
vn 0.946399 -0.308565 0.095482
vn 0.951858 -0.287194 -0.107176
vn 0.967045 -0.228038 -0.113240
vn 0.861085 -0.499184 0.096684
vn 0.777952 -0.498136 -0.382950
vn 0.845534 -0.532942 -0.032312
vn 0.886816 -0.261562 0.380975
vn -0.487761 -0.624564 0.609926
vn -0.962531 -0.239979 0.126271
vn -0.875006 -0.237185 0.422028
vn 0.059569 -0.656136 -0.752288
vn -0.945051 -0.065681 -0.320256
vn 0.479067 -0.834405 0.272511
vn -0.617899 -0.203008 -0.759597
vn -0.916990 -0.019885 -0.398413
vn -0.506688 -0.250832 -0.824834
vn -0.914914 -0.195339 -0.353236
vn -0.386801 -0.096342 -0.917117
vn -0.240198 -0.838375 -0.489318
vn -0.003606 -0.654915 0.755694
vn -0.750544 0.656787 0.072901
vn -0.875312 0.455616 -0.161997
vn -0.640766 -0.750037 -0.163902
vn -0.978911 -0.107332 0.173818
vn 0.544110 -0.709976 -0.447077
vn 0.940187 -0.136701 -0.312026
vn 0.709387 -0.631644 -0.312724
vn -0.142152 -0.750966 0.644859
vn -0.540977 -0.446305 0.712851
vn -0.818603 -0.400540 0.411651
vn 0.479067 -0.834405 0.272511
vn -0.755360 0.604779 0.252336
vn 0.511786 -0.833681 0.207489
vn -0.932449 -0.332889 0.140445
vn -0.649140 -0.696394 -0.306028
vn -0.624007 -0.697742 -0.351813
vn 0.497193 -0.735918 -0.459592
vn -0.926165 -0.082611 -0.367958
vn -0.515847 -0.256375 -0.817419
vn 0.929525 -0.108173 0.352535
vn 0.533361 0.702060 0.471845
vn 0.593308 -0.482251 0.644530
vn 0.688231 0.109321 0.717208
vn -0.807213 0.561252 0.182767
vn -0.524848 0.303973 0.795069
vn -0.419011 0.097083 0.902776
vn -0.632012 0.692139 0.348573
vn -0.583157 -0.666492 0.464452
vn 0.836485 0.231476 0.496700
vn -0.810468 -0.265302 0.522261
vn 0.918832 -0.394572 -0.007739
vn 0.685063 -0.233035 0.690206
vn 0.473277 0.244494 0.846304
vn 0.635895 0.678441 0.367907
vn -0.740290 -0.379166 0.555161
vn -0.556226 -0.400953 0.727907
vn -0.351825 0.733017 0.582155
vn -0.587202 -0.564103 0.580501
vn -0.895426 -0.222345 0.385714
vn 0.773473 -0.567117 0.283049
vn -0.295589 0.802542 0.518221
vn -0.620491 0.252176 0.742562
vn 0.554573 -0.416382 0.720468
vn -0.432952 -0.637109 0.637687
vn -0.295930 0.827657 0.476875
vn -0.440346 0.013909 0.897721
vn -0.273378 0.278757 0.920630
vn -0.489769 0.094193 0.866749
vn -0.303898 0.788757 0.534330
vn 0.861748 -0.505469 -0.043502
vn -0.472935 0.153522 0.867619
vn 0.778757 0.162922 0.605800
vn -0.823694 -0.566988 0.007339
vn -0.904761 0.368763 -0.213122
vn 0.560011 -0.497725 -0.662312
vn 0.559221 -0.828977 -0.008296
vn -0.594598 -0.646933 -0.477421
vn -0.479194 0.517758 -0.708731
vn -0.594598 -0.646933 -0.477421
vn -0.827012 0.544305 -0.140648
vn -0.820904 -0.214110 -0.529409
vn -0.820904 -0.214110 -0.529409
vn -0.199905 0.891292 0.406984
vn -0.997648 -0.067811 0.010011
vn 0.538815 -0.448675 -0.713000
vn 0.479825 0.284172 -0.830069
vn -0.593509 -0.537821 -0.598745
vn -0.442542 -0.634856 -0.633336
vn -0.377767 0.866720 -0.325713
vn 0.771178 0.566890 -0.289690
vn -0.685936 -0.727661 -0.001150
vn -0.613083 -0.789920 -0.012467
vn 0.538815 -0.448675 -0.713000
vn -0.734316 -0.283324 -0.616853
vn 0.560011 -0.497725 -0.662312
vn -0.442542 -0.634856 -0.633336
vn 0.692485 0.126298 -0.710291
vn 0.427696 -0.903671 -0.021301
vn -0.461825 0.041777 -0.885986
vn -0.593509 -0.537821 -0.598745
vn 0.265687 0.844248 -0.465462
vn -0.497918 0.138912 -0.856027
vn -0.456440 0.103893 -0.883668
vn -0.289162 0.852897 -0.434686
vn 0.185338 0.937337 0.295042
vn -0.440228 -0.817930 -0.370391
vn 0.113808 0.295299 0.948602
vn 0.079976 0.394473 0.915421
vn 0.288404 0.956295 -0.048189
vn -0.224239 0.932174 0.284197
vn -0.233971 0.956250 0.175622
vn -0.140098 0.661892 0.736391
vn 0.086667 0.460878 0.883221
vn 0.747090 0.602594 0.280600
vn 0.362742 0.538224 0.760745
vn 0.275453 0.162402 -0.947497
vn 0.680333 -0.678799 0.276368
vn 0.440966 -0.269186 -0.856205
vn 0.226160 -0.829592 0.510518
vn 0.487119 0.779107 0.394598
vn 0.029997 -0.999519 -0.007847
vn -0.432887 -0.813034 -0.389338
vn -0.376508 -0.717847 0.585608
vn 0.750446 0.459697 -0.474879
vn 0.083257 0.454233 0.886984
vn 0.361882 0.170278 0.916541
vn 0.208211 -0.062268 0.976100
vn 0.306692 0.124225 0.943667
vn 0.953977 0.280661 -0.105622
vn -0.269019 -0.712765 -0.647762
vn -0.013716 0.396406 -0.917973
vn 0.291457 0.184339 -0.938654
vn -0.304625 -0.704163 -0.641372
vn 0.414880 0.447050 -0.792477
vn -0.308092 -0.820631 -0.481294
vn -0.129041 -0.577275 -0.806289
vn -0.051341 0.477851 -0.876939
vn -0.479536 -0.659457 0.578932
vn -0.595008 -0.764984 0.246508
vn -0.918712 -0.394365 0.021092
vn -0.112804 0.931667 -0.345358
vn -0.882897 -0.449730 -0.135042
vn -0.407298 0.315157 -0.857195
vn 0.383040 -0.486685 -0.785123
vn -0.583956 0.723381 -0.368396
vn -0.734316 -0.283324 -0.616853
vn -0.370203 0.317561 -0.872986
vn 0.707483 0.215211 0.673166
vn -0.225097 0.535082 -0.814260
vn 0.194086 0.276458 0.941224
vn -0.235853 0.967022 0.096139
vn -0.803430 0.223644 -0.551800
vn 0.912337 -0.381066 0.149766
vn 0.070203 0.990229 0.120486
vn -0.015477 -0.763976 0.645059
vn 0.132534 -0.788612 0.600438
vn -0.255808 0.931571 0.258338
vn -0.137041 0.354684 0.924888
vn -0.228852 -0.754709 0.614850
vn -0.233971 0.956250 0.175622
vn -0.829658 0.031915 -0.557358
vn 0.153692 0.066325 0.985890
vn 0.376735 0.481808 -0.791159
vn 0.062878 -0.804506 -0.590607
vn 0.539152 0.106896 -0.835397
vn -0.595008 -0.764984 0.246508
vn 0.797113 0.339550 0.499316
vn -0.434774 -0.794757 -0.423477
vn 0.298483 0.531748 0.792560
vn -0.272913 -0.804329 0.527800
vn -0.008764 -0.013720 0.999867
vn 0.154174 0.829137 0.537366
vn -0.506122 -0.571355 0.646060
vn 0.267941 0.047891 0.962244
vn -0.699426 -0.392320 0.597401
vn 0.662574 0.395276 0.636201
vn 0.459561 -0.750547 -0.474850
vn -0.706042 -0.708068 -0.012007
vn 0.476273 0.575837 0.664512
vn -0.225097 0.535082 -0.814260
vn -0.235853 0.967022 0.096139
vn 0.255914 0.340966 0.904572
vn 0.195611 0.256356 0.946582
vn 0.288634 0.582889 0.759560
vn 0.234591 0.714047 0.659624
vn -0.230175 0.880841 -0.413688
vn 0.141209 0.342057 -0.929009
vn 0.543930 0.741150 -0.393494
vn -0.504878 -0.812614 -0.291129
vn -0.865517 0.302526 -0.399197
vn -0.700972 -0.269389 0.660354
vn -0.815613 -0.056196 0.575862
vn -0.140098 0.661892 0.736391
vn -0.715465 -0.696194 -0.058510
vn 0.609306 0.074389 -0.789438
vn -0.393332 0.881782 0.260289
vn -0.901770 0.255812 -0.348384
vn 0.037659 0.845166 0.533175
vn -0.504878 -0.812614 -0.291129
vn -0.434774 -0.794757 -0.423477
vn -0.815613 -0.056196 0.575862
vn -0.631425 0.692245 0.349427
vn 0.221886 -0.947370 -0.230776
vn -0.947935 -0.018352 -0.317934
vn -0.700972 -0.269389 0.660354
vn 0.328433 0.404562 0.853499
vn -0.265742 0.510281 0.817921
vn 0.549018 0.450107 -0.704260
vn 0.269660 0.389133 0.880828
vn 0.897619 -0.248655 -0.363939
vn -0.179749 -0.888356 0.422510
vn 0.459561 -0.750547 -0.474850
vn -0.522848 -0.433423 -0.734012
vn -0.770796 -0.568362 -0.287816
vn 0.725482 0.382720 0.572016
vn 0.269160 0.962370 -0.037368
vn 0.199537 0.962098 0.185882
vn 0.227037 0.951220 0.208890
vn 0.263725 0.917236 0.298541
vn 0.187724 0.948991 0.253331
vn 0.535605 0.843410 0.042278
vn -0.947935 -0.018352 -0.317934
vn -0.413130 -0.552127 -0.724210
vn 0.848162 -0.529241 0.022934
vn 0.412888 -0.900051 0.139396
vn -0.127423 0.770385 0.624716
vn 0.540754 0.204308 0.815992
vn 0.487742 0.872057 0.040297
vn 0.481513 0.875459 0.041422
vn 0.292131 0.745336 -0.599278
vn -0.824179 -0.561580 -0.073193
vn 0.726713 -0.629882 -0.274112
vn 0.227953 0.597989 0.768405
vn -0.776536 -0.561039 0.286753
vn 0.294623 0.664623 0.686640
vn 0.338345 -0.679606 0.650891
vn -0.432887 -0.813034 -0.389338
vn -0.647788 -0.240450 0.722879
vn -0.649140 -0.696394 -0.306028
vn 0.338134 0.482321 0.808104
vn -0.432887 -0.813034 -0.389338
vn 0.085301 -0.798632 0.595744
vn -0.700972 -0.269389 0.660354
vn -0.624007 -0.697742 -0.351813
vn -0.240198 -0.838375 -0.489318
vn 0.511786 -0.833681 0.207489
vn -0.252414 0.495324 0.831229
vn 0.546857 0.480584 0.685556
vn -0.222435 -0.851970 -0.473994
vn 0.501298 0.858502 -0.108050
vn 0.992748 0.006480 -0.120039
vn 0.074597 0.600426 -0.796193
vn -0.281817 0.937482 -0.204221
vn 0.278372 0.960420 -0.010146
vn 0.255217 0.965732 0.047184
vn -0.522848 -0.433423 -0.734012
vn 0.707483 0.215211 0.673166
vn 0.535605 0.843410 0.042278
vn -0.711842 -0.702304 -0.007068
vn 0.211834 0.512689 -0.832031
vn -0.179671 -0.647859 -0.740268
vn -0.322591 0.150838 0.934442
vn 0.173740 0.528449 0.830997
vn 0.212178 0.369793 0.904563
vn -0.506122 -0.571355 0.646060
vn 0.412888 -0.900051 0.139396
vn -0.366742 -0.855739 -0.364982
vn -0.018795 -0.672173 -0.740155
vn 0.109732 -0.827456 0.550705
vn -0.322591 0.150838 0.934442
vn -0.483727 -0.640696 0.596252
vn -0.866090 -0.455941 -0.204954
vn -0.866090 -0.455941 -0.204954
vn -0.866090 -0.455941 -0.204954
vn -0.129041 -0.577275 -0.806289
vn 0.441162 0.274943 0.854273
vn -0.483727 -0.640696 0.596252
vn 0.793605 0.476351 0.378523
vn -0.267105 0.859498 0.435795
vn 0.258772 0.433305 0.863298
vn -0.599985 -0.751169 0.275253
vn -0.146239 -0.408430 0.900999
vn -0.679392 -0.534924 -0.502277
vn 0.563607 0.457054 0.688076
vn 0.417653 0.891678 0.174575
vn 0.853307 0.282811 0.438046
vn 0.267941 0.047891 0.962244
vn 0.426945 0.222238 0.876543
vn 0.362847 0.278620 0.889221
vn 0.273136 0.298634 0.914448
vn -0.032798 0.641683 -0.766269
vn 0.383040 -0.486685 -0.785123
vn -0.422952 -0.877474 0.226168
vn 0.276738 0.911922 0.303009
vn 0.376735 0.481808 -0.791159
vn 0.153692 0.066325 0.985890
vn 0.391800 -0.901076 0.185890
vn 0.274055 0.321677 -0.906321
vn 0.394702 0.569706 0.720865
vn 0.376673 0.619403 0.688809
vn 0.391515 0.583183 0.711768
vn 0.309778 0.578771 0.754361
vn 0.106249 0.663796 -0.740329
vn -0.824179 -0.561580 -0.073193
vn 0.253378 0.423141 0.869915
vn 0.921832 0.070217 -0.381176
vn 0.445069 0.338341 -0.829119
vn -0.386389 -0.440119 -0.810554
vn 0.721332 0.565542 -0.399802
vn -0.041964 0.577163 0.815550
vn -0.081653 0.211022 0.974065
vn -0.443055 -0.241436 -0.863372
vn 0.000000 0.000000 0.000000
vn 0.867478 0.160846 -0.470754
vn 0.383040 -0.486685 -0.785123
vn -0.018795 -0.672173 -0.740155
vn 0.074597 0.600426 -0.796193
vn -0.602289 0.050582 -0.796674
vn 0.622165 0.399018 -0.673569
vn 0.979537 0.143001 -0.141627
vn 0.857269 0.296505 0.420921
vn -0.253008 -0.707822 -0.659526
vn -0.024391 0.461074 -0.887026
vn -0.107658 -0.747650 -0.655308
vn 0.848162 -0.529241 0.022934
vn 0.412888 -0.900051 0.139396
vn -0.088457 -0.662126 0.744154
vn -0.269019 -0.712765 -0.647762
vn -0.829873 0.261816 0.492709
vn -0.844799 -0.131345 -0.518713
vn -0.699431 -0.368767 0.612214
vn 0.443033 0.235253 -0.865088
vn -0.308092 -0.820631 -0.481294
vn -0.090371 0.574637 -0.813404
vn 0.757686 0.652585 -0.006718
vn 0.234591 0.714047 0.659624
vn 0.440966 -0.269186 -0.856205
vn 0.921832 0.070217 -0.381176
vn 0.989690 0.112985 0.088020
vn 0.756061 -0.054503 0.652228
vn 0.566484 0.019719 0.823837
vn 0.120260 0.549591 -0.826732
vn 0.312843 -0.009553 0.949757
vn -0.514492 0.631533 0.580055
vn 0.288404 0.956295 -0.048189
vn 0.288404 0.956295 -0.048189
vn -0.005036 0.665890 -0.746033
vn -0.282355 0.745822 -0.603344
vn -0.201862 0.022920 0.979146
vn 0.210945 0.840923 0.498347
vn -0.598102 0.656562 -0.459565
vn 0.940961 0.065219 0.332172
vn 0.180160 0.962260 -0.203955
vn 0.050887 -0.488167 -0.871265
vn -0.640595 -0.483103 0.596866
vn 0.180160 0.962260 -0.203955
vn -0.829873 0.261816 0.492709
vn -0.229785 0.849760 0.474455
vn 0.263515 -0.201804 0.943311
vn -0.598102 0.656562 -0.459565
vn 0.233605 0.648213 -0.724741
vn 0.812252 0.567353 -0.135485
vn 0.574836 0.545939 0.609519
vn 0.270249 0.282809 -0.920318
vn 0.747089 -0.045583 -0.663159
vn 0.749370 0.592044 0.296528
vn 0.270056 -0.023449 -0.962559
vn 0.545099 0.403277 0.735006
vn 0.675428 0.526352 0.516479
vn 0.756061 -0.054503 0.652228
vn 0.581587 0.668376 -0.463712
vn 0.292255 0.429643 0.854397
vn 0.474395 0.612676 0.632121
vn 0.255754 0.367251 -0.894269
vn 0.276738 0.911922 0.303009
vn 0.140750 0.790703 -0.595801
vn 0.989690 0.112985 0.088020
vn 0.188375 0.277619 0.942042
vn 0.087798 0.073354 0.993434
vn 0.004539 0.194764 0.980840
vn 0.544887 0.402745 0.735455
vn 0.619091 0.710887 0.333714
vn 0.174332 -0.899285 -0.401118
vn 0.304189 0.555776 0.773681
vn 0.366040 -0.016603 -0.930451
vn 0.443033 0.235253 -0.865088
vn 0.179103 0.324701 -0.928704
vn -0.366742 -0.855739 -0.364982
vn -0.109144 -0.799270 0.590977
vn -0.394025 -0.586128 -0.707954
vn -0.511377 -0.453408 -0.730010
vn -0.253008 -0.707822 -0.659526
vn -0.332177 -0.706461 -0.624958
vn -0.179671 -0.647859 -0.740268
vn -0.112573 -0.825966 0.552365
vn 0.004539 0.194764 0.980840
vn 0.831801 0.389549 0.395423
vn 0.894994 0.391615 -0.213594
vn -0.123755 -0.773814 0.621206
vn 0.135106 -0.301153 -0.943956
vn -0.179749 -0.888356 0.422510
vn -0.127630 -0.548102 0.826616
vn 0.834371 -0.010478 0.551104
vn 0.709681 0.286116 0.643810
vn -0.246060 0.384366 0.889785
vn -0.246025 0.844208 0.476219
vn 0.452006 -0.110983 0.885084
vn -0.222435 -0.851970 -0.473994
vn 0.709387 -0.631644 -0.312724
vn 0.583688 -0.810580 0.047630
vn 0.352384 -0.793456 0.496238
vn 0.559238 -0.825209 0.079268
vn 0.291959 -0.818178 0.495323
vn -0.185525 0.919585 0.346329
vn -0.088564 -0.830077 0.550571
vn 0.619091 0.710887 0.333714
vn -0.304625 -0.704163 -0.641372
vn -0.107658 -0.747650 -0.655308
vn 0.008113 -0.837338 0.546626
vn -0.075264 -0.810124 0.581407
vn 0.139309 0.241509 -0.960347
vn -0.332177 -0.706461 -0.624958
vn -0.232132 -0.747746 -0.622085
vn -0.212877 0.951406 0.222508
vn -0.523818 -0.427040 -0.737056
vn 0.282720 0.618519 -0.733146
vn 0.180160 0.962260 -0.203955
vn -0.214719 0.949665 -0.228103
vn -0.359075 -0.245508 0.900439
vn 0.932734 0.141516 0.331632
vn 0.916774 0.056781 0.395351
vn 0.917525 0.186067 0.351465
vn 0.035715 0.659468 -0.750884
vn 0.240285 0.112833 -0.964122
vn 0.217262 0.174863 -0.960323
vn 0.983932 0.146047 -0.102702
vn -0.176115 -0.308934 -0.934635
vn 0.057805 0.168727 -0.983966
vn -0.200397 -0.059410 -0.977912
vn 0.712984 0.502383 0.489148
vn -0.611446 -0.040311 0.790258
vn -0.838117 0.334593 -0.430822
vn 0.200969 0.714342 0.670318
vn 0.534526 0.112667 0.837609
vn 0.582947 0.489667 -0.648381
vn -0.782988 -0.262639 0.563872
vn -0.850305 0.429537 0.304103
vn 0.594105 -0.790851 -0.146950
vn 0.088578 0.873983 0.477816
vn 0.851352 -0.426054 0.306070
vn 0.831801 0.389549 0.395423
vn 0.695296 0.651430 0.303650
vn -0.109893 0.933996 0.339964
vn -0.413130 -0.552127 -0.724210
vn 0.155639 0.745981 -0.647525
vn 0.019302 0.923387 0.383385
vn 0.019302 0.923387 0.383385
vn -0.999140 0.004723 -0.041193
vn 0.155639 0.745981 -0.647525
vn -0.794355 0.402535 -0.454934
vn -0.794355 0.402535 -0.454934
vn -0.488759 -0.050990 0.870928
vn -0.249419 0.897585 0.363497
vn -0.049255 0.025012 -0.998473
vn 0.341541 0.926063 -0.160493
vn 0.935808 0.339114 -0.096258
vn 0.397336 0.531589 0.748022
vn -0.499670 0.788050 -0.359592
vn -0.249419 0.897585 0.363497
vn 0.935808 0.339114 -0.096258
vn 0.397336 0.531589 0.748022
vn -0.488759 -0.050990 0.870928
vn 0.911054 -0.271773 -0.310032
vn 0.659713 -0.291495 0.692683
vn -0.499670 0.788050 -0.359592
vn 0.764613 0.629764 -0.136983
vn -0.249419 0.897585 0.363497
vn 0.414156 0.904620 0.100682
vn -0.079543 -0.587878 -0.805029
vn -0.829285 0.267000 -0.490915
vn 0.777265 -0.623282 -0.085902
vn -0.585417 0.340219 0.735892
vn -0.846096 0.059310 0.529721
vn -0.559645 0.685865 0.465174
vn -0.923818 0.301662 -0.235713
vn -0.953358 -0.124435 -0.274998
vn -0.999140 0.004723 -0.041193
vn 0.446163 0.867727 0.219064
vn -0.923164 0.161659 -0.348762
vn 0.831801 0.389549 0.395423
vn 0.361196 -0.922901 -0.133382
vn 0.488119 -0.849526 0.200110
vn 0.494065 -0.040113 0.868499
vn 0.623682 0.367020 0.690158
vn 0.483093 -0.717292 -0.502108
vn -0.615228 -0.693165 0.375522
vn -0.381264 0.924462 0.002819
vn 0.587206 0.724788 0.360377
vn 0.623682 0.367020 0.690158
vn 0.488119 -0.849526 0.200110
vn 0.282720 0.618519 -0.733146
vn -0.233366 -0.251842 -0.939210
vn 0.950863 0.309055 -0.018557
vn 0.950863 0.309055 -0.018557
vn 0.105604 0.973612 -0.202305
vn 0.421233 0.815239 0.397428
vn -0.381264 0.924462 0.002819
vn -0.164469 0.887600 0.430251
vn 0.233605 0.648213 -0.724741
vn 0.851352 -0.426054 0.306070
vn 0.622248 0.611279 0.489024
vn -0.329785 -0.176700 -0.927372
vn 0.894994 0.391615 -0.213594
vn -0.658937 -0.410888 -0.630058
vn -0.147371 0.701425 -0.697341
vn 0.327167 0.121538 0.937118
vn -0.373356 0.905053 -0.203675
vn -0.109893 0.933996 0.339964
vn 0.624529 0.752530 0.208952
vn 0.261058 0.955468 -0.137582
vn 0.672648 -0.523858 -0.522606
vn -0.556492 0.069074 0.827977
vn -0.579660 0.321282 0.748847
vn 0.026000 0.122951 0.992072
vn -0.615228 -0.693165 0.375522
vn 0.436999 0.891388 0.120244
vn 0.695296 0.651430 0.303650
vn 0.395957 0.789013 -0.469762
vn -0.214719 0.949665 -0.228103
vn 0.918487 -0.383178 -0.097757
vn -0.350079 0.787148 0.507782
vn 0.305606 0.425296 -0.851897
vn 0.347096 0.933693 0.087986
vn 0.546558 0.759037 0.353746
vn -0.188491 0.981757 -0.024966
vn 0.796888 0.503028 -0.334564
vn 0.235921 0.920023 0.312888
vn 0.051923 0.988639 -0.141058
vn 0.909999 0.401597 -0.103060
vn 0.436999 0.891388 0.120244
vn -0.003165 0.862017 -0.506870
vn -0.043674 0.556846 -0.829467
vn -0.373356 0.905053 -0.203675
vn -0.768060 0.078521 0.635545
vn 0.287124 0.705240 0.648226
vn -0.647992 0.437573 0.623407
vn 0.422846 -0.233145 0.875697
vn -0.762192 0.150045 -0.629722
vn 0.446163 0.867727 0.219064
vn -0.620120 0.374972 0.689092
vn -0.556492 0.069074 0.827977
vn 0.629489 0.578982 0.518193
vn -0.664135 0.661156 -0.348995
vn 0.657914 0.674307 -0.335351
vn -0.664135 0.661156 -0.348995
vn -0.164469 0.887600 0.430251
vn 0.629489 0.578982 0.518193
vn 0.199480 0.385754 -0.900778
vn 0.398107 -0.131142 0.907917
vn 0.199480 0.385754 -0.900778
vn -0.007874 0.952088 -0.305724
vn 0.318903 -0.042971 -0.946813
vn 0.935997 -0.284270 -0.207604
vn -0.223293 0.970917 -0.086372
vn 0.312667 0.359139 -0.879351
vn -0.070945 0.997247 -0.021557
vn -0.659638 -0.685520 -0.308123
vn -0.453906 -0.736274 -0.501867
vn -0.584616 -0.370955 -0.721538
vn 0.752210 -0.329048 0.570884
vn 0.095679 0.973965 -0.205517
vn 0.042534 0.995205 0.088077
vn 0.214843 0.976625 0.006813
vn -0.027606 -0.359328 0.932803
vn 0.510893 0.242016 -0.824874
vn -0.034498 0.024102 0.999114
vn 0.651233 -0.193729 -0.733733
vn 0.822703 -0.206846 0.529504
vn -0.131202 0.428972 0.893739
vn 0.954527 -0.291968 -0.060270
vn 0.619229 -0.771808 -0.144453
vn 0.218448 0.973350 -0.069790
vn -0.092033 -0.995693 -0.011206
vn -0.739706 -0.672532 0.023165
vn -0.303937 -0.904151 0.300221
vn 0.013583 0.996615 -0.081084
vn 0.012392 0.954035 -0.299440
vn 0.385970 0.916314 -0.106754
vn 0.100770 0.956827 -0.272631
vn 0.218448 0.973350 -0.069790
vn 0.385970 0.916314 -0.106754
vn 0.200674 0.972608 -0.117316
vn 0.919712 -0.373387 0.121292
vn 0.752729 0.361943 -0.549905
vn 0.677508 -0.075255 -0.731655
vn 0.395013 -0.758425 0.518417
vn 0.089371 -0.901266 0.423950
vn 0.661936 0.490402 -0.566875
vn 0.346381 0.936896 0.047393
vn -0.387858 -0.912906 -0.127154
vn -0.474517 -0.791089 0.386021
vn -0.230088 -0.957963 -0.171366
vn -0.883654 -0.069062 0.463018
vn 0.100770 0.956827 -0.272631
vn 0.422092 -0.759039 -0.495679
vn 0.592244 0.190223 -0.782983
vn 0.442667 -0.664176 -0.602426
vn -0.647992 0.437573 0.623407
vn 0.315039 0.571107 0.758015
vn 0.369287 0.797965 -0.476317
vn 0.358341 -0.293436 0.886277
vn 0.804031 -0.567103 -0.178685
vn 0.665187 0.727099 -0.169863
vn 0.453773 0.582147 0.674681
vn 0.742330 -0.651383 0.156990
vn -0.014043 0.996143 -0.086615
vn 0.154733 0.981765 0.110435
vn -0.768060 0.078521 0.635545
vn 0.312667 0.359139 -0.879351
vn -0.622609 0.578416 -0.527061
vn 0.311083 0.226080 0.923101
vn 0.616596 0.741108 -0.265648
vn -0.077614 -0.914827 0.396317
vn 0.214725 -0.868034 -0.447672
vn 0.893589 -0.182772 -0.409991
vn -0.794355 0.402535 -0.454934
vn -0.003165 0.862017 -0.506870
vn -0.190623 -0.276927 -0.941793
vn 0.010548 -0.014150 0.999844
vn -0.864427 0.480658 -0.147424
vn 0.200674 0.972608 -0.117316
vn 0.013583 0.996615 -0.081084
vn -0.077614 -0.914827 0.396317
vn 0.438644 -0.898415 0.021027
vn 0.474841 0.717220 -0.510020
vn 0.233870 0.971886 -0.027244
vn 0.012392 0.954035 -0.299440
vn -0.010934 0.975203 -0.221041
vn -0.037734 0.989798 -0.137391
vn 0.012392 0.954035 -0.299440
vn 0.438644 -0.898415 0.021027
vn 0.961994 0.031036 0.271301
vn -0.328916 -0.545462 0.770899
vn 0.966687 0.129681 -0.220678
vn 0.598025 -0.793856 -0.110268
vn -0.847206 -0.319324 0.424587
vn -0.546072 -0.606842 -0.577536
vn -0.010934 0.975203 -0.221041
vn 0.642424 -0.385794 -0.662159
vn 0.346381 0.936896 0.047393
vn 0.233870 0.971886 -0.027244
vn 0.631715 -0.369580 -0.681430
vn 0.249696 -0.514806 0.820138
vn -0.303937 -0.904151 0.300221
vn 0.867869 0.458431 -0.191426
vn -0.011502 0.734623 -0.678378
vn 0.782672 0.592665 -0.190193
vn -0.461816 0.874373 0.148988
vn -0.511089 0.857356 0.061065
vn -0.573321 0.805096 0.152066
vn 0.012907 0.749848 -0.661485
vn -0.664135 0.661156 -0.348995
vn 0.383421 0.438602 -0.812783
vn 0.862779 0.491832 -0.117105
vn 0.305820 0.657000 0.689076
vn -0.188491 0.981757 -0.024966
vn 0.657914 0.674307 -0.335351
vn 0.624700 0.777422 0.073251
vn 0.709919 0.604994 -0.360552
vn -0.870191 -0.404432 0.281431
vn 0.790664 0.454727 0.409967
vn 0.564180 0.671972 0.479745
vn 0.353129 0.735565 0.578138
vn 0.409688 0.333176 0.849205
vn -0.587491 -0.346510 0.731290
vn -0.856985 -0.401834 -0.322654
vn -0.328916 -0.545462 0.770899
vn -0.826063 -0.010616 -0.563477
vn -0.546072 -0.606842 -0.577536
vn -0.713352 -0.596653 -0.367607
vn -0.659638 -0.685520 -0.308123
vn -0.025556 -0.244520 -0.969307
vn -0.169238 -0.846649 -0.504524
vn -0.094293 0.468879 -0.878215
vn -0.051642 -0.586065 -0.808616
vn -0.006411 0.730141 0.683267
vn -0.314641 0.914041 -0.255989
vn 0.090755 0.557138 -0.825445
vn -0.203182 0.732103 -0.650187
vn -0.365793 -0.091907 -0.926147
vn -0.303937 -0.904151 0.300221
vn 0.815446 0.237717 -0.527768
vn 0.842541 -0.180690 0.507421
vn 0.464892 0.346769 0.814633
vn 0.186532 0.840140 0.509284
vn 0.719189 -0.502220 0.480149
vn 0.624219 0.735252 0.264112
vn 0.668195 0.098021 0.737501
vn 0.624219 0.735252 0.264112
vn 0.561947 0.590711 0.579031
vn -0.559705 0.751953 -0.348277
vn -0.706076 -0.142748 -0.693599
vn 0.579853 0.561326 0.590494
vn 0.310297 0.657485 0.686608
vn 0.815446 0.237717 -0.527768
vn 0.847150 0.096309 -0.522552
vn -0.647504 -0.543516 0.534162
vn -0.559129 0.286924 -0.777849
vn -0.325873 -0.261741 -0.908459
vn -0.840342 -0.123365 0.527832
vn -0.683876 -0.001576 0.729596
vn 0.631752 0.738932 -0.234242
vn -0.967758 -0.155318 0.198294
vn 0.464892 0.346769 0.814633
vn 0.739149 0.384442 0.553049
vn -0.978184 -0.074479 0.193929
vn 0.375757 -0.172219 -0.910575
vn 0.186532 0.840140 0.509284
vn 0.817674 0.510235 -0.266589
vn -0.788349 0.365992 -0.494526
vn -0.140505 -0.853089 0.502491
vn 0.842541 -0.180690 0.507421
vn -0.715873 -0.053486 0.696179
vn -0.978184 -0.074479 0.193929
vn 0.963551 0.011979 -0.267256
vn 0.847150 0.096309 -0.522552
vn 0.874354 -0.159440 -0.458349
vn -0.453906 -0.736274 -0.501867
vn 0.154733 0.981765 0.110435
vn 0.742330 -0.651383 0.156990
vn 0.785202 -0.054880 0.616803
vn 0.992484 -0.022554 -0.120282
vn -0.704727 -0.387001 -0.594635
vn 0.254009 0.878974 -0.403589
vn 0.636490 0.751546 -0.173376
vn 0.922284 0.207706 0.325961
vn 0.254009 0.878974 -0.403589
vn 0.554599 0.581545 -0.595168
vn 0.785202 -0.054880 0.616803
vn 0.997501 0.069356 -0.013433
vn 0.238865 -0.205941 -0.948964
vn -0.967758 -0.155318 0.198294
vn -0.014043 0.996143 -0.086615
vn 0.100136 0.993774 -0.048854
vn 0.367233 0.930075 -0.010082
vn 0.094257 0.970129 -0.223531
vn 0.659247 0.422953 0.621695
vn -0.324351 -0.526787 -0.785679
vn 0.758289 -0.651390 -0.026243
vn 0.759834 -0.648101 0.051158
vn 0.804031 -0.567103 -0.178685
vn 0.442667 -0.664176 -0.602426
vn 0.395013 -0.758425 0.518417
vn 0.402720 -0.915040 -0.022748
vn 0.023223 -0.704880 -0.708946
vn 0.895458 -0.445136 0.003110
vn -0.699859 0.612326 -0.367769
vn 0.457325 -0.247252 -0.854237
vn 0.370462 0.434959 0.820712
vn -0.304073 0.318200 0.897936
vn 0.612504 0.473670 0.632832
vn -0.098608 -0.094552 0.990624
vn 0.303923 0.148925 0.940985
vn -0.453823 -0.770232 -0.448093
vn 0.259105 -0.953000 0.157017
vn -0.471394 -0.604440 0.642215
vn 0.554599 0.581545 -0.595168
vn 0.125184 -0.978059 -0.166524
vn 0.089371 -0.901266 0.423950
vn 0.777791 0.608941 0.155666
vn 0.767881 0.528426 -0.362111
vn -0.975330 0.023487 0.219497
vn -0.655435 0.055441 -0.753214
vn -0.982018 0.057609 -0.179783
vn -0.879725 -0.186091 0.437555
vn -0.426301 0.609348 -0.668553
vn -0.672618 0.698452 0.244437
vn -0.474517 -0.791089 0.386021
vn -0.554717 -0.823825 0.116626
vn -0.521946 -0.342849 -0.781042
vn 0.094257 0.970129 -0.223531
vn 0.367233 0.930075 -0.010082
vn 0.100136 0.993774 -0.048854
vn 0.531610 -0.667414 -0.521488
vn 0.046604 0.998285 0.035432
vn 0.450804 -0.033483 0.891995
vn 0.358632 -0.228332 0.905123
vn -0.956013 0.182164 0.229902
vn -0.940758 0.244941 0.234474
vn -0.769653 0.325670 0.549157
vn -0.864840 0.394160 -0.310950
vn -0.454935 0.032054 0.889947
vn -0.717712 0.260414 -0.645813
vn -0.362998 0.709467 -0.604060
vn -0.436495 0.060522 0.897669
vn 0.009055 0.500070 -0.865938
vn -0.051845 0.345298 -0.937060
vn -0.143858 -0.822157 0.550784
vn 0.023223 -0.704880 -0.708946
vn -0.613557 -0.325214 -0.719572
vn -0.070945 0.997247 -0.021557
vn -0.519879 -0.404079 0.752626
vn 0.690581 -0.603979 0.397878
vn -0.027606 -0.359328 0.932803
vn -0.468237 0.509704 0.721773
vn -0.925686 -0.373379 -0.060777
vn -0.950313 -0.273609 -0.148469
vn -0.034498 0.024102 0.999114
vn 0.048828 -0.205885 -0.977357
vn 0.164111 -0.465455 -0.869724
vn 0.025877 -0.576664 -0.816571
vn -0.457041 0.832015 0.314428
vn -0.537429 0.107919 0.836375
vn 0.214843 0.976625 0.006813
vn 0.940419 0.199042 -0.275670
vn 0.768050 0.333749 0.546545
vn 0.034942 0.995422 -0.088961
vn 0.095679 0.973965 -0.205517
vn 0.042534 0.995205 0.088077
vn -0.070945 0.997247 -0.021557
vn 0.257024 0.544878 0.798152
vn 0.197260 0.437787 -0.877172
vn -0.087708 -0.776706 -0.623727
vn -0.654299 0.685930 0.318423
vn -0.036395 0.635428 -0.771302
vn 0.010548 -0.014150 0.999844
vn -0.540043 0.575202 -0.614407
vn 0.089371 -0.901266 0.423950
vn 0.351381 0.293007 0.889201
vn -0.349221 0.850543 -0.393219
vn -0.979510 -0.147418 0.137218
vn 0.046604 0.998285 0.035432
vn -0.999736 0.022856 0.002477
vn -0.735217 0.667784 0.116275
vn -0.006411 0.730141 0.683267
vn 0.872275 -0.335348 0.355918
vn 0.470989 0.583824 0.661301
vn 0.704785 0.648692 -0.287189
vn -0.812992 -0.564263 -0.143708
vn -0.833422 -0.387971 0.393555
vn -0.098608 -0.094552 0.990624
vn 0.901173 0.342987 0.265041
vn -0.148238 -0.005290 0.988938
vn 0.984761 0.127807 0.117948
vn -0.087708 -0.776706 -0.623727
vn 0.214725 -0.868034 -0.447672
vn 0.900600 0.287346 0.326117
vn 0.949869 0.154646 -0.271724
vn -0.131202 0.428972 0.893739
vn 0.442931 -0.019814 0.896337
vn -0.739706 -0.672532 0.023165
vn 0.423253 -0.117840 0.898315
vn -0.740040 -0.517817 -0.429193
vn -0.148238 -0.005290 0.988938
vn -0.388126 0.081126 0.918029
vn 0.719189 -0.502220 0.480149
vn 0.761519 0.582904 0.283394
vn -0.143858 -0.822157 0.550784
vn -0.554717 -0.823825 0.116626
vn -0.040523 -0.993606 -0.105382
vn 0.698117 0.604839 0.383149
vn -0.352334 -0.245972 -0.902972
vn -0.851383 -0.160149 0.499499
vn 0.759834 -0.648101 0.051158
vn 0.779663 -0.295971 0.551839
vn -0.565110 0.696103 0.442821
vn -0.353629 0.744035 0.566885
vn 0.005349 0.803028 0.595917
vn 0.004198 0.519060 0.854728
vn 0.119836 0.992614 -0.018895
vn -0.682724 -0.690002 -0.240386
vn -0.923565 0.331641 -0.192462
vn -0.444645 -0.693872 -0.566421
vn 0.496089 0.866298 0.058516
vn 0.607545 0.788985 0.091603
vn 0.726619 -0.606602 0.322581
vn 0.656881 0.709332 0.255649
vn 0.670229 -0.498469 -0.549838
vn 0.374269 -0.377809 -0.846867
vn 0.358216 0.878481 -0.316152
vn 0.377230 -0.182450 -0.907970
vn 0.442147 0.896891 -0.009600
vn 0.435204 -0.698709 -0.567806
vn -0.779508 0.481874 0.400205
vn -0.605266 0.480356 0.634753
vn 0.003143 0.759331 -0.650697
vn -0.003457 0.763064 -0.646313
vn -0.325621 0.878222 -0.350282
vn -0.414444 0.662688 -0.623764
vn 0.370462 0.434959 0.820712
vn 0.883272 0.464722 -0.062163
vn 0.611136 0.731281 -0.302888
vn 0.708729 0.704081 0.044417
vn 0.709919 0.604994 -0.360552
vn 0.611973 0.745816 -0.263150
vn 0.419726 0.658108 -0.625080
vn 0.624700 0.777422 0.073251
vn 0.962799 -0.264700 -0.054340
vn 0.457325 -0.247252 -0.854237
vn -0.877009 0.479797 -0.025513
vn -0.696617 0.709865 0.103996
vn -0.732215 -0.598592 0.324883
vn -0.004919 -0.687218 -0.726434
vn -0.486360 0.871691 0.060065
vn -0.677393 -0.491067 -0.547714
vn 0.621676 0.432759 0.652870
vn 0.674344 -0.697454 -0.242525
vn 0.202685 0.964962 -0.166635
vn -0.832618 0.086109 0.547112
vn 0.119836 0.992614 -0.018895
vn 0.863514 -0.413608 0.288570
vn -0.618983 0.738344 0.267785
vn -0.701818 0.710793 0.047164
vn -0.370071 0.553217 -0.746324
vn 0.087040 0.486115 -0.869550
vn -0.382076 -0.178278 -0.906772
vn 0.524262 0.769589 0.364530
vn -0.721566 -0.494735 0.484334
vn -0.192600 0.967133 -0.166008
vn -0.432299 0.901693 -0.008219
vn 0.004873 0.963978 -0.265938
vn -0.349544 0.882368 -0.315034
vn -0.010308 -0.979924 -0.199104
vn -0.370071 0.553217 -0.746324
vn 0.651948 0.706564 -0.275194
vn -0.600565 0.795814 0.077470
vn -0.659745 0.665269 -0.349505
vn 0.087040 0.486115 -0.869550
vn -0.381066 -0.373660 -0.845676
vn -0.645015 0.713686 -0.273146
vn 0.346128 0.929189 0.129629
vn 0.372876 0.438214 0.817883
vn -0.001790 -0.586182 0.810178
vn -0.363097 0.438889 0.821911
vn 0.700014 0.569057 -0.431457
vn 0.683938 0.712177 0.158217
vn 0.334019 0.866339 -0.371334
vn 0.314768 0.842242 -0.437663
vn 0.616786 0.076667 0.783388
vn 0.107214 0.124275 -0.986439
vn -0.867089 -0.404106 0.291300
vn -0.613433 0.083422 0.785329
vn -0.336521 0.850955 -0.403273
vn -0.009119 0.972492 -0.232756
vn -0.514628 0.775293 0.366168
vn -0.554072 0.596234 0.580955
vn -0.721566 -0.494735 0.484334
vn 0.004011 0.482719 0.875766
vn -0.001790 -0.586182 0.810178
vn -0.574617 0.773202 -0.268281
vn -0.365472 0.442202 0.819077
vn -0.718411 0.582798 -0.379778
vn -0.363097 0.438889 0.821911
vn -0.600313 0.758256 -0.254307
vn 0.004879 0.964446 -0.264234
vn -0.965814 -0.254109 -0.051299
vn -0.648243 0.716497 0.257707
vn 0.297141 -0.446987 -0.843747
vn -0.812561 -0.564697 -0.144439
vn 0.853148 0.498429 -0.153971
vn -0.987742 0.072641 -0.138166
vn -0.001186 0.070488 -0.997512
vn -0.598553 0.795607 0.093506
vn 0.045708 -0.991394 -0.122670
vn 0.146523 -0.987224 -0.062603
vn -0.099248 -0.995053 0.004484
vn 0.989690 0.112985 0.088020
vn 0.046104 -0.953572 0.297615
vn -0.957957 -0.194322 -0.211088
vn -0.900986 -0.415584 -0.124554
vn -0.731182 0.464141 -0.499945
vn 0.130176 -0.943092 -0.305993
vn 0.070203 0.990229 0.120486
vn -0.403324 0.337640 0.850488
vn -0.600565 0.795814 0.077470
vn -0.659745 0.665269 -0.349505
vn -0.635699 0.303328 -0.709844
vn -0.362891 0.922034 0.134776
vn -0.618983 0.738344 0.267785
vn -0.755569 0.589279 0.286122
vn -0.021112 0.965015 0.261342
vn -0.614824 0.439549 0.654820
vn -0.923565 0.331641 -0.192462
vn 0.400225 0.033028 -0.915822
vn 0.554554 0.830756 -0.048111
vn 0.309255 -0.455099 -0.835013
vn -0.802394 0.551346 -0.228433
vn -0.278153 0.842628 -0.461095
vn -0.126994 0.337815 0.932606
vn -0.941236 -0.274071 0.197383
vn -0.232305 0.656884 0.717313
vn 0.133636 0.336384 0.932195
vn 0.090224 -0.485467 0.869587
vn 0.423145 -0.095914 -0.900971
vn 0.323271 -0.108982 0.940010
vn 0.358169 0.371252 -0.856672
vn -0.341465 0.581536 -0.738388
vn 0.293725 0.749602 0.593146
vn -0.919945 0.035502 0.390437
vn -0.956280 -0.138747 0.257447
vn -0.565337 0.822403 0.063623
vn -0.835348 0.549424 0.018083
vn -0.416657 -0.171980 0.892648
vn -0.528510 0.557572 0.640149
vn 0.938788 -0.284394 0.194416
vn -0.686318 -0.569531 0.452330
vn -0.607317 -0.363069 0.706645
vn -0.959043 -0.281252 -0.033667
vn 0.309255 -0.455099 -0.835013
vn -0.606571 0.394276 0.690375
vn -0.432800 -0.892361 -0.127972
vn 0.960185 -0.273814 0.055423
vn -0.812561 -0.564697 -0.144439
vn 0.483942 0.549662 -0.680935
vn -0.941236 -0.274071 0.197383
vn -0.480023 0.554955 -0.679414
vn -0.956280 -0.138747 0.257447
vn 0.405483 -0.027599 0.913686
vn -0.283604 0.752772 0.594056
vn 0.336681 0.147597 -0.929979
vn 0.345499 0.577764 -0.739472
vn -0.337975 0.151299 -0.928914
vn -0.427015 -0.091245 -0.899629
vn -0.402876 -0.023161 0.914962
vn 0.195548 -0.234939 0.952137
vn 0.591088 0.762959 0.261743
vn -0.273137 0.876137 -0.397215
vn -0.195108 -0.232792 0.952754
vn 0.241766 0.654281 0.716565
vn -0.356774 0.375176 -0.855544
vn 0.285933 0.839532 -0.461984
vn -0.321479 -0.105440 0.941028
vn -0.111655 -0.272554 -0.955640
vn 0.805196 0.581697 -0.115278
vn 0.603068 0.747116 -0.279512
vn -0.994453 -0.104896 -0.007703
vn 0.307429 0.188613 -0.932691
vn -0.154907 -0.103218 -0.982522
vn -0.565337 0.822403 0.063623
vn 0.297141 -0.446987 -0.843747
vn -0.987742 0.072641 -0.138166
vn 0.413263 -0.447611 -0.793006
vn -0.919945 0.035502 0.390437
vn -0.581844 0.769398 0.263598
vn 0.152446 -0.587556 0.794694
vn -0.687582 0.494256 0.531923
vn -0.835348 0.549424 0.018083
vn -0.566499 -0.515647 0.642796
vn 0.955507 -0.149244 0.254428
vn 0.955507 -0.149244 0.254428
vn 0.938788 -0.284394 0.194416
vn -0.095131 0.639977 0.762482
vn 0.805196 0.581697 -0.115278
vn -0.273137 0.876137 -0.397215
vn 0.388843 -0.205575 0.898075
vn -0.304360 -0.754551 0.581393
vn 0.006132 0.158251 0.987380
vn -0.666065 -0.745889 -0.002844
vn 0.921508 0.025391 0.387528
vn 0.921508 0.025391 0.387528
vn -0.432800 -0.892361 -0.127972
vn -0.691058 -0.431159 0.580121
vn -0.994453 -0.104896 -0.007703
vn 0.603068 0.747116 -0.279512
vn -0.308150 -0.951338 -0.000714
vn -0.802394 0.551346 -0.228433
vn -0.308150 -0.951338 -0.000714
vn 0.853148 0.498429 -0.153971
vn 0.886573 -0.454409 -0.086613
vn -0.054699 -0.931413 -0.359830
vn 0.082239 -0.463726 -0.882154
vn -0.882042 0.193174 0.429750
vn -0.666065 -0.745889 -0.002844
vn 0.999080 -0.042891 0.000334
vn -0.946544 -0.111867 0.302557
vn -0.119823 0.353361 0.927782
vn 0.009615 0.984740 0.173768
vn -0.879536 -0.442893 -0.173961
vn -0.900157 0.327076 0.287644
vn -0.771905 0.634610 0.037842
vn -0.604089 -0.194850 0.772729
vn 0.236281 -0.651607 0.720819
vn -0.335733 -0.573481 0.747264
vn 0.040154 0.890897 0.452427
vn -0.112757 -0.752469 0.648904
vn -0.153546 -0.985699 0.069442
vn -0.775775 -0.048962 0.629107
vn -0.472460 0.759688 -0.446829
vn 0.999080 -0.042891 0.000334
vn -0.902034 0.343354 0.261616
vn -0.097563 0.975826 0.195563
vn 0.167549 0.364739 0.915911
vn 0.590573 0.447136 0.671784
vn 0.033532 -0.769157 0.638179
vn -0.105467 0.831797 0.544968
vn -0.696473 0.697408 0.168961
vn -0.052587 -0.871836 0.486966
vn -0.596948 -0.163670 0.785407
vn -0.715616 0.180502 0.674769
vn 0.788243 -0.253594 0.560682
vn -0.006641 0.861681 0.507407
vn -0.051831 0.550183 0.833434
vn 0.097734 0.988737 0.113347
vn -0.231587 -0.968800 0.088280
vn -0.347066 -0.749075 0.564298
vn -0.218699 -0.031446 0.975285
vn -0.329537 -0.887428 0.322298
vn -0.080645 0.978622 0.189197
vn -0.121417 0.974752 0.187392
vn 0.253162 0.300143 -0.919686
vn 0.554554 0.830756 -0.048111
vn 0.960185 -0.273814 0.055423
vn 0.230844 -0.951565 0.203062
vn 0.113711 -0.277749 -0.953900
vn 0.308422 -0.500837 0.808726
vn 0.038736 0.298409 -0.953652
vn -0.054699 -0.931413 -0.359830
vn 0.886573 -0.454409 -0.086613
vn 0.177499 -0.402966 -0.897838
vn -0.595927 0.802386 -0.032363
vn 0.070458 0.733401 0.676135
vn -0.987028 0.096729 -0.128138
vn -0.535233 0.393280 0.747567
vn -0.797795 -0.378997 0.468918
vn -0.064064 0.596545 0.800019
vn -0.543101 0.733106 0.409386
vn 0.709501 0.053896 0.702640
vn 0.587901 0.744869 0.315502
vn 0.118447 0.966438 -0.227963
vn -0.378438 0.819515 0.430326
vn 0.486021 0.196938 0.851469
vn 0.143828 0.880069 0.452540
vn -0.519218 -0.416278 0.746408
vn 0.590573 0.447136 0.671784
vn 0.788243 -0.253594 0.560682
vn 0.166270 0.984244 0.060141
vn -0.968846 0.178847 -0.171320
vn 0.210752 0.797621 0.565140
vn 0.136622 -0.975797 0.170749
vn -0.052587 -0.871836 0.486966
vn -0.866687 0.156194 -0.473769
vn -0.134302 -0.120948 0.983532
vn -0.687560 -0.247668 0.682584
vn -0.571353 -0.108934 0.813443
vn -0.609967 0.056108 0.790438
vn -0.670447 -0.675088 -0.307825
vn 0.033532 -0.769157 0.638179
vn -0.105467 0.831797 0.544968
vn 0.128389 -0.375594 0.917848
vn -0.054819 -0.365076 0.929362
vn -0.880205 -0.370828 0.296185
vn -0.789990 -0.249945 0.559861
vn 0.048049 -0.872069 0.487019
vn -0.442404 -0.849275 0.288116
vn 0.122197 -0.902154 0.413746
vn -0.230564 -0.363008 0.902810
vn 0.048462 -0.911052 -0.409434
vn -0.612766 0.469574 0.635624
vn -0.149789 -0.022750 -0.988456
vn 0.150709 -0.023446 -0.988300
vn 0.363277 -0.922269 -0.132100
vn -0.600542 0.793748 -0.096510
vn -0.334954 -0.755597 -0.562920
vn 0.583722 0.683335 -0.438546
vn 0.495697 0.803555 0.329521
vn -0.689119 0.724644 -0.002627
vn 0.514875 0.497275 -0.698299
vn -0.397380 -0.065298 0.915328
vn 0.718860 -0.692472 -0.061025
vn -0.525418 -0.058426 0.848836
vn -0.393344 -0.196866 0.898067
vn 0.569996 -0.111573 0.814037
vn 0.108749 0.831296 0.545088
vn 0.667638 -0.678182 -0.307130
vn 0.257913 -0.298815 0.918798
vn -0.696473 0.697408 0.168961
vn -0.670447 -0.675088 -0.307825
vn -0.880205 -0.370828 0.296185
vn 0.433463 0.247392 -0.866549
vn 0.009826 -0.879680 -0.475464
vn -0.132356 0.986539 0.096030
vn -0.576488 -0.416923 -0.702735
vn -0.216859 0.039483 0.975404
vn 0.727819 0.331388 -0.600384
vn 0.693128 -0.451788 -0.561659
vn 0.685698 -0.250844 0.683298
vn -0.589190 0.449865 0.671176
vn -0.005864 0.959838 0.280492
vn -0.091436 0.236964 -0.967206
vn -0.492318 0.805839 0.329009
vn -0.721990 -0.689141 -0.061774
vn 0.685196 0.414309 0.599044
vn -0.052249 -0.910821 -0.409482
vn -0.738743 -0.239404 -0.630035
vn -0.638904 -0.757524 0.134011
vn 0.702577 -0.707731 -0.074179
vn 0.635255 -0.760470 0.134674
vn 0.614269 0.466737 0.636263
vn -0.580095 0.686039 -0.439136
vn -0.694626 -0.448578 -0.562381
vn -0.013401 -0.879626 -0.475478
vn 0.987598 0.092163 -0.127110
vn -0.672279 -0.145738 0.725811
vn 0.996846 -0.044643 0.065613
vn 0.692463 0.721450 -0.001909
vn -0.725654 0.334749 -0.601141
vn 0.878172 -0.374893 0.297101
vn 0.216026 0.038481 0.975629
vn -0.057716 0.224470 0.972770
vn -0.540499 -0.128107 0.831534
vn 0.093537 0.236536 -0.967110
vn -0.820290 0.433702 0.372864
vn -0.409653 0.462963 0.786034
vn -0.860130 -0.400340 0.316077
vn 0.624305 0.320549 -0.712384
vn -0.511843 0.499652 -0.698831
vn -0.260247 -0.297617 0.918529
vn -0.337027 -0.533587 0.775692
vn -0.705731 -0.704511 -0.074883
vn 0.227944 -0.364068 0.903048
vn -0.987028 0.096729 -0.128138
vn -0.622075 0.323431 -0.713032
vn 0.857672 0.325129 -0.398359
vn -0.022346 0.548646 -0.835756
vn 0.010022 0.959814 0.280460
vn 0.025753 0.548535 -0.835731
vn -0.997109 -0.040034 0.064575
vn -0.855744 0.329091 -0.399250
vn 0.396120 -0.067133 0.915741
vn 0.699514 0.694180 0.169688
vn 0.575284 -0.419586 -0.702137
vn -0.589190 0.449865 0.671176
vn 0.878172 -0.374893 0.297101
vn 0.108749 0.831296 0.545088
vn 0.667638 -0.678182 -0.307130
vn 0.987598 0.092163 -0.127110
vn 0.699514 0.694180 0.169688
vn 0.595368 -0.166426 0.786027
vn -0.789990 -0.249945 0.559861
vn 0.738319 -0.242785 -0.629239
vn 0.857982 -0.404269 0.316913
vn 0.332068 -0.757107 -0.562600
vn 0.670864 -0.148842 0.726490
vn 0.057741 0.224203 0.972831
vn 0.410971 0.461066 0.786461
vn 0.391495 -0.198680 0.898475
vn 0.524259 -0.060853 0.849382
vn 0.821903 0.429869 0.373749
vn 0.539035 -0.130604 0.832096
vn 0.540000 0.833699 -0.115525
vn 0.394064 -0.897582 0.197634
vn -0.030441 -0.982234 -0.185172
vn 0.102048 -0.994779 0.000339
vn 0.096084 -0.942638 -0.319689
vn 0.399203 0.804444 -0.439895
vn 0.050344 -0.968168 -0.245186
vn 0.217930 -0.670695 -0.708996
vn 0.511600 0.470629 0.718870
vn 0.164300 0.812710 -0.559025
vn -0.037752 -0.768993 0.638142
vn 0.333749 -0.535138 0.776041
vn 0.604365 0.790930 -0.095772
vn 0.449905 -0.698038 -0.557071
vn 0.048049 -0.872069 0.487019
vn 0.715740 0.177193 0.675514
vn -0.037752 -0.768993 0.638142
vn 0.609397 0.053290 0.791072
vn -0.431411 0.249395 -0.866998
vn 0.136815 0.985917 0.096171
vn -0.683896 0.417474 0.598333
vn -0.367400 -0.920579 -0.132480
vn 0.438173 -0.851310 0.288575
vn -0.126798 -0.901578 0.413617
vt 0.774026 0.428429
vt 0.782657 0.408081
vt 0.808297 0.416290
vt 0.738995 0.377191
vt 0.396897 0.225150
vt 0.431773 0.227649
vt 0.733163 0.399017
vt 0.009401 0.538578
vt 0.037952 0.541328
vt 0.022376 0.550084
vt 0.062156 0.559414
vt 0.089571 0.633784
vt 0.404149 0.243462
vt 0.732187 0.376221
vt 0.047379 0.577635
vt 0.763036 0.259550
vt 0.723684 0.392862
vt 0.798259 0.444633
vt 0.019107 0.525504
vt 0.746842 0.273233
vt 0.803778 0.127856
vt 0.785220 0.009354
vt 0.803198 0.091176
vt 0.779513 0.068300
vt 0.780074 0.057338
vt 0.782867 0.029417
vt 0.845461 0.096953
vt 0.698802 0.046697
vt 0.656186 0.047725
vt 0.839046 0.127132
vt 0.657275 0.081222
vt 0.834903 0.113390
vt 0.600442 0.052601
vt 0.572196 0.201019
vt 0.574096 0.059239
vt 0.583777 0.131831
vt 0.588001 0.209396
vt 0.556031 0.195844
vt 0.785873 0.068804
vt 0.790882 0.029373
vt 0.802972 0.108454
vt 0.809008 0.033983
vt 0.780051 0.150980
vt 0.786091 0.150178
vt 0.739335 0.191352
vt 0.781317 0.129575
vt 0.731096 0.122884
vt 0.777624 0.086895
vt 0.873665 0.117529
vt 0.776268 0.105468
vt 0.660095 0.171392
vt 0.783358 0.088617
vt 0.661396 0.156503
vt 0.782587 0.107091
vt 0.634645 0.157277
vt 0.775745 0.129935
vt 0.805772 0.146097
vt 0.803440 0.073033
vt 0.792833 0.011618
vt 0.856847 0.126184
vt 0.555023 0.128686
vt 0.599533 0.073689
vt 0.566283 0.072085
vt 0.605588 0.219235
vt 0.600677 0.143669
vt 0.198862 0.547042
vt 0.152230 0.625742
vt 0.183727 0.538231
vt 0.142838 0.589236
vt 0.813629 0.390657
vt 0.175116 0.585848
vt 0.788015 0.386751
vt 0.133513 0.642991
vt 0.168676 0.555149
vt 0.187413 0.563846
vt 0.719131 0.419729
vt 0.788833 0.363031
vt 0.069565 0.606559
vt 0.727504 0.496438
vt 0.137157 0.625016
vt 0.757603 0.456536
vt 0.142267 0.651139
vt 0.780805 0.474423
vt 0.813268 0.361034
vt 0.714365 0.477124
vt 0.717819 0.195949
vt 0.709636 0.130400
vt 0.614324 0.078749
vt 0.634299 0.045847
vt 0.394131 0.269633
vt 0.380426 0.244086
vt 0.283570 0.217427
vt 0.277189 0.206481
vt 0.775283 0.059239
vt 0.775335 0.046969
vt 0.370777 0.466516
vt 0.277810 0.481327
vt 0.366135 0.432049
vt 0.370899 0.456446
vt 0.098206 0.444739
vt 0.207607 0.451389
vt 0.211598 0.476625
vt 0.143247 0.448342
vt 0.696639 0.068406
vt 0.683610 0.048562
vt 0.682289 0.073252
vt 0.683805 0.149279
vt 0.310472 0.205190
vt 0.387028 0.270358
vt 0.758190 0.128686
vt 0.759197 0.195844
vt 0.097335 0.484070
vt 0.769449 0.072085
vt 0.216346 0.494756
vt 0.145808 0.489679
vt 0.055870 0.479918
vt 0.006226 0.470583
vt 0.098374 0.470191
vt 0.326920 0.437189
vt 0.277993 0.470344
vt 0.270193 0.443284
vt 0.617003 0.047417
vt 0.633741 0.082475
vt 0.689056 0.210018
vt 0.388235 0.239797
vt 0.308210 0.192823
vt 0.330425 0.473730
vt 0.330062 0.462285
vt 0.010770 0.458220
vt 0.143896 0.473410
vt 0.395894 0.168198
vt 0.432543 0.171527
vt 0.786521 0.340329
vt 0.808471 0.335624
vt 0.513183 0.372705
vt 0.496247 0.375222
vt 0.467603 0.383542
vt 0.481083 0.395360
vt 0.477897 0.415800
vt 0.463327 0.397656
vt 0.481785 0.393425
vt 0.486177 0.384635
vt 0.478373 0.402869
vt 0.696543 0.433357
vt 0.549195 0.418112
vt 0.527126 0.378411
vt 0.119265 0.649391
vt 0.103357 0.632351
vt 0.118679 0.630100
vt 0.775297 0.298495
vt 0.116331 0.595240
vt 0.122884 0.662954
vt 0.398921 0.152382
vt 0.097416 0.571507
vt 0.790657 0.287583
vt 0.090772 0.593918
vt 0.112136 0.578034
vt 0.422387 0.143615
vt 0.460395 0.377995
vt 0.395894 0.188250
vt 0.109811 0.648016
vt 0.104738 0.657294
vt 0.432504 0.200517
vt 0.311315 0.262246
vt 0.294688 0.435310
vt 0.350378 0.273054
vt 0.291996 0.381280
vt 0.296151 0.407004
vt 0.572529 0.049007
vt 0.247750 0.343715
vt 0.019505 0.426906
vt 0.025872 0.406044
vt 0.285029 0.339210
vt 0.704107 0.010820
vt 0.058805 0.441488
vt 0.595639 0.038603
vt 0.055596 0.469014
vt 0.018008 0.431810
vt 0.734287 0.049420
vt 0.116579 0.263235
vt 0.150120 0.310312
vt 0.738994 0.053464
vt 0.067058 0.389852
vt 0.265541 0.437555
vt 0.106311 0.367078
vt 0.033510 0.381022
vt 0.261956 0.293087
vt 0.207164 0.342255
vt 0.363091 0.423562
vt 0.332430 0.431561
vt 0.268434 0.313888
vt 0.282050 0.266277
vt 0.256526 0.277897
vt 0.153409 0.268926
vt 0.149766 0.293992
vt 0.714914 0.048413
vt 0.104180 0.400324
vt 0.148565 0.381542
vt 0.142455 0.444566
vt 0.202546 0.421935
vt 0.061610 0.416115
vt 0.146858 0.416595
vt 0.057007 0.435721
vt 0.210310 0.445970
vt 0.328958 0.376029
vt 0.335685 0.402768
vt 0.116843 0.301211
vt 0.110543 0.329447
vt 0.159627 0.338541
vt 0.257740 0.385082
vt 0.258641 0.414924
vt 0.204833 0.384651
vt 0.357769 0.401133
vt 0.284185 0.308266
vt 0.099905 0.424026
vt 0.351454 0.372347
vt 0.096593 0.439095
vt 0.041623 0.354442
vt 0.053233 0.316403
vt 0.070406 0.359462
vt 0.812215 0.171992
vt 0.797206 0.177615
vt 0.795575 0.181735
vt 0.785734 0.168752
vt 0.867375 0.145381
vt 0.672151 0.219146
vt 0.660295 0.147408
vt 0.817159 0.109914
vt 0.817465 0.093298
vt 0.813216 0.015417
vt 0.334368 0.291305
vt 0.340868 0.320630
vt 0.293618 0.273109
vt 0.095901 0.293421
vt 0.071003 0.258518
vt 0.679926 0.003699
vt 0.347280 0.208516
vt 0.818505 0.159747
vt 0.680679 0.142164
vt 0.635695 0.212218
vt 0.630410 0.013868
vt 0.349471 0.201917
vt 0.333608 0.267300
vt 0.367345 0.224789
vt 0.064713 0.282076
vt 0.653718 0.999540
vt 0.373055 0.218804
vt 0.615345 0.027027
vt 0.354381 0.239755
vt 0.339117 0.233097
vt 0.320147 0.238432
vt 0.367585 0.271323
vt 0.356105 0.237883
vt 0.299711 0.244505
vt 0.821230 0.143392
vt 0.325676 0.255158
vt 0.838752 0.142454
vt 0.817159 0.109914
vt 0.343177 0.253706
vt 0.340310 0.229503
vt 0.347278 0.264803
vt 0.637641 0.147636
vt 0.370428 0.271182
vt 0.717409 0.066022
vt 0.301305 0.247376
vt 0.816984 0.126619
vt 0.844648 0.019762
vt 0.333608 0.267300
vt 0.849888 0.151485
vt 0.336521 0.251498
vt 0.337567 0.259912
vt 0.818001 0.075057
vt 0.364639 0.253914
vt 0.827530 0.016275
vt 0.838016 0.164340
vt 0.337567 0.259912
vt 0.105810 0.276543
vt 0.834818 0.076258
vt 0.823643 0.037881
vt 0.327781 0.263669
vt 0.315141 0.325907
vt 0.078765 0.321625
vt 0.318385 0.234409
vt 0.827798 0.156651
vt 0.309354 0.298513
vt 0.807975 0.162921
vt 0.790193 0.166000
vt 0.842305 0.042970
vt 0.367659 0.252198
vt 0.465801 0.308371
vt 0.411131 0.374752
vt 0.435688 0.324508
vt 0.415648 0.342365
vt 0.640269 0.340745
vt 0.569968 0.395652
vt 0.564110 0.289842
vt 0.459929 0.298044
vt 0.481785 0.393425
vt 0.521245 0.291496
vt 0.451852 0.272508
vt 0.477897 0.415800
vt 0.421375 0.346755
vt 0.408853 0.293952
vt 0.520384 0.303587
vt 0.523636 0.259200
vt 0.467603 0.383542
vt 0.621350 0.299778
vt 0.544181 0.407832
vt 0.607301 0.377506
vt 0.534377 0.363089
vt 0.535288 0.391823
vt 0.534377 0.363089
vt 0.478373 0.402869
vt 0.544181 0.407832
vt 0.463327 0.397656
vt 0.568946 0.274347
vt 0.460395 0.377995
vt 0.591766 0.339616
vt 0.553313 0.372246
vt 0.535288 0.391823
vt 0.455912 0.394025
vt 0.462908 0.417107
vt 0.471817 0.369335
vt 0.445322 0.241806
vt 0.557878 0.305305
vt 0.611578 0.415543
vt 0.414788 0.422922
vt 0.527380 0.230368
vt 0.373392 0.311269
vt 0.403621 0.422697
vt 0.447229 0.389770
vt 0.553174 0.315157
vt 0.392534 0.271303
vt 0.400627 0.368289
vt 0.450125 0.418320
vt 0.431311 0.318861
vt 0.606308 0.321426
vt 0.636204 0.367604
vt 0.597783 0.333358
vt 0.659029 0.318695
vt 0.390942 0.362910
vt 0.669269 0.303391
vt 0.576294 0.414312
vt 0.625946 0.360126
vt 0.637305 0.277099
vt 0.354696 0.322716
vt 0.365894 0.341577
vt 0.345836 0.308511
vt 0.373392 0.311269
vt 0.390942 0.362910
vt 0.381077 0.369516
vt 0.399676 0.424042
vt 0.365113 0.289530
vt 0.481083 0.395360
vt 0.460796 0.355643
vt 0.365113 0.289530
vt 0.382579 0.336254
vt 0.455912 0.394025
vt 0.513183 0.372705
vt 0.549195 0.418112
vt 0.486177 0.384635
vt 0.496247 0.375222
vt 0.515233 0.356377
vt 0.479621 0.342984
vt 0.462908 0.417107
vt 0.548459 0.378341
vt 0.479621 0.342984
vt 0.489199 0.360953
vt 0.563791 0.415977
vt 0.527126 0.378411
vt 0.515637 0.344754
vt 0.563791 0.415977
vt 0.471817 0.369335
vt 0.460796 0.355643
vt 0.484049 0.352824
vt 0.625047 0.424042
vt 0.621183 0.422250
vt 0.515233 0.356377
vt 0.484049 0.352824
vt 0.466964 0.363440
vt 0.489199 0.360953
vt 0.557642 0.402373
vt 0.536447 0.353909
vt 0.450889 0.370375
vt 0.466964 0.363440
vt 0.637305 0.277099
vt 0.548459 0.378341
vt 0.557642 0.402373
vt 0.536447 0.353909
vt 0.450889 0.370375
vt 0.572771 0.243868
vt 0.651749 0.345554
vt 0.621183 0.422250
vt 0.515637 0.344754
vt 0.397933 0.326468
vt 0.382579 0.336254
vt 0.397933 0.326468
vt 0.663733 0.350788
vt 0.651749 0.345554
vt 0.647090 0.376515
vt 0.572771 0.243868
vt 0.779513 0.068300
vt 0.780051 0.150980
vt 0.786091 0.150178
vt 0.781317 0.129575
vt 0.813216 0.015417
vt 0.803198 0.091176
vt 0.785220 0.009354
vt 0.845461 0.096953
vt 0.731096 0.122884
vt 0.555023 0.128686
vt 0.739335 0.191352
vt 0.873665 0.117529
vt 0.803778 0.127856
vt 0.792833 0.011618
vt 0.785873 0.068804
vt 0.834903 0.113390
vt 0.782587 0.107091
vt 0.777624 0.086895
vt 0.661396 0.156503
vt 0.660095 0.171392
vt 0.790882 0.029373
vt 0.775745 0.129935
vt 0.698802 0.046697
vt 0.856847 0.126184
vt 0.572196 0.201019
vt 0.556031 0.195844
vt 0.782867 0.029417
vt 0.780074 0.057338
vt 0.802972 0.108454
vt 0.839046 0.127132
vt 0.657275 0.081222
vt 0.656186 0.047725
vt 0.583777 0.131831
vt 0.574096 0.059239
vt 0.599533 0.073689
vt 0.600442 0.052601
vt 0.783358 0.088617
vt 0.634645 0.157277
vt 0.090393 0.236623
vt 0.269952 0.199340
vt 0.341846 0.193910
vt 0.683610 0.048562
vt 0.684739 0.291864
vt 0.121840 0.240363
vt 0.185623 0.174793
vt 0.157907 0.208667
vt 0.385566 0.214427
vt 0.709636 0.130400
vt 0.683805 0.149279
vt 0.653237 0.261637
vt 0.705209 0.242673
vt 0.696639 0.068406
vt 0.448892 0.045364
vt 0.237323 0.177899
vt 0.207972 0.195585
vt 0.689056 0.210018
vt 0.605588 0.219235
vt 0.617003 0.047417
vt 0.717819 0.195949
vt 0.633741 0.082475
vt 0.634299 0.045847
vt 0.566283 0.072085
vt 0.614324 0.078749
vt 0.600677 0.143669
vt 0.682289 0.073252
vt 0.588001 0.209396
vt 0.817465 0.093298
vt 0.805772 0.146097
vt 0.803440 0.073033
vt 0.809008 0.033983
vt 0.302365 0.190408
vt 0.664021 0.248982
vt 0.649740 0.224067
vt 0.033099 0.248095
vt 0.633480 0.246087
vt 0.055824 0.261540
vt 0.392534 0.271303
vt 0.553174 0.315157
vt 0.527380 0.230368
vt 0.445322 0.241806
vt 0.659029 0.318695
vt 0.669269 0.303391
vt 0.597783 0.333358
vt 0.685835 0.320690
vt 0.557878 0.305305
vt 0.677727 0.330960
vt 0.421375 0.346755
vt 0.415648 0.342365
vt 0.403621 0.422697
vt 0.611578 0.415543
vt 0.576294 0.414312
vt 0.625946 0.360126
vt 0.447229 0.389770
vt 0.414788 0.422922
vt 0.411131 0.374752
vt 0.400627 0.368289
vt 0.450125 0.418320
vt 0.636204 0.367604
vt 0.776268 0.105468
vt 0.325676 0.255158
vt 0.006149 0.911869
vt 0.001670 0.926846
vt 0.013600 0.933071
vt 0.076433 0.950020
vt 0.510022 0.162420
vt 0.098392 0.215382
vt 0.511114 0.173634
vt 0.003758 0.851989
vt 0.007011 0.872959
vt 0.022003 0.947553
vt 0.004196 0.897597
vt 0.151174 0.196343
vt 0.041554 0.953526
vt 0.081871 0.940778
vt 0.449901 0.060801
vt 0.020590 0.148876
vt 0.170288 0.160808
vt 0.073230 0.143003
vt 0.041036 0.230368
vt 0.336753 0.161400
vt 0.486569 0.200571
vt 0.284354 0.164850
vt 0.352045 0.095887
vt 0.166819 0.144249
vt 0.018999 0.847391
vt 0.448281 0.213619
vt 0.403904 0.103020
vt 0.396562 0.013852
vt 0.452000 0.145389
vt 0.459221 0.172236
vt 0.274817 0.043015
vt 0.308224 0.081508
vt 0.319499 0.048919
vt 0.132976 0.094324
vt 0.165285 0.092240
vt 0.331169 0.147631
vt 0.257316 0.065631
vt 0.211838 0.064541
vt 0.695081 0.220149
vt 0.664021 0.248982
vt 0.348327 0.158209
vt 0.436121 0.015131
vt 0.085887 0.010454
vt 0.072313 0.041208
vt 0.256689 0.012364
vt 0.282266 0.152796
vt 0.418855 0.070900
vt 0.398713 0.024678
vt 0.073102 0.090211
vt 0.119818 0.009439
vt 0.151446 0.057313
vt 0.193213 0.082584
vt 0.127263 0.172759
vt 0.105781 0.135309
vt 0.231276 0.115359
vt 0.256562 0.103159
vt 0.115358 0.053016
vt 0.103861 0.109473
vt 0.132130 0.126909
vt 0.213314 0.095889
vt 0.331033 0.015891
vt 0.073491 0.111061
vt 0.421001 0.127697
vt 0.247295 0.083342
vt 0.091670 0.045619
vt 0.263587 0.137361
vt 0.374427 0.074056
vt 0.420094 0.004075
vt 0.505905 0.149052
vt 0.449610 0.109961
vt 0.431684 0.021453
vt 0.354722 0.139199
vt 0.694147 0.263051
vt 0.695081 0.220149
vt 0.686256 0.247541
vt 0.686256 0.247541
vt 0.649740 0.224067
vt 0.369312 0.121579
vt 0.520384 0.303587
vt 0.607301 0.377506
vt 0.435688 0.324508
vt 0.465801 0.308371
vt 0.408853 0.293952
vt 0.431311 0.318861
vt 0.606308 0.321426
vt 0.591766 0.339616
vt 0.621350 0.299778
vt 0.553313 0.372246
vt 0.640269 0.340745
vt 0.352045 0.095887
vt 0.569968 0.395652
vt 0.568946 0.274347
vt 0.459929 0.298044
vt 0.719714 0.251739
vt 0.521245 0.291496
vt 0.695582 0.305758
vt 0.451852 0.272508
vt 0.757507 0.209343
vt 0.564110 0.289842
vt 0.523636 0.259200
vt 0.745934 0.215163
vt 0.731175 0.234734
vt 0.169073 0.079418
vt 0.091514 0.080919
vt 0.125600 0.075405
vt 0.115489 0.066387
vt 0.071812 0.061828
vt 0.095969 0.087752
vt 0.700701 0.296629
vt 0.091013 0.062032
vt 0.071447 0.081811
vt 0.175444 0.112982
vt 0.193185 0.091622
vt 0.305131 0.104475
vt 0.021324 0.122467
vt 0.381053 0.067575
vt 0.385971 0.050510
vt 0.494544 0.058815
vt 0.419285 0.052595
vt 0.499046 0.094541
vt 0.412586 0.063719
vt 0.070347 0.167934
vt 0.048358 0.061800
vt 0.075404 0.188396
vt 0.053806 0.042832
vt 0.034330 0.163781
vt 0.059194 0.010822
vt 0.208542 0.043416
vt 0.042143 0.084719
vt 0.028607 0.099335
vt 0.225438 0.087407
vt 0.345990 0.116994
vt 0.226615 0.054824
vt 0.297886 0.128861
vt 0.185546 0.045918
vt 0.339969 0.132023
vt 0.188512 0.068094
vt 0.413818 0.021691
vt 0.046085 0.076805
vt 0.398713 0.024678
vt 0.385971 0.050510
vt 0.419285 0.052595
vt 0.213444 0.021847
vt 0.130232 0.153264
vt 0.102309 0.158768
vt 0.424633 0.033209
vt 0.491476 0.013801
vt 0.497826 0.067049
vt 0.029092 0.201765
vt 0.022433 0.189268
vt 0.036246 0.181601
vt 0.202360 0.002967
vt 0.021420 0.041666
vt 0.181039 0.030751
vt 0.036636 0.008537
vt 0.007896 0.190663
vt 0.148255 0.036834
vt 0.033815 0.053145
vt 0.018147 0.107772
vt 0.145157 0.009889
vt 0.032549 0.063559
vt 0.038136 0.138997
vt 0.022138 0.066865
vt 0.043896 0.106268
vt 0.016672 0.117304
vt 0.237323 0.177899
vt 0.007389 0.266703
vt 0.684739 0.291864
vt 0.157907 0.208667
vt 0.055824 0.261540
vt 0.302365 0.190408
vt 0.269952 0.199340
vt 0.341846 0.193910
vt 0.385566 0.214427
vt 0.550172 0.141174
vt 0.448892 0.045364
vt 0.207972 0.195585
vt 0.185623 0.174793
vt 0.033099 0.248095
vt 0.121840 0.240363
vt 0.090393 0.236623
vt 0.686779 0.510525
vt 0.674348 0.440067
vt 0.680831 0.490455
vt 0.843133 0.424211
vt 0.788876 0.213850
vt 0.672417 0.429410
vt 0.019790 0.170304
vt 0.026252 0.131021
vt 0.695081 0.220149
vt 0.694147 0.263051
vt 0.649740 0.224067
vt 0.686256 0.247541
vt 0.369312 0.121579
vt 0.354722 0.139199
vt 0.431684 0.021453
vt 0.348327 0.158209
vt 0.664021 0.248982
vt 0.695081 0.220149
vt 0.792737 0.232728
vt 0.832204 0.424495
vt 0.408753 0.141431
vt 0.793676 0.196554
vt 0.824456 0.174543
vt 0.845274 0.178193
vt 0.633480 0.246087
vt 0.705209 0.242673
vt 0.686256 0.247541
vt 0.664021 0.248982
vt 0.649740 0.224067
vt 0.653237 0.261637
vt 0.398713 0.024678
vt 0.436121 0.015131
vt 0.065595 0.879866
vt 0.005840 0.140878
vt 0.022003 0.947553
vt 0.486569 0.200571
vt 0.111887 0.926159
vt 0.003758 0.851989
vt 0.449610 0.109961
vt 0.016834 0.831106
vt 0.550172 0.216701
vt 0.007011 0.872959
vt 0.550172 0.177387
vt 0.352045 0.095887
vt 0.550172 0.162325
vt 0.550172 0.123600
vt 0.041554 0.953526
vt 0.005713 0.152819
vt 0.396562 0.013852
vt 0.004196 0.897597
vt 0.336753 0.161400
vt 0.284354 0.164850
vt 0.013600 0.933071
vt 0.006494 0.172925
vt 0.374427 0.074056
vt 0.420094 0.004075
vt 0.006149 0.911869
vt 0.001670 0.926846
vt 0.041036 0.230368
vt 0.007389 0.235499
vt 0.098392 0.215382
vt 0.151174 0.196343
vt 0.081871 0.940778
vt 0.018999 0.847391
vt 0.076433 0.950020
vt 0.007896 0.207643
vt 0.827738 0.212340
vt 0.856758 0.258133
vt 0.862823 0.194241
vt 0.803393 0.245560
vt 0.866377 0.218386
vt 0.821136 0.256388
vt 0.448281 0.213619
vt 0.449901 0.060801
vt 0.452000 0.145389
vt 0.418855 0.070900
vt 0.403904 0.103020
vt 0.505905 0.149052
vt 0.511114 0.173634
vt 0.510022 0.162420
vt 0.071447 0.081811
vt 0.091514 0.080919
vt 0.073102 0.090211
vt 0.095969 0.087752
vt 0.115358 0.053016
vt 0.119818 0.009439
vt 0.115489 0.066387
vt 0.103861 0.109473
vt 0.132976 0.094324
vt 0.308224 0.081508
vt 0.091670 0.045619
vt 0.072313 0.041208
vt 0.005542 0.033256
vt 0.282266 0.152796
vt 0.005542 0.004198
vt 0.352045 0.095887
vt 0.421001 0.127697
vt 0.331169 0.147631
vt 0.211838 0.064541
vt 0.085887 0.010454
vt 0.247295 0.083342
vt 0.257316 0.065631
vt 0.127263 0.172759
vt 0.091013 0.062032
vt 0.071812 0.061828
vt 0.073491 0.111061
vt 0.263587 0.137361
vt 0.274817 0.043015
vt 0.213314 0.095889
vt 0.256562 0.103159
vt 0.170288 0.160808
vt 0.166819 0.144249
vt 0.319499 0.048919
vt 0.331033 0.015891
vt 0.231276 0.115359
vt 0.165285 0.092240
vt 0.256689 0.012364
vt 0.125600 0.075405
vt 0.193213 0.082584
vt 0.151446 0.057313
vt 0.169073 0.079418
vt 0.073230 0.143003
vt 0.020590 0.148876
vt 0.459221 0.172236
vt 0.005542 0.065481
vt 0.021324 0.122467
vt 0.005741 0.133049
vt 0.193185 0.091622
vt 0.130232 0.153264
vt 0.102309 0.158768
vt 0.132130 0.126909
vt 0.105781 0.135309
vt 0.175444 0.112982
vt 0.225438 0.087407
vt 0.789203 0.243233
vt 0.829170 0.330331
vt 0.838312 0.325849
vt 0.804367 0.275336
vt 0.811917 0.271046
vt 0.779552 0.249793
vt 0.028607 0.099335
vt 0.005542 0.088611
vt 0.719714 0.251739
vt 0.695582 0.305758
vt 0.757507 0.209343
vt 0.838312 0.325849
vt 0.829170 0.330331
vt 0.789203 0.243233
vt 0.862823 0.194241
vt 0.788876 0.213850
vt 0.700701 0.296629
vt 0.686779 0.510525
vt 0.674348 0.440067
vt 0.745934 0.215163
vt 0.824456 0.174543
vt 0.827738 0.212340
vt 0.843133 0.424211
vt 0.792737 0.232728
vt 0.832204 0.424495
vt 0.042143 0.084719
vt 0.208542 0.043416
vt 0.213444 0.021847
vt 0.779552 0.249793
vt 0.731175 0.234734
vt 0.856758 0.258133
vt 0.821136 0.256388
vt 0.811917 0.271046
vt 0.672417 0.429410
vt 0.408753 0.141431
vt 0.680831 0.490455
vt 0.793676 0.196554
vt 0.803393 0.245560
vt 0.845274 0.178193
vt 0.866377 0.218386
vt 0.846852 0.358811
vt 0.846402 0.394826
vt 0.836291 0.394169
vt 0.740819 0.517689
vt 0.696398 0.533116
vt 0.799250 0.489934
vt 0.818216 0.461520
vt 0.829543 0.466207
vt 0.745970 0.527913
vt 0.835324 0.359332
vt 0.692073 0.423484
vt 0.706572 0.541532
vt 0.711952 0.313254
vt 0.803332 0.498247
vt 0.416376 0.255409
vt 0.051983 0.519592
vt 0.732510 0.363519
vt 0.733758 0.326803
vt 0.740819 0.517689
vt 0.184915 0.507799
vt 0.748498 0.360760
vt 0.425656 0.248009
vt 0.710104 0.411817
vt 0.134137 0.569384
vt 0.722110 0.333902
vt 0.745970 0.527913
vt 0.711952 0.313254
vt 0.706572 0.541532
vt 0.799250 0.489934
vt 0.803332 0.498247
vt 0.829543 0.466207
vt 0.835324 0.359332
vt 0.836291 0.394169
vt 0.804367 0.275336
vt 0.846402 0.394826
vt 0.147016 0.542610
vt 0.202733 0.520771
vt 0.032217 0.507799
vt 0.211803 0.534100
vt 0.692073 0.423484
vt 0.696398 0.533116
vt 0.818216 0.461520
vt 0.846852 0.358811
vt 0.165940 0.524645
vt 0.070128 0.542460
vt 0.718059 0.306502
vt 0.419285 0.052595
vt 0.046085 0.076805
vt 0.185546 0.045918
vt 0.978210 0.419625
vt 0.954091 0.501819
vt 0.982314 0.499135
vt 0.975322 0.339430
vt 0.976091 0.226648
vt 0.952589 0.340441
vt 0.949966 0.226798
vt 0.947691 0.498207
vt 0.948674 0.415588
vt 0.034330 0.163781
vt 0.385971 0.050510
vt 0.494544 0.058815
vt 0.550172 0.046584
vt 0.305131 0.104475
vt 0.413818 0.021691
vt 0.424633 0.033209
vt 0.339969 0.132023
vt 0.412586 0.063719
vt 0.032217 0.507799
vt 0.165940 0.524645
vt 0.134137 0.569384
vt 0.147016 0.542610
vt 0.021420 0.041666
vt 0.016672 0.117304
vt 0.033815 0.053145
vt 0.038136 0.138997
vt 0.036636 0.008537
vt 0.043896 0.106268
vt 0.026252 0.131021
vt 0.036246 0.181601
vt 0.075404 0.188396
vt 0.499046 0.094541
vt 0.550172 0.068954
vt 0.053806 0.042832
vt 0.550172 0.109578
vt 0.059194 0.010822
vt 0.385971 0.050510
vt 0.345990 0.116994
vt 0.297886 0.128861
vt 0.398713 0.024678
vt 0.188512 0.068094
vt 0.996216 0.539195
vt 0.943769 0.541316
vt 0.988366 0.495286
vt 0.984368 0.415448
vt 0.022433 0.189268
vt 0.497826 0.067049
vt 0.029092 0.201765
vt 0.419285 0.052595
vt 0.491476 0.013801
vt 0.718059 0.306502
vt 0.070128 0.542460
vt 0.710104 0.411817
vt 0.722110 0.333902
vt 0.202360 0.002967
vt 0.943769 0.222521
vt 0.032549 0.063559
vt 0.019790 0.170304
vt 0.070347 0.167934
vt 0.550172 0.012217
vt 0.048358 0.061800
vt 0.381053 0.067575
vt 0.226615 0.054824
vt 0.955116 0.419427
vt 0.981482 0.335111
vt 0.733758 0.326803
vt 0.184915 0.507799
vt 0.181039 0.030751
vt 0.946295 0.336446
vt 0.145157 0.009889
vt 0.022138 0.066865
vt 0.006133 0.112734
vt 0.148255 0.036834
vt 0.005542 0.103709
vt 0.006481 0.127027
vt 0.006133 0.119674
vt 0.982103 0.222071
vt 0.018147 0.107772
vt 0.989693 0.540775
vt 0.051983 0.519592
vt 0.955116 0.419427
vt 0.954091 0.501819
vt 0.958260 0.592024
vt 0.975322 0.339430
vt 0.976091 0.226648
vt 0.949966 0.226798
vt 0.950270 0.542404
vt 0.952589 0.340441
vt 0.982314 0.499135
vt 0.978210 0.419625
vt 0.639456 0.490960
vt 0.072176 0.541094
vt 0.130966 0.524823
vt 0.150869 0.522007
vt 0.981482 0.335111
vt 0.987314 0.588794
vt 0.943769 0.222521
vt 0.982103 0.222071
vt 0.087775 0.516698
vt 0.097841 0.565031
vt 0.318619 0.642950
vt 0.347636 0.599336
vt 0.266320 0.552798
vt 0.317088 0.561166
vt 0.948674 0.415588
vt 0.947691 0.498207
vt 0.265822 0.578848
vt 0.984368 0.415448
vt 0.296915 0.625123
vt 0.323940 0.601036
vt 0.237315 0.600710
vt 0.225018 0.599827
vt 0.943769 0.541316
vt 0.996216 0.539195
vt 0.268112 0.635172
vt 0.208315 0.599360
vt 0.214075 0.647334
vt 0.949966 0.226798
vt 0.976091 0.226648
vt 0.269326 0.653192
vt 0.234038 0.577031
vt 0.242204 0.585584
vt 0.975322 0.339430
vt 0.982314 0.499135
vt 0.269689 0.678312
vt 0.950270 0.542404
vt 0.958260 0.592024
vt 0.955116 0.419427
vt 0.952589 0.340441
vt 0.952589 0.340441
vt 0.949966 0.226798
vt 0.975322 0.339430
vt 0.954091 0.501819
vt 0.982314 0.499135
vt 0.978210 0.419625
vt 0.616691 0.478313
vt 0.661956 0.438030
vt 0.616691 0.443998
vt 0.946295 0.336446
vt 0.988366 0.495286
vt 0.072601 0.508477
vt 0.100792 0.503917
vt 0.097016 0.487137
vt 0.671759 0.462214
vt 0.660584 0.482399
vt 0.267300 0.623859
vt 0.265042 0.528003
vt 0.329816 0.655859
vt 0.330915 0.548945
vt 0.265837 0.569340
vt 0.297852 0.579981
vt 0.306088 0.600425
vt 0.241651 0.620058
vt 0.234729 0.628943
vt 0.289225 0.587788
vt 0.180074 0.600703
vt 0.202696 0.660197
vt 0.989693 0.540775
vt 0.215032 0.559586
vt 0.198844 0.549476
vt 0.987314 0.588794
vt 0.955116 0.419427
vt 0.954091 0.501819
vt 0.978210 0.419625
vt 0.976091 0.226648
vt 0.950270 0.542404
vt 0.989693 0.540775
vt 0.295744 0.600371
vt 0.267090 0.602460
vt 0.288646 0.617075
vt 0.404149 0.243462
vt 0.425656 0.248009
vt 0.723684 0.392862
vt 0.122415 0.505614
vt 0.132711 0.491042
vt 0.088140 0.535429
vt 0.135482 0.558198
vt 0.210146 0.921667
vt 0.632102 0.427902
vt 0.989693 0.540775
vt 0.950270 0.542404
vt 0.416376 0.255409
vt 0.089571 0.633784
vt 0.202733 0.520771
vt 0.748498 0.360760
vt 0.732510 0.363519
vt 0.211803 0.534100
vt 0.732187 0.376221
vt 0.019107 0.525504
vt 0.396897 0.225150
vt 0.431773 0.227649
vt 0.738995 0.377191
vt 0.733163 0.399017
vt 0.028124 0.836886
vt 0.085929 0.888134
vt 0.054768 0.862944
vt 0.152203 0.910667
vt 0.002073 0.811895
vt 0.179986 0.916762
vt 0.120487 0.902536
vt 0.788015 0.386751
vt 0.774026 0.428429
vt 0.808297 0.416290
vt 0.009401 0.538578
vt 0.168676 0.555149
vt 0.432504 0.200517
vt 0.183727 0.538231
vt 0.719131 0.419729
vt 0.714365 0.477124
vt 0.757603 0.456536
vt 0.696543 0.433357
vt 0.198862 0.547042
vt 0.813268 0.361034
vt 0.137157 0.625016
vt 0.142838 0.589236
vt 0.152230 0.625742
vt 0.798259 0.444633
vt 0.746842 0.273233
vt 0.037952 0.541328
vt 0.022376 0.550084
vt 0.788833 0.363031
vt 0.813629 0.390657
vt 0.782657 0.408081
vt 0.069565 0.606559
vt 0.133513 0.642991
vt 0.047379 0.577635
vt 0.142267 0.651139
vt 0.175116 0.585848
vt 0.187413 0.563846
vt 0.763036 0.259550
vt 0.780805 0.474423
vt 0.727504 0.496438
vt 0.062156 0.559414
vt 0.194018 0.678081
vt 0.224576 0.692435
vt 0.211538 0.686034
vt 0.196224 0.671557
vt 0.131167 0.872171
vt 0.214661 0.679722
vt 0.102894 0.856853
vt 0.228506 0.687063
vt 0.120826 0.543160
vt 0.158447 0.881270
vt 0.107922 0.524391
vt 0.104022 0.545551
vt 0.208027 0.693103
vt 0.193819 0.687966
vt 0.169486 0.836420
vt 0.170144 0.829419
vt 0.163367 0.752569
vt 0.185578 0.773174
vt 0.158641 0.883361
vt 0.153305 0.897164
vt 0.126191 0.818418
vt 0.130640 0.874288
vt 0.218333 0.699506
vt 0.188245 0.764311
vt 0.157649 0.760760
vt 0.176358 0.758873
vt 0.150367 0.823525
vt 0.172201 0.769413
vt 0.132266 0.813004
vt 0.124754 0.888195
vt 0.148096 0.829307
vt 0.093854 0.873192
vt 0.240367 0.694685
vt 0.185264 0.666128
vt 0.149918 0.665226
vt 0.230387 0.707670
vt 0.150889 0.658057
vt 0.050351 0.813564
vt 0.251869 0.704064
vt 0.076054 0.838393
vt 0.218440 0.887029
vt 0.030819 0.785821
vt 0.100494 0.859577
vt 0.186452 0.885929
vt 0.240645 0.715696
vt 0.164447 0.675366
vt 0.120771 0.730726
vt 0.127668 0.727521
vt 0.148516 0.743028
vt 0.178910 0.681592
vt 0.202251 0.767536
vt 0.200861 0.778213
vt 0.153903 0.674163
vt 0.073074 0.764046
vt 0.247920 0.710365
vt 0.216068 0.770193
vt 0.165992 0.668291
vt 0.236510 0.700109
vt 0.135518 0.735297
vt 0.217379 0.778513
vt 0.182602 0.672254
vt 0.128451 0.741456
vt 0.167469 0.661159
vt 0.142026 0.752684
vt 0.637641 0.147636
vt 0.717409 0.066022
vt 0.356105 0.237883
vt 0.354381 0.239755
vt 0.653718 0.999540
vt 0.347280 0.208516
vt 0.349471 0.201917
vt 0.373055 0.218804
vt 0.367345 0.224789
vt 0.143247 0.448342
vt 0.078765 0.321625
vt 0.328958 0.376029
vt 0.143896 0.473410
vt 0.704107 0.010820
vt 0.055596 0.469014
vt 0.816984 0.126619
vt 0.834818 0.076258
vt 0.812215 0.171992
vt 0.285172 0.703155
vt 0.635320 0.637458
vt 0.667081 0.626963
vt 0.614086 0.637592
vt 0.622153 0.628821
vt 0.629172 0.628950
vt 0.700390 0.636131
vt 0.864444 0.368440
vt 0.880723 0.368817
vt 0.881048 0.244496
vt 0.877286 0.427334
vt 0.881746 0.255241
vt 0.871356 0.294621
vt 0.866632 0.239502
vt 0.883644 0.293455
vt 0.785734 0.168752
vt 0.867375 0.145381
vt 0.790193 0.166000
vt 0.105056 0.802751
vt 0.186172 0.889701
vt 0.086685 0.784827
vt 0.998641 0.643171
vt 0.074725 0.840433
vt 0.213625 0.839522
vt 0.089641 0.779340
vt 0.918793 0.926734
vt 0.880020 0.229909
vt 0.907342 0.426406
vt 0.892256 0.226230
vt 0.048111 0.814813
vt 0.184308 0.902612
vt 0.807975 0.162921
vt 0.367659 0.252198
vt 0.364639 0.253914
vt 0.340310 0.229503
vt 0.343177 0.253706
vt 0.347278 0.264803
vt 0.818505 0.159747
vt 0.795575 0.181735
vt 0.615345 0.027027
vt 0.679926 0.003699
vt 0.797206 0.177615
vt 0.285029 0.339210
vt 0.842305 0.042970
vt 0.347430 0.735910
vt 0.367585 0.271323
vt 0.276845 0.703639
vt 0.249743 0.682329
vt 0.348201 0.730154
vt 0.247333 0.685822
vt 0.962888 0.741699
vt 0.913682 0.245371
vt 0.985675 0.741714
vt 0.321323 0.725365
vt 0.218872 0.908331
vt 0.190924 0.840489
vt 0.905718 0.239528
vt 0.961213 0.805695
vt 0.977539 0.815064
vt 0.906780 0.366992
vt 0.907040 0.294528
vt 0.070406 0.359462
vt 0.630410 0.013868
vt 0.635695 0.212218
vt 0.672151 0.219146
vt 0.660295 0.147408
vt 0.299711 0.244505
vt 0.318385 0.234409
vt 0.838016 0.164340
vt 0.849888 0.151485
vt 0.827798 0.156651
vt 0.823643 0.037881
vt 0.680679 0.142164
vt 0.339117 0.233097
vt 0.320147 0.238432
vt 0.821230 0.143392
vt 0.370428 0.271182
vt 0.301305 0.247376
vt 0.844648 0.019762
vt 0.336521 0.251498
vt 0.818001 0.075057
vt 0.218673 0.889388
vt 0.827530 0.016275
vt 0.907747 0.502487
vt 0.838752 0.142454
vt 0.315827 0.738334
vt 0.058805 0.441488
vt 0.038056 0.825997
vt 0.982722 0.706913
vt 0.010974 0.797972
vt 0.079372 0.763275
vt 0.337446 0.717963
vt 0.337097 0.732663
vt 0.896300 0.503038
vt 0.897275 0.426659
vt 0.902665 0.768968
vt 0.895387 0.293918
vt 0.901083 0.895285
vt 0.901855 0.913666
vt 0.028184 0.785612
vt 0.966159 0.893076
vt 0.990324 0.768124
vt 0.977478 0.771722
vt 0.703547 0.621435
vt 0.326671 0.720398
vt 0.896596 0.517918
vt 0.894341 0.256578
vt 0.294688 0.435310
vt 0.311315 0.262246
vt 0.211598 0.476625
vt 0.428405 0.792996
vt 0.705944 0.610275
vt 0.414857 0.793161
vt 0.104738 0.657294
vt 0.277189 0.206481
vt 0.122884 0.662954
vt 0.395894 0.188250
vt 0.109811 0.648016
vt 0.394131 0.269633
vt 0.380426 0.244086
vt 0.388235 0.239797
vt 0.395894 0.168198
vt 0.398921 0.152382
vt 0.432543 0.171527
vt 0.119265 0.649391
vt 0.103357 0.632351
vt 0.283570 0.217427
vt 0.893899 0.241689
vt 0.065327 0.852427
vt 0.966486 0.594588
vt 0.109027 0.797029
vt 0.898791 0.590970
vt 0.894946 0.367920
vt 0.212519 0.832941
vt 0.951158 0.657008
vt 0.951158 0.627370
vt 0.191303 0.833320
vt 0.882892 0.503991
vt 0.866574 0.504023
vt 0.906027 0.222466
vt 0.918818 0.894290
vt 0.915222 0.768606
vt 0.921905 0.238230
vt 0.920451 0.253882
vt 0.926464 0.243539
vt 0.936316 0.255935
vt 0.999774 0.742184
vt 0.996758 0.807702
vt 0.995214 0.783369
vt 0.968596 0.783369
vt 0.864993 0.224897
vt 0.940135 0.224080
vt 0.938958 0.239745
vt 0.906471 0.258326
vt 0.921790 0.229630
vt 0.317496 0.729361
vt 0.739538 0.619490
vt 0.419120 0.823901
vt 0.664648 0.617101
vt 0.545220 0.640061
vt 0.294842 0.702103
vt 0.293542 0.711225
vt 0.311127 0.729365
vt 0.353162 0.735134
vt 0.968614 0.754561
vt 0.987116 0.752493
vt 0.908545 0.518439
vt 0.909696 0.589123
vt 0.889556 0.426841
vt 0.966073 0.929638
vt 0.622601 0.620999
vt 0.282050 0.266277
vt 0.261956 0.293087
vt 0.150120 0.310312
vt 0.738994 0.053464
vt 0.315141 0.325907
vt 0.095901 0.293421
vt 0.105810 0.276543
vt 0.096593 0.439095
vt 0.064713 0.282076
vt 0.293618 0.273109
vt 0.350378 0.273054
vt 0.057007 0.435721
vt 0.247750 0.343715
vt 0.291996 0.381280
vt 0.614086 0.637592
vt 0.669789 0.637937
vt 0.433713 0.816439
vt 0.434548 0.829811
vt 0.433713 0.816439
vt 0.395974 0.801318
vt 0.411611 0.849831
vt 0.850227 0.923893
vt 0.868430 0.256208
vt 0.882453 0.895984
vt 0.312446 0.729222
vt 0.257740 0.385082
vt 0.202546 0.421935
vt 0.146858 0.416595
vt 0.875519 0.591003
vt 0.885585 0.593085
vt 0.871087 0.519971
vt 0.990116 0.715539
vt 0.977268 0.711957
vt 0.918510 0.295814
vt 0.943333 0.367689
vt 0.395739 0.891257
vt 0.401464 0.991653
vt 0.389395 0.988840
vt 0.346606 0.990694
vt 0.932557 0.294568
vt 0.887031 0.769503
vt 0.210310 0.445970
vt 0.149766 0.293992
vt 0.268434 0.313888
vt 0.734287 0.049420
vt 0.572529 0.049007
vt 0.595639 0.038603
vt 0.099905 0.424026
vt 0.309354 0.298513
vt 0.061610 0.416115
vt 0.427536 0.787664
vt 0.153409 0.268926
vt 0.256526 0.277897
vt 0.416195 0.778156
vt 0.447277 0.811883
vt 0.466384 0.890018
vt 0.427036 0.766561
vt 0.651615 0.777084
vt 0.358335 0.987563
vt 0.655355 0.799029
vt 0.404915 0.789148
vt 0.429632 0.768110
vt 0.441370 0.892217
vt 0.673427 0.764963
vt 0.670277 0.786688
vt 0.373629 0.986986
vt 0.420002 0.887542
vt 0.578611 0.755051
vt 0.204833 0.384651
vt 0.110543 0.329447
vt 0.284185 0.308266
vt 0.258641 0.414924
vt 0.148565 0.381542
vt 0.335685 0.402768
vt 0.104180 0.400324
vt 0.142455 0.444566
vt 0.159627 0.338541
vt 0.265541 0.437555
vt 0.067058 0.389852
vt 0.106311 0.367078
vt 0.363091 0.423562
vt 0.116579 0.263235
vt 0.332430 0.431561
vt 0.207164 0.342255
vt 0.425276 0.833344
vt 0.444195 0.861625
vt 0.374946 0.892518
vt 0.116843 0.301211
vt 0.357653 0.887975
vt 0.714914 0.048413
vt 0.415288 0.806111
vt 0.296151 0.407004
vt 0.414867 0.993123
vt 0.425406 0.766017
vt 0.965666 0.733137
vt 0.923707 0.500726
vt 0.428405 0.792996
vt 0.434548 0.829811
vt 0.937778 0.589537
vt 0.955655 0.780808
vt 0.942000 0.502836
vt 0.923407 0.592511
vt 0.687052 0.781320
vt 0.449649 0.762701
vt 0.470467 0.755051
vt 0.441894 0.828593
vt 0.414524 0.840467
vt 0.942856 0.891278
vt 0.930471 0.767695
vt 0.401629 0.835550
vt 0.090772 0.593918
vt 0.112136 0.578034
vt 0.116331 0.595240
vt 0.097416 0.571507
vt 0.387028 0.270358
vt 0.422387 0.143615
vt 0.790657 0.287583
vt 0.808471 0.335624
vt 0.775297 0.298495
vt 0.786521 0.340329
vt 0.118679 0.630100
vt 0.917841 0.426321
vt 0.682990 0.799029
vt 0.928198 0.426692
vt 0.937322 0.519099
vt 0.923218 0.519135
vt 0.923432 0.364957
vt 0.882391 0.517699
vt 0.871121 0.768008
vt 0.986082 0.732286
vt 0.235007 0.675763
vt 0.318814 0.729218
vt 0.598715 0.762488
vt 0.330523 0.887542
vt 0.547569 0.760774
vt 0.381651 0.727027
vt 0.384453 0.729753
vt 0.403816 0.722638
vt 0.375947 0.733350
vt 0.337950 0.741774
vt 0.371561 0.739530
vt 0.349398 0.741360
vt 0.388573 0.732336
vt 0.293725 0.717873
vt 0.248444 0.687295
vt 0.269836 0.703979
vt 0.291275 0.727091
vt 0.352458 0.723580
vt 0.449286 0.856649
vt 0.421475 0.782177
vt 0.414008 0.839498
vt 0.400424 0.798950
vt 0.429099 0.800258
vt 0.447141 0.791242
vt 0.437532 0.870360
vt 0.441065 0.744297
vt 0.607652 0.844587
vt 0.642412 0.801528
vt 0.494216 0.755700
vt 0.524311 0.761108
vt 0.855118 0.891566
vt 0.246811 0.849795
vt 0.695420 0.770587
vt 0.241384 0.800984
vt 0.270443 0.873766
vt 0.725186 0.798758
vt 0.247233 0.872552
vt 0.700420 0.805430
vt 0.346606 0.990694
vt 0.655355 0.799029
vt 0.373232 0.928898
vt 0.670277 0.786688
vt 0.395739 0.891257
vt 0.420002 0.887542
vt 0.682990 0.799029
vt 0.330523 0.887542
vt 0.673427 0.764963
vt 0.651615 0.777084
vt 0.414867 0.993123
vt 0.393909 0.928384
vt 0.401464 0.991653
vt 0.357653 0.887975
vt 0.772606 0.898313
vt 0.441370 0.892217
vt 0.775221 0.923539
vt 0.534104 0.905355
vt 0.538960 0.816585
vt 0.478557 0.806993
vt 0.508895 0.914296
vt 0.286761 0.857502
vt 0.275966 0.867799
vt 0.522346 0.916650
vt 0.399360 0.852337
vt 0.252651 0.750742
vt 0.247634 0.822992
vt 0.358335 0.987563
vt 0.688061 0.575416
vt 0.548381 0.895578
vt 0.546807 0.911170
vt 0.602007 0.829947
vt 0.628522 0.784937
vt 0.587366 0.820449
vt 0.655185 0.994882
vt 0.748265 0.804597
vt 0.682482 0.568612
vt 0.673356 0.581495
vt 0.480666 0.902532
vt 0.667060 0.570957
vt 0.578613 0.815487
vt 0.616101 0.769378
vt 0.650920 0.583744
vt 0.704139 0.588886
vt 0.698218 0.575435
vt 0.787476 0.981578
vt 0.825342 0.831080
vt 0.679614 0.551137
vt 0.461439 0.810246
vt 0.695475 0.570345
vt 0.559467 0.809607
vt 0.694125 0.601609
vt 0.629555 0.854597
vt 0.767194 0.834760
vt 0.635838 0.929307
vt 0.783384 0.825065
vt 0.731485 0.569101
vt 0.710229 0.569280
vt 0.710582 0.579676
vt 0.486527 0.901058
vt 0.640284 0.966029
vt 0.638452 0.950967
vt 0.493528 0.912679
vt 0.642468 0.813132
vt 0.770288 0.819288
vt 0.721902 0.601609
vt 0.717162 0.583325
vt 0.714968 0.549526
vt 0.635537 0.908785
vt 0.777356 0.944050
vt 0.771438 0.870487
vt 0.788467 0.939625
vt 0.807943 0.915713
vt 0.829013 0.839619
vt 0.785057 0.895007
vt 0.785930 0.919609
vt 0.819261 0.926613
vt 0.808264 0.891278
vt 0.789774 0.967300
vt 0.824889 0.946093
vt 0.784150 0.868480
vt 0.800563 0.960842
vt 0.335712 0.926763
vt 0.254446 0.798999
vt 0.687098 0.788850
vt 0.413500 0.927324
vt 0.357223 0.926316
vt 0.719283 0.770587
vt 0.519479 0.815575
vt 0.629710 0.834841
vt 0.823148 0.817266
vt 0.851285 0.820674
vt 0.819002 0.791169
vt 0.849372 0.924459
vt 0.841362 0.910260
vt 0.840812 0.902607
vt 0.839990 0.870530
vt 0.494255 0.811596
vt 0.851285 0.786285
vt 0.838530 0.807158
vt 0.373629 0.986986
vt 0.389395 0.988840
vt 0.707531 0.787281
vt 0.687052 0.781320
vt 0.469455 0.637403
vt 0.932951 0.961978
vt 0.545743 0.753812
vt 0.553092 0.667903
vt 0.685113 0.722837
vt 0.487312 0.641889
vt 0.511911 0.645521
vt 0.534596 0.644504
vt 0.737738 0.726617
vt 0.616841 0.655872
vt 0.731945 0.692967
vt 0.632818 0.727003
vt 0.677689 0.667428
vt 0.728873 0.644384
vt 0.648932 0.670888
vt 0.645069 0.661041
vt 0.226495 0.924322
vt 0.866061 0.953973
vt 0.933554 0.944441
vt 0.878210 0.929558
vt 0.848966 0.702199
vt 0.866126 0.764542
vt 0.333800 0.951082
vt 0.313939 0.973658
vt 0.847432 0.682610
vt 0.850500 0.579023
vt 0.851005 0.728233
vt 0.779157 0.727395
vt 0.794950 0.693052
vt 0.629177 0.673663
vt 0.707591 0.745969
vt 0.739258 0.746577
vt 0.632399 0.709096
vt 0.304574 0.895855
vt 0.904519 0.952514
vt 0.904560 0.929558
vt 0.884557 0.958216
vt 0.507946 0.671079
vt 0.854500 0.556822
vt 0.830810 0.684096
vt 0.839411 0.683104
vt 0.630877 0.755057
vt 0.233538 0.781562
vt 0.261907 0.797922
vt 0.629804 0.690312
vt 0.704095 0.723989
vt 0.658901 0.754222
vt 0.652204 0.686769
vt 0.681954 0.700401
vt 0.684057 0.751794
vt 0.583526 0.650257
vt 0.555690 0.647687
vt 0.431320 0.930468
vt 0.374946 0.892518
vt 0.267065 0.852985
vt 0.704234 0.696553
vt 0.652408 0.704296
vt 0.751082 0.758134
vt 0.748414 0.701558
vt 0.652894 0.723882
vt 0.224986 0.760044
vt 0.817994 0.838089
vt 0.632885 0.877747
vt 0.455704 0.672348
vt 0.533571 0.654386
vt 0.235234 0.985572
vt 0.224213 0.950784
vt 0.855083 0.933060
vt 0.838363 0.959645
vt 0.814868 0.691398
vt 0.846461 0.655853
vt 0.862786 0.538148
vt 0.857501 0.747655
vt 0.270805 0.937091
vt 0.287433 0.991127
vt 0.752367 0.731716
vt 0.830281 0.731623
vt 0.768149 0.785825
vt 0.826656 0.712356
vt 0.831611 0.704405
vt 0.772049 0.592502
vt 0.932235 0.979416
vt 0.261623 0.993628
vt 0.821811 0.690935
vt 0.849205 0.619273
vt 0.249813 0.895855
vt 0.770777 0.696421
vt 0.778096 0.759355
vt 0.742639 0.776893
vt 0.262111 0.819685
vt 0.271939 0.844655
vt 0.259836 0.821175
vt 0.263008 0.774009
vt 0.255435 0.772618
vt 0.812273 0.931309
vt 0.817232 0.866686
vt 0.843323 0.852575
vt 0.807953 0.867119
vt 0.817606 0.890669
vt 0.816504 0.913165
vt 0.829893 0.936373
vt 0.839774 0.888149
vt 0.712332 0.403235
vt 0.685076 0.423402
vt 0.836473 0.577999
vt 0.467229 0.537512
vt 0.462246 0.506955
vt 0.448113 0.472342
vt 0.410807 0.501278
vt 0.765941 0.560984
vt 0.768882 0.606653
vt 0.758078 0.525028
vt 0.820135 0.618041
vt 0.742548 0.625465
vt 0.762410 0.607889
vt 0.741373 0.608522
vt 0.766917 0.662281
vt 0.819667 0.658703
vt 0.839302 0.656797
vt 0.829867 0.657904
vt 0.854011 0.533769
vt 0.795313 0.609718
vt 0.811181 0.659037
vt 0.789524 0.624983
vt 0.768981 0.623706
vt 0.731739 0.535909
vt 0.161818 0.996263
vt 0.030095 0.956155
vt 0.068036 0.996263
vt 0.090998 0.996263
vt 0.725044 0.359043
vt 0.722616 0.381768
vt 0.389941 0.789443
vt 0.451873 0.625877
vt 0.416275 0.564473
vt 0.840356 0.615968
vt 0.771664 0.618377
vt 0.161818 0.966282
vt 0.181248 0.966282
vt 0.161818 0.956155
vt 0.181248 0.956155
vt 0.049058 0.987456
vt 0.049058 0.977813
vt 0.068036 0.977813
vt 0.068036 0.987456
vt 0.388453 0.769500
vt 0.049058 0.966282
vt 0.301047 0.742096
vt 0.068036 0.956155
vt 0.143982 0.966282
vt 0.391102 0.751462
vt 0.308883 0.839666
vt 0.090998 0.956155
vt 0.068036 0.966282
vt 0.030095 0.977813
vt 0.030095 0.987456
vt 0.030095 0.996263
vt 0.302693 0.767616
vt 0.400614 0.867128
vt 0.090998 0.966282
vt 0.181248 0.996263
vt 0.656277 0.721531
vt 0.412069 0.719767
vt 0.628464 0.933143
vt 0.368382 0.621336
vt 0.049058 0.996263
vt 0.392925 0.807512
vt 0.315012 0.867567
vt 0.121994 0.956155
vt 0.030095 0.966282
vt 0.121994 0.966282
vt 0.121994 0.996263
vt 0.143982 0.996263
vt 0.049058 0.956155
vt 0.308221 0.812771
vt 0.397347 0.830739
vt 0.314130 0.887268
vt 0.601400 0.908382
vt 0.532464 0.923075
vt 0.522189 0.958939
vt 0.562352 0.908382
vt 0.678572 0.704340
vt 0.181248 0.987456
vt 0.667961 0.730413
vt 0.669210 0.753748
vt 0.349419 0.637916
vt 0.343019 0.665121
vt 0.392056 0.613665
vt 0.370589 0.645738
vt 0.363346 0.701171
vt 0.667210 0.723805
vt 0.790083 0.608657
vt 0.653913 0.426728
vt 0.712089 0.331847
vt 0.845037 0.555876
vt 0.439783 0.526897
vt 0.831213 0.528237
vt 0.305437 0.792986
vt 0.090998 0.977813
vt 0.121994 0.977813
vt 0.143982 0.977813
vt 0.143982 0.956155
vt 0.391432 0.665875
vt 0.419203 0.636489
vt 0.665734 0.706879
vt 0.656335 0.707519
vt 0.090998 0.987456
vt 0.143982 0.987456
vt 0.121994 0.987456
vt 0.823420 0.577798
vt 0.786353 0.620327
vt 0.797304 0.591361
vt 0.738267 0.559730
vt 0.512029 0.752694
vt 0.549965 0.732672
vt 0.615622 0.646814
vt 0.676062 0.642129
vt 0.644796 0.641378
vt 0.618837 0.663046
vt 0.698544 0.639848
vt 0.706572 0.669163
vt 0.703399 0.654508
vt 0.516095 0.710541
vt 0.513597 0.692820
vt 0.511425 0.654525
vt 0.528772 0.689406
vt 0.478482 0.699460
vt 0.550225 0.714209
vt 0.553688 0.656635
vt 0.477849 0.676837
vt 0.593925 0.710543
vt 0.585272 0.659276
vt 0.475457 0.748596
vt 0.593020 0.755058
vt 0.555073 0.680454
vt 0.571696 0.998601
vt 0.477320 0.728899
vt 0.677935 0.655911
vt 0.443923 0.731581
vt 0.485996 0.650908
vt 0.515961 0.729343
vt 0.526932 0.677120
vt 0.445547 0.695262
vt 0.592260 0.733476
vt 0.589345 0.682648
vt 0.586789 0.668752
vt 0.842714 0.577579
vt 0.794431 0.556693
vt 0.635308 0.961714
vt 0.642416 0.650146
vt 0.677969 0.647680
vt 0.578416 0.953031
vt 0.594696 0.996294
vt 0.622726 0.989670
vt 0.728189 0.637403
vt 0.701394 0.647163
vt 0.789735 0.660644
vt 0.741935 0.661716
vt 0.814009 0.582625
vt 0.592004 0.695042
vt 0.730269 0.670632
vt 0.550264 0.695074
vt 0.446355 0.751358
vt 0.705863 0.681317
vt 0.812999 0.618060
vt 0.181248 0.977813
vt 0.537968 0.981555
vt 0.775286 0.597475
vt 0.791655 0.596265
vt 0.858316 0.769654
vt 0.836299 0.730816
vt 0.849137 0.749861
vt 0.823786 0.711852
vt 0.531955 0.666508
vt 0.511007 0.661904
vt 0.836969 0.776464
vt 0.823902 0.727384
vt 0.802406 0.787359
vt 0.805053 0.726117
vt 0.898605 0.997992
vt 0.853226 0.990762
vt 0.844379 0.730249
vt 0.840024 0.702628
vt 0.464763 0.643237
vt 0.802529 0.757283
vt 0.742725 0.591107
vt 0.832396 0.756051
vt 0.830061 0.616658
vt 0.793263 0.524084
vt 0.827435 0.552510
vt 0.405785 0.608072
vt 0.456912 0.588148
vt 0.442261 0.659547
vt 0.441895 0.700163
vt 0.419003 0.687186
vt 0.676683 0.684225
vt 0.161818 0.987456
vt 0.161818 0.977813
vt 0.357262 0.630831
vt 0.681231 0.720725
vt 0.462246 0.506955
vt 0.448113 0.472342
vt 0.438595 0.442099
vt 0.392523 0.471517
vt 0.101524 0.687306
vt 0.500885 0.580875
vt 0.053179 0.667659
vt 0.559394 0.569896
vt 0.499625 0.558040
vt 0.501263 0.565890
vt 0.458846 0.578558
vt 0.465369 0.550541
vt 0.560343 0.574453
vt 0.607185 0.540204
vt 0.594076 0.521012
vt 0.609272 0.543771
vt 0.549262 0.548836
vt 0.559394 0.569896
vt 0.467229 0.537512
vt 0.439783 0.526897
vt 0.607031 0.474676
vt 0.649254 0.516488
vt 0.550292 0.472445
vt 0.581367 0.503501
vt 0.354832 0.562935
vt 0.499352 0.543854
vt 0.533891 0.502053
vt 0.501209 0.596923
vt 0.579576 0.616428
vt 0.563461 0.581272
vt 0.581367 0.503501
vt 0.503178 0.634742
vt 0.499831 0.586056
vt 0.635867 0.578937
vt 0.499352 0.543854
vt 0.498211 0.496903
vt 0.458846 0.578558
vt 0.647143 0.514257
vt 0.499625 0.558040
vt 0.560343 0.574453
vt 0.432170 0.540266
vt 0.500885 0.580875
vt 0.598438 0.523621
vt 0.940560 0.132503
vt 0.901443 0.119277
vt 0.462235 0.571204
vt 0.722616 0.381768
vt 0.501209 0.596923
vt 0.635867 0.578937
vt 0.678993 0.540553
vt 0.609272 0.543771
vt 0.464512 0.558186
vt 0.725044 0.359043
vt 0.598438 0.523621
vt 0.549262 0.548836
vt 0.631994 0.495825
vt 0.594076 0.521012
vt 0.661050 0.364852
vt 0.653913 0.426728
vt 0.551843 0.556206
vt 0.712332 0.403235
vt 0.685076 0.423402
vt 0.628978 0.418219
vt 0.607185 0.540204
vt 0.551843 0.556206
vt 0.498550 0.460680
vt 0.382219 0.532347
vt 0.696324 0.314313
vt 0.712089 0.331847
vt 0.542751 0.532890
vt 0.498211 0.496903
vt 0.550292 0.472445
vt 0.612109 0.548358
vt 0.424468 0.553044
vt 0.071349 0.685444
vt 0.462235 0.571204
vt 0.424468 0.553044
vt 0.612109 0.548358
vt 0.558949 0.440867
vt 0.464512 0.558186
vt 0.416275 0.564473
vt 0.405785 0.608072
vt 0.356840 0.500149
vt 0.322083 0.519348
vt 0.533891 0.502053
vt 0.382219 0.532347
vt 0.542751 0.532890
vt 0.354832 0.562935
vt 0.563461 0.581272
vt 0.626954 0.492445
vt 0.499831 0.586056
vt 0.465369 0.550541
vt 0.981857 0.083821
vt 0.956710 0.197397
vt 0.087080 0.740724
vt 0.963699 0.206088
vt 0.645115 0.509545
vt 0.501263 0.565890
vt 0.330425 0.473730
vt 0.277810 0.481327
vt 0.370777 0.466516
vt 0.775335 0.046969
vt 0.775283 0.059239
vt 0.769449 0.072085
vt 0.758190 0.128686
vt 0.310472 0.205190
vt 0.097335 0.484070
vt 0.308210 0.192823
vt 0.410807 0.501278
vt 0.503178 0.634742
vt 0.579576 0.616428
vt 0.759197 0.195844
vt 0.498550 0.460680
vt 0.451873 0.625877
vt 0.456912 0.588148
vt 0.496182 0.426179
vt 0.432170 0.540266
vt 0.944084 0.110607
vt 0.044562 0.679173
vt 0.905560 0.103154
vt 0.983044 0.100514
vt 0.107106 0.691318
vt 0.206503 0.252298
vt 0.210380 0.241876
vt 0.174360 0.335659
vt 0.266990 0.257360
vt 0.210380 0.241876
vt 0.946130 0.205740
vt 0.204774 0.325694
vt 0.226739 0.220675
vt 0.193036 0.257718
vt 0.222221 0.270058
vt 0.236629 0.248466
vt 0.180859 0.256530
vt 0.173080 0.288586
vt 0.906870 0.077049
vt 0.035711 0.622496
vt 0.958121 0.210508
vt 0.918431 0.106440
vt 0.174360 0.335659
vt 0.944556 0.173141
vt 0.946084 0.154072
vt 0.969018 0.085423
vt 0.018913 0.669229
vt 0.921985 0.138705
vt 0.004458 0.665968
vt 0.896391 0.220216
vt 0.024570 0.737625
vt 0.244761 0.292113
vt 0.265472 0.166293
vt 0.244761 0.292113
vt 0.222361 0.191352
vt 0.261834 0.215536
vt 0.236629 0.248466
vt 0.195470 0.282545
vt 0.222221 0.270058
vt 0.195470 0.282545
vt 0.204774 0.325694
vt 0.261834 0.215536
vt 0.204351 0.229444
vt 0.193332 0.237978
vt 0.126214 0.692558
vt 0.204351 0.229444
vt 0.266990 0.257360
vt 0.193036 0.257718
vt 0.206503 0.252298
vt 0.226739 0.220675
vt 0.030645 0.746016
vt 0.037011 0.651540
vt 0.108849 0.717436
vt 0.067183 0.653944
vt 0.021611 0.749790
vt 0.078639 0.667498
vt 0.093243 0.649821
vt 0.017158 0.654752
vt 0.017247 0.742002
vt 0.023095 0.683480
vt 0.200010 0.217214
vt 0.193332 0.237978
vt 0.932205 0.184455
vt 0.960682 0.090228
vt 0.953518 0.055951
vt 0.951333 0.201163
vt 0.173080 0.288586
vt 0.222361 0.191352
vt 0.265472 0.166293
vt 0.896521 0.140314
vt 0.950332 0.087217
vt 0.877828 0.115100
vt 0.954691 0.213826
vt 0.969237 0.152123
vt 0.921815 0.174073
vt 0.015892 0.698029
vt 0.200010 0.217214
vt 0.180859 0.256530
vt 0.998365 0.110370
vt 0.965362 0.131989
vt 0.927617 0.097378
vt 0.877471 0.150285
vt 0.987526 0.145621
vt 0.898339 0.126014
vt 0.015635 0.708952
vt 0.882298 0.188510
vt 0.940997 0.214994
vt 0.973521 0.166893
vt 0.025005 0.703776
vt 0.962653 0.119983
vt 0.975225 0.139842
vt 0.948740 0.221190
vt 0.242204 0.585584
vt 0.208315 0.599360
vt 0.268112 0.635172
vt 0.329816 0.655859
vt 0.237315 0.600710
vt 0.241651 0.620058
vt 0.269326 0.653192
vt 0.202696 0.660197
vt 0.989932 0.044442
vt 0.986251 0.018525
vt 0.950416 0.045448
vt 0.949378 0.052388
vt 0.234038 0.577031
vt 0.330915 0.548945
vt 0.024047 0.757417
vt 0.323940 0.601036
vt 0.267300 0.623859
vt 0.306088 0.600425
vt 0.079665 0.998885
vt 0.038803 0.956536
vt 0.101597 0.998885
vt 0.123179 0.998885
vt 0.021849 0.956536
vt 0.062186 0.967161
vt 0.038803 0.967161
vt 0.062186 0.998885
vt 0.871550 0.011284
vt 0.951753 0.020901
vt 0.952403 0.012773
vt 0.988879 0.051381
vt 0.265822 0.578848
vt 0.289225 0.587788
vt 0.269689 0.678312
vt 0.906484 0.010424
vt 0.873036 0.003775
vt 0.071333 0.713457
vt 0.097591 0.673213
vt 0.066650 0.761539
vt 0.864505 0.043526
vt 0.042961 0.693128
vt 0.865020 0.036527
vt 0.108154 0.707194
vt 0.036376 0.712686
vt 0.032084 0.754955
vt 0.053623 0.729726
vt 0.317088 0.561166
vt 0.905720 0.017992
vt 0.142751 0.998885
vt 0.267090 0.602460
vt 0.318619 0.642950
vt 0.296915 0.625123
vt 0.234729 0.628943
vt 0.180074 0.600703
vt 0.198844 0.549476
vt 0.265042 0.528003
vt 0.266320 0.552798
vt 0.295744 0.600371
vt 0.288646 0.617075
vt 0.265837 0.569340
vt 0.079665 0.956536
vt 0.062186 0.956536
vt 0.986672 0.008753
vt 0.225018 0.599827
vt 0.215032 0.559586
vt 0.903747 0.049504
vt 0.021849 0.998885
vt 0.347636 0.599336
vt 0.297852 0.579981
vt 0.079665 0.967161
vt 0.101597 0.967161
vt 0.021849 0.967161
vt 0.188657 0.998885
vt 0.038803 0.998885
vt 0.101597 0.956536
vt 0.904309 0.042523
vt 0.214075 0.647334
vt 0.167733 0.998885
vt 0.062186 0.998885
vt 0.021849 0.998885
vt 0.439241 0.951679
vt 0.459962 0.975703
vt 0.475834 0.988309
vt 0.432156 0.953071
vt 0.499542 0.971055
vt 0.188657 0.988572
vt 0.188657 0.988572
vt 0.454264 0.980387
vt 0.474336 0.900084
vt 0.440192 0.921599
vt 0.101597 0.988572
vt 0.188657 0.977186
vt 0.038803 0.977186
vt 0.123179 0.988572
vt 0.188657 0.967161
vt 0.123179 0.977186
vt 0.462798 0.944885
vt 0.472958 0.955111
vt 0.101597 0.967161
vt 0.101597 0.956536
vt 0.188657 0.956536
vt 0.142751 0.967161
vt 0.123179 0.956536
vt 0.188657 0.956536
vt 0.167733 0.956536
vt 0.079665 0.988572
vt 0.101597 0.977186
vt 0.021849 0.977186
vt 0.079665 0.977186
vt 0.167733 0.967161
vt 0.038803 0.988572
vt 0.021849 0.988572
vt 0.079665 0.967161
vt 0.079665 0.956536
vt 0.502342 0.931224
vt 0.167733 0.988572
vt 0.188657 0.977186
vt 0.123179 0.977186
vt 0.167733 0.977186
vt 0.432156 0.953071
vt 0.442598 0.896581
vt 0.473585 0.997242
vt 0.446217 0.922342
vt 0.473585 0.997242
vt 0.499542 0.971055
vt 0.101597 0.988572
vt 0.021849 0.988572
vt 0.101597 0.977186
vt 0.142751 0.956536
vt 0.465633 0.931131
vt 0.142751 0.977186
vt 0.038803 0.977186
vt 0.038803 0.988572
vt 0.167733 0.956536
vt 0.167733 0.967161
vt 0.492752 0.968245
vt 0.477123 0.940086
vt 0.167733 0.988572
vt 0.472022 0.908135
vt 0.495855 0.933733
vt 0.450875 0.903448
vt 0.062186 0.977186
vt 0.123179 0.988572
vt 0.142751 0.967161
vt 0.123179 0.967161
vt 0.446217 0.922342
vt 0.475834 0.988309
vt 0.142751 0.956536
vt 0.062186 0.977186
vt 0.062186 0.988572
vt 0.142751 0.988572
vt 0.502342 0.931224
vt 0.142751 0.988572
vt 0.142751 0.977186
vt 0.062186 0.988572
vt 0.188657 0.967161
vt 0.123179 0.956536
vt 0.079665 0.977186
vt 0.079665 0.998885
vt 0.167733 0.998885
vt 0.101597 0.998885
vt 0.188657 0.998885
vt 0.142751 0.998885
vt 0.123179 0.998885
vt 0.062186 0.967161
vt 0.062186 0.956536
vt 0.442598 0.896581
vt 0.450875 0.903448
vt 0.440192 0.921599
vt 0.465633 0.931131
vt 0.492752 0.968245
vt 0.495855 0.933733
vt 0.472958 0.955111
vt 0.462798 0.944885
vt 0.472022 0.908135
vt 0.477123 0.940086
vt 0.207607 0.451389
vt 0.098374 0.470191
vt 0.145808 0.489679
vt 0.216346 0.494756
vt 0.055870 0.479918
vt 0.270193 0.443284
vt 0.006226 0.470583
vt 0.330062 0.462285
vt 0.098206 0.444739
vt 0.326920 0.437189
vt 0.038803 0.998885
vt 0.123179 0.967161
vt 0.474336 0.900084
vt 0.277993 0.470344
vt 0.021849 0.956536
vt 0.038803 0.967161
vt 0.038803 0.956536
vt 0.021849 0.967161
vt 0.079665 0.988572
vt 0.021849 0.977186
vt 0.167733 0.977186
vt 0.454264 0.980387
vt 0.439241 0.951679
vt 0.459962 0.975703
g riotrig:teemo3:teemo1
usemtl Hero_Teemo_mat
f 836/836/836 830/830/830 827/827/827
f 845/845/845 830/830/830 836/836/836
f 845/845/845 849/849/849 830/830/830
f 890/890/890 849/849/849 845/845/845
f 829/829/829 849/849/849 890/890/890
f 828/828/828 849/849/849 829/829/829
f 888/888/888 828/828/828 829/829/829
f 899/899/899 828/828/828 888/888/888
f 836/836/836 16/16/16 845/845/845
f 16/16/16 155/155/155 845/845/845
f 845/845/845 155/155/155 890/890/890
f 155/155/155 829/829/829 890/890/890
f 134/134/134 829/829/829 155/155/155
f 134/134/134 888/888/888 829/829/829
f 84/84/84 888/888/888 134/134/134
f 888/888/888 84/84/84 889/889/889
f 889/889/889 899/899/899 888/888/888
f 891/891/891 899/899/899 889/889/889
f 889/889/889 839/839/839 891/891/891
f 846/846/846 16/16/16 836/836/836
f 846/846/846 20/20/20 16/16/16
f 20/20/20 150/150/150 16/16/16
f 16/16/16 150/150/150 155/155/155
f 155/155/155 150/150/150 134/134/134
f 134/134/134 150/150/150 133/133/133
f 134/134/134 133/133/133 84/84/84
f 84/84/84 133/133/133 77/77/77
f 84/84/84 77/77/77 70/70/70
f 889/889/889 84/84/84 70/70/70
f 825/825/825 20/20/20 846/846/846
f 20/20/20 825/825/825 902/902/902
f 902/902/902 874/874/874 20/20/20
f 20/20/20 874/874/874 150/150/150
f 150/150/150 874/874/874 133/133/133
f 133/133/133 874/874/874 877/877/877
f 77/77/77 133/133/133 877/877/877
f 877/877/877 72/72/72 77/77/77
f 70/70/70 77/77/77 72/72/72
f 72/72/72 2/2/2 70/70/70
f 70/70/70 2/2/2 3/3/3
f 70/70/70 3/3/3 889/889/889
f 902/902/902 825/825/825 833/833/833
f 902/902/902 833/833/833 883/883/883
f 883/883/883 881/881/881 902/902/902
f 902/902/902 881/881/881 874/874/874
f 881/881/881 873/873/873 874/874/874
f 874/874/874 873/873/873 877/877/877
f 873/873/873 4/4/4 877/877/877
f 4/4/4 72/72/72 877/877/877
f 72/72/72 4/4/4 2/2/2
f 2/2/2 4/4/4 7/7/7
f 1/1/1 2/2/2 7/7/7
f 2/2/2 1/1/1 3/3/3
f 883/883/883 833/833/833 826/826/826
f 14/14/14 4/4/4 873/873/873
f 17/17/17 4/4/4 14/14/14
f 7/7/7 4/4/4 17/17/17
f 879/879/879 7/7/7 17/17/17
f 76/76/76 7/7/7 879/879/879
f 76/76/76 1/1/1 7/7/7
f 81/81/81 1/1/1 76/76/76
f 81/81/81 18/18/18 1/1/1
f 3/3/3 1/1/1 18/18/18
f 3/3/3 18/18/18 841/841/841
f 889/889/889 3/3/3 841/841/841
f 841/841/841 839/839/839 889/889/889
f 879/879/879 896/896/896 76/76/76
f 76/76/76 896/896/896 144/144/144
f 144/144/144 85/85/85 76/76/76
f 76/76/76 85/85/85 81/81/81
f 85/85/85 79/79/79 81/81/81
f 81/81/81 79/79/79 83/83/83
f 83/83/83 18/18/18 81/81/81
f 83/83/83 898/898/898 18/18/18
f 841/841/841 18/18/18 898/898/898
f 898/898/898 887/887/887 841/841/841
f 841/841/841 887/887/887 839/839/839
f 896/896/896 850/850/850 144/144/144
f 144/144/144 850/850/850 835/835/835
f 835/835/835 852/852/852 144/144/144
f 144/144/144 852/852/852 85/85/85
f 852/852/852 834/834/834 85/85/85
f 85/85/85 834/834/834 79/79/79
f 834/834/834 897/897/897 79/79/79
f 79/79/79 897/897/897 875/875/875
f 79/79/79 875/875/875 83/83/83
f 83/83/83 875/875/875 885/885/885
f 885/885/885 898/898/898 83/83/83
f 885/885/885 886/886/886 898/898/898
f 898/898/898 886/886/886 887/887/887
f 884/884/884 875/875/875 897/897/897
f 882/882/882 875/875/875 884/884/884
f 882/882/882 886/886/886 875/875/875
f 875/875/875 886/886/886 885/885/885
f 158/158/158 851/851/851 153/153/153
f 158/158/158 153/153/153 132/132/132
f 132/132/132 153/153/153 131/131/131
f 131/131/131 160/160/160 132/132/132
f 132/132/132 160/160/160 163/163/163
f 160/160/160 5/5/5 163/163/163
f 163/163/163 5/5/5 6/6/6
f 6/6/6 5/5/5 878/878/878
f 5/5/5 13/13/13 878/878/878
f 878/878/878 13/13/13 871/871/871
f 19/19/19 872/872/872 894/894/894
f 9/9/9 872/872/872 19/19/19
f 9/9/9 901/901/901 872/872/872
f 11/11/11 901/901/901 9/9/9
f 901/901/901 11/11/11 154/154/154
f 154/154/154 11/11/11 156/156/156
f 156/156/156 157/157/157 154/154/154
f 9/9/9 19/19/19 10/10/10
f 10/10/10 11/11/11 9/9/9
f 11/11/11 10/10/10 15/15/15
f 15/15/15 156/156/156 11/11/11
f 78/78/78 156/156/156 15/15/15
f 78/78/78 12/12/12 156/156/156
f 156/156/156 12/12/12 148/148/148
f 148/148/148 151/151/151 156/156/156
f 151/151/151 157/157/157 156/156/156
f 157/157/157 151/151/151 880/880/880
f 10/10/10 19/19/19 8/8/8
f 12/12/12 162/162/162 148/148/148
f 148/148/148 162/162/162 161/161/161
f 161/161/161 149/149/149 148/148/148
f 149/149/149 151/151/151 148/148/148
f 149/149/149 80/80/80 151/151/151
f 151/151/151 80/80/80 69/69/69
f 880/880/880 151/151/151 69/69/69
f 74/74/74 880/880/880 69/69/69
f 74/74/74 892/892/892 880/880/880
f 74/74/74 900/900/900 892/892/892
f 162/162/162 147/147/147 161/161/161
f 147/147/147 149/149/149 161/161/161
f 147/147/147 73/73/73 149/149/149
f 149/149/149 73/73/73 80/80/80
f 73/73/73 82/82/82 80/80/80
f 80/80/80 82/82/82 67/67/67
f 80/80/80 67/67/67 69/69/69
f 69/69/69 67/67/67 71/71/71
f 69/69/69 71/71/71 74/74/74
f 152/152/152 147/147/147 162/162/162
f 152/152/152 73/73/73 147/147/147
f 82/82/82 73/73/73 152/152/152
f 74/74/74 71/71/71 75/75/75
f 75/75/75 68/68/68 74/74/74
f 68/68/68 900/900/900 74/74/74
f 68/68/68 876/876/876 900/900/900
f 893/893/893 876/876/876 68/68/68
f 68/68/68 66/66/66 893/893/893
f 893/893/893 66/66/66 895/895/895
f 66/66/66 68/68/68 75/75/75
f 139/139/139 143/143/143 322/322/322
f 322/322/322 143/143/143 140/140/140
f 322/322/322 140/140/140 321/321/321
f 322/322/322 321/321/321 335/335/335
f 321/321/321 331/331/331 335/335/335
f 291/291/291 335/335/335 331/331/331
f 327/327/327 335/335/335 291/291/291
f 140/140/140 143/143/143 138/138/138
f 140/140/140 138/138/138 137/137/137
f 137/137/137 321/321/321 140/140/140
f 159/159/159 321/321/321 137/137/137
f 159/159/159 331/331/331 321/321/321
f 384/384/384 331/331/331 159/159/159
f 302/302/302 331/331/331 384/384/384
f 291/291/291 331/331/331 302/302/302
f 293/293/293 291/291/291 302/302/302
f 334/334/334 291/291/291 293/293/293
f 291/291/291 334/334/334 327/327/327
f 327/327/327 334/334/334 330/330/330
f 137/137/137 138/138/138 141/141/141
f 141/141/141 142/142/142 137/137/137
f 137/137/137 142/142/142 323/323/323
f 137/137/137 323/323/323 159/159/159
f 159/159/159 323/323/323 380/380/380
f 159/159/159 380/380/380 384/384/384
f 384/384/384 380/380/380 355/355/355
f 292/292/292 384/384/384 355/355/355
f 302/302/302 384/384/384 292/292/292
f 292/292/292 336/336/336 302/302/302
f 302/302/302 336/336/336 293/293/293
f 293/293/293 336/336/336 395/395/395
f 293/293/293 395/395/395 334/334/334
f 323/323/323 142/142/142 381/381/381
f 381/381/381 379/379/379 323/323/323
f 323/323/323 379/379/379 380/380/380
f 364/364/364 380/380/380 379/379/379
f 355/355/355 380/380/380 364/364/364
f 290/290/290 355/355/355 364/364/364
f 292/292/292 355/355/355 290/290/290
f 290/290/290 297/297/297 292/292/292
f 292/292/292 297/297/297 336/336/336
f 381/381/381 142/142/142 136/136/136
f 136/136/136 135/135/135 381/381/381
f 381/381/381 135/135/135 378/378/378
f 379/379/379 381/381/381 378/378/378
f 379/379/379 378/378/378 394/394/394
f 364/364/364 379/379/379 394/394/394
f 364/364/364 394/394/394 290/290/290
f 290/290/290 394/394/394 304/304/304
f 299/299/299 290/290/290 304/304/304
f 297/297/297 290/290/290 299/299/299
f 297/297/297 299/299/299 300/300/300
f 297/297/297 300/300/300 336/336/336
f 378/378/378 135/135/135 310/310/310
f 383/383/383 378/378/378 310/310/310
f 394/394/394 378/378/378 383/383/383
f 394/394/394 383/383/383 304/304/304
f 304/304/304 383/383/383 332/332/332
f 332/332/332 299/299/299 304/304/304
f 325/325/325 299/299/299 332/332/332
f 296/296/296 299/299/299 325/325/325
f 305/305/305 299/299/299 296/296/296
f 300/300/300 299/299/299 305/305/305
f 310/310/310 135/135/135 146/146/146
f 310/310/310 146/146/146 366/366/366
f 319/319/319 310/310/310 366/366/366
f 383/383/383 310/310/310 319/319/319
f 383/383/383 319/319/319 332/332/332
f 332/332/332 319/319/319 318/318/318
f 318/318/318 325/325/325 332/332/332
f 339/339/339 325/325/325 318/318/318
f 337/337/337 325/325/325 339/339/339
f 296/296/296 325/325/325 337/337/337
f 337/337/337 316/316/316 296/296/296
f 316/316/316 305/305/305 296/296/296
f 366/366/366 146/146/146 320/320/320
f 366/366/366 320/320/320 382/382/382
f 295/295/295 366/366/366 382/382/382
f 319/319/319 366/366/366 295/295/295
f 309/309/309 319/319/319 295/295/295
f 318/318/318 319/319/319 309/309/309
f 309/309/309 344/344/344 318/318/318
f 318/318/318 344/344/344 339/339/339
f 344/344/344 337/337/337 339/339/339
f 294/294/294 337/337/337 344/344/344
f 294/294/294 307/307/307 337/337/337
f 307/307/307 316/316/316 337/337/337
f 382/382/382 320/320/320 308/308/308
f 308/308/308 145/145/145 382/382/382
f 382/382/382 145/145/145 369/369/369
f 382/382/382 369/369/369 295/295/295
f 295/295/295 369/369/369 343/343/343
f 295/295/295 343/343/343 309/309/309
f 309/309/309 343/343/343 326/326/326
f 326/326/326 344/344/344 309/309/309
f 393/393/393 344/344/344 326/326/326
f 338/338/338 344/344/344 393/393/393
f 338/338/338 294/294/294 344/344/344
f 294/294/294 338/338/338 392/392/392
f 392/392/392 340/340/340 294/294/294
f 294/294/294 340/340/340 307/307/307
f 340/340/340 342/342/342 307/307/307
f 307/307/307 342/342/342 386/386/386
f 307/307/307 386/386/386 316/316/316
f 393/393/393 376/376/376 338/338/338
f 338/338/338 376/376/376 400/400/400
f 392/392/392 338/338/338 400/400/400
f 400/400/400 398/398/398 392/392/392
f 392/392/392 398/398/398 340/340/340
f 340/340/340 398/398/398 487/487/487
f 340/340/340 487/487/487 342/342/342
f 342/342/342 487/487/487 485/485/485
f 485/485/485 487/487/487 483/483/483
f 376/376/376 499/499/499 400/400/400
f 400/400/400 499/499/499 399/399/399
f 398/398/398 400/400/400 399/399/399
f 399/399/399 482/482/482 398/398/398
f 398/398/398 482/482/482 487/487/487
f 483/483/483 487/487/487 482/482/482
f 482/482/482 588/588/588 483/483/483
f 483/483/483 588/588/588 345/345/345
f 593/593/593 345/345/345 588/588/588
f 401/401/401 345/345/345 593/593/593
f 377/377/377 499/499/499 376/376/376
f 491/491/491 499/499/499 377/377/377
f 493/493/493 499/499/499 491/491/491
f 590/590/590 499/499/499 493/493/493
f 399/399/399 499/499/499 590/590/590
f 590/590/590 482/482/482 399/399/399
f 588/588/588 482/482/482 590/590/590
f 588/588/588 590/590/590 586/586/586
f 586/586/586 593/593/593 588/588/588
f 600/600/600 593/593/593 586/586/586
f 601/601/601 593/593/593 600/600/600
f 601/601/601 401/401/401 593/593/593
f 480/480/480 401/401/401 601/601/601
f 493/493/493 491/491/491 581/581/581
f 587/587/587 493/493/493 581/581/581
f 484/484/484 493/493/493 587/587/587
f 586/586/586 493/493/493 484/484/484
f 590/590/590 493/493/493 586/586/586
f 492/492/492 581/581/581 491/491/491
f 592/592/592 581/581/581 492/492/492
f 592/592/592 589/589/589 581/581/581
f 581/581/581 589/589/589 587/587/587
f 589/589/589 479/479/479 587/587/587
f 479/479/479 486/486/486 587/587/587
f 587/587/587 486/486/486 484/484/484
f 484/484/484 486/486/486 586/586/586
f 586/586/586 486/486/486 600/600/600
f 596/596/596 600/600/600 486/486/486
f 601/601/601 600/600/600 596/596/596
f 601/601/601 596/596/596 598/598/598
f 598/598/598 480/480/480 601/601/601
f 481/481/481 480/480/480 598/598/598
f 372/372/372 592/592/592 492/492/492
f 388/388/388 592/592/592 372/372/372
f 388/388/388 387/387/387 592/592/592
f 592/592/592 387/387/387 589/589/589
f 387/387/387 312/312/312 589/589/589
f 589/589/589 312/312/312 389/389/389
f 389/389/389 479/479/479 589/589/589
f 389/389/389 580/580/580 479/479/479
f 580/580/580 486/486/486 479/479/479
f 596/596/596 486/486/486 580/580/580
f 360/360/360 388/388/388 372/372/372
f 314/314/314 388/388/388 360/360/360
f 314/314/314 311/311/311 388/388/388
f 388/388/388 311/311/311 387/387/387
f 311/311/311 370/370/370 387/387/387
f 387/387/387 370/370/370 312/312/312
f 370/370/370 359/359/359 312/312/312
f 312/312/312 359/359/359 363/363/363
f 312/312/312 363/363/363 389/389/389
f 389/389/389 363/363/363 371/371/371
f 371/371/371 580/580/580 389/389/389
f 371/371/371 583/583/583 580/580/580
f 580/580/580 583/583/583 596/596/596
f 596/596/596 583/583/583 594/594/594
f 598/598/598 596/596/596 594/594/594
f 359/359/359 368/368/368 363/363/363
f 368/368/368 375/375/375 363/363/363
f 363/363/363 375/375/375 371/371/371
f 375/375/375 367/367/367 371/371/371
f 367/367/367 583/583/583 371/371/371
f 367/367/367 374/374/374 583/583/583
f 583/583/583 374/374/374 582/582/582
f 583/583/583 582/582/582 594/594/594
f 594/594/594 582/582/582 585/585/585
f 594/594/594 585/585/585 598/598/598
f 362/362/362 368/368/368 359/359/359
f 362/362/362 361/361/361 368/368/368
f 368/368/368 361/361/361 373/373/373
f 373/373/373 375/375/375 368/368/368
f 385/385/385 375/375/375 373/373/373
f 375/375/375 385/385/385 367/367/367
f 367/367/367 385/385/385 374/374/374
f 385/385/385 390/390/390 374/374/374
f 390/390/390 582/582/582 374/374/374
f 488/488/488 582/582/582 390/390/390
f 582/582/582 488/488/488 585/585/585
f 361/361/361 306/306/306 373/373/373
f 306/306/306 317/317/317 373/373/373
f 373/373/373 317/317/317 385/385/385
f 317/317/317 390/390/390 385/385/385
f 317/317/317 494/494/494 390/390/390
f 390/390/390 494/494/494 488/488/488
f 488/488/488 494/494/494 496/496/496
f 488/488/488 496/496/496 489/489/489
f 585/585/585 488/488/488 489/489/489
f 298/298/298 306/306/306 361/361/361
f 354/354/354 306/306/306 298/298/298
f 354/354/354 315/315/315 306/306/306
f 315/315/315 358/358/358 306/306/306
f 306/306/306 358/358/358 317/317/317
f 358/358/358 494/494/494 317/317/317
f 494/494/494 358/358/358 498/498/498
f 498/498/498 495/495/495 494/494/494
f 494/494/494 495/495/495 496/496/496
f 496/496/496 495/495/495 497/497/497
f 489/489/489 496/496/496 497/497/497
f 397/397/397 489/489/489 497/497/497
f 397/397/397 585/585/585 489/489/489
f 354/354/354 313/313/313 315/315/315
f 313/313/313 365/365/365 315/315/315
f 315/315/315 365/365/365 358/358/358
f 358/358/358 365/365/365 498/498/498
f 301/301/301 365/365/365 313/313/313
f 497/497/497 495/495/495 490/490/490
f 497/497/497 490/490/490 350/350/350
f 350/350/350 396/396/396 497/497/497
f 497/497/497 396/396/396 397/397/397
f 397/397/397 396/396/396 349/349/349
f 397/397/397 349/349/349 584/584/584
f 584/584/584 585/585/585 397/397/397
f 598/598/598 585/585/585 584/584/584
f 350/350/350 490/490/490 351/351/351
f 350/350/350 351/351/351 396/396/396
f 351/351/351 347/347/347 396/396/396
f 347/347/347 346/346/346 396/396/396
f 396/396/396 346/346/346 349/349/349
f 348/348/348 349/349/349 346/346/346
f 353/353/353 349/349/349 348/348/348
f 349/349/349 353/353/353 584/584/584
f 584/584/584 353/353/353 478/478/478
f 478/478/478 598/598/598 584/584/584
f 481/481/481 598/598/598 478/478/478
f 351/351/351 490/490/490 352/352/352
f 352/352/352 330/330/330 351/351/351
f 351/351/351 330/330/330 341/341/341
f 351/351/351 341/341/341 357/357/357
f 347/347/347 351/351/351 357/357/357
f 347/347/347 357/357/357 346/346/346
f 346/346/346 357/357/357 329/329/329
f 346/346/346 329/329/329 348/348/348
f 348/348/348 329/329/329 356/356/356
f 329/329/329 303/303/303 356/356/356
f 356/356/356 303/303/303 333/333/333
f 330/330/330 334/334/334 341/341/341
f 341/341/341 334/334/334 357/357/357
f 357/357/357 334/334/334 395/395/395
f 357/357/357 395/395/395 329/329/329
f 329/329/329 395/395/395 303/303/303
f 395/395/395 336/336/336 303/303/303
f 336/336/336 300/300/300 303/303/303
f 300/300/300 333/333/333 303/303/303
f 324/324/324 333/333/333 300/300/300
f 300/300/300 328/328/328 324/324/324
f 305/305/305 328/328/328 300/300/300
f 305/305/305 391/391/391 328/328/328
f 316/316/316 391/391/391 305/305/305
f 316/316/316 386/386/386 391/391/391
f 817/817/817 602/602/602 599/599/599
f 822/822/822 602/602/602 817/817/817
f 822/822/822 1135/1135/1135 602/602/602
f 602/602/602 1135/1135/1135 603/603/603
f 1135/1135/1135 1123/1123/1123 603/603/603
f 603/603/603 1123/1123/1123 595/595/595
f 956/956/956 595/595/595 1123/1123/1123
f 610/610/610 595/595/595 956/956/956
f 817/817/817 821/821/821 822/822/822
f 822/822/822 821/821/821 820/820/820
f 1508/1508/1508 822/822/822 820/820/820
f 1135/1135/1135 822/822/822 1508/1508/1508
f 1510/1510/1510 1135/1135/1135 1508/1508/1508
f 1123/1123/1123 1135/1135/1135 1510/1510/1510
f 971/971/971 1123/1123/1123 1510/1510/1510
f 956/956/956 1123/1123/1123 971/971/971
f 959/959/959 956/956/956 971/971/971
f 869/869/869 956/956/956 959/959/959
f 869/869/869 610/610/610 956/956/956
f 597/597/597 610/610/610 869/869/869
f 821/821/821 818/818/818 820/820/820
f 820/820/820 818/818/818 1508/1508/1508
f 1508/1508/1508 818/818/818 1509/1509/1509
f 1508/1508/1508 1509/1509/1509 1510/1510/1510
f 1510/1510/1510 1509/1509/1509 1511/1511/1511
f 1511/1511/1511 971/971/971 1510/1510/1510
f 1090/1090/1090 971/971/971 1511/1511/1511
f 1090/1090/1090 959/959/959 971/971/971
f 1091/1091/1091 959/959/959 1090/1090/1090
f 1097/1097/1097 1091/1091/1091 1090/1090/1090
f 1093/1093/1093 1091/1091/1091 1097/1097/1097
f 819/819/819 818/818/818 821/821/821
f 819/819/819 866/866/866 818/818/818
f 818/818/818 866/866/866 1509/1509/1509
f 1509/1509/1509 866/866/866 1118/1118/1118
f 1509/1509/1509 1118/1118/1118 1511/1511/1511
f 1511/1511/1511 1118/1118/1118 1126/1126/1126
f 1511/1511/1511 1126/1126/1126 1090/1090/1090
f 1126/1126/1126 1106/1106/1106 1090/1090/1090
f 1090/1090/1090 1106/1106/1106 1097/1097/1097
f 1106/1106/1106 1128/1128/1128 1097/1097/1097
f 1097/1097/1097 1128/1128/1128 1098/1098/1098
f 1097/1097/1097 1098/1098/1098 1093/1093/1093
f 1093/1093/1093 1098/1098/1098 1078/1078/1078
f 857/857/857 866/866/866 819/819/819
f 857/857/857 859/859/859 866/866/866
f 866/866/866 859/859/859 1118/1118/1118
f 1118/1118/1118 859/859/859 1127/1127/1127
f 1118/1118/1118 1127/1127/1127 1126/1126/1126
f 1126/1126/1126 1127/1127/1127 1106/1106/1106
f 1106/1106/1106 1127/1127/1127 1128/1128/1128
f 1128/1128/1128 1127/1127/1127 1108/1108/1108
f 1108/1108/1108 1107/1107/1107 1128/1128/1128
f 1128/1128/1128 1107/1107/1107 1098/1098/1098
f 1107/1107/1107 1113/1113/1113 1098/1098/1098
f 1113/1113/1113 958/958/958 1098/1098/1098
f 1098/1098/1098 958/958/958 1078/1078/1078
f 858/858/858 859/859/859 857/857/857
f 686/686/686 859/859/859 858/858/858
f 702/702/702 859/859/859 686/686/686
f 702/702/702 1127/1127/1127 859/859/859
f 1108/1108/1108 1127/1127/1127 702/702/702
f 702/702/702 1122/1122/1122 1108/1108/1108
f 1122/1122/1122 1107/1107/1107 1108/1108/1108
f 1122/1122/1122 1115/1115/1115 1107/1107/1107
f 1115/1115/1115 1113/1113/1113 1107/1107/1107
f 1114/1114/1114 1113/1113/1113 1115/1115/1115
f 1116/1116/1116 1113/1113/1113 1114/1114/1114
f 1116/1116/1116 867/867/867 1113/1113/1113
f 1113/1113/1113 867/867/867 958/958/958
f 864/864/864 702/702/702 686/686/686
f 863/863/863 702/702/702 864/864/864
f 863/863/863 1122/1122/1122 702/702/702
f 863/863/863 1136/1136/1136 1122/1122/1122
f 1136/1136/1136 1115/1115/1115 1122/1122/1122
f 1137/1137/1137 1115/1115/1115 1136/1136/1136
f 1114/1114/1114 1115/1115/1115 1137/1137/1137
f 683/683/683 1114/1114/1114 1137/1137/1137
f 685/685/685 1114/1114/1114 683/683/683
f 685/685/685 1116/1116/1116 1114/1114/1114
f 864/864/864 870/870/870 863/863/863
f 863/863/863 870/870/870 862/862/862
f 862/862/862 1136/1136/1136 863/863/863
f 862/862/862 860/860/860 1136/1136/1136
f 1136/1136/1136 860/860/860 1137/1137/1137
f 860/860/860 861/861/861 1137/1137/1137
f 1137/1137/1137 861/861/861 683/683/683
f 862/862/862 870/870/870 860/860/860
f 860/860/860 870/870/870 865/865/865
f 865/865/865 868/868/868 860/860/860
f 860/860/860 868/868/868 861/861/861
f 684/684/684 1116/1116/1116 685/685/685
f 688/688/688 1116/1116/1116 684/684/684
f 867/867/867 1116/1116/1116 688/688/688
f 703/703/703 1507/1507/1507 1343/1343/1343
f 1344/1344/1344 1343/1343/1343 1507/1507/1507
f 1342/1342/1342 1343/1343/1343 1344/1344/1344
f 1342/1342/1342 1344/1344/1344 1337/1337/1337
f 1337/1337/1337 1344/1344/1344 1111/1111/1111
f 1337/1337/1337 1111/1111/1111 1095/1095/1095
f 1095/1095/1095 1111/1111/1111 1096/1096/1096
f 1095/1095/1095 1096/1096/1096 1077/1077/1077
f 1077/1077/1077 1076/1076/1076 1095/1095/1095
f 1087/1087/1087 1076/1076/1076 1077/1077/1077
f 924/924/924 985/985/985 1094/1094/1094
f 1094/1094/1094 985/985/985 1124/1124/1124
f 1125/1125/1125 1094/1094/1094 1124/1124/1124
f 1109/1109/1109 1094/1094/1094 1125/1125/1125
f 957/957/957 1124/1124/1124 985/985/985
f 1138/1138/1138 1124/1124/1124 957/957/957
f 1138/1138/1138 1125/1125/1125 1124/1124/1124
f 1125/1125/1125 1138/1138/1138 1131/1131/1131
f 1138/1138/1138 1502/1502/1502 1131/1131/1131
f 1131/1131/1131 1502/1502/1502 1129/1129/1129
f 1129/1129/1129 1502/1502/1502 1088/1088/1088
f 1088/1088/1088 1502/1502/1502 1346/1346/1346
f 1346/1346/1346 1334/1334/1334 1088/1088/1088
f 1505/1505/1505 1138/1138/1138 957/957/957
f 1502/1502/1502 1138/1138/1138 1505/1505/1505
f 1503/1503/1503 1502/1502/1502 1505/1505/1505
f 1504/1504/1504 1502/1502/1502 1503/1503/1503
f 1504/1504/1504 1346/1346/1346 1502/1502/1502
f 1512/1512/1512 1346/1346/1346 1504/1504/1504
f 1512/1512/1512 1338/1338/1338 1346/1346/1346
f 1338/1338/1338 1334/1334/1334 1346/1346/1346
f 1345/1345/1345 1334/1334/1334 1338/1338/1338
f 1336/1336/1336 1334/1334/1334 1345/1345/1345
f 1130/1130/1130 1336/1336/1336 1345/1345/1345
f 1132/1132/1132 1336/1336/1336 1130/1130/1130
f 1503/1503/1503 926/926/926 1504/1504/1504
f 1504/1504/1504 926/926/926 1120/1120/1120
f 1120/1120/1120 1119/1119/1119 1504/1504/1504
f 1504/1504/1504 1119/1119/1119 1512/1512/1512
f 1119/1119/1119 1130/1130/1130 1512/1512/1512
f 1512/1512/1512 1130/1130/1130 1345/1345/1345
f 1345/1345/1345 1338/1338/1338 1512/1512/1512
f 926/926/926 1110/1110/1110 1120/1120/1120
f 1120/1120/1120 1110/1110/1110 1133/1133/1133
f 1121/1121/1121 1120/1120/1120 1133/1133/1133
f 1119/1119/1119 1120/1120/1120 1121/1121/1121
f 1132/1132/1132 1119/1119/1119 1121/1121/1121
f 1130/1130/1130 1119/1119/1119 1132/1132/1132
f 927/927/927 1110/1110/1110 926/926/926
f 925/925/925 1110/1110/1110 927/927/927
f 1112/1112/1112 1110/1110/1110 925/925/925
f 1112/1112/1112 1134/1134/1134 1110/1110/1110
f 1133/1133/1133 1110/1110/1110 1134/1134/1134
f 925/925/925 972/972/972 1112/1112/1112
f 1112/1112/1112 972/972/972 1089/1089/1089
f 1112/1112/1112 1089/1089/1089 1117/1117/1117
f 1117/1117/1117 1134/1134/1134 1112/1112/1112
f 1117/1117/1117 1089/1089/1089 1092/1092/1092
f 2068/2068/2068 45/45/45 2075/2075/2075
f 47/47/47 45/45/45 2068/2068/2068
f 47/47/47 86/86/86 45/45/45
f 87/87/87 86/86/86 47/47/47
f 87/87/87 124/124/124 86/86/86
f 107/107/107 124/124/124 87/87/87
f 124/124/124 107/107/107 1285/1285/1285
f 2068/2068/2068 1204/1204/1204 47/47/47
f 1204/1204/1204 87/87/87 47/47/47
f 104/104/104 87/87/87 1204/1204/1204
f 104/104/104 106/106/106 87/87/87
f 87/87/87 106/106/106 1293/1293/1293
f 1293/1293/1293 107/107/107 87/87/87
f 107/107/107 1293/1293/1293 53/53/53
f 107/107/107 53/53/53 51/51/51
f 1285/1285/1285 107/107/107 51/51/51
f 1285/1285/1285 51/51/51 1284/1284/1284
f 2067/2067/2067 1204/1204/1204 2068/2068/2068
f 2066/2066/2066 1204/1204/1204 2067/2067/2067
f 2066/2066/2066 1395/1395/1395 1204/1204/1204
f 1481/1481/1481 1204/1204/1204 1395/1395/1395
f 1481/1481/1481 104/104/104 1204/1204/1204
f 28/28/28 104/104/104 1481/1481/1481
f 105/105/105 104/104/104 28/28/28
f 106/106/106 104/104/104 105/105/105
f 2065/2065/2065 1395/1395/1395 2066/2066/2066
f 1436/1436/1436 1395/1395/1395 2065/2065/2065
f 1436/1436/1436 1481/1481/1481 1395/1395/1395
f 1481/1481/1481 1436/1436/1436 1216/1216/1216
f 28/28/28 1481/1481/1481 1216/1216/1216
f 1216/1216/1216 105/105/105 28/28/28
f 1261/1261/1261 105/105/105 1216/1216/1216
f 105/105/105 1261/1261/1261 29/29/29
f 31/31/31 105/105/105 29/29/29
f 106/106/106 105/105/105 31/31/31
f 31/31/31 1293/1293/1293 106/106/106
f 1286/1286/1286 1293/1293/1293 31/31/31
f 53/53/53 1293/1293/1293 1286/1286/1286
f 29/29/29 1261/1261/1261 1207/1207/1207
f 29/29/29 1207/1207/1207 89/89/89
f 123/123/123 29/29/29 89/89/89
f 31/31/31 29/29/29 123/123/123
f 1203/1203/1203 31/31/31 123/123/123
f 1286/1286/1286 31/31/31 1203/1203/1203
f 1286/1286/1286 1203/1203/1203 53/53/53
f 53/53/53 1203/1203/1203 55/55/55
f 51/51/51 53/53/53 55/55/55
f 1284/1284/1284 51/51/51 55/55/55
f 89/89/89 1207/1207/1207 1283/1283/1283
f 89/89/89 1283/1283/1283 122/122/122
f 122/122/122 123/123/123 89/89/89
f 88/88/88 123/123/123 122/122/122
f 65/65/65 123/123/123 88/88/88
f 1203/1203/1203 123/123/123 65/65/65
f 65/65/65 55/55/55 1203/1203/1203
f 65/65/65 1284/1284/1284 55/55/55
f 64/64/64 1284/1284/1284 65/65/65
f 37/37/37 64/64/64 65/65/65
f 36/36/36 37/37/37 65/65/65
f 34/34/34 37/37/37 36/36/36
f 122/122/122 1283/1283/1283 1260/1260/1260
f 122/122/122 1260/1260/1260 33/33/33
f 62/62/62 122/122/122 33/33/33
f 88/88/88 122/122/122 62/62/62
f 62/62/62 65/65/65 88/88/88
f 36/36/36 65/65/65 62/62/62
f 63/63/63 36/36/36 62/62/62
f 61/61/61 36/36/36 63/63/63
f 61/61/61 38/38/38 36/36/36
f 36/36/36 38/38/38 34/34/34
f 33/33/33 1260/1260/1260 1438/1438/1438
f 1438/1438/1438 35/35/35 33/33/33
f 35/35/35 63/63/63 33/33/33
f 33/33/33 63/63/63 62/62/62
f 1437/1437/1437 35/35/35 1438/1438/1438
f 99/99/99 2062/2062/2062 2064/2064/2064
f 2355/2355/2355 2062/2062/2062 99/99/99
f 2355/2355/2355 2063/2063/2063 2062/2062/2062
f 2361/2361/2361 2063/2063/2063 2355/2355/2355
f 2361/2361/2361 2351/2351/2351 2063/2063/2063
f 1330/1330/1330 2351/2351/2351 2361/2361/2361
f 2351/2351/2351 1330/1330/1330 2350/2350/2350
f 99/99/99 98/98/98 2355/2355/2355
f 2355/2355/2355 98/98/98 2357/2357/2357
f 2355/2355/2355 2357/2357/2357 2361/2361/2361
f 2361/2361/2361 2357/2357/2357 2353/2353/2353
f 2361/2361/2361 2353/2353/2353 1330/1330/1330
f 1330/1330/1330 2353/2353/2353 2348/2348/2348
f 1212/1212/1212 1330/1330/1330 2348/2348/2348
f 1215/1215/1215 1330/1330/1330 1212/1212/1212
f 2350/2350/2350 1330/1330/1330 1215/1215/1215
f 128/128/128 98/98/98 99/99/99
f 119/119/119 98/98/98 128/128/128
f 190/190/190 98/98/98 119/119/119
f 189/189/189 98/98/98 190/190/190
f 206/206/206 189/189/189 190/190/190
f 213/213/213 189/189/189 206/206/206
f 99/99/99 127/127/127 128/128/128
f 127/127/127 97/97/97 128/128/128
f 128/128/128 97/97/97 120/120/120
f 120/120/120 119/119/119 128/128/128
f 121/121/121 119/119/119 120/120/120
f 165/165/165 119/119/119 121/121/121
f 190/190/190 119/119/119 165/165/165
f 168/168/168 190/190/190 165/165/165
f 206/206/206 190/190/190 168/168/168
f 96/96/96 127/127/127 99/99/99
f 97/97/97 114/114/114 120/120/120
f 120/120/120 114/114/114 102/102/102
f 102/102/102 121/121/121 120/120/120
f 101/101/101 121/121/121 102/102/102
f 101/101/101 184/184/184 121/121/121
f 165/165/165 121/121/121 184/184/184
f 211/211/211 165/165/165 184/184/184
f 168/168/168 165/165/165 211/211/211
f 114/114/114 115/115/115 102/102/102
f 102/102/102 115/115/115 130/130/130
f 102/102/102 130/130/130 101/101/101
f 101/101/101 130/130/130 103/103/103
f 101/101/101 103/103/103 204/204/204
f 204/204/204 184/184/184 101/101/101
f 200/200/200 184/184/184 204/204/204
f 211/211/211 184/184/184 200/200/200
f 212/212/212 211/211/211 200/200/200
f 210/210/210 211/211/211 212/212/212
f 210/210/210 168/168/168 211/211/211
f 115/115/115 118/118/118 130/130/130
f 100/100/100 130/130/130 118/118/118
f 103/103/103 130/130/130 100/100/100
f 100/100/100 199/199/199 103/103/103
f 204/204/204 103/103/103 199/199/199
f 202/202/202 204/204/204 199/199/199
f 200/200/200 204/204/204 202/202/202
f 198/198/198 200/200/200 202/202/202
f 212/212/212 200/200/200 198/198/198
f 112/112/112 118/118/118 115/115/115
f 112/112/112 116/116/116 118/118/118
f 118/118/118 116/116/116 177/177/177
f 175/175/175 118/118/118 177/177/177
f 100/100/100 118/118/118 175/175/175
f 175/175/175 217/217/217 100/100/100
f 217/217/217 199/199/199 100/100/100
f 199/199/199 217/217/217 215/215/215
f 197/197/197 199/199/199 215/215/215
f 202/202/202 199/199/199 197/197/197
f 197/197/197 185/185/185 202/202/202
f 202/202/202 185/185/185 198/198/198
f 116/116/116 129/129/129 177/177/177
f 178/178/178 177/177/177 129/129/129
f 175/175/175 177/177/177 178/178/178
f 178/178/178 203/203/203 175/175/175
f 203/203/203 217/217/217 175/175/175
f 217/217/217 203/203/203 215/215/215
f 215/215/215 203/203/203 201/201/201
f 183/183/183 215/215/215 201/201/201
f 197/197/197 215/215/215 183/183/183
f 183/183/183 220/220/220 197/197/197
f 197/197/197 220/220/220 185/185/185
f 117/117/117 129/129/129 116/116/116
f 2354/2354/2354 2352/2352/2352 129/129/129
f 129/129/129 2352/2352/2352 1217/1217/1217
f 1217/1217/1217 178/178/178 129/129/129
f 1307/1307/1307 178/178/178 1217/1217/1217
f 1307/1307/1307 1403/1403/1403 178/178/178
f 178/178/178 1403/1403/1403 171/171/171
f 171/171/171 203/203/203 178/178/178
f 171/171/171 201/201/201 203/203/203
f 1217/1217/1217 2352/2352/2352 2349/2349/2349
f 2349/2349/2349 1307/1307/1307 1217/1217/1217
f 2356/2356/2356 1307/1307/1307 2349/2349/2349
f 2356/2356/2356 1399/1399/1399 1307/1307/1307
f 1307/1307/1307 1399/1399/1399 1403/1403/1403
f 1399/1399/1399 1439/1439/1439 1403/1403/1403
f 1403/1403/1403 1439/1439/1439 1441/1441/1441
f 1403/1403/1403 1441/1441/1441 171/171/171
f 171/171/171 1441/1441/1441 172/172/172
f 172/172/172 201/201/201 171/171/171
f 2349/2349/2349 2352/2352/2352 2070/2070/2070
f 2070/2070/2070 2350/2350/2350 2349/2349/2349
f 2349/2349/2349 2350/2350/2350 1215/1215/1215
f 1215/1215/1215 2356/2356/2356 2349/2349/2349
f 1212/1212/1212 2356/2356/2356 1215/1215/1215
f 1212/1212/1212 1467/1467/1467 2356/2356/2356
f 2356/2356/2356 1467/1467/1467 1399/1399/1399
f 1399/1399/1399 1467/1467/1467 1439/1439/1439
f 1439/1439/1439 1467/1467/1467 1466/1466/1466
f 1470/1470/1470 1439/1439/1439 1466/1466/1466
f 1441/1441/1441 1439/1439/1439 1470/1470/1470
f 1470/1470/1470 186/186/186 1441/1441/1441
f 1441/1441/1441 186/186/186 172/172/172
f 186/186/186 201/201/201 172/172/172
f 183/183/183 201/201/201 186/186/186
f 218/218/218 183/183/183 186/186/186
f 220/220/220 183/183/183 218/218/218
f 1212/1212/1212 1433/1433/1433 1467/1467/1467
f 1433/1433/1433 1419/1419/1419 1467/1467/1467
f 1466/1466/1466 1467/1467/1467 1419/1419/1419
f 1466/1466/1466 1419/1419/1419 1471/1471/1471
f 1282/1282/1282 1466/1466/1466 1471/1471/1471
f 1470/1470/1470 1466/1466/1466 1282/1282/1282
f 1282/1282/1282 218/218/218 1470/1470/1470
f 1470/1470/1470 218/218/218 186/186/186
f 2348/2348/2348 1433/1433/1433 1212/1212/1212
f 2348/2348/2348 1469/1469/1469 1433/1433/1433
f 1469/1469/1469 1418/1418/1418 1433/1433/1433
f 1418/1418/1418 1419/1419/1419 1433/1433/1433
f 1418/1418/1418 1464/1464/1464 1419/1419/1419
f 1471/1471/1471 1419/1419/1419 1464/1464/1464
f 1471/1471/1471 1464/1464/1464 1461/1461/1461
f 1213/1213/1213 1471/1471/1471 1461/1461/1461
f 1282/1282/1282 1471/1471/1471 1213/1213/1213
f 1213/1213/1213 219/219/219 1282/1282/1282
f 1282/1282/1282 219/219/219 218/218/218
f 2353/2353/2353 1469/1469/1469 2348/2348/2348
f 2353/2353/2353 1328/1328/1328 1469/1469/1469
f 1328/1328/1328 1463/1463/1463 1469/1469/1469
f 1463/1463/1463 1418/1418/1418 1469/1469/1469
f 1463/1463/1463 1460/1460/1460 1418/1418/1418
f 1460/1460/1460 1464/1464/1464 1418/1418/1418
f 1460/1460/1460 1475/1475/1475 1464/1464/1464
f 1464/1464/1464 1475/1475/1475 1468/1468/1468
f 1461/1461/1461 1464/1464/1464 1468/1468/1468
f 2357/2357/2357 1328/1328/1328 2353/2353/2353
f 1474/1474/1474 1328/1328/1328 2357/2357/2357
f 1474/1474/1474 1483/1483/1483 1328/1328/1328
f 1483/1483/1483 1463/1463/1463 1328/1328/1328
f 1483/1483/1483 1417/1417/1417 1463/1463/1463
f 1417/1417/1417 1460/1460/1460 1463/1463/1463
f 1417/1417/1417 1404/1404/1404 1460/1460/1460
f 1460/1460/1460 1404/1404/1404 1475/1475/1475
f 98/98/98 1474/1474/1474 2357/2357/2357
f 1472/1472/1472 1474/1474/1474 98/98/98
f 1472/1472/1472 1465/1465/1465 1474/1474/1474
f 1465/1465/1465 1483/1483/1483 1474/1474/1474
f 1214/1214/1214 1483/1483/1483 1465/1465/1465
f 1405/1405/1405 1483/1483/1483 1214/1214/1214
f 1405/1405/1405 1417/1417/1417 1483/1483/1483
f 1405/1405/1405 1404/1404/1404 1417/1417/1417
f 1263/1263/1263 1404/1404/1404 1405/1405/1405
f 1435/1435/1435 1404/1404/1404 1263/1263/1263
f 1435/1435/1435 1263/1263/1263 1462/1462/1462
f 1462/1462/1462 1393/1393/1393 1435/1435/1435
f 213/213/213 1465/1465/1465 1472/1472/1472
f 213/213/213 216/216/216 1465/1465/1465
f 1465/1465/1465 216/216/216 1214/1214/1214
f 216/216/216 232/232/232 1214/1214/1214
f 1214/1214/1214 232/232/232 1396/1396/1396
f 1396/1396/1396 1263/1263/1263 1214/1214/1214
f 1214/1214/1214 1263/1263/1263 1405/1405/1405
f 206/206/206 216/216/216 213/213/213
f 205/205/205 216/216/216 206/206/206
f 205/205/205 232/232/232 216/216/216
f 281/281/281 232/232/232 205/205/205
f 281/281/281 231/231/231 232/232/232
f 231/231/231 1396/1396/1396 232/232/232
f 1440/1440/1440 1396/1396/1396 231/231/231
f 1462/1462/1462 1396/1396/1396 1440/1440/1440
f 1263/1263/1263 1396/1396/1396 1462/1462/1462
f 168/168/168 205/205/205 206/206/206
f 167/167/167 205/205/205 168/168/168
f 167/167/167 173/173/173 205/205/205
f 205/205/205 173/173/173 281/281/281
f 214/214/214 281/281/281 173/173/173
f 285/285/285 281/281/281 214/214/214
f 285/285/285 231/231/231 281/281/281
f 233/233/233 231/231/231 285/285/285
f 280/280/280 231/231/231 233/233/233
f 231/231/231 280/280/280 1440/1440/1440
f 167/167/167 168/168/168 210/210/210
f 210/210/210 173/173/173 167/167/167
f 170/170/170 173/173/173 210/210/210
f 170/170/170 191/191/191 173/173/173
f 173/173/173 191/191/191 214/214/214
f 191/191/191 187/187/187 214/214/214
f 214/214/214 187/187/187 233/233/233
f 233/233/233 285/285/285 214/214/214
f 212/212/212 170/170/170 210/210/210
f 188/188/188 170/170/170 212/212/212
f 188/188/188 212/212/212 198/198/198
f 188/188/188 198/198/198 209/209/209
f 209/209/209 198/198/198 208/208/208
f 207/207/207 209/209/209 208/208/208
f 207/207/207 181/181/181 209/209/209
f 207/207/207 195/195/195 181/181/181
f 277/277/277 195/195/195 207/207/207
f 180/180/180 195/195/195 277/277/277
f 194/194/194 195/195/195 180/180/180
f 208/208/208 198/198/198 185/185/185
f 185/185/185 282/282/282 208/208/208
f 234/234/234 208/208/208 282/282/282
f 207/207/207 208/208/208 234/234/234
f 234/234/234 277/277/277 207/207/207
f 277/277/277 234/234/234 235/235/235
f 235/235/235 234/234/234 245/245/245
f 234/234/234 282/282/282 245/245/245
f 245/245/245 282/282/282 219/219/219
f 282/282/282 220/220/220 219/219/219
f 219/219/219 220/220/220 218/218/218
f 220/220/220 282/282/282 185/185/185
f 193/193/193 233/233/233 187/187/187
f 192/192/192 233/233/233 193/193/193
f 1440/1440/1440 280/280/280 1401/1401/1401
f 1440/1440/1440 1401/1401/1401 1462/1462/1462
f 1401/1401/1401 1393/1393/1393 1462/1462/1462
f 1393/1393/1393 1401/1401/1401 1444/1444/1444
f 1444/1444/1444 1401/1401/1401 1392/1392/1392
f 1213/1213/1213 1400/1400/1400 219/219/219
f 1397/1397/1397 1400/1400/1400 1213/1213/1213
f 1397/1397/1397 235/235/235 1400/1400/1400
f 1398/1398/1398 235/235/235 1397/1397/1397
f 1398/1398/1398 1397/1397/1397 1479/1479/1479
f 1398/1398/1398 1479/1479/1479 1434/1434/1434
f 1398/1398/1398 1434/1434/1434 1473/1473/1473
f 1473/1473/1473 1434/1434/1434 1443/1443/1443
f 1213/1213/1213 1461/1461/1461 1397/1397/1397
f 1397/1397/1397 1461/1461/1461 1479/1479/1479
f 1468/1468/1468 1479/1479/1479 1461/1461/1461
f 1394/1394/1394 1479/1479/1479 1468/1468/1468
f 1434/1434/1434 1479/1479/1479 1394/1394/1394
f 501/501/501 1298/1298/1298 1329/1329/1329
f 1295/1295/1295 1298/1298/1298 501/501/501
f 1298/1298/1298 1295/1295/1295 1287/1287/1287
f 1287/1287/1287 1295/1295/1295 1288/1288/1288
f 1287/1287/1287 1288/1288/1288 1347/1347/1347
f 1347/1347/1347 1288/1288/1288 2069/2069/2069
f 2069/2069/2069 1335/1335/1335 1347/1347/1347
f 2071/2071/2071 1335/1335/1335 2069/2069/2069
f 501/501/501 1300/1300/1300 1295/1295/1295
f 1295/1295/1295 1300/1300/1300 1294/1294/1294
f 1295/1295/1295 1294/1294/1294 1288/1288/1288
f 1288/1288/1288 1294/1294/1294 1255/1255/1255
f 1288/1288/1288 1255/1255/1255 2069/2069/2069
f 2069/2069/2069 1255/1255/1255 1208/1208/1208
f 1209/1209/1209 2069/2069/2069 1208/1208/1208
f 2071/2071/2071 2069/2069/2069 1209/1209/1209
f 501/501/501 276/276/276 1300/1300/1300
f 276/276/276 1256/1256/1256 1300/1300/1300
f 1300/1300/1300 1256/1256/1256 1294/1294/1294
f 1294/1294/1294 1256/1256/1256 1206/1206/1206
f 1294/1294/1294 1206/1206/1206 1255/1255/1255
f 1255/1255/1255 1206/1206/1206 1205/1205/1205
f 1211/1211/1211 1255/1255/1255 1205/1205/1205
f 1208/1208/1208 1255/1255/1255 1211/1211/1211
f 1210/1210/1210 1208/1208/1208 1211/1211/1211
f 1209/1209/1209 1208/1208/1208 1210/1210/1210
f 243/243/243 276/276/276 501/501/501
f 243/243/243 1257/1257/1257 276/276/276
f 276/276/276 1257/1257/1257 1256/1256/1256
f 1254/1254/1254 1256/1256/1256 1257/1257/1257
f 1206/1206/1206 1256/1256/1256 1254/1254/1254
f 1253/1253/1253 1206/1206/1206 1254/1254/1254
f 1205/1205/1205 1206/1206/1206 1253/1253/1253
f 1253/1253/1253 1340/1340/1340 1205/1205/1205
f 1205/1205/1205 1340/1340/1340 1211/1211/1211
f 1340/1340/1340 1341/1341/1341 1211/1211/1211
f 1211/1211/1211 1341/1341/1341 1210/1210/1210
f 1257/1257/1257 1266/1266/1266 1254/1254/1254
f 1266/1266/1266 1297/1297/1297 1254/1254/1254
f 1254/1254/1254 1297/1297/1297 1253/1253/1253
f 1297/1297/1297 1506/1506/1506 1253/1253/1253
f 1253/1253/1253 1506/1506/1506 1340/1340/1340
f 1506/1506/1506 1339/1339/1339 1340/1340/1340
f 1340/1340/1340 1339/1339/1339 1341/1341/1341
f 1402/1402/1402 1266/1266/1266 1257/1257/1257
f 1252/1252/1252 1262/1262/1262 1220/1220/1220
f 1238/1238/1238 1262/1262/1262 1252/1252/1252
f 1238/1238/1238 1259/1259/1259 1262/1262/1262
f 1236/1236/1236 1259/1259/1259 1238/1238/1238
f 1236/1236/1236 1238/1238/1238 43/43/43
f 43/43/43 1238/1238/1238 44/44/44
f 44/44/44 46/46/46 43/43/43
f 43/43/43 46/46/46 56/56/56
f 57/57/57 1238/1238/1238 1252/1252/1252
f 44/44/44 1238/1238/1238 57/57/57
f 57/57/57 21/21/21 44/44/44
f 44/44/44 21/21/21 46/46/46
f 46/46/46 21/21/21 54/54/54
f 46/46/46 54/54/54 56/56/56
f 50/50/50 56/56/56 54/54/54
f 54/54/54 52/52/52 50/50/50
f 50/50/50 52/52/52 48/48/48
f 48/48/48 52/52/52 24/24/24
f 1252/1252/1252 1258/1258/1258 57/57/57
f 57/57/57 1258/1258/1258 1296/1296/1296
f 1296/1296/1296 1218/1218/1218 57/57/57
f 57/57/57 1218/1218/1218 21/21/21
f 1218/1218/1218 228/228/228 21/21/21
f 21/21/21 228/228/228 41/41/41
f 54/54/54 21/21/21 41/41/41
f 54/54/54 41/41/41 52/52/52
f 52/52/52 41/41/41 23/23/23
f 52/52/52 23/23/23 39/39/39
f 24/24/24 52/52/52 39/39/39
f 25/25/25 24/24/24 39/39/39
f 1296/1296/1296 1258/1258/1258 1291/1291/1291
f 1296/1296/1296 1291/1291/1291 1305/1305/1305
f 1305/1305/1305 30/30/30 1296/1296/1296
f 1296/1296/1296 30/30/30 1218/1218/1218
f 30/30/30 32/32/32 1218/1218/1218
f 1218/1218/1218 32/32/32 228/228/228
f 228/228/228 32/32/32 229/229/229
f 23/23/23 228/228/228 229/229/229
f 41/41/41 228/228/228 23/23/23
f 1289/1289/1289 1305/1305/1305 1291/1291/1291
f 1290/1290/1290 1305/1305/1305 1289/1289/1289
f 60/60/60 1305/1305/1305 1290/1290/1290
f 30/30/30 1305/1305/1305 60/60/60
f 27/27/27 30/30/30 60/60/60
f 32/32/32 30/30/30 27/27/27
f 229/229/229 32/32/32 27/27/27
f 229/229/229 27/27/27 1301/1301/1301
f 58/58/58 229/229/229 1301/1301/1301
f 23/23/23 229/229/229 58/58/58
f 39/39/39 23/23/23 58/58/58
f 1237/1237/1237 60/60/60 1290/1290/1290
f 49/49/49 60/60/60 1237/1237/1237
f 49/49/49 27/27/27 60/60/60
f 1301/1301/1301 27/27/27 1219/1219/1219
f 1301/1301/1301 1219/1219/1219 1292/1292/1292
f 1301/1301/1301 1292/1292/1292 58/58/58
f 58/58/58 1292/1292/1292 42/42/42
f 58/58/58 42/42/42 39/39/39
f 39/39/39 42/42/42 40/40/40
f 40/40/40 25/25/25 39/39/39
f 26/26/26 25/25/25 40/40/40
f 26/26/26 40/40/40 22/22/22
f 22/22/22 40/40/40 59/59/59
f 1292/1292/1292 1219/1219/1219 1264/1264/1264
f 1264/1264/1264 1299/1299/1299 1292/1292/1292
f 1292/1292/1292 1299/1299/1299 1303/1303/1303
f 1292/1292/1292 1303/1303/1303 42/42/42
f 42/42/42 1303/1303/1303 230/230/230
f 42/42/42 230/230/230 40/40/40
f 40/40/40 230/230/230 59/59/59
f 412/412/412 110/110/110 111/111/111
f 410/410/410 110/110/110 412/412/412
f 410/410/410 113/113/113 110/110/110
f 264/264/264 113/113/113 410/410/410
f 264/264/264 94/94/94 113/113/113
f 182/182/182 94/94/94 264/264/264
f 94/94/94 182/182/182 95/95/95
f 95/95/95 182/182/182 179/179/179
f 412/412/412 460/460/460 410/410/410
f 410/410/410 460/460/460 449/449/449
f 410/410/410 449/449/449 264/264/264
f 264/264/264 449/449/449 453/453/453
f 264/264/264 453/453/453 196/196/196
f 264/264/264 196/196/196 182/182/182
f 196/196/196 179/179/179 182/182/182
f 179/179/179 196/196/196 174/174/174
f 196/196/196 424/424/424 174/174/174
f 424/424/424 443/443/443 174/174/174
f 174/174/174 443/443/443 236/236/236
f 460/460/460 457/457/457 449/449/449
f 449/449/449 457/457/457 450/450/450
f 450/450/450 239/239/239 449/449/449
f 239/239/239 466/466/466 449/449/449
f 449/449/449 466/466/466 453/453/453
f 453/453/453 466/466/466 443/443/443
f 453/453/453 443/443/443 424/424/424
f 196/196/196 453/453/453 424/424/424
f 226/226/226 450/450/450 457/457/457
f 421/421/421 450/450/450 226/226/226
f 420/420/420 450/450/450 421/421/421
f 420/420/420 239/239/239 450/450/450
f 227/227/227 239/239/239 420/420/420
f 227/227/227 432/432/432 239/239/239
f 239/239/239 432/432/432 466/466/466
f 432/432/432 443/443/443 466/466/466
f 433/433/433 443/443/443 432/432/432
f 246/246/246 443/443/443 433/433/433
f 236/236/236 443/443/443 246/246/246
f 240/240/240 421/421/421 226/226/226
f 439/439/439 421/421/421 240/240/240
f 420/420/420 421/421/421 439/439/439
f 262/262/262 420/420/420 439/439/439
f 227/227/227 420/420/420 262/262/262
f 461/461/461 227/227/227 262/262/262
f 432/432/432 227/227/227 461/461/461
f 461/461/461 433/433/433 432/432/432
f 462/462/462 433/433/433 461/461/461
f 462/462/462 246/246/246 433/433/433
f 241/241/241 246/246/246 462/462/462
f 459/459/459 241/241/241 462/462/462
f 248/248/248 241/241/241 459/459/459
f 439/439/439 240/240/240 465/465/465
f 439/439/439 465/465/465 262/262/262
f 464/464/464 262/262/262 465/465/465
f 461/461/461 262/262/262 464/464/464
f 461/461/461 464/464/464 462/462/462
f 462/462/462 464/464/464 459/459/459
f 464/464/464 436/436/436 459/459/459
f 459/459/459 436/436/436 437/437/437
f 459/459/459 437/437/437 248/248/248
f 248/248/248 437/437/437 176/176/176
f 435/435/435 176/176/176 437/437/437
f 169/169/169 176/176/176 435/435/435
f 465/465/465 240/240/240 458/458/458
f 458/458/458 467/467/467 465/465/465
f 465/465/465 467/467/467 434/434/434
f 465/465/465 434/434/434 464/464/464
f 464/464/464 434/434/434 436/436/436
f 434/434/434 463/463/463 436/436/436
f 463/463/463 437/437/437 436/436/436
f 437/437/437 463/463/463 435/435/435
f 434/434/434 467/467/467 426/426/426
f 426/426/426 427/427/427 434/434/434
f 434/434/434 427/427/427 411/411/411
f 411/411/411 463/463/463 434/434/434
f 265/265/265 256/256/256 164/164/164
f 251/251/251 256/256/256 265/265/265
f 256/256/256 251/251/251 270/270/270
f 270/270/270 271/271/271 256/256/256
f 256/256/256 271/271/271 268/268/268
f 261/261/261 268/268/268 271/271/271
f 265/265/265 254/254/254 251/251/251
f 251/251/251 254/254/254 283/283/283
f 251/251/251 283/283/283 250/250/250
f 270/270/270 251/251/251 250/250/250
f 270/270/270 250/250/250 259/259/259
f 259/259/259 271/271/271 270/270/270
f 261/261/261 271/271/271 259/259/259
f 261/261/261 259/259/259 273/273/273
f 273/273/273 252/252/252 261/261/261
f 261/261/261 252/252/252 166/166/166
f 254/254/254 92/92/92 283/283/283
f 283/283/283 92/92/92 108/108/108
f 283/283/283 108/108/108 260/260/260
f 250/250/250 283/283/283 260/260/260
f 250/250/250 260/260/260 249/249/249
f 259/259/259 250/250/250 249/249/249
f 273/273/273 259/259/259 249/249/249
f 249/249/249 289/289/289 273/273/273
f 289/289/289 263/263/263 273/273/273
f 273/273/273 263/263/263 252/252/252
f 93/93/93 108/108/108 92/92/92
f 126/126/126 108/108/108 93/93/93
f 242/242/242 108/108/108 126/126/126
f 237/237/237 108/108/108 242/242/242
f 260/260/260 108/108/108 237/237/237
f 244/244/244 260/260/260 237/237/237
f 253/253/253 260/260/260 244/244/244
f 249/249/249 260/260/260 253/253/253
f 253/253/253 289/289/289 249/249/249
f 253/253/253 91/91/91 289/289/289
f 91/91/91 109/109/109 289/289/289
f 289/289/289 109/109/109 263/263/263
f 247/247/247 237/237/237 242/242/242
f 244/244/244 237/237/237 247/247/247
f 125/125/125 244/244/244 247/247/247
f 91/91/91 244/244/244 125/125/125
f 244/244/244 91/91/91 253/253/253
f 125/125/125 90/90/90 91/91/91
f 91/91/91 90/90/90 109/109/109
f 221/221/221 222/222/222 286/286/286
f 286/286/286 222/222/222 287/287/287
f 287/287/287 469/469/469 286/286/286
f 238/238/238 286/286/286 469/469/469
f 255/255/255 238/238/238 469/469/469
f 284/284/284 238/238/238 255/255/255
f 284/284/284 255/255/255 257/257/257
f 257/257/257 275/275/275 284/284/284
f 222/222/222 224/224/224 287/287/287
f 224/224/224 403/403/403 287/287/287
f 287/287/287 403/403/403 404/404/404
f 404/404/404 469/469/469 287/287/287
f 469/469/469 404/404/404 414/414/414
f 266/266/266 469/469/469 414/414/414
f 255/255/255 469/469/469 266/266/266
f 431/431/431 255/255/255 266/266/266
f 257/257/257 255/255/255 431/431/431
f 223/223/223 224/224/224 222/222/222
f 269/269/269 275/275/275 257/257/257
f 257/257/257 425/425/425 269/269/269
f 269/269/269 425/425/425 225/225/225
f 225/225/225 425/425/425 413/413/413
f 409/409/409 413/413/413 425/425/425
f 431/431/431 425/425/425 257/257/257
f 431/431/431 409/409/409 425/425/425
f 417/417/417 409/409/409 431/431/431
f 409/409/409 417/417/417 468/468/468
f 272/272/272 409/409/409 468/468/468
f 278/278/278 409/409/409 272/272/272
f 279/279/279 278/278/278 272/272/272
f 288/288/288 278/278/278 279/279/279
f 288/288/288 279/279/279 267/267/267
f 431/431/431 266/266/266 417/417/417
f 417/417/417 266/266/266 258/258/258
f 468/468/468 417/417/417 258/258/258
f 468/468/468 258/258/258 407/407/407
f 470/470/470 468/468/468 407/407/407
f 272/272/272 468/468/468 470/470/470
f 272/272/272 470/470/470 279/279/279
f 279/279/279 470/470/470 471/471/471
f 279/279/279 471/471/471 274/274/274
f 267/267/267 279/279/279 274/274/274
f 266/266/266 414/414/414 258/258/258
f 258/258/258 414/414/414 430/430/430
f 407/407/407 258/258/258 430/430/430
f 407/407/407 430/430/430 438/438/438
f 407/407/407 438/438/438 470/470/470
f 470/470/470 438/438/438 416/416/416
f 470/470/470 416/416/416 471/471/471
f 471/471/471 416/416/416 422/422/422
f 406/406/406 471/471/471 422/422/422
f 274/274/274 471/471/471 406/406/406
f 430/430/430 414/414/414 418/418/418
f 438/438/438 430/430/430 418/418/418
f 438/438/438 418/418/418 419/419/419
f 402/402/402 438/438/438 419/419/419
f 416/416/416 438/438/438 402/402/402
f 402/402/402 429/429/429 416/416/416
f 416/416/416 429/429/429 422/422/422
f 422/422/422 429/429/429 428/428/428
f 422/422/422 428/428/428 415/415/415
f 406/406/406 422/422/422 415/415/415
f 418/418/418 414/414/414 405/405/405
f 418/418/418 405/405/405 423/423/423
f 423/423/423 500/500/500 418/418/418
f 419/419/419 418/418/418 500/500/500
f 414/414/414 404/404/404 405/405/405
f 404/404/404 403/403/403 405/405/405
f 405/405/405 403/403/403 423/423/423
f 415/415/415 428/428/428 408/408/408
f 472/472/472 441/441/441 523/523/523
f 523/523/523 521/521/521 472/472/472
f 472/472/472 521/521/521 442/442/442
f 521/521/521 448/448/448 442/442/442
f 542/542/542 448/448/448 521/521/521
f 537/537/537 542/542/542 521/521/521
f 537/537/537 573/573/573 542/542/542
f 523/523/523 537/537/537 521/521/521
f 547/547/547 537/537/537 523/523/523
f 547/547/547 635/635/635 537/537/537
f 537/537/537 635/635/635 637/637/637
f 637/637/637 573/573/573 537/537/537
f 637/637/637 633/633/633 573/573/573
f 573/573/573 633/633/633 579/579/579
f 567/567/567 635/635/635 547/547/547
f 567/567/567 615/615/615 635/635/635
f 633/633/633 635/635/635 615/615/615
f 637/637/637 635/635/635 633/633/633
f 557/557/557 615/615/615 567/567/567
f 557/557/557 533/533/533 615/615/615
f 533/533/533 591/591/591 615/615/615
f 615/615/615 591/591/591 633/633/633
f 564/564/564 633/633/633 591/591/591
f 564/564/564 524/524/524 633/633/633
f 568/568/568 524/524/524 564/564/564
f 556/556/556 557/557/557 567/567/567
f 561/561/561 557/557/557 556/556/556
f 561/561/561 565/565/565 557/557/557
f 565/565/565 538/538/538 557/557/557
f 538/538/538 533/533/533 557/557/557
f 538/538/538 532/532/532 533/533/533
f 533/533/533 532/532/532 534/534/534
f 533/533/533 534/534/534 591/591/591
f 591/591/591 534/534/534 568/568/568
f 564/564/564 591/591/591 568/568/568
f 539/539/539 538/538/538 565/565/565
f 455/455/455 456/456/456 446/446/446
f 456/456/456 513/513/513 446/446/446
f 446/446/446 513/513/513 518/518/518
f 518/518/518 513/513/513 554/554/554
f 554/554/554 525/525/525 518/518/518
f 645/645/645 525/525/525 554/554/554
f 525/525/525 645/645/645 613/613/613
f 447/447/447 513/513/513 456/456/456
f 447/447/447 507/507/507 513/513/513
f 507/507/507 554/554/554 513/513/513
f 507/507/507 625/625/625 554/554/554
f 625/625/625 645/645/645 554/554/554
f 646/646/646 645/645/645 625/625/625
f 645/645/645 646/646/646 560/560/560
f 645/645/645 560/560/560 613/613/613
f 445/445/445 507/507/507 447/447/447
f 445/445/445 440/440/440 507/507/507
f 507/507/507 440/440/440 520/520/520
f 650/650/650 507/507/507 520/520/520
f 625/625/625 507/507/507 650/650/650
f 625/625/625 650/650/650 623/623/623
f 623/623/623 646/646/646 625/625/625
f 623/623/623 555/555/555 646/646/646
f 560/560/560 646/646/646 555/555/555
f 559/559/559 560/560/560 555/555/555
f 535/535/535 560/560/560 559/559/559
f 560/560/560 535/535/535 613/613/613
f 520/520/520 440/440/440 477/477/477
f 475/475/475 520/520/520 477/477/477
f 475/475/475 742/742/742 520/520/520
f 742/742/742 748/748/748 520/520/520
f 520/520/520 748/748/748 650/650/650
f 748/748/748 651/651/651 650/650/650
f 651/651/651 652/652/652 650/650/650
f 623/623/623 650/650/650 652/652/652
f 652/652/652 519/519/519 623/623/623
f 519/519/519 555/555/555 623/623/623
f 555/555/555 519/519/519 559/559/559
f 668/668/668 742/742/742 475/475/475
f 680/680/680 742/742/742 668/668/668
f 741/741/741 742/742/742 680/680/680
f 741/741/741 748/748/748 742/742/742
f 953/953/953 748/748/748 741/741/741
f 951/951/951 748/748/748 953/953/953
f 657/657/657 748/748/748 951/951/951
f 657/657/657 651/651/651 748/748/748
f 657/657/657 689/689/689 651/651/651
f 689/689/689 627/627/627 651/651/651
f 651/651/651 627/627/627 652/652/652
f 627/627/627 519/519/519 652/652/652
f 741/741/741 680/680/680 671/671/671
f 682/682/682 741/741/741 671/671/671
f 743/743/743 741/741/741 682/682/682
f 743/743/743 953/953/953 741/741/741
f 936/936/936 953/953/953 743/743/743
f 936/936/936 964/964/964 953/953/953
f 953/953/953 964/964/964 935/935/935
f 935/935/935 951/951/951 953/953/953
f 915/915/915 951/951/951 935/935/935
f 963/963/963 951/951/951 915/915/915
f 951/951/951 963/963/963 657/657/657
f 682/682/682 681/681/681 743/743/743
f 681/681/681 670/670/670 743/743/743
f 743/743/743 670/670/670 744/744/744
f 936/936/936 743/743/743 744/744/744
f 936/936/936 744/744/744 785/785/785
f 811/811/811 936/936/936 785/785/785
f 812/812/812 936/936/936 811/811/811
f 812/812/812 964/964/964 936/936/936
f 814/814/814 964/964/964 812/812/812
f 804/804/804 964/964/964 814/814/814
f 964/964/964 804/804/804 935/935/935
f 935/935/935 804/804/804 915/915/915
f 670/670/670 678/678/678 744/744/744
f 744/744/744 678/678/678 679/679/679
f 679/679/679 785/785/785 744/744/744
f 785/785/785 679/679/679 793/793/793
f 794/794/794 785/785/785 793/793/793
f 811/811/811 785/785/785 794/794/794
f 811/811/811 794/794/794 815/815/815
f 813/813/813 811/811/811 815/815/815
f 813/813/813 812/812/812 811/811/811
f 814/814/814 812/812/812 813/813/813
f 678/678/678 667/667/667 679/679/679
f 444/444/444 577/577/577 541/541/541
f 541/541/541 577/577/577 578/578/578
f 578/578/578 577/577/577 540/540/540
f 474/474/474 451/451/451 476/476/476
f 473/473/473 451/451/451 474/474/474
f 444/444/444 451/451/451 473/473/473
f 444/444/444 473/473/473 576/576/576
f 444/444/444 576/576/576 574/574/574
f 576/576/576 575/575/575 574/574/574
f 574/574/574 575/575/575 452/452/452
f 473/473/473 474/474/474 576/576/576
f 576/576/576 474/474/474 575/575/575
f 543/543/543 648/648/648 572/572/572
f 572/572/572 648/648/648 454/454/454
f 454/454/454 648/648/648 619/619/619
f 454/454/454 619/619/619 649/649/649
f 619/619/619 918/918/918 649/649/649
f 649/649/649 918/918/918 938/938/938
f 649/649/649 938/938/938 621/621/621
f 619/619/619 648/648/648 918/918/918
f 918/918/918 648/648/648 965/965/965
f 965/965/965 955/955/955 918/918/918
f 918/918/918 955/955/955 917/917/917
f 917/917/917 952/952/952 918/918/918
f 918/918/918 952/952/952 938/938/938
f 952/952/952 937/937/937 938/938/938
f 938/938/938 937/937/937 940/940/940
f 621/621/621 938/938/938 940/940/940
f 955/955/955 677/677/677 917/917/917
f 917/917/917 677/677/677 952/952/952
f 697/697/697 677/677/677 955/955/955
f 955/955/955 714/714/714 697/697/697
f 528/528/528 617/617/617 548/548/548
f 568/568/568 617/617/617 528/528/528
f 534/534/534 617/617/617 568/568/568
f 642/642/642 617/617/617 534/534/534
f 642/642/642 622/622/622 617/617/617
f 622/622/622 620/620/620 617/617/617
f 617/617/617 620/620/620 618/618/618
f 620/620/620 549/549/549 618/618/618
f 647/647/647 549/549/549 620/620/620
f 562/562/562 642/642/642 534/534/534
f 562/562/562 641/641/641 642/642/642
f 642/642/642 641/641/641 643/643/643
f 643/643/643 622/622/622 642/642/642
f 516/516/516 622/622/622 643/643/643
f 516/516/516 620/620/620 622/622/622
f 516/516/516 647/647/647 620/620/620
f 643/643/643 647/647/647 516/516/516
f 643/643/643 641/641/641 647/647/647
f 647/647/647 641/641/641 639/639/639
f 641/641/641 529/529/529 639/639/639
f 639/639/639 529/529/529 569/569/569
f 534/534/534 532/532/532 562/562/562
f 562/562/562 532/532/532 546/546/546
f 562/562/562 529/529/529 641/641/641
f 621/621/621 530/530/530 571/571/571
f 570/570/570 530/530/530 621/621/621
f 506/506/506 530/530/530 570/570/570
f 506/506/506 508/508/508 530/530/530
f 530/530/530 508/508/508 531/531/531
f 522/522/522 531/531/531 508/508/508
f 527/527/527 531/531/531 522/522/522
f 621/621/621 728/728/728 570/570/570
f 570/570/570 728/728/728 676/676/676
f 570/570/570 676/676/676 506/506/506
f 506/506/506 676/676/676 727/727/727
f 725/725/725 506/506/506 727/727/727
f 508/508/508 506/506/506 725/725/725
f 508/508/508 725/725/725 522/522/522
f 522/522/522 725/725/725 723/723/723
f 725/725/725 718/718/718 723/723/723
f 621/621/621 940/940/940 728/728/728
f 940/940/940 937/937/937 728/728/728
f 937/937/937 760/760/760 728/728/728
f 728/728/728 760/760/760 676/676/676
f 760/760/760 762/762/762 676/676/676
f 676/676/676 762/762/762 727/727/727
f 727/727/727 762/762/762 725/725/725
f 725/725/725 762/762/762 761/761/761
f 761/761/761 718/718/718 725/725/725
f 806/806/806 718/718/718 761/761/761
f 755/755/755 718/718/718 806/806/806
f 937/937/937 757/757/757 760/760/760
f 757/757/757 762/762/762 760/760/760
f 757/757/757 761/761/761 762/762/762
f 806/806/806 761/761/761 757/757/757
f 721/721/721 757/757/757 937/937/937
f 673/673/673 672/672/672 734/734/734
f 672/672/672 733/733/733 734/734/734
f 733/733/733 776/776/776 734/734/734
f 780/780/780 776/776/776 733/733/733
f 776/776/776 780/780/780 944/944/944
f 944/944/944 789/789/789 776/776/776
f 674/674/674 733/733/733 672/672/672
f 675/675/675 733/733/733 674/674/674
f 698/698/698 733/733/733 675/675/675
f 698/698/698 780/780/780 733/733/733
f 696/696/696 780/780/780 698/698/698
f 922/922/922 780/780/780 696/696/696
f 944/944/944 780/780/780 922/922/922
f 922/922/922 943/943/943 944/944/944
f 944/944/944 943/943/943 919/919/919
f 919/919/919 789/789/789 944/944/944
f 792/792/792 789/789/789 919/919/919
f 792/792/792 797/797/797 789/789/789
f 792/792/792 791/791/791 797/797/797
f 783/783/783 791/791/791 792/792/792
f 696/696/696 943/943/943 922/922/922
f 695/695/695 943/943/943 696/696/696
f 709/709/709 669/669/669 699/699/699
f 709/709/709 699/699/699 700/700/700
f 700/700/700 699/699/699 693/693/693
f 707/707/707 712/712/712 711/711/711
f 711/711/711 712/712/712 710/710/710
f 710/710/710 694/694/694 711/711/711
f 711/711/711 694/694/694 691/691/691
f 694/694/694 692/692/692 691/691/691
f 691/691/691 692/692/692 708/708/708
f 712/712/712 669/669/669 710/710/710
f 710/710/710 669/669/669 694/694/694
f 694/694/694 669/669/669 692/692/692
f 758/758/758 967/967/967 759/759/759
f 759/759/759 967/967/967 737/737/737
f 967/967/967 795/795/795 737/737/737
f 737/737/737 795/795/795 778/778/778
f 778/778/778 779/779/779 737/737/737
f 726/726/726 737/737/737 779/779/779
f 726/726/726 779/779/779 943/943/943
f 943/943/943 779/779/779 778/778/778
f 943/943/943 778/778/778 919/919/919
f 967/967/967 916/916/916 795/795/795
f 916/916/916 796/796/796 795/795/795
f 795/795/795 796/796/796 790/790/790
f 790/790/790 772/772/772 795/795/795
f 778/778/778 795/795/795 772/772/772
f 919/919/919 778/778/778 772/772/772
f 772/772/772 792/792/792 919/919/919
f 784/784/784 792/792/792 772/772/772
f 784/784/784 783/783/783 792/792/792
f 967/967/967 923/923/923 916/916/916
f 916/916/916 923/923/923 903/903/903
f 916/916/916 903/903/903 945/945/945
f 945/945/945 796/796/796 916/916/916
f 945/945/945 731/731/731 796/796/796
f 920/920/920 731/731/731 945/945/945
f 738/738/738 731/731/731 920/920/920
f 942/942/942 923/923/923 967/967/967
f 954/954/954 923/923/923 942/942/942
f 954/954/954 756/756/756 923/923/923
f 923/923/923 756/756/756 903/903/903
f 921/921/921 903/903/903 756/756/756
f 945/945/945 903/903/903 921/921/921
f 945/945/945 921/921/921 920/920/920
f 713/713/713 954/954/954 942/942/942
f 921/921/921 954/954/954 713/713/713
f 921/921/921 756/756/756 954/954/954
f 784/784/784 781/781/781 783/783/783
f 784/784/784 772/772/772 790/790/790
f 790/790/790 796/796/796 799/799/799
f 912/912/912 974/974/974 961/961/961
f 911/911/911 974/974/974 912/912/912
f 911/911/911 914/914/914 974/974/974
f 969/969/969 914/914/914 911/911/911
f 969/969/969 913/913/913 914/914/914
f 907/907/907 913/913/913 969/969/969
f 907/907/907 948/948/948 913/913/913
f 912/912/912 909/909/909 911/911/911
f 909/909/909 906/906/906 911/911/911
f 911/911/911 906/906/906 969/969/969
f 969/969/969 906/906/906 907/907/907
f 907/907/907 906/906/906 908/908/908
f 984/984/984 907/907/907 908/908/908
f 992/992/992 907/907/907 984/984/984
f 992/992/992 948/948/948 907/907/907
f 988/988/988 948/948/948 992/992/992
f 910/910/910 909/909/909 912/912/912
f 910/910/910 970/970/970 909/909/909
f 970/970/970 950/950/950 909/909/909
f 909/909/909 950/950/950 906/906/906
f 950/950/950 949/949/949 906/906/906
f 906/906/906 949/949/949 908/908/908
f 908/908/908 949/949/949 984/984/984
f 984/984/984 949/949/949 947/947/947
f 984/984/984 947/947/947 1001/1001/1001
f 1001/1001/1001 992/992/992 984/984/984
f 988/988/988 992/992/992 1001/1001/1001
f 1001/1001/1001 1086/1086/1086 988/988/988
f 910/910/910 982/982/982 970/970/970
f 1085/1085/1085 1086/1086/1086 1001/1001/1001
f 1085/1085/1085 987/987/987 1086/1086/1086
f 994/994/994 987/987/987 1085/1085/1085
f 994/994/994 995/995/995 987/987/987
f 987/987/987 995/995/995 986/986/986
f 995/995/995 993/993/993 986/986/986
f 989/989/989 993/993/993 995/995/995
f 989/989/989 991/991/991 993/993/993
f 990/990/990 991/991/991 989/989/989
f 1003/1003/1003 1000/1000/1000 1024/1024/1024
f 1024/1024/1024 1000/1000/1000 1028/1028/1028
f 1034/1034/1034 1024/1024/1024 1028/1028/1028
f 1023/1023/1023 1024/1024/1024 1034/1034/1034
f 1044/1044/1044 1023/1023/1023 1034/1034/1034
f 1002/1002/1002 1023/1023/1023 1044/1044/1044
f 1000/1000/1000 1013/1013/1013 1028/1028/1028
f 1028/1028/1028 1013/1013/1013 1040/1040/1040
f 1033/1033/1033 1028/1028/1028 1040/1040/1040
f 1034/1034/1034 1028/1028/1028 1033/1033/1033
f 1010/1010/1010 1034/1034/1034 1033/1033/1033
f 1044/1044/1044 1034/1034/1034 1010/1010/1010
f 1013/1013/1013 1045/1045/1045 1040/1040/1040
f 1040/1040/1040 1045/1045/1045 1039/1039/1039
f 1038/1038/1038 1040/1040/1040 1039/1039/1039
f 1033/1033/1033 1040/1040/1040 1038/1038/1038
f 1011/1011/1011 1033/1033/1033 1038/1038/1038
f 1010/1010/1010 1033/1033/1033 1011/1011/1011
f 1045/1045/1045 1019/1019/1019 1039/1039/1039
f 1039/1039/1039 1019/1019/1019 1072/1072/1072
f 1039/1039/1039 1072/1072/1072 1038/1038/1038
f 1038/1038/1038 1072/1072/1072 1071/1071/1071
f 1018/1018/1018 1038/1038/1038 1071/1071/1071
f 1011/1011/1011 1038/1038/1038 1018/1018/1018
f 1019/1019/1019 1066/1066/1066 1072/1072/1072
f 1032/1032/1032 1072/1072/1072 1066/1066/1066
f 1071/1071/1071 1072/1072/1072 1032/1032/1032
f 1018/1018/1018 1071/1071/1071 1032/1032/1032
f 1066/1066/1066 1063/1063/1063 1032/1032/1032
f 1032/1032/1032 1063/1063/1063 1031/1031/1031
f 1063/1063/1063 1068/1068/1068 1031/1031/1031
f 1029/1029/1029 1068/1068/1068 1063/1063/1063
f 1069/1069/1069 1068/1068/1068 1029/1029/1029
f 1067/1067/1067 1068/1068/1068 1069/1069/1069
f 1037/1037/1037 1067/1067/1067 1069/1069/1069
f 1035/1035/1035 1067/1067/1067 1037/1037/1037
f 1070/1070/1070 1035/1035/1035 1037/1037/1037
f 1036/1036/1036 1035/1035/1035 1070/1070/1070
f 1049/1049/1049 1084/1084/1084 1042/1042/1042
f 1049/1049/1049 1050/1050/1050 1084/1084/1084
f 1050/1050/1050 1043/1043/1043 1084/1084/1084
f 996/996/996 1043/1043/1043 1050/1050/1050
f 996/996/996 1041/1041/1041 1043/1043/1043
f 1103/1103/1103 1310/1310/1310 1099/1099/1099
f 1099/1099/1099 1310/1310/1310 1308/1308/1308
f 1099/1099/1099 1308/1308/1308 1101/1101/1101
f 1101/1101/1101 1308/1308/1308 1349/1349/1349
f 1101/1101/1101 1349/1349/1349 1100/1100/1100
f 1100/1100/1100 1349/1349/1349 1170/1170/1170
f 1168/1168/1168 1100/1100/1100 1170/1170/1170
f 1105/1105/1105 1100/1100/1100 1168/1168/1168
f 1310/1310/1310 1250/1250/1250 1308/1308/1308
f 1250/1250/1250 1243/1243/1243 1308/1308/1308
f 1308/1308/1308 1243/1243/1243 1349/1349/1349
f 1243/1243/1243 1181/1181/1181 1349/1349/1349
f 1349/1349/1349 1181/1181/1181 1170/1170/1170
f 1181/1181/1181 1160/1160/1160 1170/1170/1170
f 1170/1170/1170 1160/1160/1160 1168/1168/1168
f 1168/1168/1168 1160/1160/1160 1158/1158/1158
f 1158/1158/1158 1105/1105/1105 1168/1168/1168
f 1102/1102/1102 1105/1105/1105 1158/1158/1158
f 1320/1320/1320 1250/1250/1250 1310/1310/1310
f 1180/1180/1180 1250/1250/1250 1320/1320/1320
f 1176/1176/1176 1250/1250/1250 1180/1180/1180
f 1176/1176/1176 1178/1178/1178 1250/1250/1250
f 1250/1250/1250 1178/1178/1178 1243/1243/1243
f 1178/1178/1178 1145/1145/1145 1243/1243/1243
f 1243/1243/1243 1145/1145/1145 1181/1181/1181
f 1181/1181/1181 1145/1145/1145 1160/1160/1160
f 1160/1160/1160 1145/1145/1145 1143/1143/1143
f 1143/1143/1143 1148/1148/1148 1160/1160/1160
f 1160/1160/1160 1148/1148/1148 1157/1157/1157
f 1158/1158/1158 1160/1160/1160 1157/1157/1157
f 1180/1180/1180 1241/1241/1241 1176/1176/1176
f 1241/1241/1241 1239/1239/1239 1176/1176/1176
f 1176/1176/1176 1239/1239/1239 1178/1178/1178
f 1178/1178/1178 1239/1239/1239 1145/1145/1145
f 1145/1145/1145 1239/1239/1239 1159/1159/1159
f 1145/1145/1145 1159/1159/1159 1143/1143/1143
f 1143/1143/1143 1159/1159/1159 1169/1169/1169
f 1143/1143/1143 1169/1169/1169 1148/1148/1148
f 1192/1192/1192 1241/1241/1241 1180/1180/1180
f 1192/1192/1192 1245/1245/1245 1241/1241/1241
f 1245/1245/1245 1351/1351/1351 1241/1241/1241
f 1241/1241/1241 1351/1351/1351 1239/1239/1239
f 1239/1239/1239 1351/1351/1351 1159/1159/1159
f 1159/1159/1159 1351/1351/1351 1167/1167/1167
f 1159/1159/1159 1167/1167/1167 1169/1169/1169
f 1169/1169/1169 1167/1167/1167 1165/1165/1165
f 1165/1165/1165 1154/1154/1154 1169/1169/1169
f 1169/1169/1169 1154/1154/1154 1153/1153/1153
f 1148/1148/1148 1169/1169/1169 1153/1153/1153
f 1311/1311/1311 1245/1245/1245 1192/1192/1192
f 1311/1311/1311 1200/1200/1200 1245/1245/1245
f 1200/1200/1200 1202/1202/1202 1245/1245/1245
f 1245/1245/1245 1202/1202/1202 1351/1351/1351
f 1202/1202/1202 1163/1163/1163 1351/1351/1351
f 1351/1351/1351 1163/1163/1163 1167/1167/1167
f 1167/1167/1167 1163/1163/1163 1165/1165/1165
f 1165/1165/1165 1163/1163/1163 1166/1166/1166
f 1165/1165/1165 1166/1166/1166 1154/1154/1154
f 1154/1154/1154 1166/1166/1166 1156/1156/1156
f 1154/1154/1154 1156/1156/1156 1357/1357/1357
f 1154/1154/1154 1357/1357/1357 1153/1153/1153
f 1185/1185/1185 1200/1200/1200 1311/1311/1311
f 1185/1185/1185 1197/1197/1197 1200/1200/1200
f 1197/1197/1197 1187/1187/1187 1200/1200/1200
f 1200/1200/1200 1187/1187/1187 1202/1202/1202
f 1202/1202/1202 1187/1187/1187 1163/1163/1163
f 1163/1163/1163 1187/1187/1187 1155/1155/1155
f 1163/1163/1163 1155/1155/1155 1166/1166/1166
f 1166/1166/1166 1155/1155/1155 1164/1164/1164
f 1166/1166/1166 1164/1164/1164 1156/1156/1156
f 1186/1186/1186 1197/1197/1197 1185/1185/1185
f 1191/1191/1191 1197/1197/1197 1186/1186/1186
f 1184/1184/1184 1197/1197/1197 1191/1191/1191
f 1184/1184/1184 1187/1187/1187 1197/1197/1197
f 1188/1188/1188 1187/1187/1187 1184/1184/1184
f 1188/1188/1188 1152/1152/1152 1187/1187/1187
f 1187/1187/1187 1152/1152/1152 1155/1155/1155
f 1152/1152/1152 1151/1151/1151 1155/1155/1155
f 1155/1155/1155 1151/1151/1151 1164/1164/1164
f 1151/1151/1151 1161/1161/1161 1164/1164/1164
f 1164/1164/1164 1161/1161/1161 1162/1162/1162
f 1156/1156/1156 1164/1164/1164 1162/1162/1162
f 1191/1191/1191 1195/1195/1195 1184/1184/1184
f 1195/1195/1195 1188/1188/1188 1184/1184/1184
f 1199/1199/1199 1188/1188/1188 1195/1195/1195
f 1199/1199/1199 1139/1139/1139 1188/1188/1188
f 1188/1188/1188 1139/1139/1139 1152/1152/1152
f 1139/1139/1139 1141/1141/1141 1152/1152/1152
f 1152/1152/1152 1141/1141/1141 1151/1151/1151
f 1151/1151/1151 1141/1141/1141 1161/1161/1161
f 1161/1161/1161 1141/1141/1141 1140/1140/1140
f 1161/1161/1161 1140/1140/1140 1174/1174/1174
f 1161/1161/1161 1174/1174/1174 1162/1162/1162
f 1173/1173/1173 1195/1195/1195 1191/1191/1191
f 1173/1173/1173 1201/1201/1201 1195/1195/1195
f 1201/1201/1201 1199/1199/1199 1195/1195/1195
f 1172/1172/1172 1199/1199/1199 1201/1201/1201
f 1172/1172/1172 1142/1142/1142 1199/1199/1199
f 1199/1199/1199 1142/1142/1142 1139/1139/1139
f 1142/1142/1142 1144/1144/1144 1139/1139/1139
f 1139/1139/1139 1144/1144/1144 1141/1141/1141
f 1141/1141/1141 1144/1144/1144 1140/1140/1140
f 1140/1140/1140 1144/1144/1144 1146/1146/1146
f 1140/1140/1140 1146/1146/1146 1196/1196/1196
f 1174/1174/1174 1140/1140/1140 1196/1196/1196
f 1175/1175/1175 1201/1201/1201 1173/1173/1173
f 1196/1196/1196 1146/1146/1146 1171/1171/1171
f 1171/1171/1171 1177/1177/1177 1196/1196/1196
f 1196/1196/1196 1177/1177/1177 1193/1193/1193
f 1196/1196/1196 1193/1193/1193 1174/1174/1174
f 1174/1174/1174 1193/1193/1193 1183/1183/1183
f 1183/1183/1183 1194/1194/1194 1174/1174/1174
f 1174/1174/1174 1194/1194/1194 1189/1189/1189
f 1162/1162/1162 1174/1174/1174 1189/1189/1189
f 1162/1162/1162 1189/1189/1189 1156/1156/1156
f 1156/1156/1156 1189/1189/1189 1190/1190/1190
f 1357/1357/1357 1156/1156/1156 1190/1190/1190
f 1194/1194/1194 1198/1198/1198 1189/1189/1189
f 1189/1189/1189 1198/1198/1198 1190/1190/1190
f 1190/1190/1190 1198/1198/1198 1357/1357/1357
f 1357/1357/1357 1198/1198/1198 1354/1354/1354
f 1354/1354/1354 1244/1244/1244 1357/1357/1357
f 1357/1357/1357 1244/1244/1244 1276/1276/1276
f 1153/1153/1153 1357/1357/1357 1276/1276/1276
f 1153/1153/1153 1276/1276/1276 1148/1148/1148
f 1148/1148/1148 1276/1276/1276 1182/1182/1182
f 1148/1148/1148 1182/1182/1182 1157/1157/1157
f 1244/1244/1244 1179/1179/1179 1276/1276/1276
f 1276/1276/1276 1179/1179/1179 1182/1182/1182
f 1179/1179/1179 1302/1302/1302 1182/1182/1182
f 1182/1182/1182 1302/1302/1302 1240/1240/1240
f 1157/1157/1157 1182/1182/1182 1240/1240/1240
f 1251/1251/1251 1157/1157/1157 1240/1240/1240
f 1158/1158/1158 1157/1157/1157 1251/1251/1251
f 1251/1251/1251 1102/1102/1102 1158/1158/1158
f 1104/1104/1104 1102/1102/1102 1251/1251/1251
f 1104/1104/1104 1251/1251/1251 1083/1083/1083
f 1083/1083/1083 1251/1251/1251 1275/1275/1275
f 1302/1302/1302 1275/1275/1275 1240/1240/1240
f 1240/1240/1240 1275/1275/1275 1251/1251/1251
f 1370/1370/1370 1279/1279/1279 1278/1278/1278
f 1368/1368/1368 1279/1279/1279 1370/1370/1370
f 1369/1369/1369 1368/1368/1368 1370/1370/1370
f 1355/1355/1355 1309/1309/1309 1242/1242/1242
f 1355/1355/1355 1242/1242/1242 1356/1356/1356
f 1356/1356/1356 1242/1242/1242 1350/1350/1350
f 1371/1371/1371 1247/1247/1247 1234/1234/1234
f 1234/1234/1234 1247/1247/1247 1230/1230/1230
f 1234/1234/1234 1230/1230/1230 1414/1414/1414
f 1414/1414/1414 1230/1230/1230 1232/1232/1232
f 1232/1232/1232 1235/1235/1235 1414/1414/1414
f 1414/1414/1414 1235/1235/1235 1233/1233/1233
f 1233/1233/1233 1235/1235/1235 1228/1228/1228
f 1230/1230/1230 1247/1247/1247 1348/1348/1348
f 1230/1230/1230 1348/1348/1348 1232/1232/1232
f 1232/1232/1232 1348/1348/1348 1327/1327/1327
f 1232/1232/1232 1327/1327/1327 1235/1235/1235
f 1235/1235/1235 1327/1327/1327 1317/1317/1317
f 1353/1353/1353 1235/1235/1235 1317/1317/1317
f 1229/1229/1229 1235/1235/1235 1353/1353/1353
f 1228/1228/1228 1235/1235/1235 1229/1229/1229
f 1228/1228/1228 1229/1229/1229 1231/1231/1231
f 1348/1348/1348 1247/1247/1247 1249/1249/1249
f 1348/1348/1348 1249/1249/1249 1277/1277/1277
f 1348/1348/1348 1277/1277/1277 1327/1327/1327
f 1327/1327/1327 1277/1277/1277 1374/1374/1374
f 1327/1327/1327 1374/1374/1374 1317/1317/1317
f 1317/1317/1317 1374/1374/1374 1281/1281/1281
f 1280/1280/1280 1317/1317/1317 1281/1281/1281
f 1353/1353/1353 1317/1317/1317 1280/1280/1280
f 1277/1277/1277 1249/1249/1249 1360/1360/1360
f 1272/1272/1272 1277/1277/1277 1360/1360/1360
f 1277/1277/1277 1272/1272/1272 1374/1374/1374
f 1374/1374/1374 1272/1272/1272 1364/1364/1364
f 1425/1425/1425 1374/1374/1374 1364/1364/1364
f 1281/1281/1281 1374/1374/1374 1425/1425/1425
f 1518/1518/1518 1281/1281/1281 1425/1425/1425
f 1280/1280/1280 1281/1281/1281 1518/1518/1518
f 1513/1513/1513 1280/1280/1280 1518/1518/1518
f 1248/1248/1248 1280/1280/1280 1513/1513/1513
f 1248/1248/1248 1353/1353/1353 1280/1280/1280
f 1272/1272/1272 1360/1360/1360 1363/1363/1363
f 1363/1363/1363 1360/1360/1360 1375/1375/1375
f 1363/1363/1363 1375/1375/1375 1372/1372/1372
f 1363/1363/1363 1372/1372/1372 1365/1365/1365
f 1365/1365/1365 1372/1372/1372 1373/1373/1373
f 1366/1366/1366 1365/1365/1365 1373/1373/1373
f 1364/1364/1364 1365/1365/1365 1366/1366/1366
f 1366/1366/1366 1431/1431/1431 1364/1364/1364
f 1364/1364/1364 1431/1431/1431 1425/1425/1425
f 1425/1425/1425 1431/1431/1431 1518/1518/1518
f 1518/1518/1518 1431/1431/1431 1426/1426/1426
f 1518/1518/1518 1426/1426/1426 1513/1513/1513
f 1513/1513/1513 1426/1426/1426 1515/1515/1515
f 1513/1513/1513 1515/1515/1515 1487/1487/1487
f 1487/1487/1487 1248/1248/1248 1513/1513/1513
f 1304/1304/1304 1248/1248/1248 1487/1487/1487
f 1304/1304/1304 1315/1315/1315 1248/1248/1248
f 1315/1315/1315 1353/1353/1353 1248/1248/1248
f 1389/1389/1389 1353/1353/1353 1315/1315/1315
f 1229/1229/1229 1353/1353/1353 1389/1389/1389
f 1487/1487/1487 1515/1515/1515 1492/1492/1492
f 1487/1487/1487 1492/1492/1492 1517/1517/1517
f 1517/1517/1517 1304/1304/1304 1487/1487/1487
f 1387/1387/1387 1304/1304/1304 1517/1517/1517
f 1326/1326/1326 1304/1304/1304 1387/1387/1387
f 1314/1314/1314 1304/1304/1304 1326/1326/1326
f 1314/1314/1314 1315/1315/1315 1304/1304/1304
f 1314/1314/1314 1389/1389/1389 1315/1315/1315
f 1517/1517/1517 1492/1492/1492 1516/1516/1516
f 1490/1490/1490 1517/1517/1517 1516/1516/1516
f 1493/1493/1493 1517/1517/1517 1490/1490/1490
f 1388/1388/1388 1517/1517/1517 1493/1493/1493
f 1387/1387/1387 1517/1517/1517 1388/1388/1388
f 1388/1388/1388 1326/1326/1326 1387/1387/1387
f 1352/1352/1352 1326/1326/1326 1388/1388/1388
f 1352/1352/1352 1519/1519/1519 1326/1326/1326
f 1519/1519/1519 1358/1358/1358 1326/1326/1326
f 1326/1326/1326 1358/1358/1358 1314/1314/1314
f 1358/1358/1358 1389/1389/1389 1314/1314/1314
f 1490/1490/1490 1491/1491/1491 1493/1493/1493
f 1493/1493/1493 1491/1491/1491 1500/1500/1500
f 1362/1362/1362 1493/1493/1493 1500/1500/1500
f 1388/1388/1388 1493/1493/1493 1362/1362/1362
f 1362/1362/1362 1352/1352/1352 1388/1388/1388
f 1316/1316/1316 1352/1352/1352 1362/1362/1362
f 1316/1316/1316 1421/1421/1421 1352/1352/1352
f 1421/1421/1421 1519/1519/1519 1352/1352/1352
f 1500/1500/1500 1491/1491/1491 1499/1499/1499
f 1361/1361/1361 1500/1500/1500 1499/1499/1499
f 1362/1362/1362 1500/1500/1500 1361/1361/1361
f 1361/1361/1361 1316/1316/1316 1362/1362/1362
f 1318/1318/1318 1316/1316/1316 1361/1361/1361
f 1318/1318/1318 1432/1432/1432 1316/1316/1316
f 1432/1432/1432 1421/1421/1421 1316/1316/1316
f 1520/1520/1520 1421/1421/1421 1432/1432/1432
f 1420/1420/1420 1421/1421/1421 1520/1520/1520
f 1420/1420/1420 1519/1519/1519 1421/1421/1421
f 1499/1499/1499 1491/1491/1491 1321/1321/1321
f 1499/1499/1499 1321/1321/1321 1390/1390/1390
f 1422/1422/1422 1519/1519/1519 1420/1420/1420
f 1359/1359/1359 1519/1519/1519 1422/1422/1422
f 1358/1358/1358 1519/1519/1519 1359/1359/1359
f 1359/1359/1359 1389/1389/1389 1358/1358/1358
f 1231/1231/1231 1389/1389/1389 1359/1359/1359
f 1231/1231/1231 1229/1229/1229 1389/1389/1389
f 1520/1520/1520 1432/1432/1432 1552/1552/1552
f 1552/1552/1552 1432/1432/1432 1415/1415/1415
f 1552/1552/1552 1415/1415/1415 1413/1413/1413
f 1415/1415/1415 1432/1432/1432 1318/1318/1318
f 1415/1415/1415 1318/1318/1318 1319/1319/1319
f 1318/1318/1318 1361/1361/1361 1319/1319/1319
f 1319/1319/1319 1361/1361/1361 1246/1246/1246
f 1361/1361/1361 1499/1499/1499 1246/1246/1246
f 1501/1501/1501 1411/1411/1411 1543/1543/1543
f 1501/1501/1501 1543/1543/1543 1411/1411/1411
f 1454/1454/1454 1484/1484/1484 1458/1458/1458
f 1458/1458/1458 1484/1484/1484 1428/1428/1428
f 1458/1458/1458 1428/1428/1428 1427/1427/1427
f 1427/1427/1427 1428/1428/1428 1429/1429/1429
f 1427/1427/1427 1429/1429/1429 1478/1478/1478
f 1478/1478/1478 1429/1429/1429 1457/1457/1457
f 1450/1450/1450 1478/1478/1478 1457/1457/1457
f 1480/1480/1480 1478/1478/1478 1450/1450/1450
f 1430/1430/1430 1480/1480/1480 1450/1450/1450
f 1525/1525/1525 1480/1480/1480 1430/1430/1430
f 1599/1599/1599 1597/1597/1597 1602/1602/1602
f 1599/1599/1599 1596/1596/1596 1597/1597/1597
f 1597/1597/1597 1596/1596/1596 1588/1588/1588
f 1609/1609/1609 1588/1588/1588 1596/1596/1596
f 1604/1604/1604 1588/1588/1588 1609/1609/1609
f 1603/1603/1603 1588/1588/1588 1604/1604/1604
f 1611/1611/1611 1588/1588/1588 1603/1603/1603
f 1611/1611/1611 1603/1603/1603 1625/1625/1625
f 1607/1607/1607 1596/1596/1596 1599/1599/1599
f 1596/1596/1596 1607/1607/1607 1609/1609/1609
f 1607/1607/1607 1627/1627/1627 1609/1609/1609
f 1609/1609/1609 1627/1627/1627 1617/1617/1617
f 1609/1609/1609 1617/1617/1617 1604/1604/1604
f 1604/1604/1604 1617/1617/1617 1618/1618/1618
f 1604/1604/1604 1618/1618/1618 1603/1603/1603
f 1603/1603/1603 1618/1618/1618 1626/1626/1626
f 1625/1625/1625 1603/1603/1603 1626/1626/1626
f 1626/1626/1626 1616/1616/1616 1625/1625/1625
f 1616/1616/1616 1626/1626/1626 1617/1617/1617
f 1616/1616/1616 1617/1617/1617 1627/1627/1627
f 1626/1626/1626 1618/1618/1618 1617/1617/1617
f 1598/1598/1598 1608/1608/1608 1619/1619/1619
f 1619/1619/1619 1608/1608/1608 1579/1579/1579
f 1619/1619/1619 1579/1579/1579 1657/1657/1657
f 1619/1619/1619 1657/1657/1657 1622/1622/1622
f 1657/1657/1657 1648/1648/1648 1622/1622/1622
f 1622/1622/1622 1648/1648/1648 1580/1580/1580
f 1580/1580/1580 1648/1648/1648 1583/1583/1583
f 1608/1608/1608 1495/1495/1495 1579/1579/1579
f 1579/1579/1579 1495/1495/1495 1496/1496/1496
f 1550/1550/1550 1579/1579/1579 1496/1496/1496
f 1657/1657/1657 1579/1579/1579 1550/1550/1550
f 1550/1550/1550 1551/1551/1551 1657/1657/1657
f 1657/1657/1657 1551/1551/1551 1648/1648/1648
f 1648/1648/1648 1551/1551/1551 1578/1578/1578
f 1583/1583/1583 1648/1648/1648 1578/1578/1578
f 1583/1583/1583 1578/1578/1578 1577/1577/1577
f 1577/1577/1577 1578/1578/1578 1610/1610/1610
f 1577/1577/1577 1610/1610/1610 1589/1589/1589
f 1577/1577/1577 1589/1589/1589 1590/1590/1590
f 1590/1590/1590 1589/1589/1589 1548/1548/1548
f 1578/1578/1578 1551/1551/1551 1526/1526/1526
f 1578/1578/1578 1526/1526/1526 1610/1610/1610
f 1610/1610/1610 1526/1526/1526 1459/1459/1459
f 1610/1610/1610 1459/1459/1459 1600/1600/1600
f 1589/1589/1589 1610/1610/1610 1600/1600/1600
f 1600/1600/1600 1593/1593/1593 1589/1589/1589
f 1593/1593/1593 1591/1591/1591 1589/1589/1589
f 1548/1548/1548 1589/1589/1589 1591/1591/1591
f 1548/1548/1548 1591/1591/1591 1549/1549/1549
f 1549/1549/1549 1591/1591/1591 1592/1592/1592
f 1593/1593/1593 1592/1592/1592 1591/1591/1591
f 1601/1601/1601 1592/1592/1592 1593/1593/1593
f 1593/1593/1593 1524/1524/1524 1601/1601/1601
f 1600/1600/1600 1459/1459/1459 1524/1524/1524
f 1600/1600/1600 1524/1524/1524 1593/1593/1593
f 1594/1594/1594 1620/1620/1620 1605/1605/1605
f 1605/1605/1605 1620/1620/1620 1638/1638/1638
f 1638/1638/1638 1620/1620/1620 1629/1629/1629
f 1629/1629/1629 1631/1631/1631 1638/1638/1638
f 1638/1638/1638 1631/1631/1631 1641/1641/1641
f 1631/1631/1631 1758/1758/1758 1641/1641/1641
f 1641/1641/1641 1758/1758/1758 1639/1639/1639
f 1758/1758/1758 1636/1636/1636 1639/1639/1639
f 1639/1639/1639 1636/1636/1636 1764/1764/1764
f 1629/1629/1629 1620/1620/1620 1621/1621/1621
f 1614/1614/1614 1629/1629/1629 1621/1621/1621
f 1576/1576/1576 1629/1629/1629 1614/1614/1614
f 1576/1576/1576 1631/1631/1631 1629/1629/1629
f 1635/1635/1635 1631/1631/1631 1576/1576/1576
f 1635/1635/1635 1632/1632/1632 1631/1631/1631
f 1631/1631/1631 1632/1632/1632 1758/1758/1758
f 1632/1632/1632 1636/1636/1636 1758/1758/1758
f 1763/1763/1763 1636/1636/1636 1632/1632/1632
f 1636/1636/1636 1763/1763/1763 1654/1654/1654
f 1654/1654/1654 1653/1653/1653 1636/1636/1636
f 1636/1636/1636 1653/1653/1653 1764/1764/1764
f 1628/1628/1628 1576/1576/1576 1614/1614/1614
f 1574/1574/1574 1576/1576/1576 1628/1628/1628
f 1574/1574/1574 1634/1634/1634 1576/1576/1576
f 1576/1576/1576 1634/1634/1634 1635/1635/1635
f 1634/1634/1634 1632/1632/1632 1635/1635/1635
f 1637/1637/1637 1632/1632/1632 1634/1634/1634
f 1637/1637/1637 1762/1762/1762 1632/1632/1632
f 1632/1632/1632 1762/1762/1762 1763/1763/1763
f 1762/1762/1762 1655/1655/1655 1763/1763/1763
f 1654/1654/1654 1763/1763/1763 1655/1655/1655
f 1628/1628/1628 1630/1630/1630 1574/1574/1574
f 1630/1630/1630 1634/1634/1634 1574/1574/1574
f 1640/1640/1640 1634/1634/1634 1630/1630/1630
f 1640/1640/1640 1761/1761/1761 1634/1634/1634
f 1634/1634/1634 1761/1761/1761 1637/1637/1637
f 1637/1637/1637 1761/1761/1761 1762/1762/1762
f 1762/1762/1762 1761/1761/1761 1759/1759/1759
f 1759/1759/1759 1656/1656/1656 1762/1762/1762
f 1762/1762/1762 1656/1656/1656 1765/1765/1765
f 1765/1765/1765 1655/1655/1655 1762/1762/1762
f 1726/1726/1726 1630/1630/1630 1628/1628/1628
f 1726/1726/1726 1613/1613/1613 1630/1630/1630
f 1613/1613/1613 1640/1640/1640 1630/1630/1630
f 1615/1615/1615 1640/1640/1640 1613/1613/1613
f 1615/1615/1615 1725/1725/1725 1640/1640/1640
f 1640/1640/1640 1725/1725/1725 1761/1761/1761
f 1725/1725/1725 1759/1759/1759 1761/1761/1761
f 1633/1633/1633 1759/1759/1759 1725/1725/1725
f 1633/1633/1633 1760/1760/1760 1759/1759/1759
f 1759/1759/1759 1760/1760/1760 1656/1656/1656
f 1612/1612/1612 1613/1613/1613 1726/1726/1726
f 1612/1612/1612 1595/1595/1595 1613/1613/1613
f 1595/1595/1595 1624/1624/1624 1613/1613/1613
f 1624/1624/1624 1615/1615/1615 1613/1613/1613
f 1623/1623/1623 1595/1595/1595 1612/1612/1612
f 1623/1623/1623 1612/1612/1612 1649/1649/1649
f 1567/1567/1567 1573/1573/1573 1642/1642/1642
f 1642/1642/1642 1573/1573/1573 1646/1646/1646
f 1646/1646/1646 1587/1587/1587 1642/1642/1642
f 1642/1642/1642 1587/1587/1587 1560/1560/1560
f 1573/1573/1573 1717/1717/1717 1646/1646/1646
f 1646/1646/1646 1717/1717/1717 1562/1562/1562
f 1646/1646/1646 1562/1562/1562 1587/1587/1587
f 1587/1587/1587 1562/1562/1562 1660/1660/1660
f 1562/1562/1562 1571/1571/1571 1660/1660/1660
f 1660/1660/1660 1571/1571/1571 1661/1661/1661
f 1571/1571/1571 1572/1572/1572 1661/1661/1661
f 1645/1645/1645 1572/1572/1572 1571/1571/1571
f 1645/1645/1645 1570/1570/1570 1572/1572/1572
f 1562/1562/1562 1717/1717/1717 1571/1571/1571
f 1571/1571/1571 1717/1717/1717 1564/1564/1564
f 1571/1571/1571 1564/1564/1564 1645/1645/1645
f 1645/1645/1645 1564/1564/1564 1565/1565/1565
f 1645/1645/1645 1565/1565/1565 1716/1716/1716
f 1716/1716/1716 1570/1570/1570 1645/1645/1645
f 1716/1716/1716 1565/1565/1565 1575/1575/1575
f 1585/1585/1585 1706/1706/1706 1724/1724/1724
f 1757/1757/1757 1706/1706/1706 1585/1585/1585
f 1643/1643/1643 1706/1706/1706 1757/1757/1757
f 1555/1555/1555 1706/1706/1706 1643/1643/1643
f 1643/1643/1643 1586/1586/1586 1555/1555/1555
f 1755/1755/1755 1586/1586/1586 1643/1643/1643
f 1755/1755/1755 1553/1553/1553 1586/1586/1586
f 1756/1756/1756 1757/1757/1757 1585/1585/1585
f 1756/1756/1756 1643/1643/1643 1757/1757/1757
f 1707/1707/1707 1643/1643/1643 1756/1756/1756
f 1753/1753/1753 1643/1643/1643 1707/1707/1707
f 1755/1755/1755 1643/1643/1643 1753/1753/1753
f 1754/1754/1754 1755/1755/1755 1753/1753/1753
f 1755/1755/1755 1754/1754/1754 1718/1718/1718
f 1718/1718/1718 1553/1553/1553 1755/1755/1755
f 1718/1718/1718 1558/1558/1558 1553/1553/1553
f 1556/1556/1556 1558/1558/1558 1718/1718/1718
f 1756/1756/1756 1585/1585/1585 1821/1821/1821
f 1821/1821/1821 1707/1707/1707 1756/1756/1756
f 1861/1861/1861 1707/1707/1707 1821/1821/1821
f 1838/1838/1838 1707/1707/1707 1861/1861/1861
f 1753/1753/1753 1707/1707/1707 1838/1838/1838
f 1815/1815/1815 1753/1753/1753 1838/1838/1838
f 1754/1754/1754 1753/1753/1753 1815/1815/1815
f 1821/1821/1821 1585/1585/1585 1811/1811/1811
f 1821/1821/1821 1811/1811/1811 1809/1809/1809
f 1821/1821/1821 1809/1809/1809 1861/1861/1861
f 1861/1861/1861 1809/1809/1809 1796/1796/1796
f 1861/1861/1861 1796/1796/1796 1838/1838/1838
f 1838/1838/1838 1796/1796/1796 1830/1830/1830
f 1839/1839/1839 1838/1838/1838 1830/1830/1830
f 1815/1815/1815 1838/1838/1838 1839/1839/1839
f 1839/1839/1839 1831/1831/1831 1815/1815/1815
f 1831/1831/1831 1754/1754/1754 1815/1815/1815
f 1809/1809/1809 1811/1811/1811 1814/1814/1814
f 1584/1584/1584 1831/1831/1831 1839/1839/1839
f 1822/1822/1822 1831/1831/1831 1584/1584/1584
f 1840/1840/1840 1831/1831/1831 1822/1822/1822
f 1840/1840/1840 1581/1581/1581 1831/1831/1831
f 1581/1581/1581 1754/1754/1754 1831/1831/1831
f 1581/1581/1581 1582/1582/1582 1754/1754/1754
f 1754/1754/1754 1582/1582/1582 1718/1718/1718
f 1556/1556/1556 1718/1718/1718 1582/1582/1582
f 1556/1556/1556 1582/1582/1582 1840/1840/1840
f 1840/1840/1840 1582/1582/1582 1581/1581/1581
f 1819/1819/1819 1829/1829/1829 1820/1820/1820
f 1805/1805/1805 1829/1829/1829 1819/1819/1819
f 1805/1805/1805 1792/1792/1792 1829/1829/1829
f 1808/1808/1808 1792/1792/1792 1805/1805/1805
f 1808/1808/1808 1793/1793/1793 1792/1792/1792
f 1870/1870/1870 1793/1793/1793 1808/1808/1808
f 1870/1870/1870 1872/1872/1872 1793/1793/1793
f 1793/1793/1793 1872/1872/1872 1835/1835/1835
f 1819/1819/1819 1818/1818/1818 1805/1805/1805
f 1805/1805/1805 1818/1818/1818 1806/1806/1806
f 1805/1805/1805 1806/1806/1806 1808/1808/1808
f 1808/1808/1808 1806/1806/1806 1807/1807/1807
f 1808/1808/1808 1807/1807/1807 1870/1870/1870
f 1870/1870/1870 1807/1807/1807 1862/1862/1862
f 1870/1870/1870 1862/1862/1862 1872/1872/1872
f 1872/1872/1872 1862/1862/1862 1863/1863/1863
f 1864/1864/1864 1872/1872/1872 1863/1863/1863
f 1871/1871/1871 1872/1872/1872 1864/1864/1864
f 1872/1872/1872 1871/1871/1871 1835/1835/1835
f 1835/1835/1835 1871/1871/1871 1836/1836/1836
f 1806/1806/1806 1818/1818/1818 1810/1810/1810
f 1817/1817/1817 1806/1806/1806 1810/1810/1810
f 1807/1807/1807 1806/1806/1806 1817/1817/1817
f 1823/1823/1823 1807/1807/1807 1817/1817/1817
f 1862/1862/1862 1807/1807/1807 1823/1823/1823
f 1862/1862/1862 1823/1823/1823 1863/1863/1863
f 1863/1863/1863 1823/1823/1823 1834/1834/1834
f 1863/1863/1863 1834/1834/1834 1864/1864/1864
f 1864/1864/1864 1834/1834/1834 1813/1813/1813
f 1864/1864/1864 1813/1813/1813 1961/1961/1961
f 1864/1864/1864 1961/1961/1961 1871/1871/1871
f 1810/1810/1810 1818/1818/1818 1833/1833/1833
f 1810/1810/1810 1833/1833/1833 1837/1837/1837
f 1812/1812/1812 1810/1810/1810 1837/1837/1837
f 1817/1817/1817 1810/1810/1810 1812/1812/1812
f 1816/1816/1816 1817/1817/1817 1812/1812/1812
f 1823/1823/1823 1817/1817/1817 1816/1816/1816
f 1823/1823/1823 1816/1816/1816 1834/1834/1834
f 1834/1834/1834 1816/1816/1816 1832/1832/1832
f 1834/1834/1834 1832/1832/1832 1813/1813/1813
f 1813/1813/1813 1832/1832/1832 1865/1865/1865
f 1813/1813/1813 1865/1865/1865 1801/1801/1801
f 1961/1961/1961 1813/1813/1813 1801/1801/1801
f 1837/1837/1837 1833/1833/1833 1791/1791/1791
f 1801/1801/1801 1865/1865/1865 1803/1803/1803
f 1801/1801/1801 1803/1803/1803 1802/1802/1802
f 1802/1802/1802 1961/1961/1961 1801/1801/1801
f 1929/1929/1929 1961/1961/1961 1802/1802/1802
f 1846/1846/1846 1961/1961/1961 1929/1929/1929
f 1846/1846/1846 1960/1960/1960 1961/1961/1961
f 1871/1871/1871 1961/1961/1961 1960/1960/1960
f 1871/1871/1871 1960/1960/1960 1836/1836/1836
f 1802/1802/1802 1803/1803/1803 1804/1804/1804
f 1836/1836/1836 1960/1960/1960 1790/1790/1790
f 1960/1960/1960 1846/1846/1846 1790/1790/1790
f 1790/1790/1790 1846/1846/1846 1824/1824/1824
f 1694/1694/1694 1672/1672/1672 1695/1695/1695
f 1709/1709/1709 1672/1672/1672 1694/1694/1694
f 1719/1719/1719 1672/1672/1672 1709/1709/1709
f 1674/1674/1674 1672/1672/1672 1719/1719/1719
f 1927/1927/1927 1674/1674/1674 1719/1719/1719
f 1924/1924/1924 1674/1674/1674 1927/1927/1927
f 1709/1709/1709 1694/1694/1694 1668/1668/1668
f 1668/1668/1668 1719/1719/1719 1709/1709/1709
f 1712/1712/1712 1719/1719/1719 1668/1668/1668
f 1959/1959/1959 1719/1719/1719 1712/1712/1712
f 1927/1927/1927 1719/1719/1719 1959/1959/1959
f 1959/1959/1959 1676/1676/1676 1927/1927/1927
f 1927/1927/1927 1676/1676/1676 1884/1884/1884
f 1884/1884/1884 1924/1924/1924 1927/1927/1927
f 1885/1885/1885 1924/1924/1924 1884/1884/1884
f 1677/1677/1677 1924/1924/1924 1885/1885/1885
f 1668/1668/1668 1694/1694/1694 1713/1713/1713
f 1713/1713/1713 1847/1847/1847 1668/1668/1668
f 1847/1847/1847 1963/1963/1963 1668/1668/1668
f 1668/1668/1668 1963/1963/1963 1712/1712/1712
f 1712/1712/1712 1963/1963/1963 1845/1845/1845
f 1712/1712/1712 1845/1845/1845 1868/1868/1868
f 1868/1868/1868 1720/1720/1720 1712/1712/1712
f 1712/1712/1712 1720/1720/1720 1959/1959/1959
f 1848/1848/1848 1847/1847/1847 1713/1713/1713
f 1710/1710/1710 1847/1847/1847 1848/1848/1848
f 1723/1723/1723 1847/1847/1847 1710/1710/1710
f 1723/1723/1723 1825/1825/1825 1847/1847/1847
f 1847/1847/1847 1825/1825/1825 1854/1854/1854
f 1854/1854/1854 1963/1963/1963 1847/1847/1847
f 1854/1854/1854 1868/1868/1868 1963/1963/1963
f 1963/1963/1963 1868/1868/1868 1845/1845/1845
f 1723/1723/1723 1710/1710/1710 1675/1675/1675
f 1696/1696/1696 1723/1723/1723 1675/1675/1675
f 1720/1720/1720 1723/1723/1723 1696/1696/1696
f 1720/1720/1720 1825/1825/1825 1723/1723/1723
f 1869/1869/1869 1825/1825/1825 1720/1720/1720
f 1869/1869/1869 1868/1868/1868 1825/1825/1825
f 1825/1825/1825 1868/1868/1868 1854/1854/1854
f 1675/1675/1675 1710/1710/1710 1705/1705/1705
f 1675/1675/1675 1705/1705/1705 1907/1907/1907
f 1894/1894/1894 1675/1675/1675 1907/1907/1907
f 1696/1696/1696 1675/1675/1675 1894/1894/1894
f 1894/1894/1894 1708/1708/1708 1696/1696/1696
f 1708/1708/1708 1720/1720/1720 1696/1696/1696
f 1711/1711/1711 1720/1720/1720 1708/1708/1708
f 1959/1959/1959 1720/1720/1720 1711/1711/1711
f 1907/1907/1907 1705/1705/1705 1897/1897/1897
f 1897/1897/1897 1878/1878/1878 1907/1907/1907
f 1878/1878/1878 1891/1891/1891 1907/1907/1907
f 1907/1907/1907 1891/1891/1891 1894/1894/1894
f 1891/1891/1891 1925/1925/1925 1894/1894/1894
f 1894/1894/1894 1925/1925/1925 1923/1923/1923
f 1923/1923/1923 1708/1708/1708 1894/1894/1894
f 1923/1923/1923 1693/1693/1693 1708/1708/1708
f 1708/1708/1708 1693/1693/1693 1711/1711/1711
f 1711/1711/1711 1693/1693/1693 1678/1678/1678
f 1678/1678/1678 1959/1959/1959 1711/1711/1711
f 1676/1676/1676 1959/1959/1959 1678/1678/1678
f 1666/1666/1666 1878/1878/1878 1897/1897/1897
f 1666/1666/1666 1904/1904/1904 1878/1878/1878
f 1904/1904/1904 1891/1891/1891 1878/1878/1878
f 1886/1886/1886 1891/1891/1891 1904/1904/1904
f 1886/1886/1886 1889/1889/1889 1891/1891/1891
f 1891/1891/1891 1889/1889/1889 1925/1925/1925
f 1889/1889/1889 1898/1898/1898 1925/1925/1925
f 1925/1925/1925 1898/1898/1898 1923/1923/1923
f 1923/1923/1923 1898/1898/1898 1908/1908/1908
f 1908/1908/1908 1693/1693/1693 1923/1923/1923
f 1877/1877/1877 1904/1904/1904 1666/1666/1666
f 1877/1877/1877 1900/1900/1900 1904/1904/1904
f 1900/1900/1900 1886/1886/1886 1904/1904/1904
f 1890/1890/1890 1886/1886/1886 1900/1900/1900
f 1890/1890/1890 1887/1887/1887 1886/1886/1886
f 1886/1886/1886 1887/1887/1887 1889/1889/1889
f 1889/1889/1889 1887/1887/1887 1905/1905/1905
f 1905/1905/1905 1898/1898/1898 1889/1889/1889
f 1896/1896/1896 1900/1900/1900 1877/1877/1877
f 1896/1896/1896 1902/1902/1902 1900/1900/1900
f 1902/1902/1902 1890/1890/1890 1900/1900/1900
f 1906/1906/1906 1890/1890/1890 1902/1902/1902
f 1906/1906/1906 1893/1893/1893 1890/1890/1890
f 1893/1893/1893 1887/1887/1887 1890/1890/1890
f 1893/1893/1893 1701/1701/1701 1887/1887/1887
f 1905/1905/1905 1887/1887/1887 1701/1701/1701
f 1938/1938/1938 1905/1905/1905 1701/1701/1701
f 1937/1937/1937 1905/1905/1905 1938/1938/1938
f 1905/1905/1905 1937/1937/1937 1898/1898/1898
f 1926/1926/1926 1902/1902/1902 1896/1896/1896
f 1869/1869/1869 1720/1720/1720 1868/1868/1868
f 1727/1727/1727 1893/1893/1893 1906/1906/1906
f 1727/1727/1727 1947/1947/1947 1893/1893/1893
f 1893/1893/1893 1947/1947/1947 1903/1903/1903
f 1893/1893/1893 1903/1903/1903 1701/1701/1701
f 1701/1701/1701 1903/1903/1903 1938/1938/1938
f 1903/1903/1903 1888/1888/1888 1938/1938/1938
f 1888/1888/1888 1728/1728/1728 1938/1938/1938
f 1938/1938/1938 1728/1728/1728 1937/1937/1937
f 1937/1937/1937 1728/1728/1728 1667/1667/1667
f 1898/1898/1898 1937/1937/1937 1667/1667/1667
f 1667/1667/1667 1909/1909/1909 1898/1898/1898
f 1898/1898/1898 1909/1909/1909 1908/1908/1908
f 1947/1947/1947 1664/1664/1664 1903/1903/1903
f 1903/1903/1903 1664/1664/1664 1669/1669/1669
f 1669/1669/1669 1670/1670/1670 1903/1903/1903
f 1903/1903/1903 1670/1670/1670 1888/1888/1888
f 1888/1888/1888 1670/1670/1670 1728/1728/1728
f 1728/1728/1728 1670/1670/1670 1671/1671/1671
f 1728/1728/1728 1671/1671/1671 1892/1892/1892
f 1667/1667/1667 1728/1728/1728 1892/1892/1892
f 1892/1892/1892 1895/1895/1895 1667/1667/1667
f 1667/1667/1667 1895/1895/1895 1909/1909/1909
f 1895/1895/1895 1673/1673/1673 1909/1909/1909
f 1909/1909/1909 1673/1673/1673 1882/1882/1882
f 1909/1909/1909 1882/1882/1882 1908/1908/1908
f 1908/1908/1908 1882/1882/1882 1693/1693/1693
f 1882/1882/1882 1679/1679/1679 1693/1693/1693
f 1693/1693/1693 1679/1679/1679 1678/1678/1678
f 1892/1892/1892 1671/1671/1671 1715/1715/1715
f 1715/1715/1715 1714/1714/1714 1892/1892/1892
f 1892/1892/1892 1714/1714/1714 1895/1895/1895
f 1714/1714/1714 1879/1879/1879 1895/1895/1895
f 1895/1895/1895 1879/1879/1879 1673/1673/1673
f 1673/1673/1673 1879/1879/1879 1913/1913/1913
f 1673/1673/1673 1913/1913/1913 1882/1882/1882
f 1882/1882/1882 1913/1913/1913 1679/1679/1679
f 1913/1913/1913 1901/1901/1901 1679/1679/1679
f 1679/1679/1679 1901/1901/1901 1678/1678/1678
f 1678/1678/1678 1901/1901/1901 1676/1676/1676
f 1901/1901/1901 1885/1885/1885 1676/1676/1676
f 1676/1676/1676 1885/1885/1885 1884/1884/1884
f 1913/1913/1913 1879/1879/1879 1881/1881/1881
f 1881/1881/1881 1880/1880/1880 1913/1913/1913
f 1913/1913/1913 1880/1880/1880 1914/1914/1914
f 1914/1914/1914 1901/1901/1901 1913/1913/1913
f 1914/1914/1914 1919/1919/1919 1901/1901/1901
f 1901/1901/1901 1919/1919/1919 1885/1885/1885
f 1919/1919/1919 1677/1677/1677 1885/1885/1885
f 1919/1919/1919 1918/1918/1918 1677/1677/1677
f 1883/1883/1883 1918/1918/1918 1919/1919/1919
f 1914/1914/1914 1883/1883/1883 1919/1919/1919
f 1880/1880/1880 1883/1883/1883 1914/1914/1914
f 1933/1933/1933 1736/1736/1736 1685/1685/1685
f 1935/1935/1935 1736/1736/1736 1933/1933/1933
f 1935/1935/1935 1690/1690/1690 1736/1736/1736
f 1945/1945/1945 1690/1690/1690 1935/1935/1935
f 1946/1946/1946 1690/1690/1690 1945/1945/1945
f 1684/1684/1684 1690/1690/1690 1946/1946/1946
f 1946/1946/1946 1688/1688/1688 1684/1684/1684
f 1935/1935/1935 1933/1933/1933 1950/1950/1950
f 1935/1935/1935 1950/1950/1950 1934/1934/1934
f 1945/1945/1945 1935/1935/1935 1934/1934/1934
f 1945/1945/1945 1934/1934/1934 1946/1946/1946
f 1946/1946/1946 1934/1934/1934 1743/1743/1743
f 1703/1703/1703 1946/1946/1946 1743/1743/1743
f 1704/1704/1704 1946/1946/1946 1703/1703/1703
f 1704/1704/1704 1688/1688/1688 1946/1946/1946
f 1704/1704/1704 1734/1734/1734 1688/1688/1688
f 1950/1950/1950 1933/1933/1933 1939/1939/1939
f 1950/1950/1950 1939/1939/1939 1948/1948/1948
f 1950/1950/1950 1948/1948/1948 1940/1940/1940
f 1940/1940/1940 1740/1740/1740 1950/1950/1950
f 1934/1934/1934 1950/1950/1950 1740/1740/1740
f 1742/1742/1742 1934/1934/1934 1740/1740/1740
f 1743/1743/1743 1934/1934/1934 1742/1742/1742
f 1747/1747/1747 1743/1743/1743 1742/1742/1742
f 1703/1703/1703 1743/1743/1743 1747/1747/1747
f 1948/1948/1948 1939/1939/1939 1941/1941/1941
f 1948/1948/1948 1941/1941/1941 1751/1751/1751
f 1691/1691/1691 1948/1948/1948 1751/1751/1751
f 1942/1942/1942 1948/1948/1948 1691/1691/1691
f 1940/1940/1940 1948/1948/1948 1942/1942/1942
f 1940/1940/1940 1942/1942/1942 1936/1936/1936
f 1742/1742/1742 1940/1940/1940 1936/1936/1936
f 1740/1740/1740 1940/1940/1940 1742/1742/1742
f 1751/1751/1751 1941/1941/1941 1741/1741/1741
f 1751/1751/1751 1741/1741/1741 1721/1721/1721
f 1739/1739/1739 1751/1751/1751 1721/1721/1721
f 1691/1691/1691 1751/1751/1751 1739/1739/1739
f 1691/1691/1691 1739/1739/1739 1750/1750/1750
f 1692/1692/1692 1691/1691/1691 1750/1750/1750
f 1942/1942/1942 1691/1691/1691 1692/1692/1692
f 1692/1692/1692 1936/1936/1936 1942/1942/1942
f 1733/1733/1733 1936/1936/1936 1692/1692/1692
f 1733/1733/1733 1747/1747/1747 1936/1936/1936
f 1936/1936/1936 1747/1747/1747 1742/1742/1742
f 1721/1721/1721 1741/1741/1741 1752/1752/1752
f 1750/1750/1750 1739/1739/1739 1722/1722/1722
f 1921/1921/1921 1750/1750/1750 1722/1722/1722
f 1780/1780/1780 1750/1750/1750 1921/1921/1921
f 1920/1920/1920 1750/1750/1750 1780/1780/1780
f 1692/1692/1692 1750/1750/1750 1920/1920/1920
f 1786/1786/1786 1692/1692/1692 1920/1920/1920
f 1733/1733/1733 1692/1692/1692 1786/1786/1786
f 1733/1733/1733 1786/1786/1786 1747/1747/1747
f 1747/1747/1747 1786/1786/1786 1781/1781/1781
f 1781/1781/1781 1703/1703/1703 1747/1747/1747
f 1777/1777/1777 1780/1780/1780 1921/1921/1921
f 1788/1788/1788 1780/1780/1780 1777/1777/1777
f 1788/1788/1788 1920/1920/1920 1780/1780/1780
f 1787/1787/1787 1920/1920/1920 1788/1788/1788
f 1787/1787/1787 1786/1786/1786 1920/1920/1920
f 1928/1928/1928 1786/1786/1786 1787/1787/1787
f 1928/1928/1928 1776/1776/1776 1786/1786/1786
f 1786/1786/1786 1776/1776/1776 1781/1781/1781
f 1776/1776/1776 1951/1951/1951 1781/1781/1781
f 1781/1781/1781 1951/1951/1951 1783/1783/1783
f 1783/1783/1783 1703/1703/1703 1781/1781/1781
f 1783/1783/1783 1704/1704/1704 1703/1703/1703
f 1777/1777/1777 1778/1778/1778 1788/1788/1788
f 1778/1778/1778 1800/1800/1800 1788/1788/1788
f 1800/1800/1800 1874/1874/1874 1788/1788/1788
f 1788/1788/1788 1874/1874/1874 1787/1787/1787
f 1787/1787/1787 1874/1874/1874 1785/1785/1785
f 1785/1785/1785 1928/1928/1928 1787/1787/1787
f 1875/1875/1875 1928/1928/1928 1785/1785/1785
f 1922/1922/1922 1928/1928/1928 1875/1875/1875
f 1922/1922/1922 1776/1776/1776 1928/1928/1928
f 1779/1779/1779 1778/1778/1778 1777/1777/1777
f 1779/1779/1779 1949/1949/1949 1778/1778/1778
f 1778/1778/1778 1949/1949/1949 1744/1744/1744
f 1778/1778/1778 1744/1744/1744 1774/1774/1774
f 1774/1774/1774 1800/1800/1800 1778/1778/1778
f 1774/1774/1774 1855/1855/1855 1800/1800/1800
f 1800/1800/1800 1855/1855/1855 1874/1874/1874
f 1785/1785/1785 1874/1874/1874 1855/1855/1855
f 1855/1855/1855 1932/1932/1932 1785/1785/1785
f 1785/1785/1785 1932/1932/1932 1875/1875/1875
f 1875/1875/1875 1932/1932/1932 1744/1744/1744
f 1744/1744/1744 1911/1911/1911 1875/1875/1875
f 1911/1911/1911 1922/1922/1922 1875/1875/1875
f 1949/1949/1949 1773/1773/1773 1744/1744/1744
f 1773/1773/1773 1911/1911/1911 1744/1744/1744
f 1773/1773/1773 1952/1952/1952 1911/1911/1911
f 1952/1952/1952 1953/1953/1953 1911/1911/1911
f 1953/1953/1953 1922/1922/1922 1911/1911/1911
f 1953/1953/1953 1873/1873/1873 1922/1922/1922
f 1873/1873/1873 1776/1776/1776 1922/1922/1922
f 1873/1873/1873 1951/1951/1951 1776/1776/1776
f 1876/1876/1876 1773/1773/1773 1949/1949/1949
f 1876/1876/1876 1775/1775/1775 1773/1773/1773
f 1775/1775/1775 1952/1952/1952 1773/1773/1773
f 1789/1789/1789 1775/1775/1775 1876/1876/1876
f 1860/1860/1860 1953/1953/1953 1952/1952/1952
f 1860/1860/1860 1858/1858/1858 1953/1953/1953
f 1953/1953/1953 1858/1858/1858 1873/1873/1873
f 1873/1873/1873 1858/1858/1858 1768/1768/1768
f 1768/1768/1768 1951/1951/1951 1873/1873/1873
f 1768/1768/1768 1799/1799/1799 1951/1951/1951
f 1799/1799/1799 1782/1782/1782 1951/1951/1951
f 1951/1951/1951 1782/1782/1782 1783/1783/1783
f 1782/1782/1782 1704/1704/1704 1783/1783/1783
f 1782/1782/1782 1734/1734/1734 1704/1704/1704
f 1784/1784/1784 1858/1858/1858 1860/1860/1860
f 1784/1784/1784 1702/1702/1702 1858/1858/1858
f 1702/1702/1702 1689/1689/1689 1858/1858/1858
f 1858/1858/1858 1689/1689/1689 1910/1910/1910
f 1858/1858/1858 1910/1910/1910 1768/1768/1768
f 1910/1910/1910 1799/1799/1799 1768/1768/1768
f 1910/1910/1910 1689/1689/1689 1799/1799/1799
f 1799/1799/1799 1689/1689/1689 1748/1748/1748
f 1799/1799/1799 1748/1748/1748 1782/1782/1782
f 1782/1782/1782 1748/1748/1748 1734/1734/1734
f 1735/1735/1735 1702/1702/1702 1784/1784/1784
f 2135/2135/2135 2216/2216/2216 2187/2187/2187
f 2131/2131/2131 2216/2216/2216 2135/2135/2135
f 2217/2217/2217 2216/2216/2216 2131/2131/2131
f 2210/2210/2210 2216/2216/2216 2217/2217/2217
f 2210/2210/2210 2217/2217/2217 2058/2058/2058
f 2058/2058/2058 2217/2217/2217 2208/2208/2208
f 2058/2058/2058 2208/2208/2208 2133/2133/2133
f 2139/2139/2139 2131/2131/2131 2135/2135/2135
f 2111/2111/2111 2131/2131/2131 2139/2139/2139
f 2215/2215/2215 2131/2131/2131 2111/2111/2111
f 2217/2217/2217 2131/2131/2131 2215/2215/2215
f 2212/2212/2212 2217/2217/2217 2215/2215/2215
f 2208/2208/2208 2217/2217/2217 2212/2212/2212
f 2212/2212/2212 2038/2038/2038 2208/2208/2208
f 1968/1968/1968 2208/2208/2208 2038/2038/2038
f 2208/2208/2208 1968/1968/1968 2085/2085/2085
f 2085/2085/2085 2214/2214/2214 2208/2208/2208
f 2133/2133/2133 2208/2208/2208 2214/2214/2214
f 2125/2125/2125 2133/2133/2133 2214/2214/2214
f 2125/2125/2125 2214/2214/2214 2085/2085/2085
f 2169/2169/2169 2212/2212/2212 2215/2215/2215
f 2140/2140/2140 2212/2212/2212 2169/2169/2169
f 2212/2212/2212 2140/2140/2140 2082/2082/2082
f 2082/2082/2082 2038/2038/2038 2212/2212/2212
f 2082/2082/2082 1970/1970/1970 2038/2038/2038
f 2038/2038/2038 1970/1970/1970 2136/2136/2136
f 2209/2209/2209 2038/2038/2038 2136/2136/2136
f 1968/1968/1968 2038/2038/2038 2209/2209/2209
f 2165/2165/2165 2169/2169/2169 2215/2215/2215
f 2165/2165/2165 2156/2156/2156 2169/2169/2169
f 2156/2156/2156 2140/2140/2140 2169/2169/2169
f 2109/2109/2109 2140/2140/2140 2156/2156/2156
f 2109/2109/2109 2107/2107/2107 2140/2140/2140
f 2107/2107/2107 2082/2082/2082 2140/2140/2140
f 2082/2082/2082 2107/2107/2107 2132/2132/2132
f 1970/1970/1970 2082/2082/2082 2132/2132/2132
f 2132/2132/2132 2107/2107/2107 2138/2138/2138
f 2100/2100/2100 2132/2132/2132 2138/2138/2138
f 2209/2209/2209 2136/2136/2136 2137/2137/2137
f 2137/2137/2137 2136/2136/2136 2134/2134/2134
f 2136/2136/2136 1970/1970/1970 2134/2134/2134
f 2167/2167/2167 2153/2153/2153 2172/2172/2172
f 2091/2091/2091 2153/2153/2153 2167/2167/2167
f 2091/2091/2091 2101/2101/2101 2153/2153/2153
f 2146/2146/2146 2101/2101/2101 2091/2091/2091
f 2146/2146/2146 2059/2059/2059 2101/2101/2101
f 2057/2057/2057 2059/2059/2059 2146/2146/2146
f 2146/2146/2146 2104/2104/2104 2057/2057/2057
f 2057/2057/2057 2104/2104/2104 2168/2168/2168
f 2091/2091/2091 2167/2167/2167 2143/2143/2143
f 2091/2091/2091 2143/2143/2143 2146/2146/2146
f 2146/2146/2146 2143/2143/2143 2104/2104/2104
f 2143/2143/2143 2155/2155/2155 2104/2104/2104
f 2104/2104/2104 2155/2155/2155 2105/2105/2105
f 2104/2104/2104 2105/2105/2105 2168/2168/2168
f 2105/2105/2105 2154/2154/2154 2168/2168/2168
f 2154/2154/2154 2163/2163/2163 2168/2168/2168
f 2171/2171/2171 2163/2163/2163 2154/2154/2154
f 2143/2143/2143 2167/2167/2167 2110/2110/2110
f 2143/2143/2143 2110/2110/2110 2155/2155/2155
f 2155/2155/2155 2110/2110/2110 2166/2166/2166
f 2166/2166/2166 2150/2150/2150 2155/2155/2155
f 2150/2150/2150 2108/2108/2108 2155/2155/2155
f 2155/2155/2155 2108/2108/2108 2105/2105/2105
f 2105/2105/2105 2108/2108/2108 2007/2007/2007
f 2007/2007/2007 2160/2160/2160 2105/2105/2105
f 2105/2105/2105 2160/2160/2160 2154/2154/2154
f 2154/2154/2154 2160/2160/2160 2171/2171/2171
f 2160/2160/2160 2159/2159/2159 2171/2171/2171
f 2170/2170/2170 2159/2159/2159 2160/2160/2160
f 2159/2159/2159 2170/2170/2170 2084/2084/2084
f 2162/2162/2162 2150/2150/2150 2166/2166/2166
f 2162/2162/2162 2152/2152/2152 2150/2150/2150
f 2150/2150/2150 2152/2152/2152 2164/2164/2164
f 2164/2164/2164 2108/2108/2108 2150/2150/2150
f 2108/2108/2108 2164/2164/2164 2008/2008/2008
f 2108/2108/2108 2008/2008/2008 2102/2102/2102
f 2108/2108/2108 2102/2102/2102 2007/2007/2007
f 2007/2007/2007 2102/2102/2102 2161/2161/2161
f 2081/2081/2081 2007/2007/2007 2161/2161/2161
f 2007/2007/2007 2081/2081/2081 2170/2170/2170
f 2170/2170/2170 2160/2160/2160 2007/2007/2007
f 2102/2102/2102 2008/2008/2008 2083/2083/2083
f 2102/2102/2102 2083/2083/2083 2099/2099/2099
f 2102/2102/2102 2099/2099/2099 2161/2161/2161
f 2092/2092/2092 2147/2147/2147 2103/2103/2103
f 2118/2118/2118 2147/2147/2147 2092/2092/2092
f 2118/2118/2118 2158/2158/2158 2147/2147/2147
f 2094/2094/2094 2158/2158/2158 2118/2118/2118
f 2158/2158/2158 2094/2094/2094 2124/2124/2124
f 2114/2114/2114 2118/2118/2118 2092/2092/2092
f 2095/2095/2095 2118/2118/2118 2114/2114/2114
f 2095/2095/2095 2094/2094/2094 2118/2118/2118
f 2086/2086/2086 2094/2094/2094 2095/2095/2095
f 2086/2086/2086 2124/2124/2124 2094/2094/2094
f 2124/2124/2124 2086/2086/2086 2090/2090/2090
f 2124/2124/2124 2090/2090/2090 2123/2123/2123
f 2124/2124/2124 2123/2123/2123 2157/2157/2157
f 2123/2123/2123 2093/2093/2093 2157/2157/2157
f 2157/2157/2157 2093/2093/2093 2148/2148/2148
f 2114/2114/2114 2117/2117/2117 2095/2095/2095
f 2117/2117/2117 2086/2086/2086 2095/2095/2095
f 2090/2090/2090 2086/2086/2086 2117/2117/2117
f 2117/2117/2117 2093/2093/2093 2090/2090/2090
f 2090/2090/2090 2093/2093/2093 2123/2123/2123
f 2089/2089/2089 2117/2117/2117 2114/2114/2114
f 2116/2116/2116 2117/2117/2117 2089/2089/2089
f 2093/2093/2093 2117/2117/2117 2116/2116/2116
f 2093/2093/2093 2116/2116/2116 2148/2148/2148
f 2148/2148/2148 2116/2116/2116 2149/2149/2149
f 2088/2088/2088 2098/2098/2098 2121/2121/2121
f 2121/2121/2121 2098/2098/2098 2120/2120/2120
f 2121/2121/2121 2120/2120/2120 2112/2112/2112
f 2112/2112/2112 2120/2120/2120 2119/2119/2119
f 2096/2096/2096 2112/2112/2112 2119/2119/2119
f 2127/2127/2127 2112/2112/2112 2096/2096/2096
f 2096/2096/2096 2122/2122/2122 2127/2127/2127
f 2098/2098/2098 2097/2097/2097 2120/2120/2120
f 2120/2120/2120 2097/2097/2097 2128/2128/2128
f 2120/2120/2120 2128/2128/2128 2119/2119/2119
f 2119/2119/2119 2128/2128/2128 2129/2129/2129
f 2119/2119/2119 2129/2129/2129 2096/2096/2096
f 2096/2096/2096 2129/2129/2129 2087/2087/2087
f 2096/2096/2096 2087/2087/2087 2130/2130/2130
f 2130/2130/2130 2122/2122/2122 2096/2096/2096
f 2115/2115/2115 2122/2122/2122 2130/2130/2130
f 2113/2113/2113 2122/2122/2122 2115/2115/2115
f 2128/2128/2128 2097/2097/2097 2142/2142/2142
f 2142/2142/2142 2129/2129/2129 2128/2128/2128
f 2129/2129/2129 2142/2142/2142 2087/2087/2087
f 2087/2087/2087 2142/2142/2142 2126/2126/2126
f 2130/2130/2130 2087/2087/2087 2126/2126/2126
f 2141/2141/2141 2130/2130/2130 2126/2126/2126
f 2115/2115/2115 2130/2130/2130 2141/2141/2141
f 2126/2126/2126 2142/2142/2142 2141/2141/2141
f 2213/2213/2213 2237/2237/2237 2211/2211/2211
f 2247/2247/2247 2237/2237/2237 2213/2213/2213
f 2183/2183/2183 2237/2237/2237 2247/2247/2247
f 2184/2184/2184 2237/2237/2237 2183/2183/2183
f 2183/2183/2183 2181/2181/2181 2184/2184/2184
f 2184/2184/2184 2181/2181/2181 2202/2202/2202
f 2213/2213/2213 2219/2219/2219 2247/2247/2247
f 2219/2219/2219 2200/2200/2200 2247/2247/2247
f 2247/2247/2247 2200/2200/2200 2183/2183/2183
f 2200/2200/2200 2181/2181/2181 2183/2183/2183
f 2182/2182/2182 2181/2181/2181 2200/2200/2200
f 2201/2201/2201 2182/2182/2182 2200/2200/2200
f 2234/2234/2234 2182/2182/2182 2201/2201/2201
f 2199/2199/2199 2219/2219/2219 2213/2213/2213
f 2219/2219/2219 2199/2199/2199 2206/2206/2206
f 2206/2206/2206 2201/2201/2201 2219/2219/2219
f 2219/2219/2219 2201/2201/2201 2200/2200/2200
f 2206/2206/2206 2199/2199/2199 2207/2207/2207
f 2245/2245/2245 2283/2283/2283 2238/2238/2238
f 2282/2282/2282 2283/2283/2283 2245/2245/2245
f 2283/2283/2283 2282/2282/2282 2279/2279/2279
f 2279/2279/2279 2282/2282/2282 2264/2264/2264
f 2197/2197/2197 2279/2279/2279 2264/2264/2264
f 2243/2243/2243 2279/2279/2279 2197/2197/2197
f 2192/2192/2192 2243/2243/2243 2197/2197/2197
f 2195/2195/2195 2243/2243/2243 2192/2192/2192
f 2198/2198/2198 2282/2282/2282 2245/2245/2245
f 2321/2321/2321 2282/2282/2282 2198/2198/2198
f 2320/2320/2320 2282/2282/2282 2321/2321/2321
f 2264/2264/2264 2282/2282/2282 2320/2320/2320
f 2196/2196/2196 2264/2264/2264 2320/2320/2320
f 2197/2197/2197 2264/2264/2264 2196/2196/2196
f 2197/2197/2197 2196/2196/2196 2192/2192/2192
f 2192/2192/2192 2196/2196/2196 2233/2233/2233
f 2233/2233/2233 2196/2196/2196 2232/2232/2232
f 2232/2232/2232 2196/2196/2196 2241/2241/2241
f 2232/2232/2232 2241/2241/2241 2246/2246/2246
f 2191/2191/2191 2321/2321/2321 2198/2198/2198
f 2277/2277/2277 2321/2321/2321 2191/2191/2191
f 2321/2321/2321 2277/2277/2277 2320/2320/2320
f 2320/2320/2320 2277/2277/2277 2280/2280/2280
f 2241/2241/2241 2320/2320/2320 2280/2280/2280
f 2196/2196/2196 2320/2320/2320 2241/2241/2241
f 2191/2191/2191 2262/2262/2262 2277/2277/2277
f 2278/2278/2278 2277/2277/2277 2262/2262/2262
f 2280/2280/2280 2277/2277/2277 2278/2278/2278
f 2280/2280/2280 2278/2278/2278 2241/2241/2241
f 2241/2241/2241 2278/2278/2278 2242/2242/2242
f 2246/2246/2246 2241/2241/2241 2242/2242/2242
f 2246/2246/2246 2242/2242/2242 2274/2274/2274
f 2274/2274/2274 2242/2242/2242 2316/2316/2316
f 2274/2274/2274 2316/2316/2316 2319/2319/2319
f 2193/2193/2193 2262/2262/2262 2191/2191/2191
f 2193/2193/2193 2265/2265/2265 2262/2262/2262
f 2262/2262/2262 2265/2265/2265 2278/2278/2278
f 2278/2278/2278 2265/2265/2265 2267/2267/2267
f 2316/2316/2316 2278/2278/2278 2267/2267/2267
f 2242/2242/2242 2278/2278/2278 2316/2316/2316
f 2194/2194/2194 2265/2265/2265 2193/2193/2193
f 2194/2194/2194 2322/2322/2322 2265/2265/2265
f 2302/2302/2302 2265/2265/2265 2322/2322/2322
f 2267/2267/2267 2265/2265/2265 2302/2302/2302
f 2267/2267/2267 2302/2302/2302 2316/2316/2316
f 2316/2316/2316 2302/2302/2302 2315/2315/2315
f 2319/2319/2319 2316/2316/2316 2315/2315/2315
f 2319/2319/2319 2315/2315/2315 2276/2276/2276
f 2276/2276/2276 2315/2315/2315 2281/2281/2281
f 2281/2281/2281 2266/2266/2266 2276/2276/2276
f 2276/2276/2276 2266/2266/2266 2275/2275/2275
f 2220/2220/2220 2322/2322/2322 2194/2194/2194
f 2220/2220/2220 2309/2309/2309 2322/2322/2322
f 2322/2322/2322 2309/2309/2309 2302/2302/2302
f 2302/2302/2302 2309/2309/2309 2290/2290/2290
f 2302/2302/2302 2290/2290/2290 2315/2315/2315
f 2315/2315/2315 2290/2290/2290 2281/2281/2281
f 2290/2290/2290 2263/2263/2263 2281/2281/2281
f 2281/2281/2281 2263/2263/2263 2266/2266/2266
f 2249/2249/2249 2309/2309/2309 2220/2220/2220
f 2244/2244/2244 2309/2309/2309 2249/2249/2249
f 2258/2258/2258 2309/2309/2309 2244/2244/2244
f 2263/2263/2263 2309/2309/2309 2258/2258/2258
f 2290/2290/2290 2309/2309/2309 2263/2263/2263
f 2298/2298/2298 2358/2358/2358 2251/2251/2251
f 2304/2304/2304 2358/2358/2358 2298/2298/2298
f 2304/2304/2304 2250/2250/2250 2358/2358/2358
f 2326/2326/2326 2250/2250/2250 2304/2304/2304
f 2326/2326/2326 2330/2330/2330 2250/2250/2250
f 2366/2366/2366 2330/2330/2330 2326/2326/2326
f 2366/2366/2366 2297/2297/2297 2330/2330/2330
f 2330/2330/2330 2297/2297/2297 2332/2332/2332
f 2298/2298/2298 2367/2367/2367 2304/2304/2304
f 2304/2304/2304 2367/2367/2367 2303/2303/2303
f 2313/2313/2313 2304/2304/2304 2303/2303/2303
f 2326/2326/2326 2304/2304/2304 2313/2313/2313
f 2326/2326/2326 2313/2313/2313 2366/2366/2366
f 2366/2366/2366 2313/2313/2313 2329/2329/2329
f 2299/2299/2299 2366/2366/2366 2329/2329/2329
f 2297/2297/2297 2366/2366/2366 2299/2299/2299
f 2297/2297/2297 2299/2299/2299 2314/2314/2314
f 2297/2297/2297 2314/2314/2314 2332/2332/2332
f 2332/2332/2332 2314/2314/2314 2335/2335/2335
f 2303/2303/2303 2367/2367/2367 2363/2363/2363
f 2336/2336/2336 2303/2303/2303 2363/2363/2363
f 2313/2313/2313 2303/2303/2303 2336/2336/2336
f 2284/2284/2284 2313/2313/2313 2336/2336/2336
f 2329/2329/2329 2313/2313/2313 2284/2284/2284
f 2329/2329/2329 2284/2284/2284 2299/2299/2299
f 2299/2299/2299 2284/2284/2284 2270/2270/2270
f 2359/2359/2359 2299/2299/2299 2270/2270/2270
f 2289/2289/2289 2299/2299/2299 2359/2359/2359
f 2314/2314/2314 2299/2299/2299 2289/2289/2289
f 2363/2363/2363 2367/2367/2367 2365/2365/2365
f 2363/2363/2363 2365/2365/2365 2364/2364/2364
f 2363/2363/2363 2364/2364/2364 2336/2336/2336
f 2336/2336/2336 2364/2364/2364 2337/2337/2337
f 2285/2285/2285 2336/2336/2336 2337/2337/2337
f 2284/2284/2284 2336/2336/2336 2285/2285/2285
f 2271/2271/2271 2284/2284/2284 2285/2285/2285
f 2270/2270/2270 2284/2284/2284 2271/2271/2271
f 2328/2328/2328 2270/2270/2270 2271/2271/2271
f 2359/2359/2359 2270/2270/2270 2328/2328/2328
f 2364/2364/2364 2365/2365/2365 2362/2362/2362
f 2300/2300/2300 2359/2359/2359 2328/2328/2328
f 2273/2273/2273 2359/2359/2359 2300/2300/2300
f 2325/2325/2325 2359/2359/2359 2273/2273/2273
f 2289/2289/2289 2359/2359/2359 2325/2325/2325
f 2325/2325/2325 2314/2314/2314 2289/2289/2289
f 2324/2324/2324 2314/2314/2314 2325/2325/2325
f 2314/2314/2314 2324/2324/2324 2335/2335/2335
f 2305/2305/2305 2273/2273/2273 2300/2300/2300
f 2306/2306/2306 2273/2273/2273 2305/2305/2305
f 2368/2368/2368 2273/2273/2273 2306/2306/2306
f 2325/2325/2325 2273/2273/2273 2368/2368/2368
f 2287/2287/2287 2325/2325/2325 2368/2368/2368
f 2324/2324/2324 2325/2325/2325 2287/2287/2287
f 2324/2324/2324 2287/2287/2287 2334/2334/2334
f 2335/2335/2335 2324/2324/2324 2334/2334/2334
f 2306/2306/2306 2305/2305/2305 2327/2327/2327
f 2288/2288/2288 2306/2306/2306 2327/2327/2327
f 2368/2368/2368 2306/2306/2306 2288/2288/2288
f 2288/2288/2288 2287/2287/2287 2368/2368/2368
f 2257/2257/2257 2287/2287/2287 2288/2288/2288
f 2257/2257/2257 2333/2333/2333 2287/2287/2287
f 2287/2287/2287 2333/2333/2333 2331/2331/2331
f 2334/2334/2334 2287/2287/2287 2331/2331/2331
f 2327/2327/2327 2305/2305/2305 2272/2272/2272
f 2170/2170/2170 2081/2081/2081 2144/2144/2144
f 2144/2144/2144 2081/2081/2081 2151/2151/2151
f 2151/2151/2151 2145/2145/2145 2144/2144/2144
f 2144/2144/2144 2145/2145/2145 2106/2106/2106
f 2144/2144/2144 2106/2106/2106 2170/2170/2170
f 2106/2106/2106 2084/2084/2084 2170/2170/2170
f 2056/2056/2056 2084/2084/2084 2106/2106/2106
f 2145/2145/2145 2056/2056/2056 2106/2106/2106
f 1744/1744/1744 1932/1932/1932 1931/1931/1931
f 1855/1855/1855 1931/1931/1931 1932/1932/1932
f 1774/1774/1774 1931/1931/1931 1855/1855/1855
f 1774/1774/1774 1744/1744/1744 1931/1931/1931
f 814/814/814 813/813/813 770/770/770
f 770/770/770 813/813/813 771/771/771
f 770/770/770 771/771/771 766/766/766
f 770/770/770 766/766/766 788/788/788
f 788/788/788 814/814/814 770/770/770
f 804/804/804 814/814/814 788/788/788
f 804/804/804 788/788/788 931/931/931
f 804/804/804 931/931/931 915/915/915
f 815/815/815 771/771/771 813/813/813
f 798/798/798 771/771/771 815/815/815
f 771/771/771 798/798/798 800/800/800
f 766/766/766 771/771/771 800/800/800
f 800/800/800 764/764/764 766/766/766
f 763/763/763 766/766/766 764/764/764
f 765/765/765 766/766/766 763/763/763
f 788/788/788 766/766/766 765/765/765
f 765/765/765 933/933/933 788/788/788
f 788/788/788 933/933/933 931/931/931
f 810/810/810 798/798/798 815/815/815
f 810/810/810 803/803/803 798/798/798
f 800/800/800 798/798/798 803/803/803
f 802/802/802 800/800/800 803/803/803
f 802/802/802 769/769/769 800/800/800
f 769/769/769 764/764/764 800/800/800
f 786/786/786 764/764/764 769/769/769
f 787/787/787 764/764/764 786/786/786
f 763/763/763 764/764/764 787/787/787
f 810/810/810 815/815/815 816/816/816
f 801/801/801 810/810/810 816/816/816
f 801/801/801 803/803/803 810/810/810
f 946/946/946 803/803/803 801/801/801
f 905/905/905 803/803/803 946/946/946
f 905/905/905 802/802/802 803/803/803
f 905/905/905 973/973/973 802/802/802
f 802/802/802 973/973/973 978/978/978
f 978/978/978 767/767/767 802/802/802
f 802/802/802 767/767/767 769/769/769
f 767/767/767 786/786/786 769/769/769
f 946/946/946 801/801/801 816/816/816
f 905/905/905 946/946/946 968/968/968
f 905/905/905 968/968/968 843/843/843
f 905/905/905 843/843/843 973/973/973
f 973/973/973 843/843/843 844/844/844
f 973/973/973 844/844/844 960/960/960
f 960/960/960 975/975/975 973/973/973
f 973/973/973 975/975/975 978/978/978
f 975/975/975 768/768/768 978/978/978
f 978/978/978 768/768/768 767/767/767
f 768/768/768 773/773/773 767/767/767
f 773/773/773 786/786/786 767/767/767
f 773/773/773 774/774/774 786/786/786
f 786/786/786 774/774/774 787/787/787
f 782/782/782 773/773/773 768/768/768
f 782/782/782 774/774/774 773/773/773
f 941/941/941 774/774/774 782/782/782
f 939/939/939 774/774/774 941/941/941
f 774/774/774 939/939/939 787/787/787
f 787/787/787 939/939/939 966/966/966
f 904/904/904 787/787/787 966/966/966
f 763/763/763 787/787/787 904/904/904
f 763/763/763 904/904/904 765/765/765
f 765/765/765 904/904/904 842/842/842
f 842/842/842 933/933/933 765/765/765
f 932/932/932 939/939/939 941/941/941
f 930/930/930 939/939/939 932/932/932
f 939/939/939 930/930/930 966/966/966
f 966/966/966 930/930/930 962/962/962
f 904/904/904 966/966/966 962/962/962
f 962/962/962 842/842/842 904/904/904
f 842/842/842 962/962/962 976/976/976
f 823/823/823 842/842/842 976/976/976
f 933/933/933 842/842/842 823/823/823
f 823/823/823 808/808/808 933/933/933
f 933/933/933 808/808/808 934/934/934
f 931/931/931 933/933/933 934/934/934
f 928/928/928 930/930/930 932/932/932
f 976/976/976 930/930/930 928/928/928
f 962/962/962 930/930/930 976/976/976
f 932/932/932 775/775/775 928/928/928
f 807/807/807 928/928/928 775/775/775
f 976/976/976 928/928/928 807/807/807
f 824/824/824 976/976/976 807/807/807
f 823/823/823 976/976/976 824/824/824
f 824/824/824 983/983/983 823/823/823
f 983/983/983 808/808/808 823/823/823
f 777/777/777 775/775/775 932/932/932
f 656/656/656 775/775/775 777/777/777
f 654/654/654 775/775/775 656/656/656
f 654/654/654 807/807/807 775/775/775
f 664/664/664 807/807/807 654/654/654
f 664/664/664 824/824/824 807/807/807
f 631/631/631 824/824/824 664/664/664
f 631/631/631 660/660/660 824/824/824
f 824/824/824 660/660/660 979/979/979
f 979/979/979 983/983/983 824/824/824
f 659/659/659 654/654/654 656/656/656
f 659/659/659 664/664/664 654/654/654
f 662/662/662 664/664/664 659/659/659
f 662/662/662 630/630/630 664/664/664
f 664/664/664 630/630/630 631/631/631
f 631/631/631 630/630/630 665/665/665
f 631/631/631 665/665/665 616/616/616
f 631/631/631 616/616/616 660/660/660
f 656/656/656 626/626/626 659/659/659
f 624/624/624 659/659/659 626/626/626
f 662/662/662 659/659/659 624/624/624
f 624/624/624 640/640/640 662/662/662
f 630/630/630 662/662/662 640/640/640
f 630/630/630 640/640/640 550/550/550
f 630/630/630 550/550/550 665/665/665
f 628/628/628 626/626/626 656/656/656
f 628/628/628 545/545/545 626/626/626
f 608/608/608 626/626/626 545/545/545
f 624/624/624 626/626/626 608/608/608
f 608/608/608 640/640/640 624/624/624
f 612/612/612 640/640/640 608/608/608
f 550/550/550 640/640/640 612/612/612
f 550/550/550 612/612/612 609/609/609
f 550/550/550 609/609/609 563/563/563
f 665/665/665 550/550/550 563/563/563
f 544/544/544 545/545/545 628/628/628
f 545/545/545 544/544/544 566/566/566
f 611/611/611 545/545/545 566/566/566
f 608/608/608 545/545/545 611/611/611
f 605/605/605 608/608/608 611/611/611
f 612/612/612 608/608/608 605/605/605
f 609/609/609 612/612/612 605/605/605
f 609/609/609 605/605/605 606/606/606
f 535/535/535 609/609/609 606/606/606
f 559/559/559 609/609/609 535/535/535
f 563/563/563 609/609/609 559/559/559
f 544/544/544 551/551/551 566/566/566
f 566/566/566 551/551/551 558/558/558
f 566/566/566 558/558/558 611/611/611
f 611/611/611 558/558/558 607/607/607
f 605/605/605 611/611/611 607/607/607
f 606/606/606 605/605/605 607/607/607
f 607/607/607 552/552/552 606/606/606
f 606/606/606 552/552/552 604/604/604
f 536/536/536 606/606/606 604/604/604
f 535/535/535 606/606/606 536/536/536
f 613/613/613 535/535/535 536/536/536
f 558/558/558 551/551/551 658/658/658
f 658/658/658 552/552/552 558/558/558
f 558/558/558 552/552/552 607/607/607
f 658/658/658 551/551/551 661/661/661
f 661/661/661 655/655/655 658/658/658
f 658/658/658 655/655/655 552/552/552
f 552/552/552 655/655/655 636/636/636
f 552/552/552 636/636/636 604/604/604
f 604/604/604 636/636/636 638/638/638
f 604/604/604 638/638/638 553/553/553
f 614/614/614 604/604/604 553/553/553
f 536/536/536 604/604/604 614/614/614
f 536/536/536 614/614/614 613/613/613
f 613/613/613 614/614/614 632/632/632
f 653/653/653 655/655/655 661/661/661
f 644/644/644 655/655/655 653/653/653
f 629/629/629 655/655/655 644/644/644
f 636/636/636 655/655/655 629/629/629
f 634/634/634 636/636/636 629/629/629
f 638/638/638 636/636/636 634/634/634
f 614/614/614 553/553/553 632/632/632
f 553/553/553 638/638/638 632/632/632
f 559/559/559 519/519/519 563/563/563
f 563/563/563 519/519/519 663/663/663
f 665/665/665 563/563/563 663/663/663
f 665/665/665 663/663/663 690/690/690
f 616/616/616 665/665/665 690/690/690
f 663/663/663 519/519/519 627/627/627
f 663/663/663 627/627/627 517/517/517
f 517/517/517 690/690/690 663/663/663
f 517/517/517 716/716/716 690/690/690
f 716/716/716 809/809/809 690/690/690
f 690/690/690 809/809/809 616/616/616
f 980/980/980 616/616/616 809/809/809
f 666/666/666 616/616/616 980/980/980
f 660/660/660 616/616/616 666/666/666
f 517/517/517 627/627/627 689/689/689
f 517/517/517 689/689/689 730/730/730
f 730/730/730 716/716/716 517/517/517
f 805/805/805 716/716/716 730/730/730
f 934/934/934 716/716/716 805/805/805
f 716/716/716 934/934/934 809/809/809
f 809/809/809 934/934/934 808/808/808
f 809/809/809 808/808/808 980/980/980
f 980/980/980 808/808/808 929/929/929
f 981/981/981 980/980/980 929/929/929
f 980/980/980 981/981/981 666/666/666
f 730/730/730 689/689/689 736/736/736
f 736/736/736 963/963/963 730/730/730
f 730/730/730 963/963/963 805/805/805
f 963/963/963 915/915/915 805/805/805
f 805/805/805 915/915/915 931/931/931
f 934/934/934 805/805/805 931/931/931
f 736/736/736 689/689/689 657/657/657
f 657/657/657 963/963/963 736/736/736
f 929/929/929 808/808/808 983/983/983
f 983/983/983 977/977/977 929/929/929
f 929/929/929 977/977/977 981/981/981
f 981/981/981 977/977/977 666/666/666
f 666/666/666 977/977/977 660/660/660
f 660/660/660 977/977/977 979/979/979
f 977/977/977 983/983/983 979/979/979
f 831/831/831 855/855/855 838/838/838
f 837/837/837 838/838/838 855/855/855
f 853/853/853 838/838/838 837/837/837
f 838/838/838 853/853/853 832/832/832
f 840/840/840 838/838/838 832/832/832
f 840/840/840 854/854/854 838/838/838
f 854/854/854 848/848/848 838/838/838
f 847/847/847 838/838/838 848/848/848
f 856/856/856 838/838/838 847/847/847
f 831/831/831 838/838/838 856/856/856
f 706/706/706 751/751/751 749/749/749
f 749/749/749 751/751/751 753/753/753
f 749/749/749 753/753/753 750/750/750
f 749/749/749 750/750/750 754/754/754
f 754/754/754 752/752/752 749/749/749
f 752/752/752 701/701/701 749/749/749
f 749/749/749 701/701/701 687/687/687
f 704/704/704 749/749/749 687/687/687
f 749/749/749 704/704/704 705/705/705
f 749/749/749 705/705/705 706/706/706
f 715/715/715 722/722/722 526/526/526
f 722/722/722 715/715/715 746/746/746
f 746/746/746 715/715/715 720/720/720
f 720/720/720 715/715/715 724/724/724
f 724/724/724 715/715/715 732/732/732
f 732/732/732 715/715/715 739/739/739
f 739/739/739 715/715/715 740/740/740
f 715/715/715 526/526/526 509/509/509
f 715/715/715 509/509/509 510/510/510
f 715/715/715 510/510/510 512/512/512
f 715/715/715 512/512/512 502/502/502
f 715/715/715 502/502/502 503/503/503
f 715/715/715 503/503/503 504/504/504
f 715/715/715 504/504/504 511/511/511
f 715/715/715 511/511/511 514/514/514
f 715/715/715 514/514/514 505/505/505
f 715/715/715 505/505/505 515/515/515
f 715/715/715 515/515/515 719/719/719
f 745/745/745 715/715/715 719/719/719
f 747/747/747 715/715/715 745/745/745
f 729/729/729 715/715/715 747/747/747
f 717/717/717 715/715/715 729/729/729
f 735/735/735 715/715/715 717/717/717
f 740/740/740 715/715/715 735/735/735
f 1009/1009/1009 1007/1007/1007 1054/1054/1054
f 1015/1015/1015 1007/1007/1007 1009/1009/1009
f 1015/1015/1015 1006/1006/1006 1007/1007/1007
f 1007/1007/1007 1006/1006/1006 1053/1053/1053
f 1006/1006/1006 1030/1030/1030 1053/1053/1053
f 1052/1052/1052 1009/1009/1009 1054/1054/1054
f 1008/1008/1008 1009/1009/1009 1052/1052/1052
f 1008/1008/1008 1056/1056/1056 1009/1009/1009
f 1056/1056/1056 1015/1015/1015 1009/1009/1009
f 1057/1057/1057 1015/1015/1015 1056/1056/1056
f 1057/1057/1057 1014/1014/1014 1015/1015/1015
f 1015/1015/1015 1014/1014/1014 1006/1006/1006
f 1014/1014/1014 1025/1025/1025 1006/1006/1006
f 1025/1025/1025 1030/1030/1030 1006/1006/1006
f 1025/1025/1025 1022/1022/1022 1030/1030/1030
f 1030/1030/1030 1022/1022/1022 1062/1062/1062
f 1008/1008/1008 1052/1052/1052 1064/1064/1064
f 1026/1026/1026 1008/1008/1008 1064/1064/1064
f 1055/1055/1055 1008/1008/1008 1026/1026/1026
f 1055/1055/1055 1056/1056/1056 1008/1008/1008
f 1012/1012/1012 1056/1056/1056 1055/1055/1055
f 1060/1060/1060 1056/1056/1056 1012/1012/1012
f 1060/1060/1060 1073/1073/1073 1056/1056/1056
f 1056/1056/1056 1073/1073/1073 1057/1057/1057
f 1073/1073/1073 1014/1014/1014 1057/1057/1057
f 1064/1064/1064 1052/1052/1052 1065/1065/1065
f 1061/1061/1061 1064/1064/1064 1065/1065/1065
f 1021/1021/1021 1064/1064/1064 1061/1061/1061
f 1021/1021/1021 1026/1026/1026 1064/1064/1064
f 1017/1017/1017 1026/1026/1026 1021/1021/1021
f 1017/1017/1017 1027/1027/1027 1026/1026/1026
f 1027/1027/1027 1012/1012/1012 1026/1026/1026
f 1026/1026/1026 1012/1012/1012 1055/1055/1055
f 1021/1021/1021 1061/1061/1061 1022/1022/1022
f 1059/1059/1059 1021/1021/1021 1022/1022/1022
f 1017/1017/1017 1021/1021/1021 1059/1059/1059
f 1058/1058/1058 1017/1017/1017 1059/1059/1059
f 1016/1016/1016 1017/1017/1017 1058/1058/1058
f 1016/1016/1016 1027/1027/1027 1017/1017/1017
f 1074/1074/1074 1027/1027/1027 1016/1016/1016
f 1012/1012/1012 1027/1027/1027 1074/1074/1074
f 1074/1074/1074 1060/1060/1060 1012/1012/1012
f 1022/1022/1022 1061/1061/1061 1062/1062/1062
f 1073/1073/1073 1060/1060/1060 1074/1074/1074
f 1073/1073/1073 1074/1074/1074 1075/1075/1075
f 1075/1075/1075 1014/1014/1014 1073/1073/1073
f 1075/1075/1075 1020/1020/1020 1014/1014/1014
f 1020/1020/1020 1025/1025/1025 1014/1014/1014
f 1020/1020/1020 1059/1059/1059 1025/1025/1025
f 1025/1025/1025 1059/1059/1059 1022/1022/1022
f 1075/1075/1075 1074/1074/1074 1051/1051/1051
f 1051/1051/1051 1020/1020/1020 1075/1075/1075
f 1051/1051/1051 1058/1058/1058 1020/1020/1020
f 1020/1020/1020 1058/1058/1058 1059/1059/1059
f 1051/1051/1051 1074/1074/1074 1058/1058/1058
f 1058/1058/1058 1074/1074/1074 1016/1016/1016
f 1048/1048/1048 1004/1004/1004 1046/1046/1046
f 1047/1047/1047 1004/1004/1004 1048/1048/1048
f 1047/1047/1047 1149/1149/1149 1004/1004/1004
f 1004/1004/1004 1149/1149/1149 1081/1081/1081
f 1081/1081/1081 997/997/997 1004/1004/1004
f 1004/1004/1004 997/997/997 1046/1046/1046
f 1047/1047/1047 1048/1048/1048 1079/1079/1079
f 1079/1079/1079 1149/1149/1149 1047/1047/1047
f 998/998/998 1149/1149/1149 1079/1079/1079
f 998/998/998 1147/1147/1147 1149/1149/1149
f 1147/1147/1147 1150/1150/1150 1149/1149/1149
f 1150/1150/1150 1081/1081/1081 1149/1149/1149
f 1150/1150/1150 1005/1005/1005 1081/1081/1081
f 1081/1081/1081 1005/1005/1005 997/997/997
f 1079/1079/1079 1048/1048/1048 1080/1080/1080
f 999/999/999 1079/1079/1079 1080/1080/1080
f 998/998/998 1079/1079/1079 999/999/999
f 1082/1082/1082 998/998/998 999/999/999
f 1147/1147/1147 998/998/998 1082/1082/1082
f 1005/1005/1005 1147/1147/1147 1082/1082/1082
f 1150/1150/1150 1147/1147/1147 1005/1005/1005
f 1423/1423/1423 1367/1367/1367 1521/1521/1521
f 1521/1521/1521 1367/1367/1367 1273/1273/1273
f 1521/1521/1521 1273/1273/1273 1486/1486/1486
f 1424/1424/1424 1521/1521/1521 1486/1486/1486
f 1423/1423/1423 1521/1521/1521 1424/1424/1424
f 1386/1386/1386 1273/1273/1273 1367/1367/1367
f 1385/1385/1385 1273/1273/1273 1386/1386/1386
f 1271/1271/1271 1273/1273/1273 1385/1385/1385
f 1486/1486/1486 1273/1273/1273 1271/1271/1271
f 1386/1386/1386 1367/1367/1367 1322/1322/1322
f 1323/1323/1323 1386/1386/1386 1322/1322/1322
f 1385/1385/1385 1386/1386/1386 1323/1323/1323
f 1225/1225/1225 1224/1224/1224 1380/1380/1380
f 1225/1225/1225 1226/1226/1226 1224/1224/1224
f 1224/1224/1224 1226/1226/1226 1222/1222/1222
f 1391/1391/1391 1225/1225/1225 1380/1380/1380
f 1391/1391/1391 1226/1226/1226 1225/1225/1225
f 1391/1391/1391 1379/1379/1379 1226/1226/1226
f 1226/1226/1226 1379/1379/1379 1223/1223/1223
f 1226/1226/1226 1223/1223/1223 1222/1222/1222
f 1222/1222/1222 1223/1223/1223 1407/1407/1407
f 1407/1407/1407 1379/1379/1379 1222/1222/1222
f 1222/1222/1222 1379/1379/1379 1391/1391/1391
f 1222/1222/1222 1391/1391/1391 1406/1406/1406
f 1406/1406/1406 1391/1391/1391 1380/1380/1380
f 1407/1407/1407 1332/1332/1332 1379/1379/1379
f 1227/1227/1227 1332/1332/1332 1407/1407/1407
f 1377/1377/1377 1332/1332/1332 1227/1227/1227
f 1332/1332/1332 1377/1377/1377 1324/1324/1324
f 1223/1223/1223 1332/1332/1332 1324/1324/1324
f 1379/1379/1379 1332/1332/1332 1223/1223/1223
f 1407/1407/1407 1324/1324/1324 1227/1227/1227
f 1324/1324/1324 1377/1377/1377 1227/1227/1227
f 1223/1223/1223 1324/1324/1324 1407/1407/1407
f 1456/1456/1456 1449/1449/1449 1455/1455/1455
f 1456/1456/1456 1451/1451/1451 1449/1449/1449
f 1456/1456/1456 1514/1514/1514 1451/1451/1451
f 1456/1456/1456 1494/1494/1494 1514/1514/1514
f 1456/1456/1456 1455/1455/1455 1494/1494/1494
f 1659/1659/1659 1651/1651/1651 1606/1606/1606
f 1659/1659/1659 1658/1658/1658 1651/1651/1651
f 1659/1659/1659 1652/1652/1652 1658/1658/1658
f 1659/1659/1659 1650/1650/1650 1652/1652/1652
f 1650/1650/1650 1659/1659/1659 1606/1606/1606
f 1563/1563/1563 1569/1569/1569 1568/1568/1568
f 1563/1563/1563 1561/1561/1561 1569/1569/1569
f 1563/1563/1563 1566/1566/1566 1561/1561/1561
f 1563/1563/1563 1663/1663/1663 1566/1566/1566
f 1563/1563/1563 1568/1568/1568 1663/1663/1663
f 1644/1644/1644 1554/1554/1554 1662/1662/1662
f 1662/1662/1662 1554/1554/1554 1647/1647/1647
f 1557/1557/1557 1662/1662/1662 1647/1647/1647
f 1662/1662/1662 1557/1557/1557 1559/1559/1559
f 1662/1662/1662 1559/1559/1559 1644/1644/1644
f 1852/1852/1852 1962/1962/1962 1828/1828/1828
f 1852/1852/1852 1849/1849/1849 1962/1962/1962
f 1849/1849/1849 1852/1852/1852 1850/1850/1850
f 1852/1852/1852 1866/1866/1866 1850/1850/1850
f 1850/1850/1850 1866/1866/1866 1853/1853/1853
f 1866/1866/1866 1958/1958/1958 1853/1853/1853
f 1853/1853/1853 1958/1958/1958 1826/1826/1826
f 1828/1828/1828 1851/1851/1851 1852/1852/1852
f 1851/1851/1851 1867/1867/1867 1852/1852/1852
f 1852/1852/1852 1867/1867/1867 1866/1866/1866
f 1866/1866/1866 1867/1867/1867 1958/1958/1958
f 1958/1958/1958 1867/1867/1867 1956/1956/1956
f 1957/1957/1957 1958/1958/1958 1956/1956/1956
f 1957/1957/1957 1826/1826/1826 1958/1958/1958
f 1843/1843/1843 1915/1915/1915 1930/1930/1930
f 1842/1842/1842 1915/1915/1915 1843/1843/1843
f 1844/1844/1844 1915/1915/1915 1842/1842/1842
f 1841/1841/1841 1915/1915/1915 1844/1844/1844
f 1827/1827/1827 1915/1915/1915 1841/1841/1841
f 1912/1912/1912 1915/1915/1915 1827/1827/1827
f 1917/1917/1917 1915/1915/1915 1912/1912/1912
f 1916/1916/1916 1915/1915/1915 1917/1917/1917
f 1899/1899/1899 1915/1915/1915 1916/1916/1916
f 1930/1930/1930 1915/1915/1915 1899/1899/1899
f 1682/1682/1682 1665/1665/1665 1698/1698/1698
f 1665/1665/1665 1745/1745/1745 1698/1698/1698
f 1943/1943/1943 1698/1698/1698 1745/1745/1745
f 1700/1700/1700 1698/1698/1698 1943/1943/1943
f 1700/1700/1700 1683/1683/1683 1698/1698/1698
f 1698/1698/1698 1683/1683/1683 1699/1699/1699
f 1682/1682/1682 1698/1698/1698 1699/1699/1699
f 1944/1944/1944 1700/1700/1700 1943/1943/1943
f 1681/1681/1681 1700/1700/1700 1944/1944/1944
f 1681/1681/1681 1683/1683/1683 1700/1700/1700
f 1731/1731/1731 1683/1683/1683 1681/1681/1681
f 1732/1732/1732 1731/1731/1731 1681/1681/1681
f 1732/1732/1732 1681/1681/1681 1944/1944/1944
f 1729/1729/1729 1737/1737/1737 1746/1746/1746
f 1730/1730/1730 1737/1737/1737 1729/1729/1729
f 1680/1680/1680 1737/1737/1737 1730/1730/1730
f 1749/1749/1749 1737/1737/1737 1680/1680/1680
f 1697/1697/1697 1737/1737/1737 1749/1749/1749
f 1686/1686/1686 1737/1737/1737 1697/1697/1697
f 1687/1687/1687 1737/1737/1737 1686/1686/1686
f 1738/1738/1738 1737/1737/1737 1687/1687/1687
f 1746/1746/1746 1737/1737/1737 1738/1738/1738
f 1795/1795/1795 2021/2021/2021 1766/1766/1766
f 1794/1794/1794 2021/2021/2021 1795/1795/1795
f 1857/1857/1857 2021/2021/2021 1794/1794/1794
f 2031/2031/2031 2021/2021/2021 1857/1857/1857
f 2021/2021/2021 2031/2031/2031 2032/2032/2032
f 2021/2021/2021 2032/2032/2032 2016/2016/2016
f 2021/2021/2021 2016/2016/2016 2010/2010/2010
f 2021/2021/2021 2010/2010/2010 2024/2024/2024
f 2021/2021/2021 2024/2024/2024 2025/2025/2025
f 2021/2021/2021 2025/2025/2025 2022/2022/2022
f 2021/2021/2021 2022/2022/2022 2026/2026/2026
f 1856/1856/1856 2021/2021/2021 2026/2026/2026
f 1767/1767/1767 2021/2021/2021 1856/1856/1856
f 1766/1766/1766 2021/2021/2021 1767/1767/1767
f 1995/1995/1995 1991/1991/1991 1797/1797/1797
f 1991/1991/1991 1995/1995/1995 1993/1993/1993
f 1976/1976/1976 1991/1991/1991 1993/1993/1993
f 1996/1996/1996 1991/1991/1991 1976/1976/1976
f 1991/1991/1991 1996/1996/1996 1955/1955/1955
f 1797/1797/1797 1991/1991/1991 1955/1955/1955
f 1955/1955/1955 1798/1798/1798 1797/1797/1797
f 1797/1797/1797 1798/1798/1798 1954/1954/1954
f 1954/1954/1954 1798/1798/1798 1988/1988/1988
f 1993/1993/1993 1995/1995/1995 1992/1992/1992
f 1993/1993/1993 1992/1992/1992 2036/2036/2036
f 2036/2036/2036 1979/1979/1979 1993/1993/1993
f 1993/1993/1993 1979/1979/1979 1976/1976/1976
f 1976/1976/1976 1979/1979/1979 1981/1981/1981
f 2005/2005/2005 1976/1976/1976 1981/1981/1981
f 1996/1996/1996 1976/1976/1976 2005/2005/2005
f 1996/1996/1996 2005/2005/2005 1974/1974/1974
f 1955/1955/1955 1996/1996/1996 1974/1974/1974
f 1974/1974/1974 1798/1798/1798 1955/1955/1955
f 2036/2036/2036 1992/1992/1992 1997/1997/1997
f 1997/1997/1997 2013/2013/2013 2036/2036/2036
f 2036/2036/2036 2013/2013/2013 1985/1985/1985
f 2036/2036/2036 1985/1985/1985 1979/1979/1979
f 1979/1979/1979 1985/1985/1985 2001/2001/2001
f 2001/2001/2001 1977/1977/1977 1979/1979/1979
f 1981/1981/1981 1979/1979/1979 1977/1977/1977
f 1977/1977/1977 2023/2023/2023 1981/1981/1981
f 2023/2023/2023 2005/2005/2005 1981/1981/1981
f 1973/1973/1973 2005/2005/2005 2023/2023/2023
f 2005/2005/2005 1973/1973/1973 2009/2009/2009
f 1974/1974/1974 2005/2005/2005 2009/2009/2009
f 2013/2013/2013 2012/2012/2012 1985/1985/1985
f 1985/1985/1985 2012/2012/2012 2041/2041/2041
f 2041/2041/2041 2014/2014/2014 1985/1985/1985
f 1985/1985/1985 2014/2014/2014 2001/2001/2001
f 2014/2014/2014 2027/2027/2027 2001/2001/2001
f 2001/2001/2001 2027/2027/2027 2060/2060/2060
f 2060/2060/2060 1977/1977/1977 2001/2001/2001
f 2060/2060/2060 2006/2006/2006 1977/1977/1977
f 2006/2006/2006 2023/2023/2023 1977/1977/1977
f 2006/2006/2006 1980/1980/1980 2023/2023/2023
f 1980/1980/1980 1973/1973/1973 2023/2023/2023
f 2074/2074/2074 2041/2041/2041 2012/2012/2012
f 2052/2052/2052 2041/2041/2041 2074/2074/2074
f 2052/2052/2052 2014/2014/2014 2041/2041/2041
f 2003/2003/2003 2014/2014/2014 2052/2052/2052
f 2003/2003/2003 1971/1971/1971 2014/2014/2014
f 2014/2014/2014 1971/1971/1971 2027/2027/2027
f 1971/1971/1971 2028/2028/2028 2027/2027/2027
f 2027/2027/2027 2028/2028/2028 2017/2017/2017
f 2017/2017/2017 2060/2060/2060 2027/2027/2027
f 2019/2019/2019 2060/2060/2060 2017/2017/2017
f 2019/2019/2019 2006/2006/2006 2060/2060/2060
f 2074/2074/2074 2073/2073/2073 2052/2052/2052
f 2052/2052/2052 2073/2073/2073 2011/2011/2011
f 2011/2011/2011 2003/2003/2003 2052/2052/2052
f 2054/2054/2054 2003/2003/2003 2011/2011/2011
f 2054/2054/2054 1969/1969/1969 2003/2003/2003
f 2003/2003/2003 1969/1969/1969 1971/1971/1971
f 1969/1969/1969 2028/2028/2028 1971/1971/1971
f 2061/2061/2061 2028/2028/2028 1969/1969/1969
f 2061/2061/2061 2018/2018/2018 2028/2028/2028
f 2028/2028/2028 2018/2018/2018 2017/2017/2017
f 2073/2073/2073 2077/2077/2077 2011/2011/2011
f 2011/2011/2011 2077/2077/2077 2078/2078/2078
f 2078/2078/2078 2054/2054/2054 2011/2011/2011
f 2000/2000/2000 2054/2054/2054 2078/2078/2078
f 2054/2054/2054 2000/2000/2000 1969/1969/1969
f 1969/1969/1969 2000/2000/2000 2039/2039/2039
f 2039/2039/2039 2061/2061/2061 1969/1969/1969
f 2043/2043/2043 2061/2061/2061 2039/2039/2039
f 2043/2043/2043 2002/2002/2002 2061/2061/2061
f 2002/2002/2002 2018/2018/2018 2061/2061/2061
f 2078/2078/2078 2077/2077/2077 2044/2044/2044
f 2044/2044/2044 2000/2000/2000 2078/2078/2078
f 2040/2040/2040 2000/2000/2000 2044/2044/2044
f 2040/2040/2040 2039/2039/2039 2000/2000/2000
f 2039/2039/2039 2040/2040/2040 2043/2043/2043
f 2043/2043/2043 2040/2040/2040 2080/2080/2080
f 2055/2055/2055 2043/2043/2043 2080/2080/2080
f 2055/2055/2055 2002/2002/2002 2043/2043/2043
f 2055/2055/2055 1998/1998/1998 2002/2002/2002
f 1998/1998/1998 2018/2018/2018 2002/2002/2002
f 2044/2044/2044 2077/2077/2077 2045/2045/2045
f 2051/2051/2051 2044/2044/2044 2045/2045/2045
f 2049/2049/2049 2044/2044/2044 2051/2051/2051
f 2049/2049/2049 2040/2040/2040 2044/2044/2044
f 2072/2072/2072 2040/2040/2040 2049/2049/2049
f 2072/2072/2072 2080/2080/2080 2040/2040/2040
f 1983/1983/1983 2080/2080/2080 2072/2072/2072
f 1983/1983/1983 1982/1982/1982 2080/2080/2080
f 2080/2080/2080 1982/1982/1982 2055/2055/2055
f 1982/1982/1982 1998/1998/1998 2055/2055/2055
f 1982/1982/1982 1999/1999/1999 1998/1998/1998
f 1999/1999/1999 2050/2050/2050 1998/1998/1998
f 2050/2050/2050 2018/2018/2018 1998/1998/1998
f 2049/2049/2049 2051/2051/2051 2046/2046/2046
f 2049/2049/2049 2046/2046/2046 2072/2072/2072
f 2072/2072/2072 2046/2046/2046 1967/1967/1967
f 2072/2072/2072 1967/1967/1967 1965/1965/1965
f 2072/2072/2072 1965/1965/1965 1983/1983/1983
f 1983/1983/1983 1965/1965/1965 1964/1964/1964
f 1982/1982/1982 1983/1983/1983 1964/1964/1964
f 1964/1964/1964 1999/1999/1999 1982/1982/1982
f 1964/1964/1964 2076/2076/2076 1999/1999/1999
f 1999/1999/1999 2076/2076/2076 2048/2048/2048
f 2048/2048/2048 2050/2050/2050 1999/1999/1999
f 2046/2046/2046 2051/2051/2051 2047/2047/2047
f 2047/2047/2047 1988/1988/1988 2046/2046/2046
f 2046/2046/2046 1988/1988/1988 2030/2030/2030
f 2030/2030/2030 1772/1772/1772 2046/2046/2046
f 2046/2046/2046 1772/1772/1772 1967/1967/1967
f 1772/1772/1772 1771/1771/1771 1967/1967/1967
f 1967/1967/1967 1771/1771/1771 1966/1966/1966
f 1965/1965/1965 1967/1967/1967 1966/1966/1966
f 2079/2079/2079 1965/1965/1965 1966/1966/1966
f 2076/2076/2076 1965/1965/1965 2079/2079/2079
f 1965/1965/1965 2076/2076/2076 1964/1964/1964
f 1988/1988/1988 1798/1798/1798 2030/2030/2030
f 2037/2037/2037 2030/2030/2030 1798/1798/1798
f 1772/1772/1772 2030/2030/2030 2037/2037/2037
f 2004/2004/2004 1772/1772/1772 2037/2037/2037
f 2004/2004/2004 1859/1859/1859 1772/1772/1772
f 1859/1859/1859 1771/1771/1771 1772/1772/1772
f 1770/1770/1770 1771/1771/1771 1859/1859/1859
f 1771/1771/1771 1770/1770/1770 2029/2029/2029
f 2079/2079/2079 1771/1771/1771 2029/2029/2029
f 1966/1966/1966 1771/1771/1771 2079/2079/2079
f 2037/2037/2037 1798/1798/1798 1974/1974/1974
f 2009/2009/2009 2037/2037/2037 1974/1974/1974
f 2009/2009/2009 2015/2015/2015 2037/2037/2037
f 2037/2037/2037 2015/2015/2015 2004/2004/2004
f 2015/2015/2015 1975/1975/1975 2004/2004/2004
f 1975/1975/1975 1769/1769/1769 2004/2004/2004
f 2004/2004/2004 1769/1769/1769 1859/1859/1859
f 1859/1859/1859 1769/1769/1769 1770/1770/1770
f 1770/1770/1770 1769/1769/1769 2034/2034/2034
f 2029/2029/2029 1770/1770/1770 2034/2034/2034
f 2009/2009/2009 1973/1973/1973 2015/2015/2015
f 1973/1973/1973 1972/1972/1972 2015/2015/2015
f 2015/2015/2015 1972/1972/1972 1975/1975/1975
f 1972/1972/1972 1989/1989/1989 1975/1975/1975
f 1975/1975/1975 1989/1989/1989 1769/1769/1769
f 2034/2034/2034 1769/1769/1769 1989/1989/1989
f 1989/1989/1989 1990/1990/1990 2034/2034/2034
f 2034/2034/2034 1990/1990/1990 2029/2029/2029
f 2029/2029/2029 1990/1990/1990 2035/2035/2035
f 2035/2035/2035 2042/2042/2042 2029/2029/2029
f 2029/2029/2029 2042/2042/2042 2079/2079/2079
f 1972/1972/1972 1973/1973/1973 1980/1980/1980
f 1980/1980/1980 1989/1989/1989 1972/1972/1972
f 2033/2033/2033 1989/1989/1989 1980/1980/1980
f 2033/2033/2033 1990/1990/1990 1989/1989/1989
f 2033/2033/2033 1994/1994/1994 1990/1990/1990
f 1990/1990/1990 1994/1994/1994 2035/2035/2035
f 1994/1994/1994 1984/1984/1984 2035/2035/2035
f 2035/2035/2035 1984/1984/1984 2042/2042/2042
f 1984/1984/1984 1986/1986/1986 2042/2042/2042
f 1986/1986/1986 2076/2076/2076 2042/2042/2042
f 2042/2042/2042 2076/2076/2076 2079/2079/2079
f 1978/1978/1978 2033/2033/2033 1980/1980/1980
f 1994/1994/1994 2033/2033/2033 1978/1978/1978
f 1978/1978/1978 2053/2053/2053 1994/1994/1994
f 1994/1994/1994 2053/2053/2053 1984/1984/1984
f 2053/2053/2053 1987/1987/1987 1984/1984/1984
f 1987/1987/1987 1986/1986/1986 1984/1984/1984
f 1986/1986/1986 1987/1987/1987 2048/2048/2048
f 2048/2048/2048 2076/2076/2076 1986/1986/1986
f 1978/1978/1978 1980/1980/1980 2006/2006/2006
f 2006/2006/2006 2053/2053/2053 1978/1978/1978
f 2019/2019/2019 2053/2053/2053 2006/2006/2006
f 2019/2019/2019 2017/2017/2017 2053/2053/2053
f 2053/2053/2053 2017/2017/2017 2020/2020/2020
f 2020/2020/2020 1987/1987/1987 2053/2053/2053
f 1987/1987/1987 2020/2020/2020 2050/2050/2050
f 2048/2048/2048 1987/1987/1987 2050/2050/2050
f 2017/2017/2017 2018/2018/2018 2020/2020/2020
f 2050/2050/2050 2020/2020/2020 2018/2018/2018
f 2239/2239/2239 2218/2218/2218 2186/2186/2186
f 2188/2188/2188 2218/2218/2218 2239/2239/2239
f 2188/2188/2188 2240/2240/2240 2218/2218/2218
f 2218/2218/2218 2240/2240/2240 2228/2228/2228
f 2227/2227/2227 2218/2218/2218 2228/2228/2228
f 2186/2186/2186 2218/2218/2218 2227/2227/2227
f 2176/2176/2176 2188/2188/2188 2239/2239/2239
f 2222/2222/2222 2188/2188/2188 2176/2176/2176
f 2222/2222/2222 2223/2223/2223 2188/2188/2188
f 2188/2188/2188 2223/2223/2223 2190/2190/2190
f 2190/2190/2190 2240/2240/2240 2188/2188/2188
f 2205/2205/2205 2222/2222/2222 2176/2176/2176
f 2179/2179/2179 2222/2222/2222 2205/2205/2205
f 2179/2179/2179 2223/2223/2223 2222/2222/2222
f 2175/2175/2175 2223/2223/2223 2179/2179/2179
f 2175/2175/2175 2230/2230/2230 2223/2223/2223
f 2230/2230/2230 2229/2229/2229 2223/2223/2223
f 2223/2223/2223 2229/2229/2229 2190/2190/2190
f 2190/2190/2190 2229/2229/2229 2240/2240/2240
f 2205/2205/2205 2248/2248/2248 2179/2179/2179
f 2248/2248/2248 2224/2224/2224 2179/2179/2179
f 2179/2179/2179 2224/2224/2224 2175/2175/2175
f 2224/2224/2224 2189/2189/2189 2175/2175/2175
f 2189/2189/2189 2230/2230/2230 2175/2175/2175
f 2221/2221/2221 2230/2230/2230 2189/2189/2189
f 2229/2229/2229 2230/2230/2230 2221/2221/2221
f 2221/2221/2221 2204/2204/2204 2229/2229/2229
f 2240/2240/2240 2229/2229/2229 2204/2204/2204
f 2180/2180/2180 2248/2248/2248 2205/2205/2205
f 2225/2225/2225 2248/2248/2248 2180/2180/2180
f 2174/2174/2174 2248/2248/2248 2225/2225/2225
f 2174/2174/2174 2224/2224/2224 2248/2248/2248
f 2235/2235/2235 2224/2224/2224 2174/2174/2174
f 2235/2235/2235 2178/2178/2178 2224/2224/2224
f 2178/2178/2178 2189/2189/2189 2224/2224/2224
f 2178/2178/2178 2221/2221/2221 2189/2189/2189
f 2177/2177/2177 2221/2221/2221 2178/2178/2178
f 2173/2173/2173 2221/2221/2221 2177/2177/2177
f 2203/2203/2203 2221/2221/2221 2173/2173/2173
f 2203/2203/2203 2204/2204/2204 2221/2221/2221
f 2204/2204/2204 2203/2203/2203 2240/2240/2240
f 2225/2225/2225 2236/2236/2236 2174/2174/2174
f 2236/2236/2236 2185/2185/2185 2174/2174/2174
f 2174/2174/2174 2185/2185/2185 2235/2235/2235
f 2185/2185/2185 2173/2173/2173 2235/2235/2235
f 2235/2235/2235 2173/2173/2173 2177/2177/2177
f 2177/2177/2177 2178/2178/2178 2235/2235/2235
f 2226/2226/2226 2236/2236/2236 2225/2225/2225
f 2227/2227/2227 2236/2236/2236 2226/2226/2226
f 2228/2228/2228 2236/2236/2236 2227/2227/2227
f 2228/2228/2228 2185/2185/2185 2236/2236/2236
f 2231/2231/2231 2185/2185/2185 2228/2228/2228
f 2231/2231/2231 2203/2203/2203 2185/2185/2185
f 2185/2185/2185 2203/2203/2203 2173/2173/2173
f 2228/2228/2228 2240/2240/2240 2231/2231/2231
f 2240/2240/2240 2203/2203/2203 2231/2231/2231
f 2291/2291/2291 2317/2317/2317 2261/2261/2261
f 2252/2252/2252 2317/2317/2317 2291/2291/2291
f 2268/2268/2268 2317/2317/2317 2252/2252/2252
f 2301/2301/2301 2317/2317/2317 2268/2268/2268
f 2301/2301/2301 2312/2312/2312 2317/2317/2317
f 2312/2312/2312 2292/2292/2292 2317/2317/2317
f 2317/2317/2317 2292/2292/2292 2261/2261/2261
f 2252/2252/2252 2291/2291/2291 2253/2253/2253
f 2252/2252/2252 2253/2253/2253 2268/2268/2268
f 2268/2268/2268 2253/2253/2253 2269/2269/2269
f 2308/2308/2308 2268/2268/2268 2269/2269/2269
f 2301/2301/2301 2268/2268/2268 2308/2308/2308
f 2308/2308/2308 2310/2310/2310 2301/2301/2301
f 2310/2310/2310 2312/2312/2312 2301/2301/2301
f 2310/2310/2310 2292/2292/2292 2312/2312/2312
f 2260/2260/2260 2292/2292/2292 2310/2310/2310
f 2310/2310/2310 2323/2323/2323 2260/2260/2260
f 2253/2253/2253 2291/2291/2291 2259/2259/2259
f 2259/2259/2259 2295/2295/2295 2253/2253/2253
f 2253/2253/2253 2295/2295/2295 2318/2318/2318
f 2253/2253/2253 2318/2318/2318 2269/2269/2269
f 2269/2269/2269 2318/2318/2318 2307/2307/2307
f 2269/2269/2269 2307/2307/2307 2308/2308/2308
f 2308/2308/2308 2307/2307/2307 2311/2311/2311
f 2311/2311/2311 2310/2310/2310 2308/2308/2308
f 2311/2311/2311 2323/2323/2323 2310/2310/2310
f 2307/2307/2307 2323/2323/2323 2311/2311/2311
f 2296/2296/2296 2323/2323/2323 2307/2307/2307
f 2318/2318/2318 2296/2296/2296 2307/2307/2307
f 2295/2295/2295 2296/2296/2296 2318/2318/2318
f 2340/2340/2340 2294/2294/2294 2255/2255/2255
f 2340/2340/2340 2338/2338/2338 2294/2294/2294
f 2294/2294/2294 2338/2338/2338 2339/2339/2339
f 2339/2339/2339 2341/2341/2341 2294/2294/2294
f 2341/2341/2341 2345/2345/2345 2294/2294/2294
f 2294/2294/2294 2345/2345/2345 2370/2370/2370
f 2255/2255/2255 2294/2294/2294 2370/2370/2370
f 2371/2371/2371 2255/2255/2255 2370/2370/2370
f 2369/2369/2369 2255/2255/2255 2371/2371/2371
f 2369/2369/2369 2371/2371/2371 2293/2293/2293
f 2338/2338/2338 2346/2346/2346 2339/2339/2339
f 2346/2346/2346 2341/2341/2341 2339/2339/2339
f 2346/2346/2346 2347/2347/2347 2341/2341/2341
f 2341/2341/2341 2347/2347/2347 2345/2345/2345
f 2345/2345/2345 2347/2347/2347 2344/2344/2344
f 2371/2371/2371 2345/2345/2345 2344/2344/2344
f 2370/2370/2370 2345/2345/2345 2371/2371/2371
f 2360/2360/2360 2346/2346/2346 2338/2338/2338
f 2360/2360/2360 2286/2286/2286 2346/2346/2346
f 2346/2346/2346 2286/2286/2286 2343/2343/2343
f 2343/2343/2343 2347/2347/2347 2346/2346/2346
f 2343/2343/2343 2342/2342/2342 2347/2347/2347
f 2347/2347/2347 2342/2342/2342 2344/2344/2344
f 2342/2342/2342 2254/2254/2254 2344/2344/2344
f 2344/2344/2344 2254/2254/2254 2371/2371/2371
f 2293/2293/2293 2371/2371/2371 2254/2254/2254
f 2293/2293/2293 2254/2254/2254 2256/2256/2256
f 2256/2256/2256 2254/2254/2254 2342/2342/2342
f 2256/2256/2256 2342/2342/2342 2286/2286/2286
f 2286/2286/2286 2342/2342/2342 2343/2343/2343
f 1267/1267/1267 1221/1221/1221 1382/1382/1382
f 1267/1267/1267 1268/1268/1268 1221/1221/1221
f 1221/1221/1221 1268/1268/1268 1537/1537/1537
f 1535/1535/1535 1221/1221/1221 1537/1537/1537
f 1381/1381/1381 1221/1221/1221 1535/1535/1535
f 1221/1221/1221 1381/1381/1381 1382/1382/1382
f 1267/1267/1267 1382/1382/1382 1538/1538/1538
f 1537/1537/1537 1267/1267/1267 1538/1538/1538
f 1537/1537/1537 1270/1270/1270 1267/1267/1267
f 1270/1270/1270 1268/1268/1268 1267/1267/1267
f 1522/1522/1522 1268/1268/1268 1270/1270/1270
f 1268/1268/1268 1522/1522/1522 1536/1536/1536
f 1537/1537/1537 1268/1268/1268 1536/1536/1536
f 1536/1536/1536 1270/1270/1270 1537/1537/1537
f 1522/1522/1522 1270/1270/1270 1536/1536/1536
f 1538/1538/1538 1382/1382/1382 1535/1535/1535
f 1535/1535/1535 1537/1537/1537 1538/1538/1538
f 1383/1383/1383 1535/1535/1535 1382/1382/1382
f 1416/1416/1416 1535/1535/1535 1383/1383/1383
f 1381/1381/1381 1535/1535/1535 1416/1416/1416
f 1381/1381/1381 1416/1416/1416 1523/1523/1523
f 1381/1381/1381 1523/1523/1523 1325/1325/1325
f 1381/1381/1381 1325/1325/1325 1382/1382/1382
f 1383/1383/1383 1382/1382/1382 1376/1376/1376
f 1306/1306/1306 1383/1383/1383 1376/1376/1376
f 1416/1416/1416 1383/1383/1383 1306/1306/1306
f 1416/1416/1416 1306/1306/1306 1523/1523/1523
f 1523/1523/1523 1306/1306/1306 1376/1376/1376
f 1523/1523/1523 1376/1376/1376 1531/1531/1531
f 1312/1312/1312 1523/1523/1523 1531/1531/1531
f 1325/1325/1325 1523/1523/1523 1312/1312/1312
f 1313/1313/1313 1325/1325/1325 1312/1312/1312
f 1274/1274/1274 1325/1325/1325 1313/1313/1313
f 1382/1382/1382 1325/1325/1325 1274/1274/1274
f 1376/1376/1376 1382/1382/1382 1274/1274/1274
f 1274/1274/1274 1313/1313/1313 1376/1376/1376
f 1376/1376/1376 1313/1313/1313 1531/1531/1531
f 1313/1313/1313 1265/1265/1265 1531/1531/1531
f 1531/1531/1531 1265/1265/1265 1533/1533/1533
f 1269/1269/1269 1531/1531/1531 1533/1533/1533
f 1312/1312/1312 1531/1531/1531 1269/1269/1269
f 1312/1312/1312 1269/1269/1269 1313/1313/1313
f 1313/1313/1313 1269/1269/1269 1265/1265/1265
f 1265/1265/1265 1269/1269/1269 1384/1384/1384
f 1265/1265/1265 1384/1384/1384 1533/1533/1533
f 1533/1533/1533 1384/1384/1384 1532/1532/1532
f 1532/1532/1532 1539/1539/1539 1533/1533/1533
f 1269/1269/1269 1533/1533/1533 1539/1539/1539
f 1384/1384/1384 1269/1269/1269 1539/1539/1539
f 1384/1384/1384 1539/1539/1539 1530/1530/1530
f 1532/1532/1532 1384/1384/1384 1530/1530/1530
f 1532/1532/1532 1530/1530/1530 1534/1534/1534
f 1527/1527/1527 1532/1532/1532 1534/1534/1534
f 1527/1527/1527 1539/1539/1539 1532/1532/1532
f 1530/1530/1530 1539/1539/1539 1527/1527/1527
f 1530/1530/1530 1527/1527/1527 1528/1528/1528
f 1534/1534/1534 1530/1530/1530 1528/1528/1528
f 1534/1534/1534 1528/1528/1528 1529/1529/1529
f 1527/1527/1527 1534/1534/1534 1529/1529/1529
f 1528/1528/1528 1527/1527/1527 1529/1529/1529
f 1542/1542/1542 1412/1412/1412 1498/1498/1498
f 1546/1546/1546 1412/1412/1412 1542/1542/1542
f 1412/1412/1412 1546/1546/1546 1498/1498/1498
f 1546/1546/1546 1540/1540/1540 1498/1498/1498
f 1498/1498/1498 1540/1540/1540 1489/1489/1489
f 1489/1489/1489 1410/1410/1410 1498/1498/1498
f 1498/1498/1498 1410/1410/1410 1501/1501/1501
f 1542/1542/1542 1498/1498/1498 1501/1501/1501
f 1378/1378/1378 1542/1542/1542 1501/1501/1501
f 1476/1476/1476 1542/1542/1542 1378/1378/1378
f 1476/1476/1476 1477/1477/1477 1542/1542/1542
f 1542/1542/1542 1477/1477/1477 1546/1546/1546
f 1477/1477/1477 1447/1447/1447 1546/1546/1546
f 1447/1447/1447 1540/1540/1540 1546/1546/1546
f 1540/1540/1540 1447/1447/1447 1477/1477/1477
f 1540/1540/1540 1477/1477/1477 1409/1409/1409
f 1489/1489/1489 1540/1540/1540 1409/1409/1409
f 1409/1409/1409 1497/1497/1497 1489/1489/1489
f 1489/1489/1489 1497/1497/1497 1410/1410/1410
f 1378/1378/1378 1501/1501/1501 1482/1482/1482
f 1408/1408/1408 1378/1378/1378 1482/1482/1482
f 1408/1408/1408 1409/1409/1409 1378/1378/1378
f 1378/1378/1378 1409/1409/1409 1476/1476/1476
f 1409/1409/1409 1477/1477/1477 1476/1476/1476
f 1482/1482/1482 1501/1501/1501 1543/1543/1543
f 1482/1482/1482 1543/1543/1543 1333/1333/1333
f 1544/1544/1544 1482/1482/1482 1333/1333/1333
f 1408/1408/1408 1482/1482/1482 1544/1544/1544
f 1410/1410/1410 1408/1408/1408 1544/1544/1544
f 1410/1410/1410 1446/1446/1446 1408/1408/1408
f 1446/1446/1446 1497/1497/1497 1408/1408/1408
f 1408/1408/1408 1497/1497/1497 1409/1409/1409
f 1501/1501/1501 1410/1410/1410 1543/1543/1543
f 1410/1410/1410 1544/1544/1544 1543/1543/1543
f 1543/1543/1543 1544/1544/1544 1452/1452/1452
f 1333/1333/1333 1543/1543/1543 1452/1452/1452
f 1445/1445/1445 1333/1333/1333 1452/1452/1452
f 1541/1541/1541 1333/1333/1333 1445/1445/1445
f 1442/1442/1442 1333/1333/1333 1541/1541/1541
f 1331/1331/1331 1333/1333/1333 1442/1442/1442
f 1544/1544/1544 1333/1333/1333 1331/1331/1331
f 1544/1544/1544 1488/1488/1488 1452/1452/1452
f 1452/1452/1452 1488/1488/1488 1445/1445/1445
f 1445/1445/1445 1488/1488/1488 1442/1442/1442
f 1453/1453/1453 1445/1445/1445 1442/1442/1442
f 1485/1485/1485 1445/1445/1445 1453/1453/1453
f 1448/1448/1448 1445/1445/1445 1485/1485/1485
f 1541/1541/1541 1445/1445/1445 1448/1448/1448
f 1453/1453/1453 1541/1541/1541 1448/1448/1448
f 1442/1442/1442 1541/1541/1541 1453/1453/1453
f 1545/1545/1545 1488/1488/1488 1544/1544/1544
f 1545/1545/1545 1442/1442/1442 1488/1488/1488
f 1442/1442/1442 1545/1545/1545 1331/1331/1331
f 1331/1331/1331 1545/1545/1545 1544/1544/1544
f 1410/1410/1410 1497/1497/1497 1446/1446/1446
f 1453/1453/1453 1448/1448/1448 1547/1547/1547
f 1448/1448/1448 1485/1485/1485 1547/1547/1547
f 1485/1485/1485 1453/1453/1453 1547/1547/1547
