# converted from 157.lmesh by lmesh2obj.py
mtllib Hero_Yasuo.mtl
o Hero_Yasuo
v 0.034983 0.024582 0.024737
v 0.039232 0.024582 0.730564
v -0.009932 0.024582 0.730564
v 0.014650 0.049163 0.730564
v 0.034983 0.024582 0.024737
v 0.014650 0.044915 0.024737
v 0.014650 0.004249 0.024737
v -0.005683 0.024582 0.024737
v 0.039232 0.024582 0.730564
v 0.014650 0.000000 0.730564
v 0.034983 0.024582 0.024737
v 0.014650 0.004249 0.024737
v 0.014650 0.000000 0.730564
v 0.039232 0.024582 0.730564
v -0.005683 0.024582 0.024737
v -0.009932 0.024582 0.730564
v 0.014650 0.049163 0.730564
v 0.014650 0.044915 0.024737
v -0.197778 1.117496 0.096074
v -0.197179 1.179562 0.330328
v -0.198038 1.020904 -0.222828
v -0.199720 0.889996 -0.590062
v -0.194181 0.827423 -0.561786
v -0.202749 0.822030 -0.564099
v -0.201697 0.950652 -0.199336
v -0.190902 0.955832 -0.198826
v -0.205511 0.629126 -1.033624
v -0.186234 1.112613 0.349815
v -0.201697 1.045184 0.118007
v -0.201866 1.103276 0.336441
v -0.205511 0.682001 -0.919850
v -0.201955 0.636819 -1.024475
v -0.222937 1.172700 0.490010
v -0.201866 1.111339 0.419805
v -0.206771 1.181317 0.490852
v -0.225550 1.161259 0.490797
v -0.223950 1.142307 0.455542
v -0.216716 1.121715 0.470087
v -0.222701 1.152469 0.449201
v -0.211317 0.827423 -0.561786
v -0.205511 0.719717 -0.996039
v -0.201697 1.190673 0.327525
v -0.201697 1.128202 0.094237
v -0.203061 0.743612 -0.949835
v -0.202903 0.710656 -0.990625
v -0.205615 1.117497 0.096074
v -0.205355 1.020904 -0.222828
v -0.180794 1.172856 0.490010
v -0.185645 1.115388 0.424038
v -0.181031 1.152469 0.449201
v -0.186234 1.112613 0.349815
v -0.212400 0.687985 -0.916843
v -0.209067 0.636819 -1.024475
v -0.206215 1.179562 0.330328
v -0.188264 1.155697 0.443565
v -0.178559 1.122692 0.418439
v -0.182104 1.126539 0.413798
v -0.208436 0.676695 -1.013860
v -0.196792 1.181401 0.490852
v -0.215298 1.155697 0.443565
v -0.216422 1.139498 0.388216
v -0.206387 1.201940 0.422391
v -0.207961 0.743612 -0.949835
v -0.205236 1.212526 0.463178
v -0.201866 1.191534 0.492202
v -0.197006 1.201940 0.422391
v -0.188264 1.155697 0.443565
v -0.205511 0.753816 -0.953703
v -0.212491 0.955832 -0.198826
v -0.178182 1.161527 0.490797
v -0.181665 1.109999 0.360502
v -0.179781 1.142307 0.455542
v -0.187016 1.121757 0.470087
v -0.205511 0.682713 -1.020735
v -0.196792 1.181401 0.490852
v -0.201697 1.031473 -0.227370
v -0.217328 1.112613 0.349815
v -0.205777 0.889996 -0.590062
v -0.188264 1.155697 0.443565
v -0.187141 1.139498 0.388216
v -0.198158 1.212526 0.463178
v -0.202749 0.901110 -0.592101
v -0.214514 1.050682 0.120404
v -0.215298 1.155697 0.443565
v -0.201697 1.222221 0.461902
v -0.202585 0.676695 -1.013860
v -0.201697 1.213293 0.418600
v -0.206771 1.181317 0.490852
v -0.208119 0.710656 -0.990625
v -0.187141 1.139498 0.388216
v -0.182104 1.126539 0.413798
v -0.201866 1.112034 0.401220
v -0.221627 1.126539 0.413798
v -0.201866 1.112034 0.401220
v -0.222067 1.109999 0.360502
v -0.201866 1.100812 0.345022
v -0.217328 1.112613 0.349815
v -0.201866 1.103276 0.336441
v -0.188880 1.050682 0.120404
v -0.216422 1.139498 0.388216
v -0.198622 0.687985 -0.916843
v -0.225173 1.122692 0.418439
v -0.201866 1.109409 0.406746
v -0.218087 1.115388 0.424038
v -0.221627 1.126539 0.413798
v -0.201866 1.120095 0.468998
v -0.215298 1.155697 0.443565
v 0.269072 0.124255 0.511953
v 0.311490 0.073630 0.571809
v 0.326983 0.061906 0.561489
v 0.312552 0.090051 0.579422
v 0.224697 0.165869 0.468948
v 0.262161 0.179534 0.475720
v 0.299973 0.135026 0.431675
v 0.289481 0.166682 0.457703
v 0.298118 0.115682 0.498581
v -0.242980 0.354210 0.482605
v -0.160374 0.344353 0.477343
v -0.194817 0.343627 0.496708
v 0.224697 0.165869 0.468948
v 0.275532 0.090607 0.583998
v 0.307789 0.112561 0.463531
v 0.299973 0.135026 0.431675
v 0.101688 1.083273 0.262672
v 0.156753 1.135251 0.305979
v 0.160000 1.113218 0.245830
v 0.216928 0.066573 0.572588
v 0.239478 0.081361 0.583001
v 0.220588 1.103312 0.292831
v 0.235393 0.091825 0.588187
v 0.213302 1.115076 0.317510
v 0.216928 0.066573 0.572588
v 0.008440 0.873099 0.264403
v 0.141025 1.110329 0.300123
v 0.317633 0.084178 0.513980
v 0.326983 0.061906 0.561489
v -0.263527 0.373014 0.432957
v 0.154243 1.103791 0.245167
v -0.264609 0.455991 0.459394
v 0.189014 1.090088 0.306079
v 0.160000 1.113218 0.245830
v 0.217763 0.085857 0.526408
v -0.116216 0.431257 0.450522
v -0.127067 0.406920 0.388147
v -0.113662 0.442366 0.399396
v -0.247660 0.389301 0.518468
v -0.178207 0.420723 0.539954
v -0.279073 0.484592 0.369029
v 0.134574 1.113284 0.269219
v 0.166367 1.101169 0.315731
v 0.185458 1.130964 0.326521
v 0.144863 1.130901 0.275361
v 0.186786 1.100886 0.242552
v 0.144863 1.130901 0.275361
v 0.210594 1.096985 0.261857
v 0.278057 0.102761 0.589955
v 0.220588 1.103312 0.292831
v 0.125334 1.077311 0.225206
v 0.213302 1.115076 0.317510
v 0.156753 1.135251 0.305979
v 0.186786 1.100886 0.242552
v 0.196247 1.077877 0.268528
v 0.178168 1.087509 0.242808
v 0.156587 1.053974 0.222834
v 0.185458 1.130964 0.326521
v 0.199053 1.082132 0.290468
v 0.210594 1.096985 0.261857
v 0.035979 0.876154 0.176102
v -0.141744 1.115630 0.389729
v -0.145351 1.152974 0.391974
v -0.136782 1.125537 0.395184
v -0.137851 1.143326 0.398157
v -0.165146 1.127802 0.373351
v -0.164675 1.146779 0.375346
v -0.157314 1.117173 0.376401
v -0.150048 1.114075 0.382707
v -0.137851 1.143326 0.398157
v -0.153314 1.136542 0.385791
v -0.145351 1.152974 0.391974
v -0.156205 1.154824 0.382950
v -0.136782 1.125537 0.395184
v -0.141744 1.115630 0.389729
v 0.275532 0.090607 0.583998
v 0.335077 0.063833 0.561972
v 0.262161 0.179534 0.475720
v 0.214641 0.140579 0.449185
v 0.214641 0.140579 0.449185
v 0.289481 0.166682 0.457703
v -0.134680 0.425024 0.500899
v 0.239478 0.081361 0.583001
v 0.311490 0.073630 0.571809
v -0.181384 0.423862 0.527636
v -0.233499 0.433782 0.516867
v 0.296824 0.172016 0.463168
v 0.217763 0.085857 0.526408
v 0.185458 1.130964 0.326521
v 0.266392 0.160189 0.502201
v 0.211961 0.069465 0.571975
v 0.308592 0.135323 0.431713
v 0.307789 0.112561 0.463531
v -0.192272 0.336744 0.507420
v -0.148899 0.352097 0.429631
v 0.318707 0.115268 0.462961
v 0.272660 0.130759 0.542560
v -0.241995 0.432593 0.527301
v -0.273117 0.409786 0.356994
v 0.217186 0.114248 0.476328
v -0.280479 0.455232 0.329185
v 0.211274 0.091055 0.527968
v -0.183626 0.378869 0.531391
v 0.225626 0.146683 0.499211
v 0.317633 0.084178 0.513980
v 0.221892 0.172589 0.474524
v 0.302950 0.147479 0.486827
v 0.329905 0.087979 0.512878
v 0.262390 0.186281 0.482459
v 0.229739 0.116122 0.539373
v 0.308562 0.117795 0.531979
v 0.230914 0.111074 0.510828
v 0.207944 0.142980 0.449831
v 0.217186 0.114248 0.476328
v 0.209880 0.120102 0.477744
v -0.242980 0.354210 0.482605
v -0.103264 0.425599 0.452279
v -0.287276 0.407694 0.357349
v -0.130698 0.363302 0.381610
v -0.113858 0.401403 0.388457
v -0.135719 0.346747 0.430937
v -0.277971 0.455603 0.463454
v -0.246613 0.347878 0.493210
v -0.293314 0.444555 0.360584
v -0.134238 0.383258 0.494887
v -0.263527 0.373014 0.432957
v -0.100466 0.436817 0.399697
v -0.264609 0.455991 0.459394
v -0.134680 0.425024 0.500899
v -0.160374 0.344353 0.477343
v -0.279073 0.484592 0.369029
v -0.233499 0.433782 0.516867
v -0.294707 0.454055 0.329570
v -0.181384 0.423862 0.527636
v -0.148899 0.352097 0.429631
v -0.143920 0.368789 0.381287
v -0.281925 0.505544 0.309791
v -0.281925 0.505544 0.309791
v -0.113662 0.442366 0.399396
v -0.280479 0.455232 0.329185
v -0.119252 0.390493 0.442868
v -0.277026 0.370676 0.435921
v -0.148535 0.338677 0.482237
v -0.280503 0.412438 0.451095
v -0.123026 0.419950 0.506789
v -0.296230 0.505366 0.310407
v -0.127067 0.406920 0.388147
v -0.293338 0.484353 0.370139
v -0.194817 0.343627 0.496708
v -0.273117 0.409786 0.356994
v -0.116216 0.431257 0.450522
v -0.143920 0.368789 0.381287
v 0.102540 1.071564 0.291941
v 0.004406 0.899741 0.170332
v 0.131320 1.052595 0.316607
v 0.167558 1.035882 0.300736
v 0.022344 0.932598 0.173116
v 0.131320 1.052595 0.316607
v 0.102767 1.094766 0.264278
v 0.141533 1.058091 0.322940
v 0.105708 1.084509 0.297927
v 0.141533 1.058091 0.322940
v 0.085630 1.068462 0.257498
v 0.121723 1.035808 0.307052
v 0.121932 1.032427 0.311192
v 0.121932 1.032427 0.311192
v 0.096284 1.057113 0.288881
v 0.111678 1.058756 0.221077
v 0.131805 0.974290 0.218020
v 0.091205 1.066288 0.258920
v 0.146193 1.035322 0.216593
v 0.114694 1.060637 0.223314
v -0.020227 0.895154 0.248345
v 0.188184 1.054070 0.246607
v 0.110179 0.993338 0.205118
v 0.129555 1.086446 0.225028
v 0.183338 1.045340 0.240894
v 0.146712 1.065399 0.322191
v 0.227080 1.098080 0.295559
v 0.163624 1.020273 0.234253
v 0.164593 1.060326 0.221729
v 0.189769 1.045589 0.281171
v 0.217455 1.112959 0.326039
v 0.187261 1.095512 0.235272
v 0.214416 1.090976 0.258243
v 0.178192 1.047919 0.304033
v 0.136054 1.091808 0.230007
v 0.185861 1.131515 0.336764
v 0.091603 1.054195 0.293129
v 0.156671 1.013311 0.298674
v 0.039178 0.852918 0.246551
v 0.008440 0.873099 0.264403
v 0.167221 1.011026 0.264143
v 0.134808 0.963182 0.249477
v 0.161282 1.025173 0.236960
v 0.164671 1.016441 0.265666
v 0.051365 1.023794 0.246273
v 0.059718 1.007405 0.282413
v 0.120437 0.967528 0.285448
v 0.070273 0.898665 0.259679
v 0.081952 1.013056 0.208520
v 0.063496 0.887966 0.271072
v -0.025185 0.910010 0.207318
v 0.087220 0.981310 0.287603
v 0.039532 0.914166 0.276067
v -0.020227 0.895154 0.248345
v 0.060562 0.999821 0.275290
v 0.175408 1.039799 0.240211
v 0.189853 1.035821 0.275978
v 0.144888 1.040291 0.220402
v 0.009975 0.936457 0.257257
v 0.074163 0.882990 0.254743
v 0.039532 0.914166 0.276067
v 0.121723 1.035808 0.307052
v 0.176073 1.038577 0.305375
v 0.152715 1.018754 0.298534
v 0.083457 0.880283 0.222552
v 0.052023 0.862682 0.189260
v 0.123669 0.962962 0.246917
v 0.105588 0.988167 0.204632
v 0.055375 0.854614 0.209348
v 0.035979 0.876154 0.176102
v 0.080015 0.888576 0.198538
v 0.079744 0.892491 0.224817
v 0.076778 0.898791 0.204074
v 0.078619 1.007407 0.207836
v 0.028963 0.935138 0.182841
v 0.005205 0.944989 0.218636
v 0.057631 0.907407 0.172090
v 0.054593 1.013730 0.245990
v 0.168319 1.070164 0.228568
v 0.059607 0.914358 0.181217
v 0.121075 0.972192 0.221600
v 0.087220 0.981310 0.287603
v -0.007924 0.943451 0.213943
v 0.004406 0.899741 0.170332
v -0.025185 0.910010 0.207318
v 0.033977 0.904413 0.282240
v 0.109765 0.967656 0.277807
v 0.176604 1.033016 0.270455
v 0.092545 0.983548 0.295354
v 0.092545 0.983548 0.295354
v -0.001558 0.930341 0.261099
v 0.033977 0.904413 0.282240
v 0.008440 0.873099 0.264403
v -0.157450 1.108928 0.365883
v -0.122029 1.108813 0.375533
v -0.157450 1.108928 0.365883
v -0.150270 1.112480 0.356846
v -0.138793 1.103521 0.371541
v -0.120475 1.121036 0.392346
v -0.135916 1.167023 0.389404
v -0.121023 1.147275 0.398781
v -0.116864 1.161398 0.360231
v -0.168924 1.154135 0.364569
v -0.150270 1.112480 0.356846
v -0.154562 1.168263 0.376215
v -0.168822 1.123856 0.360456
v -0.137996 1.129769 0.341833
v -0.145394 1.118995 0.343070
v -0.130854 1.123505 0.343568
v -0.114009 1.113653 0.357918
v -0.105903 1.152140 0.378337
v -0.121063 1.172896 0.369781
v -0.116134 1.126150 0.353630
v -0.137996 1.129769 0.341833
v -0.104909 1.125658 0.372471
v -0.152436 1.157376 0.340817
v -0.107851 1.132965 0.362578
v -0.137946 1.172133 0.354598
v -0.139694 1.151153 0.345358
v -0.411912 0.554157 0.353755
v -0.390705 0.570178 0.350129
v -0.122029 1.108813 0.375533
v -0.128525 1.107661 0.383427
v -0.143940 1.104080 0.376228
v -0.128525 1.107661 0.383427
v -0.416253 0.571565 0.305635
v -0.373051 0.579479 0.341230
v -0.377989 0.589313 0.315422
v -0.411912 0.554157 0.353755
v -0.128507 1.160693 0.350086
v -0.108817 1.150016 0.364598
v -0.434331 0.522065 0.295927
v -0.116134 1.126150 0.353630
v -0.107851 1.132965 0.362578
v -0.151166 1.129436 0.337638
v -0.116864 1.161398 0.360231
v -0.108817 1.150016 0.364598
v -0.128507 1.160693 0.350086
v -0.139694 1.151153 0.345358
v -0.130854 1.123505 0.343568
v -0.275417 0.813179 0.650335
v -0.361393 0.587265 0.637005
v -0.335508 0.749539 0.659740
v -0.361393 0.587265 0.637005
v -0.345347 0.772598 0.527291
v -0.222406 0.958778 0.609197
v -0.342339 0.774528 0.498659
v -0.346700 0.626419 0.659007
v -0.327553 0.679512 0.664243
v -0.317995 0.676315 0.637976
v -0.366301 0.696578 0.631762
v -0.238164 1.002787 0.380028
v -0.223406 1.061760 0.465539
v -0.251718 1.001052 0.406905
v -0.303317 0.879530 0.383174
v -0.233150 0.988183 0.421552
v -0.231612 0.925622 0.396266
v -0.371856 0.666153 0.319325
v -0.274168 0.943896 0.393647
v -0.234482 1.038099 0.433210
v -0.259161 0.861915 0.385812
v -0.256146 0.933230 0.410307
v -0.395319 0.615891 0.311513
v -0.262344 0.864752 0.361848
v -0.279452 0.839914 0.495326
v -0.315683 0.847260 0.534905
v -0.384802 0.651849 0.626412
v -0.393101 0.601865 0.634005
v -0.343130 0.749057 0.629198
v -0.275417 0.813179 0.650335
v -0.303823 0.737772 0.662828
v -0.254930 0.904973 0.504529
v -0.279452 0.839914 0.495326
v -0.314140 0.849975 0.508051
v -0.254930 0.904973 0.504529
v -0.145653 1.073060 0.520599
v -0.311663 0.816088 0.613025
v -0.312011 0.734919 0.615266
v -0.284536 0.804849 0.602928
v -0.187164 1.038265 0.483364
v -0.163620 1.055507 0.493821
v -0.309124 0.822756 0.646255
v -0.264415 0.803557 0.624708
v -0.192546 1.103182 0.497137
v -0.163336 1.101748 0.504340
v -0.210024 1.078957 0.491375
v -0.264446 0.942581 0.363684
v -0.207896 1.075082 0.451303
v -0.377989 0.589313 0.315422
v -0.393381 0.577832 0.271998
v -0.203793 1.027297 0.472064
v -0.337314 0.685557 0.616130
v -0.283354 0.868619 0.401284
v -0.207187 0.981400 0.407807
v -0.373736 0.533340 0.277313
v -0.315167 0.721837 0.365062
v -0.360763 0.642572 0.608816
v -0.357287 0.592494 0.605949
v -0.374546 0.568054 0.612582
v -0.401636 0.617338 0.604902
v -0.374546 0.568054 0.612582
v -0.346700 0.626419 0.659007
v -0.378796 0.640374 0.657465
v -0.299054 0.758619 0.518058
v -0.318139 0.761953 0.540422
v -0.234750 1.023054 0.550295
v -0.198020 1.026471 0.586537
v -0.205936 1.082361 0.542945
v -0.231306 1.027855 0.520083
v -0.255464 0.877515 0.583053
v -0.384377 0.563247 0.569783
v -0.232114 0.946447 0.561309
v -0.384377 0.563247 0.569783
v -0.149300 1.071968 0.434701
v -0.234076 0.877971 0.606147
v -0.222406 0.958778 0.609197
v -0.248873 0.890059 0.630603
v -0.284123 0.888996 0.591481
v -0.225703 0.966198 0.512420
v -0.410719 0.613394 0.563776
v -0.177052 1.077234 0.552779
v -0.401045 0.645745 0.532782
v -0.372921 0.639930 0.546151
v -0.336117 0.695742 0.486084
v -0.379143 0.604002 0.505249
v -0.366168 0.634238 0.494204
v -0.344559 0.697152 0.537825
v -0.372324 0.710598 0.523590
v -0.491428 0.429232 0.336599
v -0.406620 0.520933 0.289572
v -0.443173 0.506121 0.352696
v -0.397167 0.650999 0.501423
v -0.441758 0.561071 0.282176
v -0.379143 0.604002 0.505249
v -0.374419 0.613511 0.598107
v -0.356010 0.623291 0.528580
v -0.379943 0.614117 0.563425
v -0.366700 0.586031 0.558632
v -0.248873 0.890059 0.630603
v -0.148812 1.050834 0.528369
v -0.416253 0.571565 0.305635
v -0.214028 1.075387 0.428860
v -0.207996 0.945708 0.583125
v -0.254849 0.975411 0.520599
v -0.263297 0.975412 0.544037
v -0.221213 1.067349 0.521586
v -0.177052 1.077234 0.552779
v -0.198020 1.026471 0.586537
v -0.201235 1.008172 0.539872
v -0.182657 1.010518 0.562011
v -0.453097 0.413815 0.349955
v -0.411591 0.406241 0.326871
v -0.395275 0.510092 0.367753
v -0.386606 0.491878 0.311559
v -0.408942 0.490836 0.343828
v -0.429223 0.569399 0.331618
v -0.366168 0.634238 0.494204
v -0.390705 0.570178 0.350129
v -0.442182 0.436444 0.248523
v -0.395867 0.561749 0.266670
v -0.226582 1.033743 0.579571
v -0.306943 0.764814 0.487657
v -0.327553 0.679512 0.664243
v -0.326909 0.691937 0.515327
v -0.336117 0.695742 0.486084
v -0.153017 1.088140 0.524110
v -0.386272 0.578018 0.530801
v -0.218958 1.066912 0.521073
v -0.225703 0.966198 0.512420
v -0.285573 0.915728 0.515183
v -0.289803 0.911264 0.541656
v -0.191628 1.038174 0.496915
v -0.218965 1.048348 0.407839
v -0.211671 0.992830 0.382130
v -0.283354 0.868619 0.401284
v -0.342835 0.728372 0.381602
v -0.386272 0.578018 0.530801
v -0.306943 0.764814 0.487657
v -0.369826 0.708004 0.494953
v -0.408059 0.621602 0.518373
v -0.406896 0.586332 0.613387
v -0.312836 0.798362 0.389983
v -0.370516 0.607420 0.317825
v -0.235210 0.931806 0.369420
v -0.357584 0.690887 0.662639
v -0.217443 1.014776 0.443542
v -0.389637 0.608853 0.361949
v -0.189884 1.017257 0.430177
v -0.434331 0.522065 0.295927
v -0.434331 0.522065 0.295927
v -0.389330 0.536370 0.360929
v -0.441758 0.561071 0.282176
v -0.449977 0.517304 0.320299
v -0.438272 0.508314 0.341286
v -0.408942 0.490836 0.343828
v -0.506825 0.444187 0.297036
v -0.288983 0.876101 0.354985
v -0.233150 0.988183 0.421552
v -0.316755 0.804582 0.343649
v -0.386606 0.491878 0.311559
v -0.432163 0.575955 0.292341
v -0.445585 0.532244 0.366815
v -0.400751 0.532089 0.264985
v -0.432163 0.575955 0.292341
v -0.458724 0.518740 0.322837
v -0.431455 0.553700 0.364300
v -0.444376 0.532109 0.279272
v -0.416253 0.571565 0.305635
v -0.447982 0.567706 0.331018
v -0.368502 0.567791 0.334682
v -0.339108 0.624287 0.627487
v -0.212346 1.032143 0.563544
v -0.365690 0.573841 0.286221
v -0.312836 0.798362 0.389983
v -0.342835 0.728372 0.381602
v -0.399932 0.548131 0.355762
v -0.385655 0.541412 0.348062
v -0.444376 0.532109 0.279272
v -0.406620 0.520933 0.289572
v -0.321837 0.722975 0.337303
v -0.345094 0.734064 0.330670
v -0.290814 0.793357 0.348226
v -0.334033 0.809027 0.371342
v -0.360430 0.737355 0.358992
v -0.344800 0.651160 0.353808
v -0.409731 0.616654 0.339582
v -0.180142 1.038116 0.463241
v -0.217443 1.014776 0.443542
v -0.373051 0.579479 0.341230
v -0.191628 1.038174 0.496915
v -0.411912 0.554157 0.353755
v -0.366527 0.508815 0.314053
v -0.289007 0.834797 0.547683
v -0.215818 1.049341 0.427253
v -0.211467 1.048614 0.478234
v -0.303823 0.737772 0.662828
v -0.157996 1.039611 0.510058
v -0.258214 0.957703 0.571205
v -0.171113 1.048425 0.518252
v -0.293439 0.730701 0.637954
v -0.192984 1.065292 0.537275
v -0.168537 1.053158 0.491068
v -0.163336 1.101748 0.504340
v -0.211283 1.080975 0.488498
v -0.429223 0.569399 0.331618
v -0.168732 1.039994 0.544295
v -0.164678 1.058668 0.535593
v -0.176882 1.043709 0.515198
v -0.242260 0.964197 0.561491
v -0.403606 0.417757 0.278400
v -0.453097 0.413815 0.349955
v -0.491428 0.429232 0.336599
v -0.506825 0.444187 0.297036
v -0.488786 0.447935 0.258315
v -0.180970 1.087245 0.433001
v -0.415008 0.582494 0.574449
v -0.415306 0.593833 0.540272
v -0.217521 1.051535 0.494744
v -0.241648 0.895501 0.534629
v -0.265510 0.899358 0.554920
v -0.269012 0.831322 0.525692
v -0.181437 1.084409 0.502416
v -0.193703 1.034195 0.408270
v -0.256146 0.933230 0.410307
v -0.350471 0.655983 0.324271
v -0.442182 0.436444 0.248523
v -0.488786 0.447935 0.258315
v -0.488786 0.447935 0.258315
v -0.449977 0.517304 0.320299
v -0.438272 0.508314 0.341286
v -0.288287 0.792212 0.374965
v -0.463794 0.548307 0.328018
v -0.380559 0.491350 0.312422
v -0.405547 0.490568 0.348664
v -0.434331 0.522065 0.295927
v -0.365089 0.598946 0.344646
v -0.388772 0.668964 0.347548
v -0.370787 0.661645 0.369464
v -0.370787 0.661645 0.369464
v -0.389637 0.608853 0.361949
v -0.183489 1.060898 0.453771
v -0.203793 1.027297 0.472064
v -0.358766 0.537352 0.326232
v -0.214437 0.959004 0.544054
v -0.363007 0.557898 0.278084
v -0.390011 0.561242 0.353572
v -0.205529 1.014254 0.512176
v -0.252664 0.967955 0.603811
v -0.148185 1.041460 0.429989
v -0.205529 1.014254 0.512176
v -0.187164 1.038265 0.483364
v -0.153651 1.075395 0.499253
v -0.141106 1.069484 0.498851
v -0.279469 0.896431 0.622427
v -0.238239 1.034749 0.543669
v -0.188204 1.019288 0.543268
v -0.203214 1.034828 0.428368
v -0.168732 1.039994 0.544295
v -0.175943 1.032602 0.513268
v 0.135320 1.080412 0.382528
v 0.148660 1.052978 0.371433
v -0.057092 1.039374 0.327638
v 0.175771 1.058193 0.419170
v 0.000742 1.062395 0.334116
v -0.134205 1.069325 0.400183
v -0.148185 1.041460 0.429989
v -0.100472 1.063065 0.565457
v -0.052930 1.062327 0.343720
v 0.002904 1.039777 0.315664
v -0.096448 1.064975 0.366376
v 0.101634 1.072883 0.356230
v 0.177167 1.064478 0.509370
v 0.110765 1.048231 0.342799
v 0.163836 1.092560 0.503403
v 0.170598 1.091285 0.469430
v 0.066213 1.094737 0.573622
v 0.184818 1.063059 0.471055
v 0.069052 1.069565 0.590051
v 0.010958 1.096595 0.577791
v 0.119289 1.066406 0.571466
v -0.092108 1.112724 0.533812
v -0.058183 1.113568 0.325622
v -0.148641 1.108442 0.399607
v -0.215818 1.049341 0.427253
v 0.111591 1.134317 0.565965
v 0.145085 1.142388 0.525119
v 0.107275 1.148525 0.371632
v -0.043591 1.104935 0.563613
v -0.137688 1.131895 0.450430
v 0.144312 1.093618 0.537238
v 0.007481 1.084576 0.613419
v -0.242337 1.058191 0.449537
v 0.127960 1.111832 0.578809
v 0.076816 1.098144 0.608286
v -0.145653 1.073060 0.520599
v 0.156648 1.144979 0.471256
v 0.064776 1.121627 0.591671
v 0.143312 1.145918 0.420270
v 0.163573 1.124910 0.409135
v 0.068231 1.122882 0.323452
v 0.121998 1.126125 0.353042
v -0.155523 1.106335 0.447826
v -0.049487 1.083469 0.572583
v -0.139221 1.101740 0.496631
v 0.057250 1.147706 0.352036
v 0.008985 1.071408 0.593658
v -0.100556 1.092481 0.540163
v -0.103836 1.039027 0.357151
v -0.162127 1.099892 0.445169
v 0.054533 1.068026 0.340363
v 0.161567 1.087509 0.424096
v 0.154512 1.065573 0.546844
v -0.141706 1.039771 0.396146
v -0.234090 1.058112 0.518617
v -0.057092 1.039374 0.327638
v -0.203214 1.034828 0.428368
v -0.067715 1.038092 0.300710
v 0.007481 1.084576 0.613419
v 0.076816 1.098144 0.608286
v 0.121998 1.126125 0.353042
v -0.046116 1.074672 0.596440
v -0.165118 1.011411 0.498608
v -0.100472 1.063065 0.565457
v -0.220171 1.014177 0.446773
v -0.046116 1.074672 0.596440
v -0.211758 1.101236 0.514993
v -0.053997 1.069353 0.627207
v -0.065179 1.093899 0.641948
v 0.085370 1.103561 0.632891
v 0.196384 1.155326 0.546217
v -0.189225 1.064261 0.554233
v -0.130931 1.078010 0.605421
v 0.001384 1.109293 0.655737
v 0.188998 1.127141 0.541100
v -0.115905 1.053740 0.591315
v -0.168732 1.039994 0.544295
v 0.005245 1.083550 0.642307
v -0.004493 1.124896 0.289556
v -0.111437 1.110763 0.355116
v -0.001074 1.117922 0.308763
v -0.127552 1.116023 0.338653
v -0.148812 1.050834 0.528369
v 0.163573 1.124910 0.409135
v 0.138538 1.131830 0.331086
v 0.062944 1.045140 0.321401
v 0.118738 1.048200 0.316811
v 0.199160 1.055398 0.409516
v 0.184818 1.063059 0.471055
v 0.163922 1.051372 0.349712
v 0.110765 1.048231 0.342799
v -0.103836 1.039027 0.357151
v 0.179078 1.124007 0.469734
v 0.075031 1.128464 0.303970
v 0.068231 1.122882 0.323452
v -0.213636 1.094743 0.446926
v -0.148185 1.041460 0.429989
v -0.166996 1.033601 0.379763
v 0.147431 1.145017 0.609769
v 0.203187 1.130402 0.468594
v 0.127960 1.111832 0.578809
v 0.166353 1.120412 0.532097
v 0.179078 1.124007 0.469734
v -0.174475 1.014148 0.438145
v -0.148185 1.041460 0.429989
v -0.174475 1.014148 0.438145
v -0.197378 1.033483 0.523723
v -0.121562 1.035829 0.333842
v 0.068493 1.046466 0.294484
v 0.175771 1.058193 0.419170
v -0.211200 1.060122 0.528901
v -0.199979 1.089438 0.528462
v 0.119289 1.066406 0.571466
v -0.139221 1.101740 0.496631
v 0.076482 1.070256 0.617570
v -0.141706 1.039771 0.396146
v 0.209981 1.060083 0.467699
v -0.148812 1.050834 0.528369
v -0.058183 1.113568 0.325622
v -0.162287 1.099316 0.513030
v -0.149300 1.071968 0.434701
v -0.063566 1.120119 0.303448
v -0.172057 1.113044 0.391282
v 0.083697 1.129175 0.644323
v 0.144403 1.117081 0.600487
v -0.165118 1.011411 0.498608
v -0.141606 1.038149 0.494346
v -0.209799 1.013835 0.511726
v -0.189225 1.064261 0.554233
v 0.002450 1.105485 0.598251
v -0.128067 1.121883 0.493612
v -0.111437 1.110763 0.355116
v -0.096319 1.139113 0.375928
v 0.002904 1.039777 0.315664
v -0.148641 1.108442 0.399607
v -0.155523 1.106335 0.447826
v 0.203526 1.062393 0.517134
v 0.000364 1.041682 0.287764
v 0.113149 1.092698 0.559438
v -0.130131 1.136734 0.410312
v 0.148660 1.052978 0.371433
v 0.177167 1.064478 0.509370
v 0.178158 1.064364 0.563639
v -0.060040 1.080289 0.606658
v 0.008937 1.072086 0.623023
v 0.069052 1.069565 0.590051
v -0.163148 1.096511 0.512909
v -0.049487 1.083469 0.572583
v -0.001074 1.117922 0.308763
v -0.051976 1.142183 0.356562
v -0.002629 1.145212 0.343670
v -0.118732 1.087353 0.565262
v -0.100556 1.092481 0.540163
v 0.008985 1.071408 0.593658
v 0.154512 1.065573 0.546844
v 0.135225 1.067079 0.595402
v 0.166353 1.120412 0.532097
v -0.187286 1.087936 0.547864
v -0.046677 1.094295 0.585390
v -0.099973 1.083924 0.557192
v 0.062944 1.045140 0.321401
v 0.185520 1.130235 0.399001
v 0.213077 1.158987 0.468939
v -0.175943 1.032602 0.513268
v -0.181642 1.106971 0.453490
v 0.228537 1.083557 0.466171
v 0.063663 1.064320 0.280344
v 0.213258 1.078308 0.397877
v 0.173319 1.073004 0.337059
v 0.219772 1.086346 0.519737
v 0.190087 1.089280 0.571886
v -0.406677 1.142400 0.525727
v -0.341232 1.264072 0.501182
v -0.462252 1.043380 0.525704
v -0.378610 1.270538 0.382873
v -0.134384 1.142587 0.334848
v -0.066094 1.147078 0.300439
v -0.005549 1.150651 0.289623
v 0.075138 1.155490 0.296860
v 0.146712 1.065399 0.322191
v -0.424786 1.041598 0.544828
v -0.446095 1.031683 0.523360
v -0.347299 1.230160 0.342158
v -0.374185 1.183717 0.363373
v -0.461424 1.023297 0.499938
v -0.385093 1.291122 0.426640
v -0.439451 1.053333 0.543001
v -0.427739 1.096715 0.532822
v -0.459570 1.020609 0.473510
v -0.377435 1.286861 0.475813
v -0.372397 1.174929 0.519807
v -0.361154 1.282980 0.462248
v 0.117718 1.093941 0.299505
v 0.153067 1.112253 0.238070
v 0.152159 1.138469 0.312000
v -0.180871 1.138670 0.391096
v -0.174160 1.123690 0.526240
v -0.193741 1.132539 0.459955
v -0.125856 1.113230 0.580771
v 0.140835 1.161215 0.323879
v 0.192902 1.160847 0.393339
v -0.061247 1.103121 0.618020
v 0.010275 1.096910 0.627792
v 0.080640 1.093995 0.630963
v 0.143021 1.090884 0.606339
v -0.382800 1.183900 0.520064
v -0.361862 1.222701 0.510129
v 0.124186 1.068003 0.302909
v -0.438423 1.069173 0.433949
v -0.423010 1.115242 0.412306
v -0.399259 1.153296 0.383911
v -0.324840 1.260792 0.495776
v -0.392924 1.133689 0.525233
v -0.352065 1.211481 0.510322
v -0.413232 1.087807 0.533814
v 0.185861 1.131515 0.336764
v 0.135043 1.131262 0.275205
v 0.112521 1.100280 0.267632
v -0.451435 1.023985 0.448231
v -0.429441 1.200363 0.408341
v -0.398084 1.270892 0.379827
v -0.461424 1.023297 0.499938
v 0.029327 1.267891 0.594919
v -0.392924 1.133689 0.525233
v -0.324840 1.260792 0.495776
v 0.074679 1.150255 0.633906
v -0.130160 1.102078 0.595843
v -0.153017 1.088140 0.524110
v -0.187286 1.087936 0.547864
v -0.460864 1.108499 0.442397
v -0.456792 1.118178 0.477521
v -0.477525 1.033026 0.500035
v -0.347299 1.230160 0.342158
v -0.352065 1.211481 0.510322
v -0.405613 1.295198 0.433295
v -0.476572 1.031330 0.469830
v -0.470693 1.031670 0.448273
v 0.034529 1.273550 0.593979
v -0.416147 1.157789 0.379421
v -0.406686 1.215324 0.493426
v -0.437847 1.120680 0.509654
v -0.441079 1.119894 0.407215
v -0.368469 1.229938 0.341129
v -0.457289 1.073729 0.428682
v -0.389373 1.188069 0.358646
v -0.431572 1.218194 0.456177
v -0.361154 1.282980 0.462248
v -0.424786 1.041598 0.544828
v 0.034529 1.273550 0.593979
v 0.032971 1.275636 0.597918
v -0.002246 1.128208 0.606906
v -0.003611 1.131660 0.644197
v -0.215818 1.049341 0.427253
v -0.073015 1.056351 0.288544
v -0.004479 1.058744 0.275189
v -0.132127 1.052436 0.322609
v -0.180138 1.048322 0.372941
v 0.027769 1.269977 0.598857
v -0.459570 1.020609 0.473510
v -0.423010 1.115242 0.412306
v -0.108889 1.104448 0.568576
v -0.053555 1.114015 0.591985
v -0.424865 1.131571 0.469253
v -0.378610 1.270538 0.382873
v -0.440783 1.078857 0.483563
v -0.374185 1.183717 0.363373
v -0.399259 1.153296 0.383911
v 0.029327 1.267891 0.594919
v 0.027769 1.269977 0.598857
v 0.061034 1.250127 0.608872
v -0.395128 1.221661 0.443264
v -0.385093 1.291122 0.426640
v -0.451435 1.023985 0.448231
v -0.438423 1.069173 0.433949
v -0.414611 1.178039 0.456859
v -0.372397 1.174929 0.519807
v -0.413232 1.087807 0.533814
v -0.446095 1.031683 0.523360
v 0.032971 1.275636 0.597918
v 0.061259 1.146612 0.602298
v 0.135213 1.165981 0.600966
v 0.153948 1.169849 0.531046
v 0.114481 1.160352 0.575691
v -0.066803 1.117690 0.631164
v -0.114319 1.103662 0.348464
v -0.157314 1.117173 0.376401
v -0.098708 1.508947 0.554744
v 0.073051 1.423618 0.298807
v 0.139158 1.514637 0.538751
v 0.239595 1.477322 0.496832
v 0.210380 1.465823 0.502725
v 0.148586 1.428724 0.298496
v 0.290398 1.531908 0.422621
v 0.242689 1.558680 0.357307
v -0.119517 1.114284 0.355035
v -0.099214 1.085236 0.302613
v -0.114009 1.113653 0.357918
v -0.091283 1.085899 0.311479
v 0.110230 1.786875 0.109150
v 0.190320 1.503514 0.519469
v 0.181412 1.446374 0.533701
v 0.113751 1.793400 0.083933
v 0.006349 2.078111 -0.408708
v -0.080462 1.470664 0.570944
v -0.098708 1.508947 0.554744
v -0.099585 1.518794 0.556690
v -0.068055 1.518375 0.554988
v -0.081493 1.504256 0.559068
v -0.115280 1.499844 0.555132
v -0.121765 1.507036 0.556967
v -0.096841 1.462807 0.571014
v 0.226875 1.546697 0.477174
v 0.196922 1.542119 0.496884
v 0.276397 1.528782 0.344244
v 0.216686 1.545993 0.323768
v 0.172102 1.574792 0.343798
v 0.237355 1.511498 0.311032
v 0.170918 1.572795 0.474711
v 0.206648 1.588882 0.417428
v 0.195346 1.585490 0.369507
v -0.074903 1.467354 0.578259
v 0.034824 1.230083 0.588890
v -0.097331 1.456720 0.578244
v 0.011058 1.253894 0.575452
v 0.044656 1.300859 0.580965
v -0.126753 1.454113 0.568644
v 0.134050 1.545669 0.311880
v 0.125218 1.587021 0.330103
v 0.177589 1.541122 0.315358
v 0.194368 1.502399 0.302419
v 0.067289 1.548663 0.303224
v 0.192594 1.577486 0.456127
v 0.059179 1.266432 0.595969
v 0.037087 1.241292 0.598276
v 0.071121 1.277861 0.593990
v 0.066938 1.270217 0.586225
v 0.037964 1.285433 0.584734
v 0.045205 1.289904 0.574708
v 0.170303 1.546115 0.506007
v 0.132019 1.462812 0.564642
v 0.226210 1.508189 0.502258
v 0.140212 1.497608 0.296412
v -0.095997 1.443946 0.576364
v 0.029912 1.226356 0.597951
v -0.119755 1.464141 0.572073
v -0.065540 1.458155 0.576046
v 0.194368 1.502399 0.302419
v 0.151380 1.572483 0.486768
v 0.177589 1.541122 0.315358
v 0.170303 1.546115 0.506007
v 0.257967 1.520620 0.480968
v 0.254237 1.562126 0.425580
v 0.070792 1.490639 0.294419
v 0.274296 1.482827 0.476838
v 0.252265 1.450447 0.478337
v 0.280337 1.454850 0.466910
v 0.306856 1.492055 0.420591
v 0.210380 1.465823 0.502725
v -0.022149 1.029122 0.281981
v -0.063720 1.065326 0.280931
v -0.022821 1.031158 0.265569
v -0.059021 1.066486 0.289814
v 0.172102 1.574792 0.343798
v 0.125211 1.581114 0.494587
v 0.204098 1.447656 0.311406
v 0.151380 1.572483 0.486768
v -0.017774 1.046736 0.268200
v -0.017122 1.040507 0.287196
v -0.022149 1.029122 0.281981
v 0.028048 1.016727 0.266685
v 0.030044 1.299796 0.577807
v -0.016262 1.049408 0.278659
v -0.068055 1.518375 0.554988
v -0.134022 1.088728 0.347640
v -0.136919 1.119016 0.339439
v -0.118932 1.099077 0.345162
v -0.145394 1.118995 0.343070
v -0.116134 1.126150 0.353630
v -0.136919 1.119016 0.339439
v -0.130854 1.123505 0.343568
v -0.130916 1.106603 0.331147
v -0.144316 1.087702 0.348921
v -0.133829 1.100986 0.371842
v -0.165146 1.127802 0.373351
v -0.093362 1.074362 0.319721
v -0.130916 1.106603 0.331147
v -0.151136 1.110477 0.345881
v -0.127445 1.101951 0.336131
v -0.068314 1.049484 0.289138
v -0.124104 1.090214 0.352093
v -0.068314 1.049484 0.289138
v -0.108375 1.076921 0.300867
v -0.134022 1.088728 0.347640
v -0.136864 1.094589 0.337259
v -0.077226 1.511680 0.562578
v -0.103776 1.067487 0.313362
v -0.071509 1.056046 0.277308
v -0.118932 1.099077 0.345162
v 0.132174 1.550659 0.516901
v 0.190320 1.503514 0.519469
v -0.119517 1.114284 0.355035
v -0.136919 1.119016 0.339439
v -0.126995 1.087942 0.360176
v -0.157314 1.117173 0.376401
v -0.157450 1.108928 0.365883
v -0.145394 1.118995 0.343070
v -0.134022 1.088728 0.347640
v -0.127445 1.101951 0.336131
v -0.058704 1.057237 0.296787
v -0.136864 1.094589 0.337259
v -0.124104 1.090214 0.352093
v -0.103776 1.067487 0.313362
v -0.114009 1.113653 0.357918
v -0.127445 1.101951 0.336131
v -0.144013 1.095943 0.336816
v -0.156205 1.154824 0.382950
v -0.153285 1.101586 0.360153
v 0.002650 1.252918 0.582679
v -0.129183 1.511649 0.547830
v -0.143940 1.104080 0.376228
v -0.150048 1.114075 0.382707
v -0.098631 1.527453 0.546982
v -0.112691 1.468036 0.566672
v -0.115280 1.499844 0.555132
v -0.164675 1.146779 0.375346
v 0.035079 1.288756 0.572228
v 0.016389 1.261823 0.585718
v 0.003046 1.268995 0.579267
v 0.010878 1.263637 0.572880
v 0.066100 1.596589 0.317565
v 0.412099 1.183900 0.520064
v 0.414393 1.291122 0.426640
v 0.457038 1.096715 0.532822
v 0.407910 1.270538 0.382873
v 0.422224 1.133689 0.525233
v 0.428559 1.153296 0.383911
v 0.403485 1.183717 0.363373
v 0.376599 1.230160 0.342158
v 0.454086 1.041598 0.544828
v 0.390454 1.282980 0.462248
v 0.488870 1.020609 0.473510
v 0.401697 1.174929 0.519807
v 0.381365 1.211481 0.510322
v 0.354139 1.260792 0.495776
v -0.034030 1.824114 0.568332
v -0.004087 1.797483 0.581623
v 0.442532 1.087807 0.533814
v 0.475394 1.031683 0.523360
v -0.034375 1.814924 0.568496
v -0.082339 1.417279 0.593126
v 0.445447 1.157789 0.379421
v 0.505872 1.031330 0.469830
v 0.491552 1.043380 0.525704
v 0.490724 1.023297 0.499938
v -0.069263 1.374407 0.592096
v 0.177441 1.172679 0.436695
v 0.196553 1.139275 0.430781
v 0.165838 1.145006 0.437347
v 0.166704 1.162306 0.438290
v 0.197382 1.171099 0.433071
v 0.188116 1.175028 0.435630
v 0.029927 1.033128 0.267968
v 0.070857 1.007222 0.285064
v 0.176989 1.134835 0.435261
v 0.026160 1.016068 0.283436
v 0.026160 1.016068 0.283436
v 0.028146 1.028165 0.287687
v 0.070857 1.007222 0.285064
v 0.070781 1.018227 0.295791
v 0.077046 1.026286 0.274897
v 0.073466 1.030850 0.288952
v 0.029609 1.036439 0.281133
v 0.076836 1.009848 0.274574
v 0.217356 1.434012 0.464833
v 0.204098 1.447656 0.311406
v 0.253227 1.455622 0.325477
v 0.208426 1.430948 0.341900
v 0.037964 1.285433 0.584734
v 0.059179 1.266432 0.595969
v -0.187886 0.114248 0.476328
v 0.043736 1.226733 0.601956
v 0.293699 1.492076 0.348057
v 0.254106 1.476262 0.317724
v 0.075122 1.261376 0.597843
v 0.071121 1.277861 0.593990
v -0.180580 0.120102 0.477744
v -0.196326 0.146683 0.499211
v -0.187886 0.114248 0.476328
v -0.181974 0.091055 0.527968
v -0.188464 0.085857 0.526408
v 0.075122 1.261376 0.597843
v 0.068400 1.258538 0.589786
v 0.043736 1.226733 0.601956
v 0.044656 1.300859 0.580965
v 0.045624 1.230934 0.591930
v -0.288333 0.084178 0.513980
v -0.278489 0.112561 0.463531
v 0.202055 1.153041 0.430708
v 0.179083 1.161280 0.482236
v 0.175770 1.145991 0.482311
v -0.282190 0.073630 0.571809
v -0.297683 0.061907 0.561489
v -0.210178 0.081361 0.583001
v 0.424428 1.221661 0.443264
v 0.407910 1.270538 0.382873
v -0.187628 0.066573 0.572589
v 0.414393 1.291122 0.426640
v 0.470083 1.078857 0.483563
v 0.004525 1.798168 0.581821
v -0.067210 1.455178 0.583191
v -0.065422 1.466797 0.586004
v -0.104188 1.449951 0.586557
v 0.004288 1.800052 0.587731
v -0.062674 1.380149 0.602185
v -0.185341 0.140579 0.449185
v -0.185341 0.140579 0.449185
v -0.278489 0.112561 0.463531
v 0.490724 1.023297 0.499938
v -0.034375 1.814924 0.568496
v 0.008185 1.803467 0.582750
v -0.022058 1.813042 0.580520
v 0.467723 1.069173 0.433949
v 0.480735 1.023985 0.448231
v -0.088466 1.411114 0.584583
v -0.108292 1.442451 0.568002
v -0.057401 1.466525 0.567284
v 0.488870 1.020609 0.473510
v 0.454164 1.131571 0.469253
v -0.060057 1.456198 0.571750
v -0.101965 1.439486 0.570991
v -0.096130 1.444319 0.583947
v -0.037194 1.820692 0.571407
v -0.049031 1.816091 0.558508
v 0.004525 1.798168 0.581821
v -0.001553 1.806860 0.583590
v -0.021680 1.809054 0.575800
v -0.002475 1.801276 0.586823
v -0.018848 1.816714 0.577695
v -0.021680 1.809054 0.575800
v -0.004087 1.797483 0.581623
v -0.081437 1.476574 0.578298
v -0.076578 1.477062 0.567125
v -0.108292 1.442451 0.568002
v -0.076578 1.477062 0.567125
v -0.088466 1.411114 0.584583
v -0.106225 1.464087 0.565643
v -0.101965 1.439486 0.570991
v -0.103631 1.467627 0.575707
v -0.004087 1.344162 0.599106
v -0.031495 1.326751 0.601722
v -0.106225 1.464087 0.565643
v -0.060057 1.456198 0.571750
v -0.050851 1.433448 0.581595
v -0.069263 1.374407 0.592096
v -0.031556 1.395823 0.588688
v -0.031556 1.395823 0.588688
v -0.034060 1.393004 0.599765
v -0.053883 1.429171 0.591268
v -0.057401 1.466525 0.567284
v -0.201615 0.111074 0.510828
v -0.273650 0.147479 0.486827
v -0.237093 0.160189 0.502201
v -0.206094 0.091825 0.588187
v -0.200439 0.116122 0.539373
v -0.282190 0.073630 0.571809
v -0.195397 0.165869 0.468948
v -0.297683 0.061907 0.561489
v -0.239772 0.124255 0.511953
v -0.232861 0.179534 0.475720
v -0.279262 0.117795 0.531979
v -0.233090 0.186281 0.482459
v -0.267524 0.172016 0.463168
v -0.279292 0.135323 0.431713
v -0.246232 0.090607 0.583998
v -0.268818 0.115682 0.498581
v -0.260181 0.166682 0.457703
v -0.187628 0.066573 0.572589
v -0.283253 0.090051 0.579423
v -0.248758 0.102761 0.589955
v 0.042066 1.236576 0.606686
v 0.037087 1.241292 0.598276
v 0.037087 1.241292 0.598276
v 0.029912 1.226356 0.597951
v 0.030461 1.237105 0.603471
v 0.059179 1.266432 0.595969
v 0.002650 1.252918 0.582679
v 0.069937 1.265850 0.604488
v 0.354139 1.260792 0.495776
v 0.381365 1.211481 0.510322
v 0.486589 1.073729 0.428682
v 0.427383 1.270892 0.379827
v 0.506825 1.033026 0.500035
v 0.460872 1.218194 0.456177
v 0.468751 1.053333 0.543001
v 0.418673 1.188069 0.358646
v 0.406735 1.286861 0.475813
v 0.480735 1.023985 0.448231
v 0.000588 1.267310 0.586987
v 0.467723 1.069173 0.433949
v 0.007617 1.274639 0.597333
v -0.037915 1.320513 0.592375
v -0.001535 1.345844 0.588072
v -0.001535 1.345844 0.588072
v 0.034814 1.297602 0.580641
v 0.391162 1.222701 0.510129
v 0.370532 1.264072 0.501182
v 0.435986 1.215324 0.493426
v 0.467147 1.120680 0.509654
v 0.452309 1.115242 0.412306
v 0.019190 1.249872 0.590814
v 0.030756 1.237833 0.580199
v 0.019992 1.262089 0.604868
v 0.030845 1.295226 0.593275
v 0.499993 1.031670 0.448273
v 0.397769 1.229938 0.341129
v -0.300605 0.087979 0.512878
v -0.232861 0.179534 0.475720
v -0.178644 0.142980 0.449831
v -0.192592 0.172589 0.474524
v -0.289407 0.115268 0.462961
v 0.308069 1.455676 0.371345
v 0.458741 1.200363 0.408341
v 0.030756 1.237833 0.580199
v 0.019190 1.249872 0.590814
v 0.136258 1.194580 0.528299
v 0.074469 1.198397 0.567040
v 0.074469 1.198397 0.567040
v 0.101718 1.229721 0.561614
v 0.101718 1.229721 0.561614
v 0.034814 1.297602 0.580641
v -0.037915 1.320513 0.592375
v 0.050357 1.280374 0.584577
v 0.041111 1.237907 0.589126
v 0.000588 1.267310 0.586987
v 0.043784 1.284713 0.600848
v 0.490164 1.108499 0.442397
v 0.007108 1.258905 0.591793
v 0.059179 1.266432 0.595969
v 0.003046 1.268995 0.579267
v 0.037087 1.241292 0.598276
v 0.037964 1.285433 0.584734
v 0.016389 1.261823 0.585718
v 0.061484 1.266753 0.575952
v 0.050357 1.280374 0.584577
v 0.084958 1.200842 0.580530
v 0.101680 1.225066 0.574334
v 0.066820 1.274506 0.602016
v 0.007711 1.269156 0.587968
v 0.486092 1.118178 0.477521
v 0.435977 1.142400 0.525727
v 0.061484 1.266753 0.575952
v 0.016389 1.261823 0.585718
v 0.030044 1.299796 0.577807
v 0.119542 1.169302 0.535696
v 0.064109 1.261116 0.586667
v 0.035044 1.245894 0.600143
v 0.470379 1.119894 0.407215
v 0.110114 1.168785 0.524099
v 0.137170 1.197321 0.517288
v 0.031776 1.295562 0.587539
v 0.137170 1.197321 0.517288
v 0.016389 1.261823 0.585718
v 0.110114 1.168785 0.524099
v 0.041997 1.295786 0.590178
v 0.434913 1.295198 0.433295
v 0.390454 1.282980 0.462248
v 0.454086 1.041598 0.544828
v 0.376599 1.230160 0.342158
v 0.475394 1.031683 0.523360
v 0.442532 1.087807 0.533814
v -0.246232 0.090607 0.583998
v -0.270673 0.135026 0.431675
v -0.288333 0.084178 0.513980
v 0.443911 1.178039 0.456859
v 0.428559 1.153296 0.383911
v 0.403485 1.183717 0.363373
v 0.422224 1.133689 0.525233
v -0.260181 0.166682 0.457703
v -0.182661 0.069465 0.571975
v -0.270673 0.135026 0.431675
v 0.452309 1.115242 0.412306
v -0.188464 0.085857 0.526408
v -0.243360 0.130759 0.542560
v -0.305777 0.063833 0.561972
v -0.195397 0.165869 0.468948
v -0.210178 0.081361 0.583001
v 0.401697 1.174929 0.519807
v -0.050851 1.433448 0.581595
v 0.058222 1.268466 0.595378
v 0.037964 1.285433 0.584734
v 0.311639 1.462197 0.425209
v -0.126753 1.454113 0.568644
v -0.163240 1.145872 0.523592
v -0.118847 1.459834 0.561187
v 0.197052 1.179454 0.470085
v 0.206824 1.101078 0.398535
v 0.157959 1.116802 0.546792
v 0.139760 1.113558 0.599194
v 0.011289 1.118042 0.628754
v -0.002008 1.087400 0.322159
v 0.165589 1.098450 0.341838
v 0.145658 1.102576 0.366687
v 0.059415 1.092471 0.291991
v -0.180970 1.087245 0.433001
v -0.045678 1.127983 0.577838
v -0.170735 1.160853 0.397126
v -0.117105 1.136541 0.575226
v -0.143353 1.161221 0.407140
v -0.153206 1.156305 0.455789
v -0.182715 1.156011 0.461625
v -0.056388 1.126523 0.611965
v 0.080135 1.116334 0.623300
v 0.121274 1.117151 0.569030
v -0.152271 1.088675 0.388545
v 0.183397 1.114807 0.508077
v 0.185299 1.111234 0.566554
v -0.135456 1.148948 0.504278
v -0.106136 1.167057 0.366145
v -0.004422 1.173293 0.301027
v 0.182670 1.108074 0.411353
v 0.223194 1.106347 0.464844
v 0.117579 1.095453 0.311456
v 0.192655 1.112763 0.466999
v -0.095997 1.443946 0.576364
v -0.063198 1.487360 0.560784
v -0.096841 1.462807 0.571014
v -0.096525 1.452224 0.567433
v -0.073307 1.463068 0.567507
v -0.080462 1.470664 0.570944
v -0.081493 1.504256 0.559068
v -0.128019 1.081079 0.328229
v 0.070834 1.118489 0.587929
v -0.096030 1.137852 0.546917
v -0.128240 1.164937 0.344804
v 0.011919 1.119848 0.589774
v -0.073482 1.488272 0.565956
v -0.121044 1.483389 0.559781
v -0.129635 1.481171 0.551974
v 0.063620 1.992491 -0.283719
v 0.005584 1.982235 -0.278733
v 0.009592 2.096835 -0.470846
v 0.009033 1.931116 -0.233372
v 0.105046 1.097803 0.342328
v 0.213690 1.109134 0.516465
v -0.001308 1.172892 0.330800
v -0.062434 1.170093 0.314270
v 0.054528 1.092486 0.325810
v -0.058613 1.086588 0.330901
v 0.061634 1.175109 0.339963
v 0.178976 1.180877 0.401216
v 0.130789 1.181672 0.337158
v 0.154353 1.172951 0.414916
v -0.005340 1.088305 0.289267
v -0.052804 1.169210 0.339592
v -0.008327 1.796637 -0.040718
v 0.033003 1.791154 0.010613
v -0.070425 1.084071 0.299537
v -0.214028 1.075387 0.428860
v 0.045740 1.750128 -0.052453
v -0.175942 1.077380 0.375177
v 0.079250 1.920502 -0.282684
v 0.055082 2.058972 -0.324247
v -0.107401 1.088496 0.353511
v -0.140692 1.481877 0.556688
v 0.012493 1.828001 -0.069294
v 0.071391 1.177001 0.307989
v 0.044288 2.120850 -0.471830
v 0.006349 2.078111 -0.408708
v -0.017664 1.836595 -0.089567
v 0.181891 1.176031 0.542034
v 0.002337 2.041339 -0.339179
v 0.063620 1.992491 -0.283719
v 0.006349 2.078111 -0.408708
v 0.166706 1.173196 0.471485
v -0.140692 1.481877 0.556688
v -0.121044 1.483389 0.559781
v -0.066124 1.490386 0.571756
v -0.053551 1.489442 0.567152
v -0.096604 1.515524 0.545541
v -0.130096 1.484809 0.563163
v -0.112691 1.468036 0.566672
v -0.065540 1.458155 0.576046
v 0.003522 2.101617 -0.544275
v 0.063047 1.930230 -0.226392
v 0.009592 2.096835 -0.470846
v 0.055082 2.058972 -0.324247
v -0.053551 1.489442 0.567152
v -0.072857 1.509088 0.551736
v -0.098631 1.527453 0.546982
v -0.120732 1.503272 0.545775
v -0.129183 1.511649 0.547830
v -0.073482 1.488272 0.565956
v 0.049215 2.112806 -0.402554
v 0.112895 1.176565 0.364596
v -0.410353 0.395439 0.435317
v -0.449564 0.505746 0.412055
v -0.406357 0.502956 0.381968
v -0.434173 0.505076 0.387337
v -0.488491 0.425800 0.362038
v -0.386766 0.478312 0.408712
v -0.386766 0.478312 0.408712
v -0.419154 0.486492 0.444459
v -0.446710 0.404957 0.455669
v -0.483589 0.420588 0.445701
v -0.506126 0.427903 0.401067
v -0.434173 0.505076 0.387337
v -0.483589 0.420588 0.445701
v -0.419154 0.486492 0.444459
v -0.437580 0.498377 0.434301
v -0.395776 0.395986 0.394486
v -0.446710 0.404957 0.455669
v -0.444447 0.512413 0.369454
v -0.441997 0.541493 0.367886
v -0.449564 0.505746 0.412055
v -0.434173 0.505076 0.387337
v -0.506126 0.427903 0.401067
v -0.437580 0.498377 0.434301
v -0.488491 0.425800 0.362038
v -0.441909 0.413192 0.353613
v -0.406357 0.502956 0.381968
v -0.243441 1.275805 0.402052
v -0.311149 1.326856 0.368739
v -0.245741 1.329868 0.342216
v -0.254653 1.300698 0.453213
v -0.270692 1.283484 0.351834
v -0.287615 1.357642 0.463483
v -0.302445 1.328943 0.462917
v -0.254653 1.300698 0.453213
v -0.234910 1.290581 0.401652
v -0.313496 1.369567 0.415612
v -0.208134 1.338471 0.395231
v -0.298655 1.356728 0.364213
v -0.217485 1.320137 0.398392
v -0.291912 1.374069 0.361513
v 0.033995 1.723708 0.562279
v 0.032965 1.718283 0.560076
v 0.032663 1.720501 0.559814
v 0.031504 1.717200 0.561665
v 0.029312 1.721286 0.560637
v 0.019993 1.728217 0.571485
v -0.133637 1.881482 0.250834
v -0.138451 1.923257 0.255413
v -0.211402 1.977697 0.084330
v 0.024414 1.721649 0.562935
v 0.020566 1.717603 0.584061
v -0.182958 1.997594 0.143671
v -0.198767 2.010268 0.093786
v 0.026358 1.726680 0.568162
v 0.019272 1.721526 0.565357
v -0.191290 1.939886 0.063146
v -0.217649 1.995691 0.038872
v 0.037957 1.717258 0.560675
v 0.034539 1.714967 0.563151
v -0.177334 1.933250 0.195234
v -0.187406 1.972165 0.018182
v 0.020551 1.719191 0.580697
v 0.037285 1.721165 0.560240
v 0.038180 1.718303 0.572432
v 0.018861 1.714874 0.567477
v -0.234910 1.290581 0.401652
v -0.260956 1.289700 0.451393
v -0.328139 1.340558 0.416002
v -0.217485 1.320137 0.398392
v -0.234910 1.290581 0.401652
v -0.287615 1.357642 0.463483
v -0.307840 1.385105 0.415573
v -0.217485 1.320137 0.398392
v -0.208134 1.338471 0.395231
v -0.313496 1.369567 0.415612
v -0.237580 1.331174 0.455615
v -0.298655 1.356728 0.364213
v -0.262631 1.299406 0.348501
v -0.280894 1.372527 0.463298
v -0.208134 1.338471 0.395231
v -0.296990 1.415378 0.415894
v -0.245741 1.329868 0.342216
v -0.206764 2.019004 0.045748
v -0.178141 1.947105 -0.067115
v -0.161429 1.930944 -0.078431
v 0.398852 0.922666 0.582972
v -0.173736 1.974135 -0.051938
v 0.026399 1.718778 0.581399
v 0.416358 1.027706 0.522459
v 0.035859 1.718775 0.574780
v 0.457634 0.840278 0.502740
v 0.021966 1.719429 0.585298
v -0.208134 1.338471 0.395231
v 0.043660 1.719690 0.568480
v -0.215090 1.377286 0.455288
v -0.042907 1.319611 0.328018
v -0.230099 1.346804 0.455391
v -0.307840 1.385105 0.415573
v -0.279047 1.407808 0.356189
v -0.173304 1.835565 0.076741
v -0.230099 1.346804 0.455391
v -0.291912 1.374069 0.361513
v 0.014042 1.320151 0.345448
v 0.071555 1.321568 0.327184
v 0.014042 1.320151 0.345448
v -0.217549 1.379966 0.331392
v 0.488037 0.919392 0.537198
v 0.233959 0.033048 0.641836
v -0.234910 1.290581 0.401652
v -0.235633 1.348241 0.338335
v -0.217485 1.320137 0.398392
v -0.267615 1.401313 0.463285
v -0.280894 1.372527 0.463298
v -0.235633 1.348241 0.338335
v -0.190938 1.369320 0.388964
v -0.118355 1.797006 0.124550
v -0.237580 1.331174 0.455615
v 0.454453 0.862020 0.471204
v -0.129138 1.845782 0.190524
v -0.137007 1.828774 0.162475
v -0.190938 1.369320 0.388964
v 0.029702 1.717690 0.579258
v -0.302445 1.328943 0.462917
v -0.262631 1.299406 0.348501
v -0.243441 1.275805 0.402052
v -0.334392 1.330622 0.416573
v -0.311149 1.326856 0.368739
v -0.036935 1.778453 0.180830
v -0.116501 2.018692 -0.176844
v -0.145263 1.975658 -0.101791
v -0.151347 2.016580 -0.057766
v -0.063672 1.888905 0.305627
v -0.005085 1.881547 0.320636
v -0.133957 2.095046 -0.019822
v -0.120366 2.107322 -0.067703
v -0.113907 2.078383 -0.086765
v -0.144796 2.071250 0.030618
v -0.171003 2.021468 0.082966
v -0.068645 2.124884 0.128629
v -0.133174 2.051561 -0.039332
v -0.200204 1.954730 0.136723
v -0.189319 1.902558 0.119770
v -0.149255 2.047786 0.089153
v -0.120527 2.067112 0.179719
v -0.158486 2.033121 0.025867
v -0.155119 1.866135 0.185669
v -0.111385 2.094929 0.148177
v -0.088488 2.129363 -0.051481
v -0.177565 2.008114 0.026775
v -0.216607 2.011144 -0.048489
v -0.194040 1.900392 0.041021
v 0.038393 1.781230 0.239901
v -0.318096 1.312562 0.371371
v -0.324462 1.293914 0.465516
v -0.307756 1.318583 0.462584
v -0.275672 1.261645 0.451494
v -0.318096 1.312562 0.371371
v -0.092780 2.063049 -0.229780
v -0.129918 2.069825 -0.169486
v -0.146479 2.034122 -0.107849
v -0.082929 2.131768 -0.292131
v -0.186108 1.802068 0.135803
v -0.074096 1.815896 -0.042259
v -0.328139 1.340558 0.416002
v -0.307756 1.318583 0.462584
v -0.153896 1.807816 0.200481
v -0.017602 1.794456 0.237050
v -0.101317 1.822933 0.230903
v -0.029392 1.827276 0.290159
v 0.014355 1.869939 0.319225
v -0.176010 1.896586 -0.029562
v -0.190707 1.872251 -0.043487
v -0.055778 1.863477 0.301779
v -0.173999 1.879602 -0.118417
v -0.116213 1.825740 0.240926
v -0.193652 1.920255 -0.007354
v -0.073622 1.781589 0.227349
v -0.180578 1.885766 0.029472
v -0.192273 1.850213 0.008917
v 0.072659 1.766093 0.134119
v -0.169128 1.872980 0.095175
v -0.136716 1.858414 0.253210
v -0.109380 1.810663 0.180571
v -0.155192 1.824052 -0.020592
v -0.087832 1.769364 0.180048
v -0.164254 1.850769 -0.059089
v -0.174921 1.982250 -0.142941
v -0.037418 1.785828 -0.048140
v -0.102041 1.755924 0.132746
v -0.072477 1.777054 0.110839
v -0.035631 1.817932 -0.140884
v 0.004491 1.825521 0.285431
v -0.166828 1.843611 0.199620
v -0.078631 1.791061 0.033282
v -0.132380 1.800617 0.045265
v -0.107497 1.741104 0.069736
v -0.131200 1.864664 -0.059023
v -0.112226 1.827302 -0.028252
v 0.020780 1.740403 0.119342
v 0.035237 2.151722 -0.211907
v 0.151883 0.419652 0.377587
v 0.050311 0.742276 0.630350
v -0.270692 1.283484 0.351834
v -0.354031 1.305288 0.420093
v -0.335752 1.283464 0.372753
v -0.307756 1.318583 0.462584
v 0.105145 1.823246 -0.064363
v 0.105214 1.851811 -0.131372
v 0.084579 1.793632 0.010632
v 0.132161 1.891971 -0.105416
v 0.003243 2.131479 -0.318607
v 0.020882 2.141625 -0.399202
v 0.147342 0.420927 0.426717
v -0.131866 1.916929 -0.123636
v -0.286882 1.252429 0.356115
v -0.075344 1.991473 -0.287287
v -0.064576 2.027345 -0.362930
v -0.259135 1.244651 0.403238
v -0.118072 1.990899 -0.234119
v 0.008122 2.149691 -0.137199
v -0.130922 1.960306 -0.182746
v 0.230271 1.886422 0.165082
v 0.012493 1.828001 -0.069294
v 0.033003 1.791154 0.010613
v 0.097582 2.155241 -0.043674
v 0.135793 2.162216 -0.033327
v 0.145906 1.849394 -0.034163
v -0.334392 1.330622 0.416573
v -0.243441 1.275805 0.402052
v -0.037053 2.112127 -0.333845
v 0.059445 2.179028 -0.126233
v 0.007498 1.897333 -0.184233
v -0.099677 2.011876 -0.285023
v 0.053721 2.170956 -0.051227
v 0.096413 2.159984 -0.124465
v 0.047971 1.819949 -0.078717
v 0.074230 2.165687 -0.204889
v 0.150660 1.802533 0.098041
v 0.126386 1.729857 0.046735
v 0.057634 2.180950 -0.206351
v -0.044252 1.948212 -0.224288
v -0.041426 1.917732 -0.187834
v -0.145263 1.975658 -0.101791
v -0.116501 2.018692 -0.176844
v -0.084324 1.911470 -0.200649
v -0.085068 1.953614 -0.247484
v 0.128278 1.807799 0.030500
v 0.036464 2.200000 -0.270670
v 0.032720 1.881350 0.321001
v -0.018184 2.117429 -0.407725
v -0.055779 2.121242 -0.201116
v 0.054529 2.158879 0.021278
v 0.099564 2.147717 0.025579
v 0.161949 2.147693 -0.082442
v 0.129902 2.151305 0.028907
v 0.201594 1.954215 -0.058917
v 0.221895 1.888530 -0.054255
v 0.208950 1.940510 0.008706
v 0.198582 1.859804 -0.063150
v 0.235072 2.035868 -0.069487
v 0.192326 1.919231 -0.145474
v 0.226642 1.808919 -0.001811
v 0.187971 1.995921 -0.067029
v 0.170153 2.005962 -0.121038
v 0.204556 1.912964 -0.003009
v 0.182673 2.038423 -0.120826
v 0.173864 2.062989 -0.116171
v 0.154398 2.126908 -0.088819
v 0.162640 2.102800 -0.039956
v 0.194705 2.021719 -0.066450
v 0.117215 1.759157 0.147972
v 0.127731 1.791263 0.147876
v 0.137340 1.852056 0.270274
v 0.222086 1.825048 0.097049
v 0.222744 1.885542 0.113724
v 0.122875 1.804553 0.208288
v 0.105138 1.911710 -0.183233
v 0.144229 2.069254 -0.114780
v 0.094094 1.983305 -0.293714
v 0.173746 2.081730 -0.188277
v 0.005584 1.982235 -0.278733
v -0.035886 2.062729 -0.341979
v 0.184889 1.808213 0.083922
v 0.100251 1.821410 0.250715
v 0.160489 1.793140 0.143749
v 0.086219 1.882394 -0.202834
v 0.005417 2.142859 -0.056747
v -0.006714 2.146806 -0.206093
v 0.177469 1.832466 0.223519
v 0.212649 1.875115 0.156769
v 0.212841 1.998805 0.151881
v 0.214394 1.870647 0.103369
v -0.076305 2.109897 0.161538
v -0.102554 2.141599 -0.124575
v 0.075283 1.786529 0.246274
v 0.011123 1.753235 0.182554
v 0.094354 1.769432 0.203809
v -0.051991 2.003830 -0.268241
v 0.002337 2.041339 -0.339179
v 0.206477 1.823107 0.160571
v 0.220229 1.986525 -0.000461
v 0.215155 1.964812 0.032917
v 0.200997 2.038062 0.110927
v 0.244951 1.992905 0.015256
v -0.049055 2.119810 -0.068988
v -0.093762 2.111487 -0.150628
v 0.006982 1.783694 0.239532
v -0.091269 2.132629 -0.213840
v -0.057138 2.120383 -0.140488
v 0.052666 1.839773 0.292190
v 0.024448 1.738351 0.065978
v 0.020780 1.740403 0.119342
v 0.195406 2.048079 0.050450
v 0.211955 1.943556 0.071955
v 0.232360 2.025847 0.018958
v 0.241356 1.975886 0.059152
v 0.116462 2.021348 -0.282757
v 0.227313 2.016140 0.065805
v 0.103386 2.058924 -0.183559
v 0.087555 2.103630 -0.191073
v 0.144229 2.069254 -0.114780
v 0.063215 2.101584 -0.244183
v 0.113971 2.100773 -0.124934
v 0.139727 1.976634 -0.201348
v 0.200525 2.041069 0.014583
v -0.136399 2.073023 0.127024
v -0.127649 2.078804 0.095733
v 0.183979 2.062852 -0.063337
v 0.164106 2.071012 -0.040443
v 0.055107 2.140669 -0.218609
v 0.134466 2.019125 -0.196808
v 0.194847 2.054403 -0.015858
v 0.157384 2.148215 -0.128789
v 0.078757 2.133037 -0.187729
v 0.219690 2.006586 0.118284
v -0.090151 2.118830 0.175506
v -0.090771 2.124078 0.006576
v -0.158870 2.046620 0.104121
v -0.107912 2.111427 0.115192
v -0.061184 2.129415 0.012873
v -0.141736 2.069387 0.108677
v -0.093685 2.127734 0.057498
v -0.066849 2.132204 0.066642
v -0.045754 2.129512 0.068318
v -0.172786 2.096362 0.073115
v -0.176961 2.077125 0.123305
v -0.109897 2.099379 0.047119
v -0.077291 2.157081 -0.017210
v -0.071416 2.121158 0.179579
v 0.011123 1.753235 0.182554
v -0.109461 2.108713 -0.228812
v 0.055543 1.767853 0.194634
v 0.006982 1.783694 0.239532
v -0.010314 1.775735 0.040054
v 0.299105 0.042446 0.415343
v 0.248405 0.026292 0.417887
v 0.295127 0.042168 0.379108
v 0.279473 0.065363 0.353337
v 0.281261 0.043162 0.629083
v 0.281261 0.043162 0.629083
v 0.263697 0.058504 0.619816
v 0.276731 0.057295 0.618336
v 0.274918 0.030629 0.637247
v 0.259106 0.047657 0.618035
v 0.235191 0.063022 0.354716
v 0.276624 0.042248 0.612421
v 0.281479 0.049184 0.615911
v 0.284046 0.055903 0.615405
v 0.258846 0.041061 0.628266
v 0.259106 0.047657 0.618035
v 0.309279 0.039002 0.622765
v 0.301285 0.035199 0.625890
v 0.253571 0.064931 0.344774
v 0.239619 0.037282 0.358763
v 0.264928 0.040879 0.612827
v 0.306926 0.034464 0.625414
v 0.235025 0.087857 0.359146
v 0.222754 0.099530 0.385133
v 0.276608 0.089839 0.358324
v 0.294668 0.068654 0.381242
v 0.303163 0.072204 0.409487
v 0.009071 1.714898 0.567421
v 0.297995 0.041059 0.624582
v 0.281479 0.049184 0.615911
v 0.275345 0.044737 0.640509
v 0.265777 0.045052 0.640045
v 0.265156 0.031492 0.637101
v 0.274918 0.030629 0.637247
v 0.326024 0.041812 0.599968
v 0.291862 0.032089 0.625853
v 0.283912 0.038043 0.620817
v 0.313432 0.057319 0.593234
v 0.277313 0.049113 0.633261
v 0.262771 0.037874 0.640621
v 0.277402 0.037305 0.640907
v 0.214990 0.048991 0.570562
v 0.220657 0.052246 0.599835
v 0.284372 0.037034 0.630972
v 0.311526 0.048613 0.607778
v 0.293084 0.035520 0.631164
v 0.314057 0.042543 0.610139
v 0.258846 0.041061 0.628266
v 0.277402 0.037305 0.640907
v 0.274752 0.029638 0.630156
v 0.274215 0.125621 0.367051
v 0.254470 0.094395 0.349556
v 0.261852 0.042236 0.609019
v 0.253810 0.131901 0.360501
v 0.257673 0.049602 0.615424
v 0.254784 0.043033 0.608958
v 0.256373 0.049028 0.616310
v 0.249590 0.039979 0.599946
v 0.292838 0.029042 0.555841
v 0.319619 0.032478 0.607426
v 0.310362 0.033435 0.610049
v 0.235578 0.123440 0.366219
v 0.068174 1.130854 0.587617
v 0.072547 1.155292 0.332306
v 0.008777 1.159284 0.329396
v 0.131112 1.088355 0.362747
v 0.293855 0.034651 0.589753
v 0.317826 0.030822 0.584737
v 0.267884 0.035065 0.593047
v 0.229088 0.421483 0.337098
v 0.306926 0.034464 0.625414
v 0.308469 0.031193 0.615713
v 0.308469 0.031193 0.615713
v 0.321198 0.030226 0.555987
v 0.328165 0.045610 0.584166
v 0.330741 0.050442 0.555185
v 0.258440 0.028773 0.559800
v 0.319619 0.032478 0.607426
v 0.256021 0.037251 0.349718
v 0.291819 0.100025 0.387280
v 0.310362 0.033435 0.610049
v 0.281665 0.028701 0.418320
v 0.307489 0.031195 0.621231
v 0.292903 0.081833 0.578815
v 0.068049 1.215940 0.356630
v 0.007926 1.108186 0.318746
v 0.009755 1.214657 0.346913
v 0.075644 1.105594 0.320796
v 0.014042 1.218038 0.364043
v 0.133712 1.206237 0.372591
v 0.125191 1.211535 0.381611
v 0.008777 1.159284 0.329396
v 0.129659 1.136838 0.570565
v -0.045582 1.158750 0.334076
v 0.159928 1.142789 0.530603
v -0.103557 1.155776 0.364077
v -0.134220 1.155272 0.410544
v 0.138874 1.106346 0.354650
v 0.072461 1.209387 0.344405
v 0.073175 1.089649 0.326705
v 0.301285 0.035199 0.625890
v 0.301135 0.038653 0.607854
v 0.307489 0.031195 0.621231
v 0.297995 0.041059 0.624582
v 0.316715 0.071194 0.566263
v 0.282079 0.041394 0.626153
v 0.284144 0.043431 0.611386
v 0.310862 0.034760 0.618273
v 0.299893 0.033243 0.615666
v -0.038843 1.130669 0.587083
v 0.015399 1.129464 0.590798
v 0.223254 0.061928 0.373698
v -0.001895 1.717951 0.571021
v 0.262771 0.037874 0.640621
v 0.264374 0.031204 0.630367
v 0.265156 0.031492 0.637101
v 0.284363 0.033655 0.626073
v 0.319481 0.040267 0.607214
v 0.281479 0.049184 0.615911
v 0.294104 0.046024 0.628652
v 0.292697 0.042486 0.632332
v 0.045740 1.750128 -0.052453
v 0.075066 1.767835 0.083287
v 0.024448 1.738351 0.065978
v 0.242381 0.033606 0.517786
v 0.250368 0.031889 0.474760
v 0.295099 0.028056 0.511931
v 0.287577 0.028713 0.474619
v 0.314394 0.032938 0.473521
v 0.322464 0.031000 0.510776
v 0.226908 0.048747 0.484193
v 0.214526 0.048760 0.535243
v 0.466309 0.917460 0.483698
v 0.469213 0.844031 0.487712
v 0.469751 0.890947 0.487759
v 0.474618 0.841812 0.495772
v 0.466300 0.899636 0.474078
v 0.464552 0.834681 0.503305
v 0.462938 0.882493 0.472644
v 0.462377 0.884404 0.459825
v 0.433389 0.955874 0.508811
v 0.430106 1.019841 0.453255
v 0.483977 0.918397 0.481927
v 0.456089 0.871191 0.472037
v 0.464881 0.901215 0.459541
v 0.462742 0.919844 0.459812
v 0.458574 0.831148 0.497179
v 0.457245 0.840380 0.490703
v 0.457327 0.855954 0.464045
v 0.461723 0.858977 0.469757
v 0.466462 0.866891 0.472224
v 0.461723 0.858977 0.469757
v 0.471041 0.845465 0.504418
v 0.483504 0.892383 0.483815
v 0.456550 0.872572 0.458913
v 0.466462 0.866891 0.472224
v 0.459946 0.858009 0.459671
v 0.465054 0.857373 0.463265
v 0.467007 0.831797 0.496449
v 0.457634 0.840278 0.502740
v 0.462928 0.916890 0.476659
v 0.480899 0.918386 0.476904
v 0.463354 0.835064 0.490041
v 0.454453 0.862020 0.471204
v 0.470489 0.866337 0.463509
v 0.464049 0.869062 0.455739
v 0.463354 0.835064 0.490041
v 0.457245 0.840380 0.490703
v 0.434962 0.980888 0.456988
v 0.452764 0.861516 0.460888
v 0.471041 0.845465 0.504418
v 0.443897 0.952300 0.459863
v 0.452711 0.936513 0.460923
v 0.447823 0.935624 0.482493
v 0.433855 0.954269 0.482570
v 0.409213 0.989059 0.525484
v 0.418478 1.021029 0.476168
v 0.413190 1.022927 0.500666
v 0.446738 0.936743 0.509220
v 0.416136 0.984627 0.506763
v 0.080482 2.153030 0.106767
v 0.098183 2.107572 0.215204
v 0.123226 2.122365 0.116636
v 0.207123 2.060999 0.178130
v 0.161859 2.026943 0.255608
v 0.110846 2.147423 0.126324
v 0.106776 2.063161 0.253648
v 0.039767 2.089161 0.247741
v 0.171873 2.081038 0.165065
v 0.142854 2.071569 0.208820
v 0.032605 2.045155 0.294675
v 0.087572 1.885157 0.310473
v 0.147350 1.884593 0.276709
v 0.132417 1.967921 0.289004
v 0.170367 1.982412 0.237523
v 0.098023 2.147821 0.083000
v 0.194267 1.840426 -0.022258
v 0.046487 2.145797 0.090179
v 0.031794 1.906965 0.329130
v 0.018271 2.135470 -0.466703
v 0.208000 1.899206 0.106155
v 0.014355 1.869939 0.319225
v 0.232019 1.956901 0.100426
v 0.192142 1.879303 0.222905
v 0.211305 1.935861 0.234221
v 0.263235 1.937858 0.114225
v 0.217666 1.972039 0.151759
v 0.291831 1.957207 0.050972
v -0.017668 1.769970 0.108127
v -0.076789 2.087393 -0.249302
v -0.080550 2.029549 -0.261723
v -0.051544 2.108974 -0.263481
v -0.074097 2.061739 -0.272687
v -0.035886 2.062729 -0.341979
v -0.006861 2.139033 -0.262041
v 0.034131 2.137302 -0.258668
v 0.225167 1.875439 -0.003410
v -0.080857 2.121447 -0.085193
v 0.064116 2.139041 0.162501
v 0.112186 2.128238 0.164999
v 0.050405 2.117942 0.207330
v 0.025449 1.979976 0.326422
v 0.043567 1.784803 0.566423
v 0.060448 1.826469 0.566950
v 0.039787 1.778533 0.566223
v 0.020476 1.713813 0.585575
v 0.026199 1.860747 0.569568
v 0.047191 1.681825 0.542371
v 0.028975 1.706712 0.578984
v -0.324462 1.293914 0.465516
v -0.260956 1.289700 0.451393
v 0.289943 0.446593 0.371173
v 0.245566 1.936494 0.176012
v -0.152432 1.984109 -0.053742
v 0.074445 2.025234 0.300489
v -0.046998 1.960932 0.322446
v -0.003284 1.906443 0.326359
v 0.057695 1.968900 0.327330
v 0.030331 1.826535 0.290615
v 0.194621 1.990308 0.202937
v 0.004491 1.825521 0.285431
v 0.025671 1.775963 0.576805
v 0.019106 1.801936 0.583583
v 0.061092 1.816436 0.569102
v 0.152659 1.930736 0.283891
v 0.085188 1.921779 0.320660
v 0.075806 2.074528 0.255943
v 0.116723 2.178926 0.052985
v 0.181483 1.817643 0.038330
v 0.135223 2.097221 0.152064
v 0.126796 2.081346 0.209211
v 0.045754 2.109825 -0.314640
v 0.216697 1.867889 0.057052
v 0.051872 1.884346 -0.198296
v 0.044288 2.120850 -0.471830
v 0.216891 1.927159 0.105212
v 0.205737 1.982925 -0.019905
v -0.029985 1.878937 -0.128650
v 0.171776 1.959275 -0.120376
v 0.000258 2.146799 0.014106
v 0.206542 1.902041 0.054308
v 0.014118 1.867940 -0.128026
v 0.051865 1.846088 -0.136314
v 0.003522 2.101617 -0.544275
v 0.007498 1.897333 -0.184233
v 0.014356 1.912993 0.329292
v 0.003068 2.107297 0.248519
v -0.066310 2.111223 0.180004
v -0.052256 2.127330 0.131464
v -0.061519 2.115827 0.246520
v 0.190262 2.041565 0.217269
v -0.074643 2.122289 -0.040965
v 0.191117 1.920975 -0.061638
v -0.074097 2.061739 -0.272687
v -0.092780 2.063049 -0.229780
v 0.205484 1.923719 0.055043
v 0.014118 1.867940 -0.128026
v -0.076001 1.830192 -0.087246
v -0.044806 1.769028 0.025609
v 0.103386 2.058924 -0.183559
v 0.072753 2.051746 -0.250174
v 0.204253 2.001986 -0.019031
v 0.077017 2.055199 -0.379520
v 0.049215 2.112806 -0.402554
v 0.163593 1.872613 -0.064699
v -0.082025 1.869430 -0.141852
v 0.170524 2.145619 -0.034786
v -0.101480 2.024711 -0.216438
v -0.152432 1.984109 -0.053742
v 0.170390 0.417028 0.369640
v 0.277570 0.438782 0.364226
v 0.260487 0.429471 0.340961
v 0.165645 2.135247 0.029261
v 0.191318 2.092997 0.025225
v 0.257124 1.902378 0.109479
v 0.292600 0.443919 0.417667
v 0.111859 2.001659 0.296461
v -0.088208 2.086233 0.207268
v -0.019535 2.142839 0.086149
v -0.082879 2.016219 0.275653
v -0.089269 2.103479 0.232562
v -0.114452 1.990480 0.275762
v 0.055082 2.058972 -0.324247
v 0.142943 2.161629 -0.080693
v 0.072753 2.051746 -0.250174
v 0.129652 2.123561 -0.072700
v -0.001277 2.115353 -0.468975
v -0.073518 2.029231 0.296690
v -0.093093 2.132785 0.189582
v 0.130481 2.140747 -0.077219
v 0.158779 2.113874 0.099114
v 0.077569 2.143999 0.105679
v 0.104613 2.123033 -0.124515
v 0.122771 2.129128 0.091117
v 0.117732 2.140702 -0.037505
v -0.155376 2.085920 0.126077
v -0.165129 2.010615 0.150582
v -0.065433 2.134506 0.188783
v -0.101015 2.153792 0.156996
v -0.109117 2.056542 0.223555
v -0.077120 2.140264 0.198582
v -0.165684 1.983384 0.202728
v -0.161021 2.048486 0.187068
v -0.131290 2.069792 0.180551
v -0.042114 2.046660 0.301739
v -0.022427 2.193352 0.019066
v -0.059631 2.115747 0.168472
v -0.147404 2.026130 0.228320
v -0.132088 1.959104 0.260004
v -0.010059 1.981858 0.326611
v -0.022700 2.172212 0.088651
v 0.007094 2.136201 0.207710
v 0.003995 2.184172 0.090310
v 0.187330 2.065086 0.113772
v -0.029321 2.155996 0.146213
v 0.279954 0.037275 0.354259
v 0.242688 0.029654 0.378108
v 0.229006 0.033192 0.566092
v 0.228987 0.040353 0.601386
v 0.250961 0.039084 0.613393
v 0.255758 0.047576 0.617259
v 0.214990 0.048991 0.570562
v 0.281113 0.068430 0.603044
v 0.271318 0.086519 0.584066
v 0.249573 0.047342 0.644808
v 0.255758 0.047576 0.617259
v 0.229553 0.035484 0.614884
v 0.257504 0.042615 0.632283
v 0.230260 0.029350 0.628084
v 0.227755 0.038524 0.384565
v 0.224299 0.039075 0.415885
v 0.263174 0.050393 0.633736
v 0.275989 0.030259 0.379493
v 0.220176 0.072896 0.405340
v 0.001249 1.716367 0.565085
v 0.007525 1.718874 0.580685
v -0.003512 1.716350 0.561584
v 0.225645 0.046564 0.617573
v 0.241747 0.047378 0.649146
v 0.220657 0.052246 0.599835
v 0.252909 0.031988 0.625256
v 0.252721 0.039882 0.643645
v 0.224299 0.039075 0.415885
v 0.224299 0.039075 0.415885
v 0.250423 0.033307 0.638598
v 0.250423 0.033307 0.638598
v 0.257504 0.042615 0.632283
v 0.281340 0.027872 0.423351
v 0.214526 0.048760 0.535243
v 0.253810 0.131901 0.360501
v 0.299105 0.042446 0.415343
v 0.233959 0.033048 0.641836
v 0.242696 0.038913 0.649314
v 0.225645 0.046564 0.617573
v -0.005886 1.714956 0.563652
v -0.009974 1.717131 0.560672
v 0.007992 1.728208 0.571485
v 0.013993 1.728078 0.572645
v 0.008742 1.721509 0.565376
v 0.001626 1.726672 0.568151
v 0.013993 1.720899 0.565018
v -0.009299 1.721153 0.560221
v 0.003588 1.721630 0.562959
v -0.006004 1.723683 0.562233
v -0.004673 1.720422 0.559728
v 0.026752 1.716529 0.565189
v 0.013993 1.714199 0.569179
v 0.014042 1.718076 0.586517
v -0.010089 1.718292 0.572434
v -0.015583 1.719527 0.568516
v -0.007770 1.718769 0.574782
v 0.014027 1.719229 0.581958
v 0.006117 1.719429 0.585298
v 0.001685 1.718778 0.581399
v 0.303163 0.072204 0.409487
v 0.007517 1.717603 0.584061
v 0.014042 1.717202 0.585720
v -0.001619 1.717709 0.579258
v -0.004983 1.717923 0.560044
v -0.001326 1.721206 0.560499
v 0.229982 0.051101 0.634770
v 0.234358 0.046548 0.647713
v 0.291819 0.100025 0.387280
v 0.235578 0.123440 0.366219
v 0.253810 0.131901 0.360501
v 0.274215 0.125621 0.367051
v 0.226908 0.048747 0.484193
v 0.245928 0.027605 0.426183
v 0.029944 1.718019 0.571784
v 0.220176 0.072896 0.405340
v 0.225543 0.041680 0.632629
v 0.250832 0.050096 0.633656
v 0.231010 0.039302 0.645504
v 0.248405 0.026292 0.417887
v 0.222754 0.099530 0.385133
v 0.281665 0.028701 0.418320
v 0.230192 0.056855 0.620755
v 0.250246 0.058221 0.621450
v 0.041759 2.167060 0.083220
v 0.049915 2.140384 0.156625
v -0.005680 2.050025 0.297336
v -0.035241 2.095270 0.243794
v 0.224064 2.093416 0.088810
v 0.203445 2.022148 0.157073
v -0.039047 2.132186 0.199120
v 0.013502 2.161623 0.162381
v 0.221604 0.081925 0.520432
v 0.237131 0.105248 0.534162
v 0.218520 0.046070 0.420782
v 0.213345 0.074110 0.409400
v 0.233268 0.155990 0.471164
v 0.217939 0.089114 0.436237
v 0.278643 0.292495 0.346853
v 0.204900 0.350432 0.330406
v 0.277570 0.438782 0.364226
v 0.218777 0.285626 0.341612
v 0.254534 0.158336 0.359947
v 0.231292 0.203003 0.371750
v 0.286965 0.043094 0.631854
v 0.224496 0.198850 0.390608
v 0.275028 0.205389 0.368222
v 0.284697 0.204706 0.385580
v 0.196696 0.416843 0.339039
v 0.262967 0.070398 0.605368
v 0.285277 0.046739 0.628990
v 0.238913 0.353654 0.324889
v 0.257673 0.049602 0.615424
v 0.220826 0.070977 0.575564
v 0.242564 0.083428 0.581959
v 0.225255 0.063776 0.603505
v 0.248866 0.287582 0.337788
v 0.228838 0.241516 0.359275
v 0.251794 0.243317 0.352260
v 0.285934 0.358241 0.355375
v 0.253837 0.141101 0.354261
v 0.147342 0.420927 0.426717
v 0.151883 0.419652 0.377587
v 0.170390 0.417028 0.369640
v 0.211541 0.292478 0.385309
v 0.232245 0.131785 0.361475
v 0.254534 0.158336 0.359947
v 0.308310 0.161231 0.429087
v 0.297469 0.210171 0.393864
v 0.292600 0.443919 0.417667
v 0.296217 0.360104 0.362564
v 0.184399 0.350869 0.355064
v 0.286203 0.300199 0.383698
v 0.253837 0.141101 0.354261
v 0.176585 0.426618 0.496928
v 0.276575 0.133539 0.363330
v 0.296871 0.105075 0.387118
v 0.260487 0.429471 0.340961
v 0.282079 0.041394 0.626153
v 0.251794 0.243317 0.352260
v 0.274049 0.356168 0.326100
v 0.265448 0.449039 0.285912
v 0.403664 0.949515 0.568709
v -0.147076 0.426554 0.496928
v 0.279109 0.155846 0.371557
v 0.284372 0.037034 0.630972
v 0.214642 0.124377 0.413051
v 0.216492 0.103036 0.386814
v 0.215682 0.149278 0.436248
v 0.251998 0.202712 0.361672
v 0.275304 0.246282 0.362735
v 0.221558 0.245715 0.392944
v 0.251998 0.202712 0.361672
v 0.284553 0.254456 0.391186
v 0.272282 0.435148 0.485321
v 0.242021 0.330469 0.486541
v 0.294255 0.354158 0.401803
v 0.297206 0.301625 0.389508
v 0.283255 0.342295 0.456634
v 0.281339 0.274738 0.451987
v 0.205007 0.329720 0.466302
v 0.224603 0.429809 0.525121
v 0.329639 0.055611 0.517560
v 0.316267 0.091836 0.515921
v -0.168245 1.401174 0.383502
v -0.168001 1.412367 0.378679
v 0.408677 0.976644 0.539159
v 0.447116 0.937222 0.532123
v 0.451993 0.965452 0.566477
v -0.256446 1.437546 0.470813
v 0.455724 0.939867 0.556689
v -0.292051 1.451447 0.419136
v 0.309500 0.072612 0.413125
v 0.301605 0.152026 0.423357
v -0.266643 1.445648 0.348564
v 0.265156 0.116575 0.541200
v 0.259698 0.159156 0.485894
v 0.206875 0.246375 0.401874
v 0.215611 0.271443 0.453304
v 0.210544 0.199566 0.400313
v 0.286103 0.213154 0.452428
v 0.260987 0.166632 0.489292
v 0.423077 0.982988 0.479162
v -0.196217 1.414833 0.461291
v 0.172832 0.350023 0.365518
v 0.322325 0.060626 0.476047
v 0.190010 0.335127 0.420781
v 0.224073 0.210550 0.456350
v 0.228159 0.163624 0.472847
v 0.205508 0.158514 0.437555
v 0.229088 0.421483 0.337098
v 0.251986 0.070074 0.606105
v 0.292656 0.163597 0.469642
v 0.290203 0.155662 0.466596
v 0.295500 0.255993 0.396963
v 0.196565 0.289586 0.395714
v 0.253494 0.212861 0.474317
v 0.430781 0.956408 0.531960
v 0.407190 0.997649 0.542873
v 0.256373 0.049028 0.616310
v 0.229111 0.154955 0.366601
v 0.238913 0.353654 0.324889
v 0.248866 0.287582 0.337788
v 0.247295 0.271110 0.476175
v 0.289943 0.446593 0.371173
v 0.443044 0.952933 0.556543
v -0.168245 1.401174 0.383502
v 0.293872 0.111991 0.531235
v -0.197757 1.413846 0.322115
v 0.480090 0.908619 0.570876
v 0.466878 0.949454 0.561976
v 0.473214 0.880037 0.472711
v 0.477998 0.898949 0.474300
v 0.460764 0.851702 0.503139
v 0.473214 0.880037 0.472711
v 0.446689 1.022053 0.447714
v 0.464552 0.834681 0.503305
v 0.452764 0.861516 0.460888
v 0.465285 0.916034 0.533837
v 0.465435 0.916097 0.534064
v 0.467546 0.914333 0.513794
v 0.482870 0.917581 0.539583
v 0.475973 0.900748 0.457452
v 0.480899 0.918386 0.476904
v 0.477998 0.898949 0.474300
v 0.477449 0.879277 0.464257
v 0.478499 0.861702 0.485867
v 0.471867 0.881835 0.456199
v 0.473900 0.935596 0.457413
v 0.486926 0.934794 0.467448
v 0.485487 0.917344 0.510925
v 0.491223 0.917452 0.513756
v 0.169792 1.153383 0.409128
v -0.039966 1.215940 0.356630
v 0.007702 1.090598 0.321960
v -0.104720 1.094876 0.355919
v 0.007702 1.090598 0.321960
v -0.108013 1.110370 0.354170
v 0.007926 1.108186 0.318746
v 0.014042 1.218038 0.364043
v -0.099248 1.206752 0.374600
v 0.009755 1.214657 0.346913
v 0.135233 1.154754 0.361772
v 0.297222 0.062942 0.599257
v 0.252721 0.039882 0.643645
v 0.300390 0.031693 0.621722
v -0.139509 1.110878 0.406509
v -0.046809 1.094219 0.325649
v -0.145028 1.151617 0.474004
v 0.296756 0.052776 0.612689
v 0.296083 0.034921 0.620641
v 0.225543 0.041680 0.632629
v 0.231010 0.039302 0.645504
v 0.479527 0.879580 0.580409
v 0.489580 0.875752 0.573190
v 0.480090 0.908619 0.570876
v 0.489987 0.907510 0.563063
v 0.466878 0.949454 0.561976
v 0.451993 0.965452 0.566477
v 0.478396 0.855948 0.567222
v 0.487278 0.926076 0.557550
v 0.476769 0.842923 0.580792
v 0.484482 0.873853 0.562243
v 0.464331 0.850003 0.582235
v 0.483493 0.917490 0.545130
v 0.473837 0.862779 0.584753
v 0.470857 0.849386 0.586403
v 0.474454 0.935951 0.562596
v 0.473348 0.844165 0.573022
v 0.470145 0.842284 0.580106
v 0.467477 0.845572 0.573314
v 0.466629 0.917711 0.542529
v 0.474873 0.899537 0.551523
v 0.470127 0.878702 0.575164
v 0.467991 0.857396 0.567292
v 0.468943 0.903860 0.567703
v 0.483493 0.917490 0.545130
v 0.464656 0.862664 0.580192
v 0.467477 0.845572 0.573314
v 0.486974 0.903680 0.552519
v 0.478396 0.855948 0.567222
v 0.473348 0.844165 0.573022
v 0.464331 0.850003 0.582235
v 0.479527 0.879580 0.580409
v 0.473837 0.862779 0.584753
v 0.474454 0.935951 0.562596
v 0.477443 0.923071 0.566301
v 0.478551 0.861896 0.504164
v 0.467033 0.914783 0.504734
v 0.469077 0.864683 0.503055
v 0.471916 0.892142 0.501680
v 0.486535 0.916844 0.506297
v 0.490079 0.933699 0.479704
v 0.469213 0.844031 0.487712
v 0.460938 0.850895 0.488601
v 0.483251 0.956094 0.464852
v 0.495441 0.934685 0.495042
v 0.464630 0.957018 0.453666
v 0.457783 0.985334 0.450353
v 0.486705 0.956139 0.478272
v 0.486535 0.916844 0.506297
v 0.491777 0.892337 0.494557
v 0.483504 0.892383 0.483815
v 0.495612 0.922685 0.494824
v 0.484096 0.892195 0.504109
v 0.485354 0.921477 0.466896
v 0.477399 0.921185 0.458407
v 0.485112 0.860122 0.494996
v 0.482644 0.899809 0.465939
v 0.404365 0.922106 0.592279
v 0.416358 1.027706 0.522459
v 0.412722 0.921203 0.585359
v 0.428881 1.032642 0.534950
v 0.397110 0.929022 0.590329
v 0.404607 0.927314 0.596194
v 0.397110 0.929022 0.590329
v 0.414216 0.924922 0.592915
v 0.462799 0.987271 0.555570
v 0.481139 0.960985 0.550936
v 0.407190 0.997649 0.542873
v 0.424247 1.006702 0.560377
v 0.468117 0.863894 0.489024
v 0.475477 0.989727 0.462942
v 0.483977 0.918397 0.481927
v 0.478551 0.861896 0.504164
v 0.414216 0.924922 0.592915
v 0.412722 0.921203 0.585359
v 0.445426 1.003924 0.561819
v 0.486560 0.940004 0.552824
v 0.482966 0.856035 0.578274
v 0.486974 0.903680 0.552519
v 0.477443 0.923071 0.566301
v 0.463271 0.920299 0.560604
v 0.475352 0.873589 0.561789
v 0.484482 0.873853 0.562243
v 0.470857 0.849386 0.586403
v 0.484096 0.892195 0.504109
v 0.478499 0.861702 0.485867
v 0.068195 0.561672 0.548842
v 0.292600 0.443919 0.417667
v 0.080774 0.493615 0.500730
v 0.308892 0.467192 0.333783
v -0.020184 1.790238 0.553131
v 0.005087 0.622256 0.417902
v 0.033436 0.593512 0.476965
v 0.032266 0.602902 0.418469
v 0.099727 0.454537 0.401790
v 0.064821 0.492934 0.403041
v 0.046246 1.789841 0.553983
v 0.486699 0.995393 0.484051
v 0.046041 0.543391 0.413260
v 0.474425 1.025706 0.462742
v 0.462446 0.839134 0.540003
v 0.397589 0.938557 0.585863
v 0.498243 0.903957 0.526117
v 0.474786 1.003111 0.536057
v 0.479588 1.005922 0.534184
v 0.461977 1.032583 0.534280
v 0.491933 0.967094 0.532845
v 0.495316 0.963710 0.517495
v 0.109955 0.463747 0.312687
v -0.071316 0.457350 0.479083
v -0.051223 0.452611 0.417630
v 0.178418 0.447277 0.286554
v -0.138964 0.417028 0.369640
v 0.005087 0.622256 0.417902
v -0.051223 0.452611 0.417630
v -0.115906 0.420927 0.426716
v -0.015460 0.496747 0.423325
v 0.487088 1.000786 0.508791
v 0.476021 0.842955 0.523514
v 0.488037 0.919392 0.537198
v 0.489276 0.907032 0.538032
v 0.398852 0.922666 0.582972
v 0.468568 0.830998 0.527967
v 0.500699 0.908549 0.525435
v 0.488081 0.902723 0.536413
v 0.490523 0.905142 0.514775
v 0.475777 0.899855 0.533227
v 0.490496 0.889547 0.517878
v 0.498171 0.891077 0.526636
v 0.476021 0.842955 0.523514
v 0.476586 0.864999 0.522929
v 0.496776 0.934729 0.510010
v 0.495366 0.960452 0.502561
v 0.491223 0.917452 0.513756
v 0.499641 0.919779 0.524370
v 0.470940 1.025411 0.458953
v 0.482812 0.842016 0.532950
v 0.486589 0.863087 0.520363
v 0.490006 0.891884 0.536636
v 0.488221 0.965373 0.535271
v 0.491191 0.937524 0.536020
v 0.494001 0.934090 0.507242
v 0.482870 0.917581 0.539583
v 0.482832 0.991830 0.479132
v 0.471748 0.828040 0.534258
v 0.487048 0.865056 0.539273
v 0.489592 0.901456 0.515899
v 0.490006 0.891884 0.536636
v 0.078599 0.699062 0.249214
v 0.028518 1.820222 0.582468
v 0.105440 0.679889 0.249952
v 0.028871 1.839634 0.579102
v 0.485487 0.917344 0.510925
v 0.047894 1.775323 0.563749
v 0.055310 1.775473 0.560432
v 0.468029 0.832966 0.540939
v 0.032230 1.796040 0.571565
v 0.035449 1.791886 0.568097
v 0.476991 0.844519 0.541612
v 0.493537 0.862983 0.529912
v 0.072096 1.833958 0.540576
v 0.074031 1.857334 0.519794
v 0.036107 1.732581 0.574928
v 0.067033 1.863051 0.534677
v 0.488081 0.902723 0.536413
v 0.078668 1.783072 0.527103
v 0.073950 1.724233 0.504886
v -0.426629 1.032630 0.535238
v 0.081922 1.780826 0.504893
v 0.478286 0.892709 0.533665
v 0.045965 1.741226 0.566699
v 0.058839 1.840158 0.562517
v 0.077423 1.733742 0.495805
v 0.102128 0.729242 0.245904
v 0.053553 1.785254 0.564665
v 0.030178 1.787829 0.568678
v 0.034258 1.787638 0.565938
v 0.031282 1.808185 0.582648
v -0.006172 0.680294 0.262018
v 0.063668 1.780838 0.554448
v 0.033665 1.782000 0.567277
v 0.052868 1.862172 0.556180
v 0.082933 1.807201 0.508889
v 0.046125 1.723588 0.566556
v 0.078423 1.752805 0.499426
v 0.088531 1.786935 0.484562
v 0.067587 1.787894 0.549975
v 0.059518 1.788035 0.560987
v 0.051591 1.730201 0.560472
v 0.077113 1.807589 0.529263
v 0.021558 1.809693 0.585250
v -0.028843 0.655795 0.255323
v 0.026500 1.802620 0.582110
v 0.068575 1.796292 0.550710
v 0.001826 0.642170 0.295532
v 0.067877 1.802378 0.555237
v 0.062857 1.743799 0.547004
v 0.054078 1.751320 0.561535
v -0.203512 0.462350 0.281666
v -0.200548 0.421303 0.337097
v 0.024060 1.732366 0.585394
v 0.022137 1.739345 0.582850
v -0.165782 0.416836 0.346429
v 0.063041 1.763753 0.556693
v 0.005984 0.605226 0.531096
v -0.028254 0.558019 0.549351
v -0.269719 0.445983 0.417666
v -0.249789 0.437027 0.485432
v 0.073802 1.802360 0.543098
v 0.072438 1.773132 0.547482
v 0.043511 1.757443 0.568246
v 0.071859 1.813044 0.551681
v 0.219206 1.149712 0.463162
v 0.020956 1.742962 0.585405
v 0.025870 1.744272 0.580190
v 0.027716 1.726076 0.586165
v 0.062642 1.706302 0.527340
v 0.046076 1.766119 0.565487
v 0.028150 1.754573 0.577527
v 0.071336 1.713317 0.495854
v 0.063312 1.724380 0.535374
v 0.075579 1.726966 0.488759
v 0.028715 1.748158 0.577678
v 0.022796 1.752756 0.593255
v 0.018306 1.752244 0.601446
v 0.046041 0.543391 0.413260
v 0.057196 0.530695 0.496677
v 0.196696 0.416843 0.339039
v 0.078548 0.511654 0.322508
v 0.147342 0.420927 0.426717
v 0.176585 0.426618 0.496928
v 0.064821 0.492934 0.403041
v 0.099727 0.454537 0.401790
v 0.033846 1.761830 0.573249
v 0.039161 1.749374 0.570764
v 0.043660 1.719690 0.568480
v -0.253049 0.437914 0.364226
v -0.279088 0.478701 0.304444
v -0.265886 0.446073 0.371172
v 0.004649 0.632093 0.356061
v 0.035859 1.718775 0.574780
v 0.098422 0.510032 0.563037
v 0.224603 0.429809 0.525121
v 0.242414 0.442860 0.565618
v -0.296803 0.486110 0.359658
v -0.014937 0.571178 0.424727
v -0.198654 0.429297 0.525514
v -0.234563 0.428905 0.348351
v -0.265886 0.446073 0.371172
v -0.329116 0.534365 0.344799
v -0.019291 0.574935 0.342721
v -0.135792 0.451845 0.534146
v -0.140364 0.464109 0.566698
v -0.055805 0.499973 0.504591
v -0.296803 0.486110 0.359658
v -0.023308 0.500405 0.330954
v 0.057413 1.693261 0.522328
v 0.079341 1.742331 0.486016
v -0.014937 0.571178 0.424727
v -0.114024 0.447840 0.297906
v -0.064057 0.445501 0.342471
v 0.272282 0.435148 0.485321
v 0.478819 1.029669 0.500882
v 0.498909 0.936794 0.522960
v 0.455929 1.032630 0.535238
v 0.492018 0.958581 0.497445
v 0.059647 1.804456 0.565109
v 0.063304 1.796718 0.558990
v -0.120470 0.419652 0.377587
v -0.115906 0.420927 0.426716
v 0.162154 0.458192 0.550954
v 0.035143 0.597795 0.530601
v 0.116441 0.449774 0.497529
v 0.021966 1.719429 0.585298
v 0.031213 1.742311 0.574541
v 0.020157 1.726934 0.590961
v 0.074907 1.786807 0.541217
v 0.049942 1.795827 0.568531
v 0.050647 1.804130 0.570269
v 0.058949 1.796311 0.564462
v 0.024890 1.759131 0.584066
v 0.038230 1.770677 0.567571
v -0.015460 0.496747 0.423325
v 0.417892 0.932759 0.590633
v 0.402243 0.957743 0.579401
v 0.398173 0.931239 0.571870
v 0.462413 0.837993 0.527978
v 0.462413 0.837993 0.527978
v 0.464969 0.828409 0.535240
v 0.486589 0.863087 0.520363
v 0.472489 0.902296 0.534667
v 0.462446 0.839134 0.540003
v 0.032266 0.602902 0.418469
v 0.229088 0.421483 0.337098
v 0.029003 0.632534 0.352916
v 0.278954 0.499968 0.255272
v 0.026399 1.718778 0.581399
v -0.013168 0.640129 0.301931
v 0.020566 1.717603 0.584061
v 0.220392 1.114499 0.447573
v 0.038936 1.715893 0.572173
v 0.062414 1.792837 0.557368
v 0.204422 1.101985 0.459676
v 0.040340 1.801234 0.573264
v 0.040964 1.794219 0.569841
v 0.027453 1.748067 0.586063
v 0.018216 1.744916 0.597142
v 0.023254 1.747473 0.592401
v 0.024613 1.798072 0.578330
v 0.023266 1.786842 0.576360
v 0.036596 1.722403 0.576391
v 0.077940 1.831652 0.523763
v 0.042843 1.721407 0.570473
v -0.064943 0.507613 0.558904
v 0.022697 1.757993 0.590471
v 0.019726 1.763151 0.594400
v -0.289326 0.541171 0.278442
v -0.338337 0.563175 0.526362
v -0.203565 0.440919 0.555559
v 0.006240 0.617099 0.467878
v -0.318032 0.494536 0.453389
v -0.022886 0.564449 0.491670
v 0.406378 0.976449 0.565762
v 0.408046 0.938190 0.591972
v 0.419802 0.928193 0.574699
v 0.425191 0.950987 0.584734
v 0.413389 0.960064 0.588729
v 0.409276 0.969262 0.552135
v -0.351758 0.536258 0.412930
v -0.269494 0.462980 0.513985
v -0.363975 0.616122 0.369228
v 0.055218 0.570543 0.316935
v 0.070261 0.634493 0.255054
v 0.078635 0.539400 0.252992
v 0.025240 1.765288 0.582628
v 0.046095 1.840750 0.573852
v 0.026658 1.753427 0.585854
v 0.044262 1.825500 0.578447
v 0.047530 1.713804 0.564590
v 0.018349 1.787494 0.584397
v 0.040803 1.697558 0.569181
v 0.027283 1.699658 0.577735
v 0.039411 1.713045 0.572829
v 0.018845 1.709631 0.584147
v 0.042946 1.714671 0.568656
v 0.052922 1.694990 0.549941
v 0.430922 0.956447 0.558780
v 0.438212 0.967937 0.574839
v 0.020408 1.773884 0.589234
v 0.082358 1.755499 0.483523
v 0.041906 1.705976 0.570029
v 0.419205 0.980973 0.575363
v 0.406378 0.976449 0.565762
v -0.329116 0.534365 0.344799
v 0.052707 1.710034 0.557139
v 0.030292 1.710014 0.579700
v 0.438212 0.967937 0.574839
v 0.046083 1.812903 0.578594
v -0.417389 1.022053 0.447714
v 0.073707 1.739846 0.512193
v -0.400806 1.019841 0.453255
v 0.084495 1.772767 0.485643
v -0.441640 1.025411 0.458953
v 0.079501 1.763413 0.501338
v 0.073481 1.821085 0.545645
v 0.023857 1.676105 0.577494
v 0.025907 1.690460 0.579935
v 0.038180 1.718303 0.572432
v 0.030048 1.713948 0.580527
v 0.029702 1.717690 0.579258
v 0.421945 0.942446 0.572078
v 0.489592 0.901456 0.515899
v 0.425191 0.950987 0.584734
v 0.468568 0.830998 0.527967
v 0.490496 0.889547 0.517878
v 0.476503 0.898945 0.518846
v 0.468029 0.832966 0.540939
v 0.468811 0.850080 0.539783
v 0.473057 0.901258 0.516389
v 0.478875 0.891047 0.519884
v 0.490523 0.905142 0.514775
v 0.478389 0.867160 0.538051
v 0.467748 0.848221 0.525098
v 0.476991 0.844519 0.541612
v 0.487048 0.865056 0.539273
v 0.489276 0.907032 0.538032
v -0.383890 1.022927 0.500666
v 0.417892 0.932759 0.590633
v 0.402243 0.957743 0.579401
v 0.397589 0.938557 0.585863
v 0.009033 1.931116 -0.233372
v -0.060970 1.924529 0.310724
v 0.164105 0.849777 0.267003
v 0.194751 1.036232 0.466361
v 0.400877 0.570777 0.427880
v 0.321599 0.786808 0.442191
v -0.246079 0.835964 0.519360
v 0.285562 0.810895 0.363990
v 0.337871 0.725773 0.348343
v 0.258242 0.877578 0.376643
v 0.321599 0.786808 0.442191
v 0.395732 0.697215 0.430566
v 0.336539 0.501942 0.575552
v 0.275762 0.867705 0.451236
v 0.275762 0.867705 0.451236
v 0.395732 0.697215 0.430566
v 0.361683 0.619738 0.323196
v 0.014018 1.066972 0.584516
v 0.067671 1.068556 0.579511
v -0.219693 0.907149 0.418098
v -0.142978 1.091024 0.469039
v -0.046809 1.094219 0.325649
v 0.189896 1.026826 0.534365
v 0.102315 0.653283 0.240866
v 0.186046 0.976943 0.558203
v 0.355977 0.601819 0.587531
v 0.234036 0.946798 0.386914
v 0.167447 0.764888 0.268714
v 0.152573 0.968761 0.296073
v 0.157364 0.910190 0.287091
v 0.149707 1.036971 0.331820
v 0.181475 0.648112 0.224129
v 0.186743 0.569156 0.191875
v 0.220673 0.865876 0.322089
v 0.235128 0.795338 0.305369
v 0.176642 0.710455 0.249939
v 0.336007 0.475266 0.418262
v 0.400877 0.570777 0.427880
v 0.336007 0.475266 0.418262
v 0.360134 0.535321 0.316577
v 0.188990 0.988959 0.336943
v 0.286445 0.629460 0.254903
v 0.294984 0.547915 0.235499
v 0.254418 0.734474 0.289478
v 0.206670 0.932244 0.329913
v 0.148586 1.428724 0.298496
v 0.125218 1.587021 0.330103
v 0.014042 1.363174 0.333643
v 0.147815 1.260488 0.475083
v 0.096640 1.804140 0.473302
v 0.095497 1.799165 0.454664
v 0.164948 1.325164 0.363143
v 0.093565 1.784797 0.447171
v 0.067289 1.548663 0.303224
v 0.014042 1.547614 0.311803
v 0.148195 1.265079 0.407855
v 0.143737 1.206650 0.421459
v 0.150995 1.203426 0.472107
v 0.163014 1.318015 0.428021
v 0.203947 1.448390 0.311677
v 0.073051 1.423618 0.298807
v 0.014042 1.267781 0.361538
v 0.086757 1.767387 0.451381
v 0.101520 1.767956 0.454741
v 0.082443 1.752386 0.462810
v 0.140386 1.323359 0.337154
v 0.094596 1.754147 0.467215
v 0.014042 1.218038 0.364043
v 0.210380 1.465823 0.502725
v 0.114236 0.512606 0.241647
v 0.091931 0.787212 0.256645
v 0.174342 0.489618 0.233327
v -0.211522 0.886120 0.340981
v 0.023964 0.803941 0.259582
v -0.275809 0.719906 0.316845
v -0.300958 0.630237 0.273285
v -0.184289 0.705156 0.240312
v 0.024325 0.847925 0.263182
v -0.197937 0.624388 0.192847
v -0.074638 0.777385 0.247921
v 0.022498 0.750834 0.260619
v -0.059314 0.608345 0.239398
v 0.014411 0.692820 0.265444
v -0.064813 0.645043 0.231467
v -0.007855 0.751200 0.249699
v 0.059569 0.732363 0.256165
v -0.167386 0.791317 0.275761
v -0.280006 0.512418 0.570358
v -0.214738 0.481958 0.611260
v -0.025431 0.801341 0.246728
v -0.153639 1.068498 0.485406
v -0.142978 1.091024 0.469039
v -0.134372 1.081912 0.515186
v -0.109591 0.632521 0.204300
v -0.170352 1.008124 0.526622
v 0.060296 0.674402 0.263552
v 0.040044 0.693502 0.259816
v -0.040052 0.583181 0.284978
v -0.106274 0.533730 0.218495
v -0.203912 0.536583 0.215675
v 0.035584 0.647702 0.302027
v -0.061072 0.514748 0.270242
v 0.179730 1.089398 0.472124
v 0.160898 1.081641 0.528662
v 0.170779 1.092700 0.408319
v 0.179730 1.089398 0.472124
v 0.129109 1.072969 0.557927
v -0.225847 0.923358 0.487803
v -0.135610 1.096009 0.407177
v -0.104720 1.094876 0.355919
v 0.131112 1.088355 0.362747
v 0.073175 1.089649 0.326705
v 0.069715 0.604875 0.601971
v 0.068972 0.629794 0.616612
v 0.029061 0.659297 0.620776
v -0.072100 0.606468 0.641302
v 0.007013 0.622926 0.593704
v 0.045561 0.613816 0.589467
v 0.115519 0.555639 0.625320
v -0.035453 0.724324 0.249938
v 0.007702 1.090598 0.321960
v -0.035022 0.633797 0.633841
v -0.188884 0.978910 0.485471
v -0.170300 1.031118 0.443134
v 0.121678 0.595414 0.651461
v -0.206520 0.962420 0.424892
v 0.093031 0.846199 0.252745
v -0.270351 0.848287 0.416117
v -0.059509 0.683746 0.239568
v -0.051989 0.567116 0.579569
v -0.171198 1.021004 0.479327
v 0.014042 1.488004 0.299791
v -0.182749 0.941612 0.536181
v 0.088028 1.687052 0.404083
v -0.167324 0.902525 0.576070
v -0.141328 1.058719 0.516904
v -0.170300 1.031118 0.443134
v -0.206520 0.962420 0.424892
v -0.126886 0.632001 0.646541
v -0.276532 0.649340 0.596609
v -0.134634 0.567335 0.655280
v 0.088970 1.686258 0.434107
v 0.079532 1.688198 0.387313
v 0.087361 1.635422 0.458849
v -0.125054 1.050139 0.548402
v -0.101366 0.680734 0.222964
v -0.107130 1.040641 0.568749
v -0.219693 0.907149 0.418098
v -0.210421 0.622853 0.633975
v -0.154195 0.980620 0.564520
v -0.124783 0.957274 0.589142
v -0.305539 0.746460 0.456313
v -0.310668 0.701911 0.534121
v -0.157147 0.500205 0.608939
v -0.097357 1.077054 0.555272
v -0.373384 0.667094 0.463615
v -0.291666 0.820255 0.466658
v -0.288046 0.768733 0.407991
v -0.345250 0.693836 0.393852
v -0.114246 1.043897 0.325681
v -0.041446 1.069629 0.578497
v 0.141104 0.639766 0.641190
v 0.203844 0.934799 0.560342
v 0.264145 0.667087 0.644051
v 0.247488 0.867098 0.576065
v 0.225578 0.735621 0.623037
v 0.182486 0.510582 0.636689
v 0.199382 0.650293 0.657200
v 0.261132 0.494761 0.625055
v 0.290630 0.574770 0.644964
v 0.267108 0.792763 0.571147
v 0.214297 0.971051 0.512756
v 0.314782 0.705754 0.591153
v 0.261848 0.911910 0.519983
v 0.219000 0.989899 0.466143
v 0.391684 0.655490 0.509259
v 0.156764 0.738172 0.642423
v -0.128570 0.679442 0.646330
v -0.129143 0.724826 0.631086
v 0.117684 0.700324 0.640732
v 0.135102 1.012996 0.575605
v -0.234030 0.780000 0.573842
v 0.106357 0.791182 0.624919
v 0.070770 0.701518 0.629422
v 0.280027 0.843118 0.514347
v 0.198445 0.787634 0.627034
v 0.170855 0.702309 0.635368
v 0.148601 1.371142 0.318834
v 0.079496 1.742185 0.468630
v 0.070792 1.490639 0.294419
v 0.014042 1.422097 0.311755
v 0.152535 1.313449 0.483981
v 0.066100 1.596589 0.317565
v 0.100198 0.600046 0.214282
v -0.207323 0.681470 0.634658
v 0.160882 0.866445 0.599732
v 0.092909 0.665475 0.632079
v 0.135571 0.975222 0.593116
v 0.143604 0.925666 0.595304
v -0.131429 0.792686 0.620165
v -0.184817 0.821216 0.595540
v 0.338019 0.743397 0.516946
v 0.378694 0.533542 0.497263
v 0.311929 0.453573 0.499097
v 0.219000 0.989899 0.466143
v 0.213246 0.995915 0.398083
v 0.194751 1.036232 0.466361
v -0.303591 0.776610 0.525498
v -0.131652 0.968784 0.302348
v -0.363975 0.616122 0.369228
v -0.288046 0.768733 0.407991
v -0.345250 0.693836 0.393852
v -0.346150 0.621632 0.542690
v -0.102863 0.533201 0.595786
v 0.083290 0.947811 0.612593
v 0.016868 0.880136 0.624742
v 0.076134 1.002891 0.597654
v 0.020105 0.849553 0.626668
v -0.375663 0.593483 0.454837
v -0.056303 0.810952 0.629047
v -0.058069 0.868358 0.623498
v 0.087868 0.847037 0.621610
v -0.048661 0.741171 0.634954
v -0.234230 0.873029 0.465928
v -0.270351 0.848287 0.416117
v 0.027478 0.787764 0.631386
v 0.256157 0.937362 0.457328
v 0.184971 1.043191 0.403397
v 0.116905 0.759316 0.626806
v 0.014044 0.926502 0.621265
v 0.083040 0.893468 0.616779
v 0.014742 1.000825 0.607730
v -0.058206 0.940811 0.608680
v -0.048944 1.016637 0.596094
v -0.192329 0.733301 0.614875
v -0.213878 0.871775 0.558075
v 0.083738 0.965770 0.273624
v 0.227710 0.569075 0.665380
v 0.172412 0.581353 0.664786
v 0.124914 0.679493 0.632499
v 0.075176 1.033080 0.296097
v 0.012997 1.031487 0.289691
v 0.091283 0.895279 0.266086
v 0.020224 0.894055 0.264216
v -0.154434 1.040742 0.382416
v -0.056406 0.965887 0.267730
v -0.054210 0.892643 0.262403
v -0.049761 1.037922 0.293679
v 0.016516 0.959365 0.268685
v -0.181887 0.958475 0.355857
v -0.224029 0.550182 0.653678
v -0.136605 0.898606 0.290116
v -0.112154 0.841028 0.267484
v 0.072604 1.365678 0.312609
v -0.236747 0.802294 0.332921
v -0.103131 0.717788 0.241849
v -0.291310 0.578743 0.609973
v -0.134346 0.868663 0.606908
v 0.173832 1.146686 0.473328
v -0.098665 1.136883 0.562022
v -0.133096 1.142565 0.523286
v -0.048724 1.110205 0.324769
v -0.041232 1.212087 0.346746
v -0.097108 1.211535 0.381611
v -0.135610 1.096009 0.407177
v -0.116879 1.205762 0.426694
v -0.194933 1.423834 0.456401
v -0.251949 1.444594 0.466316
v -0.354031 1.305288 0.420093
v -0.217549 1.379966 0.331392
v 0.386800 1.288379 0.444756
v 0.412364 1.119084 0.399612
v -0.044187 0.705354 0.643234
v -0.024733 0.666026 0.636603
v 0.413190 1.022927 0.500666
v 0.361992 1.278346 0.468737
v 0.264598 1.424231 0.324238
v 0.386800 1.288379 0.444756
v 0.208426 1.430948 0.341900
v 0.331362 1.282615 0.359240
v 0.343893 1.300599 0.457250
v 0.334681 1.387393 0.381980
v 0.215704 1.408493 0.410754
v 0.203610 1.419847 0.417020
v 0.217356 1.434012 0.464833
v 0.236184 1.352064 0.403529
v 0.238855 1.358046 0.344119
v 0.322946 1.248215 0.461828
v 0.428881 1.032642 0.534950
v 0.311639 1.462197 0.425209
v 0.363232 1.309617 0.438690
v 0.288201 1.423952 0.455487
v 0.285326 1.372855 0.332593
v 0.416358 1.027706 0.522459
v 0.215704 1.408493 0.410754
v 0.413190 1.022927 0.500666
v 0.361992 1.278346 0.468737
v 0.216960 1.408170 0.348298
v 0.355524 1.242891 0.355777
v 0.386459 1.272868 0.390235
v 0.203610 1.419847 0.417020
v 0.236184 1.352064 0.403529
v 0.262717 1.306122 0.407134
v 0.388525 1.176719 0.372054
v 0.378570 1.073776 0.479596
v 0.352049 1.116805 0.458294
v 0.458103 1.037588 0.537234
v -0.259135 1.244651 0.403238
v -0.168245 1.401174 0.383502
v -0.190938 1.369320 0.388964
v -0.196217 1.414833 0.461291
v -0.335752 1.283464 0.372753
v -0.215090 1.377286 0.455288
v -0.324462 1.293914 0.465516
v 0.302668 1.220666 0.408651
v 0.322946 1.248215 0.461828
v 0.386459 1.272868 0.390235
v 0.462534 1.090418 0.500112
v 0.438574 1.089244 0.520767
v 0.371630 1.129417 0.500130
v 0.253227 1.455622 0.325477
v -0.168245 1.401174 0.383502
v -0.197757 1.413846 0.322115
v 0.320406 1.427261 0.372497
v 0.446689 1.022053 0.447714
v 0.308069 1.455676 0.371345
v 0.252265 1.450447 0.478337
v 0.320466 1.224560 0.372436
v 0.302668 1.220666 0.408651
v 0.272551 1.316251 0.357975
v 0.290308 1.265927 0.416861
v -0.286882 1.252429 0.356115
v 0.302668 1.220666 0.408651
v 0.297985 1.274621 0.374613
v 0.344891 1.350334 0.389127
v 0.309140 1.330639 0.345318
v 0.365852 1.307180 0.390537
v 0.320466 1.224560 0.372436
v 0.329544 1.383908 0.433311
v 0.320486 1.344251 0.459673
v 0.339639 1.351352 0.432921
v -0.259135 1.244651 0.403238
v 0.355524 1.242891 0.355777
v 0.313424 1.282626 0.459888
v 0.302668 1.220666 0.408651
v 0.260027 1.372228 0.463809
v 0.283099 1.327943 0.463235
v -0.190938 1.369320 0.388964
v -0.275672 1.261645 0.451494
v 0.309947 1.423869 0.431829
v 0.262717 1.306122 0.407134
v 0.204446 1.160194 0.477396
v 0.212223 1.130371 0.465368
v 0.203423 1.138106 0.476130
v 0.192699 1.131057 0.477695
v 0.470940 1.025411 0.458953
v 0.245632 1.426052 0.462182
v 0.455929 1.032630 0.535238
v 0.397540 1.025601 0.499590
v 0.430106 1.019841 0.453255
v 0.368958 1.275654 0.477197
v 0.418478 1.021029 0.476168
v 0.427642 1.197945 0.406302
v 0.397540 1.025601 0.499590
v -0.078903 0.647983 0.641873
v 0.461977 1.032583 0.534280
v 0.203610 1.419847 0.417020
v -0.172870 1.417828 0.350662
v 0.217356 1.434012 0.464833
v -0.261172 1.451895 0.352727
v -0.224807 1.476262 0.317724
v -0.264399 1.492076 0.348057
v 0.150995 1.203426 0.472107
v 0.208426 1.430948 0.341900
v -0.181451 1.433556 0.467252
v -0.277556 1.492055 0.420591
v -0.256446 1.437546 0.470813
v -0.168001 1.412367 0.378679
v -0.266643 1.445648 0.348564
v -0.279047 1.407808 0.356189
v -0.142978 1.091024 0.469039
v -0.152342 1.105526 0.471719
v -0.127313 1.204717 0.415329
v 0.280337 1.454850 0.466910
v -0.296990 1.415378 0.415894
v -0.292051 1.451447 0.419136
v -0.267615 1.401313 0.463285
v -0.285531 1.457156 0.417766
v -0.181451 1.433556 0.467252
v -0.175900 1.420227 0.433891
v 0.302163 1.385968 0.460805
v 0.344675 1.184507 0.487279
v 0.368346 1.113330 0.414644
v 0.316489 1.164270 0.434657
v 0.378570 1.073776 0.479596
v 0.295777 1.212491 0.416017
v 0.339109 1.164151 0.384627
v 0.364573 1.233785 0.346384
v 0.319054 1.211457 0.366101
v 0.295777 1.212491 0.416017
v 0.061053 1.194414 0.571333
v 0.014591 1.082304 0.592891
v 0.068950 1.083681 0.587470
v 0.014018 1.066972 0.584516
v -0.041446 1.069629 0.578497
v -0.042276 1.084880 0.588252
v 0.397514 1.268431 0.385816
v 0.401458 1.208004 0.500801
v 0.447461 1.144056 0.481458
v 0.320530 1.241368 0.471064
v 0.445721 1.133472 0.430984
v 0.431231 1.211715 0.463833
v -0.095323 1.187926 0.561278
v -0.032970 1.194414 0.571333
v -0.034874 1.182446 0.583374
v 0.067671 1.068556 0.579511
v 0.016348 1.182095 0.587096
v 0.168896 1.098155 0.534008
v 0.397843 1.082599 0.514511
v 0.399909 1.286958 0.443481
v 0.316489 1.164270 0.434657
v 0.065761 1.183268 0.582461
v 0.160898 1.081641 0.528662
v 0.177914 1.108668 0.405981
v 0.138162 1.200649 0.516576
v 0.478819 1.029669 0.500882
v 0.413520 1.023596 0.459229
v 0.014042 1.855451 0.370713
v 0.014355 1.869939 0.319225
v 0.474425 1.025706 0.462742
v 0.445440 1.026984 0.439427
v 0.479598 1.035204 0.516867
v 0.031794 1.906965 0.329130
v 0.032720 1.881350 0.321001
v 0.030632 1.892452 0.382047
v 0.035420 1.867593 0.375040
v 0.394925 1.071497 0.441596
v -0.124204 1.193064 0.526349
v -0.104839 1.093389 0.567147
v -0.122912 1.203426 0.472107
v -0.134783 1.201099 0.476175
v 0.431498 1.074358 0.424156
v 0.461574 1.083798 0.454777
v 0.484611 1.032935 0.487526
v 0.473762 1.030205 0.457530
v -0.134372 1.081912 0.515186
v -0.097357 1.077054 0.555272
v -0.142916 1.098394 0.521656
v -0.082304 1.197902 0.544902
v 0.133237 1.089682 0.566417
v 0.129109 1.072969 0.557927
v 0.179730 1.089398 0.472124
v -0.110079 1.200649 0.516576
v 0.193083 1.166068 0.479941
v 0.206984 1.150121 0.476236
v 0.211158 1.171894 0.467687
v 0.192749 1.181189 0.472139
v 0.192699 1.131057 0.477695
v 0.164385 1.128043 0.472862
v 0.176989 1.134835 0.435261
v 0.172651 1.121734 0.442099
v 0.187467 1.126826 0.432929
v 0.165838 1.145006 0.437347
v 0.179083 1.161280 0.482236
v 0.176989 1.134835 0.435261
v 0.352049 1.116805 0.458294
v 0.187065 1.117140 0.467507
v 0.177441 1.172679 0.436695
v 0.188116 1.175028 0.435630
v 0.206984 1.150121 0.476236
v 0.203423 1.138106 0.476130
v 0.193083 1.166068 0.479941
v 0.192699 1.131057 0.477695
v 0.150773 1.193513 0.527262
v 0.179834 1.135321 0.480614
v 0.173332 1.184065 0.445700
v 0.204446 1.160194 0.477396
v 0.415299 1.035162 0.534552
v 0.155459 1.135600 0.448013
v 0.157566 1.154261 0.474925
v -0.244996 1.482827 0.476838
v -0.175900 1.420227 0.433891
v -0.174798 1.447656 0.311406
v 0.179834 1.135321 0.480614
v 0.205128 1.131648 0.436382
v 0.197382 1.171099 0.433071
v 0.196553 1.139275 0.430781
v 0.192092 1.185628 0.443425
v 0.207645 1.178275 0.441821
v 0.202055 1.153041 0.430708
v 0.187065 1.117140 0.467507
v 0.166704 1.162306 0.438290
v 0.175770 1.145991 0.482311
v 0.213174 1.151794 0.437640
v 0.172883 1.176118 0.475286
v 0.170779 1.092700 0.408319
v -0.168001 1.412367 0.378679
v -0.197310 1.421755 0.327483
v 0.143737 1.206650 0.421459
v -0.172870 1.417828 0.350662
v 0.170859 1.197770 0.474927
v 0.162852 1.204688 0.411519
v 0.152752 1.161348 0.449828
v 0.014042 1.192430 0.571691
v 0.122601 1.188274 0.562189
v 0.183538 1.104101 0.473225
v 0.110388 1.197902 0.544902
v 0.290308 1.265927 0.416861
v -0.396659 0.539939 0.352548
v -0.447789 0.555460 0.415211
v -0.411409 0.545720 0.439361
v -0.371439 0.537876 0.365039
v -0.441997 0.541493 0.367886
v -0.463498 0.535749 0.415369
v -0.407391 0.511702 0.465599
v -0.398516 0.533516 0.452619
v -0.367541 0.497273 0.415167
v -0.380259 0.512818 0.371733
v -0.363131 0.526342 0.416613
v -0.399207 0.540134 0.442086
v -0.368161 0.551823 0.417369
v -0.458280 0.505764 0.414698
v -0.429037 0.557321 0.415345
v -0.444447 0.512413 0.369454
v -0.432404 0.557801 0.375562
v -0.372445 0.569041 0.422707
v -0.416336 0.555571 0.389199
v -0.442354 0.497924 0.445963
v -0.432404 0.557801 0.375562
v -0.375999 0.478676 0.408630
v -0.444805 0.525880 0.455964
v -0.430845 0.546774 0.450059
v -0.399632 0.508825 0.361576
v -0.417421 0.487282 0.451286
v 0.050980 1.809054 0.575800
v 0.078330 1.816091 0.558508
v 0.031775 1.801276 0.586823
v 0.063330 1.824114 0.568332
v 0.057334 1.246103 0.609540
v 0.024775 1.798168 0.581821
v 0.053351 1.249608 0.610644
v 0.054198 1.248454 0.606971
v 0.066494 1.820692 0.571407
v 0.021115 1.803467 0.582750
v 0.024775 1.798168 0.581821
v 0.050980 1.809054 0.575800
v 0.063674 1.814924 0.568496
v 0.051358 1.813042 0.580520
v 0.058001 1.252591 0.606284
v 0.056302 1.246611 0.606886
v 0.054198 1.248454 0.606971
v 0.061034 1.250127 0.608872
v -0.434173 0.505076 0.387337
v 0.063674 1.814924 0.568496
v 0.048148 1.816714 0.577695
v 0.033387 1.797483 0.581623
v 0.025012 1.800052 0.587731
v 0.050174 1.251732 0.607392
v 0.060001 1.250635 0.606218
v 0.052223 1.249663 0.604732
v 0.052223 1.249663 0.604732
v 0.056256 1.254051 0.604003
v 0.033387 1.797483 0.581623
v -0.372445 0.569041 0.422707
v -0.441909 0.413192 0.353613
v -0.379660 0.574801 0.395760
v -0.429037 0.557321 0.415345
v -0.411409 0.545720 0.439361
v 0.056302 1.246611 0.606886
v 0.061034 1.250127 0.608872
v 0.057334 1.246103 0.609540
v 0.058001 1.252591 0.606284
v 0.030853 1.806860 0.583590
v 0.054459 1.256393 0.606618
v 0.057385 1.253995 0.609916
v 0.060001 1.250635 0.606218
v 0.057334 1.246103 0.609540
v 0.053351 1.249608 0.610644
v 0.057385 1.253995 0.609916
v -0.416336 0.555571 0.389199
v -0.488491 0.425800 0.362038
v -0.411409 0.545720 0.439361
v -0.416336 0.555571 0.389199
v 0.054459 1.256393 0.606618
v 0.050174 1.251732 0.607392
v 0.056256 1.254051 0.604003
v 0.218520 0.046070 0.420782
v 0.302301 0.035039 0.421642
v 0.293358 0.038637 0.610182
v 0.293084 0.035520 0.631164
v -0.048649 0.846007 0.256387
v -0.062446 0.665410 0.236971
v 0.256157 0.937362 0.457328
v -0.278966 0.718059 0.597741
v 0.014042 1.594937 0.326943
v 0.419381 1.141669 0.511035
v 0.014042 1.637626 0.345939
v 0.014042 1.681904 0.378612
v 0.053372 1.683519 0.375043
v 0.059993 1.636364 0.348704
v 0.136625 1.613759 0.447628
v 0.151380 1.572483 0.486768
v 0.170918 1.572795 0.474711
v 0.192594 1.577486 0.456127
v 0.206648 1.588882 0.417428
v 0.140662 1.645668 0.415283
v 0.137786 1.639448 0.381211
v 0.195346 1.585490 0.369507
v 0.111045 1.636644 0.358189
v 0.172102 1.574792 0.343798
v 0.110388 1.197902 0.544902
v 0.138162 1.200649 0.516576
v 0.134611 1.258950 0.516396
v 0.125211 1.581114 0.494587
v 0.138883 1.308470 0.525596
v 0.195112 1.395910 0.333893
v 0.181299 1.361225 0.350823
v 0.059165 1.266681 0.577257
v 0.061053 1.194414 0.571333
v 0.107332 1.263228 0.550773
v 0.069692 1.269513 0.347449
v 0.068049 1.215940 0.356630
v 0.125191 1.211535 0.381611
v 0.127383 1.268649 0.361960
v 0.175838 1.363855 0.424519
v 0.189490 1.396041 0.417935
v 0.057920 1.326143 0.580774
v 0.109005 1.308937 0.558755
v 0.189633 1.424853 0.499137
v 0.187536 1.414355 0.471534
v 0.132019 1.462812 0.564642
v 0.181412 1.446374 0.533701
v 0.139158 1.514637 0.538751
v 0.164550 1.413399 0.546629
v 0.070230 1.559557 0.526593
v 0.132174 1.550659 0.516901
v 0.040943 1.578800 0.515845
v 0.077734 1.587568 0.497643
v 0.166726 1.391760 0.497677
v 0.142455 1.375610 0.525408
v 0.168281 1.402033 0.520692
v 0.154135 1.390685 0.538814
v 0.075219 1.526132 0.545498
v 0.086858 1.742367 0.478479
v 0.091492 1.744779 0.471186
v 0.069783 1.479915 0.570953
v 0.060725 1.401805 0.587048
v 0.058155 1.386405 0.583766
v 0.116955 1.389211 0.573748
v 0.108154 1.376561 0.569374
v 0.121507 1.424569 0.575044
v 0.063614 1.437905 0.583234
v 0.083291 1.746165 0.484129
v 0.104612 1.797904 0.457232
v 0.104096 1.784123 0.449933
v 0.100657 1.801969 0.472654
v 0.041679 1.676747 0.507616
v 0.028770 1.667313 0.520517
v 0.077644 1.738438 0.478554
v 0.071480 1.723675 0.480328
v 0.064655 1.707687 0.487105
v 0.030177 1.678324 0.573522
v 0.040523 1.677077 0.558204
v 0.032296 1.673371 0.536803
v 0.045082 1.684182 0.517786
v 0.030301 1.671829 0.556928
v 0.494474 0.938850 0.533869
v 0.045579 1.686922 0.560847
v 0.036868 1.686620 0.571867
v 0.074749 1.759624 0.527473
v -0.389178 1.021029 0.476168
v -0.383890 1.022927 0.500666
v -0.399581 1.032642 0.534950
v -0.387058 1.027706 0.522459
v -0.445403 1.030220 0.457791
v -0.449519 1.029669 0.500882
v -0.159326 1.415490 0.472002
v -0.114372 1.375610 0.525408
v -0.453676 1.036231 0.502082
v -0.445126 1.025706 0.462742
v -0.161020 1.504341 0.519469
v -0.417068 1.077714 0.434168
v -0.029329 1.693261 0.522328
v -0.140198 1.402033 0.520692
v -0.137184 1.396227 0.500116
v -0.088872 1.389211 0.573748
v -0.126051 1.390685 0.538814
v -0.055787 1.742367 0.478479
v -0.029268 1.385389 0.582725
v -0.032832 1.401767 0.586935
v -0.093424 1.424569 0.575044
v 0.014042 1.419713 0.581142
v -0.036105 1.438000 0.583059
v -0.029836 1.326143 0.580774
v 0.014042 1.334341 0.579816
v -0.121041 1.429060 0.298517
v -0.410491 1.089641 0.520767
v -0.049650 1.587568 0.497643
v -0.161406 1.401591 0.332592
v -0.012859 1.578800 0.515845
v -0.103935 1.462812 0.564642
v 0.014042 1.440341 0.578825
v -0.324581 1.119917 0.442898
v -0.147755 1.363855 0.424519
v -0.373124 1.025230 0.485036
v -0.355864 1.119645 0.405405
v -0.324581 1.119917 0.442898
v -0.005085 1.881547 0.320636
v -0.060420 1.744779 0.471186
v 0.014355 1.869939 0.319225
v -0.067782 1.753906 0.467215
v -0.003284 1.906443 0.326359
v -0.074706 1.767715 0.454742
v -0.134849 1.413413 0.547403
v -0.151719 1.446383 0.534484
v -0.158815 1.395842 0.420085
v 0.014356 1.912993 0.329292
v -0.111075 1.514637 0.538751
v -0.394912 1.025322 0.448377
v -0.352678 1.072633 0.467265
v -0.378815 1.071504 0.428258
v -0.000632 1.748158 0.577678
v -0.104090 1.550659 0.516901
v -0.161550 1.424853 0.499137
v -0.119617 1.371291 0.318582
v -0.292947 1.163538 0.414255
v -0.042147 1.559557 0.526593
v -0.153216 1.361225 0.350823
v -0.405022 1.208290 0.446933
v -0.292947 1.163538 0.414255
v -0.141003 1.553109 0.506007
v -0.324466 1.166697 0.377627
v -0.382824 1.187957 0.386982
v -0.401204 1.131252 0.411259
v -0.421176 1.145673 0.464623
v -0.316591 1.184507 0.487279
v 0.014042 1.422097 0.311755
v -0.146582 1.602056 0.343380
v 0.014042 1.363174 0.333643
v -0.148289 1.558155 0.315358
v -0.082881 1.374146 0.565394
v -0.110799 1.308470 0.525596
v 0.014042 1.192430 0.571691
v -0.080921 1.308937 0.558755
v -0.032970 1.194414 0.571333
v -0.079248 1.263228 0.550773
v -0.039966 1.215940 0.356630
v -0.286453 1.236974 0.454932
v -0.148289 1.558155 0.315358
v -0.271573 1.211364 0.402242
v -0.373375 1.208004 0.500801
v -0.031082 1.266681 0.577257
v -0.047267 1.827831 0.400653
v -0.038464 1.862211 0.390193
v -0.099299 1.268649 0.361960
v -0.022712 1.844107 0.376747
v -0.224937 1.589794 0.425580
v -0.197575 1.574367 0.477174
v -0.009076 1.911455 0.411049
v -0.066339 1.819113 0.433009
v 0.014042 1.855451 0.370713
v -0.036606 1.778994 0.393807
v -0.035935 1.905752 0.434442
v -0.165068 1.507155 0.302419
v -0.390548 1.146749 0.510346
v -0.180141 1.616303 0.417170
v -0.165068 1.507155 0.302419
v -0.174798 1.447656 0.311406
v -0.142835 1.594697 0.474711
v -0.104750 1.551039 0.311880
v -0.067841 1.849643 0.450675
v 0.006525 1.809693 0.585250
v -0.043746 1.365822 0.312622
v 0.009734 1.787494 0.584397
v -0.228667 1.534220 0.480968
v -0.164510 1.605156 0.456127
v -0.170523 1.612646 0.368973
v -0.167622 1.561063 0.496884
v -0.037042 1.886678 0.403079
v 0.014042 1.267781 0.361538
v -0.029724 1.808539 0.377130
v -0.058082 1.882754 0.463134
v -0.003198 1.808185 0.582630
v 0.001596 1.802626 0.582115
v 0.014042 1.802125 0.583277
v 0.008977 1.801936 0.583583
v -0.061225 1.797479 0.415518
v -0.054724 1.857973 0.417219
v -0.049508 1.886680 0.427016
v -0.054360 1.752386 0.462810
v 0.014042 1.269125 0.576887
v -0.097108 1.211535 0.381611
v -0.041609 1.269513 0.347449
v -0.106528 1.258950 0.516396
v -0.007337 1.867593 0.375040
v -0.058673 1.767387 0.451381
v -0.051413 1.688191 0.387388
v -0.059923 1.687040 0.404116
v -0.034129 1.743364 0.406654
v -0.039504 1.899212 0.512395
v -0.042310 1.716277 0.405220
v -0.023230 1.894080 0.546858
v -0.010805 1.771523 0.377581
v -0.007593 1.804579 0.368416
v -0.003284 1.840334 0.369675
v -0.015310 1.922783 0.442442
v -0.038950 1.863051 0.534677
v -0.071175 1.841593 0.480138
v -0.060058 1.878532 0.492676
v -0.017547 1.712507 0.388991
v -0.012963 1.730361 0.392763
v -0.110079 1.200649 0.516576
v -0.082304 1.197902 0.544902
v -0.142835 1.594697 0.474711
v -0.123297 1.584117 0.486768
v -0.108540 1.623683 0.447631
v -0.097128 1.583788 0.494587
v -0.051380 1.743577 0.454742
v -0.026920 1.875447 0.554780
v -0.058113 1.864893 0.508009
v -0.024785 1.862172 0.556180
v -0.045948 1.857334 0.519794
v -0.112649 1.650150 0.415290
v -0.110121 1.646274 0.381175
v -0.161020 1.504341 0.519469
v -0.041105 1.904964 0.471270
v -0.025281 1.683517 0.375064
v -0.064786 1.838610 0.506288
v -0.049856 1.831652 0.523763
v -0.051413 1.688191 0.387388
v -0.110912 1.497608 0.296412
v 0.014042 1.681904 0.378612
v -0.082976 1.641238 0.358217
v -0.170523 1.612646 0.368973
v -0.182297 1.465823 0.502725
v 0.014042 1.637626 0.345939
v -0.025281 1.683517 0.375064
v -0.031910 1.636363 0.348706
v 0.014042 1.488004 0.299791
v 0.014042 1.554572 0.521826
v -0.097407 1.601467 0.330058
v -0.187387 1.573662 0.323768
v -0.180141 1.616303 0.417170
v -0.164510 1.605156 0.456127
v -0.261098 1.541478 0.422621
v -0.213389 1.586349 0.357307
v -0.247097 1.538557 0.344244
v -0.141003 1.553109 0.506007
v -0.042708 1.490639 0.294419
v -0.051419 1.741365 0.468802
v -0.000788 1.839634 0.579102
v -0.067414 1.799165 0.454664
v -0.000435 1.820222 0.582468
v -0.065482 1.784797 0.447171
v -0.004066 1.796073 0.571579
v 0.014042 1.787516 0.586066
v -0.033008 1.816436 0.569104
v -0.012294 1.801276 0.573248
v 0.014042 1.837976 0.580348
v -0.022873 1.900964 0.408084
v -0.022636 1.804148 0.570268
v 0.007675 1.773884 0.589234
v 0.014042 1.773734 0.593515
v -0.182297 1.465823 0.502725
v -0.017999 1.812904 0.578573
v -0.043776 1.813044 0.551703
v -0.049650 1.587568 0.497643
v -0.013595 1.676747 0.507658
v -0.000625 1.650481 0.514044
v -0.000687 1.667313 0.520649
v -0.033738 1.654513 0.474839
v -0.059277 1.635421 0.458851
v -0.016942 1.660138 0.499011
v -0.036572 1.707687 0.487105
v -0.043396 1.723675 0.480328
v -0.004845 1.619828 0.505948
v -0.050044 1.717132 0.432683
v -0.053839 1.780826 0.504893
v -0.060871 1.686254 0.434123
v -0.060447 1.786935 0.484562
v -0.018011 1.840750 0.573852
v -0.030755 1.840158 0.562517
v -0.039760 1.802356 0.555292
v 0.014042 1.809824 0.583517
v -0.122912 1.203426 0.472107
v 0.014042 1.573123 0.512077
v 0.014042 1.763107 0.598659
v -0.005527 1.781945 0.567278
v -0.116879 1.205762 0.426694
v 0.004831 1.786839 0.576364
v 0.007607 1.713813 0.585575
v 0.014042 1.714144 0.586257
v -0.013823 1.705976 0.570029
v -0.049030 1.807589 0.529263
v -0.001964 1.713948 0.580527
v -0.044013 1.833958 0.540576
v -0.010846 1.715884 0.572174
v -0.051418 1.763413 0.501338
v -0.007770 1.718769 0.574782
v -0.005763 1.761830 0.573249
v -0.124451 1.313449 0.483981
v -0.111463 1.322183 0.337577
v -0.010138 1.770658 0.567571
v 0.005287 1.752756 0.593255
v 0.007128 1.742962 0.585405
v 0.001425 1.753427 0.585854
v -0.007337 1.867593 0.375040
v -0.120111 1.265079 0.411692
v -0.002549 1.892452 0.382047
v -0.046359 1.878616 0.532090
v -0.012859 1.578800 0.515845
v 0.003956 1.591099 0.509079
v -0.051558 1.759974 0.434584
v 0.014042 1.594937 0.326943
v -0.210295 1.477322 0.496832
v -0.048429 1.721439 0.457778
v -0.045064 1.693242 0.461344
v -0.023408 1.616876 0.493044
v -0.045398 1.821085 0.545645
v -0.016179 1.825500 0.578435
v -0.031570 1.804405 0.565121
v -0.032364 1.826469 0.566949
v 0.002412 1.775963 0.576805
v 0.014042 1.821559 0.581035
v 0.003499 1.798079 0.578341
v -0.021882 1.795675 0.568213
v 0.002176 1.690460 0.579935
v -0.049340 1.733742 0.495805
v 0.007517 1.717603 0.584061
v -0.045719 1.802360 0.543098
v 0.014042 1.218038 0.364043
v -0.123297 1.584117 0.486768
v -0.119732 1.260488 0.475083
v -0.136865 1.325164 0.363143
v -0.008510 1.722401 0.576392
v -0.047496 1.726966 0.488759
v -0.014638 1.721283 0.570496
v -0.034559 1.706302 0.527340
v 0.014042 1.718076 0.586517
v 0.006117 1.719429 0.585298
v -0.006497 1.787692 0.565682
v -0.027249 1.775506 0.560446
v -0.031144 1.788204 0.560988
v -0.007696 1.791814 0.567776
v -0.002549 1.892452 0.382047
v 0.002843 1.765288 0.582628
v -0.134930 1.318015 0.421693
v 0.004829 1.747473 0.592401
v -0.039490 1.787896 0.549990
v -0.044355 1.773132 0.547482
v 0.014042 1.855451 0.370713
v -0.000067 1.754573 0.577527
v 0.003193 1.759131 0.584066
v 0.008357 1.763151 0.594400
v 0.014042 1.740485 0.589172
v 0.002213 1.744272 0.580190
v -0.015685 1.784993 0.566193
v -0.011715 1.778485 0.566219
v -0.013160 1.794146 0.569459
v -0.019856 1.775302 0.563745
v -0.035552 1.780871 0.554486
v -0.030637 1.796131 0.564268
v -0.040477 1.796289 0.550738
v -0.033917 1.792793 0.557469
v -0.017992 1.766119 0.565487
v -0.019441 1.713798 0.564590
v -0.008024 1.732581 0.574928
v -0.003129 1.742311 0.574541
v -0.043253 1.713317 0.495854
v 0.014042 1.744243 0.599139
v 0.014042 1.752124 0.603263
v 0.000630 1.748067 0.586063
v 0.009777 1.752244 0.601446
v 0.009867 1.744916 0.597142
v -0.035228 1.724380 0.535374
v -0.025995 1.751320 0.561535
v -0.046666 1.759624 0.527473
v 0.007926 1.726934 0.590961
v -0.045866 1.724233 0.504886
v -0.417320 1.028196 0.439840
v 0.014042 1.480804 0.566421
v -0.053064 1.746165 0.484129
v -0.041699 1.479915 0.570953
v 0.014042 1.524424 0.537945
v -0.002217 1.671829 0.556996
v -0.429877 1.040726 0.536825
v -0.369759 1.082742 0.514511
v -0.437262 1.088729 0.484248
v -0.390133 1.037680 0.530736
v -0.342798 1.134498 0.499441
v -0.077798 1.797904 0.457232
v -0.012440 1.677077 0.558204
v -0.047135 1.526132 0.545498
v -0.077283 1.784123 0.449933
v -0.072818 1.801969 0.472654
v -0.196910 1.516796 0.502258
v -0.146582 1.602056 0.343380
v -0.039205 1.548663 0.303224
v 0.014042 1.547614 0.311803
v -0.038017 1.596589 0.317565
v 0.004227 1.676105 0.577494
v 0.014042 1.717202 0.585720
v 0.014042 1.675579 0.579438
v -0.008784 1.686620 0.571867
v -0.017496 1.686922 0.560847
v 0.014042 1.668751 0.555810
v 0.014042 1.667272 0.534227
v 0.014042 1.404099 0.581692
v -0.002094 1.678324 0.573522
v -0.004213 1.673371 0.536926
v 0.014042 1.691479 0.583325
v 0.014042 1.664742 0.526971
v -0.017882 1.741226 0.566699
v -0.352678 1.072633 0.467265
v -0.010089 1.718292 0.572434
v -0.017985 1.723532 0.566565
v -0.051258 1.742331 0.486016
v -0.015583 1.719527 0.568516
v -0.045624 1.739846 0.512193
v -0.046824 1.786807 0.541217
v 0.014042 1.725220 0.591485
v 0.004024 1.732366 0.585394
v 0.014042 1.739118 0.587261
v -0.050585 1.783072 0.527103
v -0.050339 1.752805 0.499426
v -0.023508 1.730201 0.560472
v 0.005946 1.739345 0.582850
v -0.015427 1.757443 0.568246
v -0.034774 1.743799 0.547004
v 0.000367 1.726076 0.586165
v 0.014087 1.901174 0.383884
v 0.005386 1.757993 0.590471
v -0.034957 1.763753 0.556693
v -0.011078 1.749374 0.570764
v 0.014042 1.734845 0.586471
v 0.001685 1.718778 0.581399
v -0.014806 1.714612 0.568667
v 0.014042 1.710840 0.585164
v -0.000892 1.706712 0.578984
v -0.001997 1.787803 0.568688
v -0.049561 1.738438 0.478554
v 0.001884 1.860747 0.569568
v -0.019107 1.681825 0.542371
v -0.024624 1.710034 0.557139
v -0.024839 1.694990 0.549941
v 0.014042 1.708080 0.582142
v -0.012720 1.697558 0.569181
v -0.054850 1.807201 0.508889
v -0.068557 1.804140 0.473302
v -0.007863 1.909183 0.545906
v -0.000660 1.873693 0.572631
v -0.372708 1.283297 0.426760
v -0.355777 1.252380 0.368340
v -0.302530 1.216287 0.357741
v -0.271573 1.211364 0.402242
v -0.373124 1.025230 0.485036
v -0.432677 1.032583 0.534280
v -0.338480 1.275107 0.473637
v 0.009239 1.709631 0.584147
v -0.056412 1.772525 0.485643
v -0.002209 1.710014 0.579700
v 0.000800 1.699658 0.577735
v -0.034767 1.796509 0.559006
v -0.025428 1.785499 0.564519
v 0.014042 1.701973 0.581060
v -0.011327 1.713045 0.572829
v -0.054275 1.755258 0.483523
v -0.001619 1.717709 0.579258
v -0.016999 1.684182 0.517828
v -0.208055 1.522744 0.311032
v -0.044770 1.423891 0.298749
v -0.059923 1.687040 0.404116
v -0.060871 1.686254 0.434123
v -0.059277 1.635421 0.458851
v 0.000280 1.893624 0.563652
v 0.064690 1.778994 0.393807
v 0.093565 1.784797 0.447171
v 0.075350 1.827831 0.400653
v 0.077592 1.885186 0.427016
v 0.057808 1.808539 0.377130
v 0.037159 1.911455 0.411049
v 0.014042 1.804499 0.364930
v 0.035677 1.804579 0.368416
v 0.050795 1.844107 0.376747
v 0.038889 1.771523 0.377581
v -0.013787 1.917083 0.514947
v 0.082443 1.752386 0.462810
v -0.016148 1.922688 0.473882
v 0.030632 1.892452 0.382047
v 0.077940 1.831652 0.523763
v 0.099258 1.841593 0.480138
v 0.043394 1.922783 0.442442
v 0.069188 1.904964 0.471270
v 0.070402 1.716278 0.405212
v 0.014042 1.708062 0.389532
v 0.041047 1.730361 0.392762
v 0.062215 1.743364 0.406652
v 0.079532 1.688198 0.387313
v 0.014042 1.681904 0.378612
v 0.088028 1.687052 0.404083
v 0.014042 1.573123 0.512077
v 0.067588 1.899212 0.512395
v 0.051314 1.894080 0.546858
v 0.092869 1.838610 0.506288
v 0.014042 1.927051 0.441485
v 0.086166 1.882754 0.463134
v 0.014042 1.917904 0.411453
v 0.083482 1.857444 0.419604
v 0.095925 1.849643 0.450675
v 0.095497 1.799165 0.454664
v 0.014087 1.901174 0.383884
v 0.094423 1.819113 0.433009
v 0.065126 1.888172 0.403079
v 0.050957 1.900964 0.408084
v 0.064018 1.905752 0.434442
v 0.014042 1.840119 0.366915
v 0.031367 1.840334 0.369675
v 0.066547 1.862211 0.390193
v 0.014042 1.767984 0.371828
v 0.035420 1.867593 0.375040
v 0.086757 1.767387 0.451381
v 0.053372 1.683519 0.375043
v 0.014042 1.722353 0.391924
v 0.045632 1.712507 0.388989
v 0.088141 1.878532 0.492676
v 0.086196 1.864893 0.508009
v 0.067033 1.863051 0.534677
v 0.087391 1.795033 0.412622
v 0.074442 1.878616 0.532090
v 0.074031 1.857334 0.519794
v -0.350945 0.642182 0.394056
v -0.318045 0.792170 0.390215
v -0.335081 0.800694 0.417091
v -0.313632 0.793104 0.436911
v -0.372446 0.651369 0.387848
v -0.290646 0.864725 0.390230
v -0.291985 0.781909 0.396172
v 0.076938 1.753921 0.429483
v 0.079464 1.743577 0.454742
v 0.052868 1.862172 0.556180
v -0.191773 1.016201 0.441985
v -0.181850 1.041904 0.471380
v -0.374865 0.559881 0.371637
v -0.219183 1.015643 0.455865
v -0.370858 0.654559 0.438074
v -0.344955 0.641945 0.423921
v -0.343240 0.722500 0.439608
v -0.343240 0.722500 0.439608
v -0.387854 0.605658 0.438820
v -0.408038 0.609822 0.415784
v -0.361114 0.727841 0.416083
v -0.389105 0.658359 0.415492
v -0.370858 0.654559 0.438074
v -0.387854 0.605658 0.438820
v -0.185443 1.062960 0.458586
v -0.346033 0.720352 0.388431
v -0.219183 1.015643 0.455865
v -0.205340 1.032434 0.481999
v -0.205340 1.032434 0.481999
v -0.363286 0.593331 0.423111
v -0.322638 0.710525 0.396427
v -0.315691 0.713665 0.423962
v 0.014042 1.588361 0.504656
v 0.014042 1.611016 0.507707
v 0.079496 1.742185 0.468630
v 0.032929 1.619828 0.505948
v 0.064655 1.707687 0.487105
v -0.289190 0.784865 0.422745
v -0.313632 0.793104 0.436911
v 0.077644 1.738438 0.478554
v -0.234924 0.985928 0.438350
v -0.394953 0.556757 0.354759
v -0.379660 0.574801 0.395760
v 0.014042 1.855162 0.572621
v 0.041679 1.676747 0.507616
v 0.026199 1.860747 0.569568
v 0.055004 1.875447 0.554780
v 0.024127 1.591099 0.509079
v 0.071480 1.723675 0.480328
v 0.045025 1.660138 0.499011
v 0.040943 1.578800 0.515845
v 0.014042 1.893574 0.563737
v 0.028743 1.873693 0.572631
v 0.014042 1.873905 0.573888
v 0.061821 1.654513 0.474839
v 0.028708 1.650481 0.513975
v 0.028770 1.667313 0.520517
v 0.051491 1.616876 0.493044
v 0.013849 1.642980 0.522880
v 0.078132 1.717132 0.432680
v 0.076514 1.721439 0.457777
v 0.082933 1.807201 0.508889
v 0.081922 1.780826 0.504893
v 0.096640 1.804140 0.473302
v 0.088531 1.786935 0.484562
v 0.088970 1.686258 0.434107
v 0.073150 1.693242 0.461343
v 0.087361 1.635422 0.458849
v 0.014042 1.664742 0.526971
v 0.077734 1.587568 0.497643
v 0.035947 1.909183 0.545906
v 0.014042 1.912131 0.545400
v 0.027804 1.893624 0.563652
v -0.221279 1.043374 0.415483
v -0.194845 1.649407 0.462935
v -0.181199 1.499045 0.277798
v -0.200880 1.437677 0.288138
v -0.269279 1.430656 0.471411
v -0.213862 0.984626 0.398454
v -0.257658 0.929786 0.435852
v -0.284516 0.864414 0.437066
v -0.284516 0.864414 0.437066
v -0.233211 0.920253 0.422873
v -0.195919 1.029583 0.417795
v -0.240440 0.994009 0.395142
v -0.225248 1.065398 0.470511
v -0.236479 1.037030 0.442283
v -0.187746 1.602885 0.308368
v -0.236383 1.441510 0.511913
v -0.196728 1.659337 0.410319
v -0.201274 1.604010 0.300045
v -0.274365 1.427949 0.354501
v -0.257658 0.929786 0.435852
v -0.263866 0.854692 0.398457
v -0.190986 1.606567 0.517442
v -0.241964 1.542059 0.405985
v -0.182854 1.562564 0.545160
v -0.235295 1.429070 0.313069
v -0.209967 1.076475 0.454248
v -0.234924 0.985928 0.438350
v -0.209051 0.977264 0.425522
v -0.369051 0.597251 0.395193
v -0.260430 0.855556 0.422538
v -0.304728 0.872335 0.417718
v -0.253720 0.996319 0.422113
v -0.275913 0.937695 0.417954
v -0.266474 0.931880 0.388439
v -0.167237 1.549258 0.277115
v -0.196731 1.646829 0.361298
v -0.283041 1.428597 0.411302
v -0.237111 0.922256 0.395438
v -0.393683 0.604694 0.388018
v -0.188465 1.509594 0.545424
v -0.204700 1.454427 0.539479
v -0.187746 1.602885 0.308368
v -0.188465 1.509594 0.545424
v -0.190986 1.606567 0.517442
v -0.204700 1.454427 0.539479
v -0.235295 1.429070 0.313069
v -0.200880 1.437677 0.288138
v -0.181199 1.499045 0.277798
v -0.167237 1.549258 0.277115
v -0.182854 1.562564 0.545160
v -0.194845 1.649407 0.462935
v -0.269279 1.430656 0.471411
v -0.194326 1.562467 0.548178
v -0.236383 1.441510 0.511913
v -0.196728 1.659337 0.410319
v -0.274365 1.427949 0.354501
v -0.283041 1.428597 0.411302
v -0.196731 1.646829 0.361298
v -0.210749 1.444551 0.279274
v -0.234265 1.562641 0.303938
v -0.246641 1.507268 0.304800
v -0.265035 1.570188 0.467780
v -0.243354 1.433260 0.305192
v 0.014042 1.926234 0.473885
v 0.014042 1.922292 0.516350
v -0.190876 0.072896 0.405340
v -0.252365 0.028701 0.418320
v -0.246689 0.030259 0.379493
v -0.213388 0.029654 0.378109
v -0.283962 1.431877 0.349606
v -0.293457 1.511712 0.410044
v -0.212547 1.649411 0.359159
v -0.247768 1.612568 0.355153
v -0.204055 1.606779 0.524057
v -0.243304 1.616134 0.465177
v -0.277348 1.513913 0.470306
v -0.215786 1.456022 0.543638
v -0.241294 1.513694 0.516873
v -0.279795 1.433498 0.472927
v -0.199225 1.511060 0.550749
v -0.210843 1.651824 0.464200
v -0.178901 1.551120 0.269309
v -0.244601 1.442639 0.518682
v 0.041870 1.917083 0.514947
v 0.044231 1.922688 0.473882
v -0.192255 1.501060 0.270368
v -0.237153 1.569920 0.511740
v -0.195000 0.039075 0.415885
v -0.219105 0.026292 0.417887
v -0.283773 1.510626 0.350856
v -0.293875 1.431534 0.411753
v -0.265779 1.568569 0.350904
v -0.276744 1.569896 0.408921
v -0.256733 1.617055 0.409214
v -0.460543 0.947505 0.447344
v -0.471368 0.938312 0.491453
v -0.460450 0.942553 0.535308
v -0.193454 0.099530 0.385133
v -0.198455 0.038524 0.384565
v -0.250654 0.037275 0.354259
v -0.193954 0.061928 0.373698
v -0.435624 1.024246 0.554472
v -0.468627 1.031460 0.519664
v -0.442409 0.968877 0.570302
v -0.463438 1.057128 0.399524
v -0.431895 0.991835 0.562297
v -0.483815 1.037348 0.474516
v -0.463354 1.000104 0.414501
v -0.482280 1.043007 0.439443
v -0.213961 1.663369 0.409966
v -0.226721 0.037251 0.349718
v -0.210319 0.037282 0.358763
v -0.205891 0.063022 0.354716
v -0.250174 0.065363 0.353337
v -0.493107 1.037465 0.439359
v -0.473152 0.950889 0.451553
v -0.475971 0.997511 0.420019
v -0.447438 1.021182 0.556517
v -0.429573 0.964454 0.569818
v -0.475420 1.049070 0.405429
v -0.265827 0.042168 0.379108
v -0.224271 0.064931 0.344774
v -0.444174 0.994410 0.563675
v -0.486327 0.992297 0.446159
v -0.269805 0.042446 0.415343
v -0.273863 0.072204 0.409488
v -0.479812 1.027166 0.522634
v -0.252040 0.027872 0.423352
v -0.269805 0.042446 0.415343
v -0.206278 0.123440 0.366219
v -0.195000 0.039075 0.415885
v -0.193454 0.099530 0.385133
v -0.219105 0.026292 0.417887
v -0.252365 0.028701 0.418320
v -0.262519 0.100025 0.387280
v -0.206278 0.123440 0.366219
v -0.200548 0.421303 0.337097
v -0.224510 0.131900 0.360501
v -0.273863 0.072204 0.409488
v -0.205725 0.087857 0.359146
v -0.225170 0.094395 0.349557
v -0.247309 0.089839 0.358324
v -0.189220 0.046070 0.420782
v -0.224510 0.131900 0.360501
v -0.273001 0.035039 0.421642
v -0.190876 0.072896 0.405340
v -0.265368 0.068654 0.381242
v -0.262519 0.100025 0.387280
v -0.224510 0.131900 0.360501
v -0.244915 0.125621 0.367051
v -0.216628 0.027605 0.426183
v -0.258278 0.028714 0.474620
v -0.244915 0.125621 0.367051
v -0.195000 0.039075 0.415885
v -0.280201 0.072612 0.413125
v -0.472878 0.990671 0.466888
v -0.471368 0.938312 0.491453
v -0.483815 1.037348 0.474516
v -0.482839 0.942697 0.489418
v -0.472793 0.947932 0.536142
v -0.488299 0.985264 0.482354
v -0.429573 0.964454 0.569818
v -0.465270 0.986395 0.522311
v -0.460450 0.942553 0.535308
v -0.352510 1.281704 0.343415
v -0.431895 0.991835 0.562297
v -0.463354 1.000104 0.414501
v -0.460543 0.947505 0.447344
v -0.435624 1.024246 0.554472
v -0.478571 0.986302 0.528940
v -0.494935 1.030635 0.476855
v -0.463438 1.057128 0.399524
v -0.482280 1.043007 0.439443
v -0.468627 1.031460 0.519664
v -0.285338 1.315637 0.495680
v -0.366026 1.296567 0.410039
v -0.392116 1.335397 0.266635
v -0.372921 1.300437 0.372982
v -0.395887 1.386843 0.229822
v -0.340956 1.290866 0.454077
v -0.295009 1.291380 0.474521
v -0.366599 1.295186 0.352721
v -0.381923 1.341484 0.269754
v -0.367541 1.305039 0.309895
v -0.323589 1.333511 0.492244
v -0.371743 1.366087 0.445373
v -0.413748 1.429456 0.195404
v -0.403006 1.433445 0.199471
v -0.347733 1.357711 0.481351
v -0.413653 1.462687 0.233793
v -0.411521 1.470281 0.181067
v -0.412489 1.448404 0.292143
v -0.285338 1.315637 0.495680
v -0.292964 1.302631 0.486310
v -0.352510 1.281704 0.343415
v -0.407192 1.414944 0.345832
v -0.406154 1.381168 0.226170
v -0.381204 1.291347 0.373143
v -0.392837 1.386718 0.392681
v -0.404583 1.387577 0.396155
v -0.404362 1.328405 0.369268
v -0.368511 1.316767 0.468484
v -0.382460 1.367310 0.451144
v -0.390160 1.321405 0.430267
v -0.366599 1.295186 0.352721
v -0.339867 1.306041 0.487710
v -0.345504 1.280420 0.458192
v -0.373667 1.287051 0.411093
v -0.329928 1.332130 0.502582
v -0.285310 1.310065 0.506478
v -0.292770 1.294552 0.495514
v -0.295790 1.281446 0.481443
v -0.356448 1.357802 0.489821
v -0.374139 1.285529 0.351071
v -0.425972 1.462992 0.233364
v -0.423231 1.468329 0.178249
v -0.360775 1.272849 0.341948
v -0.376455 1.297312 0.306699
v -0.423507 1.411997 0.252767
v -0.425149 1.445146 0.213164
v -0.417981 1.371638 0.302470
v -0.419337 1.415935 0.347436
v -0.424720 1.449505 0.292799
v -0.224537 0.141101 0.354261
v -0.231687 0.166633 0.489292
v -0.225234 0.158336 0.359947
v -0.263356 0.163597 0.469642
v -0.272305 0.152026 0.423358
v -0.279010 0.161231 0.429087
v -0.120470 0.419652 0.377587
v -0.142230 0.350023 0.364767
v -0.217995 0.271110 0.476175
v -0.223149 0.212861 0.474317
v -0.194773 0.210550 0.456350
v -0.174931 0.246375 0.401874
v -0.267906 0.301625 0.389508
v -0.198654 0.429297 0.525514
v -0.264572 0.111991 0.531235
v -0.230398 0.159156 0.485894
v -0.369552 0.922666 0.582972
v -0.387058 1.027706 0.522459
v -0.417816 0.937222 0.532123
v -0.377890 0.997649 0.542873
v -0.393778 0.982988 0.479162
v -0.383890 1.022927 0.500666
v -0.400806 1.019841 0.453255
v -0.405662 0.980888 0.456988
v -0.423464 0.861516 0.460888
v -0.428027 0.855954 0.464045
v -0.433442 0.919844 0.459812
v -0.429274 0.831148 0.497179
v -0.435252 0.834681 0.503305
v -0.433078 0.884404 0.459825
v -0.433638 0.882493 0.472644
v -0.443914 0.880037 0.472711
v -0.428334 0.840278 0.502740
v -0.427945 0.840380 0.490703
v -0.441741 0.845465 0.504418
v -0.434055 0.835064 0.490041
v -0.430646 0.858009 0.459671
v -0.435755 0.857373 0.463265
v -0.435986 0.916034 0.533837
v -0.436135 0.916097 0.534064
v -0.444600 0.935596 0.457413
v -0.449199 0.861702 0.485867
v -0.451599 0.918386 0.476904
v -0.446673 0.900748 0.457452
v -0.457235 0.916844 0.506297
v -0.454204 0.892383 0.483815
v -0.460779 0.933699 0.479704
v -0.457405 0.956139 0.478272
v -0.457235 0.916844 0.506297
v -0.431639 0.850895 0.488601
v -0.449251 0.861896 0.504164
v -0.442616 0.892142 0.501680
v -0.441557 0.849386 0.586403
v -0.444537 0.862779 0.584753
v -0.454193 0.917490 0.545130
v -0.438177 0.845572 0.573314
v -0.440827 0.878702 0.575164
v -0.446052 0.873589 0.561789
v -0.445155 0.935951 0.562596
v -0.438177 0.845572 0.573314
v -0.441557 0.849386 0.586403
v -0.444537 0.862779 0.584753
v -0.457674 0.903680 0.552519
v -0.455182 0.873853 0.562243
v -0.460687 0.907510 0.563063
v -0.450790 0.908619 0.570876
v -0.457260 0.940004 0.552824
v -0.460280 0.875752 0.573190
v -0.198859 0.163624 0.472847
v -0.225234 0.158336 0.359947
v -0.268170 0.210171 0.393864
v -0.209613 0.353654 0.324889
v -0.251470 0.213154 0.452428
v -0.181244 0.199566 0.400313
v -0.266917 0.360104 0.362563
v -0.235857 0.116575 0.541201
v -0.428334 0.840278 0.502740
v -0.426424 0.939867 0.556689
v -0.389178 1.021029 0.476168
v -0.417439 0.936743 0.509220
v -0.423411 0.936513 0.460923
v -0.426789 0.871191 0.472037
v -0.434055 0.835064 0.490041
v -0.441741 0.845465 0.504418
v -0.454678 0.918397 0.481927
v -0.435252 0.834681 0.503305
v -0.437162 0.866891 0.472224
v -0.432423 0.858977 0.469757
v -0.438247 0.914333 0.513794
v -0.457626 0.934794 0.467448
v -0.448698 0.898949 0.474300
v -0.454796 0.892195 0.504109
v -0.466312 0.922685 0.494825
v -0.437734 0.914783 0.504734
v -0.453952 0.956094 0.464852
v -0.439777 0.864683 0.503055
v -0.449199 0.861702 0.485867
v -0.444048 0.844165 0.573022
v -0.445155 0.935951 0.562596
v -0.457674 0.903680 0.552519
v -0.455182 0.873853 0.562243
v -0.435356 0.862664 0.580192
v -0.438691 0.857396 0.567292
v -0.448143 0.923071 0.566301
v -0.444048 0.844165 0.573022
v -0.447469 0.842923 0.580792
v -0.437330 0.917711 0.542529
v -0.450227 0.879580 0.580409
v -0.184045 0.074110 0.409401
v -0.188639 0.089114 0.436237
v -0.453666 0.856035 0.578274
v -0.401622 0.956447 0.558780
v -0.408912 0.967937 0.574839
v -0.408912 0.967937 0.574839
v -0.368289 0.938557 0.585863
v -0.222698 0.202712 0.361672
v -0.201992 0.203002 0.379141
v -0.176208 0.158514 0.437555
v -0.222698 0.202712 0.361672
v -0.255397 0.204706 0.385580
v -0.255253 0.254456 0.391186
v -0.247275 0.133539 0.363330
v -0.200548 0.421303 0.337097
v -0.265886 0.446073 0.371172
v -0.224537 0.141101 0.354261
v -0.165335 0.291716 0.395714
v -0.199811 0.154955 0.373991
v -0.264955 0.354158 0.401803
v -0.202945 0.131785 0.361475
v -0.253955 0.342295 0.456634
v -0.256634 0.358241 0.355375
v -0.425153 0.862020 0.471204
v -0.253049 0.437914 0.364226
v -0.437578 0.949454 0.561976
v -0.138964 0.417028 0.369640
v -0.401482 0.956408 0.531960
v -0.155100 0.350869 0.355064
v -0.404090 0.955874 0.508811
v -0.219566 0.287582 0.337788
v -0.418524 0.935624 0.482493
v -0.249343 0.292495 0.354244
v -0.423464 0.861516 0.460888
v -0.175600 0.350432 0.337796
v -0.425153 0.862020 0.471204
v -0.209613 0.353654 0.324889
v -0.451599 0.918386 0.476904
v -0.189477 0.285626 0.349002
v -0.454204 0.892383 0.483815
v -0.219566 0.287582 0.337788
v -0.437009 0.917460 0.483698
v -0.256903 0.300199 0.383698
v -0.440451 0.890947 0.487759
v -0.182241 0.292478 0.385309
v -0.445318 0.841812 0.495772
v -0.222494 0.243317 0.352260
v -0.453570 0.917581 0.539583
v -0.199538 0.241516 0.366666
v -0.222494 0.243317 0.352260
v -0.417389 1.022053 0.447714
v -0.246005 0.246282 0.370126
v -0.456188 0.917344 0.510925
v -0.455812 0.860122 0.494996
v -0.192259 0.245715 0.392944
v -0.449251 0.861896 0.504164
v -0.462477 0.892337 0.494557
v -0.195196 0.198850 0.390608
v -0.435331 0.957018 0.453666
v -0.165782 0.416836 0.346429
v -0.187192 0.103036 0.386814
v -0.185343 0.124377 0.413051
v -0.186382 0.149278 0.436249
v -0.203968 0.155990 0.471164
v -0.189220 0.046070 0.420782
v -0.207831 0.105248 0.534163
v -0.389906 0.980973 0.575363
v -0.367810 0.929022 0.590329
v -0.383422 0.921203 0.585359
v -0.249809 0.155846 0.378947
v -0.147076 0.426554 0.496928
v -0.267571 0.105075 0.387118
v -0.286967 0.091836 0.515921
v -0.244749 0.356168 0.333490
v -0.234563 0.428905 0.348351
v -0.269719 0.445983 0.417666
v -0.115906 0.420927 0.426716
v -0.153492 0.335127 0.421532
v -0.175707 0.329720 0.466301
v -0.266200 0.255993 0.396963
v -0.186311 0.271443 0.453304
v -0.252039 0.274738 0.451987
v -0.212721 0.330469 0.486541
v -0.260903 0.155662 0.466596
v -0.249789 0.437027 0.485432
v -0.458737 0.919392 0.537198
v -0.450790 0.908619 0.570876
v -0.422693 0.965452 0.566477
v -0.379377 0.976644 0.539159
v -0.379913 0.989059 0.525484
v -0.413744 0.952933 0.556543
v -0.404555 0.954269 0.482570
v -0.386836 0.984627 0.506763
v -0.432423 0.858977 0.469757
v -0.414597 0.952300 0.459863
v -0.427945 0.840380 0.490703
v -0.437162 0.866891 0.472224
v -0.435581 0.901215 0.459541
v -0.427250 0.872572 0.458913
v -0.433629 0.916890 0.476659
v -0.437000 0.899636 0.474078
v -0.431464 0.851702 0.503139
v -0.448698 0.898949 0.474300
v -0.437707 0.831797 0.496449
v -0.439913 0.844031 0.487712
v -0.441189 0.866337 0.463509
v -0.434749 0.869062 0.455739
v -0.443914 0.880037 0.472711
v -0.461923 0.917452 0.513756
v -0.442568 0.881835 0.456199
v -0.448149 0.879277 0.464257
v -0.453344 0.899809 0.465939
v -0.448100 0.921185 0.458408
v -0.456054 0.921477 0.466896
v -0.454678 0.918397 0.481927
v -0.466141 0.934685 0.495042
v -0.428483 0.985334 0.450353
v -0.446177 0.989727 0.462942
v -0.438818 0.863894 0.489024
v -0.439913 0.844031 0.487712
v -0.454796 0.892195 0.504109
v -0.450227 0.879580 0.580409
v -0.435031 0.850003 0.582235
v -0.439643 0.903860 0.567703
v -0.435031 0.850003 0.582235
v -0.457978 0.926076 0.557550
v -0.449096 0.855948 0.567222
v -0.437578 0.949454 0.561976
v -0.451839 0.960985 0.550936
v -0.372943 0.957743 0.579401
v -0.245728 0.205388 0.375613
v -0.448143 0.923071 0.566301
v -0.449096 0.855948 0.567222
v -0.433972 0.920299 0.560604
v -0.445573 0.899537 0.551523
v -0.440845 0.842284 0.580106
v -0.454193 0.917490 0.545130
v -0.422693 0.965452 0.566477
v -0.433499 0.987271 0.555570
v -0.379976 0.969262 0.552135
v -0.395891 0.950987 0.584734
v -0.368289 0.938557 0.585863
v -0.368874 0.931239 0.571870
v -0.374365 0.949515 0.568709
v -0.388592 0.932759 0.590633
v -0.399581 1.032642 0.534950
v -0.375065 0.922106 0.592279
v -0.394948 1.006702 0.560377
v -0.416126 1.003924 0.561819
v -0.384089 0.960064 0.588729
v -0.372943 0.957743 0.579401
v -0.377890 0.997649 0.542873
v -0.383422 0.921203 0.585359
v -0.367810 0.929022 0.590329
v -0.384916 0.924922 0.592915
v -0.375307 0.927314 0.596194
v -0.387058 1.027706 0.522459
v -0.378746 0.938190 0.591972
v -0.377078 0.976449 0.565762
v -0.384916 0.924922 0.592915
v -0.377078 0.976449 0.565762
v -0.388592 0.932759 0.590633
v -0.390502 0.928193 0.574699
v -0.392645 0.942446 0.572078
v -0.369552 0.922666 0.582972
v -0.298865 0.045610 0.584167
v -0.301441 0.050443 0.555185
v -0.252780 0.041394 0.626154
v -0.263603 0.081833 0.578815
v -0.296725 0.041812 0.599968
v -0.271985 0.035199 0.625890
v -0.282226 0.048613 0.607778
v -0.263397 0.042486 0.632332
v -0.268695 0.041059 0.624583
v -0.252179 0.049185 0.615911
v -0.264572 0.111991 0.531235
v -0.262563 0.032089 0.625853
v -0.254612 0.038043 0.620817
v -0.446721 0.842955 0.523514
v -0.457289 0.863087 0.520363
v -0.449089 0.867160 0.538051
v -0.447691 0.844519 0.541612
v -0.443189 0.902296 0.534667
v -0.439512 0.850080 0.539783
v -0.449575 0.891047 0.519884
v -0.438449 0.848221 0.525098
v -0.447203 0.898945 0.518846
v -0.443757 0.901258 0.516389
v -0.447286 0.864999 0.522929
v -0.457748 0.865056 0.539273
v -0.252179 0.049185 0.615911
v -0.277626 0.034464 0.625415
v -0.279979 0.039003 0.622765
v -0.278189 0.031196 0.621231
v -0.267456 0.052776 0.612689
v -0.284757 0.042543 0.610139
v -0.271985 0.035199 0.625890
v -0.284132 0.057319 0.593234
v -0.281562 0.034760 0.618273
v -0.266784 0.034921 0.620641
v -0.263785 0.035520 0.631164
v -0.267923 0.062942 0.599257
v -0.271090 0.031693 0.621722
v -0.277626 0.034464 0.625415
v -0.279169 0.031193 0.615713
v -0.254844 0.043431 0.611387
v -0.459976 0.907032 0.538032
v -0.460706 0.891884 0.536636
v -0.458781 0.902723 0.536413
v -0.460292 0.901456 0.515899
v -0.448986 0.892709 0.533665
v -0.468943 0.903957 0.526117
v -0.458781 0.902723 0.536413
v -0.446478 0.899855 0.533227
v -0.459976 0.907032 0.538032
v -0.461196 0.889547 0.517878
v -0.460706 0.891884 0.536636
v -0.461224 0.905142 0.514775
v -0.433146 0.839134 0.540003
v -0.433113 0.837993 0.527978
v -0.458737 0.919392 0.537198
v -0.395891 0.950987 0.584734
v -0.462633 0.967094 0.532845
v -0.466017 0.963710 0.517495
v -0.457788 1.000786 0.508791
v -0.457400 0.995393 0.484051
v -0.225484 0.043033 0.608958
v -0.290319 0.032479 0.607426
v -0.470342 0.919779 0.524370
v -0.435670 0.828409 0.535240
v -0.450288 1.005922 0.534184
v -0.432677 1.032583 0.534280
v -0.227073 0.049028 0.616310
v -0.263538 0.029042 0.555841
v -0.232552 0.042236 0.609019
v -0.228373 0.049603 0.615424
v -0.445126 1.025706 0.462742
v -0.449519 1.029669 0.500882
v -0.220290 0.039979 0.599946
v -0.238584 0.035065 0.593048
v -0.268695 0.041059 0.624583
v -0.264555 0.034652 0.589754
v -0.229140 0.028773 0.559801
v -0.204659 0.033048 0.641836
v -0.288526 0.030822 0.584737
v -0.291898 0.030226 0.555987
v -0.290319 0.032479 0.607426
v -0.281062 0.033435 0.610049
v -0.281062 0.033435 0.610049
v -0.279169 0.031193 0.615713
v -0.270593 0.033244 0.615666
v -0.271835 0.038653 0.607855
v -0.255072 0.037034 0.630972
v -0.264058 0.038637 0.610182
v -0.442448 0.828040 0.534258
v -0.453532 0.991830 0.479132
v -0.447691 0.844519 0.541612
v -0.453570 0.917581 0.539583
v -0.469609 0.936794 0.522960
v -0.426629 1.032630 0.535238
v -0.445487 1.003111 0.536057
v -0.441640 1.025411 0.458953
v -0.466066 0.960452 0.502561
v -0.458922 0.965373 0.535271
v -0.467476 0.934729 0.510010
v -0.461923 0.917452 0.513756
v -0.461224 0.905142 0.514775
v -0.465174 0.938850 0.533869
v -0.461892 0.937524 0.536020
v -0.457748 0.865056 0.539273
v -0.457289 0.863087 0.520363
v -0.456188 0.917344 0.510925
v -0.453512 0.842016 0.532950
v -0.468871 0.891077 0.526636
v -0.464237 0.862983 0.529912
v -0.464701 0.934090 0.507242
v -0.446721 0.842955 0.523514
v -0.439268 0.830998 0.527967
v -0.471399 0.908549 0.525435
v -0.438729 0.832966 0.540939
v -0.462718 0.958581 0.497445
v -0.263785 0.035520 0.631164
v -0.287415 0.071194 0.566263
v -0.278189 0.031196 0.621231
v -0.290181 0.040268 0.607214
v -0.247324 0.042248 0.612421
v -0.264804 0.046024 0.628652
v -0.433146 0.839134 0.540003
v -0.438729 0.832966 0.540939
v -0.433113 0.837993 0.527978
v -0.460292 0.901456 0.515899
v -0.439268 0.830998 0.527967
v -0.461196 0.889547 0.517878
v -0.255063 0.033656 0.626073
v -0.197608 0.048747 0.484193
v -0.197608 0.048747 0.484193
v -0.186007 0.047290 0.538994
v -0.265799 0.028056 0.511932
v -0.255977 0.046739 0.628990
v -0.207831 0.105248 0.534163
v -0.227073 0.049028 0.616310
v -0.213264 0.083428 0.581959
v -0.195955 0.063776 0.603506
v -0.252780 0.041394 0.626154
v -0.128756 1.549088 0.541641
v -0.191527 0.070977 0.575565
v -0.255072 0.037034 0.630972
v -0.268148 1.438719 0.455468
v -0.300339 0.055611 0.517560
v -0.221515 1.436955 0.509555
v -0.293025 0.060626 0.476047
v -0.233667 0.070398 0.605368
v -0.228373 0.049603 0.615424
v -0.222686 0.070074 0.606105
v -0.150117 1.491587 0.545278
v -0.112594 1.549799 0.289457
v -0.133950 1.492309 0.286017
v -0.214594 1.503230 0.525583
v -0.135529 1.608797 0.503733
v -0.257665 0.043095 0.631854
v -0.168469 1.446297 0.538080
v -0.221515 1.436955 0.509555
v -0.268148 1.438719 0.455468
v -0.286967 0.091836 0.515921
v -0.160379 1.494632 0.558456
v -0.179375 1.447509 0.549233
v -0.168469 1.446297 0.538080
v -0.128756 1.549088 0.541641
v -0.142058 1.549730 0.553080
v -0.127128 1.657162 0.452305
v -0.146928 1.613573 0.510555
v -0.138990 1.663089 0.456224
v -0.135529 1.608797 0.503733
v -0.199128 1.559990 0.519901
v -0.150117 1.491587 0.545278
v -0.227047 1.440566 0.519423
v -0.127128 1.657162 0.452305
v -0.233169 1.577822 0.463876
v -0.192590 1.611942 0.490994
v -0.209057 1.435842 0.306916
v -0.261865 1.437339 0.347427
v -0.293164 0.031000 0.510777
v -0.285094 0.032938 0.473521
v -0.189767 0.074513 0.546773
v -0.194841 0.089338 0.494092
v -0.258278 0.028714 0.474620
v -0.221068 0.031890 0.474760
v -0.213081 0.033606 0.517787
v -0.200960 0.029351 0.628084
v -0.205058 0.046548 0.647713
v -0.196243 0.041680 0.632629
v -0.220273 0.047342 0.644808
v -0.228204 0.042615 0.632283
v -0.200253 0.035484 0.614884
v -0.196243 0.041680 0.632629
v -0.201711 0.039303 0.645504
v -0.204659 0.033048 0.641836
v -0.213396 0.038914 0.649315
v -0.223421 0.039882 0.643645
v -0.221123 0.033308 0.638598
v -0.185691 0.048991 0.570562
v -0.233874 0.050394 0.633737
v -0.191357 0.052246 0.599835
v -0.236477 0.045052 0.640046
v -0.185691 0.048991 0.570562
v -0.200892 0.056855 0.620755
v -0.212447 0.047378 0.649147
v -0.234397 0.058505 0.619816
v -0.199706 0.030365 0.564577
v -0.247431 0.057295 0.618336
v -0.191357 0.052246 0.599835
v -0.199688 0.040353 0.601387
v -0.242018 0.086520 0.584066
v -0.221661 0.039084 0.613393
v -0.226458 0.047576 0.617259
v -0.196345 0.046564 0.617573
v -0.223421 0.039882 0.643645
v -0.226458 0.047576 0.617259
v -0.235857 0.116575 0.541201
v -0.196345 0.046564 0.617573
v -0.220946 0.058221 0.621450
v -0.200682 0.051101 0.634770
v -0.186007 0.047290 0.538994
v -0.221123 0.033308 0.638598
v -0.228204 0.042615 0.632283
v -0.223609 0.031988 0.625256
v -0.248013 0.049113 0.633262
v -0.246045 0.044737 0.640510
v -0.235856 0.031492 0.637101
v -0.229806 0.047657 0.618035
v -0.233471 0.037874 0.640621
v -0.235628 0.040879 0.612828
v -0.235074 0.031204 0.630367
v -0.229546 0.041061 0.628266
v -0.254746 0.055903 0.615406
v -0.248102 0.037306 0.640908
v -0.252179 0.049185 0.615911
v -0.251961 0.043162 0.629084
v -0.245619 0.030630 0.637247
v -0.251961 0.043162 0.629084
v -0.233471 0.037874 0.640621
v -0.245452 0.029639 0.630157
v -0.229806 0.047657 0.618035
v -0.229546 0.041061 0.628266
v -0.251813 0.068430 0.603045
v -0.248102 0.037306 0.640908
v -0.235856 0.031492 0.637101
v -0.245619 0.030630 0.637247
v -0.195856 1.635031 0.455478
v -0.259612 1.510297 0.464709
v -0.150241 1.446472 0.295457
v -0.203817 1.535114 0.401514
v -0.273905 1.443399 0.463378
v -0.201711 0.039303 0.645504
v -0.221532 0.050096 0.633656
v -0.125033 1.667596 0.397809
v -0.279418 1.441106 0.400635
v -0.159713 1.446817 0.284328
v -0.123618 1.657432 0.351193
v -0.279418 1.441106 0.400635
v -0.202208 1.644947 0.397892
v -0.248261 1.580974 0.397892
v -0.123618 1.657432 0.351193
v -0.125033 1.667596 0.397809
v -0.183630 1.611942 0.323274
v -0.288375 1.443849 0.400292
v -0.233169 1.577822 0.331908
v -0.193246 1.635031 0.345692
v -0.181451 1.433556 0.467252
v -0.174798 1.447656 0.311406
v -0.261172 1.451895 0.352727
v -0.285531 1.457156 0.417766
v -0.264399 1.492076 0.348057
v -0.277556 1.492055 0.420591
v -0.213283 1.438902 0.298049
v -0.267316 1.441734 0.339290
v -0.209057 1.435842 0.306916
v -0.150241 1.446472 0.295457
v -0.143362 1.494608 0.272341
v -0.133950 1.492309 0.286017
v -0.261865 1.437339 0.347427
v -0.207182 1.502710 0.283400
v -0.135392 1.663089 0.346983
v -0.135812 1.674424 0.397892
v -0.203817 1.535114 0.401514
v -0.257927 1.509871 0.332834
v -0.197310 1.421755 0.327483
v -0.251949 1.444594 0.466316
v -0.244996 1.482827 0.476838
v -0.194933 1.423834 0.456401
v -0.039205 1.548663 0.303224
v -0.148289 1.558155 0.315358
v -0.142835 1.594697 0.474711
v -0.180141 1.616303 0.417170
v -0.164510 1.605156 0.456127
v -0.104750 1.551039 0.311880
v -0.121192 1.610958 0.318664
v -0.371743 1.366087 0.445373
v -0.411521 1.470281 0.181067
v -0.403006 1.433445 0.199471
v -0.372921 1.300437 0.372982
v -0.347733 1.357711 0.481351
v -0.340956 1.290866 0.454077
v -0.323589 1.333511 0.492244
v -0.295009 1.291380 0.474521
v -0.292964 1.302631 0.486310
v -0.366026 1.296567 0.410039
v -0.121192 1.610958 0.318664
v -0.277355 1.516860 0.397952
v -0.224807 1.476262 0.317724
v -0.182297 1.465823 0.502725
v -0.123297 1.584117 0.486768
v -0.123297 1.584117 0.486768
v -0.097128 1.583788 0.494587
v -0.141003 1.553109 0.506007
v -0.112594 1.549799 0.289457
v -0.125133 1.549730 0.277622
v -0.132029 1.615210 0.311773
v -0.194434 1.559990 0.285566
v -0.208055 1.522744 0.311032
v -0.044770 1.423891 0.298749
v -0.228667 1.534220 0.480968
v -0.224937 1.589794 0.425580
v -0.042708 1.490639 0.294419
v -0.261098 1.541478 0.422621
v -0.210295 1.477322 0.496832
v -0.213389 1.586349 0.357307
v -0.161020 1.504341 0.519469
v -0.247097 1.538557 0.344244
v -0.197575 1.574367 0.477174
v -0.165068 1.507155 0.302419
v -0.170523 1.612646 0.368973
v -0.146582 1.602056 0.343380
v -0.148289 1.558155 0.315358
v -0.146582 1.602056 0.343380
v -0.097407 1.601467 0.330058
v -0.174798 1.447656 0.311406
v -0.165068 1.507155 0.302419
v -0.038017 1.596589 0.317565
v 0.131748 1.682320 0.426464
v -0.103935 1.462812 0.564642
v 0.235757 1.292639 0.585578
v 0.291163 1.295427 0.560845
v 0.311019 1.300736 0.552130
v 0.350834 1.312451 0.288618
v 0.065037 1.255586 0.223621
v -0.161020 1.504341 0.519469
v -0.111075 1.514637 0.538751
v 0.104788 1.236030 0.224811
v -0.151719 1.446383 0.534484
v 0.071812 1.565416 0.583879
v -0.121041 1.429060 0.298517
v -0.187387 1.573662 0.323768
v -0.167622 1.561063 0.496884
v -0.182297 1.465823 0.502725
v -0.196910 1.516796 0.502258
v -0.110912 1.497608 0.296412
v -0.077949 1.688525 0.396807
v -0.019409 1.680734 0.361674
v 0.295801 1.324582 0.556327
v -0.107891 1.663445 0.495264
v -0.107891 1.663445 0.495264
v -0.103050 1.687523 0.440181
v -0.141065 1.616853 0.479856
v -0.124209 1.641072 0.486537
v -0.142557 1.640999 0.381455
v -0.124209 1.641072 0.486537
v -0.141065 1.616853 0.479856
v 0.043780 1.677903 0.355135
v -0.146749 1.642850 0.424816
v -0.141003 1.553109 0.506007
v -0.059304 1.596143 0.569751
v 0.160260 1.630515 0.301133
v 0.167348 1.671277 0.418741
v 0.151445 1.573943 0.273333
v -0.103956 1.560407 0.274522
v -0.129173 1.584230 0.523649
v -0.099068 1.658919 0.374494
v -0.130746 1.613233 0.325763
v -0.125437 1.662366 0.431700
v -0.104090 1.550659 0.516901
v 0.411448 1.320745 0.463519
v -0.034169 1.435984 0.606276
v -0.081673 1.495883 0.589478
v 0.282533 1.320642 0.562064
v 0.171549 1.541656 0.250435
v 0.188779 1.660415 0.350867
v 0.357652 1.313771 0.527692
v -0.108687 1.540748 0.564751
v 0.423822 1.311799 0.378444
v 0.387572 1.276267 0.318920
v 0.169685 1.613552 0.526899
v 0.115877 1.573121 0.566531
v 0.223260 1.643327 0.411779
v 0.200816 1.673043 0.410951
v 0.135823 1.197210 0.227082
v 0.172898 1.237815 0.230737
v -0.007500 1.225492 0.224396
v 0.192810 1.312784 0.233150
v 0.268336 1.506918 0.276772
v 0.117112 1.291727 0.220219
v 0.375585 1.460095 0.384352
v 0.286637 1.344522 0.266129
v -0.061475 1.261944 0.228843
v -0.069861 1.390426 0.243856
v 0.104035 1.663438 0.347479
v -0.065524 1.314136 0.232790
v 0.241571 1.567421 0.283697
v 0.058618 1.617307 0.295404
v 0.254501 1.623330 0.409727
v -0.049760 1.561140 0.258539
v 0.211534 1.631349 0.350860
v 0.288706 1.595111 0.336979
v 0.099511 1.678606 0.377636
v 0.042984 1.660762 0.329921
v 0.288574 1.446010 0.259228
v 0.292042 1.287334 0.258961
v 0.339294 1.460545 0.304177
v 0.216633 1.315132 0.239843
v 0.020628 1.240771 0.224008
v 0.337276 1.526879 0.395966
v 0.314106 1.526644 0.327754
v -0.034176 1.496731 0.248944
v 0.116584 1.636482 0.314460
v -0.003211 1.614103 0.289060
v 0.122585 1.601294 0.279977
v -0.070285 1.617321 0.302101
v -0.031365 1.658159 0.328435
v -0.087626 1.503192 0.258841
v 0.287333 1.394433 0.263811
v 0.194796 1.651217 0.471191
v -0.078853 1.445790 0.251031
v 0.234182 1.237126 0.243106
v -0.068833 1.585788 0.561643
v 0.202730 1.413060 0.583534
v -0.088469 1.632324 0.536886
v 0.359913 1.454228 0.459126
v 0.336281 1.388450 0.521982
v 0.091443 1.427168 0.597699
v 0.350177 1.342902 0.528045
v 0.039132 1.457747 0.597222
v 0.406142 1.359249 0.462484
v 0.272230 1.364465 0.563471
v -0.040620 1.527297 0.581602
v -0.091920 1.561655 0.564770
v -0.109815 1.601082 0.530066
v 0.313365 1.438009 0.526136
v 0.151411 1.416167 0.594237
v 0.308074 1.605432 0.402476
v 0.143060 1.665492 0.372883
v 0.186971 1.609763 0.305623
v 0.016121 1.385633 0.615888
v 0.026567 1.569354 0.586425
v -0.011620 1.461532 0.612167
v -0.016150 1.576083 0.586476
v 0.032358 1.418037 0.621396
v 0.029155 1.547541 0.576172
v 0.121282 1.558340 0.551172
v 0.158019 1.366839 0.613143
v 0.019637 1.498646 0.241220
v 0.175518 1.541340 0.552567
v 0.212749 1.572474 0.518997
v 0.179082 1.598035 0.515988
v 0.074118 1.576132 0.263517
v 0.083546 1.513068 0.246418
v 0.071974 1.545278 0.570373
v 0.243081 1.602374 0.470839
v 0.208255 1.627380 0.467345
v 0.417937 1.356697 0.380081
v 0.046972 1.311277 0.218737
v 0.371436 1.336753 0.297425
v 0.358952 1.397949 0.308044
v -0.022463 1.442807 0.238552
v 0.386481 1.400325 0.377552
v 0.026625 1.444337 0.230681
v -0.014023 1.381855 0.228585
v 0.089419 1.455747 0.233003
v -0.007877 1.302053 0.221807
v 0.201739 1.363607 0.237686
v 0.038440 1.385235 0.223505
v 0.202744 1.414276 0.230677
v 0.189782 1.480608 0.249706
v 0.112905 1.336365 0.219201
v 0.104512 1.402246 0.223239
v 0.240045 1.614941 0.345092
v 0.217431 1.593494 0.298951
v 0.217986 1.291745 0.593511
v 0.216898 1.358995 0.592195
v 0.089652 1.382816 0.628079
v 0.074502 1.338418 0.618907
v -0.055834 1.512087 0.595255
v 0.011524 1.563586 0.254589
v 0.222369 1.319781 0.597944
v 0.142854 1.305601 0.608544
v 0.153741 1.341879 0.619669
v 0.378718 1.397841 0.453287
v 0.259605 1.420728 0.561892
v -0.017735 1.558284 0.571807
v -0.001530 1.491093 0.596343
v -0.075768 1.809958 0.417636
v -0.107092 1.786637 0.470221
v -0.109713 1.753659 0.531050
v -0.109713 1.753659 0.531050
v 0.292025 1.584624 0.474918
v 0.047193 1.312162 0.231946
v 0.116093 1.292469 0.233351
v 0.065117 1.256713 0.236817
v 0.266084 1.362258 0.551957
v 0.248496 1.540579 0.527992
v 0.032975 1.515290 0.576573
v 0.325210 1.514203 0.462211
v -0.091072 1.720988 0.575439
v -0.040751 1.690016 0.628788
v 0.229598 1.293089 0.573862
v 0.285005 1.295878 0.549129
v 0.363324 1.335506 0.306985
v 0.282183 1.490921 0.526504
v 0.161641 1.452195 0.574432
v 0.345840 1.310994 0.300797
v 0.035893 1.669887 0.665167
v 0.103955 1.667904 0.647622
v 0.276287 1.319962 0.550461
v 0.289953 1.322560 0.544633
v 0.305281 1.299296 0.540281
v 0.050103 1.812202 0.360469
v 0.151867 1.487033 0.587198
v 0.104868 1.237157 0.238007
v 0.091799 1.446686 0.594428
v 0.091381 1.475601 0.604731
v 0.159380 1.721299 0.538532
v 0.142319 1.687990 0.609977
v 0.154127 1.766826 0.444323
v 0.137491 1.757340 0.434769
v 0.105655 1.783486 0.402007
v 0.128624 1.722704 0.427745
v 0.082660 1.500857 0.577478
v 0.234282 1.472112 0.558186
v -0.034217 1.545741 0.582295
v 0.000070 1.515963 0.604021
v 0.130967 1.512419 0.569954
v 0.200140 1.511926 0.567757
v -0.012080 1.821827 0.364637
v -0.131413 1.610115 0.474202
v -0.136876 1.629695 0.385110
v -0.131413 1.610115 0.474202
v 0.004716 1.528664 0.576692
v 0.039437 1.491183 0.606862
v -0.067429 1.388766 0.256766
v 0.349870 1.312079 0.517435
v -0.059694 1.261867 0.241967
v -0.030776 1.435840 0.593495
v -0.126458 1.604380 0.334124
v -0.077409 1.493688 0.577234
v -0.102576 1.536300 0.554046
v 0.411701 1.310413 0.381035
v 0.190561 1.312782 0.246196
v 0.133705 1.197568 0.240151
v -0.100599 1.556264 0.286370
v -0.138593 1.633278 0.424208
v -0.120806 1.578757 0.515097
v -0.076765 1.444172 0.264004
v -0.063355 1.313383 0.245810
v 0.170780 1.238174 0.243806
v 0.400029 1.318906 0.458308
v 0.376341 1.275228 0.325862
v 0.020989 1.241413 0.237232
v -0.006429 1.225774 0.237569
v 0.018755 1.386663 0.602968
v 0.141690 1.309010 0.595854
v 0.230599 1.236150 0.255819
v 0.212724 1.314577 0.252474
v 0.287754 1.286118 0.271407
v -0.085256 1.501615 0.271763
v 0.215676 1.295326 0.580972
v 0.075598 1.340824 0.606004
v -0.372557 1.479945 0.350433
v -0.306965 1.389184 0.495727
v -0.317944 1.335718 0.456815
v -0.274682 1.329689 0.477920
v -0.320345 1.414267 0.488603
v -0.263223 1.354868 0.503695
v -0.412489 1.448404 0.292143
v -0.335334 1.322830 0.323532
v -0.395887 1.386843 0.229822
v -0.392837 1.386718 0.392681
v -0.371189 1.577609 0.201912
v -0.373951 1.557724 0.253430
v -0.363121 1.510804 0.194397
v -0.374593 1.520551 0.306021
v -0.356258 1.438824 0.414817
v -0.341354 1.341037 0.417925
v -0.381923 1.341484 0.269754
v -0.339641 1.424719 0.452853
v -0.361802 1.586735 0.161857
v -0.284435 1.374384 0.505518
v -0.407192 1.414944 0.345832
v -0.413653 1.462687 0.233793
v -0.367541 1.305039 0.309895
v 0.295801 1.324582 0.556327
v 0.165529 1.761450 0.440297
v 0.311019 1.300736 0.552130
v 0.053620 1.810970 0.348082
v 0.147071 1.756718 0.425566
v 0.170649 1.714805 0.536378
v 0.113602 1.782844 0.386623
v 0.065037 1.255586 0.223621
v 0.235757 1.292639 0.585578
v 0.291163 1.295427 0.560845
v 0.350834 1.312451 0.288618
v 0.218135 1.321797 0.585816
v 0.104788 1.236030 0.224811
v -0.361527 1.553503 0.174886
v -0.385429 1.558852 0.192970
v -0.378054 1.508142 0.187542
v -0.371525 1.441496 0.421087
v -0.265135 1.345738 0.517315
v -0.377202 1.551549 0.169024
v -0.378036 1.587043 0.158321
v -0.387693 1.580749 0.201131
v -0.122353 1.750360 0.531530
v -0.102637 1.715814 0.578960
v -0.112055 1.708611 0.511536
v -0.091339 1.675457 0.551348
v -0.352972 1.426589 0.462146
v -0.366204 1.373720 0.442258
v -0.352912 1.329269 0.420664
v -0.278049 1.316578 0.487259
v -0.391827 1.524192 0.231575
v -0.112055 1.708611 0.511536
v -0.119129 1.785520 0.465989
v -0.122353 1.750360 0.531530
v -0.112280 1.739167 0.452912
v -0.326087 1.322365 0.462462
v -0.360063 1.421439 0.240936
v -0.390303 1.561586 0.254503
v -0.390895 1.524063 0.308420
v -0.388799 1.482802 0.353876
v -0.332011 1.415644 0.500240
v -0.336030 1.356854 0.484567
v -0.362875 1.464835 0.216578
v -0.352443 1.346940 0.356628
v -0.335334 1.322830 0.323532
v -0.048952 1.683060 0.635834
v 0.033555 1.659986 0.673279
v 0.152824 1.680244 0.610570
v 0.109567 1.657646 0.652446
v -0.316069 1.389370 0.509901
v -0.290165 1.371386 0.520449
v -0.376610 1.460705 0.209486
v -0.374528 1.415781 0.234321
v -0.394858 1.484800 0.266449
v -0.351794 1.374586 0.273277
v -0.041659 1.640707 0.606018
v 0.029581 1.629133 0.628929
v -0.390616 1.393066 0.362208
v -0.365720 1.336627 0.357244
v -0.341354 1.341037 0.417925
v -0.397678 1.426147 0.308665
v -0.366752 1.366537 0.267575
v -0.320345 1.414267 0.488603
v -0.350213 1.313006 0.321213
v -0.339641 1.424719 0.452853
v 0.139272 1.720395 0.421172
v 0.102757 1.731251 0.380543
v 0.147701 1.687160 0.514889
v 0.131748 1.682320 0.426464
v -0.274682 1.329689 0.477920
v -0.306965 1.389184 0.495727
v -0.317944 1.335718 0.456815
v -0.284435 1.374384 0.505518
v -0.016862 1.820513 0.352926
v 0.047381 1.741959 0.352782
v -0.373951 1.557724 0.253430
v -0.372557 1.479945 0.350433
v -0.374593 1.520551 0.306021
v -0.362875 1.464835 0.216578
v -0.361527 1.553503 0.174886
v -0.371189 1.577609 0.201912
v -0.363121 1.510804 0.194397
v -0.360063 1.421439 0.240936
v -0.361802 1.586735 0.161857
v -0.236592 1.393435 0.511916
v -0.328623 1.631309 0.310354
v -0.288795 1.378292 0.470360
v -0.319771 1.553570 0.232647
v -0.313817 1.388646 0.426299
v -0.247827 1.366971 0.487106
v -0.332747 1.562932 0.373175
v -0.321356 1.397189 0.367022
v -0.306016 1.374427 0.326664
v -0.317001 1.448997 0.282248
v -0.261353 1.422589 0.517054
v -0.263223 1.354868 0.503695
v -0.356258 1.438824 0.414817
v -0.352443 1.346940 0.356628
v -0.351794 1.374586 0.273277
v -0.317001 1.448997 0.282248
v -0.290751 1.392086 0.508611
v -0.306016 1.374427 0.326664
v -0.268875 1.418450 0.532818
v -0.307210 1.485490 0.508389
v -0.323360 1.676499 0.269839
v -0.315697 1.628588 0.201598
v -0.319771 1.553570 0.232647
v -0.328623 1.631309 0.310354
v -0.305428 1.733704 0.160237
v -0.308941 1.687757 0.177474
v -0.332747 1.562932 0.373175
v -0.315042 1.512159 0.439857
v -0.349417 1.624008 0.324971
v -0.314390 1.712374 0.212040
v -0.293064 1.483063 0.495363
v -0.329686 1.377569 0.429101
v -0.321356 1.397189 0.367022
v -0.252543 1.352124 0.498239
v -0.299405 1.363407 0.477208
v -0.282319 1.446001 0.503209
v -0.323071 1.417639 0.483614
v -0.239245 1.384211 0.528631
v -0.293812 1.445121 0.519941
v -0.348601 1.637140 0.314439
v -0.332802 1.626742 0.191845
v -0.342984 1.681976 0.270927
v -0.336342 1.698023 0.193212
v -0.332592 1.515919 0.447912
v -0.350954 1.565926 0.377584
v -0.346905 1.653293 0.234470
v 0.043780 1.677903 0.355135
v -0.019409 1.680734 0.361674
v -0.079293 1.746040 0.406549
v -0.017134 1.747008 0.362141
v -0.348702 1.444599 0.418525
v -0.324179 1.735612 0.155247
v -0.326999 1.686565 0.169497
v -0.338623 1.387554 0.366236
v -0.333344 1.717879 0.211535
v -0.357288 1.576714 0.277399
v -0.336529 1.549647 0.222895
v -0.261353 1.422589 0.517054
v -0.247827 1.366971 0.487106
v -0.333380 1.442577 0.273367
v -0.322619 1.364709 0.322833
v -0.363549 1.486581 0.343928
v -0.236592 1.393435 0.511916
v -0.107891 1.663445 0.495264
v -0.103050 1.687523 0.440181
v -0.141065 1.616853 0.479856
v -0.077949 1.688525 0.396807
v -0.085696 1.809402 0.409085
v -0.107891 1.663445 0.495264
v -0.286926 1.418997 0.301950
v -0.269021 1.615006 0.237155
v -0.269477 1.427060 0.310096
v -0.255822 1.735549 0.208451
v -0.261927 1.772339 0.328689
v -0.272280 1.677006 0.379957
v -0.223906 1.431853 0.519094
v -0.223033 1.407108 0.489483
v -0.305428 1.733704 0.160237
v -0.308941 1.687757 0.177474
v -0.323360 1.676499 0.269839
v -0.288665 1.438537 0.418346
v -0.315697 1.628588 0.201598
v -0.269477 1.427060 0.310096
v -0.293064 1.483063 0.495363
v -0.315042 1.512159 0.439857
v -0.282319 1.446001 0.503209
v -0.313817 1.388646 0.426299
v -0.247454 1.859980 0.273672
v -0.288795 1.378292 0.470360
v -0.221883 1.944407 0.167704
v -0.236356 1.908455 0.229266
v -0.272720 1.524569 0.263985
v -0.235376 1.876375 0.181215
v -0.247994 1.808899 0.193294
v -0.270667 1.592881 0.442972
v -0.264084 1.421328 0.472308
v -0.252884 1.523071 0.508887
v -0.314390 1.712374 0.212040
v -0.243571 1.463364 0.529218
v -0.223033 1.407108 0.489483
v -0.252884 1.523071 0.508887
v -0.287351 1.614201 0.226932
v -0.290546 1.521715 0.253543
v -0.241391 1.949792 0.163847
v -0.264165 1.887316 0.201155
v -0.299665 1.460945 0.347698
v -0.307540 1.430324 0.420859
v -0.277094 1.406747 0.478838
v -0.267412 1.525717 0.523429
v -0.230012 1.391390 0.500669
v -0.318618 1.547118 0.394125
v -0.230364 1.422417 0.535095
v -0.288464 1.598968 0.452283
v -0.319112 1.454307 0.344834
v -0.266165 1.439440 0.513965
v -0.301208 1.481519 0.470966
v -0.254382 1.459931 0.545739
v -0.255975 1.915804 0.230214
v -0.267321 1.866269 0.276444
v -0.274625 1.735752 0.199063
v -0.294432 1.745355 0.263681
v -0.288665 1.438537 0.418346
v -0.299665 1.460945 0.347698
v -0.313134 1.632393 0.313227
v -0.254672 1.878939 0.173414
v -0.280770 1.821231 0.236810
v -0.290781 1.682820 0.386481
v -0.282040 1.777134 0.332400
v -0.267144 1.810207 0.184642
v -0.130746 1.613233 0.325763
v -0.103956 1.560407 0.274522
v 0.136616 1.654214 0.570110
v 0.093087 1.624835 0.606834
v 0.134470 1.655477 0.486249
v 0.119671 1.622978 0.536455
v -0.099068 1.658919 0.374494
v -0.125437 1.662366 0.431700
v -0.146749 1.642850 0.424816
v -0.142557 1.640999 0.381455
v -0.124209 1.641072 0.486537
v -0.124209 1.641072 0.486537
v -0.059304 1.596143 0.569751
v -0.129173 1.584230 0.523649
v 0.151445 1.573943 0.273333
v 0.262799 0.433782 0.516867
v 0.189674 0.344353 0.477344
v 0.178199 0.352097 0.429632
v 0.173219 0.368789 0.381287
v 0.142962 0.442366 0.399396
v 0.145515 0.431257 0.450522
v 0.163980 0.425024 0.500899
v 0.302417 0.409786 0.356994
v 0.129766 0.436817 0.399697
v 0.311225 0.505544 0.309791
v 0.173219 0.368789 0.381287
v -0.255822 1.735549 0.208451
v -0.236356 1.908455 0.229266
v -0.261927 1.772339 0.328689
v -0.221883 1.944407 0.167704
v -0.243571 1.463364 0.529218
v 0.132563 0.425599 0.452280
v 0.322638 0.484353 0.370139
v 0.316576 0.407694 0.357350
v 0.325530 0.505366 0.310407
v 0.293909 0.455991 0.459394
v -0.270667 1.592881 0.442972
v -0.247994 1.808899 0.193294
v 0.224117 0.343627 0.496708
v 0.210684 0.423862 0.527636
v -0.272720 1.524569 0.263985
v -0.272280 1.677006 0.379957
v 0.308373 0.484592 0.369030
v 0.324007 0.454055 0.329571
v 0.156367 0.406920 0.388147
v -0.269021 1.615006 0.237155
v -0.223906 1.431853 0.519094
v -0.235376 1.876375 0.181215
v -0.264084 1.421328 0.472308
v 0.292827 0.373014 0.432957
v 0.272280 0.354210 0.482605
v 0.322614 0.444555 0.360584
v 0.311225 0.505544 0.309791
v 0.309779 0.455232 0.329185
v -0.247454 1.859980 0.273672
v -0.141065 1.616853 0.479856
v -0.040328 1.602990 0.571639
v 0.200816 1.673043 0.410951
v 0.135823 1.197210 0.227082
v 0.194796 1.651217 0.471191
v 0.172898 1.237815 0.230737
v 0.387572 1.276267 0.318920
v 0.423822 1.311799 0.378444
v 0.357652 1.313771 0.527692
v 0.411448 1.320745 0.463519
v 0.167348 1.671277 0.418741
v 0.188779 1.660415 0.350867
v 0.160260 1.630515 0.301133
v -0.108687 1.540748 0.564751
v -0.081673 1.495883 0.589478
v 0.024242 1.592560 0.578704
v 0.171549 1.541656 0.250435
v 0.282533 1.320642 0.562064
v -0.034169 1.435984 0.606276
v 0.223260 1.643327 0.411779
v 0.060711 1.785124 0.552415
v 0.047677 1.783089 0.563955
v 0.052476 1.784305 0.563900
v 0.050496 1.795524 0.566360
v 0.046590 1.796563 0.566394
v 0.262799 0.433782 0.516867
v 0.272280 0.354210 0.482605
v 0.178199 0.352097 0.429632
v 0.145515 0.431257 0.450522
v 0.309779 0.455232 0.329185
v 0.271295 0.432593 0.527301
v 0.156367 0.406920 0.388147
v 0.293909 0.455991 0.459394
v 0.043733 1.793705 0.566550
v 0.163980 0.425024 0.500899
v 0.044779 1.789802 0.566646
v 0.221572 0.336744 0.507420
v 0.275913 0.347878 0.493210
v 0.306326 0.370676 0.435921
v 0.307271 0.455603 0.463454
v 0.165019 0.346747 0.430937
v 0.148552 0.390493 0.442868
v 0.163538 0.383258 0.494887
v 0.048682 1.788751 0.566627
v 0.056023 1.787819 0.563789
v 0.051549 1.791614 0.566497
v 0.062708 1.792579 0.552300
v 0.057318 1.792652 0.563597
v 0.055241 1.779693 0.552455
v 0.047813 1.777775 0.552535
v 0.210684 0.423862 0.527636
v 0.224117 0.343627 0.496708
v 0.308373 0.484592 0.369030
v 0.302417 0.409786 0.356994
v 0.276960 0.389301 0.518468
v 0.142962 0.442366 0.399396
v 0.292827 0.373014 0.432957
v 0.189674 0.344353 0.477344
v 0.207507 0.420723 0.539954
v 0.212926 0.378869 0.531391
v 0.309802 0.412438 0.451095
v 0.143157 0.401403 0.388457
v 0.159998 0.363302 0.381610
v 0.152326 0.419950 0.506790
v 0.177835 0.338677 0.482238
v 0.169685 1.613552 0.526899
v -0.061475 1.261944 0.228843
v 0.287333 1.394433 0.263811
v 0.042984 1.660762 0.329921
v 0.099511 1.678606 0.377636
v 0.143060 1.665492 0.372883
v 0.234182 1.237126 0.243106
v 0.216633 1.315132 0.239843
v 0.292042 1.287334 0.258961
v 0.286637 1.344522 0.266129
v 0.375585 1.460095 0.384352
v 0.288574 1.446010 0.259228
v 0.192810 1.312784 0.233150
v 0.339294 1.460545 0.304177
v -0.031386 1.800015 0.552180
v -0.005786 1.799920 0.552621
v -0.010181 1.797371 0.563828
v -0.011170 1.779827 0.552621
v -0.026723 1.787819 0.563789
v -0.013651 1.784423 0.563983
v -0.021198 1.789793 0.566573
v 0.060686 1.800015 0.552180
v -0.033408 1.792579 0.552300
v -0.028018 1.792652 0.563597
v 0.040470 1.805304 0.552597
v 0.056002 1.797465 0.563448
v 0.055211 1.805385 0.552256
v -0.022248 1.793715 0.566416
v -0.003816 1.792566 0.552621
v -0.018377 1.783089 0.563955
v -0.018513 1.777775 0.552535
v -0.025941 1.779693 0.552455
v -0.008911 1.792632 0.563929
v -0.023176 1.784305 0.563900
v 0.039481 1.787892 0.563972
v -0.005786 1.785211 0.552621
v 0.040470 1.779827 0.552620
v -0.010181 1.787892 0.563972
v -0.018391 1.802112 0.563527
v -0.023152 1.800910 0.563443
v -0.026702 1.797465 0.563448
v -0.013651 1.800842 0.563672
v -0.031411 1.785124 0.552415
v -0.015479 1.795517 0.566469
v -0.014433 1.791614 0.566612
v -0.017290 1.788756 0.566651
v 0.047691 1.802112 0.563527
v 0.042951 1.800842 0.563672
v 0.052452 1.800910 0.563443
v 0.047824 1.807274 0.552491
v 0.035086 1.799920 0.552620
v -0.019382 1.796563 0.566351
v 0.039481 1.797371 0.563828
v 0.033115 1.792566 0.552620
v 0.038211 1.792632 0.563929
v 0.035086 1.785211 0.552620
v 0.042951 1.784423 0.563983
v -0.011170 1.805303 0.552597
v -0.018524 1.807273 0.552491
v -0.025911 1.805385 0.552256
v -0.087626 1.503192 0.258841
v -0.069861 1.390426 0.243856
v -0.031365 1.658159 0.328435
v 0.104035 1.663438 0.347479
v -0.065524 1.314136 0.232790
v -0.078853 1.445790 0.251031
v 0.240045 1.614941 0.345092
v 0.217431 1.593495 0.298951
v 0.186971 1.609763 0.305623
v -0.070285 1.617321 0.302101
v 0.254501 1.623330 0.409727
v 0.308074 1.605432 0.402476
v 0.288706 1.595111 0.336979
v -0.003211 1.614103 0.289060
v -0.049760 1.561140 0.258539
v -0.007500 1.225492 0.224396
v 0.020628 1.240771 0.224008
v 0.117112 1.291727 0.220219
v 0.337276 1.526879 0.395966
v 0.268336 1.506918 0.276772
v 0.314106 1.526644 0.327754
v 0.241571 1.567421 0.283697
v -0.034176 1.496731 0.248944
v 0.116584 1.636482 0.314460
v 0.122585 1.601294 0.279977
v 0.058618 1.617307 0.295404
v 0.009234 1.482192 0.289589
v -0.006403 1.523285 0.293725
v -0.033459 1.476037 0.292491
v -0.093360 1.453392 0.290792
v 0.052501 1.502534 0.291686
v 0.033126 1.540223 0.298258
v -0.054791 1.500269 0.289343
v 0.009234 1.482192 0.289589
v -0.046720 1.488824 0.290466
v -0.052662 1.495954 0.278920
v -0.044618 1.508622 0.294544
v -0.044525 1.479868 0.290411
v -0.054791 1.500269 0.289343
v -0.044525 1.479868 0.290411
v -0.045582 1.473745 0.280571
v -0.029744 1.471780 0.293389
v -0.088911 1.458380 0.283944
v -0.104216 1.480669 0.289267
v -0.104765 1.441401 0.284288
v -0.097218 1.479819 0.282732
v -0.033787 1.440150 0.287514
v -0.068557 1.426326 0.286640
v -0.040565 1.475343 0.284764
v -0.017767 1.474340 0.286740
v -0.042175 1.501719 0.291048
v -0.044336 1.452429 0.293100
v -0.029721 1.511328 0.285078
v -0.050108 1.456813 0.285849
v -0.044019 1.503248 0.273467
v -0.044618 1.508622 0.294544
v 0.033126 1.540223 0.298258
v 0.052501 1.502534 0.291686
v -0.047493 1.488957 0.279895
v -0.045326 1.480706 0.280079
v -0.029744 1.471780 0.293389
v -0.045680 1.472845 0.290535
v -0.046720 1.488824 0.290466
v -0.045680 1.472845 0.290535
v -0.033824 1.476168 0.276137
v -0.067983 1.442422 0.292554
v -0.088141 1.499628 0.283230
v -0.119918 1.479801 0.281973
v -0.068739 1.449403 0.285804
v -0.004034 1.519380 0.279210
v 0.050811 1.510550 0.278520
v 0.007135 1.487969 0.276540
v -0.006403 1.523285 0.293725
v -0.046822 1.495562 0.283163
v 0.038386 1.540258 0.284828
v 0.211534 1.631349 0.350860
v 0.358952 1.397949 0.308044
v 0.179082 1.598034 0.515988
v 0.386481 1.400325 0.377552
v 0.243081 1.602374 0.470839
v 0.371436 1.336753 0.297425
v 0.417937 1.356697 0.380081
v 0.038440 1.385235 0.223505
v 0.026625 1.444337 0.230681
v 0.201739 1.363607 0.237686
v 0.046972 1.311277 0.218737
v -0.022463 1.442807 0.238552
v -0.014023 1.381855 0.228585
v 0.104512 1.402246 0.223239
v -0.007877 1.302053 0.221807
v 0.089419 1.455747 0.233003
v 0.112905 1.336365 0.219201
v 0.202744 1.414276 0.230677
v 0.212749 1.572473 0.518997
v -0.067648 1.455481 0.289243
v -0.067648 1.455481 0.289243
v -0.061069 1.456613 0.289059
v -0.061069 1.456613 0.289059
v -0.082209 1.439791 0.294007
v -0.042521 1.451359 0.292776
v -0.048387 1.452216 0.275839
v -0.078995 1.456129 0.288117
v -0.050672 1.460510 0.289118
v -0.041978 1.448694 0.279936
v -0.050108 1.456813 0.285849
v -0.066946 1.506286 0.282912
v -0.046822 1.495562 0.283163
v -0.029721 1.511328 0.285078
v -0.102634 1.516830 0.281644
v -0.094595 1.507795 0.275362
v -0.119918 1.479801 0.281973
v -0.088141 1.499628 0.283230
v -0.104765 1.441401 0.284288
v -0.029098 1.474558 0.279227
v -0.092697 1.506385 0.289027
v -0.050672 1.460510 0.289118
v -0.096723 1.450569 0.277469
v -0.088911 1.458380 0.283944
v -0.051652 1.459351 0.279299
v -0.077616 1.443340 0.277019
v -0.082209 1.439791 0.294007
v -0.078309 1.454814 0.279330
v -0.078995 1.456129 0.288117
v -0.062019 1.453903 0.279728
v -0.068505 1.438642 0.279367
v -0.068557 1.426326 0.286640
v -0.033787 1.440150 0.287514
v -0.108414 1.479426 0.275703
v -0.102634 1.516830 0.281644
v -0.017767 1.474340 0.286740
v -0.040565 1.475343 0.284764
v -0.097218 1.479819 0.282732
v -0.064628 1.517226 0.276180
v -0.037540 1.503093 0.277632
v -0.064449 1.529163 0.283359
v -0.066619 1.514934 0.289734
v -0.064449 1.529163 0.283359
v -0.066946 1.506286 0.282912
v -0.068739 1.449403 0.285804
v -0.042521 1.451359 0.292776
v -0.067999 1.452956 0.280028
v 0.189782 1.480608 0.249706
v 0.208255 1.627380 0.467345
v 0.074118 1.576132 0.263517
v 0.175518 1.541340 0.552567
v 0.011524 1.563586 0.254589
v 0.026567 1.569354 0.586425
v 0.121282 1.558340 0.551172
v 0.083546 1.513068 0.246418
v 0.071974 1.545278 0.570373
v 0.029155 1.547541 0.576172
v 0.071812 1.565416 0.583879
v 0.019637 1.498646 0.241220
v 0.115877 1.573121 0.566531
v 0.081595 1.597421 0.564729
v -0.016150 1.576083 0.586476
v 0.082126 1.189121 0.370040
v 0.114482 1.205071 0.367660
v 0.090620 1.189239 0.359203
v 0.048663 1.226058 0.346563
v 0.115114 1.212776 0.376185
v 0.082126 1.189121 0.370040
v 0.080411 1.246381 0.335243
v 0.056488 1.225062 0.333440
v 0.056122 1.287203 0.330090
v -0.037130 1.336359 0.309432
v -0.060020 1.373857 0.299951
v -0.082830 1.424864 0.294097
v -0.082830 1.424864 0.294097
v 0.115114 1.212776 0.376185
v -0.076499 1.425574 0.276874
v -0.041248 1.439087 0.275304
v 0.082072 1.254990 0.346166
v -0.033665 1.441860 0.292682
v 0.082072 1.254990 0.346166
v -0.017296 1.399615 0.301240
v -0.033665 1.441860 0.292682
v 0.048663 1.226058 0.346563
v 0.053177 1.278478 0.319129
v -0.060020 1.373857 0.299951
v 0.002894 1.362380 0.309470
v -0.199908 1.492725 0.315270
v -0.162078 1.568452 0.318749
v -0.184612 1.534453 0.310471
v -0.103187 1.517104 0.295673
v -0.126153 1.473471 0.297848
v -0.185089 1.535449 0.319618
v -0.080907 1.501905 0.287070
v -0.087818 1.491181 0.286885
v -0.052202 1.375229 0.285759
v 0.056122 1.287203 0.330090
v -0.093562 1.467572 0.286961
v -0.093562 1.467572 0.286961
v -0.092647 1.482073 0.287112
v -0.108627 1.469333 0.292725
v 0.028246 1.258175 0.317793
v -0.003952 1.299239 0.305990
v -0.089770 1.509787 0.291843
v -0.080907 1.501905 0.287070
v 0.017970 1.261333 0.330874
v -0.103187 1.517104 0.295673
v -0.087818 1.491181 0.286885
v -0.116701 1.499093 0.298397
v -0.020475 1.391366 0.287064
v -0.029919 1.336486 0.295343
v -0.185089 1.535449 0.319618
v -0.000948 1.352872 0.296310
v -0.198365 1.492430 0.324008
v -0.011751 1.300512 0.319541
v -0.108627 1.469333 0.292725
v -0.093350 1.469539 0.277656
v -0.103481 1.494008 0.294986
v -0.092647 1.482073 0.287112
v -0.162078 1.568452 0.318749
v 0.002894 1.362380 0.309470
v 0.027957 1.326068 0.318357
v 0.023640 1.316808 0.306269
v -0.011751 1.300512 0.319541
v 0.027957 1.326068 0.318357
v 0.017970 1.261333 0.330874
v -0.017296 1.399615 0.301240
v -0.037130 1.336359 0.309432
v -0.198365 1.492430 0.324008
v -0.126153 1.473471 0.297848
v -0.162801 1.568153 0.307519
v -0.089770 1.509787 0.291843
v 0.272230 1.364465 0.563471
v 0.406142 1.359249 0.462484
v 0.216898 1.358995 0.592195
v 0.222369 1.319781 0.597944
v 0.153741 1.341879 0.619669
v 0.158019 1.366839 0.613143
v 0.089652 1.382816 0.628079
v -0.055834 1.512087 0.595255
v 0.217986 1.291745 0.593511
v 0.142854 1.305601 0.608544
v 0.032358 1.418037 0.621396
v 0.016121 1.385633 0.615888
v -0.011620 1.461532 0.612167
v 0.074502 1.338418 0.618907
v 0.336281 1.388450 0.521982
v 0.378718 1.397841 0.453287
v 0.350177 1.342902 0.528045
v 0.105655 1.783486 0.402007
v 0.292025 1.584624 0.474918
v 0.325210 1.514203 0.462211
v 0.200140 1.511926 0.567757
v 0.103955 1.667904 0.647622
v 0.137491 1.757340 0.434769
v 0.035893 1.669887 0.665167
v 0.087326 1.634849 0.601753
v 0.091381 1.475601 0.604731
v 0.050103 1.812202 0.360469
v 0.094813 1.731711 0.395876
v 0.090092 1.673673 0.387348
v 0.282183 1.490921 0.526504
v -0.099115 1.711358 0.510732
v -0.078036 1.631899 0.528846
v 0.031252 1.639438 0.620811
v -0.095327 1.661492 0.491556
v 0.142319 1.687990 0.609977
v -0.040751 1.690016 0.628788
v -0.099855 1.740112 0.457500
v 0.102607 1.605840 0.532591
v -0.012080 1.821827 0.364637
v 0.128624 1.722704 0.427745
v -0.014150 1.677623 0.376582
v 0.135849 1.692460 0.516592
v 0.248496 1.540579 0.527992
v 0.044364 1.742877 0.365693
v 0.041937 1.670945 0.366260
v -0.069493 1.746362 0.415484
v -0.075768 1.809958 0.417636
v -0.091072 1.720988 0.575439
v -0.033803 1.648513 0.599002
v 0.125463 1.661265 0.569356
v -0.066711 1.678241 0.406320
v -0.095327 1.661492 0.491556
v -0.093312 1.673625 0.447574
v -0.079601 1.679587 0.546783
v 0.023839 1.599398 0.567371
v 0.128097 1.639195 0.478449
v -0.138593 1.633278 0.424208
v -0.113661 1.654503 0.431913
v -0.109713 1.753659 0.531050
v -0.027399 1.608663 0.567153
v -0.113994 1.634590 0.481008
v -0.201873 1.089036 -0.051764
v 0.063985 1.594725 0.557141
v -0.099115 1.711358 0.510732
v 0.161641 1.452195 0.574432
v 0.091799 1.446686 0.594428
v 0.154127 1.766826 0.444323
v 0.159380 1.721299 0.538532
v 0.151867 1.487033 0.587198
v 0.234282 1.472112 0.558186
v 0.130967 1.512419 0.569954
v -0.174068 1.232159 0.497606
v -0.175498 1.118326 0.445293
v -0.224536 1.173333 0.519061
v -0.161172 1.122209 0.466166
v -0.161898 1.126327 0.512895
v -0.173925 1.106652 0.454389
v -0.174422 1.114145 0.503996
v -0.186942 1.263365 0.533888
v -0.178827 1.154405 0.211958
v -0.166094 1.174225 0.517292
v -0.179195 1.173333 0.519061
v -0.169011 0.913662 -0.292429
v -0.169793 0.994944 -0.021468
v -0.179993 0.890646 -0.632603
v -0.222807 1.080566 -0.049937
v -0.177306 0.737910 -0.998359
v -0.201866 0.895171 -0.633259
v -0.229268 1.158558 0.532623
v -0.180344 0.999026 -0.320046
v -0.164803 0.808638 -0.606572
v -0.171338 0.641593 -1.032852
v -0.174463 1.158558 0.532623
v -0.174225 1.124413 0.514374
v -0.184291 1.249814 0.562430
v -0.177514 1.220753 0.543080
v -0.179563 1.253583 0.555672
v -0.170337 1.063415 0.227433
v -0.164875 1.225143 0.533495
v -0.220793 1.155502 0.499235
v -0.229507 1.124413 0.514374
v -0.201866 0.740804 -1.000679
v -0.201866 0.693955 -1.038341
v -0.164946 1.174060 0.493984
v -0.161855 1.158334 0.531515
v -0.201866 1.179836 0.520821
v -0.174661 0.696837 -1.031514
v -0.169261 0.689576 -0.909483
v 0.151411 1.416167 0.594237
v 0.091443 1.427168 0.597699
v 0.202729 1.413060 0.583534
v 0.039132 1.457747 0.597222
v 0.313365 1.438009 0.526136
v 0.259605 1.420728 0.561892
v -0.088469 1.632324 0.536886
v -0.001530 1.491093 0.596343
v -0.091920 1.561655 0.564770
v -0.068833 1.585788 0.561643
v -0.017735 1.558284 0.571807
v -0.034217 1.545741 0.582295
v 0.039437 1.491183 0.606862
v -0.040620 1.527297 0.581602
v -0.109815 1.601082 0.530066
v 0.359913 1.454228 0.459126
v 0.082660 1.500857 0.577478
v 0.000070 1.515963 0.604021
v 0.032975 1.515290 0.576573
v 0.004716 1.528664 0.576692
v -0.012219 1.748032 0.374175
v -0.180940 1.080570 -0.049924
v 0.125363 1.668447 0.426707
v -0.107092 1.786637 0.470221
v -0.109713 1.753659 0.531050
v -0.131413 1.610115 0.474202
v -0.201866 1.154788 0.493260
v -0.201866 1.005038 -0.322368
v -0.126112 1.501536 0.281161
v -0.094249 1.510325 0.275207
v -0.110752 1.495395 0.552163
v -0.103732 1.492814 0.274410
v -0.088105 1.491209 0.277120
v -0.082371 1.500615 0.276922
v -0.091975 1.481836 0.277050
v -0.114254 1.525012 0.283476
v -0.116603 1.475923 0.556261
v -0.146643 1.541048 0.514140
v -0.130063 1.471208 0.551492
v -0.115640 1.485954 0.553938
v -0.105502 1.502578 0.550434
v -0.108897 1.472146 0.274769
v -0.132941 1.474786 0.283186
v -0.116014 1.512009 0.540110
v -0.124536 1.493239 0.544176
v -0.229268 1.158558 0.532623
v -0.224536 1.173333 0.519061
v -0.202170 1.215514 0.542649
v -0.237638 1.174225 0.517292
v -0.234470 0.689576 -0.909483
v -0.229507 1.124413 0.514374
v -0.229070 0.696837 -1.031514
v -0.232394 0.641593 -1.032852
v -0.226826 1.220753 0.543080
v -0.201866 1.248996 0.562479
v -0.219440 1.249814 0.562430
v -0.201866 1.290565 0.565815
v -0.238856 1.225143 0.533495
v -0.238786 1.174060 0.493984
v -0.201866 1.164259 0.208667
v -0.242560 1.122209 0.466166
v -0.233654 0.995196 -0.025543
v -0.201873 0.985384 -0.022226
v -0.201866 0.901049 -0.292215
v -0.201866 0.793190 -0.608198
v -0.223742 0.890510 -0.632921
v -0.238928 0.808638 -0.606572
v -0.241833 1.126327 0.512895
v -0.241876 1.158334 0.531515
v -0.201866 0.676101 -0.908441
v -0.201866 0.620968 -1.041838
v -0.234720 0.913662 -0.292429
v -0.223388 0.998953 -0.320266
v -0.201866 1.118267 0.509090
v -0.226425 0.737910 -0.998359
v -0.224169 1.253583 0.555672
v -0.201866 1.287377 0.605601
v -0.216789 1.263365 0.533888
v -0.201866 1.274499 0.520229
v -0.185261 1.297098 0.988879
v -0.201866 1.154788 0.493260
v -0.201866 1.118267 0.509090
v -0.201866 1.100874 0.448972
v -0.229663 1.232159 0.497606
v -0.224904 1.154405 0.211958
v -0.201866 1.242279 0.487998
v -0.228233 1.118326 0.445293
v -0.179195 1.173333 0.519061
v -0.201866 1.113110 0.440421
v -0.174225 1.124413 0.514374
v -0.233395 1.063415 0.227433
v -0.201866 1.055138 0.229270
v -0.229310 1.114145 0.503996
v -0.174463 1.158558 0.532623
v -0.182938 1.155502 0.499235
v -0.201866 1.179836 0.520821
v -0.229806 1.106652 0.454389
v -0.201866 1.109191 0.501013
v -0.176939 1.219711 0.988948
v -0.177911 1.264474 0.984925
v -0.185870 1.286654 0.996739
v -0.137808 1.499681 0.558345
v -0.077269 1.522861 0.545663
v -0.077269 1.522861 0.545663
v -0.057944 1.477950 0.563822
v -0.088529 1.505058 0.550931
v -0.142523 1.476622 0.564128
v -0.177312 1.465689 0.529062
v -0.169148 1.507895 0.525709
v -0.120606 1.490594 0.563672
v -0.122339 1.482207 0.569115
v -0.116014 1.512009 0.540110
v -0.146643 1.541048 0.514140
v -0.105502 1.502578 0.550434
v -0.163418 1.506691 0.517000
v -0.087600 1.507595 0.563031
v -0.059781 1.485224 0.575661
v 0.129175 1.566520 0.520412
v 0.123293 1.607531 0.492859
v -0.077456 1.488017 0.571818
v -0.077118 1.484107 0.561372
v -0.057944 1.477950 0.563822
v 0.156261 1.578625 0.499445
v 0.159722 1.589395 0.509577
v 0.104558 1.600634 0.507372
v -0.077118 1.484107 0.561372
v 0.128342 1.607261 0.501618
v -0.111640 1.505845 0.561554
v -0.117389 1.499264 0.562343
v -0.169759 1.464444 0.518820
v -0.130063 1.471208 0.551492
v -0.116603 1.475923 0.556261
v -0.110752 1.495395 0.552163
v -0.115640 1.485954 0.553938
v -0.169759 1.464444 0.518820
v 0.156261 1.578625 0.499445
v -0.077146 1.523067 0.562061
v -0.088529 1.505058 0.550931
v -0.124709 1.521009 0.556551
v -0.151841 1.544010 0.523459
v 0.123293 1.607531 0.492859
v 0.129175 1.566520 0.520412
v 0.131481 1.577240 0.527786
v -0.201752 1.285654 0.954578
v -0.201866 1.186079 0.910075
v -0.201866 1.250594 0.892970
v -0.217311 1.201339 0.891047
v -0.225388 1.245901 0.898795
v -0.179842 1.207347 0.547316
v -0.171299 1.159440 0.543520
v -0.179709 1.268869 0.673607
v -0.176258 1.183229 0.526377
v -0.176795 1.237781 0.628124
v -0.183082 1.339797 0.713096
v -0.175923 1.112598 0.548569
v -0.175189 1.211542 0.583963
v -0.172451 1.203173 0.605994
v -0.173883 1.135592 0.570656
v -0.178588 1.294832 0.681226
v -0.180794 1.172856 0.490010
v -0.170809 1.127338 0.536508
v -0.201866 1.154564 0.659385
v -0.186251 1.201027 0.891033
v -0.201866 1.154564 0.659385
v -0.217311 1.201339 0.891047
v -0.167058 1.108091 0.574970
v -0.184369 1.118166 0.569706
v -0.164775 1.123253 0.585192
v -0.220908 1.276101 0.957428
v -0.201866 1.192715 0.894936
v -0.201866 1.276982 0.910845
v -0.184082 1.206426 0.672792
v -0.201552 1.214924 0.997937
v -0.201866 1.179998 0.961426
v -0.201866 1.309000 0.985251
v -0.201866 1.305164 1.041838
v -0.201866 1.192715 0.894936
v -0.225240 1.190823 0.907731
v -0.164256 1.087830 0.608543
v -0.217559 1.234921 0.887839
v -0.179694 1.147521 0.622711
v -0.201866 1.212238 0.676372
v -0.147953 1.222903 0.656722
v -0.174749 1.195576 0.627607
v -0.222883 1.097474 0.530246
v -0.201866 1.366925 0.714958
v -0.220650 1.339797 0.713096
v -0.201866 1.338349 0.675697
v -0.201866 1.190334 0.514676
v -0.201866 1.221366 0.542054
v -0.223629 1.102297 0.512190
v -0.201866 1.095063 0.530724
v -0.201866 1.362933 0.775300
v -0.201866 1.329043 0.725980
v -0.216716 1.121715 0.470087
v -0.201866 1.101751 0.510380
v -0.225821 1.264542 0.984928
v -0.218470 1.297209 0.988884
v -0.226045 1.187933 0.962423
v -0.201866 1.120095 0.468998
v -0.182824 1.275319 0.957392
v -0.178492 1.190429 0.907713
v -0.180258 1.268656 0.916773
v -0.176821 1.195736 0.933245
v -0.201866 1.243751 0.887656
v -0.201866 1.212238 0.676372
v -0.226165 1.219711 0.988948
v -0.201866 1.268180 0.999297
v -0.217861 1.286679 0.996740
v -0.186003 1.233715 0.887784
v -0.201866 1.191534 0.492202
v -0.201866 1.198221 0.520996
v -0.219480 1.205729 0.672792
v -0.160285 1.115554 0.628274
v -0.167101 1.089511 0.579342
v -0.163307 1.252925 0.684756
v -0.166473 1.121936 0.617963
v -0.186003 1.233715 0.887784
v -0.222937 1.172700 0.490010
v -0.189570 1.163670 0.659962
v -0.232432 1.159440 0.543520
v -0.201866 1.111873 0.510882
v -0.201866 1.299983 0.659421
v -0.220407 1.179524 0.517911
v -0.201866 1.192715 0.894936
v -0.213993 1.163657 0.659962
v -0.186251 1.201027 0.891033
v -0.177687 1.187933 0.962423
v -0.223890 1.207347 0.547316
v -0.184082 1.206426 0.672792
v -0.178344 1.244010 0.898707
v -0.201866 1.282637 1.005452
v -0.156542 1.155136 0.644174
v -0.232922 1.127036 0.536508
v -0.187016 1.121757 0.470087
v -0.173225 1.251468 0.615401
v -0.206771 1.181317 0.490852
v -0.227473 1.183229 0.526377
v -0.229848 1.135592 0.570656
v -0.178182 1.161527 0.490797
v -0.184765 1.113075 0.511569
v -0.226911 1.196220 0.933267
v -0.201866 1.189681 0.928620
v -0.175200 1.139875 0.580408
v -0.201866 1.154564 0.659385
v -0.189570 1.163670 0.659962
v -0.183324 1.179524 0.517911
v -0.179834 1.159324 0.534742
v -0.179981 1.134639 0.529879
v -0.180848 1.097474 0.530246
v -0.180102 1.102483 0.512190
v -0.196792 1.181401 0.490852
v -0.223473 1.270312 0.916849
v -0.201866 1.243751 0.887656
v -0.217559 1.234921 0.887839
v -0.000351 1.500869 0.557264
v 0.034871 1.558747 0.550765
v 0.050013 1.521970 0.549326
v 0.032494 1.560036 0.538569
v 0.050101 1.532178 0.563303
v 0.050013 1.521970 0.549326
v 0.094439 1.544867 0.539090
v 0.095252 1.555927 0.550462
v 0.104558 1.600634 0.507372
v 0.076621 1.580729 0.538326
v 0.110036 1.600706 0.517078
v 0.073203 1.581720 0.526971
v 0.073203 1.581720 0.526971
v 0.094439 1.544867 0.539090
v -0.049593 1.485632 0.562104
v 0.032494 1.560036 0.538569
v -0.218966 1.112930 0.511569
v -0.201866 1.265068 0.602756
v 0.223861 1.092164 0.412340
v 0.217433 1.084757 0.417906
v 0.217433 1.084757 0.417906
v 0.209159 1.115446 0.432429
v 0.208721 1.105861 0.446943
v 0.204392 1.085336 0.417722
v 0.199037 1.102714 0.444117
v -0.225143 1.294863 0.681226
v -0.231281 1.202483 0.605994
v -0.228983 1.194035 0.627607
v -0.015906 1.539788 0.543544
v -0.015906 1.539788 0.543544
v -0.015878 1.538658 0.556251
v -0.049593 1.485632 0.562104
v 0.208721 1.105861 0.446943
v 0.199037 1.102714 0.444117
v 0.077046 1.026286 0.274897
v 0.196461 1.109089 0.432586
v 0.070857 1.007222 0.285064
v 0.076836 1.009848 0.274574
v 0.073466 1.030850 0.288952
v 0.214869 1.111135 0.441329
v 0.070781 1.018227 0.295791
v -0.063972 1.523050 0.560235
v -0.000351 1.500869 0.557264
v 0.196461 1.109089 0.432586
v -0.063907 1.522668 0.545687
v -0.002788 1.509898 0.569410
v -0.050355 1.494785 0.574143
v 0.070857 1.007222 0.285064
v 0.214869 1.111135 0.441329
v 0.209159 1.115446 0.432429
v -0.219363 1.118166 0.569706
v -0.230507 1.251406 0.615401
v -0.201866 1.284056 0.692137
v -0.224022 1.268916 0.673607
v -0.236673 1.108091 0.574970
v 0.112987 1.012365 0.304174
v 0.208721 1.105861 0.446943
v -0.201866 1.232491 0.575178
v 0.217214 1.100449 0.405623
v 0.209159 1.115446 0.432429
v -0.063907 1.522668 0.545687
v -0.201866 1.111936 0.563636
v -0.238957 1.123192 0.585192
v -0.228531 1.139869 0.580408
v -0.227809 1.112598 0.548569
v -0.228542 1.211455 0.583963
v -0.226937 1.237561 0.628124
v -0.223751 1.134382 0.529879
v -0.223897 1.159324 0.534742
v -0.247189 1.154772 0.644174
v -0.237258 1.121612 0.617963
v -0.224037 1.145940 0.622711
v -0.240425 1.252970 0.684756
v -0.201866 1.104574 0.636518
v -0.243446 1.116065 0.628274
v -0.203896 1.289470 0.739796
v -0.201866 1.229614 0.687496
v -0.213993 1.163657 0.659962
v -0.201866 1.146432 0.652256
v -0.219480 1.205729 0.672792
v -0.255778 1.222750 0.656722
v -0.201866 1.082112 0.611015
v -0.239475 1.087830 0.608543
v -0.201866 1.086844 0.576228
v 0.120102 1.015436 0.293780
v 0.188974 1.123759 0.434712
v 0.188974 1.123759 0.434712
v 0.212223 1.130371 0.465368
v 0.112987 1.012365 0.304174
v 0.109290 1.038580 0.301469
v 0.187065 1.117140 0.467507
v 0.145864 1.048618 0.324394
v 0.181351 1.114809 0.453805
v 0.159273 1.028282 0.318481
v 0.155299 1.043040 0.315092
v 0.151213 1.025996 0.330938
v 0.183208 1.041804 0.351849
v 0.190640 1.065092 0.383798
v 0.210535 1.063126 0.371139
v 0.204952 1.057411 0.379138
v 0.191818 1.112030 0.430686
v 0.188974 1.123759 0.434712
v 0.197915 1.115592 0.469967
v 0.208788 1.118620 0.430273
v 0.172651 1.121734 0.442099
v 0.190137 1.045650 0.343125
v 0.169408 1.052608 0.358781
v 0.205128 1.131648 0.436382
v 0.187467 1.126826 0.432929
v 0.151213 1.025996 0.330938
v 0.182713 1.061022 0.340917
v 0.106269 1.028950 0.310116
v 0.215282 1.129150 0.456707
v 0.117100 1.032471 0.290250
v 0.183208 1.041804 0.351849
v 0.204952 1.057411 0.379138
v 0.204226 1.075670 0.366200
v 0.190121 1.077294 0.375353
v 0.208788 1.118620 0.430273
v 0.205128 1.131648 0.436382
v 0.187697 1.102676 0.446965
v 0.141602 1.039770 0.335282
v 0.170969 1.063168 0.351265
v 0.202010 1.098637 0.407377
v -0.225550 1.161259 0.490797
v -0.236630 1.089511 0.579342
vn 0.864175 0.288058 -0.412582
vn 0.709112 -0.236371 0.664295
vn -0.709112 0.236371 0.664295
vn 0.289287 0.867861 0.403894
vn 0.864175 0.288058 -0.412582
vn -0.235033 0.705100 -0.669025
vn 0.235033 -0.705100 -0.669025
vn -0.864175 -0.288059 -0.412582
vn 0.709112 -0.236371 0.664295
vn -0.289287 -0.867861 0.403893
vn 0.864175 0.288058 -0.412582
vn 0.235033 -0.705100 -0.669025
vn -0.289287 -0.867861 0.403893
vn 0.709112 -0.236371 0.664295
vn -0.864175 -0.288059 -0.412582
vn -0.709112 0.236371 0.664295
vn 0.289287 0.867861 0.403894
vn -0.235033 0.705100 -0.669025
vn 0.978125 0.199356 -0.059400
vn 0.965876 0.249027 -0.071203
vn 0.976586 0.203384 -0.070100
vn 0.986570 0.149472 -0.065856
vn 0.868302 -0.468124 0.164045
vn 0.001406 -0.935272 0.353926
vn 0.000235 -0.948634 0.316374
vn 0.860698 -0.486761 0.149208
vn 0.000011 -0.979452 -0.201675
vn 0.926945 -0.336383 -0.166191
vn -0.000023 -0.961441 0.275012
vn -0.001507 -0.994539 0.104353
vn 0.000828 -0.916517 0.399995
vn 0.955909 -0.292163 -0.029658
vn -0.748278 0.627317 -0.215763
vn -0.000001 -0.986993 0.160763
vn -0.766387 0.640534 -0.048655
vn -0.999768 0.012979 -0.017216
vn -0.978919 -0.189311 0.076675
vn -0.655438 -0.754285 -0.038146
vn -0.901415 0.364139 -0.234210
vn -0.868111 -0.465953 0.171085
vn 0.000008 0.708519 -0.705691
vn -0.000003 0.968279 -0.249871
vn 0.368420 0.894485 -0.253305
vn 0.986253 0.137239 -0.092038
vn 0.982260 0.122930 -0.141611
vn -0.974507 0.214981 -0.064182
vn -0.981080 0.183448 -0.061870
vn 0.749781 0.625875 -0.214733
vn 0.527765 -0.843032 0.103731
vn 0.903067 0.360962 -0.232758
vn 0.926945 -0.336383 -0.166191
vn -0.943509 -0.309367 0.118671
vn -0.955908 -0.292166 -0.029660
vn -0.965621 0.249890 -0.071627
vn 0.870171 0.448528 -0.204022
vn 0.941208 -0.111335 -0.318953
vn 0.949326 -0.192029 -0.248808
vn -0.982454 0.087248 -0.164837
vn 0.763267 0.644618 -0.043486
vn -0.867501 0.453110 -0.205263
vn -0.965429 0.243044 -0.094219
vn -0.962493 0.265982 -0.053479
vn -0.986364 0.139722 -0.086974
vn -0.946986 0.282583 0.152852
vn -0.007944 0.838128 0.545416
vn 0.962927 0.264489 -0.053075
vn 0.870171 0.448528 -0.204022
vn -0.000575 0.885934 -0.463811
vn -0.860699 -0.486291 0.150727
vn 0.999762 0.013810 -0.016920
vn 0.869974 -0.485878 -0.084066
vn 0.978896 -0.189295 0.077004
vn 0.657243 -0.752772 -0.036954
vn 0.000004 0.398156 -0.917318
vn 0.763267 0.644618 -0.043486
vn -0.516520 0.814690 -0.263604
vn -0.928195 -0.330822 -0.170328
vn -0.986594 0.153489 -0.055439
vn 0.870171 0.448528 -0.204022
vn 0.967112 0.237283 -0.091604
vn 0.945696 0.283657 0.158739
vn -0.000517 0.936342 -0.351088
vn -0.855741 -0.500017 0.133009
vn -0.867501 0.453110 -0.205263
vn -0.001800 0.976847 0.213930
vn 0.982455 0.087248 -0.164834
vn 0.000001 0.973683 -0.227908
vn -0.766387 0.640534 -0.048655
vn -0.982258 0.122934 -0.141617
vn 0.967112 0.237283 -0.091604
vn 0.949326 -0.192029 -0.248808
vn -0.000001 -0.998323 0.057898
vn -0.949774 -0.188717 -0.249630
vn -0.000001 -0.998323 0.057898
vn -0.872218 -0.480831 -0.089653
vn -0.001479 -0.981326 -0.192348
vn -0.928195 -0.330822 -0.170328
vn -0.001507 -0.994539 0.104353
vn 0.855209 -0.500782 0.133546
vn -0.965429 0.243044 -0.094219
vn 0.943618 -0.311252 0.112731
vn -0.940956 -0.110001 -0.320159
vn -0.000001 -0.919208 -0.393772
vn -0.527429 -0.843268 0.103531
vn -0.949774 -0.188717 -0.249630
vn 0.000915 -0.999167 0.040798
vn -0.867501 0.453110 -0.205263
vn -0.130058 -0.774466 -0.619101
vn -0.397087 -0.869254 0.294483
vn -0.159005 -0.984807 0.069798
vn 0.439407 0.007615 0.898256
vn 0.470014 0.077769 -0.879226
vn -0.140977 0.388329 -0.910673
vn -0.544778 -0.292244 -0.786009
vn -0.631940 0.068190 -0.772012
vn -0.714487 -0.611212 -0.340484
vn 0.545533 -0.477931 -0.688459
vn -0.700001 -0.357409 -0.618270
vn -0.044846 -0.340936 -0.939016
vn 0.470014 0.077769 -0.879226
vn 0.025102 -0.771922 0.635221
vn -0.369638 -0.809543 -0.456079
vn -0.544778 -0.292244 -0.786009
vn -0.895383 0.354508 -0.269467
vn 0.592559 0.511530 -0.622263
vn 0.693920 0.420524 0.584495
vn -0.046560 -0.986928 0.154288
vn 0.338409 -0.901792 0.268796
vn 0.065974 0.903478 -0.423527
vn -0.302088 0.198540 0.932376
vn 0.312268 0.853576 -0.417010
vn -0.046560 -0.986928 0.154288
vn -0.454735 -0.612895 0.646201
vn 0.723667 0.632402 -0.276358
vn -0.311550 -0.868327 -0.385934
vn -0.159005 -0.984807 0.069798
vn 0.580929 -0.676552 -0.452548
vn 0.619108 0.456747 0.638817
vn 0.775580 0.630898 -0.021031
vn -0.081483 0.775977 -0.625476
vn 0.693920 0.420524 0.584495
vn 0.081296 -0.893759 -0.441119
vn -0.399852 0.912496 0.086429
vn -0.484182 0.393222 -0.781629
vn -0.252491 0.873719 -0.415769
vn -0.516631 -0.274969 0.810855
vn 0.225611 0.393437 0.891239
vn 0.692192 0.703920 0.159272
vn 0.904837 -0.181180 0.385283
vn 0.405720 0.363169 -0.838749
vn 0.336067 0.779837 -0.528121
vn 0.862819 0.426474 -0.271410
vn 0.107529 0.968064 0.226472
vn 0.862819 0.426474 -0.271410
vn -0.227313 0.972986 -0.040333
vn 0.220468 0.424102 0.878369
vn 0.065974 0.903478 -0.423527
vn -0.338724 0.252682 -0.906321
vn 0.312268 0.853576 -0.417010
vn 0.592559 0.511530 -0.622263
vn 0.107529 0.968064 0.226472
vn -0.277551 0.918050 0.283108
vn 0.163061 0.595683 0.786494
vn 0.214790 -0.183151 -0.959334
vn 0.336067 0.779837 -0.528121
vn -0.304794 0.920349 -0.245068
vn -0.227313 0.972986 -0.040333
vn -0.060355 -0.566810 -0.821634
vn -0.296227 -0.502717 0.812112
vn -0.530101 0.263504 0.805952
vn -0.215071 -0.258541 0.941754
vn -0.340132 0.081691 0.936823
vn -0.807182 -0.204334 0.553809
vn -0.842062 0.045911 0.537424
vn -0.710941 -0.457221 0.534333
vn -0.612233 -0.444580 0.653849
vn -0.340132 0.081691 0.936823
vn -0.636597 -0.109145 0.763434
vn -0.530101 0.263504 0.805952
vn -0.698579 0.233875 0.676233
vn -0.215071 -0.258541 0.941754
vn -0.296227 -0.502717 0.812112
vn 0.025102 -0.771922 0.635221
vn 0.756789 -0.534704 0.375981
vn -0.140977 0.388329 -0.910673
vn 0.069980 -0.396679 -0.915286
vn 0.069980 -0.396679 -0.915286
vn -0.631940 0.068190 -0.772012
vn -0.202509 0.976083 -0.079076
vn 0.338409 -0.901792 0.268796
vn -0.397087 -0.869254 0.294483
vn -0.067549 0.903779 -0.422635
vn 0.430470 0.837260 -0.337182
vn 0.455461 0.865393 -0.208926
vn 0.081296 -0.893759 -0.441119
vn 0.336067 0.779837 -0.528121
vn 0.112567 0.716886 0.688043
vn -0.823429 -0.328538 0.462632
vn 0.620391 0.116287 -0.775624
vn -0.369638 -0.809543 -0.456079
vn -0.150133 -0.962658 0.225279
vn -0.903997 -0.355107 -0.238094
vn 0.957497 -0.098500 -0.271105
vn 0.023563 0.841545 0.539672
vn -0.387405 0.665551 0.637934
vn 0.843052 -0.311408 -0.438507
vn 0.196255 -0.774378 -0.601517
vn 0.446128 -0.357933 -0.820276
vn -0.983517 -0.175297 -0.044339
vn 0.250054 -0.382031 0.889677
vn -0.690838 0.527678 0.494266
vn -0.311550 -0.868327 -0.385934
vn -0.455755 0.882296 -0.117648
vn 0.746989 0.592997 0.300601
vn 0.768598 -0.500042 -0.399017
vn 0.013875 0.999878 -0.007126
vn -0.636211 0.637782 0.434131
vn 0.703004 0.648181 0.292653
vn 0.629413 -0.608363 -0.483460
vn -0.747677 0.346053 -0.566769
vn 0.196255 -0.774378 -0.601517
vn -0.892491 -0.370245 -0.257640
vn 0.545533 -0.477931 -0.688459
vn 0.955179 0.166003 0.245103
vn -0.553949 -0.666082 -0.499474
vn 0.359697 -0.600140 -0.714458
vn 0.725875 -0.130001 -0.675429
vn 0.230616 -0.956357 -0.179435
vn -0.625010 0.672412 0.396517
vn -0.490006 -0.871643 0.011511
vn -0.993911 -0.072431 0.083035
vn 0.759084 -0.385809 0.524349
vn 0.580929 -0.676552 -0.452548
vn 0.796004 0.434494 -0.421416
vn 0.775580 0.630898 -0.021031
vn -0.202509 0.976083 -0.079076
vn -0.700001 -0.357409 -0.618270
vn 0.692192 0.703920 0.159272
vn 0.430470 0.837260 -0.337182
vn -0.827550 -0.292369 -0.479251
vn -0.067549 0.903779 -0.422635
vn -0.903997 -0.355107 -0.238094
vn -0.667752 -0.187677 -0.720337
vn 0.741002 0.455861 -0.493059
vn 0.741002 0.455861 -0.493059
vn -0.252491 0.873719 -0.415769
vn 0.446128 -0.357933 -0.820276
vn 0.918066 -0.388786 0.077466
vn -0.444926 -0.865855 -0.228773
vn 0.532894 -0.801522 0.271268
vn -0.951706 -0.112782 0.285546
vn 0.634093 0.562906 0.530153
vn -0.526903 0.601563 -0.600412
vn -0.484182 0.393222 -0.781629
vn -0.693609 0.665782 0.275028
vn -0.044846 -0.340936 -0.939016
vn 0.843052 -0.311408 -0.438507
vn -0.399852 0.912496 0.086429
vn -0.667752 -0.187677 -0.720337
vn -0.841212 0.157705 0.517196
vn -0.549079 -0.634808 -0.543629
vn -0.323762 -0.316126 0.891764
vn 0.217552 -0.821316 0.527363
vn -0.194997 0.642696 -0.740890
vn -0.323762 -0.316126 0.891764
vn -0.725293 0.644970 -0.240755
vn -0.092885 -0.164094 0.982062
vn -0.784398 0.334830 0.522119
vn -0.092885 -0.164094 0.982062
vn -0.318144 0.946945 -0.045601
vn -0.086083 0.371293 0.924517
vn 0.192315 0.226983 0.954722
vn 0.192315 0.226983 0.954722
vn -0.303964 0.741935 0.597611
vn 0.024673 0.675110 -0.737305
vn 0.379991 -0.649006 -0.659089
vn -0.450373 0.892236 -0.032840
vn 0.572793 0.305048 -0.760825
vn -0.324945 0.593080 -0.736659
vn -0.936372 -0.243996 0.252336
vn 0.839840 -0.212855 -0.499360
vn 0.154546 -0.098541 -0.983059
vn -0.265754 0.381893 -0.885174
vn 0.706184 -0.441074 -0.553857
vn -0.117509 -0.054017 0.991602
vn 0.995055 0.098117 0.015460
vn 0.931092 -0.041675 -0.362397
vn 0.377789 -0.097371 -0.920758
vn 0.918147 -0.360411 0.164651
vn 0.753386 0.324220 0.572093
vn 0.466184 0.415517 -0.781037
vn 0.829874 0.245719 -0.500930
vn 0.603272 -0.345102 0.719004
vn -0.192019 0.686907 -0.700918
vn 0.133461 0.715422 0.685828
vn -0.392838 0.580015 0.713625
vn 0.772661 0.074649 0.630415
vn 0.004415 -0.957646 0.287914
vn -0.454735 -0.612895 0.646201
vn 0.985731 -0.105500 0.131166
vn 0.469932 -0.881329 -0.049229
vn 0.894522 0.107126 -0.433998
vn 0.992631 -0.091114 0.079880
vn -0.963887 0.250073 -0.091573
vn -0.835247 -0.218239 0.504711
vn 0.255595 -0.760074 0.597460
vn 0.791141 -0.169960 0.587545
vn -0.430869 0.302200 -0.850310
vn 0.488144 -0.221396 0.844215
vn -0.903568 0.155000 -0.399425
vn -0.390072 -0.490920 0.779000
vn 0.083094 0.194000 0.977476
vn -0.936372 -0.243996 0.252336
vn -0.749937 -0.011163 0.661415
vn 0.599919 -0.593178 -0.536877
vn 0.715442 -0.697946 0.031841
vn 0.369656 0.301618 -0.878852
vn -0.567096 0.593252 0.571362
vn 0.853660 -0.346529 0.388821
vn 0.083094 0.194000 0.977476
vn -0.086083 0.371293 0.924517
vn 0.572401 -0.508830 0.642999
vn 0.657558 -0.085863 0.748495
vn 0.965311 -0.257903 0.040752
vn 0.140272 -0.781924 -0.607387
vn 0.493254 -0.869761 -0.014696
vn 0.227783 0.042963 -0.972764
vn 0.328872 -0.932072 -0.151939
vn -0.060355 -0.566810 -0.821634
vn 0.925256 -0.030962 -0.378078
vn 0.996831 -0.072543 0.032641
vn 0.930184 0.016755 -0.366711
vn -0.409291 0.470064 -0.781998
vn 0.083719 0.727911 -0.680541
vn -0.501699 0.858373 -0.107208
vn 0.469081 0.153901 -0.869642
vn -0.962492 0.235484 -0.134746
vn 0.419667 0.221480 -0.880242
vn 0.662231 0.242295 -0.709044
vn 0.567759 -0.534228 -0.626299
vn -0.390072 -0.490920 0.779000
vn -0.539759 0.838534 -0.074300
vn -0.549079 -0.634808 -0.543629
vn -0.903568 0.155000 -0.399425
vn -0.032141 0.079972 0.996279
vn 0.084627 -0.822090 0.563033
vn 0.592642 -0.805394 0.010749
vn -0.375690 -0.478795 0.793481
vn -0.375690 -0.478795 0.793481
vn -0.453717 0.559505 0.693610
vn -0.032141 0.079972 0.996279
vn -0.454735 -0.612895 0.646201
vn -0.534194 -0.841458 -0.081146
vn 0.467810 -0.840475 0.273414
vn -0.534194 -0.841458 -0.081146
vn -0.839574 -0.459267 -0.290155
vn -0.115079 -0.987904 0.103934
vn 0.494214 -0.449546 0.744084
vn 0.012869 0.658425 0.752537
vn 0.312687 0.114250 0.942960
vn 0.689452 0.458236 -0.560960
vn -0.950567 0.310346 -0.010384
vn -0.839574 -0.459267 -0.290155
vn -0.520235 0.802596 0.291881
vn -0.922017 -0.380277 -0.072626
vn 0.346428 0.044686 -0.937012
vn -0.399536 0.056412 -0.914980
vn 0.370559 0.132416 -0.919321
vn 0.687875 -0.528090 -0.497946
vn 0.923653 0.326834 0.200113
vn 0.398602 0.916969 0.016859
vn 0.579995 0.047015 -0.813262
vn 0.346428 0.044686 -0.937012
vn 0.930251 -0.349341 0.112225
vn -0.292563 0.557761 -0.776730
vn 0.888523 0.002965 -0.458822
vn 0.162534 0.763428 -0.625108
vn 0.345741 0.210743 -0.914358
vn 0.021059 0.415703 0.909257
vn 0.412921 -0.021692 0.910508
vn 0.467810 -0.840475 0.273414
vn 0.203079 -0.850117 0.485860
vn -0.347463 -0.839655 0.417431
vn 0.203079 -0.850117 0.485860
vn -0.364699 0.864293 -0.346399
vn 0.830642 -0.191352 0.522895
vn 0.748822 0.384030 -0.540173
vn 0.021059 0.415703 0.909257
vn 0.409957 0.326244 -0.851763
vn 0.825364 0.225752 -0.517503
vn -0.428713 -0.280974 -0.858638
vn 0.579995 0.047015 -0.813262
vn 0.888523 0.002965 -0.458822
vn -0.327394 -0.214479 -0.920224
vn 0.689452 0.458236 -0.560960
vn 0.825364 0.225752 -0.517503
vn 0.409957 0.326244 -0.851763
vn 0.345741 0.210743 -0.914358
vn 0.370559 0.132416 -0.919321
vn 0.482101 0.023188 0.875808
vn 0.518085 -0.694559 0.499175
vn -0.575988 0.291876 0.763575
vn 0.518085 -0.694559 0.499175
vn -0.735345 0.263685 0.624290
vn 0.516706 0.087294 0.851701
vn -0.762760 0.345625 -0.546572
vn 0.438981 -0.457488 0.773305
vn 0.399516 -0.189189 0.896992
vn 0.878772 -0.358469 -0.315056
vn -0.837731 0.398140 -0.373752
vn -0.280468 0.460586 -0.842139
vn -0.963313 0.184122 0.195262
vn -0.928868 0.347488 0.128279
vn -0.908248 0.346101 0.235159
vn -0.282430 -0.268550 0.920931
vn 0.732145 -0.420459 0.535889
vn -0.096528 0.200761 -0.974873
vn -0.874981 0.309039 0.372698
vn -0.936737 0.138956 0.321272
vn 0.818606 -0.406708 0.405551
vn -0.005834 -0.166930 0.985951
vn -0.341171 0.279301 -0.897549
vn 0.712154 -0.189286 -0.676023
vn 0.403913 -0.046515 -0.913614
vn -0.763064 0.235841 0.601758
vn -0.910525 0.408358 -0.064712
vn -0.665457 -0.243506 0.705600
vn -0.817594 0.309689 -0.485420
vn 0.482101 0.023188 0.875808
vn 0.370971 -0.036544 0.927925
vn 0.250204 0.018625 -0.968014
vn 0.403913 -0.046515 -0.913614
vn -0.722639 0.356145 -0.592414
vn 0.250204 0.018625 -0.968014
vn 0.892464 0.150666 -0.425215
vn -0.804885 0.202955 -0.557646
vn 0.183201 -0.187679 -0.964994
vn 0.185343 -0.293582 -0.937794
vn 0.094444 -0.995229 0.024471
vn 0.811792 -0.550103 0.195909
vn -0.619029 0.402107 0.674620
vn 0.921199 -0.380615 -0.080779
vn -0.571069 0.799878 0.184596
vn 0.523955 0.697474 0.488878
vn -0.840546 0.531030 -0.107188
vn -0.393537 0.317657 -0.862683
vn -0.424311 0.814106 -0.396474
vn 0.748822 0.384030 -0.540173
vn 0.070749 0.814745 -0.575487
vn -0.274276 -0.785919 0.554169
vn 0.046124 0.014127 -0.998836
vn -0.107830 -0.101835 0.988940
vn 0.839300 -0.501800 0.209219
vn 0.672948 -0.334545 -0.659713
vn 0.826125 -0.395206 0.401659
vn 0.107744 0.224877 -0.968412
vn 0.922096 -0.310359 -0.231120
vn 0.121925 -0.903883 0.410037
vn -0.719518 0.686730 -0.103424
vn 0.121925 -0.903883 0.410037
vn 0.438981 -0.457488 0.773305
vn -0.546903 -0.009924 0.837137
vn 0.898734 -0.393110 0.194272
vn 0.186224 -0.147964 0.971302
vn -0.899618 0.180831 -0.397477
vn 0.444182 0.250038 0.860339
vn -0.513213 0.761905 0.395112
vn -0.705935 0.130202 -0.696206
vn 0.184400 -0.339151 -0.922482
vn 0.163766 -0.983337 -0.078926
vn 0.132236 -0.360720 -0.923252
vn 0.163766 -0.983337 -0.078926
vn 0.895811 0.441962 -0.046830
vn 0.926699 -0.372830 -0.047183
vn 0.516706 0.087294 0.851701
vn 0.420947 0.087961 0.902810
vn -0.733132 0.084431 -0.674825
vn 0.407432 -0.129968 -0.903940
vn -0.821417 0.540462 0.182143
vn 0.487276 0.485744 0.725682
vn -0.709472 0.527683 0.467119
vn 0.113942 0.279718 0.953297
vn 0.428727 -0.206349 -0.879553
vn 0.181465 -0.574606 -0.798059
vn 0.212391 -0.349778 -0.912439
vn 0.196231 -0.034040 0.979967
vn -0.821313 0.399491 0.407249
vn -0.756197 0.031023 0.653609
vn -0.024307 -0.577668 -0.815910
vn -0.486619 -0.805154 0.339011
vn -0.838184 0.193872 -0.509766
vn -0.631513 0.431868 -0.643958
vn 0.181465 -0.574606 -0.798059
vn 0.603726 0.537366 -0.588856
vn 0.939497 -0.296359 0.171803
vn 0.430931 0.777027 0.458834
vn 0.986744 -0.120537 -0.108656
vn 0.420947 0.087961 0.902810
vn 0.718841 -0.682316 -0.133088
vn -0.364699 0.864293 -0.346399
vn -0.637031 0.457767 -0.620194
vn 0.882480 -0.426794 -0.197676
vn -0.611033 0.325959 -0.721380
vn -0.893216 0.393348 0.217815
vn -0.899553 0.051979 -0.433708
vn 0.487276 0.485744 0.725682
vn 0.444182 0.250038 0.860339
vn 0.151133 -0.515365 -0.843538
vn 0.933549 -0.310615 0.178900
vn -0.259863 -0.911250 0.319523
vn 0.698363 -0.547988 0.460433
vn 0.300748 -0.415454 0.858457
vn 0.696452 -0.614202 -0.371094
vn 0.207212 -0.589381 0.780829
vn -0.383048 0.831599 0.402140
vn 0.212391 -0.349778 -0.912439
vn 0.412921 -0.021692 0.910508
vn 0.165219 -0.188002 -0.968172
vn 0.009983 0.227143 -0.973810
vn -0.432977 0.546898 0.716543
vn 0.436083 -0.104068 -0.893869
vn 0.399516 -0.189189 0.896992
vn 0.902779 -0.395046 0.170087
vn 0.428727 -0.206349 -0.879553
vn 0.285724 0.933325 -0.217407
vn 0.014410 -0.824653 -0.565455
vn -0.734238 0.668381 0.119006
vn 0.407432 -0.129968 -0.903940
vn -0.672146 0.372494 -0.639897
vn -0.828205 0.299283 0.473821
vn 0.155557 -0.951003 -0.267199
vn -0.250101 0.767592 -0.590128
vn 0.678109 0.020887 -0.734665
vn -0.107830 -0.101835 0.988940
vn -0.174590 -0.086149 0.980865
vn 0.014410 -0.824653 -0.565455
vn 0.436083 -0.104068 -0.893869
vn -0.607043 0.227358 -0.761450
vn -0.828343 -0.097240 -0.551717
vn -0.784592 -0.461307 0.414260
vn -0.105765 -0.093146 0.990019
vn 0.673177 -0.174306 -0.718645
vn 0.734337 -0.178322 -0.654943
vn -0.668174 0.244349 0.702735
vn -0.161712 -0.677927 0.717122
vn -0.088433 -0.108713 0.990132
vn 0.832677 -0.543297 0.107129
vn -0.428713 -0.280974 -0.858638
vn -0.428713 -0.280974 -0.858638
vn 0.474952 0.354835 0.805303
vn -0.631513 0.431868 -0.643958
vn -0.993901 0.100952 -0.044375
vn -0.562032 -0.684151 0.464820
vn 0.207212 -0.589381 0.780829
vn -0.930951 -0.344070 -0.122255
vn -0.334960 0.276892 -0.900629
vn -0.282430 -0.268550 0.920931
vn -0.325412 0.274164 -0.904954
vn 0.696452 -0.614202 -0.371094
vn -0.275526 0.930993 -0.239452
vn -0.531518 -0.036991 0.846239
vn -0.097560 -0.425467 -0.899700
vn -0.275526 0.930993 -0.239452
vn -0.651429 -0.742409 -0.156426
vn -0.160903 0.690136 0.705565
vn -0.574970 -0.532242 -0.621392
vn -0.364699 0.864293 -0.346399
vn -0.543284 0.820802 0.176427
vn 0.830490 0.186942 0.524727
vn 0.892907 -0.258892 -0.368363
vn 0.194859 0.162463 0.967283
vn 0.823067 0.527433 -0.210655
vn -0.105765 -0.093146 0.990019
vn -0.174590 -0.086149 0.980865
vn 0.281384 0.341034 0.896950
vn 0.615247 0.277345 0.737937
vn -0.574970 -0.532242 -0.621392
vn -0.024307 -0.577668 -0.815910
vn 0.632922 -0.136002 -0.762176
vn -0.437801 0.323678 -0.838786
vn 0.706639 -0.173046 -0.686088
vn -0.923511 0.353789 0.148190
vn -0.930416 0.353176 0.097943
vn 0.833243 -0.401381 0.380263
vn -0.924390 0.379703 0.036446
vn 0.881527 -0.470666 0.037195
vn -0.161712 -0.677927 0.717122
vn 0.830642 -0.191352 0.522895
vn 0.155557 -0.951003 -0.267199
vn 0.021059 0.415703 0.909257
vn 0.860560 -0.463968 0.210166
vn 0.298224 -0.217428 0.929401
vn -0.679052 -0.241204 -0.693332
vn -0.716364 -0.665585 -0.209329
vn 0.370971 -0.036544 0.927925
vn 0.647105 -0.604037 0.465182
vn -0.827971 0.134082 -0.544505
vn 0.949380 -0.256009 0.182038
vn 0.920771 -0.388497 -0.035374
vn 0.250361 0.627868 0.736953
vn 0.247216 -0.928230 -0.277980
vn 0.523955 0.697474 0.488878
vn -0.808126 -0.416236 -0.416750
vn -0.383048 0.831599 0.402140
vn 0.032421 -0.915197 0.401700
vn 0.961383 -0.119691 0.247825
vn 0.352730 -0.814475 -0.460665
vn -0.103891 -0.018958 0.994408
vn 0.417817 -0.781408 -0.463498
vn -0.259863 -0.911250 0.319523
vn -0.756197 0.031023 0.653609
vn -0.930951 -0.344070 -0.122255
vn -0.728353 -0.023554 -0.684797
vn -0.045432 0.893237 -0.447284
vn -0.922037 -0.386728 0.017002
vn -0.917362 -0.266774 -0.295430
vn -0.828237 -0.235041 -0.508703
vn 0.911914 -0.394169 0.114212
vn 0.108082 -0.152235 0.982417
vn 0.901314 -0.385655 0.197241
vn 0.338615 0.809201 0.480140
vn 0.753703 0.222546 -0.618390
vn -0.005834 -0.166930 0.985951
vn 0.685027 -0.172055 -0.707909
vn 0.165219 -0.188002 -0.968172
vn -0.728353 -0.023554 -0.684797
vn -0.728353 -0.023554 -0.684797
vn -0.993901 0.100952 -0.044375
vn -0.562032 -0.684151 0.464820
vn 0.814904 -0.391762 0.427147
vn -0.955129 0.280212 0.095970
vn 0.264104 -0.859380 -0.437853
vn 0.024068 -0.968663 0.247209
vn -0.428713 -0.280974 -0.858638
vn 0.895794 -0.398041 0.197779
vn -0.926306 0.376261 0.019618
vn -0.352298 -0.010769 0.935826
vn -0.352298 -0.010769 0.935826
vn -0.088433 -0.108713 0.990132
vn 0.800101 0.402594 -0.444698
vn -0.274276 -0.785919 0.554169
vn 0.970597 0.043493 0.236748
vn 0.874460 -0.395468 0.280936
vn 0.719330 0.094630 -0.688193
vn 0.320904 0.146700 0.935681
vn 0.405822 -0.533132 -0.742347
vn -0.643220 0.439729 0.626822
vn 0.767077 -0.637877 -0.068596
vn 0.405822 -0.533132 -0.742347
vn 0.094444 -0.995229 0.024471
vn 0.927666 -0.341144 0.151842
vn 0.983215 0.142856 0.113488
vn -0.733734 0.427687 0.527937
vn -0.797471 0.510556 0.321516
vn 0.892317 -0.237131 0.384108
vn -0.311133 -0.706192 -0.635994
vn 0.032421 -0.915197 0.401700
vn 0.285235 -0.746827 0.600741
vn -0.737956 0.040654 0.673624
vn -0.307522 -0.857258 0.412963
vn 0.145845 -0.916684 0.372048
vn -0.479635 -0.828419 0.289261
vn 0.037618 -0.093385 0.994919
vn 0.804251 0.289039 0.519265
vn 0.767077 -0.637877 -0.068596
vn 0.533298 -0.595793 -0.600519
vn 0.332092 -0.026074 0.942887
vn 0.052679 -0.914419 0.401327
vn 0.578415 0.109098 0.808415
vn -0.453472 -0.258184 0.853056
vn -0.526636 -0.837808 -0.143986
vn -0.138636 -0.920471 0.365395
vn -0.901214 0.110761 -0.418980
vn -0.984535 0.155559 -0.080573
vn -0.138120 -0.022347 -0.990163
vn -0.559607 -0.825068 0.078119
vn -0.147984 -0.878086 -0.455045
vn 0.116538 -0.135113 -0.983953
vn -0.286022 -0.857318 -0.428016
vn 0.676939 -0.008694 -0.735988
vn 0.122362 -0.971831 0.201425
vn 0.236755 -0.970622 0.042897
vn -0.679052 -0.241204 -0.693332
vn -0.585525 -0.084210 -0.806269
vn -0.826876 -0.212621 -0.520642
vn -0.602721 -0.237090 0.761916
vn 0.418762 0.097342 -0.902864
vn 0.996355 0.042168 -0.074157
vn -0.677055 0.050323 -0.734210
vn 0.205163 -0.850945 -0.483530
vn -0.939261 -0.005325 -0.343163
vn -0.114576 -0.910832 -0.396557
vn 0.128191 -0.941660 -0.311197
vn 0.892464 0.150666 -0.425215
vn -0.969948 -0.234815 -0.063748
vn -0.206272 -0.235621 -0.949703
vn -0.911528 -0.218178 0.348590
vn -0.321142 -0.932626 0.164549
vn -0.066340 -0.924275 0.375918
vn -0.046042 -0.996441 0.070610
vn 0.421786 -0.903511 -0.075927
vn 0.103822 -0.820886 -0.561576
vn 0.474016 -0.787562 -0.393770
vn -0.226418 -0.069386 0.971556
vn -0.050458 -0.868973 -0.492280
vn 0.278414 -0.794912 -0.539075
vn 0.368757 -0.765154 0.527785
vn 0.442263 0.805080 -0.395284
vn -0.207035 -0.093672 0.973839
vn -0.910274 0.265344 0.317796
vn -0.427766 -0.848968 -0.310274
vn 0.522144 -0.770139 0.366403
vn -0.793443 0.042690 0.607146
vn 0.145845 -0.916684 0.372048
vn -0.311133 -0.706192 -0.635994
vn -0.123560 -0.852979 -0.507109
vn 0.205163 -0.850945 -0.483530
vn 0.128191 -0.941660 -0.311197
vn -0.046042 -0.996441 0.070610
vn 0.366212 -0.780348 -0.506898
vn 0.370996 -0.814264 0.446471
vn 0.533298 -0.595793 -0.600519
vn -0.445829 -0.771269 -0.454292
vn 0.366212 -0.780348 -0.506898
vn -0.463684 0.701384 0.541348
vn 0.019622 -0.908574 0.417264
vn -0.283753 -0.094270 0.954252
vn 0.335652 -0.768370 0.544926
vn 0.921416 0.157751 0.355115
vn -0.680409 -0.172944 0.712133
vn -0.536938 -0.179450 0.824315
vn 0.019646 0.003271 0.999802
vn 0.642595 -0.722450 0.255221
vn 0.119056 -0.978561 0.168061
vn 0.032421 -0.915197 0.401700
vn 0.142210 -0.842525 0.519546
vn -0.027201 -0.480591 -0.876523
vn 0.318816 -0.879348 0.353700
vn 0.069910 -0.997553 0.000832
vn -0.347507 -0.765329 -0.541765
vn 0.718841 -0.682316 -0.133088
vn -0.321142 -0.932626 0.164549
vn 0.516826 -0.577795 -0.631699
vn -0.057391 -0.907281 0.416590
vn 0.280509 -0.885575 -0.370232
vn 0.407844 -0.911326 -0.056108
vn -0.559607 -0.825068 0.078119
vn 0.379142 -0.895822 -0.231849
vn -0.138636 -0.920471 0.365395
vn 0.368757 -0.765154 0.527785
vn -0.165692 -0.986171 0.003582
vn 0.203287 -0.734342 -0.647623
vn -0.066340 -0.924275 0.375918
vn -0.446266 0.836826 -0.317125
vn 0.767077 -0.637877 -0.068596
vn -0.210988 -0.952285 -0.220540
vn 0.677738 0.141221 0.721614
vn 0.757030 -0.653186 0.015933
vn -0.114576 -0.910832 -0.396557
vn -0.204336 -0.965797 -0.159637
vn -0.165692 -0.986171 0.003582
vn 0.327068 -0.805446 -0.494251
vn 0.767077 -0.637877 -0.068596
vn 0.327068 -0.805446 -0.494251
vn -0.245543 -0.620864 0.744471
vn -0.145417 -0.955468 -0.256777
vn 0.186185 -0.872509 -0.451734
vn -0.479635 -0.828419 0.289261
vn -0.598193 0.004678 0.801338
vn -0.397769 0.649408 0.648112
vn -0.286022 -0.857318 -0.428016
vn 0.474016 -0.787562 -0.393770
vn 0.037086 -0.831271 0.554629
vn 0.522144 -0.770139 0.366403
vn 0.397894 -0.913653 0.083173
vn 0.718841 -0.682316 -0.133088
vn 0.122362 -0.971831 0.201425
vn 0.442693 0.877603 0.183946
vn 0.895811 0.441962 -0.046830
vn -0.185838 -0.741225 -0.645019
vn -0.546528 -0.759533 -0.352728
vn 0.348580 0.085599 0.933362
vn 0.505077 -0.741569 0.441556
vn 0.370996 -0.814264 0.446471
vn 0.915141 -0.361523 0.178376
vn -0.347430 -0.733668 0.583973
vn -0.680409 -0.172944 0.712133
vn 0.163549 -0.088713 -0.982538
vn 0.882268 -0.059819 -0.466932
vn 0.318816 -0.879348 0.353700
vn 0.567125 -0.144244 0.810903
vn 0.052679 -0.914419 0.401327
vn 0.236755 -0.970622 0.042897
vn 0.421786 -0.903511 -0.075927
vn 0.392084 -0.896586 0.205924
vn 0.044408 -0.883992 -0.465388
vn -0.415249 -0.006200 -0.909687
vn 0.863770 -0.184362 0.468948
vn -0.307522 -0.857258 0.412963
vn -0.526636 -0.837808 -0.143986
vn 0.308396 -0.877651 0.366907
vn -0.306920 -0.790712 0.529692
vn -0.089167 -0.854231 0.512191
vn -0.147984 -0.878086 -0.455045
vn -0.464269 -0.884207 0.051304
vn 0.103822 -0.820886 -0.561576
vn 0.069910 -0.997553 0.000832
vn 0.379686 -0.142903 0.914012
vn 0.089352 -0.311458 0.946050
vn -0.389601 -0.892250 0.228256
vn 0.278414 -0.794912 -0.539075
vn -0.050458 -0.868973 -0.492280
vn -0.427766 -0.848968 -0.310274
vn 0.189720 -0.861688 0.470639
vn -0.204336 -0.965797 -0.159637
vn -0.558424 0.688030 0.463440
vn 0.388347 0.022080 -0.921248
vn 0.530894 0.205437 -0.822160
vn -0.057391 -0.907281 0.416590
vn 0.565682 -0.789210 -0.239065
vn 0.980107 0.175127 -0.093384
vn 0.285235 -0.746827 0.600741
vn -0.545842 -0.830030 -0.114484
vn 0.990683 -0.130216 -0.039893
vn 0.193715 -0.021497 -0.980822
vn 0.883234 -0.274193 -0.380415
vn 0.716563 -0.159591 -0.679020
vn 0.927755 -0.159586 0.337348
vn 0.753371 -0.203536 0.625304
vn -0.247794 0.243765 0.937644
vn 0.188914 0.578353 0.793612
vn -0.718404 -0.114171 0.686193
vn 0.792064 0.582889 -0.181314
vn -0.677215 0.109160 -0.727643
vn -0.348175 0.152574 -0.924930
vn -0.043342 0.207784 -0.977214
vn 0.233118 0.118514 -0.965200
vn -0.117509 -0.054017 0.991602
vn 0.236951 -0.467436 0.851680
vn 0.354821 -0.912815 0.202167
vn 0.653048 0.136083 -0.744990
vn 0.763449 -0.549438 -0.339505
vn 0.118947 -0.955820 0.268811
vn 0.549143 0.794235 -0.260064
vn -0.311301 -0.073308 0.947480
vn -0.319399 0.284989 0.903751
vn -0.016472 -0.999817 0.009749
vn -0.238935 0.792920 0.560525
vn 0.657518 -0.229794 0.717541
vn 0.797960 0.482164 -0.361630
vn -0.630169 0.481041 0.609497
vn -0.045112 0.712844 -0.699871
vn -0.262346 0.908191 0.326134
vn -0.927531 -0.010828 -0.373588
vn -0.856266 -0.143786 0.496119
vn -0.993513 0.067393 0.091599
vn -0.622042 0.002874 0.782978
vn 0.543490 0.284897 -0.789590
vn 0.855460 0.204131 -0.475940
vn -0.330010 -0.074730 0.941015
vn -0.091074 -0.102141 0.990592
vn 0.190125 -0.185651 0.964047
vn 0.496903 -0.028546 0.867336
vn -0.082513 0.248707 0.965058
vn -0.170242 0.302736 0.937747
vn 0.468914 -0.131705 -0.873369
vn 0.698914 -0.450958 -0.555118
vn 0.616926 -0.566603 -0.546227
vn 0.660436 -0.676155 -0.326557
vn 0.824370 0.429608 0.368580
vn 0.828080 -0.260068 0.496637
vn 0.872012 -0.298172 0.388185
vn 0.915911 -0.254860 0.310086
vn 0.133461 0.715422 0.685828
vn -0.379166 0.904221 -0.196511
vn -0.635761 0.760985 -0.129267
vn 0.583477 -0.730850 -0.354136
vn -0.898631 0.214457 -0.382714
vn -0.560529 0.593789 -0.577253
vn 0.118947 -0.955820 0.268811
vn -0.343306 -0.739688 -0.578795
vn 0.828080 -0.260068 0.496637
vn 0.824370 0.429608 0.368580
vn -0.082650 0.858607 0.505928
vn -0.422202 0.862615 0.278641
vn 0.285724 0.933325 -0.217407
vn -0.558424 0.688030 0.463440
vn -0.952213 0.171146 -0.252981
vn -0.926429 0.300541 0.226726
vn -0.843874 -0.476353 0.246908
vn 0.653048 0.136083 -0.744990
vn 0.872012 -0.298172 0.388185
vn -0.482640 0.875707 -0.013989
vn -0.968172 -0.201704 -0.148184
vn -0.467611 -0.600151 -0.648967
vn 0.686792 0.495734 -0.531568
vn -0.337765 -0.362794 -0.868502
vn -0.607211 0.376200 0.699835
vn -0.714982 0.356898 0.601186
vn -0.594778 -0.179235 -0.783654
vn -0.102702 0.168524 -0.980333
vn -0.518395 -0.228557 -0.824032
vn -0.392593 -0.251344 -0.884702
vn -0.914640 0.353078 0.196899
vn 0.797960 0.482164 -0.361630
vn 0.236951 -0.467436 0.851680
vn 0.686792 0.495734 -0.531568
vn 0.187370 0.570708 0.799490
vn -0.174144 0.773290 -0.609669
vn -0.250729 0.833709 0.492000
vn -0.679052 -0.241204 -0.693332
vn -0.383625 -0.162618 -0.909058
vn -0.091257 -0.102688 -0.990519
vn -0.614577 -0.266791 -0.742373
vn -0.756945 -0.295077 -0.583065
vn -0.556453 -0.325792 0.764342
vn -0.016472 -0.999817 0.009749
vn 0.616926 -0.566603 -0.546227
vn 0.096754 0.857405 -0.505465
vn 0.065901 0.715979 -0.695005
vn 0.932067 -0.317547 -0.174398
vn 0.792064 0.582889 -0.181314
vn 0.931582 -0.351367 -0.093250
vn 0.763449 -0.549438 -0.339505
vn 0.660436 -0.676155 -0.326557
vn -0.343306 -0.739688 -0.578795
vn -0.556453 -0.325792 0.764342
vn 0.999605 0.014934 -0.023813
vn 0.953201 -0.291320 -0.080877
vn 0.549143 0.794235 -0.260064
vn 0.583477 -0.730850 -0.354136
vn 0.698914 -0.450958 -0.555118
vn 0.893377 -0.400151 -0.204345
vn 0.657518 -0.229794 0.717541
vn 0.915911 -0.254860 0.310086
vn 0.354821 -0.912815 0.202167
vn 0.187370 0.570708 0.799490
vn -0.383377 0.763819 -0.519232
vn 0.094571 0.900017 0.425472
vn -0.626626 0.758012 -0.180988
vn -0.531157 0.757305 -0.379949
vn -0.356954 0.865789 0.350704
vn 0.932921 -0.228109 -0.278612
vn -0.710941 -0.457221 0.534333
vn 0.085912 -0.814138 0.574281
vn -0.065113 -0.185052 -0.980569
vn 0.321069 0.415567 0.851010
vn 0.430938 -0.125793 0.893571
vn 0.522527 -0.343062 0.780560
vn 0.182115 -0.196171 -0.963510
vn 0.819273 0.557907 0.132406
vn 0.500198 0.815418 -0.291368
vn 0.868114 -0.237140 -0.436054
vn -0.086569 0.755399 -0.649522
vn 0.687875 -0.528090 -0.497946
vn 0.569606 0.808824 0.146126
vn 0.517708 -0.749350 -0.412860
vn 0.453724 0.237698 0.858856
vn 0.729498 -0.087876 0.678315
vn 0.414956 -0.892636 -0.176102
vn -0.228884 -0.848997 -0.476252
vn -0.673061 0.739542 0.008111
vn 0.085912 -0.814138 0.574281
vn -0.198799 0.408835 0.890692
vn 0.666588 0.732597 -0.137699
vn -0.523701 -0.802681 -0.285376
vn 0.812319 -0.468996 0.346670
vn -0.080817 0.203264 0.975783
vn -0.075311 0.840554 -0.536468
vn 0.407028 0.656850 0.634725
vn 0.352356 0.597685 0.720151
vn 0.636319 0.494940 -0.591720
vn 0.251972 0.623581 -0.740039
vn 0.305984 0.625140 -0.718035
vn 0.349049 0.256299 -0.901374
vn 0.352943 0.712437 0.606519
vn 0.548294 0.828577 0.113282
vn 0.435595 0.785624 -0.439377
vn -0.214121 0.277038 0.936697
vn 0.087625 -0.594034 -0.799653
vn -0.177698 0.424091 0.888015
vn 0.401175 -0.100009 -0.910526
vn 0.254865 0.939635 -0.228319
vn -0.647623 -0.626582 0.433565
vn 0.145928 0.390555 -0.908940
vn 0.273217 0.446778 -0.851905
vn 0.110079 0.474773 -0.873197
vn 0.146663 0.131489 -0.980408
vn 0.015954 0.251485 -0.967730
vn 0.383018 0.768433 0.512648
vn -0.934910 -0.004933 0.354851
vn 0.081427 0.894974 -0.438625
vn 0.828413 0.558761 0.038961
vn 0.218162 -0.358576 -0.907650
vn -0.070183 -0.899803 0.430616
vn 0.387514 -0.134651 -0.911977
vn 0.337112 0.593629 0.730726
vn 0.383571 0.223230 0.896126
vn 0.402062 0.223862 0.887824
vn 0.095128 0.136272 -0.986094
vn 0.150117 -0.930745 0.333433
vn -0.435761 -0.865986 0.245319
vn -0.018465 0.407046 0.913221
vn 0.682141 -0.412683 0.603636
vn 0.146663 0.131489 -0.980408
vn 0.363498 0.681663 0.634984
vn 0.110079 0.474773 -0.873197
vn 0.337112 0.593629 0.730726
vn 0.579202 0.418006 0.699855
vn 0.535687 0.801715 0.265126
vn -0.004879 0.075314 -0.997148
vn 0.687448 0.032262 0.725517
vn 0.287567 -0.490952 0.822357
vn 0.608735 -0.166813 0.775639
vn 0.946868 0.237645 0.216714
vn 0.522527 -0.343062 0.780560
vn -0.236576 -0.849655 0.471294
vn 0.168338 0.829907 -0.531899
vn -0.283342 -0.519796 -0.805934
vn 0.505695 0.835146 0.216341
vn 0.305984 0.625140 -0.718035
vn 0.291188 0.657647 0.694774
vn 0.240993 -0.307535 -0.920513
vn 0.363498 0.681663 0.634984
vn 0.089437 0.606647 -0.789924
vn 0.103548 0.153598 0.982693
vn -0.236576 -0.849655 0.471294
vn -0.087799 -0.724689 -0.683459
vn -0.505524 0.846774 -0.165588
vn 0.348013 0.920529 0.177516
vn 0.666588 0.732597 -0.137699
vn -0.100561 -0.988090 -0.116470
vn -0.098059 0.373755 -0.922329
vn 0.987856 0.138136 0.071127
vn -0.399536 0.056412 -0.914980
vn 0.579995 0.047015 -0.813262
vn -0.098059 0.373755 -0.922329
vn 0.370559 0.132416 -0.919321
vn 0.375673 0.058421 -0.924909
vn -0.475026 -0.874017 -0.102194
vn -0.099103 -0.688946 0.718006
vn -0.807182 -0.204334 0.553809
vn 0.520534 -0.327761 0.788427
vn 0.375673 0.058421 -0.924909
vn -0.888175 0.082709 -0.452000
vn 0.302713 0.450873 -0.839690
vn -0.293712 -0.912007 0.286315
vn 0.553757 -0.776721 0.300096
vn -0.293712 -0.912007 0.286315
vn -0.678928 0.066857 -0.731155
vn -0.100561 -0.988090 -0.116470
vn -0.313441 -0.640908 -0.700707
vn -0.248813 0.256323 0.934018
vn -0.415214 -0.902100 0.117529
vn -0.467050 -0.136424 -0.873643
vn 0.987856 0.138136 0.071127
vn 0.262216 0.582566 0.769324
vn 0.453724 0.237698 0.858856
vn 0.868114 -0.237140 -0.436054
vn -0.098059 0.373755 -0.922329
vn 0.513715 -0.767291 0.383876
vn -0.710941 -0.457221 0.534333
vn -0.534194 -0.841458 -0.081146
vn -0.399536 0.056412 -0.914980
vn -0.100561 -0.988090 -0.116470
vn 0.302713 0.450873 -0.839690
vn 0.382832 0.042427 0.922843
vn -0.313441 -0.640908 -0.700707
vn 0.553757 -0.776721 0.300096
vn -0.415214 -0.902100 0.117529
vn 0.687875 -0.528090 -0.497946
vn 0.302713 0.450873 -0.839690
vn -0.527196 -0.259211 -0.809243
vn -0.698579 0.233875 0.676233
vn -0.919842 -0.130025 0.370114
vn -0.862398 -0.473455 -0.179191
vn -0.781875 0.621178 -0.053005
vn -0.347463 -0.839655 0.417431
vn -0.612233 -0.444580 0.653849
vn -0.045583 0.936808 -0.346862
vn 0.554019 0.821608 -0.134254
vn 0.812319 -0.468996 0.346670
vn -0.842062 0.045911 0.537424
vn 0.228948 -0.126265 -0.965215
vn 0.929451 0.097822 0.355741
vn -0.898627 0.336141 -0.281919
vn -0.046113 -0.222986 -0.973730
vn 0.024473 0.450001 -0.892693
vn 0.082513 0.248707 0.965058
vn -0.549143 0.794235 -0.260064
vn 0.319399 0.284989 0.903751
vn -0.792064 0.582889 -0.181313
vn -0.828080 -0.260069 0.496637
vn -0.660436 -0.676154 -0.326557
vn -0.763449 -0.549438 -0.339505
vn -0.653048 0.136083 -0.744990
vn -0.236952 -0.467436 0.851679
vn -0.797961 0.482164 -0.361631
vn 0.016472 -0.999817 0.009749
vn -0.657518 -0.229795 0.717541
vn -0.872013 -0.298172 0.388185
vn -0.824370 0.429608 0.368580
vn 0.247490 0.861325 -0.443698
vn -0.109469 -0.823475 -0.556691
vn -0.915911 -0.254860 0.310086
vn -0.354821 -0.912815 0.202166
vn -0.054543 -0.905233 -0.421400
vn -0.357806 0.089056 0.929540
vn 0.337765 -0.362794 -0.868502
vn 0.968172 -0.201704 -0.148184
vn 0.718404 -0.114171 0.686193
vn -0.118947 -0.955820 0.268811
vn -0.796546 -0.473839 -0.375487
vn -0.232622 0.196628 -0.952483
vn 0.106116 -0.104281 -0.988871
vn -0.462297 -0.080586 -0.883056
vn -0.506057 0.250260 -0.825395
vn 0.174064 0.362711 -0.915501
vn -0.121115 0.515904 -0.848041
vn 0.192805 0.700643 -0.686969
vn -0.111818 -0.971814 0.207545
vn -0.298202 -0.108984 -0.948261
vn -0.213531 -0.713104 0.667747
vn -0.213531 -0.713104 0.667747
vn -0.066601 0.247949 0.966481
vn -0.111818 -0.971814 0.207545
vn -0.267403 -0.210997 0.940200
vn 0.213388 0.480410 -0.850689
vn -0.120336 0.912824 0.390220
vn 0.161512 0.889580 0.427272
vn 0.219768 -0.737189 -0.638948
vn 0.198389 -0.829672 0.521810
vn 0.240993 -0.307535 -0.920513
vn 0.415420 -0.289164 -0.862445
vn 0.346145 -0.677107 -0.649392
vn -0.070183 -0.899803 0.430616
vn -0.934910 -0.004933 0.354851
vn -0.196252 -0.774379 -0.601517
vn 0.346752 -0.892053 0.289835
vn 0.848271 0.130876 -0.513135
vn 0.440143 -0.092342 -0.893167
vn 0.958058 -0.261439 0.117365
vn 0.828413 0.558761 0.038961
vn 0.892492 -0.370243 -0.257638
vn 0.690838 0.527679 0.494265
vn -0.196252 -0.774379 -0.601517
vn 0.983517 -0.175294 -0.044338
vn -0.081292 -0.893760 -0.441118
vn 0.958058 -0.261439 0.117365
vn 0.203454 -0.310442 -0.928565
vn 0.346752 -0.892053 0.289835
vn 0.254865 0.939635 -0.228319
vn 0.306457 -0.297178 -0.904306
vn 0.311549 -0.868327 -0.385934
vn 0.369637 -0.809543 -0.456079
vn 0.184200 0.052014 -0.981512
vn -0.144617 0.190040 0.971067
vn -0.151794 -0.100490 0.983290
vn 0.397086 -0.869254 0.294483
vn 0.159003 -0.984808 0.069799
vn -0.338408 -0.901792 0.268796
vn -0.953201 -0.291319 -0.080877
vn -0.792064 0.582889 -0.181313
vn 0.046564 -0.986928 0.154289
vn -0.549143 0.794235 -0.260064
vn -0.931582 -0.351367 -0.093250
vn 0.277648 -0.875273 -0.395992
vn 0.408216 0.137757 0.902432
vn 0.592324 0.363337 0.719124
vn -0.531960 -0.144586 0.834334
vn 0.375541 -0.152826 0.914119
vn -0.390449 -0.072324 0.917779
vn -0.069978 -0.396680 -0.915286
vn -0.069978 -0.396680 -0.915286
vn 0.369637 -0.809543 -0.456079
vn -0.118947 -0.955820 0.268811
vn -0.054543 -0.905233 -0.421400
vn 0.965639 0.249288 -0.073460
vn -0.411651 -0.029864 0.910852
vn -0.698914 -0.450958 -0.555118
vn -0.583477 -0.730850 -0.354136
vn -0.869731 -0.471599 -0.145475
vn -0.279012 -0.444325 -0.851309
vn 0.761117 0.165730 -0.627084
vn 0.016472 -0.999817 0.009749
vn -0.932067 -0.317548 -0.174397
vn 0.874951 -0.302667 -0.377959
vn -0.379795 -0.835706 -0.396675
vn -0.471950 -0.268964 0.839596
vn -0.524308 0.277641 0.804995
vn -0.940631 0.298764 0.161098
vn 0.277648 -0.875273 -0.395992
vn 0.345755 0.919005 -0.189430
vn -0.228085 -0.807824 -0.543505
vn -0.293893 -0.449546 0.843525
vn 0.514796 0.841868 -0.162000
vn -0.228085 -0.807824 -0.543505
vn -0.109469 -0.823475 -0.556691
vn -0.121818 0.827613 0.547921
vn 0.064637 0.871618 -0.485905
vn -0.279012 -0.444325 -0.851309
vn 0.064637 0.871618 -0.485905
vn -0.869731 -0.471599 -0.145475
vn -0.857284 0.401578 -0.322180
vn -0.379795 -0.835706 -0.396675
vn -0.615788 0.760493 0.206047
vn 0.553631 0.316738 0.770176
vn -0.227916 -0.185996 0.955751
vn -0.857284 0.401578 -0.322180
vn 0.874951 -0.302667 -0.377959
vn 0.850570 0.204165 -0.484611
vn -0.796546 -0.473839 -0.375487
vn 0.732755 0.336230 -0.591625
vn 0.732755 0.336230 -0.591625
vn 0.517387 0.359529 0.776563
vn 0.423752 0.428419 0.798055
vn 0.761117 0.165730 -0.627084
vn -0.629413 -0.608364 -0.483460
vn -0.746989 0.592998 0.300600
vn -0.112567 0.716887 0.688041
vn 0.302088 0.198540 0.932376
vn 0.636212 0.637782 0.434130
vn 0.397086 -0.869254 0.294483
vn -0.470013 0.077770 -0.879227
vn 0.159003 -0.984808 0.069799
vn 0.130058 -0.774467 -0.619101
vn 0.140976 0.388331 -0.910673
vn -0.703004 0.648181 0.292653
vn -0.013875 0.999878 -0.007126
vn -0.455463 0.865392 -0.208925
vn -0.620393 0.116287 -0.775622
vn -0.025102 -0.771922 0.635221
vn 0.714487 -0.611212 -0.340484
vn 0.631938 0.068190 -0.772013
vn 0.046564 -0.986928 0.154289
vn -0.439407 0.007615 0.898256
vn -0.220468 0.424102 0.878368
vn -0.100716 0.159847 0.981991
vn 0.081427 0.894974 -0.438625
vn 0.081427 0.894974 -0.438625
vn -0.435761 -0.865986 0.245319
vn -0.291496 0.100681 0.951259
vn -0.934910 -0.004933 0.354851
vn -0.862398 -0.473455 -0.179191
vn 0.280114 0.236191 0.930457
vn -0.824370 0.429608 0.368580
vn -0.872013 -0.298172 0.388185
vn 0.518395 -0.228557 -0.824032
vn 0.560530 0.593789 -0.577253
vn 0.843874 -0.476353 0.246908
vn 0.914640 0.353078 0.196898
vn 0.311300 -0.073309 0.947480
vn 0.392593 -0.251344 -0.884702
vn 0.238935 0.792920 0.560525
vn -0.583477 -0.730850 -0.354136
vn -0.797069 -0.603236 -0.028077
vn -0.698914 -0.450958 -0.555118
vn -0.408807 -0.183397 0.894003
vn -0.797165 -0.500177 -0.338159
vn 0.733595 0.507609 -0.451853
vn 0.733595 0.507609 -0.451853
vn 0.428740 0.413231 -0.803382
vn 0.170242 0.302736 0.937746
vn -0.188915 0.578353 0.793612
vn 0.607211 0.376200 0.699835
vn 0.714982 0.356898 0.601186
vn -0.616926 -0.566603 -0.546226
vn -0.634325 -0.663605 -0.396561
vn -0.732260 -0.535274 -0.421043
vn -0.394840 -0.157209 0.905200
vn 0.337856 0.460538 0.820828
vn 0.467611 -0.600151 -0.648967
vn 0.102702 0.168524 -0.980332
vn -0.768600 -0.500040 -0.399016
vn 0.140976 0.388331 -0.910673
vn 0.747678 0.346052 -0.566767
vn 0.455758 0.882295 -0.117647
vn -0.957497 -0.098499 -0.271103
vn 0.911574 0.162809 -0.377527
vn 0.898632 0.214457 -0.382713
vn -0.732260 -0.535274 -0.421043
vn -0.634325 -0.663605 -0.396561
vn 0.985859 -0.101777 0.133131
vn -0.692271 -0.682825 -0.233475
vn -0.692271 -0.682825 -0.233475
vn 0.393982 0.831096 -0.392501
vn 0.393982 0.831096 -0.392501
vn 0.428740 0.413231 -0.803382
vn -0.797165 -0.500177 -0.338159
vn 0.408997 0.628927 -0.661190
vn -0.056987 -0.560693 0.826060
vn -0.797069 -0.603236 -0.028077
vn 0.480765 0.502121 0.718846
vn 0.952213 0.171146 -0.252981
vn -0.489192 0.240462 0.838373
vn -0.934910 -0.004933 0.354851
vn -0.898627 0.336141 -0.281919
vn 0.081427 0.894974 -0.438625
vn -0.070183 -0.899803 0.430616
vn 0.929451 0.097822 0.355741
vn 0.400951 0.620040 -0.674380
vn 0.408997 0.628927 -0.661190
vn 0.038653 -0.569298 0.821222
vn 0.653513 0.132144 0.745291
vn -0.010332 0.355772 0.934516
vn -0.315817 0.331778 0.888922
vn 0.926429 0.300541 0.226726
vn 0.247793 0.243765 0.937645
vn 0.400951 0.620040 -0.674380
vn 0.929451 0.097822 0.355741
vn -0.505524 0.846774 -0.165588
vn 0.381501 -0.807670 0.449584
vn 0.763847 0.190310 0.616701
vn 0.055646 -0.573783 0.817115
vn 0.594778 -0.179234 -0.783654
vn -0.061314 -0.625529 -0.777788
vn 0.803276 0.217832 -0.554344
vn -0.265947 0.494052 0.827759
vn 0.803276 0.217832 -0.554344
vn 0.929451 0.097822 0.355741
vn -0.061314 -0.625529 -0.777788
vn -0.152820 0.380235 0.912177
vn 0.482640 0.875707 -0.013989
vn -0.797961 0.482164 -0.361631
vn -0.236952 -0.467436 0.851679
vn -0.653048 0.136083 -0.744990
vn -0.354821 -0.912815 0.202166
vn -0.915911 -0.254860 0.310086
vn -0.025102 -0.771922 0.635221
vn 0.544779 -0.292243 -0.786009
vn 0.311549 -0.868327 -0.385934
vn -0.893377 -0.400151 -0.204345
vn -0.660436 -0.676154 -0.326557
vn -0.763449 -0.549438 -0.339505
vn -0.828080 -0.260069 0.496637
vn 0.631938 0.068190 -0.772013
vn 0.823430 -0.328535 0.462632
vn 0.544779 -0.292243 -0.786009
vn -0.616926 -0.566603 -0.546226
vn -0.081292 -0.893760 -0.441118
vn -0.023563 0.841546 0.539671
vn -0.756789 -0.534704 0.375981
vn -0.470013 0.077770 -0.879227
vn -0.338408 -0.901792 0.268796
vn -0.657518 -0.229795 0.717541
vn 0.850570 0.204165 -0.484611
vn 0.804146 0.323470 0.498715
vn -0.070183 -0.899803 0.430616
vn 0.923322 0.080701 0.375451
vn -0.647623 -0.626582 0.433565
vn -0.484674 0.773051 0.409247
vn 0.180566 -0.293147 -0.938861
vn 0.332599 0.940735 0.066292
vn 0.654300 0.671069 -0.348652
vn -0.274243 0.925449 -0.261408
vn 0.279456 0.851188 0.444278
vn -0.000227 0.809033 0.587763
vn 0.004656 0.849090 0.528228
vn 0.359280 0.789121 -0.498203
vn -0.285323 0.945966 0.154075
vn 0.019848 0.904119 -0.426819
vn -0.045432 0.893237 -0.447284
vn 0.260314 0.922420 -0.285269
vn -0.554931 0.809395 -0.192175
vn -0.184502 0.885972 0.425455
vn 0.422630 0.871566 0.248510
vn 0.373193 0.924822 0.073702
vn -0.411716 0.900808 0.137966
vn -0.159488 0.705160 0.690878
vn 0.166495 0.700510 0.693949
vn -0.215878 0.883727 -0.415238
vn 0.133642 0.987217 0.086844
vn -0.291632 0.947105 -0.133949
vn 0.550431 0.703797 0.449105
vn 0.566041 0.807918 -0.163909
vn 0.296180 0.811183 0.504242
vn -0.053942 0.861599 -0.504716
vn -0.147608 0.988890 -0.017578
vn 0.597198 0.797835 -0.082553
vn 0.185374 0.816552 -0.546698
vn -0.279210 0.959538 -0.036444
vn 0.150117 -0.930745 0.333433
vn -0.031209 -0.376781 -0.925776
vn -0.075311 0.840554 -0.536468
vn 0.149493 -0.250318 -0.956553
vn 0.076723 -0.257619 -0.963196
vn -0.673061 0.739542 0.008111
vn -0.523701 -0.802681 -0.285376
vn -0.420696 0.711325 -0.563056
vn -0.087584 0.880670 -0.465564
vn 0.401625 0.862419 -0.308107
vn -0.342899 0.854334 -0.390556
vn 0.122297 0.828633 -0.546270
vn -0.994017 0.059940 0.091311
vn 0.960663 0.252747 0.115085
vn 0.189673 -0.323940 -0.926869
vn -0.066386 -0.631409 -0.772603
vn -0.143881 -0.677562 -0.721254
vn 0.012985 -0.985507 -0.169135
vn -0.197878 -0.706672 -0.679308
vn -0.302064 0.852005 0.427605
vn 0.653689 0.740042 0.158204
vn -0.063634 0.835174 0.546292
vn -0.182311 0.869032 -0.459942
vn -0.151888 0.864143 0.479779
vn 0.161836 0.884397 0.437778
vn -0.220354 0.807212 0.547588
vn 0.318051 0.944179 -0.085850
vn 0.243955 0.931463 -0.269929
vn -0.565276 0.758083 0.325229
vn -0.053614 0.840929 -0.538484
vn 0.105582 0.855594 0.506766
vn 0.447760 -0.817554 -0.362100
vn 0.153295 -0.790624 -0.592802
vn -0.193038 0.800384 -0.567558
vn -0.637031 0.457767 -0.620194
vn 0.029437 -0.360030 -0.932476
vn -0.603733 0.633712 -0.483648
vn 0.228413 -0.306600 -0.924026
vn 0.853256 -0.308228 -0.420654
vn 0.213401 0.937318 0.275489
vn -0.893937 -0.256085 -0.367827
vn 0.048543 -0.841541 -0.538007
vn 0.092674 0.886105 -0.454124
vn 0.957645 0.023525 -0.286990
vn -0.228884 -0.848997 -0.476252
vn 0.177202 -0.666473 -0.724164
vn 0.270016 0.925623 0.265168
vn -0.052345 -0.750618 -0.658659
vn -0.066386 -0.631409 -0.772603
vn -0.228884 -0.848997 -0.476252
vn -0.642165 0.764263 0.059378
vn -0.893937 -0.256085 -0.367827
vn 0.960663 0.252747 0.115085
vn 0.014180 0.328744 0.944313
vn 0.906404 -0.103928 -0.409428
vn 0.157691 -0.388579 -0.907822
vn -0.182453 0.294331 0.938126
vn 0.554019 0.821608 -0.134254
vn 0.682141 -0.412683 0.603636
vn -0.666214 0.204435 -0.717193
vn -0.107652 -0.515608 -0.850035
vn 0.012985 -0.985507 -0.169135
vn 0.853256 -0.308228 -0.420654
vn 0.906404 -0.103928 -0.409428
vn 0.238540 -0.292299 -0.926099
vn -0.045583 0.936808 -0.346862
vn 0.199722 -0.376594 -0.904592
vn -0.781875 0.621178 -0.053005
vn -0.994017 0.059940 0.091311
vn 0.986500 0.047963 -0.156580
vn -0.357698 0.819759 0.447266
vn 0.660172 -0.408781 0.630135
vn -0.997787 0.064654 -0.015499
vn 0.000170 -0.703525 -0.710670
vn -0.376062 -0.454915 -0.807236
vn -0.725642 -0.134946 -0.674709
vn 0.718109 -0.676412 -0.163667
vn 0.718109 -0.676412 -0.163667
vn -0.051298 -0.538933 0.840785
vn -0.253883 -0.918563 0.302960
vn -0.616330 0.147389 0.773572
vn -0.937218 -0.347516 0.029237
vn -0.376062 -0.454915 -0.807236
vn -0.616330 0.147389 0.773572
vn -0.051298 -0.538933 0.840785
vn -0.627124 -0.720554 0.295833
vn 0.434153 -0.860144 -0.267700
vn -0.253883 -0.918563 0.302960
vn -0.549738 -0.632809 -0.545289
vn -0.628721 0.293675 -0.720045
vn -0.997787 0.064654 -0.015499
vn -0.376062 -0.454915 -0.807236
vn -0.937218 -0.347516 0.029237
vn -0.627124 -0.720554 0.295833
vn -0.725642 -0.134946 -0.674709
vn 0.176548 -0.339268 -0.923974
vn 0.000170 -0.703525 -0.710670
vn 0.874232 -0.484168 -0.036048
vn -0.700765 0.243885 -0.670410
vn 0.243144 -0.317784 -0.916458
vn 0.431134 -0.325222 0.841638
vn 0.272857 -0.253135 -0.928155
vn -0.279248 0.136166 0.950515
vn -0.388766 0.167644 0.905956
vn 0.431134 -0.325222 0.841638
vn 0.851386 -0.511724 0.115242
vn -0.905612 0.389778 0.167155
vn 0.873075 -0.485105 -0.049121
vn -0.682759 0.193080 -0.704670
vn 0.870661 -0.489249 -0.050848
vn -0.742002 0.197016 -0.640795
vn -0.186162 -0.911869 0.365840
vn 0.157084 0.393565 0.905777
vn 0.214346 -0.133238 0.967628
vn 0.409061 0.523550 0.747372
vn 0.346478 -0.163521 0.923696
vn -0.166097 -0.986093 0.005619
vn -0.768763 -0.111636 0.629715
vn -0.700747 -0.062321 0.710682
vn -0.979362 0.052789 0.195097
vn 0.417687 -0.148622 0.896353
vn 0.261093 0.661587 0.702946
vn -0.815051 0.456680 0.356561
vn -0.674249 0.678577 0.291411
vn -0.063712 -0.966825 0.247367
vn 0.204066 -0.297446 0.932675
vn -0.974249 -0.211443 -0.078292
vn -0.970794 -0.227992 -0.074691
vn -0.422177 0.495646 0.759013
vn -0.033191 0.977490 0.208353
vn -0.896311 -0.112868 0.428820
vn -0.914809 0.037903 -0.402103
vn 0.003619 0.999969 -0.007059
vn -0.360151 -0.320842 0.875986
vn 0.232649 0.913242 0.334459
vn -0.063429 0.886854 0.457675
vn 0.851386 -0.511724 0.115242
vn 0.543207 -0.324453 0.774375
vn -0.886557 0.456515 0.074906
vn 0.870661 -0.489249 -0.050848
vn 0.851386 -0.511724 0.115242
vn -0.279248 0.136166 0.950515
vn -0.913322 0.346605 0.213791
vn 0.870661 -0.489249 -0.050848
vn 0.873075 -0.485105 -0.049121
vn -0.905612 0.389778 0.167155
vn 0.537971 -0.302801 0.786701
vn -0.682759 0.193080 -0.704670
vn 0.241306 -0.308205 -0.920207
vn -0.392318 0.168262 0.904309
vn 0.873075 -0.485105 -0.049121
vn -0.968134 0.247729 0.036708
vn 0.243144 -0.317784 -0.916458
vn -0.547888 0.832336 0.083881
vn -0.938899 -0.198588 -0.281125
vn -0.648168 -0.497948 -0.576130
vn -0.731637 -0.671909 -0.115090
vn -0.841488 0.536862 -0.060639
vn 0.076435 -0.980179 0.182778
vn -0.830337 -0.408009 0.379565
vn 0.164599 -0.954677 0.247990
vn -0.685951 -0.101019 0.720601
vn 0.179311 -0.933338 0.311011
vn 0.873075 -0.485105 -0.049121
vn 0.318046 -0.174705 0.931840
vn 0.544085 -0.305838 0.781303
vn 0.063927 -0.343176 -0.937093
vn 0.562916 -0.257341 0.785431
vn -0.913322 0.346605 0.213791
vn -0.718000 0.116405 -0.686240
vn -0.889723 -0.400806 0.218514
vn 0.562916 -0.257341 0.785431
vn -0.742002 0.197016 -0.640795
vn -0.000132 -0.304465 -0.952524
vn -0.063488 -0.342537 -0.937357
vn -0.000132 -0.304465 -0.952524
vn 0.221825 -0.376034 -0.899662
vn 0.608289 0.027735 0.793231
vn -0.399141 -0.774739 0.490373
vn 0.851386 -0.511724 0.115242
vn 0.242346 -0.333415 -0.911100
vn 0.870661 -0.489249 -0.050848
vn -0.493163 0.059148 0.867924
vn -0.392318 0.168262 0.904309
vn 0.242346 -0.333415 -0.911100
vn 0.842073 -0.537694 -0.042401
vn -0.812487 -0.572429 0.110412
vn 0.537971 -0.302801 0.786701
vn -0.522643 -0.419914 0.741968
vn -0.263610 -0.912045 -0.314140
vn -0.819680 -0.461186 0.339752
vn 0.842073 -0.537694 -0.042401
vn 0.401415 0.718424 0.568096
vn -0.388766 0.167644 0.905956
vn 0.241306 -0.308205 -0.920207
vn 0.874232 -0.484168 -0.036048
vn -0.835352 0.546896 0.055595
vn -0.700765 0.243885 -0.670410
vn -0.136298 -0.974443 0.178557
vn -0.942616 0.107102 -0.316236
vn -0.899870 0.082512 -0.428283
vn -0.952290 0.266766 -0.148257
vn -0.436940 -0.179309 0.881437
vn -0.566759 -0.548956 0.614354
vn -0.802783 0.596243 0.005735
vn -0.916419 0.374265 -0.141782
vn -0.897487 0.390872 -0.204293
vn -0.873810 0.486145 0.010952
vn -0.506706 0.861132 0.041240
vn -0.275147 0.937910 0.211234
vn -0.935551 0.309771 -0.169663
vn -0.975341 -0.028167 0.218896
vn -0.933788 -0.339274 0.113722
vn -0.879775 0.451850 -0.147740
vn -0.377351 0.883745 0.276770
vn -0.849850 0.515931 -0.107562
vn -0.991591 -0.091285 0.091726
vn -0.599439 0.736804 0.312717
vn -0.041870 0.996717 0.069294
vn -0.483422 0.775905 -0.405308
vn -0.453111 0.542530 -0.707355
vn -0.928449 -0.370883 -0.020687
vn -0.018122 -0.874237 0.485161
vn -0.608647 0.254631 -0.751473
vn -0.284997 0.409295 0.866749
vn -0.344374 0.207401 0.915637
vn 0.624542 -0.207249 0.752991
vn -0.608647 0.254631 -0.751473
vn -0.874106 -0.026894 -0.484989
vn -0.954431 0.225161 -0.195870
vn -0.964499 0.234256 -0.121927
vn -0.159010 0.706411 -0.689710
vn -0.604161 -0.026335 -0.796427
vn -0.551395 -0.761194 -0.341390
vn -0.886557 0.456515 0.074906
vn -0.344374 0.207401 0.915637
vn -0.025700 -0.967884 0.250082
vn -0.095806 -0.874455 0.475552
vn -0.580768 -0.707495 0.402689
vn -0.184462 -0.627531 0.756425
vn 0.038291 -0.749958 0.660376
vn -0.948312 0.086506 -0.305321
vn -0.949197 -0.247994 -0.193709
vn -0.363815 -0.435695 0.823291
vn -0.563400 -0.081968 -0.822108
vn -0.284729 -0.869214 0.404222
vn -0.980508 -0.111352 -0.161881
vn -0.339846 -0.826036 0.449632
vn -0.973506 -0.228361 0.011697
vn -0.963734 -0.266241 0.018215
vn 0.090859 -0.995639 0.021173
vn -0.883335 -0.438651 0.165242
vn -0.776201 -0.056506 0.627948
vn -0.762890 -0.578822 0.288034
vn -0.332434 -0.835088 -0.438310
vn -0.370863 -0.892215 0.257707
vn -0.216456 -0.860765 -0.460684
vn -0.687774 0.522234 -0.504220
vn -0.145527 -0.948800 -0.280357
vn -0.246953 -0.925305 0.287793
vn 0.016156 -0.994137 -0.106918
vn 0.191644 -0.633178 -0.749905
vn -0.102822 -0.711160 0.695471
vn -0.891453 -0.018920 0.452718
vn -0.398410 -0.881138 -0.254686
vn -0.404240 -0.905972 -0.125714
vn -0.321126 -0.648057 -0.690580
vn -0.371078 -0.662577 -0.650610
vn -0.292641 -0.854342 -0.429490
vn 0.018512 -0.996452 0.082101
vn -0.383978 0.893356 -0.233402
vn -0.666132 -0.644247 -0.375783
vn 0.070909 -0.002452 0.997480
vn 0.272857 -0.253135 -0.928155
vn -0.791121 0.605201 -0.088652
vn -0.534396 0.330926 -0.777759
vn -0.344374 0.207401 0.915637
vn 0.529540 -0.782701 -0.327056
vn 0.567685 -0.716939 -0.404639
vn 0.321688 -0.906068 -0.274878
vn 0.700306 -0.530809 -0.477297
vn -0.086338 0.992454 -0.087067
vn 0.077524 0.996929 0.011092
vn -0.771162 -0.620372 0.142996
vn -0.822125 -0.403183 -0.401938
vn 0.339046 -0.162053 -0.926707
vn -0.162824 -0.811670 -0.560963
vn 0.117735 0.138886 -0.983285
vn 0.909755 -0.411714 -0.053271
vn -0.925691 0.082389 -0.369199
vn -0.453817 0.891093 -0.001857
vn -0.919665 -0.220776 -0.324769
vn 0.711810 -0.657963 0.245785
vn 0.048543 -0.841541 -0.538007
vn 0.153295 -0.790624 -0.592802
vn 0.547088 0.836754 0.023189
vn -0.237087 0.971259 0.021116
vn 0.238214 -0.851421 -0.467265
vn -0.835352 0.546896 0.055595
vn 0.874232 -0.484168 -0.036048
vn -0.775041 0.603658 -0.186837
vn 0.014346 0.999048 0.041210
vn -0.314748 -0.819097 -0.479598
vn -0.931135 0.065016 -0.358833
vn -0.026866 0.996020 0.084985
vn 0.791121 0.604156 -0.095516
vn -0.099574 -0.912024 -0.397865
vn 0.871644 0.377193 -0.312989
vn 0.191971 -0.966188 -0.172126
vn 0.792127 -0.176651 -0.584234
vn -0.185216 0.981409 0.050320
vn -0.016847 -0.702179 -0.711802
vn -0.012493 -0.807386 -0.589892
vn -0.899870 0.082512 -0.428283
vn -0.942616 0.107102 -0.316236
vn -0.255430 -0.754218 -0.604906
vn -0.181817 -0.692666 -0.697966
vn 0.311539 -0.910255 -0.272725
vn 0.175725 0.408381 -0.895738
vn 0.597654 -0.642742 0.479263
vn -0.904174 0.314966 -0.288558
vn -0.162161 0.983967 -0.074244
vn 0.051223 0.990195 0.129963
vn 0.170844 0.985275 0.006728
vn 0.941928 0.312727 -0.122361
vn 0.054769 0.987291 0.149189
vn 0.960161 -0.026135 -0.278223
vn 0.984233 0.038959 -0.172530
vn 0.989979 -0.111896 -0.086143
vn 0.234896 -0.814670 -0.530223
vn 0.566297 -0.044767 -0.822984
vn 0.337792 -0.095153 -0.936399
vn 0.656491 -0.685101 -0.315684
vn 0.942613 0.018407 -0.333381
vn 0.886348 -0.101632 -0.451727
vn 0.982892 0.176771 -0.051721
vn 0.981325 0.056647 -0.183828
vn 0.657045 0.753097 0.033697
vn 0.657315 -0.657451 -0.368369
vn 0.890414 -0.002994 -0.455142
vn 0.971952 -0.018166 -0.234476
vn 0.462071 -0.830717 0.310484
vn 0.725722 -0.684360 0.070564
vn 0.458030 -0.555184 0.694247
vn 0.926144 -0.352283 0.134740
vn 0.439456 -0.558829 -0.703270
vn 0.461514 -0.772983 0.435318
vn 0.825424 -0.376343 -0.420763
vn 0.577826 0.735313 -0.354163
vn 0.365195 -0.691462 -0.623308
vn 0.846344 0.445583 -0.291817
vn -0.143881 -0.677562 -0.721254
vn -0.757080 -0.402019 -0.514986
vn 0.274825 -0.949769 -0.149702
vn 0.453327 -0.634467 0.626056
vn 0.264149 -0.960702 0.085300
vn 0.392782 -0.790384 -0.470123
vn -0.425255 0.904752 -0.024110
vn -0.324124 0.944958 -0.044698
vn 0.563109 -0.648816 0.511807
vn 0.838240 -0.532047 0.119502
vn 0.923937 0.231806 0.304313
vn 0.996630 0.057705 -0.058301
vn -0.463923 0.848469 0.254709
vn -0.204207 0.805063 -0.556931
vn 0.317617 -0.729201 0.606123
vn -0.131021 -0.963156 0.234869
vn 0.400074 -0.860086 0.316532
vn 0.003847 -0.623275 -0.781993
vn -0.052345 -0.750618 -0.658659
vn 0.843612 -0.483497 0.233557
vn 0.516424 -0.660439 -0.545093
vn 0.805592 -0.536587 -0.251188
vn 0.834902 0.540810 0.102291
vn 0.945081 -0.289489 -0.151716
vn -0.186305 0.981950 -0.032622
vn -0.543239 0.833263 0.102783
vn -0.192881 -0.837918 0.510578
vn -0.339003 0.932909 0.121482
vn -0.284891 0.958558 0.001682
vn 0.281797 -0.537234 0.794965
vn -0.230568 -0.970925 -0.064362
vn 0.018512 -0.996452 0.082101
vn 0.814425 0.580264 0.002335
vn 0.849266 -0.473347 -0.233857
vn 0.717865 0.689081 0.099184
vn 0.916725 -0.395534 -0.056295
vn 0.921586 0.267958 -0.280852
vn 0.868948 0.452794 0.199769
vn 0.769986 0.469834 -0.431714
vn 0.866235 0.303755 -0.396697
vn 0.577826 0.735313 -0.354163
vn 0.862879 0.387711 -0.324223
vn 0.803628 0.429686 -0.411768
vn 0.902103 -0.187559 -0.388627
vn 0.558830 0.818116 -0.135627
vn -0.282366 0.959045 0.022386
vn -0.753870 0.654649 -0.055808
vn 0.706342 0.700172 -0.104118
vn 0.805771 0.559004 -0.195570
vn 0.729503 0.177143 -0.660640
vn 0.802906 0.496910 -0.329275
vn 0.848981 0.526951 -0.039409
vn -0.241481 -0.011025 -0.970343
vn 0.893816 0.118840 -0.432401
vn 0.924055 0.319091 0.210482
vn -0.474492 -0.425158 -0.770777
vn -0.553063 0.820258 -0.145937
vn -0.733592 -0.256409 -0.629362
vn -0.646661 0.756202 0.099943
vn 0.023878 0.982489 -0.184783
vn -0.032675 0.855713 -0.516418
vn -0.695347 0.715858 0.063553
vn 0.044478 0.989069 0.140584
vn -0.178615 0.983783 0.016381
vn 0.019997 0.751318 -0.659637
vn -0.964414 0.242823 0.104607
vn -0.760544 0.648147 0.038446
vn -0.076785 0.932486 -0.352949
vn 0.647505 0.048267 -0.760531
vn -0.131021 -0.963156 0.234869
vn -0.935371 0.151971 -0.319354
vn 0.073002 -0.962294 0.262031
vn -0.192881 -0.837918 0.510578
vn -0.299281 -0.893498 -0.334803
vn 0.764542 -0.380820 -0.520050
vn -0.187211 -0.981999 -0.025081
vn 0.842881 -0.461596 -0.276550
vn 0.613747 0.055433 -0.787555
vn 0.989005 -0.069695 0.130432
vn 0.989005 -0.069695 0.130432
vn -0.438963 0.706237 0.555464
vn 0.384472 0.654980 0.650524
vn 0.351899 -0.809489 0.469995
vn -0.969019 -0.161849 0.186568
vn -0.642113 -0.082842 -0.762120
vn 0.395896 -0.918230 0.010937
vn -0.212314 -0.031666 0.976688
vn 0.160937 0.706155 0.689525
vn -0.987699 -0.114823 0.106148
vn -0.969019 -0.161849 0.186568
vn 0.646949 0.315834 0.694050
vn -0.243621 -0.198640 0.949311
vn -0.075413 0.061144 -0.995276
vn -0.648611 -0.557736 -0.517914
vn -0.430121 -0.830556 -0.353797
vn 0.325950 -0.457823 0.827136
vn -0.699771 0.140118 -0.700491
vn -0.810741 -0.143231 -0.567613
vn 0.638608 0.203188 -0.742223
vn 0.928152 0.070717 -0.365421
vn 0.719059 -0.253045 -0.647242
vn 0.061756 0.885385 0.460739
vn 0.674201 0.060310 0.736081
vn -0.212314 -0.031666 0.976688
vn 0.524231 0.448007 0.724204
vn -0.346186 0.466331 0.814058
vn -0.299381 -0.810239 0.503868
vn 0.351899 -0.809489 0.469995
vn 0.893418 0.155652 0.421398
vn 0.302703 -0.952508 -0.033150
vn -0.637143 -0.662797 -0.393381
vn 0.575207 0.689547 0.440071
vn 0.477388 0.736581 0.479113
vn -0.708754 -0.234036 0.665503
vn 0.494329 -0.262980 0.828541
vn -0.941054 -0.315814 0.121157
vn -0.973304 -0.074218 0.217191
vn -0.602288 -0.307384 0.736726
vn 0.538777 0.635936 0.552544
vn 0.252650 -0.531582 0.808449
vn 0.835223 0.094209 0.541782
vn -0.987699 -0.114823 0.106148
vn 0.494329 -0.262980 0.828541
vn 0.434894 -0.883477 -0.174170
vn 0.446472 -0.118866 -0.886868
vn -0.036453 0.226021 -0.973440
vn -0.286900 -0.913776 0.287580
vn 0.034718 -0.289008 -0.956697
vn -0.368642 -0.091284 0.925079
vn 0.545933 -0.769128 0.332264
vn 0.826873 -0.018736 0.562077
vn 0.021572 -0.981909 0.188119
vn 0.000841 -0.995279 0.097054
vn 0.611080 -0.527042 0.590600
vn 0.202845 -0.947749 0.246225
vn -0.464627 -0.172160 -0.868610
vn 0.176141 0.035810 0.983713
vn 0.246613 0.210508 -0.945975
vn -0.013546 0.244965 -0.969437
vn 0.671157 -0.009117 -0.741259
vn -0.166776 -0.960426 0.223087
vn 0.352827 -0.933518 0.063700
vn -0.016014 -0.958097 0.285994
vn 0.038213 -0.356028 -0.933694
vn 0.325950 -0.457823 0.827136
vn 0.350789 -0.932568 -0.085230
vn 0.350789 -0.932568 -0.085230
vn 0.625590 -0.780010 0.014890
vn 0.982347 0.038889 0.182982
vn 0.997972 0.051295 0.037693
vn -0.083485 -0.992084 0.093809
vn 0.611080 -0.527042 0.590600
vn -0.093605 -0.605305 -0.790471
vn 0.758030 -0.078675 -0.647457
vn 0.202845 -0.947749 0.246225
vn 0.337278 -0.912148 -0.232873
vn 0.458354 -0.839772 0.291024
vn 0.409041 0.748314 0.522217
vn 0.100241 0.391359 -0.914762
vn -0.024369 0.006827 -0.999680
vn -0.002803 0.816016 -0.578023
vn 0.305120 -0.169090 -0.937182
vn -0.000268 0.618589 -0.785714
vn 0.591126 0.533691 -0.604768
vn 0.604746 0.603850 -0.519276
vn -0.013546 0.244965 -0.969437
vn 0.532235 0.109648 0.839466
vn -0.275423 0.218813 -0.936089
vn 0.873865 0.203539 0.441511
vn -0.661227 0.201195 -0.722703
vn -0.920819 0.167771 -0.352058
vn 0.630426 -0.165310 -0.758443
vn 0.221805 0.579190 -0.784437
vn 0.243934 0.174138 -0.954029
vn -0.243621 -0.198640 0.949311
vn -0.266891 -0.949060 -0.167497
vn 0.458354 -0.839772 0.291024
vn 0.674201 0.060310 0.736081
vn 0.759262 0.589813 0.275030
vn -0.965174 -0.018740 0.260937
vn -0.302671 -0.929181 0.212164
vn 0.890116 -0.394871 0.227530
vn -0.313762 -0.893411 -0.321513
vn -0.214253 0.076871 0.973749
vn 0.001843 0.050542 0.998720
vn -0.931291 -0.091497 -0.352598
vn 0.028715 0.984258 -0.174392
vn -0.708754 -0.234036 0.665503
vn -0.660533 -0.743659 -0.103283
vn -0.299381 -0.810239 0.503868
vn -0.620818 -0.770929 0.142315
vn 0.547258 0.189916 0.815132
vn -0.212314 -0.031666 0.976688
vn 0.403299 0.683834 0.608046
vn 0.479333 0.219050 0.849857
vn 0.029437 -0.360030 -0.932476
vn 0.565215 -0.814698 -0.129614
vn -0.230568 -0.970925 -0.064362
vn -0.353753 -0.931827 -0.080978
vn -0.295018 -0.954548 0.042443
vn 0.014556 -0.999741 -0.017507
vn 0.092693 -0.995394 -0.024451
vn 0.545641 -0.823874 -0.153323
vn 0.739905 -0.662714 -0.115543
vn -0.871170 -0.489859 -0.033179
vn -0.934326 -0.344304 -0.092136
vn -0.534306 -0.776285 -0.334512
vn 0.107943 -0.212315 -0.971221
vn -0.884648 -0.076017 -0.460020
vn 0.835935 -0.547089 -0.043653
vn -0.681088 -0.039908 0.731113
vn 0.237838 -0.596912 0.766244
vn -0.642178 0.227788 0.731928
vn -0.804856 0.261838 -0.532586
vn -0.844531 -0.533376 -0.047714
vn -0.545594 -0.559020 -0.624359
vn 0.618203 -0.403153 -0.674754
vn -0.773340 0.239553 0.586992
vn -0.802962 -0.007603 -0.595981
vn -0.502837 -0.147565 -0.851692
vn -0.534002 -0.845276 0.018709
vn -0.830893 -0.066038 -0.552499
vn -0.275760 -0.960651 0.033245
vn 0.347606 -0.699479 0.624420
vn 0.290955 -0.283036 0.913912
vn 0.347606 -0.699479 0.624420
vn 0.213967 -0.147319 0.965668
vn 0.341941 -0.131229 -0.930514
vn -0.832347 0.359399 -0.421938
vn 0.290955 -0.283036 0.913912
vn -0.027040 -0.656738 -0.753634
vn 0.557881 -0.793864 -0.241967
vn 0.461417 -0.885285 -0.058008
vn -0.685951 -0.101019 0.720601
vn -0.728428 -0.573961 0.374114
vn 0.689422 -0.657488 0.303983
vn 0.122178 -0.617404 -0.777101
vn -0.522643 -0.419914 0.741968
vn 0.860802 -0.507372 -0.039909
vn 0.085865 -0.172237 -0.981306
vn 0.122178 -0.617404 -0.777101
vn -0.830893 -0.066038 -0.552499
vn -0.620147 -0.232910 -0.749113
vn -0.851744 -0.229131 -0.471202
vn 0.213967 -0.147319 0.965668
vn -0.610072 -0.362076 -0.704779
vn -0.612863 -0.408199 -0.676589
vn -0.776798 -0.626888 -0.059966
vn -0.862172 -0.473896 -0.179112
vn -0.986946 -0.018927 -0.159937
vn -0.615568 -0.767630 -0.178381
vn -0.890073 -0.448727 -0.080091
vn -0.775618 -0.631091 0.011874
vn -0.894937 -0.374163 -0.243084
vn -0.703739 0.679645 -0.206965
vn 0.311982 0.766005 0.562053
vn 0.787441 0.600602 0.138616
vn 0.811371 0.407433 0.419137
vn 0.617171 0.373872 0.692329
vn 0.451837 0.824230 0.341304
vn 0.419155 0.641770 0.642215
vn 0.195460 0.715690 0.670510
vn 0.202974 0.951238 0.232267
vn 0.415818 0.789338 0.451709
vn 0.137267 0.594821 0.792052
vn 0.339701 -0.330037 0.880726
vn 0.609852 -0.259606 0.748789
vn 0.594242 0.128395 0.793972
vn 0.759545 0.178456 0.625495
vn -0.050779 0.980713 -0.188740
vn 0.496883 -0.819177 -0.286454
vn 0.316953 0.934230 -0.163572
vn 0.594575 0.252035 0.763517
vn -0.068072 0.979404 -0.190092
vn 0.892986 0.007796 -0.450017
vn 0.038291 -0.749958 0.660376
vn 0.952159 0.175764 -0.249999
vn 0.768686 -0.351568 0.534342
vn 0.776246 0.070851 0.626436
vn 0.833414 0.477201 0.278750
vn 0.859890 0.475942 0.184577
vn 0.845944 -0.178650 -0.502456
vn -0.364571 -0.931168 -0.003869
vn -0.692108 0.125246 -0.710844
vn -0.737717 0.541173 -0.403615
vn -0.655828 0.717031 -0.236129
vn -0.848078 0.107688 -0.518813
vn -0.757080 -0.402019 -0.514986
vn -0.272738 0.943689 -0.187257
vn 0.454725 0.844005 -0.284394
vn 0.994034 -0.108444 0.011640
vn 0.198438 0.967201 -0.158571
vn -0.075349 0.950275 0.302159
vn 0.642217 0.692221 0.329223
vn 0.198172 0.837410 0.509383
vn 0.055689 0.294115 0.954146
vn 0.161888 0.314972 0.935193
vn 0.737495 0.218729 0.638951
vn 0.227248 -0.012901 0.973751
vn 0.292448 -0.012469 0.956200
vn 0.256294 0.137503 0.956769
vn 0.729530 -0.682103 0.050228
vn 0.380821 -0.355734 0.853480
vn -0.284997 0.409295 0.866749
vn 0.543207 -0.324453 0.774375
vn 0.859293 -0.444588 -0.252897
vn 0.919856 0.179894 0.348574
vn -0.717955 0.668156 -0.195214
vn 0.239980 0.508422 0.826992
vn -0.444972 0.057353 0.893706
vn -0.563174 0.101273 0.820109
vn 0.220721 0.144422 0.964585
vn 0.030919 -0.655918 0.754198
vn 0.866754 0.308371 0.391975
vn -0.102822 -0.711160 0.695471
vn 0.772362 0.231368 0.591545
vn 0.139143 -0.190888 0.971700
vn 0.660261 -0.097358 0.744699
vn 0.614183 -0.007561 0.789127
vn 0.366774 -0.045828 0.929181
vn 0.213761 0.680021 0.701340
vn 0.203294 0.585749 -0.784582
vn 0.449497 -0.865122 -0.222521
vn 0.595431 0.755155 0.274232
vn 0.627277 0.660339 0.412887
vn 0.823368 0.560760 -0.087257
vn 0.998016 0.011409 -0.061914
vn -0.382541 -0.736752 -0.557547
vn 0.957645 0.023525 -0.286990
vn 0.728644 -0.289385 -0.620753
vn 0.941077 -0.056068 -0.333511
vn -0.011731 -0.796120 -0.605025
vn 0.871808 -0.229683 -0.432664
vn -0.285559 0.957871 0.030657
vn 0.971842 0.233333 0.032838
vn -0.290598 -0.810371 -0.508774
vn -0.187355 -0.869577 -0.456873
vn -0.666214 0.204435 -0.717193
vn -0.314748 -0.819097 -0.479598
vn -0.123472 0.512725 0.849628
vn 0.083108 0.739909 0.667553
vn -0.395829 0.848346 -0.351609
vn -0.479559 0.877474 0.007925
vn 0.045711 0.787143 0.615075
vn 0.778905 0.332258 0.531894
vn 0.159489 0.986048 -0.047669
vn 0.872594 0.119016 -0.473725
vn -0.848078 0.107688 -0.518813
vn -0.874106 -0.026894 -0.484989
vn 0.986686 -0.144658 -0.074332
vn -0.290598 -0.810371 -0.508774
vn -0.217860 -0.840148 -0.496677
vn -0.161313 -0.973201 -0.163882
vn 0.769986 0.469834 -0.431714
vn 0.815715 0.499461 -0.291799
vn 0.831157 -0.057780 -0.553027
vn 0.023715 -0.117576 -0.992781
vn 0.986500 0.047963 -0.156580
vn -0.158746 -0.654997 -0.738768
vn -0.225308 -0.792039 -0.567372
vn 0.891098 0.444452 -0.091688
vn -0.888867 0.315263 -0.332453
vn -0.717955 0.668156 -0.195214
vn -0.559112 -0.494905 -0.665179
vn 0.715159 -0.286890 -0.637371
vn 0.699979 -0.416929 -0.579828
vn 0.561537 0.790312 0.245119
vn 0.969840 0.231791 -0.075380
vn 0.818636 -0.568324 0.082724
vn 0.874501 -0.481221 0.060619
vn 0.428970 0.345365 0.834690
vn -0.901916 0.391815 0.181736
vn -0.790674 0.561945 -0.243008
vn -0.714437 0.346817 0.607698
vn -0.863753 0.321612 0.387939
vn -0.577422 0.211907 0.788466
vn 0.853256 -0.308228 -0.420654
vn -0.022688 0.986339 -0.163160
vn 0.815715 0.499461 -0.291799
vn -0.035497 -0.064423 -0.997291
vn -0.981921 -0.028765 -0.187094
vn -0.598704 0.256341 0.758843
vn -0.954282 0.176867 0.240963
vn -0.896096 0.308194 -0.319417
vn 0.594303 0.732990 0.330951
vn -0.403640 0.907289 -0.117905
vn 0.842226 0.457966 -0.284468
vn 0.416206 0.861935 0.289552
vn -0.180304 0.959326 -0.217221
vn 0.120328 0.979736 0.160118
vn -0.941342 0.329635 0.072227
vn 0.769636 0.612920 -0.178857
vn -0.103081 0.718356 -0.687997
vn -0.380359 0.771344 0.510251
vn -0.168990 0.882682 0.438538
vn -0.895379 0.229165 0.381811
vn -0.754372 0.515360 0.406603
vn 0.033902 0.968382 0.247159
vn -0.011817 0.544036 0.838978
vn -0.167266 0.571989 -0.803026
vn -0.540239 0.828540 0.147183
vn -0.686340 0.387589 0.615395
vn -0.757034 0.050386 0.651429
vn -0.099191 0.185989 0.977532
vn -0.869279 0.485953 0.090576
vn 0.092905 0.837720 0.538140
vn -0.047214 0.976217 0.211591
vn 0.812780 0.577555 -0.076277
vn -0.666194 0.737879 0.108260
vn 0.518856 -0.591658 -0.617032
vn -0.253824 -0.949189 -0.186047
vn -0.405651 -0.911386 0.069446
vn -0.537375 -0.843090 0.020648
vn 0.486369 -0.843983 -0.226139
vn 0.990589 -0.059288 0.123363
vn -0.941054 -0.315814 0.121157
vn 0.296488 0.736961 0.607441
vn 0.089450 0.808043 0.582293
vn 0.611351 0.438067 0.659050
vn 0.990589 -0.059288 0.123363
vn -0.540945 -0.772037 -0.333672
vn 0.981069 -0.012504 0.193253
vn -0.387386 -0.920732 0.046735
vn -0.795839 -0.589083 -0.140075
vn -0.744419 -0.663845 -0.071762
vn -0.628670 0.607788 0.485147
vn 0.209253 -0.965336 -0.156010
vn -0.826196 -0.315211 -0.466950
vn -0.297926 0.784964 0.543205
vn 0.000148 0.999622 -0.027480
vn -0.345865 0.568149 0.746716
vn -0.991386 0.016626 0.129911
vn 0.080545 0.732045 0.676478
vn -0.973304 -0.074218 0.217191
vn 0.591172 -0.771965 -0.233634
vn 0.817651 -0.033740 0.574725
vn -0.744419 -0.663845 -0.071762
vn -0.744419 -0.663845 -0.071762
vn 0.447262 -0.816305 0.365517
vn 0.447262 -0.816305 0.365517
vn 0.981069 -0.012504 0.193253
vn 0.111367 -0.993755 -0.006904
vn -0.934326 -0.344304 -0.092136
vn 0.034718 -0.289008 -0.956697
vn 0.764542 -0.380820 -0.520050
vn -0.399141 -0.774739 0.490373
vn 0.122875 -0.343433 0.931104
vn -0.991386 0.016626 0.129911
vn 0.076014 0.989060 0.126418
vn 0.421292 0.545119 0.724816
vn 0.166947 -0.985951 0.005327
vn 0.001060 -0.995383 0.095974
vn -0.205517 -0.302262 0.930806
vn 0.121618 -0.979055 0.163277
vn 0.000528 0.036622 0.999329
vn 0.371855 -0.319387 0.871616
vn -0.385388 -0.332227 0.860873
vn 0.123816 -0.904354 0.408427
vn -0.190217 -0.141807 0.971446
vn 0.280842 0.763089 0.582085
vn -0.010453 0.996548 0.082360
vn -0.000022 -0.987640 0.156738
vn -0.246140 0.914292 0.321690
vn -0.331027 -0.156204 0.930603
vn -0.161801 -0.953029 0.256040
vn -0.013781 0.983784 0.178825
vn -0.178904 -0.933457 0.310887
vn -0.075603 -0.980388 0.182000
vn 0.719059 -0.253045 -0.647242
vn -0.262530 0.680411 0.684192
vn -0.000020 0.512214 0.858858
vn -0.389153 0.735440 0.554697
vn -0.068488 0.427081 0.901616
vn -0.371309 -0.045507 0.927394
vn -0.614412 0.708614 0.346936
vn -0.472606 0.319188 0.821439
vn 0.758030 -0.078675 -0.647457
vn -0.464627 -0.172160 -0.868610
vn 0.034718 -0.289008 -0.956697
vn 0.446472 -0.118866 -0.886868
vn -0.871170 -0.489859 -0.033179
vn -0.331605 -0.930106 0.157923
vn -0.024556 0.987518 -0.155577
vn -0.826196 -0.315211 -0.466950
vn -0.971602 -0.164416 0.170165
vn 0.494361 0.801849 0.335627
vn -0.738692 -0.155935 0.655757
vn -0.187211 -0.981999 -0.025081
vn -0.810741 -0.143231 -0.567613
vn 0.337278 -0.912148 -0.232873
vn -0.411022 0.779574 0.472574
vn 0.560357 0.594718 0.576463
vn 0.739954 0.667739 -0.081197
vn 0.377889 0.887258 0.264523
vn 0.056012 0.578153 0.814003
vn 0.222816 0.847611 0.481568
vn 0.624370 0.539120 -0.565254
vn 0.990377 0.073780 0.117090
vn -0.475691 0.798969 0.367921
vn 0.142803 0.916899 0.372698
vn -0.974059 0.203382 0.099226
vn -0.614560 0.666425 0.422129
vn -0.839405 -0.540349 -0.058509
vn -0.935142 -0.221342 -0.276616
vn -0.778280 0.105265 0.619032
vn -0.991553 -0.066915 0.111104
vn 0.834299 -0.179682 -0.521209
vn -0.412835 -0.044596 -0.909713
vn 0.715159 -0.286890 -0.637371
vn -0.583851 -0.353741 -0.730743
vn 0.089181 0.154431 -0.983970
vn -0.742669 -0.050087 -0.667783
vn -0.310462 0.280899 0.908135
vn -0.852568 -0.107419 -0.511458
vn 0.557111 -0.060889 -0.828203
vn 0.822157 -0.036611 -0.568082
vn -0.477950 -0.397982 -0.783055
vn -0.057431 0.720576 0.690994
vn -0.562241 0.551894 0.615872
vn -0.072018 -0.052668 -0.996012
vn -0.368642 -0.091284 0.925079
vn -0.869817 0.458579 0.181999
vn -0.342004 0.815347 0.467164
vn -0.687967 0.605935 0.399431
vn 0.096965 -0.288346 -0.952604
vn -0.656152 -0.309569 -0.688209
vn 0.127479 -0.238711 -0.962687
vn 0.833088 0.007579 -0.553089
vn -0.025538 -0.088928 -0.995711
vn -0.771162 -0.620372 0.142996
vn -0.666132 -0.644247 -0.375783
vn -0.559112 -0.494905 -0.665179
vn -0.748523 -0.398118 -0.530298
vn -0.522235 -0.256072 -0.813448
vn 0.089181 0.154431 -0.983970
vn 0.977606 -0.169919 0.124157
vn 0.848394 -0.004308 -0.529348
vn 0.874501 -0.481221 0.060619
vn 0.786098 -0.066794 -0.614483
vn -0.771543 -0.229563 -0.593314
vn 0.719536 -0.215412 -0.660201
vn -0.025538 -0.088928 -0.995711
vn -0.472061 -0.682918 0.557478
vn 0.421341 -0.156035 -0.893378
vn 0.674488 -0.209713 -0.707874
vn 0.699979 -0.416929 -0.579828
vn -0.965174 -0.018740 0.260937
vn 0.127479 -0.238711 -0.962687
vn 0.443237 0.023527 -0.896096
vn 0.327846 -0.788071 -0.521020
vn -0.753900 -0.171379 -0.634243
vn 0.496096 -0.653444 0.571751
vn 0.768662 0.106426 -0.630739
vn -0.602288 -0.307384 0.736726
vn -0.991712 0.070783 -0.107223
vn -0.689906 -0.317418 -0.650596
vn -0.968390 -0.246359 -0.039093
vn -0.121946 -0.144411 -0.981975
vn 0.715663 -0.164018 -0.678913
vn -0.805866 -0.117499 -0.580322
vn -0.121946 -0.144411 -0.981975
vn 0.788142 -0.030628 -0.614731
vn 0.648308 -0.617640 0.445216
vn 0.077979 -0.262596 0.961750
vn 0.995511 0.026100 0.090977
vn 0.976824 -0.102164 -0.188088
vn 0.898106 -0.046944 0.437265
vn 0.797776 -0.005955 0.602925
vn -0.755224 -0.363872 0.545191
vn 0.002548 -0.784601 0.619995
vn 0.997978 0.052535 -0.035773
vn 0.904586 0.417652 0.085389
vn 0.945794 -0.318582 -0.063080
vn 0.047633 -0.980529 -0.190507
vn -0.920746 -0.330213 -0.207814
vn -0.753616 -0.629734 0.188412
vn 0.347174 -0.146228 0.926330
vn -0.294901 0.291613 0.909942
vn -0.639906 -0.379333 0.668302
vn -0.871737 0.443122 0.209085
vn 0.870397 -0.096007 -0.482900
vn 0.957040 -0.039448 -0.287260
vn -0.509083 0.449404 -0.734078
vn -0.010866 0.827674 0.561104
vn -0.004506 0.231234 0.972888
vn -0.912928 -0.184235 -0.364170
vn -0.826674 -0.200200 0.525862
vn -0.830286 -0.178796 -0.527879
vn 0.871759 0.189263 0.451903
vn 0.033454 -0.063107 0.997446
vn -0.923950 -0.259043 -0.281449
vn 0.564140 -0.090879 0.820663
vn -0.814667 -0.344339 -0.466634
vn 0.979500 -0.048311 -0.195565
vn -0.916580 -0.330973 0.224359
vn -0.824255 0.046081 0.564341
vn -0.611224 -0.229247 0.757529
vn -0.948904 -0.267696 0.167095
vn 0.038213 -0.356028 -0.933694
vn 0.079724 0.743948 0.663465
vn 0.693156 -0.065865 0.717772
vn 0.855649 0.070405 0.512745
vn 0.911319 -0.026849 -0.410824
vn -0.910311 -0.358615 -0.206710
vn 0.116303 0.191691 0.974540
vn -0.676660 -0.732155 -0.077977
vn -0.935948 0.302298 0.180602
vn 0.826873 -0.018736 0.562077
vn -0.774724 0.130392 -0.618709
vn -0.072018 -0.052668 -0.996012
vn 0.096965 -0.288346 -0.952604
vn -0.124966 -0.088771 0.988182
vn 0.859293 -0.444588 -0.252897
vn -0.336276 -0.728922 0.596314
vn 0.945794 -0.318582 -0.063080
vn 0.523797 0.724541 0.447971
vn 0.541306 0.006728 -0.840799
vn 0.256584 0.302972 0.917809
vn 0.127256 -0.019523 0.991678
vn 0.470277 -0.259678 0.843449
vn 0.491999 -0.207060 0.845614
vn -0.828455 0.361458 0.427796
vn 0.470277 -0.259678 0.843449
vn 0.124524 -0.444892 -0.886885
vn 0.237838 -0.596912 0.766244
vn -0.851744 -0.229131 -0.471202
vn -0.834930 -0.503255 0.222770
vn -0.554014 -0.596097 0.581151
vn -0.632663 -0.741913 -0.222041
vn 0.273534 -0.546825 0.791304
vn 0.365983 -0.029653 -0.930149
vn 0.689422 -0.657488 0.303983
vn 0.491999 -0.207060 0.845614
vn 0.944924 -0.312827 -0.096217
vn 0.268818 -0.206274 -0.940844
vn 0.270440 -0.101446 -0.957377
vn 0.238383 -0.033661 -0.970588
vn 0.849199 0.036436 -0.526815
vn 0.363881 -0.667522 -0.649619
vn 0.661532 -0.222775 -0.716064
vn 0.929227 0.146665 -0.339156
vn -0.132863 0.495437 -0.858423
vn 0.005928 0.232997 -0.972459
vn -0.663598 0.164104 -0.729868
vn 0.005928 0.232997 -0.972459
vn -0.718937 -0.051275 -0.693182
vn -0.024369 0.006827 -0.999680
vn -0.000268 0.618589 -0.785714
vn -0.571766 0.524640 -0.630743
vn -0.002803 0.816016 -0.578023
vn 0.625022 0.178463 -0.759933
vn 0.393461 0.723740 0.566912
vn 0.817651 -0.033740 0.574725
vn -0.294427 -0.894778 0.335686
vn -0.940421 -0.055197 -0.335502
vn -0.253862 0.204503 -0.945374
vn -0.984995 0.166894 0.043946
vn 0.430063 0.728108 0.533764
vn -0.401698 -0.910561 0.097558
vn -0.971602 -0.164416 0.170165
vn -0.738692 -0.155935 0.655757
vn -0.032060 0.268116 0.962853
vn 0.924562 -0.075925 0.373390
vn 0.256584 0.302972 0.917809
vn 0.976939 0.124606 0.173389
vn 0.127256 -0.019523 0.991678
vn 0.347174 -0.146228 0.926330
vn 0.483747 -0.446765 -0.752589
vn 0.877706 0.233285 0.418581
vn 0.527583 -0.785879 0.322568
vn 0.593140 -0.322358 -0.737746
vn -0.926626 -0.280225 0.250677
vn 0.826002 -0.385046 -0.411655
vn 0.080956 0.192236 0.978004
vn -0.059628 -0.209188 0.976056
vn 0.117645 0.205435 0.971574
vn 0.251625 -0.742772 -0.620463
vn -0.348359 -0.911189 0.219958
vn -0.642405 -0.620140 -0.450269
vn -0.580199 -0.810973 -0.075439
vn -0.394463 -0.461432 -0.794657
vn -0.906872 0.290014 0.305738
vn -0.694916 -0.143792 -0.704568
vn -0.853002 0.060060 0.518440
vn 0.826002 -0.385046 -0.411655
vn -0.831205 0.241897 0.500584
vn -0.642405 -0.620140 -0.450269
vn 0.684048 -0.239216 -0.689096
vn 0.483747 -0.446765 -0.752589
vn 0.251625 -0.742772 -0.620463
vn -0.926626 -0.280225 0.250677
vn -0.032060 0.268116 0.962853
vn 0.080956 0.192236 0.978004
vn 0.117645 0.205435 0.971574
vn 0.113960 0.311943 0.943242
vn 0.377893 -0.143916 0.914595
vn -0.627004 -0.706790 0.327588
vn -0.681024 0.195948 0.705557
vn -0.597628 -0.047947 0.800339
vn 0.668866 -0.421698 0.612200
vn 0.937687 -0.171464 -0.302229
vn 0.107943 -0.212315 -0.971221
vn -0.692169 0.249944 -0.677075
vn 0.788758 0.102824 -0.606043
vn 0.985200 0.090932 -0.145301
vn 0.173270 -0.076799 -0.981876
vn 0.150845 -0.073409 -0.985828
vn 0.953882 0.128229 -0.271417
vn 0.668866 -0.421698 0.612200
vn 0.988708 -0.149610 -0.008603
vn 0.341941 -0.131229 -0.930514
vn 0.981232 -0.178237 -0.073586
vn 0.363282 -0.124185 0.923366
vn 0.949835 -0.201625 -0.239085
vn 0.489282 -0.015901 -0.871981
vn 0.953114 -0.302583 0.004246
vn 0.978797 -0.160315 -0.127499
vn -0.244579 -0.824510 0.510260
vn -0.830337 -0.408009 0.379565
vn 0.385650 -0.916344 -0.107649
vn -0.313037 0.214502 0.925201
vn -0.803043 -0.069245 0.591884
vn -0.192460 -0.119257 0.974031
vn -0.803043 -0.069245 0.591884
vn 0.475922 -0.386472 0.790024
vn 0.616056 0.275970 0.737777
vn 0.717321 0.251289 0.649850
vn -0.935948 0.302298 0.180602
vn -0.443720 0.596415 0.668881
vn -0.734941 0.257180 -0.627471
vn 0.718742 0.071703 -0.691569
vn 0.618203 -0.403153 -0.674754
vn 0.377893 -0.143916 0.914595
vn 0.475922 -0.386472 0.790024
vn 0.385650 -0.916344 -0.107649
vn 0.300884 0.478576 0.824884
vn 0.843693 0.158695 0.512833
vn 0.903935 -0.318512 0.285398
vn 0.684048 -0.239216 -0.689096
vn 0.113960 0.311943 0.943242
vn -0.841884 -0.164672 0.513920
vn -0.555617 -0.203498 -0.806151
vn 0.593140 -0.322358 -0.737746
vn -0.059628 -0.209188 0.976056
vn 0.363282 -0.124185 0.923366
vn 0.268818 -0.206274 -0.940844
vn -0.753637 -0.491819 0.436058
vn 0.874501 -0.481221 0.060619
vn -0.780048 -0.586267 0.218667
vn 0.656185 -0.708946 -0.258490
vn -0.243823 -0.232493 0.941540
vn 0.402221 -0.897572 -0.180505
vn -0.787775 -0.615874 -0.010445
vn -0.791310 -0.599050 -0.122343
vn -0.702091 -0.710641 -0.045351
vn -0.856750 -0.514619 -0.033868
vn 0.285551 -0.231753 0.929920
vn 0.935787 0.089396 -0.341043
vn -0.949739 -0.304073 -0.074398
vn 0.861929 -0.289506 -0.416250
vn -0.717224 -0.008673 0.696788
vn -0.957028 0.212180 0.197680
vn 0.952186 -0.261539 0.157922
vn 0.472194 0.231582 0.850531
vn 0.733395 0.310966 0.604510
vn 0.504071 -0.074800 0.860417
vn 0.781506 0.174467 0.599007
vn 0.985435 0.150920 0.078368
vn -0.572988 -0.744896 -0.341781
vn 0.573844 -0.729118 0.372948
vn 0.623476 -0.779793 0.056574
vn -0.203533 -0.840985 -0.501317
vn 0.487211 -0.543837 -0.683277
vn 0.402221 -0.897572 -0.180505
vn 0.623476 -0.779793 0.056574
vn 0.750903 -0.632974 0.188384
vn 0.931581 -0.329854 0.152818
vn 0.963779 0.257779 0.068409
vn 0.073495 -0.275894 -0.958374
vn 0.608289 0.027735 0.793231
vn 0.426549 -0.194345 0.883338
vn -0.731637 -0.671909 -0.115090
vn 0.065247 -0.691875 -0.719063
vn 0.990806 -0.131710 0.030919
vn 0.135410 -0.237344 0.961942
vn 0.403843 -0.356467 -0.842521
vn -0.596875 -0.562576 0.572056
vn 0.328090 -0.146074 -0.933284
vn 0.982457 -0.079905 -0.168506
vn 0.073495 -0.275894 -0.958374
vn -0.766367 0.142888 -0.626310
vn 0.913604 -0.124670 -0.387020
vn 0.946405 0.018904 -0.322428
vn 0.661532 -0.222775 -0.716064
vn 0.995896 -0.049705 0.075637
vn 0.656109 -0.185453 -0.731525
vn 0.840148 -0.537889 -0.069472
vn 0.412779 -0.276286 -0.867917
vn 0.411554 0.053582 0.909809
vn 0.677062 0.192456 0.710315
vn 0.834216 -0.037841 0.550138
vn 0.936315 -0.246655 -0.249949
vn 0.273534 -0.546825 0.791304
vn 0.884807 0.023272 -0.465375
vn 0.473260 -0.847210 0.241371
vn 0.490837 -0.084532 0.867141
vn 0.337408 -0.203057 -0.919197
vn 0.411554 0.053582 0.909809
vn -0.195607 -0.144201 -0.970023
vn 0.121461 0.124949 0.984701
vn -0.151883 0.091584 -0.984146
vn 0.140093 0.309012 0.940684
vn 0.363881 -0.667522 -0.649619
vn 0.313404 -0.060888 0.947666
vn 0.520411 -0.099687 0.848077
vn -0.032000 -0.493809 0.868982
vn 0.394882 -0.510112 0.764103
vn 0.384630 -0.614450 0.688848
vn 0.248963 -0.130194 0.959722
vn 0.967619 -0.252109 0.012388
vn 0.901764 0.228700 0.366767
vn 0.835645 0.017952 0.548976
vn 0.639378 0.219441 0.736913
vn 0.856720 0.033322 0.514704
vn 0.135410 -0.237344 0.961942
vn 0.973561 -0.058968 0.220685
vn 0.952870 -0.229564 0.198343
vn -0.199592 0.173583 0.964381
vn 0.968845 -0.149334 0.197582
vn -0.841884 -0.074936 0.534430
vn 0.577919 0.014586 0.815964
vn 0.777862 0.301675 0.551292
vn 0.976823 -0.167103 0.133766
vn -0.016643 0.103780 -0.994461
vn 0.281292 0.285839 0.916063
vn 0.602977 -0.187896 0.775315
vn 0.485127 0.065684 0.871973
vn 0.338396 -0.324864 0.883149
vn 0.435305 -0.243372 -0.866763
vn 0.702383 -0.019075 0.711544
vn 0.446877 0.166585 0.878949
vn 0.641985 0.157675 0.750329
vn 0.941580 -0.110953 0.317987
vn 0.724201 0.003252 0.689582
vn 0.970608 -0.126314 0.204855
vn 0.878289 -0.108192 0.465728
vn 0.756692 -0.022185 0.653395
vn 0.445693 0.270626 0.853299
vn 0.797895 -0.084788 0.596803
vn 0.968970 0.024042 0.246007
vn 0.031813 -0.017796 0.999335
vn 0.599542 -0.279179 -0.750072
vn 0.323257 -0.504840 0.800401
vn 0.806241 -0.202848 0.555723
vn 0.290082 -0.806321 -0.515459
vn 0.819202 -0.188808 0.541534
vn 0.860293 -0.245908 0.446571
vn 0.641177 -0.073777 0.763838
vn -0.191627 -0.711553 -0.675996
vn -0.028294 -0.185584 -0.982221
vn 0.457348 0.437077 0.774465
vn 0.552391 -0.024032 0.833239
vn 0.372066 -0.489738 -0.788494
vn 0.630010 -0.063538 0.773983
vn 0.285072 -0.936033 0.206342
vn 0.822052 -0.467893 0.324509
vn -0.918996 -0.390636 0.053390
vn -0.736246 -0.497873 0.458327
vn 0.930085 -0.068358 0.360928
vn 0.854871 -0.068789 0.514260
vn 0.498859 0.092589 0.861723
vn 0.874145 -0.034026 0.484471
vn 0.928933 0.016163 0.369894
vn 0.584714 -0.665728 0.463589
vn 0.759006 -0.368394 0.536838
vn 0.618956 -0.108783 0.777856
vn 0.924604 -0.287572 0.249818
vn 0.430813 0.087186 0.898220
vn 0.818358 0.085344 0.568336
vn 0.891718 -0.449099 -0.056111
vn 0.917864 -0.156886 0.364571
vn 0.943951 -0.316796 -0.092721
vn 0.851173 -0.090780 0.516975
vn 0.860558 0.061130 0.505671
vn 0.637524 -0.037499 0.769517
vn -0.949739 -0.304073 -0.074398
vn -0.880369 -0.418209 0.223724
vn -0.477950 -0.397982 -0.783055
vn -0.836240 -0.493424 -0.239240
vn -0.771162 -0.620372 0.142996
vn -0.472061 -0.682918 0.557478
vn -0.856750 -0.514619 -0.033868
vn -0.702091 -0.710641 -0.045351
vn 0.618609 0.113271 0.777491
vn 0.517436 -0.015984 0.855573
vn 0.318046 -0.174705 0.931840
vn -0.685470 -0.333688 -0.647135
vn -0.637711 -0.631336 -0.441293
vn -0.899408 -0.276384 -0.338641
vn 0.398890 -0.887544 -0.230547
vn 0.164599 -0.954677 0.247990
vn -0.677769 -0.561050 0.475240
vn 0.002548 -0.784601 0.619995
vn 0.144092 -0.886762 0.439194
vn -0.746186 -0.639441 -0.185260
vn 0.968235 -0.250039 -0.000757
vn -0.115867 -0.779799 0.615214
vn -0.604673 -0.350035 -0.715434
vn -0.899408 -0.276384 -0.338641
vn -0.843086 -0.366131 -0.393896
vn 0.960156 -0.203614 -0.191418
vn 0.408101 -0.812848 0.415610
vn 0.352759 -0.723803 0.593018
vn 0.764178 -0.556896 0.325421
vn -0.746186 -0.639441 -0.185260
vn 0.887075 -0.352826 -0.297676
vn 0.795479 -0.605890 0.010479
vn 0.878138 -0.311537 0.363069
vn 0.968235 -0.250039 -0.000757
vn 0.252067 -0.800274 -0.544080
vn 0.499573 -0.807661 -0.313226
vn 0.648308 -0.617640 0.445216
vn 0.972796 -0.174654 0.152194
vn 0.990600 0.100058 0.093272
vn 0.204577 0.098016 0.973931
vn 0.934707 0.018609 -0.354932
vn 0.688430 -0.181213 0.702300
vn 0.625980 -0.430267 0.650399
vn 0.604977 -0.730744 -0.316253
vn 0.750903 -0.632974 0.188384
vn -0.331861 -0.810868 0.482038
vn -0.648047 -0.717201 0.256238
vn -0.557094 -0.778246 0.289794
vn 0.179311 -0.933338 0.311011
vn 0.598665 0.082833 0.796705
vn 0.322247 0.104693 0.940849
vn 0.896377 0.003692 0.443277
vn 0.300633 -0.599025 0.742151
vn 0.446887 -0.306703 0.840372
vn 0.514589 -0.535677 0.669514
vn 0.920134 0.202405 0.335240
vn 0.441492 0.178108 0.879410
vn 0.931581 -0.329854 0.152818
vn 0.851427 -0.208290 0.481338
vn -0.820130 0.377927 0.429603
vn -0.423425 -0.439174 -0.792362
vn -0.845180 -0.038377 -0.533102
vn -0.845180 -0.038377 -0.533102
vn -0.605675 -0.788229 0.108872
vn 0.412779 -0.276286 -0.867917
vn -0.512288 -0.558180 0.652683
vn -0.717224 -0.008673 0.696788
vn -0.791310 -0.599050 -0.122343
vn 0.038213 -0.356028 -0.933694
vn -0.677294 -0.696460 -0.237100
vn 0.473124 -0.522742 -0.709150
vn 0.076435 -0.980179 0.182778
vn 0.640594 -0.671096 -0.373188
vn 0.261093 0.661587 0.702946
vn 0.953206 -0.245210 -0.176834
vn 0.632393 0.165251 0.756816
vn 0.571749 -0.069058 0.817517
vn 0.254359 -0.855064 0.451850
vn 0.275720 -0.469314 0.838882
vn 0.170604 -0.704391 0.689005
vn 0.853912 -0.399729 0.333243
vn 0.616414 -0.599901 0.510052
vn 0.799759 -0.312775 0.512403
vn 0.585104 -0.375832 0.718613
vn 0.762146 -0.023426 0.646982
vn 0.665386 -0.162267 0.728650
vn 0.911283 0.079389 0.404055
vn 0.696864 -0.246213 0.673617
vn 0.603000 -0.602489 0.522874
vn 0.891646 0.212818 0.399594
vn 0.757611 0.273866 0.592472
vn -0.641312 -0.331569 -0.691940
vn -0.817466 -0.426802 0.386767
vn -0.158349 -0.873841 0.459704
vn 0.219229 -0.969364 -0.110778
vn -0.766100 -0.631963 0.117101
vn 0.908472 -0.406866 0.095593
vn -0.959108 0.228937 0.166433
vn -0.118898 0.299845 0.946549
vn 0.686961 -0.592671 -0.420505
vn 0.763722 -0.207151 0.611406
vn -0.031968 0.350941 0.935852
vn -0.772223 -0.537451 -0.338848
vn -0.867402 -0.479849 -0.131754
vn -0.617434 -0.708263 0.342257
vn -0.942685 -0.006423 -0.333623
vn -0.921307 -0.288799 -0.260363
vn -0.774769 -0.009107 -0.632179
vn -0.824959 -0.337129 -0.453637
vn 0.868512 0.106495 0.484093
vn 0.460920 0.349121 0.815884
vn 0.915384 0.200787 0.348936
vn 0.395768 0.157195 0.904797
vn 0.725920 -0.049314 0.686009
vn 0.610293 0.140787 0.779565
vn 0.724716 -0.122554 0.678061
vn 0.435288 -0.021192 0.900042
vn 0.668705 -0.015951 0.743357
vn 0.155347 -0.520267 0.839756
vn 0.688438 0.037864 0.724306
vn 0.888913 -0.311909 0.335480
vn 0.108448 -0.982325 -0.152569
vn 0.463612 -0.125894 0.877049
vn 0.701297 0.304454 0.644585
vn 0.862570 -0.065626 0.501663
vn 0.667230 -0.115962 0.735770
vn -0.239873 0.522672 0.818093
vn -0.959108 0.228937 0.166433
vn -0.843086 -0.366131 -0.393896
vn 0.857826 -0.136492 0.495484
vn 0.491445 -0.290579 0.821003
vn 0.463612 -0.125894 0.877049
vn 0.404370 -0.222664 0.887077
vn -0.070646 -0.478230 -0.875389
vn 0.951729 -0.158312 0.262962
vn 0.629878 -0.450146 -0.632948
vn 0.911366 -0.160834 0.378872
vn -0.654832 -0.203729 -0.727798
vn 0.968700 -0.155424 0.193554
vn 0.931225 0.130541 0.340262
vn 0.351976 -0.720178 0.597877
vn 0.419016 -0.105250 0.901858
vn 0.232649 0.913242 0.334459
vn 0.549492 0.162445 0.819554
vn 0.401415 0.718424 0.568096
vn 0.673198 -0.467862 -0.572634
vn 0.337408 -0.203057 -0.919197
vn 0.763722 -0.207151 0.611406
vn 0.065247 -0.691875 -0.719063
vn 0.328090 -0.146074 -0.933284
vn -0.615570 -0.618427 -0.488489
vn -0.032000 -0.493809 0.868982
vn -0.787878 0.458589 0.411029
vn -0.522171 -0.624359 -0.580958
vn -0.635848 -0.167980 -0.753313
vn 0.403843 -0.356467 -0.842521
vn -0.498287 0.227217 0.836709
vn -0.733005 0.255309 -0.630492
vn 0.248963 -0.130194 0.959722
vn 0.490837 -0.084532 0.867141
vn 0.426549 -0.194345 0.883338
vn 0.968900 -0.246650 -0.019905
vn 0.851427 -0.208290 0.481338
vn -0.820130 0.377927 0.429603
vn -0.957028 0.212180 0.197680
vn -0.197878 -0.706672 -0.679308
vn -0.496696 -0.079568 0.864270
vn 0.365817 0.166628 -0.915649
vn 0.910888 0.402666 0.090241
vn 0.974847 -0.202137 -0.093879
vn 0.829395 0.556152 -0.052902
vn -0.713669 0.561075 0.419371
vn 0.761626 0.441235 -0.474592
vn 0.711538 0.458104 -0.532780
vn 0.859498 0.344078 -0.377987
vn 0.829395 0.556152 -0.052902
vn 0.919304 0.381171 -0.097923
vn 0.671003 -0.536402 0.511886
vn 0.927084 0.368947 -0.066280
vn 0.927084 0.368947 -0.066280
vn 0.919304 0.381171 -0.097923
vn 0.824925 0.160367 -0.542016
vn -0.010546 -0.037113 0.999255
vn 0.215649 -0.099824 0.971355
vn -0.898056 0.414742 -0.146578
vn -0.999509 0.021103 -0.023141
vn -0.253862 0.204503 -0.945374
vn 0.725828 0.361959 0.584945
vn -0.334590 0.325511 -0.884360
vn 0.662000 0.255538 0.704597
vn 0.791148 0.021004 0.611264
vn 0.859055 0.413729 -0.301417
vn 0.279643 0.210492 -0.936746
vn 0.470874 0.306689 -0.827176
vn 0.441617 0.225409 -0.868427
vn 0.554708 0.504894 -0.661348
vn 0.054360 0.391558 -0.918546
vn 0.077855 -0.106936 -0.991213
vn 0.670101 0.294667 -0.681275
vn 0.564413 0.268299 -0.780675
vn 0.138373 0.284185 -0.948732
vn 0.719197 -0.690462 -0.077579
vn 0.974847 -0.202137 -0.093879
vn 0.719197 -0.690462 -0.077579
vn 0.818318 -0.389822 -0.422369
vn 0.742802 0.423840 -0.518271
vn 0.496909 0.333415 -0.801196
vn 0.600892 -0.082982 -0.795011
vn 0.441835 0.391911 -0.806962
vn 0.716013 0.266184 -0.645346
vn 0.182115 -0.196171 -0.963510
vn 0.273217 0.446778 -0.851905
vn 0.000586 -0.307262 -0.951625
vn 0.990785 -0.083722 0.106472
vn 0.970583 0.150606 0.187847
vn 0.669187 0.550938 -0.498654
vn 0.870572 -0.415754 -0.263161
vn 0.775457 -0.193089 -0.601151
vn 0.015954 0.251485 -0.967730
vn 0.000000 0.262013 -0.965064
vn 0.943342 -0.251857 -0.216039
vn 0.775753 0.624500 -0.090588
vn 0.845153 0.513331 0.149020
vn 0.969599 -0.236257 0.063716
vn 0.687299 -0.378233 -0.620129
vn -0.065113 -0.185052 -0.980569
vn 0.000000 -0.168740 -0.985661
vn 0.681087 -0.511453 -0.523963
vn 0.860440 -0.411136 -0.301014
vn 0.666810 -0.510252 -0.543146
vn 0.400742 -0.423287 -0.812548
vn 0.852844 -0.506042 -0.128753
vn -0.000268 0.618589 -0.785714
vn 0.522527 -0.343062 0.780560
vn -0.503216 -0.567133 -0.652023
vn 0.021955 0.036371 -0.999097
vn -0.037683 -0.622679 -0.781569
vn -0.727601 0.391015 -0.563652
vn 0.098796 0.013371 -0.995018
vn -0.653113 0.477742 -0.587542
vn -0.723622 0.157505 -0.671985
vn -0.250672 0.460257 -0.851661
vn 0.027325 0.121922 -0.992163
vn -0.205145 0.101278 -0.973477
vn -0.096683 0.096190 -0.990656
vn 0.032690 -0.032043 -0.998952
vn 0.681218 -0.176805 -0.710410
vn 0.163473 -0.337368 -0.927070
vn 0.499369 0.086720 -0.862039
vn 0.189334 -0.067047 -0.979621
vn -0.189413 0.058611 -0.980147
vn -0.404022 0.293753 -0.866300
vn -0.651437 -0.562758 0.508855
vn -0.129587 -0.698217 0.704060
vn 0.098123 0.093626 -0.990760
vn -0.892410 0.383451 0.237844
vn -0.999509 0.021103 -0.023141
vn -0.909440 0.004379 0.415812
vn 0.293036 0.140031 -0.945791
vn -0.841582 0.391542 0.372069
vn -0.438441 -0.179246 -0.880704
vn -0.243418 -0.293381 -0.924487
vn 0.873022 -0.208631 -0.440801
vn 0.288213 -0.416787 -0.862103
vn -0.364304 -0.383488 -0.848657
vn -0.417279 -0.672846 -0.610865
vn 0.687975 -0.412928 -0.596810
vn 0.997203 -0.034069 0.066527
vn 0.866486 -0.070897 0.494141
vn 0.904075 -0.190068 -0.382782
vn 0.997203 -0.034069 0.066527
vn 0.498915 -0.083607 0.862608
vn -0.915295 0.365181 0.169933
vn -0.937314 0.101271 -0.333448
vn -0.663598 0.164104 -0.729868
vn 0.671157 -0.009117 -0.741259
vn 0.243934 0.174138 -0.954029
vn -0.643613 -0.468523 0.605185
vn -0.423149 -0.290291 0.858298
vn -0.069402 -0.369953 0.926455
vn 0.383808 -0.307068 0.870862
vn 0.303372 -0.709722 0.635814
vn -0.411750 -0.722548 0.555326
vn -0.604614 -0.456470 0.652746
vn 0.173420 -0.014774 -0.984737
vn 0.005928 0.232997 -0.972459
vn 0.420838 -0.346238 0.838460
vn -0.883304 0.424280 0.199397
vn -0.908307 0.418030 -0.015166
vn -0.488975 -0.121404 0.863808
vn -0.905632 0.405656 -0.123586
vn 0.006314 0.095762 -0.995384
vn -0.846149 0.493081 -0.202245
vn 0.344939 0.112385 -0.931873
vn 0.607085 -0.528016 0.593840
vn -0.905172 0.387656 0.174317
vn 0.000106 0.024541 -0.999699
vn -0.788066 0.359416 0.499772
vn 0.737021 0.625574 -0.255844
vn -0.581362 0.290933 0.759853
vn -0.832086 0.376671 0.407126
vn -0.908307 0.418030 -0.015166
vn -0.905632 0.405656 -0.123586
vn -0.020264 0.045796 0.998745
vn -0.617173 0.143537 0.773624
vn 0.199138 -0.238620 0.950476
vn 0.822160 0.371909 0.430972
vn 0.463683 0.567062 -0.680763
vn 0.480852 0.483429 0.731491
vn -0.670021 0.421430 0.611120
vn 0.237379 0.309063 -0.920940
vn -0.424883 0.363243 0.829174
vn -0.898056 0.414742 -0.146578
vn -0.287770 0.169869 0.942514
vn -0.663567 0.304686 0.683261
vn -0.385352 0.239650 0.891107
vn -0.908496 0.417742 -0.011267
vn -0.868418 0.277978 0.410583
vn 0.315395 -0.596309 0.738201
vn -0.591203 -0.175878 0.787113
vn -0.922866 0.364121 0.125437
vn -0.868756 0.492972 0.047347
vn -0.863580 0.403724 -0.302054
vn -0.808499 0.508428 -0.296361
vn -0.547868 0.440487 -0.711205
vn -0.263869 0.002947 0.964554
vn -0.236129 0.176562 0.955547
vn 0.557179 0.392635 0.731703
vn 0.382404 0.253659 0.888496
vn 0.629752 0.330581 0.702943
vn 0.309776 0.276479 0.909724
vn -0.261306 -0.612360 0.746146
vn -0.057947 0.242291 0.968471
vn 0.263462 -0.563935 0.782666
vn 0.512291 -0.138544 0.847564
vn 0.686026 0.332946 0.646928
vn 0.822707 0.448376 0.349446
vn 0.642270 0.400847 0.653308
vn 0.846340 0.430919 0.313079
vn 0.867773 0.492871 0.063623
vn 0.923417 0.171868 0.343165
vn 0.052371 0.094788 0.994119
vn -0.065445 0.164199 0.984254
vn -0.131884 0.229919 0.964232
vn -0.064371 -0.077139 0.994940
vn 0.377819 0.333861 0.863591
vn -0.549416 0.413861 0.725852
vn 0.139512 0.090931 0.986037
vn -0.141381 0.007230 0.989929
vn 0.893213 0.356947 0.273422
vn 0.263360 0.271844 0.925604
vn 0.004042 0.033672 0.999425
vn 0.301358 -0.370761 -0.878476
vn 0.795126 -0.582116 -0.170048
vn -0.004879 0.075314 -0.997148
vn 0.000727 -0.251915 -0.967749
vn 0.943707 -0.164961 0.286714
vn 0.024473 0.450001 -0.892693
vn -0.461386 0.089441 -0.882679
vn -0.279366 0.132829 0.950953
vn 0.232363 0.245842 0.941047
vn -0.135366 -0.133385 0.981776
vn 0.399907 0.273805 0.874703
vn 0.376962 0.144322 0.914916
vn -0.209030 0.153189 0.965836
vn -0.460014 0.245697 0.853241
vn 0.790421 0.501702 0.351467
vn 0.894153 -0.401264 0.198689
vn 0.574833 -0.807979 0.129370
vn 0.867773 0.492871 0.063623
vn 0.863459 0.470731 -0.181249
vn 0.910888 0.402666 0.090241
vn -0.830666 0.411878 0.374634
vn -0.582086 0.311846 -0.750951
vn -0.942685 -0.006423 -0.333623
vn -0.863580 0.403724 -0.302054
vn -0.808499 0.508428 -0.296361
vn -0.836539 0.095104 0.539591
vn 0.500556 -0.545158 0.672493
vn 0.188632 0.163830 0.968286
vn 0.038472 0.071977 0.996664
vn 0.187581 0.311316 0.931609
vn 0.034983 0.083600 0.995885
vn -0.958026 -0.250168 0.140007
vn -0.088526 0.096291 0.991409
vn -0.103944 0.119040 0.987434
vn 0.167833 0.115843 0.978985
vn -0.036588 0.126224 0.991327
vn -0.845592 0.506596 0.168330
vn -0.846149 0.493081 -0.202245
vn 0.045207 0.057958 0.997295
vn 0.890187 0.455325 -0.015692
vn 0.844331 0.432496 -0.316310
vn -0.055724 0.195328 0.979154
vn -0.003404 0.131706 0.991283
vn 0.160093 0.090506 0.982944
vn -0.000259 0.247470 0.968895
vn -0.177766 0.192357 0.965089
vn -0.190370 0.275846 0.942161
vn -0.275089 0.319986 0.906606
vn -0.758346 0.358320 0.544534
vn 0.155311 0.205813 -0.966188
vn 0.127990 -0.144574 0.981181
vn -0.229662 -0.112241 0.966777
vn 0.001900 -0.084149 0.996451
vn 0.238745 0.411654 -0.879512
vn 0.041184 0.383032 -0.922816
vn 0.098064 0.188600 -0.977145
vn 0.042203 0.072730 -0.996458
vn -0.813089 0.426807 -0.395882
vn -0.182884 0.219749 -0.958261
vn -0.122164 0.114242 -0.985913
vn -0.201086 0.422872 -0.883597
vn 0.038249 0.156273 -0.986973
vn -0.800050 0.348197 -0.488549
vn -0.277957 -0.283686 0.917748
vn -0.469521 0.221508 -0.854684
vn -0.252156 0.178071 -0.951161
vn -0.081689 -0.300556 -0.950260
vn -0.742398 0.336511 -0.579314
vn 0.028776 0.297679 -0.954232
vn -0.666539 -0.059921 0.743058
vn -0.311492 0.192717 0.930501
vn 0.981198 0.154265 0.115982
vn -0.566176 0.114652 0.816272
vn -0.875243 0.135086 0.464436
vn -0.342193 0.044398 -0.938580
vn -0.185562 0.593102 -0.783452
vn -0.710306 0.435586 -0.552929
vn -0.937314 0.101271 -0.333448
vn -0.764746 0.637388 -0.094341
vn 0.451934 -0.513442 0.729474
vn -0.424707 0.246697 0.871071
vn -0.791121 0.605201 -0.088652
vn 0.221825 -0.376034 -0.899662
vn 0.398188 0.896486 0.194318
vn 0.266107 -0.372527 -0.889051
vn 0.040811 0.088224 0.995264
vn 0.254299 -0.242991 0.936102
vn -0.890073 -0.448727 -0.080091
vn -0.121032 0.643438 0.755869
vn 0.113956 -0.022943 -0.993221
vn 0.398188 0.896486 0.194318
vn 0.346145 -0.677107 -0.649392
vn 0.210366 0.069002 -0.975185
vn 0.338477 0.381329 0.860245
vn 0.911924 0.265160 -0.313184
vn -0.732653 -0.599313 0.322556
vn 0.036947 -0.989787 0.137682
vn 0.198389 -0.829672 0.521810
vn -0.877562 -0.460823 0.132387
vn -0.566371 -0.420789 -0.708633
vn -0.826398 0.266238 0.496169
vn -0.313037 0.214502 0.925201
vn 0.923322 0.080701 0.375451
vn 0.616342 0.636399 0.463810
vn 0.465386 0.057724 0.883224
vn 0.298745 -0.114925 -0.947388
vn -0.830337 -0.408009 0.379565
vn -0.732653 -0.599313 0.322556
vn -0.890073 -0.448727 -0.080091
vn -0.121032 0.643438 0.755869
vn -0.808859 -0.444514 -0.384908
vn -0.162986 0.465080 -0.870135
vn 0.415427 0.716699 -0.560145
vn 0.036947 -0.989787 0.137682
vn -0.877562 -0.460823 0.132387
vn -0.834006 -0.538724 0.119207
vn 0.245233 -0.310003 -0.918564
vn -0.907307 -0.406955 0.105746
vn -0.851783 -0.505310 0.138303
vn 0.312405 0.048327 0.948719
vn 0.909755 -0.411714 -0.053271
vn 0.945794 -0.318582 -0.063080
vn 0.842073 -0.537694 -0.042401
vn 0.564140 -0.090879 0.820663
vn -0.534396 0.330926 -0.777759
vn 0.544085 -0.305838 0.781303
vn -0.284997 0.409295 0.866749
vn -0.978058 0.073681 -0.194870
vn -0.826398 0.266238 0.496169
vn 0.415427 0.716699 -0.560145
vn 0.819097 0.393542 0.417378
vn 0.160269 0.328396 0.930844
vn -0.593634 -0.098855 0.798640
vn 0.415420 -0.289164 -0.862445
vn 0.945794 -0.318582 -0.063080
vn 0.541306 0.006728 -0.840799
vn 0.862418 0.279828 -0.421819
vn 0.124524 -0.444892 -0.886885
vn 0.911574 0.162809 -0.377527
vn 0.287567 -0.490952 0.822357
vn -0.662684 0.015207 -0.748744
vn -0.978058 0.073681 -0.194870
vn -0.527451 -0.557185 -0.641358
vn -0.898827 -0.371121 0.233194
vn 0.339046 -0.162053 -0.926707
vn -0.978058 0.073681 -0.194870
vn -0.659674 -0.430961 -0.615713
vn 0.900807 0.276807 -0.334551
vn 0.308672 -0.161421 -0.937371
vn 0.805794 0.508540 -0.303451
vn -0.662684 0.015207 -0.748744
vn 0.858094 0.329278 0.394018
vn 0.443585 0.156302 0.882498
vn 0.835411 0.390574 0.386704
vn 0.909755 -0.411714 -0.053271
vn -0.162986 0.465080 -0.870135
vn -0.404142 -0.123376 0.906338
vn -0.978058 0.073681 -0.194870
vn -0.438433 -0.147605 0.886560
vn -0.410005 -0.266182 0.872378
vn 0.842073 -0.537694 -0.042401
vn 0.624542 -0.207249 0.752991
vn 0.883995 0.295209 0.362498
vn -0.834006 -0.538724 0.119207
vn 0.541768 0.159686 0.825220
vn 0.791921 -0.236501 0.562964
vn 0.392983 -0.223315 0.892017
vn 0.257011 -0.396844 0.881170
vn 0.656109 -0.185453 -0.731525
vn -0.082815 -0.479510 0.873620
vn 0.204577 0.098016 0.973931
vn -0.622546 -0.749122 0.226390
vn -0.545594 -0.559020 -0.624359
vn 0.108152 0.703489 0.702429
vn -0.615568 -0.767630 -0.178381
vn 0.869901 0.149804 -0.469926
vn -0.622546 -0.749122 0.226390
vn 0.116575 -0.043423 0.992232
vn 0.504071 -0.074800 0.860417
vn 0.036947 -0.989787 0.137682
vn -0.405410 -0.858555 -0.313888
vn 0.198389 -0.829672 0.521810
vn -0.743137 0.186905 -0.642506
vn -0.446375 -0.112693 -0.887722
vn -0.881237 0.120643 -0.457020
vn 0.845153 0.513331 0.149020
vn 0.346145 -0.677107 -0.649392
vn -0.440909 -0.762265 0.473868
vn -0.973471 0.157840 0.165650
vn -0.294901 0.291613 0.909942
vn 0.047633 -0.980529 -0.190507
vn -0.509083 0.449404 -0.734078
vn -0.718000 0.116405 -0.686240
vn -0.999509 0.021103 -0.023141
vn -0.981574 -0.186713 0.040636
vn -0.641425 0.734809 -0.220523
vn 0.608735 -0.166813 0.775639
vn -0.968134 0.247729 0.036708
vn -0.871737 0.443122 0.209085
vn -0.493163 0.059148 0.867924
vn -0.813295 0.580541 0.039042
vn -0.440909 -0.762265 0.473868
vn -0.441203 -0.872194 0.211227
vn 0.403576 0.210121 0.890492
vn -0.650673 -0.124412 0.749097
vn -0.488854 -0.644175 -0.588269
vn -0.881396 -0.457067 0.119289
vn -0.907307 -0.406955 0.105746
vn -0.992063 0.064260 -0.108078
vn -0.557343 -0.556196 -0.616453
vn 0.043781 0.203049 -0.978189
vn -0.654015 0.003950 -0.756471
vn -0.992063 0.064260 -0.108078
vn 0.241079 0.398183 0.885060
vn 0.009195 -0.226539 0.973959
vn 0.209134 -0.239620 0.948074
vn -0.010546 -0.037113 0.999255
vn -0.263869 0.002947 0.964554
vn -0.230787 -0.369121 0.900270
vn 0.524018 0.561119 -0.640742
vn 0.164812 0.276594 0.946748
vn 0.896353 0.317944 0.308970
vn -0.694048 0.290381 0.658769
vn 0.900952 0.079958 -0.426489
vn 0.882642 0.377047 0.280674
vn -0.515359 0.464245 0.720335
vn -0.277553 0.271457 0.921561
vn -0.173947 0.470998 0.864814
vn 0.215649 -0.099824 0.971355
vn 0.010894 0.478240 0.878161
vn 0.870434 -0.152453 0.468084
vn -0.585992 0.009427 0.810262
vn 0.596160 0.801350 0.049305
vn -0.881396 -0.457067 0.119289
vn 0.194253 0.499934 0.843998
vn 0.866486 -0.070897 0.494141
vn 0.936638 -0.016293 -0.349920
vn 0.601760 0.694107 0.395095
vn 0.972796 -0.174654 0.152194
vn -0.542500 -0.675484 -0.499415
vn 0.003526 -0.455505 -0.890226
vn 0.038291 -0.749958 0.660376
vn 0.861929 -0.289506 -0.416250
vn 0.156685 -0.517554 -0.841182
vn 0.858608 -0.162472 0.486206
vn 0.594575 0.252035 0.763517
vn 0.597654 -0.642742 0.479263
vn 0.608689 0.674170 -0.418321
vn 0.685899 0.108486 -0.719565
vn -0.570851 -0.587390 -0.573675
vn -0.683767 0.613567 0.394966
vn -0.534162 -0.198454 0.821758
vn -0.826844 0.541900 0.150576
vn -0.644241 0.762306 0.061988
vn 0.207775 -0.327166 -0.921842
vn 0.887368 0.161584 -0.431821
vn 0.984368 -0.157759 -0.078300
vn 0.715450 -0.321693 -0.620197
vn -0.909440 0.004379 0.415812
vn -0.591203 -0.175878 0.787113
vn -0.849489 -0.210017 0.484006
vn -0.481184 0.563881 0.671193
vn 0.508848 -0.269854 0.817467
vn 0.498915 -0.083607 0.862608
vn 0.997203 -0.034069 0.066527
vn -0.586580 0.705113 0.398421
vn 0.207458 0.143816 0.967614
vn 0.525721 -0.087144 0.846181
vn 0.731258 0.561793 0.386848
vn 0.146745 0.847169 0.510657
vn 0.257011 -0.396844 0.881170
vn -0.564890 -0.594989 0.571741
vn -0.298202 -0.108984 -0.948261
vn -0.552652 -0.672712 -0.491970
vn -0.079564 -0.346790 -0.934562
vn -0.462297 -0.080586 -0.883056
vn -0.144617 0.190040 0.971067
vn -0.298202 -0.108984 -0.948261
vn -0.851783 -0.505310 0.138303
vn -0.240303 -0.664137 0.707938
vn -0.232622 0.196628 -0.952483
vn -0.121115 0.515904 -0.848041
vn 0.525721 -0.087144 0.846181
vn 0.392983 -0.223315 0.892017
vn 0.207458 0.143816 0.967614
vn 0.257011 -0.396844 0.881170
vn 0.675084 0.613369 0.409927
vn -0.006156 -0.338756 0.940854
vn -0.422509 0.801681 -0.422840
vn 0.541768 0.159686 0.825220
vn -0.375398 -0.265109 0.888140
vn -0.897660 -0.355057 -0.261039
vn -0.747689 0.061438 0.661201
vn -0.733667 0.092029 0.673248
vn -0.441203 -0.872194 0.211227
vn -0.276783 -0.346738 -0.896194
vn -0.006156 -0.338756 0.940854
vn 0.616697 0.177150 -0.767009
vn 0.174064 0.362711 -0.915501
vn 0.106116 -0.104281 -0.988871
vn 0.185908 0.907295 -0.377166
vn 0.657897 0.599063 -0.456394
vn 0.184200 0.052014 -0.981512
vn -0.240303 -0.664137 0.707938
vn -0.506057 0.250260 -0.825395
vn -0.151794 -0.100490 0.983290
vn 0.813317 0.004558 -0.581803
vn -0.397524 0.639162 0.658367
vn 0.904075 -0.190068 -0.382782
vn 0.047633 -0.980529 -0.190507
vn 0.090385 -0.213093 -0.972842
vn 0.775753 0.624500 -0.090588
vn -0.405410 -0.858555 -0.313888
vn 0.690616 0.714244 0.113595
vn 0.593291 0.782236 -0.190035
vn -0.895672 0.318757 -0.310106
vn -0.006686 0.334531 0.942361
vn 0.494510 0.545890 0.676360
vn 0.996669 -0.047454 0.066327
vn 0.475295 0.578431 0.662957
vn -0.898827 -0.371121 0.233194
vn 0.053817 -0.023358 -0.998278
vn -0.547058 0.835277 0.055127
vn 0.123510 0.657905 0.742904
vn 0.823350 0.005356 -0.567508
vn -0.628721 0.293675 -0.720045
vn -0.956016 0.286613 0.062340
vn 0.136271 -0.090539 0.986526
vn 0.519407 0.519927 0.678153
vn 0.874232 -0.309876 0.373758
vn 0.729564 -0.368791 -0.575960
vn 0.963029 0.074621 0.258857
vn 0.475070 0.466631 0.746032
vn 0.956604 0.206205 0.205883
vn -0.601748 -0.798366 -0.022593
vn -0.385431 0.881022 0.274305
vn -0.549738 -0.632809 -0.545289
vn -0.287958 0.878916 -0.380246
vn 0.771634 0.008778 0.636007
vn -0.374532 0.798439 -0.471403
vn -0.540450 -0.737901 0.404246
vn -0.287958 0.878916 -0.380246
vn 0.364953 -0.893496 -0.261677
vn -0.695639 0.044752 0.716996
vn -0.153939 0.767056 0.622839
vn -0.007624 -0.594183 -0.804294
vn 0.059279 -0.844186 0.532762
vn 0.228083 -0.807826 -0.543502
vn 0.940631 0.298765 0.161096
vn 0.293888 -0.449543 0.843529
vn -0.247490 0.861325 -0.443698
vn -0.066535 -0.786777 0.613640
vn -0.277643 -0.875278 -0.395985
vn -0.569715 -0.169127 0.804251
vn -0.461909 -0.759570 -0.457923
vn 0.524308 0.277641 0.804995
vn -0.965639 0.249288 -0.073460
vn -0.277643 -0.875278 -0.395985
vn 0.228083 -0.807826 -0.543502
vn 0.054542 -0.905233 -0.421401
vn 0.411652 -0.029864 0.910852
vn 0.736683 0.326599 -0.592141
vn 0.197758 -0.778055 -0.596257
vn -0.461909 -0.759570 -0.457923
vn 0.999605 0.014934 -0.023813
vn -0.376062 -0.454915 -0.807236
vn 0.054542 -0.905233 -0.421401
vn -0.514796 0.841868 -0.162000
vn 0.109478 -0.823485 -0.556675
vn -0.375541 -0.152826 0.914119
vn -0.659612 -0.404231 0.633647
vn 0.413915 -0.032920 -0.909720
vn -0.048742 -0.808344 -0.586689
vn -0.048742 -0.808344 -0.586689
vn 0.611329 0.064903 -0.788710
vn 0.109478 -0.823485 -0.556675
vn 0.771634 0.008778 0.636007
vn 0.176548 -0.339268 -0.923974
vn 0.729938 0.256848 -0.633419
vn -0.385431 0.881022 0.274305
vn 0.123510 0.657905 0.742904
vn 0.197758 -0.778055 -0.596257
vn 0.999605 0.014934 -0.023813
vn -0.066535 -0.786777 0.613640
vn 0.736683 0.326599 -0.592141
vn -0.345749 0.919006 -0.189435
vn 0.377931 0.837129 0.395454
vn 0.435131 0.539970 0.720482
vn 0.413915 -0.032920 -0.909720
vn -0.066535 -0.786777 0.613640
vn -0.569715 -0.169127 0.804251
vn 0.435131 0.539970 0.720482
vn -0.374532 0.798439 -0.471403
vn -0.725642 -0.134946 -0.674709
vn 0.123510 0.657905 0.742904
vn -0.374532 0.798439 -0.471403
vn 0.377931 0.837129 0.395454
vn -0.659612 -0.404231 0.633647
vn 0.611329 0.064903 -0.788710
vn -0.839405 -0.540349 -0.058509
vn 0.611569 -0.702628 -0.363727
vn -0.322757 -0.926215 -0.194819
vn 0.252650 -0.531582 0.808449
vn -0.044960 0.145591 -0.988323
vn 0.442034 0.121280 -0.888762
vn 0.890187 0.455325 -0.015692
vn -0.593163 0.287320 0.752067
vn -0.000008 0.441654 -0.897186
vn 0.238784 0.265102 0.934186
vn -0.000087 0.500265 -0.865872
vn -0.000164 0.466153 -0.884704
vn 0.094803 0.503056 -0.859038
vn 0.093461 0.534854 -0.839760
vn 0.421933 0.690551 0.587462
vn 0.363498 0.681663 0.634984
vn 0.352943 0.712437 0.606519
vn 0.383018 0.768433 0.512648
vn 0.548294 0.828577 0.113282
vn 0.624825 0.714980 0.313683
vn 0.559352 0.715468 -0.418606
vn 0.435595 0.785624 -0.439377
vn 0.372152 0.619104 -0.691530
vn 0.305984 0.625140 -0.718035
vn 0.475295 0.578431 0.662957
vn 0.601760 0.694107 0.395095
vn 0.887448 -0.048324 0.458367
vn 0.291188 0.657647 0.694774
vn 0.844933 -0.112041 0.523006
vn 0.768480 -0.422677 -0.480398
vn 0.828325 -0.459406 -0.320661
vn 0.225208 -0.082831 0.970783
vn 0.241079 0.398183 0.885060
vn 0.627844 -0.106865 0.770968
vn -0.058100 -0.271599 -0.960655
vn 0.100241 0.391359 -0.914762
vn 0.604746 0.603850 -0.519276
vn 0.508075 -0.370258 -0.777669
vn 0.933038 -0.332515 0.137386
vn 0.907456 -0.410172 0.091013
vn 0.157552 -0.066167 0.985291
vn 0.592413 -0.106694 0.798538
vn 0.774059 -0.535298 0.338066
vn 0.779747 -0.595727 0.192623
vn 0.383571 0.223230 0.896126
vn 0.729498 -0.087876 0.678315
vn 0.321069 0.415567 0.851010
vn 0.699851 -0.254544 0.667395
vn 0.057196 0.552275 0.831697
vn 0.262216 0.582566 0.769324
vn 0.003165 0.460875 0.887460
vn 0.247693 0.590766 0.767882
vn 0.842715 -0.460535 0.278816
vn 0.778196 -0.418974 0.467838
vn 0.806457 -0.524431 0.273127
vn 0.661355 -0.537061 0.523618
vn 0.064847 0.498856 0.864256
vn 0.607039 -0.745582 0.274975
vn 0.876550 -0.480479 -0.028271
vn 0.049498 0.415404 0.908289
vn 0.060208 -0.095934 0.993565
vn 0.057445 -0.112164 0.992028
vn 0.460647 -0.425758 0.778803
vn 0.423156 -0.270958 0.864593
vn 0.387152 -0.046332 0.920851
vn 0.029197 0.196487 0.980072
vn 0.713878 -0.038868 0.699190
vn 0.706804 0.598540 -0.377066
vn 0.914481 -0.005409 -0.404593
vn 0.808854 0.493272 0.320061
vn 0.811307 -0.404338 0.422246
vn 0.619940 -0.619406 0.481675
vn 0.783107 -0.619718 -0.051892
vn 0.921756 -0.383035 -0.060414
vn 0.893517 -0.400941 0.202172
vn 0.575279 -0.558400 0.597699
vn 0.639310 -0.719664 0.270862
vn 0.437020 -0.898986 0.028961
vn 0.688650 -0.725087 0.003072
vn 0.348118 -0.921845 0.170338
vn 0.783348 0.051397 0.619454
vn 0.832266 -0.342377 0.436017
vn 0.666938 -0.214825 0.713473
vn 0.953358 -0.208416 0.218336
vn 0.690748 -0.679969 -0.245986
vn 0.968900 -0.246650 -0.019905
vn 0.361440 0.389082 0.847335
vn 0.948926 0.156542 0.273922
vn -0.781493 -0.264940 -0.564867
vn -0.988784 0.059143 0.137141
vn -0.770926 -0.602719 0.205918
vn -0.815166 -0.441089 0.375425
vn -0.965736 -0.014580 0.259117
vn -0.894606 -0.234281 -0.380516
vn -0.425366 0.201552 0.882293
vn -0.563892 -0.056819 -0.823892
vn -0.795407 -0.605986 0.010412
vn -0.808106 -0.537257 0.241496
vn -0.834265 -0.495913 0.240982
vn -0.397333 -0.352045 0.847461
vn -0.671001 -0.601451 0.433607
vn -0.714289 -0.653534 0.250368
vn -0.075411 -0.191595 0.978573
vn -0.038596 -0.055463 0.997714
vn -0.340039 0.042352 0.939457
vn -0.001764 0.086552 0.996246
vn -0.030473 0.195991 0.980132
vn -0.166136 -0.053929 0.984627
vn -0.004215 -0.037691 0.999281
vn -0.228295 -0.234253 -0.944991
vn -0.339916 0.363376 0.867418
vn -0.233518 0.595027 0.769033
vn -0.791249 -0.457195 -0.406075
vn -0.003165 0.460875 0.887460
vn -0.385599 0.222162 0.895521
vn -0.001945 0.203260 0.979123
vn 0.833353 -0.549903 -0.055938
vn -0.937265 -0.320922 0.136175
vn 0.743299 -0.660312 0.107213
vn 0.199250 -0.557732 -0.805750
vn 0.833353 -0.549903 -0.055938
vn -0.566759 -0.548956 0.614354
vn -0.810073 -0.586258 0.009151
vn 0.038291 -0.749958 0.660376
vn -0.791324 -0.603198 -0.099795
vn -0.563174 0.101273 0.820109
vn -0.862745 -0.408793 -0.297590
vn -0.703814 -0.220075 0.675435
vn -0.722654 -0.079906 0.686576
vn -0.900824 -0.428907 0.067489
vn -0.123472 0.512725 0.849628
vn -0.310772 0.409184 0.857898
vn 0.397222 -0.656747 -0.641013
vn 0.886475 -0.460776 -0.042980
vn 0.279476 -0.511767 -0.812396
vn -0.851173 -0.090780 0.516975
vn -0.203157 0.554332 0.807120
vn -0.778392 -0.553731 0.295785
vn -0.317407 -0.352999 -0.880139
vn 0.842370 -0.532048 -0.085654
vn -0.051436 0.548453 0.834598
vn -0.850067 -0.403941 -0.337961
vn -0.938948 0.343760 -0.014325
vn 0.842370 -0.532048 -0.085654
vn -0.226361 0.491645 0.840860
vn 0.311459 -0.513567 -0.799526
vn -0.524790 -0.133372 -0.840718
vn -0.647672 -0.121340 -0.752195
vn -0.962225 0.263666 0.067841
vn 0.685910 -0.085938 0.722594
vn 0.000727 -0.251915 -0.967749
vn -0.218254 0.674287 -0.705480
vn 0.000586 -0.307262 -0.951625
vn -0.069641 0.361930 -0.929600
vn -0.538819 -0.327944 0.775968
vn -0.835128 -0.108840 0.539180
vn -0.006686 0.334531 0.942361
vn -0.549137 -0.113193 0.828031
vn -0.277553 0.271457 0.921561
vn -0.627844 -0.106865 0.770968
vn -0.132863 0.495437 -0.858423
vn 0.774660 -0.179757 0.606291
vn -0.069641 0.361930 -0.929600
vn 0.868596 -0.416909 -0.267822
vn -0.313235 0.329854 0.890550
vn -0.225208 -0.082831 0.970783
vn -0.800683 0.033477 -0.598151
vn -0.687787 0.205151 -0.696321
vn -0.513121 -0.370546 -0.774211
vn -0.518013 0.106937 -0.848662
vn -0.626589 0.729434 0.274431
vn -0.394908 0.588925 0.705134
vn -0.345067 0.827547 -0.442826
vn -0.968532 0.026648 -0.247457
vn 0.003526 -0.455505 -0.890226
vn -0.734678 -0.243264 -0.633302
vn -0.651576 0.714855 -0.253831
vn -0.140952 0.047356 -0.988883
vn -0.331936 0.282732 0.899934
vn -0.432442 0.886590 0.164174
vn -0.140952 0.047356 -0.988883
vn -0.276783 -0.346738 -0.896194
vn -0.158410 0.691816 0.704484
vn -0.075841 0.284499 -0.955672
vn -0.970682 0.166999 -0.172882
vn -0.032415 -0.017755 0.999317
vn 0.083954 -0.301743 -0.949686
vn -0.610704 0.141090 0.779188
vn -0.631386 0.317159 0.707645
vn -0.300104 0.807045 0.508543
vn -0.391058 0.842889 -0.369611
vn -0.234049 0.482073 0.844290
vn -0.654041 0.478024 -0.586280
vn 0.000000 -0.168740 -0.985661
vn -0.561121 -0.060900 -0.825490
vn -0.880847 0.468122 -0.070504
vn -0.339610 -0.325421 0.882477
vn -0.324892 -0.504934 0.799679
vn -0.000000 0.069634 0.997573
vn -0.139451 -0.190933 0.971647
vn -0.880066 -0.163271 -0.445899
vn -0.885133 0.190087 -0.424743
vn -0.813677 0.493088 -0.307885
vn -0.668661 -0.526601 -0.524961
vn 0.000000 -0.057254 0.998360
vn -0.710306 0.435586 -0.552929
vn 0.058250 -0.271206 -0.960757
vn -0.887448 -0.048325 0.458368
vn -0.687731 0.116751 -0.716516
vn -0.663651 -0.512686 -0.544720
vn -0.452103 0.577677 -0.679627
vn -0.715230 0.653572 -0.247569
vn -0.767531 -0.052949 -0.638822
vn -0.709908 0.653208 0.263344
vn -0.690849 0.420331 -0.588259
vn -0.609143 0.582335 0.538359
vn -0.451825 -0.274714 -0.848756
vn -0.266025 -0.101571 -0.958600
vn -0.224879 0.114206 -0.967671
vn -0.365713 0.920244 -0.139298
vn -0.856720 0.033322 0.514704
vn -0.987207 0.079826 0.138025
vn -0.882547 0.435422 0.177533
vn -0.139967 0.374518 -0.916594
vn -0.350040 -0.049730 -0.935414
vn -0.586580 0.705113 0.398421
vn -0.481184 0.563881 0.671193
vn -0.158410 0.691816 0.704484
vn -0.152150 0.635296 0.757133
vn -0.232093 0.754430 0.613978
vn -0.190530 0.650534 0.735189
vn -0.978747 -0.199431 -0.047759
vn -0.673411 0.150107 0.723869
vn -0.881369 0.181062 0.436354
vn -0.641985 0.157675 0.750329
vn -0.835645 0.017951 0.548976
vn -0.515451 0.818630 0.253288
vn -0.418044 0.810308 -0.410659
vn -0.425366 0.201552 0.882293
vn -0.693908 0.719833 0.018190
vn -0.095754 0.503087 -0.858915
vn -0.851369 0.015105 0.524349
vn -0.911283 0.079389 0.404054
vn -0.452103 0.577677 -0.679627
vn -0.071045 0.088124 -0.993573
vn -0.000164 0.466153 -0.884704
vn -0.277513 0.677811 -0.680851
vn -0.391058 0.842889 -0.369611
vn -0.611615 -0.301472 0.731466
vn -0.000087 0.500265 -0.865872
vn -0.095754 0.503087 -0.858915
vn -0.075831 0.537409 -0.839906
vn 0.000106 0.024541 -0.999699
vn -0.000000 0.430710 0.902491
vn -0.144859 0.494669 -0.856924
vn -0.297425 0.581371 -0.757329
vn -0.432442 0.886590 0.164174
vn -0.300104 0.807045 0.508543
vn -0.891929 0.435063 0.123215
vn -0.600216 0.736259 -0.312510
vn -0.704946 0.382136 -0.597515
vn -0.226361 0.491645 0.840860
vn 0.006358 0.090495 -0.995877
vn -0.829819 -0.544416 -0.122524
vn -0.140234 0.308891 0.940702
vn -0.654051 0.562234 -0.506073
vn -0.122016 0.124529 0.984685
vn -0.767474 -0.194799 -0.610768
vn -0.402971 -0.514573 0.756855
vn -0.000001 0.348270 0.937394
vn -0.659803 -0.096139 0.745263
vn -0.278461 -0.481951 0.830772
vn -0.000000 0.210057 0.977689
vn -0.535378 0.707067 -0.461981
vn -0.445339 -0.320669 0.835970
vn -0.701299 0.304454 0.644584
vn -0.000002 0.438170 0.898892
vn -0.611615 -0.301472 0.731466
vn -0.403731 -0.222437 0.887425
vn -0.874175 -0.033736 0.484437
vn -0.233518 0.595027 0.769033
vn -0.812017 -0.404239 0.420974
vn -0.606492 -0.193978 0.771064
vn -0.619124 -0.620450 0.481380
vn -0.800772 0.028991 0.598267
vn -0.441272 0.502569 0.743440
vn -0.743221 -0.121321 0.657954
vn -0.893530 -0.401025 0.201948
vn -0.921459 -0.384642 -0.054438
vn -0.472748 -0.114169 0.873770
vn -0.985247 0.157391 -0.067203
vn -0.968816 -0.148705 0.198199
vn -0.814949 0.381540 0.436216
vn -0.872052 -0.101437 0.478785
vn -0.460897 0.348911 0.815987
vn -0.777863 0.301662 0.551298
vn -0.813098 -0.201784 0.546036
vn 0.000000 0.011877 0.999929
vn -0.826844 0.541900 0.150576
vn -0.000000 0.390436 0.920630
vn -0.000001 0.433156 0.901319
vn -0.532529 0.205234 0.821153
vn -0.764746 0.637388 -0.094341
vn -0.764293 -0.021661 0.644505
vn -0.292448 -0.012469 0.956200
vn -0.000000 -0.169224 0.985578
vn -0.667499 -0.114816 0.735706
vn -0.968970 0.024042 0.246007
vn -0.549540 0.162204 0.819570
vn -0.901764 0.228699 0.366767
vn -0.633556 0.163329 0.756261
vn -0.968468 -0.155573 0.194592
vn -0.161801 -0.953029 0.256040
vn -0.618731 0.113469 0.777365
vn -0.945479 -0.163034 0.281940
vn -0.396903 -0.422893 -0.814635
vn -0.441193 0.178979 0.879384
vn -0.860558 0.061130 0.505671
vn -0.584714 -0.665728 0.463590
vn -0.915384 0.200787 0.348936
vn -0.687731 0.116751 -0.716516
vn -0.948006 -0.245062 -0.203048
vn -0.595078 0.729881 -0.336386
vn -0.839894 0.105320 0.532434
vn -0.003165 0.460875 0.887460
vn 0.069584 0.192052 0.978915
vn -0.910938 -0.261260 -0.319272
vn -0.000008 0.441654 -0.897186
vn -0.372664 -0.303550 0.876914
vn -0.972382 -0.168092 0.161921
vn -0.934294 -0.013149 0.356261
vn -0.511836 0.239146 0.825126
vn -0.931252 0.130714 0.340124
vn -0.395770 0.156783 0.904867
vn -0.686397 -0.199419 0.699351
vn -0.737333 0.218893 0.639081
vn -0.772849 0.232256 0.590561
vn -0.000000 0.182802 0.983150
vn -0.586826 -0.375569 0.717345
vn -0.296325 -0.618964 0.727375
vn -0.419016 -0.105250 0.901858
vn -0.976823 -0.167103 0.133765
vn -0.262530 0.680411 0.684192
vn -0.930122 -0.068472 0.360811
vn -0.000268 0.618589 -0.785714
vn -0.152150 0.635296 0.757133
vn -0.991220 -0.079920 0.105338
vn -0.870944 -0.416412 -0.260879
vn -0.665983 -0.168069 0.726787
vn -0.943951 -0.316796 -0.092721
vn -0.693432 -0.235046 0.681106
vn -0.924604 -0.287572 0.249818
vn -0.000022 -0.987640 0.156738
vn -0.178904 -0.933457 0.310887
vn -0.426132 0.052009 0.903165
vn -0.518849 -0.090060 0.850109
vn -0.425375 0.296306 0.855137
vn -0.387463 -0.617782 0.684264
vn -0.595078 0.729881 -0.336386
vn -0.868512 0.106495 0.484093
vn -0.969116 -0.240060 0.056448
vn -0.799760 -0.312775 0.512403
vn -0.750694 -0.019178 0.660372
vn -0.854973 -0.068842 0.514084
vn 0.003526 -0.455505 -0.890226
vn -0.818358 0.085344 0.568337
vn -0.920134 0.202404 0.335240
vn -0.757612 0.273865 0.592471
vn -0.000000 -0.914887 0.403710
vn -0.759006 -0.368394 0.536838
vn -0.150841 0.372436 0.915717
vn -0.208590 0.065326 0.975819
vn -0.178649 -0.716890 0.673909
vn -0.314020 -0.049306 0.948135
vn -0.697809 -0.009859 0.716216
vn -0.509551 -0.555794 0.656849
vn -0.797557 -0.206895 0.566655
vn -0.539334 -0.054325 0.840337
vn -0.430327 0.086620 0.898507
vn -0.725733 -0.049321 0.686206
vn -0.639965 0.219030 0.736526
vn -0.598665 0.082833 0.796705
vn -0.891718 -0.449099 -0.056111
vn -0.000000 -0.677846 0.735204
vn -0.000000 -0.041870 0.999123
vn -0.853912 -0.399729 0.333243
vn -0.637524 -0.037499 0.769517
vn -0.616414 -0.599901 0.510052
vn -0.917864 -0.156886 0.364571
vn -0.641177 -0.073776 0.763838
vn -0.953358 -0.208416 0.218336
vn -0.322248 0.104693 0.940848
vn -0.952870 -0.229564 0.198343
vn -0.139601 -0.495633 -0.857240
vn -0.000574 0.379501 0.925191
vn -0.899713 -0.154513 0.408218
vn -0.049436 0.414615 0.908653
vn -0.000000 0.497846 0.867265
vn -0.348390 -0.921650 0.170840
vn -0.275342 0.158966 0.948112
vn 0.625850 -0.060959 0.777557
vn -0.933951 0.341250 0.106229
vn 0.636641 -0.013328 0.771045
vn 0.636701 -0.133669 0.759437
vn -0.696738 0.616982 -0.365909
vn -0.639487 -0.719464 0.270977
vn -0.064847 0.498856 0.864256
vn -0.918210 -0.003110 -0.396081
vn -0.790842 0.500922 0.351634
vn -0.394718 0.159580 0.904838
vn -0.218254 0.674287 -0.705480
vn 0.036128 0.214482 -0.976059
vn 0.000000 0.262013 -0.965064
vn 0.002285 0.445247 -0.895405
vn -0.351809 -0.719992 0.598199
vn -0.000020 0.512214 0.858858
vn 0.000000 -0.534565 0.845128
vn -0.666938 -0.214825 0.713473
vn -0.832266 -0.342378 0.436017
vn 0.000158 -0.990442 0.137928
vn 0.000856 -0.972449 0.233113
vn -0.004522 -0.066345 0.997787
vn -0.575536 -0.557859 0.597956
vn -0.436631 -0.899174 0.028973
vn 0.000000 0.055029 0.998485
vn 0.000809 -0.575797 0.817593
vn -0.577741 0.013986 0.816101
vn 0.886475 -0.460776 -0.042980
vn -0.246140 0.914292 0.321690
vn -0.723613 0.004166 0.690193
vn -0.925402 -0.322502 0.199059
vn -0.331027 -0.156204 0.930603
vn -0.951729 -0.158312 0.262962
vn -0.896390 0.003535 0.443251
vn -0.000000 -0.251870 0.967761
vn -0.457348 0.437077 0.774465
vn 0.000000 -0.507585 0.861602
vn -0.973561 -0.058968 0.220685
vn -0.964549 -0.142622 0.222047
vn -0.797113 -0.084844 0.597840
vn -0.552391 -0.024031 0.833239
vn -0.498805 0.092758 0.861736
vn -0.860293 -0.245908 0.446570
vn -0.618959 -0.108815 0.777849
vn 0.053966 0.966037 -0.252707
vn -0.891647 0.212817 0.399594
vn -0.630204 -0.064220 0.773769
vn -0.517435 -0.015984 0.855573
vn -0.000000 0.354500 0.935056
vn -0.075603 -0.980388 0.182000
vn -0.689367 0.034408 0.723595
vn -0.000000 -0.544573 0.838714
vn -0.380821 -0.355734 0.853480
vn -0.607616 -0.187417 0.771802
vn -0.817992 -0.574401 -0.030870
vn -0.256294 0.137503 0.956769
vn -0.729373 -0.682277 0.050136
vn -0.857790 -0.136424 0.495566
vn -0.888913 -0.311909 0.335480
vn 0.000000 -0.622710 0.782453
vn -0.724716 -0.122555 0.678061
vn -0.941580 -0.110953 0.317987
vn -0.969735 0.154535 0.189032
vn -0.325280 0.813116 0.482738
vn -0.359620 0.054169 0.931525
vn -0.808020 0.587129 0.048812
vn -0.581207 0.219352 -0.783635
vn 0.170519 -0.296579 -0.939662
vn 0.868596 -0.416909 -0.267822
vn 0.743299 -0.660312 0.107213
vn -0.569766 0.027493 0.821347
vn -0.086537 0.393381 0.915294
vn -0.155347 -0.520267 0.839756
vn -0.905195 -0.154671 0.395852
vn -0.491446 -0.290578 0.821003
vn -0.435288 -0.021192 0.900042
vn -0.603256 -0.446811 0.660637
vn -0.271842 0.304303 0.912963
vn 0.000000 -0.064732 0.997903
vn -0.670520 -0.014880 0.741742
vn -0.895332 -0.164441 0.413932
vn -0.389153 0.735440 0.554697
vn -0.688620 -0.725116 0.002842
vn -0.317024 0.207441 -0.925453
vn 0.051374 -0.162143 -0.985429
vn -0.715230 0.653572 -0.247569
vn -0.814949 0.381540 0.436216
vn -0.441272 0.502569 0.743440
vn -0.250269 0.540657 0.803153
vn 0.700532 -0.296822 -0.648962
vn 0.775457 -0.193089 -0.601151
vn 0.807943 0.074533 -0.584528
vn 0.861216 0.425625 -0.277759
vn 0.574361 -0.059296 -0.816452
vn 0.345300 0.827499 -0.442734
vn -0.000000 -0.025327 -0.999679
vn 0.266024 -0.101570 -0.958600
vn 0.518013 0.106937 -0.848662
vn 0.451808 -0.274697 -0.848770
vn -0.394576 0.889771 0.229387
vn 0.666810 -0.510252 -0.543146
vn -0.406827 0.909646 0.083883
vn 0.608689 0.674170 -0.418321
vn 0.911283 0.079389 0.404055
vn 0.987207 0.079826 0.138025
vn 0.365713 0.920244 -0.139298
vn 0.693908 0.719833 0.018190
vn 0.690692 0.421032 -0.587942
vn -0.000033 0.276902 -0.960898
vn 0.349938 -0.049661 -0.935456
vn 0.762128 -0.056725 -0.644936
vn 0.463683 0.567062 -0.680763
vn -0.000164 0.466153 -0.884704
vn 0.737021 0.625574 -0.255844
vn -0.000000 0.390436 0.920630
vn 0.709908 0.653208 0.263344
vn 0.609143 0.582335 0.538359
vn 0.851370 0.015105 0.524349
vn -0.000000 0.977056 -0.212984
vn 0.882176 0.464458 -0.077739
vn 0.000025 0.912678 -0.408680
vn 0.889569 0.190436 -0.415211
vn 0.969548 0.169444 -0.176819
vn 0.669187 0.550938 -0.498654
vn 0.053966 0.966037 -0.252707
vn 0.966923 0.024009 -0.253937
vn 0.660308 0.502840 -0.557804
vn 0.474732 0.736553 -0.481787
vn 0.650758 0.712753 -0.261719
vn -0.000000 0.148742 -0.988876
vn 0.224879 0.114206 -0.967671
vn 0.693493 0.198226 -0.692657
vn -0.000005 -0.292713 -0.956200
vn 0.685899 0.108486 -0.719565
vn 0.681087 -0.511453 -0.523963
vn 0.094803 0.503056 -0.859038
vn -0.000024 -0.011913 -0.999929
vn 0.139403 0.374861 -0.916540
vn 0.882547 0.435422 0.177533
vn 0.881370 0.181062 0.436354
vn 0.856720 0.033322 0.514704
vn 0.862803 -0.150441 -0.482637
vn 0.839894 0.105320 0.532434
vn 0.835645 0.017952 0.548976
vn 0.748515 -0.296164 -0.593306
vn -0.336051 0.131390 -0.932634
vn -0.924387 0.367453 0.102405
vn -0.095489 0.058241 0.993725
vn -0.107596 0.049464 -0.992963
vn -0.345574 0.134691 -0.928675
vn 0.701075 -0.271903 -0.659214
vn 0.909868 -0.246362 -0.333836
vn 0.980183 -0.191413 -0.051015
vn 0.641985 0.157675 0.750329
vn 0.837319 -0.516318 0.179758
vn 0.884993 -0.454944 0.099061
vn 0.775068 0.493313 -0.394856
vn -0.150151 -0.561566 0.813694
vn -0.343071 0.130131 0.930252
vn 0.790022 -0.313247 0.527012
vn -0.164436 0.063405 0.984348
vn -0.164436 0.063405 0.984348
vn -0.162567 0.065538 0.984519
vn -0.926557 0.375797 -0.016405
vn -0.931776 0.359155 0.052916
vn -0.928545 0.370033 -0.029649
vn -0.343071 0.130131 0.930252
vn -0.162567 0.065538 0.984519
vn 0.793002 0.334269 -0.509325
vn -0.448125 0.189820 -0.873586
vn -0.150151 -0.561566 0.813694
vn -0.263572 -0.693710 0.670296
vn -0.263572 -0.693710 0.670296
vn 0.914763 -0.373261 0.154548
vn 0.626365 -0.247266 -0.739274
vn 0.832642 -0.325111 0.448342
vn 0.000000 0.152540 0.988297
vn -0.000186 -0.157189 0.987568
vn 0.795126 -0.582116 -0.170048
vn 0.470758 -0.113620 0.874916
vn 0.893517 -0.400941 0.202172
vn 0.821645 -0.317882 0.473128
vn -0.095489 0.058241 0.993725
vn 0.783107 -0.619718 -0.051892
vn -0.271630 -0.126545 0.954046
vn 0.102966 0.718357 -0.688012
vn 0.729938 0.256848 -0.633419
vn -0.000000 0.263647 0.964619
vn 0.811307 -0.404338 0.422246
vn 0.256294 0.137503 0.956769
vn 0.673411 0.150107 0.723869
vn -0.069584 0.192052 0.978915
vn 0.921756 -0.383035 -0.060414
vn 0.742306 -0.120885 0.659066
vn 0.003165 0.460875 0.887460
vn -0.000000 0.587482 0.809237
vn 0.359620 0.054169 0.931525
vn -0.000000 0.149304 0.988791
vn 0.800753 0.028991 0.598293
vn 0.604293 -0.194863 0.772566
vn 0.619940 -0.619406 0.481675
vn 0.511837 0.239146 0.825126
vn -0.002600 -0.270812 0.962629
vn 0.983446 0.163726 -0.077636
vn 0.972580 -0.165660 0.163229
vn 0.941580 -0.110953 0.317987
vn 0.968845 -0.149334 0.197582
vn 0.970583 0.150606 0.187847
vn 0.878289 -0.108192 0.465728
vn 0.822160 0.371909 0.430972
vn 0.934258 -0.013107 0.356358
vn 0.480852 0.483429 0.731491
vn 0.000809 -0.575797 0.817593
vn 0.247693 0.590766 0.767882
vn 0.325280 0.813116 0.482738
vn 0.000000 0.809804 0.586700
vn 0.250269 0.540657 0.803153
vn -0.261005 0.667404 -0.697458
vn 0.875230 0.455223 0.163539
vn 0.893093 -0.322744 -0.313402
vn 0.591512 -0.745060 -0.308220
vn 0.325987 -0.945343 -0.007690
vn 0.670763 -0.087791 -0.736458
vn 0.004891 -0.014775 0.999879
vn -0.097507 0.049483 0.994004
vn -0.097507 0.049483 0.994004
vn 0.740145 -0.330098 0.585850
vn 0.746126 0.129619 -0.653066
vn -0.291754 0.325426 -0.899432
vn -0.962585 0.206730 0.175196
vn -0.934477 0.181434 0.306323
vn 0.749902 0.559265 -0.353368
vn 0.540011 -0.829447 -0.142848
vn 0.752156 0.657974 0.036484
vn -0.194089 0.631599 -0.750608
vn 0.104795 -0.993962 0.032509
vn 0.004891 -0.014775 0.999879
vn 0.706795 -0.286395 -0.646853
vn 0.779139 0.512182 0.361402
vn 0.950822 -0.307660 0.035805
vn 0.805679 0.254606 0.534843
vn 0.405477 -0.896415 0.178964
vn -0.433635 0.741980 -0.511299
vn -0.271630 -0.126545 0.954046
vn 0.844660 -0.459709 0.274256
vn 0.572728 -0.266391 -0.775254
vn 0.825239 -0.335922 0.454024
vn -0.908227 0.373185 0.189359
vn -0.929896 0.358163 0.083743
vn -0.873373 0.357686 0.330577
vn -0.404051 0.180456 -0.896760
vn 0.981714 0.077833 -0.173721
vn 0.750430 0.629891 -0.200227
vn 0.290725 -0.956443 0.026383
vn 0.729109 -0.272232 -0.627925
vn -0.349337 0.133360 -0.927458
vn 0.920692 -0.218657 0.323288
vn 0.562938 -0.579375 0.589428
vn 0.749902 0.559265 -0.353368
vn 0.920692 -0.218657 0.323288
vn 0.779139 0.512182 0.361402
vn 0.562938 -0.579375 0.589428
vn 0.405477 -0.896415 0.178964
vn 0.591512 -0.745060 -0.308220
vn 0.893093 -0.322744 -0.313402
vn 0.981714 0.077833 -0.173721
vn 0.805679 0.254606 0.534843
vn 0.875230 0.455223 0.163539
vn 0.325987 -0.945343 -0.007690
vn -0.179828 0.188948 0.965381
vn 0.540011 -0.829447 -0.142848
vn 0.752156 0.657974 0.036484
vn 0.104795 -0.993962 0.032509
vn 0.290725 -0.956443 0.026383
vn 0.750430 0.629891 -0.200227
vn -0.066960 -0.485364 -0.871744
vn -0.633384 0.256944 -0.729934
vn -0.688712 0.071631 -0.721488
vn -0.877111 0.295829 0.378367
vn -0.450986 -0.679928 -0.578195
vn 0.000000 0.997890 0.064922
vn 0.000000 0.971640 0.236467
vn 0.826196 -0.315212 -0.466950
vn -0.337278 -0.912148 -0.232872
vn -0.209253 -0.965336 -0.156009
vn 0.253824 -0.949189 -0.186046
vn -0.767340 -0.466508 -0.439953
vn -0.989191 0.121631 0.081903
vn -0.233818 0.861764 -0.450213
vn -0.773278 0.498097 -0.392353
vn -0.200582 0.610378 0.766293
vn -0.756226 0.543825 0.363837
vn -0.892727 0.140494 0.428135
vn -0.211993 -0.505585 0.836327
vn -0.712879 0.102404 0.693771
vn -0.733700 -0.587420 0.341501
vn -0.017099 -0.056998 0.998228
vn -0.097794 0.901253 0.422112
vn 0.216125 0.251643 -0.943380
vn -0.500036 -0.593270 0.630868
vn 0.394576 0.889771 0.229387
vn 0.406826 0.909646 0.083883
vn -0.126776 -0.044513 -0.990932
vn -0.724344 0.276830 0.631420
vn 0.744419 -0.663845 -0.071762
vn 0.187211 -0.981999 -0.025080
vn -0.933064 0.140710 -0.331048
vn -0.801895 -0.597131 -0.019985
vn -0.852286 0.296654 -0.430820
vn -0.946673 0.321872 -0.014460
vn -0.832357 0.554227 0.003759
vn 0.404681 -0.700535 -0.587779
vn 0.398156 -0.914009 -0.077835
vn 0.549697 -0.835363 0.001235
vn 0.810741 -0.143231 -0.567613
vn 0.795839 -0.589084 -0.140074
vn -0.518857 -0.591658 -0.617032
vn 0.931291 -0.091498 -0.352598
vn 0.684792 0.600739 0.412520
vn 0.530338 0.847036 -0.035657
vn -0.338085 -0.152911 0.928610
vn 0.052859 0.858009 -0.510908
vn 0.929480 0.170721 0.326988
vn 0.045977 0.991330 0.123086
vn 0.722084 -0.165120 -0.671811
vn 0.367646 0.889480 0.271407
vn -0.301227 0.953152 -0.027625
vn 0.093605 -0.605306 -0.790470
vn 0.648611 -0.557737 -0.517913
vn 0.642113 -0.082843 -0.762120
vn -0.613747 0.055433 -0.787554
vn -0.879459 0.456002 -0.136430
vn -0.705776 -0.590683 -0.391118
vn -0.647264 -0.351582 -0.676342
vn -0.416092 0.536957 0.733856
vn 0.515708 -0.419518 0.747028
vn -0.710083 0.313076 -0.630687
vn -0.842881 -0.461596 -0.276550
vn 0.075412 0.061144 -0.995276
vn -0.228268 0.223477 0.947603
vn -0.947796 -0.233039 -0.217658
vn -0.764542 -0.380821 -0.520049
vn -0.719060 -0.253046 -0.647241
vn -0.736502 0.537472 0.410718
vn -0.111367 -0.993755 -0.006903
vn -0.764542 -0.380821 -0.520049
vn 0.464626 -0.172161 -0.868610
vn 0.744419 -0.663845 -0.071762
vn 0.810741 -0.143231 -0.567613
vn 0.187211 -0.981999 -0.025080
vn -0.337278 -0.912148 -0.232872
vn -0.758030 -0.078675 -0.647457
vn 0.464626 -0.172161 -0.868610
vn -0.028294 -0.185584 -0.982221
vn -0.034719 -0.289011 -0.956696
vn -0.719060 -0.253046 -0.647241
vn 0.699770 0.140118 -0.700492
vn 0.036453 0.226021 -0.973440
vn -0.638608 0.203187 -0.742223
vn 0.839405 -0.540348 -0.058509
vn -0.034719 -0.289011 -0.956696
vn -0.611569 -0.702629 -0.363726
vn 0.826196 -0.315212 -0.466950
vn -0.928152 0.070716 -0.365421
vn -0.758030 -0.078675 -0.647457
vn -0.034719 -0.289011 -0.956696
vn -0.446471 -0.118867 -0.886868
vn 0.331605 -0.930106 0.157924
vn -0.131629 -0.990997 -0.024472
vn -0.446471 -0.118867 -0.886868
vn 0.744419 -0.663845 -0.071762
vn -0.870397 -0.096007 -0.482900
vn 0.985802 0.164653 0.032916
vn 0.398156 -0.914009 -0.077835
vn 0.045977 0.991330 0.123086
vn -0.852993 -0.521749 0.013429
vn -0.647008 -0.615227 0.450418
vn -0.989058 -0.141642 0.041244
vn 0.515708 -0.419518 0.747028
vn 0.904084 -0.015418 -0.427078
vn 0.549697 -0.835363 0.001235
vn 0.794303 -0.233037 0.561050
vn 0.929480 0.170721 0.326988
vn 0.722084 -0.165120 -0.671811
vn 0.404681 -0.700535 -0.587779
vn 0.684792 0.600739 0.412520
vn -0.866128 0.018903 0.499464
vn -0.941150 0.315696 0.120720
vn 0.052859 0.858009 -0.510908
vn 0.367646 0.889480 0.271407
vn 0.530338 0.847036 -0.035657
vn 0.914430 0.235804 -0.328961
vn 0.887680 -0.317521 -0.333473
vn -0.059795 -0.698481 -0.713126
vn 0.987387 -0.158324 0.000143
vn 0.848656 -0.186141 -0.495110
vn 0.695280 -0.095581 -0.712355
vn 0.796083 0.094011 -0.597842
vn 0.894170 -0.102676 0.435795
vn 0.906925 -0.112427 -0.406013
vn 0.949876 0.038418 -0.310258
vn 0.542462 0.780108 -0.311715
vn 0.791409 0.579659 -0.194078
vn -0.215260 -0.510547 -0.832469
vn 0.889011 -0.086050 -0.449727
vn 0.570815 0.821079 -0.000138
vn 0.631644 0.756143 0.171095
vn 0.576740 0.603745 -0.550330
vn 0.659901 0.699441 0.274432
vn 0.914430 0.235804 -0.328961
vn 0.799208 0.193426 -0.569081
vn 0.794303 -0.233037 0.561050
vn 0.653532 0.702870 0.280839
vn -0.507354 -0.590182 -0.627916
vn 0.074555 -0.990698 0.113835
vn 0.744988 0.646170 0.165702
vn -0.598106 0.618577 0.509540
vn -0.931739 -0.359962 0.047862
vn -0.743552 -0.332706 0.580032
vn -0.404961 0.785317 0.468278
vn -0.907626 -0.302158 0.291403
vn 0.894170 -0.102676 0.435795
vn -0.416997 -0.524445 0.742342
vn -0.189286 -0.975522 0.111928
vn -0.068506 -0.992630 -0.099963
vn -0.070543 0.217542 0.973498
vn 0.625937 0.412567 0.661809
vn 0.709351 -0.567610 0.417899
vn 0.407737 -0.907168 -0.103907
vn -0.313637 0.565305 0.762930
vn -0.317545 -0.818546 0.478693
vn -0.736152 0.669852 0.096842
vn -0.836538 0.145909 -0.528124
vn 0.351932 -0.910841 -0.215669
vn -0.327097 -0.784051 -0.527514
vn -0.973413 -0.201726 -0.108506
vn -0.970675 -0.188277 -0.149473
vn -0.950627 -0.303496 -0.064788
vn -0.659893 0.575367 0.483212
vn -0.702883 0.657026 0.272531
vn 0.093387 -0.042845 -0.994707
vn -0.165331 0.043869 0.985262
vn -0.087619 0.197917 -0.976295
vn -0.716415 -0.126226 0.686161
vn -0.952187 -0.041275 -0.302715
vn -0.980020 -0.141098 0.140184
vn 0.604977 -0.730744 -0.316253
vn 0.842281 -0.291593 -0.453361
vn -0.017055 -0.074812 0.997052
vn 0.080534 0.178276 0.980679
vn 0.822212 0.038888 0.567852
vn 0.906659 -0.192604 -0.375330
vn -0.976824 -0.102164 -0.188087
vn -0.115867 -0.779799 0.615214
vn -0.523797 0.724541 0.447970
vn 0.004506 0.231234 0.972888
vn 0.731639 -0.671908 -0.115086
vn 0.948926 0.156542 0.273922
vn 0.753616 -0.629734 0.188412
vn 0.935948 0.302299 0.180602
vn 0.923950 -0.259043 -0.281449
vn 0.968900 -0.246650 -0.019905
vn 0.629878 -0.450146 -0.632948
vn 0.620147 -0.232910 -0.749113
vn 0.851746 -0.229129 -0.471199
vn 0.275763 -0.960650 0.033245
vn 0.502836 -0.147565 -0.851692
vn 0.534003 -0.845276 0.018707
vn -0.237838 -0.596912 0.766243
vn 0.804856 0.261838 -0.532586
vn 0.642178 0.227787 0.731929
vn -0.470277 -0.259678 0.843449
vn 0.685953 -0.101020 0.720599
vn 0.830893 -0.066039 -0.552499
vn -0.213967 -0.147319 0.965668
vn -0.122177 -0.617404 -0.777101
vn 0.027042 -0.656737 -0.753635
vn -0.557881 -0.793865 -0.241967
vn 0.834930 -0.503255 0.222770
vn 0.554014 -0.596097 0.581151
vn -0.238383 -0.033661 -0.970588
vn -0.268818 -0.206274 -0.940844
vn -0.689422 -0.657488 0.303983
vn -0.365983 -0.029653 -0.930149
vn -0.668866 -0.421698 0.612200
vn -0.341941 -0.131229 -0.930514
vn -0.937687 -0.171464 -0.302229
vn -0.953882 0.128229 -0.271417
vn -0.668866 -0.421698 0.612200
vn 0.692170 0.249942 -0.677074
vn -0.377893 -0.143916 0.914595
vn 0.597627 -0.047947 0.800339
vn 0.059628 -0.209188 0.976056
vn -0.080956 0.192236 0.978004
vn -0.826002 -0.385046 -0.411655
vn 0.642405 -0.620140 -0.450269
vn 0.906872 0.290014 0.305738
vn 0.555617 -0.203498 -0.806151
vn -0.117645 0.205435 0.971574
vn 0.642405 -0.620140 -0.450269
vn 0.059628 -0.209188 0.976056
vn -0.080956 0.192236 0.978004
vn -0.684048 -0.239216 -0.689096
vn -0.593140 -0.322358 -0.737746
vn -0.976939 0.124606 0.173389
vn -0.256584 0.302972 0.917809
vn -0.843693 0.158695 0.512833
vn -0.924562 -0.075925 0.373390
vn 0.612726 -0.231114 0.755747
vn -0.087619 0.197917 -0.976295
vn -0.859519 0.003440 -0.511092
vn 0.116925 -0.060867 -0.991274
vn -0.802533 0.197652 0.562916
vn 0.821120 -0.195074 -0.536384
vn -0.784077 -0.088954 -0.614256
vn 0.010866 0.827674 0.561103
vn 0.685953 -0.101020 0.720599
vn 0.639906 -0.379333 0.668302
vn 0.690748 -0.679969 -0.245986
vn 0.775618 -0.631091 0.011874
vn 0.612863 -0.408199 -0.676589
vn 0.773339 0.239550 0.586994
vn -0.122177 -0.617404 -0.777101
vn -0.213967 -0.147319 0.965668
vn -0.618203 -0.403152 -0.674754
vn -0.237838 -0.596912 0.766243
vn -0.290955 -0.283036 0.913912
vn -0.347606 -0.699479 0.624420
vn 0.632663 -0.741913 -0.222041
vn -0.849199 0.036436 -0.526815
vn -0.491999 -0.207060 0.845614
vn -0.363282 -0.124185 0.923366
vn -0.981232 -0.178237 -0.073586
vn 0.627004 -0.706790 0.327588
vn -0.788758 0.102824 -0.606043
vn 0.681024 0.195948 0.705557
vn -0.268818 -0.206274 -0.940844
vn -0.251625 -0.742772 -0.620463
vn -0.117645 0.205435 0.971574
vn -0.684048 -0.239216 -0.689096
vn -0.593140 -0.322358 -0.737746
vn 0.831205 0.241897 0.500584
vn 0.694916 -0.143792 -0.704568
vn -0.113960 0.311943 0.943242
vn -0.251625 -0.742772 -0.620463
vn -0.527583 -0.785879 0.322568
vn 0.580199 -0.810973 -0.075439
vn 0.032060 0.268116 0.962853
vn 0.935142 -0.221343 -0.276616
vn 0.989494 -0.051210 0.135197
vn -0.903935 -0.318512 0.285398
vn -0.108448 -0.982325 -0.152569
vn -0.463612 -0.125895 0.877049
vn -0.463612 -0.125895 0.877049
vn 0.957027 0.212180 0.197684
vn 0.027047 -0.146240 -0.988879
vn 0.776082 -0.042914 -0.629170
vn 0.948904 -0.267695 0.167095
vn 0.027047 -0.146240 -0.988879
vn -0.748234 -0.052131 -0.661384
vn -0.763687 -0.033513 -0.644716
vn -0.472264 -0.110634 -0.874487
vn -0.028294 -0.185584 -0.982221
vn -0.899408 -0.276384 -0.338641
vn 0.093387 -0.042845 -0.994707
vn 0.837936 -0.436198 -0.328016
vn 0.819701 0.183528 -0.542594
vn -0.996637 -0.012268 0.081025
vn 0.393098 -0.266250 -0.880105
vn -0.899328 -0.076708 0.430494
vn -0.784573 -0.017776 -0.619782
vn 0.522645 -0.419912 0.741968
vn -0.685470 -0.333688 -0.647135
vn -0.127257 -0.019523 0.991678
vn 0.487211 -0.543837 -0.683277
vn 0.676660 -0.732154 -0.077976
vn 0.661255 -0.275616 -0.697695
vn 0.844531 -0.533376 -0.047714
vn -0.130460 -0.252158 -0.958852
vn 0.776798 -0.626888 -0.059966
vn -0.810498 -0.185180 -0.555699
vn 0.851746 -0.229129 -0.471199
vn 0.458842 -0.058117 -0.886615
vn 0.522645 -0.419912 0.741968
vn 0.116925 -0.060867 -0.991274
vn -0.689422 -0.657488 0.303983
vn 0.615317 -0.345087 -0.708731
vn -0.341941 -0.131229 -0.930514
vn -0.130460 -0.252158 -0.958852
vn 0.534306 -0.776285 -0.334512
vn -0.710119 -0.218231 -0.669407
vn 0.884648 -0.076017 -0.460020
vn 0.765947 -0.366999 -0.527860
vn -0.835935 -0.547090 -0.043653
vn -0.082992 -0.318806 -0.944179
vn -0.273534 -0.546825 0.791304
vn 0.799857 -0.277593 -0.532138
vn -0.082992 -0.318806 -0.944179
vn -0.070646 -0.478230 -0.875389
vn -0.739383 -0.142032 -0.658134
vn -0.363881 -0.667522 -0.649619
vn -0.953113 -0.302583 0.004246
vn 0.761043 -0.120410 -0.637428
vn -0.377893 -0.143916 0.914595
vn -0.988708 -0.149610 -0.008603
vn 0.807467 -0.104890 -0.580513
vn -0.173270 -0.076799 -0.981876
vn 0.372066 -0.489738 -0.788494
vn 0.741634 -0.266181 -0.615733
vn 0.995302 0.082109 -0.051304
vn 0.964657 -0.261734 -0.030534
vn 0.802781 0.038027 0.595061
vn 0.839405 -0.540348 -0.058509
vn 0.675767 0.622834 0.394229
vn 0.239873 0.522671 0.818093
vn 0.803041 -0.069243 0.591887
vn -0.385651 -0.916343 -0.107648
vn -0.781066 0.147246 -0.606840
vn 0.496096 -0.653444 0.571751
vn -0.682779 -0.187874 -0.706057
vn -0.904586 0.417652 0.085389
vn -0.536847 0.031275 -0.843100
vn -0.604673 -0.350035 -0.715434
vn -0.918996 -0.390636 0.053390
vn 0.750903 -0.632974 0.188384
vn 0.906949 -0.350336 0.233900
vn 0.723387 -0.350885 0.594635
vn -0.918556 -0.046486 -0.392547
vn 0.807329 -0.213185 0.550248
vn -0.828679 -0.036761 0.558516
vn -0.077360 -0.271108 0.959435
vn -0.855649 0.070405 0.512746
vn -0.736246 -0.497873 0.458327
vn -0.608289 0.027735 0.793231
vn -0.256584 0.302972 0.917809
vn -0.347174 -0.146228 0.926330
vn 0.920745 -0.330215 -0.207813
vn 0.986946 -0.018926 -0.159936
vn 0.336276 -0.728922 0.596314
vn 0.862172 -0.473896 -0.179112
vn 0.894937 -0.374163 -0.243084
vn -0.347606 -0.699479 0.624420
vn 0.610072 -0.362076 -0.704779
vn 0.830893 -0.066039 -0.552499
vn -0.290955 -0.283036 0.913912
vn 0.802962 -0.007603 -0.595981
vn 0.832349 0.359396 -0.421935
vn 0.728428 -0.573961 0.374114
vn 0.681088 -0.039908 0.731113
vn 0.828456 0.361457 0.427795
vn -0.491999 -0.207060 0.845614
vn -0.461418 -0.885285 -0.058008
vn -0.107943 -0.212315 -0.971221
vn -0.860802 -0.507372 -0.039909
vn -0.085864 -0.172237 -0.981306
vn -0.470277 -0.259678 0.843449
vn -0.661532 -0.222775 -0.716064
vn -0.270440 -0.101446 -0.957377
vn -0.944924 -0.312827 -0.096217
vn -0.978797 -0.160315 -0.127499
vn -0.489282 -0.015901 -0.871981
vn -0.949835 -0.201625 -0.239085
vn -0.618203 -0.403152 -0.674754
vn -0.985200 0.090932 -0.145301
vn -0.150845 -0.073409 -0.985828
vn -0.718742 0.071703 -0.691569
vn 0.734941 0.257180 -0.627471
vn -0.107943 -0.212315 -0.971221
vn -0.363282 -0.124185 0.923366
vn 0.032060 0.268116 0.962853
vn 0.926626 -0.280225 0.250677
vn 0.853002 0.060060 0.518440
vn 0.926626 -0.280225 0.250677
vn -0.877706 0.233285 0.418581
vn -0.483747 -0.446765 -0.752589
vn -0.127257 -0.019523 0.991678
vn -0.717321 0.251289 0.649850
vn 0.820129 0.377927 0.429605
vn -0.620625 -0.028843 -0.783577
vn -0.113960 0.311943 0.943242
vn -0.483747 -0.446765 -0.752589
vn 0.841884 -0.164672 0.513920
vn 0.394463 -0.461432 -0.794657
vn 0.348359 -0.911189 0.219958
vn -0.826002 -0.385046 -0.411655
vn -0.347174 -0.146228 0.926330
vn -0.616056 0.275970 0.737777
vn 0.772222 -0.537453 -0.338848
vn -0.763722 -0.207150 0.611406
vn 0.957027 0.212180 0.197684
vn 0.423425 -0.439174 -0.792362
vn 0.753900 -0.171378 -0.634243
vn -0.851427 -0.208287 0.481340
vn 0.361440 0.389082 0.847335
vn 0.244580 -0.824508 0.510262
vn 0.443720 0.596415 0.668881
vn -0.300884 0.478576 0.824884
vn 0.031967 0.350940 0.935852
vn 0.820129 0.377927 0.429605
vn 0.935948 0.302299 0.180602
vn -0.385651 -0.916343 -0.107648
vn 0.803041 -0.069243 0.591887
vn -0.475924 -0.386471 0.790023
vn 0.192460 -0.119255 0.974032
vn 0.948926 0.156542 0.273922
vn 0.118896 0.299845 0.946550
vn 0.959108 0.228935 0.166434
vn -0.475924 -0.386471 0.790023
vn 0.959108 0.228935 0.166434
vn -0.851427 -0.208287 0.481340
vn -0.686964 -0.592671 -0.420502
vn -0.673200 -0.467861 -0.572633
vn 0.731639 -0.671908 -0.115086
vn -0.982347 0.038888 0.182982
vn -0.997972 0.051293 0.037694
vn 0.965173 -0.018746 0.260940
vn -0.409041 0.748314 0.522217
vn -0.893419 0.155652 0.421396
vn 0.243621 -0.198643 0.949310
vn -0.538775 0.635940 0.552541
vn -0.479335 0.219049 0.849856
vn -0.674200 0.060307 0.736083
vn 0.212314 -0.031659 0.976689
vn -0.523797 0.724541 0.447970
vn -0.302703 -0.952508 -0.033151
vn 0.637142 -0.662797 -0.393382
vn -0.073495 -0.275894 -0.958374
vn -0.412779 -0.276286 -0.867917
vn 0.498287 0.227217 0.836709
vn -0.248963 -0.130194 0.959722
vn 0.512288 -0.558180 0.652683
vn 0.787878 0.458589 0.411029
vn 0.635848 -0.167980 -0.753313
vn 0.733005 0.255309 -0.630492
vn 0.615570 -0.618427 -0.488489
vn 0.522171 -0.624359 -0.580958
vn 0.766367 0.142888 -0.626310
vn -0.490837 -0.084532 0.867141
vn 0.212314 -0.031659 0.976689
vn -0.325938 -0.457822 0.827142
vn -0.646947 0.315834 0.694052
vn -0.458353 -0.839772 0.291026
vn -0.430063 0.728110 0.533762
vn -0.835224 0.094211 0.541780
vn 0.243621 -0.198643 0.949310
vn -0.575206 0.689547 0.440071
vn -0.890117 -0.394872 0.227524
vn 0.401693 -0.910563 0.097560
vn -0.252649 -0.531581 0.808449
vn -0.393461 0.723740 0.566912
vn 0.294429 -0.894777 0.335686
vn -0.325938 -0.457822 0.827142
vn -0.350791 -0.932567 -0.085229
vn 0.302670 -0.929181 0.212162
vn -0.426549 -0.194345 0.883338
vn -0.411554 0.053582 0.909809
vn -0.135410 -0.237344 0.961942
vn -0.337408 -0.203057 -0.919197
vn 0.841884 -0.074936 0.534430
vn -0.952186 -0.261538 0.157922
vn -0.135410 -0.237344 0.961942
vn 0.596875 -0.562576 0.572056
vn -0.426549 -0.194345 0.883338
vn -0.328090 -0.146074 -0.933284
vn -0.411554 0.053582 0.909809
vn -0.403843 -0.356467 -0.842521
vn 0.717224 -0.008673 0.696788
vn 0.845180 -0.038377 -0.533102
vn -0.608289 0.027735 0.793231
vn -0.763722 -0.207150 0.611406
vn -0.781506 0.174467 0.599007
vn -0.985435 0.150920 0.078368
vn -0.963779 0.257779 0.068409
vn -0.935787 0.089396 -0.341043
vn -0.545928 -0.769128 0.332272
vn -0.611077 -0.527048 0.590597
vn -0.995896 -0.049705 0.075637
vn 0.605675 -0.788229 0.108872
vn -0.733395 0.310966 0.604510
vn -0.569766 0.027493 0.821347
vn -0.826861 -0.018750 0.562094
vn -0.000841 -0.995279 0.097055
vn 0.286902 -0.913775 0.287581
vn 0.368643 -0.091280 0.925079
vn -0.894606 -0.234281 -0.380516
vn -0.988784 0.059143 0.137141
vn -0.034765 -0.979121 0.200283
vn 0.016014 -0.958097 0.285995
vn -0.674200 0.060307 0.736083
vn 0.166776 -0.960426 0.223087
vn 0.054220 -0.994380 0.090928
vn 0.399140 -0.774741 0.490371
vn -0.352827 -0.933518 0.063700
vn -0.625589 -0.780011 0.014891
vn -0.611077 -0.527048 0.590597
vn -0.202843 -0.947749 0.246223
vn -0.202843 -0.947749 0.246223
vn -0.350791 -0.932567 -0.085229
vn 0.313762 -0.893411 -0.321511
vn 0.266892 -0.949060 -0.167495
vn 0.602287 -0.307390 0.736724
vn 0.322757 -0.926215 -0.194818
vn -0.473260 -0.847210 0.241371
vn -0.884808 0.023272 -0.465375
vn -0.248963 -0.130194 0.959722
vn -0.273534 -0.546825 0.791304
vn -0.990600 0.100058 0.093272
vn -0.199592 0.173583 0.964381
vn -0.472194 0.231582 0.850531
vn -0.654832 -0.203729 -0.727798
vn -0.946405 0.018904 -0.322428
vn -0.677062 0.192456 0.710315
vn -0.913604 -0.124670 -0.387020
vn -0.661532 -0.222775 -0.716064
vn -0.403843 -0.356467 -0.842521
vn -0.783348 0.051397 0.619454
vn -0.834216 -0.037841 0.550138
vn -0.490837 -0.084532 0.867141
vn -0.412779 -0.276286 -0.867917
vn -0.363881 -0.667522 -0.649619
vn -0.840148 -0.537889 -0.069472
vn -0.982457 -0.079905 -0.168506
vn -0.967619 -0.252109 0.012388
vn -0.936316 -0.246655 -0.249949
vn -0.073495 -0.275894 -0.958374
vn -0.065247 -0.691875 -0.719063
vn -0.990806 -0.131710 0.030919
vn 0.032000 -0.493809 0.868982
vn -0.934707 0.018609 -0.354932
vn -0.252649 -0.531581 0.808449
vn -0.759262 0.589813 0.275030
vn -0.458353 -0.839772 0.291026
vn -0.547258 0.189915 0.815132
vn -0.395897 -0.918230 0.010937
vn -0.403299 0.683833 0.608048
vn 0.717224 -0.008673 0.696788
vn 0.032000 -0.493809 0.868982
vn 0.845180 -0.038377 -0.533102
vn -0.337408 -0.203057 -0.919197
vn -0.065247 -0.691875 -0.719063
vn -0.328090 -0.146074 -0.933284
vn 0.620815 -0.770931 0.142317
vn 0.869862 -0.493098 -0.013903
vn 0.869862 -0.493098 -0.013903
vn 0.921073 -0.372046 -0.114917
vn -0.014556 -0.999741 -0.017506
vn 0.562244 0.551891 0.615871
vn 0.675767 0.622834 0.394229
vn -0.826861 -0.018750 0.562094
vn 0.405260 0.812072 0.419886
vn 0.687967 0.605934 0.399431
vn 0.965173 -0.018746 0.260940
vn 0.945827 0.065756 0.317941
vn 0.838019 0.510652 0.192244
vn 0.602287 -0.307390 0.736724
vn 0.039106 -0.996723 -0.070815
vn -0.997978 0.052534 -0.035773
vn 0.209065 -0.964238 -0.162903
vn -0.979500 -0.048311 -0.195565
vn 0.057431 0.720575 0.690994
vn 0.368643 -0.091280 0.925079
vn -0.079724 0.743948 0.663465
vn 0.896095 -0.405947 0.179500
vn 0.967899 0.034220 -0.249000
vn 0.913893 -0.399642 -0.071320
vn -0.629845 0.131514 0.765506
vn 0.912158 0.268016 0.310057
vn 0.310459 0.280894 0.908138
vn 0.649886 -0.759917 -0.013235
vn 0.209065 -0.964238 -0.162903
vn 0.039106 -0.996723 -0.070815
vn -0.904586 0.417652 0.085389
vn -0.005081 -0.024332 0.999691
vn 0.067244 -0.600547 0.796757
vn 0.649886 -0.759917 -0.013235
vn 0.945827 0.065756 0.317941
vn 0.291432 0.211535 0.932910
vn 0.908650 0.372032 0.189599
vn 0.067312 0.654193 0.753326
vn 0.074707 0.881907 0.465466
vn 0.912158 0.268016 0.310057
vn -0.574925 0.355042 0.737161
vn 0.896095 -0.405947 0.179500
vn -0.621701 -0.415686 0.663848
vn 0.908650 0.372032 0.189599
vn -0.801142 0.441400 0.404151
vn -0.540828 0.582634 0.606665
vn 0.183878 -0.956852 0.224996
vn 0.041005 -0.993137 0.109529
vn -0.739905 -0.662715 -0.115542
vn -0.545641 -0.823874 -0.153322
vn 0.893593 0.437532 0.100282
vn 0.984452 0.147705 0.095064
vn -0.034476 -0.999109 -0.024348
vn 0.295019 -0.954548 0.042444
vn 0.343173 -0.934068 -0.098738
vn 0.387387 -0.920732 0.046736
vn 0.472606 0.319195 0.821437
vn 0.971603 -0.164415 0.170165
vn -0.611345 0.438072 0.659052
vn -0.981070 -0.012505 0.193250
vn 0.540946 -0.772036 -0.333672
vn 0.971603 -0.164415 0.170165
vn 0.738693 -0.155932 0.655757
vn 0.399140 -0.774741 0.490371
vn -0.122872 -0.343431 0.931105
vn -0.817650 -0.033742 0.574726
vn -0.447260 -0.816307 0.365515
vn 0.969288 -0.215701 0.118124
vn 0.628673 0.607787 0.485145
vn 0.973304 -0.074218 0.217191
vn 0.346186 0.466332 0.814057
vn 0.969288 -0.215701 0.118124
vn 0.411022 0.779574 0.472574
vn -0.080540 0.732048 0.676476
vn 0.438965 0.706239 0.555461
vn 0.405508 -0.910861 0.076777
vn -0.384474 0.654982 0.650521
vn 0.973304 -0.074218 0.217191
vn 0.546367 -0.836732 0.036903
vn -0.089450 0.808043 0.582292
vn -0.486371 -0.843982 -0.226137
vn -0.990587 -0.059295 0.123373
vn 0.991386 0.016626 0.129911
vn -0.817650 -0.033742 0.574726
vn -0.990587 -0.059295 0.123373
vn 0.010866 0.827674 0.561103
vn 0.991386 0.016626 0.129911
vn -0.560352 0.594715 0.576472
vn 0.614411 0.708615 0.346935
vn 0.921073 -0.372046 -0.114917
vn -0.447260 -0.816307 0.365515
vn -0.981070 -0.012505 0.193250
vn -0.591173 -0.771965 -0.233633
vn -0.477386 0.736580 0.479115
vn -0.524226 0.448010 0.724206
vn 0.299383 -0.810240 0.503867
vn 0.969020 -0.161845 0.186563
vn 0.708755 -0.234037 0.665502
vn 0.430125 -0.830554 -0.353796
vn 0.660533 -0.743659 -0.103282
vn 0.987698 -0.114824 0.106148
vn -0.160937 0.706157 0.689523
vn -0.494328 -0.262975 0.828543
vn 0.212314 -0.031659 0.976689
vn -0.989004 -0.069694 0.130435
vn -0.351896 -0.809490 0.469996
vn -0.989004 -0.069694 0.130435
vn 0.708755 -0.234037 0.665502
vn -0.434894 -0.883477 -0.174171
vn 0.969020 -0.161845 0.186563
vn 0.987698 -0.114824 0.106148
vn -0.296488 0.736960 0.607441
vn -0.494328 -0.262975 0.828543
vn 0.299383 -0.810240 0.503867
vn -0.351896 -0.809490 0.469996
vn -0.593701 0.710671 0.377446
vn -0.866860 0.247131 0.432989
vn 0.635921 -0.759998 0.134187
vn 0.847444 -0.524705 0.080771
vn -0.723536 -0.587811 0.361904
vn 0.738693 -0.155932 0.655757
vn -0.494360 0.801851 0.335625
vn 0.973084 0.228537 0.029653
vn 0.283839 -0.958438 0.028836
vn 0.249852 -0.626762 -0.738067
vn 0.867785 0.436305 -0.237880
vn 0.283839 -0.958438 0.028836
vn -0.567766 0.822802 -0.025280
vn -0.872574 0.488366 -0.010654
vn 0.867785 0.436305 -0.237880
vn 0.973084 0.228537 0.029653
vn -0.353338 0.586223 -0.729037
vn -0.816927 -0.576268 0.023373
vn -0.712185 0.424640 -0.558993
vn -0.523109 0.669750 -0.527059
vn -0.289110 -0.659498 0.693886
vn -0.212801 -0.138130 -0.967283
vn -0.818895 -0.106241 -0.564024
vn -0.968766 0.210776 0.130637
vn -0.881237 0.120643 -0.457020
vn -0.973471 0.157840 0.165650
vn -0.413837 -0.530734 -0.739635
vn -0.730017 -0.522431 -0.440614
vn 0.183878 -0.956852 0.224996
vn 0.635921 -0.759998 0.134187
vn 0.251377 -0.134904 -0.958442
vn 0.913893 -0.399642 -0.071320
vn 0.041005 -0.993137 0.109529
vn -0.468241 0.003266 -0.883595
vn -0.021523 0.871344 -0.490201
vn 0.230228 0.973120 -0.005725
vn 0.847444 -0.524705 0.080771
vn -0.827880 0.171080 -0.534179
vn -0.394247 -0.350949 -0.849355
vn -0.630167 -0.168201 0.758023
vn -0.733667 0.092029 0.673248
vn -0.126522 -0.621019 0.773516
vn -0.119735 0.222282 -0.967602
vn -0.069641 0.361930 -0.929600
vn -0.193889 0.655583 0.729807
vn -0.489425 0.871270 0.036776
vn -0.361826 0.776798 0.515429
vn -0.075841 0.284499 -0.955672
vn 0.987037 0.141454 -0.075822
vn 0.791409 0.579659 -0.194078
vn 0.576740 0.603745 -0.550330
vn 0.889011 -0.086050 -0.449727
vn 0.987387 -0.158324 0.000143
vn 0.570815 0.821079 -0.000138
vn 0.695280 -0.095581 -0.712355
vn 0.542462 0.780108 -0.311715
vn 0.796083 0.094011 -0.597842
vn 0.799208 0.193426 -0.569081
vn 0.887680 -0.317521 -0.333473
vn 0.987037 0.141454 -0.075822
vn -0.965355 0.248110 -0.080822
vn -0.446375 -0.112693 -0.887722
vn -0.481248 -0.211328 0.850729
vn -0.168208 0.589593 0.789991
vn -0.168208 0.589593 0.789991
vn -0.227267 0.576437 0.784901
vn -0.226361 0.491645 0.840860
vn 0.967899 0.034220 -0.249000
vn 0.451181 0.134665 -0.882214
vn 0.220362 0.559018 -0.799336
vn -0.307180 0.359737 -0.881039
vn -0.317024 0.207441 -0.925453
vn -0.017344 -0.047234 -0.998733
vn -0.631386 0.317159 0.707645
vn -0.626589 0.729434 0.274431
vn -0.053752 0.124978 -0.990702
vn -0.891929 0.435063 0.123215
vn -0.372664 -0.303550 0.876914
vn -0.600216 0.736259 -0.312510
vn -0.425366 0.201552 0.882293
vn -0.704946 0.382136 -0.597515
vn -0.394908 0.588925 0.705134
vn -0.140952 0.047356 -0.988883
vn -0.366918 0.821939 -0.435645
vn -0.153626 0.629420 -0.761728
vn -0.069641 0.361930 -0.929600
vn -0.153626 0.629420 -0.761728
vn -0.134215 0.413035 -0.900771
vn -0.212801 -0.138130 -0.967283
vn -0.140952 0.047356 -0.988883
vn -0.139892 0.321809 -0.936413
vn -0.247105 -0.938162 0.242470
vn -0.580670 0.298424 0.757473
vn -0.459304 0.021547 -0.888018
vn -0.401912 -0.093525 -0.910890
vn -0.433437 -0.108502 -0.894628
vn -0.371909 -0.097090 0.923178
vn 0.006591 0.084303 0.996418
vn -0.425366 0.201552 0.882293
vn -0.400881 0.357015 0.843703
vn 0.009554 0.080064 0.996744
vn -0.562890 0.184564 0.805662
vn -0.165318 0.504793 -0.847263
vn -0.116199 -0.013329 -0.993136
vn -0.297425 0.581371 -0.757329
vn -0.234049 0.482073 0.844290
vn -0.481248 -0.211328 0.850729
vn -0.394718 0.159580 0.904838
vn -0.071045 0.088124 -0.993573
vn 0.533803 -0.712375 0.455605
vn 0.161708 -0.809477 0.564443
vn -0.438554 -0.164991 -0.883430
vn 0.798690 -0.494168 -0.343355
vn 0.798690 -0.494168 -0.343355
vn 0.731244 -0.677484 0.079352
vn 0.741777 -0.459506 -0.488489
vn 0.774929 -0.460737 -0.432674
vn 0.496216 -0.823245 0.275748
vn 0.774929 -0.460737 -0.432674
vn 0.741777 -0.459506 -0.488489
vn -0.088602 -0.850529 0.518412
vn 0.742267 -0.648739 -0.167861
vn -0.226361 0.491645 0.840860
vn 0.438279 0.438636 -0.784545
vn -0.156640 -0.678364 0.717835
vn -0.068115 -0.997669 -0.003991
vn -0.142270 -0.454970 0.879069
vn 0.292247 -0.434581 0.851898
vn 0.586986 -0.446884 -0.675086
vn 0.389897 -0.787536 0.477249
vn 0.339499 -0.720386 0.604801
vn 0.691071 -0.721132 0.048881
vn -0.208255 0.569247 0.795354
vn -0.900030 -0.147687 -0.410042
vn 0.256489 -0.011386 -0.966480
vn 0.314809 -0.169006 -0.933987
vn -0.476855 -0.016615 -0.878825
vn -0.141163 -0.369442 0.918469
vn -0.479012 -0.754266 0.449033
vn -0.603691 -0.145426 -0.783843
vn 0.425177 -0.331790 -0.842104
vn -0.941415 -0.101690 0.321554
vn -0.844123 -0.035052 0.535002
vn -0.749538 0.131316 -0.648805
vn -0.518511 0.490161 -0.700635
vn -0.740840 -0.670750 -0.035356
vn -0.345521 -0.938306 -0.014027
vn -0.144704 0.043133 0.988534
vn -0.158462 0.028587 0.986951
vn 0.050257 0.034006 0.998157
vn -0.176623 -0.011388 0.984213
vn -0.439275 -0.323990 0.837895
vn -0.081811 0.042425 0.995744
vn -0.928089 -0.348865 0.130169
vn -0.367836 -0.076852 0.926710
vn 0.139974 -0.013345 0.990065
vn 0.232829 -0.113719 0.965846
vn -0.190479 -0.840443 0.507320
vn 0.197100 -0.085615 0.976638
vn -0.415090 -0.528343 0.740644
vn -0.016476 -0.625960 0.779681
vn -0.427980 -0.901267 -0.067465
vn 0.166126 -0.356093 0.919565
vn -0.518126 -0.749457 0.412139
vn -0.593724 -0.677599 0.433994
vn -0.213367 -0.908120 0.360266
vn -0.044291 -0.750006 0.659946
vn -0.411818 -0.180339 0.893244
vn -0.313856 -0.104762 0.943673
vn -0.699241 -0.275772 0.659554
vn -0.291829 -0.073926 0.953609
vn 0.020806 0.045564 0.998745
vn -0.904830 -0.425547 -0.013897
vn -0.740579 -0.422891 0.522213
vn 0.150973 -0.137434 0.978938
vn -0.059694 -0.764628 0.641702
vn 0.039076 -0.604121 0.795934
vn -0.029835 -0.562339 0.826369
vn 0.250411 -0.643980 0.722900
vn 0.169818 -0.752147 0.636738
vn 0.206346 -0.130662 0.969716
vn -0.457492 0.049597 0.887829
vn -0.708206 -0.533464 -0.462450
vn 0.195306 -0.113768 0.974121
vn -0.251269 -0.016045 0.967784
vn 0.314029 -0.223832 -0.922651
vn -0.256480 -0.307119 -0.916458
vn 0.682836 -0.298720 -0.666709
vn -0.838504 -0.361037 -0.408122
vn -0.633254 -0.284740 -0.719661
vn -0.169165 -0.386719 -0.906549
vn -0.583360 -0.179599 -0.792108
vn -0.096034 -0.091452 -0.991168
vn -0.822344 -0.367922 -0.434032
vn -0.484740 -0.141250 -0.863177
vn 0.217872 -0.253922 -0.942367
vn 0.327801 -0.422721 -0.844899
vn 0.616838 -0.393156 -0.681864
vn -0.617426 -0.280240 -0.735018
vn -0.194508 -0.389597 -0.900212
vn -0.696001 -0.717733 -0.021021
vn -0.105194 -0.936005 0.335899
vn -0.419064 -0.573275 0.704089
vn 0.189244 0.092176 -0.977594
vn 0.089445 0.500514 -0.861095
vn -0.038844 -0.273512 -0.961084
vn 0.310291 0.588013 -0.746967
vn -0.028628 -0.236353 -0.971245
vn 0.000886 0.219508 -0.975610
vn -0.425744 -0.041397 -0.903896
vn -0.291631 -0.275827 -0.915899
vn 0.065441 -0.189623 0.979674
vn -0.164691 -0.522346 -0.836679
vn -0.365433 -0.595609 -0.715338
vn -0.551918 -0.354197 -0.754938
vn -0.058486 -0.431445 0.900241
vn -0.040761 -0.255386 0.965980
vn -0.221712 0.134333 -0.965815
vn -0.368723 -0.741410 -0.560673
vn -0.593734 -0.616575 -0.517025
vn -0.921675 -0.363061 0.136752
vn 0.036759 -0.004502 0.999314
vn -0.678781 -0.146636 0.719552
vn -0.728940 -0.236344 0.642486
vn 0.188387 -0.136653 0.972541
vn -0.910355 -0.393792 0.127207
vn 0.081987 -0.144356 0.986123
vn 0.156429 -0.098585 0.982757
vn -0.034828 -0.193120 0.980557
vn 0.094105 -0.014203 0.995461
vn -0.240016 0.021129 0.970539
vn 0.045132 -0.094056 0.994543
vn -0.206975 -0.045926 0.977268
vn -0.142083 -0.214803 0.966267
vn -0.086338 -0.038666 0.995515
vn -0.059436 -0.111468 0.991989
vn -0.364790 -0.828637 0.424605
vn -0.251230 -0.694291 0.674421
vn -0.161261 0.178670 -0.970604
vn -0.377067 -0.191571 -0.906157
vn -0.090157 -0.190645 -0.977510
vn 0.055007 0.214678 -0.975135
vn 0.123105 -0.335411 -0.933994
vn 0.019097 -0.369322 0.929105
vn -0.369878 0.032247 -0.928521
vn -0.116752 0.271856 -0.955229
vn -0.198098 0.046359 -0.979085
vn -0.866272 -0.421972 -0.267417
vn -0.422775 -0.213477 -0.880732
vn 0.132987 0.151903 -0.979408
vn 0.068927 -0.109088 -0.991639
vn 0.457726 0.581444 0.672614
vn 0.353676 0.762035 0.542416
vn 0.706099 0.633134 0.317121
vn 0.706099 0.633134 0.317121
vn -0.612801 -0.619131 -0.491071
vn 0.022112 0.998436 -0.051344
vn 0.974838 0.194779 0.108409
vn 0.653533 -0.754479 0.060461
vn -0.397825 0.916110 0.049772
vn -0.445622 -0.467486 -0.763464
vn -0.228446 -0.480088 -0.846952
vn -0.767060 -0.387231 -0.511538
vn 0.392187 0.854508 0.340596
vn 0.467988 0.860214 -0.202531
vn -0.447558 -0.871191 0.201786
vn 0.714273 -0.563929 -0.414485
vn -0.104589 0.930552 0.350903
vn -0.553732 -0.339273 -0.760444
vn -0.264035 -0.121829 -0.956788
vn -0.714166 -0.597696 -0.364318
vn 0.076704 0.954431 0.288405
vn -0.003578 0.974094 0.226115
vn -0.264824 0.960431 0.086264
vn -0.710725 -0.568809 0.413915
vn -0.276937 -0.928617 0.246935
vn 0.145447 0.821858 0.550812
vn -0.226137 -0.169000 -0.959323
vn -0.441959 -0.893551 0.078986
vn -0.171225 0.028185 -0.984829
vn -0.108594 -0.230391 -0.967020
vn -0.097306 0.904183 0.415914
vn -0.208400 0.914209 0.347551
vn -0.515912 0.819495 -0.249524
vn -0.704283 0.538213 0.462939
vn -0.136376 0.670835 0.728960
vn -0.963856 0.265712 0.019488
vn -0.115658 -0.556836 -0.822531
vn -0.354425 -0.227510 -0.906985
vn 0.009607 -0.439176 -0.898350
vn -0.005444 -0.441978 -0.897009
vn -0.078471 -0.490946 -0.867648
vn -0.329510 -0.242859 -0.912383
vn 0.150612 0.878566 0.453253
vn -0.234164 -0.872398 -0.429056
vn -0.867828 -0.496854 0.003189
vn -0.234164 -0.872398 -0.429056
vn -0.232592 -0.473848 -0.849334
vn -0.079800 -0.307550 -0.948180
vn -0.977120 -0.131519 0.167149
vn 0.231718 -0.972772 -0.004633
vn -0.854243 -0.506288 0.118070
vn -0.697492 -0.692240 -0.185229
vn -0.899623 -0.436665 -0.001049
vn -0.765669 -0.619962 -0.171461
vn -0.777571 -0.585346 -0.229680
vn 0.187035 -0.947273 0.260177
vn 0.952182 -0.257708 0.164123
vn 0.949030 -0.270829 0.161228
vn -0.914708 -0.395107 0.084848
vn -0.198868 -0.930449 -0.307760
vn -0.701218 -0.639260 -0.315658
vn -0.974142 -0.174356 0.143693
vn -0.983155 -0.079771 0.164446
vn 0.863648 -0.480049 0.153832
vn 0.141809 -0.988172 0.058368
vn 0.515780 -0.349637 0.782128
vn -0.646485 -0.760968 0.054630
vn 0.159509 -0.986814 0.027481
vn -0.642055 -0.742715 -0.190107
vn -0.299441 -0.928301 -0.220436
vn -0.285912 -0.945936 -0.153164
vn -0.931080 -0.223031 -0.288700
vn 0.509326 -0.856174 0.086912
vn -0.966624 -0.211937 0.143949
vn 0.783798 -0.506303 -0.359608
vn -0.532322 -0.823893 -0.194507
vn 0.750983 0.585386 0.305530
vn 0.743087 0.628978 -0.228490
vn 0.598253 -0.253540 -0.760138
vn 0.766155 0.056251 -0.640190
vn 0.712553 0.698351 0.067628
vn 0.878589 0.477299 0.016323
vn 0.659901 0.699441 0.274432
vn 0.822233 -0.568945 0.015289
vn 0.848656 -0.186141 -0.495110
vn 0.744988 0.646170 0.165702
vn 0.616184 0.726181 0.304923
vn 0.747310 0.558269 0.360365
vn 0.899910 -0.178932 -0.397674
vn 0.754880 0.509966 0.412421
vn 0.886508 0.462314 0.019240
vn 0.876740 -0.235397 -0.419423
vn 0.906925 -0.112427 -0.406013
vn 0.637974 0.768642 -0.046681
vn 0.726109 0.225754 -0.649462
vn 0.621865 0.760832 -0.185523
vn 0.653532 0.702870 0.280839
vn 0.631644 0.756143 0.171095
vn 0.949876 0.038418 -0.310258
vn 0.650991 0.315101 0.690595
vn 0.894546 0.381145 -0.233487
vn -0.012256 -0.731635 0.681587
vn 0.238957 0.477232 -0.845665
vn 0.342438 0.622424 -0.703793
vn 0.995233 -0.005719 0.097362
vn 0.665289 0.579662 -0.470513
vn 0.396401 -0.529979 -0.749659
vn -0.171516 -0.789405 0.589426
vn 0.867583 -0.404308 0.289544
vn 0.050921 -0.156488 -0.986366
vn -0.544357 -0.810745 0.215333
vn -0.319743 -0.689473 -0.649917
vn 0.814093 -0.237547 -0.529929
vn -0.977011 -0.055469 -0.205846
vn -0.409935 -0.375987 -0.831016
vn -0.362343 0.785212 0.502144
vn 0.629864 -0.419660 0.653572
vn -0.269367 -0.334885 -0.902936
vn -0.645978 0.628911 -0.432647
vn -0.668881 0.737670 0.091879
vn -0.736200 0.527062 0.424518
vn -0.823316 0.103040 0.558151
vn -0.974030 -0.217887 0.061567
vn -0.867164 -0.326037 0.376466
vn -0.467334 0.725709 0.504921
vn -0.901527 -0.238442 0.361101
vn -0.211916 -0.975886 -0.052322
vn 0.265344 -0.961094 -0.076747
vn -0.990073 -0.031675 -0.136940
vn -0.974030 -0.217887 0.061567
vn -0.871769 0.470980 -0.134896
vn -0.736200 0.527062 0.424518
vn -0.950168 -0.088535 -0.298902
vn -0.136989 -0.988445 -0.064889
vn 0.890766 -0.163663 -0.423970
vn -0.631945 0.715556 0.297700
vn -0.592403 0.642662 0.485843
vn -0.682174 0.536139 0.497185
vn -0.291129 0.551535 0.781699
vn -0.654831 -0.345446 0.672208
vn 0.946332 -0.120294 -0.299974
vn 0.975115 -0.186300 0.120179
vn 0.822233 -0.568945 0.015289
vn -0.517635 0.132266 0.845316
vn -0.004282 0.062955 0.998007
vn 0.862622 0.023898 0.505284
vn 0.464788 -0.166655 0.869597
vn 0.183819 0.459479 0.868959
vn 0.314130 0.546587 0.776251
vn -0.203835 -0.450029 -0.869440
vn -0.343412 -0.498194 -0.796160
vn -0.993822 -0.043628 -0.102054
vn 0.929813 -0.078522 -0.359558
vn -0.542621 -0.559102 0.626871
vn -0.117971 -0.780705 0.613663
vn -0.975197 -0.190050 0.113451
vn -0.326726 -0.922812 0.204129
vn 0.876740 -0.235397 -0.419423
vn -0.985136 -0.148665 -0.086054
vn -0.468318 -0.649652 -0.598858
vn 0.712553 0.698351 0.067628
vn -0.042488 -0.991757 -0.120880
vn 0.637974 0.768642 -0.046681
vn 0.553725 0.035750 -0.831932
vn 0.589986 -0.030029 -0.806855
vn 0.904627 -0.398269 -0.151762
vn 0.846723 0.481389 -0.226550
vn 0.766155 0.056251 -0.640190
vn 0.743087 0.628978 -0.228490
vn 0.598253 -0.253540 -0.760138
vn 0.621865 0.760832 -0.185523
vn -0.179722 0.789291 -0.587128
vn 0.174492 -0.039132 -0.983881
vn 0.747310 0.558269 0.360365
vn 0.750983 0.585386 0.305530
vn 0.754880 0.509966 0.412421
vn 0.946332 -0.120294 -0.299974
vn 0.814093 -0.237547 -0.529929
vn 0.616184 0.726181 0.304923
vn 0.899910 -0.178932 -0.397674
vn 0.890766 -0.163663 -0.423970
vn 0.726109 0.225754 -0.649462
vn 0.936185 0.310463 -0.164836
vn 0.716903 0.424659 0.552916
vn 0.647312 -0.206782 -0.733640
vn 0.945661 -0.143667 -0.291695
vn 0.860342 -0.347165 -0.373213
vn 0.692509 -0.182357 -0.697981
vn 0.870931 0.388182 0.301320
vn 0.930606 -0.353962 0.093183
vn 0.863422 -0.503666 -0.028696
vn 0.837012 -0.197204 -0.510413
vn 0.731873 0.677876 -0.069606
vn 0.878589 0.477299 0.016323
vn 0.886508 0.462314 0.019240
vn 0.975115 -0.186300 0.120179
vn 0.929813 -0.078522 -0.359558
vn 0.837012 -0.197204 -0.510413
vn -0.554153 -0.403331 0.728175
vn 0.863422 -0.503666 -0.028696
vn 0.091980 0.242634 0.965748
vn -0.248975 0.524691 0.814070
vn 0.678771 0.495582 0.541912
vn 0.931105 -0.196595 -0.307235
vn 0.945661 -0.143667 -0.291695
vn 0.716903 0.424659 0.552916
vn 0.780123 0.496818 -0.380237
vn 0.802819 -0.279247 -0.526785
vn 0.870931 0.388182 0.301320
vn 0.895039 0.444544 0.035861
vn -0.544352 0.558192 0.626181
vn 0.763966 0.501848 0.405592
vn 0.811089 0.550534 0.197606
vn -0.349689 -0.928724 -0.123246
vn 0.930606 -0.353962 0.093183
vn 0.139620 -0.952108 0.272023
vn -0.314676 -0.937664 -0.147531
vn 0.908593 0.388864 -0.152457
vn -0.850179 -0.170153 0.498240
vn 0.723155 -0.167299 0.670117
vn 0.099905 0.382995 0.918332
vn -0.552700 0.586083 0.592477
vn -0.526146 -0.278409 -0.803529
vn -0.375597 0.770253 0.515400
vn -0.972043 0.058522 -0.227391
vn -0.452662 0.692598 0.561609
vn -0.537379 0.594044 0.598611
vn -0.989053 0.096313 -0.111792
vn 0.190249 0.484568 -0.853815
vn -0.226989 0.519664 -0.823666
vn -0.764099 0.022990 -0.644689
vn -0.393674 -0.020736 -0.919016
vn -0.969278 -0.111630 0.219178
vn -0.775443 0.393807 -0.493562
vn -0.238580 -0.298508 -0.924106
vn -0.272139 -0.949032 0.158995
vn -0.581126 0.773717 0.252300
vn -0.992037 0.003345 -0.125905
vn 0.052368 -0.402617 -0.913869
vn 0.731873 0.677876 -0.069606
vn 0.692509 -0.182357 -0.697981
vn -0.338922 -0.459382 -0.821036
vn -0.502423 -0.807302 -0.309571
vn -0.994971 -0.099771 -0.008866
vn 0.936185 0.310463 -0.164836
vn -0.942699 0.186683 0.276529
vn -0.940512 0.214100 -0.263816
vn -0.965247 -0.251638 0.070545
vn -0.643446 0.420257 -0.639813
vn -0.578499 0.751745 -0.316574
vn -0.942699 0.186683 0.276529
vn -0.085287 -0.993867 0.070390
vn 0.748475 -0.218996 -0.625959
vn 0.835191 -0.518693 -0.182795
vn 0.943776 -0.165643 -0.286094
vn 0.711336 0.280473 0.644465
vn 0.893826 0.215553 0.393206
vn 0.959929 0.276065 -0.048213
vn 0.806352 -0.092416 -0.584171
vn 0.780123 0.496818 -0.380237
vn 0.802819 -0.279247 -0.526785
vn 0.678771 0.495582 0.541912
vn 0.817085 -0.428815 -0.385344
vn 0.931105 -0.196595 -0.307235
vn 0.835191 -0.518693 -0.182795
vn 0.811089 0.550534 0.197606
vn 0.895039 0.444544 0.035861
vn 0.908593 0.388864 -0.152457
vn 0.860342 -0.347165 -0.373213
vn 0.851156 0.189946 0.489339
vn 0.647312 -0.206782 -0.733640
vn 0.826937 0.462496 -0.319800
vn 0.709807 0.428568 0.559021
vn 0.969784 -0.134155 -0.203770
vn 0.899638 -0.232708 -0.369457
vn 0.698868 -0.226622 -0.678399
vn 0.975619 0.149350 0.160815
vn 0.650456 -0.224415 -0.725634
vn 0.935724 0.331137 0.121529
vn 0.763966 0.501848 0.405592
vn 0.890059 0.374861 0.259374
vn 0.806352 -0.092416 -0.584171
vn 0.935724 0.331137 0.121529
vn -0.593036 -0.150878 -0.790914
vn -0.160259 -0.334827 -0.928552
vn -0.733929 0.535211 -0.418207
vn -0.966789 0.196733 -0.163142
vn 0.721355 -0.658300 0.215146
vn -0.340789 -0.910678 -0.233514
vn -0.563501 -0.824040 0.058524
vn -0.167218 0.393719 0.903893
vn 0.366765 -0.929996 0.024295
vn -0.980410 0.081149 0.179475
vn 0.453699 -0.260693 0.852172
vn -0.147500 0.632677 0.760239
vn -0.865459 -0.494320 -0.081419
vn -0.745842 -0.359022 0.561091
vn -0.912682 -0.048264 0.405812
vn -0.007314 0.029326 0.999543
vn -0.334802 0.805256 0.489358
vn -0.514393 0.603998 0.608758
vn -0.249455 -0.174275 -0.952576
vn -0.988088 0.120459 -0.095772
vn 0.817085 -0.428815 -0.385344
vn 0.721355 -0.658300 0.215146
vn -0.991648 0.070994 -0.107675
vn -0.143394 -0.136667 -0.980184
vn -0.982777 0.150252 -0.107577
vn -0.586355 0.473349 0.657364
vn -0.527243 0.493630 0.691624
vn -0.611578 -0.052342 -0.789451
vn -0.935514 0.064465 -0.347359
vn -0.752375 0.131533 -0.645469
vn 0.807602 -0.587968 0.045515
vn 0.467935 -0.790172 0.395809
vn 0.662506 0.633253 0.400097
vn 0.820624 -0.091228 0.564140
vn -0.389897 0.787536 -0.477249
vn -0.691071 0.721132 -0.048881
vn -0.998105 0.034327 0.051075
vn -0.881775 0.411623 -0.230303
vn -0.774929 0.460737 0.432674
vn -0.774929 0.460737 0.432674
vn -0.454628 0.013085 0.890585
vn -0.951237 -0.117157 0.285346
vn 0.142267 0.454971 -0.879068
vn -0.430470 0.837260 -0.337181
vn 0.700001 -0.357407 -0.618271
vn 0.903997 -0.355107 -0.238094
vn 0.667751 -0.187677 -0.720337
vn 0.252490 0.873720 -0.415768
vn 0.399853 0.912495 0.086430
vn 0.202508 0.976083 -0.079074
vn -0.843053 -0.311406 -0.438506
vn -0.796004 0.434496 -0.421415
vn -0.741001 0.455862 -0.493060
vn 0.667751 -0.187677 -0.720337
vn 0.943776 -0.165643 -0.286094
vn 0.709807 0.428568 0.559021
vn 0.711336 0.280473 0.644465
vn 0.826937 0.462496 -0.319800
vn 0.890059 0.374861 0.259374
vn -0.955179 0.166004 0.245103
vn 0.693610 0.665781 0.275028
vn 0.553949 -0.666081 -0.499476
vn 0.526905 0.601563 -0.600411
vn -0.775580 0.630899 -0.021030
vn 0.975619 0.149350 0.160815
vn 0.698868 -0.226622 -0.678399
vn 0.044846 -0.340933 -0.939017
vn 0.067548 0.903781 -0.422632
vn 0.969784 -0.134155 -0.203770
vn 0.893826 0.215553 0.393206
vn -0.692191 0.703920 0.159273
vn 0.827550 -0.292368 -0.479251
vn 0.484181 0.393223 -0.781629
vn 0.748475 -0.218996 -0.625959
vn 0.959929 0.276065 -0.048213
vn 0.899638 -0.232708 -0.369457
vn 0.650456 -0.224415 -0.725634
vn -0.580929 -0.676551 -0.452548
vn -0.545533 -0.477931 -0.688459
vn 0.993911 -0.072430 0.083034
vn -0.741001 0.455862 -0.493060
vn -0.446129 -0.357932 -0.820276
vn 0.851156 0.189946 0.489339
vn -0.965247 -0.251638 0.070545
vn -0.333850 0.034581 0.941992
vn 0.345521 0.938306 0.014027
vn 0.953438 -0.269947 -0.134478
vn 0.571563 0.664263 0.481736
vn 0.715719 -0.355197 -0.601317
vn 0.787529 -0.310699 0.532226
vn 0.879539 -0.462930 -0.110028
vn 0.496234 -0.749270 0.438573
vn 0.786405 -0.489897 0.376256
vn 0.142924 0.979695 0.140606
vn 0.479012 0.754266 -0.449033
vn 0.156640 0.678364 -0.717835
vn -0.804970 -0.049001 0.591289
vn -0.832892 -0.409873 0.371879
vn 0.020199 -0.241063 0.970299
vn 0.141163 0.369439 -0.918470
vn 0.459302 0.081561 0.884528
vn -0.636005 -0.388858 0.666548
vn 0.740840 0.670751 0.035355
vn 0.822317 -0.373843 0.428995
vn -0.053345 -0.754711 0.653885
vn 0.336143 -0.616166 0.712283
vn 0.216261 0.233520 0.947998
vn -0.109077 0.330169 0.937598
vn -0.430470 0.837260 -0.337181
vn -0.545533 -0.477931 -0.688459
vn 0.903997 -0.355107 -0.238094
vn 0.399853 0.912495 0.086430
vn -0.446129 -0.357932 -0.820276
vn 0.387406 0.665549 0.637936
vn 0.484181 0.393223 -0.781629
vn -0.775580 0.630899 -0.021030
vn -0.193896 0.053628 0.979555
vn 0.202508 0.976083 -0.079074
vn -0.218408 -0.206940 0.953663
vn 0.150134 -0.962658 0.225276
vn 0.490006 -0.871643 0.011509
vn 0.444926 -0.865854 -0.228774
vn 0.625010 0.672411 0.396517
vn -0.230615 -0.956357 -0.179436
vn -0.918066 -0.388786 0.077466
vn -0.759084 -0.385810 0.524349
vn 0.043856 -0.255605 0.965786
vn 0.635728 -0.405350 0.656918
vn 0.265852 -0.075088 0.961085
vn 0.898542 0.091551 0.429232
vn 0.708559 0.000626 0.705651
vn 0.520308 -0.740655 0.425101
vn 0.074755 -0.903998 0.420951
vn 0.067548 0.903781 -0.422632
vn 0.044846 -0.340933 -0.939017
vn -0.692191 0.703920 0.159273
vn -0.843053 -0.311406 -0.438506
vn 0.516631 -0.274970 0.810854
vn 0.252490 0.873720 -0.415768
vn -0.580929 -0.676551 -0.452548
vn 0.700001 -0.357407 -0.618271
vn -0.225610 0.393435 0.891240
vn -0.250054 -0.382031 0.889677
vn 0.951706 -0.112782 0.285546
vn -0.725877 -0.130001 -0.675428
vn -0.359697 -0.600141 -0.714457
vn -0.634092 0.562907 0.530154
vn -0.532893 -0.801523 0.271267
vn 0.562544 0.321614 0.761649
vn -0.676296 -0.330303 -0.658425
vn 0.457492 -0.049597 -0.887829
vn 0.044291 0.750006 -0.659946
vn 0.535744 0.519830 -0.665399
vn 0.105194 0.936005 -0.335899
vn -0.147604 -0.827339 -0.541962
vn -0.017481 -0.000018 -0.999847
vn 0.545836 -0.388079 -0.742602
vn 0.367836 0.076852 -0.926710
vn 0.928089 0.348865 -0.130169
vn 0.411817 0.180339 -0.893244
vn 0.673817 -0.133349 -0.726766
vn 0.699241 0.275772 -0.659554
vn -0.779012 0.458596 0.427587
vn 0.742479 0.527522 0.412850
vn 0.677698 0.351289 0.646004
vn 0.387534 -0.822385 0.416533
vn -0.606533 -0.355869 0.710967
vn 0.424524 -0.630671 0.649641
vn -0.177208 -0.195463 0.964568
vn 0.779012 0.458596 0.427587
vn -0.898542 0.091550 0.429232
vn -0.757348 -0.026567 0.652471
vn -0.376705 0.826485 0.418348
vn 0.675805 0.409029 0.613174
vn 0.516126 0.744417 0.423624
vn -0.289114 0.107056 0.951290
vn 0.911523 0.002975 0.411238
vn 0.025464 -0.703715 0.710026
vn -0.074760 -0.903997 0.420951
vn -0.520308 -0.740654 0.425101
vn 0.656398 0.036764 0.753518
vn -0.336706 -0.674505 0.657017
vn -0.646464 -0.295434 0.703423
vn 0.745666 -0.523517 0.412203
vn -0.387535 -0.822387 0.416529
vn 0.628743 -0.329672 0.704272
vn 0.039172 0.763831 0.644227
vn -0.332830 0.633915 0.698123
vn -0.677762 0.406489 0.612703
vn 0.361315 0.616648 0.699426
vn -0.822317 -0.373842 0.428995
vn 0.247086 0.225320 0.942433
vn 0.162571 -0.019484 0.986504
vn 0.121830 -0.292515 0.948468
vn -0.013589 0.716267 0.697694
vn -0.409345 0.645308 0.644992
vn 0.335659 0.686486 0.645034
vn 0.081020 0.902943 0.422055
vn -0.742485 0.527501 0.412866
vn -0.051087 0.299318 0.952785
vn -0.620016 0.351023 0.701686
vn -0.911516 0.002976 0.411255
vn -0.712327 0.013186 0.701724
vn -0.745660 -0.523520 0.412211
vn -0.376613 -0.599255 0.706439
vn 0.376701 0.826509 0.418304
vn -0.080993 0.902961 0.422021
vn -0.516105 0.744431 0.423624
vn -0.813371 -0.091595 -0.574490
vn -0.896673 -0.034344 -0.441360
vn -0.169818 0.752147 -0.636738
vn 0.190479 0.840443 -0.507320
vn -0.820004 0.002091 -0.572354
vn -0.814875 -0.038936 -0.578327
vn 0.364796 0.828636 -0.424602
vn 0.251231 0.694292 -0.674420
vn 0.419059 0.573280 -0.704088
vn -0.250411 0.643980 -0.722900
vn 0.427980 0.901267 0.067465
vn 0.696001 0.717733 0.021021
vn 0.593724 0.677599 -0.433995
vn -0.039076 0.604121 -0.795934
vn -0.166126 0.356093 -0.919565
vn -0.222742 -0.790475 -0.570557
vn -0.380767 -0.460295 -0.801963
vn 0.241796 -0.009108 -0.970284
vn 0.904830 0.425547 0.013897
vn 0.439275 0.323990 -0.837895
vn 0.740579 0.422891 -0.522213
vn 0.415095 0.528339 -0.740644
vn -0.150973 0.137434 -0.978938
vn 0.059694 0.764628 -0.641702
vn 0.029835 0.562339 -0.826369
vn 0.016476 0.625960 -0.779681
vn 0.309429 -0.810073 0.498031
vn -0.158395 0.381532 0.910683
vn -0.241975 0.029274 0.969841
vn -0.007265 0.143486 0.989626
vn 0.345172 -0.818295 0.459618
vn -0.429101 0.858170 0.281811
vn -0.954692 0.255808 0.152069
vn 0.309429 -0.810073 0.498031
vn -0.771044 -0.350119 0.531891
vn -0.871215 -0.305194 -0.384501
vn -0.516441 0.629319 0.580729
vn -0.847972 -0.012532 0.529893
vn -0.954692 0.255808 0.152069
vn -0.847972 -0.012532 0.529893
vn -0.864420 -0.333017 -0.376666
vn -0.028510 -0.610542 0.791471
vn 0.735735 0.663908 -0.133866
vn 0.229981 0.059579 0.971370
vn -0.602559 -0.731325 -0.319509
vn 0.881452 -0.052950 -0.469296
vn 0.692144 -0.710002 0.129742
vn -0.002706 -0.994674 0.103037
vn -0.962579 0.198874 -0.184096
vn 0.990199 -0.037455 0.134547
vn -0.167062 -0.102375 0.980617
vn -0.171583 0.161532 0.971837
vn 0.735469 0.666927 0.119560
vn -0.566246 0.811263 -0.145664
vn -0.489461 0.366351 -0.791338
vn -0.516441 0.629319 0.580729
vn -0.429101 0.858170 0.281811
vn 0.345172 -0.818295 0.459618
vn -0.696664 -0.373935 -0.612235
vn -0.899140 -0.152611 -0.410192
vn -0.028510 -0.610542 0.791471
vn -0.477061 -0.821921 0.311219
vn -0.771044 -0.350119 0.531891
vn -0.477061 -0.821921 0.311219
vn -0.099384 -0.520375 -0.848135
vn -0.059564 0.207096 0.976506
vn 0.717325 -0.651922 0.245851
vn -0.993153 -0.106456 0.048101
vn 0.108663 0.985533 0.130067
vn -0.198303 0.609159 -0.767855
vn 0.170372 -0.176298 -0.969480
vn 0.252186 -0.638287 -0.727318
vn -0.158395 0.381532 0.910683
vn -0.744550 -0.556468 -0.368767
vn -0.241640 0.677813 -0.694392
vn 0.518125 0.749460 -0.412137
vn 0.728940 0.236344 -0.642486
vn 0.551917 0.354197 0.754938
vn 0.910355 0.393792 -0.127207
vn 0.368719 0.741410 0.560676
vn 0.666789 0.358815 -0.653180
vn 0.921675 0.363061 -0.136752
vn -0.045132 0.094056 -0.994543
vn -0.081987 0.144356 -0.986123
vn 0.240016 -0.021129 -0.970539
vn -0.033854 0.112428 -0.993083
vn -0.188387 0.136653 -0.972541
vn -0.156429 0.098585 -0.982757
vn 0.059436 0.111468 -0.991989
vn -0.094105 0.014203 -0.995461
vn 0.034828 0.193120 -0.980557
vn 0.086338 0.038666 -0.995515
vn 0.206976 0.045926 -0.977268
vn 0.365429 0.595610 0.715339
vn -0.100326 0.892367 0.440018
vn -0.100326 0.892367 0.440018
vn -0.294611 0.894448 0.336404
vn -0.294611 0.894448 0.336404
vn -0.809619 0.214451 0.546378
vn 0.402410 0.534259 0.743393
vn 0.440142 0.513126 -0.736869
vn -0.600723 0.795774 0.076654
vn 0.452496 0.871115 0.190805
vn -0.020885 -0.086253 -0.996054
vn -0.566246 0.811263 -0.145664
vn -0.047771 -0.988853 0.141022
vn -0.744550 -0.556468 -0.368767
vn 0.735469 0.666927 0.119560
vn -0.761700 0.647744 0.015513
vn 0.135250 -0.078515 -0.987696
vn -0.993153 -0.106456 0.048101
vn 0.717325 -0.651922 0.245851
vn -0.602559 -0.731325 -0.319509
vn 0.060922 -0.117126 -0.991247
vn 0.035413 -0.072186 0.996762
vn 0.452496 0.871115 0.190805
vn 0.042847 -0.039241 -0.998311
vn 0.735735 0.663908 -0.133866
vn -0.053729 0.888926 -0.454888
vn -0.507791 0.175347 -0.843446
vn -0.809619 0.214451 0.546378
vn -0.398846 0.635461 -0.661144
vn -0.600723 0.795774 0.076654
vn -0.241699 0.739107 -0.628731
vn 0.014921 0.071354 -0.997339
vn -0.002706 -0.994674 0.103037
vn 0.692144 -0.710002 0.129742
vn -0.080012 0.016477 -0.996658
vn -0.761700 0.647744 0.015513
vn 0.990199 -0.037455 0.134547
vn -0.962579 0.198874 -0.184096
vn 0.881452 -0.052950 -0.469296
vn 0.043801 0.005914 -0.999023
vn 0.197891 0.033834 -0.979640
vn -0.001818 0.946913 0.321485
vn -0.052035 -0.113261 0.992202
vn -0.001818 0.946913 0.321485
vn -0.047771 -0.988853 0.141022
vn 0.108663 0.985533 0.130067
vn 0.402410 0.534259 0.743393
vn 0.022305 0.807929 -0.588857
vn 0.142083 0.214803 -0.966267
vn 0.593733 0.616574 0.517028
vn 0.058486 0.431445 -0.900241
vn 0.164692 0.522349 0.836677
vn -0.019097 0.369322 -0.929105
vn -0.029405 -0.186681 0.981980
vn 0.425743 0.041400 0.903897
vn 0.040761 0.255386 -0.965980
vn 0.221712 -0.134333 0.965815
vn -0.000886 -0.219508 0.975610
vn 0.190276 -0.050369 0.980438
vn -0.065441 0.189623 -0.979674
vn 0.453710 -0.009282 0.891101
vn 0.430851 -0.043773 0.901361
vn -0.182904 -0.008849 0.983091
vn -0.126739 -0.576412 0.807271
vn 0.918086 -0.328845 -0.221315
vn 0.041460 -0.810730 -0.583951
vn -0.777434 -0.514432 0.361880
vn 0.617223 -0.008431 0.786743
vn -0.126739 -0.576412 0.807271
vn 0.608789 -0.003529 -0.793324
vn -0.087034 -0.550708 -0.830148
vn 0.607774 0.661640 0.439140
vn -0.846631 -0.462287 0.263640
vn -0.651064 -0.195621 0.733382
vn -0.670478 -0.139384 0.728719
vn -0.670478 -0.139384 0.728719
vn 0.617223 -0.008431 0.786743
vn -0.677281 -0.156789 -0.718824
vn 0.428042 0.183466 -0.884941
vn 0.664350 0.699401 0.263584
vn 0.834884 0.474279 0.279335
vn 0.664350 0.699401 0.263584
vn 0.523587 0.368935 0.767947
vn 0.834884 0.474279 0.279335
vn -0.777434 -0.514432 0.361880
vn 0.569426 0.106173 -0.815158
vn -0.651064 -0.195621 0.733382
vn 0.539905 0.482064 0.690012
vn -0.841249 -0.315071 -0.439352
vn 0.355095 0.674291 0.647487
vn -0.664364 0.304072 -0.682759
vn 0.571766 0.533772 0.623034
vn 0.010186 -0.746169 0.665679
vn -0.765030 0.412028 0.494936
vn 0.929930 0.014311 0.367457
vn 0.785871 -0.424983 0.449218
vn -0.474945 -0.416489 -0.775219
vn 0.607774 0.661640 0.439140
vn 0.445794 -0.860302 0.247280
vn 0.445794 -0.860302 0.247280
vn 0.803751 -0.204856 0.558586
vn 0.118889 -0.790114 0.601320
vn -0.281514 -0.534698 -0.796774
vn -0.341984 -0.485733 -0.804432
vn 0.656861 0.486293 0.576240
vn 0.929930 0.014311 0.367457
vn -0.730039 -0.389416 0.561604
vn 0.571766 0.533772 0.623034
vn 0.785871 -0.424983 0.449218
vn 0.264752 -0.079325 0.961048
vn 0.635882 0.116760 -0.762903
vn -0.359840 -0.454881 -0.814616
vn -0.765030 0.412028 0.494936
vn 0.520990 0.102101 -0.847434
vn -0.251968 -0.342921 0.904940
vn -0.734252 -0.380821 0.562005
vn 0.118889 -0.790114 0.601320
vn 0.778419 -0.461768 -0.425246
vn 0.323555 -0.125094 0.937904
vn 0.803751 -0.204856 0.558586
vn 0.355095 0.674291 0.647487
vn 0.539905 0.482064 0.690012
vn 0.668698 0.591720 0.450233
vn 0.507540 0.113012 -0.854185
vn -0.734252 -0.380821 0.562005
vn 0.668698 0.591720 0.450233
vn -0.730039 -0.389416 0.561604
vn 0.523587 0.368935 0.767947
vn -0.846631 -0.462287 0.263640
vn -0.251968 -0.342921 0.904940
vn 0.010186 -0.746169 0.665679
vn -0.512095 0.759806 -0.400568
vn 0.656861 0.486293 0.576240
vn 0.463378 0.190411 0.865462
vn 0.822344 0.367922 0.434032
vn 0.377067 0.191572 0.906157
vn 0.532477 -0.138522 0.835033
vn 0.198098 -0.046359 0.979085
vn 0.291632 0.275827 0.915899
vn 0.090157 0.190645 0.977510
vn -0.123105 0.335411 0.933994
vn 0.297288 -0.946291 0.127092
vn -0.182859 -0.830072 0.526823
vn 0.028628 0.236353 0.971245
vn -0.626634 -0.646451 0.435236
vn 0.038844 0.273512 0.961084
vn -0.339095 -0.631748 0.697072
vn 0.633254 0.284740 0.719661
vn 0.866272 0.421972 0.267417
vn 0.583360 0.179599 0.792108
vn -0.136376 0.670835 0.728960
vn 0.612801 0.619131 0.491071
vn 0.767060 0.387231 0.511538
vn 0.329510 0.242859 0.912383
vn -0.003578 0.974094 0.226115
vn -0.704283 0.538213 0.462939
vn 0.076704 0.954431 0.288405
vn -0.430210 0.774569 -0.463640
vn 0.108594 0.230391 0.967020
vn 0.145447 0.821858 0.550812
vn -0.624884 -0.007996 0.780677
vn -0.599418 -0.019986 0.800187
vn 0.553732 0.339273 0.760444
vn 0.974953 0.207689 -0.079575
vn 0.816796 0.315056 -0.483305
vn 0.122229 0.777833 -0.616471
vn 0.982187 -0.036940 -0.184237
vn -0.208400 0.914209 0.347551
vn 0.467988 0.860214 -0.202531
vn 0.953015 0.078002 0.292708
vn -0.720627 0.610045 -0.329456
vn 0.150612 0.878566 0.453253
vn -0.963856 0.265712 0.019488
vn 0.278616 0.016056 0.960268
vn -0.943140 0.304786 0.132641
vn 0.445619 0.467488 0.763464
vn -0.229948 0.022154 0.972951
vn -0.115528 0.011717 0.993235
vn 0.757764 -0.011437 0.652429
vn 0.457726 0.581444 0.672614
vn 0.392187 0.854508 0.340596
vn 0.526933 0.559123 -0.640096
vn -0.851136 0.514113 -0.106092
vn 0.654214 -0.036319 0.755437
vn 0.982187 -0.036940 -0.184237
vn 0.967945 -0.193172 0.160521
vn 0.868589 0.321448 -0.377125
vn 0.054387 0.748601 -0.660786
vn -0.968311 0.246608 -0.039467
vn -0.198868 -0.930449 -0.307760
vn 0.715244 -0.649304 -0.258517
vn 0.706099 0.633134 0.317121
vn 0.402634 0.610092 -0.682402
vn 0.774736 -0.583595 -0.243312
vn 0.088785 0.954888 -0.283382
vn -0.291003 0.782044 -0.551112
vn 0.974953 0.207689 -0.079575
vn 0.264035 0.121828 0.956788
vn 0.171225 -0.028185 0.984829
vn -0.515912 0.819495 -0.249524
vn -0.097306 0.904183 0.415914
vn 0.226137 0.169000 0.959323
vn 0.354425 0.227510 0.906985
vn 0.078471 0.490946 0.867648
vn 0.847746 0.454607 -0.273237
vn 0.840088 -0.287329 -0.460103
vn 0.263658 -0.273888 0.924916
vn 0.930479 -0.301200 -0.208536
vn 0.678465 -0.504157 0.534333
vn 0.512261 -0.833273 -0.207951
vn 0.333508 -0.824981 0.456266
vn 0.772846 0.585237 -0.245371
vn 0.767434 0.616916 -0.174527
vn 0.656793 0.210052 0.724224
vn -0.263695 -0.273621 0.924985
vn 0.906325 -0.401877 0.130650
vn 0.724712 -0.662440 0.189647
vn 0.786871 0.575368 -0.223127
vn -0.792610 0.584634 -0.173124
vn 0.731845 0.557816 -0.391463
vn -0.000159 0.936898 -0.349604
vn 0.386012 0.043489 0.921468
vn 0.659275 0.713652 -0.236766
vn 0.774765 -0.595947 0.211155
vn 0.752968 -0.502715 -0.424638
vn -0.386013 0.043490 0.921467
vn -0.210840 -0.425885 0.879869
vn 0.508348 -0.465814 0.724293
vn 0.327441 -0.418892 0.846943
vn 0.930836 0.184870 0.315227
vn 0.812613 -0.561900 0.154685
vn 0.968619 0.123728 0.215565
vn 0.599799 -0.197715 0.775339
vn 0.210839 -0.425886 0.879868
vn -0.000008 0.800131 -0.599825
vn 0.000000 0.252012 -0.967724
vn 0.973196 0.156197 -0.168796
vn 0.785016 0.189830 0.589673
vn -0.000058 -0.617412 0.786640
vn 0.645860 0.371764 -0.666826
vn 0.907590 -0.393432 0.146602
vn 0.194508 0.389597 0.900212
vn 0.169165 0.386719 0.906549
vn 0.256480 0.307119 0.916458
vn 0.096034 0.091452 0.991168
vn 0.617426 0.280240 0.735018
vn 0.422775 0.213477 0.880732
vn -0.738294 0.079033 0.669833
vn -0.068927 0.109088 0.991639
vn -0.327801 0.422721 0.844899
vn -0.377529 0.205427 0.902924
vn -0.132987 -0.151903 0.979408
vn -0.009607 0.439176 0.898350
vn 0.079800 0.307550 0.948180
vn -0.217872 0.253922 0.942367
vn -0.616838 0.393156 0.681864
vn 0.838504 0.361037 0.408122
vn 0.115658 0.556836 0.822531
vn 0.005444 0.441978 0.897009
vn 0.228446 0.480088 0.846952
vn 0.232592 0.473848 0.849334
vn 0.394739 0.041200 0.917869
vn 0.837925 0.523051 -0.155880
vn -0.951607 0.057798 0.301834
vn 0.353676 0.762035 0.542416
vn 0.706099 0.633134 0.317121
vn -0.234164 -0.872398 -0.429056
vn -0.000000 -0.220144 0.975467
vn -0.000026 0.951968 -0.306198
vn -0.320091 0.112654 -0.940665
vn 0.285376 0.524834 -0.801941
vn 0.813050 -0.565046 -0.140258
vn 0.000339 0.010676 -0.999943
vn 0.564509 -0.278115 -0.777162
vn 0.899533 0.120554 -0.419889
vn 0.733015 -0.253578 -0.631179
vn 0.229219 0.687092 -0.689466
vn 0.902732 -0.397361 0.164862
vn 0.775192 0.343451 -0.530207
vn 0.352172 -0.920496 -0.169298
vn 0.913635 -0.355667 -0.196907
vn 0.993771 -0.052077 -0.098525
vn -0.134052 -0.557629 -0.819195
vn -0.370365 -0.767296 -0.523533
vn 0.797998 0.256370 -0.545411
vn 0.527335 -0.346168 -0.775942
vn 0.386012 0.043489 0.921468
vn 0.263658 -0.273888 0.924916
vn 0.000004 -0.515751 0.856739
vn -0.660850 0.210647 0.720350
vn -0.907585 -0.393442 0.146606
vn 0.210839 -0.425886 0.879868
vn -0.645860 0.371763 -0.666826
vn -0.752967 -0.502716 -0.424638
vn -0.333011 -0.415344 0.846519
vn 0.000050 -0.607725 0.794148
vn -0.508224 -0.462219 0.726678
vn 0.000004 0.989770 -0.142671
vn -0.969562 0.127143 0.209247
vn -0.973196 0.156198 -0.168792
vn -0.083195 0.958521 -0.272611
vn -0.930480 -0.301200 -0.208534
vn -0.843413 -0.515785 0.150397
vn -0.050868 -0.958238 0.281410
vn 0.000001 -0.949345 0.314237
vn 0.000001 -0.937050 0.349195
vn -0.786963 0.575254 -0.223097
vn -0.774764 -0.595948 0.211156
vn -0.678465 -0.504157 0.534332
vn -0.785012 0.189835 0.589677
vn 0.000000 -0.930167 0.367137
vn 0.000000 -0.778291 -0.627904
vn -0.908441 -0.397200 0.130259
vn -0.659461 0.713484 -0.236753
vn -0.000000 -0.191632 0.981467
vn -0.731846 0.557817 -0.391461
vn -0.930467 0.189942 0.313294
vn 0.000003 -0.324682 0.945823
vn -0.772843 0.585239 -0.245373
vn 0.000005 0.851158 -0.524909
vn 0.848403 0.523385 -0.079247
vn -0.000000 -0.220144 0.975467
vn -0.000000 -0.191632 0.981467
vn 0.000001 -0.829000 -0.559248
vn -0.847744 0.454609 -0.273241
vn -0.822341 0.547764 -0.153979
vn 0.000001 0.899818 -0.436265
vn -0.840087 -0.287328 -0.460104
vn -0.263695 -0.273621 0.924985
vn 0.000001 -0.992954 -0.118500
vn -0.210840 -0.425885 0.879869
vn -0.742610 -0.645884 0.177100
vn 0.055947 -0.962472 0.265550
vn -0.333509 -0.824980 0.456266
vn -0.386013 0.043490 0.921467
vn -0.599799 -0.197713 0.775339
vn -0.000058 -0.617412 0.786640
vn -0.512262 -0.833273 -0.207951
vn 0.000000 -0.927773 0.373145
vn 0.873235 -0.080697 0.480570
vn 0.911366 0.050223 0.408521
vn 0.754355 -0.240181 0.610951
vn -0.329440 0.343369 0.879527
vn -0.211294 0.439062 -0.873258
vn -0.211294 0.439062 -0.873258
vn 0.143647 -0.799459 -0.583293
vn -0.940796 0.120407 -0.316869
vn -0.443440 -0.277945 0.852119
vn -0.333952 -0.783285 0.524348
vn -0.646251 0.316105 0.694577
vn 0.610650 0.149686 0.777625
vn 0.267971 -0.252510 0.929747
vn 0.797998 0.256370 -0.545411
vn 0.775192 0.343451 -0.530207
vn 0.993771 -0.052077 -0.098525
vn 0.478916 -0.262341 -0.837745
vn -0.931157 -0.002584 0.364610
vn 0.107732 -0.542561 0.833080
vn 0.193957 -0.896496 -0.398341
vn -0.571035 -0.092095 -0.815744
vn -0.540296 -0.274394 0.795479
vn -0.540965 -0.819329 -0.189887
vn 0.143647 -0.799459 -0.583293
vn 0.462232 -0.875682 0.139724
vn 0.539584 0.007521 0.841898
vn -0.578405 0.696702 -0.424329
vn -0.540965 -0.819329 -0.189887
vn 0.020553 0.883200 0.468546
vn 0.741873 0.217752 0.634199
vn 0.349438 -0.072549 0.934146
vn 0.514537 -0.632603 -0.578848
vn 0.352172 -0.920496 -0.169298
vn 0.902732 -0.397361 0.164862
vn 0.813050 -0.565046 -0.140258
vn 0.913635 -0.355667 -0.196907
vn 0.514537 -0.632603 -0.578848
vn 0.462232 -0.875682 0.139724
vn -0.397709 0.626245 0.670556
vn -0.940796 0.120407 -0.316869
vn -0.017451 0.610106 0.792128
vn 0.334130 0.865512 0.373156
vn -0.571035 -0.092095 -0.815744
vn 0.193957 -0.896496 -0.398341
vn 0.515804 0.127675 0.847140
vn 0.018007 0.930264 -0.366448
vn -0.008158 -0.993641 -0.112299
vn 0.018797 0.592843 -0.805099
vn -0.861966 -0.453565 -0.226482
vn -0.841792 0.203191 -0.500099
vn 0.756312 0.559648 -0.338801
vn 0.943873 0.051796 -0.326223
vn 0.907412 0.413105 0.077122
vn 0.795727 0.171910 -0.580746
vn 0.956693 0.252058 -0.145620
vn 0.988767 0.128165 0.076897
vn 0.625018 -0.684306 0.375603
vn 0.962640 0.225923 -0.149276
vn 0.995760 -0.058545 -0.070951
vn 0.954449 -0.210274 0.211691
vn 0.987504 0.029997 0.154714
vn 0.749781 0.625875 -0.214733
vn 0.960788 -0.005871 -0.277223
vn -0.005259 -0.922320 0.386392
vn 0.859783 -0.458553 -0.224725
vn -0.005259 -0.922320 0.386392
vn -0.861966 -0.453565 -0.226482
vn 0.654115 0.068533 -0.753284
vn 0.673891 -0.420978 -0.607165
vn 0.924958 0.204627 -0.320281
vn -0.875137 0.450024 -0.177803
vn -0.008793 -0.946231 -0.323371
vn 0.026745 0.834199 -0.550814
vn 0.676491 -0.179005 0.714365
vn -0.000088 -0.496345 0.868125
vn -0.003009 -0.998002 0.063117
vn 0.002317 0.957906 -0.287073
vn 0.001668 0.252654 0.967555
vn -0.008793 -0.946231 -0.323371
vn -0.577509 -0.778696 -0.245186
vn 0.834017 -0.511253 0.207450
vn -0.665685 0.582185 -0.466823
vn 0.941698 0.184748 -0.281199
vn 0.010980 0.904053 0.427280
vn 0.992559 0.091610 -0.080209
vn 0.887138 -0.191574 -0.419862
vn -0.541772 -0.840513 0.004677
vn -0.000001 0.951977 -0.306169
vn -0.988767 0.128181 0.076875
vn 0.000073 0.630479 -0.776206
vn -0.001823 0.901231 -0.433335
vn -0.000001 0.834982 -0.550277
vn -0.650695 -0.357074 -0.670145
vn -0.000001 -0.960853 0.277059
vn -0.000004 -0.122534 0.992464
vn -0.000104 -0.657137 0.753771
vn -0.655438 -0.754285 -0.038146
vn 0.001361 -0.591356 -0.806410
vn -0.911405 0.044794 0.409066
vn -0.845194 0.528647 -0.078608
vn -0.764205 -0.567538 0.306417
vn 0.000915 -0.999167 0.040798
vn 0.878559 0.442379 -0.180098
vn 0.567489 -0.786070 -0.245052
vn 0.845867 0.466814 -0.258060
vn 0.811007 -0.581287 -0.066136
vn 0.022985 0.854237 -0.519375
vn 0.010980 0.904053 0.427280
vn -0.871423 -0.085442 0.483034
vn -0.000107 -0.161399 0.986889
vn -0.754332 -0.240325 0.610923
vn 0.679528 0.574266 -0.456575
vn -0.007944 0.838128 0.545416
vn -0.000001 0.666414 -0.745582
vn -0.677245 -0.180431 0.713291
vn 0.931732 -0.119107 0.343059
vn 0.578785 -0.595472 -0.557154
vn 0.781810 -0.010368 0.623430
vn 0.928874 0.354985 -0.105728
vn 0.679528 0.574266 -0.456575
vn -0.748278 0.627317 -0.215763
vn 0.598713 -0.551248 0.581092
vn -0.943894 0.051353 -0.326232
vn 0.002208 -0.805283 -0.592887
vn -0.000147 0.745009 -0.667054
vn -0.783308 0.501163 -0.367784
vn -0.008793 -0.946231 -0.323371
vn -0.598275 -0.550845 0.581925
vn 0.859783 -0.458553 -0.224725
vn 0.762703 -0.570764 0.304159
vn -0.756576 0.559520 -0.338424
vn 0.676491 -0.179005 0.714365
vn 0.849706 0.198203 -0.488585
vn -0.000382 -0.656444 0.754375
vn 0.888363 -0.311205 0.337584
vn -0.961212 -0.007590 -0.275707
vn 0.657243 -0.752772 -0.036954
vn 0.907153 0.332892 -0.257402
vn -0.766387 0.640534 -0.048655
vn -0.795728 0.171912 -0.580743
vn -0.954280 -0.210663 0.212063
vn 0.999762 0.013810 -0.016920
vn 0.709457 -0.123532 -0.693838
vn -0.814449 -0.576254 -0.067861
vn -0.008627 -0.999310 0.036133
vn 0.995106 0.089815 -0.041188
vn -0.005259 -0.922320 0.386392
vn 0.598713 -0.551248 0.581092
vn 0.783620 0.502176 -0.365730
vn 0.916204 -0.067766 -0.394941
vn 0.888017 0.104426 -0.447796
vn 0.544872 -0.838518 0.001058
vn 0.651095 -0.353244 -0.671784
vn 0.763267 0.644618 -0.043486
vn -0.835609 0.483461 -0.260812
vn 0.022985 0.854237 -0.519375
vn -0.665685 0.582185 -0.466823
vn 0.322924 -0.945962 -0.029597
vn -0.197755 0.722876 0.662075
vn 0.340268 -0.875335 -0.343520
vn -0.415577 0.555647 -0.720106
vn 0.339242 -0.322001 0.883872
vn 0.340268 -0.875335 -0.343520
vn 0.366254 -0.867907 -0.335554
vn 0.429766 -0.062761 0.900757
vn -0.578405 0.696702 -0.424329
vn -0.156522 0.795696 0.585123
vn -0.112091 0.881088 0.459478
vn -0.576005 0.466063 -0.671568
vn -0.576005 0.466063 -0.671568
vn 0.366254 -0.867907 -0.335554
vn 0.493813 -0.802036 -0.335987
vn -0.415577 0.555647 -0.720106
vn -0.708860 -0.123917 -0.694379
vn -0.000580 0.758371 -0.651823
vn 0.999961 -0.000575 0.008851
vn 0.406722 -0.726142 0.554342
vn 0.406722 -0.726142 0.554342
vn 0.508839 0.520189 -0.685920
vn 0.449498 -0.856559 0.253490
vn -0.623906 -0.657665 0.422158
vn -0.205332 -0.972936 -0.105995
vn -0.987549 0.029949 0.154435
vn -0.995738 -0.054892 -0.074115
vn -0.887535 -0.183239 -0.422736
vn -0.246169 0.383321 -0.890205
vn -0.246169 0.383321 -0.890205
vn -0.226905 0.792482 0.566115
vn 0.493813 -0.802036 -0.335987
vn 0.449498 -0.856559 0.253490
vn -0.205332 -0.972936 -0.105995
vn 0.213388 0.480410 -0.850689
vn -0.606645 -0.402369 -0.685625
vn -0.111818 -0.971814 0.207545
vn 0.219768 -0.737189 -0.638948
vn -0.120336 0.912824 0.390220
vn 0.946061 -0.306445 -0.105167
vn -0.267403 -0.210997 0.940200
vn -0.055823 0.912695 0.404811
vn 0.322924 -0.945962 -0.029597
vn -0.606645 -0.402369 -0.685625
vn -0.121833 0.541150 -0.832054
vn 0.192966 -0.211728 0.958089
vn 0.208697 -0.088237 0.973992
vn -0.111818 -0.971814 0.207545
vn 0.946061 -0.306445 -0.105167
vn 0.508839 0.520189 -0.685920
vn -0.674084 -0.420839 -0.607047
vn -0.907314 0.332647 -0.257151
vn 0.010570 0.064972 0.997831
vn -0.907875 0.414556 0.062502
vn -0.654314 0.068970 -0.753071
vn -0.027336 -0.906551 0.421210
vn 0.449498 -0.856559 0.253490
vn -0.000497 0.829770 -0.558105
vn 0.406628 0.755763 -0.513298
vn 0.508839 0.520189 -0.685920
vn -0.121833 0.541150 -0.832054
vn -0.000001 -0.999809 -0.019557
vn -0.925271 0.204784 -0.319275
vn -0.994956 0.092493 -0.038816
vn -0.624040 -0.684790 0.376346
vn -0.962813 0.225557 -0.148711
vn -0.956747 0.250945 -0.147179
vn -0.888179 0.103793 -0.447622
vn -0.916083 -0.068245 -0.395139
vn -0.887566 -0.312787 0.338216
vn -0.925063 0.364164 -0.107903
vn -0.938488 0.194001 -0.285663
vn -0.791275 -0.015706 0.611259
vn -0.001692 -0.582793 0.812619
vn -0.935001 -0.110690 0.336927
vn 0.004474 0.852967 0.521945
vn 0.002824 -0.523851 0.851805
vn -0.598275 -0.550845 0.581925
vn -0.000211 -0.492216 0.870473
vn -0.677245 -0.180431 0.713291
vn -0.991800 0.096075 -0.084278
vn -0.000000 -0.986680 0.162674
vn -0.835455 -0.509285 0.206504
vn -0.000000 -0.655518 -0.755180
vn 0.494547 -0.559925 -0.664761
vn -0.398279 -0.275033 -0.875061
vn -0.398279 -0.275033 -0.875061
vn 0.791921 -0.236501 0.562964
vn -0.027336 -0.906551 0.421210
vn -0.216413 0.976186 -0.015059
vn -0.240303 -0.664137 0.707938
vn -0.306298 0.946631 -0.100352
vn -0.620961 -0.760038 0.191701
vn 0.595450 -0.707298 -0.381009
vn 0.457406 0.344260 -0.819918
vn -0.049283 -0.843983 0.534102
vn 0.240547 -0.910361 0.336719
vn -0.623971 -0.467200 0.626405
vn 0.910691 -0.299820 -0.284165
vn 0.440102 -0.829388 0.344129
vn -0.373951 -0.489510 -0.787744
vn -0.398279 -0.275033 -0.875061
vn 0.167037 -0.580878 0.796668
vn 0.422188 -0.060313 -0.904499
vn -0.552652 -0.672712 -0.491970
vn 0.776583 -0.241417 -0.581925
vn -0.652240 -0.147286 0.743565
vn 0.616697 0.177150 -0.767009
vn -0.079564 -0.346790 -0.934562
vn -0.049283 -0.843983 0.534102
vn 0.218203 0.726319 -0.651803
vn -0.504735 0.212866 0.836619
vn 0.911595 0.129184 0.390265
vn 0.259518 0.597346 -0.758834
vn 0.240547 -0.910361 0.336719
vn 0.440102 -0.829388 0.344129
vn 0.365830 0.682727 -0.632497
vn -0.663389 0.747078 -0.042292
vn 0.422188 -0.060313 -0.904499
vn 0.616697 0.177150 -0.767009
vn -0.649018 -0.737986 -0.184802
vn -0.680199 0.223554 0.698107
vn -0.526292 0.850144 0.016509
vn -0.804157 0.553637 -0.216375
vn -0.999768 0.012979 -0.017216
vn -0.578756 -0.595478 -0.557177
vt 0.745659 0.598225
vt 0.767476 0.514503
vt 0.758862 0.503866
vt 0.757850 0.513492
vt 0.780460 0.522504
vt 0.781433 0.513240
vt 0.771195 0.521531
vt 0.772168 0.512267
vt 0.747225 0.523716
vt 0.768488 0.504877
vt 0.728220 0.597895
vt 0.732999 0.598223
vt 0.732249 0.523709
vt 0.727576 0.523863
vt 0.737891 0.598230
vt 0.737605 0.523722
vt 0.742961 0.523716
vt 0.742784 0.598225
vt 0.811637 0.697277
vt 0.811634 0.603368
vt 0.811644 0.770319
vt 0.811626 0.842034
vt 0.795308 0.841996
vt 0.786897 0.842015
vt 0.786849 0.770320
vt 0.795308 0.770318
vt 0.786856 0.979180
vt 0.795308 0.603368
vt 0.786897 0.697279
vt 0.786902 0.610615
vt 0.786897 0.932899
vt 0.786856 0.973877
vt 0.690892 0.612773
vt 0.688053 0.576263
vt 0.695661 0.615919
vt 0.687517 0.610290
vt 0.690627 0.594747
vt 0.680349 0.593093
vt 0.695391 0.595595
vt 0.795308 0.841996
vt 0.809104 0.955736
vt 0.816030 0.603368
vt 0.815955 0.697277
vt 0.811855 0.932907
vt 0.805715 0.953981
vt 0.811637 0.697277
vt 0.811644 0.770319
vt 0.690892 0.612773
vt 0.691153 0.581113
vt 0.695391 0.595595
vt 0.763196 0.598273
vt 0.795816 0.932902
vt 0.786856 0.973877
vt 0.811634 0.603368
vt 0.698740 0.595030
vt 0.695171 0.579979
vt 0.774551 0.557269
vt 0.795805 0.967666
vt 0.695661 0.615919
vt 0.795307 0.550684
vt 0.795308 0.579844
vt 0.811625 0.550704
vt 0.811855 0.932907
vt 0.811621 0.533278
vt 0.805572 0.524560
vt 0.811625 0.550704
vt 0.795307 0.550684
vt 0.815949 0.932886
vt 0.795308 0.770318
vt 0.687517 0.610290
vt 0.766293 0.591676
vt 0.690627 0.594747
vt 0.680349 0.593093
vt 0.798564 0.971638
vt 0.803505 0.526636
vt 0.815936 0.770319
vt 0.795308 0.603368
vt 0.811626 0.842034
vt 0.767323 0.529844
vt 0.795308 0.579844
vt 0.811621 0.533278
vt 0.815923 0.842058
vt 0.795308 0.697279
vt 0.767323 0.529844
vt 0.816012 0.532481
vt 0.795805 0.967666
vt 0.816031 0.550713
vt 0.803505 0.526636
vt 0.805715 0.953981
vt 0.756446 0.567416
vt 0.697328 0.579150
vt 0.695161 0.570189
vt 0.774551 0.557269
vt 0.783722 0.570276
vt 0.766293 0.591676
vt 0.773218 0.605617
vt 0.763196 0.598273
vt 0.769530 0.611151
vt 0.795308 0.697279
vt 0.756446 0.567416
vt 0.795816 0.932902
vt 0.695171 0.579979
vt 0.692959 0.571191
vt 0.691153 0.581113
vt 0.697328 0.579150
vt 0.677616 0.589909
vt 0.698740 0.595030
vt 0.455999 0.963891
vt 0.421797 0.997512
vt 0.431281 0.997442
vt 0.416270 0.992925
vt 0.448981 0.980630
vt 0.401253 0.929338
vt 0.431367 0.929135
vt 0.416240 0.929237
vt 0.464729 0.963859
vt 0.858665 0.574951
vt 0.878661 0.575298
vt 0.869034 0.574721
vt 0.389756 0.929250
vt 0.456121 0.942311
vt 0.471311 0.971084
vt 0.471403 0.980709
vt 0.315295 0.651368
vt 0.325651 0.625108
vt 0.337790 0.644700
vt 0.367468 0.997504
vt 0.391333 0.997527
vt 0.231593 0.724922
vt 0.390422 0.992885
vt 0.216000 0.737195
vt 0.439529 0.943407
vt 0.325416 0.761714
vt 0.246058 0.765603
vt 0.471315 0.956505
vt 0.471437 0.943357
vt 0.847429 0.575112
vt 0.266386 0.755192
vt 0.847498 0.559225
vt 0.236094 0.746617
vt 0.271902 0.756897
vt 0.367123 0.971409
vt 0.886697 0.560656
vt 0.895791 0.567238
vt 0.895150 0.560142
vt 0.427983 0.365060
vt 0.404040 0.366473
vt 0.830884 0.558527
vt 0.258612 0.766418
vt 0.236034 0.758383
vt 0.214168 0.761555
vt 0.329458 0.634689
vt 0.348713 0.648773
vt 0.258496 0.778951
vt 0.357522 0.648561
vt 0.401438 0.992809
vt 0.367919 0.647097
vt 0.327659 0.659166
vt 0.376841 0.646657
vt 0.234370 0.778951
vt 0.268482 0.735221
vt 0.251052 0.737536
vt 0.262328 0.741824
vt 0.339985 0.666371
vt 0.388158 0.645103
vt 0.241444 0.739483
vt 0.254827 0.723205
vt 0.303576 0.739835
vt 0.030191 0.011161
vt 0.030182 0.025560
vt 0.030187 0.014915
vt 0.030188 0.019707
vt 0.038442 0.055936
vt 0.037759 0.052124
vt 0.037367 0.058558
vt 0.035390 0.059352
vt 0.031213 0.053448
vt 0.035171 0.054579
vt 0.032963 0.051479
vt 0.035763 0.050974
vt 0.031428 0.057073
vt 0.033111 0.059103
vt 0.402722 0.997527
vt 0.428170 0.993381
vt 0.454035 0.980663
vt 0.440000 0.980615
vt 0.367408 0.929037
vt 0.462642 0.980627
vt 0.879909 0.560329
vt 0.449947 0.941862
vt 0.466431 0.942507
vt 0.869337 0.559754
vt 0.859690 0.559484
vt 0.416003 0.933311
vt 0.439853 0.955806
vt 0.323053 0.614322
vt 0.400509 0.946466
vt 0.371387 0.993708
vt 0.428162 0.932541
vt 0.431414 0.946316
vt 0.420679 0.390381
vt 0.885788 0.575748
vt 0.427833 0.946359
vt 0.400657 0.971221
vt 0.421489 0.353645
vt 0.831180 0.571770
vt 0.367214 0.946244
vt 0.825208 0.564025
vt 0.371610 0.971161
vt 0.410189 0.376780
vt 0.390282 0.946461
vt 0.431437 0.971214
vt 0.389765 0.933398
vt 0.415058 0.946450
vt 0.427799 0.971095
vt 0.400673 0.933597
vt 0.390532 0.971186
vt 0.415032 0.971167
vt 0.448477 0.963272
vt 0.371427 0.932191
vt 0.439907 0.970588
vt 0.371588 0.946333
vt 0.440751 0.381636
vt 0.377337 0.385294
vt 0.481346 0.344378
vt 0.379043 0.412819
vt 0.370204 0.404576
vt 0.393012 0.407892
vt 0.441742 0.338746
vt 0.436593 0.378926
vt 0.476073 0.332982
vt 0.394552 0.387370
vt 0.461958 0.368184
vt 0.366751 0.394770
vt 0.439040 0.335247
vt 0.385800 0.373975
vt 0.407893 0.404733
vt 0.465731 0.316237
vt 0.418890 0.350324
vt 0.484457 0.326180
vt 0.400700 0.362731
vt 0.395387 0.412855
vt 0.895187 0.574952
vt 0.821506 0.555648
vt 0.484153 0.309211
vt 0.361872 0.393107
vt 0.489276 0.325773
vt 0.384223 0.395181
vt 0.458484 0.364602
vt 0.404644 0.400957
vt 0.449169 0.351100
vt 0.388098 0.377552
vt 0.481159 0.314086
vt 0.365528 0.407239
vt 0.468286 0.320785
vt 0.423763 0.394174
vt 0.486047 0.347203
vt 0.374635 0.381845
vt 0.377430 0.417890
vt 0.306807 0.645661
vt 0.290071 0.726773
vt 0.381256 0.683911
vt 0.367084 0.677451
vt 0.294858 0.715904
vt 0.297587 0.635247
vt 0.317487 0.648542
vt 0.381820 0.678932
vt 0.309630 0.642249
vt 0.298328 0.631122
vt 0.309979 0.658506
vt 0.293388 0.640633
vt 0.292082 0.641976
vt 0.376692 0.692564
vt 0.303153 0.649474
vt 0.324054 0.666258
vt 0.333925 0.692888
vt 0.311257 0.656857
vt 0.335941 0.673163
vt 0.324445 0.664520
vt 0.260456 0.709242
vt 0.351462 0.663186
vt 0.326031 0.689367
vt 0.329334 0.656586
vt 0.348938 0.666784
vt 0.382407 0.675942
vt 0.368412 0.649584
vt 0.343345 0.676907
vt 0.341736 0.663750
vt 0.361534 0.668032
vt 0.377635 0.649392
vt 0.347843 0.651505
vt 0.357234 0.650986
vt 0.369222 0.671327
vt 0.331088 0.654261
vt 0.389560 0.648966
vt 0.301181 0.651290
vt 0.363694 0.686678
vt 0.326180 0.747700
vt 0.337846 0.753805
vt 0.352842 0.681405
vt 0.342813 0.697725
vt 0.344210 0.675330
vt 0.353902 0.679751
vt 0.301167 0.671989
vt 0.290459 0.664734
vt 0.354071 0.702315
vt 0.335866 0.731853
vt 0.314116 0.682216
vt 0.336137 0.736902
vt 0.300036 0.766592
vt 0.361703 0.713118
vt 0.260259 0.682865
vt 0.314638 0.769923
vt 0.288869 0.667370
vt 0.347480 0.670217
vt 0.359178 0.670425
vt 0.336996 0.671432
vt 0.271685 0.693858
vt 0.331116 0.734335
vt 0.346868 0.738710
vt 0.376737 0.690826
vt 0.368048 0.674111
vt 0.364907 0.685137
vt 0.322735 0.730314
vt 0.309957 0.737114
vt 0.340970 0.700808
vt 0.324844 0.691351
vt 0.316540 0.739508
vt 0.303520 0.734014
vt 0.316731 0.727073
vt 0.324254 0.727882
vt 0.317959 0.724460
vt 0.312857 0.684207
vt 0.296326 0.713288
vt 0.282879 0.703686
vt 0.307654 0.722363
vt 0.298991 0.674336
vt 0.343321 0.660375
vt 0.309344 0.720020
vt 0.332367 0.695772
vt 0.279080 0.660320
vt 0.281129 0.707196
vt 0.294336 0.750744
vt 0.274153 0.718077
vt 0.345570 0.741855
vt 0.352666 0.706474
vt 0.356956 0.674807
vt 0.279023 0.657562
vt 0.363596 0.709945
vt 0.268840 0.696963
vt 0.256691 0.685194
vt 0.248399 0.700050
vt 0.034853 0.047152
vt 0.039020 0.072123
vt 0.040815 0.078232
vt 0.039051 0.078757
vt 0.039000 0.075420
vt 0.034856 0.014930
vt 0.034855 0.025568
vt 0.034856 0.019686
vt 0.046369 0.058012
vt 0.034851 0.038145
vt 0.039259 0.047152
vt 0.034853 0.032517
vt 0.034852 0.042747
vt 0.043483 0.050833
vt 0.043121 0.047152
vt 0.046671 0.047152
vt 0.043018 0.011136
vt 0.043030 0.019695
vt 0.043050 0.025566
vt 0.046698 0.011163
vt 0.046672 0.042734
vt 0.043017 0.014922
vt 0.043129 0.038149
vt 0.046692 0.014909
vt 0.043111 0.032518
vt 0.046663 0.038143
vt 0.691292 0.989716
vt 0.684539 0.981228
vt 0.039429 0.011106
vt 0.034855 0.011132
vt 0.040693 0.075414
vt 0.040699 0.073153
vt 0.844116 0.353739
vt 0.678458 0.973482
vt 0.666607 0.971786
vt 0.630731 0.989000
vt 0.046672 0.032516
vt 0.043703 0.059223
vt 0.881591 0.356718
vt 0.039251 0.055458
vt 0.040219 0.058308
vt 0.043112 0.042733
vt 0.046682 0.025565
vt 0.046687 0.019697
vt 0.047108 0.054944
vt 0.045896 0.052398
vt 0.039671 0.051407
vt 0.831626 0.696330
vt 0.894136 0.770716
vt 0.843258 0.720740
vt 0.831365 0.770620
vt 0.856433 0.877649
vt 0.831708 0.645906
vt 0.843262 0.877474
vt 0.894138 0.759009
vt 0.894138 0.741993
vt 0.882181 0.741761
vt 0.856836 0.741521
vt 0.655818 0.784590
vt 0.644910 0.744383
vt 0.643892 0.784572
vt 0.643663 0.837947
vt 0.691220 0.784470
vt 0.679484 0.808346
vt 0.655355 0.938542
vt 0.643757 0.808353
vt 0.644277 0.762527
vt 0.679892 0.837948
vt 0.691276 0.808271
vt 0.655401 0.962380
vt 0.668348 0.837968
vt 0.894126 0.902492
vt 0.856431 0.901852
vt 0.856739 0.759059
vt 0.843260 0.770627
vt 0.856901 0.720736
vt 0.894140 0.697696
vt 0.831577 0.721421
vt 0.894125 0.925669
vt 0.831295 0.902585
vt 0.843262 0.902119
vt 0.831338 0.925963
vt 0.506618 0.771883
vt 0.856976 0.696494
vt 0.870067 0.721155
vt 0.870143 0.696751
vt 0.894129 0.988908
vt 0.882161 0.988798
vt 0.843257 0.696259
vt 0.882268 0.697201
vt 0.843266 0.588002
vt 0.831794 0.588000
vt 0.856407 0.988800
vt 0.656020 0.808382
vt 0.656307 0.744403
vt 0.847838 0.335947
vt 0.857499 0.348793
vt 0.691178 0.744652
vt 0.869981 0.741609
vt 0.631089 0.837888
vt 0.678772 0.784561
vt 0.867620 0.343800
vt 0.679477 0.905657
vt 0.869928 0.759053
vt 0.882073 0.776558
vt 0.894136 0.782439
vt 0.856660 0.776545
vt 0.831303 0.782482
vt 0.831437 0.759044
vt 0.843259 0.759059
vt 0.881927 0.877614
vt 0.869600 0.877671
vt 0.856854 0.624390
vt 0.831711 0.622235
vt 0.843261 0.603049
vt 0.843261 0.965410
vt 0.870182 0.671926
vt 0.831259 0.795877
vt 0.870177 0.647726
vt 0.894134 0.795993
vt 0.505278 0.753138
vt 0.882295 0.671947
vt 0.894145 0.647401
vt 0.894143 0.671506
vt 0.857020 0.671622
vt 0.831363 0.948356
vt 0.856561 0.802347
vt 0.831706 0.602990
vt 0.856495 0.827145
vt 0.869649 0.827303
vt 0.831254 0.853422
vt 0.894132 0.820671
vt 0.894129 0.833864
vt 0.869608 0.853792
vt 0.856458 0.853759
vt 0.832028 0.351305
vt 0.815106 0.389309
vt 0.885064 0.305622
vt 0.843261 0.833936
vt 0.876291 0.271488
vt 0.831245 0.819601
vt 0.869825 0.776551
vt 0.881968 0.827338
vt 0.869722 0.802386
vt 0.882012 0.802440
vt 0.831692 0.670040
vt 0.500980 0.775036
vt 0.654230 0.986079
vt 0.523872 0.746513
vt 0.882281 0.647669
vt 0.843261 0.946306
vt 0.856443 0.945397
vt 0.856546 0.603049
vt 0.894152 0.603052
vt 0.894149 0.624136
vt 0.870034 0.624723
vt 0.882210 0.624745
vt 0.845246 0.361889
vt 0.839000 0.369947
vt 0.876881 0.317936
vt 0.819589 0.376815
vt 0.816965 0.367709
vt 0.861778 0.291893
vt 0.831259 0.833572
vt 0.854379 0.316193
vt 0.848750 0.386654
vt 0.861689 0.350343
vt 0.843259 0.623674
vt 0.894126 0.877078
vt 0.831533 0.741627
vt 0.881944 0.853730
vt 0.894127 0.853529
vt 0.510887 0.771856
vt 0.831245 0.808648
vt 0.856463 0.977016
vt 0.894123 0.947774
vt 0.843262 0.924859
vt 0.856444 0.924181
vt 0.894125 0.978449
vt 0.656243 0.762513
vt 0.667031 0.784586
vt 0.691300 0.837915
vt 0.691342 0.905651
vt 0.894134 0.809028
vt 0.831267 0.876941
vt 0.843262 0.853649
vt 0.843261 0.819938
vt 0.843260 0.782466
vt 0.691301 0.871867
vt 0.666761 0.962752
vt 0.667817 0.808375
vt 0.843259 0.741521
vt 0.691173 0.761730
vt 0.630810 0.962668
vt 0.678759 0.762260
vt 0.814884 0.396134
vt 0.805491 0.355090
vt 0.869435 0.317698
vt 0.860964 0.361341
vt 0.891327 0.293918
vt 0.889428 0.304456
vt 0.887403 0.318547
vt 0.825455 0.341200
vt 0.656105 0.837967
vt 0.631468 0.784491
vt 0.656009 0.871944
vt 0.884238 0.334178
vt 0.853097 0.358163
vt 0.877433 0.303486
vt 0.870070 0.350573
vt 0.867434 0.273019
vt 0.887609 0.294036
vt 0.870423 0.302894
vt 0.889412 0.274035
vt 0.857509 0.277311
vt 0.870023 0.290505
vt 0.855291 0.327645
vt 0.882121 0.759039
vt 0.869641 0.964763
vt 0.858456 0.341373
vt 0.630991 0.871446
vt 0.630947 0.905538
vt 0.865130 0.313021
vt 0.865981 0.320508
vt 0.873368 0.362765
vt 0.879015 0.349962
vt 0.667910 0.905772
vt 0.655511 0.905746
vt 0.668148 0.871927
vt 0.643469 0.871747
vt 0.643275 0.905642
vt 0.679250 0.938582
vt 0.642863 0.961425
vt 0.678780 0.744501
vt 0.631203 0.762649
vt 0.849991 0.324926
vt 0.831342 0.978354
vt 0.863444 0.307402
vt 0.875513 0.332807
vt 0.869587 0.901826
vt 0.530134 0.744184
vt 0.843263 0.988853
vt 0.894138 0.723290
vt 0.495925 0.770266
vt 0.856994 0.647356
vt 0.882024 0.977346
vt 0.882221 0.721961
vt 0.869668 0.976977
vt 0.869613 0.588010
vt 0.894150 0.588005
vt 0.856174 0.588007
vt 0.641621 0.987350
vt 0.496271 0.778782
vt 0.882074 0.603050
vt 0.869787 0.603050
vt 0.869603 0.945302
vt 0.839924 0.380211
vt 0.836493 0.360065
vt 0.854663 0.363317
vt 0.862141 0.371388
vt 0.859986 0.381433
vt 0.515014 0.746870
vt 0.843261 0.795904
vt 0.843261 0.808689
vt 0.843262 0.977413
vt 0.881933 0.924673
vt 0.869573 0.924137
vt 0.881925 0.902071
vt 0.869717 0.988770
vt 0.667404 0.762500
vt 0.631261 0.808279
vt 0.667173 0.938521
vt 0.838626 0.395421
vt 0.836374 0.406867
vt 0.817376 0.334998
vt 0.809488 0.358376
vt 0.813459 0.363213
vt 0.679919 0.871836
vt 0.878025 0.291157
vt 0.882222 0.333243
vt 0.885118 0.318721
vt 0.896833 0.279503
vt 0.678673 0.964004
vt 0.642941 0.938536
vt 0.630960 0.938533
vt 0.691322 0.938616
vt 0.691290 0.963210
vt 0.667411 0.744400
vt 0.631091 0.744766
vt 0.867425 0.330329
vt 0.881937 0.946007
vt 0.862467 0.342070
vt 0.858644 0.317121
vt 0.831410 0.966393
vt 0.843257 0.646756
vt 0.547626 0.729381
vt 0.894123 0.965779
vt 0.831260 0.988947
vt 0.881962 0.588008
vt 0.505340 0.766382
vt 0.843257 0.671051
vt 0.856456 0.964845
vt 0.881966 0.965132
vt 0.534552 0.741614
vt 0.536350 0.780326
vt 0.488381 0.773137
vt 0.977823 0.385278
vt 0.991747 0.385256
vt 0.991745 0.308784
vt 0.991747 0.407598
vt 0.977689 0.329523
vt 0.977937 0.266825
vt 0.991779 0.246963
vt 0.903741 0.968721
vt 0.977644 0.308797
vt 0.991745 0.329550
vt 0.977672 0.286665
vt 0.977784 0.367337
vt 0.991748 0.449122
vt 0.991747 0.367306
vt 0.977911 0.449190
vt 0.977891 0.431185
vt 0.977953 0.502992
vt 0.991748 0.431211
vt 0.991749 0.502981
vt 0.977956 0.517014
vt 0.991748 0.484989
vt 0.977957 0.568659
vt 0.991748 0.678898
vt 0.991749 0.634161
vt 0.933230 0.246765
vt 0.977643 0.869317
vt 0.977683 0.843481
vt 0.977790 0.762884
vt 0.977960 0.546339
vt 0.977940 0.612305
vt 0.977927 0.468159
vt 0.991745 0.925800
vt 0.527904 0.751406
vt 0.991745 0.869269
vt 0.991745 0.893908
vt 0.977707 0.989657
vt 0.977721 0.816810
vt 0.977605 0.893837
vt 0.977756 0.789549
vt 0.991747 0.789546
vt 0.991747 0.737022
vt 0.991747 0.762910
vt 0.991748 0.612318
vt 0.991749 0.546337
vt 0.991749 0.590721
vt 0.977823 0.737015
vt 0.991749 0.516992
vt 0.991749 0.568650
vt 0.991745 0.286703
vt 0.511868 0.752687
vt 0.977738 0.348076
vt 0.977861 0.407615
vt 0.991748 0.468126
vt 0.991744 0.266896
vt 0.529135 0.763175
vt 0.903722 0.308829
vt 0.918312 0.246796
vt 0.918829 0.308826
vt 0.903733 0.925571
vt 0.903727 0.893622
vt 0.903710 0.762585
vt 0.903738 0.948605
vt 0.547911 0.764137
vt 0.991744 0.968862
vt 0.536747 0.749350
vt 0.991744 0.948911
vt 0.521617 0.764128
vt 0.918672 0.948599
vt 0.933631 0.948613
vt 0.918806 0.893645
vt 0.933962 0.843361
vt 0.933281 0.989526
vt 0.933473 0.968742
vt 0.933720 0.925616
vt 0.918887 0.843336
vt 0.918366 0.968727
vt 0.917966 0.989477
vt 0.918743 0.925589
vt 0.919070 0.703510
vt 0.903699 0.656270
vt 0.903703 0.703469
vt 0.919119 0.656301
vt 0.903744 0.989454
vt 0.903713 0.789567
vt 0.918997 0.762674
vt 0.903711 0.348413
vt 0.918996 0.367695
vt 0.919076 0.407734
vt 0.903698 0.431097
vt 0.919036 0.385623
vt 0.903707 0.367837
vt 0.903729 0.286593
vt 0.903717 0.816604
vt 0.919030 0.736919
vt 0.903707 0.736882
vt 0.519287 0.752030
vt 0.903745 0.246758
vt 0.918340 0.266681
vt 0.933895 0.869397
vt 0.918925 0.816630
vt 0.903723 0.869420
vt 0.903720 0.843324
vt 0.991746 0.816865
vt 0.546600 0.741412
vt 0.495475 0.751967
vt 0.485535 0.751430
vt 0.537018 0.769124
vt 0.918710 0.286597
vt 0.918949 0.348332
vt 0.903701 0.407771
vt 0.529624 0.768088
vt 0.522473 0.768692
vt 0.903694 0.485006
vt 0.903694 0.590708
vt 0.919169 0.503000
vt 0.903734 0.266568
vt 0.919107 0.431108
vt 0.991743 0.989685
vt 0.903701 0.678517
vt 0.515810 0.765462
vt 0.978577 0.246892
vt 0.919098 0.678617
vt 0.919138 0.634111
vt 0.933821 0.893681
vt 0.918847 0.869416
vt 0.485519 0.766947
vt 0.494054 0.765843
vt 0.538370 0.762679
vt 0.527166 0.777619
vt 0.977559 0.925740
vt 0.977952 0.590717
vt 0.991748 0.656470
vt 0.977909 0.656435
vt 0.903717 0.329431
vt 0.903697 0.634097
vt 0.903695 0.612247
vt 0.919127 0.449309
vt 0.918895 0.329441
vt 0.977942 0.484996
vt 0.977926 0.634153
vt 0.903704 0.385763
vt 0.903697 0.449300
vt 0.919143 0.468201
vt 0.919175 0.546339
vt 0.919172 0.517030
vt 0.903693 0.502994
vt 0.919166 0.590708
vt 0.903693 0.546338
vt 0.991748 0.703681
vt 0.977889 0.678876
vt 0.977862 0.703651
vt 0.919173 0.568672
vt 0.903693 0.568670
vt 0.903693 0.517017
vt 0.903695 0.468187
vt 0.919157 0.485005
vt 0.991746 0.843540
vt 0.521230 0.775055
vt 0.977563 0.948801
vt 0.977757 0.968806
vt 0.991746 0.348037
vt 0.918962 0.789563
vt 0.934029 0.816667
vt 0.543740 0.770581
vt 0.919154 0.612258
vt 0.934349 0.431125
vt 0.934075 0.348257
vt 0.934294 0.407698
vt 0.934223 0.385509
vt 0.934384 0.449298
vt 0.934415 0.468203
vt 0.336260 0.526076
vt 0.333156 0.466236
vt 0.315778 0.580403
vt 0.285603 0.461623
vt 0.934373 0.656352
vt 0.934333 0.678671
vt 0.934288 0.703554
vt 0.934217 0.736949
vt 0.300667 0.629035
vt 0.328972 0.575231
vt 0.318215 0.586103
vt 0.261944 0.461155
vt 0.256213 0.480700
vt 0.299904 0.588392
vt 0.302612 0.462763
vt 0.325022 0.570732
vt 0.328813 0.545769
vt 0.282361 0.580849
vt 0.316381 0.467441
vt 0.345053 0.502386
vt 0.317690 0.461390
vt 0.312332 0.638274
vt 0.335553 0.647115
vt 0.323295 0.625153
vt 0.934408 0.634126
vt 0.934453 0.590710
vt 0.934433 0.612270
vt 0.934466 0.568670
vt 0.934159 0.762740
vt 0.934096 0.789559
vt 0.934473 0.546340
vt 0.934468 0.517034
vt 0.934457 0.503002
vt 0.934440 0.485000
vt 0.337198 0.501380
vt 0.338251 0.480416
vt 0.934155 0.367580
vt 0.267464 0.548677
vt 0.263102 0.523191
vt 0.258612 0.499729
vt 0.337755 0.460424
vt 0.341894 0.527322
vt 0.345908 0.479354
vt 0.334669 0.548744
vt 0.320115 0.613048
vt 0.326829 0.636262
vt 0.319389 0.645630
vt 0.275190 0.572482
vt 0.285696 0.492413
vt 0.287363 0.467208
vt 0.489613 0.960204
vt 0.601689 0.783172
vt 0.478492 0.943884
vt 0.474477 0.920288
vt 0.948676 0.893725
vt 0.948759 0.968755
vt 0.963369 0.989634
vt 0.949096 0.989567
vt 0.289202 0.532121
vt 0.302518 0.532817
vt 0.299995 0.585006
vt 0.505589 0.920428
vt 0.475530 0.928003
vt 0.302625 0.468624
vt 0.287258 0.574548
vt 0.280378 0.564413
vt 0.601756 0.788964
vt 0.266228 0.499816
vt 0.319492 0.492255
vt 0.317589 0.533396
vt 0.271842 0.521894
vt 0.267164 0.465812
vt 0.276763 0.545555
vt 0.262961 0.482296
vt 0.303819 0.492307
vt 0.482643 0.919728
vt 0.480334 0.957519
vt 0.612180 0.823066
vt 0.609930 0.823068
vt 0.963197 0.925691
vt 0.948573 0.925649
vt 0.933230 0.246765
vt 0.933874 0.308821
vt 0.933977 0.329458
vt 0.933765 0.286608
vt 0.933596 0.266725
vt 0.620774 0.823066
vt 0.493395 0.959477
vt 0.500449 0.943847
vt 0.963378 0.968778
vt 0.963175 0.948711
vt 0.487712 0.943053
vt 0.497003 0.919556
vt 0.487816 0.953074
vt 0.504000 0.928938
vt 0.502413 0.935348
vt 0.618236 0.823066
vt 0.612180 0.823066
vt 0.618279 0.788860
vt 0.488164 0.927121
vt 0.490064 0.919233
vt 0.498315 0.957604
vt 0.498702 0.952928
vt 0.488072 0.935135
vt 0.476859 0.935852
vt 0.479766 0.952691
vt 0.485015 0.959330
vt 0.618236 0.823066
vt 0.963280 0.893778
vt 0.948757 0.869379
vt 0.963416 0.843434
vt 0.963351 0.869347
vt 0.948539 0.948669
vt 0.033198 0.069227
vt 0.030189 0.004640
vt 0.459100 0.378193
vt 0.335949 0.889586
vt 0.223628 0.880236
vt 0.401296 0.769940
vt 0.393172 0.769170
vt 0.309291 0.890883
vt 0.429295 0.763258
vt 0.445983 0.748044
vt 0.039073 0.081349
vt 0.011863 0.023658
vt 0.041587 0.081286
vt 0.016076 0.023660
vt 0.090729 0.266941
vt 0.238716 0.884283
vt 0.234702 0.900776
vt 0.104472 0.265433
vt 0.247939 0.562357
vt 0.475954 0.485250
vt 0.462030 0.467160
vt 0.458098 0.465175
vt 0.466639 0.391616
vt 0.460568 0.476262
vt 0.472306 0.368573
vt 0.467988 0.456708
vt 0.483352 0.479688
vt 0.414168 0.747741
vt 0.404779 0.745416
vt 0.448207 0.762509
vt 0.457168 0.746441
vt 0.455724 0.737642
vt 0.461171 0.760588
vt 0.407473 0.737555
vt 0.429452 0.740086
vt 0.445178 0.738848
vt 0.476834 0.489399
vt 0.278117 0.884031
vt 0.487688 0.482369
vt 0.277906 0.872203
vt 0.258504 0.873526
vt 0.493918 0.468248
vt 0.304635 0.851194
vt 0.299493 0.839360
vt 0.466495 0.741157
vt 0.472258 0.756497
vt 0.331650 0.839824
vt 0.416400 0.739472
vt 0.251779 0.889633
vt 0.279768 0.889252
vt 0.258511 0.880969
vt 0.253580 0.884132
vt 0.252463 0.864800
vt 0.253208 0.870268
vt 0.234669 0.868439
vt 0.219519 0.898460
vt 0.403236 0.759162
vt 0.308390 0.870170
vt 0.491979 0.485046
vt 0.273344 0.882569
vt 0.490042 0.469168
vt 0.478097 0.494184
vt 0.293067 0.872833
vt 0.400480 0.735128
vt 0.289009 0.857691
vt 0.397643 0.742352
vt 0.413536 0.760211
vt 0.428849 0.749198
vt 0.333768 0.864294
vt 0.411358 0.773635
vt 0.393410 0.785041
vt 0.410417 0.786642
vt 0.429029 0.775836
vt 0.244615 0.891956
vt 0.002355 0.058969
vt 0.011863 0.036014
vt 0.006919 0.058969
vt 0.016076 0.036013
vt 0.281828 0.847983
vt 0.225243 0.853498
vt 0.294625 0.887475
vt 0.234162 0.855892
vt 0.011863 0.058980
vt 0.021108 0.058983
vt 0.026296 0.058969
vt 0.006919 0.079918
vt 0.260236 0.871919
vt 0.016076 0.058969
vt 0.451679 0.478467
vt 0.002355 0.005205
vt 0.039073 0.081349
vt 0.016076 0.005239
vt 0.037229 0.084429
vt 0.040404 0.084306
vt 0.037229 0.084429
vt 0.039097 0.084398
vt 0.033168 0.063408
vt 0.033233 0.078776
vt 0.037233 0.075371
vt 0.030169 0.042765
vt 0.021110 0.023658
vt 0.033193 0.084419
vt 0.037232 0.081250
vt 0.011864 0.005299
vt 0.026283 0.036016
vt 0.031159 0.075388
vt 0.002355 0.036016
vt 0.006919 0.023655
vt 0.026231 0.005205
vt 0.006920 0.005266
vt 0.456657 0.477149
vt 0.026277 0.023656
vt 0.006919 0.036015
vt 0.031167 0.069226
vt 0.224716 0.867350
vt 0.394874 0.758732
vt 0.037234 0.069228
vt 0.037236 0.063364
vt 0.033218 0.075372
vt 0.030174 0.047152
vt 0.034848 0.004562
vt 0.039073 0.081349
vt 0.031139 0.078763
vt 0.031157 0.084427
vt 0.021107 0.036016
vt 0.031147 0.081403
vt 0.021117 0.005207
vt 0.002355 0.023656
vt 0.039015 0.069257
vt 0.031157 0.063483
vt 0.033223 0.081259
vt 0.030177 0.032516
vt 0.037234 0.078766
vt 0.272899 0.873808
vt 0.467621 0.452246
vt 0.034844 0.007873
vt 0.030215 0.008132
vt 0.453861 0.462942
vt 0.484482 0.470953
vt 0.469866 0.461694
vt 0.030173 0.038134
vt 0.258981 0.866985
vt 0.279919 0.865226
vt 0.271002 0.871932
vt 0.272974 0.866910
vt 0.329966 0.826170
vt 0.337198 0.501380
vt 0.302612 0.462763
vt 0.328813 0.545769
vt 0.285603 0.461623
vt 0.341894 0.527322
vt 0.258612 0.499729
vt 0.256213 0.480700
vt 0.261944 0.461155
vt 0.328972 0.575231
vt 0.317690 0.461390
vt 0.282361 0.580849
vt 0.345053 0.502386
vt 0.345908 0.479354
vt 0.337755 0.460424
vt 0.421325 0.538550
vt 0.381886 0.528590
vt 0.334669 0.548744
vt 0.318215 0.586103
vt 0.421639 0.532890
vt 0.427799 0.607605
vt 0.266228 0.499816
vt 0.287258 0.574548
vt 0.315778 0.580403
vt 0.299904 0.588392
vt 0.432054 0.621193
vt 0.042355 0.061734
vt 0.048482 0.067046
vt 0.041948 0.068023
vt 0.040912 0.064560
vt 0.046387 0.060802
vt 0.044338 0.060625
vt 0.011863 0.079919
vt 0.002355 0.092621
vt 0.044938 0.069347
vt 0.002355 0.079924
vt 0.026299 0.079924
vt 0.021108 0.079929
vt 0.026250 0.092621
vt 0.021114 0.092689
vt 0.011863 0.092679
vt 0.016076 0.092712
vt 0.016076 0.079926
vt 0.006919 0.092596
vt 0.389421 0.781370
vt 0.478584 0.774340
vt 0.467848 0.786423
vt 0.475932 0.786848
vt 0.099280 0.873185
vt 0.089307 0.871854
vt 0.439907 0.970588
vt 0.078568 0.890914
vt 0.448593 0.774706
vt 0.462518 0.773709
vt 0.078017 0.868999
vt 0.087347 0.862354
vt 0.371588 0.946333
vt 0.390282 0.946461
vt 0.367214 0.946244
vt 0.371610 0.971161
vt 0.367123 0.971409
vt 0.260162 0.883647
vt 0.257621 0.888134
vt 0.271848 0.884109
vt 0.104503 0.864234
vt 0.273403 0.888279
vt 0.431437 0.971214
vt 0.431414 0.946316
vt 0.048523 0.063926
vt 0.049850 0.057854
vt 0.048967 0.054622
vt 0.466431 0.942507
vt 0.471437 0.943357
vt 0.449947 0.941862
vt 0.488164 0.927121
vt 0.497003 0.919556
vt 0.439529 0.943407
vt 0.490064 0.919233
vt 0.487816 0.953074
vt 0.372523 0.544906
vt 0.404550 0.597671
vt 0.404815 0.591596
vt 0.427189 0.591417
vt 0.376099 0.541938
vt 0.427760 0.621630
vt 0.440000 0.980615
vt 0.367408 0.929037
vt 0.471311 0.971084
vt 0.489613 0.960204
vt 0.420231 0.551142
vt 0.374134 0.536911
vt 0.402977 0.544436
vt 0.498702 0.952928
vt 0.498315 0.957604
vt 0.583987 0.262477
vt 0.581960 0.250967
vt 0.588074 0.250058
vt 0.493395 0.959477
vt 0.487712 0.943053
vt 0.588849 0.254340
vt 0.582398 0.255330
vt 0.427709 0.598446
vt 0.420577 0.544591
vt 0.433230 0.543984
vt 0.374997 0.531154
vt 0.382361 0.536133
vt 0.403783 0.531382
vt 0.381486 0.543041
vt 0.403696 0.537372
vt 0.402310 0.551751
vt 0.379588 0.550474
vt 0.405994 0.587479
vt 0.404004 0.583163
vt 0.430861 0.588915
vt 0.587011 0.247005
vt 0.431878 0.606803
vt 0.426642 0.582422
vt 0.431356 0.593003
vt 0.424983 0.587033
vt 0.404759 0.644428
vt 0.427872 0.644515
vt 0.582153 0.247821
vt 0.400918 0.595068
vt 0.400186 0.607406
vt 0.587697 0.273947
vt 0.399888 0.622409
vt 0.594742 0.272000
vt 0.404581 0.622599
vt 0.404631 0.607481
vt 0.401241 0.590375
vt 0.448477 0.963272
vt 0.415058 0.946450
vt 0.400509 0.946466
vt 0.390422 0.992885
vt 0.390532 0.971186
vt 0.421797 0.997512
vt 0.448981 0.980630
vt 0.431281 0.997442
vt 0.455999 0.963891
vt 0.454035 0.980663
vt 0.415032 0.971167
vt 0.400673 0.933597
vt 0.416003 0.933311
vt 0.428162 0.932541
vt 0.402722 0.997527
vt 0.464729 0.963859
vt 0.462642 0.980627
vt 0.367468 0.997504
vt 0.416270 0.992925
vt 0.401438 0.992809
vt 0.082521 0.887027
vt 0.087144 0.886432
vt 0.086311 0.885809
vt 0.083608 0.895908
vt 0.086651 0.890615
vt 0.086553 0.873345
vt 0.103261 0.896060
vt 0.083182 0.871172
vt 0.474477 0.920288
vt 0.475530 0.928003
vt 0.276763 0.545555
vt 0.287363 0.467208
vt 0.299995 0.585006
vt 0.303819 0.492307
vt 0.325022 0.570732
vt 0.262961 0.482296
vt 0.316381 0.467441
vt 0.275190 0.572482
vt 0.431943 0.669609
vt 0.267464 0.548677
vt 0.427660 0.669490
vt 0.432247 0.644656
vt 0.598839 0.280788
vt 0.400381 0.644677
vt 0.602765 0.291651
vt 0.338251 0.480416
vt 0.333156 0.466236
vt 0.319492 0.492255
vt 0.317589 0.533396
vt 0.263102 0.523191
vt 0.431728 0.679108
vt 0.431881 0.686135
vt 0.427110 0.676954
vt 0.404755 0.668891
vt 0.280378 0.564413
vt 0.267164 0.465812
vt 0.427799 0.971095
vt 0.401253 0.929338
vt 0.371427 0.932191
vt 0.389765 0.933398
vt 0.427833 0.946359
vt 0.455427 0.785770
vt 0.285696 0.492413
vt 0.603091 0.311291
vt 0.600058 0.303526
vt 0.407504 0.724487
vt 0.607887 0.320842
vt 0.430832 0.708847
vt 0.400066 0.707737
vt 0.613676 0.317642
vt 0.400537 0.668557
vt 0.591670 0.283406
vt 0.400193 0.678675
vt 0.427661 0.686002
vt 0.595699 0.294912
vt 0.404549 0.676915
vt 0.289202 0.532121
vt 0.100835 0.890805
vt 0.087930 0.872600
vt 0.109523 0.889848
vt 0.087977 0.887054
vt 0.100831 0.874526
vt 0.099641 0.886095
vt 0.399706 0.685518
vt 0.607369 0.300442
vt 0.426974 0.707944
vt 0.403788 0.707875
vt 0.087720 0.867669
vt 0.104869 0.887388
vt 0.302518 0.532817
vt 0.336260 0.526076
vt 0.610185 0.308394
vt 0.098891 0.886728
vt 0.109758 0.870012
vt 0.423825 0.724661
vt 0.403362 0.685497
vt 0.427508 0.681755
vt 0.271842 0.521894
vt 0.615904 0.331138
vt 0.404309 0.728286
vt 0.104970 0.872023
vt 0.619821 0.328306
vt 0.100390 0.885461
vt 0.427146 0.728758
vt 0.101465 0.868680
vt 0.302625 0.468624
vt 0.482643 0.919728
vt 0.480334 0.957519
vt 0.505589 0.920428
vt 0.485015 0.959330
vt 0.479766 0.952691
vt 0.456121 0.942311
vt 0.431367 0.929135
vt 0.471315 0.956505
vt 0.488072 0.935135
vt 0.502413 0.935348
vt 0.504000 0.928938
vt 0.478492 0.943884
vt 0.416240 0.929237
vt 0.371387 0.993708
vt 0.471403 0.980709
vt 0.500449 0.943847
vt 0.439853 0.955806
vt 0.400657 0.971221
vt 0.428170 0.993381
vt 0.389756 0.929250
vt 0.391333 0.997527
vt 0.476859 0.935852
vt 0.591089 0.260768
vt 0.404602 0.682158
vt 0.100056 0.873856
vt 0.429020 0.787252
vt 0.487799 0.386400
vt 0.949396 0.590712
vt 0.491686 0.385637
vt 0.948916 0.816711
vt 0.949214 0.407668
vt 0.963848 0.468182
vt 0.949377 0.485002
vt 0.949407 0.517032
vt 0.963428 0.329499
vt 0.949134 0.385414
vt 0.963662 0.385334
vt 0.948960 0.348191
vt 0.963693 0.246767
vt 0.963906 0.546339
vt 0.949341 0.634133
vt 0.949409 0.568668
vt 0.963846 0.634148
vt 0.963868 0.612293
vt 0.949373 0.612280
vt 0.949414 0.546340
vt 0.949401 0.503001
vt 0.963871 0.484996
vt 0.963615 0.266783
vt 0.963818 0.449237
vt 0.949348 0.468194
vt 0.963887 0.590714
vt 0.963813 0.656419
vt 0.949208 0.703585
vt 0.963730 0.407637
vt 0.949276 0.431142
vt 0.949054 0.367482
vt 0.963784 0.431165
vt 0.486742 0.394674
vt 0.469861 0.401636
vt 0.495104 0.399557
vt 0.490158 0.396541
vt 0.481266 0.403237
vt 0.482778 0.409444
vt 0.456966 0.393620
vt 0.948733 0.286623
vt 0.963889 0.502998
vt 0.963899 0.568663
vt 0.949305 0.656369
vt 0.963900 0.517026
vt 0.466374 0.406752
vt 0.488550 0.371179
vt 0.485061 0.376502
vt 0.235940 0.285293
vt 0.206797 0.243857
vt 0.268841 0.438328
vt 0.190583 0.242542
vt 0.963597 0.367399
vt 0.949314 0.449273
vt 0.963731 0.703626
vt 0.949262 0.678768
vt 0.963519 0.348128
vt 0.963346 0.308806
vt 0.963663 0.736997
vt 0.948989 0.789556
vt 0.949059 0.762796
vt 0.963544 0.789553
vt 0.948855 0.329476
vt 0.963774 0.678800
vt 0.126233 0.589021
vt 0.122337 0.604812
vt 0.948750 0.308814
vt 0.949027 0.246770
vt 0.120602 0.629494
vt 0.949051 0.266754
vt 0.178669 0.259842
vt 0.225287 0.306231
vt 0.963359 0.286641
vt 0.482934 0.379704
vt 0.142616 0.593485
vt 0.949127 0.736975
vt 0.260642 0.248595
vt 0.255083 0.447363
vt 0.136063 0.578634
vt 0.948838 0.843395
vt 0.225427 0.243612
vt 0.208267 0.256794
vt 0.242760 0.242816
vt 0.963480 0.816758
vt 0.484517 0.454868
vt 0.479016 0.463095
vt 0.464211 0.487638
vt 0.461477 0.491955
vt 0.464735 0.381628
vt 0.482027 0.458821
vt 0.497382 0.384569
vt 0.480123 0.399638
vt 0.271614 0.233319
vt 0.186623 0.256252
vt 0.256823 0.240113
vt 0.225509 0.256294
vt 0.471640 0.398501
vt 0.463128 0.392454
vt 0.467753 0.383692
vt 0.473738 0.374545
vt 0.474542 0.378600
vt 0.466237 0.483993
vt 0.246406 0.254487
vt 0.963607 0.762847
vt 0.839000 0.369947
vt 0.809488 0.358376
vt 0.815106 0.389309
vt 0.814884 0.396134
vt 0.817376 0.334998
vt 0.885679 0.328918
vt 0.819589 0.376815
vt 0.816965 0.367709
vt 0.836493 0.360065
vt 0.854663 0.363317
vt 0.862141 0.371388
vt 0.805491 0.355090
vt 0.832028 0.351305
vt 0.887686 0.313437
vt 0.889428 0.304456
vt 0.839924 0.380211
vt 0.845246 0.361889
vt 0.873368 0.362765
vt 0.860964 0.361341
vt 0.891327 0.293918
vt 0.896833 0.279503
vt 0.825455 0.341200
vt 0.813459 0.363213
vt 0.836374 0.406867
vt 0.838626 0.395421
vt 0.879015 0.349962
vt 0.552133 0.724834
vt 0.548006 0.262944
vt 0.527919 0.248765
vt 0.547942 0.303606
vt 0.615193 0.725611
vt 0.527852 0.293065
vt 0.547963 0.293024
vt 0.565871 0.711151
vt 0.551937 0.711669
vt 0.527880 0.279864
vt 0.573536 0.236558
vt 0.604847 0.710903
vt 0.551937 0.711669
vt 0.605378 0.702748
vt 0.149881 0.618367
vt 0.147750 0.615504
vt 0.148100 0.616622
vt 0.146841 0.614664
vt 0.147265 0.617366
vt 0.144584 0.626114
vt 0.060136 0.506239
vt 0.059443 0.493294
vt 0.116464 0.502512
vt 0.145571 0.618537
vt 0.139054 0.603645
vt 0.103784 0.489807
vt 0.119222 0.494111
vt 0.148732 0.623042
vt 0.142063 0.620409
vt 0.116428 0.512099
vt 0.129413 0.503306
vt 0.149379 0.614311
vt 0.148243 0.613205
vt 0.081746 0.498086
vt 0.134050 0.510069
vt 0.139297 0.606179
vt 0.149789 0.616336
vt 0.150766 0.610147
vt 0.140753 0.614838
vt 0.626709 0.715382
vt 0.565866 0.723377
vt 0.547992 0.279804
vt 0.527948 0.236059
vt 0.548059 0.236018
vt 0.576940 0.710589
vt 0.589102 0.703006
vt 0.626709 0.715382
vt 0.551044 0.703602
vt 0.589532 0.710052
vt 0.527829 0.303647
vt 0.527893 0.262996
vt 0.548034 0.248720
vt 0.576575 0.703674
vt 0.627405 0.704998
vt 0.552977 0.271103
vt 0.616474 0.712790
vt 0.132127 0.499146
vt 0.144362 0.527265
vt 0.146467 0.535819
vt 0.165807 0.622215
vt 0.148091 0.521767
vt 0.154106 0.631195
vt 0.202470 0.746418
vt 0.155966 0.624466
vt 0.101297 0.698784
vt 0.152415 0.634986
vt 0.573524 0.308323
vt 0.153497 0.614748
vt 0.552977 0.296250
vt 0.335755 0.932663
vt 0.573527 0.296253
vt 0.573510 0.271108
vt 0.552976 0.258469
vt 0.100546 0.539566
vt 0.565540 0.703919
vt 0.573504 0.258469
vt 0.008266 0.931647
vt 0.026130 0.928921
vt 0.359097 0.936109
vt 0.552976 0.246967
vt 0.140828 0.780601
vt 0.677995 0.402940
vt 0.547901 0.313828
vt 0.617870 0.703829
vt 0.527788 0.313871
vt 0.552977 0.283592
vt 0.573522 0.283591
vt 0.573519 0.246971
vt 0.552976 0.236544
vt 0.087750 0.554321
vt 0.565871 0.711151
vt 0.113171 0.712734
vt 0.079258 0.526062
vt 0.082389 0.540102
vt 0.552977 0.308323
vt 0.146176 0.605795
vt 0.576940 0.710589
vt 0.616474 0.712790
vt 0.626274 0.726942
vt 0.589818 0.721555
vt 0.604847 0.710903
vt 0.071960 0.570942
vt 0.195470 0.480032
vt 0.176506 0.497542
vt 0.155905 0.488138
vt 0.033703 0.505072
vt 0.010738 0.504220
vt 0.142016 0.467533
vt 0.150816 0.464111
vt 0.158953 0.466797
vt 0.130605 0.471687
vt 0.124674 0.485659
vt 0.116189 0.447093
vt 0.148501 0.476256
vt 0.100975 0.501196
vt 0.102104 0.514968
vt 0.115787 0.474301
vt 0.096497 0.460852
vt 0.137147 0.482698
vt 0.078159 0.513894
vt 0.105048 0.457556
vt 0.148109 0.459965
vt 0.144868 0.497360
vt 0.135100 0.502316
vt 0.113178 0.521619
vt 0.047071 0.267082
vt 0.604499 0.723152
vt 0.503621 0.243738
vt 0.525548 0.243698
vt 0.503504 0.319625
vt 0.525494 0.261669
vt 0.204709 0.463907
vt 0.182441 0.470406
vt 0.168453 0.480702
vt 0.195200 0.455184
vt 0.074879 0.519946
vt 0.125428 0.570777
vt 0.589532 0.710052
vt 0.577349 0.722044
vt 0.071441 0.521884
vt 0.049699 0.562662
vt 0.067104 0.534385
vt 0.036651 0.544291
vt 0.012559 0.548809
vt 0.130318 0.536589
vt 0.125193 0.540624
vt 0.035751 0.524886
vt 0.129401 0.541926
vt 0.060900 0.523481
vt 0.130478 0.523730
vt 0.056479 0.549455
vt 0.114952 0.531062
vt 0.114320 0.539874
vt 0.084548 0.257307
vt 0.102010 0.526595
vt 0.059427 0.517132
vt 0.077427 0.546316
vt 0.116529 0.548418
vt 0.072650 0.556608
vt 0.126645 0.544308
vt 0.152401 0.527930
vt 0.120643 0.579463
vt 0.084685 0.559691
vt 0.090641 0.567375
vt 0.127107 0.579474
vt 0.028765 0.558214
vt 0.070889 0.518144
vt 0.109001 0.565268
vt 0.103452 0.551863
vt 0.087701 0.560466
vt 0.135335 0.546419
vt 0.121597 0.557692
vt 0.077568 0.234823
vt 0.188774 0.420666
vt 0.329279 0.021062
vt 0.145033 0.114374
vt 0.525442 0.282039
vt 0.503597 0.251711
vt 0.503574 0.261607
vt 0.525409 0.332208
vt 0.137422 0.259533
vt 0.155549 0.262151
vt 0.119796 0.253583
vt 0.155373 0.278784
vt 0.228431 0.428181
vt 0.249655 0.427102
vt 0.332549 0.007090
vt 0.154783 0.544435
vt 0.503553 0.281776
vt 0.196341 0.556415
vt 0.199240 0.554827
vt 0.503529 0.299267
vt 0.187870 0.549888
vt 0.177332 0.429996
vt 0.174894 0.546628
vt 0.094305 0.326393
vt 0.140678 0.235009
vt 0.117048 0.239927
vt 0.155425 0.407480
vt 0.149339 0.391088
vt 0.136339 0.276453
vt 0.525550 0.251845
vt 0.525410 0.299301
vt 0.231565 0.441291
vt 0.171283 0.418715
vt 0.176887 0.584392
vt 0.196104 0.552875
vt 0.156434 0.419233
vt 0.169197 0.408956
vt 0.138026 0.245933
vt 0.182298 0.411655
vt 0.102518 0.280018
vt 0.086189 0.267772
vt 0.182140 0.416626
vt 0.188850 0.567643
vt 0.173819 0.571564
vt 0.161538 0.532673
vt 0.184196 0.532913
vt 0.172704 0.559294
vt 0.186447 0.558311
vt 0.118410 0.270200
vt 0.186130 0.415395
vt 0.007664 0.317082
vt 0.251231 0.437351
vt 0.194654 0.448559
vt 0.140679 0.418579
vt 0.143323 0.404847
vt 0.152868 0.387153
vt 0.142857 0.394651
vt 0.148981 0.311084
vt 0.136716 0.293889
vt 0.135052 0.314040
vt 0.136741 0.289949
vt 0.142046 0.337271
vt 0.139773 0.292148
vt 0.106960 0.296885
vt 0.157506 0.321169
vt 0.173894 0.318727
vt 0.131491 0.304015
vt 0.170818 0.327904
vt 0.173691 0.332938
vt 0.155418 0.386663
vt 0.157483 0.379812
vt 0.159669 0.331632
vt 0.081776 0.269589
vt 0.087847 0.277445
vt 0.059085 0.313605
vt 0.104427 0.300440
vt 0.106551 0.321995
vt 0.075967 0.289776
vt 0.181185 0.269013
vt 0.185688 0.333504
vt 0.208443 0.269250
vt 0.176024 0.328279
vt 0.207390 0.573975
vt 0.228536 0.554657
vt 0.104803 0.291979
vt 0.056147 0.296819
vt 0.090081 0.290774
vt 0.172456 0.261030
vt 0.158226 0.431887
vt 0.192412 0.432589
vt 0.077299 0.308025
vt 0.096285 0.317623
vt 0.107147 0.352485
vt 0.106771 0.310940
vt 0.103622 0.447253
vt 0.154170 0.462207
vt 0.052293 0.284766
vt 0.056996 0.585522
vt 0.068662 0.276018
vt 0.203552 0.559648
vt 0.227835 0.566020
vt 0.091962 0.304147
vt 0.140819 0.333400
vt 0.135651 0.325461
vt 0.122843 0.359069
vt 0.137547 0.335624
vt 0.158455 0.446021
vt 0.173003 0.459464
vt 0.041626 0.248423
vt 0.188928 0.456162
vt 0.175870 0.446020
vt 0.027592 0.297217
vt 0.088850 0.605010
vt 0.073991 0.597440
vt 0.141167 0.355117
vt 0.126484 0.324438
vt 0.139005 0.339652
vt 0.128711 0.332267
vt 0.207873 0.285547
vt 0.131685 0.343489
vt 0.194611 0.386675
vt 0.189622 0.396482
vt 0.175507 0.380478
vt 0.204139 0.406286
vt 0.176989 0.388268
vt 0.185599 0.289032
vt 0.144858 0.342408
vt 0.105876 0.464384
vt 0.116201 0.464268
vt 0.162213 0.341997
vt 0.161384 0.358779
vt 0.191245 0.412582
vt 0.191811 0.302216
vt 0.154139 0.344639
vt 0.154415 0.389150
vt 0.182733 0.404655
vt 0.118405 0.346891
vt 0.092043 0.443196
vt 0.138173 0.458158
vt 0.108075 0.473515
vt 0.115656 0.456063
vt 0.140843 0.448074
vt 0.108850 0.470806
vt 0.125133 0.455266
vt 0.124988 0.449782
vt 0.126240 0.443876
vt 0.105813 0.471041
vt 0.103652 0.471410
vt 0.127522 0.462336
vt 0.132306 0.452844
vt 0.092398 0.440896
vt 0.058801 0.240053
vt 0.192826 0.461413
vt 0.064752 0.260092
vt 0.041573 0.572022
vt 0.108593 0.598236
vt 0.763490 0.354531
vt 0.766360 0.374342
vt 0.773132 0.358371
vt 0.780997 0.358996
vt 0.696464 0.399965
vt 0.722086 0.408960
vt 0.691886 0.395856
vt 0.695110 0.395433
vt 0.694822 0.403884
vt 0.689740 0.397997
vt 0.784463 0.367057
vt 0.724079 0.405278
vt 0.697206 0.396962
vt 0.698855 0.395112
vt 0.726966 0.411362
vt 0.728653 0.408727
vt 0.707158 0.397620
vt 0.705784 0.399344
vt 0.783244 0.363356
vt 0.779081 0.368159
vt 0.727296 0.406623
vt 0.707154 0.398966
vt 0.789554 0.366766
vt 0.794290 0.375281
vt 0.786443 0.355178
vt 0.776755 0.353269
vt 0.770565 0.347638
vt 0.136735 0.616397
vt 0.704446 0.398331
vt 0.698442 0.397418
vt 0.694554 0.401157
vt 0.693114 0.401302
vt 0.692951 0.403870
vt 0.723355 0.411292
vt 0.712730 0.392280
vt 0.716046 0.404830
vt 0.718509 0.405080
vt 0.707768 0.388427
vt 0.694935 0.399813
vt 0.692410 0.402510
vt 0.695204 0.402403
vt 0.671242 0.382903
vt 0.675572 0.389325
vt 0.716847 0.406785
vt 0.707614 0.393108
vt 0.703519 0.400695
vt 0.709042 0.394573
vt 0.691135 0.401114
vt 0.722036 0.411335
vt 0.723868 0.410373
vt 0.796232 0.350467
vt 0.789260 0.360776
vt 0.729481 0.405764
vt 0.800932 0.357372
vt 0.729656 0.408612
vt 0.731962 0.406430
vt 0.730991 0.408871
vt 0.734196 0.403769
vt 0.727594 0.387177
vt 0.711977 0.395214
vt 0.715718 0.397062
vt 0.800110 0.364522
vt 0.029834 0.703703
vt 0.029951 0.762276
vt 0.029983 0.772424
vt 0.051148 0.750541
vt 0.722797 0.395497
vt 0.717669 0.390661
vt 0.729227 0.399852
vt 0.622561 0.257083
vt 0.712490 0.400361
vt 0.709568 0.398251
vt 0.714628 0.398235
vt 0.721204 0.383674
vt 0.713585 0.387857
vt 0.716384 0.380548
vt 0.735286 0.391831
vt 0.713853 0.395635
vt 0.778927 0.364908
vt 0.783579 0.346245
vt 0.710391 0.396949
vt 0.762659 0.362731
vt 0.708447 0.399002
vt 0.700603 0.380994
vt 0.007276 0.762174
vt 0.046913 0.772417
vt 0.011903 0.772426
vt 0.046938 0.762298
vt 0.007281 0.772422
vt 0.012047 0.753350
vt 0.007278 0.753328
vt 0.029844 0.596118
vt 0.029865 0.715255
vt 0.029862 0.612230
vt 0.029901 0.723484
vt 0.029827 0.628199
vt 0.029815 0.640281
vt 0.046966 0.753389
vt 0.012021 0.762242
vt 0.051207 0.763640
vt 0.713306 0.401618
vt 0.718081 0.398546
vt 0.713449 0.399329
vt 0.713874 0.403464
vt 0.708928 0.380021
vt 0.718799 0.406533
vt 0.721635 0.403637
vt 0.708568 0.397674
vt 0.715973 0.400096
vt 0.029817 0.682863
vt 0.029822 0.693245
vt 0.783688 0.372137
vt 0.130439 0.615231
vt 0.725833 0.412861
vt 0.725251 0.410886
vt 0.725833 0.412861
vt 0.717204 0.405564
vt 0.710797 0.393829
vt 0.721577 0.406034
vt 0.702681 0.399409
vt 0.702681 0.399409
vt 0.120606 0.221170
vt 0.106362 0.244742
vt 0.091747 0.231102
vt 0.742775 0.387349
vt 0.745694 0.373647
vt 0.732094 0.377146
vt 0.737484 0.369884
vt 0.731492 0.366503
vt 0.726365 0.373897
vt 0.658167 0.360741
vt 0.667783 0.375258
vt 0.137242 0.738703
vt 0.108966 0.703419
vt 0.124857 0.744970
vt 0.108638 0.699850
vt 0.129877 0.728525
vt 0.104195 0.698623
vt 0.123126 0.725608
vt 0.125045 0.720514
vt 0.168261 0.749498
vt 0.189916 0.719980
vt 0.131026 0.737241
vt 0.118929 0.723589
vt 0.132504 0.721277
vt 0.144914 0.722562
vt 0.103508 0.701053
vt 0.102478 0.704082
vt 0.115910 0.715219
vt 0.114561 0.724149
vt 0.119054 0.710880
vt 0.116639 0.712835
vt 0.107649 0.696265
vt 0.124095 0.740593
vt 0.120496 0.719581
vt 0.117501 0.726279
vt 0.117343 0.716176
vt 0.117966 0.714491
vt 0.105197 0.700653
vt 0.105703 0.751353
vt 0.138654 0.733472
vt 0.131026 0.737241
vt 0.104156 0.745536
vt 0.115983 0.722672
vt 0.120527 0.713661
vt 0.120826 0.716855
vt 0.105220 0.702998
vt 0.105425 0.747221
vt 0.175784 0.723527
vt 0.114888 0.718096
vt 0.109303 0.753840
vt 0.162692 0.725293
vt 0.153451 0.724924
vt 0.153844 0.738020
vt 0.165046 0.740108
vt 0.189197 0.752470
vt 0.193198 0.730249
vt 0.197475 0.738410
vt 0.157753 0.753061
vt 0.182818 0.746145
vt 0.118294 0.406803
vt 0.097154 0.400336
vt 0.120527 0.400133
vt 0.107141 0.369917
vt 0.081523 0.372705
vt 0.116962 0.402952
vt 0.085572 0.386266
vt 0.083669 0.411104
vt 0.110021 0.376490
vt 0.097221 0.380550
vt 0.069949 0.408207
vt 0.029413 0.325906
vt 0.061313 0.327129
vt 0.059973 0.363083
vt 0.080336 0.359037
vt 0.124541 0.405888
vt 0.128283 0.286865
vt 0.122556 0.418304
vt 0.008625 0.368294
vt 0.268111 0.427783
vt 0.115068 0.316312
vt 0.007133 0.276099
vt 0.111801 0.332795
vt 0.082467 0.324751
vt 0.083491 0.344714
vt 0.104188 0.330988
vt 0.102945 0.344296
vt 0.106228 0.328088
vt 0.089802 0.582525
vt 0.204357 0.454587
vt 0.200945 0.550366
vt 0.211105 0.446804
vt 0.211806 0.542738
vt 0.235474 0.452825
vt 0.208833 0.431093
vt 0.203337 0.416778
vt 0.127060 0.295781
vt 0.158773 0.457969
vt 0.110183 0.408810
vt 0.109203 0.400731
vt 0.100270 0.411871
vt 0.031744 0.410148
vt 0.745059 0.142530
vt 0.736974 0.114873
vt 0.747340 0.145260
vt 0.765369 0.179765
vt 0.755790 0.087048
vt 0.745169 0.205972
vt 0.760886 0.183396
vt 0.503482 0.332309
vt 0.525400 0.319498
vt 0.294324 0.048698
vt 0.096062 0.336601
vt 0.161807 0.498268
vt 0.070023 0.389313
vt 0.036772 0.458281
vt 0.010156 0.463298
vt 0.033455 0.377962
vt 0.029672 0.275109
vt 0.096663 0.355584
vt 0.026196 0.258052
vt 0.757203 0.146493
vt 0.764396 0.129771
vt 0.738283 0.120664
vt 0.062146 0.347680
vt 0.030660 0.349804
vt 0.081248 0.399088
vt 0.120077 0.404058
vt 0.113148 0.285476
vt 0.112630 0.390512
vt 0.098088 0.389485
vt 0.223647 0.413228
vt 0.111934 0.298530
vt 0.174354 0.252892
vt 0.267916 0.419261
vt 0.117801 0.324377
vt 0.147555 0.323264
vt 0.156813 0.574922
vt 0.161440 0.299075
vt 0.140677 0.432304
vt 0.120634 0.308596
vt 0.159924 0.236018
vt 0.156969 0.249271
vt 0.286258 0.431125
vt 0.177047 0.238039
vt 0.009587 0.418379
vt 0.083271 0.425162
vt 0.095928 0.440279
vt 0.111857 0.436895
vt 0.085504 0.439268
vt 0.095567 0.369724
vt 0.149267 0.455369
vt 0.143444 0.297875
vt 0.216095 0.458470
vt 0.203014 0.533802
vt 0.124264 0.315774
vt 0.161718 0.588815
vt 0.138135 0.564108
vt 0.103749 0.578581
vt 0.199862 0.315479
vt 0.217094 0.301684
vt 0.148153 0.335421
vt 0.236397 0.265496
vt 0.250835 0.415087
vt 0.142309 0.287009
vt 0.155618 0.560687
vt 0.149058 0.382776
vt 0.194008 0.541743
vt 0.161543 0.522218
vt 0.325477 0.021106
vt 0.296698 0.043105
vt 0.304905 0.043365
vt 0.140632 0.383783
vt 0.145109 0.371911
vt 0.102627 0.326853
vt 0.280015 0.052845
vt 0.064964 0.375615
vt 0.094811 0.448425
vt 0.122716 0.430268
vt 0.073092 0.459296
vt 0.086591 0.444891
vt 0.069261 0.468489
vt 0.231473 0.399797
vt 0.152678 0.389795
vt 0.212819 0.392340
vt 0.157009 0.390356
vt 0.268611 0.433647
vt 0.068551 0.451800
vt 0.089764 0.442392
vt 0.154214 0.391596
vt 0.125633 0.385556
vt 0.119601 0.411710
vt 0.167750 0.397846
vt 0.128389 0.396687
vt 0.152811 0.396827
vt 0.102870 0.468408
vt 0.106487 0.479993
vt 0.090432 0.439081
vt 0.090847 0.441173
vt 0.087933 0.464864
vt 0.089226 0.440443
vt 0.088695 0.484349
vt 0.098041 0.472677
vt 0.096305 0.466707
vt 0.069570 0.440153
vt 0.118882 0.423875
vt 0.101440 0.439515
vt 0.085944 0.472571
vt 0.065787 0.481475
vt 0.033429 0.438731
vt 0.116397 0.426966
vt 0.098838 0.423290
vt 0.115344 0.423604
vt 0.121118 0.371074
vt 0.108415 0.429812
vt 0.777398 0.361976
vt 0.775825 0.369506
vt 0.741090 0.396137
vt 0.740423 0.404989
vt 0.733475 0.407728
vt 0.731426 0.409007
vt 0.745584 0.397756
vt 0.696881 0.389552
vt 0.693734 0.381307
vt 0.681961 0.400689
vt 0.687770 0.397058
vt 0.739635 0.408649
vt 0.685174 0.400678
vt 0.739032 0.411892
vt 0.778781 0.373225
vt 0.775581 0.381452
vt 0.692558 0.399680
vt 0.773308 0.362983
vt 0.783975 0.381222
vt 0.133453 0.618069
vt 0.131969 0.609022
vt 0.132126 0.620375
vt 0.676423 0.394017
vt 0.680614 0.400583
vt 0.744223 0.404937
vt 0.733981 0.411313
vt 0.682676 0.402278
vt 0.645972 0.352424
vt 0.758303 0.363762
vt 0.734564 0.414108
vt 0.681997 0.404319
vt 0.732144 0.412570
vt 0.745172 0.360666
vt 0.748064 0.390815
vt 0.638871 0.329161
vt 0.740672 0.356318
vt 0.738368 0.414843
vt 0.680320 0.401836
vt 0.742476 0.409209
vt 0.130106 0.620243
vt 0.130014 0.621826
vt 0.141515 0.627305
vt 0.143215 0.627137
vt 0.139527 0.621393
vt 0.136380 0.627835
vt 0.140654 0.620539
vt 0.131077 0.623599
vt 0.135674 0.622378
vt 0.132380 0.625159
vt 0.132517 0.622671
vt 0.144305 0.613858
vt 0.138603 0.615252
vt 0.148031 0.639548
vt 0.126180 0.619687
vt 0.127268 0.624926
vt 0.132001 0.633766
vt 0.135497 0.607248
vt 0.141717 0.639136
vt 0.137512 0.637304
vt 0.737839 0.349874
vt 0.130439 0.606988
vt 0.134710 0.605346
vt 0.126676 0.612772
vt 0.132021 0.621609
vt 0.133635 0.622655
vt 0.678955 0.397470
vt 0.679506 0.400308
vt 0.740171 0.340789
vt 0.642615 0.331860
vt 0.747086 0.329250
vt 0.742796 0.332583
vt 0.752145 0.376283
vt 0.751642 0.363278
vt 0.144616 0.609730
vt 0.646573 0.346518
vt 0.741375 0.412965
vt 0.683698 0.398988
vt 0.677920 0.401104
vt 0.751723 0.362248
vt 0.646086 0.338788
vt 0.745289 0.359657
vt 0.679390 0.393864
vt 0.685186 0.395453
vt 0.117447 0.420345
vt 0.113048 0.415623
vt 0.070666 0.430166
vt 0.088883 0.433890
vt 0.112260 0.370183
vt 0.111181 0.363051
vt 0.099363 0.430881
vt 0.108552 0.423104
vt 0.671062 0.365157
vt 0.682037 0.367164
vt 0.647384 0.353163
vt 0.648431 0.346841
vt 0.679833 0.334912
vt 0.655910 0.346902
vt 0.740020 0.287047
vt 0.636762 0.270623
vt 0.745298 0.248298
vt 0.643040 0.287105
vt 0.640222 0.323278
vt 0.648837 0.311729
vt 0.701613 0.399783
vt 0.654166 0.313343
vt 0.736115 0.311876
vt 0.730814 0.312106
vt 0.631608 0.253724
vt 0.690831 0.389748
vt 0.701042 0.398930
vt 0.756334 0.274466
vt 0.689262 0.397116
vt 0.677340 0.381357
vt 0.684405 0.380931
vt 0.678753 0.388942
vt 0.748782 0.289926
vt 0.647570 0.300164
vt 0.639268 0.301901
vt 0.739911 0.269323
vt 0.746526 0.327209
vt 0.657084 0.242617
vt 0.643636 0.246209
vt 0.639395 0.249244
vt 0.653412 0.283408
vt 0.643490 0.330455
vt 0.744336 0.323298
vt 0.720961 0.330837
vt 0.728170 0.312371
vt 0.728748 0.241440
vt 0.738291 0.268280
vt 0.642443 0.267826
vt 0.730787 0.283698
vt 0.639073 0.327334
vt 0.676780 0.237897
vt 0.741931 0.331295
vt 0.737958 0.340002
vt 0.752365 0.253181
vt 0.699895 0.399700
vt 0.743709 0.301246
vt 0.747770 0.271906
vt 0.315317 0.052543
vt 0.191601 0.777763
vt 0.217426 0.198756
vt 0.737059 0.326849
vt 0.701179 0.401080
vt 0.653987 0.335839
vt 0.647178 0.338317
vt 0.665037 0.331071
vt 0.641327 0.312005
vt 0.737059 0.300140
vt 0.655599 0.298779
vt 0.743252 0.311766
vt 0.728580 0.297918
vt 0.710077 0.239224
vt 0.691431 0.267992
vt 0.726829 0.267623
vt 0.728690 0.282964
vt 0.709289 0.267888
vt 0.706742 0.289911
vt 0.677345 0.267572
vt 0.692420 0.237352
vt 0.720526 0.372122
vt 0.712967 0.365769
vt 0.370690 0.797396
vt 0.377962 0.786664
vt 0.186882 0.759880
vt 0.160355 0.763821
vt 0.170546 0.780961
vt 0.410380 0.799390
vt 0.162179 0.777519
vt 0.428873 0.798421
vt 0.736233 0.350457
vt 0.723329 0.331889
vt 0.455029 0.797310
vt 0.692050 0.367105
vt 0.687537 0.338408
vt 0.658343 0.298312
vt 0.677524 0.288626
vt 0.658051 0.312687
vt 0.705775 0.311270
vt 0.688330 0.336443
vt 0.180084 0.735374
vt 0.392934 0.799634
vt 0.645070 0.266495
vt 0.725913 0.363462
vt 0.662405 0.267666
vt 0.679224 0.311556
vt 0.679966 0.332369
vt 0.666563 0.328843
vt 0.761373 0.256576
vt 0.687243 0.389776
vt 0.705944 0.334801
vt 0.706153 0.336814
vt 0.725741 0.297334
vt 0.655682 0.282287
vt 0.690416 0.312353
vt 0.172067 0.759313
vt 0.194320 0.758047
vt 0.687770 0.397058
vt 0.647056 0.325008
vt 0.628283 0.274118
vt 0.635053 0.290310
vt 0.690747 0.289415
vt 0.743197 0.245467
vt 0.171806 0.775276
vt 0.484533 0.799385
vt 0.702408 0.366048
vt 0.474954 0.797767
vt 0.155545 0.789681
vt 0.163727 0.781018
vt 0.122046 0.728693
vt 0.127934 0.731849
vt 0.108703 0.751608
vt 0.123823 0.709544
vt 0.189093 0.711806
vt 0.105013 0.753468
vt 0.116886 0.718436
vt 0.144960 0.772255
vt 0.144960 0.772255
vt 0.138298 0.759934
vt 0.140828 0.780601
vt 0.132526 0.715553
vt 0.137736 0.703774
vt 0.130315 0.707489
vt 0.124826 0.712595
vt 0.115852 0.702217
vt 0.125343 0.716125
vt 0.149402 0.713666
vt 0.146915 0.705602
vt 0.130711 0.758028
vt 0.130707 0.760045
vt 0.029889 0.741972
vt 0.007271 0.612240
vt 0.051260 0.772398
vt 0.051174 0.628126
vt 0.051295 0.596181
vt 0.046795 0.628160
vt 0.046842 0.596084
vt 0.007279 0.596145
vt 0.012069 0.628245
vt 0.012053 0.596112
vt 0.029927 0.753369
vt 0.702408 0.389250
vt 0.732925 0.415287
vt 0.714522 0.400839
vt 0.046785 0.640247
vt 0.051238 0.612166
vt 0.029812 0.652146
vt 0.702899 0.394219
vt 0.715649 0.402232
vt 0.676503 0.397818
vt 0.739834 0.415959
vt 0.131377 0.644758
vt 0.128897 0.648659
vt 0.140461 0.650890
vt 0.137998 0.655072
vt 0.156340 0.655297
vt 0.164278 0.651812
vt 0.121155 0.647836
vt 0.144223 0.658944
vt 0.121139 0.642935
vt 0.126312 0.652073
vt 0.120179 0.639526
vt 0.139894 0.662461
vt 0.126208 0.641304
vt 0.122161 0.640834
vt 0.150362 0.655549
vt 0.119438 0.643928
vt 0.120155 0.642148
vt 0.118151 0.642612
vt 0.147064 0.776264
vt 0.145389 0.787049
vt 0.149522 0.798179
vt 0.143765 0.803123
vt 0.152374 0.789159
vt 0.141387 0.781424
vt 0.148326 0.803849
vt 0.143544 0.807238
vt 0.141619 0.786367
vt 0.141716 0.802721
vt 0.142117 0.807030
vt 0.146920 0.807544
vt 0.152184 0.798759
vt 0.150023 0.804083
vt 0.159908 0.783109
vt 0.157576 0.785880
vt 0.115087 0.754217
vt 0.137202 0.753862
vt 0.114990 0.751379
vt 0.125545 0.750927
vt 0.130711 0.758028
vt 0.145169 0.699609
vt 0.108117 0.744396
vt 0.108199 0.746272
vt 0.157112 0.703726
vt 0.144562 0.692209
vt 0.161046 0.714651
vt 0.174143 0.713183
vt 0.156182 0.698919
vt 0.133453 0.686577
vt 0.126059 0.695370
vt 0.126777 0.700707
vt 0.138886 0.692249
vt 0.124315 0.690957
vt 0.141825 0.707215
vt 0.144276 0.713942
vt 0.115125 0.698118
vt 0.131790 0.710815
vt 0.164854 0.624989
vt 0.199365 0.654487
vt 0.161803 0.624367
vt 0.193860 0.659371
vt 0.197208 0.787689
vt 0.165470 0.626322
vt 0.167317 0.624866
vt 0.162906 0.627016
vt 0.170729 0.660147
vt 0.158363 0.663844
vt 0.190089 0.642793
vt 0.183959 0.649206
vt 0.114400 0.745997
vt 0.171921 0.703874
vt 0.137045 0.700760
vt 0.113758 0.694272
vt 0.187910 0.791820
vt 0.189893 0.790434
vt 0.178137 0.654984
vt 0.149401 0.662278
vt 0.123789 0.644859
vt 0.135329 0.658560
vt 0.145426 0.653552
vt 0.155178 0.782484
vt 0.143872 0.797183
vt 0.141650 0.796533
vt 0.148668 0.807903
vt 0.125246 0.754764
vt 0.114220 0.742955
vt 0.122577 0.189291
vt 0.034084 0.174466
vt 0.108424 0.193284
vt 0.305756 0.059230
vt 0.795010 0.137355
vt 0.154595 0.208823
vt 0.137754 0.198828
vt 0.139932 0.209577
vt 0.099105 0.215072
vt 0.361510 0.015010
vt 0.742013 0.137962
vt 0.172803 0.693061
vt 0.375347 0.016184
vt 0.186148 0.699876
vt 0.103197 0.660305
vt 0.196795 0.784133
vt 0.131563 0.673355
vt 0.175314 0.669981
vt 0.175734 0.672192
vt 0.188322 0.669837
vt 0.159479 0.673158
vt 0.157805 0.679877
vt 0.347462 0.040040
vt 0.199827 0.203863
vt 0.198953 0.216379
vt 0.334333 0.043710
vt 0.480906 0.021578
vt 0.409153 0.021119
vt 0.459203 0.014144
vt 0.211294 0.216972
vt 0.445700 0.013805
vt 0.173832 0.682724
vt 0.107757 0.669225
vt 0.138232 0.666640
vt 0.133773 0.666775
vt 0.194381 0.788651
vt 0.104320 0.665972
vt 0.133514 0.674105
vt 0.135481 0.778217
vt 0.129917 0.679766
vt 0.135213 0.774327
vt 0.124454 0.676208
vt 0.126688 0.671916
vt 0.111499 0.777535
vt 0.118812 0.775592
vt 0.144306 0.682769
vt 0.156626 0.686540
vt 0.133122 0.682882
vt 0.138818 0.675612
vt 0.185727 0.702047
vt 0.110056 0.665760
vt 0.115367 0.672417
vt 0.127951 0.666795
vt 0.159124 0.671180
vt 0.146877 0.669925
vt 0.143748 0.685197
vt 0.137668 0.664212
vt 0.171903 0.695919
vt 0.105685 0.664300
vt 0.118270 0.664290
vt 0.128330 0.678634
vt 0.132111 0.779408
vt 0.381957 0.094484
vt 0.758565 0.117528
vt 0.372777 0.088302
vt 0.757234 0.105724
vt 0.133304 0.684956
vt 0.743019 0.147357
vt 0.738533 0.147502
vt 0.105609 0.661760
vt 0.752649 0.134459
vt 0.749657 0.136616
vt 0.110446 0.661911
vt 0.117234 0.668437
vt 0.718909 0.111199
vt 0.705649 0.096411
vt 0.753923 0.170117
vt 0.715464 0.092008
vt 0.132116 0.666869
vt 0.711714 0.144822
vt 0.704416 0.188307
vt 0.580052 0.775562
vt 0.696997 0.147806
vt 0.131648 0.775548
vt 0.746665 0.167007
vt 0.734961 0.106165
vt 0.695512 0.182891
vt 0.375986 0.103116
vt 0.740546 0.142474
vt 0.752583 0.139498
vt 0.749501 0.139575
vt 0.756990 0.124997
vt 0.413042 0.087481
vt 0.732385 0.144504
vt 0.750478 0.142998
vt 0.733579 0.090123
vt 0.698273 0.130026
vt 0.747973 0.175762
vt 0.695833 0.167998
vt 0.682191 0.144720
vt 0.728363 0.140280
vt 0.737232 0.141041
vt 0.742835 0.174114
vt 0.712051 0.128781
vt 0.762959 0.124345
vt 0.426653 0.077491
vt 0.759616 0.128643
vt 0.728016 0.134797
vt 0.408913 0.069289
vt 0.730317 0.130352
vt 0.730887 0.167178
vt 0.740316 0.161815
vt 0.484666 0.050273
vt 0.492594 0.036075
vt 0.762914 0.169781
vt 0.763393 0.165897
vt 0.485930 0.029528
vt 0.733817 0.154903
vt 0.156673 0.182049
vt 0.175276 0.180106
vt 0.264466 0.187504
vt 0.245651 0.185755
vt 0.721528 0.131385
vt 0.725772 0.149762
vt 0.747210 0.157586
vt 0.726315 0.124067
vt 0.054466 0.014738
vt 0.763564 0.163504
vt 0.759894 0.163565
vt 0.761940 0.172881
vt 0.724204 0.193184
vt 0.744769 0.152753
vt 0.757135 0.158156
vt 0.700811 0.198844
vt 0.725654 0.181701
vt 0.691647 0.189795
vt 0.757607 0.161580
vt 0.764531 0.158006
vt 0.767150 0.157973
vt 0.123344 0.211372
vt 0.118619 0.195914
vt 0.319890 0.029863
vt 0.358576 0.036786
vt 0.083615 0.217120
vt 0.079659 0.195807
vt 0.113467 0.214058
vt 0.347090 0.019641
vt 0.753105 0.154554
vt 0.750527 0.161843
vt 0.749875 0.177019
vt 0.507712 0.042634
vt 0.500996 0.057842
vt 0.508879 0.045674
vt 0.410633 0.045174
vt 0.755625 0.177122
vt 0.106908 0.186933
vt 0.069874 0.183297
vt 0.073170 0.171461
vt 0.513706 0.057320
vt 0.424275 0.015620
vt 0.228116 0.188120
vt 0.500544 0.039652
vt 0.276057 0.191099
vt 0.515459 0.072054
vt 0.431921 0.044228
vt 0.211822 0.189525
vt 0.210828 0.182096
vt 0.190203 0.195618
vt 0.280616 0.179409
vt 0.450929 0.037023
vt 0.723963 0.204495
vt 0.686505 0.177065
vt 0.167993 0.204615
vt 0.470546 0.040341
vt 0.462818 0.030671
vt 0.056406 0.177824
vt 0.185443 0.684583
vt 0.145658 0.677116
vt 0.188080 0.667911
vt 0.155999 0.689400
vt 0.738275 0.128126
vt 0.735005 0.133518
vt 0.475411 0.019652
vt 0.473162 0.004471
vt 0.087805 0.184619
vt 0.137881 0.191441
vt 0.096543 0.197062
vt 0.765150 0.176232
vt 0.755864 0.165026
vt 0.765718 0.172043
vt 0.720983 0.141572
vt 0.742740 0.131853
vt 0.742838 0.128003
vt 0.739046 0.132033
vt 0.760824 0.155536
vt 0.749044 0.149701
vt 0.186340 0.210814
vt 0.162976 0.630022
vt 0.174904 0.632519
vt 0.193785 0.784967
vt 0.101018 0.665266
vt 0.109751 0.781867
vt 0.104314 0.663548
vt 0.117443 0.772725
vt 0.137111 0.773806
vt 0.111733 0.785660
vt 0.393721 0.020025
vt 0.312903 0.036078
vt 0.397657 0.047500
vt 0.316764 0.064629
vt 0.761397 0.176695
vt 0.417408 0.061009
vt 0.765150 0.176232
vt 0.035900 0.186288
vt 0.753783 0.178968
vt 0.734956 0.136890
vt 0.035899 0.192316
vt 0.749199 0.130332
vt 0.747610 0.133638
vt 0.761599 0.160505
vt 0.767051 0.160026
vt 0.764576 0.159983
vt 0.759173 0.132923
vt 0.758934 0.140140
vt 0.755570 0.175104
vt 0.707396 0.113255
vt 0.750881 0.175821
vt 0.191807 0.182667
vt 0.763522 0.156021
vt 0.765575 0.154154
vt 0.498773 0.072299
vt 0.247616 0.152027
vt 0.225478 0.181481
vt 0.154756 0.198300
vt 0.261373 0.168926
vt 0.171087 0.192284
vt 0.193316 0.766881
vt 0.167021 0.629258
vt 0.187632 0.788301
vt 0.165302 0.637115
vt 0.170614 0.635546
vt 0.187890 0.766863
vt 0.273124 0.156244
vt 0.242570 0.176099
vt 0.519643 0.093874
vt 0.373237 0.045209
vt 0.372198 0.076646
vt 0.358975 0.052564
vt 0.759826 0.152603
vt 0.745113 0.106346
vt 0.761265 0.158246
vt 0.748616 0.114687
vt 0.747985 0.182081
vt 0.764964 0.140155
vt 0.754440 0.190070
vt 0.761786 0.186195
vt 0.754106 0.180715
vt 0.766093 0.181332
vt 0.750980 0.180116
vt 0.743460 0.196049
vt 0.177527 0.774533
vt 0.175336 0.782497
vt 0.764521 0.148904
vt 0.683594 0.167040
vt 0.753136 0.185311
vt 0.176990 0.642101
vt 0.182476 0.638387
vt 0.287021 0.164472
vt 0.743674 0.186210
vt 0.760190 0.181458
vt 0.168554 0.646067
vt 0.748563 0.121930
vt 0.600457 0.775681
vt 0.706912 0.175931
vt 0.605455 0.775708
vt 0.684063 0.154834
vt 0.595591 0.775604
vt 0.696077 0.160227
vt 0.722047 0.119375
vt 0.764666 0.196499
vt 0.763425 0.191441
vt 0.753941 0.177610
vt 0.760188 0.179676
vt 0.759732 0.177720
vt 0.184401 0.783203
vt 0.128310 0.764059
vt 0.181211 0.785618
vt 0.107483 0.781173
vt 0.124960 0.767291
vt 0.131467 0.767063
vt 0.111390 0.787711
vt 0.115773 0.784134
vt 0.133337 0.765690
vt 0.128208 0.769593
vt 0.128764 0.762535
vt 0.122393 0.781234
vt 0.112938 0.779412
vt 0.116673 0.786512
vt 0.123550 0.783527
vt 0.136622 0.779105
vt 0.566880 0.775350
vt 0.185788 0.790194
vt 0.195388 0.775834
vt 0.170179 0.626716
vt 0.191563 0.581051
vt 0.035772 0.484096
vt 0.365283 0.141778
vt 0.095179 0.019996
vt 0.030012 0.133724
vt 0.051234 0.082117
vt 0.234728 0.087179
vt 0.322797 0.142204
vt 0.313793 0.120695
vt 0.330392 0.159844
vt 0.300144 0.146425
vt 0.288504 0.122498
vt 0.065050 0.150710
vt 0.312353 0.169471
vt 0.066370 0.059641
vt 0.037931 0.106539
vt 0.306862 0.098605
vt 0.161040 0.026155
vt 0.146482 0.024721
vt 0.254871 0.060215
vt 0.471083 0.220430
vt 0.422683 0.205626
vt 0.108194 0.028912
vt 0.373035 0.084147
vt 0.111646 0.045381
vt 0.069978 0.133379
vt 0.338402 0.177672
vt 0.359537 0.122038
vt 0.370400 0.173199
vt 0.367932 0.158265
vt 0.369590 0.192212
vt 0.348554 0.087645
vt 0.342780 0.073585
vt 0.346082 0.150958
vt 0.340706 0.131889
vt 0.354029 0.102455
vt 0.278501 0.068014
vt 0.280852 0.096081
vt 0.032319 0.160377
vt 0.302329 0.070552
vt 0.358496 0.181961
vt 0.324941 0.091707
vt 0.318945 0.073834
vt 0.334563 0.116059
vt 0.352297 0.167863
vt 0.053837 0.889995
vt 0.063626 0.841945
vt 0.008264 0.917692
vt 0.102139 0.965857
vt 0.670241 0.133958
vt 0.658985 0.137062
vt 0.066652 0.928007
vt 0.653761 0.148613
vt 0.033689 0.841497
vt 0.008485 0.825989
vt 0.076328 0.958295
vt 0.076964 0.997992
vt 0.096528 0.998345
vt 0.085777 0.938027
vt 0.069485 0.887474
vt 0.028613 0.887115
vt 0.008271 0.956167
vt 0.655588 0.162982
vt 0.662285 0.158376
vt 0.664525 0.174099
vt 0.053866 0.928727
vt 0.670429 0.168158
vt 0.008287 0.997708
vt 0.116476 0.893381
vt 0.350056 0.052780
vt 0.382011 0.118664
vt 0.336795 0.054637
vt 0.476723 0.151340
vt 0.401983 0.125391
vt 0.492434 0.114583
vt 0.496249 0.092056
vt 0.466205 0.103331
vt 0.404867 0.138056
vt 0.471651 0.084546
vt 0.432742 0.118466
vt 0.403158 0.112180
vt 0.439309 0.069600
vt 0.407251 0.094525
vt 0.440876 0.079780
vt 0.413134 0.109605
vt 0.390614 0.104321
vt 0.459944 0.127152
vt 0.235750 0.162431
vt 0.221918 0.168918
vt 0.417897 0.124512
vt 0.221714 0.022126
vt 0.220434 0.016968
vt 0.207508 0.020221
vt 0.453403 0.081195
vt 0.214033 0.041351
vt 0.388750 0.083580
vt 0.396119 0.093706
vt 0.436143 0.055761
vt 0.459986 0.062922
vt 0.478226 0.068142
vt 0.397384 0.066910
vt 0.455688 0.050632
vt 0.342941 0.223612
vt 0.117997 0.016296
vt 0.357883 0.214984
vt 0.103695 0.008039
vt 0.129012 0.021293
vt 0.235337 0.062478
vt 0.454385 0.215357
vt 0.439846 0.208786
vt 0.371319 0.208477
vt 0.391015 0.204970
vt 0.130856 0.158260
vt 0.135078 0.148669
vt 0.148802 0.141587
vt 0.186082 0.151861
vt 0.154928 0.158255
vt 0.144150 0.159706
vt 0.110855 0.160097
vt 0.422353 0.101863
vt 0.408313 0.204665
vt 0.171441 0.146631
vt 0.229024 0.048302
vt 0.232959 0.027187
vt 0.112936 0.148973
vt 0.245274 0.042960
vt 0.387889 0.138099
vt 0.497283 0.156214
vt 0.434826 0.089576
vt 0.182361 0.170949
vt 0.224876 0.033674
vt 0.008366 0.855469
vt 0.217870 0.059381
vt 0.097830 0.796924
vt 0.208393 0.071584
vt 0.209635 0.026548
vt 0.473633 0.205146
vt 0.480444 0.187512
vt 0.199859 0.137484
vt 0.229746 0.132349
vt 0.202166 0.155399
vt 0.116814 0.806017
vt 0.072499 0.789159
vt 0.132507 0.823741
vt 0.200761 0.031083
vt 0.447386 0.091906
vt 0.193929 0.034583
vt 0.488635 0.170020
vt 0.212450 0.136792
vt 0.204979 0.050694
vt 0.196301 0.057526
vt 0.259235 0.107311
vt 0.242696 0.121912
vt 0.210138 0.170708
vt 0.192944 0.023854
vt 0.262046 0.133181
vt 0.251554 0.089588
vt 0.271131 0.097827
vt 0.277470 0.121961
vt 0.440722 0.193336
vt 0.176273 0.026100
vt 0.114651 0.136367
vt 0.108490 0.055825
vt 0.091043 0.126254
vt 0.096571 0.075722
vt 0.098333 0.109965
vt 0.093602 0.161549
vt 0.101585 0.131458
vt 0.079786 0.157932
vt 0.082527 0.144233
vt 0.086778 0.092513
vt 0.097836 0.042441
vt 0.077705 0.113726
vt 0.087167 0.059675
vt 0.088270 0.032229
vt 0.054155 0.119487
vt 0.116197 0.112254
vt 0.199234 0.129898
vt 0.196989 0.118781
vt 0.124605 0.123690
vt 0.126480 0.036907
vt 0.223987 0.103520
vt 0.130936 0.099121
vt 0.138006 0.125823
vt 0.077374 0.075483
vt 0.107398 0.098593
vt 0.110621 0.120593
vt 0.054214 0.913957
vt 0.672128 0.180876
vt 0.031545 0.863623
vt 0.008295 0.883445
vt 0.108739 0.944866
vt 0.034908 0.829171
vt 0.360424 0.073588
vt 0.212887 0.128441
vt 0.118431 0.073184
vt 0.128875 0.134882
vt 0.127256 0.048846
vt 0.124000 0.059180
vt 0.195572 0.101074
vt 0.210386 0.093449
vt 0.064342 0.100808
vt 0.048417 0.141081
vt 0.052166 0.163602
vt 0.327795 0.199714
vt 0.343756 0.190937
vt 0.335909 0.211222
vt 0.241893 0.106527
vt 0.445291 0.173406
vt 0.284417 0.141699
vt 0.507527 0.137125
vt 0.516706 0.115077
vt 0.244157 0.143610
vt 0.196096 0.170504
vt 0.140795 0.058504
vt 0.157250 0.074919
vt 0.143274 0.042931
vt 0.155785 0.084963
vt 0.262988 0.146603
vt 0.175776 0.096046
vt 0.176801 0.080912
vt 0.137669 0.084285
vt 0.173368 0.114717
vt 0.245121 0.072215
vt 0.261378 0.076000
vt 0.152875 0.101597
vt 0.320246 0.184671
vt 0.351099 0.203603
vt 0.127095 0.107584
vt 0.158530 0.066378
vt 0.139784 0.071980
vt 0.159613 0.046021
vt 0.178074 0.060948
vt 0.176902 0.040542
vt 0.210787 0.115925
vt 0.220840 0.079844
vt 0.388321 0.166147
vt 0.091187 0.147007
vt 0.101763 0.148499
vt 0.121256 0.129318
vt 0.390856 0.187098
vt 0.406839 0.186082
vt 0.385638 0.151931
vt 0.406350 0.149432
vt 0.457924 0.198985
vt 0.424697 0.165749
vt 0.426520 0.150847
vt 0.422850 0.188396
vt 0.405780 0.163826
vt 0.464213 0.176157
vt 0.218879 0.156791
vt 0.448021 0.156448
vt 0.442257 0.138070
vt 0.025993 0.915066
vt 0.485256 0.136883
vt 0.444726 0.102311
vt 0.230870 0.145962
vt 0.197242 0.081151
vt 0.029907 0.732140
vt 0.029814 0.671114
vt 0.029812 0.661697
vt 0.046836 0.612197
vt 0.012058 0.612280
vt 0.007275 0.628301
vt 0.051131 0.640198
vt 0.007276 0.640339
vt 0.393410 0.785041
vt 0.410417 0.786642
vt 0.589818 0.721555
vt 0.617870 0.703829
vt 0.567508 0.914161
vt 0.538997 0.958000
vt 0.172083 0.124802
vt 0.164937 0.133792
vt 0.514191 0.993368
vt 0.582160 0.920052
vt 0.527715 0.855659
vt 0.567508 0.919183
vt 0.512201 0.850528
vt 0.531012 0.904030
vt 0.579082 0.904401
vt 0.552093 0.873405
vt 0.500488 0.860423
vt 0.498502 0.856703
vt 0.602357 0.847658
vt 0.616789 0.876302
vt 0.516256 0.872177
vt 0.594798 0.917333
vt 0.589023 0.991891
vt 0.563693 0.849371
vt 0.568888 0.903928
vt 0.580661 0.858099
vt 0.528340 0.871177
vt 0.596908 0.992351
vt 0.617212 0.858524
vt 0.610899 0.992194
vt 0.578666 0.915030
vt 0.512298 0.857695
vt 0.534577 0.923207
vt 0.549833 0.920030
vt 0.617262 0.853146
vt 0.505336 0.877047
vt 0.614238 0.891190
vt 0.537346 0.942182
vt 0.512258 0.976356
vt 0.510310 0.959557
vt 0.578810 0.990228
vt 0.552133 0.724834
vt 0.628316 0.693316
vt 0.627405 0.704998
vt 0.564672 0.693481
vt 0.604499 0.723152
vt 0.565540 0.703919
vt 0.577349 0.722044
vt 0.617482 0.924284
vt 0.596961 0.922114
vt 0.549833 0.915008
vt 0.567246 0.976308
vt 0.580354 0.976556
vt 0.594867 0.960971
vt 0.527346 0.846125
vt 0.549895 0.691994
vt 0.619159 0.692241
vt 0.550223 0.860493
vt 0.542816 0.991102
vt 0.549605 0.851377
vt 0.590627 0.844998
vt 0.522541 0.919410
vt 0.616881 0.918301
vt 0.519555 0.886803
vt 0.611060 0.905715
vt 0.615193 0.725611
vt 0.510382 0.919889
vt 0.520191 0.902738
vt 0.552678 0.886347
vt 0.529258 0.886416
vt 0.550921 0.902755
vt 0.522541 0.924432
vt 0.569116 0.875149
vt 0.580309 0.886922
vt 0.568737 0.886826
vt 0.626274 0.726942
vt 0.534577 0.918185
vt 0.592368 0.905253
vt 0.510382 0.924910
vt 0.594483 0.871495
vt 0.592477 0.886946
vt 0.551044 0.703602
vt 0.565866 0.723377
vt 0.569851 0.860546
vt 0.509855 0.891304
vt 0.050633 0.020360
vt 0.054483 0.009972
vt 0.050608 0.010108
vt 0.050611 0.006380
vt 0.550368 0.991423
vt 0.595487 0.853184
vt 0.579809 0.991885
vt 0.610688 0.990791
vt 0.534327 0.991589
vt 0.581976 0.922231
vt 0.524138 0.992580
vt 0.551200 0.942577
vt 0.513692 0.991125
vt 0.183455 0.135750
vt 0.577513 0.991876
vt 0.092993 0.902266
vt 0.288188 0.897990
vt 0.106249 0.899236
vt 0.455427 0.785770
vt 0.462518 0.773709
vt 0.448593 0.774706
vt 0.007279 0.732198
vt 0.074934 0.893962
vt 0.254712 0.899304
vt 0.429029 0.775836
vt 0.576262 0.693319
vt 0.276904 0.901819
vt 0.605923 0.691937
vt 0.605378 0.702748
vt 0.051085 0.651883
vt 0.046783 0.652018
vt 0.012074 0.640311
vt 0.581672 0.847280
vt 0.589102 0.703006
vt 0.588547 0.692675
vt 0.576575 0.703674
vt 0.429020 0.787252
vt 0.389421 0.781370
vt 0.263801 0.902065
vt 0.581194 0.871838
vt 0.595855 0.944321
vt 0.523882 0.958416
vt 0.614912 0.946272
vt 0.611737 0.976732
vt 0.617846 0.927023
vt 0.522987 0.943588
vt 0.535187 0.926177
vt 0.522551 0.928024
vt 0.509415 0.929073
vt 0.007281 0.703722
vt 0.046789 0.693195
vt 0.046802 0.703695
vt 0.051018 0.693226
vt 0.051024 0.682864
vt 0.046786 0.682866
vt 0.549698 0.922748
vt 0.581373 0.943558
vt 0.567618 0.960213
vt 0.596833 0.924509
vt 0.552235 0.959032
vt 0.567622 0.943253
vt 0.012074 0.671162
vt 0.007281 0.682844
vt 0.012073 0.682856
vt 0.051022 0.703685
vt 0.012071 0.693319
vt 0.046951 0.723534
vt 0.593541 0.976622
vt 0.567202 0.921579
vt 0.508196 0.945092
vt 0.012068 0.703714
vt 0.051059 0.721123
vt 0.046868 0.742036
vt 0.007280 0.723425
vt 0.564579 0.991722
vt 0.528784 0.990202
vt 0.075239 0.714619
vt 0.098352 0.713848
vt 0.552920 0.991399
vt 0.542450 0.989749
vt 0.566557 0.990399
vt 0.099296 0.738290
vt 0.099648 0.725365
vt 0.072825 0.738602
vt 0.072626 0.726175
vt 0.525271 0.975127
vt 0.012074 0.661708
vt 0.046784 0.671087
vt 0.007278 0.652326
vt 0.012075 0.652259
vt 0.541294 0.974879
vt 0.553857 0.975333
vt 0.559352 0.990043
vt 0.551590 0.989823
vt 0.051056 0.661676
vt 0.051039 0.671097
vt 0.046783 0.661687
vt 0.007280 0.671228
vt 0.046845 0.715314
vt 0.051037 0.715320
vt 0.051086 0.734329
vt 0.007279 0.661720
vt 0.050629 0.028285
vt 0.050604 0.014743
vt 0.054483 0.020360
vt 0.054480 0.028281
vt 0.050615 0.047450
vt 0.054477 0.042428
vt 0.067144 0.006401
vt 0.064075 0.047456
vt 0.063946 0.006353
vt 0.067188 0.042599
vt 0.050628 0.034328
vt 0.067188 0.045355
vt 0.613150 0.961803
vt 0.054458 0.006394
vt 0.067187 0.034421
vt 0.067189 0.028204
vt 0.056210 0.055287
vt 0.055484 0.052212
vt 0.052912 0.058801
vt 0.052731 0.050594
vt 0.012057 0.723451
vt 0.049703 0.052110
vt 0.064071 0.034162
vt 0.055463 0.057601
vt 0.592445 0.990398
vt 0.064072 0.042633
vt 0.054486 0.037397
vt 0.411358 0.773635
vt 0.379450 0.783580
vt 0.478584 0.774340
vt 0.050618 0.042295
vt 0.064044 0.009982
vt 0.067187 0.020375
vt 0.067191 0.010142
vt 0.064077 0.028198
vt 0.064052 0.020360
vt 0.067187 0.014755
vt 0.054498 0.047458
vt 0.067184 0.037609
vt 0.050633 0.037300
vt 0.064014 0.014736
vt 0.054471 0.034164
vt 0.051121 0.742111
vt 0.486161 0.789689
vt 0.475932 0.786848
vt 0.007279 0.741867
vt 0.486411 0.786833
vt 0.012055 0.732205
vt 0.012056 0.741915
vt 0.064062 0.037589
vt 0.007280 0.693409
vt 0.012062 0.715195
vt 0.046956 0.732050
vt 0.007281 0.715129
vt 0.512138 0.905599
vt 0.861689 0.350343
vt 0.870023 0.290505
vt 0.863444 0.307402
vt 0.862467 0.342070
vt 0.876291 0.271488
vt 0.878025 0.291157
vt 0.877082 0.313114
vt 0.869332 0.313468
vt 0.876096 0.327783
vt 0.867620 0.343800
vt 0.868482 0.326129
vt 0.865130 0.313021
vt 0.858575 0.325484
vt 0.887609 0.294036
vt 0.861778 0.291893
vt 0.889412 0.274035
vt 0.867434 0.273019
vt 0.849991 0.324926
vt 0.857509 0.277311
vt 0.885064 0.305622
vt 0.853097 0.358163
vt 0.883577 0.328539
vt 0.877433 0.303486
vt 0.870423 0.302894
vt 0.870070 0.350573
vt 0.885305 0.313608
vt 0.402310 0.551751
vt 0.433230 0.543984
vt 0.381486 0.543041
vt 0.421325 0.538550
vt 0.573118 0.784343
vt 0.372523 0.544906
vt 0.620772 0.792968
vt 0.618269 0.792968
vt 0.420577 0.544591
vt 0.374134 0.536911
vt 0.374997 0.531154
vt 0.403783 0.531382
vt 0.420231 0.551142
vt 0.402977 0.544436
vt 0.576537 0.788480
vt 0.574513 0.784326
vt 0.576487 0.784245
vt 0.573166 0.788461
vt 0.881591 0.356718
vt 0.421639 0.532890
vt 0.403696 0.537372
vt 0.379588 0.550474
vt 0.376099 0.541938
vt 0.620774 0.796949
vt 0.574562 0.788445
vt 0.578624 0.784092
vt 0.618262 0.796949
vt 0.578676 0.788583
vt 0.381886 0.528590
vt 0.678458 0.973482
vt 0.848750 0.386654
vt 0.666607 0.971786
vt 0.641621 0.987350
vt 0.691292 0.989716
vt 0.618279 0.788860
vt 0.609927 0.788860
vt 0.620775 0.788860
vt 0.612151 0.792968
vt 0.382361 0.536133
vt 0.609930 0.796950
vt 0.609931 0.792965
vt 0.612143 0.788860
vt 0.612143 0.788860
vt 0.612151 0.792968
vt 0.618269 0.792968
vt 0.844116 0.353739
vt 0.859986 0.381433
vt 0.630731 0.989000
vt 0.654230 0.986079
vt 0.618262 0.796949
vt 0.612157 0.796949
vt 0.612157 0.796949
vt 0.758603 0.365153
vt 0.739904 0.356917
vt 0.719260 0.400756
vt 0.715026 0.405571
vt 0.426278 0.137882
vt 0.437394 0.084692
vt 0.076002 0.045391
vt 0.227482 0.121647
vt 0.008553 0.814146
vt 0.581114 0.960253
vt 0.008632 0.802766
vt 0.008797 0.781947
vt 0.037624 0.783809
vt 0.035219 0.812750
vt 0.119381 0.843036
vt 0.126125 0.859306
vt 0.119118 0.859136
vt 0.111135 0.858079
vt 0.101563 0.856706
vt 0.103135 0.835205
vt 0.089804 0.829973
vt 0.090605 0.852924
vt 0.066409 0.823183
vt 0.080734 0.850483
vt 0.134335 0.998689
vt 0.116751 0.998564
vt 0.120231 0.969004
vt 0.134413 0.857094
vt 0.124935 0.948759
vt 0.068677 0.900861
vt 0.068681 0.914367
vt 0.162000 0.968733
vt 0.159565 0.998822
vt 0.138812 0.968890
vt 0.026370 0.952238
vt 0.027817 0.997629
vt 0.055691 0.997731
vt 0.053313 0.952106
vt 0.091343 0.921295
vt 0.092112 0.910904
vt 0.163770 0.945257
vt 0.141821 0.950200
vt 0.116210 0.905269
vt 0.108166 0.908433
vt 0.141160 0.899490
vt 0.126210 0.902017
vt 0.136736 0.882109
vt 0.130615 0.910233
vt 0.156902 0.862263
vt 0.135227 0.869922
vt 0.164535 0.853368
vt 0.151336 0.845687
vt 0.117399 0.916257
vt 0.127349 0.924746
vt 0.123347 0.913439
vt 0.129645 0.917620
vt 0.157952 0.875626
vt 0.679289 0.176705
vt 0.673603 0.174124
vt 0.161548 0.893026
vt 0.164356 0.918173
vt 0.165020 0.923492
vt 0.145030 0.920355
vt 0.146206 0.925582
vt 0.144297 0.909198
vt 0.163787 0.906289
vt 0.684290 0.173985
vt 0.661917 0.140246
vt 0.658692 0.148376
vt 0.669099 0.138044
vt 0.722898 0.228420
vt 0.749951 0.231155
vt 0.680606 0.182539
vt 0.687411 0.196161
vt 0.697313 0.207608
vt 0.761825 0.197134
vt 0.753385 0.203862
vt 0.753044 0.216076
vt 0.723480 0.216354
vt 0.758152 0.208991
vt 0.147227 0.671769
vt 0.751839 0.196836
vt 0.758124 0.194393
vt 0.714712 0.157924
vt 0.610402 0.775593
vt 0.612963 0.775605
vt 0.575834 0.775623
vt 0.572446 0.775462
vt 0.594997 0.774193
vt 0.587539 0.775849
vt 0.253184 0.906895
vt 0.233989 0.924093
vt 0.587474 0.774615
vt 0.593952 0.775673
vt 0.238716 0.884283
vt 0.599393 0.763955
vt 0.813782 0.205297
vt 0.238119 0.912713
vt 0.244172 0.915614
vt 0.215553 0.919665
vt 0.231386 0.916886
vt 0.857609 0.175312
vt 0.195606 0.923657
vt 0.196340 0.917775
vt 0.216644 0.908460
vt 0.180229 0.912289
vt 0.196750 0.905821
vt 0.197213 0.945069
vt 0.180478 0.942778
vt 0.309291 0.890883
vt 0.579535 0.765283
vt 0.205307 0.841881
vt 0.294801 0.900351
vt 0.192499 0.852039
vt 0.219519 0.898460
vt 0.180026 0.905198
vt 0.558359 0.754097
vt 0.270663 0.921107
vt 0.613208 0.774451
vt 0.610246 0.752541
vt 0.619038 0.756034
vt 0.099058 0.768763
vt 0.863224 0.172703
vt 0.098599 0.777331
vt 0.867689 0.165924
vt 0.099351 0.756664
vt 0.875821 0.155560
vt 0.230174 0.909269
vt 0.234702 0.900776
vt 0.269837 0.910287
vt 0.099198 0.747534
vt 0.223628 0.880236
vt 0.605305 0.774289
vt 0.615774 0.766307
vt 0.607098 0.763963
vt 0.778932 0.161422
vt 0.224716 0.867350
vt 0.245409 0.904181
vt 0.308406 0.915091
vt 0.553488 0.742703
vt 0.201419 0.860443
vt 0.294005 0.914715
vt 0.589495 0.742102
vt 0.622279 0.744522
vt 0.397643 0.742352
vt 0.613095 0.742092
vt 0.603189 0.741874
vt 0.601518 0.752808
vt 0.589061 0.753646
vt 0.566507 0.742557
vt 0.359097 0.888502
vt 0.455724 0.737642
vt 0.359095 0.922315
vt 0.289009 0.857691
vt 0.216061 0.925845
vt 0.236020 0.948324
vt 0.180968 0.998993
vt 0.219065 0.949968
vt 0.202137 0.998795
vt 0.222307 0.968401
vt 0.331376 0.997760
vt 0.565875 0.729841
vt 0.466495 0.741157
vt 0.552712 0.731723
vt 0.578222 0.742460
vt 0.199216 0.968519
vt 0.924042 0.106097
vt 0.924572 0.085441
vt 0.307410 0.953341
vt 0.943914 0.094706
vt 0.428849 0.749198
vt 0.414168 0.747741
vt 0.911364 0.036856
vt 0.892112 0.120822
vt 0.973191 0.075077
vt 0.932628 0.150290
vt 0.889087 0.056502
vt 0.472258 0.756497
vt 0.578347 0.753835
vt 0.429452 0.740086
vt 0.293067 0.872833
vt 0.294625 0.887475
vt 0.407473 0.737555
vt 0.304635 0.851194
vt 0.879204 0.100888
vt 0.772816 0.124286
vt 0.336792 0.917899
vt 0.771239 0.139992
vt 0.413536 0.760211
vt 0.416400 0.739472
vt 0.445178 0.738848
vt 0.404779 0.745416
vt 0.913002 0.068497
vt 0.359100 0.960348
vt 0.941697 0.109110
vt 0.870201 0.078616
vt 0.779022 0.124413
vt 0.776613 0.128194
vt 0.768034 0.129580
vt 0.771687 0.129514
vt 0.909086 0.137215
vt 0.903147 0.089990
vt 0.894570 0.073727
vt 0.872648 0.172782
vt 0.180629 0.968317
vt 0.303651 0.997773
vt 0.334170 0.955068
vt 0.240701 0.968539
vt 0.950195 0.071066
vt 0.881528 0.161446
vt 0.930175 0.229461
vt 0.908655 0.230574
vt 0.926886 0.184562
vt 0.836277 0.065292
vt 0.919608 0.212297
vt 0.810147 0.066714
vt 0.960310 0.155149
vt 0.961545 0.108988
vt 0.961727 0.093650
vt 0.887123 0.033924
vt 0.820308 0.090923
vt 0.860334 0.106854
vt 0.851381 0.082870
vt 0.953239 0.215820
vt 0.955066 0.196810
vt 0.244093 0.998521
vt 0.226880 0.998647
vt 0.241504 0.855708
vt 0.234162 0.855892
vt 0.240780 0.838670
vt 0.225243 0.853498
vt 0.878001 0.181217
vt 0.805213 0.080207
vt 0.841216 0.091163
vt 0.801924 0.089262
vt 0.830368 0.095432
vt 0.257146 0.831017
vt 0.270339 0.826104
vt 0.394874 0.758732
vt 0.863797 0.060124
vt 0.953059 0.230376
vt 0.843516 0.108318
vt 0.828488 0.112387
vt 0.279190 0.785567
vt 0.308390 0.870170
vt 0.358448 0.773381
vt 0.293813 0.819410
vt 0.271194 0.850089
vt 0.393172 0.769170
vt 0.359173 0.797339
vt 0.315360 0.777922
vt 0.327735 0.808334
vt 0.359109 0.857587
vt 0.178867 0.859288
vt 0.299493 0.839360
vt 0.457168 0.746441
vt 0.259441 0.853346
vt 0.249789 0.854643
vt 0.429295 0.763258
vt 0.445983 0.748044
vt 0.448207 0.762509
vt 0.234669 0.868439
vt 0.333768 0.864294
vt 0.865026 0.179463
vt 0.778130 0.105546
vt 0.876242 0.135769
vt 0.776910 0.117043
vt 0.883251 0.146753
vt 0.783589 0.134145
vt 0.768161 0.140283
vt 0.797790 0.120243
vt 0.787026 0.129944
vt 0.767792 0.106410
vt 0.911455 0.053196
vt 0.793388 0.127552
vt 0.771822 0.148896
vt 0.768133 0.149632
vt 0.244615 0.891956
vt 0.787582 0.121548
vt 0.809641 0.123405
vt 0.822216 0.315783
vt 0.808045 0.229291
vt 0.786845 0.252270
vt 0.786514 0.232141
vt 0.831558 0.257925
vt 0.854751 0.274030
vt 0.812027 0.248706
vt 0.841641 0.209015
vt 0.850856 0.195609
vt 0.785182 0.297970
vt 0.888298 0.207368
vt 0.839376 0.146631
vt 0.880451 0.235567
vt 0.854328 0.143750
vt 0.790261 0.105686
vt 0.800683 0.105327
vt 0.805758 0.129759
vt 0.767917 0.124243
vt 0.263909 0.998311
vt 0.178578 0.853731
vt 0.768235 0.154503
vt 0.785796 0.142672
vt 0.282891 0.997980
vt 0.777288 0.140018
vt 0.771274 0.179663
vt 0.768327 0.179592
vt 0.783607 0.185117
vt 0.824076 0.127813
vt 0.776461 0.179609
vt 0.816991 0.110330
vt 0.782922 0.178825
vt 0.840515 0.159071
vt 0.781033 0.176962
vt 0.783324 0.154345
vt 0.252366 0.944391
vt 0.308006 0.930442
vt 0.787360 0.149479
vt 0.772054 0.158070
vt 0.773293 0.163357
vt 0.775269 0.158205
vt 0.072602 0.768337
vt 0.284141 0.958443
vt 0.939359 0.048274
vt 0.825130 0.081102
vt 0.793339 0.329430
vt 0.778331 0.315383
vt 0.899738 0.173205
vt 0.359152 0.810106
vt 0.401296 0.769940
vt 0.871891 0.200691
vt 0.859459 0.217220
vt 0.800607 0.302683
vt 0.813844 0.118674
vt 0.787100 0.114312
vt 0.797894 0.127649
vt 0.798865 0.114284
vt 0.779086 0.146366
vt 0.767873 0.116180
vt 0.776964 0.132587
vt 0.793484 0.131569
vt 0.773369 0.191258
vt 0.841287 0.181984
vt 0.771466 0.176270
vt 0.814578 0.130561
vt 0.359106 0.997913
vt 0.400480 0.735128
vt 0.258641 0.965641
vt 0.295499 0.928878
vt 0.781048 0.174922
vt 0.845478 0.189059
vt 0.785790 0.175600
vt 0.812305 0.192327
vt 0.768311 0.176550
vt 0.771466 0.176270
vt 0.787019 0.139297
vt 0.797800 0.147138
vt 0.798827 0.140491
vt 0.786867 0.136358
vt 0.072405 0.755604
vt 0.776540 0.152528
vt 0.275237 0.937883
vt 0.771950 0.159988
vt 0.808008 0.139615
vt 0.810718 0.148942
vt 0.075496 0.780119
vt 0.779289 0.157970
vt 0.775600 0.155440
vt 0.770867 0.154075
vt 0.768225 0.164192
vt 0.776611 0.163356
vt 0.791695 0.142095
vt 0.788993 0.144911
vt 0.788821 0.133435
vt 0.793313 0.147018
vt 0.803998 0.144022
vt 0.797028 0.131689
vt 0.808219 0.134028
vt 0.800958 0.136331
vt 0.791632 0.152478
vt 0.788730 0.181780
vt 0.782684 0.169884
vt 0.780696 0.164807
vt 0.836375 0.198268
vt 0.768360 0.159871
vt 0.768299 0.157955
vt 0.774874 0.160436
vt 0.769471 0.158044
vt 0.769616 0.160065
vt 0.810421 0.181736
vt 0.796225 0.161448
vt 0.821680 0.159994
vt 0.770880 0.171990
vt 0.832534 0.187711
vt 0.600264 0.774207
vt 0.179862 0.891382
vt 0.852433 0.172965
vt 0.198390 0.892363
vt 0.179357 0.872433
vt 0.778548 0.208863
vt 0.581083 0.774508
vt 0.571278 0.764838
vt 0.588115 0.764954
vt 0.573742 0.774133
vt 0.568127 0.753471
vt 0.873820 0.138010
vt 0.783108 0.203152
vt 0.201271 0.874397
vt 0.878204 0.146802
vt 0.865866 0.138263
vt 0.403236 0.759162
vt 0.281828 0.847983
vt 0.331650 0.839824
vt 0.359135 0.823728
vt 0.329966 0.826170
vt 0.772238 0.195735
vt 0.768311 0.176550
vt 0.768427 0.195763
vt 0.778729 0.194151
vt 0.784784 0.196699
vt 0.768457 0.213393
vt 0.768291 0.221405
vt 0.180263 0.917637
vt 0.775032 0.196806
vt 0.783742 0.216285
vt 0.768393 0.190549
vt 0.768620 0.228712
vt 0.789946 0.166698
vt 0.562902 0.765258
vt 0.782738 0.177439
vt 0.788659 0.175492
vt 0.850512 0.176406
vt 0.786786 0.176779
vt 0.829568 0.174991
vt 0.815297 0.140624
vt 0.768342 0.172754
vt 0.773692 0.169672
vt 0.768217 0.165529
vt 0.824521 0.143770
vt 0.840969 0.166907
vt 0.793808 0.173841
vt 0.773336 0.165860
vt 0.789220 0.157306
vt 0.806971 0.169323
vt 0.774637 0.172805
vt 0.072864 0.747268
vt 0.772943 0.156047
vt 0.802661 0.154416
vt 0.785941 0.161588
vt 0.768291 0.168069
vt 0.775193 0.176634
vt 0.785704 0.179890
vt 0.768329 0.180705
vt 0.775797 0.183321
vt 0.783653 0.139225
vt 0.856348 0.181304
vt 0.778637 0.086531
vt 0.791278 0.205567
vt 0.792939 0.185928
vt 0.793232 0.195698
vt 0.768347 0.182761
vt 0.782346 0.189815
vt 0.837940 0.128803
vt 0.864472 0.134931
vt 0.809700 0.047285
vt 0.782670 0.076272
vt 0.589815 0.727856
vt 0.604573 0.729816
vt 0.614130 0.732357
vt 0.624755 0.734204
vt 0.566880 0.775350
vt 0.581877 0.775631
vt 0.577651 0.727882
vt 0.770584 0.181296
vt 0.852351 0.153487
vt 0.776522 0.181370
vt 0.774921 0.186126
vt 0.800890 0.133224
vt 0.795767 0.141901
vt 0.768355 0.184939
vt 0.782565 0.180557
vt 0.853228 0.165835
vt 0.776893 0.177630
vt 0.812465 0.217009
vt 0.461171 0.760588
vt 0.335949 0.889586
vt 0.259798 0.793409
vt 0.242187 0.801659
vt 0.225334 0.820208
vt 0.789711 0.061045
vt 0.932628 0.150290
vt 0.883251 0.146753
vt 0.924042 0.106097
vt 0.894570 0.073727
vt 0.941697 0.109110
vt 0.911364 0.036856
vt 0.980734 0.105645
vt 0.961545 0.108988
vt 0.943914 0.094706
vt 0.960310 0.155149
vt 0.827703 0.040715
vt 0.872648 0.172782
vt 0.859757 0.034719
vt 0.939359 0.048274
vt 0.828488 0.112387
vt 0.860334 0.106854
vt 0.887123 0.033924
vt 0.863797 0.060124
vt 0.919608 0.212297
vt 0.983113 0.216394
vt 0.955066 0.196810
vt 0.926886 0.184562
vt 0.930175 0.229461
vt 0.984148 0.227672
vt 0.908655 0.230574
vt 0.768000 0.331595
vt 0.836277 0.065292
vt 0.810147 0.066714
vt 0.843516 0.108318
vt 0.887337 0.013917
vt 0.870201 0.078616
vt 0.915847 0.020574
vt 0.903147 0.089990
vt 0.879204 0.100888
vt 0.876242 0.135769
vt 0.936187 0.032678
vt 0.892112 0.120822
vt 0.913002 0.068497
vt 0.911455 0.053196
vt 0.889087 0.056502
vt 0.977216 0.090172
vt 0.961727 0.093650
vt 0.924572 0.085441
vt 0.983923 0.157153
vt 0.950195 0.071066
vt 0.881528 0.161446
vt 0.953059 0.230376
vt 0.982352 0.203659
vt 0.953239 0.215820
vt 0.851381 0.082870
vt 0.841216 0.091163
vt 0.820308 0.090923
vt 0.909086 0.137215
vt 0.825130 0.081102
vt 0.830368 0.095432
vt 0.667173 0.938521
vt 0.656009 0.871944
vt 0.643469 0.871747
vt 0.691301 0.871867
vt 0.655355 0.938542
vt 0.656105 0.837967
vt 0.668148 0.871927
vt 0.899738 0.173205
vt 0.878001 0.181217
vt 0.801924 0.089262
vt 0.678759 0.762260
vt 0.678780 0.744501
vt 0.858456 0.341373
vt 0.631203 0.762649
vt 0.691322 0.938616
vt 0.679250 0.938582
vt 0.691342 0.905651
vt 0.630947 0.905538
vt 0.630810 0.962668
vt 0.642863 0.961425
vt 0.643275 0.905642
vt 0.642941 0.938536
vt 0.630960 0.938533
vt 0.691290 0.963210
vt 0.667411 0.744400
vt 0.655511 0.905746
vt 0.691173 0.761730
vt 0.631091 0.744766
vt 0.691178 0.744652
vt 0.678673 0.964004
vt 0.667910 0.905772
vt 0.679477 0.905657
vt 0.768138 0.316456
vt 0.768447 0.294658
vt 0.865026 0.179463
vt 0.785182 0.297970
vt 0.841641 0.209015
vt 0.679919 0.871836
vt 0.630991 0.871446
vt 0.856348 0.181304
vt 0.631468 0.784491
vt 0.857499 0.348793
vt 0.847838 0.335947
vt 0.766780 0.090042
vt 0.808045 0.229291
vt 0.778637 0.086531
vt 0.805213 0.080207
vt 0.778331 0.315383
vt 0.850856 0.195609
vt 0.812027 0.248706
vt 0.793339 0.329430
vt 0.778435 0.056765
vt 0.782670 0.076272
vt 0.770143 0.072002
vt 0.831558 0.257925
vt 0.786845 0.252270
vt 0.786514 0.232141
vt 0.800607 0.302683
vt 0.768098 0.249561
vt 0.888298 0.207368
vt 0.871891 0.200691
vt 0.837940 0.128803
vt 0.839376 0.146631
vt 0.864472 0.134931
vt 0.854328 0.143750
vt 0.880451 0.235567
vt 0.859459 0.217220
vt 0.854751 0.274030
vt 0.768620 0.228712
vt 0.822216 0.315783
vt 0.809700 0.047285
vt 0.800577 0.033223
vt 0.789711 0.061045
vt 0.656243 0.762513
vt 0.303556 0.039164
vt 0.314273 0.007508
vt 0.307910 0.002788
vt 0.283553 0.018326
vt 0.667031 0.784586
vt 0.631261 0.808279
vt 0.691300 0.837915
vt 0.631089 0.837888
vt 0.679484 0.808346
vt 0.667404 0.762500
vt 0.655818 0.784590
vt 0.644910 0.744383
vt 0.644277 0.762527
vt 0.316834 0.021976
vt 0.280387 0.023407
vt 0.309925 0.035794
vt 0.477255 0.876543
vt 0.294737 0.008321
vt 0.691276 0.808271
vt 0.668348 0.837968
vt 0.293468 0.039146
vt 0.300441 0.021886
vt 0.286568 0.038868
vt 0.303076 0.004108
vt 0.656307 0.744403
vt 0.691220 0.784470
vt 0.678772 0.784561
vt 0.666761 0.962752
vt 0.679892 0.837948
vt 0.643663 0.837947
vt 0.643892 0.784572
vt 0.643757 0.808353
vt 0.656020 0.808382
vt 0.318761 0.012688
vt 0.313465 0.030884
vt 0.289285 0.012531
vt 0.667817 0.808375
vt 0.655401 0.962380
vt 0.282064 0.034634
vt 0.277898 0.029489
vt 0.483394 0.876740
vt 0.382676 0.818070
vt 0.421509 0.809129
vt 0.369686 0.834550
vt 0.428907 0.921634
vt 0.442153 0.928262
vt 0.464053 0.919484
vt 0.482536 0.904973
vt 0.396231 0.806330
vt 0.452845 0.815352
vt 0.380519 0.867763
vt 0.397813 0.812741
vt 0.372920 0.851314
vt 0.471552 0.831099
vt 0.407194 0.903231
vt 0.394281 0.887507
vt 0.479909 0.848191
vt 0.442656 0.923604
vt 0.458563 0.881750
vt 0.445301 0.897599
vt 0.426809 0.843719
vt 0.430850 0.918647
vt 0.857720 0.013955
vt 0.820116 0.022712
vt 0.783975 0.381222
vt 0.762659 0.362731
vt 0.773308 0.362983
vt 0.775825 0.369506
vt 0.411503 0.903196
vt 0.418049 0.869548
vt 0.474496 0.849738
vt 0.457213 0.860531
vt 0.419896 0.814181
vt 0.438646 0.833713
vt 0.408284 0.853378
vt 0.374804 0.835478
vt 0.400294 0.835164
vt 0.383416 0.866302
vt 0.386768 0.822523
vt 0.450473 0.820016
vt 0.475565 0.903754
vt 0.376456 0.850125
vt 0.827703 0.040715
vt 0.859757 0.034719
vt 0.460949 0.915370
vt 0.420209 0.829410
vt 0.775581 0.381452
vt 0.766360 0.374342
vt 0.430337 0.884376
vt 0.396546 0.886091
vt 0.446192 0.870789
vt 0.435105 0.857530
vt 0.448235 0.848030
vt 0.264522 0.661273
vt 0.258612 0.674893
vt 0.240257 0.692637
vt 0.794290 0.375281
vt 0.778781 0.373225
vt 0.777398 0.361976
vt 0.783688 0.372137
vt 0.199555 0.677340
vt 0.210232 0.658924
vt 0.217393 0.696773
vt 0.242449 0.621711
vt 0.204587 0.692210
vt 0.222817 0.641399
vt 0.257625 0.634947
vt 0.229772 0.631563
vt 0.467006 0.834340
vt 0.778927 0.364908
vt 0.779081 0.368159
vt 0.784463 0.367057
vt 0.780997 0.358996
vt 0.234342 0.635631
vt 0.261205 0.660632
vt 0.252202 0.637959
vt 0.204987 0.676511
vt 0.216875 0.700609
vt 0.241798 0.627710
vt 0.773132 0.358371
vt 0.783244 0.363356
vt 0.210164 0.687030
vt 0.246368 0.646787
vt 0.763490 0.354531
vt 0.770565 0.347638
vt 0.215023 0.661948
vt 0.745172 0.360666
vt 0.740672 0.356318
vt 0.642615 0.331860
vt 0.758303 0.363762
vt 0.646086 0.338788
vt 0.751723 0.362248
vt 0.745289 0.359657
vt 0.740171 0.340789
vt 0.800110 0.364522
vt 0.622561 0.257083
vt 0.800932 0.357372
vt 0.737839 0.349874
vt 0.789554 0.366766
vt 0.789260 0.360776
vt 0.786443 0.355178
vt 0.758603 0.365153
vt 0.747086 0.329250
vt 0.739904 0.356917
vt 0.646573 0.346518
vt 0.776755 0.353269
vt 0.783579 0.346245
vt 0.638871 0.329161
vt 0.742796 0.332583
vt 0.751642 0.363278
vt 0.737484 0.369884
vt 0.796232 0.350467
vt 0.645972 0.352424
vt 0.736233 0.350457
vt 0.396223 0.448693
vt 0.422083 0.439373
vt 0.385837 0.466480
vt 0.254925 0.672788
vt 0.238096 0.689205
vt 0.240167 0.658233
vt 0.444433 0.483008
vt 0.420142 0.469736
vt 0.438340 0.459363
vt 0.756722 0.444997
vt 0.431895 0.488553
vt 0.380158 0.441710
vt 0.404936 0.432859
vt 0.418708 0.494513
vt 0.226937 0.673887
vt 0.227593 0.644930
vt 0.361167 0.453114
vt 0.376271 0.458977
vt 0.403066 0.479790
vt 0.781496 0.470529
vt 0.570594 0.609694
vt 0.662687 0.573488
vt 0.595532 0.607889
vt 0.695947 0.548343
vt 0.536100 0.614164
vt 0.504825 0.616389
vt 0.604927 0.610442
vt 0.668340 0.579304
vt 0.639531 0.604686
vt 0.506282 0.570820
vt 0.541671 0.544768
vt 0.707696 0.514928
vt 0.714170 0.517772
vt 0.517914 0.557656
vt 0.687064 0.485277
vt 0.717515 0.494214
vt 0.644700 0.490895
vt 0.490556 0.597660
vt 0.495644 0.608768
vt 0.617754 0.613928
vt 0.609818 0.508477
vt 0.689601 0.543625
vt 0.596335 0.599883
vt 0.576932 0.527363
vt 0.580825 0.534334
vt 0.601006 0.570545
vt 0.536901 0.581062
vt 0.545147 0.551396
vt 0.561251 0.576900
vt 0.761023 0.445469
vt 0.523281 0.588539
vt 0.535036 0.606451
vt 0.569830 0.601704
vt 0.512253 0.575745
vt 0.497185 0.597364
vt 0.501683 0.603718
vt 0.508216 0.610006
vt 0.522267 0.562692
vt 0.606022 0.603467
vt 0.686661 0.493069
vt 0.711556 0.497125
vt 0.617449 0.607694
vt 0.635377 0.597827
vt 0.671163 0.523972
vt 0.697855 0.504701
vt 0.640745 0.547489
vt 0.613925 0.515709
vt 0.647122 0.498346
vt 0.746526 0.327209
vt 0.688330 0.336443
vt 0.744336 0.323298
vt 0.705944 0.334801
vt 0.723329 0.331889
vt 0.720961 0.330837
vt 0.643636 0.246209
vt 0.645070 0.266495
vt 0.690747 0.289415
vt 0.690416 0.312353
vt 0.679224 0.311556
vt 0.658343 0.298312
vt 0.728690 0.282964
vt 0.692420 0.237352
vt 0.702481 0.358270
vt 0.687537 0.338408
vt 0.165807 0.622215
vt 0.202470 0.746418
vt 0.160355 0.763821
vt 0.194320 0.758047
vt 0.180084 0.735374
vt 0.197475 0.738410
vt 0.189916 0.719980
vt 0.175784 0.723527
vt 0.114888 0.718096
vt 0.115910 0.715219
vt 0.144914 0.722562
vt 0.103508 0.701053
vt 0.105013 0.753468
vt 0.125045 0.720514
vt 0.123126 0.725608
vt 0.122046 0.728693
vt 0.105703 0.751353
vt 0.105425 0.747221
vt 0.107649 0.696265
vt 0.105220 0.702998
vt 0.117343 0.716176
vt 0.117966 0.714491
vt 0.144960 0.772255
vt 0.144960 0.772255
vt 0.149402 0.713666
vt 0.115852 0.702217
vt 0.137736 0.703774
vt 0.132526 0.715553
vt 0.133453 0.686577
vt 0.126777 0.700707
vt 0.145169 0.699609
vt 0.156182 0.698919
vt 0.130711 0.758028
vt 0.108199 0.746272
vt 0.115087 0.754217
vt 0.125545 0.750927
vt 0.148668 0.807903
vt 0.150023 0.804083
vt 0.141387 0.781424
vt 0.143544 0.807238
vt 0.149522 0.798179
vt 0.143872 0.797183
vt 0.150362 0.655549
vt 0.118151 0.642612
vt 0.122161 0.640834
vt 0.126208 0.641304
vt 0.135329 0.658560
vt 0.126312 0.652073
vt 0.137998 0.655072
vt 0.140461 0.650890
vt 0.149401 0.662278
vt 0.128897 0.648659
vt 0.679966 0.332369
vt 0.640222 0.323278
vt 0.728170 0.312371
vt 0.756334 0.274466
vt 0.705775 0.311270
vt 0.658051 0.312687
vt 0.738291 0.268280
vt 0.691456 0.359107
vt 0.101297 0.698784
vt 0.162179 0.777519
vt 0.193198 0.730249
vt 0.157753 0.753061
vt 0.153451 0.724924
vt 0.118929 0.723589
vt 0.104156 0.745536
vt 0.109303 0.753840
vt 0.131026 0.737241
vt 0.104195 0.698623
vt 0.119054 0.710880
vt 0.116639 0.712835
vt 0.138298 0.759934
vt 0.146915 0.705602
vt 0.130315 0.707489
vt 0.124315 0.690957
vt 0.138886 0.692249
vt 0.137202 0.753862
vt 0.157112 0.703726
vt 0.114990 0.751379
vt 0.114220 0.742955
vt 0.142117 0.807030
vt 0.159908 0.783109
vt 0.141619 0.786367
vt 0.141650 0.796533
vt 0.148326 0.803849
vt 0.143765 0.803123
vt 0.145426 0.653552
vt 0.119438 0.643928
vt 0.121139 0.642935
vt 0.147064 0.776264
vt 0.131377 0.644758
vt 0.648431 0.346841
vt 0.655910 0.346902
vt 0.123789 0.644859
vt 0.177527 0.774533
vt 0.175336 0.782497
vt 0.168554 0.646067
vt 0.170179 0.626716
vt 0.743252 0.311766
vt 0.648837 0.311729
vt 0.666563 0.328843
vt 0.641327 0.312005
vt 0.730814 0.312106
vt 0.728580 0.297918
vt 0.741931 0.331295
vt 0.761373 0.256576
vt 0.743197 0.245467
vt 0.639073 0.327334
vt 0.655682 0.282287
vt 0.647056 0.325008
vt 0.726829 0.267623
vt 0.643490 0.330455
vt 0.709289 0.267888
vt 0.739911 0.269323
vt 0.113171 0.712734
vt 0.745298 0.248298
vt 0.163727 0.781018
vt 0.639395 0.249244
vt 0.172067 0.759313
vt 0.642443 0.267826
vt 0.168261 0.749498
vt 0.748782 0.289926
vt 0.153844 0.738020
vt 0.740020 0.287047
vt 0.116886 0.718436
vt 0.636762 0.270623
vt 0.115983 0.722672
vt 0.628283 0.274118
vt 0.131026 0.737241
vt 0.643040 0.287105
vt 0.124095 0.740593
vt 0.635053 0.290310
vt 0.137242 0.738703
vt 0.730787 0.283698
vt 0.124857 0.744970
vt 0.653412 0.283408
vt 0.108638 0.699850
vt 0.639268 0.301901
vt 0.140828 0.780601
vt 0.647570 0.300164
vt 0.743709 0.301246
vt 0.189093 0.711806
vt 0.737059 0.300140
vt 0.130711 0.758028
vt 0.115125 0.698118
vt 0.655599 0.298779
vt 0.113758 0.694272
vt 0.126059 0.695370
vt 0.654166 0.313343
vt 0.161046 0.714651
vt 0.631608 0.253724
vt 0.647178 0.338317
vt 0.653987 0.335839
vt 0.665037 0.331071
vt 0.679833 0.334912
vt 0.647384 0.353163
vt 0.679841 0.358422
vt 0.176990 0.642101
vt 0.197208 0.787689
vt 0.189893 0.790434
vt 0.737059 0.326849
vt 0.676780 0.237897
vt 0.737958 0.340002
vt 0.713064 0.359149
vt 0.747770 0.271906
vt 0.752365 0.253181
vt 0.728748 0.241440
vt 0.657084 0.242617
vt 0.662405 0.267666
vt 0.677345 0.267572
vt 0.725741 0.297334
vt 0.677524 0.288626
vt 0.706742 0.289911
vt 0.691431 0.267992
vt 0.706153 0.336814
vt 0.710077 0.239224
vt 0.140828 0.780601
vt 0.155545 0.789681
vt 0.170546 0.780961
vt 0.186882 0.759880
vt 0.189197 0.752470
vt 0.171806 0.775276
vt 0.165046 0.740108
vt 0.182818 0.746145
vt 0.114561 0.724149
vt 0.162692 0.725293
vt 0.102478 0.704082
vt 0.117501 0.726279
vt 0.132504 0.721277
vt 0.120496 0.719581
vt 0.138654 0.733472
vt 0.129877 0.728525
vt 0.108703 0.751608
vt 0.127934 0.731849
vt 0.105197 0.700653
vt 0.108966 0.703419
vt 0.120527 0.713661
vt 0.120826 0.716855
vt 0.123823 0.709544
vt 0.130707 0.760045
vt 0.125343 0.716125
vt 0.124826 0.712595
vt 0.131790 0.710815
vt 0.144276 0.713942
vt 0.141825 0.707215
vt 0.137045 0.700760
vt 0.144562 0.692209
vt 0.174143 0.713183
vt 0.171921 0.703874
vt 0.114400 0.745997
vt 0.108117 0.744396
vt 0.125246 0.754764
vt 0.152184 0.798759
vt 0.146920 0.807544
vt 0.152374 0.789159
vt 0.120179 0.639526
vt 0.144223 0.658944
vt 0.121155 0.647836
vt 0.156340 0.655297
vt 0.158363 0.663844
vt 0.174904 0.632519
vt 0.736115 0.311876
vt 0.157576 0.785880
vt 0.141716 0.802721
vt 0.155178 0.782484
vt 0.145389 0.787049
vt 0.120155 0.642148
vt 0.139894 0.662461
vt 0.164278 0.651812
vt 0.170729 0.660147
vt 0.187890 0.766863
vt 0.165302 0.637115
vt 0.196795 0.784133
vt 0.193785 0.784967
vt 0.191601 0.777763
vt 0.185788 0.790194
vt 0.193860 0.659371
vt 0.164854 0.624989
vt 0.183959 0.649206
vt 0.178137 0.654984
vt 0.170614 0.635546
vt 0.195388 0.775834
vt 0.190089 0.642793
vt 0.161803 0.624367
vt 0.167317 0.624866
vt 0.187910 0.791820
vt 0.165470 0.626322
vt 0.199365 0.654487
vt 0.167021 0.629258
vt 0.193316 0.766881
vt 0.162906 0.627016
vt 0.182476 0.638387
vt 0.162976 0.630022
vt 0.187632 0.788301
vt 0.184401 0.783203
vt 0.194381 0.788651
vt 0.713585 0.387857
vt 0.716384 0.380548
vt 0.718799 0.406533
vt 0.700603 0.380994
vt 0.712730 0.392280
vt 0.705784 0.399344
vt 0.707614 0.393108
vt 0.702681 0.399409
vt 0.704446 0.398331
vt 0.721577 0.406034
vt 0.702408 0.366048
vt 0.716046 0.404830
vt 0.718509 0.405080
vt 0.111499 0.777535
vt 0.117443 0.772725
vt 0.122393 0.781234
vt 0.116673 0.786512
vt 0.137111 0.773806
vt 0.115773 0.784134
vt 0.128208 0.769593
vt 0.112938 0.779412
vt 0.131467 0.767063
vt 0.133337 0.765690
vt 0.118812 0.775592
vt 0.123550 0.783527
vt 0.698442 0.397418
vt 0.707154 0.398966
vt 0.707158 0.397620
vt 0.708447 0.399002
vt 0.702899 0.394219
vt 0.709042 0.394573
vt 0.713306 0.401618
vt 0.707768 0.388427
vt 0.708568 0.397674
vt 0.715649 0.402232
vt 0.703519 0.400695
vt 0.702408 0.389250
vt 0.714522 0.400839
vt 0.712490 0.400361
vt 0.709568 0.398251
vt 0.721635 0.403637
vt 0.136622 0.779105
vt 0.132111 0.779408
vt 0.135481 0.778217
vt 0.128330 0.678634
vt 0.131648 0.775548
vt 0.131563 0.673355
vt 0.132116 0.666869
vt 0.135213 0.774327
vt 0.133773 0.666775
vt 0.124454 0.676208
vt 0.127951 0.666795
vt 0.129917 0.679766
vt 0.103197 0.660305
vt 0.101018 0.665266
vt 0.138232 0.666640
vt 0.181211 0.785618
vt 0.159479 0.673158
vt 0.157805 0.679877
vt 0.173832 0.682724
vt 0.172803 0.693061
vt 0.731962 0.406430
vt 0.713853 0.395635
vt 0.138818 0.675612
vt 0.104314 0.663548
vt 0.175734 0.672192
vt 0.188322 0.669837
vt 0.730991 0.408871
vt 0.727594 0.387177
vt 0.729481 0.405764
vt 0.729656 0.408612
vt 0.186148 0.699876
vt 0.185443 0.684583
vt 0.734196 0.403769
vt 0.729227 0.399852
vt 0.713874 0.403464
vt 0.722797 0.395497
vt 0.735286 0.391831
vt 0.677995 0.402940
vt 0.717669 0.390661
vt 0.721204 0.383674
vt 0.711977 0.395214
vt 0.715718 0.397062
vt 0.710391 0.396949
vt 0.714628 0.398235
vt 0.715973 0.400096
vt 0.718081 0.398546
vt 0.716847 0.406785
vt 0.719260 0.400756
vt 0.105685 0.664300
vt 0.171903 0.695919
vt 0.110446 0.661911
vt 0.137668 0.664212
vt 0.145658 0.677116
vt 0.188080 0.667911
vt 0.175314 0.669981
vt 0.185727 0.702047
vt 0.156626 0.686540
vt 0.159124 0.671180
vt 0.144306 0.682769
vt 0.133122 0.682882
vt 0.128764 0.762535
vt 0.147227 0.671769
vt 0.146877 0.669925
vt 0.118270 0.664290
vt 0.115367 0.672417
vt 0.133304 0.684956
vt 0.110056 0.665760
vt 0.126688 0.671916
vt 0.117234 0.668437
vt 0.143748 0.685197
vt 0.107757 0.669225
vt 0.104320 0.665972
vt 0.133514 0.674105
vt 0.105609 0.661760
vt 0.155999 0.689400
vt 0.715026 0.405571
vt 0.708928 0.380021
vt 0.713449 0.399329
vt 0.710797 0.393829
vt 0.724079 0.405278
vt 0.702681 0.399409
vt 0.111733 0.785660
vt 0.111390 0.787711
vt 0.109751 0.781867
vt 0.128310 0.764059
vt 0.107483 0.781173
vt 0.124960 0.767291
vt 0.717204 0.405564
vt 0.658167 0.360741
vt 0.752145 0.376283
vt 0.667783 0.375258
vt 0.732094 0.377146
vt 0.701042 0.398930
vt 0.682037 0.367164
vt 0.687770 0.397058
vt 0.684405 0.380931
vt 0.678753 0.388942
vt 0.699895 0.399700
vt 0.239080 0.029888
vt 0.677340 0.381357
vt 0.701179 0.401080
vt 0.245905 0.006527
vt 0.720526 0.372122
vt 0.235724 0.013747
vt 0.725913 0.363462
vt 0.690831 0.389748
vt 0.689262 0.397116
vt 0.687243 0.389776
vt 0.235376 0.023160
vt 0.277337 0.019059
vt 0.277161 0.012212
vt 0.859758 0.519026
vt 0.247026 0.033405
vt 0.701042 0.398930
vt 0.233507 0.017169
vt 0.884458 0.531461
vt 0.894111 0.504393
vt 0.712967 0.365769
vt 0.852962 0.542819
vt 0.870954 0.542151
vt 0.871398 0.547523
vt 0.831042 0.540654
vt 0.834120 0.537294
vt 0.798034 0.493500
vt 0.817168 0.516709
vt 0.801594 0.492711
vt 0.814057 0.519077
vt 0.844625 0.513582
vt 0.852724 0.547052
vt 0.880418 0.529511
vt 0.255209 0.036380
vt 0.847692 0.491425
vt 0.836648 0.507436
vt 0.272656 0.005121
vt 0.261568 0.004144
vt 0.726365 0.373897
vt 0.731492 0.366503
vt 0.674194 0.373772
vt 0.667929 0.356541
vt 0.737484 0.369884
vt 0.745694 0.373647
vt 0.742775 0.387349
vt 0.739032 0.411892
vt 0.679506 0.400308
vt 0.676503 0.397818
vt 0.681961 0.400689
vt 0.685174 0.400678
vt 0.739635 0.408649
vt 0.741375 0.412965
vt 0.739834 0.415959
vt 0.738368 0.414843
vt 0.680320 0.401836
vt 0.732925 0.415287
vt 0.734564 0.414108
vt 0.745584 0.397756
vt 0.692558 0.399680
vt 0.675572 0.389325
vt 0.693114 0.401302
vt 0.671242 0.382903
vt 0.679390 0.393864
vt 0.680614 0.400583
vt 0.691886 0.395856
vt 0.741090 0.396137
vt 0.695110 0.395433
vt 0.744223 0.404937
vt 0.740423 0.404989
vt 0.693734 0.381307
vt 0.733475 0.407728
vt 0.731426 0.409007
vt 0.742476 0.409209
vt 0.682676 0.402278
vt 0.687770 0.397058
vt 0.692050 0.367105
vt 0.676423 0.394017
vt 0.685186 0.395453
vt 0.678955 0.397470
vt 0.748064 0.390815
vt 0.681997 0.404319
vt 0.732144 0.412570
vt 0.733981 0.411313
vt 0.694935 0.399813
vt 0.694554 0.401157
vt 0.725833 0.412861
vt 0.728653 0.408727
vt 0.725833 0.412861
vt 0.727296 0.406623
vt 0.725251 0.410886
vt 0.726966 0.411362
vt 0.698855 0.395112
vt 0.722036 0.411335
vt 0.697206 0.396962
vt 0.722086 0.408960
vt 0.723355 0.411292
vt 0.696464 0.399965
vt 0.692410 0.402510
vt 0.723868 0.410373
vt 0.689262 0.397116
vt 0.691135 0.401114
vt 0.696881 0.389552
vt 0.695204 0.402403
vt 0.692951 0.403870
vt 0.694822 0.403884
vt 0.827881 0.491173
vt 0.863983 0.492174
vt 0.275904 0.006758
vt 0.269680 0.015484
vt 0.889555 0.503479
vt 0.677920 0.401104
vt 0.683698 0.398988
vt 0.796407 0.473151
vt 0.254072 0.004716
vt 0.878780 0.420528
vt 0.803307 0.453131
vt 0.896871 0.477679
vt 0.827927 0.473224
vt 0.849272 0.476719
vt 0.267841 0.031318
vt 0.262054 0.034604
vt 0.839556 0.444000
vt 0.893262 0.477618
vt 0.850286 0.459893
vt 0.830855 0.455971
vt 0.389421 0.781370
vt 0.478584 0.774340
vt 0.455427 0.785770
vt 0.429020 0.787252
vt 0.448593 0.774706
vt 0.429029 0.775836
vt 0.885190 0.431375
vt 0.890825 0.454897
vt 0.889123 0.429681
vt 0.883111 0.415798
vt 0.861415 0.415870
vt 0.862194 0.410447
vt 0.895054 0.454353
vt 0.865017 0.436581
vt 0.807463 0.454703
vt 0.799973 0.473518
vt 0.255145 0.019448
vt 0.867235 0.458527
vt 0.475932 0.786848
vt 0.410417 0.786642
vt 0.411358 0.773635
vt 0.393410 0.785041
vt 0.331650 0.839824
vt 0.466495 0.741157
vt 0.407473 0.737555
vt 0.429452 0.740086
vt 0.416400 0.739472
vt 0.304635 0.851194
vt 0.822350 0.428293
vt 0.782461 0.448326
vt 0.763822 0.397886
vt 0.760975 0.405092
vt 0.764174 0.445815
vt 0.785425 0.456032
vt 0.772583 0.460101
vt 0.783167 0.460754
vt 0.775162 0.468938
vt 0.778328 0.469304
vt 0.768096 0.451707
vt 0.272803 0.025344
vt 0.864796 0.477178
vt 0.462518 0.773709
vt 0.244615 0.891956
vt 0.234162 0.855892
vt 0.400480 0.735128
vt 0.225243 0.853498
vt 0.397643 0.742352
vt 0.839328 0.410361
vt 0.840407 0.414169
vt 0.824981 0.431139
vt 0.850033 0.437169
vt 0.461171 0.760588
vt 0.335949 0.889586
vt 0.413536 0.760211
vt 0.428849 0.749198
vt 0.333768 0.864294
vt 0.429295 0.763258
vt 0.401296 0.769940
vt 0.445983 0.748044
vt 0.394874 0.758732
vt 0.448207 0.762509
vt 0.414168 0.747741
vt 0.472258 0.756497
vt 0.445178 0.738848
vt 0.455724 0.737642
vt 0.289009 0.857691
vt 0.281828 0.847983
vt 0.299493 0.839360
vt 0.294625 0.887475
vt 0.293067 0.872833
vt 0.329966 0.826170
vt 0.551240 0.136086
vt 0.219519 0.898460
vt 0.640853 0.090623
vt 0.643582 0.099096
vt 0.644693 0.104707
vt 0.641967 0.164828
vt 0.634335 0.224572
vt 0.238716 0.884283
vt 0.223628 0.880236
vt 0.641951 0.219953
vt 0.234702 0.900776
vt 0.571797 0.079168
vt 0.309291 0.890883
vt 0.457168 0.746441
vt 0.404779 0.745416
vt 0.393172 0.769170
vt 0.403236 0.759162
vt 0.308390 0.870170
vt 0.515293 0.201478
vt 0.529536 0.187746
vt 0.639019 0.104475
vt 0.536383 0.016085
vt 0.497151 0.217795
vt 0.504000 0.211139
vt 0.505378 0.229847
vt 0.501409 0.223459
vt 0.521777 0.220453
vt 0.542775 0.012490
vt 0.549102 0.008731
vt 0.540426 0.172778
vt 0.512577 0.223971
vt 0.234669 0.868439
vt 0.557975 0.046538
vt 0.573890 0.164157
vt 0.560263 0.137318
vt 0.582238 0.174516
vt 0.551904 0.219804
vt 0.560452 0.021747
vt 0.521510 0.209944
vt 0.535899 0.219174
vt 0.508482 0.217377
vt 0.224716 0.867350
vt 0.646928 0.129063
vt 0.601249 0.044895
vt 0.585876 0.038139
vt 0.638387 0.099635
vt 0.591671 0.176952
vt 0.571477 0.151441
vt 0.645666 0.113603
vt 0.573523 0.031885
vt 0.646431 0.145608
vt 0.645898 0.160467
vt 0.574064 0.107278
vt 0.574514 0.089110
vt 0.574670 0.137913
vt 0.569287 0.138550
vt 0.642934 0.212627
vt 0.642806 0.203778
vt 0.631396 0.240693
vt 0.633493 0.194765
vt 0.605263 0.164074
vt 0.632033 0.208317
vt 0.619770 0.142792
vt 0.630226 0.175174
vt 0.622529 0.246855
vt 0.591920 0.235523
vt 0.551220 0.163302
vt 0.612333 0.244431
vt 0.593416 0.161625
vt 0.559750 0.181329
vt 0.585505 0.137792
vt 0.561236 0.210366
vt 0.576542 0.151400
vt 0.594566 0.149838
vt 0.547047 0.155568
vt 0.544808 0.175190
vt 0.614689 0.168574
vt 0.646173 0.180161
vt 0.616298 0.157336
vt 0.632558 0.188937
vt 0.635249 0.235220
vt 0.608495 0.140351
vt 0.606517 0.152231
vt 0.574299 0.215386
vt 0.563592 0.167003
vt 0.553633 0.194808
vt 0.573014 0.174130
vt 0.544567 0.207363
vt 0.534016 0.192032
vt 0.566617 0.224811
vt 0.622458 0.171874
vt 0.570862 0.125501
vt 0.576242 0.229153
vt 0.651285 0.193571
vt 0.560811 0.042361
vt 0.619074 0.091787
vt 0.547614 0.033412
vt 0.620601 0.128649
vt 0.631003 0.114673
vt 0.606513 0.071065
vt 0.639834 0.113921
vt 0.598602 0.064182
vt 0.639473 0.129215
vt 0.630726 0.101858
vt 0.578964 0.049230
vt 0.568549 0.036383
vt 0.556032 0.027085
vt 0.621248 0.114100
vt 0.613274 0.082263
vt 0.595123 0.139008
vt 0.558600 0.149615
vt 0.578219 0.163112
vt 0.612852 0.051618
vt 0.567992 0.070456
vt 0.596757 0.051458
vt 0.563543 0.059530
vt 0.607311 0.059077
vt 0.574003 0.069756
vt 0.580311 0.092795
vt 0.623249 0.078822
vt 0.580087 0.205172
vt 0.591395 0.097716
vt 0.589262 0.110685
vt 0.579589 0.108337
vt 0.571809 0.185798
vt 0.584378 0.191310
vt 0.577471 0.077675
vt 0.586928 0.124528
vt 0.575372 0.125597
vt 0.638490 0.144770
vt 0.621313 0.221187
vt 0.637849 0.161620
vt 0.626400 0.159804
vt 0.584931 0.219390
vt 0.629570 0.144208
vt 0.591178 0.210049
vt 0.599497 0.224988
vt 0.595916 0.196692
vt 0.617602 0.233019
vt 0.623414 0.187672
vt 0.604611 0.214403
vt 0.614408 0.183427
vt 0.602585 0.179515
vt 0.623640 0.205736
vt 0.608435 0.200065
vt 0.585403 0.150289
vt 0.586513 0.161186
vt 0.639425 0.086103
vt 0.628545 0.090516
vt 0.616068 0.066356
vt 0.624077 0.060794
vt 0.583416 0.044772
vt 0.567807 0.199409
vt 0.635336 0.088693
vt 0.634143 0.072494
vt 0.627486 0.076257
vt 0.630955 0.129616
vt 0.621056 0.102885
vt 0.570838 0.058571
vt 0.591790 0.056328
vt 0.494463 0.184089
vt 0.486120 0.194478
vt 0.479057 0.202206
vt 0.511018 0.023099
vt 0.596375 0.125973
vt 0.630452 0.226346
vt 0.639990 0.213805
vt 0.637123 0.227339
vt 0.636101 0.101589
vt 0.599095 0.112293
vt 0.582880 0.068723
vt 0.609823 0.127825
vt 0.519619 0.039375
vt 0.525017 0.057530
vt 0.644158 0.089514
vt 0.646989 0.100536
vt 0.642395 0.162487
vt 0.610784 0.113811
vt 0.607729 0.090732
vt 0.646309 0.164579
vt 0.527665 0.073652
vt 0.526977 0.086729
vt 0.639306 0.100960
vt 0.639618 0.102135
vt 0.647153 0.101859
vt 0.512346 0.157489
vt 0.600018 0.087563
vt 0.645058 0.220526
vt 0.602832 0.072460
vt 0.596363 0.074531
vt 0.525118 0.115615
vt 0.526369 0.101576
vt 0.522068 0.130605
vt 0.520601 0.134640
vt 0.518209 0.142926
vt 0.525653 0.133673
vt 0.588738 0.076472
vt 0.610708 0.102517
vt 0.573964 0.050273
vt 0.584225 0.058091
vt 0.591513 0.087186
vt 0.600070 0.098435
vt 0.505986 0.168297
vt 0.507040 0.232260
vt 0.523096 0.223185
vt 0.552915 0.006867
vt 0.578035 0.061192
vt 0.590573 0.066598
vt 0.590381 0.238227
vt 0.648853 0.113102
vt 0.623456 0.250457
vt 0.604900 0.040150
vt 0.536484 0.222178
vt 0.589648 0.033296
vt 0.575257 0.026884
vt 0.649608 0.145289
vt 0.638144 0.195058
vt 0.645692 0.214439
vt 0.552158 0.223216
vt 0.513842 0.226521
vt 0.563761 0.018368
vt 0.574767 0.231650
vt 0.610548 0.247858
vt 0.645566 0.204554
vt 0.649958 0.129244
vt 0.648844 0.162247
vt 0.638134 0.234993
vt 0.633967 0.242353
vt 0.615519 0.047571
vt 0.636521 0.071470
vt 0.654109 0.195569
vt 0.633530 0.191056
vt 0.649261 0.179402
vt 0.565223 0.227639
vt 0.642034 0.085838
vt 0.626922 0.057803
vt 0.600468 0.406859
vt 0.499716 0.407388
vt 0.499123 0.459159
vt 0.477619 0.445422
vt 0.515404 0.401954
vt 0.475711 0.426047
vt 0.775914 0.416427
vt 0.888819 0.388401
vt 0.758512 0.415086
vt 0.779123 0.437508
vt 0.695544 0.417674
vt 0.668402 0.407608
vt 0.683024 0.462142
vt 0.633666 0.404705
vt 0.558408 0.404499
vt 0.521806 0.469998
vt 0.756855 0.426607
vt 0.540538 0.403442
vt 0.708976 0.431419
vt 0.486031 0.416638
vt 0.777390 0.427158
vt 0.769738 0.405909
vt 0.756290 0.437228
vt 0.639019 0.104475
vt 0.526676 0.131002
vt 0.644693 0.104707
vt 0.516928 0.159463
vt 0.525642 0.135427
vt 0.529512 0.115753
vt 0.522767 0.144580
vt 0.634335 0.224572
vt 0.640853 0.090623
vt 0.643582 0.099096
vt 0.641967 0.164828
vt 0.641081 0.087813
vt 0.641951 0.219953
vt 0.701692 0.446592
vt 0.687678 0.433068
vt 0.678151 0.454983
vt 0.558196 0.411954
vt 0.482743 0.428960
vt 0.695884 0.441500
vt 0.701635 0.431546
vt 0.691324 0.423071
vt 0.515644 0.021622
vt 0.523745 0.037696
vt 0.525458 0.018550
vt 0.534565 0.035415
vt 0.540542 0.410792
vt 0.533416 0.437993
vt 0.525928 0.462310
vt 0.484950 0.441571
vt 0.663905 0.435287
vt 0.489212 0.210495
vt 0.489679 0.198064
vt 0.482911 0.205573
vt 0.495660 0.203353
vt 0.503427 0.451305
vt 0.635274 0.488556
vt 0.666387 0.413590
vt 0.633565 0.411102
vt 0.600861 0.413481
vt 0.516819 0.409231
vt 0.509874 0.432948
vt 0.659708 0.476534
vt 0.550437 0.486052
vt 0.564539 0.503074
vt 0.530265 0.056586
vt 0.532641 0.072974
vt 0.532018 0.101427
vt 0.533354 0.085646
vt 0.503949 0.415466
vt 0.490042 0.421463
vt 0.655469 0.468688
vt 0.631607 0.480253
vt 0.638366 0.440452
vt 0.605517 0.499666
vt 0.540761 0.054900
vt 0.544181 0.072128
vt 0.575387 0.450605
vt 0.556984 0.479225
vt 0.887825 0.375345
vt 0.605631 0.449206
vt 0.603054 0.490967
vt 0.881001 0.363312
vt 0.568310 0.497276
vt 0.876952 0.368573
vt 0.536508 0.136818
vt 0.532358 0.149693
vt 0.544028 0.116724
vt 0.551240 0.136086
vt 0.894937 0.365945
vt 0.885370 0.363440
vt 0.890465 0.370308
vt 0.888888 0.361047
vt 0.510547 0.170941
vt 0.525187 0.165226
vt 0.854491 0.391904
vt 0.867274 0.380254
vt 0.860754 0.385373
vt 0.866494 0.399286
vt 0.853446 0.403665
vt 0.850508 0.398789
vt 0.859761 0.401466
vt 0.872930 0.396916
vt 0.848150 0.404965
vt 0.359647 0.235648
vt 0.755458 0.463557
vt 0.332311 0.228513
vt 0.747054 0.474154
vt 0.312198 0.236444
vt 0.349648 0.226270
vt 0.763022 0.469798
vt 0.765575 0.490016
vt 0.761918 0.494491
vt 0.754678 0.485680
vt 0.360366 0.248418
vt 0.893200 0.361077
vt 0.874074 0.372314
vt 0.885543 0.382888
vt 0.880165 0.393739
vt 0.253161 0.273751
vt 0.343828 0.244883
vt 0.274751 0.242983
vt 0.354757 0.248095
vt 0.348320 0.271839
vt 0.286912 0.371207
vt 0.233338 0.354154
vt 0.239267 0.320796
vt 0.297848 0.354393
vt 0.237464 0.397339
vt 0.231952 0.380102
vt 0.316589 0.325085
vt 0.336823 0.295525
vt 0.294595 0.344887
vt 0.259631 0.394535
vt 0.353817 0.274929
vt 0.314715 0.243559
vt 0.290144 0.243883
vt 0.347285 0.232417
vt 0.334498 0.235811
vt 0.358904 0.261318
vt 0.334637 0.255037
vt 0.354246 0.238086
vt 0.351683 0.259707
vt 0.291039 0.350882
vt 0.241255 0.355353
vt 0.276538 0.370772
vt 0.248930 0.380978
vt 0.331218 0.291151
vt 0.311849 0.317037
vt 0.260818 0.361877
vt 0.540426 0.172778
vt 0.529536 0.187746
vt 0.505560 0.192844
vt 0.517740 0.176620
vt 0.310896 0.270494
vt 0.241624 0.392461
vt 0.239110 0.379596
vt 0.291122 0.251185
vt 0.256239 0.387274
vt 0.272388 0.329218
vt 0.247269 0.322492
vt 0.784747 0.485594
vt 0.783439 0.493085
vt 0.260550 0.277007
vt 0.276487 0.248564
vt 0.291362 0.289912
vt 0.786524 0.489789
vt 0.497151 0.217795
vt 0.504000 0.211139
vt 0.549102 0.008731
vt 0.515293 0.201478
vt 0.498722 0.187522
vt 0.536383 0.016085
vt 0.406606 0.237317
vt 0.358670 0.279293
vt 0.404975 0.231497
vt 0.336031 0.315741
vt 0.388476 0.350239
vt 0.414945 0.330713
vt 0.498083 0.260141
vt 0.485447 0.243295
vt 0.735581 0.453882
vt 0.738120 0.459097
vt 0.751236 0.459823
vt 0.445553 0.243779
vt 0.742118 0.465793
vt 0.809172 0.402357
vt 0.780154 0.478491
vt 0.772007 0.475264
vt 0.781911 0.482690
vt 0.772655 0.490115
vt 0.353861 0.382679
vt 0.778679 0.490974
vt 0.296816 0.410819
vt 0.317237 0.402154
vt 0.376644 0.253392
vt 0.303993 0.378083
vt 0.324366 0.338231
vt 0.443397 0.312944
vt 0.469457 0.247400
vt 0.474212 0.296355
vt 0.742153 0.455445
vt 0.485536 0.276352
vt 0.793796 0.388634
vt 0.786246 0.398682
vt 0.364669 0.283362
vt 0.381248 0.257791
vt 0.303016 0.403741
vt 0.315216 0.384321
vt 0.420972 0.241453
vt 0.444529 0.250512
vt 0.468659 0.253152
vt 0.469454 0.292240
vt 0.482699 0.248847
vt 0.425116 0.279413
vt 0.492819 0.259658
vt 0.439957 0.307418
vt 0.418990 0.247745
vt 0.471157 0.265464
vt 0.451156 0.270597
vt 0.480964 0.273780
vt 0.317975 0.393831
vt 0.350959 0.376153
vt 0.342492 0.320791
vt 0.362932 0.329241
vt 0.799240 0.397405
vt 0.803554 0.403032
vt 0.389725 0.299520
vt 0.311887 0.379075
vt 0.346874 0.352778
vt 0.410751 0.324867
vt 0.383602 0.344614
vt 0.329605 0.344026
vt 0.535899 0.219174
vt 0.551904 0.219804
vt 0.545791 0.103969
vt 0.548516 0.088389
vt 0.554415 0.118587
vt 0.558346 0.101572
vt 0.521510 0.209944
vt 0.508482 0.217377
vt 0.512577 0.223971
vt 0.521777 0.220453
vt 0.501409 0.223459
vt 0.542775 0.012490
vt 0.557975 0.046538
vt 0.560452 0.021747
vt 0.582238 0.174516
vt 0.418890 0.350324
vt 0.407893 0.404733
vt 0.395387 0.412855
vt 0.895187 0.574952
vt 0.361872 0.393107
vt 0.374635 0.381845
vt 0.385800 0.373975
vt 0.486047 0.347203
vt 0.366751 0.394770
vt 0.821506 0.555648
vt 0.377430 0.417890
vt 0.800307 0.432440
vt 0.789119 0.444737
vt 0.788696 0.427423
vt 0.790789 0.450547
vt 0.787318 0.393166
vt 0.377337 0.385294
vt 0.468286 0.320785
vt 0.481346 0.344378
vt 0.481159 0.314086
vt 0.439040 0.335247
vt 0.786923 0.408879
vt 0.797578 0.439015
vt 0.423763 0.394174
vt 0.400700 0.362731
vt 0.806943 0.413393
vt 0.788661 0.418440
vt 0.465731 0.316237
vt 0.484457 0.326180
vt 0.365528 0.407239
vt 0.804484 0.421236
vt 0.789056 0.389464
vt 0.795048 0.445076
vt 0.795545 0.392722
vt 0.461958 0.368184
vt 0.440751 0.381636
vt 0.476073 0.332982
vt 0.484153 0.309211
vt 0.489276 0.325773
vt 0.787752 0.438944
vt 0.505378 0.229847
vt 0.554130 0.052204
vt 0.569287 0.138550
vt 0.642934 0.212627
vt 0.570862 0.125501
vt 0.642806 0.203778
vt 0.645898 0.160467
vt 0.646431 0.145608
vt 0.645666 0.113603
vt 0.646928 0.129063
vt 0.560263 0.137318
vt 0.571477 0.151441
vt 0.573890 0.164157
vt 0.573523 0.031885
vt 0.585876 0.038139
vt 0.557032 0.070890
vt 0.591671 0.176952
vt 0.638387 0.099635
vt 0.601249 0.044895
vt 0.574670 0.137913
vt 0.975367 0.013366
vt 0.977061 0.037071
vt 0.974860 0.033047
vt 0.965639 0.037401
vt 0.965517 0.040719
vt 0.859690 0.559484
vt 0.858665 0.574951
vt 0.885788 0.575748
vt 0.886697 0.560656
vt 0.825208 0.564025
vt 0.421489 0.353645
vt 0.895791 0.567238
vt 0.847498 0.559225
vt 0.968329 0.042484
vt 0.879909 0.560329
vt 0.971263 0.040931
vt 0.420679 0.390381
vt 0.436593 0.378926
vt 0.458484 0.364602
vt 0.441742 0.338746
vt 0.393012 0.407892
vt 0.384223 0.395181
vt 0.394552 0.387370
vt 0.971386 0.037614
vt 0.970942 0.030663
vt 0.968574 0.035849
vt 0.961538 0.013364
vt 0.966357 0.030556
vt 0.987339 0.020281
vt 0.994251 0.032255
vt 0.869337 0.559754
vt 0.869034 0.574721
vt 0.830884 0.558527
vt 0.831180 0.571770
vt 0.427983 0.365060
vt 0.895150 0.560142
vt 0.847429 0.575112
vt 0.878661 0.575298
vt 0.404040 0.366473
vt 0.410189 0.376780
vt 0.449169 0.351100
vt 0.370204 0.404576
vt 0.379043 0.412819
vt 0.388098 0.377552
vt 0.404644 0.400957
vt 0.574064 0.107278
vt 0.622529 0.246855
vt 0.622458 0.171874
vt 0.544808 0.175190
vt 0.547047 0.155568
vt 0.558600 0.149615
vt 0.651285 0.193571
vt 0.632558 0.188937
vt 0.646173 0.180161
vt 0.630226 0.175174
vt 0.619770 0.142792
vt 0.614689 0.168574
vt 0.633493 0.194765
vt 0.616298 0.157336
vt 0.949564 0.020279
vt 0.961535 0.064966
vt 0.965960 0.047670
vt 0.994251 0.046080
vt 0.970942 0.030663
vt 0.976956 0.041657
vt 0.970217 0.036355
vt 0.949564 0.020279
vt 0.961538 0.013364
vt 0.966357 0.030556
vt 0.949563 0.058050
vt 0.962332 0.032757
vt 0.942652 0.032253
vt 0.966899 0.036232
vt 0.975363 0.064969
vt 0.977061 0.037071
vt 0.994251 0.032255
vt 0.987339 0.020281
vt 0.970546 0.047777
vt 0.974860 0.033047
vt 0.974571 0.045576
vt 0.987338 0.058055
vt 0.994251 0.046080
vt 0.974571 0.045576
vt 0.959841 0.041261
vt 0.959947 0.036676
vt 0.962332 0.032757
vt 0.962042 0.045285
vt 0.975367 0.013366
vt 0.966686 0.041978
vt 0.970004 0.042101
vt 0.971769 0.039289
vt 0.959841 0.041261
vt 0.962042 0.045285
vt 0.959947 0.036676
vt 0.942653 0.046077
vt 0.961535 0.064966
vt 0.965133 0.039044
vt 0.965960 0.047670
vt 0.975363 0.064969
vt 0.970546 0.047777
vt 0.987338 0.058055
vt 0.976956 0.041657
vt 0.949563 0.058050
vt 0.942653 0.046077
vt 0.942652 0.032253
vt 0.566617 0.224811
vt 0.591920 0.235523
vt 0.534016 0.192032
vt 0.551220 0.163302
vt 0.612333 0.244431
vt 0.576242 0.229153
vt 0.585403 0.150289
vt 0.586513 0.161186
vt 0.578219 0.163112
vt 0.544567 0.207363
vt 0.585505 0.137792
vt 0.595123 0.139008
vt 0.594566 0.149838
vt 0.553633 0.194808
vt 0.561236 0.210366
vt 0.631396 0.240693
vt 0.635249 0.235220
vt 0.632033 0.208317
vt 0.608495 0.140351
vt 0.605263 0.164074
vt 0.606517 0.152231
vt 0.593416 0.161625
vt 0.574299 0.215386
vt 0.563592 0.167003
vt 0.573014 0.174130
vt 0.559750 0.181329
vt 0.182622 0.825947
vt 0.188447 0.833529
vt 0.660020 0.225913
vt 0.662804 0.203364
vt 0.189080 0.821333
vt 0.539466 0.674294
vt 0.535232 0.629541
vt 0.512915 0.655712
vt 0.529725 0.626777
vt 0.533796 0.633028
vt 0.178670 0.839599
vt 0.521300 0.626637
vt 0.175596 0.840270
vt 0.174102 0.835940
vt 0.517981 0.632226
vt 0.513556 0.634940
vt 0.661682 0.198439
vt 0.673283 0.204721
vt 0.663848 0.206607
vt 0.675759 0.200226
vt 0.657501 0.217734
vt 0.658370 0.211102
vt 0.656702 0.230160
vt 0.661505 0.223262
vt 0.669173 0.227679
vt 0.654528 0.218814
vt 0.668489 0.224638
vt 0.649345 0.219643
vt 0.534514 0.636525
vt 0.538252 0.633492
vt 0.194502 0.829132
vt 0.512720 0.674286
vt 0.529207 0.630658
vt 0.522036 0.630435
vt 0.173815 0.831930
vt 0.172106 0.834149
vt 0.175077 0.837587
vt 0.516064 0.629083
vt 0.517196 0.636042
vt 0.655356 0.209885
vt 0.683535 0.211336
vt 0.671319 0.207438
vt 0.651128 0.207109
vt 0.535209 0.655999
vt 0.517503 0.674286
vt 0.517502 0.655818
vt 0.539459 0.656015
vt 0.669479 0.233169
vt 0.535187 0.674281
vt 0.576542 0.151400
vt 0.626400 0.159804
vt 0.579589 0.108337
vt 0.629570 0.144208
vt 0.586928 0.124528
vt 0.637849 0.161620
vt 0.638490 0.144770
vt 0.604611 0.214403
vt 0.591178 0.210049
vt 0.623414 0.187672
vt 0.621313 0.221187
vt 0.584931 0.219390
vt 0.599497 0.224988
vt 0.608435 0.200065
vt 0.617602 0.233019
vt 0.595916 0.196692
vt 0.623640 0.205736
vt 0.614408 0.183427
vt 0.589262 0.110685
vt 0.453286 0.610488
vt 0.601330 0.252462
vt 0.599719 0.252887
vt 0.461598 0.610547
vt 0.446530 0.619499
vt 0.470154 0.619095
vt 0.466295 0.620667
vt 0.447633 0.612434
vt 0.467785 0.612608
vt 0.659384 0.104518
vt 0.663595 0.103222
vt 0.686904 0.107022
vt 0.678232 0.112875
vt 0.680671 0.122817
vt 0.698686 0.095307
vt 0.693170 0.096508
vt 0.687598 0.080723
vt 0.688743 0.097346
vt 0.669313 0.078688
vt 0.666565 0.114692
vt 0.678742 0.212900
vt 0.598332 0.253563
vt 0.671474 0.084026
vt 0.672556 0.088303
vt 0.465571 0.616178
vt 0.449570 0.620273
vt 0.605161 0.253189
vt 0.449744 0.615579
vt 0.603417 0.251526
vt 0.461454 0.614239
vt 0.661063 0.092309
vt 0.655905 0.089689
vt 0.653780 0.105920
vt 0.685006 0.085503
vt 0.675849 0.213398
vt 0.663580 0.119449
vt 0.668784 0.110959
vt 0.682891 0.089599
vt 0.690413 0.109946
vt 0.679232 0.117324
vt 0.674507 0.220585
vt 0.677070 0.222083
vt 0.695401 0.112898
vt 0.682060 0.225370
vt 0.664832 0.094416
vt 0.598017 0.255550
vt 0.453997 0.614483
vt 0.602585 0.179515
vt 0.575372 0.125597
vt 0.571809 0.185798
vt 0.591395 0.097716
vt 0.567807 0.199409
vt 0.567992 0.070456
vt 0.580311 0.092795
vt 0.584378 0.191310
vt 0.577471 0.077675
vt 0.574003 0.069756
vt 0.571797 0.079168
vt 0.580087 0.205172
vt 0.574514 0.089110
vt 0.561337 0.085890
vt 0.563543 0.059530
vt 0.453112 0.725488
vt 0.462602 0.722627
vt 0.455329 0.722502
vt 0.448292 0.710327
vt 0.628583 0.322320
vt 0.633134 0.318355
vt 0.467741 0.709442
vt 0.451596 0.709442
vt 0.472030 0.693943
vt 0.445955 0.657781
vt 0.610136 0.268876
vt 0.607230 0.260448
vt 0.445890 0.625108
vt 0.465245 0.726082
vt 0.449504 0.625483
vt 0.467127 0.624874
vt 0.621100 0.313926
vt 0.470944 0.624494
vt 0.471111 0.710236
vt 0.602129 0.271484
vt 0.599561 0.263486
vt 0.627108 0.310083
vt 0.468097 0.693952
vt 0.445872 0.643550
vt 0.605742 0.281999
vt 0.434798 0.585204
vt 0.451978 0.551711
vt 0.441363 0.568910
vt 0.480786 0.573206
vt 0.368615 0.901229
vt 0.389486 0.914256
vt 0.381370 0.887663
vt 0.377384 0.890214
vt 0.449125 0.643539
vt 0.615279 0.304201
vt 0.474847 0.605047
vt 0.368199 0.892971
vt 0.482229 0.598705
vt 0.367754 0.896620
vt 0.450874 0.694145
vt 0.450475 0.674662
vt 0.383164 0.889098
vt 0.486713 0.585029
vt 0.446912 0.693130
vt 0.385363 0.892224
vt 0.485359 0.592369
vt 0.378620 0.897559
vt 0.467944 0.643474
vt 0.449755 0.657563
vt 0.436243 0.566153
vt 0.468087 0.657679
vt 0.373224 0.920392
vt 0.446556 0.674423
vt 0.467380 0.606530
vt 0.473135 0.600500
vt 0.377233 0.894152
vt 0.373882 0.892031
vt 0.400185 0.907498
vt 0.472391 0.657165
vt 0.472338 0.674869
vt 0.468157 0.675038
vt 0.617574 0.288811
vt 0.609978 0.292708
vt 0.622300 0.299980
vt 0.471961 0.643255
vt 0.613686 0.278765
vt 0.431366 0.585276
vt 0.461830 0.606027
vt 0.453004 0.556120
vt 0.485101 0.579309
vt 0.630726 0.101858
vt 0.639473 0.129215
vt 0.628545 0.090516
vt 0.635336 0.088693
vt 0.627486 0.076257
vt 0.623249 0.078822
vt 0.616068 0.066356
vt 0.583416 0.044772
vt 0.639425 0.086103
vt 0.634143 0.072494
vt 0.607311 0.059077
vt 0.612852 0.051618
vt 0.596757 0.051458
vt 0.624077 0.060794
vt 0.631003 0.114673
vt 0.630955 0.129616
vt 0.639834 0.113921
vt 0.556119 0.329045
vt 0.596375 0.125973
vt 0.609823 0.127825
vt 0.600070 0.098435
vt 0.530874 0.337826
vt 0.552399 0.331530
vt 0.524647 0.338666
vt 0.532784 0.344541
vt 0.596363 0.074531
vt 0.562226 0.325077
vt 0.558893 0.332488
vt 0.562675 0.338586
vt 0.610784 0.113811
vt 0.501908 0.340744
vt 0.509398 0.348843
vt 0.525179 0.343887
vt 0.501668 0.345819
vt 0.537307 0.336143
vt 0.517140 0.338897
vt 0.579966 0.311865
vt 0.537810 0.350034
vt 0.566708 0.321331
vt 0.553469 0.335357
vt 0.576357 0.327267
vt 0.545086 0.340301
vt 0.599095 0.112293
vt 0.565265 0.328061
vt 0.569840 0.334272
vt 0.576053 0.317115
vt 0.573280 0.314649
vt 0.509429 0.337843
vt 0.517214 0.343718
vt 0.539528 0.342095
vt 0.580677 0.320782
vt 0.586535 0.311392
vt 0.584102 0.314976
vt 0.509264 0.342856
vt 0.525640 0.349724
vt 0.548389 0.346467
vt 0.590510 0.317795
vt 0.587242 0.316486
vt 0.580184 0.306344
vt 0.517672 0.347440
vt 0.589400 0.312847
vt 0.746472 0.804706
vt 0.530489 0.350654
vt 0.582648 0.308421
vt 0.607729 0.090732
vt 0.602832 0.072460
vt 0.550829 0.332294
vt 0.543618 0.334519
vt 0.600018 0.087563
vt 0.610708 0.102517
vt 0.591513 0.087186
vt 0.733439 0.633950
vt 0.709643 0.663451
vt 0.709421 0.624793
vt 0.713606 0.654062
vt 0.708961 0.641319
vt 0.709017 0.659147
vt 0.705325 0.644513
vt 0.744707 0.618168
vt 0.737306 0.750454
vt 0.721480 0.635447
vt 0.720673 0.632880
vt 0.716357 0.861522
vt 0.717391 0.804716
vt 0.737096 0.915460
vt 0.739755 0.804872
vt 0.732109 0.969503
vt 0.744548 0.916288
vt 0.716077 0.627750
vt 0.739471 0.859739
vt 0.714356 0.918103
vt 0.717404 0.979416
vt 0.715314 0.633032
vt 0.705762 0.639969
vt 0.738158 0.614274
vt 0.732212 0.621546
vt 0.740208 0.615591
vt 0.716619 0.752466
vt 0.735711 0.624842
vt 0.711693 0.616057
vt 0.724602 0.615052
vt 0.738343 0.971369
vt 0.727132 0.984192
vt 0.724025 0.640900
vt 0.715795 0.635138
vt 0.721088 0.628094
vt 0.724277 0.979647
vt 0.715869 0.958876
vt 0.613274 0.082263
vt 0.606513 0.071065
vt 0.619074 0.091787
vt 0.598602 0.064182
vt 0.621248 0.114100
vt 0.621056 0.102885
vt 0.547614 0.033412
vt 0.591790 0.056328
vt 0.568549 0.036383
vt 0.560811 0.042361
vt 0.570838 0.058571
vt 0.573964 0.050273
vt 0.590573 0.066598
vt 0.578964 0.049230
vt 0.556032 0.027085
vt 0.620601 0.128649
vt 0.588738 0.076472
vt 0.584225 0.058091
vt 0.582880 0.068723
vt 0.578035 0.061192
vt 0.569767 0.323835
vt 0.739755 0.804872
vt 0.554304 0.341995
vt 0.577428 0.309939
vt 0.502505 0.336119
vt 0.592567 0.314116
vt 0.709018 0.612414
vt 0.746578 0.860430
vt 0.466375 0.586503
vt 0.479758 0.579707
vt 0.502811 0.814534
vt 0.470312 0.590079
vt 0.480506 0.590792
vt 0.481677 0.586074
vt 0.477142 0.596279
vt 0.476660 0.573256
vt 0.509135 0.822882
vt 0.469621 0.815613
vt 0.507377 0.827895
vt 0.505649 0.819179
vt 0.501048 0.810280
vt 0.466374 0.602735
vt 0.460365 0.601049
vt 0.493848 0.810384
vt 0.499124 0.819534
vt 0.715314 0.633032
vt 0.720673 0.632880
vt 0.728004 0.619420
vt 0.721480 0.635447
vt 0.715869 0.958876
vt 0.705762 0.639969
vt 0.724277 0.979647
vt 0.717404 0.979416
vt 0.732212 0.621546
vt 0.735856 0.612029
vt 0.738158 0.614274
vt 0.747775 0.610969
vt 0.735711 0.624842
vt 0.724025 0.640900
vt 0.745349 0.749903
vt 0.713606 0.654062
vt 0.717391 0.804716
vt 0.711424 0.807486
vt 0.711264 0.862529
vt 0.708653 0.918724
vt 0.737096 0.915460
vt 0.714356 0.918103
vt 0.708961 0.641319
vt 0.715795 0.635138
vt 0.710851 0.960950
vt 0.713453 0.985667
vt 0.716357 0.861522
vt 0.739471 0.859739
vt 0.700159 0.641696
vt 0.732109 0.969503
vt 0.740208 0.615591
vt 0.747708 0.602629
vt 0.744707 0.618168
vt 0.747422 0.618990
vt 0.567418 0.642885
vt 0.709018 0.612414
vt 0.725712 0.608813
vt 0.703064 0.663157
vt 0.733439 0.633950
vt 0.737306 0.750454
vt 0.741213 0.629054
vt 0.709643 0.663451
vt 0.709421 0.624793
vt 0.704040 0.666284
vt 0.724602 0.615052
vt 0.716619 0.752466
vt 0.710036 0.752645
vt 0.705325 0.644513
vt 0.716077 0.627750
vt 0.711693 0.616057
vt 0.701281 0.625322
vt 0.709017 0.659147
vt 0.699602 0.645718
vt 0.587803 0.666769
vt 0.577333 0.653454
vt 0.566650 0.648771
vt 0.358042 0.609759
vt 0.213549 0.795023
vt 0.481099 0.631957
vt 0.210519 0.788427
vt 0.485242 0.626762
vt 0.369285 0.617258
vt 0.391827 0.598475
vt 0.375962 0.581164
vt 0.354347 0.620429
vt 0.362195 0.622319
vt 0.342341 0.601577
vt 0.353037 0.567944
vt 0.336092 0.610555
vt 0.477969 0.831868
vt 0.487515 0.629915
vt 0.502839 0.634556
vt 0.506645 0.722401
vt 0.484839 0.730831
vt 0.499470 0.629871
vt 0.500751 0.627080
vt 0.504824 0.630670
vt 0.162275 0.823567
vt 0.499139 0.727321
vt 0.170823 0.824049
vt 0.212414 0.788402
vt 0.486474 0.726998
vt 0.341617 0.609344
vt 0.346304 0.614476
vt 0.398288 0.598742
vt 0.372646 0.622430
vt 0.363439 0.629053
vt 0.344024 0.619381
vt 0.352332 0.625634
vt 0.490964 0.848021
vt 0.500352 0.731845
vt 0.485184 0.634274
vt 0.215556 0.793167
vt 0.347121 0.603640
vt 0.355535 0.573141
vt 0.167050 0.827892
vt 0.166071 0.818478
vt 0.502095 0.720748
vt 0.581625 0.634522
vt 0.623382 0.663851
vt 0.611992 0.629668
vt 0.625970 0.651897
vt 0.611394 0.638838
vt 0.684227 0.638085
vt 0.674859 0.627528
vt 0.666409 0.691811
vt 0.684680 0.628050
vt 0.670000 0.669826
vt 0.676364 0.719079
vt 0.661834 0.618097
vt 0.674549 0.649808
vt 0.668405 0.656187
vt 0.662120 0.630355
vt 0.671733 0.699679
vt 0.690892 0.612773
vt 0.668152 0.617932
vt 0.764532 0.019395
vt 0.643193 0.024501
vt 0.764532 0.074611
vt 0.643193 0.067869
vt 0.649145 0.629817
vt 0.655424 0.625424
vt 0.651564 0.634090
vt 0.584725 0.641445
vt 0.643220 0.074599
vt 0.601220 0.628556
vt 0.645949 0.680555
vt 0.584032 0.674420
vt 0.609534 0.675014
vt 0.565615 0.635123
vt 0.546795 0.648984
vt 0.629116 0.656841
vt 0.618267 0.658332
vt 0.641535 0.632827
vt 0.643210 0.052074
vt 0.651134 0.648380
vt 0.642640 0.685583
vt 0.657129 0.673892
vt 0.660267 0.659145
vt 0.662485 0.609957
vt 0.683139 0.722856
vt 0.676364 0.719079
vt 0.687121 0.705761
vt 0.693447 0.625919
vt 0.691238 0.640626
vt 0.666217 0.607872
vt 0.657734 0.607126
vt 0.673666 0.739351
vt 0.668965 0.721038
vt 0.680349 0.593093
vt 0.663184 0.602218
vt 0.577333 0.653454
vt 0.567418 0.642885
vt 0.604766 0.669228
vt 0.677616 0.589909
vt 0.584725 0.641445
vt 0.618267 0.658332
vt 0.602944 0.635305
vt 0.610195 0.662067
vt 0.643222 0.045130
vt 0.754752 0.044944
vt 0.587803 0.666769
vt 0.566688 0.658296
vt 0.566650 0.648771
vt 0.619787 0.638469
vt 0.696797 0.617668
vt 0.693002 0.630473
vt 0.756710 0.051807
vt 0.641098 0.642650
vt 0.644697 0.629282
vt 0.657881 0.689585
vt 0.645501 0.641988
vt 0.643210 0.038151
vt 0.690892 0.612773
vt 0.761818 0.024955
vt 0.674859 0.627528
vt 0.665681 0.600911
vt 0.683798 0.697044
vt 0.686744 0.624183
vt 0.643216 0.019472
vt 0.761744 0.067645
vt 0.625970 0.651897
vt 0.604766 0.669228
vt 0.684227 0.638085
vt 0.756477 0.038099
vt 0.611394 0.638838
vt 0.560297 0.653287
vt 0.644922 0.654926
vt 0.668152 0.617932
vt 0.680349 0.593093
vt 0.677024 0.669908
vt 0.695661 0.615919
vt 0.684680 0.628050
vt 0.662120 0.630355
vt 0.687517 0.610290
vt 0.668510 0.605857
vt 0.610195 0.662067
vt 0.617788 0.668239
vt 0.659908 0.634903
vt 0.633401 0.664450
vt 0.637653 0.665401
vt 0.686744 0.624183
vt 0.677300 0.624107
vt 0.671975 0.616698
vt 0.662485 0.609957
vt 0.666217 0.607872
vt 0.695661 0.615919
vt 0.602944 0.635305
vt 0.618730 0.631647
vt 0.619787 0.638469
vt 0.506728 0.660621
vt 0.484699 0.683126
vt 0.183899 0.804835
vt 0.480194 0.683053
vt 0.503193 0.683547
vt 0.506819 0.683577
vt 0.506728 0.704394
vt 0.502869 0.704165
vt 0.480354 0.719982
vt 0.484390 0.703537
vt 0.484580 0.719865
vt 0.178819 0.818383
vt 0.480285 0.703501
vt 0.173985 0.811927
vt 0.506536 0.645186
vt 0.188738 0.811350
vt 0.668510 0.605857
vt 0.686967 0.670333
vt 0.008407 0.173200
vt 0.003795 0.173195
vt 0.025814 0.173195
vt 0.034017 0.205882
vt 0.025814 0.191991
vt 0.021820 0.173193
vt 0.021813 0.191979
vt 0.671733 0.699679
vt 0.668405 0.656187
vt 0.660267 0.659145
vt 0.479934 0.660307
vt 0.199725 0.803460
vt 0.484798 0.659766
vt 0.206470 0.789723
vt 0.034001 0.192259
vt 0.034003 0.195971
vt 0.013378 0.100897
vt 0.034002 0.200235
vt 0.003800 0.100895
vt 0.008280 0.100894
vt 0.017263 0.100899
vt 0.034007 0.186173
vt 0.021714 0.100898
vt 0.485050 0.642014
vt 0.194776 0.796750
vt 0.017272 0.191994
vt 0.210360 0.796690
vt 0.503418 0.660089
vt 0.503315 0.642845
vt 0.025819 0.100895
vt 0.008409 0.192004
vt 0.013346 0.192033
vt 0.655424 0.625424
vt 0.677024 0.669908
vt 0.662969 0.703011
vt 0.666409 0.691811
vt 0.649145 0.629817
vt 0.003799 0.110129
vt 0.003795 0.191991
vt 0.685544 0.651529
vt 0.013358 0.173202
vt 0.034004 0.180784
vt 0.480103 0.643852
vt 0.653417 0.620411
vt 0.651564 0.634090
vt 0.659908 0.634903
vt 0.661834 0.618097
vt 0.674549 0.649808
vt 0.670000 0.669826
vt 0.671975 0.616698
vt 0.677300 0.624107
vt 0.644922 0.654926
vt 0.645501 0.641988
vt 0.651134 0.648380
vt 0.657881 0.689585
vt 0.629313 0.643554
vt 0.641098 0.642650
vt 0.653911 0.706243
vt 0.646234 0.693111
vt 0.637653 0.665401
vt 0.631644 0.658829
vt 0.645949 0.680555
vt 0.657129 0.673892
vt 0.634200 0.627741
vt 0.641535 0.632827
vt 0.643112 0.621408
vt 0.008328 0.110105
vt 0.065905 0.049363
vt 0.062177 0.006361
vt 0.043256 0.185975
vt 0.025818 0.110129
vt 0.017240 0.110101
vt 0.043292 0.190912
vt 0.017240 0.125340
vt 0.041020 0.195873
vt 0.008359 0.125324
vt 0.013374 0.125318
vt 0.003799 0.125336
vt 0.003796 0.139016
vt 0.021782 0.152086
vt 0.008400 0.152101
vt 0.003795 0.152096
vt 0.035886 0.200110
vt 0.041030 0.200039
vt 0.040992 0.192378
vt 0.035859 0.205975
vt 0.043326 0.198485
vt 0.008386 0.139016
vt 0.021757 0.139016
vt 0.041001 0.180909
vt 0.067188 0.047718
vt 0.025817 0.125336
vt 0.013355 0.139016
vt 0.021698 0.110113
vt 0.041000 0.186309
vt 0.013376 0.110119
vt 0.025815 0.139016
vt 0.025814 0.152096
vt 0.013358 0.152100
vt 0.017271 0.152087
vt 0.035838 0.180862
vt 0.041042 0.205966
vt 0.035900 0.195878
vt 0.021725 0.125344
vt 0.017264 0.139017
vt 0.017281 0.173201
vt 0.687517 0.610290
vt 0.644697 0.629282
g yasuo_instrument_mat
usemtl Hero_Yasuo_mat
f 8/8/8 6/6/6 7/7/7
f 7/7/7 6/6/6 5/5/5
f 4/4/4 3/3/3 2/2/2
f 2/2/2 3/3/3 10/10/10
f 1/1/1 17/17/17 9/9/9
f 18/18/18 17/17/17 1/1/1
f 18/18/18 16/16/16 17/17/17
f 15/15/15 16/16/16 18/18/18
f 15/15/15 13/13/13 16/16/16
f 12/12/12 13/13/13 15/15/15
f 12/12/12 14/14/14 13/13/13
f 11/11/11 14/14/14 12/12/12
g yasuo_base_weapon_mat
usemtl Hero_Yasuo_mat
f 93/93/93 84/84/84 100/100/100
f 100/100/100 95/95/95 93/93/93
f 97/97/97 95/95/95 100/100/100
f 97/97/97 96/96/96 95/95/95
f 98/98/98 96/96/96 97/97/97
f 98/98/98 51/51/51 96/96/96
f 96/96/96 51/51/51 71/71/71
f 51/51/51 90/90/90 71/71/71
f 95/95/95 94/94/94 93/93/93
f 96/96/96 94/94/94 95/95/95
f 71/71/71 94/94/94 96/96/96
f 57/57/57 94/94/94 71/71/71
f 71/71/71 90/90/90 57/57/57
f 90/90/90 79/79/79 57/57/57
f 48/48/48 55/55/55 59/59/59
f 50/50/50 55/55/55 48/48/48
f 70/70/70 50/50/50 48/48/48
f 72/72/72 50/50/50 70/70/70
f 72/72/72 70/70/70 73/73/73
f 72/72/72 73/73/73 49/49/49
f 73/73/73 106/106/106 49/49/49
f 50/50/50 56/56/56 55/55/55
f 50/50/50 72/72/72 56/56/56
f 72/72/72 49/49/49 56/56/56
f 49/49/49 103/103/103 56/56/56
f 34/34/34 103/103/103 49/49/49
f 49/49/49 106/106/106 34/34/34
f 34/34/34 106/106/106 104/104/104
f 104/104/104 106/106/106 38/38/38
f 37/37/37 104/104/104 38/38/38
f 37/37/37 38/38/38 36/36/36
f 55/55/55 56/56/56 91/91/91
f 103/103/103 91/91/91 56/56/56
f 92/92/92 91/91/91 103/103/103
f 92/92/92 103/103/103 105/105/105
f 105/105/105 103/103/103 102/102/102
f 102/102/102 103/103/103 104/104/104
f 104/104/104 103/103/103 34/34/34
f 102/102/102 107/107/107 105/105/105
f 39/39/39 107/107/107 102/102/102
f 39/39/39 102/102/102 37/37/37
f 37/37/37 102/102/102 104/104/104
f 33/33/33 107/107/107 39/39/39
f 33/33/33 39/39/39 36/36/36
f 36/36/36 39/39/39 37/37/37
f 35/35/35 107/107/107 33/33/33
f 54/54/54 77/77/77 61/61/61
f 54/54/54 83/83/83 77/77/77
f 46/46/46 83/83/83 54/54/54
f 46/46/46 54/54/54 43/43/43
f 43/43/43 54/54/54 42/42/42
f 54/54/54 87/87/87 42/42/42
f 62/62/62 87/87/87 54/54/54
f 61/61/61 62/62/62 54/54/54
f 60/60/60 62/62/62 61/61/61
f 83/83/83 30/30/30 77/77/77
f 29/29/29 30/30/30 83/83/83
f 83/83/83 69/69/69 29/29/29
f 83/83/83 46/46/46 69/69/69
f 69/69/69 46/46/46 47/47/47
f 46/46/46 76/76/76 47/47/47
f 43/43/43 76/76/76 46/46/46
f 29/29/29 99/99/99 30/30/30
f 29/29/29 26/26/26 99/99/99
f 25/25/25 26/26/26 29/29/29
f 29/29/29 69/69/69 25/25/25
f 69/69/69 40/40/40 25/25/25
f 47/47/47 40/40/40 69/69/69
f 78/78/78 40/40/40 47/47/47
f 47/47/47 82/82/82 78/78/78
f 76/76/76 82/82/82 47/47/47
f 30/30/30 99/99/99 28/28/28
f 99/99/99 20/20/20 28/28/28
f 19/19/19 20/20/20 99/99/99
f 26/26/26 19/19/19 99/99/99
f 21/21/21 19/19/19 26/26/26
f 26/26/26 23/23/23 21/21/21
f 25/25/25 23/23/23 26/26/26
f 24/24/24 23/23/23 25/25/25
f 25/25/25 40/40/40 24/24/24
f 52/52/52 24/24/24 40/40/40
f 78/78/78 52/52/52 40/40/40
f 80/80/80 28/28/28 20/20/20
f 66/66/66 80/80/80 20/20/20
f 20/20/20 87/87/87 66/66/66
f 42/42/42 87/87/87 20/20/20
f 42/42/42 20/20/20 43/43/43
f 43/43/43 20/20/20 19/19/19
f 21/21/21 43/43/43 19/19/19
f 67/67/67 80/80/80 66/66/66
f 66/66/66 81/81/81 67/67/67
f 66/66/66 85/85/85 81/81/81
f 87/87/87 85/85/85 66/66/66
f 62/62/62 85/85/85 87/87/87
f 64/64/64 85/85/85 62/62/62
f 60/60/60 64/64/64 62/62/62
f 88/88/88 64/64/64 60/60/60
f 88/88/88 65/65/65 64/64/64
f 67/67/67 81/81/81 75/75/75
f 81/81/81 65/65/65 75/75/75
f 85/85/85 65/65/65 81/81/81
f 64/64/64 65/65/65 85/85/85
f 76/76/76 43/43/43 21/21/21
f 21/21/21 82/82/82 76/76/76
f 22/22/22 82/82/82 21/21/21
f 21/21/21 23/23/23 22/22/22
f 101/101/101 22/22/22 23/23/23
f 24/24/24 101/101/101 23/23/23
f 31/31/31 101/101/101 24/24/24
f 31/31/31 24/24/24 52/52/52
f 82/82/82 22/22/22 68/68/68
f 68/68/68 22/22/22 44/44/44
f 44/44/44 22/22/22 101/101/101
f 101/101/101 45/45/45 44/44/44
f 86/86/86 45/45/45 101/101/101
f 32/32/32 86/86/86 101/101/101
f 31/31/31 32/32/32 101/101/101
f 68/68/68 78/78/78 82/82/82
f 63/63/63 78/78/78 68/68/68
f 68/68/68 41/41/41 63/63/63
f 44/44/44 41/41/41 68/68/68
f 45/45/45 41/41/41 44/44/44
f 45/45/45 74/74/74 41/41/41
f 86/86/86 74/74/74 45/45/45
f 32/32/32 74/74/74 86/86/86
f 27/27/27 74/74/74 32/32/32
f 27/27/27 32/32/32 31/31/31
f 27/27/27 31/31/31 53/53/53
f 53/53/53 31/31/31 52/52/52
f 63/63/63 52/52/52 78/78/78
f 89/89/89 52/52/52 63/63/63
f 63/63/63 41/41/41 89/89/89
f 41/41/41 74/74/74 89/89/89
f 89/89/89 74/74/74 58/58/58
f 58/58/58 74/74/74 53/53/53
f 53/53/53 74/74/74 27/27/27
f 58/58/58 52/52/52 89/89/89
f 53/53/53 52/52/52 58/58/58
g yasuo_base_mat
usemtl Hero_Yasuo_mat
f 244/244/244 148/148/148 208/208/208
f 206/206/206 208/208/208 148/148/148
f 148/148/148 139/139/139 206/206/206
f 206/206/206 139/139/139 137/137/137
f 137/137/137 139/139/139 117/117/117
f 117/117/117 139/139/139 193/193/193
f 193/193/193 119/119/119 117/117/117
f 192/192/192 119/119/119 193/193/193
f 192/192/192 118/118/118 119/119/119
f 189/189/189 118/118/118 192/192/192
f 189/189/189 143/143/143 118/118/118
f 118/118/118 143/143/143 202/202/202
f 202/202/202 143/143/143 144/144/144
f 143/143/143 145/145/145 144/144/144
f 243/243/243 202/202/202 144/144/144
f 191/191/191 135/135/135 136/136/136
f 116/116/116 135/135/135 191/191/191
f 116/116/116 191/191/191 108/108/108
f 108/108/108 191/191/191 121/121/121
f 121/121/121 190/190/190 108/108/108
f 108/108/108 190/190/190 219/219/219
f 219/219/219 190/190/190 195/195/195
f 195/195/195 190/190/190 132/132/132
f 122/122/122 135/135/135 116/116/116
f 116/116/116 188/188/188 122/122/122
f 116/116/116 108/108/108 188/188/188
f 188/188/188 108/108/108 185/185/185
f 185/185/185 108/108/108 112/112/112
f 112/112/112 108/108/108 219/219/219
f 221/221/221 112/112/112 219/219/219
f 219/219/219 195/195/195 221/221/221
f 122/122/122 188/188/188 123/123/123
f 186/186/186 112/112/112 221/221/221
f 325/325/325 343/343/343 168/168/168
f 328/328/328 343/343/343 325/325/325
f 325/325/325 330/330/330 328/328/328
f 325/325/325 336/336/336 330/330/330
f 329/329/329 336/336/336 325/325/325
f 329/329/329 261/261/261 336/336/336
f 336/336/336 261/261/261 264/264/264
f 261/261/261 344/344/344 264/264/264
f 298/298/298 343/343/343 328/328/328
f 298/298/298 328/328/328 319/319/319
f 319/319/319 328/328/328 324/324/324
f 328/328/328 330/330/330 324/324/324
f 324/324/324 330/330/330 331/331/331
f 331/331/331 330/330/330 332/332/332
f 332/332/332 330/330/330 339/339/339
f 339/339/339 330/330/330 336/336/336
f 133/133/133 343/343/343 298/298/298
f 313/313/313 343/343/343 133/133/133
f 310/310/310 343/343/343 313/313/313
f 324/324/324 331/331/331 319/319/319
f 319/319/319 331/331/331 307/307/307
f 331/331/331 326/326/326 307/307/307
f 331/331/331 340/340/340 326/326/326
f 332/332/332 340/340/340 331/331/331
f 332/332/332 339/339/339 340/340/340
f 340/340/340 339/339/339 327/327/327
f 339/339/339 334/334/334 327/327/327
f 339/339/339 336/336/336 334/334/334
f 334/334/334 336/336/336 264/264/264
f 307/307/307 309/309/309 319/319/319
f 320/320/320 309/309/309 307/307/307
f 307/307/307 346/346/346 320/320/320
f 307/307/307 326/326/326 346/346/346
f 326/326/326 301/301/301 346/346/346
f 326/326/326 276/276/276 301/301/301
f 340/340/340 276/276/276 326/326/326
f 340/340/340 282/282/282 276/276/276
f 327/327/327 282/282/282 340/340/340
f 319/319/319 309/309/309 298/298/298
f 298/298/298 309/309/309 299/299/299
f 299/299/299 309/309/309 345/345/345
f 345/345/345 309/309/309 320/320/320
f 320/320/320 346/346/346 311/311/311
f 346/346/346 349/349/349 311/311/311
f 306/306/306 349/349/349 346/346/346
f 346/346/346 301/301/301 306/306/306
f 300/300/300 306/306/306 301/301/301
f 300/300/300 301/301/301 287/287/287
f 287/287/287 301/301/301 276/276/276
f 287/287/287 276/276/276 278/278/278
f 278/278/278 276/276/276 282/282/282
f 278/278/278 282/282/282 275/275/275
f 275/275/275 282/282/282 308/308/308
f 327/327/327 308/308/308 282/282/282
f 306/306/306 273/273/273 349/349/349
f 297/297/297 273/273/273 306/306/306
f 297/297/297 306/306/306 300/300/300
f 300/300/300 303/303/303 297/297/297
f 300/300/300 302/302/302 303/303/303
f 287/287/287 302/302/302 300/300/300
f 278/278/278 302/302/302 287/287/287
f 317/317/317 302/302/302 278/278/278
f 275/275/275 317/317/317 278/278/278
f 323/323/323 273/273/273 297/297/297
f 297/297/297 303/303/303 323/323/323
f 347/347/347 323/323/323 303/303/303
f 347/347/347 303/303/303 315/315/315
f 315/315/315 303/303/303 302/302/302
f 315/315/315 302/302/302 164/164/164
f 164/164/164 302/302/302 317/317/317
f 164/164/164 317/317/317 158/158/158
f 158/158/158 317/317/317 279/279/279
f 279/279/279 317/317/317 275/275/275
f 321/321/321 273/273/273 323/323/323
f 321/321/321 323/323/323 262/262/262
f 262/262/262 323/323/323 263/263/263
f 263/263/263 323/323/323 347/347/347
f 347/347/347 316/316/316 263/263/263
f 347/347/347 284/284/284 316/316/316
f 315/315/315 284/284/284 347/347/347
f 315/315/315 288/288/288 284/284/284
f 164/164/164 288/288/288 315/315/315
f 164/164/164 283/283/283 288/288/288
f 158/158/158 283/283/283 164/164/164
f 124/124/124 283/283/283 158/158/158
f 158/158/158 279/279/279 124/124/124
f 263/263/263 267/267/267 262/262/262
f 322/322/322 267/267/267 263/263/263
f 263/263/263 316/316/316 322/322/322
f 289/289/289 322/322/322 316/316/316
f 289/289/289 316/316/316 281/281/281
f 281/281/281 316/316/316 284/284/284
f 281/281/281 284/284/284 338/338/338
f 338/338/338 284/284/284 288/288/288
f 288/288/288 283/283/283 338/338/338
f 338/338/338 283/283/283 294/294/294
f 283/283/283 266/266/266 294/294/294
f 266/266/266 283/283/283 124/124/124
f 293/293/293 267/267/267 322/322/322
f 293/293/293 322/322/322 289/289/289
f 289/289/289 286/286/286 293/293/293
f 289/289/289 292/292/292 286/286/286
f 281/281/281 292/292/292 289/289/289
f 281/281/281 291/291/291 292/292/292
f 338/338/338 291/291/291 281/281/281
f 338/338/338 852/852/852 291/291/291
f 294/294/294 852/852/852 338/338/338
f 294/294/294 876/876/876 852/852/852
f 294/294/294 266/266/266 876/876/876
f 285/285/285 267/267/267 293/293/293
f 293/293/293 290/290/290 285/285/285
f 293/293/293 286/286/286 290/290/290
f 286/286/286 159/159/159 290/290/290
f 157/157/157 159/159/159 286/286/286
f 292/292/292 157/157/157 286/286/286
f 155/155/155 157/157/157 292/292/292
f 155/155/155 292/292/292 153/153/153
f 153/153/153 292/292/292 291/291/291
f 153/153/153 291/291/291 126/126/126
f 126/126/126 291/291/291 852/852/852
f 285/285/285 290/290/290 295/295/295
f 290/290/290 165/165/165 295/295/295
f 159/159/159 165/165/165 290/290/290
f 126/126/126 852/852/852 152/152/152
f 152/152/152 852/852/852 875/875/875
f 852/852/852 876/876/876 875/875/875
f 876/876/876 851/851/851 875/875/875
f 876/876/876 268/268/268 851/851/851
f 266/266/266 268/268/268 876/876/876
f 124/124/124 268/268/268 266/266/266
f 152/152/152 875/875/875 125/125/125
f 125/125/125 875/875/875 853/853/853
f 875/875/875 851/851/851 853/853/853
f 851/851/851 838/838/838 853/853/853
f 851/851/851 269/269/269 838/838/838
f 268/268/268 269/269/269 851/851/851
f 269/269/269 268/268/268 265/265/265
f 265/265/265 268/268/268 260/260/260
f 260/260/260 268/268/268 124/124/124
f 124/124/124 277/277/277 260/260/260
f 124/124/124 279/279/279 277/277/277
f 125/125/125 853/853/853 196/196/196
f 196/196/196 853/853/853 874/874/874
f 853/853/853 838/838/838 874/874/874
f 279/279/279 275/275/275 277/277/277
f 277/277/277 275/275/275 270/270/270
f 308/308/308 270/270/270 275/275/275
f 304/304/304 270/270/270 308/308/308
f 304/304/304 308/308/308 337/337/337
f 337/337/337 308/308/308 333/333/333
f 333/333/333 308/308/308 327/327/327
f 327/327/327 334/334/334 333/333/333
f 277/277/277 270/270/270 274/274/274
f 274/274/274 270/270/270 296/296/296
f 304/304/304 296/296/296 270/270/270
f 305/305/305 296/296/296 304/304/304
f 337/337/337 305/305/305 304/304/304
f 314/314/314 305/305/305 337/337/337
f 337/337/337 318/318/318 314/314/314
f 335/335/335 318/318/318 337/337/337
f 333/333/333 335/335/335 337/337/337
f 334/334/334 335/335/335 333/333/333
f 260/260/260 277/277/277 274/274/274
f 274/274/274 271/271/271 260/260/260
f 274/274/274 296/296/296 271/271/271
f 271/271/271 296/296/296 272/272/272
f 272/272/272 296/296/296 348/348/348
f 348/348/348 296/296/296 305/305/305
f 348/348/348 305/305/305 341/341/341
f 341/341/341 305/305/305 314/314/314
f 314/314/314 312/312/312 341/341/341
f 318/318/318 312/312/312 314/314/314
f 318/318/318 350/350/350 312/312/312
f 335/335/335 350/350/350 318/318/318
f 260/260/260 271/271/271 265/265/265
f 312/312/312 350/350/350 351/351/351
f 351/351/351 350/350/350 352/352/352
f 352/352/352 350/350/350 280/280/280
f 342/342/342 280/280/280 350/350/350
f 342/342/342 350/350/350 335/335/335
f 334/334/334 342/342/342 335/335/335
f 264/264/264 342/342/342 334/334/334
f 264/264/264 344/344/344 342/342/342
f 344/344/344 280/280/280 342/342/342
f 883/883/883 892/892/892 905/905/905
f 905/905/905 892/892/892 929/929/929
f 892/892/892 933/933/933 929/929/929
f 934/934/934 933/933/933 892/892/892
f 934/934/934 882/882/882 933/933/933
f 933/933/933 882/882/882 921/921/921
f 882/882/882 935/935/935 921/921/921
f 930/930/930 905/905/905 929/929/929
f 922/922/922 930/930/930 929/929/929
f 924/924/924 922/922/922 929/929/929
f 924/924/924 929/929/929 925/925/925
f 925/925/925 929/929/929 933/933/933
f 925/925/925 933/933/933 918/918/918
f 918/918/918 933/933/933 921/921/921
f 918/918/918 921/921/921 932/932/932
f 932/932/932 921/921/921 923/923/923
f 921/921/921 935/935/935 923/923/923
f 935/935/935 936/936/936 923/923/923
f 906/906/906 936/936/936 935/935/935
f 891/891/891 922/922/922 924/924/924
f 936/936/936 880/880/880 923/923/923
f 880/880/880 917/917/917 923/923/923
f 931/931/931 923/923/923 917/917/917
f 932/932/932 923/923/923 931/931/931
f 3356/3356/3356 907/907/907 908/908/908
f 3368/3368/3368 907/907/907 3356/3356/3356
f 3356/3356/3356 3354/3354/3354 3368/3368/3368
f 3357/3357/3357 3354/3354/3354 3356/3356/3356
f 3352/3352/3352 3354/3354/3354 3357/3357/3357
f 3358/3358/3358 3354/3354/3354 3352/3352/3352
f 896/896/896 3344/3344/3344 881/881/881
f 881/881/881 3344/3344/3344 3342/3342/3342
f 3344/3344/3344 3331/3331/3331 3342/3342/3342
f 3342/3342/3342 3331/3331/3331 3333/3333/3333
f 3331/3331/3331 3341/3341/3341 3333/3333/3333
f 3333/3333/3333 3341/3341/3341 3332/3332/3332
f 3341/3341/3341 3334/3334/3334 3332/3332/3332
f 3332/3332/3332 3334/3334/3334 3321/3321/3321
f 916/916/916 926/926/926 3340/3340/3340
f 3340/3340/3340 926/926/926 3343/3343/3343
f 3324/3324/3324 3340/3340/3340 3343/3343/3343
f 3323/3323/3323 3340/3340/3340 3324/3324/3324
f 3323/3323/3323 3324/3324/3324 3353/3353/3353
f 3353/3353/3353 3324/3324/3324 3351/3351/3351
f 3367/3367/3367 937/937/937 927/927/927
f 3366/3366/3366 937/937/937 3367/3367/3367
f 3360/3360/3360 3366/3366/3366 3367/3367/3367
f 3361/3361/3361 3366/3366/3366 3360/3360/3360
f 3359/3359/3359 3361/3361/3361 3360/3360/3360
f 928/928/928 3361/3361/3361 3359/3359/3359
f 3335/3335/3335 1470/1470/1470 1478/1478/1478
f 1478/1478/1478 1470/1470/1470 3315/3315/3315
f 1471/1471/1471 3315/3315/3315 1470/1470/1470
f 3291/3291/3291 3315/3315/3315 1471/1471/1471
f 1471/1471/1471 3311/3311/3311 3291/3291/3291
f 3291/3291/3291 3311/3311/3311 3954/3954/3954
f 3311/3311/3311 3362/3362/3362 3954/3954/3954
f 3362/3362/3362 3955/3955/3955 3954/3954/3954
f 3312/3312/3312 1478/1478/1478 3315/3315/3315
f 3300/3300/3300 3312/3312/3312 3315/3315/3315
f 3291/3291/3291 3300/3300/3300 3315/3315/3315
f 3294/3294/3294 3300/3300/3300 3291/3291/3291
f 3291/3291/3291 3954/3954/3954 3294/3294/3294
f 3294/3294/3294 3954/3954/3954 3925/3925/3925
f 3954/3954/3954 3955/3955/3955 3925/3925/3925
f 3925/3925/3925 3955/3955/3955 3303/3303/3303
f 3303/3303/3303 3955/3955/3955 3308/3308/3308
f 1458/1458/1458 1478/1478/1478 3312/3312/3312
f 3316/3316/3316 1458/1458/1458 3312/3312/3312
f 3299/3299/3299 3316/3316/3316 3312/3312/3312
f 3299/3299/3299 3312/3312/3312 3300/3300/3300
f 3300/3300/3300 3301/3301/3301 3299/3299/3299
f 3294/3294/3294 3301/3301/3301 3300/3300/3300
f 3294/3294/3294 3303/3303/3303 3301/3301/3301
f 3925/3925/3925 3303/3303/3303 3294/3294/3294
f 1466/1466/1466 1458/1458/1458 3316/3316/3316
f 3310/3310/3310 1466/1466/1466 3316/3316/3316
f 3316/3316/3316 3297/3297/3297 3310/3310/3310
f 3297/3297/3297 3316/3316/3316 3299/3299/3299
f 3299/3299/3299 3298/3298/3298 3297/3297/3297
f 3301/3301/3301 3298/3298/3298 3299/3299/3299
f 3302/3302/3302 3298/3298/3298 3301/3301/3301
f 3301/3301/3301 3303/3303/3303 3302/3302/3302
f 3303/3303/3303 3308/3308/3308 3302/3302/3302
f 3308/3308/3308 3293/3293/3293 3302/3302/3302
f 1467/1467/1467 1466/1466/1466 3310/3310/3310
f 3304/3304/3304 1467/1467/1467 3310/3310/3310
f 3313/3313/3313 3304/3304/3304 3310/3310/3310
f 3310/3310/3310 3297/3297/3297 3313/3313/3313
f 3297/3297/3297 3314/3314/3314 3313/3313/3313
f 3298/3298/3298 3314/3314/3314 3297/3297/3297
f 3314/3314/3314 3298/3298/3298 3293/3293/3293
f 3293/3293/3293 3298/3298/3298 3302/3302/3302
f 1472/1472/1472 1467/1467/1467 3304/3304/3304
f 3304/3304/3304 1473/1473/1473 1472/1472/1472
f 3306/3306/3306 1473/1473/1473 3304/3304/3304
f 3304/3304/3304 3296/3296/3296 3306/3306/3306
f 3296/3296/3296 3304/3304/3304 3313/3313/3313
f 3314/3314/3314 3296/3296/3296 3313/3313/3313
f 3292/3292/3292 3296/3296/3296 3314/3314/3314
f 3292/3292/3292 3314/3314/3314 3305/3305/3305
f 3305/3305/3305 3314/3314/3314 3293/3293/3293
f 3306/3306/3306 3296/3296/3296 3295/3295/3295
f 3296/3296/3296 3292/3292/3292 3295/3295/3295
f 3295/3295/3295 3292/3292/3292 3307/3307/3307
f 3305/3305/3305 3307/3307/3307 3292/3292/3292
f 3309/3309/3309 3307/3307/3307 3305/3305/3305
f 3364/3364/3364 3931/3931/3931 3349/3349/3349
f 3349/3349/3349 3931/3931/3931 3932/3932/3932
f 3932/3932/3932 3931/3931/3931 3934/3934/3934
f 3934/3934/3934 3931/3931/3931 3935/3935/3935
f 3935/3935/3935 3933/3933/3933 3934/3934/3934
f 3930/3930/3930 3933/3933/3933 3935/3935/3935
f 3930/3930/3930 3915/3915/3915 3933/3933/3933
f 3951/3951/3951 3915/3915/3915 3930/3930/3930
f 3349/3349/3349 3932/3932/3932 3365/3365/3365
f 3365/3365/3365 3932/3932/3932 4024/4024/4024
f 3934/3934/3934 4024/4024/4024 3932/3932/3932
f 3917/3917/3917 4024/4024/4024 3934/3934/3934
f 3934/3934/3934 3938/3938/3938 3917/3917/3917
f 3933/3933/3933 3938/3938/3938 3934/3934/3934
f 3933/3933/3933 3914/3914/3914 3938/3938/3938
f 3915/3915/3915 3914/3914/3914 3933/3933/3933
f 3915/3915/3915 3918/3918/3918 3914/3914/3914
f 4016/4016/4016 3918/3918/3918 3915/3915/3915
f 3951/3951/3951 4016/4016/4016 3915/3915/3915
f 3994/3994/3994 4016/4016/4016 3951/3951/3951
f 3365/3365/3365 4024/4024/4024 3348/3348/3348
f 3348/3348/3348 4024/4024/4024 4014/4014/4014
f 3917/3917/3917 4014/4014/4014 4024/4024/4024
f 3913/3913/3913 4014/4014/4014 3917/3917/3917
f 3917/3917/3917 3943/3943/3943 3913/3913/3913
f 3938/3938/3938 3943/3943/3943 3917/3917/3917
f 3938/3938/3938 3914/3914/3914 3943/3943/3943
f 3943/3943/3943 3914/3914/3914 3919/3919/3919
f 3914/3914/3914 3918/3918/3918 3919/3919/3919
f 3919/3919/3919 3918/3918/3918 4006/4006/4006
f 3918/3918/3918 4019/4019/4019 4006/4006/4006
f 4016/4016/4016 4019/4019/4019 3918/3918/3918
f 3942/3942/3942 3348/3348/3348 4014/4014/4014
f 3913/3913/3913 3942/3942/3942 4014/4014/4014
f 3928/3928/3928 3942/3942/3942 3913/3913/3913
f 3913/3913/3913 3943/3943/3943 3928/3928/3928
f 3928/3928/3928 3943/3943/3943 3944/3944/3944
f 3943/3943/3943 3919/3919/3919 3944/3944/3944
f 3944/3944/3944 3919/3919/3919 3950/3950/3950
f 3919/3919/3919 4006/4006/4006 3950/3950/3950
f 3950/3950/3950 4006/4006/4006 4015/4015/4015
f 4006/4006/4006 4023/4023/4023 4015/4015/4015
f 4006/4006/4006 4019/4019/4019 4023/4023/4023
f 3346/3346/3346 3348/3348/3348 3942/3942/3942
f 3942/3942/3942 3936/3936/3936 3346/3346/3346
f 3928/3928/3928 3936/3936/3936 3942/3942/3942
f 3927/3927/3927 3936/3936/3936 3928/3928/3928
f 3928/3928/3928 3929/3929/3929 3927/3927/3927
f 3944/3944/3944 3929/3929/3929 3928/3928/3928
f 3944/3944/3944 3916/3916/3916 3929/3929/3929
f 3950/3950/3950 3916/3916/3916 3944/3944/3944
f 3950/3950/3950 3993/3993/3993 3916/3916/3916
f 4015/4015/4015 3993/3993/3993 3950/3950/3950
f 3350/3350/3350 3346/3346/3346 3936/3936/3936
f 4015/4015/4015 4005/4005/4005 3993/3993/3993
f 3995/3995/3995 4005/4005/4005 4015/4015/4015
f 4015/4015/4015 4023/4023/4023 3995/3995/3995
f 4023/4023/4023 4013/4013/4013 3995/3995/3995
f 3991/3991/3991 4013/4013/4013 4023/4023/4023
f 3991/3991/3991 4023/4023/4023 3997/3997/3997
f 3997/3997/3997 4023/4023/4023 4019/4019/4019
f 3995/3995/3995 4012/4012/4012 4005/4005/4005
f 4013/4013/4013 4012/4012/4012 3995/3995/3995
f 4012/4012/4012 4013/4013/4013 3939/3939/3939
f 3939/3939/3939 4013/4013/4013 3923/3923/3923
f 3923/3923/3923 4013/4013/4013 3996/3996/3996
f 3996/3996/3996 4013/4013/4013 3991/3991/3991
f 3991/3991/3991 3997/3997/3997 3996/3996/3996
f 3996/3996/3996 3997/3997/3997 3986/3986/3986
f 3997/3997/3997 4017/4017/4017 3986/3986/3986
f 4017/4017/4017 3997/3997/3997 4018/4018/4018
f 4018/4018/4018 3997/3997/3997 4019/4019/4019
f 4018/4018/4018 4019/4019/4019 4016/4016/4016
f 3994/3994/3994 4018/4018/4018 4016/4016/4016
f 3923/3923/3923 3941/3941/3941 3939/3939/3939
f 3924/3924/3924 3941/3941/3941 3923/3923/3923
f 3923/3923/3923 3937/3937/3937 3924/3924/3924
f 3996/3996/3996 3937/3937/3937 3923/3923/3923
f 3986/3986/3986 3937/3937/3937 3996/3996/3996
f 4011/4011/4011 3937/3937/3937 3986/3986/3986
f 3999/3999/3999 4011/4011/4011 3986/3986/3986
f 3986/3986/3986 4017/4017/4017 3999/3999/3999
f 4017/4017/4017 3953/3953/3953 3999/3999/3999
f 4017/4017/4017 4018/4018/4018 3953/3953/3953
f 3953/3953/3953 4018/4018/4018 3992/3992/3992
f 3992/3992/3992 4018/4018/4018 3994/3994/3994
f 3998/3998/3998 4011/4011/4011 3999/3999/3999
f 3999/3999/3999 3940/3940/3940 3998/3998/3998
f 3926/3926/3926 3940/3940/3940 3999/3999/3999
f 3999/3999/3999 3953/3953/3953 3926/3926/3926
f 1463/1463/1463 1469/1469/1469 1462/1462/1462
f 1469/1469/1469 1463/1463/1463 3363/3363/3363
f 1469/1469/1469 3363/3363/3363 3347/3347/3347
f 1469/1469/1469 3347/3347/3347 1468/1468/1468
f 1469/1469/1469 1468/1468/1468 1453/1453/1453
f 1459/1459/1459 1453/1453/1453 1468/1468/1468
f 1477/1477/1477 1459/1459/1459 1468/1468/1468
f 1455/1455/1455 1459/1459/1459 1477/1477/1477
f 1455/1455/1455 1477/1477/1477 1456/1456/1456
f 1456/1456/1456 1477/1477/1477 1476/1476/1476
f 1460/1460/1460 1453/1453/1453 1459/1459/1459
f 1460/1460/1460 1461/1461/1461 1453/1453/1453
f 1460/1460/1460 1465/1465/1465 1461/1461/1461
f 1475/1475/1475 1465/1465/1465 1460/1460/1460
f 1475/1475/1475 1454/1454/1454 1465/1465/1465
f 1465/1465/1465 1454/1454/1454 1474/1474/1474
f 1454/1454/1454 1457/1457/1457 1474/1474/1474
f 1464/1464/1464 1457/1457/1457 1454/1454/1454
f 3988/3988/3988 4010/4010/4010 3989/3989/3989
f 4008/4008/4008 4010/4010/4010 3988/3988/3988
f 4020/4020/4020 4008/4008/4008 3988/3988/3988
f 4000/4000/4000 4008/4008/4008 4020/4020/4020
f 4000/4000/4000 4021/4021/4021 4008/4008/4008
f 4021/4021/4021 4002/4002/4002 4008/4008/4008
f 4008/4008/4008 4002/4002/4002 3987/3987/3987
f 4008/4008/4008 3987/3987/3987 4007/4007/4007
f 4004/4004/4004 4010/4010/4010 4008/4008/4008
f 4008/4008/4008 4022/4022/4022 4004/4004/4004
f 3990/3990/3990 4022/4022/4022 4008/4008/4008
f 4008/4008/4008 4001/4001/4001 3990/3990/3990
f 4008/4008/4008 4025/4025/4025 4001/4001/4001
f 4009/4009/4009 4025/4025/4025 4008/4008/4008
f 4007/4007/4007 4009/4009/4009 4008/4008/4008
f 4001/4001/4001 4025/4025/4025 4026/4026/4026
f 4157/4157/4157 4158/4158/4158 4152/4152/4152
f 4152/4152/4152 4158/4158/4158 4141/4141/4141
f 4141/4141/4141 4158/4158/4158 4143/4143/4143
f 4159/4159/4159 4141/4141/4141 4143/4143/4143
f 4148/4148/4148 4141/4141/4141 4159/4159/4159
f 4159/4159/4159 4154/4154/4154 4148/4148/4148
f 4148/4148/4148 4154/4154/4154 4151/4151/4151
f 4153/4153/4153 4152/4152/4152 4141/4141/4141
f 4142/4142/4142 4153/4153/4153 4141/4141/4141
f 4148/4148/4148 4142/4142/4142 4141/4141/4141
f 4149/4149/4149 4142/4142/4142 4148/4148/4148
f 4148/4148/4148 4151/4151/4151 4149/4149/4149
f 4149/4149/4149 4151/4151/4151 4147/4147/4147
f 4150/4150/4150 5074/5074/5074 4190/4190/4190
f 5061/5061/5061 4190/4190/4190 5074/5074/5074
f 5061/5061/5061 5074/5074/5074 5072/5072/5072
f 5072/5072/5072 5074/5074/5074 5068/5068/5068
f 5072/5072/5072 5068/5068/5068 5058/5058/5058
f 5058/5058/5058 5068/5068/5068 5060/5060/5060
f 5060/5060/5060 5073/5073/5073 5058/5058/5058
f 4776/4776/4776 5073/5073/5073 5060/5060/5060
f 4777/4777/4777 4190/4190/4190 5061/5061/5061
f 4777/4777/4777 5061/5061/5061 4774/4774/4774
f 4777/4777/4777 4774/4774/4774 4783/4783/4783
f 4774/4774/4774 4779/4779/4779 4783/4783/4783
f 4778/4778/4778 4779/4779/4779 4774/4774/4774
f 4780/4780/4780 4779/4779/4779 4778/4778/4778
f 4780/4780/4780 4781/4781/4781 4779/4779/4779
f 4782/4782/4782 4781/4781/4781 4780/4780/4780
f 4160/4160/4160 4782/4782/4782 4780/4780/4780
f 4776/4776/4776 4775/4775/4775 5073/5073/5073
f 5059/5059/5059 5172/5172/5172 5171/5171/5171
f 5171/5171/5171 5172/5172/5172 5170/5170/5170
f 5172/5172/5172 5150/5150/5150 5170/5170/5170
f 5156/5156/5156 5150/5150/5150 5172/5172/5172
f 5150/5150/5150 5156/5156/5156 5151/5151/5151
f 5151/5151/5151 5156/5156/5156 5152/5152/5152
f 5151/5151/5151 5152/5152/5152 5149/5149/5149
f 5149/5149/5149 5152/5152/5152 5155/5155/5155
f 5170/5170/5170 5133/5133/5133 5171/5171/5171
f 5138/5138/5138 5133/5133/5133 5170/5170/5170
f 5133/5133/5133 5138/5138/5138 5136/5136/5136
f 5133/5133/5133 5136/5136/5136 5144/5144/5144
f 5133/5133/5133 5144/5144/5144 5145/5145/5145
f 5145/5145/5145 5144/5144/5144 5143/5143/5143
f 5143/5143/5143 5144/5144/5144 5146/5146/5146
f 5143/5143/5143 5146/5146/5146 5169/5169/5169
f 5149/5149/5149 5155/5155/5155 5154/5154/5154
f 5154/5154/5154 5155/5155/5155 5153/5153/5153
f 5154/5154/5154 5153/5153/5153 5157/5157/5157
f 5220/5220/5220 5216/5216/5216 5215/5215/5215
f 5215/5215/5215 5216/5216/5216 5246/5246/5246
f 5215/5215/5215 5246/5246/5246 5243/5243/5243
f 5246/5246/5246 5244/5244/5244 5243/5243/5243
f 5243/5243/5243 5244/5244/5244 5241/5241/5241
f 5241/5241/5241 5244/5244/5244 5242/5242/5242
f 5244/5244/5244 5165/5165/5165 5242/5242/5242
f 5242/5242/5242 5165/5165/5165 5164/5164/5164
f 5166/5166/5166 5164/5164/5164 5165/5165/5165
f 5166/5166/5166 5167/5167/5167 5164/5164/5164
f 5161/5161/5161 5164/5164/5164 5167/5167/5167
f 5159/5159/5159 5164/5164/5164 5161/5161/5161
f 5161/5161/5161 5239/5239/5239 5159/5159/5159
f 5159/5159/5159 5239/5239/5239 5237/5237/5237
f 5239/5239/5239 5255/5255/5255 5237/5237/5237
f 5236/5236/5236 5255/5255/5255 5239/5239/5239
f 5236/5236/5236 5235/5235/5235 5255/5255/5255
f 5280/5280/5280 5240/5240/5240 5327/5327/5327
f 5323/5323/5323 5280/5280/5280 5327/5327/5327
f 5327/5327/5327 5328/5328/5328 5323/5323/5323
f 5332/5332/5332 5328/5328/5328 5327/5327/5327
f 5313/5313/5313 5328/5328/5328 5332/5332/5332
f 5315/5315/5315 5328/5328/5328 5313/5313/5313
f 5315/5315/5315 5313/5313/5313 5341/5341/5341
f 5341/5341/5341 5313/5313/5313 5324/5324/5324
f 5323/5323/5323 5279/5279/5279 5280/5280/5280
f 5258/5258/5258 5279/5279/5279 5323/5323/5323
f 5258/5258/5258 5335/5335/5335 5279/5279/5279
f 5317/5317/5317 5335/5335/5335 5258/5258/5258
f 5333/5333/5333 5335/5335/5335 5317/5317/5317
f 5257/5257/5257 5335/5335/5335 5333/5333/5333
f 5334/5334/5334 5341/5341/5341 5324/5324/5324
f 5314/5314/5314 5341/5341/5341 5334/5334/5334
f 5316/5316/5316 5314/5314/5314 5334/5334/5334
f 5394/5394/5394 5311/5311/5311 5371/5371/5371
f 5371/5371/5371 5395/5395/5395 5394/5394/5394
f 5395/5395/5395 5374/5374/5374 5394/5394/5394
f 5398/5398/5398 5374/5374/5374 5395/5395/5395
f 5398/5398/5398 5368/5368/5368 5374/5374/5374
f 5374/5374/5374 5368/5368/5368 5367/5367/5367
f 5368/5368/5368 5393/5393/5393 5367/5367/5367
f 5367/5367/5367 5393/5393/5393 5392/5392/5392
f 5399/5399/5399 5392/5392/5392 5393/5393/5393
f 5376/5376/5376 5392/5392/5392 5399/5399/5399
f 5376/5376/5376 5399/5399/5399 5370/5370/5370
f 5370/5370/5370 5399/5399/5399 5369/5369/5369
f 5370/5370/5370 5369/5369/5369 5373/5373/5373
f 5369/5369/5369 5305/5305/5305 5373/5373/5373
f 5397/5397/5397 5370/5370/5370 5373/5373/5373
f 5506/5506/5506 5528/5528/5528 5527/5527/5527
f 5527/5527/5527 5529/5529/5529 5506/5506/5506
f 5503/5503/5503 5529/5529/5529 5527/5527/5527
f 5503/5503/5503 5527/5527/5527 5494/5494/5494
f 5494/5494/5494 5527/5527/5527 5493/5493/5493
f 5497/5497/5497 5494/5494/5494 5493/5493/5493
f 5523/5523/5523 5494/5494/5494 5497/5497/5497
f 5503/5503/5503 5505/5505/5505 5529/5529/5529
f 5606/5606/5606 5582/5582/5582 5563/5563/5563
f 5563/5563/5563 5562/5562/5562 5606/5606/5606
f 5606/5606/5606 5562/5562/5562 5587/5587/5587
f 5562/5562/5562 5589/5589/5589 5587/5587/5587
f 5634/5634/5634 5606/5606/5606 5587/5587/5587
f 5643/5643/5643 5606/5606/5606 5634/5634/5634
f 5643/5643/5643 5634/5634/5634 5642/5642/5642
f 5642/5642/5642 5634/5634/5634 5633/5633/5633
f 5642/5642/5642 5633/5633/5633 5647/5647/5647
f 5647/5647/5647 5633/5633/5633 5688/5688/5688
f 5684/5684/5684 5647/5647/5647 5688/5688/5688
f 5685/5685/5685 5647/5647/5647 5684/5684/5684
f 5686/5686/5686 5685/5685/5685 5684/5684/5684
f 5657/5657/5657 5685/5685/5685 5686/5686/5686
f 5644/5644/5644 5657/5657/5657 5686/5686/5686
f 5639/5639/5639 5657/5657/5657 5644/5644/5644
f 5644/5644/5644 5628/5628/5628 5639/5639/5639
f 5639/5639/5639 5628/5628/5628 5627/5627/5627
f 5679/5679/5679 5661/5661/5661 5659/5659/5659
f 5678/5678/5678 5661/5661/5661 5679/5679/5679
f 5679/5679/5679 5655/5655/5655 5678/5678/5678
f 5678/5678/5678 5655/5655/5655 5664/5664/5664
f 5664/5664/5664 5655/5655/5655 5654/5654/5654
f 5661/5661/5661 5678/5678/5678 5652/5652/5652
f 5652/5652/5652 5678/5678/5678 5669/5669/5669
f 5669/5669/5669 5678/5678/5678 5667/5667/5667
f 5667/5667/5667 5678/5678/5678 5664/5664/5664
f 5669/5669/5669 5674/5674/5674 5652/5652/5652
f 5653/5653/5653 5674/5674/5674 5669/5669/5669
f 5669/5669/5669 5680/5680/5680 5653/5653/5653
f 5667/5667/5667 5680/5680/5680 5669/5669/5669
f 5837/5837/5837 5839/5839/5839 5840/5840/5840
f 5840/5840/5840 5839/5839/5839 5845/5845/5845
f 5839/5839/5839 5935/5935/5935 5845/5845/5845
f 5845/5845/5845 5935/5935/5935 5915/5915/5915
f 5845/5845/5845 5915/5915/5915 5844/5844/5844
f 5844/5844/5844 5915/5915/5915 5838/5838/5838
f 5831/5831/5831 5840/5840/5840 5845/5845/5845
f 5844/5844/5844 5831/5831/5831 5845/5845/5845
f 5841/5841/5841 5831/5831/5831 5844/5844/5844
f 5931/5931/5931 5908/5908/5908 5930/5930/5930
f 5907/5907/5907 5908/5908/5908 5931/5931/5931
f 5931/5931/5931 5911/5911/5911 5907/5907/5907
f 5932/5932/5932 5911/5911/5911 5931/5931/5931
f 5911/5911/5911 5932/5932/5932 5910/5910/5910
f 5910/5910/5910 5932/5932/5932 5934/5934/5934
f 5910/5910/5910 5934/5934/5934 5929/5929/5929
f 5929/5929/5929 5934/5934/5934 5933/5933/5933
f 5907/5907/5907 5909/5909/5909 5908/5908/5908
f 5902/5902/5902 5909/5909/5909 5907/5907/5907
f 5907/5907/5907 5911/5911/5911 5902/5902/5902
f 5902/5902/5902 5911/5911/5911 5910/5910/5910
f 5910/5910/5910 5929/5929/5929 5902/5902/5902
f 5902/5902/5902 5929/5929/5929 5939/5939/5939
f 5939/5939/5939 5929/5929/5929 5928/5928/5928
f 5929/5929/5929 5933/5933/5933 5928/5928/5928
f 5928/5928/5928 5933/5933/5933 5914/5914/5914
f 5914/5914/5914 5912/5912/5912 5928/5928/5928
f 5902/5902/5902 5939/5939/5939 5909/5909/5909
f 5909/5909/5909 5939/5939/5939 5940/5940/5940
f 5912/5912/5912 5940/5940/5940 5939/5939/5939
f 5928/5928/5928 5912/5912/5912 5939/5939/5939
f 5913/5913/5913 5940/5940/5940 5912/5912/5912
f 5938/5938/5938 5903/5903/5903 5926/5926/5926
f 5926/5926/5926 5903/5903/5903 5905/5905/5905
f 6100/6100/6100 5905/5905/5905 5903/5903/5903
f 6087/6087/6087 5905/5905/5905 6100/6100/6100
f 6085/6085/6085 6087/6087/6087 6100/6100/6100
f 6098/6098/6098 6087/6087/6087 6085/6085/6085
f 6085/6085/6085 6058/6058/6058 6098/6098/6098
f 6071/6071/6071 6058/6058/6058 6085/6085/6085
f 6071/6071/6071 6069/6069/6069 6058/6058/6058
f 6067/6067/6067 6069/6069/6069 6071/6071/6071
f 6069/6069/6069 6067/6067/6067 5942/5942/5942
f 5942/5942/5942 6067/6067/6067 5925/5925/5925
f 5941/5941/5941 5942/5942/5942 5925/5925/5925
f 5923/5923/5923 5942/5942/5942 5941/5941/5941
f 5919/5919/5919 6064/6064/6064 5927/5927/5927
f 5927/5927/5927 6064/6064/6064 6066/6066/6066
f 6064/6064/6064 6068/6068/6068 6066/6066/6066
f 6066/6066/6066 6068/6068/6068 6065/6065/6065
f 6068/6068/6068 6059/6059/6059 6065/6065/6065
f 6065/6065/6065 6059/6059/6059 6057/6057/6057
f 6059/6059/6059 6084/6084/6084 6057/6057/6057
f 5943/5943/5943 5927/5927/5927 6066/6066/6066
f 6066/6066/6066 6065/6065/6065 5943/5943/5943
f 5943/5943/5943 6065/6065/6065 6063/6063/6063
f 6065/6065/6065 6057/6057/6057 6063/6063/6063
f 6063/6063/6063 6057/6057/6057 6060/6060/6060
f 6060/6060/6060 6057/6057/6057 6101/6101/6101
f 6101/6101/6101 6057/6057/6057 6086/6086/6086
f 6057/6057/6057 6084/6084/6084 6086/6086/6086
f 6084/6084/6084 6116/6116/6116 6086/6086/6086
f 5924/5924/5924 5927/5927/5927 5943/5943/5943
f 5924/5924/5924 5943/5943/5943 5936/5936/5936
f 5936/5936/5936 5943/5943/5943 5918/5918/5918
f 5943/5943/5943 6063/6063/6063 5918/5918/5918
f 5918/5918/5918 6063/6063/6063 6062/6062/6062
f 6063/6063/6063 6060/6060/6060 6062/6062/6062
f 6062/6062/6062 6060/6060/6060 6061/6061/6061
f 6060/6060/6060 6101/6101/6101 6061/6061/6061
f 6061/6061/6061 6101/6101/6101 6056/6056/6056
f 6101/6101/6101 6102/6102/6102 6056/6056/6056
f 6086/6086/6086 6102/6102/6102 6101/6101/6101
f 6097/6097/6097 6102/6102/6102 6086/6086/6086
f 6086/6086/6086 6116/6116/6116 6097/6097/6097
f 6116/6116/6116 5904/5904/5904 6097/6097/6097
f 6097/6097/6097 5904/5904/5904 5937/5937/5937
f 5904/5904/5904 5906/5906/5906 5937/5937/5937
f 5937/5937/5937 5906/5906/5906 5916/5916/5916
f 5906/5906/5906 5921/5921/5921 5916/5916/5916
f 6056/6056/6056 6102/6102/6102 6070/6070/6070
f 6102/6102/6102 5917/5917/5917 6070/6070/6070
f 6102/6102/6102 5937/5937/5937 5917/5917/5917
f 6097/6097/6097 5937/5937/5937 6102/6102/6102
f 6070/6070/6070 5917/5917/5917 5922/5922/5922
f 5917/5917/5917 5921/5921/5921 5922/5922/5922
f 5920/5920/5920 5921/5921/5921 5917/5917/5917
f 5917/5917/5917 5937/5937/5937 5920/5920/5920
f 5920/5920/5920 5937/5937/5937 5916/5916/5916
f 5916/5916/5916 5921/5921/5921 5920/5920/5920
f 6115/6115/6115 6174/6174/6174 6095/6095/6095
f 6095/6095/6095 6174/6174/6174 2692/2692/2692
f 6163/6163/6163 2692/2692/2692 6174/6174/6174
f 6168/6168/6168 2692/2692/2692 6163/6163/6163
f 6168/6168/6168 6163/6163/6163 6143/6143/6143
f 6158/6158/6158 6168/6168/6168 6143/6143/6143
f 6143/6143/6143 6146/6146/6146 6158/6158/6158
f 2692/2692/2692 6088/6088/6088 6095/6095/6095
f 2695/2695/2695 6088/6088/6088 2692/2692/2692
f 6168/6168/6168 2695/2695/2695 2692/2692/2692
f 6158/6158/6158 2695/2695/2695 6168/6168/6168
f 6158/6158/6158 6148/6148/6148 2695/2695/2695
f 6148/6148/6148 6158/6158/6158 6146/6146/6146
f 6148/6148/6148 6146/6146/6146 6160/6160/6160
f 6157/6157/6157 6148/6148/6148 6160/6160/6160
f 6088/6088/6088 2695/2695/2695 6089/6089/6089
f 6089/6089/6089 2695/2695/2695 6176/6176/6176
f 2695/2695/2695 6148/6148/6148 6176/6176/6176
f 6148/6148/6148 6157/6157/6157 6176/6176/6176
f 6176/6176/6176 6157/6157/6157 6156/6156/6156
f 6157/6157/6157 6159/6159/6159 6156/6156/6156
f 6175/6175/6175 6159/6159/6159 6157/6157/6157
f 6156/6156/6156 6089/6089/6089 6176/6176/6176
f 6091/6091/6091 6089/6089/6089 6156/6156/6156
f 6156/6156/6156 6159/6159/6159 6091/6091/6091
f 6091/6091/6091 6159/6159/6159 6077/6077/6077
f 6092/6092/6092 6093/6093/6093 6111/6111/6111
f 6111/6111/6111 6093/6093/6093 6140/6140/6140
f 6090/6090/6090 6140/6140/6140 6093/6093/6093
f 6169/6169/6169 6140/6140/6140 6090/6090/6090
f 6090/6090/6090 6145/6145/6145 6169/6169/6169
f 6094/6094/6094 6145/6145/6145 6090/6090/6090
f 6145/6145/6145 6094/6094/6094 6167/6167/6167
f 6167/6167/6167 6094/6094/6094 6096/6096/6096
f 6140/6140/6140 6151/6151/6151 6111/6111/6111
f 6149/6149/6149 6151/6151/6151 6140/6140/6140
f 6140/6140/6140 6150/6150/6150 6149/6149/6149
f 6169/6169/6169 6150/6150/6150 6140/6140/6140
f 6150/6150/6150 6169/6169/6169 6147/6147/6147
f 6147/6147/6147 6169/6169/6169 6145/6145/6145
f 6167/6167/6167 6147/6147/6147 6145/6145/6145
f 6177/6177/6177 6147/6147/6147 6167/6167/6167
f 6177/6177/6177 6167/6167/6167 6165/6165/6165
f 6165/6165/6165 6167/6167/6167 6144/6144/6144
f 6167/6167/6167 6096/6096/6096 6144/6144/6144
f 6144/6144/6144 6096/6096/6096 6103/6103/6103
f 6151/6151/6151 6149/6149/6149 6152/6152/6152
f 6152/6152/6152 6149/6149/6149 6161/6161/6161
f 6149/6149/6149 6150/6150/6150 6161/6161/6161
f 6161/6161/6161 6150/6150/6150 6166/6166/6166
f 6147/6147/6147 6166/6166/6166 6150/6150/6150
f 6178/6178/6178 6166/6166/6166 6147/6147/6147
f 6177/6177/6177 6178/6178/6178 6147/6147/6147
f 6162/6162/6162 6178/6178/6178 6177/6177/6177
f 6177/6177/6177 6165/6165/6165 6162/6162/6162
f 6162/6162/6162 6165/6165/6165 6170/6170/6170
f 6170/6170/6170 6153/6153/6153 6162/6162/6162
f 6171/6171/6171 6153/6153/6153 6170/6170/6170
f 6154/6154/6154 6152/6152/6152 6161/6161/6161
f 6161/6161/6161 6172/6172/6172 6154/6154/6154
f 6166/6166/6166 6172/6172/6172 6161/6161/6161
f 6178/6178/6178 6172/6172/6172 6166/6166/6166
f 6173/6173/6173 6172/6172/6172 6178/6178/6178
f 6162/6162/6162 6173/6173/6173 6178/6178/6178
f 6153/6153/6153 6173/6173/6173 6162/6162/6162
f 6153/6153/6153 6179/6179/6179 6173/6173/6173
f 6079/6079/6079 6179/6179/6179 6153/6153/6153
f 6079/6079/6079 6153/6153/6153 6076/6076/6076
f 6076/6076/6076 6153/6153/6153 6171/6171/6171
f 6155/6155/6155 6152/6152/6152 6154/6154/6154
f 6074/6074/6074 6155/6155/6155 6154/6154/6154
f 6074/6074/6074 6154/6154/6154 6114/6114/6114
f 6114/6114/6114 6154/6154/6154 6172/6172/6172
f 6172/6172/6172 6173/6173/6173 6114/6114/6114
f 6114/6114/6114 6173/6173/6173 6179/6179/6179
f 6179/6179/6179 6105/6105/6105 6114/6114/6114
f 6099/6099/6099 6105/6105/6105 6179/6179/6179
f 6079/6079/6079 6099/6099/6099 6179/6179/6179
f 6080/6080/6080 6099/6099/6099 6079/6079/6079
f 6080/6080/6080 6079/6079/6079 6078/6078/6078
f 6078/6078/6078 6079/6079/6079 6076/6076/6076
f 6075/6075/6075 6155/6155/6155 6074/6074/6074
f 6104/6104/6104 6075/6075/6075 6074/6074/6074
f 6074/6074/6074 6105/6105/6105 6104/6104/6104
f 6114/6114/6114 6105/6105/6105 6074/6074/6074
f 6112/6112/6112 6075/6075/6075 6104/6104/6104
f 6164/6164/6164 6141/6141/6141 3243/3243/3243
f 6164/6164/6164 3243/3243/3243 3247/3247/3247
f 3247/3247/3247 3243/3243/3243 3245/3245/3245
f 3245/3245/3245 3243/3243/3243 3261/3261/3261
f 3261/3261/3261 3243/3243/3243 3241/3241/3241
f 3241/3241/3241 3243/3243/3243 3273/3273/3273
f 3241/3241/3241 3273/3273/3273 3266/3266/3266
f 3266/3266/3266 3273/3273/3273 3240/3240/3240
f 3261/3261/3261 3285/3285/3285 3245/3245/3245
f 3261/3261/3261 3262/3262/3262 3285/3285/3285
f 3241/3241/3241 3262/3262/3262 3261/3261/3261
f 3262/3262/3262 3241/3241/3241 3275/3275/3275
f 3275/3275/3275 3241/3241/3241 3266/3266/3266
f 3245/3245/3245 3285/3285/3285 3274/3274/3274
f 3285/3285/3285 3258/3258/3258 3274/3274/3274
f 3285/3285/3285 3277/3277/3277 3258/3258/3258
f 3262/3262/3262 3277/3277/3277 3285/3285/3285
f 3277/3277/3277 3262/3262/3262 3246/3246/3246
f 3246/3246/3246 3262/3262/3262 3275/3275/3275
f 3274/3274/3274 3258/3258/3258 3250/3250/3250
f 3258/3258/3258 3251/3251/3251 3250/3250/3250
f 3270/3270/3270 3251/3251/3251 3258/3258/3258
f 3270/3270/3270 3258/3258/3258 3239/3239/3239
f 3239/3239/3239 3258/3258/3258 3277/3277/3277
f 3239/3239/3239 3277/3277/3277 3236/3236/3236
f 3236/3236/3236 3277/3277/3277 3246/3246/3246
f 3270/3270/3270 3268/3268/3268 3251/3251/3251
f 3271/3271/3271 3268/3268/3268 3270/3270/3270
f 3271/3271/3271 3270/3270/3270 3238/3238/3238
f 3238/3238/3238 3270/3270/3270 3239/3239/3239
f 3236/3236/3236 3238/3238/3238 3239/3239/3239
f 3134/3134/3134 3238/3238/3238 3236/3236/3236
f 3238/3238/3238 3134/3134/3134 2605/2605/2605
f 2605/2605/2605 3134/3134/3134 3237/3237/3237
f 2605/2605/2605 3237/3237/3237 3135/3135/3135
f 3135/3135/3135 3237/3237/3237 3136/3136/3136
f 3271/3271/3271 3276/3276/3276 3268/3268/3268
f 3271/3271/3271 3238/3238/3238 3276/3276/3276
f 3276/3276/3276 3238/3238/3238 2605/2605/2605
f 2605/2605/2605 3135/3135/3135 3276/3276/3276
f 3276/3276/3276 3135/3135/3135 3267/3267/3267
f 3267/3267/3267 3269/3269/3269 3276/3276/3276
f 3244/3244/3244 3269/3269/3269 3267/3267/3267
f 6142/6142/6142 3244/3244/3244 3267/3267/3267
f 3268/3268/3268 3276/3276/3276 3272/3272/3272
f 3276/3276/3276 3269/3269/3269 3272/3272/3272
f 3242/3242/3242 3269/3269/3269 3244/3244/3244
f 3137/3137/3137 3135/3135/3135 3136/3136/3136
f 3249/3249/3249 3135/3135/3135 3137/3137/3137
f 3252/3252/3252 3259/3259/3259 3254/3254/3254
f 3254/3254/3254 3253/3253/3253 3252/3252/3252
f 3254/3254/3254 3255/3255/3255 3253/3253/3253
f 3257/3257/3257 3255/3255/3255 3254/3254/3254
f 1158/1158/1158 3257/3257/3257 3254/3254/3254
f 3254/3254/3254 1157/1157/1157 1158/1158/1158
f 1116/1116/1116 1117/1117/1117 1114/1114/1114
f 1114/1114/1114 1122/1122/1122 1116/1116/1116
f 1115/1115/1115 1122/1122/1122 1114/1114/1114
f 1156/1156/1156 1115/1115/1115 1114/1114/1114
f 1118/1118/1118 1156/1156/1156 1114/1114/1114
f 1114/1114/1114 1119/1119/1119 1118/1118/1118
f 1126/1126/1126 1127/1127/1127 1124/1124/1124
f 1124/1124/1124 1127/1127/1127 1125/1125/1125
f 1127/1127/1127 1129/1129/1129 1125/1125/1125
f 1125/1125/1125 1129/1129/1129 1130/1130/1130
f 1130/1130/1130 1129/1129/1129 1120/1120/1120
f 1120/1120/1120 1129/1129/1129 1128/1128/1128
f 1120/1120/1120 1128/1128/1128 1028/1028/1028
f 1028/1028/1028 1128/1128/1128 1131/1131/1131
f 1125/1125/1125 1026/1026/1026 1124/1124/1124
f 1130/1130/1130 1026/1026/1026 1125/1125/1125
f 1030/1030/1030 1026/1026/1026 1130/1130/1130
f 1120/1120/1120 1030/1030/1030 1130/1130/1130
f 1025/1025/1025 1030/1030/1030 1120/1120/1120
f 1120/1120/1120 1019/1019/1019 1025/1025/1025
f 1028/1028/1028 1019/1019/1019 1120/1120/1120
f 1124/1124/1124 1026/1026/1026 1027/1027/1027
f 1026/1026/1026 1067/1067/1067 1027/1027/1027
f 1030/1030/1030 1067/1067/1067 1026/1026/1026
f 1020/1020/1020 1067/1067/1067 1030/1030/1030
f 1030/1030/1030 1018/1018/1018 1020/1020/1020
f 1025/1025/1025 1018/1018/1018 1030/1030/1030
f 1025/1025/1025 1055/1055/1055 1018/1018/1018
f 1019/1019/1019 1055/1055/1055 1025/1025/1025
f 1019/1019/1019 1049/1049/1049 1055/1055/1055
f 1017/1017/1017 1049/1049/1049 1019/1019/1019
f 1028/1028/1028 1017/1017/1017 1019/1019/1019
f 1027/1027/1027 1067/1067/1067 1047/1047/1047
f 1067/1067/1067 1043/1043/1043 1047/1047/1047
f 1067/1067/1067 956/956/956 1043/1043/1043
f 1020/1020/1020 956/956/956 1067/1067/1067
f 1018/1018/1018 956/956/956 1020/1020/1020
f 954/954/954 956/956/956 1018/1018/1018
f 1055/1055/1055 954/954/954 1018/1018/1018
f 1050/1050/1050 954/954/954 1055/1055/1055
f 1055/1055/1055 1070/1070/1070 1050/1050/1050
f 1049/1049/1049 1070/1070/1070 1055/1055/1055
f 1047/1047/1047 1043/1043/1043 1054/1054/1054
f 1069/1069/1069 1054/1054/1054 1043/1043/1043
f 1069/1069/1069 1043/1043/1043 1034/1034/1034
f 1034/1034/1034 1043/1043/1043 956/956/956
f 956/956/956 1046/1046/1046 1034/1034/1034
f 954/954/954 1046/1046/1046 956/956/956
f 1050/1050/1050 1046/1046/1046 954/954/954
f 1052/1052/1052 1046/1046/1046 1050/1050/1050
f 1050/1050/1050 1070/1070/1070 1052/1052/1052
f 1052/1052/1052 1070/1070/1070 1032/1032/1032
f 1051/1051/1051 1054/1054/1054 1069/1069/1069
f 1123/1123/1123 1017/1017/1017 1028/1028/1028
f 1028/1028/1028 1121/1121/1121 1123/1123/1123
f 1131/1131/1131 1121/1121/1121 1028/1028/1028
f 1066/1066/1066 1068/1068/1068 1044/1044/1044
f 1044/1044/1044 1068/1068/1068 1073/1073/1073
f 1068/1068/1068 1040/1040/1040 1073/1073/1073
f 1065/1065/1065 1040/1040/1040 1068/1068/1068
f 1065/1065/1065 1061/1061/1061 1040/1040/1040
f 1048/1048/1048 1061/1061/1061 1065/1065/1065
f 1048/1048/1048 943/943/943 1061/1061/1061
f 1056/1056/1056 943/943/943 1048/1048/1048
f 1073/1073/1073 1037/1037/1037 1044/1044/1044
f 1045/1045/1045 1037/1037/1037 1073/1073/1073
f 1040/1040/1040 1045/1045/1045 1073/1073/1073
f 1075/1075/1075 1045/1045/1045 1040/1040/1040
f 1075/1075/1075 1040/1040/1040 1041/1041/1041
f 1041/1041/1041 1040/1040/1040 1061/1061/1061
f 1041/1041/1041 1061/1061/1061 1059/1059/1059
f 1059/1059/1059 1061/1061/1061 943/943/943
f 1039/1039/1039 1059/1059/1059 943/943/943
f 1039/1039/1039 943/943/943 1072/1072/1072
f 1072/1072/1072 943/943/943 1056/1056/1056
f 1045/1045/1045 1075/1075/1075 356/356/356
f 356/356/356 1075/1075/1075 1041/1041/1041
f 1041/1041/1041 357/357/357 356/356/356
f 1041/1041/1041 354/354/354 357/357/357
f 354/354/354 1041/1041/1041 1059/1059/1059
f 1059/1059/1059 1071/1071/1071 354/354/354
f 1064/1064/1064 1045/1045/1045 356/356/356
f 1060/1060/1060 1059/1059/1059 1039/1039/1039
f 354/354/354 384/384/384 357/357/357
f 357/357/357 384/384/384 383/383/383
f 383/383/383 355/355/355 357/357/357
f 357/357/357 355/355/355 356/356/356
f 953/953/953 1036/1036/1036 955/955/955
f 953/953/953 1038/1038/1038 1036/1036/1036
f 1033/1033/1033 1038/1038/1038 953/953/953
f 1038/1038/1038 1033/1033/1033 1035/1035/1035
f 1035/1035/1035 1033/1033/1033 1045/1045/1045
f 1063/1063/1063 1078/1078/1078 944/944/944
f 944/944/944 1078/1078/1078 1079/1079/1079
f 1079/1079/1079 1078/1078/1078 169/169/169
f 169/169/169 1078/1078/1078 382/382/382
f 382/382/382 358/358/358 169/169/169
f 358/358/358 382/382/382 381/381/381
f 381/381/381 374/374/374 358/358/358
f 369/369/369 374/374/374 381/381/381
f 374/374/374 369/369/369 376/376/376
f 376/376/376 369/369/369 372/372/372
f 169/169/169 358/358/358 171/171/171
f 358/358/358 360/360/360 171/171/171
f 360/360/360 358/358/358 370/370/370
f 370/370/370 358/358/358 374/374/374
f 374/374/374 376/376/376 370/370/370
f 370/370/370 376/376/376 396/396/396
f 395/395/395 370/370/370 396/396/396
f 371/371/371 370/370/370 395/395/395
f 371/371/371 395/395/395 377/377/377
f 377/377/377 395/395/395 389/389/389
f 171/171/171 360/360/360 172/172/172
f 360/360/360 359/359/359 172/172/172
f 360/360/360 370/370/370 359/359/359
f 359/359/359 370/370/370 371/371/371
f 359/359/359 371/371/371 364/364/364
f 364/364/364 371/371/371 377/377/377
f 375/375/375 364/364/364 377/377/377
f 375/375/375 377/377/377 378/378/378
f 378/378/378 377/377/377 389/389/389
f 172/172/172 359/359/359 170/170/170
f 359/359/359 364/364/364 170/170/170
f 170/170/170 364/364/364 1074/1074/1074
f 364/364/364 362/362/362 1074/1074/1074
f 362/362/362 364/364/364 375/375/375
f 394/394/394 362/362/362 375/375/375
f 378/378/378 394/394/394 375/375/375
f 373/373/373 394/394/394 378/378/378
f 394/394/394 373/373/373 367/367/367
f 367/367/367 373/373/373 368/368/368
f 1074/1074/1074 362/362/362 1083/1083/1083
f 362/362/362 365/365/365 1083/1083/1083
f 365/365/365 362/362/362 394/394/394
f 365/365/365 394/394/394 363/363/363
f 363/363/363 394/394/394 367/367/367
f 1083/1083/1083 365/365/365 1042/1042/1042
f 1042/1042/1042 365/365/365 1062/1062/1062
f 1062/1062/1062 365/365/365 353/353/353
f 363/363/363 353/353/353 365/365/365
f 392/392/392 399/399/399 366/366/366
f 366/366/366 398/398/398 392/392/392
f 398/398/398 397/397/397 392/392/392
f 392/392/392 397/397/397 361/361/361
f 392/392/392 361/361/361 390/390/390
f 390/390/390 393/393/393 392/392/392
f 380/380/380 639/639/639 379/379/379
f 386/386/386 639/639/639 380/380/380
f 635/635/635 639/639/639 386/386/386
f 386/386/386 387/387/387 635/635/635
f 635/635/635 387/387/387 542/542/542
f 387/387/387 422/422/422 542/542/542
f 500/500/500 422/422/422 387/387/387
f 500/500/500 585/585/585 422/422/422
f 604/604/604 585/585/585 500/500/500
f 584/584/584 639/639/639 635/635/635
f 635/635/635 542/542/542 584/584/584
f 584/584/584 542/542/542 624/624/624
f 624/624/624 542/542/542 417/417/417
f 417/417/417 542/542/542 422/422/422
f 417/417/417 422/422/422 636/636/636
f 636/636/636 422/422/422 585/585/585
f 585/585/585 546/546/546 636/636/636
f 604/604/604 546/546/546 585/585/585
f 388/388/388 546/546/546 604/604/604
f 638/638/638 639/639/639 584/584/584
f 584/584/584 535/535/535 638/638/638
f 455/455/455 535/535/535 584/584/584
f 584/584/584 579/579/579 455/455/455
f 624/624/624 579/579/579 584/584/584
f 417/417/417 579/579/579 624/624/624
f 580/580/580 579/579/579 417/417/417
f 636/636/636 580/580/580 417/417/417
f 583/583/583 580/580/580 636/636/636
f 637/637/637 583/583/583 636/636/636
f 636/636/636 546/546/546 637/637/637
f 455/455/455 541/541/541 535/535/535
f 630/630/630 541/541/541 455/455/455
f 455/455/455 581/581/581 630/630/630
f 579/579/579 581/581/581 455/455/455
f 579/579/579 558/558/558 581/581/581
f 580/580/580 558/558/558 579/579/579
f 583/583/583 558/558/558 580/580/580
f 582/582/582 558/558/558 583/583/583
f 574/574/574 582/582/582 583/583/583
f 574/574/574 583/583/583 637/637/637
f 630/630/630 534/534/534 541/541/541
f 420/420/420 534/534/534 630/630/630
f 630/630/630 423/423/423 420/420/420
f 581/581/581 423/423/423 630/630/630
f 581/581/581 556/556/556 423/423/423
f 558/558/558 556/556/556 581/581/581
f 582/582/582 556/556/556 558/558/558
f 414/414/414 556/556/556 582/582/582
f 573/573/573 414/414/414 582/582/582
f 573/573/573 582/582/582 574/574/574
f 420/420/420 421/421/421 534/534/534
f 416/416/416 421/421/421 420/420/420
f 420/420/420 543/543/543 416/416/416
f 423/423/423 543/543/543 420/420/420
f 423/423/423 446/446/446 543/543/543
f 556/556/556 446/446/446 423/423/423
f 414/414/414 446/446/446 556/556/556
f 418/418/418 446/446/446 414/414/414
f 452/452/452 418/418/418 414/414/414
f 452/452/452 414/414/414 573/573/573
f 416/416/416 415/415/415 421/421/421
f 453/453/453 415/415/415 416/416/416
f 543/543/543 453/453/453 416/416/416
f 533/533/533 453/453/453 543/543/543
f 533/533/533 543/543/543 411/411/411
f 411/411/411 543/543/543 446/446/446
f 418/418/418 411/411/411 446/446/446
f 413/413/413 411/411/411 418/418/418
f 413/413/413 418/418/418 557/557/557
f 557/557/557 418/418/418 623/623/623
f 623/623/623 418/418/418 452/452/452
f 415/415/415 453/453/453 545/545/545
f 545/545/545 453/453/453 547/547/547
f 547/547/547 453/453/453 622/622/622
f 622/622/622 453/453/453 533/533/533
f 533/533/533 411/411/411 622/622/622
f 622/622/622 411/411/411 532/532/532
f 411/411/411 413/413/413 532/532/532
f 532/532/532 413/413/413 419/419/419
f 413/413/413 557/557/557 419/419/419
f 419/419/419 557/557/557 587/587/587
f 587/587/587 641/641/641 419/419/419
f 419/419/419 641/641/641 412/412/412
f 547/547/547 450/450/450 545/545/545
f 586/586/586 450/450/450 547/547/547
f 547/547/547 640/640/640 586/586/586
f 622/622/622 640/640/640 547/547/547
f 532/532/532 640/640/640 622/622/622
f 447/447/447 640/640/640 532/532/532
f 419/419/419 447/447/447 532/532/532
f 412/412/412 447/447/447 419/419/419
f 391/391/391 577/577/577 578/578/578
f 578/578/578 577/577/577 562/562/562
f 551/551/551 562/562/562 577/577/577
f 519/519/519 562/562/562 551/551/551
f 551/551/551 560/560/560 519/519/519
f 519/519/519 560/560/560 449/449/449
f 560/560/560 385/385/385 449/449/449
f 385/385/385 448/448/448 449/449/449
f 632/632/632 578/578/578 562/562/562
f 562/562/562 454/454/454 632/632/632
f 519/519/519 454/454/454 562/562/562
f 644/644/644 454/454/454 519/519/519
f 519/519/519 449/449/449 644/644/644
f 644/644/644 449/449/449 572/572/572
f 449/449/449 448/448/448 572/572/572
f 572/572/572 448/448/448 569/569/569
f 569/569/569 448/448/448 588/588/588
f 517/517/517 569/569/569 588/588/588
f 559/559/559 578/578/578 632/632/632
f 633/633/633 559/559/559 632/632/632
f 591/591/591 633/633/633 632/632/632
f 454/454/454 591/591/591 632/632/632
f 454/454/454 642/642/642 591/591/591
f 644/644/644 642/642/642 454/454/454
f 572/572/572 642/642/642 644/644/644
f 569/569/569 642/642/642 572/572/572
f 569/569/569 576/576/576 642/642/642
f 645/645/645 576/576/576 569/569/569
f 645/645/645 569/569/569 517/517/517
f 590/590/590 645/645/645 517/517/517
f 554/554/554 559/559/559 633/633/633
f 633/633/633 553/553/553 554/554/554
f 490/490/490 553/553/553 633/633/633
f 633/633/633 512/512/512 490/490/490
f 512/512/512 633/633/633 591/591/591
f 591/591/591 550/550/550 512/512/512
f 642/642/642 550/550/550 591/591/591
f 576/576/576 550/550/550 642/642/642
f 575/575/575 550/550/550 576/576/576
f 576/576/576 645/645/645 575/575/575
f 575/575/575 645/645/645 590/590/590
f 590/590/590 550/550/550 575/575/575
f 565/565/565 550/550/550 590/590/590
f 515/515/515 565/565/565 590/590/590
f 564/564/564 553/553/553 490/490/490
f 561/561/561 564/564/564 490/490/490
f 490/490/490 512/512/512 561/561/561
f 512/512/512 550/550/550 561/561/561
f 561/561/561 550/550/550 565/565/565
f 565/565/565 631/631/631 561/561/561
f 568/568/568 631/631/631 565/565/565
f 568/568/568 565/565/565 515/515/515
f 515/515/515 563/563/563 568/568/568
f 567/567/567 563/563/563 515/515/515
f 552/552/552 553/553/553 564/564/564
f 564/564/564 634/634/634 552/552/552
f 566/566/566 634/634/634 564/564/564
f 564/564/564 631/631/631 566/566/566
f 631/631/631 564/564/564 561/561/561
f 566/566/566 631/631/631 492/492/492
f 631/631/631 568/568/568 492/492/492
f 492/492/492 568/568/568 563/563/563
f 612/612/612 510/510/510 611/611/611
f 510/510/510 612/612/612 613/613/613
f 510/510/510 613/613/613 518/518/518
f 510/510/510 518/518/518 609/609/609
f 510/510/510 609/609/609 511/511/511
f 609/609/609 513/513/513 511/511/511
f 625/625/625 513/513/513 609/609/609
f 489/489/489 513/513/513 625/625/625
f 489/489/489 625/625/625 548/548/548
f 548/548/548 625/625/625 626/626/626
f 511/511/511 513/513/513 514/514/514
f 514/514/514 610/610/610 511/511/511
f 514/514/514 629/629/629 610/610/610
f 610/610/610 629/629/629 488/488/488
f 629/629/629 628/628/628 488/488/488
f 488/488/488 628/628/628 555/555/555
f 628/628/628 627/627/627 555/555/555
f 549/549/549 627/627/627 628/628/628
f 650/650/650 589/589/589 594/594/594
f 594/594/594 589/589/589 617/617/617
f 589/589/589 646/646/646 617/617/617
f 617/617/617 646/646/646 468/468/468
f 478/478/478 468/468/468 646/646/646
f 503/503/503 468/468/468 478/478/478
f 478/478/478 434/434/434 503/503/503
f 594/594/594 617/617/617 445/445/445
f 445/445/445 617/617/617 527/527/527
f 617/617/617 468/468/468 527/527/527
f 527/527/527 468/468/468 654/654/654
f 503/503/503 654/654/654 468/468/468
f 504/504/504 654/654/654 503/503/503
f 503/503/503 529/529/529 504/504/504
f 503/503/503 434/434/434 529/529/529
f 434/434/434 432/432/432 529/529/529
f 529/529/529 432/432/432 433/433/433
f 537/537/537 433/433/433 432/432/432
f 445/445/445 527/527/527 621/621/621
f 621/621/621 527/527/527 600/600/600
f 654/654/654 600/600/600 527/527/527
f 571/571/571 600/600/600 654/654/654
f 571/571/571 654/654/654 608/608/608
f 608/608/608 654/654/654 504/504/504
f 504/504/504 530/530/530 608/608/608
f 504/504/504 529/529/529 530/530/530
f 529/529/529 433/433/433 530/530/530
f 530/530/530 433/433/433 425/425/425
f 406/406/406 425/425/425 433/433/433
f 406/406/406 433/433/433 537/537/537
f 483/483/483 406/406/406 537/537/537
f 598/598/598 621/621/621 600/600/600
f 598/598/598 600/600/600 655/655/655
f 655/655/655 600/600/600 571/571/571
f 571/571/571 643/643/643 655/655/655
f 608/608/608 643/643/643 571/571/571
f 608/608/608 618/618/618 643/643/643
f 619/619/619 618/618/618 608/608/608
f 608/608/608 530/530/530 619/619/619
f 530/530/530 425/425/425 619/619/619
f 440/440/440 621/621/621 598/598/598
f 531/531/531 440/440/440 598/598/598
f 598/598/598 649/649/649 531/531/531
f 655/655/655 649/649/649 598/598/598
f 643/643/643 649/649/649 655/655/655
f 528/528/528 649/649/649 643/643/643
f 643/643/643 618/618/618 528/528/528
f 528/528/528 618/618/618 431/431/431
f 618/618/618 424/424/424 431/431/431
f 620/620/620 424/424/424 618/618/618
f 619/619/619 620/620/620 618/618/618
f 439/439/439 440/440/440 531/531/531
f 424/424/424 620/620/620 521/521/521
f 521/521/521 620/620/620 463/463/463
f 620/620/620 592/592/592 463/463/463
f 592/592/592 620/620/620 619/619/619
f 619/619/619 425/425/425 592/592/592
f 592/592/592 425/425/425 464/464/464
f 464/464/464 425/425/425 404/404/404
f 404/404/404 425/425/425 406/406/406
f 521/521/521 463/463/463 524/524/524
f 524/524/524 463/463/463 523/523/523
f 463/463/463 464/464/464 523/523/523
f 463/463/463 592/592/592 464/464/464
f 524/524/524 523/523/523 485/485/485
f 485/485/485 523/523/523 495/495/495
f 523/523/523 486/486/486 495/495/495
f 523/523/523 464/464/464 486/486/486
f 464/464/464 404/404/404 486/486/486
f 486/486/486 404/404/404 487/487/487
f 404/404/404 406/406/406 487/487/487
f 487/487/487 406/406/406 538/538/538
f 538/538/538 406/406/406 483/483/483
f 516/516/516 538/538/538 483/483/483
f 484/484/484 485/485/485 495/495/495
f 495/495/495 536/536/536 484/484/484
f 497/497/497 536/536/536 495/495/495
f 495/495/495 496/496/496 497/497/497
f 482/482/482 496/496/496 495/495/495
f 495/495/495 486/486/486 482/482/482
f 486/486/486 487/487/487 482/482/482
f 482/482/482 487/487/487 481/481/481
f 481/481/481 487/487/487 491/491/491
f 491/491/491 487/487/487 538/538/538
f 491/491/491 538/538/538 516/516/516
f 491/491/491 516/516/516 539/539/539
f 539/539/539 516/516/516 493/493/493
f 472/472/472 536/536/536 497/497/497
f 497/497/497 457/457/457 472/472/472
f 497/497/497 494/494/494 457/457/457
f 496/496/496 494/494/494 497/497/497
f 496/496/496 459/459/459 494/494/494
f 479/479/479 459/459/459 496/496/496
f 479/479/479 496/496/496 481/481/481
f 481/481/481 496/496/496 482/482/482
f 472/472/472 457/457/457 458/458/458
f 401/401/401 458/458/458 457/457/457
f 457/457/457 570/570/570 401/401/401
f 494/494/494 570/570/570 457/457/457
f 456/456/456 570/570/570 494/494/494
f 459/459/459 456/456/456 494/494/494
f 426/426/426 456/456/456 459/459/459
f 427/427/427 426/426/426 459/459/459
f 459/459/459 540/540/540 427/427/427
f 540/540/540 459/459/459 615/615/615
f 615/615/615 459/459/459 479/479/479
f 401/401/401 570/570/570 407/407/407
f 409/409/409 407/407/407 570/570/570
f 456/456/456 409/409/409 570/570/570
f 451/451/451 409/409/409 456/456/456
f 456/456/456 410/410/410 451/451/451
f 426/426/426 410/410/410 456/456/456
f 426/426/426 544/544/544 410/410/410
f 462/462/462 544/544/544 426/426/426
f 462/462/462 426/426/426 427/427/427
f 408/408/408 407/407/407 409/409/409
f 599/599/599 408/408/408 409/409/409
f 599/599/599 409/409/409 437/437/437
f 437/437/437 409/409/409 451/451/451
f 437/437/437 451/451/451 428/428/428
f 428/428/428 451/451/451 410/410/410
f 410/410/410 402/402/402 428/428/428
f 544/544/544 402/402/402 410/410/410
f 522/522/522 402/402/402 544/544/544
f 544/544/544 462/462/462 522/522/522
f 522/522/522 462/462/462 461/461/461
f 427/427/427 461/461/461 462/462/462
f 595/595/595 408/408/408 599/599/599
f 599/599/599 429/429/429 595/595/595
f 442/442/442 429/429/429 599/599/599
f 599/599/599 438/438/438 442/442/442
f 437/437/437 438/438/438 599/599/599
f 437/437/437 436/436/436 438/438/438
f 428/428/428 436/436/436 437/437/437
f 428/428/428 441/441/441 436/436/436
f 402/402/402 441/441/441 428/428/428
f 430/430/430 441/441/441 402/402/402
f 430/430/430 402/402/402 522/522/522
f 429/429/429 442/442/442 476/476/476
f 476/476/476 442/442/442 474/474/474
f 474/474/474 442/442/442 469/469/469
f 469/469/469 442/442/442 438/438/438
f 469/469/469 438/438/438 477/477/477
f 477/477/477 438/438/438 436/436/436
f 477/477/477 436/436/436 653/653/653
f 653/653/653 436/436/436 441/441/441
f 441/441/441 400/400/400 653/653/653
f 400/400/400 441/441/441 430/430/430
f 476/476/476 474/474/474 475/475/475
f 475/475/475 474/474/474 502/502/502
f 502/502/502 474/474/474 471/471/471
f 471/471/471 474/474/474 469/469/469
f 471/471/471 469/469/469 597/597/597
f 597/597/597 469/469/469 477/477/477
f 477/477/477 653/653/653 597/597/597
f 597/597/597 653/653/653 647/647/647
f 653/653/653 498/498/498 647/647/647
f 653/653/653 400/400/400 498/498/498
f 502/502/502 509/509/509 475/475/475
f 502/502/502 508/508/508 509/509/509
f 471/471/471 508/508/508 502/502/502
f 471/471/471 465/465/465 508/508/508
f 597/597/597 465/465/465 471/471/471
f 647/647/647 465/465/465 597/597/597
f 520/520/520 465/465/465 647/647/647
f 405/405/405 520/520/520 647/647/647
f 647/647/647 498/498/498 405/405/405
f 475/475/475 509/509/509 507/507/507
f 509/509/509 506/506/506 507/507/507
f 606/606/606 506/506/506 509/509/509
f 606/606/606 509/509/509 607/607/607
f 607/607/607 509/509/509 508/508/508
f 508/508/508 505/505/505 607/607/607
f 465/465/465 505/505/505 508/508/508
f 505/505/505 465/465/465 467/467/467
f 467/467/467 465/465/465 520/520/520
f 467/467/467 520/520/520 480/480/480
f 480/480/480 520/520/520 466/466/466
f 466/466/466 520/520/520 405/405/405
f 606/606/606 602/602/602 506/506/506
f 651/651/651 602/602/602 606/606/606
f 607/607/607 651/651/651 606/606/606
f 601/601/601 651/651/651 607/607/607
f 601/601/601 607/607/607 603/603/603
f 603/603/603 607/607/607 505/505/505
f 603/603/603 505/505/505 443/443/443
f 443/443/443 505/505/505 467/467/467
f 443/443/443 467/467/467 444/444/444
f 444/444/444 467/467/467 480/480/480
f 403/403/403 461/461/461 427/427/427
f 427/427/427 460/460/460 403/403/403
f 540/540/540 460/460/460 427/427/427
f 460/460/460 540/540/540 470/470/470
f 470/470/470 540/540/540 615/615/615
f 615/615/615 526/526/526 470/470/470
f 616/616/616 526/526/526 615/615/615
f 479/479/479 616/616/616 615/615/615
f 616/616/616 479/479/479 539/539/539
f 539/539/539 479/479/479 481/481/481
f 481/481/481 491/491/491 539/539/539
f 539/539/539 526/526/526 616/616/616
f 493/493/493 526/526/526 539/539/539
f 656/656/656 648/648/648 762/762/762
f 656/656/656 762/762/762 723/723/723
f 762/762/762 721/721/721 723/723/723
f 723/723/723 721/721/721 786/786/786
f 822/822/822 786/786/786 721/721/721
f 765/765/765 786/786/786 822/822/822
f 657/657/657 765/765/765 822/822/822
f 787/787/787 765/765/765 657/657/657
f 723/723/723 593/593/593 656/656/656
f 593/593/593 723/723/723 691/691/691
f 723/723/723 786/786/786 691/691/691
f 691/691/691 786/786/786 713/713/713
f 786/786/786 765/765/765 713/713/713
f 713/713/713 765/765/765 769/769/769
f 769/769/769 765/765/765 787/787/787
f 769/769/769 787/787/787 770/770/770
f 770/770/770 787/787/787 816/816/816
f 816/816/816 525/525/525 770/770/770
f 501/501/501 593/593/593 691/691/691
f 691/691/691 754/754/754 501/501/501
f 691/691/691 713/713/713 754/754/754
f 754/754/754 713/713/713 725/725/725
f 713/713/713 769/769/769 725/725/725
f 725/725/725 769/769/769 770/770/770
f 770/770/770 778/778/778 725/725/725
f 525/525/525 778/778/778 770/770/770
f 525/525/525 435/435/435 778/778/778
f 778/778/778 435/435/435 652/652/652
f 435/435/435 499/499/499 652/652/652
f 614/614/614 501/501/501 754/754/754
f 614/614/614 754/754/754 708/708/708
f 708/708/708 754/754/754 778/778/778
f 778/778/778 754/754/754 725/725/725
f 473/473/473 614/614/614 708/708/708
f 708/708/708 652/652/652 473/473/473
f 778/778/778 652/652/652 708/708/708
f 785/785/785 473/473/473 652/652/652
f 652/652/652 596/596/596 785/785/785
f 652/652/652 499/499/499 596/596/596
f 605/605/605 596/596/596 499/499/499
f 658/658/658 596/596/596 605/605/605
f 784/784/784 596/596/596 658/658/658
f 785/785/785 596/596/596 784/784/784
f 764/764/764 785/785/785 784/784/784
f 763/763/763 785/785/785 764/764/764
f 763/763/763 473/473/473 785/785/785
f 694/694/694 722/722/722 776/776/776
f 818/818/818 722/722/722 694/694/694
f 694/694/694 886/886/886 818/818/818
f 818/818/818 886/886/886 919/919/919
f 886/886/886 885/885/885 919/919/919
f 887/887/887 885/885/885 886/886/886
f 885/885/885 887/887/887 731/731/731
f 731/731/731 887/887/887 730/730/730
f 817/817/817 722/722/722 818/818/818
f 818/818/818 919/919/919 817/817/817
f 817/817/817 919/919/919 920/920/920
f 919/919/919 942/942/942 920/920/920
f 885/885/885 942/942/942 919/919/919
f 731/731/731 942/942/942 885/885/885
f 724/724/724 722/722/722 817/817/817
f 788/788/788 724/724/724 817/817/817
f 817/817/817 920/920/920 788/788/788
f 788/788/788 920/920/920 909/909/909
f 920/920/920 942/942/942 909/909/909
f 909/909/909 942/942/942 910/910/910
f 727/727/727 910/910/910 942/942/942
f 727/727/727 942/942/942 731/731/731
f 690/690/690 724/724/724 788/788/788
f 696/696/696 690/690/690 788/788/788
f 788/788/788 909/909/909 696/696/696
f 696/696/696 909/909/909 938/938/938
f 909/909/909 910/910/910 938/938/938
f 938/938/938 910/910/910 884/884/884
f 732/732/732 884/884/884 910/910/910
f 732/732/732 910/910/910 727/727/727
f 727/727/727 736/736/736 732/732/732
f 726/726/726 736/736/736 727/727/727
f 731/731/731 726/726/726 727/727/727
f 693/693/693 690/690/690 696/696/696
f 696/696/696 692/692/692 693/693/693
f 684/684/684 692/692/692 696/696/696
f 696/696/696 938/938/938 684/684/684
f 684/684/684 938/938/938 941/941/941
f 938/938/938 884/884/884 941/941/941
f 941/941/941 884/884/884 939/939/939
f 782/782/782 939/939/939 884/884/884
f 782/782/782 884/884/884 732/732/732
f 732/732/732 728/728/728 782/782/782
f 736/736/736 728/728/728 732/732/732
f 684/684/684 685/685/685 692/692/692
f 684/684/684 941/941/941 685/685/685
f 685/685/685 941/941/941 940/940/940
f 941/941/941 939/939/939 940/940/940
f 940/940/940 939/939/939 1428/1428/1428
f 757/757/757 1428/1428/1428 939/939/939
f 757/757/757 939/939/939 782/782/782
f 782/782/782 783/783/783 757/757/757
f 728/728/728 783/783/783 782/782/782
f 692/692/692 685/685/685 815/815/815
f 695/695/695 815/815/815 685/685/685
f 685/685/685 940/940/940 695/695/695
f 695/695/695 940/940/940 1432/1432/1432
f 940/940/940 1428/1428/1428 1432/1432/1432
f 1432/1432/1432 1428/1428/1428 1353/1353/1353
f 729/729/729 1353/1353/1353 1428/1428/1428
f 729/729/729 1428/1428/1428 757/757/757
f 757/757/757 733/733/733 729/729/729
f 783/783/783 733/733/733 757/757/757
f 761/761/761 815/815/815 695/695/695
f 695/695/695 697/697/697 761/761/761
f 695/695/695 1432/1432/1432 697/697/697
f 697/697/697 1432/1432/1432 1410/1410/1410
f 1432/1432/1432 1353/1353/1353 1410/1410/1410
f 1410/1410/1410 1353/1353/1353 1408/1408/1408
f 821/821/821 1408/1408/1408 1353/1353/1353
f 821/821/821 1353/1353/1353 729/729/729
f 729/729/729 758/758/758 821/821/821
f 733/733/733 758/758/758 729/729/729
f 761/761/761 697/697/697 698/698/698
f 697/697/697 686/686/686 698/698/698
f 697/697/697 1410/1410/1410 686/686/686
f 686/686/686 1410/1410/1410 1452/1452/1452
f 1410/1410/1410 1408/1408/1408 1452/1452/1452
f 1452/1452/1452 1408/1408/1408 1409/1409/1409
f 859/859/859 1409/1409/1409 1408/1408/1408
f 859/859/859 1408/1408/1408 821/821/821
f 821/821/821 820/820/820 859/859/859
f 758/758/758 820/820/820 821/821/821
f 751/751/751 820/820/820 758/758/758
f 733/733/733 751/751/751 758/758/758
f 698/698/698 686/686/686 700/700/700
f 686/686/686 699/699/699 700/700/700
f 704/704/704 699/699/699 686/686/686
f 686/686/686 1407/1407/1407 704/704/704
f 1452/1452/1452 1407/1407/1407 686/686/686
f 1452/1452/1452 1409/1409/1409 1407/1407/1407
f 1407/1407/1407 1409/1409/1409 1424/1424/1424
f 858/858/858 1424/1424/1424 1409/1409/1409
f 858/858/858 1409/1409/1409 859/859/859
f 858/858/858 859/859/859 743/743/743
f 743/743/743 859/859/859 820/820/820
f 809/809/809 699/699/699 704/704/704
f 704/704/704 1403/1403/1403 809/809/809
f 1407/1407/1407 1403/1403/1403 704/704/704
f 1407/1407/1407 1424/1424/1424 1403/1403/1403
f 1403/1403/1403 1424/1424/1424 1377/1377/1377
f 837/837/837 1377/1377/1377 1424/1424/1424
f 837/837/837 1424/1424/1424 858/858/858
f 858/858/858 743/743/743 837/837/837
f 837/837/837 743/743/743 752/752/752
f 743/743/743 719/719/719 752/752/752
f 820/820/820 719/719/719 743/743/743
f 807/807/807 699/699/699 809/809/809
f 809/809/809 681/681/681 807/807/807
f 808/808/808 681/681/681 809/809/809
f 809/809/809 1412/1412/1412 808/808/808
f 1403/1403/1403 1412/1412/1412 809/809/809
f 1403/1403/1403 1377/1377/1377 1412/1412/1412
f 1412/1412/1412 1377/1377/1377 1404/1404/1404
f 836/836/836 1404/1404/1404 1377/1377/1377
f 836/836/836 1377/1377/1377 837/837/837
f 837/837/837 752/752/752 836/836/836
f 808/808/808 790/790/790 681/681/681
f 791/791/791 790/790/790 808/808/808
f 808/808/808 1376/1376/1376 791/791/791
f 1412/1412/1412 1376/1376/1376 808/808/808
f 1412/1412/1412 1404/1404/1404 1376/1376/1376
f 1376/1376/1376 1404/1404/1404 1392/1392/1392
f 835/835/835 1392/1392/1392 1404/1404/1404
f 835/835/835 1404/1404/1404 836/836/836
f 836/836/836 737/737/737 835/835/835
f 836/836/836 752/752/752 737/737/737
f 798/798/798 790/790/790 791/791/791
f 791/791/791 1376/1376/1376 798/798/798
f 798/798/798 1376/1376/1376 1366/1366/1366
f 1376/1376/1376 1392/1392/1392 1366/1366/1366
f 1366/1366/1366 1392/1392/1392 1364/1364/1364
f 834/834/834 1364/1364/1364 1392/1392/1392
f 834/834/834 1392/1392/1392 835/835/835
f 835/835/835 740/740/740 834/834/834
f 780/780/780 740/740/740 835/835/835
f 835/835/835 737/737/737 780/780/780
f 682/682/682 790/790/790 798/798/798
f 798/798/798 701/701/701 682/682/682
f 688/688/688 701/701/701 798/798/798
f 798/798/798 1366/1366/1366 688/688/688
f 688/688/688 1366/1366/1366 1367/1367/1367
f 1366/1366/1366 1364/1364/1364 1367/1367/1367
f 1367/1367/1367 1364/1364/1364 1368/1368/1368
f 1368/1368/1368 1364/1364/1364 856/856/856
f 856/856/856 1364/1364/1364 854/854/854
f 854/854/854 1364/1364/1364 834/834/834
f 834/834/834 781/781/781 854/854/854
f 740/740/740 781/781/781 834/834/834
f 688/688/688 703/703/703 701/701/701
f 789/789/789 703/703/703 688/688/688
f 688/688/688 1375/1375/1375 789/789/789
f 1367/1367/1367 1375/1375/1375 688/688/688
f 1367/1367/1367 1368/1368/1368 1375/1375/1375
f 1375/1375/1375 1368/1368/1368 1351/1351/1351
f 856/856/856 1351/1351/1351 1368/1368/1368
f 855/855/855 1351/1351/1351 856/856/856
f 856/856/856 805/805/805 855/855/855
f 823/823/823 805/805/805 856/856/856
f 854/854/854 823/823/823 856/856/856
f 781/781/781 823/823/823 854/854/854
f 680/680/680 703/703/703 789/789/789
f 789/789/789 1375/1375/1375 680/680/680
f 680/680/680 1375/1375/1375 1391/1391/1391
f 1375/1375/1375 1351/1351/1351 1391/1391/1391
f 1391/1391/1391 1351/1351/1351 1365/1365/1365
f 1365/1365/1365 1351/1351/1351 857/857/857
f 857/857/857 1351/1351/1351 855/855/855
f 855/855/855 810/810/810 857/857/857
f 805/805/805 810/810/810 855/855/855
f 706/706/706 703/703/703 680/680/680
f 687/687/687 706/706/706 680/680/680
f 680/680/680 1391/1391/1391 687/687/687
f 687/687/687 1391/1391/1391 1363/1363/1363
f 1391/1391/1391 1365/1365/1365 1363/1363/1363
f 1363/1363/1363 1365/1365/1365 1369/1369/1369
f 857/857/857 1369/1369/1369 1365/1365/1365
f 860/860/860 1369/1369/1369 857/857/857
f 857/857/857 802/802/802 860/860/860
f 810/810/810 802/802/802 857/857/857
f 702/702/702 706/706/706 687/687/687
f 687/687/687 678/678/678 702/702/702
f 678/678/678 687/687/687 1393/1393/1393
f 1393/1393/1393 687/687/687 1363/1363/1363
f 1363/1363/1363 1369/1369/1369 1393/1393/1393
f 1393/1393/1393 1369/1369/1369 1357/1357/1357
f 1369/1369/1369 861/861/861 1357/1357/1357
f 860/860/860 861/861/861 1369/1369/1369
f 860/860/860 802/802/802 861/861/861
f 702/702/702 678/678/678 705/705/705
f 675/675/675 705/705/705 678/678/678
f 678/678/678 1393/1393/1393 675/675/675
f 675/675/675 1393/1393/1393 1390/1390/1390
f 1393/1393/1393 1357/1357/1357 1390/1390/1390
f 1390/1390/1390 1357/1357/1357 1370/1370/1370
f 861/861/861 1370/1370/1370 1357/1357/1357
f 862/862/862 1370/1370/1370 861/861/861
f 861/861/861 773/773/773 862/862/862
f 803/803/803 773/773/773 861/861/861
f 861/861/861 802/802/802 803/803/803
f 677/677/677 705/705/705 675/675/675
f 797/797/797 677/677/677 675/675/675
f 675/675/675 1390/1390/1390 797/797/797
f 797/797/797 1390/1390/1390 1371/1371/1371
f 1390/1390/1390 1370/1370/1370 1371/1371/1371
f 1371/1371/1371 1370/1370/1370 1356/1356/1356
f 1356/1356/1356 1370/1370/1370 863/863/863
f 863/863/863 1370/1370/1370 862/862/862
f 862/862/862 814/814/814 863/863/863
f 773/773/773 814/814/814 862/862/862
f 679/679/679 677/677/677 797/797/797
f 689/689/689 679/679/679 797/797/797
f 797/797/797 1371/1371/1371 689/689/689
f 689/689/689 1371/1371/1371 1355/1355/1355
f 1371/1371/1371 1356/1356/1356 1355/1355/1355
f 1355/1355/1355 1356/1356/1356 1374/1374/1374
f 863/863/863 1374/1374/1374 1356/1356/1356
f 829/829/829 1374/1374/1374 863/863/863
f 863/863/863 801/801/801 829/829/829
f 814/814/814 801/801/801 863/863/863
f 711/711/711 679/679/679 689/689/689
f 673/673/673 711/711/711 689/689/689
f 689/689/689 1355/1355/1355 673/673/673
f 673/673/673 1355/1355/1355 1373/1373/1373
f 1355/1355/1355 1374/1374/1374 1373/1373/1373
f 1373/1373/1373 1374/1374/1374 1402/1402/1402
f 1402/1402/1402 1374/1374/1374 828/828/828
f 828/828/828 1374/1374/1374 829/829/829
f 829/829/829 795/795/795 828/828/828
f 801/801/801 795/795/795 829/829/829
f 671/671/671 711/711/711 673/673/673
f 674/674/674 671/671/671 673/673/673
f 673/673/673 1373/1373/1373 674/674/674
f 674/674/674 1373/1373/1373 1381/1381/1381
f 1373/1373/1373 1402/1402/1402 1381/1381/1381
f 1381/1381/1381 1402/1402/1402 1379/1379/1379
f 1379/1379/1379 1402/1402/1402 824/824/824
f 824/824/824 1402/1402/1402 828/828/828
f 828/828/828 775/775/775 824/824/824
f 795/795/795 775/775/775 828/828/828
f 676/676/676 671/671/671 674/674/674
f 674/674/674 710/710/710 676/676/676
f 674/674/674 1381/1381/1381 710/710/710
f 710/710/710 1381/1381/1381 1378/1378/1378
f 1381/1381/1381 1379/1379/1379 1378/1378/1378
f 1378/1378/1378 1379/1379/1379 1354/1354/1354
f 824/824/824 1354/1354/1354 1379/1379/1379
f 826/826/826 1354/1354/1354 824/824/824
f 826/826/826 824/824/824 746/746/746
f 746/746/746 824/824/824 775/775/775
f 676/676/676 710/710/710 662/662/662
f 710/710/710 659/659/659 662/662/662
f 659/659/659 710/710/710 1360/1360/1360
f 1360/1360/1360 710/710/710 1378/1378/1378
f 1378/1378/1378 1354/1354/1354 1360/1360/1360
f 1360/1360/1360 1354/1354/1354 1359/1359/1359
f 1354/1354/1354 827/827/827 1359/1359/1359
f 826/826/826 827/827/827 1354/1354/1354
f 827/827/827 826/826/826 748/748/748
f 748/748/748 826/826/826 746/746/746
f 662/662/662 659/659/659 660/660/660
f 670/670/670 660/660/660 659/659/659
f 659/659/659 1401/1401/1401 670/670/670
f 1360/1360/1360 1401/1401/1401 659/659/659
f 1360/1360/1360 1359/1359/1359 1401/1401/1401
f 1401/1401/1401 1359/1359/1359 1380/1380/1380
f 1380/1380/1380 1359/1359/1359 866/866/866
f 866/866/866 1359/1359/1359 827/827/827
f 827/827/827 745/745/745 866/866/866
f 748/748/748 745/745/745 827/827/827
f 672/672/672 660/660/660 670/670/670
f 670/670/670 819/819/819 672/672/672
f 709/709/709 819/819/819 670/670/670
f 670/670/670 1401/1401/1401 709/709/709
f 709/709/709 1401/1401/1401 1405/1405/1405
f 1401/1401/1401 1380/1380/1380 1405/1405/1405
f 1405/1405/1405 1380/1380/1380 1361/1361/1361
f 1361/1361/1361 1380/1380/1380 825/825/825
f 825/825/825 1380/1380/1380 866/866/866
f 866/866/866 767/767/767 825/825/825
f 745/745/745 767/767/767 866/866/866
f 709/709/709 668/668/668 819/819/819
f 663/663/663 668/668/668 709/709/709
f 709/709/709 1405/1405/1405 663/663/663
f 663/663/663 1405/1405/1405 1358/1358/1358
f 1405/1405/1405 1361/1361/1361 1358/1358/1358
f 1358/1358/1358 1361/1361/1361 1411/1411/1411
f 825/825/825 1411/1411/1411 1361/1361/1361
f 913/913/913 1411/1411/1411 825/825/825
f 825/825/825 796/796/796 913/913/913
f 767/767/767 796/796/796 825/825/825
f 663/663/663 661/661/661 668/668/668
f 667/667/667 661/661/661 663/663/663
f 663/663/663 1358/1358/1358 667/667/667
f 667/667/667 1358/1358/1358 1406/1406/1406
f 1358/1358/1358 1411/1411/1411 1406/1406/1406
f 1406/1406/1406 1411/1411/1411 1415/1415/1415
f 913/913/913 1415/1415/1415 1411/1411/1411
f 912/912/912 1415/1415/1415 913/913/913
f 913/913/913 716/716/716 912/912/912
f 796/796/796 716/716/716 913/913/913
f 667/667/667 707/707/707 661/661/661
f 669/669/669 707/707/707 667/667/667
f 667/667/667 1406/1406/1406 669/669/669
f 669/669/669 1406/1406/1406 1421/1421/1421
f 1406/1406/1406 1415/1415/1415 1421/1421/1421
f 1421/1421/1421 1415/1415/1415 1389/1389/1389
f 912/912/912 1389/1389/1389 1415/1415/1415
f 914/914/914 1389/1389/1389 912/912/912
f 912/912/912 766/766/766 914/914/914
f 716/716/716 766/766/766 912/912/912
f 716/716/716 714/714/714 766/766/766
f 796/796/796 714/714/714 716/716/716
f 669/669/669 712/712/712 707/707/707
f 664/664/664 712/712/712 669/669/669
f 669/669/669 1421/1421/1421 664/664/664
f 664/664/664 1421/1421/1421 1372/1372/1372
f 1421/1421/1421 1389/1389/1389 1372/1372/1372
f 1372/1372/1372 1389/1389/1389 1418/1418/1418
f 914/914/914 1418/1418/1418 1389/1389/1389
f 915/915/915 1418/1418/1418 914/914/914
f 914/914/914 756/756/756 915/915/915
f 766/766/766 756/756/756 914/914/914
f 664/664/664 665/665/665 712/712/712
f 779/779/779 665/665/665 664/664/664
f 664/664/664 1372/1372/1372 779/779/779
f 779/779/779 1372/1372/1372 1362/1362/1362
f 1372/1372/1372 1418/1418/1418 1362/1362/1362
f 1362/1362/1362 1418/1418/1418 1416/1416/1416
f 915/915/915 1416/1416/1416 1418/1418/1418
f 911/911/911 1416/1416/1416 915/915/915
f 792/792/792 714/714/714 796/796/796
f 767/767/767 792/792/792 796/796/796
f 744/744/744 792/792/792 767/767/767
f 745/745/745 744/744/744 767/767/767
f 749/749/749 744/744/744 745/745/745
f 748/748/748 749/749/749 745/745/745
f 799/799/799 749/749/749 748/748/748
f 746/746/746 799/799/799 748/748/748
f 768/768/768 799/799/799 746/746/746
f 775/775/775 768/768/768 746/746/746
f 747/747/747 768/768/768 775/775/775
f 795/795/795 747/747/747 775/775/775
f 800/800/800 747/747/747 795/795/795
f 801/801/801 800/800/800 795/795/795
f 813/813/813 800/800/800 801/801/801
f 814/814/814 813/813/813 801/801/801
f 771/771/771 813/813/813 814/814/814
f 773/773/773 771/771/771 814/814/814
f 804/804/804 771/771/771 773/773/773
f 803/803/803 804/804/804 773/773/773
f 812/812/812 804/804/804 803/803/803
f 802/802/802 812/812/812 803/803/803
f 806/806/806 812/812/812 802/802/802
f 810/810/810 806/806/806 802/802/802
f 811/811/811 806/806/806 810/810/810
f 805/805/805 811/811/811 810/810/810
f 772/772/772 811/811/811 805/805/805
f 823/823/823 772/772/772 805/805/805
f 794/794/794 772/772/772 823/823/823
f 781/781/781 794/794/794 823/823/823
f 793/793/793 794/794/794 781/781/781
f 740/740/740 793/793/793 781/781/781
f 738/738/738 793/793/793 740/740/740
f 740/740/740 777/777/777 738/738/738
f 780/780/780 777/777/777 740/740/740
f 780/780/780 739/739/739 777/777/777
f 737/737/737 739/739/739 780/780/780
f 752/752/752 739/739/739 737/737/737
f 753/753/753 739/739/739 752/752/752
f 752/752/752 719/719/719 753/753/753
f 766/766/766 714/714/714 750/750/750
f 750/750/750 774/774/774 766/766/766
f 766/766/766 774/774/774 756/756/756
f 774/774/774 755/755/755 756/756/756
f 756/756/756 755/755/755 715/715/715
f 715/715/715 915/915/915 756/756/756
f 683/683/683 915/915/915 715/715/715
f 742/742/742 719/719/719 820/820/820
f 742/742/742 820/820/820 751/751/751
f 760/760/760 751/751/751 733/733/733
f 783/783/783 760/760/760 733/733/733
f 759/759/759 760/760/760 783/783/783
f 728/728/728 759/759/759 783/783/783
f 718/718/718 759/759/759 728/728/728
f 736/736/736 718/718/718 728/728/728
f 717/717/717 718/718/718 736/736/736
f 726/726/726 717/717/717 736/736/736
f 720/720/720 717/717/717 726/726/726
f 734/734/734 720/720/720 726/726/726
f 734/734/734 726/726/726 731/731/731
f 731/731/731 735/735/735 734/734/734
f 730/730/730 735/735/735 731/731/731
f 666/666/666 720/720/720 734/734/734
f 734/734/734 741/741/741 666/666/666
f 735/735/735 741/741/741 734/734/734
f 1137/1137/1137 1322/1322/1322 1136/1136/1136
f 1305/1305/1305 1322/1322/1322 1137/1137/1137
f 1143/1143/1143 1322/1322/1322 1305/1305/1305
f 1245/1245/1245 1143/1143/1143 1305/1305/1305
f 1245/1245/1245 1305/1305/1305 1296/1296/1296
f 1152/1152/1152 1322/1322/1322 1143/1143/1143
f 1152/1152/1152 1318/1318/1318 1322/1322/1322
f 1311/1311/1311 1318/1318/1318 1152/1152/1152
f 1311/1311/1311 1306/1306/1306 1318/1318/1318
f 1297/1297/1297 1306/1306/1306 1311/1311/1311
f 1297/1297/1297 1295/1295/1295 1306/1306/1306
f 1244/1244/1244 1295/1295/1295 1297/1297/1297
f 1318/1318/1318 1348/1348/1348 1322/1322/1322
f 1306/1306/1306 1295/1295/1295 1300/1300/1300
f 1318/1318/1318 1306/1306/1306 1299/1299/1299
f 1299/1299/1299 1306/1306/1306 1320/1320/1320
f 1142/1142/1142 1143/1143/1143 1245/1245/1245
f 1238/1238/1238 1142/1142/1142 1245/1245/1245
f 1245/1245/1245 1243/1243/1243 1238/1238/1238
f 1238/1238/1238 1243/1243/1243 1240/1240/1240
f 1139/1139/1139 1142/1142/1142 1238/1238/1238
f 1242/1242/1242 1139/1139/1139 1238/1238/1238
f 1242/1242/1242 1238/1238/1238 1239/1239/1239
f 1241/1241/1241 1139/1139/1139 1242/1242/1242
f 1241/1241/1241 1242/1242/1242 1244/1244/1244
f 1244/1244/1244 1242/1242/1242 1295/1295/1295
f 1295/1295/1295 1242/1242/1242 1310/1310/1310
f 1310/1310/1310 1242/1242/1242 1298/1298/1298
f 1319/1319/1319 1316/1316/1316 1287/1287/1287
f 1287/1287/1287 1316/1316/1316 1284/1284/1284
f 1284/1284/1284 1309/1309/1309 1287/1287/1287
f 1281/1281/1281 1309/1309/1309 1284/1284/1284
f 1281/1281/1281 1302/1302/1302 1309/1309/1309
f 1282/1282/1282 1302/1302/1302 1281/1281/1281
f 1302/1302/1302 1282/1282/1282 1262/1262/1262
f 1262/1262/1262 1282/1282/1282 1292/1292/1292
f 1292/1292/1292 1289/1289/1289 1262/1262/1262
f 1262/1262/1262 1289/1289/1289 1260/1260/1260
f 1212/1212/1212 1260/1260/1260 1289/1289/1289
f 1214/1214/1214 1260/1260/1260 1212/1212/1212
f 1182/1182/1182 1214/1214/1214 1212/1212/1212
f 1346/1346/1346 1214/1214/1214 1182/1182/1182
f 1182/1182/1182 1188/1188/1188 1346/1346/1346
f 1346/1346/1346 1188/1188/1188 1187/1187/1187
f 1188/1188/1188 1183/1183/1183 1187/1187/1187
f 1187/1187/1187 1183/1183/1183 1184/1184/1184
f 1183/1183/1183 1202/1202/1202 1184/1184/1184
f 1209/1209/1209 1202/1202/1202 1183/1183/1183
f 1246/1246/1246 1324/1324/1324 1247/1247/1247
f 1247/1247/1247 1324/1324/1324 1162/1162/1162
f 1324/1324/1324 1165/1165/1165 1162/1162/1162
f 1165/1165/1165 1163/1163/1163 1162/1162/1162
f 1163/1163/1163 1334/1334/1334 1162/1162/1162
f 1326/1326/1326 1334/1334/1334 1163/1163/1163
f 1332/1332/1332 1247/1247/1247 1162/1162/1162
f 1162/1162/1162 1333/1333/1333 1332/1332/1332
f 1334/1334/1334 1333/1333/1333 1162/1162/1162
f 1345/1345/1345 1247/1247/1247 1332/1332/1332
f 1332/1332/1332 1335/1335/1335 1345/1345/1345
f 1186/1186/1186 1335/1335/1335 1332/1332/1332
f 1332/1332/1332 1339/1339/1339 1186/1186/1186
f 1333/1333/1333 1339/1339/1339 1332/1332/1332
f 1186/1186/1186 1328/1328/1328 1335/1335/1335
f 1166/1166/1166 1328/1328/1328 1186/1186/1186
f 1186/1186/1186 1180/1180/1180 1166/1166/1166
f 1339/1339/1339 1180/1180/1180 1186/1186/1186
f 1327/1327/1327 1328/1328/1328 1166/1166/1166
f 1176/1176/1176 1327/1327/1327 1166/1166/1166
f 1185/1185/1185 1176/1176/1176 1166/1166/1166
f 1166/1166/1166 1181/1181/1181 1185/1185/1185
f 1180/1180/1180 1181/1181/1181 1166/1166/1166
f 1325/1325/1325 1328/1328/1328 1327/1327/1327
f 1331/1331/1331 1159/1159/1159 1160/1160/1160
f 1233/1233/1233 1159/1159/1159 1331/1331/1331
f 1331/1331/1331 1175/1175/1175 1233/1233/1233
f 1175/1175/1175 1234/1234/1234 1233/1233/1233
f 1338/1338/1338 1234/1234/1234 1175/1175/1175
f 1233/1233/1233 1226/1226/1226 1159/1159/1159
f 1234/1234/1234 1226/1226/1226 1233/1233/1233
f 1227/1227/1227 1226/1226/1226 1234/1234/1234
f 1224/1224/1224 1226/1226/1226 1227/1227/1227
f 1218/1218/1218 1226/1226/1226 1224/1224/1224
f 1224/1224/1224 1138/1138/1138 1218/1218/1218
f 1173/1173/1173 1138/1138/1138 1224/1224/1224
f 1159/1159/1159 1226/1226/1226 1329/1329/1329
f 1329/1329/1329 1226/1226/1226 1161/1161/1161
f 1161/1161/1161 1226/1226/1226 1218/1218/1218
f 1218/1218/1218 1340/1340/1340 1161/1161/1161
f 1340/1340/1340 1218/1218/1218 1138/1138/1138
f 1161/1161/1161 1340/1340/1340 1164/1164/1164
f 1135/1135/1135 1133/1133/1133 1134/1134/1134
f 1134/1134/1134 1133/1133/1133 1141/1141/1141
f 988/988/988 1141/1141/1141 1133/1133/1133
f 975/975/975 1141/1141/1141 988/988/988
f 988/988/988 973/973/973 975/975/975
f 987/987/987 973/973/973 988/988/988
f 974/974/974 973/973/973 987/987/987
f 974/974/974 978/978/978 973/973/973
f 1140/1140/1140 1134/1134/1134 1141/1141/1141
f 1141/1141/1141 972/972/972 1140/1140/1140
f 975/975/975 972/972/972 1141/1141/1141
f 973/973/973 972/972/972 975/975/975
f 952/952/952 972/972/972 973/973/973
f 973/973/973 978/978/978 952/952/952
f 978/978/978 977/977/977 952/952/952
f 952/952/952 977/977/977 1010/1010/1010
f 977/977/977 990/990/990 1010/1010/1010
f 1279/1279/1279 1134/1134/1134 1140/1140/1140
f 1140/1140/1140 1015/1015/1015 1279/1279/1279
f 1140/1140/1140 951/951/951 1015/1015/1015
f 972/972/972 951/951/951 1140/1140/1140
f 952/952/952 951/951/951 972/972/972
f 1010/1010/1010 951/951/951 952/952/952
f 1010/1010/1010 1009/1009/1009 951/951/951
f 970/970/970 1009/1009/1009 1010/1010/1010
f 1010/1010/1010 990/990/990 970/970/970
f 990/990/990 971/971/971 970/970/970
f 976/976/976 971/971/971 990/990/990
f 1279/1279/1279 1015/1015/1015 1349/1349/1349
f 1349/1349/1349 1015/1015/1015 1014/1014/1014
f 1014/1014/1014 1015/1015/1015 1012/1012/1012
f 951/951/951 1012/1012/1012 1015/1015/1015
f 1009/1009/1009 1012/1012/1012 951/951/951
f 1009/1009/1009 948/948/948 1012/1012/1012
f 999/999/999 948/948/948 1009/1009/1009
f 970/970/970 999/999/999 1009/1009/1009
f 971/971/971 999/999/999 970/970/970
f 999/999/999 971/971/971 1058/1058/1058
f 1058/1058/1058 971/971/971 1008/1008/1008
f 971/971/971 976/976/976 1008/1008/1008
f 1008/1008/1008 976/976/976 1006/1006/1006
f 1014/1014/1014 1012/1012/1012 1013/1013/1013
f 1013/1013/1013 1012/1012/1012 948/948/948
f 948/948/948 949/949/949 1013/1013/1013
f 948/948/948 999/999/999 949/949/949
f 949/949/949 999/999/999 1058/1058/1058
f 1013/1013/1013 949/949/949 1132/1132/1132
f 1016/1016/1016 958/958/958 959/959/959
f 947/947/947 959/959/959 958/958/958
f 997/997/997 947/947/947 958/958/958
f 1057/1057/1057 947/947/947 997/997/997
f 997/997/997 1024/1024/1024 1057/1057/1057
f 1057/1057/1057 1024/1024/1024 1022/1022/1022
f 998/998/998 959/959/959 947/947/947
f 1088/1088/1088 986/986/986 989/989/989
f 989/989/989 986/986/986 985/985/985
f 1021/1021/1021 985/985/985 986/986/986
f 1007/1007/1007 985/985/985 1021/1021/1021
f 1007/1007/1007 1000/1000/1000 985/985/985
f 1005/1005/1005 1000/1000/1000 1007/1007/1007
f 1005/1005/1005 1023/1023/1023 1000/1000/1000
f 1000/1000/1000 1023/1023/1023 950/950/950
f 985/985/985 1011/1011/1011 989/989/989
f 1000/1000/1000 1011/1011/1011 985/985/985
f 1000/1000/1000 950/950/950 1011/1011/1011
f 1011/1011/1011 950/950/950 946/946/946
f 1734/1734/1734 961/961/961 1751/1751/1751
f 1734/1734/1734 1751/1751/1751 1750/1750/1750
f 1750/1750/1750 1751/1751/1751 1733/1733/1733
f 1750/1750/1750 1733/1733/1733 1693/1693/1693
f 1693/1693/1693 1733/1733/1733 2783/2783/2783
f 1693/1693/1693 2783/2783/2783 1694/1694/1694
f 1694/1694/1694 2783/2783/2783 1684/1684/1684
f 1750/1750/1750 2019/2019/2019 1734/1734/1734
f 2017/2017/2017 2019/2019/2019 1750/1750/1750
f 1669/1669/1669 2017/2017/2017 1750/1750/1750
f 1669/1669/1669 1750/1750/1750 1668/1668/1668
f 1750/1750/1750 1698/1698/1698 1668/1668/1668
f 1693/1693/1693 1698/1698/1698 1750/1750/1750
f 1693/1693/1693 1697/1697/1697 1698/1698/1698
f 1694/1694/1694 1697/1697/1697 1693/1693/1693
f 2017/2017/2017 2081/2081/2081 2019/2019/2019
f 2094/2094/2094 2081/2081/2081 2017/2017/2017
f 2017/2017/2017 1671/1671/1671 2094/2094/2094
f 1685/1685/1685 1671/1671/1671 2017/2017/2017
f 1669/1669/1669 1685/1685/1685 2017/2017/2017
f 1685/1685/1685 1669/1669/1669 1668/1668/1668
f 1668/1668/1668 1671/1671/1671 1685/1685/1685
f 1698/1698/1698 1671/1671/1671 1668/1668/1668
f 1698/1698/1698 1673/1673/1673 1671/1671/1671
f 1697/1697/1697 1673/1673/1673 1698/1698/1698
f 1673/1673/1673 1697/1697/1697 1666/1666/1666
f 1666/1666/1666 1697/1697/1697 2092/2092/2092
f 1694/1694/1694 2092/2092/2092 1697/1697/1697
f 1696/1696/1696 2081/2081/2081 2094/2094/2094
f 2094/2094/2094 1671/1671/1671 1696/1696/1696
f 1696/1696/1696 1671/1671/1671 1673/1673/1673
f 1673/1673/1673 1695/1695/1695 1696/1696/1696
f 1666/1666/1666 1695/1695/1695 1673/1673/1673
f 1666/1666/1666 1537/1537/1537 1695/1695/1695
f 1537/1537/1537 1666/1666/1666 1649/1649/1649
f 1666/1666/1666 2092/2092/2092 1649/1649/1649
f 1649/1649/1649 2092/2092/2092 2084/2084/2084
f 2092/2092/2092 2064/2064/2064 2084/2084/2084
f 2064/2064/2064 2092/2092/2092 1694/1694/1694
f 1684/1684/1684 2064/2064/2064 1694/1694/1694
f 2083/2083/2083 2064/2064/2064 1684/1684/1684
f 1695/1695/1695 1537/1537/1537 1639/1639/1639
f 1537/1537/1537 1536/1536/1536 1639/1639/1639
f 1623/1623/1623 1536/1536/1536 1537/1537/1537
f 1623/1623/1623 1537/1537/1537 1649/1649/1649
f 2095/2095/2095 1695/1695/1695 1639/1639/1639
f 1639/1639/1639 1539/1539/1539 2095/2095/2095
f 1539/1539/1539 1639/1639/1639 1536/1536/1536
f 1628/1628/1628 1539/1539/1539 1536/1536/1536
f 1628/1628/1628 1536/1536/1536 1623/1623/1623
f 1630/1630/1630 1628/1628/1628 1623/1623/1623
f 1623/1623/1623 1631/1631/1631 1630/1630/1630
f 1624/1624/1624 1631/1631/1631 1623/1623/1623
f 1624/1624/1624 1623/1623/1623 1626/1626/1626
f 1626/1626/1626 1623/1623/1623 1649/1649/1649
f 1539/1539/1539 1513/1513/1513 2095/2095/2095
f 1513/1513/1513 1539/1539/1539 1628/1628/1628
f 1513/1513/1513 1628/1628/1628 1508/1508/1508
f 1508/1508/1508 1628/1628/1628 1603/1603/1603
f 1603/1603/1603 1628/1628/1628 1630/1630/1630
f 1630/1630/1630 1633/1633/1633 1603/1603/1603
f 1630/1630/1630 1552/1552/1552 1633/1633/1633
f 1631/1631/1631 1552/1552/1552 1630/1630/1630
f 2095/2095/2095 1513/1513/1513 1601/1601/1601
f 1602/1602/1602 1601/1601/1601 1513/1513/1513
f 1513/1513/1513 1509/1509/1509 1602/1602/1602
f 1513/1513/1513 1508/1508/1508 1509/1509/1509
f 1509/1509/1509 1508/1508/1508 1501/1501/1501
f 1508/1508/1508 1593/1593/1593 1501/1501/1501
f 1594/1594/1594 1593/1593/1593 1508/1508/1508
f 1594/1594/1594 1508/1508/1508 1603/1603/1603
f 1633/1633/1633 1594/1594/1594 1603/1603/1603
f 1602/1602/1602 1535/1535/1535 1601/1601/1601
f 1535/1535/1535 1602/1602/1602 1509/1509/1509
f 1501/1501/1501 1535/1535/1535 1509/1509/1509
f 1505/1505/1505 1535/1535/1535 1501/1501/1501
f 1505/1505/1505 1501/1501/1501 1504/1504/1504
f 1504/1504/1504 1501/1501/1501 1593/1593/1593
f 1504/1504/1504 1593/1593/1593 2128/2128/2128
f 2128/2128/2128 1593/1593/1593 1512/1512/1512
f 1594/1594/1594 1512/1512/1512 1593/1593/1593
f 1598/1598/1598 1512/1512/1512 1594/1594/1594
f 1633/1633/1633 1598/1598/1598 1594/1594/1594
f 1601/1601/1601 1535/1535/1535 1590/1590/1590
f 1590/1590/1590 1535/1535/1535 1505/1505/1505
f 1505/1505/1505 2123/2123/2123 1590/1590/1590
f 1504/1504/1504 2123/2123/2123 1505/1505/1505
f 2128/2128/2128 2123/2123/2123 1504/1504/1504
f 2123/2123/2123 2128/2128/2128 2129/2129/2129
f 2129/2129/2129 2128/2128/2128 2134/2134/2134
f 2128/2128/2128 2135/2135/2135 2134/2134/2134
f 2128/2128/2128 1512/1512/1512 2135/2135/2135
f 1590/1590/1590 1597/1597/1597 1601/1601/1601
f 1595/1595/1595 1597/1597/1597 1590/1590/1590
f 1595/1595/1595 1590/1590/1590 2123/2123/2123
f 2123/2123/2123 1790/1790/1790 1595/1595/1595
f 1790/1790/1790 2123/2123/2123 1798/1798/1798
f 1798/1798/1798 2123/2123/2123 2129/2129/2129
f 1601/1601/1601 1597/1597/1597 1583/1583/1583
f 1583/1583/1583 1597/1597/1597 1592/1592/1592
f 1589/1589/1589 1592/1592/1592 1597/1597/1597
f 1589/1589/1589 1597/1597/1597 1595/1595/1595
f 1779/1779/1779 1589/1589/1589 1595/1595/1595
f 1793/1793/1793 1779/1779/1779 1595/1595/1595
f 1595/1595/1595 1790/1790/1790 1793/1793/1793
f 1797/1797/1797 1793/1793/1793 1790/1790/1790
f 1797/1797/1797 1790/1790/1790 1798/1798/1798
f 1601/1601/1601 1583/1583/1583 2040/2040/2040
f 1583/1583/1583 1582/1582/1582 2040/2040/2040
f 1612/1612/1612 1582/1582/1582 1583/1583/1583
f 1592/1592/1592 1612/1612/1612 1583/1583/1583
f 1588/1588/1588 1612/1612/1612 1592/1592/1592
f 1592/1592/1592 1587/1587/1587 1588/1588/1588
f 1586/1586/1586 1587/1587/1587 1592/1592/1592
f 1586/1586/1586 1592/1592/1592 1589/1589/1589
f 1799/1799/1799 1586/1586/1586 1589/1589/1589
f 1799/1799/1799 1589/1589/1589 1779/1779/1779
f 1582/1582/1582 1612/1612/1612 1581/1581/1581
f 1581/1581/1581 1612/1612/1612 1611/1611/1611
f 1588/1588/1588 1611/1611/1611 1612/1612/1612
f 1758/1758/1758 1611/1611/1611 1588/1588/1588
f 1588/1588/1588 2024/2024/2024 1758/1758/1758
f 1588/1588/1588 1746/1746/1746 2024/2024/2024
f 1588/1588/1588 1587/1587/1587 1746/1746/1746
f 1746/1746/1746 1587/1587/1587 1600/1600/1600
f 1586/1586/1586 1600/1600/1600 1587/1587/1587
f 1789/1789/1789 1600/1600/1600 1586/1586/1586
f 1789/1789/1789 1586/1586/1586 1799/1799/1799
f 1581/1581/1581 1611/1611/1611 1610/1610/1610
f 1610/1610/1610 1611/1611/1611 1803/1803/1803
f 1758/1758/1758 1803/1803/1803 1611/1611/1611
f 1760/1760/1760 1803/1803/1803 1758/1758/1758
f 1758/1758/1758 1703/1703/1703 1760/1760/1760
f 1761/1761/1761 1703/1703/1703 1758/1758/1758
f 1758/1758/1758 2024/2024/2024 1761/1761/1761
f 1610/1610/1610 1803/1803/1803 2016/2016/2016
f 2016/2016/2016 1803/1803/1803 1613/1613/1613
f 1803/1803/1803 1760/1760/1760 1613/1613/1613
f 1613/1613/1613 1760/1760/1760 1703/1703/1703
f 2016/2016/2016 1613/1613/1613 1703/1703/1703
f 2016/2016/2016 1703/1703/1703 2018/2018/2018
f 1703/1703/1703 2021/2021/2021 2018/2018/2018
f 1740/1740/1740 2021/2021/2021 1703/1703/1703
f 1761/1761/1761 1740/1740/1740 1703/1703/1703
f 2016/2016/2016 2080/2080/2080 1610/1610/1610
f 2016/2016/2016 2018/2018/2018 2080/2080/2080
f 1682/1682/1682 2080/2080/2080 2018/2018/2018
f 2018/2018/2018 1663/1663/1663 1682/1682/1682
f 2021/2021/2021 1663/1663/1663 2018/2018/2018
f 2022/2022/2022 1663/1663/1663 2021/2021/2021
f 2021/2021/2021 1652/1652/1652 2022/2022/2022
f 1740/1740/1740 1652/1652/1652 2021/2021/2021
f 1740/1740/1740 1672/1672/1672 1652/1652/1652
f 1672/1672/1672 1740/1740/1740 1761/1761/1761
f 1757/1757/1757 1672/1672/1672 1761/1761/1761
f 1761/1761/1761 2024/2024/2024 1757/1757/1757
f 2020/2020/2020 2080/2080/2080 1682/1682/1682
f 1702/1702/1702 2020/2020/2020 1682/1682/1682
f 1682/1682/1682 1664/1664/1664 1702/1702/1702
f 1663/1663/1663 1664/1664/1664 1682/1682/1682
f 1663/1663/1663 2058/2058/2058 1664/1664/1664
f 2058/2058/2058 1663/1663/1663 2022/2022/2022
f 2022/2022/2022 1774/1774/1774 2058/2058/2058
f 2022/2022/2022 1782/1782/1782 1774/1774/1774
f 1782/1782/1782 2022/2022/2022 1652/1652/1652
f 1426/1426/1426 2020/2020/2020 1702/1702/1702
f 2113/2113/2113 1426/1426/1426 1702/1702/1702
f 2113/2113/2113 1702/1702/1702 2006/2006/2006
f 2006/2006/2006 1702/1702/1702 1664/1664/1664
f 1664/1664/1664 2090/2090/2090 2006/2006/2006
f 1664/1664/1664 2058/2058/2058 2090/2090/2090
f 2090/2090/2090 2058/2058/2058 2109/2109/2109
f 2058/2058/2058 2111/2111/2111 2109/2109/2109
f 1774/1774/1774 2111/2111/2111 2058/2058/2058
f 1772/1772/1772 2111/2111/2111 1774/1774/1774
f 1782/1782/1782 1772/1772/1772 1774/1774/1774
f 1399/1399/1399 1426/1426/1426 2113/2113/2113
f 2070/2070/2070 1399/1399/1399 2113/2113/2113
f 2006/2006/2006 2070/2070/2070 2113/2113/2113
f 2061/2061/2061 2070/2070/2070 2006/2006/2006
f 2006/2006/2006 2090/2090/2090 2061/2061/2061
f 1771/1771/1771 2111/2111/2111 1772/1772/1772
f 1771/1771/1771 1772/1772/1772 1775/1775/1775
f 1772/1772/1772 2119/2119/2119 1775/1775/1775
f 1786/1786/1786 2119/2119/2119 1772/1772/1772
f 1786/1786/1786 1772/1772/1772 1782/1782/1782
f 1689/1689/1689 1786/1786/1786 1782/1782/1782
f 1782/1782/1782 1700/1700/1700 1689/1689/1689
f 1700/1700/1700 1782/1782/1782 1652/1652/1652
f 1773/1773/1773 1771/1771/1771 1775/1775/1775
f 1721/1721/1721 1773/1773/1773 1775/1775/1775
f 1775/1775/1775 2112/2112/2112 1721/1721/1721
f 2119/2119/2119 2112/2112/2112 1775/1775/1775
f 2112/2112/2112 2119/2119/2119 2121/2121/2121
f 2119/2119/2119 1677/1677/1677 2121/2121/2121
f 1687/1687/1687 1677/1677/1677 2119/2119/2119
f 2119/2119/2119 1786/1786/1786 1687/1687/1687
f 1687/1687/1687 1786/1786/1786 1689/1689/1689
f 1781/1781/1781 1773/1773/1773 1721/1721/1721
f 1781/1781/1781 1721/1721/1721 2100/2100/2100
f 1721/1721/1721 2093/2093/2093 2100/2100/2100
f 1721/1721/1721 1720/1720/1720 2093/2093/2093
f 2112/2112/2112 1720/1720/1720 1721/1721/1721
f 1785/1785/1785 1720/1720/1720 2112/2112/2112
f 2112/2112/2112 2116/2116/2116 1785/1785/1785
f 2116/2116/2116 2112/2112/2112 2121/2121/2121
f 1765/1765/1765 1781/1781/1781 2100/2100/2100
f 2140/2140/2140 1765/1765/1765 2100/2100/2100
f 2140/2140/2140 2100/2100/2100 2117/2117/2117
f 2117/2117/2117 2100/2100/2100 2099/2099/2099
f 2093/2093/2093 2099/2099/2099 2100/2100/2100
f 1781/1781/1781 1765/1765/1765 1784/1784/1784
f 1784/1784/1784 1765/1765/1765 1777/1777/1777
f 1777/1777/1777 1765/1765/1765 1767/1767/1767
f 1767/1767/1767 1765/1765/1765 1770/1770/1770
f 1765/1765/1765 1755/1755/1755 1770/1770/1770
f 1755/1755/1755 1765/1765/1765 2140/2140/2140
f 1784/1784/1784 1780/1780/1780 1781/1781/1781
f 1784/1784/1784 1722/1722/1722 1780/1780/1780
f 2088/2088/2088 1722/1722/1722 1784/1784/1784
f 2088/2088/2088 1784/1784/1784 1777/1777/1777
f 1712/1712/1712 2088/2088/2088 1777/1777/1777
f 1777/1777/1777 1767/1767/1767 1712/1712/1712
f 1712/1712/1712 1767/1767/1767 1756/1756/1756
f 1770/1770/1770 1756/1756/1756 1767/1767/1767
f 1781/1781/1781 1780/1780/1780 1730/1730/1730
f 1730/1730/1730 1780/1780/1780 1719/1719/1719
f 1780/1780/1780 1718/1718/1718 1719/1719/1719
f 1722/1722/1722 1718/1718/1718 1780/1780/1780
f 1722/1722/1722 1716/1716/1716 1718/1718/1718
f 1715/1715/1715 1716/1716/1716 1722/1722/1722
f 1722/1722/1722 2088/2088/2088 1715/1715/1715
f 1715/1715/1715 2088/2088/2088 2063/2063/2063
f 1753/1753/1753 2063/2063/2063 2088/2088/2088
f 1712/1712/1712 1753/1753/1753 2088/2088/2088
f 1712/1712/1712 1756/1756/1756 1753/1753/1753
f 1730/1730/1730 1719/1719/1719 1732/1732/1732
f 1732/1732/1732 1719/1719/1719 1718/1718/1718
f 1732/1732/1732 1718/1718/1718 1716/1716/1716
f 1716/1716/1716 1730/1730/1730 1732/1732/1732
f 1783/1783/1783 1730/1730/1730 1716/1716/1716
f 1716/1716/1716 1776/1776/1776 1783/1783/1783
f 2065/2065/2065 1776/1776/1776 1716/1716/1716
f 1716/1716/1716 1715/1715/1715 2065/2065/2065
f 2065/2065/2065 1715/1715/1715 1708/1708/1708
f 2063/2063/2063 1708/1708/1708 1715/1715/1715
f 2063/2063/2063 1710/1710/1710 1708/1708/1708
f 1754/1754/1754 1710/1710/1710 2063/2063/2063
f 1754/1754/1754 2063/2063/2063 1753/1753/1753
f 1753/1753/1753 1756/1756/1756 1754/1754/1754
f 1754/1754/1754 1756/1756/1756 1768/1768/1768
f 1768/1768/1768 1756/1756/1756 1770/1770/1770
f 1710/1710/1710 1717/1717/1717 1708/1708/1708
f 1710/1710/1710 2082/2082/2082 1717/1717/1717
f 1710/1710/1710 1754/1754/1754 2082/2082/2082
f 2082/2082/2082 1754/1754/1754 1766/1766/1766
f 1766/1766/1766 1754/1754/1754 1768/1768/1768
f 1768/1768/1768 2009/2009/2009 1766/1766/1766
f 1768/1768/1768 1770/1770/1770 2009/2009/2009
f 2009/2009/2009 1770/1770/1770 1787/1787/1787
f 1770/1770/1770 1755/1755/1755 1787/1787/1787
f 1708/1708/1708 1717/1717/1717 2079/2079/2079
f 1717/1717/1717 1709/1709/1709 2079/2079/2079
f 2023/2023/2023 1709/1709/1709 1717/1717/1717
f 2067/2067/2067 2023/2023/2023 1717/1717/1717
f 1717/1717/1717 2082/2082/2082 2067/2067/2067
f 2007/2007/2007 2067/2067/2067 2082/2082/2082
f 2082/2082/2082 2062/2062/2062 2007/2007/2007
f 1766/1766/1766 2062/2062/2062 2082/2082/2082
f 1766/1766/1766 2009/2009/2009 2062/2062/2062
f 2065/2065/2065 1708/1708/1708 2079/2079/2079
f 2079/2079/2079 1662/1662/1662 2065/2065/2065
f 2091/2091/2091 1662/1662/1662 2079/2079/2079
f 2079/2079/2079 1713/1713/1713 2091/2091/2091
f 1713/1713/1713 2079/2079/2079 1709/1709/1709
f 1713/1713/1713 1709/1709/1709 1711/1711/1711
f 1709/1709/1709 2003/2003/2003 1711/1711/1711
f 2023/2023/2023 2003/2003/2003 1709/1709/1709
f 1662/1662/1662 1729/1729/1729 2065/2065/2065
f 1660/1660/1660 1729/1729/1729 1662/1662/1662
f 1662/1662/1662 1659/1659/1659 1660/1660/1660
f 1679/1679/1679 1659/1659/1659 1662/1662/1662
f 1679/1679/1679 1662/1662/1662 2091/2091/2091
f 2091/2091/2091 1711/1711/1711 1679/1679/1679
f 1713/1713/1713 1711/1711/1711 2091/2091/2091
f 2065/2065/2065 1729/1729/1729 1776/1776/1776
f 1731/1731/1731 1776/1776/1776 1729/1729/1729
f 1442/1442/1442 1731/1731/1731 1729/1729/1729
f 1419/1419/1419 1442/1442/1442 1729/1729/1729
f 1419/1419/1419 1729/1729/1729 1738/1738/1738
f 1738/1738/1738 1729/1729/1729 1660/1660/1660
f 1660/1660/1660 2069/2069/2069 1738/1738/1738
f 1660/1660/1660 1688/1688/1688 2069/2069/2069
f 1659/1659/1659 1688/1688/1688 1660/1660/1660
f 1769/1769/1769 1776/1776/1776 1731/1731/1731
f 1731/1731/1731 2089/2089/2089 1769/1769/1769
f 1430/1430/1430 2089/2089/2089 1731/1731/1731
f 1430/1430/1430 1731/1731/1731 1442/1442/1442
f 1430/1430/1430 1442/1442/1442 1398/1398/1398
f 1398/1398/1398 1442/1442/1442 1400/1400/1400
f 2060/2060/2060 1400/1400/1400 1442/1442/1442
f 1419/1419/1419 2060/2060/2060 1442/1442/1442
f 1419/1419/1419 1738/1738/1738 2060/2060/2060
f 1738/1738/1738 2069/2069/2069 2060/2060/2060
f 1783/1783/1783 1776/1776/1776 1769/1769/1769
f 1769/1769/1769 2087/2087/2087 1783/1783/1783
f 2089/2089/2089 2087/2087/2087 1769/1769/1769
f 1397/1397/1397 2087/2087/2087 2089/2089/2089
f 1420/1420/1420 2087/2087/2087 1397/1397/1397
f 1783/1783/1783 2087/2087/2087 2086/2086/2086
f 2086/2086/2086 1730/1730/1730 1783/1783/1783
f 2071/2071/2071 1400/1400/1400 2060/2060/2060
f 2060/2060/2060 2068/2068/2068 2071/2071/2071
f 2069/2069/2069 2068/2068/2068 2060/2060/2060
f 2069/2069/2069 1688/1688/1688 2068/2068/2068
f 2068/2068/2068 1688/1688/1688 1675/1675/1675
f 1688/1688/1688 1676/1676/1676 1675/1675/1675
f 1676/1676/1676 1688/1688/1688 1661/1661/1661
f 1661/1661/1661 1688/1688/1688 1659/1659/1659
f 1679/1679/1679 1661/1661/1661 1659/1659/1659
f 1699/1699/1699 1661/1661/1661 1679/1679/1679
f 1699/1699/1699 1679/1679/1679 2055/2055/2055
f 2055/2055/2055 1679/1679/1679 2003/2003/2003
f 1679/1679/1679 1711/1711/1711 2003/2003/2003
f 1929/1929/1929 1676/1676/1676 1661/1661/1661
f 1661/1661/1661 960/960/960 1929/1929/1929
f 1699/1699/1699 960/960/960 1661/1661/1661
f 960/960/960 1699/1699/1699 1690/1690/1690
f 1690/1690/1690 1699/1699/1699 2055/2055/2055
f 1735/1735/1735 1690/1690/1690 2055/2055/2055
f 1735/1735/1735 2055/2055/2055 2059/2059/2059
f 2055/2055/2055 2023/2023/2023 2059/2059/2059
f 2003/2003/2003 2023/2023/2023 2055/2055/2055
f 1928/1928/1928 1676/1676/1676 1929/1929/1929
f 1928/1928/1928 1929/1929/1929 1930/1930/1930
f 1929/1929/1929 1651/1651/1651 1930/1930/1930
f 1632/1632/1632 1651/1651/1651 1929/1929/1929
f 1632/1632/1632 1929/1929/1929 957/957/957
f 957/957/957 1929/1929/1929 960/960/960
f 1690/1690/1690 957/957/957 960/960/960
f 1724/1724/1724 957/957/957 1690/1690/1690
f 1724/1724/1724 1690/1690/1690 1737/1737/1737
f 1737/1737/1737 1690/1690/1690 1735/1735/1735
f 1632/1632/1632 1802/1802/1802 1651/1651/1651
f 1804/1804/1804 1802/1802/1802 1632/1632/1632
f 1804/1804/1804 1632/1632/1632 1749/1749/1749
f 1749/1749/1749 1632/1632/1632 1723/1723/1723
f 1632/1632/1632 1691/1691/1691 1723/1723/1723
f 957/957/957 1691/1691/1691 1632/1632/1632
f 1691/1691/1691 957/957/957 1724/1724/1724
f 1804/1804/1804 1759/1759/1759 1802/1802/1802
f 1604/1604/1604 1759/1759/1759 1804/1804/1804
f 1804/1804/1804 1747/1747/1747 1604/1604/1604
f 1749/1749/1749 1747/1747/1747 1804/1804/1804
f 1749/1749/1749 1728/1728/1728 1747/1747/1747
f 1728/1728/1728 1749/1749/1749 1724/1724/1724
f 1724/1724/1724 1749/1749/1749 1723/1723/1723
f 1724/1724/1724 1723/1723/1723 1691/1691/1691
f 1604/1604/1604 2045/2045/2045 1759/1759/1759
f 1747/1747/1747 2045/2045/2045 1604/1604/1604
f 1762/1762/1762 2045/2045/2045 1747/1747/1747
f 1762/1762/1762 1747/1747/1747 1736/1736/1736
f 1747/1747/1747 1728/1728/1728 1736/1736/1736
f 1736/1736/1736 1728/1728/1728 1725/1725/1725
f 1725/1725/1725 1728/1728/1728 1741/1741/1741
f 1737/1737/1737 1741/1741/1741 1728/1728/1728
f 1724/1724/1724 1737/1737/1737 1728/1728/1728
f 1759/1759/1759 2045/2045/2045 2047/2047/2047
f 2008/2008/2008 2047/2047/2047 2045/2045/2045
f 2045/2045/2045 1762/1762/1762 2008/2008/2008
f 2008/2008/2008 1762/1762/1762 1701/1701/1701
f 1762/1762/1762 1998/1998/1998 1701/1701/1701
f 1998/1998/1998 1762/1762/1762 1725/1725/1725
f 1725/1725/1725 1762/1762/1762 1736/1736/1736
f 1998/1998/1998 2005/2005/2005 1701/1701/1701
f 2052/2052/2052 2005/2005/2005 1998/1998/1998
f 2052/2052/2052 1998/1998/1998 2051/2051/2051
f 2051/2051/2051 1998/1998/1998 1999/1999/1999
f 1999/1999/1999 1998/1998/1998 1725/1725/1725
f 1999/1999/1999 1725/1725/1725 2010/2010/2010
f 2010/2010/2010 1725/1725/1725 1741/1741/1741
f 2052/2052/2052 2044/2044/2044 2005/2005/2005
f 2044/2044/2044 2052/2052/2052 2000/2000/2000
f 2000/2000/2000 2052/2052/2052 2051/2051/2051
f 2000/2000/2000 2051/2051/2051 2001/2001/2001
f 2001/2001/2001 2051/2051/2051 2011/2011/2011
f 2011/2011/2011 2051/2051/2051 2010/2010/2010
f 2010/2010/2010 2051/2051/2051 1999/1999/1999
f 2044/2044/2044 2072/2072/2072 2005/2005/2005
f 2028/2028/2028 2072/2072/2072 2044/2044/2044
f 2044/2044/2044 2041/2041/2041 2028/2028/2028
f 2044/2044/2044 2103/2103/2103 2041/2041/2041
f 2044/2044/2044 2000/2000/2000 2103/2103/2103
f 2000/2000/2000 1991/1991/1991 2103/2103/2103
f 2001/2001/2001 1991/1991/1991 2000/2000/2000
f 2001/2001/2001 2077/2077/2077 1991/1991/1991
f 2046/2046/2046 2077/2077/2077 2001/2001/2001
f 2011/2011/2011 2046/2046/2046 2001/2001/2001
f 2136/2136/2136 2072/2072/2072 2028/2028/2028
f 2136/2136/2136 2028/2028/2028 2227/2227/2227
f 2227/2227/2227 2028/2028/2028 1997/1997/1997
f 2028/2028/2028 2041/2041/2041 1997/1997/1997
f 1997/1997/1997 2041/2041/2041 2053/2053/2053
f 2041/2041/2041 1993/1993/1993 2053/2053/2053
f 2041/2041/2041 2103/2103/2103 1993/1993/1993
f 1993/1993/1993 2103/2103/2103 1991/1991/1991
f 1993/1993/1993 1991/1991/1991 1996/1996/1996
f 1996/1996/1996 1991/1991/1991 2077/2077/2077
f 2043/2043/2043 2072/2072/2072 2136/2136/2136
f 2042/2042/2042 2043/2043/2043 2136/2136/2136
f 2042/2042/2042 2136/2136/2136 2114/2114/2114
f 2114/2114/2114 2136/2136/2136 2131/2131/2131
f 2131/2131/2131 2136/2136/2136 2227/2227/2227
f 2131/2131/2131 2227/2227/2227 2228/2228/2228
f 2073/2073/2073 2228/2228/2228 2227/2227/2227
f 2073/2073/2073 2227/2227/2227 1994/1994/1994
f 1994/1994/1994 2227/2227/2227 1997/1997/1997
f 2784/2784/2784 2043/2043/2043 2042/2042/2042
f 2108/2108/2108 2784/2784/2784 2042/2042/2042
f 2106/2106/2106 2108/2108/2108 2042/2042/2042
f 2106/2106/2106 2042/2042/2042 2114/2114/2114
f 2107/2107/2107 2106/2106/2106 2114/2114/2114
f 2107/2107/2107 2114/2114/2114 2076/2076/2076
f 2076/2076/2076 2114/2114/2114 2131/2131/2131
f 2076/2076/2076 2131/2131/2131 2228/2228/2228
f 1584/1584/1584 2043/2043/2043 2784/2784/2784
f 2784/2784/2784 1500/1500/1500 1584/1584/1584
f 2135/2135/2135 1500/1500/1500 2784/2784/2784
f 2135/2135/2135 2784/2784/2784 2108/2108/2108
f 2134/2134/2134 2135/2135/2135 2108/2108/2108
f 2106/2106/2106 2134/2134/2134 2108/2108/2108
f 2126/2126/2126 2134/2134/2134 2106/2106/2106
f 2106/2106/2106 2104/2104/2104 2126/2126/2126
f 2104/2104/2104 2106/2106/2106 2107/2107/2107
f 1585/1585/1585 2043/2043/2043 1584/1584/1584
f 1625/1625/1625 1585/1585/1585 1584/1584/1584
f 1584/1584/1584 1499/1499/1499 1625/1625/1625
f 1499/1499/1499 1584/1584/1584 1500/1500/1500
f 1512/1512/1512 1499/1499/1499 1500/1500/1500
f 2135/2135/2135 1512/1512/1512 1500/1500/1500
f 1621/1621/1621 1585/1585/1585 1625/1625/1625
f 1620/1620/1620 1621/1621/1621 1625/1625/1625
f 1625/1625/1625 1627/1627/1627 1620/1620/1620
f 1634/1634/1634 1627/1627/1627 1625/1625/1625
f 1625/1625/1625 1499/1499/1499 1634/1634/1634
f 1598/1598/1598 1634/1634/1634 1499/1499/1499
f 1598/1598/1598 1499/1499/1499 1512/1512/1512
f 1622/1622/1622 1585/1585/1585 1621/1621/1621
f 1644/1644/1644 1622/1622/1622 1621/1621/1621
f 1644/1644/1644 1621/1621/1621 1619/1619/1619
f 1619/1619/1619 1621/1621/1621 1629/1629/1629
f 1629/1629/1629 1621/1621/1621 1620/1620/1620
f 1635/1635/1635 1629/1629/1629 1620/1620/1620
f 1572/1572/1572 1635/1635/1635 1620/1620/1620
f 1620/1620/1620 1571/1571/1571 1572/1572/1572
f 1620/1620/1620 1627/1627/1627 1571/1571/1571
f 1644/1644/1644 1619/1619/1619 1805/1805/1805
f 1619/1619/1619 1580/1580/1580 1805/1805/1805
f 1619/1619/1619 1629/1629/1629 1580/1580/1580
f 1580/1580/1580 1629/1629/1629 1637/1637/1637
f 1637/1637/1637 1629/1629/1629 1635/1635/1635
f 1568/1568/1568 1637/1637/1637 1635/1635/1635
f 1568/1568/1568 1635/1635/1635 1572/1572/1572
f 1552/1552/1552 1568/1568/1568 1572/1572/1572
f 1552/1552/1552 1572/1572/1572 1633/1633/1633
f 1633/1633/1633 1572/1572/1572 1571/1571/1571
f 1805/1805/1805 1580/1580/1580 1748/1748/1748
f 1580/1580/1580 2015/2015/2015 1748/1748/1748
f 1580/1580/1580 1642/1642/1642 2015/2015/2015
f 1580/1580/1580 1637/1637/1637 1642/1642/1642
f 1642/1642/1642 1637/1637/1637 1641/1641/1641
f 1641/1641/1641 1637/1637/1637 1568/1568/1568
f 1568/1568/1568 1648/1648/1648 1641/1641/1641
f 1648/1648/1648 1568/1568/1568 1642/1642/1642
f 1647/1647/1647 1642/1642/1642 1568/1568/1568
f 1647/1647/1647 1568/1568/1568 1552/1552/1552
f 1631/1631/1631 1647/1647/1647 1552/1552/1552
f 1748/1748/1748 2015/2015/2015 1764/1764/1764
f 2015/2015/2015 1763/1763/1763 1764/1764/1764
f 1806/1806/1806 1763/1763/1763 2015/2015/2015
f 1806/1806/1806 2015/2015/2015 2085/2085/2085
f 2015/2015/2015 1642/1642/1642 2085/2085/2085
f 1642/1642/1642 1646/1646/1646 2085/2085/2085
f 1646/1646/1646 1642/1642/1642 1647/1647/1647
f 1647/1647/1647 1650/1650/1650 1646/1646/1646
f 1636/1636/1636 1650/1650/1650 1647/1647/1647
f 1636/1636/1636 1647/1647/1647 1631/1631/1631
f 1624/1624/1624 1636/1636/1636 1631/1631/1631
f 1417/1417/1417 1763/1763/1763 1806/1806/1806
f 1417/1417/1417 1806/1806/1806 1414/1414/1414
f 1413/1413/1413 1414/1414/1414 1806/1806/1806
f 1806/1806/1806 2085/2085/2085 1413/1413/1413
f 1413/1413/1413 2085/2085/2085 1640/1640/1640
f 1640/1640/1640 2085/2085/2085 1615/1615/1615
f 1615/1615/1615 2085/2085/2085 1646/1646/1646
f 1646/1646/1646 1650/1650/1650 1615/1615/1615
f 1615/1615/1615 1650/1650/1650 2084/2084/2084
f 2084/2084/2084 1650/1650/1650 1649/1649/1649
f 1636/1636/1636 1649/1649/1649 1650/1650/1650
f 1638/1638/1638 1649/1649/1649 1636/1636/1636
f 1638/1638/1638 1636/1636/1636 1624/1624/1624
f 1638/1638/1638 1624/1624/1624 1626/1626/1626
f 1414/1414/1414 1413/1413/1413 1423/1423/1423
f 1423/1423/1423 1413/1413/1413 1427/1427/1427
f 1427/1427/1427 1413/1413/1413 1643/1643/1643
f 1643/1643/1643 1413/1413/1413 1640/1640/1640
f 1643/1643/1643 1640/1640/1640 1615/1615/1615
f 1643/1643/1643 1615/1615/1615 1427/1427/1427
f 1615/1615/1615 2084/2084/2084 1427/1427/1427
f 2084/2084/2084 2064/2064/2064 1427/1427/1427
f 2083/2083/2083 1427/1427/1427 2064/2064/2064
f 1423/1423/1423 1427/1427/1427 2083/2083/2083
f 1626/1626/1626 1649/1649/1649 1638/1638/1638
f 1648/1648/1648 1642/1642/1642 1641/1641/1641
f 1571/1571/1571 1598/1598/1598 1633/1633/1633
f 1571/1571/1571 1614/1614/1614 1598/1598/1598
f 1618/1618/1618 1614/1614/1614 1571/1571/1571
f 1571/1571/1571 1627/1627/1627 1618/1618/1618
f 1618/1618/1618 1627/1627/1627 1645/1645/1645
f 1645/1645/1645 1627/1627/1627 1634/1634/1634
f 1645/1645/1645 1634/1634/1634 1598/1598/1598
f 1598/1598/1598 1614/1614/1614 1645/1645/1645
f 1614/1614/1614 1618/1618/1618 1645/1645/1645
f 2126/2126/2126 2129/2129/2129 2134/2134/2134
f 2130/2130/2130 2129/2129/2129 2126/2126/2126
f 1596/1596/1596 2130/2130/2130 2126/2126/2126
f 2126/2126/2126 2104/2104/2104 1596/1596/1596
f 2122/2122/2122 2129/2129/2129 2130/2130/2130
f 2122/2122/2122 2130/2130/2130 1778/1778/1778
f 1778/1778/1778 2130/2130/2130 1596/1596/1596
f 1596/1596/1596 1599/1599/1599 1778/1778/1778
f 2104/2104/2104 1599/1599/1599 1596/1596/1596
f 1798/1798/1798 2129/2129/2129 2122/2122/2122
f 2122/2122/2122 1797/1797/1797 1798/1798/1798
f 1797/1797/1797 2122/2122/2122 1793/1793/1793
f 1793/1793/1793 2122/2122/2122 1778/1778/1778
f 1778/1778/1778 1779/1779/1779 1793/1793/1793
f 1779/1779/1779 1778/1778/1778 1791/1791/1791
f 1791/1791/1791 1778/1778/1778 1599/1599/1599
f 1599/1599/1599 1591/1591/1591 1791/1791/1791
f 1745/1745/1745 1591/1591/1591 1599/1599/1599
f 1745/1745/1745 1599/1599/1599 2104/2104/2104
f 2074/2074/2074 1745/1745/1745 2104/2104/2104
f 1788/1788/1788 2074/2074/2074 2104/2104/2104
f 1788/1788/1788 2104/2104/2104 2115/2115/2115
f 2115/2115/2115 2104/2104/2104 2107/2107/2107
f 1791/1791/1791 1799/1799/1799 1779/1779/1779
f 1794/1794/1794 1799/1799/1799 1791/1791/1791
f 1794/1794/1794 1791/1791/1791 1795/1795/1795
f 1795/1795/1795 1791/1791/1791 1591/1591/1591
f 1796/1796/1796 1795/1795/1795 1591/1591/1591
f 1591/1591/1591 2075/2075/2075 1796/1796/1796
f 2075/2075/2075 1591/1591/1591 2133/2133/2133
f 2133/2133/2133 1591/1591/1591 1745/1745/1745
f 1799/1799/1799 1794/1794/1794 1789/1789/1789
f 1789/1789/1789 1794/1794/1794 1800/1800/1800
f 1800/1800/1800 1794/1794/1794 1795/1795/1795
f 1800/1800/1800 1795/1795/1795 1792/1792/1792
f 1792/1792/1792 1795/1795/1795 1796/1796/1796
f 1792/1792/1792 1796/1796/1796 2066/2066/2066
f 2066/2066/2066 1796/1796/1796 2105/2105/2105
f 1796/1796/1796 2075/2075/2075 2105/2105/2105
f 2141/2141/2141 2105/2105/2105 2075/2075/2075
f 2075/2075/2075 2133/2133/2133 2141/2141/2141
f 1800/1800/1800 1792/1792/1792 1789/1789/1789
f 2078/2078/2078 1789/1789/1789 1792/1792/1792
f 1792/1792/1792 1757/1757/1757 2078/2078/2078
f 1792/1792/1792 1739/1739/1739 1757/1757/1757
f 2066/2066/2066 1739/1739/1739 1792/1792/1792
f 2066/2066/2066 1686/1686/1686 1739/1739/1739
f 1704/1704/1704 1686/1686/1686 2066/2066/2066
f 1704/1704/1704 2066/2066/2066 2004/2004/2004
f 2004/2004/2004 2066/2066/2066 2105/2105/2105
f 1600/1600/1600 1789/1789/1789 2078/2078/2078
f 2024/2024/2024 1600/1600/1600 2078/2078/2078
f 2078/2078/2078 1757/1757/1757 2024/2024/2024
f 1746/1746/1746 1600/1600/1600 2024/2024/2024
f 1739/1739/1739 1672/1672/1672 1757/1757/1757
f 1739/1739/1739 1683/1683/1683 1672/1672/1672
f 1686/1686/1686 1683/1683/1683 1739/1739/1739
f 1683/1683/1683 1686/1686/1686 1687/1687/1687
f 1687/1687/1687 1686/1686/1686 1677/1677/1677
f 1704/1704/1704 1677/1677/1677 1686/1686/1686
f 1705/1705/1705 1677/1677/1677 1704/1704/1704
f 1705/1705/1705 1704/1704/1704 2002/2002/2002
f 2002/2002/2002 1704/1704/1704 2004/2004/2004
f 1683/1683/1683 1692/1692/1692 1672/1672/1672
f 1692/1692/1692 1683/1683/1683 1689/1689/1689
f 1689/1689/1689 1683/1683/1683 1687/1687/1687
f 1672/1672/1672 1692/1692/1692 1652/1652/1652
f 1652/1652/1652 1692/1692/1692 1700/1700/1700
f 1700/1700/1700 1692/1692/1692 1689/1689/1689
f 2121/2121/2121 1677/1677/1677 1705/1705/1705
f 1705/1705/1705 1707/1707/1707 2121/2121/2121
f 2002/2002/2002 1707/1707/1707 1705/1705/1705
f 2120/2120/2120 1707/1707/1707 2002/2002/2002
f 1989/1989/1989 2120/2120/2120 2002/2002/2002
f 2002/2002/2002 2054/2054/2054 1989/1989/1989
f 2054/2054/2054 2002/2002/2002 1987/1987/1987
f 1987/1987/1987 2002/2002/2002 2118/2118/2118
f 2118/2118/2118 2002/2002/2002 2004/2004/2004
f 1707/1707/1707 1678/1678/1678 2121/2121/2121
f 1707/1707/1707 2099/2099/2099 1678/1678/1678
f 2120/2120/2120 2099/2099/2099 1707/1707/1707
f 2117/2117/2117 2099/2099/2099 2120/2120/2120
f 1989/1989/1989 2117/2117/2117 2120/2120/2120
f 2056/2056/2056 2117/2117/2117 1989/1989/1989
f 2056/2056/2056 1989/1989/1989 2026/2026/2026
f 2026/2026/2026 1989/1989/1989 1992/1992/1992
f 1989/1989/1989 2054/2054/2054 1992/1992/1992
f 1992/1992/1992 2054/2054/2054 1987/1987/1987
f 2121/2121/2121 1678/1678/1678 2116/2116/2116
f 2116/2116/2116 1678/1678/1678 2110/2110/2110
f 2093/2093/2093 2110/2110/2110 1678/1678/1678
f 1678/1678/1678 2099/2099/2099 2093/2093/2093
f 2110/2110/2110 1785/1785/1785 2116/2116/2116
f 1706/1706/1706 1785/1785/1785 2110/2110/2110
f 1706/1706/1706 2110/2110/2110 2093/2093/2093
f 2093/2093/2093 1720/1720/1720 1706/1706/1706
f 1720/1720/1720 1785/1785/1785 1706/1706/1706
f 2056/2056/2056 2140/2140/2140 2117/2117/2117
f 1995/1995/1995 2140/2140/2140 2056/2056/2056
f 1995/1995/1995 2056/2056/2056 1996/1996/1996
f 1996/1996/1996 2056/2056/2056 2057/2057/2057
f 2056/2056/2056 2026/2026/2026 2057/2057/2057
f 2140/2140/2140 1995/1995/1995 2229/2229/2229
f 2229/2229/2229 1995/1995/1995 1990/1990/1990
f 1990/1990/1990 1995/1995/1995 2077/2077/2077
f 2077/2077/2077 1995/1995/1995 1996/1996/1996
f 2140/2140/2140 2229/2229/2229 2230/2230/2230
f 2230/2230/2230 2229/2229/2229 1990/1990/1990
f 2077/2077/2077 2230/2230/2230 1990/1990/1990
f 2046/2046/2046 2230/2230/2230 2077/2077/2077
f 2046/2046/2046 1743/1743/1743 2230/2230/2230
f 2046/2046/2046 2013/2013/2013 1743/1743/1743
f 2013/2013/2013 2046/2046/2046 2039/2039/2039
f 2039/2039/2039 2046/2046/2046 2011/2011/2011
f 1755/1755/1755 2140/2140/2140 2230/2230/2230
f 2230/2230/2230 1787/1787/1787 1755/1755/1755
f 1743/1743/1743 1787/1787/1787 2230/2230/2230
f 1743/1743/1743 2013/2013/2013 1787/1787/1787
f 1787/1787/1787 2013/2013/2013 2009/2009/2009
f 2009/2009/2009 2013/2013/2013 2012/2012/2012
f 2012/2012/2012 2013/2013/2013 2039/2039/2039
f 2039/2039/2039 2101/2101/2101 2012/2012/2012
f 1674/1674/1674 2101/2101/2101 2039/2039/2039
f 2011/2011/2011 1674/1674/1674 2039/2039/2039
f 2010/2010/2010 1674/1674/1674 2011/2011/2011
f 2010/2010/2010 1742/1742/1742 1674/1674/1674
f 1742/1742/1742 2010/2010/2010 1752/1752/1752
f 1752/1752/1752 2010/2010/2010 1741/1741/1741
f 2012/2012/2012 2014/2014/2014 2009/2009/2009
f 2101/2101/2101 2014/2014/2014 2012/2012/2012
f 1727/1727/1727 2014/2014/2014 2101/2101/2101
f 2101/2101/2101 1674/1674/1674 1727/1727/1727
f 1727/1727/1727 1674/1674/1674 1742/1742/1742
f 1727/1727/1727 1742/1742/1742 1744/1744/1744
f 1742/1742/1742 1752/1752/1752 1744/1744/1744
f 1744/1744/1744 1752/1752/1752 1726/1726/1726
f 1752/1752/1752 1735/1735/1735 1726/1726/1726
f 1737/1737/1737 1735/1735/1735 1752/1752/1752
f 1752/1752/1752 1741/1741/1741 1737/1737/1737
f 2009/2009/2009 2014/2014/2014 1727/1727/1727
f 2009/2009/2009 1727/1727/1727 2062/2062/2062
f 2062/2062/2062 1727/1727/1727 2007/2007/2007
f 1727/1727/1727 1744/1744/1744 2007/2007/2007
f 2007/2007/2007 1744/1744/1744 2067/2067/2067
f 2067/2067/2067 1744/1744/1744 2059/2059/2059
f 2059/2059/2059 1744/1744/1744 1726/1726/1726
f 1714/1714/1714 2059/2059/2059 1726/1726/1726
f 1735/1735/1735 1714/1714/1714 1726/1726/1726
f 1735/1735/1735 2059/2059/2059 1714/1714/1714
f 2059/2059/2059 2023/2023/2023 2067/2067/2067
f 1993/1993/1993 1996/1996/1996 2057/2057/2057
f 2057/2057/2057 1988/1988/1988 1993/1993/1993
f 2057/2057/2057 2026/2026/2026 1988/1988/1988
f 2026/2026/2026 2025/2025/2025 1988/1988/1988
f 2026/2026/2026 1992/1992/1992 2025/2025/2025
f 2025/2025/2025 1992/1992/1992 1987/1987/1987
f 1987/1987/1987 2118/2118/2118 2025/2025/2025
f 1993/1993/1993 1988/1988/1988 2053/2053/2053
f 1988/1988/1988 1994/1994/1994 2053/2053/2053
f 2027/2027/2027 1994/1994/1994 1988/1988/1988
f 1988/1988/1988 2025/2025/2025 2027/2027/2027
f 2027/2027/2027 2025/2025/2025 2226/2226/2226
f 2025/2025/2025 2118/2118/2118 2226/2226/2226
f 2004/2004/2004 2226/2226/2226 2118/2118/2118
f 2225/2225/2225 2226/2226/2226 2004/2004/2004
f 2225/2225/2225 2004/2004/2004 2132/2132/2132
f 2004/2004/2004 2105/2105/2105 2132/2132/2132
f 2053/2053/2053 1994/1994/1994 1997/1997/1997
f 2027/2027/2027 2073/2073/2073 1994/1994/1994
f 2138/2138/2138 2073/2073/2073 2027/2027/2027
f 2226/2226/2226 2138/2138/2138 2027/2027/2027
f 2232/2232/2232 2138/2138/2138 2226/2226/2226
f 2226/2226/2226 2225/2225/2225 2232/2232/2232
f 2232/2232/2232 2225/2225/2225 2139/2139/2139
f 2132/2132/2132 2139/2139/2139 2225/2225/2225
f 2139/2139/2139 2132/2132/2132 2137/2137/2137
f 2132/2132/2132 2105/2105/2105 2137/2137/2137
f 2137/2137/2137 2105/2105/2105 2141/2141/2141
f 2138/2138/2138 2228/2228/2228 2073/2073/2073
f 2231/2231/2231 2228/2228/2228 2138/2138/2138
f 2232/2232/2232 2231/2231/2231 2138/2138/2138
f 2141/2141/2141 2231/2231/2231 2232/2232/2232
f 2139/2139/2139 2141/2141/2141 2232/2232/2232
f 2137/2137/2137 2141/2141/2141 2139/2139/2139
f 2228/2228/2228 2231/2231/2231 2074/2074/2074
f 2074/2074/2074 2231/2231/2231 2133/2133/2133
f 2141/2141/2141 2133/2133/2133 2231/2231/2231
f 1801/1801/1801 2228/2228/2228 2074/2074/2074
f 1801/1801/1801 2074/2074/2074 1788/1788/1788
f 1788/1788/1788 2125/2125/2125 1801/1801/1801
f 1788/1788/1788 2115/2115/2115 2125/2125/2125
f 2125/2125/2125 2115/2115/2115 2127/2127/2127
f 2115/2115/2115 2107/2107/2107 2127/2127/2127
f 2127/2127/2127 2107/2107/2107 2076/2076/2076
f 2228/2228/2228 1801/1801/1801 2124/2124/2124
f 2125/2125/2125 2124/2124/2124 1801/1801/1801
f 2125/2125/2125 2127/2127/2127 2124/2124/2124
f 2127/2127/2127 2076/2076/2076 2124/2124/2124
f 2124/2124/2124 2076/2076/2076 2228/2228/2228
f 2133/2133/2133 1745/1745/1745 2074/2074/2074
f 1398/1398/1398 1429/1429/1429 1430/1430/1430
f 1430/1430/1430 1429/1429/1429 1444/1444/1444
f 1429/1429/1429 1431/1431/1431 1444/1444/1444
f 1444/1444/1444 1431/1431/1431 1451/1451/1451
f 1431/1431/1431 1443/1443/1443 1451/1451/1451
f 1451/1451/1451 1443/1443/1443 1425/1425/1425
f 1443/1443/1443 1441/1441/1441 1425/1425/1425
f 2038/2038/2038 2819/2819/2819 2102/2102/2102
f 2482/2482/2482 2819/2819/2819 2038/2038/2038
f 2097/2097/2097 2482/2482/2482 2038/2038/2038
f 2098/2098/2098 2482/2482/2482 2097/2097/2097
f 2098/2098/2098 2282/2282/2282 2482/2482/2482
f 2282/2282/2282 2098/2098/2098 2686/2686/2686
f 2504/2504/2504 2282/2282/2282 2686/2686/2686
f 2620/2620/2620 2504/2504/2504 2686/2686/2686
f 2822/2822/2822 2819/2819/2819 2482/2482/2482
f 2822/2822/2822 2482/2482/2482 2688/2688/2688
f 2688/2688/2688 2482/2482/2482 2282/2282/2282
f 2688/2688/2688 2282/2282/2282 2854/2854/2854
f 2854/2854/2854 2282/2282/2282 2504/2504/2504
f 2504/2504/2504 2852/2852/2852 2854/2854/2854
f 2501/2501/2501 2852/2852/2852 2504/2504/2504
f 2096/2096/2096 2501/2501/2501 2504/2504/2504
f 2096/2096/2096 2504/2504/2504 2620/2620/2620
f 2822/2822/2822 2820/2820/2820 2819/2819/2819
f 2799/2799/2799 2820/2820/2820 2822/2822/2822
f 2825/2825/2825 2799/2799/2799 2822/2822/2822
f 2825/2825/2825 2822/2822/2822 2688/2688/2688
f 2825/2825/2825 2688/2688/2688 2815/2815/2815
f 2815/2815/2815 2688/2688/2688 2854/2854/2854
f 2815/2815/2815 2854/2854/2854 2852/2852/2852
f 2976/2976/2976 2815/2815/2815 2852/2852/2852
f 2726/2726/2726 2976/2976/2976 2852/2852/2852
f 2852/2852/2852 2621/2621/2621 2726/2726/2726
f 2501/2501/2501 2621/2621/2621 2852/2852/2852
f 2799/2799/2799 2794/2794/2794 2820/2820/2820
f 2791/2791/2791 2794/2794/2794 2799/2799/2799
f 2824/2824/2824 2791/2791/2791 2799/2799/2799
f 2824/2824/2824 2799/2799/2799 2825/2825/2825
f 2815/2815/2815 2824/2824/2824 2825/2825/2825
f 2814/2814/2814 2824/2824/2824 2815/2815/2815
f 2815/2815/2815 2976/2976/2976 2814/2814/2814
f 2814/2814/2814 2976/2976/2976 2806/2806/2806
f 2725/2725/2725 2806/2806/2806 2976/2976/2976
f 2726/2726/2726 2725/2725/2725 2976/2976/2976
f 2724/2724/2724 2725/2725/2725 2726/2726/2726
f 2726/2726/2726 2621/2621/2621 2724/2724/2724
f 2791/2791/2791 2793/2793/2793 2794/2794/2794
f 2790/2790/2790 2793/2793/2793 2791/2791/2791
f 2826/2826/2826 2790/2790/2790 2791/2791/2791
f 2826/2826/2826 2791/2791/2791 2824/2824/2824
f 2814/2814/2814 2826/2826/2826 2824/2824/2824
f 2818/2818/2818 2826/2826/2826 2814/2814/2814
f 2818/2818/2818 2814/2814/2814 2543/2543/2543
f 2543/2543/2543 2814/2814/2814 2806/2806/2806
f 2806/2806/2806 2878/2878/2878 2543/2543/2543
f 2725/2725/2725 2878/2878/2878 2806/2806/2806
f 2878/2878/2878 2725/2725/2725 2883/2883/2883
f 2725/2725/2725 2724/2724/2724 2883/2883/2883
f 2790/2790/2790 2796/2796/2796 2793/2793/2793
f 2792/2792/2792 2796/2796/2796 2790/2790/2790
f 2790/2790/2790 2816/2816/2816 2792/2792/2792
f 2817/2817/2817 2816/2816/2816 2790/2790/2790
f 2817/2817/2817 2790/2790/2790 2826/2826/2826
f 2826/2826/2826 2810/2810/2810 2817/2817/2817
f 2818/2818/2818 2810/2810/2810 2826/2826/2826
f 2818/2818/2818 2566/2566/2566 2810/2810/2810
f 2543/2543/2543 2566/2566/2566 2818/2818/2818
f 2566/2566/2566 2543/2543/2543 2541/2541/2541
f 2543/2543/2543 2878/2878/2878 2541/2541/2541
f 2792/2792/2792 3009/3009/3009 2796/2796/2796
f 2809/2809/2809 3009/3009/3009 2792/2792/2792
f 2792/2792/2792 2827/2827/2827 2809/2809/2809
f 2816/2816/2816 2827/2827/2827 2792/2792/2792
f 2816/2816/2816 2812/2812/2812 2827/2827/2827
f 2785/2785/2785 2812/2812/2812 2816/2816/2816
f 2817/2817/2817 2785/2785/2785 2816/2816/2816
f 2810/2810/2810 2785/2785/2785 2817/2817/2817
f 2785/2785/2785 2810/2810/2810 2853/2853/2853
f 2853/2853/2853 2810/2810/2810 2566/2566/2566
f 2566/2566/2566 2868/2868/2868 2853/2853/2853
f 2541/2541/2541 2868/2868/2868 2566/2566/2566
f 2809/2809/2809 2987/2987/2987 3009/3009/3009
f 2988/2988/2988 2987/2987/2987 2809/2809/2809
f 2809/2809/2809 2823/2823/2823 2988/2988/2988
f 2827/2827/2827 2823/2823/2823 2809/2809/2809
f 2827/2827/2827 2811/2811/2811 2823/2823/2823
f 2812/2812/2812 2811/2811/2811 2827/2827/2827
f 2812/2812/2812 3019/3019/3019 2811/2811/2811
f 3025/3025/3025 3019/3019/3019 2812/2812/2812
f 2785/2785/2785 3025/3025/3025 2812/2812/2812
f 2909/2909/2909 3025/3025/3025 2785/2785/2785
f 2909/2909/2909 2785/2785/2785 2853/2853/2853
f 2988/2988/2988 2989/2989/2989 2987/2987/2987
f 3010/3010/3010 2989/2989/2989 2988/2988/2988
f 2823/2823/2823 3010/3010/3010 2988/2988/2988
f 2813/2813/2813 3010/3010/3010 2823/2823/2823
f 2811/2811/2811 2813/2813/2813 2823/2823/2823
f 2811/2811/2811 3023/3023/3023 2813/2813/2813
f 3019/3019/3019 3023/3023/3023 2811/2811/2811
f 3019/3019/3019 3024/3024/3024 3023/3023/3023
f 3031/3031/3031 3024/3024/3024 3019/3019/3019
f 3031/3031/3031 3019/3019/3019 3026/3026/3026
f 3026/3026/3026 3019/3019/3019 3025/3025/3025
f 2989/2989/2989 3010/3010/3010 2885/2885/2885
f 2885/2885/2885 3010/3010/3010 2887/2887/2887
f 3010/3010/3010 2893/2893/2893 2887/2887/2887
f 2813/2813/2813 2893/2893/2893 3010/3010/3010
f 2893/2893/2893 2813/2813/2813 2894/2894/2894
f 2894/2894/2894 2813/2813/2813 3023/3023/3023
f 3023/3023/3023 3024/3024/3024 2894/2894/2894
f 2894/2894/2894 3024/3024/3024 2903/2903/2903
f 3024/3024/3024 3030/3030/3030 2903/2903/2903
f 3024/3024/3024 3028/3028/3028 3030/3030/3030
f 3031/3031/3031 3028/3028/3028 3024/3024/3024
f 3028/3028/3028 3031/3031/3031 3029/3029/3029
f 3029/3029/3029 3031/3031/3031 3026/3026/3026
f 3026/3026/3026 3373/3373/3373 3029/3029/3029
f 2860/2860/2860 3373/3373/3373 3026/3026/3026
f 3025/3025/3025 2860/2860/2860 3026/3026/3026
f 2909/2909/2909 2860/2860/2860 3025/3025/3025
f 2903/2903/2903 3030/3030/3030 2804/2804/2804
f 3030/3030/3030 2942/2942/2942 2804/2804/2804
f 3030/3030/3030 2991/2991/2991 2942/2942/2942
f 3028/3028/3028 2991/2991/2991 3030/3030/3030
f 2991/2991/2991 3028/3028/3028 3034/3034/3034
f 3034/3034/3034 3028/3028/3028 3029/3029/3029
f 3034/3034/3034 3029/3029/3029 3035/3035/3035
f 3035/3035/3035 3029/3029/3029 3373/3373/3373
f 3373/3373/3373 2862/2862/2862 3035/3035/3035
f 2872/2872/2872 2862/2862/2862 3373/3373/3373
f 2860/2860/2860 2872/2872/2872 3373/3373/3373
f 2804/2804/2804 2942/2942/2942 2892/2892/2892
f 2942/2942/2942 3027/3027/3027 2892/2892/2892
f 2991/2991/2991 3027/3027/3027 2942/2942/2942
f 3032/3032/3032 3027/3027/3027 2991/2991/2991
f 3034/3034/3034 3032/3032/3032 2991/2991/2991
f 2855/2855/2855 3032/3032/3032 3034/3034/3034
f 2869/2869/2869 2855/2855/2855 3034/3034/3034
f 3034/3034/3034 3035/3035/3035 2869/2869/2869
f 3035/3035/3035 2862/2862/2862 2869/2869/2869
f 2892/2892/2892 3027/3027/3027 2891/2891/2891
f 3027/3027/3027 2919/2919/2919 2891/2891/2891
f 3027/3027/3027 2920/2920/2920 2919/2919/2919
f 3032/3032/3032 2920/2920/2920 3027/3027/3027
f 2930/2930/2930 2920/2920/2920 3032/3032/3032
f 3032/3032/3032 2855/2855/2855 2930/2930/2930
f 2930/2930/2930 2855/2855/2855 2910/2910/2910
f 2855/2855/2855 3037/3037/3037 2910/2910/2910
f 3037/3037/3037 2855/2855/2855 2869/2869/2869
f 2891/2891/2891 2919/2919/2919 2803/2803/2803
f 2910/2910/2910 3037/3037/3037 2993/2993/2993
f 3037/3037/3037 2857/2857/2857 2993/2993/2993
f 2869/2869/2869 2857/2857/2857 3037/3037/3037
f 2859/2859/2859 2857/2857/2857 2869/2869/2869
f 3038/3038/3038 2859/2859/2859 2869/2869/2869
f 2869/2869/2869 2862/2862/2862 3038/3038/3038
f 2993/2993/2993 2857/2857/2857 2994/2994/2994
f 2858/2858/2858 2994/2994/2994 2857/2857/2857
f 2857/2857/2857 2859/2859/2859 2858/2858/2858
f 2858/2858/2858 2859/2859/2859 2861/2861/2861
f 2859/2859/2859 2876/2876/2876 2861/2861/2861
f 2928/2928/2928 2876/2876/2876 2859/2859/2859
f 2928/2928/2928 2859/2859/2859 3038/3038/3038
f 2911/2911/2911 2928/2928/2928 3038/3038/3038
f 3038/3038/3038 2902/2902/2902 2911/2911/2911
f 2862/2862/2862 2902/2902/2902 3038/3038/3038
f 2723/2723/2723 2994/2994/2994 2858/2858/2858
f 2858/2858/2858 2642/2642/2642 2723/2723/2723
f 2709/2709/2709 2642/2642/2642 2858/2858/2858
f 2709/2709/2709 2858/2858/2858 2882/2882/2882
f 2882/2882/2882 2858/2858/2858 2861/2861/2861
f 2882/2882/2882 2861/2861/2861 2881/2881/2881
f 2881/2881/2881 2861/2861/2861 2876/2876/2876
f 2876/2876/2876 2864/2864/2864 2881/2881/2881
f 2866/2866/2866 2864/2864/2864 2876/2876/2876
f 2876/2876/2876 2928/2928/2928 2866/2866/2866
f 2866/2866/2866 2928/2928/2928 3374/3374/3374
f 3374/3374/3374 2928/2928/2928 2911/2911/2911
f 2709/2709/2709 2630/2630/2630 2642/2642/2642
f 2630/2630/2630 2709/2709/2709 2591/2591/2591
f 2591/2591/2591 2709/2709/2709 2882/2882/2882
f 2882/2882/2882 2881/2881/2881 2591/2591/2591
f 2591/2591/2591 2881/2881/2881 2652/2652/2652
f 2884/2884/2884 2652/2652/2652 2881/2881/2881
f 2881/2881/2881 2864/2864/2864 2884/2884/2884
f 2884/2884/2884 2864/2864/2864 2880/2880/2880
f 2864/2864/2864 2584/2584/2584 2880/2880/2880
f 2866/2866/2866 2584/2584/2584 2864/2864/2864
f 3374/3374/3374 2584/2584/2584 2866/2866/2866
f 2911/2911/2911 2584/2584/2584 3374/3374/3374
f 2642/2642/2642 2630/2630/2630 2637/2637/2637
f 2629/2629/2629 2637/2637/2637 2630/2630/2630
f 2640/2640/2640 2629/2629/2629 2630/2630/2630
f 2630/2630/2630 2591/2591/2591 2640/2640/2640
f 2640/2640/2640 2591/2591/2591 2592/2592/2592
f 2595/2595/2595 2592/2592/2592 2591/2591/2591
f 2652/2652/2652 2595/2595/2595 2591/2591/2591
f 2505/2505/2505 2595/2595/2595 2652/2652/2652
f 2653/2653/2653 2505/2505/2505 2652/2652/2652
f 2653/2653/2653 2652/2652/2652 2884/2884/2884
f 2631/2631/2631 2637/2637/2637 2629/2629/2629
f 2661/2661/2661 2505/2505/2505 2653/2653/2653
f 2653/2653/2653 2507/2507/2507 2661/2661/2661
f 2648/2648/2648 2507/2507/2507 2653/2653/2653
f 2648/2648/2648 2653/2653/2653 2884/2884/2884
f 2880/2880/2880 2648/2648/2648 2884/2884/2884
f 2643/2643/2643 2648/2648/2648 2880/2880/2880
f 2880/2880/2880 2690/2690/2690 2643/2643/2643
f 2880/2880/2880 2584/2584/2584 2690/2690/2690
f 2662/2662/2662 2661/2661/2661 2507/2507/2507
f 2509/2509/2509 2507/2507/2507 2648/2648/2648
f 2648/2648/2648 2643/2643/2643 2509/2509/2509
f 2509/2509/2509 2643/2643/2643 2638/2638/2638
f 2643/2643/2643 2506/2506/2506 2638/2638/2638
f 2632/2632/2632 2506/2506/2506 2643/2643/2643
f 2643/2643/2643 2690/2690/2690 2632/2632/2632
f 2690/2690/2690 2587/2587/2587 2632/2632/2632
f 2690/2690/2690 2584/2584/2584 2587/2587/2587
f 2587/2587/2587 2584/2584/2584 2571/2571/2571
f 2584/2584/2584 2911/2911/2911 2571/2571/2571
f 2571/2571/2571 2911/2911/2911 2902/2902/2902
f 2687/2687/2687 2506/2506/2506 2632/2632/2632
f 2632/2632/2632 2883/2883/2883 2687/2687/2687
f 2587/2587/2587 2883/2883/2883 2632/2632/2632
f 2587/2587/2587 2865/2865/2865 2883/2883/2883
f 2865/2865/2865 2587/2587/2587 2571/2571/2571
f 2571/2571/2571 2902/2902/2902 2865/2865/2865
f 2865/2865/2865 2902/2902/2902 2867/2867/2867
f 2862/2862/2862 2867/2867/2867 2902/2902/2902
f 2872/2872/2872 2867/2867/2867 2862/2862/2862
f 2685/2685/2685 2506/2506/2506 2687/2687/2687
f 2685/2685/2685 2687/2687/2687 2491/2491/2491
f 2491/2491/2491 2687/2687/2687 2724/2724/2724
f 2883/2883/2883 2724/2724/2724 2687/2687/2687
f 2621/2621/2621 2491/2491/2491 2724/2724/2724
f 2488/2488/2488 2491/2491/2491 2621/2621/2621
f 2488/2488/2488 2621/2621/2621 2625/2625/2625
f 2625/2625/2625 2621/2621/2621 2501/2501/2501
f 1653/1653/1653 2625/2625/2625 2501/2501/2501
f 1653/1653/1653 2501/2501/2501 2096/2096/2096
f 1665/1665/1665 2625/2625/2625 1653/1653/1653
f 1658/1658/1658 2036/2036/2036 2037/2037/2037
f 2037/2037/2037 2036/2036/2036 1608/1608/1608
f 2037/2037/2037 1608/1608/1608 1681/1681/1681
f 1681/1681/1681 1608/1608/1608 1670/1670/1670
f 1681/1681/1681 1670/1670/1670 1655/1655/1655
f 1655/1655/1655 1670/1670/1670 1667/1667/1667
f 1667/1667/1667 1657/1657/1657 1655/1655/1655
f 1655/1655/1655 1657/1657/1657 1609/1609/1609
f 1657/1657/1657 1656/1656/1656 1609/1609/1609
f 1609/1609/1609 1656/1656/1656 1680/1680/1680
f 1606/1606/1606 1680/1680/1680 1656/1656/1656
f 1607/1607/1607 1680/1680/1680 1606/1606/1606
f 1518/1518/1518 1577/1577/1577 1576/1576/1576
f 1576/1576/1576 1577/1577/1577 1483/1483/1483
f 1605/1605/1605 1576/1576/1576 1483/1483/1483
f 1579/1579/1579 1576/1576/1576 1605/1605/1605
f 1578/1578/1578 1579/1579/1579 1605/1605/1605
f 1616/1616/1616 1579/1579/1579 1578/1578/1578
f 1617/1617/1617 1616/1616/1616 1578/1578/1578
f 1575/1575/1575 1616/1616/1616 1617/1617/1617
f 1575/1575/1575 1617/1617/1617 1486/1486/1486
f 1486/1486/1486 1617/1617/1617 1519/1519/1519
f 1486/1486/1486 1519/1519/1519 1487/1487/1487
f 1487/1487/1487 1519/1519/1519 1479/1479/1479
f 1530/1530/1530 1521/1521/1521 1522/1522/1522
f 1481/1481/1481 1521/1521/1521 1530/1530/1530
f 1481/1481/1481 1530/1530/1530 1529/1529/1529
f 1529/1529/1529 1530/1530/1530 1480/1480/1480
f 1520/1520/1520 1529/1529/1529 1480/1480/1480
f 1488/1488/1488 1529/1529/1529 1520/1520/1520
f 1485/1485/1485 1488/1488/1488 1520/1520/1520
f 1484/1484/1484 1488/1488/1488 1485/1485/1485
f 1484/1484/1484 1485/1485/1485 1528/1528/1528
f 1528/1528/1528 1485/1485/1485 1482/1482/1482
f 1561/1561/1561 1528/1528/1528 1482/1482/1482
f 1563/1563/1563 1528/1528/1528 1561/1561/1561
f 1534/1534/1534 1532/1532/1532 1525/1525/1525
f 1562/1562/1562 1532/1532/1532 1534/1534/1534
f 1562/1562/1562 1534/1534/1534 1492/1492/1492
f 1492/1492/1492 1534/1534/1534 1490/1490/1490
f 1527/1527/1527 1492/1492/1492 1490/1490/1490
f 1524/1524/1524 1492/1492/1492 1527/1527/1527
f 1524/1524/1524 1527/1527/1527 1531/1531/1531
f 1531/1531/1531 1527/1527/1527 1523/1523/1523
f 1531/1531/1531 1523/1523/1523 1553/1553/1553
f 1553/1553/1553 1523/1523/1523 1569/1569/1569
f 1491/1491/1491 1553/1553/1553 1569/1569/1569
f 1526/1526/1526 1553/1553/1553 1491/1491/1491
f 1566/1566/1566 1567/1567/1567 1489/1489/1489
f 1558/1558/1558 1567/1567/1567 1566/1566/1566
f 1558/1558/1558 1566/1566/1566 1551/1551/1551
f 1551/1551/1551 1566/1566/1566 1554/1554/1554
f 1551/1551/1551 1554/1554/1554 1533/1533/1533
f 1533/1533/1533 1554/1554/1554 1550/1550/1550
f 1533/1533/1533 1550/1550/1550 1564/1564/1564
f 1564/1564/1564 1550/1550/1550 1565/1565/1565
f 1564/1564/1564 1565/1565/1565 1547/1547/1547
f 1547/1547/1547 1565/1565/1565 1549/1549/1549
f 1545/1545/1545 1547/1547/1547 1549/1549/1549
f 1573/1573/1573 1547/1547/1547 1545/1545/1545
f 2362/2362/2362 2778/2778/2778 1559/1559/1559
f 2362/2362/2362 2683/2683/2683 2778/2778/2778
f 2360/2360/2360 2683/2683/2683 2362/2362/2362
f 2360/2360/2360 2362/2362/2362 2412/2412/2412
f 2412/2412/2412 2362/2362/2362 2417/2417/2417
f 2417/2417/2417 2413/2413/2413 2412/2412/2412
f 2420/2420/2420 2413/2413/2413 2417/2417/2417
f 2420/2420/2420 2475/2475/2475 2413/2413/2413
f 2778/2778/2778 2683/2683/2683 2517/2517/2517
f 2517/2517/2517 2683/2683/2683 2519/2519/2519
f 2683/2683/2683 2768/2768/2768 2519/2519/2519
f 2771/2771/2771 2768/2768/2768 2683/2683/2683
f 2359/2359/2359 2771/2771/2771 2683/2683/2683
f 2359/2359/2359 2683/2683/2683 2360/2360/2360
f 2360/2360/2360 2308/2308/2308 2359/2359/2359
f 2360/2360/2360 2412/2412/2412 2308/2308/2308
f 2562/2562/2562 2517/2517/2517 2519/2519/2519
f 2768/2768/2768 2562/2562/2562 2519/2519/2519
f 2772/2772/2772 2562/2562/2562 2768/2768/2768
f 2768/2768/2768 2764/2764/2764 2772/2772/2772
f 2764/2764/2764 2768/2768/2768 2773/2773/2773
f 2773/2773/2773 2768/2768/2768 2771/2771/2771
f 2771/2771/2771 2371/2371/2371 2773/2773/2773
f 2361/2361/2361 2371/2371/2371 2771/2771/2771
f 2771/2771/2771 2359/2359/2359 2361/2361/2361
f 2359/2359/2359 2308/2308/2308 2361/2361/2361
f 2540/2540/2540 2517/2517/2517 2562/2562/2562
f 2774/2774/2774 2540/2540/2540 2562/2562/2562
f 2562/2562/2562 2523/2523/2523 2774/2774/2774
f 2772/2772/2772 2523/2523/2523 2562/2562/2562
f 2767/2767/2767 2523/2523/2523 2772/2772/2772
f 2772/2772/2772 2764/2764/2764 2767/2767/2767
f 2777/2777/2777 2540/2540/2540 2774/2774/2774
f 2774/2774/2774 2776/2776/2776 2777/2777/2777
f 2770/2770/2770 2776/2776/2776 2774/2774/2774
f 2523/2523/2523 2770/2770/2770 2774/2774/2774
f 2775/2775/2775 2770/2770/2770 2523/2523/2523
f 2523/2523/2523 2522/2522/2522 2775/2775/2775
f 2682/2682/2682 2522/2522/2522 2523/2523/2523
f 2682/2682/2682 2523/2523/2523 2767/2767/2767
f 2684/2684/2684 2776/2776/2776 2770/2770/2770
f 2770/2770/2770 2680/2680/2680 2684/2684/2684
f 2775/2775/2775 2680/2680/2680 2770/2770/2770
f 2522/2522/2522 2680/2680/2680 2775/2775/2775
f 2766/2766/2766 2680/2680/2680 2522/2522/2522
f 2769/2769/2769 2776/2776/2776 2684/2684/2684
f 2372/2372/2372 2773/2773/2773 2371/2371/2371
f 1815/1815/1815 1847/1847/1847 1839/1839/1839
f 1839/1839/1839 1847/1847/1847 1846/1846/1846
f 1846/1846/1846 1847/1847/1847 1838/1838/1838
f 1838/1838/1838 1847/1847/1847 1837/1837/1837
f 1847/1847/1847 1811/1811/1811 1837/1837/1837
f 1837/1837/1837 1811/1811/1811 1845/1845/1845
f 1819/1819/1819 1845/1845/1845 1811/1811/1811
f 1814/1814/1814 1845/1845/1845 1819/1819/1819
f 1820/1820/1820 1814/1814/1814 1819/1819/1819
f 1846/1846/1846 1838/1838/1838 1854/1854/1854
f 1854/1854/1854 1838/1838/1838 2158/2158/2158
f 1838/1838/1838 1845/1845/1845 2158/2158/2158
f 1837/1837/1837 1845/1845/1845 1838/1838/1838
f 1854/1854/1854 2158/2158/2158 1816/1816/1816
f 1816/1816/1816 2158/2158/2158 1813/1813/1813
f 1845/1845/1845 1813/1813/1813 2158/2158/2158
f 1814/1814/1814 1813/1813/1813 1845/1845/1845
f 1814/1814/1814 2250/2250/2250 1813/1813/1813
f 2149/2149/2149 2250/2250/2250 1814/1814/1814
f 2149/2149/2149 1814/1814/1814 1820/1820/1820
f 1813/1813/1813 2253/2253/2253 1816/1816/1816
f 2250/2250/2250 2253/2253/2253 1813/1813/1813
f 2332/2332/2332 2253/2253/2253 2250/2250/2250
f 2250/2250/2250 2150/2150/2150 2332/2332/2332
f 2250/2250/2250 2149/2149/2149 2150/2150/2150
f 2150/2150/2150 2149/2149/2149 1890/1890/1890
f 2384/2384/2384 1890/1890/1890 2149/2149/2149
f 2149/2149/2149 1820/1820/1820 2384/2384/2384
f 2340/2340/2340 2253/2253/2253 2332/2332/2332
f 2340/2340/2340 2332/2332/2332 2224/2224/2224
f 2332/2332/2332 2223/2223/2223 2224/2224/2224
f 2256/2256/2256 2223/2223/2223 2332/2332/2332
f 2332/2332/2332 2255/2255/2255 2256/2256/2256
f 2332/2332/2332 2150/2150/2150 2255/2255/2255
f 2316/2316/2316 2255/2255/2255 2150/2150/2150
f 2150/2150/2150 1890/1890/1890 2316/2316/2316
f 2340/2340/2340 2224/2224/2224 2152/2152/2152
f 2218/2218/2218 2152/2152/2152 2224/2224/2224
f 2224/2224/2224 2223/2223/2223 2218/2218/2218
f 2218/2218/2218 2223/2223/2223 2207/2207/2207
f 2164/2164/2164 2207/2207/2207 2223/2223/2223
f 2256/2256/2256 2164/2164/2164 2223/2223/2223
f 1849/1849/1849 2164/2164/2164 2256/2256/2256
f 2254/2254/2254 1849/1849/1849 2256/2256/2256
f 2256/2256/2256 2255/2255/2255 2254/2254/2254
f 2255/2255/2255 2234/2234/2234 2254/2254/2254
f 2234/2234/2234 2255/2255/2255 2316/2316/2316
f 2154/2154/2154 2152/2152/2152 2218/2218/2218
f 2218/2218/2218 2168/2168/2168 2154/2154/2154
f 2151/2151/2151 2168/2168/2168 2218/2218/2218
f 2151/2151/2151 2218/2218/2218 2165/2165/2165
f 2218/2218/2218 2207/2207/2207 2165/2165/2165
f 2207/2207/2207 2208/2208/2208 2165/2165/2165
f 2207/2207/2207 2219/2219/2219 2208/2208/2208
f 2392/2392/2392 2219/2219/2219 2207/2207/2207
f 2392/2392/2392 2207/2207/2207 2164/2164/2164
f 2168/2168/2168 2151/2151/2151 2179/2179/2179
f 2179/2179/2179 2151/2151/2151 2165/2165/2165
f 2208/2208/2208 2179/2179/2179 2165/2165/2165
f 2219/2219/2219 2179/2179/2179 2208/2208/2208
f 2179/2179/2179 2219/2219/2219 1560/1560/1560
f 2172/2172/2172 2179/2179/2179 1560/1560/1560
f 2168/2168/2168 2179/2179/2179 2172/2172/2172
f 1848/1848/1848 1849/1849/1849 2254/2254/2254
f 1848/1848/1848 2254/2254/2254 1938/1938/1938
f 1938/1938/1938 2254/2254/2254 2233/2233/2233
f 2254/2254/2254 2234/2234/2234 2233/2233/2233
f 2234/2234/2234 2237/2237/2237 2233/2233/2233
f 2237/2237/2237 2234/2234/2234 2317/2317/2317
f 2317/2317/2317 2234/2234/2234 2316/2316/2316
f 2348/2348/2348 2317/2317/2317 2316/2316/2316
f 2316/2316/2316 1890/1890/1890 2348/2348/2348
f 1938/1938/1938 2233/2233/2233 1937/1937/1937
f 2233/2233/2233 2238/2238/2238 1937/1937/1937
f 2233/2233/2233 2289/2289/2289 2238/2238/2238
f 2233/2233/2233 2237/2237/2237 2289/2289/2289
f 2237/2237/2237 2329/2329/2329 2289/2289/2289
f 2237/2237/2237 2317/2317/2317 2329/2329/2329
f 2329/2329/2329 2317/2317/2317 2322/2322/2322
f 2317/2317/2317 2333/2333/2333 2322/2322/2322
f 2334/2334/2334 2333/2333/2333 2317/2317/2317
f 2334/2334/2334 2317/2317/2317 2348/2348/2348
f 1937/1937/1937 2238/2238/2238 2235/2235/2235
f 2238/2238/2238 2236/2236/2236 2235/2235/2235
f 2238/2238/2238 2287/2287/2287 2236/2236/2236
f 2289/2289/2289 2287/2287/2287 2238/2238/2238
f 2289/2289/2289 2341/2341/2341 2287/2287/2287
f 2246/2246/2246 2341/2341/2341 2289/2289/2289
f 2246/2246/2246 2289/2289/2289 2320/2320/2320
f 2320/2320/2320 2289/2289/2289 2330/2330/2330
f 2289/2289/2289 2329/2329/2329 2330/2330/2330
f 2236/2236/2236 2216/2216/2216 2235/2235/2235
f 2236/2236/2236 2288/2288/2288 2216/2216/2216
f 2236/2236/2236 2287/2287/2287 2288/2288/2288
f 2288/2288/2288 2287/2287/2287 2266/2266/2266
f 2266/2266/2266 2287/2287/2287 2341/2341/2341
f 2266/2266/2266 2341/2341/2341 2274/2274/2274
f 2274/2274/2274 2341/2341/2341 2243/2243/2243
f 2244/2244/2244 2243/2243/2243 2341/2341/2341
f 2244/2244/2244 2341/2341/2341 2246/2246/2246
f 2235/2235/2235 2216/2216/2216 2169/2169/2169
f 2290/2290/2290 2243/2243/2243 2244/2244/2244
f 2258/2258/2258 2290/2290/2290 2244/2244/2244
f 2258/2258/2258 2244/2244/2244 2292/2292/2292
f 2292/2292/2292 2244/2244/2244 2246/2246/2246
f 2320/2320/2320 2292/2292/2292 2246/2246/2246
f 2318/2318/2318 2292/2292/2292 2320/2320/2320
f 2320/2320/2320 2328/2328/2328 2318/2318/2318
f 2320/2320/2320 2330/2330/2330 2328/2328/2328
f 2259/2259/2259 2290/2290/2290 2258/2258/2258
f 2259/2259/2259 2258/2258/2258 2343/2343/2343
f 2343/2343/2343 2258/2258/2258 2242/2242/2242
f 2242/2242/2242 2258/2258/2258 2265/2265/2265
f 2265/2265/2265 2258/2258/2258 2292/2292/2292
f 2318/2318/2318 2265/2265/2265 2292/2292/2292
f 2336/2336/2336 2265/2265/2265 2318/2318/2318
f 2336/2336/2336 2318/2318/2318 2319/2319/2319
f 2318/2318/2318 2328/2328/2328 2319/2319/2319
f 2343/2343/2343 2242/2242/2242 2342/2342/2342
f 2342/2342/2342 2242/2242/2242 2240/2240/2240
f 2240/2240/2240 2242/2242/2242 2272/2272/2272
f 2272/2272/2272 2242/2242/2242 2265/2265/2265
f 2265/2265/2265 2325/2325/2325 2272/2272/2272
f 2336/2336/2336 2325/2325/2325 2265/2265/2265
f 2336/2336/2336 2327/2327/2327 2325/2325/2325
f 2336/2336/2336 2319/2319/2319 2327/2327/2327
f 2240/2240/2240 1876/1876/1876 2342/2342/2342
f 2249/2249/2249 1876/1876/1876 2240/2240/2240
f 2272/2272/2272 2249/2249/2249 2240/2240/2240
f 2264/2264/2264 2249/2249/2249 2272/2272/2272
f 2325/2325/2325 2264/2264/2264 2272/2272/2272
f 2263/2263/2263 2264/2264/2264 2325/2325/2325
f 2263/2263/2263 2325/2325/2325 2262/2262/2262
f 2262/2262/2262 2325/2325/2325 2327/2327/2327
f 2327/2327/2327 2301/2301/2301 2262/2262/2262
f 2327/2327/2327 2319/2319/2319 2301/2301/2301
f 2319/2319/2319 2296/2296/2296 2301/2301/2301
f 2344/2344/2344 2296/2296/2296 2319/2319/2319
f 2319/2319/2319 2328/2328/2328 2344/2344/2344
f 2262/2262/2262 2301/2301/2301 2275/2275/2275
f 2296/2296/2296 2275/2275/2275 2301/2301/2301
f 2302/2302/2302 2275/2275/2275 2296/2296/2296
f 2302/2302/2302 2296/2296/2296 2295/2295/2295
f 2295/2295/2295 2296/2296/2296 2299/2299/2299
f 2296/2296/2296 2300/2300/2300 2299/2299/2299
f 2344/2344/2344 2300/2300/2300 2296/2296/2296
f 2337/2337/2337 2300/2300/2300 2344/2344/2344
f 2344/2344/2344 2328/2328/2328 2337/2337/2337
f 2328/2328/2328 2329/2329/2329 2337/2337/2337
f 2328/2328/2328 2330/2330/2330 2329/2329/2329
f 2295/2295/2295 2299/2299/2299 2270/2270/2270
f 2270/2270/2270 2299/2299/2299 2297/2297/2297
f 2297/2297/2297 2299/2299/2299 2298/2298/2298
f 2298/2298/2298 2299/2299/2299 2300/2300/2300
f 2335/2335/2335 2298/2298/2298 2300/2300/2300
f 2321/2321/2321 2335/2335/2335 2300/2300/2300
f 2321/2321/2321 2300/2300/2300 2337/2337/2337
f 2321/2321/2321 2337/2337/2337 2333/2333/2333
f 2333/2333/2333 2337/2337/2337 2322/2322/2322
f 2337/2337/2337 2329/2329/2329 2322/2322/2322
f 2270/2270/2270 2297/2297/2297 2345/2345/2345
f 2345/2345/2345 2297/2297/2297 2271/2271/2271
f 2271/2271/2271 2297/2297/2297 2298/2298/2298
f 2298/2298/2298 2273/2273/2273 2271/2271/2271
f 2298/2298/2298 2335/2335/2335 2273/2273/2273
f 2273/2273/2273 2335/2335/2335 2294/2294/2294
f 2335/2335/2335 2269/2269/2269 2294/2294/2294
f 2269/2269/2269 2335/2335/2335 2321/2321/2321
f 2269/2269/2269 2321/2321/2321 2268/2268/2268
f 2268/2268/2268 2321/2321/2321 2333/2333/2333
f 2333/2333/2333 2334/2334/2334 2268/2268/2268
f 2345/2345/2345 2271/2271/2271 2241/2241/2241
f 2241/2241/2241 2271/2271/2271 2260/2260/2260
f 2271/2271/2271 2273/2273/2273 2260/2260/2260
f 2239/2239/2239 2260/2260/2260 2273/2273/2273
f 2294/2294/2294 2239/2239/2239 2273/2273/2273
f 2291/2291/2291 2239/2239/2239 2294/2294/2294
f 2248/2248/2248 2291/2291/2291 2294/2294/2294
f 2294/2294/2294 2269/2269/2269 2248/2248/2248
f 2248/2248/2248 2269/2269/2269 2314/2314/2314
f 2314/2314/2314 2269/2269/2269 2268/2268/2268
f 2268/2268/2268 2334/2334/2334 2314/2314/2314
f 2314/2314/2314 2334/2334/2334 2304/2304/2304
f 2304/2304/2304 2334/2334/2334 2348/2348/2348
f 2241/2241/2241 2260/2260/2260 2278/2278/2278
f 2278/2278/2278 2260/2260/2260 2281/2281/2281
f 2281/2281/2281 2260/2260/2260 2239/2239/2239
f 2239/2239/2239 2257/2257/2257 2281/2281/2281
f 2239/2239/2239 2291/2291/2291 2257/2257/2257
f 2257/2257/2257 2291/2291/2291 2280/2280/2280
f 2291/2291/2291 2247/2247/2247 2280/2280/2280
f 2247/2247/2247 2291/2291/2291 2248/2248/2248
f 2248/2248/2248 2285/2285/2285 2247/2247/2247
f 2314/2314/2314 2285/2285/2285 2248/2248/2248
f 2278/2278/2278 2281/2281/2281 2331/2331/2331
f 2331/2331/2331 2281/2281/2281 2252/2252/2252
f 2281/2281/2281 2257/2257/2257 2252/2252/2252
f 2280/2280/2280 2247/2247/2247 2293/2293/2293
f 2293/2293/2293 2247/2247/2247 2267/2267/2267
f 2267/2267/2267 2247/2247/2247 2285/2285/2285
f 2276/2276/2276 2267/2267/2267 2285/2285/2285
f 2276/2276/2276 2285/2285/2285 2277/2277/2277
f 2277/2277/2277 2285/2285/2285 2314/2314/2314
f 2314/2314/2314 2313/2313/2313 2277/2277/2277
f 2314/2314/2314 2304/2304/2304 2313/2313/2313
f 2261/2261/2261 2267/2267/2267 2276/2276/2276
f 2261/2261/2261 2276/2276/2276 2211/2211/2211
f 2211/2211/2211 2276/2276/2276 2212/2212/2212
f 2276/2276/2276 2277/2277/2277 2212/2212/2212
f 2212/2212/2212 2277/2277/2277 2209/2209/2209
f 2209/2209/2209 2277/2277/2277 2201/2201/2201
f 2201/2201/2201 2277/2277/2277 2313/2313/2313
f 2313/2313/2313 2177/2177/2177 2201/2201/2201
f 3370/3370/3370 2177/2177/2177 2313/2313/2313
f 2313/2313/2313 2326/2326/2326 3370/3370/3370
f 2313/2313/2313 2304/2304/2304 2326/2326/2326
f 2304/2304/2304 2303/2303/2303 2326/2326/2326
f 2304/2304/2304 1911/1911/1911 2303/2303/2303
f 2348/2348/2348 1911/1911/1911 2304/2304/2304
f 1890/1890/1890 1911/1911/1911 2348/2348/2348
f 3370/3370/3370 2222/2222/2222 2177/2177/2177
f 2174/2174/2174 2222/2222/2222 3370/3370/3370
f 3370/3370/3370 1934/1934/1934 2174/2174/2174
f 1935/1935/1935 1934/1934/1934 3370/3370/3370
f 3370/3370/3370 2326/2326/2326 1935/1935/1935
f 1935/1935/1935 2326/2326/2326 1936/1936/1936
f 1936/1936/1936 2326/2326/2326 2303/2303/2303
f 1936/1936/1936 2303/2303/2303 1880/1880/1880
f 1880/1880/1880 2303/2303/2303 1882/1882/1882
f 2303/2303/2303 1911/1911/1911 1882/1882/1882
f 2174/2174/2174 2220/2220/2220 2222/2222/2222
f 2214/2214/2214 2220/2220/2220 2174/2174/2174
f 2174/2174/2174 1932/1932/1932 2214/2214/2214
f 1934/1934/1934 1932/1932/1932 2174/2174/2174
f 1934/1934/1934 1933/1933/1933 1932/1932/1932
f 1934/1934/1934 1935/1935/1935 1933/1933/1933
f 1933/1933/1933 1935/1935/1935 1936/1936/1936
f 1936/1936/1936 1880/1880/1880 1933/1933/1933
f 1933/1933/1933 1880/1880/1880 1865/1865/1865
f 1880/1880/1880 1874/1874/1874 1865/1865/1865
f 1880/1880/1880 1881/1881/1881 1874/1874/1874
f 1882/1882/1882 1881/1881/1881 1880/1880/1880
f 1882/1882/1882 1911/1911/1911 1881/1881/1881
f 2214/2214/2214 2170/2170/2170 2220/2220/2220
f 3369/3369/3369 2170/2170/2170 2214/2214/2214
f 1932/1932/1932 3369/3369/3369 2214/2214/2214
f 2213/2213/2213 3369/3369/3369 1932/1932/1932
f 1932/1932/1932 1931/1931/1931 2213/2213/2213
f 1932/1932/1932 1933/1933/1933 1931/1931/1931
f 1931/1931/1931 1933/1933/1933 1883/1883/1883
f 1883/1883/1883 1933/1933/1933 1865/1865/1865
f 1883/1883/1883 1865/1865/1865 1875/1875/1875
f 1875/1875/1875 1865/1865/1865 1873/1873/1873
f 1865/1865/1865 1874/1874/1874 1873/1873/1873
f 2213/2213/2213 1931/1931/1931 2175/2175/2175
f 2144/2144/2144 2175/2175/2175 1931/1931/1931
f 2144/2144/2144 1931/1931/1931 1883/1883/1883
f 1883/1883/1883 1864/1864/1864 2144/2144/2144
f 1875/1875/1875 1864/1864/1864 1883/1883/1883
f 1859/1859/1859 1864/1864/1864 1875/1875/1875
f 1818/1818/1818 1859/1859/1859 1875/1875/1875
f 1818/1818/1818 1875/1875/1875 1913/1913/1913
f 1913/1913/1913 1875/1875/1875 1873/1873/1873
f 2148/2148/2148 2175/2175/2175 2144/2144/2144
f 2144/2144/2144 2145/2145/2145 2148/2148/2148
f 2144/2144/2144 1864/1864/1864 2145/2145/2145
f 1864/1864/1864 2146/2146/2146 2145/2145/2145
f 2146/2146/2146 1864/1864/1864 1862/1862/1862
f 1862/1862/1862 1864/1864/1864 1859/1859/1859
f 1859/1859/1859 1861/1861/1861 1862/1862/1862
f 1861/1861/1861 1859/1859/1859 1822/1822/1822
f 1822/1822/1822 1859/1859/1859 1827/1827/1827
f 1827/1827/1827 1859/1859/1859 1818/1818/1818
f 2148/2148/2148 2145/2145/2145 2166/2166/2166
f 2145/2145/2145 2180/2180/2180 2166/2166/2166
f 2153/2153/2153 2180/2180/2180 2145/2145/2145
f 2145/2145/2145 2146/2146/2146 2153/2153/2153
f 2167/2167/2167 2153/2153/2153 2146/2146/2146
f 2146/2146/2146 2147/2147/2147 2167/2167/2167
f 2146/2146/2146 1862/1862/1862 2147/2147/2147
f 2147/2147/2147 1862/1862/1862 1863/1863/1863
f 1862/1862/1862 1861/1861/1861 1863/1863/1863
f 2153/2153/2153 2217/2217/2217 2180/2180/2180
f 2155/2155/2155 2217/2217/2217 2153/2153/2153
f 2155/2155/2155 2153/2153/2153 2167/2167/2167
f 2167/2167/2167 2171/2171/2171 2155/2155/2155
f 2167/2167/2167 2173/2173/2173 2171/2171/2171
f 2167/2167/2167 2147/2147/2147 2173/2173/2173
f 2155/2155/2155 2178/2178/2178 2217/2217/2217
f 2155/2155/2155 2171/2171/2171 2178/2178/2178
f 2217/2217/2217 2178/2178/2178 2393/2393/2393
f 2171/2171/2171 2173/2173/2173 2385/2385/2385
f 1827/1827/1827 1821/1821/1821 1822/1822/1822
f 1921/1921/1921 1821/1821/1821 1827/1827/1827
f 1827/1827/1827 1856/1856/1856 1921/1921/1921
f 1818/1818/1818 1856/1856/1856 1827/1827/1827
f 1818/1818/1818 1812/1812/1812 1856/1856/1856
f 1925/1925/1925 1812/1812/1812 1818/1818/1818
f 1818/1818/1818 1913/1913/1913 1925/1925/1925
f 1821/1821/1821 1921/1921/1921 1920/1920/1920
f 1920/1920/1920 1921/1921/1921 1922/1922/1922
f 1921/1921/1921 1856/1856/1856 1922/1922/1922
f 1922/1922/1922 1856/1856/1856 1840/1840/1840
f 1840/1840/1840 1856/1856/1856 1855/1855/1855
f 1855/1855/1855 1856/1856/1856 1812/1812/1812
f 2274/2274/2274 2176/2176/2176 2266/2266/2266
f 2266/2266/2266 2176/2176/2176 2210/2210/2210
f 2266/2266/2266 2210/2210/2210 2288/2288/2288
f 2288/2288/2288 2210/2210/2210 2221/2221/2221
f 2216/2216/2216 2288/2288/2288 2221/2221/2221
f 2349/2349/2349 3279/3279/3279 2347/2347/2347
f 3280/3280/3280 3279/3279/3279 2349/2349/2349
f 2349/2349/2349 2315/2315/2315 3280/3280/3280
f 3280/3280/3280 2315/2315/2315 3152/3152/3152
f 2315/2315/2315 3170/3170/3170 3152/3152/3152
f 2312/2312/2312 3170/3170/3170 2315/2315/2315
f 2312/2312/2312 3050/3050/3050 3170/3170/3170
f 2310/2310/2310 3050/3050/3050 2312/2312/2312
f 3280/3280/3280 3282/3282/3282 3279/3279/3279
f 3282/3282/3282 3280/3280/3280 3265/3265/3265
f 3265/3265/3265 3280/3280/3280 3153/3153/3153
f 3153/3153/3153 3280/3280/3280 3152/3152/3152
f 3152/3152/3152 3154/3154/3154 3153/3153/3153
f 3154/3154/3154 3152/3152/3152 3158/3158/3158
f 3158/3158/3158 3152/3152/3152 3170/3170/3170
f 3050/3050/3050 3158/3158/3158 3170/3170/3170
f 3265/3265/3265 3153/3153/3153 3546/3546/3546
f 3546/3546/3546 3153/3153/3153 3852/3852/3852
f 3153/3153/3153 3629/3629/3629 3852/3852/3852
f 3154/3154/3154 3629/3629/3629 3153/3153/3153
f 3154/3154/3154 3627/3627/3627 3629/3629/3629
f 3158/3158/3158 3627/3627/3627 3154/3154/3154
f 3263/3263/3263 3627/3627/3627 3158/3158/3158
f 3263/3263/3263 3158/3158/3158 3050/3050/3050
f 3852/3852/3852 3531/3531/3531 3546/3546/3546
f 3624/3624/3624 3531/3531/3531 3852/3852/3852
f 3629/3629/3629 3624/3624/3624 3852/3852/3852
f 3628/3628/3628 3624/3624/3624 3629/3629/3629
f 3627/3627/3627 3628/3628/3628 3629/3629/3629
f 3539/3539/3539 3628/3628/3628 3627/3627/3627
f 3557/3557/3557 3539/3539/3539 3627/3627/3627
f 3557/3557/3557 3627/3627/3627 3263/3263/3263
f 3697/3697/3697 3557/3557/3557 3263/3263/3263
f 3263/3263/3263 3050/3050/3050 3697/3697/3697
f 3624/3624/3624 3520/3520/3520 3531/3531/3531
f 3520/3520/3520 3624/3624/3624 3559/3559/3559
f 3559/3559/3559 3624/3624/3624 3628/3628/3628
f 3559/3559/3559 3628/3628/3628 3548/3548/3548
f 3548/3548/3548 3628/3628/3628 3539/3539/3539
f 3548/3548/3548 3539/3539/3539 3558/3558/3558
f 3558/3558/3558 3539/3539/3539 3540/3540/3540
f 3540/3540/3540 3539/3539/3539 3557/3557/3557
f 3778/3778/3778 3540/3540/3540 3557/3557/3557
f 3778/3778/3778 3557/3557/3557 3697/3697/3697
f 3697/3697/3697 3617/3617/3617 3778/3778/3778
f 3617/3617/3617 3697/3697/3697 3171/3171/3171
f 3171/3171/3171 3697/3697/3697 3049/3049/3049
f 3697/3697/3697 3050/3050/3050 3049/3049/3049
f 3050/3050/3050 2324/2324/2324 3049/3049/3049
f 2310/2310/2310 2324/2324/2324 3050/3050/3050
f 3540/3540/3540 3551/3551/3551 3558/3558/3558
f 3560/3560/3560 3551/3551/3551 3540/3540/3540
f 3560/3560/3560 3540/3540/3540 3778/3778/3778
f 3778/3778/3778 3607/3607/3607 3560/3560/3560
f 3778/3778/3778 3617/3617/3617 3607/3607/3607
f 3551/3551/3551 3560/3560/3560 3714/3714/3714
f 3714/3714/3714 3560/3560/3560 3513/3513/3513
f 3560/3560/3560 3607/3607/3607 3513/3513/3513
f 2305/2305/2305 3049/3049/3049 2324/2324/2324
f 2306/2306/2306 3049/3049/3049 2305/2305/2305
f 3264/3264/3264 3049/3049/3049 2306/2306/2306
f 3171/3171/3171 3049/3049/3049 3264/3264/3264
f 1962/1962/1962 1970/1970/1970 1956/1956/1956
f 1950/1950/1950 1970/1970/1970 1962/1962/1962
f 1950/1950/1950 1962/1962/1962 1945/1945/1945
f 1945/1945/1945 1962/1962/1962 2352/2352/2352
f 2352/2352/2352 1943/1943/1943 1945/1945/1945
f 2353/2353/2353 1943/1943/1943 2352/2352/2352
f 1943/1943/1943 2353/2353/2353 1967/1967/1967
f 1967/1967/1967 2353/2353/2353 1968/1968/1968
f 1970/1970/1970 1950/1950/1950 2358/2358/2358
f 2358/2358/2358 1950/1950/1950 1961/1961/1961
f 1950/1950/1950 1945/1945/1945 1961/1961/1961
f 1961/1961/1961 1945/1945/1945 1946/1946/1946
f 1945/1945/1945 1943/1943/1943 1946/1946/1946
f 1946/1946/1946 1943/1943/1943 1951/1951/1951
f 1967/1967/1967 1951/1951/1951 1943/1943/1943
f 1972/1972/1972 2358/2358/2358 1961/1961/1961
f 1961/1961/1961 1946/1946/1946 1972/1972/1972
f 1972/1972/1972 1946/1946/1946 2368/2368/2368
f 1946/1946/1946 1951/1951/1951 2368/2368/2368
f 2368/2368/2368 1951/1951/1951 2363/2363/2363
f 1951/1951/1951 1952/1952/1952 2363/2363/2363
f 1952/1952/1952 1951/1951/1951 1967/1967/1967
f 1963/1963/1963 2358/2358/2358 1972/1972/1972
f 1963/1963/1963 1972/1972/1972 1964/1964/1964
f 1964/1964/1964 1972/1972/1972 1971/1971/1971
f 1972/1972/1972 2368/2368/2368 1971/1971/1971
f 1971/1971/1971 2368/2368/2368 2366/2366/2366
f 2368/2368/2368 2363/2363/2363 2366/2366/2366
f 2366/2366/2366 2363/2363/2363 2449/2449/2449
f 2363/2363/2363 2447/2447/2447 2449/2449/2449
f 2363/2363/2363 1952/1952/1952 2447/2447/2447
f 1964/1964/1964 1955/1955/1955 1963/1963/1963
f 1964/1964/1964 1958/1958/1958 1955/1955/1955
f 1971/1971/1971 1958/1958/1958 1964/1964/1964
f 1957/1957/1957 1958/1958/1958 1971/1971/1971
f 1971/1971/1971 2355/2355/2355 1957/1957/1957
f 2366/2366/2366 2355/2355/2355 1971/1971/1971
f 2355/2355/2355 2366/2366/2366 2365/2365/2365
f 2365/2365/2365 2366/2366/2366 2449/2449/2449
f 1963/1963/1963 1955/1955/1955 1976/1976/1976
f 1955/1955/1955 1570/1570/1570 1976/1976/1976
f 1958/1958/1958 1570/1570/1570 1955/1955/1955
f 2365/2365/2365 2449/2449/2449 2364/2364/2364
f 2364/2364/2364 2449/2449/2449 2446/2446/2446
f 2449/2449/2449 2447/2447/2447 2446/2446/2446
f 2446/2446/2446 2447/2447/2447 2370/2370/2370
f 2370/2370/2370 2447/2447/2447 2369/2369/2369
f 2447/2447/2447 1952/1952/1952 2369/2369/2369
f 2369/2369/2369 1952/1952/1952 1979/1979/1979
f 1967/1967/1967 1979/1979/1979 1952/1952/1952
f 2364/2364/2364 2446/2446/2446 2433/2433/2433
f 2433/2433/2433 2446/2446/2446 2370/2370/2370
f 2433/2433/2433 2370/2370/2370 2440/2440/2440
f 2440/2440/2440 2370/2370/2370 2436/2436/2436
f 2369/2369/2369 2436/2436/2436 2370/2370/2370
f 2438/2438/2438 2436/2436/2436 2369/2369/2369
f 1979/1979/1979 2438/2438/2438 2369/2369/2369
f 1978/1978/1978 2438/2438/2438 1979/1979/1979
f 1979/1979/1979 1980/1980/1980 1978/1978/1978
f 1980/1980/1980 1979/1979/1979 1967/1967/1967
f 2464/2464/2464 2364/2364/2364 2433/2433/2433
f 2433/2433/2433 2444/2444/2444 2464/2464/2464
f 2437/2437/2437 2444/2444/2444 2433/2433/2433
f 2440/2440/2440 2437/2437/2437 2433/2433/2433
f 2658/2658/2658 2437/2437/2437 2440/2440/2440
f 2440/2440/2440 2536/2536/2536 2658/2658/2658
f 2440/2440/2440 2436/2436/2436 2536/2536/2536
f 2536/2536/2536 2436/2436/2436 2463/2463/2463
f 2438/2438/2438 2463/2463/2463 2436/2436/2436
f 2439/2439/2439 2463/2463/2463 2438/2438/2438
f 1978/1978/1978 2439/2439/2439 2438/2438/2438
f 2442/2442/2442 2464/2464/2464 2444/2444/2444
f 2441/2441/2441 2442/2442/2442 2444/2444/2444
f 2441/2441/2441 2444/2444/2444 2534/2534/2534
f 2534/2534/2534 2444/2444/2444 2437/2437/2437
f 2658/2658/2658 2534/2534/2534 2437/2437/2437
f 2525/2525/2525 2534/2534/2534 2658/2658/2658
f 2525/2525/2525 2658/2658/2658 2490/2490/2490
f 2490/2490/2490 2658/2658/2658 2536/2536/2536
f 2443/2443/2443 2464/2464/2464 2442/2442/2442
f 2448/2448/2448 2443/2443/2443 2442/2442/2442
f 2445/2445/2445 2448/2448/2448 2442/2442/2442
f 2445/2445/2445 2442/2442/2442 2441/2441/2441
f 2367/2367/2367 2443/2443/2443 2448/2448/2448
f 1942/1942/1942 2367/2367/2367 2448/2448/2448
f 2465/2465/2465 1942/1942/1942 2448/2448/2448
f 2465/2465/2465 2448/2448/2448 2445/2445/2445
f 1940/1940/1940 2367/2367/2367 1942/1942/1942
f 1942/1942/1942 1973/1973/1973 1940/1940/1940
f 1965/1965/1965 1973/1973/1973 1942/1942/1942
f 1942/1942/1942 1944/1944/1944 1965/1965/1965
f 1959/1959/1959 1944/1944/1944 1942/1942/1942
f 1959/1959/1959 1942/1942/1942 2465/2465/2465
f 1965/1965/1965 1953/1953/1953 1973/1973/1973
f 1944/1944/1944 1953/1953/1953 1965/1965/1965
f 1944/1944/1944 1543/1543/1543 1953/1953/1953
f 1953/1953/1953 1543/1543/1543 1954/1954/1954
f 1973/1973/1973 1953/1953/1953 1954/1954/1954
f 2441/2441/2441 2534/2534/2534 2545/2545/2545
f 2545/2545/2545 2534/2534/2534 2526/2526/2526
f 2526/2526/2526 2534/2534/2534 2524/2524/2524
f 2524/2524/2524 2534/2534/2534 2525/2525/2525
f 2525/2525/2525 2500/2500/2500 2524/2524/2524
f 2525/2525/2525 2510/2510/2510 2500/2500/2500
f 2490/2490/2490 2510/2510/2510 2525/2525/2525
f 2524/2524/2524 2527/2527/2527 2526/2526/2526
f 2656/2656/2656 2527/2527/2527 2524/2524/2524
f 2524/2524/2524 2500/2500/2500 2656/2656/2656
f 2656/2656/2656 2500/2500/2500 3449/3449/3449
f 3449/3449/3449 2500/2500/2500 2499/2499/2499
f 2500/2500/2500 2510/2510/2510 2499/2499/2499
f 2499/2499/2499 2510/2510/2510 2497/2497/2497
f 2510/2510/2510 2655/2655/2655 2497/2497/2497
f 2510/2510/2510 2490/2490/2490 2655/2655/2655
f 2527/2527/2527 2516/2516/2516 2526/2526/2526
f 2512/2512/2512 2516/2516/2516 2527/2527/2527
f 2512/2512/2512 2527/2527/2527 3449/3449/3449
f 3449/3449/3449 2527/2527/2527 2656/2656/2656
f 2526/2526/2526 2516/2516/2516 2518/2518/2518
f 2495/2495/2495 2518/2518/2518 2516/2516/2516
f 2513/2513/2513 2495/2495/2495 2516/2516/2516
f 2513/2513/2513 2516/2516/2516 2512/2512/2512
f 2539/2539/2539 2518/2518/2518 2495/2495/2495
f 2495/2495/2495 2521/2521/2521 2539/2539/2539
f 2521/2521/2521 2495/2495/2495 2531/2531/2531
f 2531/2531/2531 2495/2495/2495 2557/2557/2557
f 2557/2557/2557 2495/2495/2495 2513/2513/2513
f 2539/2539/2539 2521/2521/2521 2520/2520/2520
f 2552/2552/2552 2520/2520/2520 2521/2521/2521
f 2521/2521/2521 2531/2531/2531 2552/2552/2552
f 2552/2552/2552 2531/2531/2531 2538/2538/2538
f 2538/2538/2538 2529/2529/2529 2552/2552/2552
f 2551/2551/2551 2529/2529/2529 2538/2538/2538
f 2529/2529/2529 2551/2551/2551 2537/2537/2537
f 2537/2537/2537 2551/2551/2551 2548/2548/2548
f 2530/2530/2530 2520/2520/2520 2552/2552/2552
f 2552/2552/2552 2529/2529/2529 2530/2530/2530
f 2530/2530/2530 2529/2529/2529 2511/2511/2511
f 2511/2511/2511 2529/2529/2529 2515/2515/2515
f 2515/2515/2515 2529/2529/2529 2537/2537/2537
f 2537/2537/2537 2681/2681/2681 2515/2515/2515
f 2537/2537/2537 2548/2548/2548 2681/2681/2681
f 2548/2548/2548 2493/2493/2493 2681/2681/2681
f 2493/2493/2493 2679/2679/2679 2681/2681/2681
f 2679/2679/2679 2515/2515/2515 2681/2681/2681
f 2655/2655/2655 2490/2490/2490 2492/2492/2492
f 2536/2536/2536 2492/2492/2492 2490/2490/2490
f 2528/2528/2528 2492/2492/2492 2536/2536/2536
f 2536/2536/2536 2463/2463/2463 2528/2528/2528
f 2439/2439/2439 2528/2528/2528 2463/2463/2463
f 2356/2356/2356 2528/2528/2528 2439/2439/2439
f 1975/1975/1975 2356/2356/2356 2439/2439/2439
f 1975/1975/1975 2439/2439/2439 1978/1978/1978
f 1981/1981/1981 1975/1975/1975 1978/1978/1978
f 1978/1978/1978 1980/1980/1980 1981/1981/1981
f 1948/1948/1948 2356/2356/2356 1975/1975/1975
f 2323/2323/2323 1948/1948/1948 1975/1975/1975
f 2323/2323/2323 1975/1975/1975 1981/1981/1981
f 1947/1947/1947 2323/2323/2323 1981/1981/1981
f 1981/1981/1981 1985/1985/1985 1947/1947/1947
f 1980/1980/1980 1985/1985/1985 1981/1981/1981
f 1980/1980/1980 2429/2429/2429 1985/1985/1985
f 1939/1939/1939 2429/2429/2429 1980/1980/1980
f 1939/1939/1939 1980/1980/1980 1967/1967/1967
f 1968/1968/1968 1939/1939/1939 1967/1967/1967
f 1983/1983/1983 1948/1948/1948 2323/2323/2323
f 2323/2323/2323 1984/1984/1984 1983/1983/1983
f 1986/1986/1986 1984/1984/1984 2323/2323/2323
f 1986/1986/1986 2323/2323/2323 1947/1947/1947
f 1947/1947/1947 2338/2338/2338 1986/1986/1986
f 2338/2338/2338 1947/1947/1947 2308/2308/2308
f 2308/2308/2308 1947/1947/1947 1985/1985/1985
f 2361/2361/2361 2308/2308/2308 1985/1985/1985
f 2429/2429/2429 2361/2361/2361 1985/1985/1985
f 1982/1982/1982 1984/1984/1984 1986/1986/1986
f 1982/1982/1982 1986/1986/1986 2307/2307/2307
f 2307/2307/2307 1986/1986/1986 2338/2338/2338
f 2338/2338/2338 2720/2720/2720 2307/2307/2307
f 2739/2739/2739 2720/2720/2720 2338/2338/2338
f 2739/2739/2739 2338/2338/2338 2346/2346/2346
f 2308/2308/2308 2346/2346/2346 2338/2338/2338
f 2311/2311/2311 2346/2346/2346 2308/2308/2308
f 2308/2308/2308 2412/2412/2412 2311/2311/2311
f 1982/1982/1982 1541/1541/1541 1984/1984/1984
f 2339/2339/2339 1541/1541/1541 1982/1982/1982
f 2339/2339/2339 1982/1982/1982 2307/2307/2307
f 2307/2307/2307 2715/2715/2715 2339/2339/2339
f 2720/2720/2720 2715/2715/2715 2307/2307/2307
f 2283/2283/2283 2715/2715/2715 2720/2720/2720
f 2739/2739/2739 2283/2283/2283 2720/2720/2720
f 2763/2763/2763 2283/2283/2283 2739/2739/2739
f 2763/2763/2763 2739/2739/2739 2765/2765/2765
f 2765/2765/2765 2739/2739/2739 2740/2740/2740
f 2346/2346/2346 2740/2740/2740 2739/2739/2739
f 2309/2309/2309 2740/2740/2740 2346/2346/2346
f 2346/2346/2346 2351/2351/2351 2309/2309/2309
f 2311/2311/2311 2351/2351/2351 2346/2346/2346
f 2781/2781/2781 2715/2715/2715 2283/2283/2283
f 2781/2781/2781 2283/2283/2283 2494/2494/2494
f 2494/2494/2494 2283/2283/2283 2678/2678/2678
f 2283/2283/2283 2763/2763/2763 2678/2678/2678
f 2678/2678/2678 2763/2763/2763 2717/2717/2717
f 2717/2717/2717 2763/2763/2763 2780/2780/2780
f 2780/2780/2780 2763/2763/2763 2765/2765/2765
f 2514/2514/2514 2494/2494/2494 2678/2678/2678
f 2514/2514/2514 2678/2678/2678 2467/2467/2467
f 2467/2467/2467 2678/2678/2678 2717/2717/2717
f 2780/2780/2780 2467/2467/2467 2717/2717/2717
f 2466/2466/2466 2467/2467/2467 2780/2780/2780
f 2454/2454/2454 2494/2494/2494 2514/2514/2514
f 2311/2311/2311 2426/2426/2426 2351/2351/2351
f 2473/2473/2473 2426/2426/2426 2311/2311/2311
f 2311/2311/2311 2412/2412/2412 2473/2473/2473
f 2413/2413/2413 2473/2473/2473 2412/2412/2412
f 2416/2416/2416 2473/2473/2473 2413/2413/2413
f 2474/2474/2474 2416/2416/2416 2413/2413/2413
f 2413/2413/2413 2475/2475/2475 2474/2474/2474
f 2421/2421/2421 2474/2474/2474 2475/2475/2475
f 2473/2473/2473 2427/2427/2427 2426/2426/2426
f 2473/2473/2473 2416/2416/2416 2427/2427/2427
f 2427/2427/2427 2416/2416/2416 2350/2350/2350
f 2416/2416/2416 2424/2424/2424 2350/2350/2350
f 2414/2414/2414 2424/2424/2424 2416/2416/2416
f 2414/2414/2414 2416/2416/2416 2474/2474/2474
f 2415/2415/2415 2414/2414/2414 2474/2474/2474
f 2415/2415/2415 2474/2474/2474 2421/2421/2421
f 2421/2421/2421 2422/2422/2422 2415/2415/2415
f 2415/2415/2415 2422/2422/2422 2419/2419/2419
f 2423/2423/2423 2415/2415/2415 2419/2419/2419
f 2418/2418/2418 2415/2415/2415 2423/2423/2423
f 2476/2476/2476 2418/2418/2418 2423/2423/2423
f 2414/2414/2414 2425/2425/2425 2424/2424/2424
f 2418/2418/2418 2425/2425/2425 2414/2414/2414
f 2418/2418/2418 2414/2414/2414 2415/2415/2415
f 2425/2425/2425 2418/2418/2418 2476/2476/2476
f 2429/2429/2429 2371/2371/2371 2361/2361/2361
f 2432/2432/2432 2371/2371/2371 2429/2429/2429
f 2432/2432/2432 2429/2429/2429 2477/2477/2477
f 2477/2477/2477 2429/2429/2429 2431/2431/2431
f 2429/2429/2429 1941/1941/1941 2431/2431/2431
f 1939/1939/1939 1941/1941/1941 2429/2429/2429
f 1939/1939/1939 1960/1960/1960 1941/1941/1941
f 1949/1949/1949 1960/1960/1960 1939/1939/1939
f 1949/1949/1949 1939/1939/1939 1968/1968/1968
f 2477/2477/2477 2431/2431/2431 2428/2428/2428
f 2428/2428/2428 2431/2431/2431 2430/2430/2430
f 1941/1941/1941 2430/2430/2430 2431/2431/2431
f 2462/2462/2462 2430/2430/2430 1941/1941/1941
f 2462/2462/2462 1941/1941/1941 2478/2478/2478
f 2478/2478/2478 1941/1941/1941 1960/1960/1960
f 2430/2430/2430 1977/1977/1977 2428/2428/2428
f 2354/2354/2354 1977/1977/1977 2430/2430/2430
f 2462/2462/2462 2354/2354/2354 2430/2430/2430
f 2435/2435/2435 2354/2354/2354 2462/2462/2462
f 2435/2435/2435 2462/2462/2462 2434/2434/2434
f 2434/2434/2434 2462/2462/2462 2478/2478/2478
f 2354/2354/2354 1966/1966/1966 1977/1977/1977
f 1966/1966/1966 2354/2354/2354 1974/1974/1974
f 1974/1974/1974 2354/2354/2354 2435/2435/2435
f 2434/2434/2434 1974/1974/1974 2435/2435/2435
f 1969/1969/1969 1974/1974/1974 2434/2434/2434
f 1977/1977/1977 1966/1966/1966 2357/2357/2357
f 2497/2497/2497 2655/2655/2655 2498/2498/2498
f 2498/2498/2498 2496/2496/2496 2497/2497/2497
f 2657/2657/2657 2496/2496/2496 2498/2498/2498
f 2657/2657/2657 2468/2468/2468 2496/2496/2496
f 2657/2657/2657 2453/2453/2453 2468/2468/2468
f 2468/2468/2468 2453/2453/2453 2461/2461/2461
f 2461/2461/2461 2453/2453/2453 2460/2460/2460
f 2460/2460/2460 2453/2453/2453 2451/2451/2451
f 2496/2496/2496 2499/2499/2499 2497/2497/2497
f 2532/2532/2532 2499/2499/2499 2496/2496/2496
f 2458/2458/2458 2532/2532/2532 2496/2496/2496
f 2496/2496/2496 2468/2468/2468 2458/2458/2458
f 2749/2749/2749 2458/2458/2458 2468/2468/2468
f 2749/2749/2749 2468/2468/2468 2744/2744/2744
f 2744/2744/2744 2468/2468/2468 2461/2461/2461
f 2744/2744/2744 2461/2461/2461 2745/2745/2745
f 2745/2745/2745 2461/2461/2461 2460/2460/2460
f 2532/2532/2532 3449/3449/3449 2499/2499/2499
f 2533/2533/2533 3449/3449/3449 2532/2532/2532
f 2532/2532/2532 2459/2459/2459 2533/2533/2533
f 2459/2459/2459 2532/2532/2532 2458/2458/2458
f 2399/2399/2399 2459/2459/2459 2458/2458/2458
f 2399/2399/2399 2458/2458/2458 2749/2749/2749
f 2533/2533/2533 2512/2512/2512 3449/3449/3449
f 2535/2535/2535 2512/2512/2512 2533/2533/2533
f 2535/2535/2535 2533/2533/2533 2405/2405/2405
f 2533/2533/2533 2469/2469/2469 2405/2405/2405
f 2533/2533/2533 2459/2459/2459 2469/2469/2469
f 2398/2398/2398 2469/2469/2469 2459/2459/2459
f 2398/2398/2398 2459/2459/2459 2399/2399/2399
f 2405/2405/2405 2469/2469/2469 2401/2401/2401
f 2408/2408/2408 2401/2401/2401 2469/2469/2469
f 2408/2408/2408 2469/2469/2469 2398/2398/2398
f 2397/2397/2397 2405/2405/2405 2401/2401/2401
f 2472/2472/2472 2397/2397/2397 2401/2401/2401
f 2472/2472/2472 2401/2401/2401 2408/2408/2408
f 2471/2471/2471 2405/2405/2405 2397/2397/2397
f 2471/2471/2471 2397/2397/2397 2403/2403/2403
f 2403/2403/2403 2397/2397/2397 2395/2395/2395
f 2397/2397/2397 2396/2396/2396 2395/2395/2395
f 2396/2396/2396 2397/2397/2397 2472/2472/2472
f 2395/2395/2395 2400/2400/2400 2403/2403/2403
f 2470/2470/2470 2400/2400/2400 2395/2395/2395
f 2470/2470/2470 2395/2395/2395 2406/2406/2406
f 2406/2406/2406 2395/2395/2395 2394/2394/2394
f 2395/2395/2395 2396/2396/2396 2394/2394/2394
f 2470/2470/2470 2409/2409/2409 2400/2400/2400
f 2402/2402/2402 2409/2409/2409 2470/2470/2470
f 2470/2470/2470 2407/2407/2407 2402/2402/2402
f 2406/2406/2406 2407/2407/2407 2470/2470/2470
f 2402/2402/2402 2410/2410/2410 2409/2409/2409
f 2407/2407/2407 2410/2410/2410 2402/2402/2402
f 2407/2407/2407 2404/2404/2404 2410/2410/2410
f 2404/2404/2404 2411/2411/2411 2410/2410/2410
f 2411/2411/2411 2409/2409/2409 2410/2410/2410
f 2677/2677/2677 2744/2744/2744 2745/2745/2745
f 2719/2719/2719 2744/2744/2744 2677/2677/2677
f 2677/2677/2677 2716/2716/2716 2719/2719/2719
f 2782/2782/2782 2716/2716/2716 2677/2677/2677
f 2782/2782/2782 2456/2456/2456 2716/2716/2716
f 2716/2716/2716 2456/2456/2456 2455/2455/2455
f 2455/2455/2455 2456/2456/2456 2450/2450/2450
f 2456/2456/2456 1538/1538/1538 2450/2450/2450
f 2719/2719/2719 2749/2749/2749 2744/2744/2744
f 2718/2718/2718 2749/2749/2749 2719/2719/2719
f 2716/2716/2716 2718/2718/2718 2719/2719/2719
f 2676/2676/2676 2718/2718/2718 2716/2716/2716
f 2716/2716/2716 2457/2457/2457 2676/2676/2676
f 2455/2455/2455 2457/2457/2457 2716/2716/2716
f 2455/2455/2455 2450/2450/2450 2457/2457/2457
f 2452/2452/2452 2457/2457/2457 2450/2450/2450
f 1538/1538/1538 2452/2452/2452 2450/2450/2450
f 2599/2599/2599 2647/2647/2647 2641/2641/2641
f 2713/2713/2713 2647/2647/2647 2599/2599/2599
f 2599/2599/2599 2600/2600/2600 2713/2713/2713
f 2713/2713/2713 2600/2600/2600 2722/2722/2722
f 2600/2600/2600 2639/2639/2639 2722/2722/2722
f 2722/2722/2722 2639/2639/2639 2711/2711/2711
f 2639/2639/2639 2644/2644/2644 2711/2711/2711
f 2644/2644/2644 2639/2639/2639 2284/2284/2284
f 2721/2721/2721 2647/2647/2647 2713/2713/2713
f 2721/2721/2721 2713/2713/2713 3001/3001/3001
f 3001/3001/3001 2713/2713/2713 2710/2710/2710
f 2713/2713/2713 2722/2722/2722 2710/2710/2710
f 2710/2710/2710 2722/2722/2722 2870/2870/2870
f 2711/2711/2711 2870/2870/2870 2722/2722/2722
f 2871/2871/2871 2870/2870/2870 2711/2711/2711
f 2645/2645/2645 2871/2871/2871 2711/2711/2711
f 2711/2711/2711 2644/2644/2644 2645/2645/2645
f 2746/2746/2746 2647/2647/2647 2721/2721/2721
f 2746/2746/2746 2721/2721/2721 2992/2992/2992
f 2992/2992/2992 2721/2721/2721 3001/3001/3001
f 2938/2938/2938 2992/2992/2992 3001/3001/3001
f 2938/2938/2938 3001/3001/3001 2995/2995/2995
f 2995/2995/2995 3001/3001/3001 2710/2710/2710
f 2995/2995/2995 2710/2710/2710 3039/3039/3039
f 3039/3039/3039 2710/2710/2710 2870/2870/2870
f 3039/3039/3039 2870/2870/2870 3033/3033/3033
f 3033/3033/3033 2870/2870/2870 2871/2871/2871
f 2871/2871/2871 2936/2936/2936 3033/3033/3033
f 2936/2936/2936 2871/2871/2871 2645/2645/2645
f 2941/2941/2941 2992/2992/2992 2938/2938/2938
f 2934/2934/2934 2941/2941/2941 2938/2938/2938
f 2934/2934/2934 2938/2938/2938 2935/2935/2935
f 2935/2935/2935 2938/2938/2938 2995/2995/2995
f 2935/2935/2935 2995/2995/2995 2922/2922/2922
f 2922/2922/2922 2995/2995/2995 3039/3039/3039
f 2922/2922/2922 3039/3039/3039 2931/2931/2931
f 2931/2931/2931 3039/3039/3039 3033/3033/3033
f 2923/2923/2923 2931/2931/2931 3033/3033/3033
f 3033/3033/3033 2936/2936/2936 2923/2923/2923
f 2936/2936/2936 2996/2996/2996 2923/2923/2923
f 2645/2645/2645 2996/2996/2996 2936/2936/2936
f 2940/2940/2940 2941/2941/2941 2934/2934/2934
f 2934/2934/2934 2939/2939/2939 2940/2940/2940
f 2939/2939/2939 2934/2934/2934 2990/2990/2990
f 2990/2990/2990 2934/2934/2934 2935/2935/2935
f 2990/2990/2990 2935/2935/2935 3376/3376/3376
f 3376/3376/3376 2935/2935/2935 2922/2922/2922
f 2922/2922/2922 2977/2977/2977 3376/3376/3376
f 2931/2931/2931 2977/2977/2977 2922/2922/2922
f 2931/2931/2931 2921/2921/2921 2977/2977/2977
f 2921/2921/2921 2931/2931/2931 2923/2923/2923
f 2923/2923/2923 2898/2898/2898 2921/2921/2921
f 2996/2996/2996 2898/2898/2898 2923/2923/2923
f 2940/2940/2940 2939/2939/2939 3007/3007/3007
f 3006/3006/3006 3007/3007/3007 2939/2939/2939
f 2939/2939/2939 2789/2789/2789 3006/3006/3006
f 2990/2990/2990 2789/2789/2789 2939/2939/2939
f 2990/2990/2990 2964/2964/2964 2789/2789/2789
f 3376/3376/3376 2964/2964/2964 2990/2990/2990
f 3376/3376/3376 3017/3017/3017 2964/2964/2964
f 2977/2977/2977 3017/3017/3017 3376/3376/3376
f 2977/2977/2977 2960/2960/2960 3017/3017/3017
f 2977/2977/2977 2921/2921/2921 2960/2960/2960
f 2921/2921/2921 3147/3147/3147 2960/2960/2960
f 2921/2921/2921 2898/2898/2898 3147/3147/3147
f 2802/2802/2802 3007/3007/3007 3006/3006/3006
f 3006/3006/3006 2890/2890/2890 2802/2802/2802
f 3006/3006/3006 3018/3018/3018 2890/2890/2890
f 2789/2789/2789 3018/3018/3018 3006/3006/3006
f 3018/3018/3018 2789/2789/2789 2964/2964/2964
f 3018/3018/3018 2964/2964/2964 2983/2983/2983
f 2983/2983/2983 2964/2964/2964 3017/3017/3017
f 2983/2983/2983 3017/3017/3017 2982/2982/2982
f 2982/2982/2982 3017/3017/3017 2961/2961/2961
f 3017/3017/3017 2960/2960/2960 2961/2961/2961
f 2960/2960/2960 3055/3055/3055 2961/2961/2961
f 2960/2960/2960 3147/3147/3147 3055/3055/3055
f 2802/2802/2802 2890/2890/2890 2908/2908/2908
f 2890/2890/2890 2905/2905/2905 2908/2908/2908
f 2905/2905/2905 2890/2890/2890 2915/2915/2915
f 2915/2915/2915 2890/2890/2890 3018/3018/3018
f 2915/2915/2915 3018/3018/3018 2917/2917/2917
f 2917/2917/2917 3018/3018/3018 2983/2983/2983
f 2917/2917/2917 2983/2983/2983 3040/3040/3040
f 3040/3040/3040 2983/2983/2983 2982/2982/2982
f 2982/2982/2982 3002/3002/3002 3040/3040/3040
f 3002/3002/3002 2982/2982/2982 3005/3005/3005
f 3005/3005/3005 2982/2982/2982 2961/2961/2961
f 2961/2961/2961 3055/3055/3055 3005/3005/3005
f 2908/2908/2908 2905/2905/2905 2906/2906/2906
f 2913/2913/2913 2906/2906/2906 2905/2905/2905
f 2905/2905/2905 2877/2877/2877 2913/2913/2913
f 2915/2915/2915 2877/2877/2877 2905/2905/2905
f 2915/2915/2915 2932/2932/2932 2877/2877/2877
f 2917/2917/2917 2932/2932/2932 2915/2915/2915
f 2917/2917/2917 2933/2933/2933 2932/2932/2932
f 3040/3040/3040 2933/2933/2933 2917/2917/2917
f 3040/3040/3040 3015/3015/3015 2933/2933/2933
f 3003/3003/3003 3015/3015/3015 3040/3040/3040
f 3040/3040/3040 3002/3002/3002 3003/3003/3003
f 2873/2873/2873 2906/2906/2906 2913/2913/2913
f 2913/2913/2913 2918/2918/2918 2873/2873/2873
f 2877/2877/2877 2918/2918/2918 2913/2913/2913
f 2877/2877/2877 2927/2927/2927 2918/2918/2918
f 2932/2932/2932 2927/2927/2927 2877/2877/2877
f 2927/2927/2927 2932/2932/2932 2929/2929/2929
f 2929/2929/2929 2932/2932/2932 2933/2933/2933
f 2929/2929/2929 2933/2933/2933 3016/3016/3016
f 3016/3016/3016 2933/2933/2933 3015/3015/3015
f 2874/2874/2874 2906/2906/2906 2873/2873/2873
f 2873/2873/2873 2875/2875/2875 2874/2874/2874
f 2918/2918/2918 2875/2875/2875 2873/2873/2873
f 2918/2918/2918 2927/2927/2927 2875/2875/2875
f 2875/2875/2875 2927/2927/2927 2937/2937/2937
f 2937/2937/2937 2927/2927/2927 2929/2929/2929
f 2937/2937/2937 2929/2929/2929 2943/2943/2943
f 2943/2943/2943 2929/2929/2929 3016/3016/3016
f 2943/2943/2943 3016/3016/3016 2800/2800/2800
f 2800/2800/2800 3016/3016/3016 3014/3014/3014
f 3015/3015/3015 3014/3014/3014 3016/3016/3016
f 3012/3012/3012 3014/3014/3014 3015/3015/3015
f 3015/3015/3015 3003/3003/3003 3012/3012/3012
f 3012/3012/3012 3003/3003/3003 2998/2998/2998
f 3003/3003/3003 3000/3000/3000 2998/2998/2998
f 3002/3002/3002 3000/3000/3000 3003/3003/3003
f 3014/3014/3014 2999/2999/2999 2800/2800/2800
f 2999/2999/2999 3014/3014/3014 2997/2997/2997
f 2997/2997/2997 3014/3014/3014 3012/3012/3012
f 2997/2997/2997 3012/3012/3012 3013/3013/3013
f 3013/3013/3013 3012/3012/3012 2998/2998/2998
f 2998/2998/2998 3000/3000/3000 3013/3013/3013
f 3013/3013/3013 3000/3000/3000 3004/3004/3004
f 3004/3004/3004 3000/3000/3000 3008/3008/3008
f 3002/3002/3002 3008/3008/3008 3000/3000/3000
f 3005/3005/3005 3008/3008/3008 3002/3002/3002
f 2800/2800/2800 2999/2999/2999 2801/2801/2801
f 2963/2963/2963 2801/2801/2801 2999/2999/2999
f 2963/2963/2963 2999/2999/2999 2980/2980/2980
f 2980/2980/2980 2999/2999/2999 2997/2997/2997
f 2980/2980/2980 2997/2997/2997 2981/2981/2981
f 2981/2981/2981 2997/2997/2997 3013/3013/3013
f 3013/3013/3013 3004/3004/3004 2981/2981/2981
f 3004/3004/3004 2978/2978/2978 2981/2981/2981
f 2965/2965/2965 2978/2978/2978 3004/3004/3004
f 3004/3004/3004 3008/3008/3008 2965/2965/2965
f 2965/2965/2965 3008/3008/3008 1654/1654/1654
f 3008/3008/3008 3005/3005/3005 1654/1654/1654
f 1654/1654/1654 3005/3005/3005 3055/3055/3055
f 2889/2889/2889 2801/2801/2801 2963/2963/2963
f 2963/2963/2963 2805/2805/2805 2889/2889/2889
f 2963/2963/2963 2980/2980/2980 2805/2805/2805
f 2805/2805/2805 2980/2980/2980 2807/2807/2807
f 2807/2807/2807 2980/2980/2980 2981/2981/2981
f 2807/2807/2807 2981/2981/2981 2945/2945/2945
f 2945/2945/2945 2981/2981/2981 2978/2978/2978
f 2945/2945/2945 2978/2978/2978 2947/2947/2947
f 2947/2947/2947 2978/2978/2978 2968/2968/2968
f 2978/2978/2978 3011/3011/3011 2968/2968/2968
f 3011/3011/3011 2978/2978/2978 2965/2965/2965
f 2965/2965/2965 1654/1654/1654 3011/3011/3011
f 2889/2889/2889 2805/2805/2805 2886/2886/2886
f 2786/2786/2786 2886/2886/2886 2805/2805/2805
f 2954/2954/2954 2786/2786/2786 2805/2805/2805
f 2805/2805/2805 2807/2807/2807 2954/2954/2954
f 2954/2954/2954 2807/2807/2807 2945/2945/2945
f 2954/2954/2954 2945/2945/2945 2956/2956/2956
f 2956/2956/2956 2945/2945/2945 2947/2947/2947
f 2956/2956/2956 2947/2947/2947 2967/2967/2967
f 2967/2967/2967 2947/2947/2947 2953/2953/2953
f 2947/2947/2947 2968/2968/2968 2953/2953/2953
f 2888/2888/2888 2886/2886/2886 2786/2786/2786
f 2957/2957/2957 2786/2786/2786 2954/2954/2954
f 2954/2954/2954 3375/3375/3375 2957/2957/2957
f 2956/2956/2956 3375/3375/3375 2954/2954/2954
f 2956/2956/2956 2797/2797/2797 3375/3375/3375
f 2967/2967/2967 2797/2797/2797 2956/2956/2956
f 2967/2967/2967 2788/2788/2788 2797/2797/2797
f 2984/2984/2984 2788/2788/2788 2967/2967/2967
f 2967/2967/2967 2953/2953/2953 2984/2984/2984
f 2984/2984/2984 2953/2953/2953 2955/2955/2955
f 2953/2953/2953 2948/2948/2948 2955/2955/2955
f 2953/2953/2953 2968/2968/2968 2948/2948/2948
f 2968/2968/2968 2959/2959/2959 2948/2948/2948
f 2968/2968/2968 3011/3011/3011 2959/2959/2959
f 2984/2984/2984 2798/2798/2798 2788/2788/2788
f 2958/2958/2958 2798/2798/2798 2984/2984/2984
f 2984/2984/2984 2955/2955/2955 2958/2958/2958
f 2958/2958/2958 2955/2955/2955 2808/2808/2808
f 2955/2955/2955 2946/2946/2946 2808/2808/2808
f 2955/2955/2955 2948/2948/2948 2946/2946/2946
f 2946/2946/2946 2948/2948/2948 2950/2950/2950
f 2950/2950/2950 2948/2948/2948 2969/2969/2969
f 2948/2948/2948 2959/2959/2959 2969/2969/2969
f 2962/2962/2962 2969/2969/2969 2959/2959/2959
f 2962/2962/2962 2959/2959/2959 3011/3011/3011
f 2958/2958/2958 2787/2787/2787 2798/2798/2798
f 2985/2985/2985 2787/2787/2787 2958/2958/2958
f 2958/2958/2958 2808/2808/2808 2985/2985/2985
f 2985/2985/2985 2808/2808/2808 2795/2795/2795
f 2808/2808/2808 2952/2952/2952 2795/2795/2795
f 2808/2808/2808 2946/2946/2946 2952/2952/2952
f 2952/2952/2952 2946/2946/2946 3020/3020/3020
f 3020/3020/3020 2946/2946/2946 2950/2950/2950
f 3020/3020/3020 2950/2950/2950 3021/3021/3021
f 3021/3021/3021 2950/2950/2950 2944/2944/2944
f 2969/2969/2969 2944/2944/2944 2950/2950/2950
f 2985/2985/2985 2821/2821/2821 2787/2787/2787
f 2986/2986/2986 2821/2821/2821 2985/2985/2985
f 2986/2986/2986 2985/2985/2985 2795/2795/2795
f 2986/2986/2986 2795/2795/2795 2636/2636/2636
f 2636/2636/2636 2795/2795/2795 2951/2951/2951
f 2795/2795/2795 2952/2952/2952 2951/2951/2951
f 2952/2952/2952 3020/3020/3020 2951/2951/2951
f 3020/3020/3020 2949/2949/2949 2951/2951/2951
f 3021/3021/3021 2949/2949/2949 3020/3020/3020
f 3021/3021/3021 2901/2901/2901 2949/2949/2949
f 2907/2907/2907 2901/2901/2901 3021/3021/3021
f 2907/2907/2907 3021/3021/3021 2944/2944/2944
f 2986/2986/2986 2480/2480/2480 2821/2821/2821
f 2654/2654/2654 2480/2480/2480 2986/2986/2986
f 2636/2636/2636 2654/2654/2654 2986/2986/2986
f 2635/2635/2635 2654/2654/2654 2636/2636/2636
f 2663/2663/2663 2635/2635/2635 2636/2636/2636
f 2636/2636/2636 2949/2949/2949 2663/2663/2663
f 2951/2951/2951 2949/2949/2949 2636/2636/2636
f 2623/2623/2623 2635/2635/2635 2663/2663/2663
f 2623/2623/2623 2663/2663/2663 2665/2665/2665
f 2663/2663/2663 2634/2634/2634 2665/2665/2665
f 2663/2663/2663 2949/2949/2949 2634/2634/2634
f 2634/2634/2634 2949/2949/2949 2901/2901/2901
f 2901/2901/2901 2479/2479/2479 2634/2634/2634
f 2895/2895/2895 2479/2479/2479 2901/2901/2901
f 2907/2907/2907 2895/2895/2895 2901/2901/2901
f 2896/2896/2896 2895/2895/2895 2907/2907/2907
f 2896/2896/2896 2907/2907/2907 2944/2944/2944
f 2623/2623/2623 2665/2665/2665 2622/2622/2622
f 2622/2622/2622 2665/2665/2665 2487/2487/2487
f 2665/2665/2665 2481/2481/2481 2487/2487/2487
f 2665/2665/2665 2634/2634/2634 2481/2481/2481
f 2634/2634/2634 2619/2619/2619 2481/2481/2481
f 2479/2479/2479 2619/2619/2619 2634/2634/2634
f 2664/2664/2664 2619/2619/2619 2479/2479/2479
f 2664/2664/2664 2479/2479/2479 2900/2900/2900
f 2900/2900/2900 2479/2479/2479 2895/2895/2895
f 2900/2900/2900 2895/2895/2895 2896/2896/2896
f 2897/2897/2897 2900/2900/2900 2896/2896/2896
f 2896/2896/2896 2979/2979/2979 2897/2897/2897
f 2896/2896/2896 2944/2944/2944 2979/2979/2979
f 2487/2487/2487 2481/2481/2481 2624/2624/2624
f 2481/2481/2481 2619/2619/2619 2624/2624/2624
f 2624/2624/2624 2619/2619/2619 2618/2618/2618
f 2485/2485/2485 2618/2618/2618 2619/2619/2619
f 2485/2485/2485 2619/2619/2619 2664/2664/2664
f 2664/2664/2664 2597/2597/2597 2485/2485/2485
f 2664/2664/2664 2900/2900/2900 2597/2597/2597
f 2597/2597/2597 2900/2900/2900 2899/2899/2899
f 2899/2899/2899 2900/2900/2900 2897/2897/2897
f 2897/2897/2897 3056/3056/3056 2899/2899/2899
f 2897/2897/2897 1654/1654/1654 3056/3056/3056
f 2966/2966/2966 1654/1654/1654 2897/2897/2897
f 2897/2897/2897 2979/2979/2979 2966/2966/2966
f 2486/2486/2486 2618/2618/2618 2485/2485/2485
f 2485/2485/2485 2712/2712/2712 2486/2486/2486
f 2485/2485/2485 2597/2597/2597 2712/2712/2712
f 2712/2712/2712 2597/2597/2597 2714/2714/2714
f 2714/2714/2714 2597/2597/2597 2598/2598/2598
f 2597/2597/2597 2912/2912/2912 2598/2598/2598
f 2899/2899/2899 2912/2912/2912 2597/2597/2597
f 2899/2899/2899 2904/2904/2904 2912/2912/2912
f 2899/2899/2899 3056/3056/3056 2904/2904/2904
f 2486/2486/2486 2712/2712/2712 2484/2484/2484
f 2712/2712/2712 2651/2651/2651 2484/2484/2484
f 2714/2714/2714 2651/2651/2651 2712/2712/2712
f 2651/2651/2651 2714/2714/2714 2675/2675/2675
f 2675/2675/2675 2714/2714/2714 2646/2646/2646
f 2714/2714/2714 2598/2598/2598 2646/2646/2646
f 2646/2646/2646 2598/2598/2598 2706/2706/2706
f 2912/2912/2912 2706/2706/2706 2598/2598/2598
f 2996/2996/2996 2706/2706/2706 2912/2912/2912
f 2912/2912/2912 2898/2898/2898 2996/2996/2996
f 2912/2912/2912 2904/2904/2904 2898/2898/2898
f 2898/2898/2898 2904/2904/2904 3147/3147/3147
f 3147/3147/3147 2904/2904/2904 3056/3056/3056
f 2646/2646/2646 2502/2502/2502 2675/2675/2675
f 2502/2502/2502 2646/2646/2646 2644/2644/2644
f 2706/2706/2706 2644/2644/2644 2646/2646/2646
f 2645/2645/2645 2644/2644/2644 2706/2706/2706
f 2706/2706/2706 2996/2996/2996 2645/2645/2645
f 2675/2675/2675 2502/2502/2502 2503/2503/2503
f 2502/2502/2502 2508/2508/2508 2503/2503/2503
f 2284/2284/2284 2508/2508/2508 2502/2502/2502
f 2644/2644/2644 2284/2284/2284 2502/2502/2502
f 3147/3147/3147 3056/3056/3056 3055/3055/3055
f 1654/1654/1654 3055/3055/3055 3056/3056/3056
f 3011/3011/3011 1654/1654/1654 2966/2966/2966
f 3011/3011/3011 2966/2966/2966 2962/2962/2962
f 2962/2962/2962 2966/2966/2966 2979/2979/2979
f 2962/2962/2962 2979/2979/2979 3022/3022/3022
f 2979/2979/2979 2944/2944/2944 3022/3022/3022
f 3022/3022/3022 2944/2944/2944 2969/2969/2969
f 3022/3022/3022 2969/2969/2969 2962/2962/2962
f 1892/1892/1892 1906/1906/1906 2375/2375/2375
f 1894/1894/1894 1906/1906/1906 1892/1892/1892
f 1894/1894/1894 1892/1892/1892 1870/1870/1870
f 1870/1870/1870 1892/1892/1892 1871/1871/1871
f 1870/1870/1870 1871/1871/1871 1905/1905/1905
f 1905/1905/1905 1871/1871/1871 1893/1893/1893
f 1893/1893/1893 1891/1891/1891 1905/1905/1905
f 1895/1895/1895 1891/1891/1891 1893/1893/1893
f 1894/1894/1894 1872/1872/1872 1906/1906/1906
f 1904/1904/1904 1872/1872/1872 1894/1894/1894
f 1894/1894/1894 1870/1870/1870 1904/1904/1904
f 1904/1904/1904 1870/1870/1870 2383/2383/2383
f 1905/1905/1905 2383/2383/2383 1870/1870/1870
f 1896/1896/1896 2383/2383/2383 1905/1905/1905
f 1905/1905/1905 1897/1897/1897 1896/1896/1896
f 1891/1891/1891 1897/1897/1897 1905/1905/1905
f 1904/1904/1904 3278/3278/3278 1872/1872/1872
f 3206/3206/3206 3278/3278/3278 1904/1904/1904
f 1904/1904/1904 2383/2383/2383 3206/3206/3206
f 3206/3206/3206 2383/2383/2383 2373/2373/2373
f 1896/1896/1896 2373/2373/2373 2383/2383/2383
f 3284/3284/3284 2373/2373/2373 1896/1896/1896
f 1897/1897/1897 3284/3284/3284 1896/1896/1896
f 3281/3281/3281 3284/3284/3284 1897/1897/1897
f 3281/3281/3281 3283/3283/3283 3284/3284/3284
f 3155/3155/3155 3283/3283/3283 3281/3281/3281
f 3155/3155/3155 3207/3207/3207 3283/3283/3283
f 3288/3288/3288 3278/3278/3278 3206/3206/3206
f 3288/3288/3288 3206/3206/3206 3041/3041/3041
f 3041/3041/3041 3206/3206/3206 2373/2373/2373
f 3041/3041/3041 2373/2373/2373 3283/3283/3283
f 3283/3283/3283 2373/2373/2373 3284/3284/3284
f 3234/3234/3234 3278/3278/3278 3288/3288/3288
f 3288/3288/3288 3200/3200/3200 3234/3234/3234
f 3200/3200/3200 3288/3288/3288 1901/1901/1901
f 1901/1901/1901 3288/3288/3288 3041/3041/3041
f 1901/1901/1901 3041/3041/3041 3256/3256/3256
f 3256/3256/3256 3041/3041/3041 3283/3283/3283
f 3283/3283/3283 3207/3207/3207 3256/3256/3256
f 3207/3207/3207 3289/3289/3289 3256/3256/3256
f 3256/3256/3256 3289/3289/3289 3287/3287/3287
f 3289/3289/3289 3204/3204/3204 3287/3287/3287
f 3183/3183/3183 3204/3204/3204 3289/3289/3289
f 3234/3234/3234 3200/3200/3200 3205/3205/3205
f 3232/3232/3232 3205/3205/3205 3200/3200/3200
f 3232/3232/3232 3200/3200/3200 1899/1899/1899
f 1899/1899/1899 3200/3200/3200 1901/1901/1901
f 1899/1899/1899 1901/1901/1901 3287/3287/3287
f 3287/3287/3287 1901/1901/1901 3256/3256/3256
f 3233/3233/3233 3205/3205/3205 3232/3232/3232
f 3185/3185/3185 3233/3233/3233 3232/3232/3232
f 3185/3185/3185 3232/3232/3232 1869/1869/1869
f 1869/1869/1869 3232/3232/3232 1899/1899/1899
f 1869/1869/1869 1899/1899/1899 3204/3204/3204
f 3204/3204/3204 1899/1899/1899 3287/3287/3287
f 3198/3198/3198 3233/3233/3233 3185/3185/3185
f 3184/3184/3184 3198/3198/3198 3185/3185/3185
f 3185/3185/3185 1917/1917/1917 3184/3184/3184
f 1869/1869/1869 1917/1917/1917 3185/3185/3185
f 1869/1869/1869 3199/3199/3199 1917/1917/1917
f 3204/3204/3204 3199/3199/3199 1869/1869/1869
f 3183/3183/3183 3199/3199/3199 3204/3204/3204
f 3286/3286/3286 3199/3199/3199 3183/3183/3183
f 3286/3286/3286 3197/3197/3197 3199/3199/3199
f 3196/3196/3196 3197/3197/3197 3286/3286/3286
f 3196/3196/3196 3231/3231/3231 3197/3197/3197
f 3186/3186/3186 3198/3198/3198 3184/3184/3184
f 3188/3188/3188 3186/3186/3186 3184/3184/3184
f 3188/3188/3188 3184/3184/3184 1916/1916/1916
f 1916/1916/1916 3184/3184/3184 1917/1917/1917
f 1917/1917/1917 3197/3197/3197 1916/1916/1916
f 3199/3199/3199 3197/3197/3197 1917/1917/1917
f 3187/3187/3187 3186/3186/3186 3188/3188/3188
f 3188/3188/3188 3229/3229/3229 3187/3187/3187
f 3221/3221/3221 3229/3229/3229 3188/3188/3188
f 3188/3188/3188 1916/1916/1916 3221/3221/3221
f 3221/3221/3221 1916/1916/1916 3042/3042/3042
f 3197/3197/3197 3042/3042/3042 1916/1916/1916
f 3195/3195/3195 3042/3042/3042 3197/3197/3197
f 3197/3197/3197 3231/3231/3231 3195/3195/3195
f 3231/3231/3231 3220/3220/3220 3195/3195/3195
f 3235/3235/3235 3220/3220/3220 3231/3231/3231
f 3235/3235/3235 3223/3223/3223 3220/3220/3220
f 3222/3222/3222 3223/3223/3223 3235/3235/3235
f 3230/3230/3230 3229/3229/3229 3221/3221/3221
f 3221/3221/3221 3042/3042/3042 3230/3230/3230
f 3230/3230/3230 3042/3042/3042 3043/3043/3043
f 3195/3195/3195 3043/3043/3043 3042/3042/3042
f 3220/3220/3220 3043/3043/3043 3195/3195/3195
f 3220/3220/3220 2389/2389/2389 3043/3043/3043
f 3223/3223/3223 2389/2389/2389 3220/3220/3220
f 3223/3223/3223 1903/1903/1903 2389/2389/2389
f 3165/3165/3165 1903/1903/1903 3223/3223/3223
f 3223/3223/3223 3048/3048/3048 3165/3165/3165
f 3222/3222/3222 3048/3048/3048 3223/3223/3223
f 3228/3228/3228 3229/3229/3229 3230/3230/3230
f 3164/3164/3164 3228/3228/3228 3230/3230/3230
f 3230/3230/3230 3043/3043/3043 3164/3164/3164
f 3164/3164/3164 3043/3043/3043 2389/2389/2389
f 3164/3164/3164 2389/2389/2389 2387/2387/2387
f 2387/2387/2387 2389/2389/2389 1903/1903/1903
f 1902/1902/1902 2387/2387/2387 1903/1903/1903
f 1902/1902/1902 1903/1903/1903 2381/2381/2381
f 2381/2381/2381 1903/1903/1903 3165/3165/3165
f 3165/3165/3165 3046/3046/3046 2381/2381/2381
f 3048/3048/3048 3046/3046/3046 3165/3165/3165
f 3163/3163/3163 3228/3228/3228 3164/3164/3164
f 2387/2387/2387 3163/3163/3163 3164/3164/3164
f 3047/3047/3047 3163/3163/3163 2387/2387/2387
f 2378/2378/2378 3047/3047/3047 2387/2387/2387
f 2378/2378/2378 2387/2387/2387 1902/1902/1902
f 2378/2378/2378 1902/1902/1902 3044/3044/3044
f 3044/3044/3044 1902/1902/1902 1900/1900/1900
f 2381/2381/2381 1900/1900/1900 1902/1902/1902
f 3045/3045/3045 1900/1900/1900 2381/2381/2381
f 2381/2381/2381 2374/2374/2374 3045/3045/3045
f 3046/3046/3046 2374/2374/2374 2381/2381/2381
f 2376/2376/2376 3047/3047/3047 2378/2378/2378
f 3044/3044/3044 2376/2376/2376 2378/2378/2378
f 2388/2388/2388 2376/2376/2376 3044/3044/3044
f 2379/2379/2379 2388/2388/2388 3044/3044/3044
f 3044/3044/3044 1900/1900/1900 2379/2379/2379
f 2379/2379/2379 1900/1900/1900 1898/1898/1898
f 3045/3045/3045 1898/1898/1898 1900/1900/1900
f 2382/2382/2382 1898/1898/1898 3045/3045/3045
f 2374/2374/2374 2382/2382/2382 3045/3045/3045
f 2380/2380/2380 2382/2382/2382 2374/2374/2374
f 2377/2377/2377 2388/2388/2388 2379/2379/2379
f 3052/3052/3052 3091/3091/3091 3092/3092/3092
f 3105/3105/3105 3091/3091/3091 3052/3052/3052
f 3105/3105/3105 3052/3052/3052 3161/3161/3161
f 3161/3161/3161 3052/3052/3052 3162/3162/3162
f 3161/3161/3161 3162/3162/3162 3168/3168/3168
f 3168/3168/3168 3162/3162/3162 3167/3167/3167
f 3169/3169/3169 3168/3168/3168 3167/3167/3167
f 3159/3159/3159 3168/3168/3168 3169/3169/3169
f 3159/3159/3159 3169/3169/3169 3093/3093/3093
f 3093/3093/3093 3169/3169/3169 3095/3095/3095
f 3130/3130/3130 3093/3093/3093 3095/3095/3095
f 3104/3104/3104 3093/3093/3093 3130/3130/3130
f 3837/3837/3837 3114/3114/3114 3124/3124/3124
f 3836/3836/3836 3114/3114/3114 3837/3837/3837
f 3836/3836/3836 3837/3837/3837 3514/3514/3514
f 3514/3514/3514 3837/3837/3837 3512/3512/3512
f 3514/3514/3514 3512/3512/3512 3488/3488/3488
f 3488/3488/3488 3512/3512/3512 3489/3489/3489
f 3488/3488/3488 3489/3489/3489 3503/3503/3503
f 3503/3503/3503 3489/3489/3489 3502/3502/3502
f 3836/3836/3836 3835/3835/3835 3114/3114/3114
f 3835/3835/3835 3836/3836/3836 3515/3515/3515
f 3515/3515/3515 3836/3836/3836 3514/3514/3514
f 3514/3514/3514 3488/3488/3488 3515/3515/3515
f 3515/3515/3515 3488/3488/3488 3516/3516/3516
f 3488/3488/3488 3503/3503/3503 3516/3516/3516
f 3516/3516/3516 3503/3503/3503 3464/3464/3464
f 3503/3503/3503 3501/3501/3501 3464/3464/3464
f 3503/3503/3503 3502/3502/3502 3501/3501/3501
f 3501/3501/3501 3502/3502/3502 3487/3487/3487
f 3114/3114/3114 3835/3835/3835 3094/3094/3094
f 3835/3835/3835 3834/3834/3834 3094/3094/3094
f 3834/3834/3834 3835/3835/3835 3511/3511/3511
f 3511/3511/3511 3835/3835/3835 3515/3515/3515
f 3515/3515/3515 3516/3516/3516 3511/3511/3511
f 3511/3511/3511 3516/3516/3516 3517/3517/3517
f 3516/3516/3516 3464/3464/3464 3517/3517/3517
f 3517/3517/3517 3464/3464/3464 3770/3770/3770
f 3464/3464/3464 3457/3457/3457 3770/3770/3770
f 3464/3464/3464 3762/3762/3762 3457/3457/3457
f 3464/3464/3464 3501/3501/3501 3762/3762/3762
f 3094/3094/3094 3834/3834/3834 3051/3051/3051
f 3834/3834/3834 3096/3096/3096 3051/3051/3051
f 3840/3840/3840 3096/3096/3096 3834/3834/3834
f 3511/3511/3511 3840/3840/3840 3834/3834/3834
f 3533/3533/3533 3840/3840/3840 3511/3511/3511
f 3517/3517/3517 3533/3533/3533 3511/3511/3511
f 3547/3547/3547 3533/3533/3533 3517/3517/3517
f 3517/3517/3517 3770/3770/3770 3547/3547/3547
f 3547/3547/3547 3770/3770/3770 3479/3479/3479
f 3770/3770/3770 3461/3461/3461 3479/3479/3479
f 3770/3770/3770 3457/3457/3457 3461/3461/3461
f 3840/3840/3840 3131/3131/3131 3096/3096/3096
f 3530/3530/3530 3131/3131/3131 3840/3840/3840
f 3840/3840/3840 3518/3518/3518 3530/3530/3530
f 3533/3533/3533 3518/3518/3518 3840/3840/3840
f 3518/3518/3518 3533/3533/3533 3772/3772/3772
f 3772/3772/3772 3533/3533/3533 3547/3547/3547
f 3547/3547/3547 3769/3769/3769 3772/3772/3772
f 3479/3479/3479 3769/3769/3769 3547/3547/3547
f 3769/3769/3769 3479/3479/3479 3771/3771/3771
f 3771/3771/3771 3479/3479/3479 3768/3768/3768
f 3479/3479/3479 3461/3461/3461 3768/3768/3768
f 3530/3530/3530 3090/3090/3090 3131/3131/3131
f 3532/3532/3532 3090/3090/3090 3530/3530/3530
f 3532/3532/3532 3530/3530/3530 3508/3508/3508
f 3508/3508/3508 3530/3530/3530 3518/3518/3518
f 3508/3508/3508 3518/3518/3518 3485/3485/3485
f 3485/3485/3485 3518/3518/3518 3772/3772/3772
f 3485/3485/3485 3772/3772/3772 3796/3796/3796
f 3796/3796/3796 3772/3772/3772 3769/3769/3769
f 3796/3796/3796 3769/3769/3769 3838/3838/3838
f 3838/3838/3838 3769/3769/3769 3771/3771/3771
f 3771/3771/3771 2779/2779/2779 3838/3838/3838
f 3456/3456/3456 2779/2779/2779 3771/3771/3771
f 3455/3455/3455 3456/3456/3456 3771/3771/3771
f 3768/3768/3768 3455/3455/3455 3771/3771/3771
f 2560/2560/2560 3455/3455/3455 3768/3768/3768
f 3839/3839/3839 2560/2560/2560 3768/3768/3768
f 3461/3461/3461 3839/3839/3839 3768/3768/3768
f 3458/3458/3458 3839/3839/3839 3461/3461/3461
f 3458/3458/3458 3461/3461/3461 3462/3462/3462
f 3462/3462/3462 3461/3461/3461 3457/3457/3457
f 3457/3457/3457 2755/2755/2755 3462/3462/3462
f 3457/3457/3457 2751/2751/2751 2755/2755/2755
f 3762/3762/3762 2751/2751/2751 3457/3457/3457
f 3501/3501/3501 2751/2751/2751 3762/3762/3762
f 2753/2753/2753 2751/2751/2751 3501/3501/3501
f 2753/2753/2753 3501/3501/3501 3453/3453/3453
f 3453/3453/3453 3501/3501/3501 3487/3487/3487
f 3454/3454/3454 3453/3453/3453 3487/3487/3487
f 3111/3111/3111 3070/3070/3070 3113/3113/3113
f 3113/3113/3113 3070/3070/3070 3126/3126/3126
f 3079/3079/3079 3126/3126/3126 3070/3070/3070
f 3063/3063/3063 3126/3126/3126 3079/3079/3079
f 3079/3079/3079 3073/3073/3073 3063/3063/3063
f 3053/3053/3053 3073/3073/3073 3079/3079/3079
f 3053/3053/3053 3119/3119/3119 3073/3073/3073
f 3099/3099/3099 3119/3119/3119 3053/3053/3053
f 3126/3126/3126 3085/3085/3085 3113/3113/3113
f 3129/3129/3129 3085/3085/3085 3126/3126/3126
f 3126/3126/3126 3122/3122/3122 3129/3129/3129
f 3063/3063/3063 3122/3122/3122 3126/3126/3126
f 3122/3122/3122 3063/3063/3063 3123/3123/3123
f 3123/3123/3123 3063/3063/3063 3073/3073/3073
f 3119/3119/3119 3123/3123/3123 3073/3073/3073
f 3117/3117/3117 3123/3123/3123 3119/3119/3119
f 3062/3062/3062 3117/3117/3117 3119/3119/3119
f 3119/3119/3119 3099/3099/3099 3062/3062/3062
f 3062/3062/3062 3099/3099/3099 3125/3125/3125
f 3125/3125/3125 3110/3110/3110 3062/3062/3062
f 3129/3129/3129 3068/3068/3068 3085/3085/3085
f 3128/3128/3128 3068/3068/3068 3129/3129/3129
f 3129/3129/3129 3173/3173/3173 3128/3128/3128
f 3122/3122/3122 3173/3173/3173 3129/3129/3129
f 3173/3173/3173 3122/3122/3122 3121/3121/3121
f 3121/3121/3121 3122/3122/3122 3123/3123/3123
f 3117/3117/3117 3121/3121/3121 3123/3123/3123
f 3064/3064/3064 3121/3121/3121 3117/3117/3117
f 3117/3117/3117 3118/3118/3118 3064/3064/3064
f 3118/3118/3118 3117/3117/3117 3062/3062/3062
f 3116/3116/3116 3118/3118/3118 3062/3062/3062
f 3062/3062/3062 3110/3110/3110 3116/3116/3116
f 3115/3115/3115 3116/3116/3116 3110/3110/3110
f 3068/3068/3068 3128/3128/3128 3077/3077/3077
f 3077/3077/3077 3128/3128/3128 3139/3139/3139
f 3128/3128/3128 3074/3074/3074 3139/3139/3139
f 3173/3173/3173 3074/3074/3074 3128/3128/3128
f 3173/3173/3173 3132/3132/3132 3074/3074/3074
f 3121/3121/3121 3132/3132/3132 3173/3173/3173
f 3121/3121/3121 3064/3064/3064 3132/3132/3132
f 3132/3132/3132 3064/3064/3064 3106/3106/3106
f 3075/3075/3075 3106/3106/3106 3064/3064/3064
f 3064/3064/3064 3118/3118/3118 3075/3075/3075
f 3112/3112/3112 3075/3075/3075 3118/3118/3118
f 3112/3112/3112 3118/3118/3118 3116/3116/3116
f 3139/3139/3139 3067/3067/3067 3077/3077/3077
f 3067/3067/3067 3139/3139/3139 3109/3109/3109
f 3109/3109/3109 3139/3139/3139 3166/3166/3166
f 3166/3166/3166 3139/3139/3139 3074/3074/3074
f 3166/3166/3166 3074/3074/3074 3072/3072/3072
f 3072/3072/3072 3074/3074/3074 3132/3132/3132
f 3132/3132/3132 3108/3108/3108 3072/3072/3072
f 3106/3106/3106 3108/3108/3108 3132/3132/3132
f 3059/3059/3059 3108/3108/3108 3106/3106/3106
f 3059/3059/3059 3106/3106/3106 3075/3075/3075
f 3077/3077/3077 3067/3067/3067 3083/3083/3083
f 3103/3103/3103 3108/3108/3108 3059/3059/3059
f 3059/3059/3059 3061/3061/3061 3103/3103/3103
f 3080/3080/3080 3061/3061/3061 3059/3059/3059
f 3080/3080/3080 3059/3059/3059 3069/3069/3069
f 3069/3069/3069 3059/3059/3059 3075/3075/3075
f 3069/3069/3069 3075/3075/3075 3112/3112/3112
f 3069/3069/3069 3112/3112/3112 3084/3084/3084
f 3084/3084/3084 3112/3112/3112 3133/3133/3133
f 3112/3112/3112 3116/3116/3116 3133/3133/3133
f 3061/3061/3061 3080/3080/3080 3066/3066/3066
f 3066/3066/3066 3080/3080/3080 3065/3065/3065
f 3080/3080/3080 3084/3084/3084 3065/3065/3065
f 3069/3069/3069 3084/3084/3084 3080/3080/3080
f 3133/3133/3133 3116/3116/3116 3290/3290/3290
f 3290/3290/3290 3116/3116/3116 3115/3115/3115
f 3097/3097/3097 3178/3178/3178 3098/3098/3098
f 3098/3098/3098 3178/3178/3178 3192/3192/3192
f 3178/3178/3178 3176/3176/3176 3192/3192/3192
f 3192/3192/3192 3176/3176/3176 3174/3174/3174
f 3248/3248/3248 3174/3174/3174 3176/3176/3176
f 3102/3102/3102 3174/3174/3174 3248/3248/3248
f 3177/3177/3177 3102/3102/3102 3248/3248/3248
f 3098/3098/3098 3192/3192/3192 3058/3058/3058
f 3058/3058/3058 3192/3192/3192 3143/3143/3143
f 3192/3192/3192 3190/3190/3190 3143/3143/3143
f 3174/3174/3174 3190/3190/3190 3192/3192/3192
f 3102/3102/3102 3190/3190/3190 3174/3174/3174
f 3378/3378/3378 3190/3190/3190 3102/3102/3102
f 3102/3102/3102 3201/3201/3201 3378/3378/3378
f 3201/3201/3201 3102/3102/3102 3177/3177/3177
f 3141/3141/3141 3201/3201/3201 3177/3177/3177
f 3058/3058/3058 3143/3143/3143 3060/3060/3060
f 3060/3060/3060 3143/3143/3143 3202/3202/3202
f 3202/3202/3202 3143/3143/3143 3194/3194/3194
f 3194/3194/3194 3143/3143/3143 3190/3190/3190
f 3194/3194/3194 3190/3190/3190 3191/3191/3191
f 3191/3191/3191 3190/3190/3190 3378/3378/3378
f 3378/3378/3378 3100/3100/3100 3191/3191/3191
f 3101/3101/3101 3100/3100/3100 3378/3378/3378
f 3378/3378/3378 3201/3201/3201 3101/3101/3101
f 3260/3260/3260 3101/3101/3101 3201/3201/3201
f 3260/3260/3260 3201/3201/3201 3141/3141/3141
f 3060/3060/3060 3202/3202/3202 3082/3082/3082
f 3082/3082/3082 3202/3202/3202 3189/3189/3189
f 3189/3189/3189 3202/3202/3202 3145/3145/3145
f 3145/3145/3145 3202/3202/3202 3194/3194/3194
f 3194/3194/3194 3193/3193/3193 3145/3145/3145
f 3191/3191/3191 3193/3193/3193 3194/3194/3194
f 3193/3193/3193 3191/3191/3191 3225/3225/3225
f 3225/3225/3225 3191/3191/3191 3100/3100/3100
f 3082/3082/3082 3189/3189/3189 3081/3081/3081
f 3081/3081/3081 3189/3189/3189 3180/3180/3180
f 3189/3189/3189 3086/3086/3086 3180/3180/3180
f 3145/3145/3145 3086/3086/3086 3189/3189/3189
f 3145/3145/3145 3054/3054/3054 3086/3086/3086
f 3193/3193/3193 3054/3054/3054 3145/3145/3145
f 3193/3193/3193 3224/3224/3224 3054/3054/3054
f 3225/3225/3225 3224/3224/3224 3193/3193/3193
f 3180/3180/3180 3181/3181/3181 3081/3081/3081
f 3086/3086/3086 3181/3181/3181 3180/3180/3180
f 3179/3179/3179 3181/3181/3181 3086/3086/3086
f 3086/3086/3086 3175/3175/3175 3179/3179/3179
f 3054/3054/3054 3175/3175/3175 3086/3086/3086
f 3054/3054/3054 3219/3219/3219 3175/3175/3175
f 3224/3224/3224 3219/3219/3219 3054/3054/3054
f 3224/3224/3224 3209/3209/3209 3219/3219/3219
f 3213/3213/3213 3209/3209/3209 3224/3224/3224
f 3225/3225/3225 3213/3213/3213 3224/3224/3224
f 3081/3081/3081 3181/3181/3181 3120/3120/3120
f 3120/3120/3120 3181/3181/3181 3127/3127/3127
f 3127/3127/3127 3181/3181/3181 3182/3182/3182
f 3179/3179/3179 3182/3182/3182 3181/3181/3181
f 3203/3203/3203 3182/3182/3182 3179/3179/3179
f 3175/3175/3175 3203/3203/3203 3179/3179/3179
f 3088/3088/3088 3203/3203/3203 3175/3175/3175
f 3219/3219/3219 3088/3088/3088 3175/3175/3175
f 3087/3087/3087 3088/3088/3088 3219/3219/3219
f 3219/3219/3219 3209/3209/3209 3087/3087/3087
f 3087/3087/3087 3209/3209/3209 3146/3146/3146
f 3209/3209/3209 3144/3144/3144 3146/3146/3146
f 3209/3209/3209 3142/3142/3142 3144/3144/3144
f 3213/3213/3213 3142/3142/3142 3209/3209/3209
f 3107/3107/3107 3142/3142/3142 3213/3213/3213
f 3227/3227/3227 3107/3107/3107 3213/3213/3213
f 3227/3227/3227 3213/3213/3213 3225/3225/3225
f 3146/3146/3146 3144/3144/3144 3057/3057/3057
f 3138/3138/3138 3107/3107/3107 3227/3227/3227
f 3212/3212/3212 3138/3138/3138 3227/3227/3227
f 3227/3227/3227 3226/3226/3226 3212/3212/3212
f 3226/3226/3226 3227/3227/3227 3225/3225/3225
f 3100/3100/3100 3226/3226/3226 3225/3225/3225
f 3214/3214/3214 3226/3226/3226 3100/3100/3100
f 3214/3214/3214 3100/3100/3100 3089/3089/3089
f 3089/3089/3089 3100/3100/3100 3101/3101/3101
f 3089/3089/3089 3101/3101/3101 3260/3260/3260
f 3212/3212/3212 3226/3226/3226 3208/3208/3208
f 3226/3226/3226 3214/3214/3214 3208/3208/3208
f 3214/3214/3214 3148/3148/3148 3208/3208/3208
f 3089/3089/3089 3148/3148/3148 3214/3214/3214
f 3089/3089/3089 3140/3140/3140 3148/3148/3148
f 3089/3089/3089 3071/3071/3071 3140/3140/3140
f 3260/3260/3260 3071/3071/3071 3089/3089/3089
f 3260/3260/3260 3076/3076/3076 3071/3071/3071
f 3260/3260/3260 3141/3141/3141 3076/3076/3076
f 3076/3076/3076 3141/3141/3141 3078/3078/3078
f 3211/3211/3211 3216/3216/3216 3210/3210/3210
f 3210/3210/3210 3216/3216/3216 3218/3218/3218
f 3216/3216/3216 3215/3215/3215 3218/3218/3218
f 3218/3218/3218 3215/3215/3215 3217/3217/3217
f 3215/3215/3215 3813/3813/3813 3217/3217/3217
f 3499/3499/3499 3813/3813/3813 3215/3215/3215
f 3499/3499/3499 3727/3727/3727 3813/3813/3813
f 3494/3494/3494 3727/3727/3727 3499/3499/3499
f 3494/3494/3494 3689/3689/3689 3727/3727/3727
f 3490/3490/3490 3689/3689/3689 3494/3494/3494
f 3689/3689/3689 3490/3490/3490 3733/3733/3733
f 3733/3733/3733 3490/3490/3490 3492/3492/3492
f 2850/2850/2850 2844/2844/2844 3404/3404/3404
f 3404/3404/3404 2844/2844/2844 3403/3403/3403
f 2844/2844/2844 1555/1555/1555 3403/3403/3403
f 3403/3403/3403 1555/1555/1555 1556/1556/1556
f 2830/2830/2830 1556/1556/1556 1555/1555/1555
f 3036/3036/3036 1556/1556/1556 2830/2830/2830
f 2830/2830/2830 2973/2973/2973 3036/3036/3036
f 3406/3406/3406 3404/3404/3404 3403/3403/3403
f 1556/1556/1556 3406/3406/3406 3403/3403/3403
f 2848/2848/2848 3406/3406/3406 1556/1556/1556
f 3036/3036/3036 2848/2848/2848 1556/1556/1556
f 2970/2970/2970 2848/2848/2848 3036/3036/3036
f 3036/3036/3036 2843/2843/2843 2970/2970/2970
f 3036/3036/3036 2973/2973/2973 2843/2843/2843
f 2973/2973/2973 2914/2914/2914 2843/2843/2843
f 3405/3405/3405 3404/3404/3404 3406/3406/3406
f 2838/2838/2838 3405/3405/3405 3406/3406/3406
f 2838/2838/2838 3406/3406/3406 2834/2834/2834
f 2834/2834/2834 3406/3406/3406 2848/2848/2848
f 2848/2848/2848 3399/3399/3399 2834/2834/2834
f 2970/2970/2970 3399/3399/3399 2848/2848/2848
f 2970/2970/2970 3398/3398/3398 3399/3399/3399
f 2828/2828/2828 3398/3398/3398 2970/2970/2970
f 2970/2970/2970 2843/2843/2843 2828/2828/2828
f 2839/2839/2839 3405/3405/3405 2838/2838/2838
f 2838/2838/2838 2831/2831/2831 2839/2839/2839
f 2841/2841/2841 2831/2831/2831 2838/2838/2838
f 2838/2838/2838 2834/2834/2834 2841/2841/2841
f 2834/2834/2834 3407/3407/3407 2841/2841/2841
f 3399/3399/3399 3407/3407/3407 2834/2834/2834
f 3407/3407/3407 3399/3399/3399 3408/3408/3408
f 3408/3408/3408 3399/3399/3399 3398/3398/3398
f 3156/3156/3156 3408/3408/3408 3398/3398/3398
f 2842/2842/2842 3156/3156/3156 3398/3398/3398
f 2842/2842/2842 3398/3398/3398 2828/2828/2828
f 2839/2839/2839 2831/2831/2831 2840/2840/2840
f 2831/2831/2831 3395/3395/3395 2840/2840/2840
f 2831/2831/2831 2974/2974/2974 3395/3395/3395
f 2974/2974/2974 2831/2831/2831 2841/2841/2841
f 3407/3407/3407 2974/2974/2974 2841/2841/2841
f 3421/3421/3421 2974/2974/2974 3407/3407/3407
f 3421/3421/3421 3407/3407/3407 3412/3412/3412
f 3412/3412/3412 3407/3407/3407 3408/3408/3408
f 3408/3408/3408 3149/3149/3149 3412/3412/3412
f 3149/3149/3149 3408/3408/3408 3156/3156/3156
f 2840/2840/2840 3395/3395/3395 3394/3394/3394
f 3395/3395/3395 3393/3393/3393 3394/3394/3394
f 3402/3402/3402 3393/3393/3393 3395/3395/3395
f 3397/3397/3397 3402/3402/3402 3395/3395/3395
f 3395/3395/3395 2974/2974/2974 3397/3397/3397
f 2974/2974/2974 3422/3422/3422 3397/3397/3397
f 3421/3421/3421 3422/3422/3422 2974/2974/2974
f 3421/3421/3421 3423/3423/3423 3422/3422/3422
f 3421/3421/3421 3411/3411/3411 3423/3423/3423
f 3412/3412/3412 3411/3411/3411 3421/3421/3421
f 3412/3412/3412 3151/3151/3151 3411/3411/3411
f 3412/3412/3412 3149/3149/3149 3151/3151/3151
f 3402/3402/3402 3401/3401/3401 3393/3393/3393
f 3400/3400/3400 3401/3401/3401 3402/3402/3402
f 3402/3402/3402 3410/3410/3410 3400/3400/3400
f 3410/3410/3410 3402/3402/3402 3397/3397/3397
f 3397/3397/3397 3422/3422/3422 3410/3410/3410
f 3410/3410/3410 3422/3422/3422 3432/3432/3432
f 3432/3432/3432 3422/3422/3422 3431/3431/3431
f 3431/3431/3431 3422/3422/3422 3424/3424/3424
f 3422/3422/3422 3423/3423/3423 3424/3424/3424
f 3400/3400/3400 3525/3525/3525 3401/3401/3401
f 3573/3573/3573 3525/3525/3525 3400/3400/3400
f 3409/3409/3409 3573/3573/3573 3400/3400/3400
f 3400/3400/3400 3410/3410/3410 3409/3409/3409
f 3410/3410/3410 3432/3432/3432 3409/3409/3409
f 3409/3409/3409 3432/3432/3432 3430/3430/3430
f 3430/3430/3430 3432/3432/3432 3429/3429/3429
f 3429/3429/3429 3432/3432/3432 3431/3431/3431
f 3433/3433/3433 3429/3429/3429 3431/3431/3431
f 3431/3431/3431 3424/3424/3424 3433/3433/3433
f 3433/3433/3433 3424/3424/3424 3416/3416/3416
f 3416/3416/3416 3424/3424/3424 3423/3423/3423
f 3573/3573/3573 3534/3534/3534 3525/3525/3525
f 3573/3573/3573 3476/3476/3476 3534/3534/3534
f 3477/3477/3477 3476/3476/3476 3573/3573/3573
f 3477/3477/3477 3573/3573/3573 3409/3409/3409
f 3409/3409/3409 3430/3430/3430 3477/3477/3477
f 3477/3477/3477 3430/3430/3430 3790/3790/3790
f 3430/3430/3430 3429/3429/3429 3790/3790/3790
f 3790/3790/3790 3429/3429/3429 3474/3474/3474
f 3429/3429/3429 3434/3434/3434 3474/3474/3474
f 3434/3434/3434 3429/3429/3429 3433/3433/3433
f 3525/3525/3525 3534/3534/3534 3527/3527/3527
f 3528/3528/3528 3527/3527/3527 3534/3534/3534
f 3528/3528/3528 3534/3534/3534 3526/3526/3526
f 3526/3526/3526 3534/3534/3534 3476/3476/3476
f 3526/3526/3526 3476/3476/3476 3523/3523/3523
f 3523/3523/3523 3476/3476/3476 3471/3471/3471
f 3476/3476/3476 3477/3477/3477 3471/3471/3471
f 3471/3471/3471 3477/3477/3477 3790/3790/3790
f 3790/3790/3790 3472/3472/3472 3471/3471/3471
f 3474/3474/3474 3472/3472/3472 3790/3790/3790
f 3595/3595/3595 3527/3527/3527 3528/3528/3528
f 3528/3528/3528 3576/3576/3576 3595/3595/3595
f 3576/3576/3576 3528/3528/3528 3524/3524/3524
f 3524/3524/3524 3528/3528/3528 3526/3526/3526
f 3526/3526/3526 3523/3523/3523 3524/3524/3524
f 3524/3524/3524 3523/3523/3523 3460/3460/3460
f 3523/3523/3523 3469/3469/3469 3460/3460/3460
f 3468/3468/3468 3469/3469/3469 3523/3523/3523
f 3471/3471/3471 3468/3468/3468 3523/3523/3523
f 3472/3472/3472 3468/3468/3468 3471/3471/3471
f 3595/3595/3595 3576/3576/3576 3594/3594/3594
f 3594/3594/3594 3576/3576/3576 3667/3667/3667
f 3667/3667/3667 3576/3576/3576 3715/3715/3715
f 3715/3715/3715 3576/3576/3576 3683/3683/3683
f 3683/3683/3683 3576/3576/3576 3524/3524/3524
f 3524/3524/3524 3460/3460/3460 3683/3683/3683
f 3683/3683/3683 3460/3460/3460 3467/3467/3467
f 3460/3460/3460 3466/3466/3466 3467/3467/3467
f 3469/3469/3469 3466/3466/3466 3460/3460/3460
f 3466/3466/3466 3469/3469/3469 3496/3496/3496
f 3469/3469/3469 3468/3468/3468 3496/3496/3496
f 3496/3496/3496 3468/3468/3468 3473/3473/3473
f 3468/3468/3468 3472/3472/3472 3473/3473/3473
f 3715/3715/3715 3671/3671/3671 3667/3667/3667
f 3690/3690/3690 3671/3671/3671 3715/3715/3715
f 3690/3690/3690 3715/3715/3715 3729/3729/3729
f 3729/3729/3729 3715/3715/3715 3683/3683/3683
f 3729/3729/3729 3683/3683/3683 3486/3486/3486
f 3486/3486/3486 3683/3683/3683 3467/3467/3467
f 3459/3459/3459 3486/3486/3486 3467/3467/3467
f 3467/3467/3467 3506/3506/3506 3459/3459/3459
f 3466/3466/3466 3506/3506/3506 3467/3467/3467
f 3506/3506/3506 3466/3466/3466 3497/3497/3497
f 3497/3497/3497 3466/3466/3466 3496/3496/3496
f 3690/3690/3690 3574/3574/3574 3671/3671/3671
f 3537/3537/3537 3574/3574/3574 3690/3690/3690
f 3690/3690/3690 3716/3716/3716 3537/3537/3537
f 3690/3690/3690 3729/3729/3729 3716/3716/3716
f 3729/3729/3729 3486/3486/3486 3716/3716/3716
f 3716/3716/3716 3486/3486/3486 3510/3510/3510
f 3486/3486/3486 3498/3498/3498 3510/3510/3510
f 3498/3498/3498 3486/3486/3486 3459/3459/3459
f 3459/3459/3459 3172/3172/3172 3498/3498/3498
f 3157/3157/3157 3172/3172/3172 3459/3459/3459
f 3506/3506/3506 3157/3157/3157 3459/3459/3459
f 3574/3574/3574 3537/3537/3537 3529/3529/3529
f 3529/3529/3529 3537/3537/3537 3575/3575/3575
f 3537/3537/3537 1548/1548/1548 3575/3575/3575
f 3684/3684/3684 1548/1548/1548 3537/3537/3537
f 3537/3537/3537 3716/3716/3716 3684/3684/3684
f 3716/3716/3716 3510/3510/3510 3684/3684/3684
f 3684/3684/3684 3510/3510/3510 3507/3507/3507
f 3481/3481/3481 3507/3507/3507 3510/3510/3510
f 3510/3510/3510 3498/3498/3498 3481/3481/3481
f 3160/3160/3160 3481/3481/3481 3498/3498/3498
f 3498/3498/3498 3172/3172/3172 3160/3160/3160
f 3562/3562/3562 3529/3529/3529 3575/3575/3575
f 3575/3575/3575 1557/1557/1557 3562/3562/3562
f 1548/1548/1548 1557/1557/1557 3575/3575/3575
f 1548/1548/1548 3521/3521/3521 1557/1557/1557
f 3555/3555/3555 3521/3521/3521 1548/1548/1548
f 3684/3684/3684 3555/3555/3555 1548/1548/1548
f 3507/3507/3507 3555/3555/3555 3684/3684/3684
f 3507/3507/3507 3853/3853/3853 3555/3555/3555
f 3478/3478/3478 3853/3853/3853 3507/3507/3507
f 3478/3478/3478 3507/3507/3507 3481/3481/3481
f 3713/3713/3713 3529/3529/3529 3562/3562/3562
f 3555/3555/3555 3519/3519/3519 3521/3521/3521
f 3853/3853/3853 3519/3519/3519 3555/3555/3555
f 3853/3853/3853 3621/3621/3621 3519/3519/3519
f 3631/3631/3631 3621/3621/3621 3853/3853/3853
f 3853/3853/3853 3613/3613/3613 3631/3631/3631
f 3478/3478/3478 3613/3613/3613 3853/3853/3853
f 3478/3478/3478 3550/3550/3550 3613/3613/3613
f 3481/3481/3481 3550/3550/3550 3478/3478/3478
f 3150/3150/3150 3550/3550/3550 3481/3481/3481
f 3150/3150/3150 3481/3481/3481 3160/3160/3160
f 3631/3631/3631 3780/3780/3780 3621/3621/3621
f 3631/3631/3631 3552/3552/3552 3780/3780/3780
f 3613/3613/3613 3552/3552/3552 3631/3631/3631
f 3613/3613/3613 3522/3522/3522 3552/3552/3552
f 3549/3549/3549 3522/3522/3522 3613/3613/3613
f 3613/3613/3613 3550/3550/3550 3549/3549/3549
f 3621/3621/3621 3780/3780/3780 3781/3781/3781
f 3782/3782/3782 3781/3781/3781 3780/3780/3780
f 3552/3552/3552 3782/3782/3782 3780/3780/3780
f 3623/3623/3623 3782/3782/3782 3552/3552/3552
f 3552/3552/3552 3522/3522/3522 3623/3623/3623
f 3623/3623/3623 3522/3522/3522 3779/3779/3779
f 3615/3615/3615 3623/3623/3623 3779/3779/3779
f 3779/3779/3779 3606/3606/3606 3615/3615/3615
f 3616/3616/3616 3606/3606/3606 3779/3779/3779
f 3696/3696/3696 3781/3781/3781 3782/3782/3782
f 3620/3620/3620 3696/3696/3696 3782/3782/3782
f 3620/3620/3620 3782/3782/3782 3615/3615/3615
f 3615/3615/3615 3782/3782/3782 3623/3623/3623
f 3618/3618/3618 3696/3696/3696 3620/3620/3620
f 3619/3619/3619 3618/3618/3618 3620/3620/3620
f 3620/3620/3620 3612/3612/3612 3619/3619/3619
f 3615/3615/3615 3612/3612/3612 3620/3620/3620
f 3615/3615/3615 3854/3854/3854 3612/3612/3612
f 3606/3606/3606 3854/3854/3854 3615/3615/3615
f 3605/3605/3605 3854/3854/3854 3606/3606/3606
f 3616/3616/3616 3605/3605/3605 3606/3606/3606
f 3625/3625/3625 3605/3605/3605 3616/3616/3616
f 3605/3605/3605 3625/3625/3625 3598/3598/3598
f 3598/3598/3598 3625/3625/3625 3626/3626/3626
f 3614/3614/3614 3618/3618/3618 3619/3619/3619
f 3626/3626/3626 3596/3596/3596 3598/3598/3598
f 3596/3596/3596 3597/3597/3597 3598/3598/3598
f 3598/3598/3598 3597/3597/3597 3599/3599/3599
f 3597/3597/3597 3505/3505/3505 3599/3599/3599
f 3630/3630/3630 3505/3505/3505 3597/3597/3597
f 3505/3505/3505 3630/3630/3630 3500/3500/3500
f 3500/3500/3500 3630/3630/3630 3463/3463/3463
f 3463/3463/3463 3497/3497/3497 3500/3500/3500
f 3463/3463/3463 3646/3646/3646 3497/3497/3497
f 3599/3599/3599 3856/3856/3856 3598/3598/3598
f 3480/3480/3480 3856/3856/3856 3599/3599/3599
f 3480/3480/3480 3599/3599/3599 3509/3509/3509
f 3509/3509/3509 3599/3599/3599 3505/3505/3505
f 3509/3509/3509 3505/3505/3505 3775/3775/3775
f 3775/3775/3775 3505/3505/3505 3500/3500/3500
f 3775/3775/3775 3500/3500/3500 3765/3765/3765
f 3765/3765/3765 3500/3500/3500 3483/3483/3483
f 3500/3500/3500 3497/3497/3497 3483/3483/3483
f 3497/3497/3497 3496/3496/3496 3483/3483/3483
f 3598/3598/3598 3856/3856/3856 3605/3605/3605
f 3605/3605/3605 3856/3856/3856 3855/3855/3855
f 3855/3855/3855 3854/3854/3854 3605/3605/3605
f 3483/3483/3483 3496/3496/3496 3473/3473/3473
f 3475/3475/3475 3483/3483/3483 3473/3473/3473
f 3473/3473/3473 3472/3472/3472 3475/3475/3475
f 3474/3474/3474 3475/3475/3475 3472/3472/3472
f 3484/3484/3484 3475/3475/3475 3474/3474/3474
f 3474/3474/3474 3434/3434/3434 3484/3484/3484
f 3765/3765/3765 3483/3483/3483 3475/3475/3475
f 3765/3765/3765 3475/3475/3475 3763/3763/3763
f 3763/3763/3763 3475/3475/3475 3484/3484/3484
f 3484/3484/3484 3434/3434/3434 3763/3763/3763
f 3763/3763/3763 3434/3434/3434 3428/3428/3428
f 3434/3434/3434 3413/3413/3413 3428/3428/3428
f 3433/3433/3433 3413/3413/3413 3434/3434/3434
f 3433/3433/3433 3416/3416/3416 3413/3413/3413
f 3413/3413/3413 3416/3416/3416 3414/3414/3414
f 3416/3416/3416 3423/3423/3423 3414/3414/3414
f 3763/3763/3763 3766/3766/3766 3765/3765/3765
f 3428/3428/3428 3766/3766/3766 3763/3763/3763
f 3425/3425/3425 3766/3766/3766 3428/3428/3428
f 3428/3428/3428 3415/3415/3415 3425/3425/3425
f 3413/3413/3413 3415/3415/3415 3428/3428/3428
f 3765/3765/3765 3766/3766/3766 3775/3775/3775
f 3775/3775/3775 3766/3766/3766 3509/3509/3509
f 3509/3509/3509 3766/3766/3766 3622/3622/3622
f 3622/3622/3622 3766/3766/3766 3417/3417/3417
f 3417/3417/3417 3766/3766/3766 3425/3425/3425
f 3425/3425/3425 3418/3418/3418 3417/3417/3417
f 3415/3415/3415 3418/3418/3418 3425/3425/3425
f 3509/3509/3509 3622/3622/3622 3482/3482/3482
f 3482/3482/3482 3622/3622/3622 3668/3668/3668
f 3668/3668/3668 3622/3622/3622 3419/3419/3419
f 3419/3419/3419 3622/3622/3622 3417/3417/3417
f 3420/3420/3420 3419/3419/3419 3417/3417/3417
f 3417/3417/3417 3396/3396/3396 3420/3420/3420
f 3418/3418/3418 3396/3396/3396 3417/3417/3417
f 3509/3509/3509 3482/3482/3482 3480/3480/3480
f 3396/3396/3396 2926/2926/2926 3420/3420/3420
f 3383/3383/3383 2926/2926/2926 3396/3396/3396
f 3384/3384/3384 3383/3383/3383 3396/3396/3396
f 3385/3385/3385 3383/3383/3383 3384/3384/3384
f 3385/3385/3385 3386/3386/3386 3383/3383/3383
f 3386/3386/3386 3387/3387/3387 3383/3383/3383
f 3388/3388/3388 2926/2926/2926 3383/3383/3383
f 3383/3383/3383 3387/3387/3387 3388/3388/3388
f 3388/3388/3388 3387/3387/3387 3389/3389/3389
f 3389/3389/3389 3387/3387/3387 3390/3390/3390
f 3392/3392/3392 3389/3389/3389 3390/3390/3390
f 3391/3391/3391 3389/3389/3389 3392/3392/3392
f 3392/3392/3392 2829/2829/2829 3391/3391/3391
f 2829/2829/2829 2975/2975/2975 3391/3391/3391
f 2924/2924/2924 2926/2926/2926 3388/3388/3388
f 2916/2916/2916 2924/2924/2924 3388/3388/3388
f 3389/3389/3389 2916/2916/2916 3388/3388/3388
f 3391/3391/3391 2916/2916/2916 3389/3389/3389
f 2925/2925/2925 2916/2916/2916 3391/3391/3391
f 3382/3382/3382 2925/2925/2925 3391/3391/3391
f 3391/3391/3391 2975/2975/2975 3382/3382/3382
f 2975/2975/2975 3377/3377/3377 3382/3382/3382
f 2975/2975/2975 2837/2837/2837 3377/3377/3377
f 2836/2836/2836 2837/2837/2837 2975/2975/2975
f 2837/2837/2837 2836/2836/2836 2914/2914/2914
f 2914/2914/2914 2836/2836/2836 2972/2972/2972
f 2843/2843/2843 2914/2914/2914 2972/2972/2972
f 3381/3381/3381 2925/2925/2925 3382/3382/3382
f 3382/3382/3382 3379/3379/3379 3381/3381/3381
f 3382/3382/3382 3377/3377/3377 3379/3379/3379
f 3381/3381/3381 3379/3379/3379 3380/3380/3380
f 3414/3414/3414 3423/3423/3423 3411/3411/3411
f 3411/3411/3411 2851/2851/2851 3414/3414/3414
f 3151/3151/3151 2851/2851/2851 3411/3411/3411
f 3646/3646/3646 3506/3506/3506 3497/3497/3497
f 3646/3646/3646 3157/3157/3157 3506/3506/3506
f 3961/3961/3961 3947/3947/3947 3952/3952/3952
f 3973/3973/3973 3947/3947/3947 3961/3961/3961
f 3949/3949/3949 3973/3973/3973 3961/3961/3961
f 3979/3979/3979 3973/3973/3973 3949/3949/3949
f 3979/3979/3979 3949/3949/3949 3967/3967/3967
f 3967/3967/3967 3949/3949/3949 3962/3962/3962
f 3957/3957/3957 3962/3962/3962 3949/3949/3949
f 3969/3969/3969 3962/3962/3962 3957/3957/3957
f 3921/3921/3921 3947/3947/3947 3973/3973/3973
f 3972/3972/3972 3921/3921/3921 3973/3973/3973
f 3973/3973/3973 3979/3979/3979 3972/3972/3972
f 3972/3972/3972 3979/3979/3979 3978/3978/3978
f 3979/3979/3979 3967/3967/3967 3978/3978/3978
f 3978/3978/3978 3967/3967/3967 3980/3980/3980
f 3967/3967/3967 3970/3970/3970 3980/3980/3980
f 3967/3967/3967 3962/3962/3962 3970/3970/3970
f 3869/3869/3869 3947/3947/3947 3921/3921/3921
f 3869/3869/3869 3921/3921/3921 3903/3903/3903
f 3903/3903/3903 3921/3921/3921 3920/3920/3920
f 3920/3920/3920 3921/3921/3921 3972/3972/3972
f 3920/3920/3920 3972/3972/3972 3879/3879/3879
f 3879/3879/3879 3972/3972/3972 3876/3876/3876
f 3876/3876/3876 3972/3972/3972 3882/3882/3882
f 3882/3882/3882 3972/3972/3972 3978/3978/3978
f 3903/3903/3903 3920/3920/3920 3859/3859/3859
f 3859/3859/3859 3920/3920/3920 3910/3910/3910
f 3910/3910/3910 3920/3920/3920 3858/3858/3858
f 3858/3858/3858 3920/3920/3920 3879/3879/3879
f 3858/3858/3858 3879/3879/3879 3867/3867/3867
f 3867/3867/3867 3879/3879/3879 3878/3878/3878
f 3879/3879/3879 3876/3876/3876 3878/3878/3878
f 3878/3878/3878 3876/3876/3876 3906/3906/3906
f 3880/3880/3880 3906/3906/3906 3876/3876/3876
f 3882/3882/3882 3880/3880/3880 3876/3876/3876
f 3910/3910/3910 3894/3894/3894 3859/3859/3859
f 3860/3860/3860 3894/3894/3894 3910/3910/3910
f 3860/3860/3860 3910/3910/3910 3862/3862/3862
f 3862/3862/3862 3910/3910/3910 3858/3858/3858
f 3858/3858/3858 3867/3867/3867 3862/3862/3862
f 3862/3862/3862 3867/3867/3867 3865/3865/3865
f 3901/3901/3901 3865/3865/3865 3867/3867/3867
f 3867/3867/3867 3878/3878/3878 3901/3901/3901
f 3901/3901/3901 3878/3878/3878 3905/3905/3905
f 3878/3878/3878 3906/3906/3906 3905/3905/3905
f 3859/3859/3859 3894/3894/3894 3892/3892/3892
f 3894/3894/3894 3976/3976/3976 3892/3892/3892
f 3891/3891/3891 3976/3976/3976 3894/3894/3894
f 3891/3891/3891 3894/3894/3894 3890/3890/3890
f 3890/3890/3890 3894/3894/3894 3860/3860/3860
f 3890/3890/3890 3860/3860/3860 3900/3900/3900
f 3900/3900/3900 3860/3860/3860 3866/3866/3866
f 3862/3862/3862 3866/3866/3866 3860/3860/3860
f 3862/3862/3862 3899/3899/3899 3866/3866/3866
f 3865/3865/3865 3899/3899/3899 3862/3862/3862
f 3864/3864/3864 3899/3899/3899 3865/3865/3865
f 3864/3864/3864 3865/3865/3865 3901/3901/3901
f 3873/3873/3873 3976/3976/3976 3891/3891/3891
f 3891/3891/3891 3888/3888/3888 3873/3873/3873
f 3888/3888/3888 3891/3891/3891 3861/3861/3861
f 3861/3861/3861 3891/3891/3891 3890/3890/3890
f 3890/3890/3890 3895/3895/3895 3861/3861/3861
f 3900/3900/3900 3895/3895/3895 3890/3890/3890
f 3902/3902/3902 3895/3895/3895 3900/3900/3900
f 3902/3902/3902 3900/3900/3900 3866/3866/3866
f 3866/3866/3866 3899/3899/3899 3902/3902/3902
f 3873/3873/3873 3974/3974/3974 3976/3976/3976
f 3886/3886/3886 3974/3974/3974 3873/3873/3873
f 3873/3873/3873 3908/3908/3908 3886/3886/3886
f 3907/3907/3907 3908/3908/3908 3873/3873/3873
f 3873/3873/3873 3888/3888/3888 3907/3907/3907
f 3888/3888/3888 3875/3875/3875 3907/3907/3907
f 3875/3875/3875 3888/3888/3888 3897/3897/3897
f 3897/3897/3897 3888/3888/3888 3861/3861/3861
f 3861/3861/3861 3895/3895/3895 3897/3897/3897
f 3974/3974/3974 3977/3977/3977 3976/3976/3976
f 3975/3975/3975 3977/3977/3977 3974/3974/3974
f 3872/3872/3872 3974/3974/3974 3886/3886/3886
f 3872/3872/3872 3886/3886/3886 3912/3912/3912
f 3912/3912/3912 3886/3886/3886 3908/3908/3908
f 3908/3908/3908 3911/3911/3911 3912/3912/3912
f 3911/3911/3911 3908/3908/3908 3884/3884/3884
f 3884/3884/3884 3908/3908/3908 3907/3907/3907
f 3907/3907/3907 3875/3875/3875 3884/3884/3884
f 4070/4070/4070 3884/3884/3884 3875/3875/3875
f 4070/4070/4070 3875/3875/3875 3874/3874/3874
f 3874/3874/3874 3875/3875/3875 3897/3897/3897
f 3897/3897/3897 3863/3863/3863 3874/3874/3874
f 3896/3896/3896 3863/3863/3863 3897/3897/3897
f 3897/3897/3897 3895/3895/3895 3896/3896/3896
f 3912/3912/3912 3911/3911/3911 3909/3909/3909
f 3911/3911/3911 3959/3959/3959 3909/3909/3909
f 3959/3959/3959 3911/3911/3911 3885/3885/3885
f 3885/3885/3885 3911/3911/3911 3884/3884/3884
f 4069/4069/4069 3885/3885/3885 3884/3884/3884
f 4069/4069/4069 3884/3884/3884 4070/4070/4070
f 4070/4070/4070 4049/4049/4049 4069/4069/4069
f 3874/3874/3874 4049/4049/4049 4070/4070/4070
f 3887/3887/3887 4049/4049/4049 3874/3874/3874
f 3863/3863/3863 3887/3887/3887 3874/3874/3874
f 3909/3909/3909 3959/3959/3959 3922/3922/3922
f 3959/3959/3959 3965/3965/3965 3922/3922/3922
f 3965/3965/3965 3959/3959/3959 3985/3985/3985
f 3985/3985/3985 3959/3959/3959 3885/3885/3885
f 3985/3985/3985 3885/3885/3885 3983/3983/3983
f 3983/3983/3983 3885/3885/3885 4069/4069/4069
f 4069/4069/4069 4050/4050/4050 3983/3983/3983
f 4069/4069/4069 4049/4049/4049 4050/4050/4050
f 3922/3922/3922 3965/3965/3965 3958/3958/3958
f 3965/3965/3965 3966/3966/3966 3958/3958/3958
f 3965/3965/3965 3985/3985/3985 3966/3966/3966
f 3966/3966/3966 3985/3985/3985 3964/3964/3964
f 3964/3964/3964 3985/3985/3985 3984/3984/3984
f 3984/3984/3984 3985/3985/3985 3983/3983/3983
f 3983/3983/3983 4050/4050/4050 3984/3984/3984
f 4050/4050/4050 3832/3832/3832 3984/3984/3984
f 3868/3868/3868 3832/3832/3832 4050/4050/4050
f 4050/4050/4050 4049/4049/4049 3868/3868/3868
f 3958/3958/3958 3966/3966/3966 3956/3956/3956
f 3956/3956/3956 3966/3966/3966 3824/3824/3824
f 3824/3824/3824 3966/3966/3966 3833/3833/3833
f 3966/3966/3966 3857/3857/3857 3833/3833/3833
f 3964/3964/3964 3857/3857/3857 3966/3966/3966
f 3964/3964/3964 3984/3984/3984 3857/3857/3857
f 3857/3857/3857 3984/3984/3984 3832/3832/3832
f 3857/3857/3857 3832/3832/3832 3584/3584/3584
f 3832/3832/3832 3868/3868/3868 3584/3584/3584
f 3584/3584/3584 3868/3868/3868 3582/3582/3582
f 3868/3868/3868 3870/3870/3870 3582/3582/3582
f 3868/3868/3868 4049/4049/4049 3870/3870/3870
f 3633/3633/3633 3956/3956/3956 3824/3824/3824
f 3633/3633/3633 3824/3824/3824 3663/3663/3663
f 3663/3663/3663 3824/3824/3824 3603/3603/3603
f 3833/3833/3833 3603/3603/3603 3824/3824/3824
f 3601/3601/3601 3603/3603/3603 3833/3833/3833
f 3857/3857/3857 3601/3601/3601 3833/3833/3833
f 3584/3584/3584 3601/3601/3601 3857/3857/3857
f 3584/3584/3584 3692/3692/3692 3601/3601/3601
f 3582/3582/3582 3692/3692/3692 3584/3584/3584
f 3641/3641/3641 3956/3956/3956 3633/3633/3633
f 3635/3635/3635 3641/3641/3641 3633/3633/3633
f 3633/3633/3633 3702/3702/3702 3635/3635/3635
f 3663/3663/3663 3702/3702/3702 3633/3633/3633
f 3663/3663/3663 3704/3704/3704 3702/3702/3702
f 3664/3664/3664 3704/3704/3704 3663/3663/3663
f 3603/3603/3603 3664/3664/3664 3663/3663/3663
f 3589/3589/3589 3664/3664/3664 3603/3603/3603
f 3601/3601/3601 3589/3589/3589 3603/3603/3603
f 3692/3692/3692 3589/3589/3589 3601/3601/3601
f 2544/2544/2544 3956/3956/3956 3641/3641/3641
f 2544/2544/2544 3641/3641/3641 2542/2542/2542
f 2542/2542/2542 3641/3641/3641 3706/3706/3706
f 3706/3706/3706 3641/3641/3641 3635/3635/3635
f 3554/3554/3554 3706/3706/3706 3635/3635/3635
f 3635/3635/3635 3565/3565/3565 3554/3554/3554
f 3635/3635/3635 3647/3647/3647 3565/3565/3565
f 3702/3702/3702 3647/3647/3647 3635/3635/3635
f 2033/2033/2033 3956/3956/3956 2544/2544/2544
f 2728/2728/2728 2033/2033/2033 2544/2544/2544
f 2544/2544/2544 2730/2730/2730 2728/2728/2728
f 2542/2542/2542 2730/2730/2730 2544/2544/2544
f 2542/2542/2542 2750/2750/2750 2730/2730/2730
f 2570/2570/2570 2750/2750/2750 2542/2542/2542
f 2583/2583/2583 2570/2570/2570 2542/2542/2542
f 2542/2542/2542 3706/3706/3706 2583/2583/2583
f 2583/2583/2583 3706/3706/3706 3666/3666/3666
f 3666/3666/3666 3706/3706/3706 3554/3554/3554
f 2574/2574/2574 2033/2033/2033 2728/2728/2728
f 2728/2728/2728 2564/2564/2564 2574/2574/2574
f 2728/2728/2728 2030/2030/2030 2564/2564/2564
f 2730/2730/2730 2030/2030/2030 2728/2728/2728
f 2730/2730/2730 2050/2050/2050 2030/2030/2030
f 2750/2750/2750 2050/2050/2050 2730/2730/2730
f 2671/2671/2671 2050/2050/2050 2750/2750/2750
f 2671/2671/2671 2750/2750/2750 2696/2696/2696
f 2696/2696/2696 2750/2750/2750 2570/2570/2570
f 2574/2574/2574 2564/2564/2564 2556/2556/2556
f 2556/2556/2556 2564/2564/2564 2553/2553/2553
f 2564/2564/2564 2757/2757/2757 2553/2553/2553
f 2030/2030/2030 2757/2757/2757 2564/2564/2564
f 2030/2030/2030 2604/2604/2604 2757/2757/2757
f 2050/2050/2050 2604/2604/2604 2030/2030/2030
f 2050/2050/2050 2659/2659/2659 2604/2604/2604
f 2659/2659/2659 2050/2050/2050 2671/2671/2671
f 2671/2671/2671 2672/2672/2672 2659/2659/2659
f 2670/2670/2670 2672/2672/2672 2671/2671/2671
f 2696/2696/2696 2670/2670/2670 2671/2671/2671
f 2556/2556/2556 2553/2553/2553 2554/2554/2554
f 2554/2554/2554 2553/2553/2553 2704/2704/2704
f 2553/2553/2553 2757/2757/2757 2704/2704/2704
f 2704/2704/2704 2757/2757/2757 2582/2582/2582
f 2582/2582/2582 2757/2757/2757 2601/2601/2601
f 2601/2601/2601 2757/2757/2757 2604/2604/2604
f 2604/2604/2604 2588/2588/2588 2601/2601/2601
f 2604/2604/2604 2659/2659/2659 2588/2588/2588
f 2659/2659/2659 2660/2660/2660 2588/2588/2588
f 2672/2672/2672 2660/2660/2660 2659/2659/2659
f 2660/2660/2660 2672/2672/2672 2489/2489/2489
f 2672/2672/2672 2670/2670/2670 2489/2489/2489
f 2489/2489/2489 2670/2670/2670 2697/2697/2697
f 2697/2697/2697 2670/2670/2670 2696/2696/2696
f 2582/2582/2582 2575/2575/2575 2704/2704/2704
f 2582/2582/2582 2558/2558/2558 2575/2575/2575
f 2558/2558/2558 2582/2582/2582 2669/2669/2669
f 2669/2669/2669 2582/2582/2582 2601/2601/2601
f 2586/2586/2586 2669/2669/2669 2601/2601/2601
f 2601/2601/2601 2588/2588/2588 2586/2586/2586
f 2660/2660/2660 2586/2586/2586 2588/2588/2588
f 2694/2694/2694 2586/2586/2586 2660/2660/2660
f 2694/2694/2694 2660/2660/2660 2489/2489/2489
f 2575/2575/2575 2558/2558/2558 2561/2561/2561
f 2558/2558/2558 3452/3452/3452 2561/2561/2561
f 3452/3452/3452 2558/2558/2558 2602/2602/2602
f 2602/2602/2602 2558/2558/2558 2669/2669/2669
f 2579/2579/2579 2602/2602/2602 2669/2669/2669
f 2579/2579/2579 2669/2669/2669 2586/2586/2586
f 2694/2694/2694 2579/2579/2579 2586/2586/2586
f 2694/2694/2694 2572/2572/2572 2579/2579/2579
f 2580/2580/2580 2572/2572/2572 2694/2694/2694
f 2694/2694/2694 2489/2489/2489 2580/2580/2580
f 2561/2561/2561 3452/3452/3452 2756/2756/2756
f 3452/3452/3452 2752/2752/2752 2756/2756/2756
f 2589/2589/2589 2752/2752/2752 3452/3452/3452
f 2602/2602/2602 2589/2589/2589 3452/3452/3452
f 2596/2596/2596 2589/2589/2589 2602/2602/2602
f 2572/2572/2572 2596/2596/2596 2602/2602/2602
f 2572/2572/2572 2602/2602/2602 2579/2579/2579
f 2754/2754/2754 2561/2561/2561 2756/2756/2756
f 2754/2754/2754 2756/2756/2756 2742/2742/2742
f 2742/2742/2742 2756/2756/2756 2577/2577/2577
f 2756/2756/2756 2752/2752/2752 2577/2577/2577
f 2577/2577/2577 2752/2752/2752 2565/2565/2565
f 2565/2565/2565 2752/2752/2752 2559/2559/2559
f 2613/2613/2613 2559/2559/2559 2752/2752/2752
f 2613/2613/2613 2752/2752/2752 2589/2589/2589
f 2578/2578/2578 2561/2561/2561 2754/2754/2754
f 2754/2754/2754 2846/2846/2846 2578/2578/2578
f 2754/2754/2754 2849/2849/2849 2846/2846/2846
f 2742/2742/2742 2849/2849/2849 2754/2754/2754
f 2742/2742/2742 3427/3427/3427 2849/2849/2849
f 3435/3435/3435 3427/3427/3427 2742/2742/2742
f 3435/3435/3435 2742/2742/2742 2650/2650/2650
f 2650/2650/2650 2742/2742/2742 2577/2577/2577
f 2577/2577/2577 2565/2565/2565 2650/2650/2650
f 2614/2614/2614 2650/2650/2650 2565/2565/2565
f 2565/2565/2565 2559/2559/2559 2614/2614/2614
f 2578/2578/2578 2846/2846/2846 3437/3437/3437
f 3437/3437/3437 2846/2846/2846 2835/2835/2835
f 2835/2835/2835 2846/2846/2846 2845/2845/2845
f 2849/2849/2849 2845/2845/2845 2846/2846/2846
f 2847/2847/2847 2845/2845/2845 2849/2849/2849
f 3427/3427/3427 2847/2847/2847 2849/2849/2849
f 2971/2971/2971 2847/2847/2847 3427/3427/3427
f 3426/3426/3426 2971/2971/2971 3427/3427/3427
f 3426/3426/3426 3427/3427/3427 3435/3435/3435
f 2650/2650/2650 3426/3426/3426 3435/3435/3435
f 2578/2578/2578 3437/3437/3437 3438/3438/3438
f 3438/3438/3438 3437/3437/3437 3436/3436/3436
f 3436/3436/3436 3437/3437/3437 2833/2833/2833
f 2833/2833/2833 3437/3437/3437 2835/2835/2835
f 2578/2578/2578 3438/3438/3438 2832/2832/2832
f 3438/3438/3438 2833/2833/2833 2832/2832/2832
f 3436/3436/3436 2833/2833/2833 3438/3438/3438
f 3441/3441/3441 2971/2971/2971 3426/3426/3426
f 3441/3441/3441 3426/3426/3426 2650/2650/2650
f 2614/2614/2614 3441/3441/3441 2650/2650/2650
f 3442/3442/3442 3441/3441/3441 2614/2614/2614
f 2614/2614/2614 2612/2612/2612 3442/3442/3442
f 2614/2614/2614 2559/2559/2559 2612/2612/2612
f 2609/2609/2609 2612/2612/2612 2559/2559/2559
f 2609/2609/2609 2559/2559/2559 2613/2613/2613
f 2747/2747/2747 2609/2609/2609 2613/2613/2613
f 2747/2747/2747 2613/2613/2613 2581/2581/2581
f 2581/2581/2581 2613/2613/2613 2589/2589/2589
f 3442/3442/3442 2612/2612/2612 3443/3443/3443
f 2649/2649/2649 3443/3443/3443 2612/2612/2612
f 2649/2649/2649 2612/2612/2612 2609/2609/2609
f 2738/2738/2738 2649/2649/2649 2609/2609/2609
f 2738/2738/2738 2609/2609/2609 2747/2747/2747
f 2733/2733/2733 2738/2738/2738 2747/2747/2747
f 2733/2733/2733 2747/2747/2747 2743/2743/2743
f 2743/2743/2743 2747/2747/2747 2731/2731/2731
f 2747/2747/2747 2581/2581/2581 2731/2731/2731
f 3447/3447/3447 3443/3443/3443 2649/2649/2649
f 2649/2649/2649 2034/2034/2034 3447/3447/3447
f 2034/2034/2034 2649/2649/2649 2738/2738/2738
f 3450/3450/3450 2034/2034/2034 2738/2738/2738
f 3450/3450/3450 2738/2738/2738 2733/2733/2733
f 3451/3451/3451 3450/3450/3450 2733/2733/2733
f 2733/2733/2733 2734/2734/2734 3451/3451/3451
f 2743/2743/2743 2734/2734/2734 2733/2733/2733
f 3447/3447/3447 3439/3439/3439 3443/3443/3443
f 3447/3447/3447 3440/3440/3440 3439/3439/3439
f 3446/3446/3446 3440/3440/3440 3447/3447/3447
f 3447/3447/3447 2034/2034/2034 3446/3446/3446
f 2034/2034/2034 3445/3445/3445 3446/3446/3446
f 3445/3445/3445 2034/2034/2034 3450/3450/3450
f 3451/3451/3451 3445/3445/3445 3450/3450/3450
f 3444/3444/3444 3445/3445/3445 3451/3451/3451
f 2759/2759/2759 3444/3444/3444 3451/3451/3451
f 3451/3451/3451 2734/2734/2734 2759/2759/2759
f 3446/3446/3446 3789/3789/3789 3440/3440/3440
f 3446/3446/3446 3788/3788/3788 3789/3789/3789
f 3448/3448/3448 3788/3788/3788 3446/3446/3446
f 3446/3446/3446 3445/3445/3445 3448/3448/3448
f 3444/3444/3444 3448/3448/3448 3445/3445/3445
f 2758/2758/2758 3448/3448/3448 3444/3444/3444
f 2758/2758/2758 3444/3444/3444 2759/2759/2759
f 2759/2759/2759 3785/3785/3785 2758/2758/2758
f 3793/3793/3793 3785/3785/3785 2759/2759/2759
f 2734/2734/2734 3793/3793/3793 2759/2759/2759
f 3440/3440/3440 3789/3789/3789 3794/3794/3794
f 3794/3794/3794 3789/3789/3789 3652/3652/3652
f 3652/3652/3652 3789/3789/3789 3792/3792/3792
f 3789/3789/3789 3788/3788/3788 3792/3792/3792
f 3792/3792/3792 3788/3788/3788 3767/3767/3767
f 3788/3788/3788 3783/3783/3783 3767/3767/3767
f 3785/3785/3785 3783/3783/3783 3788/3788/3788
f 3785/3785/3785 3788/3788/3788 2758/2758/2758
f 2758/2758/2758 3788/3788/3788 3448/3448/3448
f 3851/3851/3851 3652/3652/3652 3792/3792/3792
f 3792/3792/3792 3825/3825/3825 3851/3851/3851
f 3792/3792/3792 3774/3774/3774 3825/3825/3825
f 3767/3767/3767 3774/3774/3774 3792/3792/3792
f 3767/3767/3767 3791/3791/3791 3774/3774/3774
f 3783/3783/3783 3791/3791/3791 3767/3767/3767
f 3709/3709/3709 3791/3791/3791 3783/3783/3783
f 3783/3783/3783 3785/3785/3785 3709/3709/3709
f 3709/3709/3709 3785/3785/3785 3793/3793/3793
f 3650/3650/3650 3652/3652/3652 3851/3851/3851
f 3656/3656/3656 3650/3650/3650 3851/3851/3851
f 3465/3465/3465 3656/3656/3656 3851/3851/3851
f 3851/3851/3851 3825/3825/3825 3465/3465/3465
f 3827/3827/3827 3465/3465/3465 3825/3825/3825
f 3827/3827/3827 3825/3825/3825 3787/3787/3787
f 3787/3787/3787 3825/3825/3825 3774/3774/3774
f 3787/3787/3787 3774/3774/3774 3786/3786/3786
f 3786/3786/3786 3774/3774/3774 3791/3791/3791
f 3786/3786/3786 3791/3791/3791 3709/3709/3709
f 3650/3650/3650 3655/3655/3655 3652/3652/3652
f 3655/3655/3655 3650/3650/3650 3656/3656/3656
f 3656/3656/3656 3653/3653/3653 3655/3655/3655
f 3699/3699/3699 3653/3653/3653 3656/3656/3656
f 3656/3656/3656 3698/3698/3698 3699/3699/3699
f 3657/3657/3657 3698/3698/3698 3656/3656/3656
f 3656/3656/3656 3751/3751/3751 3657/3657/3657
f 3751/3751/3751 3656/3656/3656 3465/3465/3465
f 3652/3652/3652 3655/3655/3655 3651/3651/3651
f 3655/3655/3655 3658/3658/3658 3651/3651/3651
f 3655/3655/3655 3700/3700/3700 3658/3658/3658
f 3653/3653/3653 3700/3700/3700 3655/3655/3655
f 3654/3654/3654 3700/3700/3700 3653/3653/3653
f 3653/3653/3653 3661/3661/3661 3654/3654/3654
f 3699/3699/3699 3661/3661/3661 3653/3653/3653
f 3699/3699/3699 3659/3659/3659 3661/3661/3661
f 3698/3698/3698 3659/3659/3659 3699/3699/3699
f 3652/3652/3652 3651/3651/3651 3981/3981/3981
f 3981/3981/3981 3651/3651/3651 3971/3971/3971
f 3651/3651/3651 3658/3658/3658 3971/3971/3971
f 3971/3971/3971 3658/3658/3658 3946/3946/3946
f 3694/3694/3694 3946/3946/3946 3658/3658/3658
f 3658/3658/3658 3700/3700/3700 3694/3694/3694
f 3694/3694/3694 3700/3700/3700 3693/3693/3693
f 3649/3649/3649 3693/3693/3693 3700/3700/3700
f 3649/3649/3649 3700/3700/3700 3654/3654/3654
f 3968/3968/3968 3981/3981/3981 3971/3971/3971
f 3971/3971/3971 3948/3948/3948 3968/3968/3968
f 3946/3946/3946 3948/3948/3948 3971/3971/3971
f 3946/3946/3946 3960/3960/3960 3948/3948/3948
f 3945/3945/3945 3960/3960/3960 3946/3946/3946
f 3945/3945/3945 3946/3946/3946 3694/3694/3694
f 3694/3694/3694 3883/3883/3883 3945/3945/3945
f 3693/3693/3693 3883/3883/3883 3694/3694/3694
f 3969/3969/3969 3981/3981/3981 3968/3968/3968
f 3968/3968/3968 3962/3962/3962 3969/3969/3969
f 3968/3968/3968 3948/3948/3948 3962/3962/3962
f 3970/3970/3970 3962/3962/3962 3948/3948/3948
f 3960/3960/3960 3970/3970/3970 3948/3948/3948
f 3963/3963/3963 3970/3970/3970 3960/3960/3960
f 3960/3960/3960 3883/3883/3883 3963/3963/3963
f 3945/3945/3945 3883/3883/3883 3960/3960/3960
f 3963/3963/3963 3982/3982/3982 3970/3970/3970
f 3980/3980/3980 3970/3970/3970 3982/3982/3982
f 3659/3659/3659 3580/3580/3580 3661/3661/3661
f 3583/3583/3583 3580/3580/3580 3659/3659/3659
f 3659/3659/3659 3581/3581/3581 3583/3583/3583
f 3695/3695/3695 3581/3581/3581 3659/3659/3659
f 3695/3695/3695 3659/3659/3659 3600/3600/3600
f 3600/3600/3600 3659/3659/3659 3698/3698/3698
f 3698/3698/3698 3632/3632/3632 3600/3600/3600
f 3657/3657/3657 3632/3632/3632 3698/3698/3698
f 3579/3579/3579 3580/3580/3580 3583/3583/3583
f 3592/3592/3592 3579/3579/3579 3583/3583/3583
f 3583/3583/3583 3593/3593/3593 3592/3592/3592
f 3581/3581/3581 3593/3593/3593 3583/3583/3583
f 3593/3593/3593 3581/3581/3581 3585/3585/3585
f 3585/3585/3585 3581/3581/3581 3544/3544/3544
f 3581/3581/3581 3695/3695/3695 3544/3544/3544
f 3609/3609/3609 3579/3579/3579 3592/3592/3592
f 3592/3592/3592 3881/3881/3881 3609/3609/3609
f 3877/3877/3877 3881/3881/3881 3592/3592/3592
f 3592/3592/3592 3905/3905/3905 3877/3877/3877
f 3593/3593/3593 3905/3905/3905 3592/3592/3592
f 3593/3593/3593 3901/3901/3901 3905/3905/3905
f 3585/3585/3585 3901/3901/3901 3593/3593/3593
f 3585/3585/3585 3586/3586/3586 3901/3901/3901
f 3586/3586/3586 3585/3585/3585 3563/3563/3563
f 3563/3563/3563 3585/3585/3585 3544/3544/3544
f 3906/3906/3906 3881/3881/3881 3877/3877/3877
f 3905/3905/3905 3906/3906/3906 3877/3877/3877
f 3904/3904/3904 3881/3881/3881 3906/3906/3906
f 3904/3904/3904 3906/3906/3906 3880/3880/3880
f 3901/3901/3901 3586/3586/3586 3864/3864/3864
f 3586/3586/3586 3587/3587/3587 3864/3864/3864
f 3586/3586/3586 3563/3563/3563 3587/3587/3587
f 3587/3587/3587 3563/3563/3563 3538/3538/3538
f 3538/3538/3538 3563/3563/3563 3535/3535/3535
f 3544/3544/3544 3535/3535/3535 3563/3563/3563
f 3569/3569/3569 3535/3535/3535 3544/3544/3544
f 3544/3544/3544 3695/3695/3695 3569/3569/3569
f 3864/3864/3864 3587/3587/3587 3898/3898/3898
f 3587/3587/3587 3543/3543/3543 3898/3898/3898
f 3577/3577/3577 3543/3543/3543 3587/3587/3587
f 3538/3538/3538 3577/3577/3577 3587/3587/3587
f 3538/3538/3538 3536/3536/3536 3577/3577/3577
f 3535/3535/3535 3536/3536/3536 3538/3538/3538
f 3570/3570/3570 3536/3536/3536 3535/3535/3535
f 3542/3542/3542 3570/3570/3570 3535/3535/3535
f 3542/3542/3542 3535/3535/3535 3569/3569/3569
f 3898/3898/3898 3899/3899/3899 3864/3864/3864
f 3543/3543/3543 3899/3899/3899 3898/3898/3898
f 3902/3902/3902 3899/3899/3899 3543/3543/3543
f 3871/3871/3871 3895/3895/3895 3902/3902/3902
f 3896/3896/3896 3895/3895/3895 3871/3871/3871
f 3896/3896/3896 3871/3871/3871 3863/3863/3863
f 3893/3893/3893 3863/3863/3863 3871/3871/3871
f 3889/3889/3889 3863/3863/3863 3893/3893/3893
f 3889/3889/3889 3893/3893/3893 3541/3541/3541
f 3541/3541/3541 3893/3893/3893 3691/3691/3691
f 3691/3691/3691 3642/3642/3642 3541/3541/3541
f 3561/3561/3561 3642/3642/3642 3691/3691/3691
f 3577/3577/3577 3561/3561/3561 3691/3691/3691
f 3536/3536/3536 3561/3561/3561 3577/3577/3577
f 3889/3889/3889 3887/3887/3887 3863/3863/3863
f 3889/3889/3889 3541/3541/3541 3887/3887/3887
f 3887/3887/3887 3541/3541/3541 3588/3588/3588
f 3541/3541/3541 3545/3545/3545 3588/3588/3588
f 3642/3642/3642 3545/3545/3545 3541/3541/3541
f 3642/3642/3642 3571/3571/3571 3545/3545/3545
f 3561/3561/3561 3571/3571/3571 3642/3642/3642
f 3561/3561/3561 3570/3570/3570 3571/3571/3571
f 3536/3536/3536 3570/3570/3570 3561/3561/3561
f 3887/3887/3887 3588/3588/3588 4049/4049/4049
f 4049/4049/4049 3588/3588/3588 3870/3870/3870
f 3588/3588/3588 3608/3608/3608 3870/3870/3870
f 3545/3545/3545 3608/3608/3608 3588/3588/3588
f 3608/3608/3608 3545/3545/3545 3564/3564/3564
f 3564/3564/3564 3545/3545/3545 3571/3571/3571
f 3564/3564/3564 3571/3571/3571 3553/3553/3553
f 3553/3553/3553 3571/3571/3571 3570/3570/3570
f 3553/3553/3553 3570/3570/3570 3542/3542/3542
f 3582/3582/3582 3870/3870/3870 3608/3608/3608
f 3608/3608/3608 3591/3591/3591 3582/3582/3582
f 3564/3564/3564 3591/3591/3591 3608/3608/3608
f 3591/3591/3591 3564/3564/3564 3590/3590/3590
f 3590/3590/3590 3564/3564/3564 3553/3553/3553
f 3590/3590/3590 3553/3553/3553 3831/3831/3831
f 3831/3831/3831 3553/3553/3553 3542/3542/3542
f 3831/3831/3831 3542/3542/3542 3634/3634/3634
f 3542/3542/3542 3636/3636/3636 3634/3634/3634
f 3569/3569/3569 3636/3636/3636 3542/3542/3542
f 3569/3569/3569 3695/3695/3695 3636/3636/3636
f 3591/3591/3591 3602/3602/3602 3582/3582/3582
f 3590/3590/3590 3602/3602/3602 3591/3591/3591
f 3610/3610/3610 3602/3602/3602 3590/3590/3590
f 3590/3590/3590 3830/3830/3830 3610/3610/3610
f 3831/3831/3831 3830/3830/3830 3590/3590/3590
f 3662/3662/3662 3830/3830/3830 3831/3831/3831
f 3831/3831/3831 3777/3777/3777 3662/3662/3662
f 3634/3634/3634 3777/3777/3777 3831/3831/3831
f 3582/3582/3582 3602/3602/3602 3692/3692/3692
f 3602/3602/3602 3604/3604/3604 3692/3692/3692
f 3610/3610/3610 3604/3604/3604 3602/3602/3602
f 3611/3611/3611 3604/3604/3604 3610/3610/3610
f 3611/3611/3611 3610/3610/3610 3830/3830/3830
f 3611/3611/3611 3830/3830/3830 3676/3676/3676
f 3830/3830/3830 3806/3806/3806 3676/3676/3676
f 3660/3660/3660 3806/3806/3806 3830/3830/3830
f 3660/3660/3660 3830/3830/3830 3662/3662/3662
f 3692/3692/3692 3604/3604/3604 3589/3589/3589
f 3589/3589/3589 3604/3604/3604 3678/3678/3678
f 3678/3678/3678 3604/3604/3604 3611/3611/3611
f 3611/3611/3611 3701/3701/3701 3678/3678/3678
f 3676/3676/3676 3701/3701/3701 3611/3611/3611
f 3712/3712/3712 3701/3701/3701 3676/3676/3676
f 3712/3712/3712 3676/3676/3676 3802/3802/3802
f 3802/3802/3802 3676/3676/3676 3806/3806/3806
f 3802/3802/3802 3806/3806/3806 3732/3732/3732
f 3732/3732/3732 3806/3806/3806 3759/3759/3759
f 3660/3660/3660 3759/3759/3759 3806/3806/3806
f 3678/3678/3678 3664/3664/3664 3589/3589/3589
f 3678/3678/3678 3701/3701/3701 3664/3664/3664
f 3664/3664/3664 3701/3701/3701 3704/3704/3704
f 3701/3701/3701 3648/3648/3648 3704/3704/3704
f 3648/3648/3648 3701/3701/3701 3712/3712/3712
f 3648/3648/3648 3712/3712/3712 3665/3665/3665
f 3665/3665/3665 3712/3712/3712 3745/3745/3745
f 3712/3712/3712 3802/3802/3802 3745/3745/3745
f 3745/3745/3745 3802/3802/3802 3731/3731/3731
f 3802/3802/3802 3732/3732/3732 3731/3731/3731
f 3704/3704/3704 3648/3648/3648 3639/3639/3639
f 3648/3648/3648 3703/3703/3703 3639/3639/3639
f 3665/3665/3665 3703/3703/3703 3648/3648/3648
f 3665/3665/3665 3845/3845/3845 3703/3703/3703
f 3665/3665/3665 3745/3745/3745 3845/3845/3845
f 3845/3845/3845 3745/3745/3745 3746/3746/3746
f 3745/3745/3745 3731/3731/3731 3746/3746/3746
f 3731/3731/3731 3743/3743/3743 3746/3746/3746
f 3731/3731/3731 3732/3732/3732 3743/3743/3743
f 3704/3704/3704 3639/3639/3639 3702/3702/3702
f 3702/3702/3702 3639/3639/3639 3647/3647/3647
f 3639/3639/3639 3643/3643/3643 3647/3647/3647
f 3703/3703/3703 3643/3643/3643 3639/3639/3639
f 3703/3703/3703 3744/3744/3744 3643/3643/3643
f 3703/3703/3703 3845/3845/3845 3744/3744/3744
f 3845/3845/3845 2483/2483/2483 3744/3744/3744
f 3746/3746/3746 2483/2483/2483 3845/3845/3845
f 3725/3725/3725 2483/2483/2483 3746/3746/3746
f 3746/3746/3746 3743/3743/3743 3725/3725/3725
f 3743/3743/3743 3724/3724/3724 3725/3725/3725
f 3743/3743/3743 3815/3815/3815 3724/3724/3724
f 3732/3732/3732 3815/3815/3815 3743/3743/3743
f 3643/3643/3643 3640/3640/3640 3647/3647/3647
f 3708/3708/3708 3640/3640/3640 3643/3643/3643
f 3643/3643/3643 3744/3744/3744 3708/3708/3708
f 2483/2483/2483 3708/3708/3708 3744/3744/3744
f 3647/3647/3647 3640/3640/3640 3565/3565/3565
f 3640/3640/3640 3637/3637/3637 3565/3565/3565
f 3640/3640/3640 3741/3741/3741 3637/3637/3637
f 3741/3741/3741 3640/3640/3640 3708/3708/3708
f 3741/3741/3741 3708/3708/3708 2483/2483/2483
f 3726/3726/3726 3741/3741/3741 2483/2483/2483
f 3723/3723/3723 3726/3726/3726 2483/2483/2483
f 3723/3723/3723 2483/2483/2483 3739/3739/3739
f 3739/3739/3739 2483/2483/2483 3846/3846/3846
f 3846/3846/3846 2483/2483/2483 3725/3725/3725
f 3565/3565/3565 3637/3637/3637 3566/3566/3566
f 3707/3707/3707 3566/3566/3566 3637/3637/3637
f 3707/3707/3707 3637/3637/3637 3672/3672/3672
f 3672/3672/3672 3637/3637/3637 3822/3822/3822
f 3637/3637/3637 3726/3726/3726 3822/3822/3822
f 3637/3637/3637 3741/3741/3741 3726/3726/3726
f 3554/3554/3554 3565/3565/3565 3566/3566/3566
f 3566/3566/3566 3568/3568/3568 3554/3554/3554
f 3707/3707/3707 3568/3568/3568 3566/3566/3566
f 3707/3707/3707 3556/3556/3556 3568/3568/3568
f 3672/3672/3672 3556/3556/3556 3707/3707/3707
f 3672/3672/3672 3705/3705/3705 3556/3556/3556
f 3672/3672/3672 3670/3670/3670 3705/3705/3705
f 3822/3822/3822 3670/3670/3670 3672/3672/3672
f 3670/3670/3670 3822/3822/3822 3723/3723/3723
f 3822/3822/3822 3726/3726/3726 3723/3723/3723
f 3568/3568/3568 3666/3666/3666 3554/3554/3554
f 3567/3567/3567 3666/3666/3666 3568/3568/3568
f 3556/3556/3556 3567/3567/3567 3568/3568/3568
f 3638/3638/3638 3567/3567/3567 3556/3556/3556
f 3644/3644/3644 3638/3638/3638 3556/3556/3556
f 3556/3556/3556 3705/3705/3705 3644/3644/3644
f 3705/3705/3705 3728/3728/3728 3644/3644/3644
f 3705/3705/3705 3682/3682/3682 3728/3728/3728
f 3685/3685/3685 3682/3682/3682 3705/3705/3705
f 3705/3705/3705 3670/3670/3670 3685/3685/3685
f 2049/2049/2049 3666/3666/3666 3567/3567/3567
f 2049/2049/2049 3567/3567/3567 2732/2732/2732
f 2732/2732/2732 3567/3567/3567 3638/3638/3638
f 2732/2732/2732 3638/3638/3638 2741/2741/2741
f 2741/2741/2741 3638/3638/3638 3645/3645/3645
f 3645/3645/3645 3638/3638/3638 3644/3644/3644
f 3644/3644/3644 3736/3736/3736 3645/3645/3645
f 3644/3644/3644 3728/3728/3728 3736/3736/3736
f 2583/2583/2583 3666/3666/3666 2049/2049/2049
f 2583/2583/2583 2049/2049/2049 2585/2585/2585
f 2585/2585/2585 2049/2049/2049 2701/2701/2701
f 2049/2049/2049 2732/2732/2732 2701/2701/2701
f 2701/2701/2701 2732/2732/2732 2702/2702/2702
f 2732/2732/2732 2048/2048/2048 2702/2702/2702
f 2741/2741/2741 2048/2048/2048 2732/2732/2732
f 2741/2741/2741 2727/2727/2727 2048/2048/2048
f 2708/2708/2708 2727/2727/2727 2741/2741/2741
f 3645/3645/3645 2708/2708/2708 2741/2741/2741
f 2585/2585/2585 2570/2570/2570 2583/2583/2583
f 2585/2585/2585 2549/2549/2549 2570/2570/2570
f 2549/2549/2549 2585/2585/2585 2701/2701/2701
f 2702/2702/2702 2549/2549/2549 2701/2701/2701
f 2568/2568/2568 2549/2549/2549 2702/2702/2702
f 2702/2702/2702 2573/2573/2573 2568/2568/2568
f 2048/2048/2048 2573/2573/2573 2702/2702/2702
f 2674/2674/2674 2573/2573/2573 2048/2048/2048
f 2048/2048/2048 2626/2626/2626 2674/2674/2674
f 2727/2727/2727 2626/2626/2626 2048/2048/2048
f 2570/2570/2570 2549/2549/2549 2696/2696/2696
f 2549/2549/2549 2697/2697/2697 2696/2696/2696
f 2550/2550/2550 2697/2697/2697 2549/2549/2549
f 2568/2568/2568 2550/2550/2550 2549/2549/2549
f 2569/2569/2569 2550/2550/2550 2568/2568/2568
f 2569/2569/2569 2568/2568/2568 2573/2573/2573
f 2569/2569/2569 2573/2573/2573 2029/2029/2029
f 2029/2029/2029 2573/2573/2573 2031/2031/2031
f 2031/2031/2031 2573/2573/2573 2674/2674/2674
f 2550/2550/2550 2489/2489/2489 2697/2697/2697
f 2569/2569/2569 2489/2489/2489 2550/2550/2550
f 2029/2029/2029 2489/2489/2489 2569/2569/2569
f 2567/2567/2567 2489/2489/2489 2029/2029/2029
f 2029/2029/2029 2546/2546/2546 2567/2567/2567
f 2029/2029/2029 2031/2031/2031 2546/2546/2546
f 2031/2031/2031 2674/2674/2674 2546/2546/2546
f 2546/2546/2546 2674/2674/2674 2610/2610/2610
f 2674/2674/2674 2603/2603/2603 2610/2610/2610
f 2626/2626/2626 2603/2603/2603 2674/2674/2674
f 2580/2580/2580 2489/2489/2489 2567/2567/2567
f 2567/2567/2567 2547/2547/2547 2580/2580/2580
f 2567/2567/2567 2546/2546/2546 2547/2547/2547
f 2546/2546/2546 2610/2610/2610 2547/2547/2547
f 2547/2547/2547 2610/2610/2610 2596/2596/2596
f 2610/2610/2610 2590/2590/2590 2596/2596/2596
f 2603/2603/2603 2590/2590/2590 2610/2610/2610
f 2603/2603/2603 2563/2563/2563 2590/2590/2590
f 2627/2627/2627 2563/2563/2563 2603/2603/2603
f 2626/2626/2626 2627/2627/2627 2603/2603/2603
f 2611/2611/2611 2627/2627/2627 2626/2626/2626
f 2727/2727/2727 2611/2611/2611 2626/2626/2626
f 2580/2580/2580 2547/2547/2547 2572/2572/2572
f 2547/2547/2547 2596/2596/2596 2572/2572/2572
f 2596/2596/2596 2590/2590/2590 2589/2589/2589
f 2589/2589/2589 2590/2590/2590 2581/2581/2581
f 2581/2581/2581 2590/2590/2590 2563/2563/2563
f 2581/2581/2581 2563/2563/2563 2576/2576/2576
f 2576/2576/2576 2563/2563/2563 2555/2555/2555
f 2563/2563/2563 2667/2667/2667 2555/2555/2555
f 2627/2627/2627 2667/2667/2667 2563/2563/2563
f 2667/2667/2667 2627/2627/2627 2615/2615/2615
f 2615/2615/2615 2627/2627/2627 2611/2611/2611
f 2729/2729/2729 2615/2615/2615 2611/2611/2611
f 2729/2729/2729 2611/2611/2611 2673/2673/2673
f 2673/2673/2673 2611/2611/2611 2727/2727/2727
f 2731/2731/2731 2581/2581/2581 2576/2576/2576
f 2628/2628/2628 2731/2731/2731 2576/2576/2576
f 2705/2705/2705 2628/2628/2628 2576/2576/2576
f 2705/2705/2705 2576/2576/2576 2703/2703/2703
f 2703/2703/2703 2576/2576/2576 2555/2555/2555
f 2555/2555/2555 2608/2608/2608 2703/2703/2703
f 2593/2593/2593 2608/2608/2608 2555/2555/2555
f 2667/2667/2667 2593/2593/2593 2555/2555/2555
f 2737/2737/2737 2731/2731/2731 2628/2628/2628
f 2693/2693/2693 2737/2737/2737 2628/2628/2628
f 2628/2628/2628 2760/2760/2760 2693/2693/2693
f 2762/2762/2762 2693/2693/2693 2760/2760/2760
f 2761/2761/2761 2693/2693/2693 2762/2762/2762
f 2691/2691/2691 2761/2761/2761 2762/2762/2762
f 2731/2731/2731 2737/2737/2737 2743/2743/2743
f 2743/2743/2743 2737/2737/2737 2735/2735/2735
f 2735/2735/2735 2737/2737/2737 2693/2693/2693
f 2761/2761/2761 2735/2735/2735 2693/2693/2693
f 2748/2748/2748 2735/2735/2735 2761/2761/2761
f 2032/2032/2032 2748/2748/2748 2761/2761/2761
f 2032/2032/2032 2761/2761/2761 2691/2691/2691
f 2691/2691/2691 3784/3784/3784 2032/2032/2032
f 2032/2032/2032 3784/3784/3784 3674/3674/3674
f 3674/3674/3674 3784/3784/3784 3673/3673/3673
f 3673/3673/3673 3784/3784/3784 3711/3711/3711
f 2743/2743/2743 2735/2735/2735 2035/2035/2035
f 2035/2035/2035 2735/2735/2735 2748/2748/2748
f 2736/2736/2736 2035/2035/2035 2748/2748/2748
f 2736/2736/2736 2748/2748/2748 2032/2032/2032
f 2032/2032/2032 3674/3674/3674 2736/2736/2736
f 2736/2736/2736 3674/3674/3674 3820/3820/3820
f 3820/3820/3820 3674/3674/3674 3841/3841/3841
f 3841/3841/3841 3674/3674/3674 3673/3673/3673
f 3673/3673/3673 3843/3843/3843 3841/3841/3841
f 3677/3677/3677 3843/3843/3843 3673/3673/3673
f 3711/3711/3711 3677/3677/3677 3673/3673/3673
f 3850/3850/3850 3677/3677/3677 3711/3711/3711
f 2035/2035/2035 2734/2734/2734 2743/2743/2743
f 2734/2734/2734 2035/2035/2035 3847/3847/3847
f 3847/3847/3847 2035/2035/2035 3828/3828/3828
f 3828/3828/3828 2035/2035/2035 2736/2736/2736
f 2736/2736/2736 3820/3820/3820 3828/3828/3828
f 3820/3820/3820 3841/3841/3841 3828/3828/3828
f 3828/3828/3828 3841/3841/3841 3821/3821/3821
f 3821/3821/3821 3841/3841/3841 3843/3843/3843
f 3843/3843/3843 3848/3848/3848 3821/3821/3821
f 3677/3677/3677 3848/3848/3848 3843/3843/3843
f 3679/3679/3679 3848/3848/3848 3677/3677/3677
f 3850/3850/3850 3679/3679/3679 3677/3677/3677
f 3797/3797/3797 3679/3679/3679 3850/3850/3850
f 3679/3679/3679 3797/3797/3797 3800/3800/3800
f 3847/3847/3847 3793/3793/3793 2734/2734/2734
f 3844/3844/3844 3793/3793/3793 3847/3847/3847
f 3844/3844/3844 3847/3847/3847 3821/3821/3821
f 3821/3821/3821 3847/3847/3847 3828/3828/3828
f 3709/3709/3709 3793/3793/3793 3844/3844/3844
f 3709/3709/3709 3844/3844/3844 3786/3786/3786
f 3786/3786/3786 3844/3844/3844 3829/3829/3829
f 3829/3829/3829 3844/3844/3844 3675/3675/3675
f 3675/3675/3675 3844/3844/3844 3821/3821/3821
f 3821/3821/3821 3848/3848/3848 3675/3675/3675
f 3848/3848/3848 3819/3819/3819 3675/3675/3675
f 3679/3679/3679 3819/3819/3819 3848/3848/3848
f 3800/3800/3800 3819/3819/3819 3679/3679/3679
f 3800/3800/3800 3748/3748/3748 3819/3819/3819
f 3798/3798/3798 3748/3748/3748 3800/3800/3800
f 3798/3798/3798 3800/3800/3800 3719/3719/3719
f 3800/3800/3800 3681/3681/3681 3719/3719/3719
f 3829/3829/3829 3787/3787/3787 3786/3786/3786
f 3829/3829/3829 3827/3827/3827 3787/3787/3787
f 3826/3826/3826 3827/3827/3827 3829/3829/3829
f 3675/3675/3675 3826/3826/3826 3829/3829/3829
f 3748/3748/3748 3826/3826/3826 3675/3675/3675
f 3675/3675/3675 3819/3819/3819 3748/3748/3748
f 3826/3826/3826 3720/3720/3720 3827/3827/3827
f 3757/3757/3757 3720/3720/3720 3826/3826/3826
f 3808/3808/3808 3757/3757/3757 3826/3826/3826
f 3748/3748/3748 3808/3808/3808 3826/3826/3826
f 3798/3798/3798 3808/3808/3808 3748/3748/3748
f 3798/3798/3798 3795/3795/3795 3808/3808/3808
f 3749/3749/3749 3795/3795/3795 3798/3798/3798
f 3749/3749/3749 3798/3798/3798 3717/3717/3717
f 3717/3717/3717 3798/3798/3798 3719/3719/3719
f 3719/3719/3719 3681/3681/3681 3717/3717/3717
f 3681/3681/3681 3818/3818/3818 3717/3717/3717
f 3720/3720/3720 3465/3465/3465 3827/3827/3827
f 3720/3720/3720 3751/3751/3751 3465/3465/3465
f 3761/3761/3761 3751/3751/3751 3720/3720/3720
f 3757/3757/3757 3761/3761/3761 3720/3720/3720
f 3801/3801/3801 3761/3761/3761 3757/3757/3757
f 3811/3811/3811 3801/3801/3801 3757/3757/3757
f 3811/3811/3811 3757/3757/3757 3808/3808/3808
f 3808/3808/3808 3758/3758/3758 3811/3811/3811
f 3795/3795/3795 3758/3758/3758 3808/3808/3808
f 3751/3751/3751 3761/3761/3761 3718/3718/3718
f 3718/3718/3718 3761/3761/3761 3710/3710/3710
f 3761/3761/3761 3801/3801/3801 3710/3710/3710
f 3710/3710/3710 3801/3801/3801 3807/3807/3807
f 3807/3807/3807 3801/3801/3801 3680/3680/3680
f 3680/3680/3680 3801/3801/3801 3759/3759/3759
f 3759/3759/3759 3801/3801/3801 3811/3811/3811
f 3657/3657/3657 3751/3751/3751 3718/3718/3718
f 3718/3718/3718 3823/3823/3823 3657/3657/3657
f 3799/3799/3799 3823/3823/3823 3718/3718/3718
f 3710/3710/3710 3799/3799/3799 3718/3718/3718
f 3799/3799/3799 3710/3710/3710 3807/3807/3807
f 3764/3764/3764 3799/3799/3799 3807/3807/3807
f 3764/3764/3764 3807/3807/3807 3849/3849/3849
f 3807/3807/3807 3680/3680/3680 3849/3849/3849
f 3849/3849/3849 3680/3680/3680 3842/3842/3842
f 3680/3680/3680 3660/3660/3660 3842/3842/3842
f 3680/3680/3680 3759/3759/3759 3660/3660/3660
f 3632/3632/3632 3657/3657/3657 3823/3823/3823
f 3823/3823/3823 3470/3470/3470 3632/3632/3632
f 3823/3823/3823 3799/3799/3799 3470/3470/3470
f 3470/3470/3470 3799/3799/3799 3764/3764/3764
f 3470/3470/3470 3764/3764/3764 3491/3491/3491
f 3764/3764/3764 3849/3849/3849 3491/3491/3491
f 3491/3491/3491 3849/3849/3849 3493/3493/3493
f 3842/3842/3842 3493/3493/3493 3849/3849/3849
f 3495/3495/3495 3493/3493/3493 3842/3842/3842
f 3662/3662/3662 3495/3495/3495 3842/3842/3842
f 3842/3842/3842 3660/3660/3660 3662/3662/3662
f 3632/3632/3632 3470/3470/3470 3491/3491/3491
f 3632/3632/3632 3491/3491/3491 3572/3572/3572
f 3572/3572/3572 3491/3491/3491 3493/3493/3493
f 3572/3572/3572 3493/3493/3493 3578/3578/3578
f 3578/3578/3578 3493/3493/3493 3495/3495/3495
f 3495/3495/3495 3636/3636/3636 3578/3578/3578
f 3776/3776/3776 3636/3636/3636 3495/3495/3495
f 3776/3776/3776 3495/3495/3495 3662/3662/3662
f 3777/3777/3777 3776/3776/3776 3662/3662/3662
f 3773/3773/3773 3776/3776/3776 3777/3777/3777
f 3773/3773/3773 3777/3777/3777 3634/3634/3634
f 3632/3632/3632 3572/3572/3572 3600/3600/3600
f 3600/3600/3600 3572/3572/3572 3578/3578/3578
f 3578/3578/3578 3695/3695/3695 3600/3600/3600
f 3636/3636/3636 3695/3695/3695 3578/3578/3578
f 3773/3773/3773 3634/3634/3634 3776/3776/3776
f 3776/3776/3776 3634/3634/3634 3636/3636/3636
f 3759/3759/3759 3811/3811/3811 3732/3732/3732
f 3732/3732/3732 3811/3811/3811 3815/3815/3815
f 3758/3758/3758 3815/3815/3815 3811/3811/3811
f 3815/3815/3815 3758/3758/3758 3747/3747/3747
f 3747/3747/3747 3758/3758/3758 3810/3810/3810
f 3758/3758/3758 3795/3795/3795 3810/3810/3810
f 3810/3810/3810 3795/3795/3795 3816/3816/3816
f 3795/3795/3795 3750/3750/3750 3816/3816/3816
f 3749/3749/3749 3750/3750/3750 3795/3795/3795
f 3815/3815/3815 3747/3747/3747 3724/3724/3724
f 3724/3724/3724 3747/3747/3747 3742/3742/3742
f 3747/3747/3747 3685/3685/3685 3742/3742/3742
f 3747/3747/3747 3810/3810/3810 3685/3685/3685
f 3685/3685/3685 3810/3810/3810 3682/3682/3682
f 3810/3810/3810 3816/3816/3816 3682/3682/3682
f 3682/3682/3682 3816/3816/3816 3734/3734/3734
f 3734/3734/3734 3816/3816/3816 3504/3504/3504
f 3504/3504/3504 3816/3816/3816 3750/3750/3750
f 3724/3724/3724 3742/3742/3742 3846/3846/3846
f 3846/3846/3846 3742/3742/3742 3739/3739/3739
f 3742/3742/3742 3740/3740/3740 3739/3739/3739
f 3742/3742/3742 3685/3685/3685 3740/3740/3740
f 3685/3685/3685 3670/3670/3670 3740/3740/3740
f 3670/3670/3670 3723/3723/3723 3740/3740/3740
f 3740/3740/3740 3723/3723/3723 3739/3739/3739
f 3725/3725/3725 3724/3724/3724 3846/3846/3846
f 3682/3682/3682 3734/3734/3734 3728/3728/3728
f 3728/3728/3728 3734/3734/3734 3735/3735/3735
f 3735/3735/3735 3734/3734/3734 3688/3688/3688
f 3734/3734/3734 3504/3504/3504 3688/3688/3688
f 3688/3688/3688 3504/3504/3504 3754/3754/3754
f 3504/3504/3504 3738/3738/3738 3754/3754/3754
f 3738/3738/3738 3504/3504/3504 3750/3750/3750
f 3735/3735/3735 3814/3814/3814 3728/3728/3728
f 3735/3735/3735 3688/3688/3688 3814/3814/3814
f 3814/3814/3814 3688/3688/3688 3686/3686/3686
f 3688/3688/3688 3730/3730/3730 3686/3686/3686
f 3754/3754/3754 3730/3730/3730 3688/3688/3688
f 3687/3687/3687 3730/3730/3730 3754/3754/3754
f 3754/3754/3754 3738/3738/3738 3687/3687/3687
f 3687/3687/3687 3738/3738/3738 3809/3809/3809
f 3809/3809/3809 3738/3738/3738 3750/3750/3750
f 3750/3750/3750 3804/3804/3804 3809/3809/3809
f 3749/3749/3749 3804/3804/3804 3750/3750/3750
f 3728/3728/3728 3814/3814/3814 3736/3736/3736
f 3686/3686/3686 3736/3736/3736 3814/3814/3814
f 3755/3755/3755 3736/3736/3736 3686/3686/3686
f 3755/3755/3755 3686/3686/3686 3756/3756/3756
f 3756/3756/3756 3686/3686/3686 3730/3730/3730
f 3756/3756/3756 3730/3730/3730 3687/3687/3687
f 3687/3687/3687 3737/3737/3737 3756/3756/3756
f 3737/3737/3737 3687/3687/3687 3805/3805/3805
f 3805/3805/3805 3687/3687/3687 3809/3809/3809
f 3805/3805/3805 3809/3809/3809 3817/3817/3817
f 3817/3817/3817 3809/3809/3809 3804/3804/3804
f 3755/3755/3755 3669/3669/3669 3736/3736/3736
f 3753/3753/3753 3669/3669/3669 3755/3755/3755
f 3755/3755/3755 3752/3752/3752 3753/3753/3753
f 3756/3756/3756 3752/3752/3752 3755/3755/3755
f 3756/3756/3756 3737/3737/3737 3752/3752/3752
f 3752/3752/3752 3737/3737/3737 2699/2699/2699
f 2699/2699/2699 3737/3737/3737 2606/2606/2606
f 3737/3737/3737 3805/3805/3805 2606/2606/2606
f 2606/2606/2606 3805/3805/3805 2594/2594/2594
f 3817/3817/3817 2594/2594/2594 3805/3805/3805
f 3645/3645/3645 3736/3736/3736 3669/3669/3669
f 3669/3669/3669 2708/2708/2708 3645/3645/3645
f 2708/2708/2708 3669/3669/3669 2617/2617/2617
f 2617/2617/2617 3669/3669/3669 3753/3753/3753
f 3753/3753/3753 3752/3752/3752 2617/2617/2617
f 2617/2617/2617 3752/3752/3752 2699/2699/2699
f 2699/2699/2699 2616/2616/2616 2617/2617/2617
f 2700/2700/2700 2616/2616/2616 2699/2699/2699
f 2606/2606/2606 2700/2700/2700 2699/2699/2699
f 2698/2698/2698 2700/2700/2700 2606/2606/2606
f 2606/2606/2606 2607/2607/2607 2698/2698/2698
f 2594/2594/2594 2607/2607/2607 2606/2606/2606
f 2616/2616/2616 2708/2708/2708 2617/2617/2617
f 2707/2707/2707 2708/2708/2708 2616/2616/2616
f 2616/2616/2616 2729/2729/2729 2707/2707/2707
f 2616/2616/2616 2700/2700/2700 2729/2729/2729
f 2729/2729/2729 2700/2700/2700 2698/2698/2698
f 2698/2698/2698 2615/2615/2615 2729/2729/2729
f 2698/2698/2698 2607/2607/2607 2615/2615/2615
f 2615/2615/2615 2607/2607/2607 2667/2667/2667
f 2667/2667/2667 2607/2607/2607 2594/2594/2594
f 2594/2594/2594 2593/2593/2593 2667/2667/2667
f 2593/2593/2593 2594/2594/2594 3817/3817/3817
f 2708/2708/2708 2707/2707/2707 2727/2727/2727
f 2727/2727/2727 2707/2707/2707 2673/2673/2673
f 2707/2707/2707 2729/2729/2729 2673/2673/2673
f 2705/2705/2705 2633/2633/2633 2628/2628/2628
f 2703/2703/2703 2633/2633/2633 2705/2705/2705
f 2703/2703/2703 2689/2689/2689 2633/2633/2633
f 2608/2608/2608 2689/2689/2689 2703/2703/2703
f 2608/2608/2608 2666/2666/2666 2689/2689/2689
f 2668/2668/2668 2666/2666/2666 2608/2608/2608
f 2668/2668/2668 2608/2608/2608 2593/2593/2593
f 2593/2593/2593 3817/3817/3817 2668/2668/2668
f 2668/2668/2668 3817/3817/3817 3803/3803/3803
f 3817/3817/3817 3760/3760/3760 3803/3803/3803
f 3804/3804/3804 3760/3760/3760 3817/3817/3817
f 3803/3803/3803 2666/2666/2666 2668/2668/2668
f 3721/3721/3721 2666/2666/2666 3803/3803/3803
f 3803/3803/3803 3722/3722/3722 3721/3721/3721
f 3760/3760/3760 3722/3722/3722 3803/3803/3803
f 3812/3812/3812 3722/3722/3722 3760/3760/3760
f 3804/3804/3804 3812/3812/3812 3760/3760/3760
f 3749/3749/3749 3812/3812/3812 3804/3804/3804
f 3717/3717/3717 3812/3812/3812 3749/3749/3749
f 3717/3717/3717 3818/3818/3818 3812/3812/3812
f 3818/3818/3818 3722/3722/3722 3812/3812/3812
f 4131/4131/4131 4381/4381/4381 4139/4139/4139
f 4317/4317/4317 4381/4381/4381 4131/4131/4131
f 4131/4131/4131 4377/4377/4377 4317/4317/4317
f 4117/4117/4117 4377/4377/4377 4131/4131/4131
f 4115/4115/4115 4377/4377/4377 4117/4117/4117
f 4337/4337/4337 4377/4377/4377 4115/4115/4115
f 4134/4134/4134 4337/4337/4337 4115/4115/4115
f 4333/4333/4333 4337/4337/4337 4134/4134/4134
f 4317/4317/4317 4318/4318/4318 4381/4381/4381
f 4318/4318/4318 4317/4317/4317 4378/4378/4378
f 4378/4378/4378 4317/4317/4317 4377/4377/4377
f 4378/4378/4378 4377/4377/4377 4335/4335/4335
f 4335/4335/4335 4377/4377/4377 4337/4337/4337
f 4337/4337/4337 4333/4333/4333 4335/4335/4335
f 4335/4335/4335 4333/4333/4333 4278/4278/4278
f 4278/4278/4278 4325/4325/4325 4335/4335/4335
f 4327/4327/4327 4325/4325/4325 4278/4278/4278
f 4318/4318/4318 4611/4611/4611 4381/4381/4381
f 4661/4661/4661 4611/4611/4611 4318/4318/4318
f 4379/4379/4379 4661/4661/4661 4318/4318/4318
f 4378/4378/4378 4379/4379/4379 4318/4318/4318
f 4335/4335/4335 4379/4379/4379 4378/4378/4378
f 4374/4374/4374 4379/4379/4379 4335/4335/4335
f 4335/4335/4335 4325/4325/4325 4374/4374/4374
f 4374/4374/4374 4325/4325/4325 4371/4371/4371
f 4371/4371/4371 4325/4325/4325 4365/4365/4365
f 4325/4325/4325 4327/4327/4327 4365/4365/4365
f 4365/4365/4365 4327/4327/4327 4363/4363/4363
f 4661/4661/4661 4613/4613/4613 4611/4611/4611
f 4660/4660/4660 4613/4613/4613 4661/4661/4661
f 4616/4616/4616 4660/4660/4660 4661/4661/4661
f 4616/4616/4616 4618/4618/4618 4660/4660/4660
f 4616/4616/4616 4695/4695/4695 4618/4618/4618
f 4618/4618/4618 4695/4695/4695 4689/4689/4689
f 4689/4689/4689 4695/4695/4695 4485/4485/4485
f 4485/4485/4485 4695/4695/4695 4492/4492/4492
f 4660/4660/4660 4681/4681/4681 4613/4613/4613
f 4622/4622/4622 4681/4681/4681 4660/4660/4660
f 4660/4660/4660 4618/4618/4618 4622/4622/4622
f 4622/4622/4622 4618/4618/4618 4619/4619/4619
f 4619/4619/4619 4618/4618/4618 4630/4630/4630
f 4689/4689/4689 4630/4630/4630 4618/4618/4618
f 4628/4628/4628 4630/4630/4630 4689/4689/4689
f 4721/4721/4721 4628/4628/4628 4689/4689/4689
f 4721/4721/4721 4689/4689/4689 4485/4485/4485
f 4622/4622/4622 4679/4679/4679 4681/4681/4681
f 4619/4619/4619 4679/4679/4679 4622/4622/4622
f 4619/4619/4619 4696/4696/4696 4679/4679/4679
f 4682/4682/4682 4696/4696/4696 4619/4619/4619
f 4619/4619/4619 4630/4630/4630 4682/4682/4682
f 4682/4682/4682 4630/4630/4630 4697/4697/4697
f 4630/4630/4630 4617/4617/4617 4697/4697/4697
f 4617/4617/4617 4630/4630/4630 4629/4629/4629
f 4629/4629/4629 4630/4630/4630 4628/4628/4628
f 4684/4684/4684 4629/4629/4629 4628/4628/4628
f 4684/4684/4684 4628/4628/4628 4686/4686/4686
f 4686/4686/4686 4628/4628/4628 4721/4721/4721
f 4698/4698/4698 4696/4696/4696 4682/4682/4682
f 4682/4682/4682 4731/4731/4731 4698/4698/4698
f 4697/4697/4697 4731/4731/4731 4682/4682/4682
f 4697/4697/4697 4694/4694/4694 4731/4731/4731
f 4697/4697/4697 4617/4617/4617 4694/4694/4694
f 4667/4667/4667 4696/4696/4696 4698/4698/4698
f 4698/4698/4698 4730/4730/4730 4667/4667/4667
f 4666/4666/4666 4730/4730/4730 4698/4698/4698
f 4666/4666/4666 4698/4698/4698 4683/4683/4683
f 4698/4698/4698 4731/4731/4731 4683/4683/4683
f 4731/4731/4731 4668/4668/4668 4683/4683/4683
f 4668/4668/4668 4731/4731/4731 4693/4693/4693
f 4693/4693/4693 4731/4731/4731 4669/4669/4669
f 4731/4731/4731 4694/4694/4694 4669/4669/4669
f 4666/4666/4666 4674/4674/4674 4730/4730/4730
f 4683/4683/4683 4674/4674/4674 4666/4666/4666
f 4668/4668/4668 4674/4674/4674 4683/4683/4683
f 4693/4693/4693 4674/4674/4674 4668/4668/4668
f 4674/4674/4674 4693/4693/4693 4700/4700/4700
f 4674/4674/4674 4700/4700/4700 4560/4560/4560
f 4730/4730/4730 4674/4674/4674 4560/4560/4560
f 4719/4719/4719 4629/4629/4629 4684/4684/4684
f 4678/4678/4678 4719/4719/4719 4684/4684/4684
f 4678/4678/4678 4684/4684/4684 4703/4703/4703
f 4703/4703/4703 4684/4684/4684 4686/4686/4686
f 4686/4686/4686 4713/4713/4713 4703/4703/4703
f 4686/4686/4686 4711/4711/4711 4713/4713/4713
f 4686/4686/4686 4721/4721/4721 4711/4711/4711
f 4720/4720/4720 4719/4719/4719 4678/4678/4678
f 4680/4680/4680 4720/4720/4720 4678/4678/4678
f 4703/4703/4703 4680/4680/4680 4678/4678/4678
f 4704/4704/4704 4680/4680/4680 4703/4703/4703
f 4703/4703/4703 4716/4716/4716 4704/4704/4704
f 4703/4703/4703 4713/4713/4713 4716/4716/4716
f 4717/4717/4717 4720/4720/4720 4680/4680/4680
f 4680/4680/4680 4722/4722/4722 4717/4717/4717
f 4704/4704/4704 4722/4722/4722 4680/4680/4680
f 4704/4704/4704 4716/4716/4716 4722/4722/4722
f 4722/4722/4722 4723/4723/4723 4717/4717/4717
f 4724/4724/4724 4723/4723/4723 4722/4722/4722
f 4523/4523/4523 4364/4364/4364 4402/4402/4402
f 4523/4523/4523 4499/4499/4499 4364/4364/4364
f 4525/4525/4525 4499/4499/4499 4523/4523/4523
f 4530/4530/4530 4499/4499/4499 4525/4525/4525
f 4525/4525/4525 4527/4527/4527 4530/4530/4530
f 4524/4524/4524 4527/4527/4527 4525/4525/4525
f 4527/4527/4527 4524/4524/4524 4497/4497/4497
f 4497/4497/4497 4524/4524/4524 4506/4506/4506
f 4364/4364/4364 4499/4499/4499 4248/4248/4248
f 4499/4499/4499 4247/4247/4247 4248/4248/4248
f 4504/4504/4504 4247/4247/4247 4499/4499/4499
f 4499/4499/4499 4503/4503/4503 4504/4504/4504
f 4530/4530/4530 4503/4503/4503 4499/4499/4499
f 4527/4527/4527 4503/4503/4503 4530/4530/4530
f 4501/4501/4501 4503/4503/4503 4527/4527/4527
f 4527/4527/4527 4505/4505/4505 4501/4501/4501
f 4497/4497/4497 4505/4505/4505 4527/4527/4527
f 4315/4315/4315 4364/4364/4364 4248/4248/4248
f 4315/4315/4315 4248/4248/4248 4227/4227/4227
f 4227/4227/4227 4248/4248/4248 4247/4247/4247
f 4247/4247/4247 4297/4297/4297 4227/4227/4227
f 4247/4247/4247 4504/4504/4504 4297/4297/4297
f 4504/4504/4504 4369/4369/4369 4297/4297/4297
f 4583/4583/4583 4369/4369/4369 4504/4504/4504
f 4503/4503/4503 4583/4583/4583 4504/4504/4504
f 4607/4607/4607 4583/4583/4583 4503/4503/4503
f 4501/4501/4501 4607/4607/4607 4503/4503/4503
f 4263/4263/4263 4364/4364/4364 4315/4315/4315
f 4451/4451/4451 4263/4263/4263 4315/4315/4315
f 4450/4450/4450 4451/4451/4451 4315/4315/4315
f 4450/4450/4450 4315/4315/4315 4286/4286/4286
f 4286/4286/4286 4315/4315/4315 4227/4227/4227
f 4308/4308/4308 4263/4263/4263 4451/4451/4451
f 4308/4308/4308 4451/4451/4451 4309/4309/4309
f 4309/4309/4309 4451/4451/4451 4266/4266/4266
f 4440/4440/4440 4266/4266/4266 4451/4451/4451
f 4440/4440/4440 4451/4451/4451 4450/4450/4450
f 4450/4450/4450 4448/4448/4448 4440/4440/4440
f 4448/4448/4448 4450/4450/4450 4307/4307/4307
f 4286/4286/4286 4307/4307/4307 4450/4450/4450
f 4342/4342/4342 4307/4307/4307 4286/4286/4286
f 4407/4407/4407 4342/4342/4342 4286/4286/4286
f 4286/4286/4286 4227/4227/4227 4407/4407/4407
f 4266/4266/4266 4449/4449/4449 4309/4309/4309
f 4311/4311/4311 4449/4449/4449 4266/4266/4266
f 4266/4266/4266 4265/4265/4265 4311/4311/4311
f 4265/4265/4265 4266/4266/4266 4440/4440/4440
f 4440/4440/4440 4438/4438/4438 4265/4265/4265
f 4403/4403/4403 4438/4438/4438 4440/4440/4440
f 4440/4440/4440 4448/4448/4448 4403/4403/4403
f 4311/4311/4311 4306/4306/4306 4449/4449/4449
f 4264/4264/4264 4306/4306/4306 4311/4311/4311
f 4264/4264/4264 4311/4311/4311 4439/4439/4439
f 4439/4439/4439 4311/4311/4311 4310/4310/4310
f 4311/4311/4311 4265/4265/4265 4310/4310/4310
f 4310/4310/4310 4265/4265/4265 4262/4262/4262
f 4262/4262/4262 4265/4265/4265 4438/4438/4438
f 4310/4310/4310 4261/4261/4261 4439/4439/4439
f 4262/4262/4262 4261/4261/4261 4310/4310/4310
f 4583/4583/4583 4425/4425/4425 4369/4369/4369
f 4404/4404/4404 4342/4342/4342 4407/4407/4407
f 4404/4404/4404 4407/4407/4407 4321/4321/4321
f 4321/4321/4321 4407/4407/4407 4320/4320/4320
f 4344/4344/4344 4320/4320/4320 4407/4407/4407
f 4407/4407/4407 4227/4227/4227 4344/4344/4344
f 4227/4227/4227 4346/4346/4346 4344/4344/4344
f 4288/4288/4288 4346/4346/4346 4227/4227/4227
f 4227/4227/4227 4297/4297/4297 4288/4288/4288
f 4320/4320/4320 4538/4538/4538 4321/4321/4321
f 4480/4480/4480 4538/4538/4538 4320/4320/4320
f 4320/4320/4320 4460/4460/4460 4480/4480/4480
f 4456/4456/4456 4460/4460/4460 4320/4320/4320
f 4344/4344/4344 4456/4456/4456 4320/4320/4320
f 4405/4405/4405 4456/4456/4456 4344/4344/4344
f 4344/4344/4344 4409/4409/4409 4405/4405/4405
f 4344/4344/4344 4346/4346/4346 4409/4409/4409
f 4480/4480/4480 4461/4461/4461 4538/4538/4538
f 4479/4479/4479 4461/4461/4461 4480/4480/4480
f 4480/4480/4480 4459/4459/4459 4479/4479/4479
f 4460/4460/4460 4459/4459/4459 4480/4480/4480
f 4460/4460/4460 4458/4458/4458 4459/4459/4459
f 4467/4467/4467 4458/4458/4458 4460/4460/4460
f 4467/4467/4467 4460/4460/4460 4475/4475/4475
f 4475/4475/4475 4460/4460/4460 4456/4456/4456
f 4405/4405/4405 4475/4475/4475 4456/4456/4456
f 4479/4479/4479 4385/4385/4385 4461/4461/4461
f 4459/4459/4459 4385/4385/4385 4479/4479/4479
f 4481/4481/4481 4385/4385/4385 4459/4459/4459
f 4459/4459/4459 4458/4458/4458 4481/4481/4481
f 4481/4481/4481 4458/4458/4458 4384/4384/4384
f 4461/4461/4461 4385/4385/4385 4471/4471/4471
f 4228/4228/4228 4475/4475/4475 4405/4405/4405
f 4406/4406/4406 4228/4228/4228 4405/4405/4405
f 4405/4405/4405 4409/4409/4409 4406/4406/4406
f 4230/4230/4230 4406/4406/4406 4409/4409/4409
f 4229/4229/4229 4230/4230/4230 4409/4409/4409
f 4409/4409/4409 4346/4346/4346 4229/4229/4229
f 4229/4229/4229 4346/4346/4346 4408/4408/4408
f 4346/4346/4346 4288/4288/4288 4408/4408/4408
f 4406/4406/4406 4226/4226/4226 4228/4228/4228
f 4230/4230/4230 4226/4226/4226 4406/4406/4406
f 4287/4287/4287 4230/4230/4230 4229/4229/4229
f 4287/4287/4287 4229/4229/4229 4231/4231/4231
f 4231/4231/4231 4229/4229/4229 4232/4232/4232
f 4229/4229/4229 4408/4408/4408 4232/4232/4232
f 4232/4232/4232 4408/4408/4408 4411/4411/4411
f 4408/4408/4408 4348/4348/4348 4411/4411/4411
f 4408/4408/4408 4288/4288/4288 4348/4348/4348
f 4302/4302/4302 4348/4348/4348 4288/4288/4288
f 4297/4297/4297 4302/4302/4302 4288/4288/4288
f 4369/4369/4369 4302/4302/4302 4297/4297/4297
f 4257/4257/4257 4302/4302/4302 4369/4369/4369
f 4231/4231/4231 4232/4232/4232 4367/4367/4367
f 4367/4367/4367 4232/4232/4232 4433/4433/4433
f 4232/4232/4232 4411/4411/4411 4433/4433/4433
f 4433/4433/4433 4411/4411/4411 4375/4375/4375
f 4289/4289/4289 4375/4375/4375 4411/4411/4411
f 4411/4411/4411 4348/4348/4348 4289/4289/4289
f 4416/4416/4416 4289/4289/4289 4348/4348/4348
f 4348/4348/4348 4358/4358/4358 4416/4416/4416
f 4358/4358/4358 4348/4348/4348 4302/4302/4302
f 4433/4433/4433 4578/4578/4578 4367/4367/4367
f 4434/4434/4434 4578/4578/4578 4433/4433/4433
f 4433/4433/4433 4375/4375/4375 4434/4434/4434
f 4434/4434/4434 4375/4375/4375 4303/4303/4303
f 4249/4249/4249 4303/4303/4303 4375/4375/4375
f 4249/4249/4249 4375/4375/4375 4289/4289/4289
f 4235/4235/4235 4249/4249/4249 4289/4289/4289
f 4235/4235/4235 4289/4289/4289 4416/4416/4416
f 4434/4434/4434 4572/4572/4572 4578/4578/4578
f 4303/4303/4303 4572/4572/4572 4434/4434/4434
f 4256/4256/4256 4572/4572/4572 4303/4303/4303
f 4298/4298/4298 4256/4256/4256 4303/4303/4303
f 4298/4298/4298 4303/4303/4303 4249/4249/4249
f 4429/4429/4429 4298/4298/4298 4249/4249/4249
f 4429/4429/4429 4249/4249/4249 4235/4235/4235
f 4429/4429/4429 4235/4235/4235 4252/4252/4252
f 4252/4252/4252 4235/4235/4235 4414/4414/4414
f 4416/4416/4416 4414/4414/4414 4235/4235/4235
f 4578/4578/4578 4572/4572/4572 4553/4553/4553
f 4553/4553/4553 4572/4572/4572 4542/4542/4542
f 4572/4572/4572 4597/4597/4597 4542/4542/4542
f 4572/4572/4572 4256/4256/4256 4597/4597/4597
f 4256/4256/4256 4432/4432/4432 4597/4597/4597
f 4255/4255/4255 4432/4432/4432 4256/4256/4256
f 4255/4255/4255 4256/4256/4256 4298/4298/4298
f 4430/4430/4430 4255/4255/4255 4298/4298/4298
f 4430/4430/4430 4298/4298/4298 4429/4429/4429
f 4429/4429/4429 4428/4428/4428 4430/4430/4430
f 4252/4252/4252 4428/4428/4428 4429/4429/4429
f 4542/4542/4542 4554/4554/4554 4553/4553/4553
f 4541/4541/4541 4554/4554/4554 4542/4542/4542
f 4542/4542/4542 4579/4579/4579 4541/4541/4541
f 4542/4542/4542 4597/4597/4597 4579/4579/4579
f 4597/4597/4597 4592/4592/4592 4579/4579/4579
f 4592/4592/4592 4597/4597/4597 4432/4432/4432
f 4432/4432/4432 4301/4301/4301 4592/4592/4592
f 4432/4432/4432 4255/4255/4255 4301/4301/4301
f 4301/4301/4301 4255/4255/4255 4431/4431/4431
f 4251/4251/4251 4431/4431/4431 4255/4255/4255
f 4251/4251/4251 4255/4255/4255 4430/4430/4430
f 4428/4428/4428 4251/4251/4251 4430/4430/4430
f 4541/4541/4541 4547/4547/4547 4554/4554/4554
f 4541/4541/4541 4539/4539/4539 4547/4547/4547
f 4540/4540/4540 4539/4539/4539 4541/4541/4541
f 4541/4541/4541 4579/4579/4579 4540/4540/4540
f 4581/4581/4581 4540/4540/4540 4579/4579/4579
f 4579/4579/4579 4592/4592/4592 4581/4581/4581
f 4554/4554/4554 4547/4547/4547 4548/4548/4548
f 4547/4547/4547 4577/4577/4577 4548/4548/4548
f 4539/4539/4539 4577/4577/4577 4547/4547/4547
f 4580/4580/4580 4577/4577/4577 4539/4539/4539
f 4584/4584/4584 4580/4580/4580 4539/4539/4539
f 4540/4540/4540 4584/4584/4584 4539/4539/4539
f 4575/4575/4575 4584/4584/4584 4540/4540/4540
f 4575/4575/4575 4540/4540/4540 4581/4581/4581
f 4575/4575/4575 4581/4581/4581 4545/4545/4545
f 4545/4545/4545 4581/4581/4581 4582/4582/4582
f 4592/4592/4592 4582/4582/4582 4581/4581/4581
f 4548/4548/4548 4577/4577/4577 4576/4576/4576
f 4576/4576/4576 4577/4577/4577 4465/4465/4465
f 4465/4465/4465 4577/4577/4577 4455/4455/4455
f 4577/4577/4577 4580/4580/4580 4455/4455/4455
f 4455/4455/4455 4580/4580/4580 4445/4445/4445
f 4580/4580/4580 4585/4585/4585 4445/4445/4445
f 4585/4585/4585 4580/4580/4580 4584/4584/4584
f 4584/4584/4584 4537/4537/4537 4585/4585/4585
f 4584/4584/4584 4545/4545/4545 4537/4537/4537
f 4575/4575/4575 4545/4545/4545 4584/4584/4584
f 4465/4465/4465 4462/4462/4462 4576/4576/4576
f 4464/4464/4464 4462/4462/4462 4465/4465/4465
f 4465/4465/4465 4383/4383/4383 4464/4464/4464
f 4322/4322/4322 4383/4383/4383 4465/4465/4465
f 4465/4465/4465 4455/4455/4455 4322/4322/4322
f 4322/4322/4322 4455/4455/4455 4454/4454/4454
f 4445/4445/4445 4454/4454/4454 4455/4455/4455
f 4444/4444/4444 4454/4454/4454 4445/4445/4445
f 4445/4445/4445 4275/4275/4275 4444/4444/4444
f 4445/4445/4445 4585/4585/4585 4275/4275/4275
f 4464/4464/4464 4468/4468/4468 4462/4462/4462
f 4464/4464/4464 4477/4477/4477 4468/4468/4468
f 4383/4383/4383 4477/4477/4477 4464/4464/4464
f 4383/4383/4383 4446/4446/4446 4477/4477/4477
f 4466/4466/4466 4446/4446/4446 4383/4383/4383
f 4322/4322/4322 4466/4466/4466 4383/4383/4383
f 4457/4457/4457 4466/4466/4466 4322/4322/4322
f 4457/4457/4457 4474/4474/4474 4466/4466/4466
f 4478/4478/4478 4474/4474/4474 4457/4457/4457
f 4462/4462/4462 4468/4468/4468 4473/4473/4473
f 4476/4476/4476 4474/4474/4474 4478/4478/4478
f 4472/4472/4472 4474/4474/4474 4476/4476/4476
f 4463/4463/4463 4472/4472/4472 4476/4476/4476
f 4476/4476/4476 4469/4469/4469 4463/4463/4463
f 4469/4469/4469 4225/4225/4225 4463/4463/4463
f 4225/4225/4225 4470/4470/4470 4463/4463/4463
f 4472/4472/4472 4470/4470/4470 4474/4474/4474
f 4470/4470/4470 4472/4472/4472 4463/4463/4463
f 4474/4474/4474 4470/4470/4470 4323/4323/4323
f 4323/4323/4323 4446/4446/4446 4474/4474/4474
f 4474/4474/4474 4446/4446/4446 4466/4466/4466
f 4444/4444/4444 4275/4275/4275 4267/4267/4267
f 4442/4442/4442 4267/4267/4267 4275/4275/4275
f 4442/4442/4442 4275/4275/4275 4453/4453/4453
f 4453/4453/4453 4275/4275/4275 4585/4585/4585
f 4585/4585/4585 4574/4574/4574 4453/4453/4453
f 4585/4585/4585 4537/4537/4537 4574/4574/4574
f 4312/4312/4312 4267/4267/4267 4442/4442/4442
f 4273/4273/4273 4312/4312/4312 4442/4442/4442
f 4442/4442/4442 4453/4453/4453 4273/4273/4273
f 4273/4273/4273 4453/4453/4453 4271/4271/4271
f 4272/4272/4272 4273/4273/4273 4271/4271/4271
f 4276/4276/4276 4273/4273/4273 4272/4272/4272
f 4272/4272/4272 4443/4443/4443 4276/4276/4276
f 4276/4276/4276 4443/4443/4443 4319/4319/4319
f 4313/4313/4313 4319/4319/4319 4443/4443/4443
f 4274/4274/4274 4312/4312/4312 4273/4273/4273
f 4276/4276/4276 4274/4274/4274 4273/4273/4273
f 4316/4316/4316 4274/4274/4274 4276/4276/4276
f 4276/4276/4276 4270/4270/4270 4316/4316/4316
f 4319/4319/4319 4270/4270/4270 4276/4276/4276
f 4319/4319/4319 4269/4269/4269 4270/4270/4270
f 4314/4314/4314 4269/4269/4269 4319/4319/4319
f 4314/4314/4314 4319/4319/4319 4313/4313/4313
f 4452/4452/4452 4314/4314/4314 4313/4313/4313
f 4313/4313/4313 4268/4268/4268 4452/4452/4452
f 4268/4268/4268 4441/4441/4441 4452/4452/4452
f 4441/4441/4441 4269/4269/4269 4452/4452/4452
f 4452/4452/4452 4269/4269/4269 4314/4314/4314
f 4588/4588/4588 4582/4582/4582 4592/4592/4592
f 4592/4592/4592 4253/4253/4253 4588/4588/4588
f 4592/4592/4592 4301/4301/4301 4253/4253/4253
f 4373/4373/4373 4253/4253/4253 4301/4301/4301
f 4431/4431/4431 4373/4373/4373 4301/4301/4301
f 4254/4254/4254 4373/4373/4373 4431/4431/4431
f 4373/4373/4373 4254/4254/4254 4370/4370/4370
f 4370/4370/4370 4254/4254/4254 4250/4250/4250
f 4250/4250/4250 4362/4362/4362 4370/4370/4370
f 4421/4421/4421 4362/4362/4362 4250/4250/4250
f 4300/4300/4300 4253/4253/4253 4373/4373/4373
f 4370/4370/4370 4300/4300/4300 4373/4373/4373
f 4372/4372/4372 4300/4300/4300 4370/4370/4370
f 4362/4362/4362 4372/4372/4372 4370/4370/4370
f 4243/4243/4243 4372/4372/4372 4362/4362/4362
f 4362/4362/4362 4294/4294/4294 4243/4243/4243
f 4420/4420/4420 4294/4294/4294 4362/4362/4362
f 4362/4362/4362 4244/4244/4244 4420/4420/4420
f 4421/4421/4421 4244/4244/4244 4362/4362/4362
f 4236/4236/4236 4294/4294/4294 4420/4420/4420
f 4236/4236/4236 4420/4420/4420 4244/4244/4244
f 4236/4236/4236 4244/4244/4244 4412/4412/4412
f 4285/4285/4285 4236/4236/4236 4412/4412/4412
f 4285/4285/4285 4294/4294/4294 4236/4236/4236
f 4299/4299/4299 4251/4251/4251 4428/4428/4428
f 4427/4427/4427 4299/4299/4299 4428/4428/4428
f 4252/4252/4252 4427/4427/4427 4428/4428/4428
f 4426/4426/4426 4427/4427/4427 4252/4252/4252
f 4414/4414/4414 4426/4426/4426 4252/4252/4252
f 4238/4238/4238 4426/4426/4426 4414/4414/4414
f 4417/4417/4417 4238/4238/4238 4414/4414/4414
f 4417/4417/4417 4414/4414/4414 4416/4416/4416
f 4424/4424/4424 4299/4299/4299 4427/4427/4427
f 4422/4422/4422 4424/4424/4424 4427/4427/4427
f 4426/4426/4426 4422/4422/4422 4427/4427/4427
f 4423/4423/4423 4422/4422/4422 4426/4426/4426
f 4238/4238/4238 4423/4423/4423 4426/4426/4426
f 4415/4415/4415 4423/4423/4423 4238/4238/4238
f 4239/4239/4239 4415/4415/4415 4238/4238/4238
f 4239/4239/4239 4238/4238/4238 4417/4417/4417
f 4239/4239/4239 4417/4417/4417 4240/4240/4240
f 4240/4240/4240 4417/4417/4417 4419/4419/4419
f 4417/4417/4417 4416/4416/4416 4419/4419/4419
f 4295/4295/4295 4424/4424/4424 4422/4422/4422
f 4422/4422/4422 4296/4296/4296 4295/4295/4295
f 4246/4246/4246 4296/4296/4296 4422/4422/4422
f 4423/4423/4423 4246/4246/4246 4422/4422/4422
f 4245/4245/4245 4246/4246/4246 4423/4423/4423
f 4245/4245/4245 4423/4423/4423 4350/4350/4350
f 4350/4350/4350 4423/4423/4423 4415/4415/4415
f 4290/4290/4290 4350/4350/4350 4415/4415/4415
f 4290/4290/4290 4415/4415/4415 4239/4239/4239
f 4239/4239/4239 4413/4413/4413 4290/4290/4290
f 4240/4240/4240 4413/4413/4413 4239/4239/4239
f 4296/4296/4296 4246/4246/4246 4234/4234/4234
f 4234/4234/4234 4246/4246/4246 4245/4245/4245
f 4234/4234/4234 4245/4245/4245 4233/4233/4233
f 4340/4340/4340 4234/4234/4234 4233/4233/4233
f 4340/4340/4340 4296/4296/4296 4234/4234/4234
f 4352/4352/4352 4350/4350/4350 4290/4290/4290
f 4413/4413/4413 4352/4352/4352 4290/4290/4290
f 4410/4410/4410 4352/4352/4352 4413/4413/4413
f 4419/4419/4419 4416/4416/4416 4354/4354/4354
f 4416/4416/4416 4358/4358/4358 4354/4354/4354
f 4354/4354/4354 4358/4358/4358 4293/4293/4293
f 4358/4358/4358 4356/4356/4356 4293/4293/4293
f 4360/4360/4360 4356/4356/4356 4358/4358/4358
f 4302/4302/4302 4360/4360/4360 4358/4358/4358
f 4260/4260/4260 4360/4360/4360 4302/4302/4302
f 4260/4260/4260 4302/4302/4302 4437/4437/4437
f 4437/4437/4437 4302/4302/4302 4257/4257/4257
f 4360/4360/4360 4305/4305/4305 4356/4356/4356
f 4435/4435/4435 4305/4305/4305 4360/4360/4360
f 4360/4360/4360 4304/4304/4304 4435/4435/4435
f 4260/4260/4260 4304/4304/4304 4360/4360/4360
f 4304/4304/4304 4260/4260/4260 4259/4259/4259
f 4259/4259/4259 4260/4260/4260 4437/4437/4437
f 4435/4435/4435 4436/4436/4436 4305/4305/4305
f 4258/4258/4258 4436/4436/4436 4435/4435/4435
f 4435/4435/4435 4418/4418/4418 4258/4258/4258
f 4304/4304/4304 4418/4418/4418 4435/4435/4435
f 4304/4304/4304 4292/4292/4292 4418/4418/4418
f 4259/4259/4259 4292/4292/4292 4304/4304/4304
f 4242/4242/4242 4436/4436/4436 4258/4258/4258
f 4418/4418/4418 4242/4242/4242 4258/4258/4258
f 4241/4241/4241 4242/4242/4242 4418/4418/4418
f 4292/4292/4292 4241/4241/4241 4418/4418/4418
f 4237/4237/4237 4241/4241/4241 4292/4292/4292
f 4291/4291/4291 4436/4436/4436 4242/4242/4242
f 4609/4609/4609 4607/4607/4607 4501/4501/4501
f 4505/4505/4505 4609/4609/4609 4501/4501/4501
f 4496/4496/4496 4609/4609/4609 4505/4505/4505
f 4505/4505/4505 4495/4495/4495 4496/4496/4496
f 4502/4502/4502 4495/4495/4495 4505/4505/4505
f 4502/4502/4502 4505/4505/4505 4500/4500/4500
f 4500/4500/4500 4505/4505/4505 4497/4497/4497
f 4497/4497/4497 4498/4498/4498 4500/4500/4500
f 4506/4506/4506 4498/4498/4498 4497/4497/4497
f 4502/4502/4502 4606/4606/4606 4495/4495/4495
f 4500/4500/4500 4606/4606/4606 4502/4502/4502
f 4604/4604/4604 4606/4606/4606 4500/4500/4500
f 4500/4500/4500 4498/4498/4498 4604/4604/4604
f 4604/4604/4604 4498/4498/4498 4605/4605/4605
f 4495/4495/4495 4606/4606/4606 4608/4608/4608
f 4701/4701/4701 4676/4676/4676 4675/4675/4675
f 4702/4702/4702 4676/4676/4676 4701/4701/4701
f 4691/4691/4691 4702/4702/4702 4701/4701/4701
f 4690/4690/4690 4702/4702/4702 4691/4691/4691
f 4691/4691/4691 4543/4543/4543 4690/4690/4690
f 4549/4549/4549 4543/4543/4543 4691/4691/4691
f 4552/4552/4552 4543/4543/4543 4549/4549/4549
f 4702/4702/4702 4665/4665/4665 4676/4676/4676
f 4702/4702/4702 4670/4670/4670 4665/4665/4665
f 4690/4690/4690 4670/4670/4670 4702/4702/4702
f 4670/4670/4670 4690/4690/4690 4688/4688/4688
f 4688/4688/4688 4690/4690/4690 4555/4555/4555
f 4555/4555/4555 4690/4690/4690 4543/4543/4543
f 4543/4543/4543 4551/4551/4551 4555/4555/4555
f 4551/4551/4551 4543/4543/4543 4552/4552/4552
f 4706/4706/4706 4551/4551/4551 4552/4552/4552
f 4676/4676/4676 4665/4665/4665 4673/4673/4673
f 4671/4671/4671 4673/4673/4673 4665/4665/4665
f 4665/4665/4665 4670/4670/4670 4671/4671/4671
f 4671/4671/4671 4670/4670/4670 4692/4692/4692
f 4670/4670/4670 4688/4688/4688 4692/4692/4692
f 4692/4692/4692 4688/4688/4688 4687/4687/4687
f 4687/4687/4687 4688/4688/4688 4677/4677/4677
f 4677/4677/4677 4688/4688/4688 4685/4685/4685
f 4688/4688/4688 4555/4555/4555 4685/4685/4685
f 4672/4672/4672 4673/4673/4673 4671/4671/4671
f 4677/4677/4677 4685/4685/4685 4699/4699/4699
f 4699/4699/4699 4685/4685/4685 4664/4664/4664
f 4664/4664/4664 4685/4685/4685 4559/4559/4559
f 4685/4685/4685 4555/4555/4555 4559/4559/4559
f 4555/4555/4555 4556/4556/4556 4559/4559/4559
f 4555/4555/4555 4551/4551/4551 4556/4556/4556
f 4699/4699/4699 4664/4664/4664 4612/4612/4612
f 4612/4612/4612 4664/4664/4664 4663/4663/4663
f 4614/4614/4614 4663/4663/4663 4664/4664/4664
f 4559/4559/4559 4614/4614/4614 4664/4664/4664
f 4550/4550/4550 4614/4614/4614 4559/4559/4559
f 4556/4556/4556 4550/4550/4550 4559/4559/4559
f 4558/4558/4558 4550/4550/4550 4556/4556/4556
f 4558/4558/4558 4556/4556/4556 4522/4522/4522
f 4522/4522/4522 4556/4556/4556 4602/4602/4602
f 4551/4551/4551 4602/4602/4602 4556/4556/4556
f 4612/4612/4612 4663/4663/4663 4128/4128/4128
f 4128/4128/4128 4663/4663/4663 4136/4136/4136
f 4663/4663/4663 4113/4113/4113 4136/4136/4136
f 4137/4137/4137 4113/4113/4113 4663/4663/4663
f 4137/4137/4137 4130/4130/4130 4113/4113/4113
f 4659/4659/4659 4130/4130/4130 4137/4137/4137
f 4128/4128/4128 4136/4136/4136 4116/4116/4116
f 4116/4116/4116 4136/4136/4136 4118/4118/4118
f 4136/4136/4136 4113/4113/4113 4118/4118/4118
f 4118/4118/4118 4113/4113/4113 4119/4119/4119
f 4113/4113/4113 4130/4130/4130 4119/4119/4119
f 4119/4119/4119 4130/4130/4130 4114/4114/4114
f 4130/4130/4130 4140/4140/4140 4114/4114/4114
f 4130/4130/4130 4627/4627/4627 4140/4140/4140
f 4659/4659/4659 4627/4627/4627 4130/4130/4130
f 4658/4658/4658 4627/4627/4627 4659/4659/4659
f 4658/4658/4658 4659/4659/4659 4614/4614/4614
f 4614/4614/4614 4659/4659/4659 4662/4662/4662
f 4662/4662/4662 4663/4663/4663 4614/4614/4614
f 4114/4114/4114 4140/4140/4140 4124/4124/4124
f 4388/4388/4388 4124/4124/4124 4140/4140/4140
f 4140/4140/4140 4213/4213/4213 4388/4388/4388
f 4140/4140/4140 4389/4389/4389 4213/4213/4213
f 4627/4627/4627 4389/4389/4389 4140/4140/4140
f 4120/4120/4120 4124/4124/4124 4388/4388/4388
f 4120/4120/4120 4388/4388/4388 4135/4135/4135
f 4135/4135/4135 4388/4388/4388 4330/4330/4330
f 4388/4388/4388 4386/4386/4386 4330/4330/4330
f 4213/4213/4213 4386/4386/4386 4388/4388/4388
f 4213/4213/4213 4328/4328/4328 4386/4386/4386
f 4328/4328/4328 4213/4213/4213 4279/4279/4279
f 4279/4279/4279 4213/4213/4213 4214/4214/4214
f 4213/4213/4213 4400/4400/4400 4214/4214/4214
f 4389/4389/4389 4400/4400/4400 4213/4213/4213
f 4223/4223/4223 4400/4400/4400 4389/4389/4389
f 4135/4135/4135 4330/4330/4330 4129/4129/4129
f 4129/4129/4129 4330/4330/4330 4209/4209/4209
f 4209/4209/4209 4330/4330/4330 4211/4211/4211
f 4211/4211/4211 4330/4330/4330 4386/4386/4386
f 4386/4386/4386 4447/4447/4447 4211/4211/4211
f 4386/4386/4386 4328/4328/4328 4447/4447/4447
f 4328/4328/4328 4368/4368/4368 4447/4447/4447
f 4329/4329/4329 4368/4368/4368 4328/4328/4328
f 4328/4328/4328 4279/4279/4279 4329/4329/4329
f 4329/4329/4329 4279/4279/4279 4396/4396/4396
f 4279/4279/4279 4281/4281/4281 4396/4396/4396
f 4214/4214/4214 4281/4281/4281 4279/4279/4279
f 4212/4212/4212 4281/4281/4281 4214/4214/4214
f 4214/4214/4214 4400/4400/4400 4212/4212/4212
f 4211/4211/4211 4447/4447/4447 4324/4324/4324
f 4447/4447/4447 4368/4368/4368 4324/4324/4324
f 4324/4324/4324 4368/4368/4368 4366/4366/4366
f 4368/4368/4368 4349/4349/4349 4366/4366/4366
f 4329/4329/4329 4349/4349/4349 4368/4368/4368
f 4359/4359/4359 4349/4349/4349 4329/4329/4329
f 4329/4329/4329 4396/4396/4396 4359/4359/4359
f 4359/4359/4359 4396/4396/4396 4221/4221/4221
f 4396/4396/4396 4398/4398/4398 4221/4221/4221
f 4396/4396/4396 4281/4281/4281 4398/4398/4398
f 4366/4366/4366 4349/4349/4349 4347/4347/4347
f 4349/4349/4349 4390/4390/4390 4347/4347/4347
f 4390/4390/4390 4349/4349/4349 4339/4339/4339
f 4339/4339/4339 4349/4349/4349 4359/4359/4359
f 4359/4359/4359 4283/4283/4283 4339/4339/4339
f 4221/4221/4221 4283/4283/4283 4359/4359/4359
f 4336/4336/4336 4283/4283/4283 4221/4221/4221
f 4221/4221/4221 4338/4338/4338 4336/4336/4336
f 4398/4398/4398 4338/4338/4338 4221/4221/4221
f 4347/4347/4347 4390/4390/4390 4280/4280/4280
f 4390/4390/4390 4331/4331/4331 4280/4280/4280
f 4391/4391/4391 4331/4331/4331 4390/4390/4390
f 4339/4339/4339 4391/4391/4391 4390/4390/4390
f 4341/4341/4341 4391/4391/4391 4339/4339/4339
f 4283/4283/4283 4341/4341/4341 4339/4339/4339
f 4332/4332/4332 4341/4341/4341 4283/4283/4283
f 4336/4336/4336 4332/4332/4332 4283/4283/4283
f 4392/4392/4392 4332/4332/4332 4336/4336/4336
f 4338/4338/4338 4392/4392/4392 4336/4336/4336
f 4401/4401/4401 4392/4392/4392 4338/4338/4338
f 4399/4399/4399 4401/4401/4401 4338/4338/4338
f 4338/4338/4338 4398/4398/4398 4399/4399/4399
f 4399/4399/4399 4398/4398/4398 4217/4217/4217
f 4398/4398/4398 4281/4281/4281 4217/4217/4217
f 4217/4217/4217 4281/4281/4281 4218/4218/4218
f 4218/4218/4218 4281/4281/4281 4210/4210/4210
f 4210/4210/4210 4281/4281/4281 4212/4212/4212
f 4222/4222/4222 4401/4401/4401 4399/4399/4399
f 4399/4399/4399 4387/4387/4387 4222/4222/4222
f 4395/4395/4395 4387/4387/4387 4399/4399/4399
f 4395/4395/4395 4399/4399/4399 4397/4397/4397
f 4397/4397/4397 4399/4399/4399 4217/4217/4217
f 4397/4397/4397 4217/4217/4217 4219/4219/4219
f 4219/4219/4219 4217/4217/4217 4218/4218/4218
f 4219/4219/4219 4218/4218/4218 4277/4277/4277
f 4277/4277/4277 4218/4218/4218 4210/4210/4210
f 4210/4210/4210 4224/4224/4224 4277/4277/4277
f 4212/4212/4212 4224/4224/4224 4210/4210/4210
f 4400/4400/4400 4224/4224/4224 4212/4212/4212
f 4223/4223/4223 4224/4224/4224 4400/4400/4400
f 4395/4395/4395 4393/4393/4393 4387/4387/4387
f 4394/4394/4394 4393/4393/4393 4395/4395/4395
f 4395/4395/4395 4397/4397/4397 4394/4394/4394
f 4394/4394/4394 4397/4397/4397 4334/4334/4334
f 4220/4220/4220 4334/4334/4334 4397/4397/4397
f 4219/4219/4219 4220/4220/4220 4397/4397/4397
f 4282/4282/4282 4220/4220/4220 4219/4219/4219
f 4282/4282/4282 4219/4219/4219 4326/4326/4326
f 4326/4326/4326 4219/4219/4219 4277/4277/4277
f 4216/4216/4216 4393/4393/4393 4394/4394/4394
f 4394/4394/4394 4334/4334/4334 4216/4216/4216
f 4216/4216/4216 4334/4334/4334 4345/4345/4345
f 4345/4345/4345 4334/4334/4334 4361/4361/4361
f 4334/4334/4334 4220/4220/4220 4361/4361/4361
f 4361/4361/4361 4220/4220/4220 4371/4371/4371
f 4220/4220/4220 4282/4282/4282 4371/4371/4371
f 4371/4371/4371 4282/4282/4282 4374/4374/4374
f 4282/4282/4282 4379/4379/4379 4374/4374/4374
f 4326/4326/4326 4379/4379/4379 4282/4282/4282
f 4277/4277/4277 4379/4379/4379 4326/4326/4326
f 4215/4215/4215 4393/4393/4393 4216/4216/4216
f 4216/4216/4216 4343/4343/4343 4215/4215/4215
f 4345/4345/4345 4343/4343/4343 4216/4216/4216
f 4345/4345/4345 4376/4376/4376 4343/4343/4343
f 4351/4351/4351 4376/4376/4376 4345/4345/4345
f 4345/4345/4345 4355/4355/4355 4351/4351/4351
f 4361/4361/4361 4355/4355/4355 4345/4345/4345
f 4361/4361/4361 4365/4365/4365 4355/4355/4355
f 4371/4371/4371 4365/4365/4365 4361/4361/4361
f 4351/4351/4351 4122/4122/4122 4376/4376/4376
f 4353/4353/4353 4122/4122/4122 4351/4351/4351
f 4355/4355/4355 4353/4353/4353 4351/4351/4351
f 4357/4357/4357 4353/4353/4353 4355/4355/4355
f 4355/4355/4355 4363/4363/4363 4357/4357/4357
f 4365/4365/4365 4363/4363/4363 4355/4355/4355
f 4284/4284/4284 4224/4224/4224 4223/4223/4223
f 4284/4284/4284 4382/4382/4382 4224/4224/4224
f 4224/4224/4224 4382/4382/4382 4380/4380/4380
f 4382/4382/4382 4661/4661/4661 4380/4380/4380
f 4380/4380/4380 4661/4661/4661 4379/4379/4379
f 4380/4380/4380 4379/4379/4379 4277/4277/4277
f 4277/4277/4277 4224/4224/4224 4380/4380/4380
f 4637/4637/4637 4626/4626/4626 4631/4631/4631
f 4631/4631/4631 4626/4626/4626 4761/4761/4761
f 4626/4626/4626 4624/4624/4624 4761/4761/4761
f 4624/4624/4624 4733/4733/4733 4761/4761/4761
f 4733/4733/4733 4657/4657/4657 4761/4761/4761
f 4621/4621/4621 4631/4631/4631 4761/4761/4761
f 4761/4761/4761 4635/4635/4635 4621/4621/4621
f 4653/4653/4653 4635/4635/4635 4761/4761/4761
f 4740/4740/4740 4653/4653/4653 4761/4761/4761
f 4739/4739/4739 4740/4740/4740 4761/4761/4761
f 4784/4784/4784 4739/4739/4739 4761/4761/4761
f 4784/4784/4784 4728/4728/4728 4632/4632/4632
f 4633/4633/4633 4632/4632/4632 4728/4728/4728
f 4728/4728/4728 4656/4656/4656 4633/4633/4633
f 4657/4657/4657 4656/4656/4656 4728/4728/4728
f 4633/4633/4633 4656/4656/4656 4727/4727/4727
f 4823/4823/4823 4787/4787/4787 4826/4826/4826
f 4823/4823/4823 4826/4826/4826 4824/4824/4824
f 4824/4824/4824 4826/4826/4826 4817/4817/4817
f 4824/4824/4824 4847/4847/4847 4823/4823/4823
f 4857/4857/4857 4847/4847/4847 4824/4824/4824
f 4847/4847/4847 4857/4857/4857 4788/4788/4788
f 4788/4788/4788 4857/4857/4857 4790/4790/4790
f 4812/4812/4812 4810/4810/4810 4811/4811/4811
f 4772/4772/4772 4810/4810/4810 4812/4812/4812
f 4812/4812/4812 4815/4815/4815 4772/4772/4772
f 4772/4772/4772 4815/4815/4815 4767/4767/4767
f 4800/4800/4800 4772/4772/4772 4767/4767/4767
f 4833/4833/4833 4772/4772/4772 4800/4800/4800
f 4797/4797/4797 4833/4833/4833 4800/4800/4800
f 4828/4828/4828 4833/4833/4833 4797/4797/4797
f 4833/4833/4833 4810/4810/4810 4772/4772/4772
f 4814/4814/4814 4810/4810/4810 4833/4833/4833
f 4833/4833/4833 4813/4813/4813 4814/4814/4814
f 4828/4828/4828 4813/4813/4813 4833/4833/4833
f 4877/4877/4877 4822/4822/4822 4825/4825/4825
f 4946/4946/4946 4822/4822/4822 4877/4877/4877
f 4959/4959/4959 4946/4946/4946 4877/4877/4877
f 4877/4877/4877 4875/4875/4875 4959/4959/4959
f 4875/4875/4875 4877/4877/4877 4873/4873/4873
f 4873/4873/4873 4877/4877/4877 4872/4872/4872
f 4946/4946/4946 4959/4959/4959 4956/4956/4956
f 4956/4956/4956 4959/4959/4959 4960/4960/4960
f 4959/4959/4959 4955/4955/4955 4960/4960/4960
f 4959/4959/4959 4875/4875/4875 4955/4955/4955
f 4952/4952/4952 4946/4946/4946 4956/4956/4956
f 4956/4956/4956 4951/4951/4951 4952/4952/4952
f 4956/4956/4956 4953/4953/4953 4951/4951/4951
f 4960/4960/4960 4953/4953/4953 4956/4956/4956
f 4960/4960/4960 4958/4958/4958 4953/4953/4953
f 4957/4957/4957 4958/4958/4958 4960/4960/4960
f 4960/4960/4960 4955/4955/4955 4957/4957/4957
f 4954/4954/4954 4946/4946/4946 4952/4952/4952
f 4952/4952/4952 4883/4883/4883 4954/4954/4954
f 4881/4881/4881 4883/4883/4883 4952/4952/4952
f 4949/4949/4949 4881/4881/4881 4952/4952/4952
f 4952/4952/4952 4951/4951/4951 4949/4949/4949
f 4936/4936/4936 4949/4949/4949 4951/4951/4951
f 4951/4951/4951 4953/4953/4953 4936/4936/4936
f 4936/4936/4936 4953/4953/4953 4941/4941/4941
f 4953/4953/4953 4958/4958/4958 4941/4941/4941
f 4954/4954/4954 4896/4896/4896 4946/4946/4946
f 4874/4874/4874 4896/4896/4896 4954/4954/4954
f 4874/4874/4874 4954/4954/4954 4880/4880/4880
f 4880/4880/4880 4954/4954/4954 4883/4883/4883
f 4908/4908/4908 4881/4881/4881 4949/4949/4949
f 4899/4899/4899 4908/4908/4908 4949/4949/4949
f 4899/4899/4899 4949/4949/4949 4936/4936/4936
f 4968/4968/4968 4899/4899/4899 4936/4936/4936
f 4941/4941/4941 4968/4968/4968 4936/4936/4936
f 4940/4940/4940 4968/4968/4968 4941/4941/4941
f 4941/4941/4941 4851/4851/4851 4940/4940/4940
f 4851/4851/4851 4941/4941/4941 4862/4862/4862
f 4941/4941/4941 4958/4958/4958 4862/4862/4862
f 4905/4905/4905 4908/4908/4908 4899/4899/4899
f 4899/4899/4899 4887/4887/4887 4905/4905/4905
f 4887/4887/4887 4899/4899/4899 4968/4968/4968
f 4901/4901/4901 4887/4887/4887 4968/4968/4968
f 4901/4901/4901 4968/4968/4968 4885/4885/4885
f 4885/4885/4885 4968/4968/4968 4940/4940/4940
f 4940/4940/4940 4902/4902/4902 4885/4885/4885
f 4940/4940/4940 4851/4851/4851 4902/4902/4902
f 4905/4905/4905 4887/4887/4887 4852/4852/4852
f 4887/4887/4887 4903/4903/4903 4852/4852/4852
f 4903/4903/4903 4887/4887/4887 4901/4901/4901
f 4901/4901/4901 4904/4904/4904 4903/4903/4903
f 4901/4901/4901 4891/4891/4891 4904/4904/4904
f 4885/4885/4885 4891/4891/4891 4901/4901/4901
f 4900/4900/4900 4891/4891/4891 4885/4885/4885
f 4885/4885/4885 4902/4902/4902 4900/4900/4900
f 4849/4849/4849 4900/4900/4900 4902/4902/4902
f 4851/4851/4851 4849/4849/4849 4902/4902/4902
f 4852/4852/4852 4903/4903/4903 4855/4855/4855
f 4855/4855/4855 4903/4903/4903 4854/4854/4854
f 4903/4903/4903 4904/4904/4904 4854/4854/4854
f 4904/4904/4904 4835/4835/4835 4854/4854/4854
f 4891/4891/4891 4835/4835/4835 4904/4904/4904
f 4845/4845/4845 4835/4835/4835 4891/4891/4891
f 4882/4882/4882 4845/4845/4845 4891/4891/4891
f 4882/4882/4882 4891/4891/4891 4900/4900/4900
f 4882/4882/4882 4900/4900/4900 4926/4926/4926
f 4900/4900/4900 4849/4849/4849 4926/4926/4926
f 4855/4855/4855 4854/4854/4854 4842/4842/4842
f 4854/4854/4854 4856/4856/4856 4842/4842/4842
f 4854/4854/4854 4834/4834/4834 4856/4856/4856
f 4854/4854/4854 4835/4835/4835 4834/4834/4834
f 4842/4842/4842 4856/4856/4856 4846/4846/4846
f 4856/4856/4856 4841/4841/4841 4846/4846/4846
f 4856/4856/4856 4838/4838/4838 4841/4841/4841
f 4839/4839/4839 4838/4838/4838 4856/4856/4856
f 4856/4856/4856 4834/4834/4834 4839/4839/4839
f 4846/4846/4846 4841/4841/4841 4840/4840/4840
f 4890/4890/4890 4845/4845/4845 4882/4882/4882
f 4926/4926/4926 4890/4890/4890 4882/4882/4882
f 4890/4890/4890 4926/4926/4926 4816/4816/4816
f 4816/4816/4816 4926/4926/4926 4850/4850/4850
f 4850/4850/4850 4926/4926/4926 4871/4871/4871
f 4871/4871/4871 4926/4926/4926 4863/4863/4863
f 4926/4926/4926 4849/4849/4849 4863/4863/4863
f 4927/4927/4927 4863/4863/4863 4849/4849/4849
f 4927/4927/4927 4849/4849/4849 4851/4851/4851
f 4962/4962/4962 4927/4927/4927 4851/4851/4851
f 4851/4851/4851 4862/4862/4862 4962/4962/4962
f 4907/4907/4907 4850/4850/4850 4871/4871/4871
f 4870/4870/4870 4907/4907/4907 4871/4871/4871
f 4863/4863/4863 4870/4870/4870 4871/4871/4871
f 4888/4888/4888 4870/4870/4870 4863/4863/4863
f 4888/4888/4888 4863/4863/4863 4927/4927/4927
f 4927/4927/4927 4962/4962/4962 4888/4888/4888
f 4888/4888/4888 4962/4962/4962 4961/4961/4961
f 4884/4884/4884 4961/4961/4961 4962/4962/4962
f 4962/4962/4962 4862/4862/4862 4884/4884/4884
f 4884/4884/4884 4862/4862/4862 4876/4876/4876
f 4876/4876/4876 4862/4862/4862 4958/4958/4958
f 4944/4944/4944 4907/4907/4907 4870/4870/4870
f 4886/4886/4886 4944/4944/4944 4870/4870/4870
f 4870/4870/4870 4888/4888/4888 4886/4886/4886
f 4886/4886/4886 4888/4888/4888 4961/4961/4961
f 4961/4961/4961 4889/4889/4889 4886/4886/4886
f 4889/4889/4889 4961/4961/4961 4884/4884/4884
f 4884/4884/4884 4898/4898/4898 4889/4889/4889
f 4876/4876/4876 4898/4898/4898 4884/4884/4884
f 4898/4898/4898 4876/4876/4876 4894/4894/4894
f 4894/4894/4894 4876/4876/4876 4892/4892/4892
f 4958/4958/4958 4892/4892/4892 4876/4876/4876
f 4957/4957/4957 4892/4892/4892 4958/4958/4958
f 4939/4939/4939 4907/4907/4907 4944/4944/4944
f 4944/4944/4944 4938/4938/4938 4939/4939/4939
f 4943/4943/4943 4938/4938/4938 4944/4944/4944
f 4943/4943/4943 4944/4944/4944 4886/4886/4886
f 4886/4886/4886 4980/4980/4980 4943/4943/4943
f 4925/4925/4925 4980/4980/4980 4886/4886/4886
f 4886/4886/4886 4889/4889/4889 4925/4925/4925
f 4925/4925/4925 4889/4889/4889 4897/4897/4897
f 4897/4897/4897 4889/4889/4889 4898/4898/4898
f 4868/4868/4868 4907/4907/4907 4939/4939/4939
f 4934/4934/4934 4868/4868/4868 4939/4939/4939
f 4939/4939/4939 4937/4937/4937 4934/4934/4934
f 4938/4938/4938 4937/4937/4937 4939/4939/4939
f 4985/4985/4985 4937/4937/4937 4938/4938/4938
f 4943/4943/4943 4985/4985/4985 4938/4938/4938
f 4980/4980/4980 4985/4985/4985 4943/4943/4943
f 4980/4980/4980 4987/4987/4987 4985/4985/4985
f 4987/4987/4987 4980/4980/4980 4897/4897/4897
f 4897/4897/4897 4980/4980/4980 4925/4925/4925
f 4869/4869/4869 4868/4868/4868 4934/4934/4934
f 4934/4934/4934 4942/4942/4942 4869/4869/4869
f 4934/4934/4934 5016/5016/5016 4942/4942/4942
f 4937/4937/4937 5016/5016/5016 4934/4934/4934
f 5016/5016/5016 4937/4937/4937 5002/5002/5002
f 5002/5002/5002 4937/4937/4937 5017/5017/5017
f 5017/5017/5017 4937/4937/4937 4985/4985/4985
f 4985/4985/4985 5013/5013/5013 5017/5017/5017
f 4993/4993/4993 5013/5013/5013 4985/4985/4985
f 4985/4985/4985 4987/4987/4987 4993/4993/4993
f 4869/4869/4869 4942/4942/4942 4827/4827/4827
f 4942/4942/4942 4933/4933/4933 4827/4827/4827
f 4942/4942/4942 4986/4986/4986 4933/4933/4933
f 5012/5012/5012 4986/4986/4986 4942/4942/4942
f 4942/4942/4942 5016/5016/5016 5012/5012/5012
f 5012/5012/5012 5016/5016/5016 5005/5005/5005
f 5005/5005/5005 5016/5016/5016 5002/5002/5002
f 5002/5002/5002 5004/5004/5004 5005/5005/5005
f 4994/4994/4994 5004/5004/5004 5002/5002/5002
f 5002/5002/5002 5017/5017/5017 4994/4994/4994
f 4994/4994/4994 5017/5017/5017 5013/5013/5013
f 4827/4827/4827 4933/4933/4933 4929/4929/4929
f 4974/4974/4974 4929/4929/4929 4933/4933/4933
f 4974/4974/4974 4933/4933/4933 5022/5022/5022
f 5022/5022/5022 4933/4933/4933 4986/4986/4986
f 5022/5022/5022 4986/4986/4986 5015/5015/5015
f 5015/5015/5015 4986/4986/4986 5023/5023/5023
f 5012/5012/5012 5023/5023/5023 4986/4986/4986
f 5005/5005/5005 5023/5023/5023 5012/5012/5012
f 5023/5023/5023 5005/5005/5005 4917/4917/4917
f 4917/4917/4917 5005/5005/5005 5004/5004/5004
f 4931/4931/4931 4929/4929/4929 4974/4974/4974
f 4931/4931/4931 4974/4974/4974 4848/4848/4848
f 4848/4848/4848 4974/4974/4974 4910/4910/4910
f 4910/4910/4910 4974/4974/4974 5014/5014/5014
f 4974/4974/4974 5022/5022/5022 5014/5014/5014
f 5014/5014/5014 5022/5022/5022 5015/5015/5015
f 5015/5015/5015 4920/4920/4920 5014/5014/5014
f 4975/4975/4975 4920/4920/4920 5015/5015/5015
f 5015/5015/5015 5023/5023/5023 4975/4975/4975
f 4975/4975/4975 5023/5023/5023 4917/4917/4917
f 4917/4917/4917 4930/4930/4930 4975/4975/4975
f 4932/4932/4932 4930/4930/4930 4917/4917/4917
f 4917/4917/4917 4915/4915/4915 4932/4932/4932
f 5004/5004/5004 4915/4915/4915 4917/4917/4917
f 5014/5014/5014 4920/4920/4920 4910/4910/4910
f 4920/4920/4920 4921/4921/4921 4910/4910/4910
f 4921/4921/4921 4920/4920/4920 4967/4967/4967
f 4920/4920/4920 4975/4975/4975 4967/4967/4967
f 4967/4967/4967 4975/4975/4975 4930/4930/4930
f 4859/4859/4859 4967/4967/4967 4930/4930/4930
f 4930/4930/4930 4932/4932/4932 4859/4859/4859
f 4859/4859/4859 4932/4932/4932 4928/4928/4928
f 4965/4965/4965 4928/4928/4928 4932/4932/4932
f 4932/4932/4932 4915/4915/4915 4965/4965/4965
f 4915/4915/4915 4924/4924/4924 4965/4965/4965
f 4924/4924/4924 4915/4915/4915 5004/5004/5004
f 4994/4994/4994 4924/4924/4924 5004/5004/5004
f 4921/4921/4921 4922/4922/4922 4910/4910/4910
f 4921/4921/4921 4853/4853/4853 4922/4922/4922
f 4865/4865/4865 4853/4853/4853 4921/4921/4921
f 4967/4967/4967 4865/4865/4865 4921/4921/4921
f 4860/4860/4860 4865/4865/4865 4967/4967/4967
f 4860/4860/4860 4967/4967/4967 4859/4859/4859
f 4910/4910/4910 4922/4922/4922 4912/4912/4912
f 4922/4922/4922 4843/4843/4843 4912/4912/4912
f 4843/4843/4843 4922/4922/4922 4844/4844/4844
f 4844/4844/4844 4922/4922/4922 4853/4853/4853
f 4912/4912/4912 4843/4843/4843 4837/4837/4837
f 4966/4966/4966 4928/4928/4928 4965/4965/4965
f 4971/4971/4971 4966/4966/4966 4965/4965/4965
f 4935/4935/4935 4971/4971/4971 4965/4965/4965
f 4965/4965/4965 4924/4924/4924 4935/4935/4935
f 4924/4924/4924 4911/4911/4911 4935/4935/4935
f 4911/4911/4911 4924/4924/4924 4994/4994/4994
f 4994/4994/4994 5013/5013/5013 4911/4911/4911
f 4970/4970/4970 4966/4966/4966 4971/4971/4971
f 4971/4971/4971 4969/4969/4969 4970/4970/4970
f 4969/4969/4969 4971/4971/4971 4964/4964/4964
f 4964/4964/4964 4971/4971/4971 4935/4935/4935
f 4935/4935/4935 4911/4911/4911 4964/4964/4964
f 4911/4911/4911 4973/4973/4973 4964/4964/4964
f 4911/4911/4911 5013/5013/5013 4973/4973/4973
f 5013/5013/5013 4993/4993/4993 4973/4973/4973
f 4973/4973/4973 4993/4993/4993 4923/4923/4923
f 4993/4993/4993 4987/4987/4987 4923/4923/4923
f 4970/4970/4970 4969/4969/4969 4963/4963/4963
f 4819/4819/4819 4818/4818/4818 4861/4861/4861
f 4861/4861/4861 4818/4818/4818 4969/4969/4969
f 4861/4861/4861 4969/4969/4969 4919/4919/4919
f 4919/4919/4919 4969/4969/4969 4964/4964/4964
f 4964/4964/4964 4973/4973/4973 4919/4919/4919
f 4973/4973/4973 4923/4923/4923 4919/4919/4919
f 4919/4919/4919 4923/4923/4923 4914/4914/4914
f 4923/4923/4923 4913/4913/4913 4914/4914/4914
f 4923/4923/4923 4987/4987/4987 4913/4913/4913
f 4987/4987/4987 4897/4897/4897 4913/4913/4913
f 4913/4913/4913 4897/4897/4897 4878/4878/4878
f 4898/4898/4898 4878/4878/4878 4897/4897/4897
f 4894/4894/4894 4878/4878/4878 4898/4898/4898
f 4919/4919/4919 4914/4914/4914 4836/4836/4836
f 4836/4836/4836 4914/4914/4914 4916/4916/4916
f 4914/4914/4914 4918/4918/4918 4916/4916/4916
f 4972/4972/4972 4918/4918/4918 4914/4914/4914
f 4914/4914/4914 4913/4913/4913 4972/4972/4972
f 4913/4913/4913 4878/4878/4878 4972/4972/4972
f 4972/4972/4972 4878/4878/4878 4950/4950/4950
f 4878/4878/4878 4948/4948/4948 4950/4950/4950
f 4894/4894/4894 4948/4948/4948 4878/4878/4878
f 4894/4894/4894 4906/4906/4906 4948/4948/4948
f 4892/4892/4892 4906/4906/4906 4894/4894/4894
f 4916/4916/4916 4820/4820/4820 4836/4836/4836
f 4864/4864/4864 4820/4820/4820 4916/4916/4916
f 4864/4864/4864 4916/4916/4916 4858/4858/4858
f 4858/4858/4858 4916/4916/4916 4918/4918/4918
f 4945/4945/4945 4858/4858/4858 4918/4918/4918
f 4972/4972/4972 4945/4945/4945 4918/4918/4918
f 4950/4950/4950 4945/4945/4945 4972/4972/4972
f 4950/4950/4950 4948/4948/4948 4945/4945/4945
f 4945/4945/4945 4948/4948/4948 4947/4947/4947
f 4948/4948/4948 4879/4879/4879 4947/4947/4947
f 4906/4906/4906 4879/4879/4879 4948/4948/4948
f 4955/4955/4955 4879/4879/4879 4906/4906/4906
f 4955/4955/4955 4906/4906/4906 4957/4957/4957
f 4957/4957/4957 4906/4906/4906 4892/4892/4892
f 4866/4866/4866 4858/4858/4858 4945/4945/4945
f 4947/4947/4947 4866/4866/4866 4945/4945/4945
f 4867/4867/4867 4866/4866/4866 4947/4947/4947
f 4895/4895/4895 4879/4879/4879 4955/4955/4955
f 4895/4895/4895 4893/4893/4893 4879/4879/4879
f 4909/4909/4909 4893/4893/4893 4895/4895/4895
f 4893/4893/4893 4821/4821/4821 4879/4879/4879
f 4879/4879/4879 4821/4821/4821 4947/4947/4947
f 4983/4983/4983 5082/5082/5082 4981/4981/4981
f 4981/4981/4981 5082/5082/5082 5552/5552/5552
f 5483/5483/5483 4981/4981/4981 5552/5552/5552
f 5042/5042/5042 4981/4981/4981 5483/5483/5483
f 5033/5033/5033 5345/5345/5345 4982/4982/4982
f 4982/4982/4982 5345/5345/5345 5484/5484/5484
f 4999/4999/4999 4984/4984/4984 5075/5075/5075
f 5075/5075/5075 4984/4984/4984 5693/5693/5693
f 4984/4984/4984 5359/5359/5359 5693/5693/5693
f 4998/4998/4998 5359/5359/5359 4984/4984/4984
f 4995/4995/4995 4992/4992/4992 5085/5085/5085
f 5085/5085/5085 4992/4992/4992 5547/5547/5547
f 4992/4992/4992 5348/5348/5348 5547/5547/5547
f 5041/5041/5041 5348/5348/5348 4992/4992/4992
f 5009/5009/5009 5079/5079/5079 5011/5011/5011
f 5011/5011/5011 5079/5079/5079 5139/5139/5139
f 4995/4995/4995 5048/5048/5048 5085/5085/5085
f 5085/5085/5085 5048/5048/5048 5415/5415/5415
f 5415/5415/5415 5048/5048/5048 5413/5413/5413
f 5413/5413/5413 5048/5048/5048 5046/5046/5046
f 5046/5046/5046 5047/5047/5047 5413/5413/5413
f 5413/5413/5413 5047/5047/5047 5414/5414/5414
f 5415/5415/5415 5416/5416/5416 5085/5085/5085
f 5415/5415/5415 5414/5414/5414 5416/5416/5416
f 5413/5413/5413 5414/5414/5414 5415/5415/5415
f 5085/5085/5085 5416/5416/5416 5547/5547/5547
f 5416/5416/5416 5543/5543/5543 5547/5547/5547
f 5416/5416/5416 5409/5409/5409 5543/5543/5543
f 5416/5416/5416 5551/5551/5551 5409/5409/5409
f 5414/5414/5414 5551/5551/5551 5416/5416/5416
f 5547/5547/5547 5543/5543/5543 5548/5548/5548
f 5548/5548/5548 5543/5543/5543 5545/5545/5545
f 5545/5545/5545 5543/5543/5543 5417/5417/5417
f 5417/5417/5417 5543/5543/5543 5420/5420/5420
f 5543/5543/5543 5409/5409/5409 5420/5420/5420
f 5420/5420/5420 5409/5409/5409 5418/5418/5418
f 5409/5409/5409 5559/5559/5559 5418/5418/5418
f 5551/5551/5551 5559/5559/5559 5409/5409/5409
f 5548/5548/5548 5349/5349/5349 5547/5547/5547
f 5548/5548/5548 5351/5351/5351 5349/5349/5349
f 5694/5694/5694 5351/5351/5351 5548/5548/5548
f 5548/5548/5548 5708/5708/5708 5694/5694/5694
f 5545/5545/5545 5708/5708/5708 5548/5548/5548
f 5417/5417/5417 5708/5708/5708 5545/5545/5545
f 5547/5547/5547 5349/5349/5349 5348/5348/5348
f 5349/5349/5349 5031/5031/5031 5348/5348/5348
f 5351/5351/5351 5031/5031/5031 5349/5349/5349
f 5040/5040/5040 5031/5031/5031 5351/5351/5351
f 5350/5350/5350 5040/5040/5040 5351/5351/5351
f 5350/5350/5350 5351/5351/5351 5709/5709/5709
f 5709/5709/5709 5351/5351/5351 5694/5694/5694
f 5694/5694/5694 5707/5707/5707 5709/5709/5709
f 5708/5708/5708 5707/5707/5707 5694/5694/5694
f 5816/5816/5816 5707/5707/5707 5708/5708/5708
f 5816/5816/5816 5708/5708/5708 5417/5417/5417
f 5348/5348/5348 5031/5031/5031 5041/5041/5041
f 5025/5025/5025 5040/5040/5040 5350/5350/5350
f 5077/5077/5077 5025/5025/5025 5350/5350/5350
f 5709/5709/5709 5077/5077/5077 5350/5350/5350
f 5075/5075/5075 5077/5077/5077 5709/5709/5709
f 5709/5709/5709 5707/5707/5707 5075/5075/5075
f 5075/5075/5075 5707/5707/5707 5693/5693/5693
f 5805/5805/5805 5693/5693/5693 5707/5707/5707
f 5805/5805/5805 5707/5707/5707 5816/5816/5816
f 5712/5712/5712 5805/5805/5805 5816/5816/5816
f 5712/5712/5712 5816/5816/5816 5485/5485/5485
f 5485/5485/5485 5816/5816/5816 5417/5417/5417
f 5000/5000/5000 5025/5025/5025 5077/5077/5077
f 5077/5077/5077 4999/4999/4999 5000/5000/5000
f 5075/5075/5075 4999/4999/4999 5077/5077/5077
f 5082/5082/5082 5003/5003/5003 4983/4983/4983
f 5087/5087/5087 5003/5003/5003 5082/5082/5082
f 5087/5087/5087 5082/5082/5082 5484/5484/5484
f 5484/5484/5484 5082/5082/5082 5552/5552/5552
f 5552/5552/5552 5558/5558/5558 5484/5484/5484
f 5552/5552/5552 5549/5549/5549 5558/5558/5558
f 5552/5552/5552 5554/5554/5554 5549/5549/5549
f 5556/5556/5556 5554/5554/5554 5552/5552/5552
f 5483/5483/5483 5556/5556/5556 5552/5552/5552
f 5558/5558/5558 5419/5419/5419 5484/5484/5484
f 5551/5551/5551 5419/5419/5419 5558/5558/5558
f 5555/5555/5555 5551/5551/5551 5558/5558/5558
f 5558/5558/5558 5549/5549/5549 5555/5555/5555
f 5549/5549/5549 5557/5557/5557 5555/5555/5555
f 5550/5550/5550 5557/5557/5557 5549/5549/5549
f 5554/5554/5554 5550/5550/5550 5549/5549/5549
f 5419/5419/5419 5347/5347/5347 5484/5484/5484
f 5419/5419/5419 5039/5039/5039 5347/5347/5347
f 5032/5032/5032 5039/5039/5039 5419/5419/5419
f 5484/5484/5484 5347/5347/5347 5345/5345/5345
f 5347/5347/5347 5039/5039/5039 5345/5345/5345
f 5345/5345/5345 5039/5039/5039 5033/5033/5033
f 5559/5559/5559 5551/5551/5551 5555/5555/5555
f 5555/5555/5555 5608/5608/5608 5559/5559/5559
f 5557/5557/5557 5608/5608/5608 5555/5555/5555
f 5557/5557/5557 5615/5615/5615 5608/5608/5608
f 5557/5557/5557 5619/5619/5619 5615/5615/5615
f 5550/5550/5550 5619/5619/5619 5557/5557/5557
f 5550/5550/5550 5553/5553/5553 5619/5619/5619
f 5553/5553/5553 5550/5550/5550 5554/5554/5554
f 5608/5608/5608 5418/5418/5418 5559/5559/5559
f 5486/5486/5486 5418/5418/5418 5608/5608/5608
f 5608/5608/5608 5358/5358/5358 5486/5486/5486
f 5608/5608/5608 5615/5615/5615 5358/5358/5358
f 5615/5615/5615 5301/5301/5301 5358/5358/5358
f 5615/5615/5615 5610/5610/5610 5301/5301/5301
f 5610/5610/5610 5615/5615/5615 5612/5612/5612
f 5612/5612/5612 5615/5615/5615 5619/5619/5619
f 5619/5619/5619 5489/5489/5489 5612/5612/5612
f 5619/5619/5619 5553/5553/5553 5489/5489/5489
f 5486/5486/5486 5420/5420/5420 5418/5418/5418
f 5487/5487/5487 5420/5420/5420 5486/5486/5486
f 5486/5486/5486 5488/5488/5488 5487/5487/5487
f 5486/5486/5486 5358/5358/5358 5488/5488/5488
f 5488/5488/5488 5358/5358/5358 5474/5474/5474
f 5474/5474/5474 5358/5358/5358 5301/5301/5301
f 5475/5475/5475 5474/5474/5474 5301/5301/5301
f 5301/5301/5301 5354/5354/5354 5475/5475/5475
f 5491/5491/5491 5354/5354/5354 5301/5301/5301
f 5301/5301/5301 5610/5610/5610 5491/5491/5491
f 5487/5487/5487 5417/5417/5417 5420/5420/5420
f 5485/5485/5485 5417/5417/5417 5487/5487/5487
f 5487/5487/5487 5479/5479/5479 5485/5485/5485
f 5487/5487/5487 5488/5488/5488 5479/5479/5479
f 5479/5479/5479 5488/5488/5488 5473/5473/5473
f 5473/5473/5473 5488/5488/5488 5474/5474/5474
f 5473/5473/5473 5474/5474/5474 5542/5542/5542
f 5542/5542/5542 5474/5474/5474 5475/5475/5475
f 5475/5475/5475 5353/5353/5353 5542/5542/5542
f 5354/5354/5354 5353/5353/5353 5475/5475/5475
f 5354/5354/5354 5412/5412/5412 5353/5353/5353
f 5490/5490/5490 5412/5412/5412 5354/5354/5354
f 5490/5490/5490 5354/5354/5354 5491/5491/5491
f 5485/5485/5485 5479/5479/5479 5478/5478/5478
f 5478/5478/5478 5479/5479/5479 5477/5477/5477
f 5477/5477/5477 5479/5479/5479 5473/5473/5473
f 5542/5542/5542 5477/5477/5477 5473/5473/5473
f 5361/5361/5361 5477/5477/5477 5542/5542/5542
f 5353/5353/5353 5361/5361/5361 5542/5542/5542
f 5344/5344/5344 5361/5361/5361 5353/5353/5353
f 5353/5353/5353 5412/5412/5412 5344/5344/5344
f 5478/5478/5478 5711/5711/5711 5485/5485/5485
f 5477/5477/5477 5711/5711/5711 5478/5478/5478
f 5546/5546/5546 5711/5711/5711 5477/5477/5477
f 5477/5477/5477 5609/5609/5609 5546/5546/5546
f 5361/5361/5361 5609/5609/5609 5477/5477/5477
f 5361/5361/5361 5346/5346/5346 5609/5609/5609
f 5344/5344/5344 5346/5346/5346 5361/5361/5361
f 5352/5352/5352 5346/5346/5346 5344/5344/5344
f 5344/5344/5344 5412/5412/5412 5352/5352/5352
f 5485/5485/5485 5711/5711/5711 5712/5712/5712
f 5735/5735/5735 5712/5712/5712 5711/5711/5711
f 5546/5546/5546 5735/5735/5735 5711/5711/5711
f 5560/5560/5560 5735/5735/5735 5546/5546/5546
f 5546/5546/5546 5609/5609/5609 5560/5560/5560
f 5560/5560/5560 5609/5609/5609 5544/5544/5544
f 5346/5346/5346 5544/5544/5544 5609/5609/5609
f 5407/5407/5407 5544/5544/5544 5346/5346/5346
f 5291/5291/5291 5407/5407/5407 5346/5346/5346
f 5352/5352/5352 5291/5291/5291 5346/5346/5346
f 5352/5352/5352 5142/5142/5142 5291/5291/5291
f 5412/5412/5412 5142/5142/5142 5352/5352/5352
f 5722/5722/5722 5712/5712/5712 5735/5735/5735
f 5722/5722/5722 5735/5735/5735 5762/5762/5762
f 5762/5762/5762 5735/5735/5735 5713/5713/5713
f 5713/5713/5713 5735/5735/5735 5611/5611/5611
f 5611/5611/5611 5735/5735/5735 5560/5560/5560
f 5560/5560/5560 5544/5544/5544 5611/5611/5611
f 5611/5611/5611 5544/5544/5544 5614/5614/5614
f 5407/5407/5407 5614/5614/5614 5544/5544/5544
f 5722/5722/5722 5805/5805/5805 5712/5712/5712
f 5722/5722/5722 5806/5806/5806 5805/5805/5805
f 5762/5762/5762 5806/5806/5806 5722/5722/5722
f 5762/5762/5762 5803/5803/5803 5806/5806/5806
f 5757/5757/5757 5803/5803/5803 5762/5762/5762
f 5762/5762/5762 5713/5713/5713 5757/5757/5757
f 5757/5757/5757 5713/5713/5713 5761/5761/5761
f 5611/5611/5611 5761/5761/5761 5713/5713/5713
f 5763/5763/5763 5761/5761/5761 5611/5611/5611
f 5763/5763/5763 5611/5611/5611 5614/5614/5614
f 5806/5806/5806 5693/5693/5693 5805/5805/5805
f 5806/5806/5806 5695/5695/5695 5693/5693/5693
f 5803/5803/5803 5695/5695/5695 5806/5806/5806
f 5803/5803/5803 5698/5698/5698 5695/5695/5695
f 5801/5801/5801 5698/5698/5698 5803/5803/5803
f 5801/5801/5801 5803/5803/5803 5757/5757/5757
f 5801/5801/5801 5757/5757/5757 5758/5758/5758
f 5757/5757/5757 5761/5761/5761 5758/5758/5758
f 5758/5758/5758 5761/5761/5761 5718/5718/5718
f 5763/5763/5763 5718/5718/5718 5761/5761/5761
f 5696/5696/5696 5693/5693/5693 5695/5695/5695
f 5695/5695/5695 5697/5697/5697 5696/5696/5696
f 5698/5698/5698 5697/5697/5697 5695/5695/5695
f 5697/5697/5697 5698/5698/5698 5699/5699/5699
f 5801/5801/5801 5699/5699/5699 5698/5698/5698
f 5802/5802/5802 5699/5699/5699 5801/5801/5801
f 5802/5802/5802 5801/5801/5801 5758/5758/5758
f 5802/5802/5802 5758/5758/5758 5804/5804/5804
f 5758/5758/5758 5718/5718/5718 5804/5804/5804
f 5359/5359/5359 5693/5693/5693 5696/5696/5696
f 5696/5696/5696 5083/5083/5083 5359/5359/5359
f 5696/5696/5696 5086/5086/5086 5083/5083/5083
f 5696/5696/5696 5050/5050/5050 5086/5086/5086
f 5701/5701/5701 5050/5050/5050 5696/5696/5696
f 5701/5701/5701 5696/5696/5696 5702/5702/5702
f 5702/5702/5702 5696/5696/5696 5697/5697/5697
f 5697/5697/5697 5706/5706/5706 5702/5702/5702
f 5699/5699/5699 5706/5706/5706 5697/5697/5697
f 5359/5359/5359 5083/5083/5083 5084/5084/5084
f 5083/5083/5083 4991/4991/4991 5084/5084/5084
f 4990/4990/4990 4991/4991/4991 5083/5083/5083
f 5083/5083/5083 5086/5086/5086 4990/4990/4990
f 5084/5084/5084 4991/4991/4991 5359/5359/5359
f 5359/5359/5359 4991/4991/4991 4998/4998/4998
f 5701/5701/5701 5045/5045/5045 5050/5050/5050
f 5702/5702/5702 5045/5045/5045 5701/5701/5701
f 5702/5702/5702 5051/5051/5051 5045/5045/5045
f 5706/5706/5706 5051/5051/5051 5702/5702/5702
f 5704/5704/5704 5051/5051/5051 5706/5706/5706
f 5706/5706/5706 5699/5699/5699 5704/5704/5704
f 5704/5704/5704 5699/5699/5699 5703/5703/5703
f 5802/5802/5802 5703/5703/5703 5699/5699/5699
f 5804/5804/5804 5703/5703/5703 5802/5802/5802
f 5044/5044/5044 5051/5051/5051 5704/5704/5704
f 5704/5704/5704 5027/5027/5027 5044/5044/5044
f 5360/5360/5360 5027/5027/5027 5704/5704/5704
f 5703/5703/5703 5360/5360/5360 5704/5704/5704
f 5705/5705/5705 5360/5360/5360 5703/5703/5703
f 5703/5703/5703 5804/5804/5804 5705/5705/5705
f 5705/5705/5705 5804/5804/5804 5808/5808/5808
f 5804/5804/5804 5813/5813/5813 5808/5808/5808
f 5804/5804/5804 5718/5718/5718 5813/5813/5813
f 5718/5718/5718 5817/5817/5817 5813/5813/5813
f 5817/5817/5817 5718/5718/5718 5763/5763/5763
f 5360/5360/5360 5029/5029/5029 5027/5027/5027
f 5356/5356/5356 5029/5029/5029 5360/5360/5360
f 5356/5356/5356 5360/5360/5360 5700/5700/5700
f 5700/5700/5700 5360/5360/5360 5705/5705/5705
f 5705/5705/5705 5808/5808/5808 5700/5700/5700
f 5700/5700/5700 5808/5808/5808 5814/5814/5814
f 5808/5808/5808 5818/5818/5818 5814/5814/5814
f 5808/5808/5808 5813/5813/5813 5818/5818/5818
f 5819/5819/5819 5818/5818/5818 5813/5813/5813
f 5813/5813/5813 5817/5817/5817 5819/5819/5819
f 5817/5817/5817 5616/5616/5616 5819/5819/5819
f 5817/5817/5817 5763/5763/5763 5616/5616/5616
f 5616/5616/5616 5763/5763/5763 5614/5614/5614
f 5356/5356/5356 5030/5030/5030 5029/5029/5029
f 5355/5355/5355 5030/5030/5030 5356/5356/5356
f 5700/5700/5700 5355/5355/5355 5356/5356/5356
f 5809/5809/5809 5355/5355/5355 5700/5700/5700
f 5814/5814/5814 5809/5809/5809 5700/5700/5700
f 5809/5809/5809 5814/5814/5814 5810/5810/5810
f 5814/5814/5814 5812/5812/5812 5810/5810/5810
f 5814/5814/5814 5818/5818/5818 5812/5812/5812
f 5820/5820/5820 5812/5812/5812 5818/5818/5818
f 5820/5820/5820 5818/5818/5818 5819/5819/5819
f 5617/5617/5617 5820/5820/5820 5819/5819/5819
f 5819/5819/5819 5616/5616/5616 5617/5617/5617
f 5300/5300/5300 5030/5030/5030 5355/5355/5355
f 5355/5355/5355 5809/5809/5809 5300/5300/5300
f 5300/5300/5300 5809/5809/5809 5815/5815/5815
f 5809/5809/5809 5810/5810/5810 5815/5815/5815
f 5815/5815/5815 5810/5810/5810 5807/5807/5807
f 5807/5807/5807 5810/5810/5810 5299/5299/5299
f 5811/5811/5811 5299/5299/5299 5810/5810/5810
f 5811/5811/5811 5810/5810/5810 5812/5812/5812
f 5811/5811/5811 5812/5812/5812 5820/5820/5820
f 5811/5811/5811 5820/5820/5820 5617/5617/5617
f 5036/5036/5036 5030/5030/5030 5300/5300/5300
f 5223/5223/5223 5036/5036/5036 5300/5300/5300
f 5300/5300/5300 5815/5815/5815 5223/5223/5223
f 5223/5223/5223 5815/5815/5815 5298/5298/5298
f 5807/5807/5807 5298/5298/5298 5815/5815/5815
f 5226/5226/5226 5298/5298/5298 5807/5807/5807
f 5099/5099/5099 5226/5226/5226 5807/5807/5807
f 5807/5807/5807 5129/5129/5129 5099/5099/5099
f 5343/5343/5343 5129/5129/5129 5807/5807/5807
f 5807/5807/5807 5299/5299/5299 5343/5343/5343
f 5021/5021/5021 5036/5036/5036 5223/5223/5223
f 5098/5098/5098 5226/5226/5226 5099/5099/5099
f 5099/5099/5099 5097/5097/5097 5098/5098/5098
f 5099/5099/5099 5119/5119/5119 5097/5097/5097
f 5129/5129/5129 5119/5119/5119 5099/5099/5099
f 5129/5129/5129 5130/5130/5130 5119/5119/5119
f 5130/5130/5130 5129/5129/5129 5357/5357/5357
f 5357/5357/5357 5129/5129/5129 5343/5343/5343
f 5622/5622/5622 5357/5357/5357 5343/5343/5343
f 5622/5622/5622 5343/5343/5343 5299/5299/5299
f 5622/5622/5622 5299/5299/5299 5811/5811/5811
f 5098/5098/5098 5097/5097/5097 5096/5096/5096
f 5097/5097/5097 4988/4988/4988 5096/5096/5096
f 5119/5119/5119 4988/4988/4988 5097/5097/5097
f 4989/4989/4989 4988/4988/4988 5119/5119/5119
f 5119/5119/5119 4996/4996/4996 4989/4989/4989
f 5120/5120/5120 4996/4996/4996 5119/5119/5119
f 5119/5119/5119 5130/5130/5130 5120/5120/5120
f 5130/5130/5130 5122/5122/5122 5120/5120/5120
f 5290/5290/5290 5122/5122/5122 5130/5130/5130
f 5130/5130/5130 5357/5357/5357 5290/5290/5290
f 5096/5096/5096 4988/4988/4988 4979/4979/4979
f 5120/5120/5120 4997/4997/4997 4996/4996/4996
f 5122/5122/5122 4997/4997/4997 5120/5120/5120
f 5122/5122/5122 5007/5007/5007 4997/4997/4997
f 5121/5121/5121 5007/5007/5007 5122/5122/5122
f 5290/5290/5290 5121/5121/5121 5122/5122/5122
f 5289/5289/5289 5121/5121/5121 5290/5290/5290
f 5289/5289/5289 5290/5290/5290 5292/5292/5292
f 5292/5292/5292 5290/5290/5290 5621/5621/5621
f 5290/5290/5290 5357/5357/5357 5621/5621/5621
f 5121/5121/5121 5006/5006/5006 5007/5007/5007
f 5080/5080/5080 5006/5006/5006 5121/5121/5121
f 5289/5289/5289 5080/5080/5080 5121/5121/5121
f 5141/5141/5141 5080/5080/5080 5289/5289/5289
f 5289/5289/5289 5292/5292/5292 5141/5141/5141
f 5141/5141/5141 5292/5292/5292 5291/5291/5291
f 5292/5292/5292 5407/5407/5407 5291/5291/5291
f 5292/5292/5292 5620/5620/5620 5407/5407/5407
f 5621/5621/5621 5620/5620/5620 5292/5292/5292
f 5621/5621/5621 5618/5618/5618 5620/5620/5620
f 5357/5357/5357 5618/5618/5618 5621/5621/5621
f 5080/5080/5080 5076/5076/5076 5006/5006/5006
f 5141/5141/5141 5076/5076/5076 5080/5080/5080
f 5139/5139/5139 5076/5076/5076 5141/5141/5141
f 5141/5141/5141 5142/5142/5142 5139/5139/5139
f 5291/5291/5291 5142/5142/5142 5141/5141/5141
f 5006/5006/5006 5076/5076/5076 5008/5008/5008
f 5139/5139/5139 5008/5008/5008 5076/5076/5076
f 5011/5011/5011 5008/5008/5008 5139/5139/5139
f 5620/5620/5620 5614/5614/5614 5407/5407/5407
f 5620/5620/5620 5616/5616/5616 5614/5614/5614
f 5618/5618/5618 5616/5616/5616 5620/5620/5620
f 5616/5616/5616 5618/5618/5618 5617/5617/5617
f 5617/5617/5617 5618/5618/5618 5613/5613/5613
f 5613/5613/5613 5618/5618/5618 5357/5357/5357
f 5613/5613/5613 5357/5357/5357 5622/5622/5622
f 5622/5622/5622 5811/5811/5811 5613/5613/5613
f 5613/5613/5613 5811/5811/5811 5617/5617/5617
f 5079/5079/5079 5010/5010/5010 5009/5009/5009
f 5081/5081/5081 5010/5010/5010 5079/5079/5079
f 5079/5079/5079 5140/5140/5140 5081/5081/5081
f 5139/5139/5139 5140/5140/5140 5079/5079/5079
f 5140/5140/5140 5139/5139/5139 5411/5411/5411
f 5411/5411/5411 5139/5139/5139 5142/5142/5142
f 5411/5411/5411 5142/5142/5142 5412/5412/5412
f 5081/5081/5081 5001/5001/5001 5010/5010/5010
f 5078/5078/5078 5001/5001/5001 5081/5081/5081
f 5078/5078/5078 5081/5081/5081 5148/5148/5148
f 5148/5148/5148 5081/5081/5081 5140/5140/5140
f 5140/5140/5140 5204/5204/5204 5148/5148/5148
f 5411/5411/5411 5204/5204/5204 5140/5140/5140
f 5411/5411/5411 5470/5470/5470 5204/5204/5204
f 5411/5411/5411 5412/5412/5412 5470/5470/5470
f 5490/5490/5490 5470/5470/5470 5412/5412/5412
f 5147/5147/5147 5001/5001/5001 5078/5078/5078
f 5078/5078/5078 5207/5207/5207 5147/5147/5147
f 5148/5148/5148 5207/5207/5207 5078/5078/5078
f 5148/5148/5148 5205/5205/5205 5207/5207/5207
f 5204/5204/5204 5205/5205/5205 5148/5148/5148
f 5204/5204/5204 5410/5410/5410 5205/5205/5205
f 5204/5204/5204 5470/5470/5470 5410/5410/5410
f 5470/5470/5470 5490/5490/5490 5410/5410/5410
f 5410/5410/5410 5490/5490/5490 5492/5492/5492
f 5491/5491/5491 5492/5492/5492 5490/5490/5490
f 5610/5610/5610 5492/5492/5492 5491/5491/5491
f 5018/5018/5018 5001/5001/5001 5147/5147/5147
f 5225/5225/5225 5018/5018/5018 5147/5147/5147
f 5147/5147/5147 5207/5207/5207 5225/5225/5225
f 5225/5225/5225 5207/5207/5207 5206/5206/5206
f 5207/5207/5207 5224/5224/5224 5206/5206/5206
f 5205/5205/5205 5224/5224/5224 5207/5207/5207
f 5224/5224/5224 5205/5205/5205 5293/5293/5293
f 5293/5293/5293 5205/5205/5205 5469/5469/5469
f 5205/5205/5205 5410/5410/5410 5469/5469/5469
f 5469/5469/5469 5410/5410/5410 5480/5480/5480
f 5480/5480/5480 5410/5410/5410 5492/5492/5492
f 4976/4976/4976 5018/5018/5018 5225/5225/5225
f 5225/5225/5225 4977/4977/4977 4976/4976/4976
f 5106/5106/5106 4977/4977/4977 5225/5225/5225
f 5206/5206/5206 5106/5106/5106 5225/5225/5225
f 5108/5108/5108 5106/5106/5106 5206/5206/5206
f 5206/5206/5206 5222/5222/5222 5108/5108/5108
f 5224/5224/5224 5222/5222/5222 5206/5206/5206
f 5222/5222/5222 5224/5224/5224 5294/5294/5294
f 5294/5294/5294 5224/5224/5224 5293/5293/5293
f 5107/5107/5107 4977/4977/4977 5106/5106/5106
f 5108/5108/5108 5107/5107/5107 5106/5106/5106
f 5105/5105/5105 5107/5107/5107 5108/5108/5108
f 5222/5222/5222 5105/5105/5105 5108/5108/5108
f 5221/5221/5221 5105/5105/5105 5222/5222/5222
f 5222/5222/5222 5294/5294/5294 5221/5221/5221
f 5221/5221/5221 5294/5294/5294 5297/5297/5297
f 5295/5295/5295 5297/5297/5297 5294/5294/5294
f 5295/5295/5295 5294/5294/5294 5296/5296/5296
f 5296/5296/5296 5294/5294/5294 5293/5293/5293
f 4978/4978/4978 4977/4977/4977 5107/5107/5107
f 5342/5342/5342 5297/5297/5297 5295/5295/5295
f 5295/5295/5295 5035/5035/5035 5342/5342/5342
f 5295/5295/5295 5020/5020/5020 5035/5035/5035
f 5296/5296/5296 5020/5020/5020 5295/5295/5295
f 5287/5287/5287 5020/5020/5020 5296/5296/5296
f 5293/5293/5293 5287/5287/5287 5296/5296/5296
f 5476/5476/5476 5287/5287/5287 5293/5293/5293
f 5469/5469/5469 5476/5476/5476 5293/5293/5293
f 5469/5469/5469 5480/5480/5480 5476/5476/5476
f 5342/5342/5342 5035/5035/5035 5019/5019/5019
f 5028/5028/5028 5020/5020/5020 5287/5287/5287
f 5287/5287/5287 5034/5034/5034 5028/5028/5028
f 5288/5288/5288 5034/5034/5034 5287/5287/5287
f 5287/5287/5287 5476/5476/5476 5288/5288/5288
f 5288/5288/5288 5476/5476/5476 5481/5481/5481
f 5480/5480/5480 5481/5481/5481 5476/5476/5476
f 5612/5612/5612 5481/5481/5481 5480/5480/5480
f 5480/5480/5480 5492/5492/5492 5612/5612/5612
f 5612/5612/5612 5492/5492/5492 5610/5610/5610
f 5467/5467/5467 5034/5034/5034 5288/5288/5288
f 5288/5288/5288 5481/5481/5481 5467/5467/5467
f 5467/5467/5467 5481/5481/5481 5489/5489/5489
f 5612/5612/5612 5489/5489/5489 5481/5481/5481
f 5049/5049/5049 5034/5034/5034 5467/5467/5467
f 5472/5472/5472 5049/5049/5049 5467/5467/5467
f 5467/5467/5467 5489/5489/5489 5472/5472/5472
f 5472/5472/5472 5489/5489/5489 5553/5553/5553
f 5472/5472/5472 5553/5553/5553 5468/5468/5468
f 5468/5468/5468 5553/5553/5553 5554/5554/5554
f 5468/5468/5468 5554/5554/5554 5471/5471/5471
f 5471/5471/5471 5554/5554/5554 5556/5556/5556
f 5037/5037/5037 5049/5049/5049 5472/5472/5472
f 5468/5468/5468 5037/5037/5037 5472/5472/5472
f 5024/5024/5024 5037/5037/5037 5468/5468/5468
f 5468/5468/5468 5038/5038/5038 5024/5024/5024
f 5471/5471/5471 5038/5038/5038 5468/5468/5468
f 5471/5471/5471 5026/5026/5026 5038/5038/5038
f 5408/5408/5408 5026/5026/5026 5471/5471/5471
f 5471/5471/5471 5556/5556/5556 5408/5408/5408
f 5408/5408/5408 5556/5556/5556 5482/5482/5482
f 5482/5482/5482 5556/5556/5556 5483/5483/5483
f 5483/5483/5483 5043/5043/5043 5482/5482/5482
f 5042/5042/5042 5043/5043/5043 5483/5483/5483
f 5482/5482/5482 5026/5026/5026 5408/5408/5408
f 5043/5043/5043 5026/5026/5026 5482/5482/5482
f 5825/5825/5825 5740/5740/5740 5723/5723/5723
f 5723/5723/5723 5740/5740/5740 5746/5746/5746
f 5740/5740/5740 5728/5728/5728 5746/5746/5746
f 5746/5746/5746 5728/5728/5728 5741/5741/5741
f 5728/5728/5728 5725/5725/5725 5741/5741/5741
f 5716/5716/5716 5725/5725/5725 5728/5728/5728
f 5716/5716/5716 5714/5714/5714 5725/5725/5725
f 5723/5723/5723 5746/5746/5746 5726/5726/5726
f 5726/5726/5726 5746/5746/5746 5724/5724/5724
f 5741/5741/5741 5724/5724/5724 5746/5746/5746
f 5752/5752/5752 5724/5724/5724 5741/5741/5741
f 5741/5741/5741 5747/5747/5747 5752/5752/5752
f 5725/5725/5725 5747/5747/5747 5741/5741/5741
f 5725/5725/5725 5717/5717/5717 5747/5747/5747
f 5725/5725/5725 5714/5714/5714 5717/5717/5717
f 5714/5714/5714 5727/5727/5727 5717/5717/5717
f 5717/5717/5717 5727/5727/5727 5742/5742/5742
f 5760/5760/5760 5742/5742/5742 5727/5727/5727
f 5734/5734/5734 5742/5742/5742 5760/5760/5760
f 5760/5760/5760 5759/5759/5759 5734/5734/5734
f 5734/5734/5734 5759/5759/5759 5732/5732/5732
f 5747/5747/5747 5717/5717/5717 5755/5755/5755
f 5755/5755/5755 5717/5717/5717 5730/5730/5730
f 5730/5730/5730 5717/5717/5717 5742/5742/5742
f 5730/5730/5730 5742/5742/5742 5748/5748/5748
f 5748/5748/5748 5742/5742/5742 5734/5734/5734
f 5748/5748/5748 5734/5734/5734 5823/5823/5823
f 5823/5823/5823 5734/5734/5734 5732/5732/5732
f 5732/5732/5732 5721/5721/5721 5823/5823/5823
f 5720/5720/5720 5721/5721/5721 5732/5732/5732
f 5715/5715/5715 5720/5720/5720 5732/5732/5732
f 5710/5710/5710 5720/5720/5720 5715/5715/5715
f 5710/5710/5710 5736/5736/5736 5720/5720/5720
f 5719/5719/5719 5736/5736/5736 5710/5710/5710
f 5719/5719/5719 5821/5821/5821 5736/5736/5736
f 5731/5731/5731 5821/5821/5821 5719/5719/5719
f 5736/5736/5736 5721/5721/5721 5720/5720/5720
f 5737/5737/5737 5721/5721/5721 5736/5736/5736
f 5736/5736/5736 5733/5733/5733 5737/5737/5737
f 5821/5821/5821 5733/5733/5733 5736/5736/5736
f 5821/5821/5821 5743/5743/5743 5733/5733/5733
f 5738/5738/5738 5743/5743/5743 5821/5821/5821
f 5821/5821/5821 5739/5739/5739 5738/5738/5738
f 5731/5731/5731 5739/5739/5739 5821/5821/5821
f 5738/5738/5738 5745/5745/5745 5743/5743/5743
f 5729/5729/5729 5745/5745/5745 5738/5738/5738
f 5738/5738/5738 5824/5824/5824 5729/5729/5729
f 5739/5739/5739 5824/5824/5824 5738/5738/5738
f 5756/5756/5756 5745/5745/5745 5729/5729/5729
f 5729/5729/5729 5751/5751/5751 5756/5756/5756
f 5824/5824/5824 5751/5751/5751 5729/5729/5729
f 5744/5744/5744 5745/5745/5745 5756/5756/5756
f 5753/5753/5753 5745/5745/5745 5744/5744/5744
f 5750/5750/5750 5745/5745/5745 5753/5753/5753
f 5750/5750/5750 5753/5753/5753 5749/5749/5749
f 5749/5749/5749 5753/5753/5753 5826/5826/5826
f 5970/5970/5970 5965/5965/5965 5964/5964/5964
f 5964/5964/5964 5965/5965/5965 6026/6026/6026
f 5965/5965/5965 6013/6013/6013 6026/6026/6026
f 5980/5980/5980 6013/6013/6013 5965/5965/5965
f 5980/5980/5980 6006/6006/6006 6013/6013/6013
f 6005/6005/6005 6006/6006/6006 5980/5980/5980
f 6018/6018/6018 6006/6006/6006 6005/6005/6005
f 6030/6030/6030 6006/6006/6006 6018/6018/6018
f 5963/5963/5963 6030/6030/6030 6018/6018/6018
f 6020/6020/6020 6030/6030/6030 5963/5963/5963
f 6020/6020/6020 5963/5963/5963 5962/5962/5962
f 5962/5962/5962 5963/5963/5963 6025/6025/6025
f 4658/4658/4658 4614/4614/4614 4562/4562/4562
f 4562/4562/4562 4614/4614/4614 4550/4550/4550
f 4550/4550/4550 4561/4561/4561 4562/4562/4562
f 4558/4558/4558 4561/4561/4561 4550/4550/4550
f 4562/4562/4562 4625/4625/4625 4658/4658/4658
f 4483/4483/4483 4625/4625/4625 4562/4562/4562
f 4562/4562/4562 4482/4482/4482 4483/4483/4483
f 4561/4561/4561 4482/4482/4482 4562/4562/4562
f 4561/4561/4561 4486/4486/4486 4482/4482/4482
f 4544/4544/4544 4486/4486/4486 4561/4561/4561
f 4561/4561/4561 4564/4564/4564 4544/4544/4544
f 4561/4561/4561 4558/4558/4558 4564/4564/4564
f 4625/4625/4625 4627/4627/4627 4658/4658/4658
f 4627/4627/4627 4625/4625/4625 4640/4640/4640
f 4625/4625/4625 4599/4599/4599 4640/4640/4640
f 4483/4483/4483 4599/4599/4599 4625/4625/4625
f 4482/4482/4482 4599/4599/4599 4483/4483/4483
f 4514/4514/4514 4599/4599/4599 4482/4482/4482
f 4486/4486/4486 4514/4514/4514 4482/4482/4482
f 4488/4488/4488 4514/4514/4514 4486/4486/4486
f 4486/4486/4486 4601/4601/4601 4488/4488/4488
f 4486/4486/4486 4563/4563/4563 4601/4601/4601
f 4563/4563/4563 4565/4565/4565 4601/4601/4601
f 4599/4599/4599 4492/4492/4492 4640/4640/4640
f 4485/4485/4485 4492/4492/4492 4599/4599/4599
f 4599/4599/4599 4514/4514/4514 4485/4485/4485
f 4485/4485/4485 4514/4514/4514 4518/4518/4518
f 4488/4488/4488 4518/4518/4518 4514/4514/4514
f 4511/4511/4511 4518/4518/4518 4488/4488/4488
f 4509/4509/4509 4511/4511/4511 4488/4488/4488
f 4488/4488/4488 4512/4512/4512 4509/4509/4509
f 4488/4488/4488 4601/4601/4601 4512/4512/4512
f 4601/4601/4601 4565/4565/4565 4512/4512/4512
f 4512/4512/4512 4565/4565/4565 4515/4515/4515
f 4515/4515/4515 4565/4565/4565 4521/4521/4521
f 4521/4521/4521 4510/4510/4510 4515/4515/4515
f 4485/4485/4485 4518/4518/4518 4721/4721/4721
f 4721/4721/4721 4518/4518/4518 4711/4711/4711
f 4711/4711/4711 4518/4518/4518 4511/4511/4511
f 4603/4603/4603 4711/4711/4711 4511/4511/4511
f 4603/4603/4603 4511/4511/4511 4490/4490/4490
f 4490/4490/4490 4511/4511/4511 4509/4509/4509
f 4509/4509/4509 4487/4487/4487 4490/4490/4490
f 4508/4508/4508 4487/4487/4487 4509/4509/4509
f 4508/4508/4508 4509/4509/4509 4510/4510/4510
f 4510/4510/4510 4509/4509/4509 4515/4515/4515
f 4509/4509/4509 4512/4512/4512 4515/4515/4515
f 4615/4615/4615 4711/4711/4711 4603/4603/4603
f 4603/4603/4603 4636/4636/4636 4615/4615/4615
f 4489/4489/4489 4636/4636/4636 4603/4603/4603
f 4603/4603/4603 4490/4490/4490 4489/4489/4489
f 4489/4489/4489 4490/4490/4490 4517/4517/4517
f 4489/4489/4489 4517/4517/4517 4636/4636/4636
f 4636/4636/4636 4517/4517/4517 4623/4623/4623
f 4623/4623/4623 4620/4620/4620 4636/4636/4636
f 4615/4615/4615 4507/4507/4507 4711/4711/4711
f 4620/4620/4620 4507/4507/4507 4615/4615/4615
f 4636/4636/4636 4620/4620/4620 4615/4615/4615
f 4564/4564/4564 4558/4558/4558 4568/4568/4568
f 4568/4568/4568 4558/4558/4558 4570/4570/4570
f 4558/4558/4558 4522/4522/4522 4570/4570/4570
f 4494/4494/4494 4570/4570/4570 4522/4522/4522
f 4491/4491/4491 4494/4494/4494 4522/4522/4522
f 4522/4522/4522 4602/4602/4602 4491/4491/4491
f 4567/4567/4567 4564/4564/4564 4568/4568/4568
f 4570/4570/4570 4567/4567/4567 4568/4568/4568
f 4516/4516/4516 4567/4567/4567 4570/4570/4570
f 4516/4516/4516 4570/4570/4570 4494/4494/4494
f 4516/4516/4516 4494/4494/4494 4493/4493/4493
f 4493/4493/4493 4494/4494/4494 4610/4610/4610
f 4494/4494/4494 4484/4484/4484 4610/4610/4610
f 4484/4484/4484 4494/4494/4494 4491/4491/4491
f 4566/4566/4566 4564/4564/4564 4567/4567/4567
f 4566/4566/4566 4567/4567/4567 4600/4600/4600
f 4600/4600/4600 4567/4567/4567 4519/4519/4519
f 4567/4567/4567 4516/4516/4516 4519/4519/4519
f 4519/4519/4519 4516/4516/4516 4513/4513/4513
f 4513/4513/4513 4516/4516/4516 4557/4557/4557
f 4516/4516/4516 4493/4493/4493 4557/4557/4557
f 4557/4557/4557 4493/4493/4493 4598/4598/4598
f 4493/4493/4493 4610/4610/4610 4598/4598/4598
f 4598/4598/4598 4610/4610/4610 4569/4569/4569
f 4610/4610/4610 4484/4484/4484 4569/4569/4569
f 4600/4600/4600 4519/4519/4519 4520/4520/4520
f 4520/4520/4520 4519/4519/4519 4513/4513/4513
f 4491/4491/4491 4602/4602/4602 4714/4714/4714
f 4714/4714/4714 4602/4602/4602 4718/4718/4718
f 4602/4602/4602 4708/4708/4708 4718/4718/4718
f 4708/4708/4708 4602/4602/4602 4551/4551/4551
f 4708/4708/4708 4551/4551/4551 4706/4706/4706
f 4710/4710/4710 4708/4708/4708 4706/4706/4706
f 4709/4709/4709 4708/4708/4708 4710/4710/4710
f 4707/4707/4707 4709/4709/4709 4710/4710/4710
f 4714/4714/4714 4718/4718/4718 4712/4712/4712
f 4712/4712/4712 4718/4718/4718 4715/4715/4715
f 4715/4715/4715 4718/4718/4718 4705/4705/4705
f 4705/4705/4705 4718/4718/4718 4709/4709/4709
f 4718/4718/4718 4708/4708/4708 4709/4709/4709
f 4705/4705/4705 4709/4709/4709 4707/4707/4707
f 4545/4545/4545 4595/4595/4595 4537/4537/4537
f 4537/4537/4537 4595/4595/4595 4531/4531/4531
f 4595/4595/4595 4528/4528/4528 4531/4531/4531
f 4534/4534/4534 4528/4528/4528 4595/4595/4595
f 4534/4534/4534 4595/4595/4595 4582/4582/4582
f 4582/4582/4582 4595/4595/4595 4545/4545/4545
f 4531/4531/4531 4528/4528/4528 4529/4529/4529
f 4529/4529/4529 4528/4528/4528 4533/4533/4533
f 4533/4533/4533 4528/4528/4528 4590/4590/4590
f 4528/4528/4528 4526/4526/4526 4590/4590/4590
f 4526/4526/4526 4528/4528/4528 4534/4534/4534
f 4591/4591/4591 4533/4533/4533 4590/4590/4590
f 4532/4532/4532 4591/4591/4591 4590/4590/4590
f 4590/4590/4590 4526/4526/4526 4532/4532/4532
f 4586/4586/4586 4533/4533/4533 4591/4591/4591
f 4589/4589/4589 4586/4586/4586 4591/4591/4591
f 4587/4587/4587 4589/4589/4589 4591/4591/4591
f 4587/4587/4587 4591/4591/4591 4532/4532/4532
f 4573/4573/4573 4586/4586/4586 4589/4589/4589
f 4571/4571/4571 4573/4573/4573 4589/4589/4589
f 4589/4589/4589 4594/4594/4594 4571/4571/4571
f 4593/4593/4593 4594/4594/4594 4589/4589/4589
f 4593/4593/4593 4589/4589/4589 4587/4587/4587
f 4596/4596/4596 4573/4573/4573 4571/4571/4571
f 4596/4596/4596 4571/4571/4571 4546/4546/4546
f 4546/4546/4546 4571/4571/4571 4594/4594/4594
f 4594/4594/4594 4536/4536/4536 4546/4546/4546
f 4536/4536/4536 4535/4535/4535 4546/4546/4546
f 4535/4535/4535 4596/4596/4596 4546/4546/4546
f 1913/1913/1913 1843/1843/1843 1925/1925/1925
f 1925/1925/1925 1843/1843/1843 1912/1912/1912
f 1923/1923/1923 1912/1912/1912 1843/1843/1843
f 1843/1843/1843 1842/1842/1842 1923/1923/1923
f 2391/2391/2391 1842/1842/1842 1843/1843/1843
f 2391/2391/2391 1843/1843/1843 3371/3371/3371
f 3371/3371/3371 1843/1843/1843 1913/1913/1913
f 1913/1913/1913 1873/1873/1873 3371/3371/3371
f 1850/1850/1850 1912/1912/1912 1923/1923/1923
f 1923/1923/1923 3372/3372/3372 1850/1850/1850
f 1842/1842/1842 3372/3372/3372 1923/1923/1923
f 1842/1842/1842 1910/1910/1910 3372/3372/3372
f 2391/2391/2391 1910/1910/1910 1842/1842/1842
f 2391/2391/2391 1907/1907/1907 1910/1910/1910
f 2386/2386/2386 1907/1907/1907 2391/2391/2391
f 2391/2391/2391 1915/1915/1915 2386/2386/2386
f 3371/3371/3371 1915/1915/1915 2391/2391/2391
f 1908/1908/1908 1915/1915/1915 3371/3371/3371
f 1873/1873/1873 1908/1908/1908 3371/3371/3371
f 1908/1908/1908 1873/1873/1873 1867/1867/1867
f 1867/1867/1867 1873/1873/1873 1874/1874/1874
f 1907/1907/1907 2386/2386/2386 1877/1877/1877
f 1877/1877/1877 2386/2386/2386 1909/1909/1909
f 2386/2386/2386 1915/1915/1915 1909/1909/1909
f 1909/1909/1909 1915/1915/1915 1879/1879/1879
f 1915/1915/1915 1867/1867/1867 1879/1879/1879
f 1908/1908/1908 1867/1867/1867 1915/1915/1915
f 1867/1867/1867 1874/1874/1874 1884/1884/1884
f 1874/1874/1874 1841/1841/1841 1884/1884/1884
f 1881/1881/1881 1841/1841/1841 1874/1874/1874
f 1881/1881/1881 1844/1844/1844 1841/1841/1841
f 1881/1881/1881 1911/1911/1911 1844/1844/1844
f 1911/1911/1911 1890/1890/1890 1844/1844/1844
f 1844/1844/1844 1890/1890/1890 2384/2384/2384
f 1844/1844/1844 2384/2384/2384 1851/1851/1851
f 1851/1851/1851 2384/2384/2384 2390/2390/2390
f 2384/2384/2384 1820/1820/1820 2390/2390/2390
f 1841/1841/1841 1844/1844/1844 1851/1851/1851
f 1841/1841/1841 1851/1851/1851 1924/1924/1924
f 1924/1924/1924 1851/1851/1851 1853/1853/1853
f 1823/1823/1823 1853/1853/1853 1851/1851/1851
f 1851/1851/1851 2390/2390/2390 1823/1823/1823
f 1823/1823/1823 2390/2390/2390 1835/1835/1835
f 2390/2390/2390 1926/1926/1926 1835/1835/1835
f 2390/2390/2390 1820/1820/1820 1926/1926/1926
f 1926/1926/1926 1820/1820/1820 2251/2251/2251
f 1820/1820/1820 1836/1836/1836 2251/2251/2251
f 1866/1866/1866 1841/1841/1841 1924/1924/1924
f 1866/1866/1866 1924/1924/1924 1887/1887/1887
f 1887/1887/1887 1924/1924/1924 1853/1853/1853
f 1914/1914/1914 1887/1887/1887 1853/1853/1853
f 1914/1914/1914 1853/1853/1853 1823/1823/1823
f 1823/1823/1823 1889/1889/1889 1914/1914/1914
f 1828/1828/1828 1889/1889/1889 1823/1823/1823
f 1828/1828/1828 1823/1823/1823 1824/1824/1824
f 1824/1824/1824 1823/1823/1823 1835/1835/1835
f 1878/1878/1878 1887/1887/1887 1914/1914/1914
f 1889/1889/1889 1878/1878/1878 1914/1914/1914
f 2251/2251/2251 1836/1836/1836 2279/2279/2279
f 2279/2279/2279 2245/2245/2245 2251/2251/2251
f 2286/2286/2286 2245/2245/2245 2279/2279/2279
f 2286/2286/2286 1852/1852/1852 2245/2245/2245
f 2245/2245/2245 1852/1852/1852 1927/1927/1927
f 1852/1852/1852 1835/1835/1835 1927/1927/1927
f 1927/1927/1927 1835/1835/1835 1926/1926/1926
f 2245/2245/2245 1926/1926/1926 2251/2251/2251
f 1927/1927/1927 1926/1926/1926 2245/2245/2245
f 2856/2856/2856 2867/2867/2867 2872/2872/2872
f 2863/2863/2863 2867/2867/2867 2856/2856/2856
f 2856/2856/2856 2853/2853/2853 2863/2863/2863
f 2853/2853/2853 2856/2856/2856 2909/2909/2909
f 2909/2909/2909 2856/2856/2856 2860/2860/2860
f 2856/2856/2856 2872/2872/2872 2860/2860/2860
f 2867/2867/2867 2863/2863/2863 2865/2865/2865
f 2865/2865/2865 2863/2863/2863 2879/2879/2879
f 2879/2879/2879 2863/2863/2863 2868/2868/2868
f 2863/2863/2863 2853/2853/2853 2868/2868/2868
f 2883/2883/2883 2865/2865/2865 2879/2879/2879
f 2878/2878/2878 2883/2883/2883 2879/2879/2879
f 2878/2878/2878 2879/2879/2879 2541/2541/2541
f 2541/2541/2541 2879/2879/2879 2868/2868/2868
f 238/238/238 255/255/255 235/235/235
f 235/235/235 255/255/255 229/229/229
f 255/255/255 231/231/231 229/229/229
f 255/255/255 240/240/240 231/231/231
f 253/253/253 240/240/240 255/255/255
f 255/255/255 238/238/238 253/253/253
f 253/253/253 238/238/238 245/245/245
f 245/245/245 247/247/247 253/253/253
f 229/229/229 239/239/239 235/235/235
f 205/205/205 239/239/239 229/229/229
f 229/229/229 251/251/251 205/205/205
f 229/229/229 231/231/231 251/251/251
f 225/225/225 251/251/251 231/231/231
f 231/231/231 240/240/240 225/225/225
f 240/240/240 247/247/247 225/225/225
f 253/253/253 247/247/247 240/240/240
f 205/205/205 241/241/241 239/239/239
f 147/147/147 241/241/241 205/205/205
f 205/205/205 146/146/146 147/147/147
f 205/205/205 251/251/251 146/146/146
f 251/251/251 230/230/230 146/146/146
f 249/249/249 230/230/230 251/251/251
f 249/249/249 251/251/251 225/225/225
f 249/249/249 225/225/225 233/233/233
f 233/233/233 225/225/225 257/257/257
f 225/225/225 247/247/247 257/257/257
f 147/147/147 236/236/236 241/241/241
f 252/252/252 236/236/236 147/147/147
f 252/252/252 147/147/147 232/232/232
f 232/232/232 147/147/147 210/210/210
f 147/147/147 146/146/146 210/210/210
f 146/146/146 201/201/201 210/210/210
f 230/230/230 201/201/201 146/146/146
f 230/230/230 256/256/256 201/201/201
f 223/223/223 256/256/256 230/230/230
f 249/249/249 223/223/223 230/230/230
f 233/233/233 223/223/223 249/249/249
f 252/252/252 258/258/258 236/236/236
f 224/224/224 258/258/258 252/252/252
f 232/232/232 224/224/224 252/252/252
f 248/248/248 224/224/224 232/232/232
f 250/250/250 248/248/248 232/232/232
f 232/232/232 210/210/210 250/250/250
f 250/250/250 210/210/210 201/201/201
f 201/201/201 237/237/237 250/250/250
f 256/256/256 237/237/237 201/201/201
f 234/234/234 258/258/258 224/224/224
f 248/248/248 234/234/234 224/224/224
f 227/227/227 234/234/234 248/248/248
f 248/248/248 226/226/226 227/227/227
f 228/228/228 226/226/226 248/248/248
f 228/228/228 248/248/248 250/250/250
f 250/250/250 237/237/237 228/228/228
f 228/228/228 237/237/237 242/242/242
f 228/228/228 242/242/242 226/226/226
f 226/226/226 242/242/242 259/259/259
f 259/259/259 254/254/254 226/226/226
f 246/246/246 258/258/258 234/234/234
f 234/234/234 254/254/254 246/246/246
f 227/227/227 254/254/254 234/234/234
f 226/226/226 254/254/254 227/227/227
f 222/222/222 187/187/187 207/207/207
f 220/220/220 187/187/187 222/222/222
f 211/211/211 220/220/220 222/222/222
f 222/222/222 209/209/209 211/211/211
f 207/207/207 209/209/209 222/222/222
f 142/142/142 209/209/209 207/207/207
f 209/209/209 142/142/142 198/198/198
f 198/198/198 142/142/142 127/127/127
f 127/127/127 128/128/128 198/198/198
f 187/187/187 220/220/220 120/120/120
f 120/120/120 220/220/220 213/213/213
f 213/213/213 220/220/220 211/211/211
f 211/211/211 197/197/197 213/213/213
f 211/211/211 204/204/204 197/197/197
f 217/217/217 204/204/204 211/211/211
f 211/211/211 209/209/209 217/217/217
f 198/198/198 217/217/217 209/209/209
f 130/130/130 217/217/217 198/198/198
f 198/198/198 128/128/128 130/130/130
f 128/128/128 183/183/183 130/130/130
f 120/120/120 213/213/213 113/113/113
f 113/113/113 213/213/213 216/216/216
f 213/213/213 197/197/197 216/216/216
f 216/216/216 197/197/197 194/194/194
f 194/194/194 197/197/197 214/214/214
f 197/197/197 204/204/204 214/214/214
f 214/214/214 204/204/204 218/218/218
f 204/204/204 156/156/156 218/218/218
f 204/204/204 130/130/130 156/156/156
f 217/217/217 130/130/130 204/204/204
f 194/194/194 113/113/113 216/216/216
f 115/115/115 113/113/113 194/194/194
f 194/194/194 199/199/199 115/115/115
f 194/194/194 214/214/214 199/199/199
f 199/199/199 214/214/214 203/203/203
f 214/214/214 218/218/218 203/203/203
f 203/203/203 218/218/218 215/215/215
f 218/218/218 184/184/184 215/215/215
f 111/111/111 184/184/184 218/218/218
f 218/218/218 156/156/156 111/111/111
f 183/183/183 111/111/111 156/156/156
f 130/130/130 183/183/183 156/156/156
f 115/115/115 199/199/199 114/114/114
f 199/199/199 200/200/200 114/114/114
f 203/203/203 200/200/200 199/199/199
f 203/203/203 215/215/215 200/200/200
f 200/200/200 215/215/215 212/212/212
f 215/215/215 184/184/184 212/212/212
f 212/212/212 184/184/184 110/110/110
f 184/184/184 109/109/109 110/110/110
f 111/111/111 109/109/109 184/184/184
f 109/109/109 111/111/111 183/183/183
f 154/154/154 149/149/149 141/141/141
f 141/141/141 149/149/149 138/138/138
f 134/134/134 138/138/138 149/149/149
f 154/154/154 134/134/134 149/149/149
f 160/160/160 134/134/134 154/154/154
f 160/160/160 150/150/150 134/134/134
f 151/151/151 150/150/150 160/160/160
f 151/151/151 140/140/140 150/150/150
f 131/131/131 140/140/140 151/151/151
f 138/138/138 163/163/163 141/141/141
f 134/134/134 163/163/163 138/138/138
f 134/134/134 162/162/162 163/163/163
f 134/134/134 166/166/166 162/162/162
f 134/134/134 140/140/140 166/166/166
f 134/134/134 150/150/150 140/140/140
f 141/141/141 163/163/163 161/161/161
f 163/163/163 162/162/162 161/161/161
f 161/161/161 162/162/162 167/167/167
f 162/162/162 166/166/166 167/167/167
f 167/167/167 166/166/166 129/129/129
f 166/166/166 140/140/140 129/129/129
f 129/129/129 140/140/140 131/131/131
f 849/849/849 872/872/872 864/864/864
f 864/864/864 872/872/872 865/865/865
f 865/865/865 872/872/872 831/831/831
f 831/831/831 872/872/872 870/870/870
f 870/870/870 850/850/850 831/831/831
f 831/831/831 850/850/850 848/848/848
f 850/850/850 844/844/844 848/848/848
f 830/830/830 849/849/849 864/864/864
f 898/898/898 830/830/830 864/864/864
f 864/864/864 865/865/865 898/898/898
f 865/865/865 848/848/848 898/898/898
f 831/831/831 848/848/848 865/865/865
f 871/871/871 849/849/849 830/830/830
f 846/846/846 871/871/871 830/830/830
f 846/846/846 830/830/830 899/899/899
f 899/899/899 830/830/830 898/898/898
f 899/899/899 898/898/898 889/889/889
f 889/889/889 898/898/898 904/904/904
f 848/848/848 904/904/904 898/898/898
f 893/893/893 904/904/904 848/848/848
f 848/848/848 844/844/844 893/893/893
f 893/893/893 844/844/844 879/879/879
f 879/879/879 844/844/844 833/833/833
f 873/873/873 871/871/871 846/846/846
f 845/845/845 873/873/873 846/846/846
f 845/845/845 846/846/846 832/832/832
f 832/832/832 846/846/846 899/899/899
f 889/889/889 832/832/832 899/899/899
f 890/890/890 832/832/832 889/889/889
f 889/889/889 894/894/894 890/890/890
f 888/888/888 894/894/894 889/889/889
f 888/888/888 889/889/889 878/878/878
f 878/878/878 889/889/889 904/904/904
f 839/839/839 873/873/873 845/845/845
f 845/845/845 840/840/840 839/839/839
f 832/832/832 840/840/840 845/845/845
f 832/832/832 843/843/843 840/840/840
f 890/890/890 843/843/843 832/832/832
f 890/890/890 847/847/847 843/843/843
f 894/894/894 847/847/847 890/890/890
f 895/895/895 847/847/847 894/894/894
f 894/894/894 902/902/902 895/895/895
f 888/888/888 902/902/902 894/894/894
f 900/900/900 902/902/902 888/888/888
f 878/878/878 900/900/900 888/888/888
f 897/897/897 900/900/900 878/878/878
f 903/903/903 897/897/897 878/878/878
f 879/879/879 903/903/903 878/878/878
f 904/904/904 879/879/879 878/878/878
f 877/877/877 847/847/847 895/895/895
f 895/895/895 867/867/867 877/877/877
f 902/902/902 867/867/867 895/895/895
f 902/902/902 868/868/868 867/867/867
f 900/900/900 868/868/868 902/902/902
f 897/897/897 868/868/868 900/900/900
f 869/869/869 868/868/868 897/897/897
f 903/903/903 869/869/869 897/897/897
f 842/842/842 869/869/869 903/903/903
f 901/901/901 842/842/842 903/903/903
f 901/901/901 903/903/903 879/879/879
f 879/879/879 833/833/833 901/901/901
f 901/901/901 833/833/833 841/841/841
f 841/841/841 842/842/842 901/901/901
f 893/893/893 879/879/879 904/904/904
f 3338/3338/3338 3319/3319/3319 3322/3322/3322
f 3322/3322/3322 3319/3319/3319 3339/3339/3339
f 3355/3355/3355 3339/3339/3339 3319/3319/3319
f 3330/3330/3330 3355/3355/3355 3319/3319/3319
f 3330/3330/3330 3319/3319/3319 3317/3317/3317
f 3317/3317/3317 3319/3319/3319 3338/3338/3338
f 3326/3326/3326 3322/3322/3322 3339/3339/3339
f 3326/3326/3326 3339/3339/3339 3355/3355/3355
f 3326/3326/3326 3355/3355/3355 3327/3327/3327
f 3327/3327/3327 3355/3355/3355 3345/3345/3345
f 3355/3355/3355 3328/3328/3328 3345/3345/3345
f 3337/3337/3337 3328/3328/3328 3355/3355/3355
f 3337/3337/3337 3355/3355/3355 3330/3330/3330
f 3325/3325/3325 3337/3337/3337 3330/3330/3330
f 3325/3325/3325 3330/3330/3330 3329/3329/3329
f 3329/3329/3329 3330/3330/3330 3317/3317/3317
f 3337/3337/3337 3336/3336/3336 3328/3328/3328
f 3320/3320/3320 3336/3336/3336 3337/3337/3337
f 3320/3320/3320 3337/3337/3337 3325/3325/3325
f 3320/3320/3320 3325/3325/3325 3318/3318/3318
f 3325/3325/3325 3329/3329/3329 3318/3318/3318
f 3318/3318/3318 3336/3336/3336 3320/3320/3320
f 4027/4027/4027 4057/4057/4057 4043/4043/4043
f 4057/4057/4057 4095/4095/4095 4043/4043/4043
f 4057/4057/4057 4079/4079/4079 4095/4095/4095
f 4058/4058/4058 4079/4079/4079 4057/4057/4057
f 4003/4003/4003 4058/4058/4058 4057/4057/4057
f 4003/4003/4003 4057/4057/4057 4027/4027/4027
f 4003/4003/4003 4027/4027/4027 4067/4067/4067
f 4067/4067/4067 4027/4027/4027 4034/4034/4034
f 4034/4034/4034 4033/4033/4033 4067/4067/4067
f 4043/4043/4043 4095/4095/4095 4040/4040/4040
f 4066/4066/4066 4040/4040/4040 4095/4095/4095
f 4066/4066/4066 4095/4095/4095 4060/4060/4060
f 4060/4060/4060 4095/4095/4095 4079/4079/4079
f 4079/4079/4079 4047/4047/4047 4060/4060/4060
f 4078/4078/4078 4047/4047/4047 4079/4079/4079
f 4058/4058/4058 4078/4078/4078 4079/4079/4079
f 4077/4077/4077 4078/4078/4078 4058/4058/4058
f 4077/4077/4077 4058/4058/4058 4045/4045/4045
f 4045/4045/4045 4058/4058/4058 4003/4003/4003
f 4067/4067/4067 4045/4045/4045 4003/4003/4003
f 4036/4036/4036 4040/4040/4040 4066/4066/4066
f 4066/4066/4066 4029/4029/4029 4036/4036/4036
f 4059/4059/4059 4029/4029/4029 4066/4066/4066
f 4060/4060/4060 4059/4059/4059 4066/4066/4066
f 4072/4072/4072 4059/4059/4059 4060/4060/4060
f 4047/4047/4047 4072/4072/4072 4060/4060/4060
f 4047/4047/4047 4063/4063/4063 4072/4072/4072
f 4061/4061/4061 4063/4063/4063 4047/4047/4047
f 4047/4047/4047 4078/4078/4078 4061/4061/4061
f 4061/4061/4061 4078/4078/4078 4056/4056/4056
f 4078/4078/4078 4075/4075/4075 4056/4056/4056
f 4077/4077/4077 4075/4075/4075 4078/4078/4078
f 4059/4059/4059 4035/4035/4035 4029/4029/4029
f 4038/4038/4038 4035/4035/4035 4059/4059/4059
f 4059/4059/4059 4072/4072/4072 4038/4038/4038
f 4072/4072/4072 4063/4063/4063 4038/4038/4038
f 4038/4038/4038 4063/4063/4063 4065/4065/4065
f 4063/4063/4063 4062/4062/4062 4065/4065/4065
f 4068/4068/4068 4062/4062/4062 4063/4063/4063
f 4061/4061/4061 4068/4068/4068 4063/4063/4063
f 4064/4064/4064 4068/4068/4068 4061/4061/4061
f 4061/4061/4061 4056/4056/4056 4064/4064/4064
f 4064/4064/4064 4056/4056/4056 4076/4076/4076
f 4075/4075/4075 4076/4076/4076 4056/4056/4056
f 4038/4038/4038 4028/4028/4028 4035/4035/4035
f 4065/4065/4065 4028/4028/4028 4038/4038/4038
f 4065/4065/4065 4030/4030/4030 4028/4028/4028
f 4062/4062/4062 4030/4030/4030 4065/4065/4065
f 4062/4062/4062 4039/4039/4039 4030/4030/4030
f 4068/4068/4068 4039/4039/4039 4062/4062/4062
f 4068/4068/4068 4037/4037/4037 4039/4039/4039
f 4064/4064/4064 4037/4037/4037 4068/4068/4068
f 4037/4037/4037 4064/4064/4064 4042/4042/4042
f 4042/4042/4042 4064/4064/4064 4076/4076/4076
f 4042/4042/4042 4076/4076/4076 4041/4041/4041
f 4041/4041/4041 4076/4076/4076 4055/4055/4055
f 4055/4055/4055 4076/4076/4076 4075/4075/4075
f 4075/4075/4075 4046/4046/4046 4055/4055/4055
f 4077/4077/4077 4046/4046/4046 4075/4075/4075
f 4045/4045/4045 4046/4046/4046 4077/4077/4077
f 4045/4045/4045 4071/4071/4071 4046/4046/4046
f 4067/4067/4067 4071/4071/4071 4045/4045/4045
f 4048/4048/4048 4041/4041/4041 4055/4055/4055
f 4055/4055/4055 4046/4046/4046 4048/4048/4048
f 4046/4046/4046 4044/4044/4044 4048/4048/4048
f 4071/4071/4071 4044/4044/4044 4046/4046/4046
f 4071/4071/4071 4033/4033/4033 4044/4044/4044
f 4067/4067/4067 4033/4033/4033 4071/4071/4071
f 4031/4031/4031 4041/4041/4041 4048/4048/4048
f 4044/4044/4044 4031/4031/4031 4048/4048/4048
f 4032/4032/4032 4031/4031/4031 4044/4044/4044
f 4044/4044/4044 4033/4033/4033 4032/4032/4032
f 4090/4090/4090 4093/4093/4093 4105/4105/4105
f 4105/4105/4105 4093/4093/4093 4102/4102/4102
f 4093/4093/4093 4080/4080/4080 4102/4102/4102
f 4102/4102/4102 4080/4080/4080 4101/4101/4101
f 4080/4080/4080 4081/4081/4081 4101/4101/4101
f 4105/4105/4105 4094/4094/4094 4090/4090/4090
f 4100/4100/4100 4094/4094/4094 4105/4105/4105
f 4102/4102/4102 4100/4100/4100 4105/4105/4105
f 4109/4109/4109 4100/4100/4100 4102/4102/4102
f 4102/4102/4102 4101/4101/4101 4109/4109/4109
f 4101/4101/4101 4146/4146/4146 4109/4109/4109
f 4144/4144/4144 4146/4146/4146 4101/4101/4101
f 4101/4101/4101 4081/4081/4081 4144/4144/4144
f 4144/4144/4144 4081/4081/4081 4145/4145/4145
f 4145/4145/4145 4081/4081/4081 4082/4082/4082
f 4100/4100/4100 4092/4092/4092 4094/4094/4094
f 4156/4156/4156 4092/4092/4092 4100/4100/4100
f 4109/4109/4109 4156/4156/4156 4100/4100/4100
f 4146/4146/4146 4156/4156/4156 4109/4109/4109
f 4146/4146/4146 4112/4112/4112 4156/4156/4156
f 4155/4155/4155 4112/4112/4112 4146/4146/4146
f 4144/4144/4144 4155/4155/4155 4146/4146/4146
f 4145/4145/4145 4155/4155/4155 4144/4144/4144
f 4145/4145/4145 4089/4089/4089 4155/4155/4155
f 4145/4145/4145 4082/4082/4082 4089/4089/4089
f 4089/4089/4089 4082/4082/4082 4104/4104/4104
f 4104/4104/4104 4091/4091/4091 4089/4089/4089
f 4112/4112/4112 4092/4092/4092 4156/4156/4156
f 4088/4088/4088 4092/4092/4092 4112/4112/4112
f 4103/4103/4103 4088/4088/4088 4112/4112/4112
f 4112/4112/4112 4155/4155/4155 4103/4103/4103
f 4103/4103/4103 4155/4155/4155 4108/4108/4108
f 4155/4155/4155 4089/4089/4089 4108/4108/4108
f 4089/4089/4089 4091/4091/4091 4108/4108/4108
f 4091/4091/4091 4087/4087/4087 4108/4108/4108
f 4108/4108/4108 4087/4087/4087 4103/4103/4103
f 4087/4087/4087 4088/4088/4088 4103/4103/4103
f 4176/4176/4176 4200/4200/4200 4175/4175/4175
f 4208/4208/4208 4175/4175/4175 4200/4200/4200
f 4208/4208/4208 4200/4200/4200 4204/4204/4204
f 4204/4204/4204 4200/4200/4200 4205/4205/4205
f 4205/4205/4205 4200/4200/4200 4201/4201/4201
f 4201/4201/4201 4200/4200/4200 4176/4176/4176
f 4176/4176/4176 4172/4172/4172 4201/4201/4201
f 4173/4173/4173 4172/4172/4172 4176/4176/4176
f 4173/4173/4173 4164/4164/4164 4172/4172/4172
f 4177/4177/4177 4175/4175/4175 4208/4208/4208
f 4207/4207/4207 4177/4177/4177 4208/4208/4208
f 4208/4208/4208 4206/4206/4206 4207/4207/4207
f 4204/4204/4204 4206/4206/4206 4208/4208/4208
f 4182/4182/4182 4206/4206/4206 4204/4204/4204
f 4182/4182/4182 4204/4204/4204 4172/4172/4172
f 4172/4172/4172 4204/4204/4204 4205/4205/4205
f 4172/4172/4172 4205/4205/4205 4201/4201/4201
f 4181/4181/4181 4177/4177/4177 4207/4207/4207
f 4185/4185/4185 4181/4181/4181 4207/4207/4207
f 4185/4185/4185 4207/4207/4207 4186/4186/4186
f 4186/4186/4186 4207/4207/4207 4206/4206/4206
f 4206/4206/4206 4203/4203/4203 4186/4186/4186
f 4162/4162/4162 4203/4203/4203 4206/4206/4206
f 4162/4162/4162 4206/4206/4206 4182/4182/4182
f 4182/4182/4182 4164/4164/4164 4162/4162/4162
f 4172/4172/4172 4164/4164/4164 4182/4182/4182
f 4184/4184/4184 4181/4181/4181 4185/4185/4185
f 4188/4188/4188 4184/4184/4184 4185/4185/4185
f 4188/4188/4188 4185/4185/4185 4189/4189/4189
f 4189/4189/4189 4185/4185/4185 4186/4186/4186
f 4186/4186/4186 4183/4183/4183 4189/4189/4189
f 4183/4183/4183 4186/4186/4186 4199/4199/4199
f 4199/4199/4199 4186/4186/4186 4203/4203/4203
f 4171/4171/4171 4184/4184/4184 4188/4188/4188
f 4188/4188/4188 4174/4174/4174 4171/4171/4171
f 4198/4198/4198 4174/4174/4174 4188/4188/4188
f 4188/4188/4188 4187/4187/4187 4198/4198/4198
f 4189/4189/4189 4187/4187/4187 4188/4188/4188
f 4193/4193/4193 4187/4187/4187 4189/4189/4189
f 4189/4189/4189 4183/4183/4183 4193/4193/4193
f 4183/4183/4183 4161/4161/4161 4193/4193/4193
f 4163/4163/4163 4161/4161/4161 4183/4183/4183
f 4183/4183/4183 4167/4167/4167 4163/4163/4163
f 4199/4199/4199 4167/4167/4167 4183/4183/4183
f 4194/4194/4194 4174/4174/4174 4198/4198/4198
f 4198/4198/4198 4187/4187/4187 4194/4194/4194
f 4194/4194/4194 4187/4187/4187 4191/4191/4191
f 4192/4192/4192 4191/4191/4191 4187/4187/4187
f 4192/4192/4192 4187/4187/4187 4193/4193/4193
f 4193/4193/4193 4165/4165/4165 4192/4192/4192
f 4161/4161/4161 4165/4165/4165 4193/4193/4193
f 4170/4170/4170 4174/4174/4174 4194/4194/4194
f 4195/4195/4195 4170/4170/4170 4194/4194/4194
f 4195/4195/4195 4194/4194/4194 4196/4196/4196
f 4196/4196/4196 4194/4194/4194 4191/4191/4191
f 4196/4196/4196 4191/4191/4191 4197/4197/4197
f 4197/4197/4197 4191/4191/4191 4192/4192/4192
f 4192/4192/4192 4165/4165/4165 4197/4197/4197
f 4197/4197/4197 4165/4165/4165 4166/4166/4166
f 4197/4197/4197 4166/4166/4166 4196/4196/4196
f 4196/4196/4196 4166/4166/4166 4179/4179/4179
f 4179/4179/4179 4178/4178/4178 4196/4196/4196
f 4178/4178/4178 4170/4170/4170 4195/4195/4195
f 4196/4196/4196 4178/4178/4178 4195/4195/4195
f 4199/4199/4199 4180/4180/4180 4167/4167/4167
f 4202/4202/4202 4180/4180/4180 4199/4199/4199
f 4199/4199/4199 4203/4203/4203 4202/4202/4202
f 4203/4203/4203 4169/4169/4169 4202/4202/4202
f 4203/4203/4203 4168/4168/4168 4169/4169/4169
f 4162/4162/4162 4168/4168/4168 4203/4203/4203
f 4162/4162/4162 4164/4164/4164 4168/4168/4168
f 4202/4202/4202 4169/4169/4169 4180/4180/4180
f 5091/5091/5091 5069/5069/5069 5066/5066/5066
f 5100/5100/5100 5069/5069/5069 5091/5091/5091
f 5100/5100/5100 5091/5091/5091 5101/5101/5101
f 5101/5101/5101 5091/5091/5091 5131/5131/5131
f 5091/5091/5091 5113/5113/5113 5131/5131/5131
f 5091/5091/5091 5052/5052/5052 5113/5113/5113
f 5066/5066/5066 5052/5052/5052 5091/5091/5091
f 5100/5100/5100 5056/5056/5056 5069/5069/5069
f 5114/5114/5114 5056/5056/5056 5100/5100/5100
f 5114/5114/5114 5100/5100/5100 5115/5115/5115
f 5115/5115/5115 5100/5100/5100 5101/5101/5101
f 5115/5115/5115 5101/5101/5101 5109/5109/5109
f 5109/5109/5109 5101/5101/5101 5102/5102/5102
f 5102/5102/5102 5101/5101/5101 5132/5132/5132
f 5132/5132/5132 5101/5101/5101 5131/5131/5131
f 5123/5123/5123 5056/5056/5056 5114/5114/5114
f 5115/5115/5115 5123/5123/5123 5114/5114/5114
f 5115/5115/5115 5124/5124/5124 5123/5123/5123
f 5092/5092/5092 5124/5124/5124 5115/5115/5115
f 5092/5092/5092 5115/5115/5115 5103/5103/5103
f 5103/5103/5103 5115/5115/5115 5109/5109/5109
f 5109/5109/5109 5054/5054/5054 5103/5103/5103
f 5109/5109/5109 5067/5067/5067 5054/5054/5054
f 5102/5102/5102 5067/5067/5067 5109/5109/5109
f 5132/5132/5132 5067/5067/5067 5102/5102/5102
f 5053/5053/5053 5056/5056/5056 5123/5123/5123
f 5124/5124/5124 5053/5053/5053 5123/5123/5123
f 5071/5071/5071 5053/5053/5053 5124/5124/5124
f 5124/5124/5124 5057/5057/5057 5071/5071/5071
f 5092/5092/5092 5057/5057/5057 5124/5124/5124
f 5092/5092/5092 5055/5055/5055 5057/5057/5057
f 5103/5103/5103 5055/5055/5055 5092/5092/5092
f 5103/5103/5103 5054/5054/5054 5055/5055/5055
f 5117/5117/5117 5067/5067/5067 5132/5132/5132
f 5117/5117/5117 5132/5132/5132 5118/5118/5118
f 5118/5118/5118 5132/5132/5132 5137/5137/5137
f 5132/5132/5132 5135/5135/5135 5137/5137/5137
f 5131/5131/5131 5135/5135/5135 5132/5132/5132
f 5131/5131/5131 5134/5134/5134 5135/5135/5135
f 5131/5131/5131 5113/5113/5113 5134/5134/5134
f 5135/5135/5135 5118/5118/5118 5137/5137/5137
f 5128/5128/5128 5118/5118/5118 5135/5135/5135
f 5126/5126/5126 5128/5128/5128 5135/5135/5135
f 5134/5134/5134 5126/5126/5126 5135/5135/5135
f 5134/5134/5134 5127/5127/5127 5126/5126/5126
f 5113/5113/5113 5127/5127/5127 5134/5134/5134
f 5112/5112/5112 5127/5127/5127 5113/5113/5113
f 5113/5113/5113 5065/5065/5065 5112/5112/5112
f 5052/5052/5052 5065/5065/5065 5113/5113/5113
f 5110/5110/5110 5128/5128/5128 5126/5126/5126
f 5125/5125/5125 5110/5110/5110 5126/5126/5126
f 5126/5126/5126 5127/5127/5127 5125/5125/5125
f 5127/5127/5127 5104/5104/5104 5125/5125/5125
f 5127/5127/5127 5112/5112/5112 5104/5104/5104
f 5104/5104/5104 5112/5112/5112 5111/5111/5111
f 5112/5112/5112 5063/5063/5063 5111/5111/5111
f 5065/5065/5065 5063/5063/5063 5112/5112/5112
f 5116/5116/5116 5110/5110/5110 5125/5125/5125
f 5125/5125/5125 5064/5064/5064 5116/5116/5116
f 5090/5090/5090 5064/5064/5064 5125/5125/5125
f 5125/5125/5125 5104/5104/5104 5090/5090/5090
f 5104/5104/5104 5089/5089/5089 5090/5090/5090
f 5104/5104/5104 5111/5111/5111 5089/5089/5089
f 5089/5089/5089 5111/5111/5111 5095/5095/5095
f 5111/5111/5111 5062/5062/5062 5095/5095/5095
f 5063/5063/5063 5062/5062/5062 5111/5111/5111
f 5090/5090/5090 5088/5088/5088 5064/5064/5064
f 5093/5093/5093 5088/5088/5088 5090/5090/5090
f 5090/5090/5090 5089/5089/5089 5093/5093/5093
f 5089/5089/5089 5094/5094/5094 5093/5093/5093
f 5089/5089/5089 5095/5095/5095 5094/5094/5094
f 5095/5095/5095 5062/5062/5062 5094/5094/5094
f 5094/5094/5094 5062/5062/5062 5070/5070/5070
f 5094/5094/5094 5070/5070/5070 5093/5093/5093
f 5093/5093/5093 5070/5070/5070 5088/5088/5088
f 5190/5190/5190 5162/5162/5162 5211/5211/5211
f 5211/5211/5211 5162/5162/5162 5189/5189/5189
f 5162/5162/5162 5160/5160/5160 5189/5189/5189
f 5189/5189/5189 5160/5160/5160 5192/5192/5192
f 5160/5160/5160 5163/5163/5163 5192/5192/5192
f 5211/5211/5211 5175/5175/5175 5190/5190/5190
f 5218/5218/5218 5175/5175/5175 5211/5211/5211
f 5219/5219/5219 5218/5218/5218 5211/5211/5211
f 5208/5208/5208 5219/5219/5219 5211/5211/5211
f 5208/5208/5208 5211/5211/5211 5189/5189/5189
f 5194/5194/5194 5208/5208/5208 5189/5189/5189
f 5189/5189/5189 5192/5192/5192 5194/5194/5194
f 5194/5194/5194 5192/5192/5192 5174/5174/5174
f 5174/5174/5174 5192/5192/5192 5191/5191/5191
f 5192/5192/5192 5163/5163/5163 5191/5191/5191
f 5217/5217/5217 5175/5175/5175 5218/5218/5218
f 5219/5219/5219 5217/5217/5217 5218/5218/5218
f 5219/5219/5219 5213/5213/5213 5217/5217/5217
f 5202/5202/5202 5213/5213/5213 5219/5219/5219
f 5202/5202/5202 5219/5219/5219 5201/5201/5201
f 5201/5201/5201 5219/5219/5219 5208/5208/5208
f 5208/5208/5208 5194/5194/5194 5201/5201/5201
f 5201/5201/5201 5194/5194/5194 5177/5177/5177
f 5194/5194/5194 5196/5196/5196 5177/5177/5177
f 5194/5194/5194 5174/5174/5174 5196/5196/5196
f 5173/5173/5173 5175/5175/5175 5217/5217/5217
f 5214/5214/5214 5173/5173/5173 5217/5217/5217
f 5217/5217/5217 5213/5213/5213 5214/5214/5214
f 5213/5213/5213 5198/5198/5198 5214/5214/5214
f 5203/5203/5203 5198/5198/5198 5213/5213/5213
f 5213/5213/5213 5197/5197/5197 5203/5203/5203
f 5213/5213/5213 5186/5186/5186 5197/5197/5197
f 5202/5202/5202 5186/5186/5186 5213/5213/5213
f 5180/5180/5180 5173/5173/5173 5214/5214/5214
f 5214/5214/5214 5179/5179/5179 5180/5180/5180
f 5198/5198/5198 5179/5179/5179 5214/5214/5214
f 5198/5198/5198 5183/5183/5183 5179/5179/5179
f 5210/5210/5210 5183/5183/5183 5198/5198/5198
f 5198/5198/5198 5200/5200/5200 5210/5210/5210
f 5203/5203/5203 5200/5200/5200 5198/5198/5198
f 5200/5200/5200 5203/5203/5203 5212/5212/5212
f 5212/5212/5212 5203/5203/5203 5199/5199/5199
f 5203/5203/5203 5197/5197/5197 5199/5199/5199
f 5197/5197/5197 5178/5178/5178 5199/5199/5199
f 5181/5181/5181 5178/5178/5178 5197/5197/5197
f 5186/5186/5186 5181/5181/5181 5197/5197/5197
f 5186/5186/5186 5202/5202/5202 5181/5181/5181
f 5210/5210/5210 5182/5182/5182 5183/5183/5183
f 5209/5209/5209 5182/5182/5182 5210/5210/5210
f 5200/5200/5200 5209/5209/5209 5210/5210/5210
f 5200/5200/5200 5212/5212/5212 5209/5209/5209
f 5212/5212/5212 5182/5182/5182 5209/5209/5209
f 5187/5187/5187 5182/5182/5182 5212/5212/5212
f 5199/5199/5199 5187/5187/5187 5212/5212/5212
f 5178/5178/5178 5187/5187/5187 5199/5199/5199
f 5181/5181/5181 5202/5202/5202 5184/5184/5184
f 5201/5201/5201 5184/5184/5184 5202/5202/5202
f 5185/5185/5185 5184/5184/5184 5201/5201/5201
f 5201/5201/5201 5188/5188/5188 5185/5185/5185
f 5177/5177/5177 5188/5188/5188 5201/5201/5201
f 5196/5196/5196 5188/5188/5188 5177/5177/5177
f 5193/5193/5193 5188/5188/5188 5196/5196/5196
f 5196/5196/5196 5168/5168/5168 5193/5193/5193
f 5176/5176/5176 5168/5168/5168 5196/5196/5196
f 5196/5196/5196 5174/5174/5174 5176/5176/5176
f 5174/5174/5174 5195/5195/5195 5176/5176/5176
f 5174/5174/5174 5191/5191/5191 5195/5195/5195
f 5191/5191/5191 5163/5163/5163 5195/5195/5195
f 5195/5195/5195 5163/5163/5163 5158/5158/5158
f 5158/5158/5158 5168/5168/5168 5195/5195/5195
f 5195/5195/5195 5168/5168/5168 5176/5176/5176
f 5249/5249/5249 5260/5260/5260 5228/5228/5228
f 5228/5228/5228 5260/5260/5260 5259/5259/5259
f 5259/5259/5259 5260/5260/5260 5281/5281/5281
f 5271/5271/5271 5281/5281/5281 5260/5260/5260
f 5260/5260/5260 5227/5227/5227 5271/5271/5271
f 5260/5260/5260 5229/5229/5229 5227/5227/5227
f 5249/5249/5249 5229/5229/5229 5260/5260/5260
f 5277/5277/5277 5228/5228/5228 5259/5259/5259
f 5259/5259/5259 5278/5278/5278 5277/5277/5277
f 5281/5281/5281 5278/5278/5278 5259/5259/5259
f 5281/5281/5281 5284/5284/5284 5278/5278/5278
f 5281/5281/5281 5268/5268/5268 5284/5284/5284
f 5271/5271/5271 5268/5268/5268 5281/5281/5281
f 5264/5264/5264 5268/5268/5268 5271/5271/5271
f 5271/5271/5271 5263/5263/5263 5264/5264/5264
f 5227/5227/5227 5263/5263/5263 5271/5271/5271
f 5229/5229/5229 5263/5263/5263 5227/5227/5227
f 5230/5230/5230 5228/5228/5228 5277/5277/5277
f 5277/5277/5277 5251/5251/5251 5230/5230/5230
f 5286/5286/5286 5251/5251/5251 5277/5277/5277
f 5277/5277/5277 5283/5283/5283 5286/5286/5286
f 5278/5278/5278 5283/5283/5283 5277/5277/5277
f 5278/5278/5278 5285/5285/5285 5283/5283/5283
f 5278/5278/5278 5284/5284/5284 5285/5285/5285
f 5284/5284/5284 5231/5231/5231 5285/5285/5285
f 5232/5232/5232 5231/5231/5231 5284/5284/5284
f 5270/5270/5270 5232/5232/5232 5284/5284/5284
f 5284/5284/5284 5268/5268/5268 5270/5270/5270
f 5282/5282/5282 5251/5251/5251 5286/5286/5286
f 5286/5286/5286 5262/5262/5262 5282/5282/5282
f 5283/5283/5283 5262/5262/5262 5286/5286/5286
f 5283/5283/5283 5276/5276/5276 5262/5262/5262
f 5283/5283/5283 5285/5285/5285 5276/5276/5276
f 5285/5285/5285 5245/5245/5245 5276/5276/5276
f 5231/5231/5231 5245/5245/5245 5285/5285/5285
f 5250/5250/5250 5251/5251/5251 5282/5282/5282
f 5282/5282/5282 5247/5247/5247 5250/5250/5250
f 5261/5261/5261 5247/5247/5247 5282/5282/5282
f 5262/5262/5262 5261/5261/5261 5282/5282/5282
f 5262/5262/5262 5275/5275/5275 5261/5261/5261
f 5262/5262/5262 5276/5276/5276 5275/5275/5275
f 5276/5276/5276 5248/5248/5248 5275/5275/5275
f 5245/5245/5245 5248/5248/5248 5276/5276/5276
f 5275/5275/5275 5247/5247/5247 5261/5261/5261
f 5248/5248/5248 5247/5247/5247 5275/5275/5275
f 5252/5252/5252 5232/5232/5232 5270/5270/5270
f 5270/5270/5270 5254/5254/5254 5252/5252/5252
f 5266/5266/5266 5254/5254/5254 5270/5270/5270
f 5270/5270/5270 5273/5273/5273 5266/5266/5266
f 5268/5268/5268 5273/5273/5273 5270/5270/5270
f 5273/5273/5273 5268/5268/5268 5264/5264/5264
f 5266/5266/5266 5256/5256/5256 5254/5254/5254
f 5274/5274/5274 5256/5256/5256 5266/5266/5266
f 5266/5266/5266 5272/5272/5272 5274/5274/5274
f 5273/5273/5273 5272/5272/5272 5266/5266/5266
f 5272/5272/5272 5273/5273/5273 5265/5265/5265
f 5265/5265/5265 5273/5273/5273 5264/5264/5264
f 5264/5264/5264 5253/5253/5253 5265/5265/5265
f 5238/5238/5238 5253/5253/5253 5264/5264/5264
f 5264/5264/5264 5263/5263/5263 5238/5238/5238
f 5269/5269/5269 5256/5256/5256 5274/5274/5274
f 5272/5272/5272 5269/5269/5269 5274/5274/5274
f 5272/5272/5272 5267/5267/5267 5269/5269/5269
f 5272/5272/5272 5265/5265/5265 5267/5267/5267
f 5265/5265/5265 5253/5253/5253 5267/5267/5267
f 5267/5267/5267 5253/5253/5253 5234/5234/5234
f 5234/5234/5234 5233/5233/5233 5267/5267/5267
f 5267/5267/5267 5233/5233/5233 5269/5269/5269
f 5233/5233/5233 5256/5256/5256 5269/5269/5269
f 5322/5322/5322 5319/5319/5319 5329/5329/5329
f 5321/5321/5321 5329/5329/5329 5319/5319/5319
f 5321/5321/5321 5319/5319/5319 5330/5330/5330
f 5330/5330/5330 5319/5319/5319 5338/5338/5338
f 5381/5381/5381 5338/5338/5338 5319/5319/5319
f 5381/5381/5381 5319/5319/5319 5322/5322/5322
f 5322/5322/5322 5302/5302/5302 5381/5381/5381
f 5381/5381/5381 5302/5302/5302 5372/5372/5372
f 5302/5302/5302 5326/5326/5326 5372/5372/5372
f 5339/5339/5339 5329/5329/5329 5321/5321/5321
f 5339/5339/5339 5321/5321/5321 5340/5340/5340
f 5340/5340/5340 5321/5321/5321 5330/5330/5330
f 5320/5320/5320 5340/5340/5340 5330/5330/5330
f 5330/5330/5330 5338/5338/5338 5320/5320/5320
f 5402/5402/5402 5320/5320/5320 5338/5338/5338
f 5402/5402/5402 5338/5338/5338 5381/5381/5381
f 5372/5372/5372 5402/5402/5402 5381/5381/5381
f 5396/5396/5396 5402/5402/5402 5372/5372/5372
f 5400/5400/5400 5396/5396/5396 5372/5372/5372
f 5372/5372/5372 5326/5326/5326 5400/5400/5400
f 5326/5326/5326 5308/5308/5308 5400/5400/5400
f 5400/5400/5400 5308/5308/5308 5405/5405/5405
f 5308/5308/5308 5307/5307/5307 5405/5405/5405
f 5309/5309/5309 5340/5340/5340 5320/5320/5320
f 5320/5320/5320 5336/5336/5336 5309/5309/5309
f 5380/5380/5380 5336/5336/5336 5320/5320/5320
f 5380/5380/5380 5320/5320/5320 5402/5402/5402
f 5380/5380/5380 5402/5402/5402 5379/5379/5379
f 5379/5379/5379 5402/5402/5402 5396/5396/5396
f 5379/5379/5379 5396/5396/5396 5378/5378/5378
f 5378/5378/5378 5396/5396/5396 5401/5401/5401
f 5401/5401/5401 5396/5396/5396 5400/5400/5400
f 5400/5400/5400 5384/5384/5384 5401/5401/5401
f 5405/5405/5405 5384/5384/5384 5400/5400/5400
f 5405/5405/5405 5318/5318/5318 5384/5384/5384
f 5405/5405/5405 5307/5307/5307 5318/5318/5318
f 5336/5336/5336 5380/5380/5380 5337/5337/5337
f 5337/5337/5337 5380/5380/5380 5379/5379/5379
f 5337/5337/5337 5379/5379/5379 5325/5325/5325
f 5325/5325/5325 5379/5379/5379 5378/5378/5378
f 5325/5325/5325 5378/5378/5378 5303/5303/5303
f 5303/5303/5303 5378/5378/5378 5406/5406/5406
f 5401/5401/5401 5406/5406/5406 5378/5378/5378
f 5384/5384/5384 5406/5406/5406 5401/5401/5401
f 5384/5384/5384 5383/5383/5383 5406/5406/5406
f 5384/5384/5384 5318/5318/5318 5383/5383/5383
f 5318/5318/5318 5310/5310/5310 5383/5383/5383
f 5307/5307/5307 5310/5310/5310 5318/5318/5318
f 5306/5306/5306 5310/5310/5310 5307/5307/5307
f 5306/5306/5306 5331/5331/5331 5310/5310/5310
f 5382/5382/5382 5303/5303/5303 5406/5406/5406
f 5406/5406/5406 5383/5383/5383 5382/5382/5382
f 5383/5383/5383 5404/5404/5404 5382/5382/5382
f 5403/5403/5403 5404/5404/5404 5383/5383/5383
f 5383/5383/5383 5310/5310/5310 5403/5403/5403
f 5310/5310/5310 5331/5331/5331 5403/5403/5403
f 5331/5331/5331 5404/5404/5404 5403/5403/5403
f 5312/5312/5312 5404/5404/5404 5331/5331/5331
f 5312/5312/5312 5304/5304/5304 5404/5404/5404
f 5404/5404/5404 5304/5304/5304 5382/5382/5382
f 5304/5304/5304 5303/5303/5303 5382/5382/5382
f 5432/5432/5432 5388/5388/5388 5428/5428/5428
f 5389/5389/5389 5388/5388/5388 5432/5432/5432
f 5432/5432/5432 5365/5365/5365 5389/5389/5389
f 5455/5455/5455 5365/5365/5365 5432/5432/5432
f 5455/5455/5455 5432/5432/5432 5433/5433/5433
f 5433/5433/5433 5432/5432/5432 5428/5428/5428
f 5389/5389/5389 5362/5362/5362 5388/5388/5388
f 5386/5386/5386 5362/5362/5362 5389/5389/5389
f 5389/5389/5389 5387/5387/5387 5386/5386/5386
f 5389/5389/5389 5365/5365/5365 5387/5387/5387
f 5365/5365/5365 5375/5375/5375 5387/5387/5387
f 5366/5366/5366 5375/5375/5375 5365/5365/5365
f 5366/5366/5366 5365/5365/5365 5453/5453/5453
f 5453/5453/5453 5365/5365/5365 5455/5455/5455
f 5453/5453/5453 5455/5455/5455 5456/5456/5456
f 5456/5456/5456 5455/5455/5455 5433/5433/5433
f 5386/5386/5386 5390/5390/5390 5362/5362/5362
f 5364/5364/5364 5390/5390/5390 5386/5386/5386
f 5386/5386/5386 5387/5387/5387 5364/5364/5364
f 5364/5364/5364 5387/5387/5387 5385/5385/5385
f 5387/5387/5387 5375/5375/5375 5385/5385/5385
f 5385/5385/5385 5375/5375/5375 5377/5377/5377
f 5377/5377/5377 5375/5375/5375 5441/5441/5441
f 5441/5441/5441 5375/5375/5375 5461/5461/5461
f 5461/5461/5461 5375/5375/5375 5459/5459/5459
f 5375/5375/5375 5366/5366/5366 5459/5459/5459
f 5364/5364/5364 5391/5391/5391 5390/5390/5390
f 5363/5363/5363 5391/5391/5391 5364/5364/5364
f 5364/5364/5364 5385/5385/5385 5363/5363/5363
f 5363/5363/5363 5385/5385/5385 5463/5463/5463
f 5463/5463/5463 5385/5385/5385 5377/5377/5377
f 5463/5463/5463 5377/5377/5377 5441/5441/5441
f 5441/5441/5441 5462/5462/5462 5463/5463/5463
f 5441/5441/5441 5460/5460/5460 5462/5462/5462
f 5461/5461/5461 5460/5460/5460 5441/5441/5441
f 5461/5461/5461 5459/5459/5459 5460/5460/5460
f 5460/5460/5460 5459/5459/5459 5457/5457/5457
f 5459/5459/5459 5454/5454/5454 5457/5457/5457
f 5459/5459/5459 5366/5366/5366 5454/5454/5454
f 5363/5363/5363 5443/5443/5443 5391/5391/5391
f 5463/5463/5463 5443/5443/5443 5363/5363/5363
f 5463/5463/5463 5462/5462/5462 5443/5443/5443
f 5454/5454/5454 5366/5366/5366 5453/5453/5453
f 5454/5454/5454 5453/5453/5453 5431/5431/5431
f 5431/5431/5431 5453/5453/5453 5456/5456/5456
f 5457/5457/5457 5454/5454/5454 5431/5431/5431
f 5429/5429/5429 5447/5447/5447 5421/5421/5421
f 5447/5447/5447 5466/5466/5466 5421/5421/5421
f 5446/5446/5446 5466/5466/5466 5447/5447/5447
f 5434/5434/5434 5446/5446/5446 5447/5447/5447
f 5434/5434/5434 5447/5447/5447 5430/5430/5430
f 5430/5430/5430 5447/5447/5447 5429/5429/5429
f 5449/5449/5449 5430/5430/5430 5429/5429/5429
f 5425/5425/5425 5430/5430/5430 5449/5449/5449
f 5438/5438/5438 5425/5425/5425 5449/5449/5449
f 5446/5446/5446 5465/5465/5465 5466/5466/5466
f 5445/5445/5445 5465/5465/5465 5446/5446/5446
f 5458/5458/5458 5445/5445/5445 5446/5446/5446
f 5458/5458/5458 5446/5446/5446 5434/5434/5434
f 5451/5451/5451 5458/5458/5458 5434/5434/5434
f 5427/5427/5427 5451/5451/5451 5434/5434/5434
f 5427/5427/5427 5434/5434/5434 5425/5425/5425
f 5425/5425/5425 5434/5434/5434 5430/5430/5430
f 5445/5445/5445 5464/5464/5464 5465/5465/5465
f 5448/5448/5448 5464/5464/5464 5445/5445/5445
f 5458/5458/5458 5448/5448/5448 5445/5445/5445
f 5450/5450/5450 5448/5448/5448 5458/5458/5458
f 5450/5450/5450 5458/5458/5458 5451/5451/5451
f 5451/5451/5451 5439/5439/5439 5450/5450/5450
f 5451/5451/5451 5444/5444/5444 5439/5439/5439
f 5451/5451/5451 5452/5452/5452 5444/5444/5444
f 5452/5452/5452 5451/5451/5451 5427/5427/5427
f 5448/5448/5448 5422/5422/5422 5464/5464/5464
f 5423/5423/5423 5422/5422/5422 5448/5448/5448
f 5450/5450/5450 5423/5423/5423 5448/5448/5448
f 5450/5450/5450 5439/5439/5439 5423/5423/5423
f 5439/5439/5439 5435/5435/5435 5423/5423/5423
f 5439/5439/5439 5444/5444/5444 5435/5435/5435
f 5435/5435/5435 5444/5444/5444 5442/5442/5442
f 5444/5444/5444 5426/5426/5426 5442/5442/5442
f 5444/5444/5444 5452/5452/5452 5426/5426/5426
f 5452/5452/5452 5436/5436/5436 5426/5426/5426
f 5452/5452/5452 5427/5427/5427 5436/5436/5436
f 5423/5423/5423 5435/5435/5435 5422/5422/5422
f 5442/5442/5442 5426/5426/5426 5424/5424/5424
f 5426/5426/5426 5436/5436/5436 5424/5424/5424
f 5424/5424/5424 5436/5436/5436 5437/5437/5437
f 5436/5436/5436 5440/5440/5440 5437/5437/5437
f 5436/5436/5436 5427/5427/5427 5440/5440/5440
f 5427/5427/5427 5425/5425/5425 5440/5440/5440
f 5440/5440/5440 5425/5425/5425 5438/5438/5438
f 5437/5437/5437 5440/5440/5440 5438/5438/5438
f 5504/5504/5504 5507/5507/5507 5530/5530/5530
f 5531/5531/5531 5530/5530/5530 5507/5507/5507
f 5531/5531/5531 5507/5507/5507 5526/5526/5526
f 5526/5526/5526 5507/5507/5507 5504/5504/5504
f 5504/5504/5504 5501/5501/5501 5526/5526/5526
f 5526/5526/5526 5501/5501/5501 5525/5525/5525
f 5501/5501/5501 5502/5502/5502 5525/5525/5525
f 5499/5499/5499 5502/5502/5502 5501/5501/5501
f 5508/5508/5508 5530/5530/5530 5531/5531/5531
f 5531/5531/5531 5538/5538/5538 5508/5508/5508
f 5531/5531/5531 5536/5536/5536 5538/5538/5538
f 5521/5521/5521 5536/5536/5536 5531/5531/5531
f 5531/5531/5531 5525/5525/5525 5521/5521/5521
f 5526/5526/5526 5525/5525/5525 5531/5531/5531
f 5508/5508/5508 5538/5538/5538 5500/5500/5500
f 5500/5500/5500 5538/5538/5538 5524/5524/5524
f 5524/5524/5524 5538/5538/5538 5537/5537/5537
f 5538/5538/5538 5536/5536/5536 5537/5537/5537
f 5537/5537/5537 5536/5536/5536 5541/5541/5541
f 5541/5541/5541 5536/5536/5536 5498/5498/5498
f 5498/5498/5498 5536/5536/5536 5539/5539/5539
f 5536/5536/5536 5522/5522/5522 5539/5539/5539
f 5521/5521/5521 5522/5522/5522 5536/5536/5536
f 5521/5521/5521 5499/5499/5499 5522/5522/5522
f 5502/5502/5502 5499/5499/5499 5521/5521/5521
f 5525/5525/5525 5502/5502/5502 5521/5521/5521
f 5540/5540/5540 5517/5517/5517 5604/5604/5604
f 5604/5604/5604 5517/5517/5517 5602/5602/5602
f 5517/5517/5517 5601/5601/5601 5602/5602/5602
f 5519/5519/5519 5601/5601/5601 5517/5517/5517
f 5495/5495/5495 5519/5519/5519 5517/5517/5517
f 5540/5540/5540 5495/5495/5495 5517/5517/5517
f 5515/5515/5515 5495/5495/5495 5540/5540/5540
f 5515/5515/5515 5518/5518/5518 5495/5495/5495
f 5520/5520/5520 5518/5518/5518 5515/5515/5515
f 5581/5581/5581 5604/5604/5604 5602/5602/5602
f 5602/5602/5602 5601/5601/5601 5581/5581/5581
f 5581/5581/5581 5601/5601/5601 5595/5595/5595
f 5581/5581/5581 5595/5595/5595 5510/5510/5510
f 5510/5510/5510 5595/5595/5595 5534/5534/5534
f 5510/5510/5510 5534/5534/5534 5496/5496/5496
f 5496/5496/5496 5534/5534/5534 5511/5511/5511
f 5514/5514/5514 5496/5496/5496 5511/5511/5511
f 5533/5533/5533 5604/5604/5604 5581/5581/5581
f 5510/5510/5510 5533/5533/5533 5581/5581/5581
f 5512/5512/5512 5533/5533/5533 5510/5510/5510
f 5512/5512/5512 5510/5510/5510 5509/5509/5509
f 5509/5509/5509 5510/5510/5510 5496/5496/5496
f 5509/5509/5509 5496/5496/5496 5535/5535/5535
f 5535/5535/5535 5496/5496/5496 5532/5532/5532
f 5532/5532/5532 5496/5496/5496 5514/5514/5514
f 5513/5513/5513 5532/5532/5532 5514/5514/5514
f 5518/5518/5518 5532/5532/5532 5513/5513/5513
f 5516/5516/5516 5518/5518/5518 5513/5513/5513
f 5495/5495/5495 5518/5518/5518 5516/5516/5516
f 5516/5516/5516 5519/5519/5519 5495/5495/5495
f 5535/5535/5535 5532/5532/5532 5520/5520/5520
f 5520/5520/5520 5532/5532/5532 5518/5518/5518
f 5576/5576/5576 5572/5572/5572 5578/5578/5578
f 5599/5599/5599 5572/5572/5572 5576/5576/5576
f 5576/5576/5576 5603/5603/5603 5599/5599/5599
f 5575/5575/5575 5603/5603/5603 5576/5576/5576
f 5576/5576/5576 5594/5594/5594 5575/5575/5575
f 5576/5576/5576 5598/5598/5598 5594/5594/5594
f 5578/5578/5578 5598/5598/5598 5576/5576/5576
f 5599/5599/5599 5573/5573/5573 5572/5572/5572
f 5600/5600/5600 5573/5573/5573 5599/5599/5599
f 5600/5600/5600 5599/5599/5599 5574/5574/5574
f 5574/5574/5574 5599/5599/5599 5603/5603/5603
f 5580/5580/5580 5573/5573/5573 5600/5600/5600
f 5580/5580/5580 5600/5600/5600 5596/5596/5596
f 5596/5596/5596 5600/5600/5600 5574/5574/5574
f 5597/5597/5597 5573/5573/5573 5580/5580/5580
f 5570/5570/5570 5597/5597/5597 5580/5580/5580
f 5570/5570/5570 5580/5580/5580 5593/5593/5593
f 5593/5593/5593 5580/5580/5580 5596/5596/5596
f 5571/5571/5571 5597/5597/5597 5570/5570/5570
f 5570/5570/5570 5591/5591/5591 5571/5571/5571
f 5570/5570/5570 5592/5592/5592 5591/5591/5591
f 5593/5593/5593 5592/5592/5592 5570/5570/5570
f 5571/5571/5571 5591/5591/5591 5605/5605/5605
f 5591/5591/5591 5584/5584/5584 5605/5605/5605
f 5583/5583/5583 5584/5584/5584 5591/5591/5591
f 5583/5583/5583 5591/5591/5591 5579/5579/5579
f 5579/5579/5579 5591/5591/5591 5592/5592/5592
f 5583/5583/5583 5598/5598/5598 5584/5584/5584
f 5594/5594/5594 5598/5598/5598 5583/5583/5583
f 5594/5594/5594 5583/5583/5583 5577/5577/5577
f 5577/5577/5577 5583/5583/5583 5579/5579/5579
f 5575/5575/5575 5594/5594/5594 5577/5577/5577
f 5590/5590/5590 5561/5561/5561 5564/5564/5564
f 5607/5607/5607 5561/5561/5561 5590/5590/5590
f 5590/5590/5590 5586/5586/5586 5607/5607/5607
f 5567/5567/5567 5586/5586/5586 5590/5590/5590
f 5590/5590/5590 5585/5585/5585 5567/5567/5567
f 5564/5564/5564 5585/5585/5585 5590/5590/5590
f 5569/5569/5569 5585/5585/5585 5564/5564/5564
f 5585/5585/5585 5569/5569/5569 5567/5567/5567
f 5567/5567/5567 5569/5569/5569 5566/5566/5566
f 5607/5607/5607 5568/5568/5568 5561/5561/5561
f 5588/5588/5588 5568/5568/5568 5607/5607/5607
f 5586/5586/5586 5588/5588/5588 5607/5607/5607
f 5586/5586/5586 5568/5568/5568 5588/5588/5588
f 5565/5565/5565 5568/5568/5568 5586/5586/5586
f 5637/5637/5637 5565/5565/5565 5586/5586/5586
f 5637/5637/5637 5586/5586/5586 5638/5638/5638
f 5638/5638/5638 5586/5586/5586 5567/5567/5567
f 5567/5567/5567 5566/5566/5566 5638/5638/5638
f 5638/5638/5638 5566/5566/5566 5640/5640/5640
f 5638/5638/5638 5640/5640/5640 5670/5670/5670
f 5670/5670/5670 5640/5640/5640 5687/5687/5687
f 5681/5681/5681 5670/5670/5670 5687/5687/5687
f 5673/5673/5673 5670/5670/5670 5681/5681/5681
f 5682/5682/5682 5673/5673/5673 5681/5681/5681
f 5683/5683/5683 5673/5673/5673 5682/5682/5682
f 5631/5631/5631 5683/5683/5683 5682/5682/5682
f 5645/5645/5645 5683/5683/5683 5631/5631/5631
f 5641/5641/5641 5645/5645/5645 5631/5631/5631
f 5671/5671/5671 5670/5670/5670 5673/5673/5673
f 5671/5671/5671 5673/5673/5673 5663/5663/5663
f 5663/5663/5663 5673/5673/5673 5683/5683/5683
f 5663/5663/5663 5683/5683/5683 5662/5662/5662
f 5662/5662/5662 5683/5683/5683 5645/5645/5645
f 5662/5662/5662 5645/5645/5645 5630/5630/5630
f 5630/5630/5630 5645/5645/5645 5629/5629/5629
f 5629/5629/5629 5645/5645/5645 5641/5641/5641
f 5641/5641/5641 5624/5624/5624 5629/5629/5629
f 5636/5636/5636 5624/5624/5624 5641/5641/5641
f 5656/5656/5656 5670/5670/5670 5671/5671/5671
f 5632/5632/5632 5656/5656/5656 5671/5671/5671
f 5632/5632/5632 5671/5671/5671 5675/5675/5675
f 5675/5675/5675 5671/5671/5671 5663/5663/5663
f 5675/5675/5675 5663/5663/5663 5666/5666/5666
f 5666/5666/5666 5663/5663/5663 5662/5662/5662
f 5666/5666/5666 5662/5662/5662 5626/5626/5626
f 5626/5626/5626 5662/5662/5662 5630/5630/5630
f 5630/5630/5630 5625/5625/5625 5626/5626/5626
f 5629/5629/5629 5625/5625/5625 5630/5630/5630
f 5624/5624/5624 5625/5625/5625 5629/5629/5629
f 5656/5656/5656 5638/5638/5638 5670/5670/5670
f 5637/5637/5637 5638/5638/5638 5656/5656/5656
f 5637/5637/5637 5656/5656/5656 5635/5635/5635
f 5635/5635/5635 5656/5656/5656 5646/5646/5646
f 5646/5646/5646 5656/5656/5656 5632/5632/5632
f 5635/5635/5635 5565/5565/5565 5637/5637/5637
f 5626/5626/5626 5625/5625/5625 5623/5623/5623
f 5624/5624/5624 5623/5623/5623 5625/5625/5625
f 5636/5636/5636 5623/5623/5623 5624/5624/5624
f 5689/5689/5689 5672/5672/5672 5648/5648/5648
f 5648/5648/5648 5672/5672/5672 5650/5650/5650
f 5650/5650/5650 5672/5672/5672 5691/5691/5691
f 5691/5691/5691 5672/5672/5672 5649/5649/5649
f 5649/5649/5649 5836/5836/5836 5691/5691/5691
f 5651/5651/5651 5836/5836/5836 5649/5649/5649
f 5689/5689/5689 5648/5648/5648 5690/5690/5690
f 5690/5690/5690 5648/5648/5648 5843/5843/5843
f 5648/5648/5648 5829/5829/5829 5843/5843/5843
f 5650/5650/5650 5829/5829/5829 5648/5648/5648
f 5650/5650/5650 5836/5836/5836 5829/5829/5829
f 5691/5691/5691 5836/5836/5836 5650/5650/5650
f 5843/5843/5843 5676/5676/5676 5690/5690/5690
f 5842/5842/5842 5676/5676/5676 5843/5843/5843
f 5829/5829/5829 5842/5842/5842 5843/5843/5843
f 5832/5832/5832 5842/5842/5842 5829/5829/5829
f 5832/5832/5832 5829/5829/5829 5830/5830/5830
f 5830/5830/5830 5829/5829/5829 5836/5836/5836
f 5836/5836/5836 5651/5651/5651 5830/5830/5830
f 5830/5830/5830 5651/5651/5651 5692/5692/5692
f 5830/5830/5830 5692/5692/5692 5834/5834/5834
f 5834/5834/5834 5692/5692/5692 5665/5665/5665
f 5665/5665/5665 5668/5668/5668 5834/5834/5834
f 5842/5842/5842 5658/5658/5658 5676/5676/5676
f 5677/5677/5677 5658/5658/5658 5842/5842/5842
f 5677/5677/5677 5842/5842/5842 5835/5835/5835
f 5835/5835/5835 5842/5842/5842 5832/5832/5832
f 5833/5833/5833 5835/5835/5835 5832/5832/5832
f 5830/5830/5830 5833/5833/5833 5832/5832/5832
f 5834/5834/5834 5833/5833/5833 5830/5830/5830
f 5834/5834/5834 5668/5668/5668 5833/5833/5833
f 5833/5833/5833 5668/5668/5668 5835/5835/5835
f 5835/5835/5835 5668/5668/5668 5660/5660/5660
f 5835/5835/5835 5660/5660/5660 5677/5677/5677
f 5677/5677/5677 5660/5660/5660 5658/5658/5658
f 174/174/174 178/178/178 180/180/180
f 180/180/180 178/178/178 179/179/179
f 179/179/179 178/178/178 177/177/177
f 177/177/177 178/178/178 181/181/181
f 181/181/181 178/178/178 182/182/182
f 182/182/182 178/178/178 176/176/176
f 176/176/176 178/178/178 175/175/175
f 175/175/175 178/178/178 173/173/173
f 173/173/173 178/178/178 174/174/174
f 1395/1395/1395 1396/1396/1396 967/967/967
f 967/967/967 1396/1396/1396 1448/1448/1448
f 1396/1396/1396 1449/1449/1449 1448/1448/1448
f 1422/1422/1422 1449/1449/1449 1396/1396/1396
f 1396/1396/1396 1352/1352/1352 1422/1422/1422
f 1395/1395/1395 1352/1352/1352 1396/1396/1396
f 1439/1439/1439 1352/1352/1352 1395/1395/1395
f 1439/1439/1439 1385/1385/1385 1352/1352/1352
f 1384/1384/1384 1385/1385/1385 1439/1439/1439
f 967/967/967 1448/1448/1448 945/945/945
f 945/945/945 1448/1448/1448 1437/1437/1437
f 1437/1437/1437 1448/1448/1448 1447/1447/1447
f 1447/1447/1447 1448/1448/1448 1449/1449/1449
f 945/945/945 1437/1437/1437 1388/1388/1388
f 1388/1388/1388 1437/1437/1437 1446/1446/1446
f 1446/1446/1446 1437/1437/1437 965/965/965
f 965/965/965 1437/1437/1437 1447/1447/1447
f 1383/1383/1383 1388/1388/1388 1446/1446/1446
f 1383/1383/1383 1446/1446/1446 1445/1445/1445
f 1445/1445/1445 1446/1446/1446 965/965/965
f 1394/1394/1394 1388/1388/1388 1383/1383/1383
f 1386/1386/1386 1394/1394/1394 1383/1383/1383
f 1383/1383/1383 1445/1445/1445 1386/1386/1386
f 1386/1386/1386 1445/1445/1445 1440/1440/1440
f 1382/1382/1382 1386/1386/1386 1440/1440/1440
f 1385/1385/1385 1386/1386/1386 1382/1382/1382
f 1350/1350/1350 1385/1385/1385 1382/1382/1382
f 1352/1352/1352 1385/1385/1385 1350/1350/1350
f 1422/1422/1422 1352/1352/1352 1350/1350/1350
f 1387/1387/1387 1394/1394/1394 1386/1386/1386
f 1387/1387/1387 1386/1386/1386 1384/1384/1384
f 1384/1384/1384 1386/1386/1386 1385/1385/1385
f 1053/1053/1053 963/963/963 966/966/966
f 964/964/964 963/963/963 1053/1053/1053
f 1053/1053/1053 1080/1080/1080 964/964/964
f 1031/1031/1031 1080/1080/1080 1053/1053/1053
f 1435/1435/1435 1031/1031/1031 1053/1053/1053
f 1435/1435/1435 1053/1053/1053 1450/1450/1450
f 1450/1450/1450 1053/1053/1053 966/966/966
f 964/964/964 968/968/968 963/963/963
f 964/964/964 1077/1077/1077 968/968/968
f 1080/1080/1080 1077/1077/1077 964/964/964
f 963/963/963 968/968/968 1082/1082/1082
f 1438/1438/1438 1082/1082/1082 968/968/968
f 1077/1077/1077 1438/1438/1438 968/968/968
f 1433/1433/1433 1438/1438/1438 1077/1077/1077
f 1433/1433/1433 984/984/984 1438/1438/1438
f 1438/1438/1438 984/984/984 1003/1003/1003
f 984/984/984 981/981/981 1003/1003/1003
f 1001/1001/1001 981/981/981 984/984/984
f 1434/1434/1434 1082/1082/1082 1438/1438/1438
f 1438/1438/1438 1003/1003/1003 1434/1434/1434
f 1434/1434/1434 1003/1003/1003 1081/1081/1081
f 1003/1003/1003 981/981/981 1081/1081/1081
f 1081/1081/1081 981/981/981 969/969/969
f 981/981/981 962/962/962 969/969/969
f 979/979/979 962/962/962 981/981/981
f 1001/1001/1001 979/979/979 981/981/981
f 1004/1004/1004 979/979/979 1001/1001/1001
f 1004/1004/1004 1435/1435/1435 979/979/979
f 1436/1436/1436 1435/1435/1435 1004/1004/1004
f 1436/1436/1436 1031/1031/1031 1435/1435/1435
f 979/979/979 1450/1450/1450 962/962/962
f 1435/1435/1435 1450/1450/1450 979/979/979
f 993/993/993 996/996/996 983/983/983
f 996/996/996 1084/1084/1084 983/983/983
f 1084/1084/1084 996/996/996 995/995/995
f 996/996/996 994/994/994 995/995/995
f 994/994/994 996/996/996 993/993/993
f 1149/1149/1149 994/994/994 993/993/993
f 1150/1150/1150 994/994/994 1149/1149/1149
f 1151/1151/1151 1150/1150/1150 1149/1149/1149
f 983/983/983 1084/1084/1084 1029/1029/1029
f 1029/1029/1029 1084/1084/1084 1086/1086/1086
f 1086/1086/1086 1084/1084/1084 1087/1087/1087
f 1087/1087/1087 1084/1084/1084 1085/1085/1085
f 1085/1085/1085 1084/1084/1084 995/995/995
f 1086/1086/1086 1087/1087/1087 1076/1076/1076
f 1076/1076/1076 1087/1087/1087 982/982/982
f 982/982/982 1087/1087/1087 1085/1085/1085
f 992/992/992 982/982/982 1085/1085/1085
f 980/980/980 982/982/982 992/992/992
f 1153/1153/1153 980/980/980 992/992/992
f 1153/1153/1153 992/992/992 1150/1150/1150
f 1150/1150/1150 992/992/992 991/991/991
f 991/991/991 994/994/994 1150/1150/1150
f 995/995/995 994/994/994 991/991/991
f 982/982/982 980/980/980 1076/1076/1076
f 1076/1076/1076 980/980/980 1002/1002/1002
f 1002/1002/1002 980/980/980 1151/1151/1151
f 1151/1151/1151 980/980/980 1153/1153/1153
f 1153/1153/1153 1150/1150/1150 1151/1151/1151
f 1317/1317/1317 1283/1283/1283 1321/1321/1321
f 1321/1321/1321 1283/1283/1283 1312/1312/1312
f 1304/1304/1304 1312/1312/1312 1283/1283/1283
f 1304/1304/1304 1283/1283/1283 1286/1286/1286
f 1286/1286/1286 1283/1283/1283 1317/1317/1317
f 1321/1321/1321 1312/1312/1312 1285/1285/1285
f 1285/1285/1285 1312/1312/1312 1303/1303/1303
f 1303/1303/1303 1312/1312/1312 1304/1304/1304
f 1304/1304/1304 1291/1291/1291 1303/1303/1303
f 1313/1313/1313 1291/1291/1291 1304/1304/1304
f 1286/1286/1286 1313/1313/1313 1304/1304/1304
f 1301/1301/1301 1313/1313/1313 1286/1286/1286
f 1301/1301/1301 1347/1347/1347 1313/1313/1313
f 1290/1290/1290 1347/1347/1347 1301/1301/1301
f 1303/1303/1303 1291/1291/1291 1285/1285/1285
f 1285/1285/1285 1291/1291/1291 1269/1269/1269
f 1291/1291/1291 1314/1314/1314 1269/1269/1269
f 1313/1313/1313 1314/1314/1314 1291/1291/1291
f 1347/1347/1347 1314/1314/1314 1313/1313/1313
f 1347/1347/1347 1293/1293/1293 1314/1314/1314
f 1290/1290/1290 1293/1293/1293 1347/1347/1347
f 1290/1290/1290 1288/1288/1288 1293/1293/1293
f 1293/1293/1293 1288/1288/1288 1271/1271/1271
f 1288/1288/1288 1261/1261/1261 1271/1271/1271
f 1269/1269/1269 1314/1314/1314 1268/1268/1268
f 1314/1314/1314 1270/1270/1270 1268/1268/1268
f 1314/1314/1314 1293/1293/1293 1270/1270/1270
f 1293/1293/1293 1271/1271/1271 1270/1270/1270
f 1270/1270/1270 1271/1271/1271 1258/1258/1258
f 1271/1271/1271 1208/1208/1208 1258/1258/1258
f 1207/1207/1207 1208/1208/1208 1271/1271/1271
f 1271/1271/1271 1261/1261/1261 1207/1207/1207
f 1207/1207/1207 1261/1261/1261 1215/1215/1215
f 1215/1215/1215 1261/1261/1261 1213/1213/1213
f 1270/1270/1270 1256/1256/1256 1268/1268/1268
f 1258/1258/1258 1256/1256/1256 1270/1270/1270
f 1258/1258/1258 1259/1259/1259 1256/1256/1256
f 1208/1208/1208 1259/1259/1259 1258/1258/1258
f 1259/1259/1259 1208/1208/1208 1113/1113/1113
f 1113/1113/1113 1208/1208/1208 1172/1172/1172
f 1208/1208/1208 1215/1215/1215 1172/1172/1172
f 1207/1207/1207 1215/1215/1215 1208/1208/1208
f 1113/1113/1113 1172/1172/1172 1203/1203/1203
f 1203/1203/1203 1172/1172/1172 1108/1108/1108
f 1172/1172/1172 1216/1216/1216 1108/1108/1108
f 1215/1215/1215 1216/1216/1216 1172/1172/1172
f 1215/1215/1215 1213/1213/1213 1216/1216/1216
f 1216/1216/1216 1213/1213/1213 1211/1211/1211
f 1216/1216/1216 1211/1211/1211 1168/1168/1168
f 1168/1168/1168 1211/1211/1211 1210/1210/1210
f 1168/1168/1168 1210/1210/1210 1169/1169/1169
f 1169/1169/1169 1210/1210/1210 1217/1217/1217
f 1108/1108/1108 1189/1189/1189 1203/1203/1203
f 1108/1108/1108 1168/1168/1168 1189/1189/1189
f 1216/1216/1216 1168/1168/1168 1108/1108/1108
f 1203/1203/1203 1189/1189/1189 1205/1205/1205
f 1170/1170/1170 1205/1205/1205 1189/1189/1189
f 1189/1189/1189 1168/1168/1168 1170/1170/1170
f 1170/1170/1170 1168/1168/1168 1169/1169/1169
f 1199/1199/1199 1170/1170/1170 1169/1169/1169
f 1199/1199/1199 1169/1169/1169 1200/1200/1200
f 1200/1200/1200 1169/1169/1169 1217/1217/1217
f 1201/1201/1201 1205/1205/1205 1170/1170/1170
f 1170/1170/1170 1204/1204/1204 1201/1201/1201
f 1206/1206/1206 1204/1204/1204 1170/1170/1170
f 1206/1206/1206 1170/1170/1170 1199/1199/1199
f 1199/1199/1199 1200/1200/1200 1206/1206/1206
f 1206/1206/1206 1200/1200/1200 1204/1204/1204
f 1198/1198/1198 1167/1167/1167 1195/1195/1195
f 1195/1195/1195 1167/1167/1167 1171/1171/1171
f 1167/1167/1167 1178/1178/1178 1171/1171/1171
f 1178/1178/1178 1193/1193/1193 1171/1171/1171
f 1178/1178/1178 1192/1192/1192 1193/1193/1193
f 1193/1193/1193 1192/1192/1192 1104/1104/1104
f 1194/1194/1194 1193/1193/1193 1104/1104/1104
f 1198/1198/1198 1195/1195/1195 1197/1197/1197
f 1197/1197/1197 1195/1195/1195 1179/1179/1179
f 1195/1195/1195 1193/1193/1193 1179/1179/1179
f 1171/1171/1171 1193/1193/1193 1195/1195/1195
f 1197/1197/1197 1179/1179/1179 1177/1177/1177
f 1177/1177/1177 1179/1179/1179 1190/1190/1190
f 1179/1179/1179 1196/1196/1196 1190/1190/1190
f 1179/1179/1179 1193/1193/1193 1196/1196/1196
f 1196/1196/1196 1193/1193/1193 1194/1194/1194
f 1107/1107/1107 1196/1196/1196 1194/1194/1194
f 1103/1103/1103 1196/1196/1196 1107/1107/1107
f 1191/1191/1191 1103/1103/1103 1107/1107/1107
f 1190/1190/1190 1103/1103/1103 1191/1191/1191
f 1191/1191/1191 1177/1177/1177 1190/1190/1190
f 1190/1190/1190 1196/1196/1196 1103/1103/1103
f 1100/1100/1100 1089/1089/1089 1101/1101/1101
f 1101/1101/1101 1089/1089/1089 1263/1263/1263
f 1263/1263/1263 1089/1089/1089 1265/1265/1265
f 1089/1089/1089 1308/1308/1308 1265/1265/1265
f 1100/1100/1100 1308/1308/1308 1089/1089/1089
f 1093/1093/1093 1308/1308/1308 1100/1100/1100
f 1093/1093/1093 1091/1091/1091 1308/1308/1308
f 1105/1105/1105 1091/1091/1091 1093/1093/1093
f 1264/1264/1264 1101/1101/1101 1263/1263/1263
f 1264/1264/1264 1263/1263/1263 1254/1254/1254
f 1254/1254/1254 1263/1263/1263 1265/1265/1265
f 1251/1251/1251 1254/1254/1254 1265/1265/1265
f 1265/1265/1265 1307/1307/1307 1251/1251/1251
f 1266/1266/1266 1307/1307/1307 1265/1265/1265
f 1265/1265/1265 1308/1308/1308 1266/1266/1266
f 1308/1308/1308 1091/1091/1091 1266/1266/1266
f 1102/1102/1102 1101/1101/1101 1264/1264/1264
f 1102/1102/1102 1264/1264/1264 1098/1098/1098
f 1098/1098/1098 1264/1264/1264 1254/1254/1254
f 1098/1098/1098 1254/1254/1254 1090/1090/1090
f 1090/1090/1090 1254/1254/1254 1323/1323/1323
f 1323/1323/1323 1254/1254/1254 1251/1251/1251
f 1323/1323/1323 1251/1251/1251 1249/1249/1249
f 1249/1249/1249 1251/1251/1251 1280/1280/1280
f 1307/1307/1307 1280/1280/1280 1251/1251/1251
f 1249/1249/1249 1090/1090/1090 1323/1323/1323
f 1092/1092/1092 1090/1090/1090 1249/1249/1249
f 1273/1273/1273 1092/1092/1092 1249/1249/1249
f 1273/1273/1273 1249/1249/1249 1253/1253/1253
f 1253/1253/1253 1249/1249/1249 1280/1280/1280
f 1109/1109/1109 1253/1253/1253 1280/1280/1280
f 1109/1109/1109 1280/1280/1280 1315/1315/1315
f 1315/1315/1315 1280/1280/1280 1294/1294/1294
f 1294/1294/1294 1280/1280/1280 1307/1307/1307
f 1096/1096/1096 1092/1092/1092 1273/1273/1273
f 1096/1096/1096 1273/1273/1273 1095/1095/1095
f 1095/1095/1095 1273/1273/1273 1253/1253/1253
f 1095/1095/1095 1253/1253/1253 1094/1094/1094
f 1094/1094/1094 1253/1253/1253 1109/1109/1109
f 1094/1094/1094 1109/1109/1109 1267/1267/1267
f 1267/1267/1267 1109/1109/1109 1315/1315/1315
f 1248/1248/1248 1267/1267/1267 1315/1315/1315
f 1248/1248/1248 1315/1315/1315 1294/1294/1294
f 1110/1110/1110 1248/1248/1248 1294/1294/1294
f 1307/1307/1307 1110/1110/1110 1294/1294/1294
f 1250/1250/1250 1110/1110/1110 1307/1307/1307
f 1307/1307/1307 1111/1111/1111 1250/1250/1250
f 1266/1266/1266 1111/1111/1111 1307/1307/1307
f 1091/1091/1091 1111/1111/1111 1266/1266/1266
f 1257/1257/1257 1267/1267/1267 1248/1248/1248
f 1272/1272/1272 1257/1257/1257 1248/1248/1248
f 1272/1272/1272 1248/1248/1248 1110/1110/1110
f 1099/1099/1099 1272/1272/1272 1110/1110/1110
f 1250/1250/1250 1099/1099/1099 1110/1110/1110
f 1112/1112/1112 1099/1099/1099 1250/1250/1250
f 1111/1111/1111 1112/1112/1112 1250/1250/1250
f 1106/1106/1106 1112/1112/1112 1111/1111/1111
f 1252/1252/1252 1106/1106/1106 1111/1111/1111
f 1252/1252/1252 1111/1111/1111 1091/1091/1091
f 1105/1105/1105 1252/1252/1252 1091/1091/1091
f 1097/1097/1097 1252/1252/1252 1105/1105/1105
f 1255/1255/1255 1257/1257/1257 1272/1272/1272
f 1255/1255/1255 1272/1272/1272 1099/1099/1099
f 1097/1097/1097 1106/1106/1106 1252/1252/1252
f 1174/1174/1174 1144/1144/1144 1146/1146/1146
f 1147/1147/1147 1146/1146/1146 1144/1144/1144
f 1144/1144/1144 1145/1145/1145 1147/1147/1147
f 1276/1276/1276 1145/1145/1145 1144/1144/1144
f 1276/1276/1276 1144/1144/1144 1174/1174/1174
f 1343/1343/1343 1276/1276/1276 1174/1174/1174
f 1277/1277/1277 1276/1276/1276 1343/1343/1343
f 1343/1343/1343 1275/1275/1275 1277/1277/1277
f 1148/1148/1148 1146/1146/1146 1147/1147/1147
f 1337/1337/1337 1148/1148/1148 1147/1147/1147
f 1147/1147/1147 1222/1222/1222 1337/1337/1337
f 1147/1147/1147 1145/1145/1145 1222/1222/1222
f 1222/1222/1222 1145/1145/1145 1341/1341/1341
f 1341/1341/1341 1145/1145/1145 1220/1220/1220
f 1145/1145/1145 1277/1277/1277 1220/1220/1220
f 1277/1277/1277 1145/1145/1145 1276/1276/1276
f 1235/1235/1235 1148/1148/1148 1337/1337/1337
f 1337/1337/1337 1344/1344/1344 1235/1235/1235
f 1221/1221/1221 1344/1344/1344 1337/1337/1337
f 1337/1337/1337 1222/1222/1222 1221/1221/1221
f 1341/1341/1341 1221/1221/1221 1222/1222/1222
f 1237/1237/1237 1221/1221/1221 1341/1341/1341
f 1228/1228/1228 1237/1237/1237 1341/1341/1341
f 1228/1228/1228 1341/1341/1341 1219/1219/1219
f 1219/1219/1219 1341/1341/1341 1220/1220/1220
f 1219/1219/1219 1220/1220/1220 1230/1230/1230
f 1230/1230/1230 1220/1220/1220 1229/1229/1229
f 1220/1220/1220 1277/1277/1277 1229/1229/1229
f 1344/1344/1344 1221/1221/1221 1232/1232/1232
f 1232/1232/1232 1221/1221/1221 1237/1237/1237
f 1237/1237/1237 1236/1236/1236 1232/1232/1232
f 1236/1236/1236 1237/1237/1237 1228/1228/1228
f 1236/1236/1236 1228/1228/1228 1342/1342/1342
f 1342/1342/1342 1228/1228/1228 1274/1274/1274
f 1228/1228/1228 1278/1278/1278 1274/1274/1274
f 1219/1219/1219 1278/1278/1278 1228/1228/1228
f 1219/1219/1219 1231/1231/1231 1278/1278/1278
f 1230/1230/1230 1231/1231/1231 1219/1219/1219
f 1232/1232/1232 1236/1236/1236 1223/1223/1223
f 1236/1236/1236 1342/1342/1342 1223/1223/1223
f 1223/1223/1223 1342/1342/1342 1225/1225/1225
f 1225/1225/1225 1342/1342/1342 1154/1154/1154
f 1154/1154/1154 1342/1342/1342 1274/1274/1274
f 1154/1154/1154 1274/1274/1274 1155/1155/1155
f 1155/1155/1155 1274/1274/1274 1278/1278/1278
f 1231/1231/1231 1155/1155/1155 1278/1278/1278
f 1330/1330/1330 1155/1155/1155 1231/1231/1231
f 1231/1231/1231 1336/1336/1336 1330/1330/1330
f 1230/1230/1230 1336/1336/1336 1231/1231/1231
f 1230/1230/1230 1275/1275/1275 1336/1336/1336
f 1229/1229/1229 1275/1275/1275 1230/1230/1230
f 1277/1277/1277 1275/1275/1275 1229/1229/1229
f 1833/1833/1833 1832/1832/1832 1886/1886/1886
f 1832/1832/1832 1831/1831/1831 1886/1886/1886
f 1810/1810/1810 1831/1831/1831 1832/1832/1832
f 1832/1832/1832 1809/1809/1809 1810/1810/1810
f 1809/1809/1809 1832/1832/1832 1807/1807/1807
f 1807/1807/1807 1832/1832/1832 1833/1833/1833
f 1831/1831/1831 1857/1857/1857 1886/1886/1886
f 1831/1831/1831 1858/1858/1858 1857/1857/1857
f 1858/1858/1858 1831/1831/1831 1825/1825/1825
f 1825/1825/1825 1831/1831/1831 1810/1810/1810
f 1810/1810/1810 1885/1885/1885 1825/1825/1825
f 2142/2142/2142 1885/1885/1885 1810/1810/1810
f 1810/1810/1810 1809/1809/1809 2142/2142/2142
f 1809/1809/1809 2159/2159/2159 2142/2142/2142
f 2159/2159/2159 1809/1809/1809 1888/1888/1888
f 1888/1888/1888 1809/1809/1809 1807/1807/1807
f 1857/1857/1857 1858/1858/1858 1860/1860/1860
f 1858/1858/1858 1868/1868/1868 1860/1860/1860
f 1829/1829/1829 1868/1868/1868 1858/1858/1858
f 1825/1825/1825 1829/1829/1829 1858/1858/1858
f 1817/1817/1817 1829/1829/1829 1825/1825/1825
f 1825/1825/1825 1885/1885/1885 1817/1817/1817
f 1817/1817/1817 1885/1885/1885 1826/1826/1826
f 1826/1826/1826 1885/1885/1885 2143/2143/2143
f 2159/2159/2159 2143/2143/2143 1885/1885/1885
f 2142/2142/2142 2159/2159/2159 1885/1885/1885
f 1830/1830/1830 1868/1868/1868 1829/1829/1829
f 1918/1918/1918 1830/1830/1830 1829/1829/1829
f 1817/1817/1817 1918/1918/1918 1829/1829/1829
f 1817/1817/1817 1826/1826/1826 1918/1918/1918
f 1918/1918/1918 1826/1826/1826 2156/2156/2156
f 1826/1826/1826 2143/2143/2143 2156/2156/2156
f 2143/2143/2143 1808/1808/1808 2156/2156/2156
f 2143/2143/2143 2159/2159/2159 1808/1808/1808
f 1808/1808/1808 2159/2159/2159 1888/1888/1888
f 2160/2160/2160 1830/1830/1830 1918/1918/1918
f 1918/1918/1918 2156/2156/2156 2160/2160/2160
f 2160/2160/2160 2156/2156/2156 2157/2157/2157
f 2156/2156/2156 1808/1808/1808 2157/2157/2157
f 4051/4051/4051 4086/4086/4086 4083/4083/4083
f 4083/4083/4083 4086/4086/4086 4125/4125/4125
f 4086/4086/4086 4098/4098/4098 4125/4125/4125
f 4086/4086/4086 4097/4097/4097 4098/4098/4098
f 4084/4084/4084 4097/4097/4097 4086/4086/4086
f 4051/4051/4051 4084/4084/4084 4086/4086/4086
f 4073/4073/4073 4084/4084/4084 4051/4051/4051
f 4074/4074/4074 4084/4084/4084 4073/4073/4073
f 4121/4121/4121 4083/4083/4083 4125/4125/4125
f 4125/4125/4125 4126/4126/4126 4121/4121/4121
f 4126/4126/4126 4125/4125/4125 4107/4107/4107
f 4107/4107/4107 4125/4125/4125 4098/4098/4098
f 4098/4098/4098 4096/4096/4096 4107/4107/4107
f 4097/4097/4097 4096/4096/4096 4098/4098/4098
f 4096/4096/4096 4097/4097/4097 4054/4054/4054
f 4054/4054/4054 4097/4097/4097 4084/4084/4084
f 4054/4054/4054 4084/4084/4084 4074/4074/4074
f 4074/4074/4074 4053/4053/4053 4054/4054/4054
f 4052/4052/4052 4053/4053/4053 4074/4074/4074
f 4121/4121/4121 4126/4126/4126 4123/4123/4123
f 4123/4123/4123 4126/4126/4126 4138/4138/4138
f 4138/4138/4138 4126/4126/4126 4127/4127/4127
f 4126/4126/4126 4107/4107/4107 4127/4127/4127
f 4127/4127/4127 4107/4107/4107 4099/4099/4099
f 4096/4096/4096 4099/4099/4099 4107/4107/4107
f 4085/4085/4085 4099/4099/4099 4096/4096/4096
f 4053/4053/4053 4085/4085/4085 4096/4096/4096
f 4054/4054/4054 4053/4053/4053 4096/4096/4096
f 4138/4138/4138 4127/4127/4127 4133/4133/4133
f 4127/4127/4127 4132/4132/4132 4133/4133/4133
f 4099/4099/4099 4132/4132/4132 4127/4127/4127
f 4099/4099/4099 4106/4106/4106 4132/4132/4132
f 4085/4085/4085 4106/4106/4106 4099/4099/4099
f 4053/4053/4053 4106/4106/4106 4085/4085/4085
f 4052/4052/4052 4106/4106/4106 4053/4053/4053
f 4110/4110/4110 4106/4106/4106 4052/4052/4052
f 4110/4110/4110 4132/4132/4132 4106/4106/4106
f 4111/4111/4111 4132/4132/4132 4110/4110/4110
f 4132/4132/4132 4111/4111/4111 4133/4133/4133
f 1516/1516/1516 2215/2215/2215 1574/1574/1574
f 1514/1514/1514 1574/1574/1574 2215/2215/2215
f 1514/1514/1514 2215/2215/2215 1517/1517/1517
f 1517/1517/1517 2215/2215/2215 2192/2192/2192
f 1511/1511/1511 2192/2192/2192 2215/2215/2215
f 1511/1511/1511 2215/2215/2215 1516/1516/1516
f 1516/1516/1516 1546/1546/1546 1511/1511/1511
f 1503/1503/1503 1574/1574/1574 1514/1514/1514
f 2198/2198/2198 1503/1503/1503 1514/1514/1514
f 1514/1514/1514 2193/2193/2193 2198/2198/2198
f 1517/1517/1517 2193/2193/2193 1514/1514/1514
f 1517/1517/1517 2187/2187/2187 2193/2193/2193
f 1507/1507/1507 2187/2187/2187 1517/1517/1517
f 1517/1517/1517 2192/2192/2192 1507/1507/1507
f 2203/2203/2203 1503/1503/1503 2198/2198/2198
f 2203/2203/2203 2198/2198/2198 2202/2202/2202
f 2202/2202/2202 2198/2198/2198 2162/2162/2162
f 2193/2193/2193 2162/2162/2162 2198/2198/2198
f 1834/1834/1834 2162/2162/2162 2193/2193/2193
f 2187/2187/2187 1834/1834/1834 2193/2193/2193
f 2185/2185/2185 1834/1834/1834 2187/2187/2187
f 2187/2187/2187 2184/2184/2184 2185/2185/2185
f 2187/2187/2187 1507/1507/1507 2184/2184/2184
f 2202/2202/2202 2162/2162/2162 2204/2204/2204
f 2204/2204/2204 2162/2162/2162 1919/1919/1919
f 2162/2162/2162 1834/1834/1834 1919/1919/1919
f 1919/1919/1919 1834/1834/1834 2161/2161/2161
f 1834/1834/1834 2185/2185/2185 2161/2161/2161
f 2161/2161/2161 2185/2185/2185 2189/2189/2189
f 2189/2189/2189 2185/2185/2185 2186/2186/2186
f 2186/2186/2186 2185/2185/2185 2183/2183/2183
f 2185/2185/2185 2184/2184/2184 2183/2183/2183
f 2204/2204/2204 1919/1919/1919 2195/2195/2195
f 2195/2195/2195 1919/1919/1919 2181/2181/2181
f 1919/1919/1919 2161/2161/2161 2181/2181/2181
f 2181/2181/2181 2161/2161/2161 2163/2163/2163
f 2163/2163/2163 2161/2161/2161 2206/2206/2206
f 2206/2206/2206 2161/2161/2161 2189/2189/2189
f 2189/2189/2189 2190/2190/2190 2206/2206/2206
f 2186/2186/2186 2190/2190/2190 2189/2189/2189
f 2197/2197/2197 2190/2190/2190 2186/2186/2186
f 2197/2197/2197 2186/2186/2186 2200/2200/2200
f 2200/2200/2200 2186/2186/2186 2183/2183/2183
f 2195/2195/2195 2181/2181/2181 2196/2196/2196
f 2196/2196/2196 2181/2181/2181 2182/2182/2182
f 2182/2182/2182 2181/2181/2181 2205/2205/2205
f 2205/2205/2205 2181/2181/2181 2163/2163/2163
f 2205/2205/2205 2163/2163/2163 2191/2191/2191
f 2191/2191/2191 2163/2163/2163 2206/2206/2206
f 2206/2206/2206 2190/2190/2190 2191/2191/2191
f 2191/2191/2191 2190/2190/2190 2188/2188/2188
f 2188/2188/2188 2190/2190/2190 2196/2196/2196
f 2196/2196/2196 2190/2190/2190 2197/2197/2197
f 2196/2196/2196 2182/2182/2182 2188/2188/2188
f 2205/2205/2205 2188/2188/2188 2182/2182/2182
f 2191/2191/2191 2188/2188/2188 2205/2205/2205
f 2200/2200/2200 2183/2183/2183 2199/2199/2199
f 2183/2183/2183 2184/2184/2184 2199/2199/2199
f 2199/2199/2199 2184/2184/2184 2194/2194/2194
f 2194/2194/2194 2184/2184/2184 1544/1544/1544
f 1544/1544/1544 2184/2184/2184 1498/1498/1498
f 2184/2184/2184 1507/1507/1507 1498/1498/1498
f 1507/1507/1507 1506/1506/1506 1498/1498/1498
f 1502/1502/1502 1506/1506/1506 1507/1507/1507
f 1507/1507/1507 2192/2192/2192 1502/1502/1502
f 1498/1498/1498 1540/1540/1540 1544/1544/1544
f 1506/1506/1506 1540/1540/1540 1498/1498/1498
f 1506/1506/1506 1542/1542/1542 1540/1540/1540
f 1493/1493/1493 1542/1542/1542 1506/1506/1506
f 1493/1493/1493 1506/1506/1506 1497/1497/1497
f 1497/1497/1497 1506/1506/1506 1502/1502/1502
f 1502/1502/1502 2192/2192/2192 1497/1497/1497
f 1497/1497/1497 2192/2192/2192 1496/1496/1496
f 1496/1496/1496 2192/2192/2192 1511/1511/1511
f 1496/1496/1496 1511/1511/1511 1494/1494/1494
f 1494/1494/1494 1511/1511/1511 1510/1510/1510
f 1511/1511/1511 1546/1546/1546 1510/1510/1510
f 1542/1542/1542 1493/1493/1493 1546/1546/1546
f 1546/1546/1546 1493/1493/1493 1515/1515/1515
f 1493/1493/1493 1495/1495/1495 1515/1515/1515
f 1497/1497/1497 1495/1495/1495 1493/1493/1493
f 1497/1497/1497 1496/1496/1496 1495/1495/1495
f 1495/1495/1495 1496/1496/1496 1494/1494/1494
f 1494/1494/1494 1515/1515/1515 1495/1495/1495
f 1510/1510/1510 1515/1515/1515 1494/1494/1494
f 1510/1510/1510 1546/1546/1546 1515/1515/1515
f 4646/4646/4646 4648/4648/4648 4649/4649/4649
f 4649/4649/4649 4648/4648/4648 4647/4647/4647
f 4648/4648/4648 4725/4725/4725 4647/4647/4647
f 4648/4648/4648 4737/4737/4737 4725/4725/4725
f 4760/4760/4760 4737/4737/4737 4648/4648/4648
f 4646/4646/4646 4760/4760/4760 4648/4648/4648
f 4732/4732/4732 4760/4760/4760 4646/4646/4646
f 4732/4732/4732 4735/4735/4735 4760/4760/4760
f 4647/4647/4647 4644/4644/4644 4649/4649/4649
f 4645/4645/4645 4644/4644/4644 4647/4647/4647
f 4645/4645/4645 4647/4647/4647 4650/4650/4650
f 4650/4650/4650 4647/4647/4647 4655/4655/4655
f 4647/4647/4647 4725/4725/4725 4655/4655/4655
f 4654/4654/4654 4655/4655/4655 4725/4725/4725
f 4654/4654/4654 4725/4725/4725 4738/4738/4738
f 4738/4738/4738 4725/4725/4725 4737/4737/4737
f 4645/4645/4645 4651/4651/4651 4644/4644/4644
f 4641/4641/4641 4651/4651/4651 4645/4645/4645
f 4645/4645/4645 4650/4650/4650 4641/4641/4641
f 4641/4641/4641 4650/4650/4650 4634/4634/4634
f 4650/4650/4650 4726/4726/4726 4634/4634/4634
f 4654/4654/4654 4726/4726/4726 4650/4650/4650
f 4650/4650/4650 4655/4655/4655 4654/4654/4654
f 4642/4642/4642 4651/4651/4651 4641/4641/4641
f 4641/4641/4641 4634/4634/4634 4642/4642/4642
f 4642/4642/4642 4634/4634/4634 4652/4652/4652
f 4634/4634/4634 4726/4726/4726 4652/4652/4652
f 4652/4652/4652 4726/4726/4726 4729/4729/4729
f 4729/4729/4729 4726/4726/4726 4742/4742/4742
f 4742/4742/4742 4726/4726/4726 4785/4785/4785
f 4726/4726/4726 4738/4738/4738 4785/4785/4785
f 4654/4654/4654 4738/4738/4738 4726/4726/4726
f 4643/4643/4643 4651/4651/4651 4642/4642/4642
f 4642/4642/4642 4638/4638/4638 4643/4643/4643
f 4652/4652/4652 4638/4638/4638 4642/4642/4642
f 4729/4729/4729 4638/4638/4638 4652/4652/4652
f 4639/4639/4639 4638/4638/4638 4729/4729/4729
f 4742/4742/4742 4639/4639/4639 4729/4729/4729
f 4736/4736/4736 4639/4639/4639 4742/4742/4742
f 4736/4736/4736 4742/4742/4742 4757/4757/4757
f 4757/4757/4757 4742/4742/4742 4752/4752/4752
f 4785/4785/4785 4752/4752/4752 4742/4742/4742
f 4762/4762/4762 4752/4752/4752 4785/4785/4785
f 4738/4738/4738 4762/4762/4762 4785/4785/4785
f 4743/4743/4743 4762/4762/4762 4738/4738/4738
f 4738/4738/4738 4744/4744/4744 4743/4743/4743
f 4737/4737/4737 4744/4744/4744 4738/4738/4738
f 4757/4757/4757 4752/4752/4752 4753/4753/4753
f 4753/4753/4753 4752/4752/4752 4751/4751/4751
f 4762/4762/4762 4751/4751/4751 4752/4752/4752
f 4758/4758/4758 4751/4751/4751 4762/4762/4762
f 4762/4762/4762 4743/4743/4743 4758/4758/4758
f 4758/4758/4758 4743/4743/4743 4795/4795/4795
f 4743/4743/4743 4741/4741/4741 4795/4795/4795
f 4744/4744/4744 4741/4741/4741 4743/4743/4743
f 4744/4744/4744 4794/4794/4794 4741/4741/4741
f 4759/4759/4759 4794/4794/4794 4744/4744/4744
f 4737/4737/4737 4759/4759/4759 4744/4744/4744
f 4760/4760/4760 4759/4759/4759 4737/4737/4737
f 4734/4734/4734 4753/4753/4753 4751/4751/4751
f 4758/4758/4758 4734/4734/4734 4751/4751/4751
f 4755/4755/4755 4734/4734/4734 4758/4758/4758
f 4795/4795/4795 4755/4755/4755 4758/4758/4758
f 4793/4793/4793 4755/4755/4755 4795/4795/4795
f 4795/4795/4795 4794/4794/4794 4793/4793/4793
f 4741/4741/4741 4794/4794/4794 4795/4795/4795
f 4754/4754/4754 4753/4753/4753 4734/4734/4734
f 4754/4754/4754 4734/4734/4734 4756/4756/4756
f 4756/4756/4756 4734/4734/4734 4755/4755/4755
f 4793/4793/4793 4756/4756/4756 4755/4755/4755
f 4792/4792/4792 4756/4756/4756 4793/4793/4793
f 4794/4794/4794 4792/4792/4792 4793/4793/4793
f 4773/4773/4773 4792/4792/4792 4794/4794/4794
f 4794/4794/4794 4735/4735/4735 4773/4773/4773
f 4759/4759/4759 4735/4735/4735 4794/4794/4794
f 4760/4760/4760 4735/4735/4735 4759/4759/4759
f 4830/4830/4830 4804/4804/4804 4791/4791/4791
f 4832/4832/4832 4804/4804/4804 4830/4830/4830
f 4830/4830/4830 4806/4806/4806 4832/4832/4832
f 4830/4830/4830 4769/4769/4769 4806/4806/4806
f 4769/4769/4769 4830/4830/4830 4789/4789/4789
f 4789/4789/4789 4830/4830/4830 4791/4791/4791
f 4832/4832/4832 4831/4831/4831 4804/4804/4804
f 4802/4802/4802 4831/4831/4831 4832/4832/4832
f 4832/4832/4832 4798/4798/4798 4802/4802/4802
f 4832/4832/4832 4806/4806/4806 4798/4798/4798
f 4806/4806/4806 4799/4799/4799 4798/4798/4798
f 4771/4771/4771 4799/4799/4799 4806/4806/4806
f 4806/4806/4806 4769/4769/4769 4771/4771/4771
f 4831/4831/4831 4802/4802/4802 4745/4745/4745
f 4745/4745/4745 4802/4802/4802 4766/4766/4766
f 4802/4802/4802 4764/4764/4764 4766/4766/4766
f 4765/4765/4765 4764/4764/4764 4802/4802/4802
f 4802/4802/4802 4798/4798/4798 4765/4765/4765
f 4798/4798/4798 4801/4801/4801 4765/4765/4765
f 4798/4798/4798 4799/4799/4799 4801/4801/4801
f 4799/4799/4799 4803/4803/4803 4801/4801/4801
f 4770/4770/4770 4803/4803/4803 4799/4799/4799
f 4770/4770/4770 4799/4799/4799 4771/4771/4771
f 4765/4765/4765 4750/4750/4750 4764/4764/4764
f 4765/4765/4765 4801/4801/4801 4750/4750/4750
f 4750/4750/4750 4801/4801/4801 4749/4749/4749
f 4749/4749/4749 4801/4801/4801 4805/4805/4805
f 4801/4801/4801 4803/4803/4803 4805/4805/4805
f 4803/4803/4803 4829/4829/4829 4805/4805/4805
f 4808/4808/4808 4829/4829/4829 4803/4803/4803
f 4808/4808/4808 4803/4803/4803 4770/4770/4770
f 4764/4764/4764 4750/4750/4750 4748/4748/4748
f 4750/4750/4750 4747/4747/4747 4748/4748/4748
f 4749/4749/4749 4747/4747/4747 4750/4750/4750
f 4747/4747/4747 4749/4749/4749 4786/4786/4786
f 4749/4749/4749 4805/4805/4805 4786/4786/4786
f 4786/4786/4786 4805/4805/4805 4796/4796/4796
f 4805/4805/4805 4829/4829/4829 4796/4796/4796
f 4829/4829/4829 4768/4768/4768 4796/4796/4796
f 4829/4829/4829 4809/4809/4809 4768/4768/4768
f 4809/4809/4809 4829/4829/4829 4808/4808/4808
f 4786/4786/4786 4763/4763/4763 4747/4747/4747
f 4746/4746/4746 4763/4763/4763 4786/4786/4786
f 4746/4746/4746 4786/4786/4786 4807/4807/4807
f 4807/4807/4807 4786/4786/4786 4796/4796/4796
f 4796/4796/4796 4768/4768/4768 4807/4807/4807
f 5798/5798/5798 5854/5854/5854 5847/5847/5847
f 5847/5847/5847 5854/5854/5854 5849/5849/5849
f 5849/5849/5849 5854/5854/5854 5858/5858/5858
f 5858/5858/5858 5854/5854/5854 5876/5876/5876
f 5876/5876/5876 5854/5854/5854 5856/5856/5856
f 5854/5854/5854 5855/5855/5855 5856/5856/5856
f 5848/5848/5848 5855/5855/5855 5854/5854/5854
f 5848/5848/5848 5854/5854/5854 5798/5798/5798
f 5849/5849/5849 5846/5846/5846 5847/5847/5847
f 5869/5869/5869 5846/5846/5846 5849/5849/5849
f 5869/5869/5869 5849/5849/5849 5859/5859/5859
f 5859/5859/5859 5849/5849/5849 5858/5858/5858
f 5859/5859/5859 5858/5858/5858 5884/5884/5884
f 5858/5858/5858 5878/5878/5878 5884/5884/5884
f 5876/5876/5876 5878/5878/5878 5858/5858/5858
f 5878/5878/5878 5876/5876/5876 5857/5857/5857
f 5877/5877/5877 5857/5857/5857 5876/5876/5876
f 5856/5856/5856 5877/5877/5877 5876/5876/5876
f 5856/5856/5856 5855/5855/5855 5877/5877/5877
f 5868/5868/5868 5846/5846/5846 5869/5869/5869
f 5869/5869/5869 5859/5859/5859 5868/5868/5868
f 5868/5868/5868 5859/5859/5859 5861/5861/5861
f 5859/5859/5859 5887/5887/5887 5861/5861/5861
f 5884/5884/5884 5887/5887/5887 5859/5859/5859
f 5884/5884/5884 5885/5885/5885 5887/5887/5887
f 5886/5886/5886 5885/5885/5885 5884/5884/5884
f 5878/5878/5878 5886/5886/5886 5884/5884/5884
f 5879/5879/5879 5886/5886/5886 5878/5878/5878
f 5879/5879/5879 5878/5878/5878 5857/5857/5857
f 5851/5851/5851 5846/5846/5846 5868/5868/5868
f 5851/5851/5851 5868/5868/5868 5893/5893/5893
f 5868/5868/5868 5861/5861/5861 5893/5893/5893
f 5893/5893/5893 5861/5861/5861 5897/5897/5897
f 5897/5897/5897 5861/5861/5861 5887/5887/5887
f 5897/5897/5897 5887/5887/5887 5883/5883/5883
f 5883/5883/5883 5887/5887/5887 5889/5889/5889
f 5887/5887/5887 5891/5891/5891 5889/5889/5889
f 5887/5887/5887 5885/5885/5885 5891/5891/5891
f 5851/5851/5851 5893/5893/5893 5874/5874/5874
f 5874/5874/5874 5893/5893/5893 5898/5898/5898
f 5893/5893/5893 5897/5897/5897 5898/5898/5898
f 5898/5898/5898 5897/5897/5897 5883/5883/5883
f 5769/5769/5769 5898/5898/5898 5883/5883/5883
f 5769/5769/5769 5883/5883/5883 5765/5765/5765
f 5765/5765/5765 5883/5883/5883 5889/5889/5889
f 5889/5889/5889 5790/5790/5790 5765/5765/5765
f 5892/5892/5892 5790/5790/5790 5889/5889/5889
f 5889/5889/5889 5891/5891/5891 5892/5892/5892
f 5770/5770/5770 5874/5874/5874 5898/5898/5898
f 5770/5770/5770 5898/5898/5898 5769/5769/5769
f 5767/5767/5767 5770/5770/5770 5769/5769/5769
f 5769/5769/5769 5765/5765/5765 5767/5767/5767
f 5767/5767/5767 5765/5765/5765 5796/5796/5796
f 5796/5796/5796 5765/5765/5765 5764/5764/5764
f 5765/5765/5765 5772/5772/5772 5764/5764/5764
f 5790/5790/5790 5772/5772/5772 5765/5765/5765
f 5786/5786/5786 5874/5874/5874 5770/5770/5770
f 5768/5768/5768 5786/5786/5786 5770/5770/5770
f 5768/5768/5768 5770/5770/5770 5767/5767/5767
f 5796/5796/5796 5768/5768/5768 5767/5767/5767
f 5797/5797/5797 5768/5768/5768 5796/5796/5796
f 5773/5773/5773 5797/5797/5797 5796/5796/5796
f 5796/5796/5796 5791/5791/5791 5773/5773/5773
f 5764/5764/5764 5791/5791/5791 5796/5796/5796
f 5771/5771/5771 5791/5791/5791 5764/5764/5764
f 5764/5764/5764 5886/5886/5886 5771/5771/5771
f 5772/5772/5772 5886/5886/5886 5764/5764/5764
f 5786/5786/5786 5768/5768/5768 5785/5785/5785
f 5785/5785/5785 5768/5768/5768 5797/5797/5797
f 5773/5773/5773 5785/5785/5785 5797/5797/5797
f 5774/5774/5774 5785/5785/5785 5773/5773/5773
f 5773/5773/5773 5788/5788/5788 5774/5774/5774
f 5773/5773/5773 5791/5791/5791 5788/5788/5788
f 5789/5789/5789 5788/5788/5788 5791/5791/5791
f 5789/5789/5789 5791/5791/5791 5771/5771/5771
f 5857/5857/5857 5789/5789/5789 5771/5771/5771
f 5879/5879/5879 5857/5857/5857 5771/5771/5771
f 5771/5771/5771 5886/5886/5886 5879/5879/5879
f 5788/5788/5788 5798/5798/5798 5774/5774/5774
f 5848/5848/5848 5798/5798/5798 5788/5788/5788
f 5848/5848/5848 5788/5788/5788 5855/5855/5855
f 5855/5855/5855 5788/5788/5788 5787/5787/5787
f 5787/5787/5787 5788/5788/5788 5789/5789/5789
f 5877/5877/5877 5787/5787/5787 5789/5789/5789
f 5857/5857/5857 5877/5877/5877 5789/5789/5789
f 5855/5855/5855 5787/5787/5787 5877/5877/5877
f 5860/5860/5860 5886/5886/5886 5772/5772/5772
f 5860/5860/5860 5885/5885/5885 5886/5886/5886
f 5860/5860/5860 5778/5778/5778 5885/5885/5885
f 5754/5754/5754 5778/5778/5778 5860/5860/5860
f 5772/5772/5772 5754/5754/5754 5860/5860/5860
f 5822/5822/5822 5754/5754/5754 5772/5772/5772
f 5790/5790/5790 5822/5822/5822 5772/5772/5772
f 5776/5776/5776 5822/5822/5822 5790/5790/5790
f 5790/5790/5790 5892/5892/5892 5776/5776/5776
f 5778/5778/5778 5891/5891/5891 5885/5885/5885
f 5862/5862/5862 5891/5891/5891 5778/5778/5778
f 5778/5778/5778 5872/5872/5872 5862/5862/5862
f 5873/5873/5873 5872/5872/5872 5778/5778/5778
f 5873/5873/5873 5778/5778/5778 5828/5828/5828
f 5828/5828/5828 5778/5778/5778 5754/5754/5754
f 5822/5822/5822 5828/5828/5828 5754/5754/5754
f 5782/5782/5782 5828/5828/5828 5822/5822/5822
f 5822/5822/5822 5775/5775/5775 5782/5782/5782
f 5776/5776/5776 5775/5775/5775 5822/5822/5822
f 5863/5863/5863 5891/5891/5891 5862/5862/5862
f 5872/5872/5872 5863/5863/5863 5862/5862/5862
f 5864/5864/5864 5863/5863/5863 5872/5872/5872
f 5867/5867/5867 5864/5864/5864 5872/5872/5872
f 5872/5872/5872 5866/5866/5866 5867/5867/5867
f 5873/5873/5873 5866/5866/5866 5872/5872/5872
f 5866/5866/5866 5873/5873/5873 5780/5780/5780
f 5780/5780/5780 5873/5873/5873 5828/5828/5828
f 5782/5782/5782 5780/5780/5780 5828/5828/5828
f 5777/5777/5777 5780/5780/5780 5782/5782/5782
f 5782/5782/5782 5775/5775/5775 5777/5777/5777
f 5892/5892/5892 5891/5891/5891 5863/5863/5863
f 5776/5776/5776 5892/5892/5892 5863/5863/5863
f 5776/5776/5776 5863/5863/5863 5775/5775/5775
f 5775/5775/5775 5863/5863/5863 5864/5864/5864
f 5775/5775/5775 5864/5864/5864 5783/5783/5783
f 5783/5783/5783 5864/5864/5864 5865/5865/5865
f 5865/5865/5865 5864/5864/5864 5867/5867/5867
f 5850/5850/5850 5865/5865/5865 5867/5867/5867
f 5866/5866/5866 5850/5850/5850 5867/5867/5867
f 5875/5875/5875 5850/5850/5850 5866/5866/5866
f 5875/5875/5875 5866/5866/5866 5794/5794/5794
f 5794/5794/5794 5866/5866/5866 5780/5780/5780
f 5777/5777/5777 5794/5794/5794 5780/5780/5780
f 5777/5777/5777 5775/5775/5775 5783/5783/5783
f 5800/5800/5800 5777/5777/5777 5783/5783/5783
f 5783/5783/5783 5865/5865/5865 5800/5800/5800
f 5800/5800/5800 5865/5865/5865 5870/5870/5870
f 5870/5870/5870 5865/5865/5865 5850/5850/5850
f 5853/5853/5853 5870/5870/5870 5850/5850/5850
f 5852/5852/5852 5853/5853/5853 5850/5850/5850
f 5852/5852/5852 5850/5850/5850 5875/5875/5875
f 5875/5875/5875 5794/5794/5794 5852/5852/5852
f 5779/5779/5779 5777/5777/5777 5800/5800/5800
f 5800/5800/5800 5799/5799/5799 5779/5779/5779
f 5784/5784/5784 5799/5799/5799 5800/5800/5800
f 5870/5870/5870 5784/5784/5784 5800/5800/5800
f 5871/5871/5871 5784/5784/5784 5870/5870/5870
f 5871/5871/5871 5870/5870/5870 5853/5853/5853
f 5853/5853/5853 5795/5795/5795 5871/5871/5871
f 5852/5852/5852 5795/5795/5795 5853/5853/5853
f 5852/5852/5852 5794/5794/5794 5795/5795/5795
f 5779/5779/5779 5794/5794/5794 5777/5777/5777
f 5799/5799/5799 5794/5794/5794 5779/5779/5779
f 5795/5795/5795 5794/5794/5794 5799/5799/5799
f 5784/5784/5784 5795/5795/5795 5799/5799/5799
f 5871/5871/5871 5795/5795/5795 5784/5784/5784
f 5766/5766/5766 5781/5781/5781 5792/5792/5792
f 5792/5792/5792 5781/5781/5781 5793/5793/5793
f 5882/5882/5882 5792/5792/5792 5793/5793/5793
f 5827/5827/5827 5792/5792/5792 5882/5882/5882
f 5827/5827/5827 5896/5896/5896 5792/5792/5792
f 5792/5792/5792 5896/5896/5896 5766/5766/5766
f 5894/5894/5894 5888/5888/5888 5895/5895/5895
f 5896/5896/5896 5895/5895/5895 5888/5888/5888
f 5881/5881/5881 5895/5895/5895 5896/5896/5896
f 5881/5881/5881 5882/5882/5882 5895/5895/5895
f 5895/5895/5895 5882/5882/5882 5890/5890/5890
f 5894/5894/5894 5895/5895/5895 5890/5890/5890
f 5995/5995/5995 6072/6072/6072 6180/6180/6180
f 6072/6072/6072 6123/6123/6123 6180/6180/6180
f 6123/6123/6123 6072/6072/6072 6034/6034/6034
f 6034/6034/6034 6072/6072/6072 5991/5991/5991
f 6072/6072/6072 5996/5996/5996 5991/5991/5991
f 6022/6022/6022 5996/5996/5996 6072/6072/6072
f 5995/5995/5995 6022/6022/6022 6072/6072/6072
f 6000/6000/6000 6022/6022/6022 5995/5995/5995
f 6000/6000/6000 6035/6035/6035 6022/6022/6022
f 6123/6123/6123 6124/6124/6124 6180/6180/6180
f 6124/6124/6124 6123/6123/6123 6021/6021/6021
f 6021/6021/6021 6123/6123/6123 6034/6034/6034
f 6034/6034/6034 6039/6039/6039 6021/6021/6021
f 6120/6120/6120 6039/6039/6039 6034/6034/6034
f 6034/6034/6034 5985/5985/5985 6120/6120/6120
f 5991/5991/5991 5985/5985/5985 6034/6034/6034
f 5991/5991/5991 5996/5996/5996 5985/5985/5985
f 6124/6124/6124 6024/6024/6024 6180/6180/6180
f 6024/6024/6024 6124/6124/6124 6038/6038/6038
f 6038/6038/6038 6124/6124/6124 6021/6021/6021
f 6021/6021/6021 6029/6029/6029 6038/6038/6038
f 6121/6121/6121 6029/6029/6029 6021/6021/6021
f 6121/6121/6121 6021/6021/6021 6039/6039/6039
f 6039/6039/6039 6119/6119/6119 6121/6121/6121
f 6039/6039/6039 6106/6106/6106 6119/6119/6119
f 6120/6120/6120 6106/6106/6106 6039/6039/6039
f 6180/6180/6180 6024/6024/6024 6019/6019/6019
f 6024/6024/6024 6037/6037/6037 6019/6019/6019
f 5989/5989/5989 6037/6037/6037 6024/6024/6024
f 5989/5989/5989 6024/6024/6024 6012/6012/6012
f 6012/6012/6012 6024/6024/6024 6038/6038/6038
f 6029/6029/6029 6012/6012/6012 6038/6038/6038
f 5990/5990/5990 6012/6012/6012 6029/6029/6029
f 6029/6029/6029 6113/6113/6113 5990/5990/5990
f 6121/6121/6121 6113/6113/6113 6029/6029/6029
f 6107/6107/6107 6113/6113/6113 6121/6121/6121
f 6121/6121/6121 6082/6082/6082 6107/6107/6107
f 6121/6121/6121 6119/6119/6119 6082/6082/6082
f 6011/6011/6011 6037/6037/6037 5989/5989/5989
f 6052/6052/6052 6011/6011/6011 5989/5989/5989
f 5989/5989/5989 6047/6047/6047 6052/6052/6052
f 5989/5989/5989 6012/6012/6012 6047/6047/6047
f 6047/6047/6047 6012/6012/6012 5952/5952/5952
f 6012/6012/6012 5949/5949/5949 5952/5952/5952
f 5990/5990/5990 5949/5949/5949 6012/6012/6012
f 5990/5990/5990 6113/6113/6113 5949/5949/5949
f 5949/5949/5949 6113/6113/6113 5956/5956/5956
f 5956/5956/5956 6113/6113/6113 6036/6036/6036
f 6036/6036/6036 6113/6113/6113 6073/6073/6073
f 6073/6073/6073 6113/6113/6113 6107/6107/6107
f 6052/6052/6052 6047/6047/6047 5960/5960/5960
f 6047/6047/6047 6040/6040/6040 5960/5960/5960
f 6048/6048/6048 6040/6040/6040 6047/6047/6047
f 6047/6047/6047 5952/5952/5952 6048/6048/6048
f 6048/6048/6048 5952/5952/5952 5950/5950/5950
f 5949/5949/5949 5950/5950/5950 5952/5952/5952
f 5956/5956/5956 5950/5950/5950 5949/5949/5949
f 5958/5958/5958 5950/5950/5950 5956/5956/5956
f 5958/5958/5958 5956/5956/5956 6044/6044/6044
f 6044/6044/6044 5956/5956/5956 5957/5957/5957
f 5956/5956/5956 6036/6036/6036 5957/5957/5957
f 6040/6040/6040 6048/6048/6048 6049/6049/6049
f 6048/6048/6048 5950/5950/5950 6049/6049/6049
f 6049/6049/6049 5950/5950/5950 5961/5961/5961
f 5958/5958/5958 5961/5961/5961 5950/5950/5950
f 5955/5955/5955 5961/5961/5961 5958/5958/5958
f 5955/5955/5955 5958/5958/5958 5967/5967/5967
f 5967/5967/5967 5958/5958/5958 6044/6044/6044
f 6041/6041/6041 6040/6040/6040 6049/6049/6049
f 6049/6049/6049 5961/5961/5961 6041/6041/6041
f 6041/6041/6041 5961/5961/5961 6051/6051/6051
f 5961/5961/5961 6050/6050/6050 6051/6051/6051
f 5955/5955/5955 6050/6050/6050 5961/5961/5961
f 5955/5955/5955 5992/5992/5992 6050/6050/6050
f 6117/6117/6117 5992/5992/5992 5955/5955/5955
f 5967/5967/5967 6117/6117/6117 5955/5955/5955
f 6035/6035/6035 6040/6040/6040 6041/6041/6041
f 6022/6022/6022 6035/6035/6035 6041/6041/6041
f 6022/6022/6022 6041/6041/6041 5996/5996/5996
f 5996/5996/5996 6041/6041/6041 6051/6051/6051
f 6050/6050/6050 5996/5996/5996 6051/6051/6051
f 5992/5992/5992 5996/5996/5996 6050/6050/6050
f 5985/5985/5985 5996/5996/5996 5992/5992/5992
f 5992/5992/5992 6120/6120/6120 5985/5985/5985
f 6117/6117/6117 6120/6120/6120 5992/5992/5992
f 6106/6106/6106 6120/6120/6120 6117/6117/6117
f 6117/6117/6117 6139/6139/6139 6106/6106/6106
f 6117/6117/6117 5967/5967/5967 6139/6139/6139
f 6139/6139/6139 5967/5967/5967 6015/6015/6015
f 5966/5966/5966 6015/6015/6015 5967/5967/5967
f 5967/5967/5967 5968/5968/5968 5966/5966/5966
f 6044/6044/6044 5968/5968/5968 5967/5967/5967
f 6106/6106/6106 6139/6139/6139 6181/6181/6181
f 6139/6139/6139 6137/6137/6137 6181/6181/6181
f 6139/6139/6139 6015/6015/6015 6137/6137/6137
f 6137/6137/6137 6015/6015/6015 5979/5979/5979
f 5979/5979/5979 6015/6015/6015 5968/5968/5968
f 5968/5968/5968 6015/6015/6015 5966/5966/5966
f 6181/6181/6181 6110/6110/6110 6106/6106/6106
f 6110/6110/6110 6181/6181/6181 6118/6118/6118
f 6118/6118/6118 6181/6181/6181 6138/6138/6138
f 6181/6181/6181 6137/6137/6137 6138/6138/6138
f 6129/6129/6129 6138/6138/6138 6137/6137/6137
f 6137/6137/6137 5979/5979/5979 6129/6129/6129
f 6129/6129/6129 5979/5979/5979 6014/6014/6014
f 6014/6014/6014 5979/5979/5979 6017/6017/6017
f 5968/5968/5968 6017/6017/6017 5979/5979/5979
f 6044/6044/6044 6017/6017/6017 5968/5968/5968
f 6118/6118/6118 6106/6106/6106 6110/6110/6110
f 6119/6119/6119 6106/6106/6106 6118/6118/6118
f 6126/6126/6126 6119/6119/6119 6118/6118/6118
f 6126/6126/6126 6118/6118/6118 6138/6138/6138
f 6130/6130/6130 6126/6126/6126 6138/6138/6138
f 6130/6130/6130 6138/6138/6138 6129/6129/6129
f 6134/6134/6134 6130/6130/6130 6129/6129/6129
f 6014/6014/6014 6134/6134/6134 6129/6129/6129
f 6033/6033/6033 6134/6134/6134 6014/6014/6014
f 6014/6014/6014 5981/5981/5981 6033/6033/6033
f 6017/6017/6017 5981/5981/5981 6014/6014/6014
f 5981/5981/5981 6017/6017/6017 6044/6044/6044
f 5957/5957/5957 5981/5981/5981 6044/6044/6044
f 6127/6127/6127 6119/6119/6119 6126/6126/6126
f 6126/6126/6126 6130/6130/6130 6127/6127/6127
f 6127/6127/6127 6130/6130/6130 6125/6125/6125
f 6125/6125/6125 6130/6130/6130 6134/6134/6134
f 6125/6125/6125 6134/6134/6134 6133/6133/6133
f 6133/6133/6133 6134/6134/6134 6045/6045/6045
f 6045/6045/6045 6134/6134/6134 6046/6046/6046
f 6046/6046/6046 6134/6134/6134 6033/6033/6033
f 6119/6119/6119 6127/6127/6127 6082/6082/6082
f 6082/6082/6082 6127/6127/6127 6083/6083/6083
f 6127/6127/6127 6125/6125/6125 6083/6083/6083
f 6083/6083/6083 6125/6125/6125 6136/6136/6136
f 6136/6136/6136 6125/6125/6125 6135/6135/6135
f 6135/6135/6135 6125/6125/6125 6133/6133/6133
f 6082/6082/6082 6083/6083/6083 6136/6136/6136
f 6122/6122/6122 6082/6082/6082 6136/6136/6136
f 6136/6136/6136 6109/6109/6109 6122/6122/6122
f 6128/6128/6128 6109/6109/6109 6136/6136/6136
f 6136/6136/6136 6135/6135/6135 6128/6128/6128
f 6128/6128/6128 6135/6135/6135 6132/6132/6132
f 5982/5982/5982 6132/6132/6132 6135/6135/6135
f 6132/6132/6132 5982/5982/5982 5972/5972/5972
f 6107/6107/6107 6082/6082/6082 6122/6122/6122
f 6109/6109/6109 6107/6107/6107 6122/6122/6122
f 6081/6081/6081 6107/6107/6107 6109/6109/6109
f 6108/6108/6108 6081/6081/6081 6109/6109/6109
f 6108/6108/6108 6109/6109/6109 6131/6131/6131
f 6131/6131/6131 6109/6109/6109 6128/6128/6128
f 6132/6132/6132 6131/6131/6131 6128/6128/6128
f 6132/6132/6132 6016/6016/6016 6131/6131/6131
f 5972/5972/5972 6016/6016/6016 6132/6132/6132
f 5983/5983/5983 6016/6016/6016 5972/5972/5972
f 5983/5983/5983 5972/5972/5972 6033/6033/6033
f 6033/6033/6033 5972/5972/5972 6046/6046/6046
f 6081/6081/6081 6023/6023/6023 6107/6107/6107
f 6081/6081/6081 5988/5988/5988 6023/6023/6023
f 5987/5987/5987 5988/5988/5988 6081/6081/6081
f 5987/5987/5987 6081/6081/6081 5994/5994/5994
f 5994/5994/5994 6081/6081/6081 6108/6108/6108
f 5959/5959/5959 5994/5994/5994 6108/6108/6108
f 5959/5959/5959 6108/6108/6108 5951/5951/5951
f 5951/5951/5951 6108/6108/6108 6131/6131/6131
f 5951/5951/5951 6131/6131/6131 6016/6016/6016
f 5983/5983/5983 5951/5951/5951 6016/6016/6016
f 6107/6107/6107 6023/6023/6023 6073/6073/6073
f 6073/6073/6073 6023/6023/6023 6036/6036/6036
f 6036/6036/6036 6023/6023/6023 5959/5959/5959
f 6023/6023/6023 5988/5988/5988 5959/5959/5959
f 5959/5959/5959 5988/5988/5988 5954/5954/5954
f 5954/5954/5954 5988/5988/5988 5986/5986/5986
f 5988/5988/5988 5987/5987/5987 5986/5986/5986
f 5993/5993/5993 5986/5986/5986 5987/5987/5987
f 5993/5993/5993 5987/5987/5987 5994/5994/5994
f 5954/5954/5954 5993/5993/5993 5994/5994/5994
f 5954/5954/5954 5994/5994/5994 5959/5959/5959
f 5959/5959/5959 5951/5951/5951 6036/6036/6036
f 6036/6036/6036 5951/5951/5951 5953/5953/5953
f 5953/5953/5953 5951/5951/5951 5983/5983/5983
f 5983/5983/5983 5957/5957/5957 5953/5953/5953
f 5957/5957/5957 5983/5983/5983 5984/5984/5984
f 5983/5983/5983 6033/6033/6033 5984/5984/5984
f 5984/5984/5984 6033/6033/6033 5981/5981/5981
f 5984/5984/5984 5981/5981/5981 5957/5957/5957
f 5957/5957/5957 6036/6036/6036 5953/5953/5953
f 5986/5986/5986 5993/5993/5993 5954/5954/5954
f 6027/6027/6027 6002/6002/6002 5977/5977/5977
f 5977/5977/5977 6002/6002/6002 5945/5945/5945
f 5945/5945/5945 6002/6002/6002 6043/6043/6043
f 6043/6043/6043 6002/6002/6002 6004/6004/6004
f 6002/6002/6002 6031/6031/6031 6004/6004/6004
f 6002/6002/6002 6027/6027/6027 6031/6031/6031
f 6031/6031/6031 6027/6027/6027 6010/6010/6010
f 6031/6031/6031 6010/6010/6010 5946/5946/5946
f 5946/5946/5946 6010/6010/6010 6054/6054/6054
f 5978/5978/5978 5977/5977/5977 5945/5945/5945
f 5945/5945/5945 6043/6043/6043 5978/5978/5978
f 5978/5978/5978 6043/6043/6043 6042/6042/6042
f 6043/6043/6043 5974/5974/5974 6042/6042/6042
f 6043/6043/6043 6004/6004/6004 5974/5974/5974
f 5974/5974/5974 6004/6004/6004 6028/6028/6028
f 6004/6004/6004 6003/6003/6003 6028/6028/6028
f 6004/6004/6004 6031/6031/6031 6003/6003/6003
f 5946/5946/5946 6003/6003/6003 6031/6031/6031
f 5947/5947/5947 5977/5977/5977 5978/5978/5978
f 5978/5978/5978 5948/5948/5948 5947/5947/5947
f 5978/5978/5978 6042/6042/6042 5948/5948/5948
f 5948/5948/5948 6042/6042/6042 6053/6053/6053
f 6042/6042/6042 5999/5999/5999 6053/6053/6053
f 6042/6042/6042 5974/5974/5974 5999/5999/5999
f 5974/5974/5974 5973/5973/5973 5999/5999/5999
f 5974/5974/5974 6028/6028/6028 5973/5973/5973
f 5973/5973/5973 6028/6028/6028 5899/5899/5899
f 6003/6003/6003 5899/5899/5899 6028/6028/6028
f 5947/5947/5947 5948/5948/5948 6055/6055/6055
f 5948/5948/5948 5946/5946/5946 6055/6055/6055
f 5948/5948/5948 6053/6053/6053 5946/5946/5946
f 5946/5946/5946 6053/6053/6053 5971/5971/5971
f 6053/6053/6053 5944/5944/5944 5971/5971/5971
f 5969/5969/5969 5944/5944/5944 6053/6053/6053
f 6007/6007/6007 5969/5969/5969 6053/6053/6053
f 6053/6053/6053 5999/5999/5999 6007/6007/6007
f 5999/5999/5999 5973/5973/5973 6007/6007/6007
f 5973/5973/5973 6008/6008/6008 6007/6007/6007
f 5899/5899/5899 6008/6008/6008 5973/5973/5973
f 6055/6055/6055 5946/5946/5946 6054/6054/6054
f 5971/5971/5971 6003/6003/6003 5946/5946/5946
f 5944/5944/5944 6003/6003/6003 5971/5971/5971
f 6001/6001/6001 6003/6003/6003 5944/5944/5944
f 5944/5944/5944 5880/5880/5880 6001/6001/6001
f 5975/5975/5975 5880/5880/5880 5944/5944/5944
f 5944/5944/5944 5998/5998/5998 5975/5975/5975
f 5969/5969/5969 5998/5998/5998 5944/5944/5944
f 5969/5969/5969 5997/5997/5997 5998/5998/5998
f 5997/5997/5997 5969/5969/5969 6007/6007/6007
f 6007/6007/6007 6008/6008/6008 5997/5997/5997
f 6001/6001/6001 5899/5899/5899 6003/6003/6003
f 5900/5900/5900 5899/5899/5899 6001/6001/6001
f 5880/5880/5880 5900/5900/5900 6001/6001/6001
f 5901/5901/5901 5900/5900/5900 5880/5880/5880
f 5976/5976/5976 5901/5901/5901 5880/5880/5880
f 5976/5976/5976 5880/5880/5880 5975/5975/5975
f 5998/5998/5998 5976/5976/5976 5975/5975/5975
f 6009/6009/6009 5976/5976/5976 5998/5998/5998
f 5998/5998/5998 5997/5997/5997 6009/6009/6009
f 6008/6008/6008 6009/6009/6009 5997/5997/5997
f 5900/5900/5900 6008/6008/6008 5899/5899/5899
f 5901/5901/5901 6008/6008/6008 5900/5900/5900
f 6032/6032/6032 6008/6008/6008 5901/5901/5901
f 5976/5976/5976 6032/6032/6032 5901/5901/5901
f 6032/6032/6032 5976/5976/5976 6009/6009/6009
f 6032/6032/6032 6009/6009/6009 6008/6008/6008
