# converted from 11.lmesh by lmesh2obj.py
mtllib Hero_MasterYi.mtl
o Hero_MasterYi
v -0.357150 1.049120 0.126045
v -0.381854 0.992011 0.143559
v -0.357150 1.049120 0.126045
v -0.371018 0.992352 0.149522
v -0.278779 0.992863 0.118105
v -0.371836 1.040533 0.110370
v -0.277552 1.021008 0.098785
v -0.296259 1.045508 0.118344
v -0.391395 0.955176 0.158075
v -0.369724 0.999780 0.166389
v -0.384308 0.981823 0.175896
v -0.392758 1.035967 0.131837
v -0.396097 0.978858 0.155826
v -0.371018 0.992352 0.149522
v -0.328562 1.070996 0.113267
v -0.311252 1.070450 0.108769
v -0.277586 1.002812 0.105293
v -0.272952 1.050551 0.124988
v -0.298781 1.083808 0.112756
v -0.395382 1.039647 0.126828
v -0.282902 1.087454 0.106861
v -0.292920 1.004244 0.119162
v -0.278779 0.992863 0.118105
v -0.274894 1.081354 0.086961
v -0.274894 1.081354 0.086961
v -0.285253 1.004039 0.126658
v -0.275133 1.004891 0.125329
v -0.289172 1.001620 0.107542
v -0.295169 1.022780 0.118685
v -0.292341 1.017260 0.104271
v -0.287468 1.062000 0.073263
v -0.264979 1.046564 0.108973
v -0.281368 1.071916 0.113778
v -0.269783 1.003664 0.114970
v -0.266546 1.024586 0.110643
v -0.296259 1.045508 0.118344
v -0.301745 1.062511 0.111836
v -0.269988 1.060978 0.099671
v -0.278200 1.036751 0.093129
v -0.282868 1.052766 0.084644
v -0.286003 1.050312 0.126317
v -0.293090 1.069156 0.118174
v -0.301745 1.062511 0.111836
v -0.311252 1.070450 0.108769
v -0.264979 1.046564 0.108973
v -0.295441 1.037637 0.101034
v -0.312444 1.059513 0.085155
v -0.269988 1.060978 0.099671
v -0.300246 1.053515 0.094219
v -0.368599 1.016067 0.141549
v -0.365124 1.030413 0.134734
v -0.381786 1.027142 0.126897
v -0.394496 1.020633 0.143014
v -0.397324 1.000223 0.152793
v -0.395416 0.982436 0.169251
v -0.287536 1.024314 0.128157
v -0.275099 1.024995 0.125397
v -0.365124 1.030413 0.134734
v -0.397324 1.000223 0.152793
v -0.394496 1.020633 0.143014
v -0.368599 1.016067 0.141549
v -0.381139 1.014330 0.135143
v -0.366214 1.025574 0.155451
v -0.425197 1.019747 0.095480
v -0.433681 1.003767 0.101579
v -0.417292 0.995487 0.100284
v -0.440190 0.981720 0.106929
v -0.440190 0.981720 0.106929
v -0.433681 1.003767 0.101579
v -0.399709 1.040124 0.122433
v -0.384308 1.005811 0.174737
v -0.410409 0.995861 0.112108
v -0.442507 1.010616 0.119094
v -0.405911 1.013273 0.108939
v -0.438997 0.983867 0.132553
v -0.412317 1.012728 0.096536
v -0.432659 1.009900 0.128737
v -0.428502 0.976030 0.107747
v -0.424413 0.980221 0.131565
v -0.427276 0.942807 0.131769
v -0.377731 1.052527 0.150783
v -0.424413 0.980221 0.131565
v -0.419063 1.004584 0.126147
v -0.419847 0.974497 0.117390
v -0.426867 0.966080 0.133882
v -0.443188 0.967409 0.109178
v -0.391088 1.051709 0.144138
v -0.385023 0.946794 0.164856
v -0.449833 0.969488 0.123898
v -0.440530 0.969147 0.135177
v -0.441825 0.942330 0.113573
v -0.415486 1.034740 0.080215
v -0.404105 1.033718 0.076637
v -0.383899 0.955722 0.153202
v -0.372279 0.978449 0.153781
v -0.395382 1.039647 0.126828
v -0.380866 1.037228 0.094832
v -0.389351 1.036989 0.077284
v -0.392519 0.958788 0.170750
v -0.384103 0.958618 0.174669
v -0.374528 0.956369 0.158688
v -0.363897 1.044929 0.146796
v -0.391395 0.955176 0.158075
v -0.392758 1.035967 0.131837
v -0.385023 0.946794 0.164856
v -0.383831 0.976473 0.149215
v -0.374528 0.956369 0.158688
v -0.396097 0.978858 0.155826
v -0.397086 1.004414 0.169660
v -0.374971 0.958379 0.168536
v -0.371121 0.981243 0.167888
v -0.372279 0.978449 0.153781
v -0.410749 1.020668 0.121172
v -0.399709 1.040124 0.122433
v -0.443188 0.967409 0.109178
v -0.447584 0.983969 0.121922
v -0.410749 1.020668 0.121172
v -0.419063 1.004584 0.126147
v -0.394189 1.033241 0.158450
v -0.382808 1.035967 0.164583
v -0.421960 0.962128 0.119809
v -0.426867 0.966080 0.133882
v -0.441825 0.942330 0.113573
v -0.427276 0.942807 0.131769
v -0.430035 0.963252 0.110098
v -0.424106 0.940013 0.120320
v -0.459408 0.982981 0.054897
v -0.417701 1.034979 0.072377
v -0.408432 1.030822 0.064063
v -0.405638 1.033820 0.032476
v -0.450412 0.979233 0.065937
v -0.446119 0.994089 0.041063
v -0.434704 0.990341 0.041983
v -0.434704 0.988808 0.065426
v -0.441723 1.009423 0.038712
v -0.436237 1.029595 0.037485
v -0.422539 0.999712 0.051081
v -0.421994 1.017499 0.039053
v -0.417394 1.013750 0.050536
v -0.427548 1.002063 0.040075
v -0.403083 1.031469 0.052410
v -0.422641 1.032798 0.029478
v -0.420529 1.030788 0.121683
v -0.435351 0.932653 0.122739
v -0.436101 0.974258 0.064063
v -0.425197 1.019747 0.095480
v -0.447311 0.954631 0.045288
v -0.427446 0.987002 0.052342
v -0.431535 1.003528 0.066585
v -0.431535 1.003528 0.066585
v -0.424992 1.022167 0.067062
v -0.435351 0.932653 0.122739
v -0.431126 0.939945 0.111359
v -0.415486 1.034740 0.080215
v -0.431603 1.031060 0.109621
v -0.436816 0.953541 0.059940
v -0.448334 0.979812 0.041301
v -0.434704 0.988808 0.065426
v -0.446119 0.994089 0.041063
v -0.441723 1.009423 0.038712
v -0.446425 0.942705 0.123898
v -0.439167 0.943284 0.133234
v -0.088734 0.246404 -0.305682
v -0.094418 0.272287 -0.230456
v -0.107059 0.521621 0.173015
v -0.115568 0.484786 0.188517
v -0.113664 0.447104 0.204522
v -0.105376 0.327191 -0.092544
v -0.109756 0.356786 -0.018525
v -0.107275 0.340798 -0.058401
v -0.098823 0.295697 -0.171644
v -0.352823 1.068406 0.131326
v -0.281505 1.128581 0.078034
v -0.343282 1.110760 0.109314
v -0.333230 1.090588 0.117526
v -0.402571 1.157749 0.059259
v -0.387340 1.078356 0.128907
v -0.407410 1.066089 0.114766
v -0.431637 1.062681 0.053023
v -0.268897 1.136725 0.078749
v -0.343282 1.110760 0.109314
v -0.421040 1.114032 0.030125
v -0.377936 1.164768 0.090301
v -0.285628 1.108648 0.103078
v -0.304982 1.081559 0.035304
v -0.402060 1.125890 0.000378
v -0.416951 1.133863 0.071696
v -0.407478 1.098051 0.035270
v -0.394837 1.135805 0.106179
v -0.407478 1.098051 0.035270
v -0.297554 1.133352 0.098035
v -0.434261 1.034740 0.066755
v -0.451230 0.952859 0.052750
v -0.439099 0.954529 0.044811
v -0.436816 0.953541 0.059940
v -0.424992 1.022167 0.067062
v -0.450003 0.995214 0.065835
v -0.397971 1.082513 0.104441
v -0.274247 1.125140 0.011146
v -0.292852 1.121494 0.025832
v -0.282357 1.123232 0.050127
v -0.264059 1.129059 0.049309
v -0.281505 1.128581 0.078034
v -0.448947 0.953541 0.062019
v -0.425844 1.059240 0.020346
v -0.448334 0.979812 0.041301
v -0.417701 1.034979 0.072377
v -0.297554 1.133352 0.098035
v -0.289615 1.140099 0.099876
v -0.323859 1.133693 0.117185
v -0.395075 1.111101 0.009851
v -0.436510 0.977393 0.041881
v -0.442098 0.946215 0.053193
v -0.423357 1.068576 0.002797
v -0.395075 1.111101 0.009851
v -0.278131 1.096109 0.073502
v -0.307470 1.097438 0.113267
v -0.319770 1.123266 0.107202
v -0.424277 1.057945 0.032272
v -0.292852 1.121494 0.025832
v -0.309889 1.120813 0.000344
v -0.379708 1.117575 -0.005858
v -0.392485 1.090997 -0.011684
v -0.424856 1.057400 0.070163
v -0.347030 1.080571 -0.010185
v -0.421381 1.064590 0.098921
v -0.383388 1.093860 0.113096
v -0.362295 1.104559 0.115107
v -0.410545 1.131239 0.093708
v -0.373642 1.146539 0.110098
v -0.420631 1.115258 0.071151
v -0.413305 1.110795 0.094560
v -0.399266 1.115224 0.107542
v -0.447311 0.954631 0.045288
v -0.442098 0.946215 0.053193
v -0.429865 0.974462 0.052273
v -0.300518 1.125310 -0.019079
v -0.309889 1.120813 0.000344
v -0.379708 1.117575 -0.005858
v -0.282357 1.123232 0.050127
v -0.412658 1.077538 0.076057
v -0.413373 1.086534 0.059395
v -0.373642 1.084803 -0.015460
v -0.368599 1.081422 0.131394
v -0.380457 1.181738 0.066925
v -0.282357 1.123232 0.050127
v -0.274247 1.125140 0.011146
v -0.319770 1.123266 0.107202
v -0.436237 1.029595 0.037485
v 0.098562 1.380051 -0.057325
v 0.076175 1.386048 0.091834
v 0.128888 1.378893 0.137513
v 0.163270 1.350645 0.159662
v -0.442268 1.039954 0.051967
v 0.069531 1.385094 -0.018412
v 0.129877 1.348089 0.142079
v 0.081184 1.387684 0.092944
v 0.081184 1.387684 0.092944
v 0.128888 1.378893 0.137513
v 0.108887 1.348294 0.160937
v 0.129877 1.348089 0.142079
v 0.063295 1.386423 0.040128
v 0.098801 1.371362 -0.062047
v -0.373642 1.084803 -0.015460
v -0.346587 1.120949 -0.017239
v -0.448334 1.011774 0.068254
v -0.457465 0.996611 0.054318
v -0.292852 1.121494 0.025832
v -0.196301 1.450583 -0.011014
v -0.195671 1.451438 -0.032231
v -0.211357 1.535735 -0.074898
v -0.221568 1.410173 -0.113772
v -0.216934 1.455186 -0.073325
v -0.194649 1.437944 -0.028006
v -0.455319 1.016102 0.054352
v -0.237055 1.426802 -0.086887
v -0.163641 1.381176 -0.091146
v -0.170933 1.395487 -0.125391
v -0.226952 1.461285 -0.090294
v -0.237055 1.426802 -0.086887
v -0.151988 1.412559 -0.024088
v -0.222340 1.537956 -0.087568
v -0.200703 1.504965 -0.050875
v -0.208381 1.489771 -0.081299
v -0.187152 1.405744 -0.132717
v -0.208483 1.377734 -0.108695
v -0.253768 1.482628 -0.101411
v -0.160200 1.412780 -0.114930
v -0.147183 1.385912 -0.067158
v -0.163607 1.426052 -0.017647
v -0.142992 1.385946 -0.068827
v -0.163369 1.427687 -0.012196
v -0.147353 1.377087 -0.064330
v -0.226134 1.389456 -0.106480
v -0.266068 1.419731 -0.118297
v -0.208483 1.377734 -0.108695
v -0.124313 1.341613 -0.071525
v -0.153521 1.363900 -0.063546
v -0.172875 1.382539 -0.019590
v -0.185755 1.367682 -0.100108
v -0.153521 1.363900 -0.063546
v -0.188141 1.429119 -0.123585
v -0.172023 1.423599 -0.127981
v -0.216934 1.455186 -0.073325
v -0.147183 1.385912 -0.067158
v -0.204735 1.467521 -0.075574
v -0.195671 1.451438 -0.032231
v -0.216900 1.445304 -0.098779
v -0.209335 1.460876 -0.104810
v -0.142174 1.467044 0.007363
v -0.153385 1.454402 -0.186793
v -0.346587 1.120949 -0.017239
v -0.164186 1.486602 -0.018908
v -0.108406 1.424723 -0.074007
v -0.178055 1.494099 -0.049200
v -0.110928 1.421724 -0.107195
v -0.188379 1.503401 -0.083275
v -0.108406 1.424723 -0.074007
v -0.125767 1.433991 -0.149686
v -0.194104 1.500846 -0.114862
v -0.194649 1.437944 -0.028006
v -0.285279 1.312366 -0.083084
v -0.267055 1.275302 -0.088144
v -0.189265 1.403665 -0.019249
v -0.158257 1.401620 -0.021668
v -0.176828 1.418045 -0.018159
v -0.153521 1.363900 -0.063546
v -0.124313 1.341613 -0.071525
v -0.154219 1.379829 0.007950
v -0.180505 1.414630 0.008772
v -0.063530 1.507320 0.017586
v -0.093857 1.534034 -0.136772
v -0.196761 1.478901 -0.061467
v -0.148921 1.399849 -0.044805
v -0.185483 1.444077 -0.031141
v -0.114029 1.545006 -0.121234
v -0.185755 1.367682 -0.100108
v -0.175445 1.348730 -0.128211
v -0.147353 1.377087 -0.064330
v -0.171614 1.426052 -0.152208
v -0.205587 1.429051 -0.118917
v -0.151817 1.388127 -0.095099
v -0.184290 1.482309 -0.153025
v -0.086633 1.460910 -0.147778
v -0.081215 1.457094 -0.154865
v -0.122343 1.448745 0.008351
v -0.111882 1.438898 -0.008038
v -0.253357 1.406320 -0.004885
v -0.219461 1.274315 -0.084894
v -0.189640 1.435900 -0.027393
v -0.153521 1.363900 -0.063546
v -0.189265 1.403665 -0.019249
v -0.114061 0.433679 0.178318
v -0.115779 0.474141 0.161355
v -0.099032 0.520837 0.173222
v -0.114185 0.422340 0.144983
v -0.116109 0.461647 0.129769
v -0.086183 0.348050 -0.266938
v -0.109547 0.420475 0.027967
v -0.094477 0.312651 -0.243856
v -0.093301 0.392487 -0.154727
v -0.092588 0.375629 -0.197851
v -0.099542 0.336884 -0.182354
v -0.097571 0.405882 -0.121615
v -0.073627 0.276703 -0.457553
v -0.106927 0.446526 0.204783
v -0.112691 0.381357 0.042607
v -0.102870 0.354003 -0.138958
v -0.105583 0.367377 -0.105314
v -0.099526 0.419341 -0.087908
v -0.108378 0.380874 -0.071589
v -0.102661 0.435187 -0.048666
v -0.107032 0.501785 0.113862
v -0.108000 0.396138 -0.032811
v -0.100778 0.313424 -0.126586
v -0.105626 0.459676 0.012134
v -0.433511 0.954768 0.052273
v -0.436101 0.974258 0.064063
v -0.106904 0.513583 0.144498
v -0.091002 0.520127 0.173530
v -0.413373 1.086534 0.059395
v -0.342873 1.128752 -0.030528
v -0.382706 1.131989 -0.019351
v 0.111885 1.379063 0.156030
v 0.120472 1.338037 0.150204
v 0.161907 1.341411 0.174499
v 0.163270 1.350645 0.159662
v 0.148209 1.370033 -0.081060
v 0.069531 1.385094 -0.018412
v 0.053311 1.371907 0.039325
v 0.087590 1.368330 0.152214
v 0.061046 1.370647 0.098751
v 0.091577 1.281235 0.155042
v 0.161498 1.382539 -0.086731
v -0.011260 1.544529 -0.094349
v -0.001072 1.547255 -0.016932
v -0.046289 1.496143 -0.046406
v -0.142651 1.395930 -0.040205
v -0.051127 1.501084 -0.044907
v -0.051127 1.501084 -0.044907
v -0.001072 1.547255 -0.016932
v -0.165208 1.363696 -0.082559
v -0.154271 1.369352 -0.034412
v -0.244554 1.384601 -0.135081
v -0.226134 1.389456 -0.106480
v -0.155889 1.410241 -0.129071
v -0.198465 1.440295 -0.128730
v -0.142992 1.385946 -0.068827
v -0.080329 1.464692 -0.011412
v -0.117981 1.497268 0.020141
v -0.099615 1.468645 -0.172175
v -0.097025 1.467827 -0.181239
v -0.109463 1.431334 -0.038705
v -0.243402 1.373494 0.023129
v -0.182603 1.278017 -0.062352
v -0.165208 1.363696 -0.082559
v -0.127110 1.358685 -0.017267
v -0.154271 1.369352 -0.034412
v -0.045777 1.497711 -0.097382
v -0.007409 1.535022 -0.052540
v -0.054909 1.504423 -0.005347
v -0.052933 1.500130 -0.004290
v 0.183169 1.229510 0.194807
v -0.151241 1.519702 -0.075533
v 0.180137 1.331359 0.179235
v 0.171039 1.229851 0.180837
v 0.151923 1.261540 0.171023
v -0.095117 1.478458 0.008351
v -0.158768 1.391262 -0.091725
v -0.163914 1.526708 -0.090396
v -0.187016 1.446599 -0.024667
v -0.083464 1.463738 -0.054857
v -0.118322 1.496654 0.006852
v -0.131509 1.492020 -0.191461
v -0.129635 1.489022 -0.203592
v -0.262078 1.419402 -0.029608
v -0.165902 1.282748 -0.028456
v -0.129289 1.509371 -0.022670
v -0.148444 1.387446 -0.036388
v -0.172875 1.382539 -0.019590
v -0.041314 1.495939 -0.127401
v -0.038111 1.492191 -0.102766
v -0.045777 1.497711 -0.097382
v -0.144346 1.342312 -0.099909
v -0.213743 1.363498 -0.140593
v -0.045777 1.497711 -0.097382
v 0.104696 1.285461 -0.055572
v 0.128582 1.260075 0.149863
v 0.143506 1.278509 0.170512
v -0.092528 1.532126 0.008931
v -0.051127 1.501084 -0.044907
v -0.064450 1.508887 0.010294
v -0.071538 1.518837 -0.132410
v -0.124217 1.549742 -0.103072
v 0.160101 1.254793 0.182063
v -0.092528 1.532126 0.008931
v -0.054909 1.508240 -0.164406
v -0.154731 1.479481 -0.130400
v -0.081283 1.460740 -0.090226
v -0.141084 1.514134 -0.024088
v -0.091846 1.476823 0.021811
v -0.280548 1.403276 -0.051739
v -0.165902 1.282748 -0.028456
v 0.071541 1.274489 0.033362
v 0.158772 1.277896 0.197192
v -0.291120 1.356381 -0.073500
v -0.049151 1.502583 -0.127470
v -0.064450 1.508887 0.010294
v -0.059748 1.511579 -0.155172
v 0.105479 1.293570 -0.056186
v 0.161123 1.286381 -0.063458
v 0.109858 1.269803 0.155860
v 0.147800 1.331222 -0.065420
v 0.121699 1.274965 0.150374
v 0.146948 1.296910 -0.066919
v 0.077572 1.270911 0.091732
v 0.184498 1.312959 0.201860
v -0.247619 1.394488 -0.010008
v -0.038111 1.492191 -0.102766
v -0.140743 1.573799 -0.095201
v 0.077504 1.280485 -0.019147
v -0.138256 1.572129 -0.126243
v -0.141867 1.572811 -0.054448
v -0.124967 1.559658 -0.018022
v -0.132736 1.566882 -0.056458
v -0.118424 1.554649 -0.025314
v -0.103363 1.455799 -0.070940
v -0.170933 1.502175 -0.104265
v -0.128715 1.458934 -0.122427
v -0.145309 1.517576 -0.016830
v -0.218556 1.337993 0.031356
v -0.177049 1.298626 0.014490
v -0.024549 1.558159 -0.107536
v 0.160510 1.329144 -0.068365
v -0.054909 1.504423 -0.005347
v -0.105525 0.380685 0.042761
v -0.089572 0.294484 -0.172196
v -0.102917 0.356077 -0.018536
v -0.084095 0.270954 -0.231140
v -0.100194 0.445856 0.204962
v -0.090395 0.482467 0.189361
v -0.088542 0.404779 -0.121984
v -0.091562 0.418393 -0.088172
v -0.089409 0.325766 -0.091824
v -0.067793 0.276170 -0.457349
v -0.079109 0.245525 -0.305345
v -0.094161 0.312617 -0.126872
v -0.095995 0.355470 -0.018147
v -0.093253 0.339542 -0.057795
v -0.107046 0.421745 0.145328
v -0.094328 0.434242 -0.048813
v -0.074041 0.346132 -0.268600
v -0.067793 0.276170 -0.457349
v -0.069484 0.244646 -0.305009
v -0.080014 0.294153 -0.170430
v -0.073466 0.270375 -0.229724
v -0.087344 0.312270 -0.125838
v -0.097123 0.458741 0.012066
v -0.080361 0.373887 -0.199010
v -0.085112 0.391454 -0.155154
v -0.100310 0.340114 -0.058322
v -0.107210 0.433091 0.178614
v -0.098739 0.512832 0.144786
v -0.098713 0.500972 0.114094
v -0.097446 0.326384 -0.092493
v -0.147899 1.577138 -0.129821
v -0.150386 1.580205 -0.094928
v -0.096685 1.541394 -0.183420
v -0.085611 1.468100 -0.022656
v -0.095117 1.478458 0.008351
v -0.083464 1.463738 -0.054857
v -0.113245 1.452664 -0.104537
v -0.118322 1.496654 0.006852
v -0.282129 1.348838 -0.072710
v -0.272489 1.391693 -0.052822
v 0.074029 1.287675 -0.018704
v -0.255598 1.406437 -0.032569
v -0.239275 1.363056 0.015389
v -0.187955 1.282693 -0.054888
v 0.066600 1.328394 0.035134
v 0.108205 1.330030 -0.049882
v 0.107967 1.277010 0.162266
v 0.062716 1.285154 0.037655
v 0.160510 1.329144 -0.068365
v -0.311320 1.290163 -0.014990
v -0.217807 1.331340 0.022315
v -0.282050 1.291355 0.036906
v -0.182284 1.293670 0.005911
v 0.099851 1.270232 0.140999
v 0.161123 1.286381 -0.063458
v -0.074775 1.524220 -0.186350
v -0.077705 1.526197 -0.175821
v -0.073821 1.455424 -0.087977
v -0.073821 1.455424 -0.087977
v -0.158751 1.516486 -0.161800
v -0.073071 1.453414 -0.119258
v -0.078591 1.457741 -0.116600
v -0.077637 1.459309 -0.049439
v -0.173012 1.534272 -0.089681
v -0.177816 1.534375 -0.123449
v -0.165447 1.520558 -0.170216
v -0.127079 1.564429 -0.173249
v -0.120605 1.559317 -0.166127
v -0.298576 1.294286 0.014451
v -0.309753 1.281508 -0.032572
v 0.071269 1.283109 0.094764
v 0.075426 1.324748 0.096536
v -0.354629 1.137032 0.115686
v -0.375925 1.161497 0.081816
v -0.377970 1.173560 0.064336
v -0.280278 1.188621 0.081816
v -0.315102 1.198605 0.085223
v -0.296498 1.189302 0.086825
v -0.374835 1.127116 0.115448
v -0.246851 1.172231 0.024162
v -0.258573 1.165143 -0.007289
v -0.276871 1.165995 -0.027393
v -0.357320 1.176763 -0.022418
v -0.318816 1.186679 -0.041466
v -0.299224 1.174616 -0.039898
v -0.258573 1.165143 -0.007289
v -0.266239 1.197105 0.067096
v -0.251928 1.181465 0.050774
v -0.266648 1.139690 0.002899
v -0.396745 1.152843 0.058441
v -0.260174 1.153285 0.067709
v -0.402333 1.140031 0.016052
v -0.380866 1.148174 -0.010628
v -0.362364 1.120097 0.124000
v -0.407580 1.098869 0.113437
v -0.266648 1.139690 0.002899
v -0.418212 1.123232 0.054693
v -0.420529 1.097335 0.099024
v -0.276700 1.161361 0.087847
v -0.255438 1.145074 0.039564
v -0.388192 1.108273 0.121683
v -0.362295 1.104559 0.115107
v -0.397971 1.082513 0.104441
v -0.383388 1.093860 0.113096
v -0.307913 1.158329 0.103726
v -0.361341 1.149265 -0.025859
v -0.293226 1.141871 -0.023985
v -0.331424 1.145074 -0.034480
v -0.408466 1.079991 0.093367
v -0.429184 1.104900 0.056396
v -0.412658 1.077538 0.076057
v -0.428604 1.099209 0.079942
v -0.333264 1.184873 -0.009538
v -0.343350 1.197787 0.000139
v -0.314284 1.209270 0.059770
v -0.338920 1.219833 0.014383
v -0.233187 1.239664 -0.012570
v -0.255540 1.238778 -0.040886
v -0.235163 1.256599 0.020516
v -0.309241 1.189473 -0.018022
v -0.293499 1.180068 -0.010117
v -0.271248 1.180409 0.015473
v -0.267875 1.187292 0.038405
v -0.337830 1.228590 0.043380
v -0.299701 1.190086 0.066517
v -0.323008 1.211928 0.076091
v -0.274554 1.195947 0.053739
v -0.338068 1.174446 -0.034071
v -0.354629 1.222389 0.014519
v -0.271248 1.180409 0.015473
v -0.367475 1.193800 -0.000406
v -0.327131 1.221230 0.035815
v -0.261912 1.276806 0.031897
v -0.152396 1.522551 -0.055845
v -0.163914 1.526708 -0.090396
v -0.170933 1.529127 -0.120246
v -0.159382 1.527389 -0.050734
v 0.078595 1.330336 -0.013933
v -0.288456 1.257213 -0.042726
v -0.218941 1.286744 -0.078178
v -0.171671 1.282288 -0.031516
v -0.171671 1.282288 -0.031516
v -0.259001 1.299786 -0.079880
v -0.103363 1.455799 -0.070940
v -0.152396 1.522551 -0.055845
v -0.141084 1.514134 -0.024088
v -0.081283 1.460740 -0.090226
v -0.096174 1.532296 0.018437
v -0.099206 1.542757 -0.195039
v -0.233187 1.239664 -0.012570
v 0.093485 1.328053 0.153032
v -0.414872 1.140848 0.056703
v -0.408466 1.079991 0.093367
v 0.065442 1.375758 -0.022827
v -0.346587 1.120949 -0.017239
v -0.323042 1.083058 0.008863
v -0.278131 1.096109 0.073502
v 0.063295 1.386423 0.040128
v -0.148069 1.410650 -0.018908
v 0.022576 1.582113 0.048559
v 0.009491 1.618879 0.076841
v 0.009832 1.563747 0.012372
v -0.035112 1.632101 0.058373
v 0.007379 1.494814 0.007022
v 0.167631 1.551412 -0.163657
v 0.005403 1.474506 -0.053460
v 0.103264 1.533284 -0.151185
v 0.072938 1.541701 -0.167098
v -0.085406 1.584873 -0.125152
v -0.055182 1.592710 -0.131797
v -0.068982 1.606340 0.029478
v 0.079889 1.492054 0.090812
v 0.050892 1.532569 0.064677
v 0.010343 1.610906 -0.147982
v 0.002608 1.587531 -0.114317
v -0.110178 1.570869 -0.107195
v -0.084418 1.572300 -0.120178
v 0.045167 1.582283 0.103999
v -0.006081 1.596424 0.089960
v 0.169676 1.544154 0.143729
v 0.009491 1.618879 0.076841
v 0.144563 1.514646 0.154531
v 0.087658 1.544767 0.129691
v 0.063568 1.493860 -0.131490
v 0.032764 1.436956 -0.043203
v 0.144767 1.494235 -0.150708
v 0.026086 1.446667 0.018335
v -0.132122 1.570869 -0.068282
v -0.080295 1.680793 -0.053835
v -0.053206 1.586202 0.030091
v -0.093448 1.559794 -0.016830
v 0.014569 1.594755 0.049377
v -0.024549 1.558159 -0.107536
v 0.055117 1.490044 0.096945
v 0.039920 1.532296 0.069311
v -0.055182 1.592710 -0.131797
v -0.039405 1.578638 -0.116089
v -0.039405 1.578638 -0.116089
v -0.123876 1.550526 -0.071553
v 0.036581 1.555910 0.118787
v 0.038148 1.564395 0.045118
v 0.169676 1.544154 0.143729
v 0.120506 1.484149 0.129657
v 0.169403 1.497097 0.143286
v 0.037160 1.601024 0.145944
v -0.014497 1.562929 0.029648
v 0.014569 1.594755 0.049377
v 0.007583 1.612576 0.062189
v 0.045167 1.582283 0.103999
v 0.081423 1.529264 0.141412
v 0.039409 1.436615 0.020993
v 0.162724 1.437910 -0.122256
v 0.165450 1.461898 0.162607
v 0.026835 1.516826 0.041881
v 0.114611 1.440499 0.145706
v 0.095291 1.453925 -0.124335
v 0.077504 1.478663 0.094389
v -0.114403 1.579796 -0.104640
v 0.035661 1.467146 -0.168325
v -0.024924 1.533284 -0.160965
v -0.066324 1.633974 -0.107025
v -0.011260 1.544529 -0.094349
v 0.112635 1.443021 -0.111352
v 0.072802 1.427040 -0.081639
v -0.035112 1.632101 0.058373
v -0.103909 1.583271 -0.014615
v -0.132633 1.642186 0.012440
v 0.007583 1.612576 0.062189
v 0.036513 1.463841 0.066721
v 0.022576 1.582113 0.048559
v 0.029664 1.559556 0.047196
v 0.177785 1.553252 -0.159431
v 0.123777 1.589609 -0.162430
v 0.009491 1.618879 0.076841
v -0.061247 1.675204 0.000242
v -0.061247 1.675204 0.000242
v -0.007409 1.535022 -0.052540
v 0.190393 1.963659 -0.371368
v 0.203137 1.993308 -0.363511
v 0.198264 1.957280 -0.384292
v 0.171754 1.994847 -0.311528
v -0.001072 1.547255 -0.016932
v 0.187394 1.965225 -0.372728
v 0.180750 1.967708 -0.358750
v 0.167188 1.997835 -0.279857
v 0.165621 1.972809 -0.316403
v 0.165689 1.984894 -0.292999
v 0.164360 1.998202 -0.300020
v 0.170528 1.993768 -0.299064
v 0.174753 1.964240 -0.332602
v 0.169778 1.968755 -0.334544
v 0.098562 1.380051 -0.057325
v 0.165348 1.379710 0.158347
v 0.009832 1.563747 0.012372
v 0.028607 1.473620 -0.098949
v 0.058491 1.437194 -0.094383
v 0.195538 1.869770 0.138312
v 0.182011 1.867623 0.120491
v 0.168653 1.869532 0.116606
v 0.196901 1.870963 0.118344
v 0.163849 1.864965 0.112006
v 0.139792 1.869395 0.042801
v 0.087658 1.544767 0.129691
v 0.167222 1.873075 0.118855
v 0.179762 1.872087 0.132553
v 0.138668 1.873348 0.051387
v 0.135703 1.904969 0.066857
v 0.186508 1.908615 0.144786
v 0.188314 1.818045 0.121819
v 0.182283 1.858764 0.124648
v 0.181636 1.868203 0.130815
v 0.190393 1.837297 0.123251
v 0.154785 1.871269 0.099296
v 0.185759 1.890453 0.134393
v 0.182828 1.893350 0.142298
v 0.187803 1.806051 0.111836
v 0.194720 1.811639 0.047810
v 0.166473 1.827041 0.051967
v 0.178467 1.822372 0.046958
v 0.136896 1.879379 0.022288
v 0.192574 1.874983 0.141549
v 0.174003 1.886705 0.123319
v 0.170187 1.888579 0.132076
v 0.168415 1.913760 0.138141
v 0.124357 1.952298 0.090062
v 0.175468 1.972845 0.143252
v 0.152536 1.883195 0.115413
v 0.128548 1.911784 0.004194
v 0.147595 1.976355 0.127476
v 0.149810 1.847042 0.052376
v 0.159113 1.820089 0.058850
v 0.184157 1.785299 0.062189
v 0.189984 1.807448 0.039802
v 0.192403 1.704815 0.091221
v 0.150969 1.757563 0.060349
v 0.158465 1.733370 0.079397
v 0.131683 1.796271 0.050297
v 0.139826 1.782676 0.041404
v 0.147527 1.721716 0.084474
v 0.118530 1.590939 -0.190303
v 0.135840 1.779234 0.081816
v 0.155841 1.743831 0.089483
v 0.192403 1.704815 0.091221
v 0.158465 1.733370 0.079397
v 0.199048 1.711460 0.105941
v 0.093451 1.783425 0.038882
v 0.111613 1.812797 0.002968
v 0.110113 1.858662 0.000548
v 0.127423 1.901630 0.075410
v 0.097336 1.888647 -0.012059
v 0.112192 1.915703 -0.068657
v 0.175468 1.972845 0.143252
v 0.143575 1.916997 0.118412
v 0.136623 1.918940 0.110268
v 0.136623 1.918940 0.110268
v 0.127423 1.901630 0.075410
v 0.135840 1.887829 0.094219
v 0.113112 1.913794 0.006034
v 0.152298 1.851165 0.087984
v 0.193221 1.856992 0.132826
v 0.172606 1.842442 0.110098
v 0.171345 1.819033 0.095480
v 0.120813 1.873518 0.024912
v 0.144801 1.859957 0.064779
v 0.160612 1.884354 0.108360
v 0.123402 1.905821 -0.052608
v 0.133659 1.977105 0.099671
v 0.139860 1.843158 0.054216
v 0.178092 1.822747 0.040381
v 0.131989 1.881321 0.001639
v 0.147527 1.721716 0.084474
v 0.150969 1.757563 0.060349
v 0.155841 1.743831 0.089483
v 0.100811 1.730371 0.125500
v 0.124357 1.818079 0.005523
v 0.139997 1.886262 -0.087296
v 0.168279 1.880163 -0.115680
v 0.123402 1.905821 -0.052608
v 0.127014 1.900403 -0.057685
v 0.086398 1.871440 -0.014887
v -0.089850 0.459225 0.130644
v -0.090174 0.471780 0.162210
v 0.526816 0.484786 0.188517
v -0.099908 0.421014 0.145443
v -0.093099 0.418962 0.028522
v 0.518307 0.521621 0.173015
v -0.076386 0.351585 -0.138033
v -0.098311 0.380002 0.043039
v -0.063931 0.309835 -0.242836
v -0.080493 0.365087 -0.104437
v -0.077066 0.390967 -0.154224
v -0.070389 0.334191 -0.181388
v -0.062217 0.345862 -0.266101
v -0.100361 0.432428 0.178797
v 0.516584 0.327181 -0.092445
v -0.079636 0.404191 -0.121078
v -0.068468 0.373387 -0.197076
v -0.061958 0.275638 -0.457145
v -0.083567 0.378579 -0.070772
v -0.089242 0.394415 -0.032174
v -0.086039 0.433613 -0.048181
v -0.088618 0.458069 0.012635
v -0.090573 0.512079 0.145047
v -0.083678 0.417842 -0.087442
v 0.050653 1.450790 0.067334
v 0.067180 1.461830 0.082055
v -0.090390 0.500227 0.114379
v 0.524913 0.447084 0.204487
v 0.119893 1.593188 -0.183863
v 0.038148 1.623786 -0.176196
v 0.035661 1.467146 -0.168325
v 0.195947 1.959277 -0.386117
v 0.184362 2.000784 -0.342945
v 0.191892 1.997910 -0.355631
v 0.199286 1.993393 -0.367172
v 0.167529 1.998205 -0.312954
v 0.182011 2.000499 -0.306167
v 0.205624 1.949831 -0.397170
v 0.176422 1.997995 -0.324951
v 0.191415 2.006934 -0.317491
v 0.202046 2.001158 -0.351135
v 0.198298 2.005204 -0.336733
v 0.172845 1.852017 0.114766
v 0.188689 1.848405 0.128089
v 0.169608 1.830346 0.101375
v 0.166473 1.827041 0.051967
v 0.139792 1.869395 0.042801
v 0.169880 1.866942 0.114425
v 0.192676 1.889261 0.140152
v 0.171448 1.924391 -0.107434
v 0.191245 1.893724 0.156269
v 0.195640 1.903640 0.156371
v 0.128548 1.911784 0.004194
v 0.173185 1.804653 0.059429
v 0.189984 1.807448 0.039802
v 0.118837 1.878732 0.004944
v 0.121562 1.857265 -0.000781
v 0.124357 1.818079 0.005523
v 0.142314 1.764003 0.100693
v 0.158465 1.733370 0.079397
v 0.094814 1.765366 0.076330
v 0.090384 1.879447 -0.070906
v 0.101595 1.862717 -0.077380
v 0.143643 1.934273 -0.087694
v 0.102072 1.893418 -0.077210
v 0.110693 1.880299 -0.059014
v 0.149810 1.847042 0.052376
v 0.159385 1.828336 0.078988
v -0.132633 1.642186 0.012440
v 0.128411 1.863671 0.044300
v 0.162350 1.848031 0.102704
v 0.101527 1.868782 -0.140656
v 0.066225 1.870451 -0.064091
v 0.107694 1.878868 -0.180421
v 0.101152 1.879890 -0.178718
v 0.139826 1.782676 0.041404
v 0.189439 1.761992 0.069583
v 0.130831 1.807720 0.030841
v 0.124493 1.842136 0.011691
v 0.130831 1.807720 0.030841
v 0.145244 1.727475 0.100318
v 0.110420 1.879515 0.003615
v 0.118837 1.878732 0.004944
v 0.101527 1.868782 -0.140656
v 0.101595 1.862717 -0.077380
v 0.086295 1.897575 -0.116191
v 0.110693 1.880299 -0.059014
v 0.098971 1.862546 -0.106377
v -0.141118 1.674625 0.017279
v -0.058521 1.736867 -0.035537
v -0.062849 1.761884 -0.034480
v 0.095768 1.887046 -0.109444
v 0.143745 1.889431 0.086075
v 0.038080 1.681372 0.148772
v 0.171448 1.953601 -0.329935
v 0.169846 1.941868 -0.344309
v 0.066839 1.693094 -0.183045
v 0.038148 1.623786 -0.176196
v 0.105547 1.582045 -0.202263
v 0.000632 1.715549 -0.154934
v -0.053546 1.712721 -0.111386
v 0.111613 1.614688 -0.228909
v 0.046019 1.657418 -0.202263
v -0.015383 1.721444 0.074660
v 0.113214 1.697319 0.112176
v 0.124493 1.842136 0.011691
v 0.114611 1.842578 0.012440
v 0.121562 1.857265 -0.000781
v 0.124493 1.842136 0.011691
v 0.098971 1.862546 -0.106377
v 0.082888 1.882446 -0.070804
v 0.068543 1.874540 -0.013797
v 0.193732 1.919484 -0.410495
v 0.075255 1.870213 -0.118338
v -0.018824 1.679294 -0.175140
v -0.101830 1.703657 -0.079902
v -0.133792 1.640755 -0.089068
v 0.205624 2.063844 -0.245553
v 0.128957 1.659632 -0.204614
v 0.182658 1.969408 -0.328979
v 0.189575 1.999700 -0.358612
v 0.197957 1.995140 -0.371256
v 0.170153 1.933413 -0.356206
v 0.183340 1.924994 -0.391600
v 0.176082 1.935986 -0.338890
v 0.135192 1.915191 0.123012
v 0.131989 1.881321 0.001639
v 0.128548 1.911784 0.004194
v 0.193971 1.969028 -0.350088
v 0.038318 1.717798 0.100796
v -0.010170 1.713402 0.067811
v 0.140678 1.959398 -0.071898
v -0.213637 1.609714 -0.044226
v -0.043767 1.657520 0.084133
v 0.113862 1.807823 -0.080822
v 0.111374 1.818317 -0.067430
v 0.107626 1.821282 -0.033083
v 0.092821 1.803938 -0.019607
v 0.081184 1.873791 -0.015160
v 0.126435 1.898154 0.122331
v -0.017291 1.643856 -0.154048
v 0.199729 1.966869 -0.365950
v 0.004585 1.710881 -0.148494
v 0.511968 0.313440 -0.126392
v 0.509971 0.295849 -0.171106
v 0.510775 0.419341 -0.087908
v 0.505666 0.272287 -0.230456
v 0.505726 0.312651 -0.243856
v 0.519627 0.380874 -0.071589
v 0.503837 0.375629 -0.197851
v 0.513909 0.435187 -0.048666
v 0.510790 0.336883 -0.182354
v 0.514118 0.354002 -0.138958
v 0.504550 0.392487 -0.154728
v 0.521025 0.356617 -0.018865
v 0.516832 0.367377 -0.105314
v 0.520796 0.420475 0.027967
v 0.499983 0.246403 -0.305682
v 0.518495 0.340773 -0.058363
v 0.523949 0.381255 0.042408
v 0.525309 0.433696 0.178347
v 0.518176 0.446519 0.204770
v 0.527027 0.474141 0.161355
v 0.527357 0.461647 0.129769
v 0.510281 0.520837 0.173222
v 0.518153 0.513583 0.144498
v 0.525434 0.422306 0.144925
v 0.508819 0.405882 -0.121615
v 0.497432 0.348050 -0.266939
v 0.516875 0.459676 0.012134
v 0.519249 0.396138 -0.032811
v 0.518281 0.501785 0.113862
v 0.484876 0.276702 -0.457553
v 0.095802 1.756847 0.071866
v 0.159794 1.832288 -0.130741
v 0.113112 1.913794 0.006034
v -0.166640 1.706820 -0.042522
v 0.050279 1.643107 0.128566
v -0.058487 1.719127 -0.117963
v -0.040189 1.689380 0.096059
v 0.036683 1.723454 0.110200
v 0.083501 1.855936 0.115277
v 0.110829 1.905412 0.124239
v 0.185895 1.924798 -0.390216
v 0.177581 1.924378 -0.369304
v 0.197651 1.917163 -0.407953
v 0.136623 1.918940 0.110268
v 0.173424 1.928350 -0.369835
v 0.181738 2.001601 -0.344359
v 0.201126 1.957547 -0.381585
v 0.175366 1.928500 -0.353213
v 0.177854 1.948276 -0.327230
v 0.081184 1.873791 -0.015160
v 0.077334 1.858696 0.114902
v 0.091781 1.873212 0.120252
v 0.084762 1.877505 0.118412
v 0.191994 1.930549 -0.389819
v 0.181431 1.937318 -0.346762
v 0.126265 1.833481 -0.098472
v -0.077978 1.687506 -0.142122
v 0.115940 1.836105 -0.071792
v -0.075899 1.661609 -0.129310
v -0.109837 1.732274 -0.090704
v 0.135124 1.941633 -0.073496
v 0.129638 1.897711 -0.062762
v 0.127014 1.900403 -0.057685
v 0.123402 1.905821 -0.052608
v 0.195232 1.946216 -0.112980
v 0.107558 1.842408 -0.033765
v 0.139826 1.793273 -0.125834
v 0.114611 1.799611 -0.079663
v 0.098153 1.906230 0.122262
v 0.084762 1.877505 0.118412
v 0.184907 1.931370 -0.368075
v 0.180580 1.947510 -0.330647
v -0.133792 1.640755 -0.089068
v -0.115664 1.677453 -0.046713
v -0.213637 1.609714 -0.044226
v -0.061247 1.675204 0.000242
v 0.144563 1.514646 0.154531
v -0.035112 1.632101 0.058373
v 0.081423 1.529264 0.141412
v 0.144563 1.514646 0.154531
v 0.086909 1.538941 0.172488
v 0.191381 1.595061 0.130236
v -0.006081 1.596424 0.089960
v 0.110352 1.578570 0.169422
v 0.149776 1.515157 0.177225
v 0.036581 1.555910 0.118787
v -0.010101 1.608760 0.121683
v 0.034161 1.565757 0.152452
v -0.074809 1.651898 -0.121234
v -0.133792 1.640755 -0.089068
v -0.074809 1.651898 -0.121234
v -0.080295 1.680793 -0.053835
v -0.067142 1.620958 -0.154934
v 0.105547 1.582045 -0.202263
v 0.008435 1.589371 -0.183147
v -0.075899 1.661609 -0.129310
v -0.030648 1.543439 -0.185703
v 0.125890 1.585861 -0.173402
v -0.024924 1.533284 -0.160965
v 0.031231 1.469633 -0.191734
v 0.038148 1.623786 -0.176196
v 0.118530 1.590939 -0.190303
v 0.069428 1.539588 -0.192450
v 0.077232 1.529707 -0.181614
v 0.040193 1.461898 -0.176844
v -0.055182 1.592710 -0.131797
v -0.066324 1.633974 -0.107025
v 0.035661 1.467146 -0.168325
v 0.123777 1.589609 -0.162430
v -0.042983 1.634145 -0.156842
v -0.017291 1.643856 -0.154048
v 0.072938 1.541701 -0.167098
v 0.169676 1.544154 0.143729
v 0.176082 1.550424 0.175657
v 0.194277 1.638677 0.125500
v 0.128037 1.629443 0.151771
v 0.090826 1.704519 -0.167597
v 0.069292 1.688834 -0.175583
v 0.165007 1.671661 -0.204512
v 0.120302 1.664062 -0.190780
v 0.042508 1.762353 -0.093266
v 0.062403 1.741408 -0.137180
v 0.028293 1.752588 0.024766
v 0.029252 1.768088 -0.034290
v 0.196049 1.607805 0.156848
v 0.141973 1.673365 0.131326
v 0.199048 1.654079 0.140390
v 0.191381 1.595061 0.130236
v 0.136896 1.879379 0.022288
v 0.131989 1.881321 0.001639
v 0.194277 1.638677 0.125500
v 0.031299 1.734685 0.069398
v 0.188860 1.682429 -0.209351
v 0.170800 1.777053 -0.147199
v 0.095393 1.796578 -0.020220
v 0.169437 1.756268 -0.141645
v 0.138668 1.776542 -0.122256
v 0.110625 1.927935 0.122705
v 0.110625 1.927935 0.122705
v 0.098153 1.906230 0.122262
v 0.135192 1.915191 0.123012
v 0.077334 1.858696 0.114902
v 0.201808 1.922311 -0.404744
v -0.213637 1.609714 -0.044226
v -0.205655 1.644503 -0.046952
v -0.149841 1.674114 -0.100687
v -0.106430 1.728185 0.004978
v 0.095734 1.774430 0.037144
v -0.097128 1.700897 0.001298
v 0.146880 1.674148 -0.202263
v 0.173015 2.000190 -0.326410
v -0.080295 1.680793 -0.053835
v 0.123539 1.401075 0.137221
v 0.183169 1.966959 -0.356745
v 0.161498 1.382539 -0.086731
v 0.048064 1.425234 -0.035196
v 0.165825 1.491577 -0.139225
v 0.161941 2.001808 -0.283029
v 0.178092 1.822747 0.040381
v 0.696502 1.004039 0.126658
v 0.694150 1.087454 0.106861
v 0.768399 1.049120 0.126045
v 0.783085 1.040533 0.110370
v 0.859582 0.979812 0.041301
v 0.831777 1.030788 0.121683
v 0.858560 0.954631 0.045288
v 0.845952 0.990341 0.041983
v 0.838694 0.987002 0.052342
v 0.861661 0.979233 0.065937
v 0.847486 1.029595 0.037485
v 0.833788 0.999712 0.051081
v 0.838797 1.002063 0.040075
v 0.857367 0.994089 0.041063
v 0.853074 0.942330 0.113573
v 0.836445 1.019747 0.095480
v 0.842374 0.939945 0.111359
v 0.826734 1.034740 0.080215
v 0.814331 1.031469 0.052410
v 0.833890 1.032798 0.029478
v 0.722500 1.070450 0.108769
v 0.768399 1.049120 0.126045
v 0.710029 1.083808 0.112756
v 0.806630 1.039647 0.126828
v 0.846600 0.932653 0.122739
v 0.816887 1.033820 0.032476
v 0.850416 0.943284 0.133234
v 0.823565 1.012728 0.096536
v 0.828540 0.995487 0.100284
v 0.830312 1.004584 0.126147
v 0.831096 0.974497 0.117390
v 0.835662 0.980221 0.131565
v 0.838115 0.966080 0.133882
v 0.857674 0.942705 0.123898
v 0.688835 1.002812 0.105293
v 0.681032 1.003664 0.114970
v 0.700420 1.001620 0.107542
v 0.688801 1.021008 0.098785
v 0.677795 1.024586 0.110643
v 0.703589 1.017260 0.104271
v 0.783528 0.978449 0.153781
v 0.795079 0.976473 0.149215
v 0.782369 0.981243 0.167888
v 0.808334 1.004414 0.169660
v 0.775145 1.044929 0.146796
v 0.779848 1.016067 0.141549
v 0.777463 1.025574 0.155451
v 0.805438 1.033241 0.158450
v 0.845952 0.988808 0.065426
v 0.870656 0.982981 0.054897
v 0.819681 1.030822 0.064063
v 0.686381 1.004891 0.125329
v 0.690027 0.992863 0.118105
v 0.847349 0.974258 0.064063
v 0.833242 1.017499 0.039053
v 0.845952 0.988808 0.065426
v 0.828949 1.034979 0.072377
v 0.842851 1.031060 0.109621
v 0.846600 0.932653 0.122739
v 0.841284 0.963252 0.110098
v 0.833208 0.962128 0.119809
v 0.851438 0.981720 0.106929
v 0.810958 1.040124 0.122433
v 0.843908 1.009900 0.128737
v 0.821657 0.995861 0.112108
v 0.830312 1.004584 0.126147
v 0.850246 0.983867 0.132553
v 0.854437 0.967409 0.109178
v 0.853755 1.010616 0.119094
v 0.817159 1.013273 0.108939
v 0.835662 0.980221 0.131565
v 0.836445 1.019747 0.095480
v 0.851779 0.969147 0.135177
v 0.861081 0.969488 0.123898
v 0.792115 1.037228 0.094832
v 0.800599 1.036989 0.077284
v 0.802337 1.051709 0.144138
v 0.776372 1.030413 0.134734
v 0.804007 1.035967 0.131837
v 0.805744 1.020633 0.143014
v 0.783528 0.978449 0.153781
v 0.807346 0.978858 0.155826
v 0.786220 0.958379 0.168536
v 0.851438 0.981720 0.106929
v 0.785777 0.956369 0.158688
v 0.785777 0.956369 0.158688
v 0.854437 0.967409 0.109178
v 0.839751 0.976030 0.107747
v 0.853074 0.942330 0.113573
v 0.826734 1.034740 0.080215
v 0.804007 1.035967 0.131837
v 0.788980 1.052527 0.150783
v 0.810958 1.040124 0.122433
v 0.838115 0.966080 0.133882
v 0.838524 0.942807 0.131769
v 0.858832 0.983969 0.121922
v 0.806630 1.039647 0.126828
v 0.815353 1.033718 0.076637
v 0.535904 0.498738 0.308231
v -0.543711 0.735941 0.011550
v -0.588758 0.094250 -0.033054
v -0.485274 0.595179 0.016116
v -0.539452 0.737406 0.008721
v 0.514253 0.542165 0.394306
v -0.506741 0.680434 0.017274
v 0.535615 0.544115 0.393560
v 0.570630 1.527389 -0.050734
v 0.520711 1.431334 -0.038705
v 0.542757 1.492020 -0.191461
v 0.491577 1.464692 -0.011412
v 0.498326 0.531004 0.295707
v 0.776372 1.030413 0.134734
v 0.795556 1.005811 0.174737
v -0.563032 0.548054 0.024702
v -0.497847 0.669598 0.007836
v -0.490453 0.616748 0.025793
v -0.524459 0.684250 0.020613
v -0.564701 0.557357 0.033494
v -0.546778 0.742313 0.006302
v -0.506741 0.680434 0.017274
v -0.502413 0.665611 0.024941
v -0.484285 0.610990 -0.041879
v -0.488306 0.604345 0.024430
v -0.524459 0.684250 -0.018674
v -0.760664 0.743915 -0.002762
v -0.567904 0.899192 -0.033088
v -0.563032 0.548054 -0.018674
v -0.738345 0.697369 -0.000445
v -0.562418 0.743335 0.004939
v -0.484558 0.610411 -0.018757
v -0.485274 0.595179 -0.053465
v -0.543711 0.735941 -0.048899
v -0.539452 0.737406 -0.046070
v -0.581602 0.899192 -0.004261
v -0.746148 0.716791 -0.000513
v -0.506741 0.680434 -0.054623
v -0.748738 0.632968 -0.001433
v -0.484047 0.593476 -0.018674
v -0.562180 0.740166 0.010255
v -0.484047 0.593476 -0.018674
v -0.562418 0.743335 -0.018674
v -0.546778 0.742313 -0.018674
v -0.485274 0.595179 -0.053465
v -0.564701 0.557357 -0.070843
v -0.531445 0.711476 -0.018674
v -0.398929 0.632423 -0.018674
v -0.539452 0.737406 -0.018674
v -0.400769 0.632968 -0.035797
v -0.506741 0.680434 -0.054623
v -0.567904 0.899192 -0.004261
v -0.605761 0.735941 0.011550
v -0.484285 0.610990 0.004530
v -0.400769 0.632968 -0.001552
v -0.411161 0.697369 -0.036813
v -0.499176 0.671847 -0.018674
v -0.506468 0.681183 -0.018674
v -0.407686 0.697096 -0.018674
v -0.567904 0.899192 -0.018674
v -0.497847 0.669598 0.007836
v -0.484285 0.610990 0.004530
v -0.403359 0.716791 -0.000500
v -0.489022 0.763678 -0.002517
v -0.449087 0.725412 -0.005045
v -0.581602 0.899192 -0.018674
v -0.567904 0.899192 -0.018674
v -0.506468 0.681183 -0.018674
v -0.547562 0.202539 -0.004568
v -0.536726 0.399081 -0.036155
v -0.540236 0.202539 0.002384
v -0.527287 0.168362 -0.042220
v -0.574821 0.168601 -0.065629
v -0.527287 0.168362 0.002384
v -0.574821 0.125599 -0.065629
v -0.574821 0.157152 -0.065629
v 0.510129 0.551683 0.440881
v -0.541190 0.106687 -0.019935
v -0.574821 0.122873 0.011924
v -0.574821 0.202539 0.010800
v -0.574821 0.563831 0.007904
v -0.540236 0.202539 -0.042220
v -0.574821 0.168601 0.027190
v -0.574821 0.157152 0.027190
v -0.612917 0.399081 -0.036155
v -0.547732 0.563831 -0.007123
v -0.547732 0.563831 -0.037109
v -0.574821 0.202539 -0.065629
v -0.527287 0.157356 -0.042220
v 0.542424 0.535560 0.426326
v 0.510129 0.534914 0.397082
v -0.547562 0.202539 -0.035269
v -0.574821 0.563831 -0.052136
v -0.574821 0.202539 0.027190
v 0.542424 0.533161 0.420061
v 0.490475 0.572970 0.404663
v 0.511388 0.532727 0.427411
v -0.388843 0.743915 -0.002794
v -0.536726 0.399081 -0.003682
v -0.456549 0.691133 -0.001978
v -0.574821 0.399081 -0.052374
v 0.538653 0.507669 0.227032
v 0.555061 0.578866 0.402406
v -0.527287 0.157356 0.002384
v -0.540236 0.125599 -0.042220
v -0.540236 0.125599 0.002384
v -0.574821 0.162876 0.021159
v -0.532603 0.162876 -0.042220
v -0.532603 0.162876 0.002384
v -0.574821 0.162876 -0.060177
v -0.574821 0.122873 -0.051931
v -0.555365 0.094250 -0.019935
v -0.456549 0.691133 -0.035371
v -0.574821 0.125599 0.027190
v -0.484285 0.610990 -0.041879
v -0.543064 0.122873 -0.019935
v -0.550594 0.122873 0.002384
v -0.550594 0.122873 -0.042220
v -0.550594 0.106687 0.002384
v -0.560885 0.094250 -0.006817
v -0.386867 0.744357 -0.018674
v -0.539452 0.737406 -0.018674
v -0.455765 0.691542 -0.018674
v -0.550594 0.106687 -0.042220
v -0.574821 0.106687 -0.051931
v -0.574821 0.106687 0.011924
v -0.560885 0.094250 -0.033054
v -0.499176 0.671847 -0.018674
v 0.858832 0.983969 0.121922
v 0.835355 0.940013 0.120320
v 0.838524 0.942807 0.131769
v 0.844930 1.003767 0.101579
v 0.821998 1.020668 0.121172
v 0.844930 1.003767 0.101579
v 0.821998 1.020668 0.121172
v 0.195232 1.952709 -0.169226
v 0.180886 1.983731 -0.138891
v 0.192131 2.000793 -0.164545
v 0.177990 1.961732 -0.171531
v 0.189711 2.009202 -0.165586
v 0.174719 1.988463 -0.168167
v 0.191994 1.947970 -0.173816
v 0.195232 1.949632 -0.142850
v 0.182385 1.965203 -0.167918
v 0.189238 1.953799 -0.235419
v 0.175578 1.970773 -0.233432
v 0.187837 1.957856 -0.275986
v 0.173526 2.003283 -0.268996
v 0.180511 2.037639 -0.217123
v 0.191654 2.051730 -0.194446
v 0.162452 2.010925 -0.264467
v 0.175162 2.040887 -0.217909
v 0.795352 0.958618 0.174669
v 0.796272 0.946794 0.164856
v 0.803768 0.958788 0.170750
v 0.796272 0.946794 0.164856
v 0.185316 1.954064 -0.315987
v 0.186917 2.057768 -0.195043
v 0.205624 1.949073 -0.235979
v 0.174412 1.976188 -0.272367
v 0.180137 1.961535 -0.315628
v 0.175332 1.978228 -0.294087
v 0.187093 2.017341 -0.228003
v 0.576696 1.520558 -0.170216
v 0.570000 1.516486 -0.161800
v 0.552332 1.514134 -0.024088
v 0.556557 1.517576 -0.016830
v 0.188441 2.012582 -0.190920
v 0.802644 0.955176 0.158075
v 0.795147 0.955722 0.153202
v 0.186747 2.018722 -0.238752
v 0.175775 1.967776 -0.315310
v 0.173912 1.997785 -0.230284
v 0.195232 1.946216 -0.112980
v 0.192131 1.997536 -0.137731
v 0.180886 1.987013 -0.165846
v 0.182385 1.961997 -0.141197
v 0.339980 1.283109 0.094764
v 0.250739 1.329144 -0.068365
v 0.332654 1.330336 -0.013933
v 0.250126 1.286381 -0.063458
v 0.264301 1.296910 -0.066919
v 0.333744 1.280485 -0.019147
v 0.339707 1.274489 0.033362
v 0.259326 1.261540 0.171023
v 0.842783 1.003528 0.066585
v 0.250739 1.329144 -0.068365
v 0.311398 1.270232 0.140999
v 0.231112 1.331359 0.179235
v 0.205624 1.325328 -0.075813
v 0.861252 0.995214 0.065835
v 0.852972 1.009423 0.038712
v 0.250126 1.286381 -0.063458
v 0.301391 1.269803 0.155860
v 0.228079 1.229510 0.194807
v 0.252477 1.277896 0.197192
v 0.205624 1.332926 0.179065
v 0.205624 1.313299 0.203121
v 0.205624 1.277249 0.200702
v 0.348533 1.285154 0.037655
v 0.317763 1.328053 0.153032
v 0.282667 1.260075 0.149863
v 0.305769 1.293570 -0.056186
v 0.303282 1.277010 0.162266
v 0.205624 1.280690 -0.058756
v 0.226750 1.312959 0.201860
v 0.335823 1.324748 0.096536
v 0.319672 1.281235 0.155042
v 0.306553 1.285461 -0.055572
v 0.289550 1.274965 0.150374
v 0.249751 1.382539 -0.086731
v 0.267742 1.278509 0.170512
v 0.412320 1.547255 -0.016932
v 0.263040 1.370033 -0.081060
v 0.503776 1.532126 0.008931
v 0.525277 1.545006 -0.121234
v 0.475699 1.508887 0.010294
v 0.263449 1.331222 -0.065420
v 0.345807 1.375758 -0.022827
v 0.303043 1.330030 -0.049882
v 0.457026 1.497711 -0.097382
v 0.482786 1.518837 -0.132410
v 0.505105 1.534034 -0.136772
v 0.449359 1.492191 -0.102766
v 0.449359 1.492191 -0.102766
v 0.475699 1.508887 0.010294
v 0.247979 1.350645 0.159662
v 0.205624 1.340559 0.177668
v 0.290776 1.338037 0.150204
v 0.249342 1.341411 0.174499
v 0.312686 1.380051 -0.057325
v 0.205624 1.350270 0.167805
v 0.299363 1.379063 0.156030
v 0.312448 1.371362 -0.062047
v 0.341718 1.385094 -0.018412
v 0.302362 1.348294 0.160937
v 0.323658 1.368330 0.152214
v 0.205624 1.350270 0.167805
v 0.281372 1.348089 0.142079
v 0.247979 1.350645 0.159662
v 0.347953 1.386423 0.040128
v 0.330064 1.387684 0.092944
v 0.281372 1.348089 0.142079
v 0.347953 1.386423 0.040128
v 0.350202 1.370647 0.098751
v 0.335073 1.386048 0.091834
v 0.282360 1.378893 0.137513
v 0.545040 1.640755 -0.089068
v 0.487148 1.661609 -0.129310
v 0.486057 1.651898 -0.121234
v 0.486057 1.651898 -0.121234
v 0.266686 1.514646 0.154531
v 0.446361 1.632101 0.058373
v 0.472496 1.675204 0.000242
v 0.624885 1.609714 -0.044226
v 0.329826 1.529264 0.141412
v 0.417329 1.596424 0.089960
v 0.421350 1.608760 0.121683
v 0.205624 1.633974 -0.223969
v 0.274353 1.879379 0.022288
v 0.357937 1.371907 0.039325
v 0.282360 1.378893 0.137513
v 0.330064 1.387684 0.092944
v 0.382955 1.752588 0.024766
v 0.381996 1.768088 -0.034290
v 0.205624 1.707746 -0.183386
v 0.246241 1.671661 -0.204512
v 0.441897 1.543439 -0.185703
v 0.436172 1.533284 -0.160965
v 0.491543 1.680793 -0.053835
v 0.526913 1.677453 -0.046713
v 0.545040 1.640755 -0.089068
v 0.205624 1.668935 -0.217324
v 0.222389 1.682429 -0.209351
v 0.279259 1.881321 0.001639
v 0.478391 1.620958 -0.154934
v 0.466430 1.592710 -0.131797
v 0.563066 1.388127 -0.095099
v 0.570017 1.391262 -0.091725
v 0.560169 1.399849 -0.044805
v 0.554240 1.385946 -0.068827
v 0.598265 1.446599 -0.024667
v 0.596731 1.444077 -0.031141
v 0.553900 1.395930 -0.040205
v 0.553900 1.395930 -0.040205
v 0.696527 1.312366 -0.083084
v 0.678304 1.275302 -0.088144
v 0.577150 1.282748 -0.028456
v 0.664605 1.406320 -0.004885
v 0.630709 1.274315 -0.084894
v 0.563236 1.412559 -0.024088
v 0.605897 1.437944 -0.028006
v 0.567138 1.410241 -0.129071
v 0.599628 1.503401 -0.083275
v 0.628182 1.455186 -0.073325
v 0.599389 1.429119 -0.123585
v 0.553423 1.467044 0.007363
v 0.595539 1.482309 -0.153025
v 0.575435 1.486602 -0.018908
v 0.589303 1.494099 -0.049200
v 0.609714 1.440295 -0.128730
v 0.564633 1.454402 -0.186793
v 0.558432 1.385912 -0.067158
v 0.519655 1.424723 -0.074007
v 0.522176 1.421724 -0.107195
v 0.519655 1.424723 -0.074007
v 0.508274 1.467827 -0.181239
v 0.565467 1.379829 0.007950
v 0.559318 1.410650 -0.018908
v 0.538359 1.358685 -0.017267
v 0.565519 1.369352 -0.034412
v 0.576457 1.363696 -0.082559
v 0.564769 1.363900 -0.063546
v 0.564769 1.363900 -0.063546
v 0.584124 1.382539 -0.019590
v 0.569506 1.401620 -0.021668
v 0.558602 1.377087 -0.064330
v 0.588076 1.418045 -0.018159
v 0.564769 1.363900 -0.063546
v 0.559692 1.387446 -0.036388
v 0.535562 1.341613 -0.071525
v 0.555595 1.342312 -0.099909
v 0.576457 1.363696 -0.082559
v 0.597004 1.367682 -0.100108
v 0.655802 1.384601 -0.135081
v 0.637382 1.389456 -0.106480
v 0.677317 1.419731 -0.118297
v 0.628148 1.445304 -0.098779
v 0.540883 1.489022 -0.203592
v 0.497881 1.460910 -0.147778
v 0.510864 1.468645 -0.172175
v 0.492463 1.457094 -0.154865
v 0.529230 1.497268 0.020141
v 0.584260 1.534272 -0.089681
v 0.523130 1.438898 -0.008038
v 0.537016 1.433991 -0.149686
v 0.533591 1.448745 0.008351
v 0.529571 1.496654 0.006852
v 0.492532 1.460740 -0.090226
v 0.589065 1.534375 -0.123449
v 0.489840 1.457741 -0.116600
v 0.575162 1.526708 -0.090396
v 0.503095 1.476823 0.021811
v 0.506366 1.478458 0.008351
v 0.619630 1.489771 -0.081299
v 0.628182 1.455186 -0.073325
v 0.554240 1.385946 -0.068827
v 0.605352 1.500846 -0.114862
v 0.615983 1.467521 -0.075574
v 0.583272 1.423599 -0.127981
v 0.574856 1.426052 -0.017647
v 0.574617 1.427687 -0.012196
v 0.600888 1.435900 -0.027393
v 0.600514 1.403665 -0.019249
v 0.586694 1.348730 -0.128211
v 0.564769 1.363900 -0.063546
v 0.565519 1.369352 -0.034412
v 0.665017 1.482628 -0.101411
v 0.616835 1.429051 -0.118917
v 0.620583 1.460876 -0.104810
v 0.619732 1.377734 -0.108695
v 0.597004 1.367682 -0.100108
v 0.637382 1.389456 -0.106480
v 0.619732 1.377734 -0.108695
v 0.593532 1.293670 0.005911
v 0.648303 1.426802 -0.086887
v 0.624991 1.363498 -0.140593
v 0.638200 1.461285 -0.090294
v 0.598401 1.405744 -0.132717
v 0.558602 1.377087 -0.064330
v 0.611951 1.504965 -0.050875
v 0.648303 1.426802 -0.086887
v 0.629055 1.331340 0.022315
v 0.582920 1.282288 -0.031516
v 0.574890 1.381176 -0.091146
v 0.742672 1.145074 -0.034480
v 0.622606 1.535735 -0.074898
v 0.582182 1.395487 -0.125391
v 0.699704 1.257213 -0.042726
v 0.772590 1.149265 -0.025859
v 0.677897 1.139690 0.002899
v 0.607550 1.450583 -0.011014
v 0.558432 1.385912 -0.067158
v 0.606920 1.451438 -0.032231
v 0.571448 1.412780 -0.114930
v 0.582863 1.426052 -0.152208
v 0.535562 1.341613 -0.071525
v 0.671423 1.153285 0.067709
v 0.666686 1.145074 0.039564
v 0.719161 1.158329 0.103726
v 0.704475 1.141871 -0.023985
v 0.344648 1.328394 0.035134
v 0.337220 1.287675 -0.018704
v 0.205624 1.624263 -0.227308
v 0.205624 1.724136 -0.169654
v 0.654651 1.373494 0.023129
v 0.593851 1.278017 -0.062352
v 0.584124 1.382539 -0.019590
v 0.673326 1.419402 -0.029608
v 0.577150 1.282748 -0.028456
v 0.600514 1.403665 -0.019249
v 0.588298 1.298626 0.014490
v 0.629804 1.337993 0.031356
v 0.691796 1.403276 -0.051739
v 0.658867 1.394488 -0.010008
v 0.693378 1.348838 -0.072710
v 0.650523 1.363056 0.015389
v 0.205624 1.561225 -0.248843
v 0.264369 1.674148 -0.202263
v 0.702368 1.356381 -0.073500
v 0.683738 1.391693 -0.052822
v 0.605897 1.437944 -0.028006
v 0.670249 1.299786 -0.079880
v 0.666847 1.406437 -0.032569
v 0.582920 1.282288 -0.031516
v 0.630190 1.286744 -0.078178
v 0.599203 1.282693 -0.054888
v 0.681032 1.003664 0.114970
v 0.707576 1.065339 0.056124
v 0.677795 1.024586 0.110643
v 0.113351 1.871201 -0.141372
v 0.135124 1.941633 -0.073496
v 0.116928 1.863023 -0.079867
v 0.739810 1.070996 0.113267
v 0.736335 1.059342 0.080521
v 0.129638 1.897711 -0.062762
v 0.152093 1.994977 -0.082050
v 0.183783 2.026677 -0.202081
v 0.112976 1.862035 -0.108933
v 0.170119 1.945776 -0.105346
v 0.147936 1.974192 -0.071844
v 0.107694 1.878868 -0.180421
v 0.182385 1.960228 -0.128803
v 0.192131 1.999985 -0.170450
v 0.152093 1.994977 -0.082050
v 0.315957 1.453925 -0.124335
v 0.400905 1.610906 -0.147982
v 0.287471 1.589609 -0.162430
v 0.190529 2.025787 -0.126762
v 0.164599 1.992602 -0.163805
v 0.161293 1.963248 -0.129338
v 0.535125 1.550526 -0.071553
v 0.504696 1.559794 -0.016830
v 0.464454 1.586202 0.030091
v 0.170119 1.945776 -0.105346
v 0.172470 2.015569 -0.107428
v 0.150049 1.957875 -0.088602
v 0.408640 1.587531 -0.114317
v 0.450654 1.578638 -0.116089
v 0.491543 1.680793 -0.053835
v 0.180886 1.984666 -0.156687
v 0.525652 1.579796 -0.104640
v 0.706417 1.022780 0.118685
v 0.686347 1.024995 0.125397
v 0.135567 2.043482 0.014280
v 0.176252 2.069276 -0.168325
v 0.182999 2.087881 -0.116906
v 0.154376 2.045560 -0.116600
v 0.139247 1.987089 0.142912
v 0.190223 2.090811 -0.045282
v 0.102890 1.920813 0.100693
v 0.111340 1.935977 0.092311
v 0.118768 1.987021 0.107679
v 0.124357 1.952298 0.090062
v 0.122585 1.876040 -0.065897
v 0.154035 2.058100 -0.084740
v 0.123641 1.996220 -0.064602
v 0.182079 2.036565 0.138277
v 0.125447 1.931479 0.088801
v 0.080332 1.908922 0.055851
v 0.133659 1.977105 0.099671
v 0.487148 1.661609 -0.129310
v 0.469736 1.719127 -0.117963
v 0.298137 1.913794 0.006034
v 0.624885 1.609714 -0.044226
v 0.577888 1.706820 -0.042522
v 0.624885 1.609714 -0.044226
v 0.489226 1.687506 -0.142122
v 0.521086 1.732274 -0.090704
v 0.552366 1.674625 0.017279
v 0.545040 1.640755 -0.089068
v 0.517679 1.728185 0.004978
v 0.561089 1.674114 -0.100687
v 0.270570 1.959398 -0.071898
v 0.276124 1.941633 -0.073496
v 0.281610 1.897711 -0.062762
v 0.295308 1.836105 -0.071792
v 0.426631 1.721444 0.074660
v 0.360970 1.643107 0.128566
v 0.296637 1.842578 0.012440
v 0.286756 1.842136 0.011691
v 0.298034 1.697319 0.112176
v 0.297387 1.807823 -0.080822
v 0.286756 1.842136 0.011691
v 0.317798 1.783425 0.038882
v 0.318428 1.803938 -0.019607
v 0.316435 1.765366 0.076330
v 0.289686 1.857265 -0.000781
v 0.310437 1.730371 0.125500
v 0.190529 2.025787 -0.126762
v 0.152093 1.994977 -0.082050
v 0.455016 1.657520 0.084133
v 0.172470 2.015569 -0.107428
v 0.125617 1.963236 -0.074893
v 0.140576 1.983486 -0.073308
v 0.140678 1.959398 -0.071898
v 0.088544 1.909126 -0.136124
v 0.114782 1.944291 -0.091487
v 0.109773 1.927356 -0.109001
v 0.121733 1.891748 -0.189792
v 0.107490 1.914033 -0.136874
v 0.147936 1.974192 -0.071844
v 0.159010 2.114595 -0.046781
v 0.301135 1.858662 0.000548
v 0.075255 1.870213 -0.118338
v 0.096245 1.889124 -0.179638
v 0.252783 1.733370 0.079397
v 0.087045 1.926845 -0.103958
v 0.055288 1.877709 -0.066953
v 0.055628 1.882957 -0.009606
v 0.066873 1.901118 0.048559
v 0.106297 1.966712 -0.064807
v 0.066771 1.877369 -0.119292
v 0.268935 1.764003 0.100693
v 0.286892 1.818079 0.005523
v 0.266004 1.727475 0.100318
v 0.255407 1.743831 0.089483
v 0.341956 1.688834 -0.175583
v 0.591753 1.414630 0.008772
v -0.049118 0.603936 0.165096
v -0.013345 0.618929 0.178814
v 0.616903 1.644503 -0.046952
v 0.543882 1.642186 0.012440
v 0.374566 1.723454 0.110200
v 0.373169 1.681372 0.148772
v 0.110400 0.592010 0.012220
v 0.451438 1.689380 0.096059
v 0.212201 1.711460 0.105941
v 0.299636 1.812797 0.002968
v 0.299874 1.818317 -0.067430
v 0.300828 1.879515 0.003615
v 0.097261 0.627891 -0.011520
v 0.067295 0.673210 -0.031036
v -0.037266 0.583424 0.052195
v 0.088557 0.658285 -0.024702
v 0.263721 1.721716 0.084474
v 0.289686 1.857265 -0.000781
v 0.255407 1.743831 0.089483
v 0.218845 1.704815 0.091221
v 0.260280 1.757563 0.060349
v 0.252783 1.733370 0.079397
v 0.279259 1.881321 0.001639
v -0.013345 0.618929 0.178814
v 0.303623 1.821282 -0.033083
v 0.292412 1.878732 0.004944
v 0.252783 1.733370 0.079397
v 0.275409 1.779234 0.081816
v 0.271422 1.782676 0.041404
v 0.263721 1.721716 0.084474
v 0.205624 1.699500 0.086314
v -0.084995 0.435656 0.196041
v -0.081309 0.446465 0.188918
v -0.096303 0.421477 0.030396
v -0.084995 0.435656 0.196041
v -0.108280 0.449060 0.142518
v -0.087363 0.443423 0.259738
v -0.092488 0.433074 0.205503
v -0.090126 0.447402 0.143153
v -0.079730 0.436080 0.207470
v -0.087763 0.447823 0.144617
v -0.076664 0.448922 0.191921
v -0.079961 0.440665 0.243927
v -0.069088 0.506063 0.265333
v -0.075597 0.507942 0.271888
v -0.079798 0.436470 0.198261
v -0.081104 0.442537 0.252909
v -0.109866 0.449072 0.187920
v -0.107169 0.459409 0.137756
v -0.107125 0.510820 0.270786
v -0.111144 0.437660 0.194687
v -0.108801 0.445368 0.147769
v -0.088888 0.443550 0.148465
v -0.086530 0.446636 0.148429
v -0.084627 0.444445 0.168400
v -0.112737 0.445344 0.260335
v -0.103785 0.493293 0.129419
v -0.101441 0.530365 0.159193
v -0.105806 0.431732 0.026470
v -0.095329 0.430776 0.026836
v -0.101441 0.530365 0.159193
v -0.103785 0.493293 0.129419
v -0.100923 0.537753 0.163666
v -0.099848 0.568488 0.213186
v -0.103218 0.505477 0.145033
v -0.102719 0.517351 0.161777
v -0.105460 0.526734 0.264693
v -0.099884 0.563719 0.201769
v -0.095854 0.439393 0.248917
v -0.087363 0.443423 0.259738
v -0.112701 0.441269 0.248652
v -0.074650 0.564879 0.213236
v -0.099848 0.568488 0.213186
v -0.075331 0.527990 0.160689
v -0.088253 0.474589 0.131944
v -0.013251 0.609150 0.019736
v 0.025165 0.669598 -0.051483
v 0.025201 0.643770 -0.059599
v -0.034227 0.613375 0.005613
v -0.109370 0.446704 0.167536
v -0.111144 0.437660 0.194687
v -0.111662 0.435148 0.202950
v -0.132790 0.533614 0.161067
v -0.106779 0.422434 0.030030
v -0.124822 0.489361 0.128713
v -0.135921 0.520135 0.164656
v -0.097700 0.592838 0.374905
v -0.105806 0.431732 0.026470
v -0.132625 0.561013 0.197849
v -0.132855 0.540078 0.167652
v -0.129587 0.442472 0.247738
v -0.117256 0.423390 0.029663
v -0.128909 0.568266 0.446875
v 0.175843 1.970528 0.149965
v 0.108955 1.970324 0.094969
v 0.147595 1.976355 0.127476
v 0.072359 1.876278 0.014757
v 0.066225 1.870451 -0.064091
v 0.101152 1.879890 -0.178718
v 0.113214 1.980444 0.058611
v 0.102038 1.951719 0.068288
v 0.091850 1.944461 -0.083479
v 0.136760 2.017551 -0.081571
v 0.167359 2.072650 -0.021089
v 0.085818 1.887489 0.099876
v 0.079992 1.878527 0.067914
v 0.074846 1.895905 0.054284
v 0.071780 1.881832 0.069992
v 0.078765 1.886330 0.098819
v 0.098937 1.913863 0.086314
v 0.135567 2.043482 0.014280
v 0.159010 2.114595 -0.046781
v 0.169028 1.980273 0.172011
v 0.098324 1.951378 0.075717
v 0.161498 2.014791 0.135006
v 0.181908 2.006375 0.160085
v 0.072700 1.914919 0.048662
v 0.102310 1.983885 0.065801
v 0.205624 1.042475 0.056716
v 0.205624 1.042475 0.056716
v 0.205624 1.107966 -0.079561
v 0.261370 1.121664 0.162164
v 0.205624 1.167495 -0.072541
v 0.205624 1.070825 -0.050596
v 0.256880 1.078765 0.144464
v 0.285802 1.931479 0.088801
v 0.205624 1.094984 0.167752
v 0.205624 1.944490 -0.113182
v 0.455016 1.657520 0.084133
v 0.205624 1.060944 0.126249
v 0.540537 1.509371 -0.022670
v 0.118121 2.056464 0.018506
v 0.117780 2.029068 0.055476
v 0.400772 0.606219 -0.011367
v 0.233531 1.124765 0.168229
v 0.250900 1.083501 0.152459
v 0.261739 1.108886 -0.079100
v 0.300735 1.132023 -0.062806
v 0.205624 1.156114 0.172727
v 0.233531 1.157545 0.172113
v 0.101390 1.950935 0.088972
v 0.164803 2.016120 0.132894
v 0.128241 2.015881 0.047980
v 0.095495 1.922858 0.098785
v 0.205624 1.056889 -0.003699
v 0.205624 1.060944 0.126249
v 0.225251 1.054231 0.114834
v 0.205624 1.124220 0.170682
v 0.232038 1.094337 0.163986
v 0.368705 1.167631 0.084576
v 0.388998 1.141359 0.099580
v 0.179182 2.158858 -0.076767
v 0.300726 1.191585 -0.055879
v 0.226171 2.008692 0.153304
v 0.539963 1.458934 -0.122427
v 0.205624 2.001400 0.173408
v 0.479243 1.479822 -0.099937
v 0.342938 0.599813 -0.026585
v 0.394750 0.642475 0.012614
v 0.390631 0.608707 0.013585
v 0.347935 0.729774 0.025952
v 0.401455 0.657535 0.046146
v 0.447713 0.598314 0.076933
v 0.413630 0.637329 0.036011
v 0.425951 0.608571 0.070472
v 0.423468 0.600836 0.024254
v 0.448514 0.583423 0.052195
v 0.287396 0.565603 0.036412
v 0.323769 0.609184 0.109883
v 0.298177 0.614295 0.053672
v 0.330810 0.681899 0.145702
v 0.300145 0.577870 0.082718
v 0.315708 0.590716 0.115517
v 0.299434 0.598450 0.085274
v 0.205624 2.006306 0.164276
v 0.374412 0.690860 0.028357
v 0.419212 0.612694 0.104946
v 0.402873 0.687215 0.084155
v 0.401204 0.610683 0.124826
v 0.335336 0.661454 0.021504
v 0.310483 0.666225 0.068142
v 0.291337 0.565807 0.077817
v 0.235474 2.028148 0.129486
v 0.314625 0.646632 0.037793
v 0.300881 0.623257 0.025515
v 0.311660 0.566012 0.115586
v 0.389244 0.737202 0.049649
v 0.370225 0.708136 0.033544
v 0.436360 0.598757 0.103944
v 0.424301 0.627380 0.072217
v 0.326075 0.614568 -0.001086
v 0.300849 0.592010 0.012219
v 0.373395 0.622166 -0.005597
v 0.310447 0.629663 0.058757
v 0.312336 0.652765 0.093132
v 0.342988 0.644281 -0.000561
v 0.299758 0.588194 0.046690
v 0.438316 0.607208 0.059353
v 0.414170 0.642577 0.074967
v 0.417343 0.612898 0.037047
v 0.299758 0.588194 0.046690
v 0.305641 0.603357 0.020052
v 0.322768 0.602335 -0.011859
v 0.408031 0.632218 0.109352
v 0.402729 0.696892 0.083933
v 0.316318 0.614465 0.092115
v 0.392921 0.701321 0.053621
v 0.448132 0.579267 0.105197
v 0.310483 0.666225 0.068142
v 0.315688 0.674198 0.041722
v 0.310447 0.629663 0.058757
v 0.298177 0.614295 0.053672
v 0.376824 0.645269 0.138192
v 0.311965 0.703639 0.037087
v 0.377390 0.606765 -0.025017
v 0.398318 0.687112 0.047636
v 0.312981 0.727763 0.050989
v 0.357689 0.706024 0.149756
v 0.352708 0.592283 0.142206
v 0.295628 0.711476 0.117583
v 0.319804 0.635285 0.007184
v 0.287396 0.565603 0.036412
v 0.322863 0.642407 0.117870
v 0.277487 1.140780 -0.135886
v 0.268049 1.219049 -0.081128
v 0.291969 1.186031 -0.100926
v 0.283519 1.050483 -0.192824
v 0.322086 1.047518 -0.164773
v 0.315719 1.124765 -0.144132
v 0.315719 1.124765 -0.144132
v 0.291969 1.186031 -0.100926
v 0.324497 0.699822 0.146900
v 0.400245 0.668814 0.111028
v 0.300706 0.688066 0.070328
v 0.382085 0.727150 0.134509
v 0.309515 0.739212 0.046338
v 0.341106 0.685409 0.021672
v 0.402326 0.737202 0.081532
v 0.347896 0.640669 0.139179
v 0.397462 0.730182 0.118549
v 0.214620 1.130933 -0.141270
v 0.205624 1.130864 -0.141270
v 0.268049 1.219049 -0.081128
v 0.251216 1.264028 -0.060085
v 0.253840 1.245389 -0.108524
v 0.205624 1.174855 -0.145972
v 0.214620 1.174991 -0.145938
v 0.270638 1.229749 -0.084127
v 0.413316 0.836938 -0.229335
v 0.205624 1.276260 -0.090022
v 0.205624 1.245287 -0.108592
v 0.444307 0.718453 -0.276954
v 0.237484 1.277794 -0.061550
v 0.358448 1.049392 -0.146245
v 0.413393 0.670552 0.079404
v 0.300706 0.688066 0.070328
v 0.411637 0.655423 0.110982
v 0.298364 0.718836 0.077449
v 0.298364 0.718836 0.077449
v 0.305654 0.691167 0.109854
v 0.398065 0.694779 0.114318
v 0.381162 0.715939 0.133485
v 0.353894 0.612455 0.134757
v 0.321851 0.720369 0.150758
v 0.395830 0.746606 0.119661
v 0.316946 0.585468 -0.384493
v 0.323011 1.144119 -0.101403
v 0.299120 0.609218 -0.403697
v 0.405642 0.707727 -0.320059
v 0.305633 0.719926 -0.363504
v 0.379366 0.719926 -0.348435
v 0.358819 0.842594 -0.279196
v 0.341407 0.944613 -0.221746
v 0.289345 0.950270 -0.245299
v 0.367309 0.687283 0.145719
v 0.344546 1.116417 -0.118474
v 0.304402 1.141836 -0.112503
v 0.268049 1.219049 -0.081128
v 0.233804 1.276431 -0.090022
v 0.461387 0.945704 0.084133
v 0.415012 1.066941 0.088699
v 0.486533 0.882818 0.082033
v 0.515659 0.809977 0.079601
v 0.486798 0.903614 -0.048549
v 0.386560 0.939230 -0.188224
v 0.205624 0.719960 -0.363504
v 0.336675 1.116417 -0.112681
v 0.205624 0.948566 -0.251705
v 0.304402 1.141836 -0.112503
v 0.205624 1.051437 -0.190030
v 0.291969 1.186031 -0.100926
v 0.344546 1.116417 -0.118474
v 0.436462 0.867215 -0.211130
v 0.461900 0.780090 -0.249496
v 0.444307 0.718453 -0.276954
v 0.515659 0.809977 0.079601
v 0.489424 0.909357 0.054041
v 0.323011 1.144119 -0.101403
v 0.323011 1.144119 -0.101403
v 0.205624 1.130864 -0.141270
v 0.205624 0.846854 -0.302749
v 0.214620 1.130933 -0.141270
v 0.460069 0.878904 -0.167836
v 0.498656 0.773279 -0.042931
v 0.477018 0.734809 -0.185124
v 0.521099 0.808155 -0.064023
v 0.510644 0.838760 0.053583
v 0.336913 1.042714 -0.148971
v 0.219118 0.471489 -0.453903
v 0.355722 0.939809 -0.208771
v 0.376712 0.837994 -0.260667
v 0.296399 0.845525 -0.299410
v 0.514613 0.834337 -0.060581
v 0.414501 0.942433 -0.178007
v 0.436513 0.947033 -0.142292
v 0.471104 0.970305 0.054435
v 0.462784 0.963422 -0.038160
v 0.499394 0.766448 -0.204716
v 0.205624 0.466753 -0.458571
v 0.405642 0.707727 -0.320059
v 0.205624 0.487776 -0.463982
v 0.417091 0.931358 -0.110296
v 0.280861 0.924782 -0.211531
v 0.305633 0.690247 -0.324897
v 0.487354 0.799990 -0.197425
v 0.376269 1.049086 -0.139094
v 0.358482 1.147084 -0.069134
v 0.392795 1.062375 -0.097177
v 0.387548 1.146334 0.083895
v 0.371329 1.174616 0.081237
v 0.354462 1.108580 -0.125868
v 0.360868 1.192028 0.078647
v 0.435832 0.938548 -0.017716
v 0.205624 0.466003 -0.430630
v 0.373110 1.097809 0.000769
v 0.358414 1.105820 -0.065045
v 0.380324 1.055253 -0.077005
v 0.386560 0.939230 -0.188224
v 0.336675 1.116417 -0.112681
v 0.205624 0.672767 -0.329736
v 0.486533 0.882818 0.082033
v 0.337901 1.150389 -0.059389
v 0.205624 1.167495 -0.072541
v 0.256880 1.078765 0.144464
v 0.311937 1.151514 0.142809
v 0.362537 1.203171 0.064165
v 0.420163 1.082274 0.058081
v 0.362503 1.107626 -0.134114
v 0.337731 1.053584 -0.197220
v 0.444307 0.718453 -0.276954
v 0.477018 0.734809 -0.185124
v 0.413316 0.836938 -0.229335
v 0.444857 0.840291 -0.144966
v 0.358448 1.049392 -0.146245
v 0.409526 1.081559 -0.015910
v 0.364207 1.178773 0.013565
v 0.316946 0.585468 -0.384493
v 0.355722 0.939809 -0.208771
v 0.291083 0.825489 -0.260973
v 0.342093 1.158942 -0.002825
v 0.205624 0.909755 -0.214087
v 0.300726 1.191585 -0.055879
v 0.205624 1.042714 -0.149209
v 0.233531 1.162588 0.167718
v 0.205624 1.161157 0.168331
v 0.205624 0.812984 -0.261314
v 0.325192 1.169130 0.126556
v 0.337901 1.181567 0.106690
v 0.270638 1.229749 -0.084127
v 0.364207 1.178773 0.013565
v 0.251216 1.264028 -0.060085
v 0.358482 1.147084 -0.069134
v 0.290027 1.199593 -0.113090
v 0.313606 1.143983 -0.157523
v 0.415012 1.066941 0.088699
v 0.315957 1.143438 -0.092816
v 0.461387 0.945704 0.084133
v 0.259939 1.142518 -0.093225
v 0.271286 1.042714 -0.149107
v 0.464940 0.861974 -0.029398
v 0.498656 0.773279 -0.042931
v 0.315957 1.143438 -0.092816
v 0.515659 0.809977 0.079601
v 0.336913 1.042714 -0.148971
v 0.205624 0.466003 -0.430630
v 0.351940 1.185827 0.083281
v 0.358925 1.172674 0.083895
v 0.371431 1.147834 -0.072541
v 0.354462 1.108580 -0.125868
v 0.362503 1.107626 -0.134114
v 0.337731 1.053584 -0.197220
v 0.376712 0.837994 -0.260667
v 0.300726 1.191585 -0.055879
v 0.268049 1.170289 0.169762
v 0.405642 0.707727 -0.320059
v 0.261711 1.168415 -0.072133
v 0.323011 1.144119 -0.101403
v 0.205624 1.141598 -0.093634
v 0.300726 1.191585 -0.055879
v 0.236837 1.170766 0.175623
v 0.261404 1.164087 0.164856
v 0.288528 1.122278 0.150578
v 0.299078 0.807003 0.137872
v 0.315268 0.870740 0.161306
v 0.342093 1.158942 -0.002825
v 0.425894 0.912004 0.084596
v 0.287211 0.857945 0.130562
v 0.287047 0.750559 0.077792
v 0.285088 0.851863 0.052965
v 0.330823 0.862630 0.024586
v 0.253906 1.067997 -0.048031
v 0.280366 1.035422 -0.027029
v 0.228710 1.035439 0.115007
v 0.211964 1.009934 0.060695
v 0.404952 0.846195 0.086192
v 0.407320 0.974258 0.149308
v 0.383192 1.126878 0.127349
v 0.424728 0.979301 0.112502
v 0.500698 0.325775 -0.091925
v 0.511156 0.421036 0.145480
v 0.504530 0.339526 -0.057904
v 0.501422 0.471780 0.162210
v 0.507262 0.355471 -0.018198
v 0.488315 0.390967 -0.154224
v 0.487634 0.351585 -0.138033
v 0.511609 0.432446 0.178826
v 0.490884 0.404191 -0.121078
v 0.337901 1.175911 0.146830
v 0.359028 1.216426 0.093810
v 0.282019 1.260552 -0.088727
v 0.339401 1.247399 -0.026575
v 0.296910 1.232713 0.172488
v 0.312312 1.259973 0.158552
v 0.316162 1.228420 0.146489
v 0.425481 0.906586 0.125269
v 0.335925 1.160748 0.126658
v 0.420370 0.981073 0.070476
v 0.209982 1.037057 0.058521
v 0.225251 1.054231 0.114834
v 0.361925 0.945840 0.010259
v 0.261260 1.069190 0.150963
v 0.266355 1.055935 0.148112
v 0.345464 1.001893 -0.007800
v 0.268087 0.909108 0.039003
v 0.389617 0.972452 0.032111
v 0.272576 1.056241 0.163529
v 0.298069 0.933437 0.162445
v 0.320834 0.873772 0.172281
v -0.780781 1.925753 -0.019797
v -0.555006 1.471640 -0.031354
v -0.536907 1.300435 -0.029055
v -0.870656 2.200000 -0.019797
v -0.870656 2.200000 -0.019797
v -0.691761 2.047399 -0.019797
v -0.733125 1.768763 -0.019797
v -0.649736 1.923656 -0.036141
v -0.609770 1.777891 -0.034392
v 0.296827 0.926758 0.150922
v 0.276715 0.987240 0.148249
v 0.254661 0.906041 0.078131
v 0.270033 0.848148 0.086151
v 0.234096 0.963559 0.069087
v 0.270033 0.848148 0.086151
v 0.234096 0.963559 0.069087
v 0.254661 0.906041 0.078131
v -0.579941 1.127987 -0.041443
v -0.617522 0.774922 -0.028179
v -0.733125 1.768763 -0.038613
v -0.617285 0.736706 -0.027976
v -0.528207 0.950684 -0.027481
v -0.715841 1.924549 -0.066053
v -0.529668 0.775585 -0.026979
v -0.780781 1.925753 -0.038493
v 0.410832 0.775910 0.091290
v 0.405316 0.751240 0.124083
v -0.528556 1.128025 -0.027949
v -0.691761 2.047399 -0.034814
v -0.629967 1.127715 -0.029702
v -0.591166 1.299580 -0.051765
v 0.251098 0.975280 0.116951
v 0.349868 0.823955 0.177693
v 0.281457 0.988774 0.157620
v 0.271633 0.916229 0.123164
v 0.391004 0.730694 0.140519
v 0.376560 0.765415 0.165698
v -0.624801 0.950179 -0.028919
v -0.672341 1.773346 -0.063942
v -0.573598 0.775256 -0.033031
v -0.696460 1.617677 -0.032229
v 0.377938 1.039545 0.016370
v 0.340673 0.818674 0.031431
v 0.324195 1.098357 -0.041241
v 0.332369 1.063090 -0.020150
v 0.209982 1.037057 0.058521
v 0.289190 0.734408 0.076368
v 0.358304 0.724117 0.150040
v 0.404023 0.772503 0.087980
v -0.576873 0.950489 -0.002699
v -0.529668 0.775585 -0.012569
v -0.573707 0.735596 -0.006891
v -0.533048 0.702253 -0.019755
v -0.614253 0.704350 -0.019755
v -0.528207 0.950684 -0.012114
v -0.530151 0.734527 -0.012881
v -0.614265 0.704316 -0.027822
v -0.573643 0.703256 -0.032402
v 0.287047 0.750559 0.077792
v 0.295973 0.807838 0.052369
v 0.211964 1.009934 0.060695
v 0.230002 1.023803 0.010272
v 0.371306 0.762996 0.159145
v 0.307879 0.754921 0.043856
v 0.296928 0.732670 0.120780
v 0.219829 1.048029 -0.000125
v -0.533036 0.702213 -0.026522
v -0.529668 0.775585 -0.019774
v -0.649736 1.923656 -0.019797
v -0.609770 1.777891 -0.019797
v -0.617285 0.736706 -0.019764
v -0.666981 1.468688 -0.019797
v -0.617522 0.774922 -0.019774
v -0.624801 0.950179 -0.019797
v 0.395547 0.835336 0.058762
v 0.289014 0.753081 0.123347
v -0.578621 1.623348 -0.019797
v -0.573598 0.775256 -0.006516
v -0.555006 1.471640 -0.019797
v -0.536907 1.300435 -0.019797
v 0.378200 0.829578 0.041819
v 0.397105 0.785417 0.068787
v 0.388301 0.774445 0.045044
v 0.289190 0.734408 0.076368
v 0.321784 0.756318 0.162118
v 0.357978 0.760509 0.160869
v -0.530156 0.734539 -0.019763
v -0.644454 1.299231 -0.019797
v -0.870656 2.200000 -0.037467
v -0.696460 1.617677 -0.019797
v -0.578621 1.623348 -0.030033
v 0.345999 0.757238 0.030909
v 0.282290 0.806509 0.084867
v 0.365348 1.092326 0.003870
v 0.343061 0.820787 0.166919
v 0.282290 0.806509 0.084867
v 0.321375 1.150389 -0.156399
v 0.337901 1.181567 0.106690
v 0.299261 1.150560 0.151124
v -0.624801 0.950179 -0.010676
v -0.617522 0.774922 -0.011368
v -0.578621 1.623348 -0.009562
v 0.366320 1.139519 -0.134796
v 0.347340 1.089737 -0.193506
v 0.351940 1.185827 0.083281
v 0.280213 1.152570 0.188810
v -0.629967 1.127715 -0.009893
v -0.644454 1.299231 -0.009253
v -0.617285 0.736706 -0.011552
v -0.609770 1.777891 -0.005203
v 0.409875 1.047280 0.057485
v 0.279532 1.162758 0.190480
v 0.393711 0.908392 0.044725
v 0.286108 1.249921 0.162198
v 0.402115 1.082077 0.053743
v 0.371178 0.884165 0.029879
v 0.312243 1.158295 0.175793
v 0.346113 1.175434 0.107508
v 0.351940 1.185827 0.083281
v 0.310029 1.177683 0.180905
v -0.666981 1.468688 -0.006740
v -0.636997 1.621289 0.019568
v -0.780781 1.925753 -0.001102
v -0.733125 1.768763 -0.000982
v -0.672341 1.773346 0.024347
v -0.715841 1.924549 0.026458
v 0.284916 1.229953 0.159608
v 0.289822 1.148311 0.186016
v -0.591166 1.299580 0.012170
v -0.579941 1.127987 0.001848
v -0.870656 2.200000 -0.002128
v 0.261132 1.157647 0.166287
v 0.261847 1.149231 0.165946
v 0.325192 1.169130 0.126556
v 0.279839 1.143881 0.161959
v 0.322432 1.141087 0.148466
v -0.696460 1.617677 -0.007366
v -0.528207 0.950684 -0.019797
v -0.610469 1.469232 0.015607
v 0.336573 1.238370 0.094935
v 0.314117 1.280997 -0.058332
v 0.340627 1.262971 0.093231
v 0.388998 1.141359 0.099580
v 0.368569 1.205897 0.018097
v 0.364207 1.178773 0.013565
v 0.371431 1.147834 -0.072541
v 0.480732 0.244646 -0.305009
v 0.501822 0.512079 0.145047
v 0.501638 0.500227 0.114379
v 0.499867 0.458069 0.012635
v 0.498652 0.312234 -0.126066
v 0.494816 0.378579 -0.070773
v 0.491362 0.293991 -0.170985
v 0.494927 0.417842 -0.087442
v 0.473207 0.275637 -0.457145
v 0.337016 1.197037 0.151089
v 0.334664 1.202319 -0.089545
v 0.274591 1.282223 -0.073904
v 0.318343 1.254317 -0.064568
v 0.343592 1.267026 0.030602
v 0.341445 1.242152 0.035134
v 0.338685 1.275170 -0.021191
v 0.500491 0.394415 -0.032174
v 0.481638 0.334191 -0.181388
v 0.479716 0.373387 -0.197076
v 0.504348 0.418962 0.028522
v 0.509568 0.380016 0.043037
v -0.533036 0.702213 -0.012988
v -0.573643 0.703256 -0.007109
v 0.491742 0.365087 -0.104437
v 0.353576 1.189609 0.106929
v 0.351259 1.215983 -0.042386
v 0.497288 0.433613 -0.048181
v 0.484715 0.270374 -0.229724
v 0.475180 0.309834 -0.242836
v 0.473465 0.345862 -0.266101
v 0.296535 1.259393 0.168979
v 0.302396 1.208622 -0.121336
v 0.312652 1.232509 0.163561
v 0.373407 1.179182 -0.068589
v 0.360868 1.192028 0.078647
v 0.362537 1.203171 0.064165
v -0.614265 0.704316 -0.011689
v -0.536907 1.300435 -0.010540
v -0.691761 2.047399 -0.004781
v 0.317277 0.920693 0.008920
v 0.249691 0.966455 0.023632
v 0.351361 1.158090 0.109144
v 0.386419 1.040226 0.015644
v 0.365529 0.954563 0.176195
v 0.409689 1.060160 0.099902
v 0.383949 0.895750 0.174793
v 0.380211 0.844332 0.165268
v 0.392998 0.801591 0.141665
v 0.511442 0.445869 0.204984
v 0.511560 0.339990 -0.058533
v 0.495343 0.271008 -0.231049
v 0.514167 0.355972 -0.018714
v 0.500820 0.294484 -0.172196
v 0.516774 0.380624 0.042658
v 0.368918 1.104014 0.157334
v 0.360970 1.155432 0.114936
v 0.299433 0.978041 -0.010185
v 0.403598 0.787564 0.069262
v 0.403452 0.909448 0.046626
v 0.311243 1.094541 0.163942
v 0.403645 0.837654 0.060618
v 0.373110 1.097809 0.000769
v 0.329690 1.129399 0.144547
v 0.305875 1.098664 0.156077
v 0.479041 0.276170 -0.457349
v 0.499791 0.404778 -0.121984
v 0.491609 0.373887 -0.199011
v 0.502811 0.418393 -0.088172
v 0.508371 0.458741 0.012066
v 0.496361 0.391454 -0.155154
v 0.358925 1.172674 0.083895
v 0.339983 1.125753 0.151746
v 0.518294 0.421730 0.145302
v 0.518459 0.433081 0.178597
v 0.509988 0.512832 0.144785
v 0.509961 0.500972 0.114094
v 0.336470 1.062273 0.179304
v 0.368705 1.167631 0.084576
v 0.349661 1.010309 0.178579
v 0.501643 0.482467 0.189361
v 0.508696 0.326249 -0.092721
v 0.399320 0.979165 0.030711
v 0.485289 0.346131 -0.268601
v -0.666981 1.468688 -0.032855
v 0.479041 0.276170 -0.457349
v 0.393113 1.047348 0.148271
v 0.505411 0.312485 -0.127095
v 0.502251 0.520127 0.173529
v -0.576873 0.950489 -0.036896
v -0.610469 1.469232 -0.055202
v 0.299599 1.112737 0.158055
v -0.649736 1.923656 -0.003454
v -0.528556 1.128025 -0.019797
v 0.490357 0.245525 -0.305345
v 0.501098 0.459225 0.130644
v -0.555006 1.471640 -0.008241
v -0.636997 1.621289 -0.059163
v -0.644454 1.299231 -0.030342
v -0.629967 1.127715 -0.019797
v -0.528556 1.128025 -0.011646
v 0.505576 0.434241 -0.048813
v 0.454648 0.582095 0.076941
v 0.377349 0.665543 0.025592
v 0.346518 0.616578 -0.005421
v 0.372560 0.648472 0.000058
v 0.205624 2.071764 0.114187
v 0.565979 1.479481 -0.130400
v 0.090078 1.915839 0.085496
v 0.062954 1.879856 0.016972
v 0.149401 2.125227 -0.046134
v 0.388998 1.141359 0.099580
v 0.288528 1.122278 0.150578
v 0.311937 1.151514 0.142809
v 0.068543 1.874540 -0.013797
v 0.381535 0.629152 0.134194
v 0.261711 1.168415 -0.072133
v 0.842783 1.003528 0.066585
v 0.852972 1.009423 0.038712
v 0.848065 0.953541 0.059940
v 0.857367 0.994089 0.041063
v 0.828642 1.013750 0.050536
v 0.335733 0.018469 0.243856
v 0.427827 0.246393 0.208001
v 0.509759 0.006168 0.346918
v 0.453993 0.235148 0.207434
v 0.404170 0.234296 0.206449
v 0.479243 1.479822 -0.099937
v 0.562490 1.519702 -0.075533
v 0.528514 1.495939 -0.128390
v 0.528514 1.495939 -0.128390
v 0.513930 0.033291 0.044890
v 0.357634 0.130914 0.221696
v 0.532480 0.022523 0.129191
v 0.359969 0.015913 0.329280
v 0.555058 1.512635 -0.105423
v 0.515902 0.251708 0.020001
v 0.292392 0.337406 0.008997
v 0.514612 1.455799 -0.070940
v 0.555058 1.512635 -0.105423
v 0.289888 0.342790 0.046941
v 0.308453 0.352330 0.123207
v 0.497709 0.360031 0.025602
v 0.428402 0.223052 -0.082406
v 0.377734 0.332465 0.202375
v 0.311158 0.180390 -0.040789
v 0.449947 0.376660 0.175685
v 0.438596 0.164580 0.320130
v 0.389606 0.022626 0.093489
v 0.344703 0.358191 0.180022
v 0.489774 0.298288 -0.018672
v 0.437485 0.016731 0.456915
v 0.390438 0.034109 0.048629
v 0.358535 0.034109 0.054422
v 0.410085 0.015607 0.439446
v 0.519146 0.007190 0.132336
v 0.465303 0.014721 0.437468
v 0.366281 0.025692 0.090790
v 0.514267 0.139501 0.227265
v 0.286670 0.125156 0.009719
v 0.291828 0.153437 -0.014268
v 0.397242 0.420173 0.187638
v 0.495644 0.368720 0.124283
v 0.475851 0.475578 0.109318
v 0.312658 0.277435 -0.038630
v 0.424971 0.254741 -0.077631
v 0.459450 0.265917 -0.056415
v 0.522508 0.252356 0.075925
v 0.501015 0.364870 0.065499
v 0.286089 0.425045 0.047507
v 0.475409 0.529279 0.076784
v 0.302673 0.247858 -0.011864
v 0.465303 0.014721 0.437468
v 0.390646 0.248880 -0.086650
v 0.294264 0.248948 0.046296
v 0.465994 0.518376 0.119127
v 0.464050 0.530608 0.111868
v 0.390646 0.248880 -0.086650
v 0.496859 1.468100 -0.022656
v 0.524493 1.452664 -0.104537
v 0.834708 1.035149 0.017211
v 0.404170 0.234296 0.206449
v 0.376345 0.029032 0.171233
v 0.582182 1.502175 -0.104265
v 0.514612 1.455799 -0.070940
v 0.565979 1.479481 -0.130400
v 0.427827 0.246393 0.208001
v 0.381697 0.164955 0.250881
v 0.506678 0.017276 0.077137
v 0.366281 0.025692 0.090790
v 0.461726 0.174325 0.287835
v 0.531002 0.072170 0.047421
v 0.524468 0.028214 0.070395
v 0.534008 0.043445 0.125556
v 0.393832 0.228265 -0.090047
v 0.393832 0.228265 -0.090047
v 0.507871 0.188500 -0.028140
v 0.341975 0.211875 -0.075070
v 0.376345 0.029032 0.171233
v 0.537230 0.000000 0.262804
v 0.302826 0.444911 0.117695
v 0.519146 0.007190 0.132336
v 0.389606 0.022626 0.093489
v 0.530398 0.100588 0.182749
v 0.491408 0.161582 0.263431
v 0.506678 0.017276 0.077137
v 0.406115 0.174325 0.280811
v 0.338901 0.079598 0.037536
v 0.549116 0.158140 0.045996
v 0.522523 0.065253 0.307820
v 0.358535 0.034109 0.054422
v 0.476814 0.103110 0.345484
v 0.436293 0.034075 0.463982
v 0.472463 0.208025 -0.057536
v 0.415992 0.352399 0.198136
v 0.336605 0.017003 0.004090
v 0.506367 0.031485 -0.047286
v 0.553487 0.018366 0.265080
v 0.470054 0.030599 0.435790
v 0.546618 0.144646 0.016348
v 0.354701 0.072409 0.299210
v 0.346465 0.029986 0.335007
v 0.398220 0.106006 0.343458
v 0.348772 0.020070 -0.035459
v 0.370055 0.028452 -0.074676
v 0.324962 0.027532 0.243426
v 0.538306 0.195349 0.095990
v 0.295467 0.165636 0.088825
v 0.525946 0.231741 0.144197
v 0.294513 0.195145 0.136209
v 0.437861 0.122192 0.366865
v 0.286854 0.132379 0.038944
v 0.380609 0.213784 0.197125
v 0.379794 0.180595 0.236397
v 0.364574 0.050430 0.162467
v 0.390586 0.157629 -0.068769
v 0.394219 0.145532 -0.094502
v 0.304858 0.201244 0.130391
v 0.342260 0.293177 0.190578
v 0.402230 0.236068 0.214953
v 0.487771 0.180118 0.237088
v 0.524997 0.170407 -0.028602
v 0.477937 0.203936 -0.074182
v 0.281292 0.129449 0.037431
v 0.435056 0.217429 -0.094414
v 0.283104 0.156129 0.089395
v 0.457511 0.337951 0.210858
v 0.532548 0.227890 0.147276
v 0.491034 0.302650 0.202253
v 0.544004 0.194395 0.100889
v 0.281780 0.121884 0.003886
v 0.339625 0.148803 0.135176
v 0.481740 0.169725 0.235642
v 0.480903 0.159162 0.252332
v 0.411439 0.181174 0.252109
v 0.502473 0.135515 0.223351
v 0.497444 0.149792 0.209238
v 0.512048 0.089923 -0.045990
v 0.394102 0.222881 -0.100575
v 0.509702 0.064639 0.013169
v 0.489655 0.101610 -0.028415
v 0.394102 0.222881 -0.100575
v 0.523563 0.027771 -0.004848
v 0.335261 0.212897 -0.090372
v 0.487226 0.297607 0.187999
v 0.515018 0.258251 0.178926
v 0.450073 0.335021 0.194132
v 0.437546 0.190920 0.285360
v 0.526790 0.116842 0.159803
v 0.357648 0.148701 0.209222
v 0.535967 0.060585 0.101188
v 0.342738 0.109890 0.181741
v 0.522358 0.136298 0.130971
v 0.320213 0.240532 0.173387
v 0.404197 0.195520 0.259649
v 0.371179 0.054622 0.132134
v 0.505913 0.157458 0.209037
v 0.455629 0.234262 0.216964
v 0.531741 0.095783 0.077122
v 0.429007 0.249937 0.222285
v 0.528050 0.020615 0.348399
v 0.403761 0.034586 0.434997
v 0.523563 0.027771 -0.004848
v 0.356271 0.017003 0.008576
v 0.486940 0.023580 0.014897
v 0.401496 0.038947 -0.092388
v 0.287753 0.151495 -0.023830
v 0.302657 0.183866 -0.055765
v 0.426592 0.154834 -0.074011
v 0.433782 0.148837 -0.090056
v 0.506367 0.031485 -0.047286
v 0.463583 0.192317 0.263759
v 0.390438 0.034109 0.048629
v 0.348095 0.079598 0.032469
v 0.486940 0.023580 0.014897
v 0.390438 0.034109 0.048629
v 0.348343 0.055916 0.004111
v 0.356271 0.017003 0.008576
v 0.338901 0.079598 0.037536
v 0.348095 0.079598 0.032469
v 0.331818 0.108561 0.077930
v 0.351183 0.050021 0.124497
v 0.482000 0.212625 0.195894
v 0.330950 0.029032 0.164932
v 0.336135 0.045967 0.155071
v 0.353417 0.132345 -0.065015
v 0.336605 0.017003 0.004090
v 0.329872 0.055916 -0.000102
v 0.499305 0.187512 0.175341
v 0.348772 0.020070 -0.035459
v 0.477392 0.037482 -0.073782
v 0.432829 0.039526 -0.094152
v 0.327630 0.080722 -0.041295
v 0.479011 0.128529 -0.072608
v 0.471821 0.134560 -0.056564
v 0.344956 0.096704 0.190250
v 0.351085 0.120283 -0.080226
v 0.389948 0.169759 0.235393
v 0.496980 0.019184 0.046266
v 0.523563 0.027771 -0.004848
v 0.477392 0.037482 -0.073782
v 0.496980 0.019184 0.046266
v -0.107750 0.620625 0.426828
v -0.123187 0.618808 0.415181
v -0.093159 0.606941 0.421503
v -0.107932 0.615356 0.418281
v -0.067982 0.555112 0.200108
v -0.109576 0.607660 0.445225
v -0.086151 0.485382 0.128611
v -0.069842 0.514103 0.166965
v -0.074650 0.564879 0.213236
v -0.084372 0.475225 0.134179
v -0.080125 0.561950 0.201993
v -0.093159 0.610469 0.430717
v -0.091408 0.614945 0.392329
v -0.123187 0.602039 0.371382
v -0.075331 0.527990 0.160689
v -0.124195 0.609774 0.420419
v -0.092151 0.615975 0.416265
v -0.069451 0.534290 0.169868
v -0.083807 0.485617 0.130147
v -0.074163 0.514745 0.162776
v -0.090891 0.621088 0.393580
v -0.122444 0.617778 0.391244
v -0.100538 0.604197 0.441236
v -0.109129 0.610161 0.438952
v -0.118443 0.605272 0.446139
v -0.067660 0.519710 0.260108
v -0.070228 0.527903 0.163254
v -0.101781 0.603203 0.446821
v -0.093451 0.529971 0.218436
v -0.092151 0.599206 0.372467
v -0.112737 0.445344 0.260335
v -0.094648 0.567492 0.281907
v -0.121927 0.623921 0.392495
v -0.114316 0.531876 0.217706
v -0.122853 0.594865 0.449924
v -0.103249 0.578290 0.451155
v -0.124038 0.593265 0.445421
v -0.111022 0.595627 0.455148
v -0.119063 0.594788 0.374158
v -0.121927 0.621523 0.386230
v -0.124195 0.613302 0.429632
v -0.118794 0.605864 0.440598
v -0.083872 0.491475 0.130115
v -0.082121 0.488756 0.132302
v -0.068820 0.559898 0.207975
v -0.078687 0.537221 0.165628
v -0.073931 0.523856 0.265795
v -0.086159 0.458155 0.140714
v -0.081327 0.447301 0.168719
v -0.075730 0.500777 0.148245
v -0.078476 0.503218 0.145898
v 0.771056 1.042134 0.067777
v 0.785095 1.040703 0.036429
v 0.789320 1.042203 0.021913
v 0.793375 1.048438 0.001979
v 0.764650 1.059615 0.022220
v 0.778144 1.062852 -0.002791
v 0.854335 1.009184 -0.006846
v 0.834674 1.015079 0.008454
v 0.826121 1.031231 -0.010764
v 0.823054 1.027210 0.000446
v 0.833890 1.032798 0.029478
v 0.843363 0.978654 -0.010696
v 0.847588 1.018385 0.007022
v 0.807210 1.052834 -0.007698
v 0.849121 1.005777 0.005421
v 0.834708 1.035149 0.017211
v 0.813990 1.036683 0.003240
v 0.836718 1.000461 0.004535
v 0.832016 1.036546 0.024196
v 0.827620 1.032321 0.014928
v 0.838524 1.027312 0.012236
v 0.847588 1.018385 0.007022
v 0.831300 1.002710 -0.006641
v 0.848508 1.037296 -0.003029
v 0.818522 1.041657 -0.009435
v 0.840296 1.023189 -0.016421
v 0.818522 1.041657 -0.009435
v 0.826121 1.031231 -0.010764
v 0.844589 1.032082 0.010430
v 0.829051 1.018657 -0.013184
v 0.829051 1.018657 -0.013184
v 0.835832 1.035013 -0.013865
v 0.834708 1.006697 -0.014683
v 0.836718 0.985094 -0.015024
v 0.851745 1.020633 -0.005108
v 0.826291 1.015352 -0.002859
v 0.830993 1.027312 0.011895
v 0.816580 1.037705 0.021470
v 0.804995 1.043055 0.005762
v 0.849121 1.005777 0.005421
v 0.838524 1.027312 0.012236
v 0.844691 0.986184 -0.017682
v 0.833549 0.985060 -0.008822
v 0.839478 0.982743 -0.000304
v 0.844453 1.008026 -0.017750
v 0.834708 1.006697 -0.014683
v 0.059098 0.679752 -0.061914
v 0.010000 0.645303 -0.012095
v 0.033290 0.665952 -0.027508
v -0.006650 0.628163 -0.038353
v 0.067295 0.673210 -0.031036
v -0.006442 0.647484 -0.028860
v -0.035904 0.595077 -0.006796
v 0.119866 0.566284 -0.017375
v 0.123852 0.565603 0.036412
v 0.119912 0.565807 0.077818
v 0.124910 0.589012 -0.003533
v 0.093515 0.660057 -0.052605
v -0.104305 0.487039 0.127977
v -0.105416 0.476155 0.131344
v -0.087056 0.474010 0.045973
v 0.144109 0.518818 0.075268
v 0.127607 0.348480 -0.003204
v 0.108697 0.497079 0.144788
v -0.090005 0.457843 0.138356
v 0.758756 1.049631 0.094867
v 0.755996 1.062273 0.120320
v 0.832016 1.036546 0.024196
v 0.747681 1.057536 0.053568
v -0.085646 0.312838 -0.028896
v 0.109752 0.283807 -0.051136
v 0.115726 0.511901 0.145422
v 0.066640 0.365892 0.187480
v -0.056642 0.284215 -0.066757
v -0.060278 0.540694 0.123220
v -0.041842 0.382418 0.181365
v -0.097617 0.369265 0.011476
v -0.069580 0.473056 0.126566
v -0.017246 0.268166 -0.094303
v -0.059850 0.523044 0.127701
v -0.075089 0.539433 0.074838
v 0.076020 0.259886 -0.085941
v 0.024326 0.259546 -0.097600
v 0.125378 0.377988 -0.027685
v 0.151862 0.563831 0.048581
v 0.128863 0.562400 0.122574
v 0.151035 0.539229 0.029023
v 0.138459 0.446035 0.005609
v 0.755996 1.062273 0.120320
v 0.851336 0.982334 -0.011207
v 0.836718 0.985094 -0.015024
v -0.077797 0.555857 0.027575
v -0.073425 0.578142 0.042759
v 0.138544 0.437448 0.043825
v 0.024326 0.259546 -0.097600
v -0.082961 0.411995 -0.010076
v -0.070039 0.358021 -0.042906
v -0.078949 0.499191 0.013333
v 0.684201 1.050551 0.124988
v 0.712993 1.062511 0.111836
v 0.686143 1.081354 0.086961
v 0.694116 1.052766 0.084644
v 0.697251 1.050312 0.126317
v 0.722500 1.070450 0.108769
v 0.711494 1.053515 0.094219
v 0.723693 1.059513 0.085155
v 0.698716 1.062000 0.073263
v 0.681236 1.060978 0.099671
v 0.676227 1.046564 0.108973
v 0.689448 1.036751 0.093129
v 0.706417 1.022780 0.118685
v 0.692617 1.071916 0.113778
v 0.712993 1.062511 0.111836
v 0.681236 1.060978 0.099671
v 0.707508 1.045508 0.118344
v 0.704339 1.069156 0.118174
v 0.106196 0.333896 -0.058608
v -0.127057 0.195349 0.095990
v 0.069273 0.211875 -0.075070
v -0.096623 0.188500 -0.028140
v 0.017416 0.228265 -0.090047
v -0.111259 0.252356 0.075925
v 0.839614 1.045883 0.015950
v 0.841761 1.051744 -0.000440
v 0.821316 1.063567 -0.009947
v 0.124578 0.125156 0.009719
v 0.119421 0.153438 -0.014268
v 0.848712 0.982061 -0.002041
v 0.100090 0.180390 -0.040789
v 0.843363 0.978654 -0.010696
v 0.707508 1.045508 0.118344
v 0.706690 1.037637 0.101034
v 0.676227 1.046564 0.108973
v -0.040271 0.569521 0.153012
v 0.698784 1.024314 0.128157
v -0.061214 0.208025 -0.057536
v -0.135369 0.144646 0.016348
v -0.137868 0.158140 0.045996
v -0.114698 0.231741 0.144197
v -0.064603 0.475578 0.109318
v 0.017416 0.228265 -0.090047
v 0.831028 1.047689 -0.011173
v -0.117244 0.569554 0.281117
v -0.120671 0.583990 0.454288
v -0.112467 0.580043 0.455799
v -0.133190 0.591390 0.438022
v -0.088758 0.583806 0.430361
v 0.370055 0.028452 -0.074676
v 0.432829 0.039526 -0.094152
v 0.401496 0.038947 -0.092388
v 0.356533 0.189352 0.162939
v 0.388950 0.161104 0.247433
v 0.518469 0.261420 0.193064
v 0.554992 0.149212 0.048734
v 0.409384 0.170475 0.270618
v 0.522012 0.055882 0.103072
v 0.293460 0.086174 -0.048391
v 0.553032 0.135071 0.014735
v 0.312225 0.238931 0.185579
v 0.337977 0.291133 0.202917
v 0.415606 0.358089 0.209022
v 0.327630 0.080722 -0.041295
v 0.376275 0.334101 0.210151
v -0.088758 0.587334 0.439574
v -0.097872 0.561905 0.438746
v -0.114294 0.558107 0.450765
v -0.128909 0.564738 0.437662
v -0.097934 0.590882 0.446334
v -0.090891 0.618689 0.387314
v -0.103903 0.582933 0.454581
v -0.112915 0.573993 0.452800
v -0.099523 0.592802 0.450914
v -0.121506 0.579957 0.450517
v -0.097872 0.565433 0.447960
v -0.114111 0.556321 0.440884
v -0.139616 0.579730 0.405812
v 0.807210 1.052834 -0.007698
v 0.848712 0.982061 -0.002041
v 0.333676 1.270911 0.091732
v 0.582182 1.529127 -0.120246
v 0.704168 1.004244 0.119162
v 0.110471 2.024758 0.048491
v 0.686143 1.081354 0.086961
v 0.343158 0.251640 -0.071061
v 0.807346 0.978858 0.155826
v 0.802644 0.955176 0.158075
v 0.806664 0.982436 0.169251
v 0.859582 1.011774 0.068254
v 0.844760 0.954768 0.052273
v 0.866567 1.016102 0.054352
v 0.847349 0.974258 0.064063
v 0.836241 1.022167 0.067062
v 0.859582 0.979812 0.041301
v 0.806324 1.111101 0.009851
v 0.754530 1.110760 0.109314
v 0.744478 1.090588 0.117526
v 0.784891 1.084803 -0.015460
v 0.848065 0.953541 0.059940
v 0.808573 1.000223 0.152793
v 0.795556 0.981823 0.175896
v 0.837093 1.059240 0.020346
v 0.853517 1.039954 0.051967
v 0.764071 1.068406 0.131326
v 0.813820 1.157749 0.059259
v 0.803734 1.090997 -0.011684
v 0.784891 1.084803 -0.015460
v 0.809220 1.082513 0.104441
v 0.821793 1.131239 0.093708
v 0.828200 1.133863 0.071696
v 0.845509 1.034740 0.066755
v 0.690027 0.992863 0.118105
v 0.704168 1.004244 0.119162
v 0.805744 1.020633 0.143014
v 0.792387 1.014330 0.135143
v 0.779848 1.016067 0.141549
v 0.782267 0.992352 0.149522
v 0.780972 0.999780 0.166389
v 0.793034 1.027142 0.126897
v 0.794057 1.035967 0.164583
v 0.841114 0.974462 0.052273
v 0.853346 0.946215 0.053193
v 0.834605 1.068576 0.002797
v 0.739810 1.070996 0.113267
v 0.847758 0.977393 0.041881
v 0.858560 0.954631 0.045288
v 0.862478 0.952859 0.052750
v 0.853346 0.946215 0.053193
v 0.718718 1.097438 0.113267
v 0.818727 1.098051 0.035270
v 0.860195 0.953541 0.062019
v 0.721137 1.120813 0.000344
v 0.693605 1.123232 0.050127
v 0.734290 1.083058 0.008863
v 0.757836 1.120949 -0.017239
v 0.716231 1.081559 0.035304
v 0.704100 1.121494 0.025832
v 0.731019 1.123266 0.107202
v 0.692753 1.128581 0.078034
v 0.693605 1.123232 0.050127
v 0.758279 1.080571 -0.010185
v 0.790956 1.117575 -0.005858
v 0.842886 1.062681 0.053023
v 0.757836 1.120949 -0.017239
v 0.836105 1.057400 0.070163
v 0.823906 1.077538 0.076057
v 0.773544 1.104559 0.115107
v 0.808573 1.000223 0.152793
v 0.782267 0.992352 0.149522
v 0.793103 0.992011 0.143559
v -0.295169 1.022780 0.118685
v 0.831880 1.115258 0.071151
v -0.292920 1.004244 0.119162
v 0.806085 1.135805 0.106179
v 0.779848 1.081422 0.131394
v 0.810515 1.115224 0.107542
v 0.791706 1.181738 0.066925
v 0.794636 1.093860 0.113096
v 0.832629 1.064590 0.098921
v 0.824622 1.086534 0.059395
v 0.824553 1.110795 0.094560
v 0.704100 1.121494 0.025832
v 0.685495 1.125140 0.011146
v 0.784891 1.146539 0.110098
v 0.819715 1.079991 0.093367
v 0.798589 1.078356 0.128907
v -0.531445 0.711476 0.015366
v -0.594278 0.094250 -0.019935
v -0.588758 0.094250 -0.006817
v -0.586270 0.086106 -0.007668
v -0.589678 0.086106 -0.019935
v 0.513309 0.496676 0.309020
v 0.485069 1.455424 -0.087977
v 0.484320 1.453414 -0.119258
v 0.494712 1.463738 -0.054857
v 0.485069 1.455424 -0.087977
v -0.585725 0.086277 -0.031691
v -0.485274 0.595179 0.016116
v -0.526742 0.679207 0.026781
v -0.507388 0.677197 0.024362
v -0.700386 0.725412 -0.001092
v -0.660451 0.763678 -0.002421
v -0.651659 0.669598 0.011788
v -0.665221 0.610990 0.008483
v -0.618028 0.711476 0.015366
v -0.665221 0.610990 0.008483
v -0.692958 0.691133 0.001975
v -0.614143 0.709670 0.019523
v -0.664199 0.595179 0.016116
v -0.586475 0.548054 0.024702
v -0.642766 0.680434 0.017274
v -0.664199 0.595179 0.016116
v -0.524459 0.684250 -0.057962
v -0.651659 0.669598 0.011788
v -0.659053 0.616748 0.025793
v -0.584805 0.557357 0.033494
v -0.450927 0.725651 -0.018674
v -0.386867 0.744357 -0.018674
v -0.497847 0.669598 -0.045184
v -0.546914 0.740234 -0.046888
v -0.661200 0.604345 0.024430
v -0.610054 0.737406 0.008721
v -0.490453 0.616748 -0.063142
v -0.625047 0.684250 0.020613
v -0.602592 0.740234 0.009539
v -0.622764 0.679207 0.026781
v -0.490112 0.765450 -0.018674
v -0.388843 0.743915 -0.034555
v -0.497847 0.669598 -0.045184
v -0.484558 0.610411 -0.018592
v -0.411161 0.697369 -0.000536
v -0.587327 0.740166 0.010255
v -0.602728 0.742313 0.006302
v -0.490112 0.765450 -0.018674
v -0.642084 0.677197 0.024362
v -0.647093 0.665611 0.024941
v 0.555061 0.571469 0.383087
v -0.574821 0.399081 0.012538
v -0.617040 0.162876 0.002384
v -0.617040 0.162876 -0.042220
v -0.622355 0.168362 0.002384
v -0.622355 0.157356 -0.042220
v -0.609407 0.202539 0.002384
v -0.609407 0.125599 -0.042220
v -0.612917 0.399081 -0.003682
v -0.574821 0.086413 -0.002932
v -0.563372 0.086106 -0.007668
v 0.511388 0.530328 0.421145
v -0.599048 0.106687 -0.042220
v -0.606579 0.122873 -0.019935
v -0.599048 0.122873 0.002384
v 0.509970 0.479615 0.237716
v 0.490475 0.565573 0.385344
v -0.608453 0.106687 -0.019935
v -0.599048 0.106687 0.002384
v 0.500908 0.566526 0.384979
v 0.530835 0.481519 0.236986
v -0.574821 0.202539 -0.050636
v 0.496876 0.503855 0.228492
v 0.543493 0.535127 0.294129
v 0.543656 0.570428 0.383485
v 0.541165 0.537747 0.395998
v -0.484558 0.610411 -0.018592
v -0.609407 0.125599 0.002384
v -0.622355 0.168362 -0.042220
v -0.601911 0.563831 -0.037109
v -0.574821 0.077963 -0.019935
v -0.601911 0.563831 -0.007123
v -0.609407 0.202539 -0.042220
v -0.574821 0.086106 -0.036461
v -0.574821 0.094250 -0.001228
v -0.622355 0.157356 0.002384
v -0.599048 0.122873 -0.042220
v -0.489022 0.763678 -0.034832
v -0.403359 0.716791 -0.036849
v -0.602081 0.202539 -0.035269
v -0.563918 0.086277 -0.031691
v -0.574821 0.094250 -0.038744
v -0.399508 0.716757 -0.018674
v -0.398929 0.632423 -0.018674
v -0.449087 0.725412 -0.032304
v -0.484558 0.610411 -0.018757
v -0.602081 0.202539 -0.004568
v -0.559965 0.086106 -0.019935
v 0.708802 1.133352 0.098035
v 0.847486 1.029595 0.037485
v 0.835525 1.057945 0.032272
v 0.696876 1.108648 0.103078
v 0.689380 1.096109 0.073502
v 0.689380 1.096109 0.073502
v 0.850348 0.954529 0.044811
v 0.773544 1.104559 0.115107
v 0.840432 1.104900 0.056396
v 0.824622 1.086534 0.059395
v 0.793955 1.131989 -0.019351
v 0.799440 1.108273 0.121683
v 0.757836 1.120949 -0.017239
v 0.790956 1.117575 -0.005858
v 0.823906 1.077538 0.076057
v 0.839853 1.099209 0.079942
v 0.832288 1.114032 0.030125
v 0.680146 1.136725 0.078749
v 0.685495 1.125140 0.011146
v 0.704100 1.121494 0.025832
v 0.700863 1.140099 0.099876
v 0.675307 1.129059 0.049309
v 0.708802 1.133352 0.098035
v 0.735108 1.133693 0.117185
v 0.818659 1.066089 0.114766
v 0.826121 1.140848 0.056703
v 0.789184 1.164768 0.090301
v 0.818727 1.098051 0.035270
v 0.754530 1.110760 0.109314
v 0.693605 1.123232 0.050127
v 0.731019 1.123266 0.107202
v 0.721137 1.120813 0.000344
v 0.692753 1.128581 0.078034
v 0.819715 1.079991 0.093367
v 0.831777 1.097335 0.099024
v 0.565979 1.479481 -0.130400
v 0.575162 1.526708 -0.090396
v 0.514612 1.455799 -0.070940
v 0.563645 1.522551 -0.055845
v 0.711767 1.125310 -0.019079
v 0.813309 1.125890 0.000378
v 0.806324 1.111101 0.009851
v 0.818829 1.098869 0.113437
v 0.809220 1.082513 0.104441
v 0.794636 1.093860 0.113096
v 0.773612 1.120097 0.124000
v 0.792115 1.148174 -0.010628
v 0.754121 1.128752 -0.030528
v 0.813581 1.140031 0.016052
v 0.290742 1.484149 0.129657
v 0.241845 1.497097 0.143286
v 0.205624 1.498767 0.143116
v 0.412320 1.547255 -0.016932
v 0.418658 1.535022 -0.052540
v 0.338447 1.427040 -0.081639
v 0.540537 1.509371 -0.022670
v 0.412320 1.547255 -0.016932
v 0.868714 0.996611 0.054318
v 0.205624 1.183271 0.188810
v 0.205624 1.228999 0.197192
v 0.240210 1.229851 0.180837
v 0.205624 1.168926 0.176952
v 0.535465 1.549742 -0.103072
v 0.251148 1.254793 0.182063
v 0.562490 1.519702 -0.075533
v 0.241573 1.544154 0.143729
v 0.396680 1.594755 0.049377
v 0.418658 1.535022 -0.052540
v 0.205624 1.435729 -0.128969
v 0.422508 1.544529 -0.094349
v 0.462376 1.501084 -0.044907
v 0.425746 1.562929 0.029648
v 0.403665 1.612576 0.062189
v 0.248524 1.437910 -0.122256
v 0.462376 1.501084 -0.044907
v 0.435797 1.558159 -0.107536
v 0.466158 1.504423 -0.005347
v 0.374089 1.601024 0.145944
v 0.422508 1.544529 -0.094349
v 0.435797 1.558159 -0.107536
v 0.457026 1.497711 -0.097382
v 0.205624 1.487693 -0.143451
v 0.464182 1.500130 -0.004290
v 0.466158 1.504423 -0.005347
v 0.462376 1.501084 -0.044907
v 0.457537 1.496143 -0.046406
v 0.474779 1.507320 0.017586
v 0.452562 1.495939 -0.127401
v 0.287710 1.401075 0.137221
v 0.363185 1.425234 -0.035196
v 0.371840 1.436615 0.020993
v 0.296637 1.440499 0.145706
v 0.333744 1.478663 0.094389
v 0.360595 1.450790 0.067334
v 0.344069 1.461830 0.082055
v 0.245423 1.491577 -0.139225
v 0.205624 1.549538 0.131599
v 0.205624 1.464488 0.166934
v 0.341718 1.385094 -0.018412
v 0.249751 1.382539 -0.086731
v 0.245798 1.461898 0.162607
v 0.205624 1.375656 -0.089647
v 0.312686 1.380051 -0.057325
v 0.377087 1.565757 0.152452
v 0.324340 1.538941 0.172488
v 0.266686 1.514646 0.154531
v 0.235167 1.550424 0.175657
v 0.269275 1.673365 0.131326
v 0.261472 1.515157 0.177225
v 0.215199 1.607805 0.156848
v 0.283212 1.629443 0.151771
v 0.205624 1.651932 0.110950
v 0.216971 1.638677 0.125500
v 0.216971 1.638677 0.125500
v 0.379950 1.734685 0.069398
v 0.245900 1.379710 0.158347
v 0.205624 1.383288 0.166423
v 0.320423 1.704519 -0.167597
v 0.205624 1.730064 -0.156774
v 0.374668 1.555910 0.118787
v 0.219867 1.595061 0.130236
v 0.241573 1.544154 0.143729
v 0.219867 1.595061 0.130236
v 0.212201 1.654079 0.140390
v 0.205624 1.698034 -0.200355
v 0.348846 1.741408 -0.137180
v 0.368741 1.762353 -0.093266
v 0.205624 1.640176 0.110370
v 0.300897 1.578570 0.169422
v 0.496859 1.468100 -0.022656
v 0.707746 1.189302 0.086825
v 0.787174 1.161497 0.081816
v 0.765877 1.137032 0.115686
v 0.807993 1.152843 0.058441
v 0.789218 1.173560 0.064336
v 0.401757 1.618879 0.076841
v 0.417329 1.596424 0.089960
v 0.366081 1.582283 0.103999
v 0.403665 1.612576 0.062189
v 0.396680 1.594755 0.049377
v 0.266686 1.514646 0.154531
v 0.401757 1.618879 0.076841
v 0.323590 1.544767 0.129691
v 0.829460 1.123232 0.054693
v 0.488954 1.526197 -0.175821
v 0.503776 1.532126 0.008931
v 0.507422 1.532296 0.018437
v 0.726351 1.198605 0.085223
v 0.559147 1.577138 -0.129821
v 0.549504 1.572129 -0.126243
v 0.470996 1.511579 -0.155172
v 0.561635 1.580205 -0.094928
v 0.551992 1.573799 -0.095201
v 0.543984 1.566882 -0.056458
v 0.538328 1.564429 -0.173249
v 0.507933 1.541394 -0.183420
v 0.486023 1.524220 -0.186350
v 0.510455 1.542757 -0.195039
v 0.514612 1.455799 -0.070940
v 0.356131 1.490044 0.096945
v 0.360357 1.532569 0.064677
v 0.786083 1.127116 0.115448
v 0.233463 1.553252 -0.159431
v 0.205624 1.641267 -0.159261
v 0.307984 1.533284 -0.151185
v 0.663177 1.181465 0.050774
v 0.205624 1.551719 -0.154116
v 0.382641 1.473620 -0.098949
v 0.730065 1.186679 -0.041466
v 0.352758 1.437194 -0.094383
v 0.403870 1.494814 0.007022
v 0.749317 1.174446 -0.034071
v 0.669821 1.165143 -0.007289
v 0.768569 1.176763 -0.022418
v 0.685802 1.195947 0.053739
v 0.710949 1.190086 0.066517
v 0.720490 1.189473 -0.018022
v 0.704748 1.180068 -0.010117
v 0.682497 1.180409 0.015473
v 0.466158 1.508240 -0.164406
v 0.488886 1.459309 -0.049439
v 0.539963 1.458934 -0.122427
v 0.506366 1.478458 0.008351
v 0.531854 1.559317 -0.166127
v 0.494712 1.463738 -0.054857
v 0.552332 1.514134 -0.024088
v 0.536215 1.559658 -0.018022
v 0.553116 1.572811 -0.054448
v 0.529673 1.554649 -0.025314
v 0.529571 1.496654 0.006852
v 0.492532 1.460740 -0.090226
v 0.563645 1.522551 -0.055845
v 0.608010 1.478901 -0.061467
v 0.606920 1.451438 -0.032231
v 0.524493 1.452664 -0.104537
v 0.582182 1.502175 -0.104265
v 0.778723 1.193800 -0.000406
v 0.691527 1.188621 0.081816
v 0.677488 1.197105 0.067096
v 0.669821 1.165143 -0.007289
v 0.688119 1.165995 -0.027393
v 0.749078 1.228590 0.043380
v 0.734256 1.211928 0.076091
v 0.710472 1.174616 -0.039898
v 0.679124 1.187292 0.038405
v 0.460399 1.502583 -0.127470
v 0.457026 1.497711 -0.097382
v 0.725533 1.209270 0.059770
v 0.744512 1.184873 -0.009538
v 0.738379 1.221230 0.035815
v 0.750169 1.219833 0.014383
v 0.693298 1.291355 0.036906
v 0.666789 1.238778 -0.040886
v 0.709825 1.294286 0.014451
v 0.644436 1.239664 -0.012570
v 0.722568 1.290163 -0.014990
v 0.646412 1.256599 0.020516
v 0.633589 1.537956 -0.087568
v 0.644436 1.239664 -0.012570
v 0.721001 1.281508 -0.032572
v 0.677897 1.139690 0.002899
v 0.632816 1.410173 -0.113772
v 0.673160 1.276806 0.031897
v 0.754598 1.197787 0.000139
v 0.682497 1.180409 0.015473
v 0.765877 1.222389 0.014519
v 0.658100 1.172231 0.024162
v 0.687949 1.161361 0.087847
v 0.388672 1.582113 0.048559
v 0.401416 1.563747 0.012372
v 0.205624 1.612882 -0.229386
v 0.373100 1.564395 0.045118
v 0.241573 1.544154 0.143729
v 0.371329 1.532296 0.069311
v 0.329826 1.529264 0.141412
v 0.401416 1.563747 0.012372
v 0.374736 1.463841 0.066721
v 0.323590 1.544767 0.129691
v 0.446361 1.632101 0.058373
v 0.381585 1.559556 0.047196
v 0.374668 1.555910 0.118787
v 0.401757 1.618879 0.076841
v 0.388672 1.582113 0.048559
v 0.205624 1.509421 -0.230306
v 0.385163 1.446667 0.018335
v 0.405846 1.474506 -0.053460
v 0.243617 1.551412 -0.163657
v 0.378484 1.436956 -0.043203
v 0.331359 1.492054 0.090812
v 0.366081 1.582283 0.103999
v 0.347681 1.493860 -0.131490
v 0.266481 1.494235 -0.150708
v -0.075977 0.297607 0.187999
v -0.038824 0.335021 0.194133
v 0.091035 0.240532 0.173387
v 0.287471 1.589609 -0.162430
v 0.491543 1.680793 -0.053835
v 0.543882 1.642186 0.012440
v -0.103770 0.258251 0.178926
v 0.068989 0.293177 0.190579
v 0.291356 1.593188 -0.183863
v 0.205624 1.509421 -0.230306
v 0.205624 1.644912 -0.170983
v 0.205624 1.644912 -0.170983
v 0.375588 1.467146 -0.168325
v 0.205624 1.641267 -0.159261
v 0.292719 1.590939 -0.190303
v 0.515157 1.583271 -0.014615
v 0.472496 1.675204 0.000242
v 0.480231 1.606340 0.029478
v 0.338310 1.541701 -0.167098
v 0.375588 1.467146 -0.168325
v 0.466430 1.592710 -0.131797
v 0.446361 1.632101 0.058373
v 0.436172 1.533284 -0.160965
v 0.472496 1.675204 0.000242
v 0.466430 1.592710 -0.131797
v 0.496655 1.584873 -0.125152
v 0.477573 1.633974 -0.107025
v 0.495666 1.572300 -0.120178
v 0.521427 1.570869 -0.107195
v 0.450654 1.578638 -0.116089
v 0.543371 1.570869 -0.068282
v -0.095119 0.031485 -0.047286
v -0.004744 0.352398 0.198136
v 0.220856 1.837297 0.123251
v 0.248899 1.848031 0.102704
v 0.271456 1.869395 0.042801
v 0.247400 1.864965 0.112006
v 0.222934 1.818045 0.121819
v 0.205624 1.837331 0.126488
v 0.252136 1.820089 0.058850
v 0.282837 1.863671 0.044300
v 0.223445 1.806051 0.111836
v 0.205624 1.803972 0.113676
v 0.373100 1.623786 -0.176196
v 0.228965 1.858764 0.124648
v 0.214347 1.870963 0.118344
v 0.238642 1.842442 0.110098
v 0.271456 1.869395 0.042801
v 0.290436 1.873518 0.024912
v 0.205624 1.816375 0.124818
v 0.205624 1.877266 -0.122256
v 0.371056 1.461898 -0.176844
v 0.334017 1.529707 -0.181614
v 0.380018 1.469633 -0.191734
v 0.477573 1.633974 -0.107025
v 0.205624 1.919315 -0.111693
v 0.216017 1.946216 -0.112980
v 0.284234 1.900403 -0.057685
v 0.240448 1.777053 -0.147199
v 0.205624 1.754803 -0.160420
v 0.303691 1.842408 -0.033765
v 0.271422 1.793273 -0.125834
v 0.251454 1.832288 -0.130741
v 0.284984 1.833481 -0.098472
v 0.272581 1.776542 -0.122256
v 0.296637 1.799611 -0.079663
v 0.315446 1.756847 0.071866
v 0.282701 1.911784 0.004194
v 0.372930 1.717798 0.100796
v 0.508376 1.700897 0.001298
v 0.260280 1.757563 0.060349
v 0.279259 1.881321 0.001639
v 0.410616 1.715549 -0.154934
v 0.280418 1.807720 0.030841
v 0.406664 1.710881 -0.148494
v 0.280418 1.807720 0.030841
v 0.428540 1.643856 -0.154048
v 0.430073 1.679294 -0.175140
v 0.469770 1.736867 -0.035537
v 0.305701 1.582045 -0.202263
v 0.402813 1.589371 -0.183147
v 0.373100 1.623786 -0.176196
v 0.305701 1.582045 -0.202263
v 0.341820 1.539588 -0.192450
v 0.428540 1.643856 -0.154048
v 0.454232 1.634145 -0.156842
v 0.285359 1.585861 -0.173402
v 0.338310 1.541701 -0.167098
v 0.292719 1.590939 -0.190303
v 0.238404 1.852017 0.114766
v 0.365229 1.657418 -0.202263
v 0.299636 1.614688 -0.228909
v 0.344410 1.693094 -0.183045
v 0.282292 1.659632 -0.204614
v 0.258951 1.851165 0.087984
v 0.205624 1.857128 0.135960
v 0.241368 1.866942 0.114425
v 0.222559 1.848405 0.128089
v 0.205624 1.847724 0.130645
v 0.373100 1.623786 -0.176196
v 0.279566 1.796271 0.050297
v 0.290947 1.664062 -0.190780
v 0.286892 1.818079 0.005523
v 0.384413 1.516826 0.041881
v 0.287846 1.905821 -0.052608
v 0.375588 1.467146 -0.168325
v 0.315855 1.796578 -0.020220
v 0.421418 1.713402 0.067811
v 0.513078 1.703657 -0.079902
v 0.205624 1.829733 -0.141031
v 0.205624 1.737902 -0.152617
v 0.221810 1.761992 0.069583
v 0.205624 1.765468 0.057623
v 0.315515 1.774430 0.037144
v 0.464795 1.712721 -0.111386
v -0.013904 0.651982 0.205783
v -0.040271 0.569521 0.153012
v 0.292412 1.878732 0.004944
v 0.286756 1.842136 0.011691
v 0.271422 1.782676 0.041404
v 0.221264 1.807448 0.039802
v 0.233156 1.822747 0.040381
v 0.241811 1.756268 -0.141645
v 0.474097 1.761884 -0.034480
v 0.218845 1.704815 0.091221
v 0.205624 1.785913 0.039734
v 0.205624 1.785913 0.039734
v 0.221264 1.807448 0.039802
v 0.227091 1.785299 0.062189
v -0.127961 0.507736 0.144168
v -0.136989 0.529612 0.263591
v -0.131258 0.505846 0.146304
v -0.119605 0.565554 0.200613
v -0.122971 0.541263 0.164080
v -0.127590 0.532761 0.158862
v -0.142360 0.442181 0.196074
v -0.131026 0.436592 0.204156
v -0.143765 0.448257 0.250719
v -0.128778 0.451567 0.143184
v -0.144926 0.512986 0.262682
v -0.143134 0.441868 0.205254
v -0.125225 0.569495 0.211468
v -0.125225 0.569495 0.211468
v -0.128714 0.447186 0.147073
v -0.138654 0.513698 0.269684
v -0.106779 0.422434 0.030030
v -0.143497 0.526633 0.257457
v -0.131481 0.565618 0.205785
v -0.136855 0.452370 0.166778
v -0.123698 0.495111 0.128723
v -0.128213 0.461994 0.139244
v -0.126058 0.492767 0.130767
v -0.130467 0.450647 0.146893
v -0.137254 0.440426 0.194215
v -0.142743 0.454954 0.189611
v -0.144603 0.446566 0.241667
v -0.124333 0.460976 0.137156
v -0.116283 0.432688 0.026103
v -0.126435 0.450717 0.141883
v 0.539462 0.461994 0.139244
v 0.538839 0.532761 0.158862
v 0.548237 0.529612 0.263591
v 0.534219 0.541263 0.164080
v 0.536071 0.489361 0.128713
v -0.103004 0.542165 0.394307
v -0.127404 0.507669 0.227032
v -0.127590 0.532761 0.158862
v 0.533829 0.477722 0.130744
v 0.545361 0.448963 0.166671
v -0.102060 0.496675 0.309021
v 0.536474 0.569496 0.211468
v -0.045276 0.579028 0.136434
v 0.054996 0.647177 -0.067794
v -0.122580 0.477722 0.130745
v -0.131276 0.519958 0.160779
v -0.108801 0.445368 0.147769
v -0.126427 0.479064 0.132709
v -0.122460 0.488696 0.127342
v -0.138423 0.451679 0.186922
v -0.137938 0.448040 0.257970
v -0.137938 0.448040 0.257970
v 0.251863 1.828336 0.078988
v 0.218027 1.856992 0.132826
v 0.241641 1.830346 0.101375
v 0.233156 1.822747 0.040381
v 0.271388 1.843158 0.054216
v 0.238063 1.804653 0.059429
v 0.205624 1.868577 0.140731
v 0.229613 1.868203 0.130815
v 0.242595 1.869532 0.116606
v 0.205624 1.871099 0.118753
v 0.229238 1.867623 0.120491
v 0.244776 1.827041 0.051967
v 0.261438 1.847042 0.052376
v 0.244776 1.827041 0.051967
v 0.239903 1.819033 0.095480
v 0.274353 1.879379 0.022288
v 0.216528 1.811639 0.047810
v 0.218573 1.889261 0.140152
v 0.250637 1.884354 0.108360
v 0.205624 1.883945 0.145467
v 0.256463 1.871269 0.099296
v 0.225490 1.890453 0.134393
v 0.237245 1.886705 0.123319
v 0.218675 1.874983 0.141549
v 0.205624 1.873859 0.144445
v 0.313913 1.888647 -0.012059
v 0.284234 1.900403 -0.057685
v 0.287846 1.905821 -0.052608
v 0.299057 1.915703 -0.068657
v 0.283825 1.901630 0.075410
v 0.282701 1.911784 0.004194
v 0.205624 1.986816 0.145842
v 0.242834 1.913760 0.138141
v 0.228420 1.893350 0.142298
v 0.235780 1.972845 0.143252
v 0.241062 1.888579 0.132076
v 0.205624 1.906843 0.156950
v 0.275545 1.904969 0.066857
v 0.215608 1.903640 0.156371
v 0.220004 1.893724 0.156269
v 0.267504 1.889431 0.086075
v 0.258712 1.883195 0.115413
v 0.235780 1.972845 0.143252
v 0.275409 1.887829 0.094219
v 0.274625 1.918940 0.110268
v 0.267674 1.916997 0.118412
v 0.277590 1.977105 0.099671
v 0.244026 1.873075 0.118855
v 0.231487 1.872087 0.132553
v 0.215710 1.869770 0.138312
v 0.266447 1.859957 0.064779
v 0.324851 1.871440 -0.014887
v 0.287846 1.905821 -0.052608
v 0.205624 1.986816 0.145842
v 0.286892 1.952298 0.090062
v 0.205624 1.957784 0.173988
v 0.205624 1.893111 0.166355
v 0.282701 1.911784 0.004194
v 0.272581 1.873348 0.051387
v 0.283825 1.901630 0.075410
v 0.379620 0.713895 0.248345
v 0.425152 0.651982 0.205782
v 0.353960 0.712498 0.251439
v 0.357615 0.704354 0.261919
v 0.354386 0.648472 0.216935
v 0.342455 0.723402 0.231549
v 0.389720 0.727559 0.226743
v 0.290421 0.579778 0.173301
v 0.313988 0.627891 -0.011520
v 0.424499 0.609150 0.019736
v 0.322692 0.658285 -0.024703
v 0.401249 0.645303 -0.012095
v 0.417899 0.628163 -0.038354
v 0.386048 0.643769 -0.059599
v 0.317733 0.660057 -0.052605
v 0.417690 0.647484 -0.028860
v 0.276057 0.551359 0.029281
v 0.324432 0.628538 -0.060828
v 0.286700 0.528870 0.018323
v 0.392025 0.328171 -0.061136
v 0.464009 0.581549 0.038814
v 0.463545 0.561377 0.022771
v 0.456524 0.579028 0.136434
v 0.300849 0.592010 0.012219
v 0.424594 0.618929 0.178814
v 0.451519 0.569521 0.153012
v 0.294739 0.560492 0.154679
v 0.353960 0.712498 0.251439
v 0.354008 0.589557 0.248164
v 0.366339 0.723197 0.253703
v 0.413076 0.594157 0.243709
v 0.459953 0.498510 0.012166
v 0.367851 0.714576 0.263624
v 0.366339 0.723197 0.253703
v 0.339548 0.620735 0.204918
v 0.352150 0.679752 -0.061915
v 0.386084 0.669598 -0.051483
v 0.356253 0.647177 -0.067794
v 0.356253 0.647177 -0.067794
v 0.291337 0.565807 0.077817
v 0.392025 0.328171 -0.061136
v 0.424594 0.618929 0.178814
v 0.460366 0.603936 0.165095
v 0.445475 0.613375 0.005613
v 0.296630 0.629015 -0.035017
v 0.343953 0.673210 -0.031037
v 0.377959 0.665952 -0.027509
v 0.302216 0.604856 -0.047093
v 0.352150 0.679752 -0.061915
v 0.287396 0.565603 0.036412
v 0.394922 0.660534 0.216501
v 0.288201 0.667894 0.190234
v 0.294739 0.560492 0.154679
v 0.258221 0.597326 0.145160
v 0.325593 0.640669 0.215225
v 0.339548 0.620735 0.204918
v 0.451519 0.569521 0.153012
v 0.425152 0.651982 0.205782
v 0.379620 0.713895 0.248345
v 0.390292 0.505052 0.207686
v 0.376139 0.657331 0.252724
v 0.341622 0.584787 0.217274
v 0.422413 0.599303 0.216411
v 0.390984 0.511118 0.215533
v 0.462449 0.584616 0.104793
v 0.456192 0.559912 0.022981
v 0.460203 0.411893 -0.008083
v 0.298787 0.458029 0.004864
v 0.340148 0.339143 -0.049135
v 0.291383 0.566284 -0.017375
v 0.327747 1.855936 0.115277
v 0.333915 1.858696 0.114902
v 0.345023 1.870451 -0.064091
v 0.276056 1.915191 0.123012
v 0.274625 1.918940 0.110268
v 0.300624 1.927935 0.122705
v 0.276056 1.915191 0.123012
v 0.284813 1.898154 0.122331
v 0.490341 0.649017 0.096511
v 0.447153 0.595077 -0.006796
v 0.340656 0.818401 0.230090
v 0.339241 0.826784 0.210091
v 0.407670 0.756250 0.211790
v 0.394922 0.660534 0.216501
v 0.318126 0.750423 0.218695
v 0.445947 0.699481 0.144960
v 0.362857 0.822593 0.230052
v 0.328361 1.882446 -0.070804
v 0.335993 1.870213 -0.118338
v 0.342706 1.874540 -0.013797
v 0.330064 1.873791 -0.015160
v 0.324953 1.897575 -0.116191
v 0.310097 1.879890 -0.178718
v 0.309722 1.868782 -0.140656
v 0.309722 1.868782 -0.140656
v 0.320864 1.879447 -0.070906
v 0.315480 1.887046 -0.109444
v 0.242970 1.880163 -0.115680
v 0.300556 1.880299 -0.059014
v 0.271252 1.886262 -0.087296
v 0.239801 1.924391 -0.107434
v 0.282386 0.562400 0.122573
v 0.284209 0.675323 0.163915
v 0.314766 0.757374 0.189759
v 0.244561 0.606219 0.116636
v 0.462449 0.584616 0.104793
v 0.440778 0.348275 -0.039985
v 0.286338 0.589012 -0.003533
v 0.314599 0.382793 -0.023543
v 0.278105 0.528632 0.015245
v 0.360714 0.830975 0.209572
v 0.404299 0.766676 0.183516
v 0.219254 1.930549 -0.389819
v 0.209441 1.922311 -0.404744
v 0.205624 1.907412 -0.419626
v 0.205624 1.920878 -0.405392
v 0.205624 1.924763 -0.372896
v 0.235167 1.935986 -0.338890
v 0.313095 1.906230 0.122262
v 0.230669 1.947510 -0.330647
v 0.300624 1.927935 0.122705
v 0.326487 1.877505 0.118412
v 0.229817 1.937318 -0.346762
v 0.300420 1.905412 0.124239
v 0.313095 1.906230 0.122262
v 0.326487 1.877505 0.118412
v 0.303554 1.878868 -0.180421
v 0.312277 1.862546 -0.106377
v 0.309654 1.862717 -0.077380
v 0.309654 1.862717 -0.077380
v 0.267606 1.934273 -0.087694
v 0.241402 1.941868 -0.344309
v 0.233395 1.948276 -0.327230
v 0.233668 1.924378 -0.369304
v 0.226342 1.931370 -0.368075
v 0.235882 1.928500 -0.353213
v 0.333915 1.858696 0.114902
v 0.330064 1.873791 -0.015160
v 0.319467 1.873212 0.120252
v 0.237336 1.997785 -0.230284
v 0.300556 1.880299 -0.059014
v 0.312277 1.862546 -0.106377
v 0.309177 1.893418 -0.077210
v 0.239801 1.953601 -0.329935
v 0.237825 1.928350 -0.369835
v 0.227909 1.924994 -0.391600
v 0.225353 1.924798 -0.390216
v 0.217516 1.919484 -0.410495
v 0.213598 1.917163 -0.407953
v 0.237722 2.003283 -0.268996
v 0.221537 2.009198 -0.165588
v 0.228863 1.965217 -0.167922
v 0.230362 1.983739 -0.138891
v 0.241096 1.933413 -0.356206
v 0.205624 2.072610 -0.197871
v 0.205624 2.027149 -0.344563
v 0.209202 2.001158 -0.351135
v 0.212950 2.005204 -0.336733
v 0.224502 2.018722 -0.238752
v 0.205624 2.017544 -0.190334
v 0.205624 2.005439 -0.164077
v 0.228863 1.961996 -0.141196
v 0.228863 1.960234 -0.128807
v 0.230362 1.985865 -0.156649
v 0.205624 2.063844 -0.245553
v 0.210122 1.957547 -0.381585
v 0.221673 1.999700 -0.358612
v 0.211962 1.993393 -0.367172
v 0.215301 1.959277 -0.386117
v 0.230499 1.967708 -0.358750
v 0.224155 2.017341 -0.228003
v 0.222807 2.012582 -0.190920
v 0.219118 2.000791 -0.164545
v 0.205624 1.948002 -0.143308
v 0.205624 2.013674 -0.164872
v 0.205624 2.002297 -0.137365
v 0.219118 1.999975 -0.170452
v 0.205624 2.005276 -0.174089
v 0.211519 1.966869 -0.365950
v 0.205624 1.907190 -0.424180
v 0.205624 2.047494 -0.304070
v 0.229510 2.001601 -0.344359
v 0.226887 2.000784 -0.342945
v 0.219833 2.006934 -0.317491
v 0.219356 1.997910 -0.355631
v 0.246888 1.998202 -0.300020
v 0.223854 1.965225 -0.372728
v 0.236496 1.964240 -0.332602
v 0.231112 1.961535 -0.315628
v 0.223411 1.957856 -0.275986
v 0.222011 1.953799 -0.235419
v 0.219118 1.997535 -0.137728
v 0.216017 1.952710 -0.169227
v 0.205624 2.099637 -0.057276
v 0.205624 2.100727 -0.137624
v 0.205624 1.988672 -0.379902
v 0.217278 1.969028 -0.350088
v 0.238234 2.000190 -0.326410
v 0.234826 1.997995 -0.324951
v 0.229238 2.000499 -0.306167
v 0.205624 1.951054 -0.169457
v 0.219254 1.947970 -0.173816
v 0.220856 1.963659 -0.371368
v 0.240721 1.993768 -0.299064
v 0.228079 1.966959 -0.356745
v 0.245628 1.972809 -0.316403
v 0.205624 2.069530 -0.175040
v 0.236087 2.040887 -0.217909
v 0.225933 1.954064 -0.315987
v 0.235916 1.978228 -0.294087
v 0.235474 1.967776 -0.315310
v 0.205624 1.952060 -0.279479
v 0.235670 1.970773 -0.233432
v 0.205624 1.949073 -0.235979
v 0.216017 1.946216 -0.112980
v 0.230362 1.987020 -0.165846
v 0.216017 1.949632 -0.142850
v 0.236530 1.988464 -0.168167
v 0.259155 1.994982 -0.082060
v 0.241130 1.945638 -0.105032
v 0.205624 2.008473 -0.362939
v 0.205624 2.002170 -0.372115
v 0.213291 1.995140 -0.371256
v 0.228590 1.969408 -0.328979
v 0.243720 1.998205 -0.312954
v 0.205624 1.988645 -0.375857
v 0.205624 1.985988 -0.373080
v 0.239494 1.994847 -0.311528
v 0.205624 1.949831 -0.397170
v 0.208112 1.993308 -0.363511
v 0.212984 1.957280 -0.384292
v 0.205624 1.945678 -0.173268
v 0.236837 1.976188 -0.272367
v 0.233259 1.961733 -0.171531
v 0.205624 1.944490 -0.113182
v 0.261200 1.957875 -0.088617
v 0.263312 1.974193 -0.071843
v 0.248797 2.010925 -0.264467
v 0.205624 1.942678 -0.322772
v 0.205624 2.057471 -0.179880
v 0.244060 1.997835 -0.279857
v 0.249308 2.001808 -0.283029
v 0.241471 1.968755 -0.334544
v 0.224331 2.057768 -0.195043
v 0.245560 1.984894 -0.292999
v 0.205624 2.023670 -0.233507
v 0.230737 2.037639 -0.217123
v 0.219595 2.051730 -0.194446
v 0.322768 0.602335 -0.011859
v 0.509759 0.006168 0.346918
v 0.383956 0.639306 -0.051654
v 0.437485 0.016731 0.456915
v 0.232066 2.158858 -0.076767
v 0.261847 2.125227 -0.046134
v 0.293468 2.029068 0.055476
v 0.246446 2.016120 0.132894
v 0.205624 1.998742 0.180734
v 0.229340 2.006375 0.160085
v 0.315753 1.922858 0.098785
v 0.309858 1.950935 0.088972
v 0.205624 2.013360 0.164685
v 0.234996 2.069276 -0.168325
v 0.228250 2.087881 -0.116906
v 0.205624 2.144717 -0.065829
v 0.533693 0.617778 0.391244
v 0.502657 0.614945 0.392328
v 0.504407 0.610469 0.430716
v 0.519181 0.615356 0.418281
v 0.518998 0.620626 0.426828
v 0.535443 0.613302 0.429632
v 0.513030 0.603203 0.446820
v 0.530043 0.605864 0.440597
v 0.481476 0.527903 0.163253
v 0.311660 0.566012 0.115586
v 0.282386 0.562400 0.122573
v 0.282062 0.610445 0.112504
v 0.404299 0.766676 0.183516
v 0.244561 0.606219 0.116636
v 0.284209 0.675323 0.163915
v 0.379487 0.754614 0.181665
v 0.367468 0.592283 0.144114
v 0.342938 0.599813 -0.026585
v 0.296465 0.563763 -0.014679
v 0.309211 1.951719 0.068288
v 0.205624 2.145740 -0.078982
v 0.275681 2.043482 0.014280
v 0.355961 1.877709 -0.066953
v 0.319399 1.944461 -0.083479
v 0.275681 2.043482 0.014280
v 0.283007 2.015881 0.047980
v 0.205624 2.152145 -0.089374
v 0.325430 1.887489 0.099876
v 0.332484 1.886330 0.098819
v 0.338890 1.876278 0.014757
v 0.518028 0.422434 0.030029
v 0.520049 0.445368 0.147768
v 0.517055 0.431732 0.026469
v 0.544104 0.540078 0.167652
v 0.544039 0.533614 0.161067
v 0.547170 0.520135 0.164655
v 0.543873 0.561013 0.197848
v 0.518028 0.422434 0.030029
v 0.550864 0.579730 0.405811
v 0.252238 2.114595 -0.046781
v 0.308938 1.983885 0.065801
v 0.205624 2.173442 -0.091419
v 0.331257 1.878527 0.067914
v 0.298034 1.980444 0.058611
v 0.321171 1.915839 0.085496
v 0.315003 1.889124 -0.179638
v 0.335993 1.870213 -0.118338
v 0.523986 0.445344 0.260335
v 0.520049 0.445368 0.147768
v 0.544439 0.587863 0.428808
v 0.525542 0.558107 0.450764
v 0.510871 0.536464 0.422377
v 0.555061 0.581361 0.408923
v 0.555061 0.588238 0.426885
v 0.490475 0.582342 0.429142
v 0.336402 1.895905 0.054284
v 0.330916 1.908922 0.055851
v 0.522393 0.437660 0.194687
v 0.522911 0.435148 0.202950
v 0.494269 0.574564 0.407789
v 0.541907 0.539297 0.421292
v 0.348294 1.879856 0.016972
v 0.342706 1.874540 -0.013797
v 0.344478 1.877369 -0.119292
v 0.345023 1.870451 -0.064091
v 0.312312 1.913863 0.086314
v 0.339469 1.881832 0.069992
v 0.522393 0.437660 0.194687
v 0.534435 0.618808 0.415180
v 0.541165 0.554517 0.439796
v 0.500007 0.583807 0.430361
v 0.355620 1.882957 -0.009606
v 0.249751 2.014791 0.135006
v 0.205624 1.967019 0.197124
v 0.276124 1.941633 -0.073496
v 0.242220 1.980273 0.172011
v 0.285631 1.963236 -0.074893
v 0.238779 2.015552 -0.107464
v 0.296467 1.944291 -0.091487
v 0.518418 0.459409 0.137756
v 0.523949 0.441269 0.248651
v 0.523986 0.445344 0.260335
v 0.498611 0.443424 0.259737
v 0.507551 0.421477 0.030396
v 0.495876 0.444445 0.168400
v 0.519529 0.449060 0.142518
v 0.498611 0.443424 0.259737
v 0.507102 0.439393 0.248917
v 0.312925 1.951378 0.075717
v 0.300777 2.024758 0.048491
v 0.263312 1.974193 -0.071843
v 0.220719 2.025772 -0.126782
v 0.270570 1.959398 -0.071898
v 0.338549 1.914919 0.048662
v 0.303554 1.878868 -0.180421
v 0.289516 1.891748 -0.189792
v 0.501374 0.447402 0.143152
v 0.499012 0.447823 0.144617
v 0.511133 0.563719 0.201768
v 0.503736 0.433075 0.205503
v 0.511097 0.568488 0.213186
v 0.496244 0.435656 0.196041
v 0.518374 0.510821 0.270786
v 0.492558 0.446465 0.188918
v 0.310097 1.879890 -0.178718
v 0.205624 2.027183 -0.134453
v 0.497778 0.446636 0.148429
v 0.486845 0.507942 0.271888
v 0.500136 0.443550 0.148464
v 0.496244 0.435656 0.196041
v 0.205624 2.083826 -0.211838
v 0.322704 1.909126 -0.136124
v 0.301476 1.927356 -0.109001
v 0.303759 1.914033 -0.136874
v 0.259155 1.994982 -0.082060
v 0.270672 1.983485 -0.073308
v 0.515554 0.487039 0.127976
v 0.520825 0.607661 0.445225
v 0.533176 0.623922 0.392494
v 0.520618 0.446704 0.167535
v 0.521115 0.449072 0.187920
v 0.410085 0.015607 0.439446
v 0.454648 0.582095 0.076941
v 0.205624 2.152895 -0.028074
v 0.205624 2.171193 -0.069338
v 0.227466 2.026671 -0.202083
v 0.294320 1.863023 -0.079867
v 0.281610 1.897711 -0.062762
v 0.491209 0.440665 0.243926
v 0.492352 0.442537 0.252909
v 0.480337 0.506063 0.265333
v 0.298273 1.862035 -0.108933
v 0.297898 1.871201 -0.141372
v 0.205624 2.032495 -0.208147
v 0.205624 2.027183 -0.134453
v 0.491046 0.436470 0.198260
v 0.487913 0.448922 0.191921
v 0.515033 0.493293 0.129419
v 0.490979 0.436080 0.207470
v 0.309386 0.599847 -0.040530
v 0.335733 0.018469 0.243856
v 0.448132 0.579267 0.105197
v 0.359969 0.015913 0.329280
v 0.448132 0.579267 0.105197
v 0.205624 2.103351 0.070094
v 0.293128 2.056464 0.018506
v 0.355448 0.641282 -0.057528
v 0.440843 0.592078 -0.005335
v 0.413087 0.623427 -0.035188
v 0.516708 0.526734 0.264693
v 0.513968 0.517351 0.161777
v 0.511097 0.568488 0.213186
v 0.514467 0.505477 0.145033
v 0.515033 0.493293 0.129419
v 0.512172 0.537753 0.163666
v 0.311660 0.566012 0.115586
v 0.537230 0.000000 0.262804
v 0.506578 0.430776 0.026836
v 0.512690 0.530365 0.159193
v 0.517055 0.431732 0.026469
v 0.330950 0.029032 0.164932
v 0.517830 0.256036 0.140249
v 0.220719 2.025772 -0.126782
v 0.288664 1.876040 -0.065897
v 0.355448 0.641282 -0.057528
v 0.501254 0.457843 0.138356
v 0.516665 0.476155 0.131344
v 0.512690 0.530365 0.159193
v 0.314804 0.675323 0.156041
v 0.462449 0.584616 0.104793
v 0.377390 0.606765 -0.025017
v 0.368050 0.651368 0.171437
v 0.259155 1.994982 -0.082060
v 0.249955 1.963234 -0.129332
v 0.238779 2.015552 -0.107464
v 0.492576 0.447301 0.168719
v 0.486978 0.500777 0.148244
v 0.497407 0.458155 0.140714
v 0.489724 0.503218 0.145897
v 0.485180 0.523856 0.265795
v 0.491374 0.561950 0.201992
v 0.485411 0.514745 0.162775
v 0.485899 0.564879 0.213235
v 0.489935 0.537221 0.165628
v 0.490341 0.649017 0.096511
v 0.422328 0.684829 0.138034
v 0.452532 0.643088 0.098931
v 0.342109 0.746061 0.185721
v 0.314766 0.757374 0.189759
v 0.342938 0.599813 -0.026585
v 0.400741 0.606219 -0.011093
v 0.481090 0.514103 0.166965
v 0.480069 0.559898 0.207974
v 0.499501 0.474589 0.131944
v 0.495120 0.491476 0.130115
v 0.480699 0.534290 0.169868
v 0.495620 0.475225 0.134178
v 0.479230 0.555112 0.200108
v 0.497399 0.485382 0.128611
v 0.436360 0.598757 0.103944
v 0.445947 0.699481 0.144960
v 0.486579 0.527990 0.160688
v 0.493370 0.488756 0.132302
v 0.486579 0.527990 0.160688
v 0.495056 0.485617 0.130146
v 0.423468 0.600836 0.024254
v 0.359389 0.773423 0.189488
v 0.246650 1.992681 -0.163792
v 0.241130 1.945638 -0.105032
v 0.339241 0.826784 0.210091
v 0.360714 0.830975 0.209572
v 0.520377 0.610161 0.438952
v 0.511786 0.604197 0.441235
v 0.478908 0.519710 0.260108
v 0.324204 1.926845 -0.103958
v 0.304951 1.966712 -0.064807
v 0.205624 2.145740 -0.078982
v 0.243890 2.072650 -0.021089
v 0.285802 1.931479 0.088801
v 0.299908 1.935977 0.092311
v 0.286892 1.952298 0.090062
v 0.308359 1.920813 0.100693
v 0.277590 1.977105 0.099671
v 0.508949 0.592838 0.374905
v 0.528492 0.569554 0.281117
v 0.534435 0.602039 0.371382
v 0.504700 0.529971 0.218435
v 0.505897 0.567492 0.281907
v 0.503399 0.599206 0.372467
v 0.263653 1.976355 0.127476
v 0.235405 1.970528 0.149965
v 0.344376 1.901118 0.048559
v 0.287608 1.996220 -0.064602
v 0.205624 2.093299 0.007022
v 0.274489 2.017551 -0.081571
v 0.205624 2.123114 -0.014581
v 0.205624 2.093299 0.007022
v 0.302294 1.970324 0.094969
v 0.205624 2.070026 0.124137
v 0.500007 0.587334 0.439574
v 0.509121 0.565433 0.447960
v 0.524163 0.573993 0.452800
v 0.532754 0.579957 0.450516
v 0.522270 0.595627 0.455148
v 0.514498 0.578291 0.451154
v 0.292480 1.987021 0.107679
v 0.272001 1.987089 0.142912
v 0.531920 0.583990 0.454288
v 0.523716 0.580044 0.455799
v 0.515151 0.582934 0.454581
v 0.510771 0.592802 0.450914
v 0.229170 2.036565 0.138277
v 0.257213 2.058100 -0.084740
v 0.256872 2.045560 -0.116600
v 0.530311 0.594788 0.374158
v 0.525564 0.531876 0.217706
v 0.252238 2.114595 -0.046781
v 0.525360 0.556322 0.440884
v 0.544439 0.591390 0.438021
v 0.509182 0.590883 0.446333
v 0.221026 2.090811 -0.045282
v 0.534101 0.594865 0.449924
v 0.502140 0.618690 0.387314
v 0.540157 0.564739 0.437661
v 0.490475 0.575465 0.411180
v 0.325421 0.623597 -0.052599
v 0.485899 0.564879 0.213235
v 0.529692 0.605273 0.446139
v 0.533176 0.621523 0.386229
v 0.535287 0.593265 0.445421
v 0.502140 0.621089 0.393579
v 0.509121 0.561906 0.438746
v 0.503399 0.615975 0.416265
v 0.504407 0.606941 0.421503
v 0.535443 0.609775 0.420418
v 0.540157 0.568266 0.446875
v 0.448514 0.583423 0.052195
v 0.343953 0.673210 -0.031037
v 0.453888 0.684421 0.167602
v 0.487447 0.645235 0.128809
v 0.378246 0.641862 0.262640
v 0.378711 0.705854 0.258762
v 0.261438 1.847042 0.052376
v 0.232782 1.822372 0.046958
v 0.224740 1.908615 0.144786
v 0.263653 1.976355 0.127476
v 0.274625 1.918940 0.110268
v 0.298137 1.913794 0.006034
v 0.205624 1.808708 0.047367
v 0.354386 0.648472 0.216935
v 0.828949 1.034979 0.072377
v 0.836241 1.022167 0.067062
v 0.021529 0.727559 0.226744
v 0.016327 0.660534 0.216502
v -0.042639 0.684420 0.167602
v 0.056863 0.648472 0.216936
v 0.044909 0.723197 0.253704
v 0.419905 0.316109 -0.091579
v 0.484673 0.578142 0.042759
v 0.478235 0.584650 0.092736
v 0.305053 0.333896 -0.058608
v 0.166687 0.606219 0.116636
v 0.127040 0.675323 0.163916
v -0.025112 0.598757 0.103945
v 0.068794 0.723402 0.231549
v 0.456524 0.579028 0.136434
v 0.430185 0.515786 0.160587
v 0.339916 0.514116 0.174806
v 0.494209 0.411995 -0.010077
v 0.481288 0.358021 -0.042906
v 0.394607 0.438096 0.194901
v 0.455310 0.326502 -0.076722
v 0.294739 0.560492 0.154679
v 0.335228 0.259886 -0.085941
v 0.486338 0.539433 0.074838
v 0.428495 0.268166 -0.094303
v 0.267139 0.518818 0.075268
v -0.079092 0.649017 0.096512
v 0.069139 0.746061 0.185721
v 0.451519 0.569521 0.153012
v 0.282386 0.562400 0.122573
v 0.153028 0.597326 0.145161
v 0.071701 0.620735 0.204918
v 0.048391 0.822593 0.230052
v 0.016327 0.660534 0.216502
v 0.006950 0.766676 0.183516
v -0.076198 0.645235 0.128809
v -0.079092 0.649017 0.096512
v 0.003579 0.756249 0.211791
v 0.295522 0.511901 0.145421
v 0.285871 0.377988 -0.027685
v 0.471526 0.540694 0.123220
v 0.260214 0.539229 0.029022
v 0.259387 0.563831 0.048581
v 0.325593 0.640669 0.215225
v 0.294739 0.560492 0.154679
v 0.391591 0.438096 0.208123
v 0.467979 0.596304 0.177072
v 0.339916 0.514116 0.174806
v 0.394607 0.438096 0.194901
v 0.290421 0.579778 0.173301
v 0.460366 0.603936 0.165095
v 0.166687 0.606219 0.116636
v 0.341193 0.516127 0.190964
v 0.422995 0.643804 0.229336
v 0.327971 0.634604 0.234676
v 0.302317 0.567102 0.188562
v 0.426791 0.520795 0.191093
v 0.490197 0.499191 0.013333
v 0.489046 0.555857 0.027574
v 0.385705 0.314882 -0.097318
v 0.116510 0.560491 0.154679
v 0.123048 0.667894 0.190235
v 0.334872 0.315223 -0.084379
v 0.385705 0.314882 -0.097318
v 0.430185 0.515786 0.160587
v 0.031629 0.713895 0.248345
v 0.093122 0.750423 0.218695
v 0.116510 0.560491 0.154679
v -0.051200 0.584616 0.104793
v -0.041284 0.643088 0.098931
v -0.051200 0.584616 0.104793
v 0.128863 0.562400 0.122574
v 0.129187 0.610445 0.112504
v 0.301496 0.283806 -0.051136
v 0.272704 0.437448 0.043825
v 0.471098 0.523044 0.127701
v 0.302552 0.497079 0.144788
v 0.072007 0.826784 0.210091
v 0.128863 0.562400 0.122574
v 0.272789 0.446035 0.005609
v 0.050534 0.830975 0.209572
v 0.096482 0.757374 0.189759
v 0.099589 0.566012 0.115586
v -0.034698 0.699481 0.144961
v 0.070593 0.818401 0.230090
v 0.277949 0.069376 0.027267
v 0.127040 0.675323 0.163916
v 0.386923 0.259545 -0.097600
v 0.068311 0.599813 -0.026585
v 0.096445 0.675323 0.156041
v -0.011079 0.684829 0.138035
v 0.031761 0.754614 0.181666
v 0.496895 0.312838 -0.028896
v 0.467891 0.284215 -0.066758
v 0.316752 0.208809 0.210623
v 0.314051 0.061130 0.031868
v -0.034698 0.699481 0.144961
v 0.006950 0.766676 0.183516
v 0.283642 0.348480 -0.003204
v 0.051860 0.773423 0.189488
v 0.072007 0.826784 0.210091
v 0.043198 0.651368 0.171438
v 0.522358 0.136298 0.130971
v 0.480829 0.473056 0.126565
v 0.050534 0.830975 0.209572
v 0.508865 0.369265 0.011475
v 0.498304 0.474010 0.045973
v 0.453090 0.382418 0.181365
v 0.386923 0.259545 -0.097600
v 0.096482 0.757374 0.189759
v 0.297684 0.446615 0.137631
v 0.010508 0.606219 -0.011092
v 0.033858 0.606765 -0.025017
v -0.012220 0.600836 0.024254
v 0.509702 0.064639 0.013169
v 0.557147 0.164341 0.137649
v 0.302668 0.488867 0.124055
v 0.395365 0.429237 0.196786
v 0.055800 0.641282 -0.057527
v 0.085828 0.623598 -0.052599
v 0.426592 0.154834 -0.074011
v 0.396224 0.170406 -0.109877
v 0.489655 0.101610 -0.028415
v 0.484066 0.146009 -0.080368
v 0.471821 0.134560 -0.056564
v 0.390586 0.157629 -0.068769
v 0.344520 0.153028 -0.101086
v 0.390586 0.157629 -0.068769
v 0.484174 0.467843 0.057359
v 0.309336 0.243360 0.129910
v 0.438565 0.176881 0.276296
v 0.358096 0.097147 0.185349
v 0.457272 0.167442 0.274726
v -0.106581 0.256036 0.140249
v 0.369519 0.136537 0.218011
v 0.460620 0.180118 0.254380
v 0.564210 0.074112 0.012462
v 0.545928 0.193577 0.180245
v 0.531002 0.072170 0.047421
v 0.565401 0.077724 0.040030
v 0.329872 0.055916 -0.000102
v 0.434162 0.166318 -0.101223
v 0.396224 0.170406 -0.109877
v 0.279965 0.509209 0.073126
v 0.299615 0.500691 0.125490
v 0.344609 0.365892 0.187480
v 0.027293 0.639306 -0.051653
v -0.125982 0.000000 0.262804
v -0.098511 0.006168 0.346918
v 0.080299 0.029031 0.164932
v -0.026237 0.016731 0.456914
v 0.055800 0.641282 -0.057527
v 0.298363 0.445490 0.138485
v -0.001839 0.623427 -0.035187
v -0.029594 0.592079 -0.005334
v 0.101862 0.599848 -0.040529
v -0.043399 0.582095 0.076941
v 0.001163 0.015606 0.439445
v 0.357055 0.106483 0.177353
v 0.088481 0.602335 -0.011858
v 0.043781 0.592283 0.144114
v 0.114784 0.563763 -0.014678
v 0.336783 0.250175 0.220714
v 0.338901 0.079598 0.037536
v 0.315530 0.108391 0.104901
v 0.531741 0.095783 0.077122
v 0.531339 0.111287 -0.034494
v 0.517047 0.163149 0.173098
v 0.331818 0.108561 0.077930
v 0.520955 0.100861 0.183391
v 0.523418 0.043718 0.127089
v 0.453993 0.235148 0.207434
v 0.451672 0.254741 0.218683
v 0.352949 0.199472 0.160723
v 0.356533 0.189352 0.162939
v 0.343802 0.190340 0.200821
v 0.366989 0.234262 0.211633
v 0.514912 0.115445 0.168207
v 0.051280 0.015913 0.329280
v 0.371289 0.143795 0.210097
v -0.036884 0.579267 0.105197
v -0.036884 0.579267 0.105197
v 0.068311 0.599813 -0.026585
v 0.099589 0.566012 0.115586
v 0.485057 0.225165 0.220182
v 0.509119 0.190034 0.214592
v 0.438003 0.159605 0.300667
v 0.075515 0.018468 0.243856
v 0.339625 0.148803 0.135176
v 0.532076 0.222813 0.222275
v 0.295494 0.158481 0.163624
v 0.283948 0.118307 0.105001
v 0.566337 0.109550 0.072851
v 0.509702 0.064639 0.013169
v 0.500206 0.270245 0.232829
v 0.324268 0.143079 0.159598
v 0.422449 0.267689 0.215337
v 0.381781 0.213784 0.191835
v 0.499305 0.187512 0.175341
v 0.462423 0.306126 0.239274
v 0.369057 0.230378 0.188933
v 0.548503 0.440426 0.194214
v -0.124367 0.544115 0.393560
v 0.549186 0.448040 0.257970
v -0.124656 0.498738 0.308231
v 0.540026 0.451567 0.143183
v 0.535581 0.460976 0.137156
v 0.538839 0.532761 0.158862
v 0.536474 0.569496 0.211468
v 0.533708 0.488696 0.127342
v 0.542525 0.519958 0.160779
v 0.542730 0.565618 0.205784
v -0.085627 0.503855 0.228492
v -0.098722 0.479614 0.237716
v -0.100140 0.530328 0.421146
v 0.537675 0.479064 0.132709
v 0.549671 0.451679 0.186922
v 0.528504 0.423390 0.029663
v 0.530853 0.565554 0.200613
v 0.539209 0.507736 0.144168
v 0.537307 0.492767 0.130766
v -0.132245 0.535127 0.294129
v 0.540835 0.442472 0.247738
v 0.539962 0.447186 0.147072
v 0.549186 0.448040 0.257970
v 0.555014 0.448257 0.250719
v 0.556174 0.512986 0.262682
v 0.541715 0.450647 0.146893
v 0.549903 0.513699 0.269684
v -0.119586 0.481519 0.236987
v -0.137254 0.440426 0.194215
v -0.134112 0.448963 0.166671
v -0.143812 0.571469 0.383087
v -0.098880 0.534914 0.397083
v -0.079227 0.565573 0.385344
v -0.131176 0.535560 0.426326
v -0.129916 0.554516 0.439796
v -0.098880 0.551683 0.440881
v -0.143812 0.578866 0.402406
v -0.129916 0.537747 0.395998
v -0.132408 0.570428 0.383485
v -0.089659 0.566525 0.384980
v -0.087078 0.531004 0.295708
v 0.542507 0.505846 0.146303
v 0.554383 0.441868 0.205254
v 0.555852 0.446566 0.241667
v 0.548503 0.440426 0.194214
v 0.542274 0.436593 0.204156
v 0.553992 0.454955 0.189611
v 0.548104 0.452370 0.166778
v 0.534946 0.495111 0.128723
v 0.554746 0.526633 0.257457
v 0.019223 0.328172 -0.061136
v 0.133143 0.528632 0.015245
v 0.071100 0.339144 -0.049135
v -0.044944 0.559912 0.022981
v 0.019223 0.328172 -0.061136
v -0.029530 0.348275 -0.039984
v -0.056731 0.596304 0.177073
v 0.071333 0.514116 0.174806
v -0.040271 0.569521 0.153012
v 0.108931 0.567102 0.188562
v 0.020956 0.505052 0.207687
v 0.033003 0.641861 0.262641
v 0.057241 0.589557 0.248165
v -0.001827 0.594157 0.243710
v 0.069627 0.584787 0.217275
v 0.071333 0.514116 0.174806
v 0.016642 0.438096 0.194901
v 0.025544 0.314883 -0.097318
v -0.018936 0.515786 0.160587
v 0.070056 0.516127 0.190964
v 0.016642 0.438096 0.194901
v 0.019658 0.438096 0.208123
v -0.018936 0.515786 0.160587
v 0.071701 0.620735 0.204918
v 0.056863 0.648472 0.216936
v 0.085656 0.640669 0.215226
v -0.040271 0.569521 0.153012
v 0.053633 0.704354 0.261919
v 0.031629 0.713895 0.248345
v 0.032537 0.705853 0.258763
v 0.120828 0.579778 0.173301
v 0.057289 0.712498 0.251439
v 0.057289 0.712498 0.251439
v 0.116510 0.560491 0.154679
v 0.120828 0.579778 0.173301
v -0.049118 0.603936 0.165096
v 0.083277 0.634604 0.234676
v 0.043398 0.714576 0.263625
v -0.011746 0.643804 0.229336
v -0.011164 0.599302 0.216412
v 0.044909 0.723197 0.253704
v 0.085656 0.640669 0.215226
v -0.013904 0.651982 0.205783
v 0.025544 0.314883 -0.097318
v 0.076376 0.315223 -0.084379
v -0.015542 0.520795 0.191093
v 0.096650 0.382793 -0.023543
v 0.114618 0.629015 -0.035016
v 0.054996 0.647177 -0.067794
v 0.109032 0.604856 -0.047093
v 0.059098 0.679752 -0.061914
v 0.086816 0.628538 -0.060828
v 0.135192 0.551360 0.029282
v 0.124549 0.528870 0.018324
v 0.112462 0.458029 0.004864
v 0.527531 0.432688 0.026103
v 0.553609 0.442181 0.196074
v 0.108580 0.488867 0.124055
v 0.015883 0.429237 0.196786
v -0.054746 0.518375 0.119127
v 0.111634 0.500691 0.125490
v 0.537683 0.450717 0.141883
v -0.048704 0.498510 0.012166
v -0.052760 0.581550 0.038814
v -0.048954 0.411893 -0.008083
v -0.051200 0.584616 0.104793
v 0.020603 0.248880 -0.086650
v 0.068091 0.251640 -0.071061
v 0.116985 0.248948 0.046296
v 0.101912 0.243360 0.129910
v 0.118857 0.337406 0.008997
v -0.072925 0.467843 0.057359
v 0.098591 0.277435 -0.038630
v -0.052802 0.530608 0.111869
v 0.131284 0.509209 0.073127
v 0.112886 0.445490 0.138486
v -0.013723 0.254741 -0.077631
v -0.078526 0.298288 -0.018672
v 0.020603 0.248880 -0.086650
v 0.108576 0.247858 -0.011864
v -0.064160 0.529279 0.076784
v -0.052296 0.561377 0.022771
v -0.044061 0.326502 -0.076722
v -0.008656 0.316109 -0.091579
v -0.045276 0.579028 0.136434
v 0.113565 0.446615 0.137632
v 0.116510 0.560491 0.154679
v -0.066987 0.584650 0.092737
v 0.063153 0.079598 0.032469
v 0.054977 0.017003 0.008576
v 0.072348 0.079598 0.037536
v 0.062906 0.055916 0.004111
v -0.085731 0.019184 0.046265
v -0.112314 0.027771 -0.004848
v 0.074644 0.017003 0.004090
v 0.062477 0.020070 -0.035459
v -0.075691 0.023580 0.014897
v 0.041194 0.028452 -0.074676
v 0.009753 0.038947 -0.092388
v 0.054977 0.017003 0.008576
v -0.112314 0.027771 -0.004848
v 0.074644 0.017003 0.004090
v -0.085731 0.019184 0.046265
v -0.066143 0.037482 -0.073782
v -0.021581 0.039526 -0.094153
v -0.075691 0.023580 0.014897
v -0.048202 0.265917 -0.056415
v -0.038699 0.376660 0.175685
v -0.017153 0.223052 -0.082406
v 0.115782 0.165636 0.088825
v 0.116735 0.195145 0.136209
v 0.108423 0.444911 0.117695
v -0.104654 0.251708 0.020001
v 0.102795 0.352330 0.123208
v -0.084395 0.368720 0.124283
v 0.014006 0.420173 0.187638
v 0.066546 0.358191 0.180022
v 0.121361 0.342790 0.046941
v -0.086460 0.360031 0.025602
v 0.063153 0.079598 0.032469
v -0.095119 0.031485 -0.047286
v 0.020811 0.034109 0.048628
v -0.089766 0.364870 0.065500
v 0.020811 0.034109 0.048628
v 0.124395 0.132379 0.038944
v 0.106391 0.201244 0.130391
v 0.125160 0.425045 0.047507
v -0.079227 0.575465 0.411181
v -0.573707 0.735596 -0.032637
v -0.530151 0.734527 -0.026646
v -0.133190 0.587862 0.428808
v 0.369968 0.304660 0.234121
v 0.414254 0.329296 0.237163
v 0.482000 0.212625 0.195894
v 0.381781 0.213784 0.191835
v 0.396480 0.253923 0.212278
v 0.353417 0.132345 -0.065015
v 0.311156 0.126280 -0.074027
v 0.321766 0.052441 -0.001951
v 0.282429 0.060687 -0.011064
v -0.099623 0.536464 0.422377
v -0.143812 0.588238 0.426885
v -0.100140 0.532726 0.427411
v -0.131176 0.533161 0.420061
v -0.079227 0.572970 0.404663
v -0.079227 0.582342 0.429142
v -0.130659 0.539297 0.421292
v -0.083020 0.574564 0.407790
v -0.143812 0.581361 0.408924
v 0.020265 0.511118 0.215533
v 0.035109 0.657331 0.252724
v 0.298614 1.443021 -0.111352
v 0.033515 0.332465 0.202375
v 0.205624 1.913556 0.148943
v 0.081377 0.055916 -0.000102
v 0.451519 0.569521 0.153012
v -0.546914 0.740234 0.009539
v -0.535363 0.709670 0.019523
v -0.563032 0.548054 -0.062051
v -0.531445 0.711476 -0.052715
v -0.526742 0.679207 -0.064130
v -0.488306 0.604345 -0.061779
v -0.587088 0.743335 0.004939
v -0.642766 0.680434 0.017274
v -0.546778 0.742313 -0.043651
v 0.123496 0.151495 -0.023830
v -0.098453 0.064639 0.013169
v -0.100799 0.089923 -0.045990
v -0.078407 0.101610 -0.028416
v 0.017147 0.222881 -0.100575
v 0.129469 0.121885 0.003886
v 0.017147 0.222881 -0.100575
v 0.075988 0.212897 -0.090372
v -0.141783 0.135071 0.014735
v -0.113749 0.170407 -0.028602
v -0.121300 0.227890 0.147276
v -0.132755 0.194395 0.100889
v 0.129956 0.129449 0.037431
v -0.143744 0.149212 0.048734
v 0.057832 0.132345 -0.065016
v 0.060163 0.120283 -0.080226
v -0.067763 0.128529 -0.072609
v 0.083618 0.080723 -0.041295
v -0.015343 0.154835 -0.074011
v 0.017029 0.145532 -0.094502
v -0.112314 0.027771 -0.004848
v 0.108592 0.183866 -0.055765
v -0.023807 0.217429 -0.094414
v 0.128145 0.156129 0.089395
v 0.099024 0.238930 0.185579
v 0.020662 0.157629 -0.068769
v 0.062477 0.020070 -0.035459
v -0.021581 0.039526 -0.094153
v -0.066143 0.037482 -0.073782
v -0.022533 0.148837 -0.090056
v -0.060573 0.134560 -0.056564
v -0.066689 0.203936 -0.074182
v 0.073272 0.291133 0.202918
v -0.079785 0.302650 0.202253
v 0.041194 0.028452 -0.074676
v 0.009753 0.038947 -0.092388
v -0.746148 0.716791 -0.036836
v -0.749998 0.716757 -0.018674
v -0.502413 0.665611 -0.062290
v -0.507388 0.677197 -0.061711
v -0.659394 0.765450 -0.018674
v -0.762640 0.744357 -0.018674
v -0.698580 0.725651 -0.018674
v -0.700386 0.725412 -0.036257
v -0.762640 0.744357 -0.018674
v -0.060573 0.134560 -0.056564
v -0.022914 0.166318 -0.101223
v 0.020662 0.157629 -0.068769
v 0.015025 0.170407 -0.109877
v -0.078407 0.101610 -0.028416
v -0.120091 0.111287 -0.034494
v -0.152962 0.074112 0.012462
v -0.098453 0.064639 0.013169
v -0.145899 0.164341 0.137649
v -0.119753 0.072170 0.047421
v -0.120492 0.095783 0.077122
v -0.155088 0.109550 0.072851
v -0.134679 0.193577 0.180245
v -0.111109 0.136298 0.130971
v 0.083618 0.080723 -0.041295
v 0.117788 0.086174 -0.048391
v 0.066729 0.153029 -0.101086
v 0.100092 0.126280 -0.074027
v 0.089483 0.052441 -0.001952
v 0.081377 0.055916 -0.000102
v -0.015343 0.154835 -0.074011
v -0.072818 0.146009 -0.080368
v -0.098453 0.064639 0.013169
v -0.105798 0.163149 0.173097
v 0.133299 0.069376 0.027267
v 0.128819 0.060687 -0.011065
v -0.107220 0.261420 0.193064
v -0.004357 0.358089 0.209022
v 0.057832 0.132345 -0.065016
v 0.015025 0.170407 -0.109877
v 0.020662 0.157629 -0.068769
v -0.154152 0.077724 0.040030
v 0.127301 0.118307 0.105001
v 0.072348 0.079598 0.037536
v -0.046263 0.337951 0.210858
v 0.034974 0.334100 0.210151
v -0.750578 0.632423 -0.018674
v -0.665221 0.610990 -0.045832
v -0.659394 0.765450 -0.018674
v -0.760664 0.743915 -0.034587
v -0.660451 0.763678 -0.034928
v -0.650330 0.671847 -0.018674
v -0.664948 0.610411 -0.018674
v -0.693741 0.691542 -0.018674
v -0.651659 0.669598 -0.049137
v -0.051174 0.306125 0.239274
v 0.042192 0.230378 0.188933
v -0.003006 0.329296 0.237163
v 0.029468 0.213783 0.191835
v 0.044259 0.234262 0.211633
v 0.029468 0.213783 0.191835
v 0.067446 0.190340 0.200821
v 0.058299 0.199472 0.160723
v -0.088056 0.187512 0.175341
v 0.086981 0.143079 0.159598
v 0.095718 0.108391 0.104901
v 0.115754 0.158480 0.163624
v 0.097197 0.061130 0.031868
v 0.079430 0.108561 0.077930
v 0.041281 0.304660 0.234121
v -0.040424 0.254741 0.218683
v -0.070751 0.212625 0.195893
v -0.042745 0.235148 0.207434
v -0.042745 0.235148 0.207434
v -0.011200 0.267689 0.215337
v 0.014769 0.253923 0.212278
v 0.054715 0.189352 0.162939
v -0.097871 0.190034 0.214592
v -0.088957 0.270245 0.232830
v 0.094496 0.208809 0.210623
v -0.016578 0.246393 0.208001
v -0.054054 0.014720 0.437467
v 0.007078 0.234296 0.206449
v -0.016578 0.246393 0.208001
v 0.007078 0.234296 0.206449
v 0.071624 0.148803 0.135176
v -0.073808 0.225164 0.220182
v -0.120828 0.222813 0.222275
v 0.074465 0.250175 0.220714
v -0.026237 0.016731 0.456914
v -0.054054 0.014720 0.437467
v -0.738345 0.697369 -0.036904
v -0.748738 0.632968 -0.035916
v -0.692958 0.691133 -0.039324
v -0.610054 0.737406 -0.018674
v -0.581602 0.899192 -0.033088
v -0.581602 0.899192 -0.018674
v -0.650330 0.671847 -0.018674
v -0.643038 0.681183 -0.018674
v -0.741820 0.697096 -0.018674
v -0.107897 0.007190 0.132336
v -0.095430 0.017276 0.077137
v 0.021643 0.022625 0.093489
v 0.020811 0.034109 0.048628
v -0.050477 0.174325 0.287835
v -0.027348 0.164580 0.320130
v 0.053615 0.130914 0.221696
v -0.102681 0.033291 0.044890
v -0.113219 0.028214 0.070395
v -0.119753 0.072170 0.047421
v -0.119149 0.100588 0.182749
v -0.121231 0.022523 0.129191
v 0.072348 0.079598 0.037536
v -0.122760 0.043445 0.125555
v -0.095430 0.017276 0.077137
v -0.107897 0.007190 0.132336
v 0.001163 0.015606 0.439445
v -0.098511 0.006168 0.346918
v 0.044967 0.025692 0.090789
v 0.029551 0.164955 0.250881
v -0.103018 0.139501 0.227265
v -0.080159 0.161581 0.263431
v 0.052713 0.034109 0.054422
v -0.142238 0.018366 0.265080
v -0.111274 0.065253 0.307820
v 0.034904 0.029031 0.171233
v 0.051280 0.015913 0.329280
v 0.034904 0.029031 0.171233
v 0.052713 0.034109 0.054422
v 0.021643 0.022625 0.093489
v 0.005134 0.174325 0.280811
v 0.044967 0.025692 0.090789
v -0.116801 0.020615 0.348399
v -0.065566 0.103109 0.345484
v -0.125982 0.000000 0.262804
v 0.075515 0.018468 0.243856
v -0.618028 0.711476 -0.018674
v -0.665459 0.593476 -0.018674
v -0.750578 0.632423 -0.018674
v -0.610054 0.737406 -0.018674
v -0.586475 0.548054 -0.018674
v -0.665459 0.593476 -0.018674
v -0.625047 0.684250 -0.018674
v -0.643038 0.681183 -0.018674
v -0.664948 0.610411 -0.018674
v 0.030639 0.213783 0.197125
v 0.079430 0.108561 0.077930
v -0.076522 0.180118 0.237088
v -0.115542 0.116841 0.159802
v 0.060066 0.050021 0.124497
v 0.031455 0.180595 0.236397
v 0.040069 0.054621 0.132134
v 0.009018 0.236068 0.214953
v 0.086287 0.027532 0.243426
v 0.046674 0.050430 0.162467
v -0.026612 0.122191 0.366865
v 0.007488 0.034586 0.434997
v -0.058806 0.030599 0.435790
v 0.013028 0.106006 0.343458
v -0.070751 0.212625 0.195893
v -0.111109 0.136298 0.130971
v -0.094664 0.157458 0.209037
v -0.124718 0.060584 0.101188
v -0.026297 0.190919 0.285360
v -0.052334 0.192316 0.263759
v -0.044381 0.234262 0.216964
v 0.007052 0.195519 0.259649
v 0.080299 0.029031 0.164932
v 0.056548 0.072408 0.299210
v -0.025044 0.034075 0.463982
v 0.053600 0.148701 0.209222
v 0.022299 0.161104 0.247433
v 0.054715 0.189352 0.162939
v -0.017758 0.249936 0.222285
v -0.120492 0.095783 0.077122
v -0.088056 0.187512 0.175341
v 0.066293 0.096703 0.190250
v 0.075114 0.045967 0.155070
v 0.064784 0.029986 0.335007
v 0.068511 0.109890 0.181741
v 0.071624 0.148803 0.135176
v -0.614143 0.709670 -0.056872
v -0.535363 0.709670 -0.056872
v -0.602728 0.742313 -0.018674
v -0.587088 0.743335 -0.018674
v -0.562418 0.743335 -0.042288
v -0.664199 0.595179 -0.053465
v -0.618028 0.711476 -0.052715
v -0.665221 0.610990 -0.045832
v -0.562180 0.740166 -0.047604
v -0.049371 0.180118 0.254380
v 0.275855 1.912300 0.207573
v 0.053152 0.097146 0.185349
v 0.270171 1.925439 0.204983
v -0.046023 0.167442 0.274726
v 0.257126 1.893730 0.212918
v -0.027316 0.176881 0.276296
v 0.270510 1.899162 0.210819
v -0.110763 0.055882 0.103072
v -0.026755 0.159605 0.300667
v -0.086196 0.149792 0.209238
v -0.069655 0.159162 0.252332
v 0.021300 0.169759 0.235393
v -0.091224 0.135514 0.223351
v 0.054194 0.106483 0.177352
v 0.256646 1.930923 0.204659
v 0.041730 0.136537 0.218011
v 0.243262 1.925487 0.206760
v 0.270510 1.899162 0.210819
v 0.257126 1.893730 0.212918
v 0.237843 1.912350 0.210005
v 0.243601 1.899209 0.212595
v -0.112170 0.043718 0.127089
v -0.109706 0.100861 0.183390
v -0.070491 0.169725 0.235642
v 0.237843 1.912350 0.210005
v 0.270171 1.925439 0.204983
v 0.243601 1.899209 0.212595
v 0.257126 1.893730 0.212918
v 0.256918 1.912838 0.213915
v 0.039960 0.143794 0.210097
v -0.103664 0.115444 0.168207
v -0.000190 0.181174 0.252109
v 0.001865 0.170475 0.270618
v 0.256646 1.930923 0.204659
v 0.243262 1.925487 0.206760
v -0.651659 0.669598 -0.049137
v -0.642766 0.680434 -0.054623
v -0.664199 0.595179 -0.053465
v -0.586475 0.548054 -0.062051
v -0.625047 0.684250 -0.057962
v -0.642766 0.680434 -0.054623
v -0.610054 0.737406 -0.046070
v -0.605761 0.735941 -0.048899
v -0.602592 0.740234 -0.046888
v -0.612474 1.247043 0.021722
v -0.695940 1.211466 -0.061434
v 0.275855 1.912300 0.207573
v -0.707747 1.198921 -0.019836
v -0.654187 1.229255 -0.071299
v -0.709728 1.170374 -0.019836
v 0.269307 1.894073 0.192894
v 0.258133 1.899449 0.105293
v 0.252739 1.936025 0.193233
v 0.277398 1.912293 0.196655
v 0.253662 1.888589 0.202913
v -0.641021 1.216787 0.038967
v -0.631699 1.279513 -0.071843
v -0.598686 1.288097 -0.019836
v -0.629252 1.255705 0.016518
v -0.629252 1.255705 0.016518
v -0.679161 1.202805 -0.056229
v -0.717885 1.188201 -0.019836
v 0.217141 1.916452 0.107713
v -0.667393 1.241684 -0.078640
v -0.618921 1.266658 -0.019836
v -0.627038 1.284446 -0.019836
v -0.669529 1.186531 0.021722
v -0.679161 1.202805 0.016518
v 0.231295 1.893405 0.196741
v 0.229827 1.912024 0.201167
v 0.236510 1.929138 0.196624
v -0.679161 1.202805 0.016518
v -0.695940 1.211466 0.021722
v -0.598686 1.288097 -0.019836
v -0.614920 1.270852 0.037375
v -0.638885 1.271940 0.021722
v -0.689493 1.191813 -0.019836
v -0.654397 1.542704 -0.075882
v -0.614920 1.270852 -0.077086
v -0.659053 0.616748 -0.063142
v 0.169780 1.898834 0.211031
v -0.647093 0.665611 -0.062290
v -0.622764 0.679207 -0.064130
v -0.654187 1.229255 0.031587
v -0.654187 1.229255 0.031587
v 0.237114 1.894999 0.203989
v 0.241164 1.892395 0.106281
v -0.612474 1.247043 -0.061434
v 0.137434 1.912756 0.209742
v -0.584805 0.557357 -0.070843
v -0.661200 0.604345 -0.061779
v -0.587327 0.740166 -0.047604
v -0.587088 0.743335 -0.042288
v 0.170119 1.925112 0.205196
v 0.156247 1.893707 0.212934
v 0.143195 1.925766 0.206578
v 0.156727 1.930898 0.204674
v 0.156456 1.912813 0.213930
v 0.143195 1.925766 0.206578
v 0.175467 1.911848 0.207866
v 0.170119 1.925112 0.205196
v 0.157919 1.888587 0.202914
v 0.156727 1.930898 0.204674
v 0.156247 1.893707 0.212934
v 0.157919 1.888587 0.202914
v -0.668729 1.527557 -0.055025
v -0.640104 1.531402 -0.018632
v -0.658398 1.538510 -0.018632
v -0.693454 1.187619 -0.077086
v -0.654187 1.229255 -0.100778
v -0.669529 1.186531 -0.061434
v 0.223109 1.912805 0.194212
v 0.230802 1.932374 0.189748
v -0.658398 1.538510 -0.018632
v -0.651950 1.518896 -0.060230
v -0.641021 1.216787 -0.078640
v 0.224161 1.933455 0.107304
v 0.241164 1.940509 0.106281
v -0.630006 1.542122 -0.018632
v -0.644804 1.526469 -0.070639
v -0.656417 1.567057 -0.018632
v -0.679161 1.202805 -0.056229
v -0.676676 1.178957 -0.071843
v -0.654187 1.229255 -0.071299
v 0.250021 1.886298 0.195262
v 0.269974 1.932180 0.187464
v 0.224161 1.899449 0.107304
v -0.693664 1.501107 0.032791
v -0.641021 1.216787 -0.093399
v -0.651950 1.518896 0.022926
v -0.703087 1.203854 -0.071843
v 0.265186 1.916452 0.104884
v -0.667393 1.241684 -0.093399
v -0.644804 1.526469 0.033374
v 0.276936 1.913212 0.189206
v -0.718638 1.474658 0.017722
v -0.747224 1.470773 -0.018632
v -0.720852 1.445877 -0.018632
v -0.749205 1.442226 -0.018632
v -0.668729 1.527557 -0.055025
v -0.666515 1.556298 -0.018632
v 0.269930 1.929091 0.193659
v 0.270721 1.895447 0.200562
v 0.253662 1.888589 0.202913
v 0.258133 1.933455 0.105293
v -0.718638 1.474658 -0.055025
v -0.709006 1.458383 -0.060230
v -0.680497 1.488640 -0.077436
v -0.732931 1.459471 -0.075882
v -0.728969 1.463666 -0.018632
v -0.718638 1.474658 -0.055025
v -0.693664 1.501107 -0.070095
v -0.706869 1.513536 0.040171
v -0.706869 1.513536 0.054891
v -0.693664 1.501107 0.062271
v -0.735417 1.483319 0.022926
v -0.718638 1.474658 0.017722
v -0.709006 1.458383 0.022926
v -0.757361 1.460054 -0.018632
v -0.680497 1.488640 -0.092195
v -0.716152 1.450810 0.033374
v -0.732931 1.459471 0.038579
v -0.654187 1.229255 0.061067
v -0.676676 1.178957 0.032170
v -0.640104 1.531402 -0.018632
v -0.691473 1.163305 -0.019836
v -0.658398 1.538510 -0.018632
v -0.689493 1.191813 -0.019836
v -0.618921 1.266658 -0.019836
v -0.600628 1.259550 -0.019836
v -0.629252 1.255705 -0.056229
v -0.627038 1.284446 -0.019836
v -0.667393 1.241684 0.038967
v -0.667393 1.241684 0.053687
v -0.590529 1.270270 -0.019836
v -0.618921 1.266658 -0.019836
v -0.641021 1.216787 0.053687
v -0.631699 1.279513 0.032170
v -0.681375 1.174025 -0.019836
v -0.630006 1.542122 -0.018632
v -0.616940 1.295205 -0.019836
v -0.678361 1.543792 -0.060230
v -0.605327 1.254617 0.032170
v -0.616940 1.295205 -0.019836
v -0.703087 1.203854 0.032170
v -0.693454 1.187619 0.037375
v -0.638885 1.271940 -0.061434
v 0.156247 1.893707 0.212934
v 0.142855 1.899489 0.212414
v 0.241164 1.892395 0.106281
v 0.169780 1.898834 0.211031
v -0.642084 0.677197 -0.061711
v -0.602728 0.742313 -0.043651
v 0.175030 1.895159 0.200743
v 0.137434 1.912756 0.209742
v 0.142855 1.899489 0.212414
v 0.175467 1.911848 0.207866
v -0.638162 1.559949 -0.018632
v -0.658398 1.538510 -0.018632
v -0.666515 1.556298 -0.018632
v -0.654397 1.542704 0.038579
v -0.678361 1.543792 0.022926
v -0.671176 1.551366 0.033374
v -0.629252 1.255705 -0.056229
v -0.618921 1.266658 -0.019836
v -0.638162 1.559949 -0.018632
v -0.671176 1.551366 -0.070639
v -0.668729 1.527557 0.017722
v -0.600628 1.259550 -0.019836
v -0.590529 1.270270 -0.019836
v -0.656417 1.567057 -0.018632
v 0.250258 1.940280 0.187253
v -0.668729 1.527557 0.017722
v -0.605327 1.254617 -0.071843
v -0.680497 1.488640 0.054891
v -0.693664 1.501107 0.032791
v 0.250021 1.886298 0.195262
v -0.680497 1.488640 0.040171
v -0.693664 1.501107 -0.070095
v -0.742563 1.475706 -0.070639
v -0.706869 1.513536 -0.077436
v -0.693664 1.501107 -0.099574
v -0.735417 1.483319 -0.060230
v -0.706869 1.513536 -0.092195
v -0.730950 1.435157 -0.018632
v -0.742563 1.475706 0.033374
v -0.728969 1.463666 -0.018632
v -0.716152 1.450810 -0.070639
v 0.220117 1.952956 0.225087
v 0.206592 1.958439 0.224763
v 0.131365 1.908069 0.078149
v 0.118393 1.902272 0.164158
v 0.118445 1.956295 0.155766
v 0.131365 1.956183 0.078149
v 0.207072 1.921247 0.233023
v 0.193248 1.953283 0.226682
v 0.225801 1.939817 0.227677
v 0.114392 1.915122 0.076716
v 0.096749 1.909450 0.161820
v 0.220457 1.926679 0.230923
v 0.155339 1.932126 0.080222
v 0.148300 1.915122 0.079612
v 0.114392 1.949129 0.076716
v 0.137396 1.948108 0.158804
v 0.131365 1.908069 0.078149
v 0.137554 1.909892 0.164718
v 0.099282 1.948457 0.155301
v 0.113894 1.952128 0.159617
v 0.111710 1.904705 0.168784
v 0.128696 1.911388 0.169119
v 0.126355 1.928250 0.174275
v 0.120458 1.915158 0.176629
v 0.088437 1.928612 0.170687
v 0.106866 1.909838 0.176591
v 0.111710 1.904705 0.168784
v 0.106866 1.909838 0.176591
v 0.118393 1.902272 0.164158
v 0.096968 1.945410 0.159350
v 0.136292 1.928186 0.166471
v 0.095312 1.911918 0.165762
v 0.183153 1.916452 0.104884
v 0.176099 1.933455 0.105293
v 0.106866 1.909838 0.176591
v 0.120458 1.915158 0.176629
v 0.141397 1.932562 0.189634
v 0.159130 1.940509 0.106281
v 0.180347 1.931986 0.187582
v 0.093606 1.915426 0.174144
v 0.132176 1.913120 0.194019
v 0.188678 1.912996 0.189337
v 0.135108 1.916452 0.107713
v 0.160991 1.940280 0.187253
v 0.142127 1.933455 0.107304
v 0.180502 1.893910 0.192992
v 0.142127 1.899449 0.107304
v 0.159130 1.892395 0.106281
v 0.161227 1.886298 0.195262
v 0.176099 1.899449 0.105293
v 0.140610 1.929440 0.196432
v 0.158839 1.936023 0.193235
v 0.182335 1.911898 0.196903
v 0.187488 1.940272 0.229846
v 0.207072 1.921247 0.233023
v 0.206864 1.940354 0.234019
v 0.220457 1.926679 0.230923
v 0.207072 1.921247 0.233023
v 0.146098 1.928995 0.162407
v 0.148300 1.949129 0.079612
v 0.192909 1.927006 0.232518
v 0.089531 1.929084 0.157778
v 0.107386 1.932126 0.076111
v 0.126355 1.928250 0.174275
v 0.094406 1.941702 0.168345
v 0.121258 1.941433 0.170830
v 0.107998 1.947027 0.168383
v 0.130137 1.945093 0.162506
v 0.089193 1.928786 0.161869
v 0.088437 1.928612 0.170687
v 0.093606 1.915426 0.174144
v 0.106660 1.928946 0.177554
v 0.094406 1.941702 0.168345
v 0.107998 1.947027 0.168383
v 0.121258 1.941433 0.170830
v 0.140497 1.893618 0.196611
v 0.159130 1.892395 0.106281
v 0.132521 1.912488 0.200871
v 0.175569 1.928820 0.193829
v 0.161227 1.886298 0.195262
v 0.139739 1.895319 0.203785
v 0.142831 1.975858 0.187665
v 0.160637 1.980713 0.101863
v 0.134801 1.959348 0.191742
v 0.190483 1.956000 0.183118
v 0.163047 1.929427 0.188957
v 0.177606 1.939653 0.100875
v 0.268060 1.947261 0.200637
v 0.184660 1.956656 0.100466
v 0.162860 1.983849 0.180640
v 0.160955 1.981630 0.185110
v 0.177705 1.974579 0.185586
v 0.241150 1.947308 0.202414
v 0.143634 1.939653 0.102885
v 0.142003 1.942061 0.194753
v 0.182325 1.937077 0.186661
v 0.142418 1.937626 0.189684
v 0.177205 1.941222 0.192261
v 0.160090 1.934615 0.194459
v 0.160637 1.932599 0.101863
v 0.159178 1.978997 0.194493
v 0.158698 1.941805 0.202753
v 0.172230 1.946933 0.200850
v 0.205624 1.964158 0.206501
v 0.172230 1.946933 0.200850
v 0.217116 1.954820 0.123732
v 0.145306 1.947588 0.202233
v 0.158698 1.941805 0.202753
v 0.158698 1.941805 0.202753
v 0.160090 1.934615 0.194459
v 0.145645 1.973865 0.196397
v 0.177917 1.959947 0.197685
v 0.145306 1.947588 0.202233
v 0.183144 1.920814 0.125743
v 0.176125 1.937817 0.126152
v 0.183144 1.954820 0.125743
v 0.186180 1.956458 0.208886
v 0.200147 1.913761 0.124720
v 0.205624 1.909839 0.214411
v 0.185755 1.917836 0.215953
v 0.177614 1.937461 0.213395
v 0.205624 1.909839 0.214411
v 0.200147 1.913761 0.124720
v 0.229920 1.938030 0.216384
v 0.217116 1.920814 0.123732
v 0.225005 1.917642 0.212052
v 0.206072 1.914404 0.222660
v 0.205640 1.961502 0.212901
v 0.188658 1.955569 0.216252
v 0.181093 1.938978 0.220769
v 0.188170 1.921712 0.223662
v 0.193248 1.953283 0.226682
v 0.206592 1.958439 0.224763
v 0.220117 1.952956 0.225087
v 0.182232 1.975682 0.180880
v 0.177606 1.973659 0.100875
v 0.143269 1.976154 0.183005
v 0.143634 1.973659 0.102885
v 0.254675 1.941829 0.202737
v 0.160637 1.932599 0.101863
v 0.136615 1.956656 0.103294
v 0.134116 1.957287 0.186978
v 0.163047 1.929427 0.188957
v 0.184493 1.957829 0.188524
v 0.139885 1.960854 0.199561
v 0.159178 1.978997 0.194493
v 0.158906 1.960912 0.203749
v 0.145645 1.973865 0.196397
v 0.172570 1.973210 0.195014
v 0.139885 1.960854 0.199561
v 0.172570 1.973210 0.195014
v 0.177917 1.959947 0.197685
v 0.225072 1.956156 0.206739
v 0.224170 1.937817 0.123323
v 0.232817 1.936657 0.208327
v 0.200147 1.961874 0.124720
v 0.222654 1.954689 0.213356
v 0.223090 1.921289 0.220316
v 0.187488 1.940272 0.229846
v 0.225801 1.939817 0.227677
v 0.206072 1.914404 0.222660
v 0.192909 1.927006 0.232518
v 0.290260 1.941593 0.170452
v 0.230362 1.985865 -0.156649
v 0.303644 1.947029 0.168351
v 0.268090 1.975876 0.180762
v 0.222654 1.973659 0.102885
v 0.221169 1.956972 0.187171
v 0.122721 1.122278 0.150578
v 0.099312 1.151514 0.142809
v -0.043767 1.657520 0.084133
v 0.125447 1.931479 0.088801
v 0.317169 1.941545 0.168676
v 0.322853 1.928406 0.171265
v 0.290260 1.941593 0.170452
v 0.022249 1.141359 0.099579
v 0.304124 1.909837 0.176611
v 0.205624 2.022816 -0.227360
v 0.267484 1.937239 0.186563
v 0.248202 1.929427 0.188957
v 0.149878 1.121664 0.162164
v 0.179203 1.094337 0.163985
v 0.042544 1.167631 0.084576
v 0.234417 1.965516 -0.196382
v 0.263679 1.956656 0.100466
v 0.215634 1.956656 0.103294
v 0.110514 1.132023 -0.062810
v 0.280239 1.945314 0.161968
v 0.273620 1.928646 0.165600
v 0.275131 1.956215 0.182988
v 0.229374 1.937414 0.189815
v 0.284842 1.928456 0.173698
v 0.304124 1.909837 0.176611
v 0.317509 1.915268 0.174511
v 0.234289 1.975556 0.187856
v 0.250622 1.981633 0.185108
v 0.290599 1.915316 0.176288
v 0.317509 1.915268 0.174511
v 0.304124 1.909837 0.176611
v 0.303644 1.947029 0.168351
v 0.160310 1.083501 0.152450
v 0.281067 1.911815 0.168454
v 0.176831 1.965515 -0.196382
v 0.234850 1.941741 0.194957
v 0.010477 0.606219 -0.011366
v 0.256626 1.939653 0.100875
v 0.239657 1.932599 0.101863
v 0.239657 1.932599 0.101863
v 0.149538 1.168415 -0.072133
v 0.177717 1.124765 0.168229
v 0.251491 1.934618 0.194457
v 0.267721 1.973538 0.194802
v 0.275240 1.958225 0.188276
v 0.185952 1.054231 0.114828
v 0.177717 1.157545 0.172113
v 0.205624 1.946743 -0.198604
v 0.022249 1.141359 0.099579
v 0.267794 1.974850 0.185416
v -0.129289 1.509371 -0.022670
v 0.251491 1.934618 0.194457
v 0.268546 1.941509 0.192079
v 0.154309 1.078765 0.144448
v 0.099312 1.151514 0.142809
v 0.149508 1.108886 -0.079097
v 0.273405 1.960399 0.197392
v 0.235393 1.960448 0.199824
v 0.240811 1.973585 0.196579
v 0.220561 1.950165 -0.198188
v 0.236920 1.992408 -0.193261
v 0.304194 1.932126 0.076732
v 0.254195 1.979021 0.194478
v 0.174329 1.992408 -0.193261
v 0.240811 1.973585 0.196579
v 0.254195 1.979021 0.194478
v 0.317169 1.941545 0.168676
v 0.322853 1.928406 0.171265
v 0.298503 1.904702 0.168864
v 0.073347 1.181567 0.106690
v 0.303916 1.928944 0.177607
v 0.228930 1.975966 0.183119
v 0.256149 1.932126 0.079560
v 0.248388 1.983849 0.180640
v 0.273405 1.960399 0.197392
v 0.248202 1.929427 0.188957
v 0.297140 1.915123 0.077140
v 0.263168 1.949129 0.079151
v 0.291922 1.902271 0.164228
v 0.311511 1.909954 0.161887
v 0.256626 1.973659 0.100875
v 0.290599 1.915316 0.176288
v 0.298503 1.904702 0.168864
v 0.280171 1.908070 0.078129
v 0.322619 1.928334 0.162781
v 0.284842 1.928456 0.173698
v 0.227547 1.958884 0.192038
v 0.267721 1.973538 0.194802
v 0.154309 1.078765 0.144448
v 0.280171 1.956183 0.078129
v 0.265689 1.928974 0.162005
v 0.314733 1.945193 0.159910
v 0.239657 1.980713 0.101863
v 0.222654 1.939653 0.102885
v 0.122721 1.122278 0.150578
v 0.297149 1.952128 0.159633
v 0.272953 1.948390 0.158228
v 0.292802 1.956296 0.155766
v 0.291922 1.902271 0.164228
v 0.263168 1.915123 0.079151
v 0.274205 1.909367 0.164866
v 0.254675 1.941829 0.202737
v 0.110522 1.191585 -0.055879
v 0.086057 1.169130 0.126556
v 0.268060 1.947261 0.200637
v 0.280171 1.908070 0.078129
v 0.254467 1.960936 0.203733
v 0.319247 1.929082 0.158360
v 0.177717 1.162588 0.167718
v 0.297140 1.949129 0.077140
v 0.312918 1.948184 0.155858
v 0.235393 1.960448 0.199824
v 0.190688 1.950165 -0.198188
v 0.254675 1.941829 0.202737
v 0.241150 1.947308 0.202414
v 0.315832 1.911492 0.166541
v 0.143200 1.219049 -0.081128
v 0.196629 1.130933 -0.141270
v 0.095530 1.124765 -0.144132
v 0.119279 1.186031 -0.100926
v 0.089162 1.047518 -0.164773
v 0.127730 1.050483 -0.192824
v 0.143200 1.219049 -0.081128
v 0.173765 1.277794 -0.061550
v 0.196629 1.174991 -0.145938
v 0.106847 1.141836 -0.112503
v 0.031883 0.719926 -0.348435
v 0.177445 1.276431 -0.090022
v 0.066702 1.116417 -0.118474
v 0.095530 1.124765 -0.144132
v 0.121903 0.950270 -0.245299
v 0.119279 1.186031 -0.100926
v 0.114850 0.845525 -0.299410
v 0.052430 0.842594 -0.279196
v 0.069842 0.944613 -0.221746
v 0.094303 0.585468 -0.384493
v 0.192131 0.471489 -0.453903
v -0.065770 0.734809 -0.185124
v -0.024583 0.938548 -0.017716
v -0.005842 0.931358 -0.110296
v 0.074574 1.116417 -0.112681
v -0.003764 1.066941 0.088699
v 0.052834 1.105820 -0.065045
v -0.033058 0.718453 -0.276954
v 0.034536 0.837994 -0.260667
v 0.112128 0.609218 -0.403697
v 0.055526 0.939809 -0.208771
v 0.005607 0.707727 -0.320059
v -0.032882 0.842673 -0.144059
v 0.074574 1.116417 -0.112681
v -0.052930 0.863977 -0.029093
v 0.074335 1.042714 -0.148971
v 0.052800 1.049392 -0.146245
v -0.087407 0.773279 -0.042931
v -0.104410 0.809977 0.079601
v 0.139963 1.042714 -0.149107
v 0.149538 1.168415 -0.072133
v -0.074627 0.884463 0.082088
v 0.143200 1.170289 0.169762
v 0.151310 1.142518 -0.093225
v 0.130388 0.924782 -0.211531
v 0.095291 1.143438 -0.092816
v 0.110522 1.191585 -0.055879
v 0.149844 1.164087 0.164856
v 0.120165 0.825489 -0.260973
v 0.110522 1.191585 -0.055879
v 0.034536 0.837994 -0.260667
v 0.110522 1.191585 -0.055879
v 0.174412 1.170766 0.175623
v 0.196629 1.130933 -0.141270
v 0.143200 1.219049 -0.081128
v 0.105616 0.719926 -0.363504
v 0.119279 1.186031 -0.100926
v 0.205624 1.245287 -0.108592
v 0.133761 1.140780 -0.135886
v 0.106847 1.141836 -0.112503
v 0.205624 0.719960 -0.363504
v 0.074335 1.042714 -0.148971
v 0.005607 0.707727 -0.320059
v 0.088238 1.144119 -0.101403
v 0.038134 1.097809 0.000754
v 0.030924 1.055253 -0.077005
v -0.001367 0.839613 -0.228260
v 0.088238 1.144119 -0.101403
v 0.088238 1.144119 -0.101403
v 0.024689 0.939230 -0.188224
v -0.050139 0.945704 0.084133
v 0.095291 1.143438 -0.092816
v 0.094303 0.585468 -0.384493
v 0.205624 0.672767 -0.329736
v 0.005607 0.707727 -0.320059
v 0.073347 1.150389 -0.059389
v 0.105616 0.690247 -0.324897
v 0.055526 0.939809 -0.208771
v 0.205624 0.812984 -0.261314
v 0.088238 1.144119 -0.101403
v 0.069156 1.158942 -0.002825
v 0.097642 1.143983 -0.157523
v 0.048711 1.203171 0.064165
v 0.098596 1.232509 0.163561
v 0.047042 1.178773 0.013565
v 0.160033 1.264028 -0.060085
v 0.018453 1.062375 -0.097177
v 0.074233 1.197037 0.151089
v 0.136657 1.282223 -0.073904
v 0.052221 1.216426 0.093810
v 0.129229 1.260552 -0.088727
v 0.056787 1.108580 -0.125868
v 0.039818 1.147834 -0.072541
v 0.131035 1.152570 0.188810
v 0.059990 1.215983 -0.042386
v 0.089873 1.150389 -0.156399
v 0.073517 1.053584 -0.197220
v -0.109851 0.808155 -0.064023
v 0.157409 1.245389 -0.108524
v 0.092906 1.254317 -0.064568
v 0.067657 1.267026 0.030602
v 0.114714 1.259393 0.168979
v 0.086057 1.169130 0.126556
v -0.008914 1.082274 0.058081
v 0.023701 1.146334 0.083895
v 0.114339 1.232713 0.172488
v 0.057673 1.189609 0.106929
v 0.048711 1.203171 0.064165
v 0.001722 1.081559 -0.015910
v 0.059308 1.185827 0.083281
v 0.131410 1.143881 0.161959
v 0.059308 1.185827 0.083281
v 0.048745 1.107626 -0.134114
v -0.065770 0.734809 -0.185124
v -0.088145 0.766448 -0.204716
v 0.111988 1.150560 0.151124
v 0.052766 1.147084 -0.069134
v 0.047042 1.178773 0.013565
v 0.125140 1.249921 0.162198
v 0.073347 1.175911 0.146830
v 0.121426 1.148311 0.186016
v 0.071848 1.247399 -0.026575
v 0.072563 1.275170 -0.021191
v 0.140610 1.229749 -0.084127
v -0.104410 0.809977 0.079601
v -0.074627 0.884463 0.082088
v -0.033058 0.718453 -0.276954
v 0.097131 1.280997 -0.058332
v 0.018163 1.047348 0.148298
v -0.001367 0.839613 -0.228260
v 0.024689 0.939230 -0.188224
v -0.003764 1.066941 0.088699
v 0.069803 1.242152 0.035134
v 0.004025 0.974258 0.149415
v 0.095087 1.228420 0.146489
v 0.070621 1.262971 0.093231
v -0.050139 0.945704 0.084133
v 0.074676 1.238370 0.094935
v -0.077696 0.910951 0.054051
v -0.074922 0.905178 -0.048277
v 0.108853 1.208622 -0.121336
v -0.013411 0.979301 0.112605
v 0.076584 1.202319 -0.089545
v -0.033058 0.718453 -0.276954
v -0.048204 0.880686 -0.167168
v 0.066702 1.116417 -0.118474
v 0.088817 1.141087 0.148466
v 0.111648 1.112737 0.158054
v 0.098937 1.259973 0.158552
v 0.052800 1.049392 -0.146245
v 0.075323 1.160748 0.126658
v -0.104410 0.809977 0.079601
v -0.024639 0.869182 -0.210263
v 0.042680 1.205897 0.018097
v 0.039818 1.147834 -0.072541
v 0.047042 1.178773 0.013565
v 0.027438 0.895750 0.174963
v 0.063908 1.089737 -0.193506
v -0.014143 0.906586 0.125454
v 0.121222 1.199593 -0.113090
v 0.048745 1.107626 -0.134114
v 0.039920 1.174616 0.081237
v 0.052323 1.172674 0.083895
v 0.101220 1.177683 0.180905
v -0.014617 0.912004 0.084653
v 0.126333 1.229953 0.159608
v 0.131717 1.162758 0.190480
v 0.140610 1.229749 -0.084127
v 0.160033 1.264028 -0.060085
v 0.099005 1.158295 0.175793
v 0.150117 1.157647 0.166287
v 0.044929 1.139519 -0.134796
v 0.073347 1.181567 0.106690
v 0.034979 1.049086 -0.139094
v 0.056787 1.108580 -0.125868
v 0.031241 0.844332 0.165472
v -0.005330 0.842696 0.086304
v 0.022249 1.141359 0.099579
v 0.149401 1.149231 0.165946
v 0.073517 1.053584 -0.197220
v 0.050381 1.192028 0.078647
v 0.001580 1.060160 0.099931
v 0.037841 1.179182 -0.068589
v 0.065135 1.175434 0.107508
v -0.087407 0.773279 -0.042931
v 0.009128 1.082077 0.053732
v -0.059855 0.970305 0.054435
v 0.052766 1.147084 -0.069134
v -0.051536 0.963422 -0.038160
v 0.045667 0.954563 0.176154
v 0.006763 0.798093 0.141927
v -0.103365 0.834337 -0.060581
v -0.099395 0.838760 0.053583
v -0.003252 0.942433 -0.178007
v 0.028066 1.126878 0.127358
v 0.074673 1.062273 0.179244
v 0.059308 1.185827 0.083281
v 0.001365 1.047280 0.057467
v -0.025265 0.947033 -0.142292
v -0.009115 0.981073 0.070488
v -0.050652 0.780090 -0.249496
v -0.076105 0.799990 -0.197425
v 0.050381 1.192028 0.078647
v 0.040160 0.762996 0.159378
v 0.124155 0.750559 0.077740
v 0.015688 0.835336 0.058733
v 0.124155 0.750559 0.077740
v 0.128894 0.806509 0.084807
v 0.032990 0.829578 0.041671
v 0.034854 0.765415 0.165873
v 0.129500 0.988774 0.157498
v 0.177126 0.963559 0.069077
v 0.112749 0.933437 0.162217
v 0.105326 1.098664 0.156054
v 0.024826 1.040226 0.015633
v 0.007612 0.837654 0.060637
v 0.020440 0.730694 0.140778
v 0.099946 1.094541 0.163912
v 0.199270 1.009934 0.060693
v 0.191430 1.048029 -0.000121
v 0.181256 1.023802 0.010278
v 0.095697 0.870740 0.161114
v 0.126140 0.851863 0.052941
v 0.080402 0.862630 0.024532
v 0.123720 0.857945 0.130354
v 0.114127 0.926758 0.150757
v 0.138557 1.056241 0.163491
v 0.006066 0.751241 0.124286
v 0.038134 1.097809 0.000754
v 0.111714 0.807004 0.137530
v 0.069156 1.158942 -0.002825
v 0.134340 0.987241 0.148169
v 0.071261 1.125753 0.151744
v 0.081559 1.129399 0.144547
v 0.007789 0.909448 0.046609
v 0.042544 1.167631 0.084576
v 0.007672 0.787564 0.069309
v 0.143158 0.909108 0.039000
v 0.065769 1.001893 -0.007858
v 0.201257 1.037057 0.058520
v 0.157343 1.067997 -0.048030
v 0.130879 1.035422 -0.027044
v 0.078873 1.063090 -0.020182
v 0.045890 1.092326 0.003836
v 0.121998 0.734408 0.076297
v 0.014158 0.785417 0.068817
v 0.121827 0.753081 0.123013
v 0.128894 0.806509 0.084807
v 0.156547 0.906041 0.078107
v 0.139426 0.916229 0.123066
v 0.141168 0.848148 0.086114
v 0.141168 0.848148 0.086114
v 0.000481 0.775910 0.091412
v 0.070539 0.818674 0.031344
v 0.040021 0.884165 0.029749
v 0.017500 0.908392 0.044638
v 0.087052 1.098357 -0.041258
v 0.022892 0.774445 0.044896
v 0.115259 0.807838 0.052346
v 0.121998 0.734408 0.076297
v 0.053093 0.724117 0.150203
v 0.007269 0.772503 0.088063
v 0.103357 0.754921 0.043833
v 0.144769 1.055935 0.148072
v 0.111806 0.978040 -0.010213
v 0.160046 0.975280 0.116914
v 0.161566 0.966455 0.023639
v 0.177126 0.963559 0.069077
v 0.089810 0.873772 0.171882
v 0.050279 1.155432 0.114936
v 0.011906 0.979165 0.030651
v 0.059888 1.158090 0.109144
v 0.061433 1.010309 0.178499
v 0.149911 1.069190 0.150941
v 0.049293 0.945840 0.010165
v 0.182471 1.035439 0.114995
v 0.021596 0.972452 0.032021
v 0.199270 1.009934 0.060693
v 0.201257 1.037057 0.058520
v 0.185952 1.054231 0.114828
v 0.061345 0.823956 0.177664
v 0.156547 0.906041 0.078107
v 0.052323 1.172674 0.083895
v 0.042364 1.104014 0.157360
v 0.033288 1.039545 0.016308
v 0.068196 0.820787 0.166926
v 0.093954 0.920693 0.008878
v 0.089106 0.756318 0.161826
v 0.065215 0.757238 0.030815
v 0.053466 0.760509 0.161065
v 0.096624 0.646632 0.037793
v 0.068311 0.599813 -0.026585
v 0.033858 0.606765 -0.025017
v 0.040949 0.708136 0.033321
v 0.018337 0.701321 0.053648
v 0.022001 0.737202 0.049639
v 0.099280 0.703639 0.037079
v 0.112845 0.718836 0.077398
v 0.085173 0.614568 -0.001085
v 0.105318 0.691167 0.109556
v 0.086434 0.699822 0.146598
v -0.000411 0.655423 0.110940
v 0.110545 0.688066 0.070332
v 0.115262 0.711476 0.117248
v 0.110545 0.688066 0.070332
v -0.002899 0.642577 0.075022
v 0.013308 0.694779 0.114523
v 0.070128 0.685409 0.021624
v 0.100801 0.629663 0.058758
v 0.113071 0.614295 0.053673
v 0.063283 0.729774 0.025860
v 0.094722 0.614465 0.091832
v 0.123852 0.565603 0.036412
v 0.098260 0.727763 0.050977
v -0.002121 0.670552 0.079458
v 0.063121 0.640669 0.138910
v 0.029713 0.629152 0.134195
v 0.110400 0.592010 0.012220
v 0.123852 0.565603 0.036412
v 0.089028 0.720369 0.150424
v 0.008947 0.737202 0.081582
v 0.015547 0.746607 0.119855
v 0.029343 0.727150 0.134747
v 0.011074 0.668814 0.111149
v -0.012220 0.600836 0.024254
v -0.025112 0.598757 0.103945
v -0.006094 0.612898 0.037047
v 0.100751 0.666225 0.068120
v 0.095555 0.674198 0.041710
v 0.075913 0.661454 0.021505
v 0.068261 0.644281 -0.000561
v 0.044163 0.687283 0.145988
v 0.113071 0.614295 0.053673
v 0.064731 0.616578 -0.005421
v 0.008398 0.687215 0.084201
v 0.105607 0.603357 0.020053
v 0.111491 0.588194 0.046691
v 0.088265 0.642407 0.117730
v 0.112845 0.718836 0.077398
v 0.012936 0.687112 0.047654
v 0.100801 0.629663 0.058758
v 0.016489 0.642475 0.012568
v 0.038684 0.648472 0.000032
v 0.003226 0.632218 0.109369
v 0.119912 0.565807 0.077818
v 0.036796 0.690860 0.028221
v 0.053678 0.706024 0.149887
v 0.020618 0.608707 0.013586
v 0.080176 0.681899 0.145438
v 0.037853 0.622166 -0.005597
v 0.033886 0.665543 0.025542
v 0.009797 0.657536 0.046155
v -0.043399 0.582095 0.076941
v -0.036465 0.598314 0.076933
v -0.037266 0.583424 0.052195
v 0.087420 0.609184 0.109809
v 0.030261 0.715939 0.133718
v 0.088481 0.602335 -0.011858
v 0.101724 0.739212 0.046321
v 0.113925 0.732670 0.120422
v -0.007963 0.612694 0.104947
v -0.002382 0.637329 0.036011
v -0.013052 0.627380 0.072218
v -0.014702 0.608571 0.070473
v 0.010045 0.610683 0.124826
v 0.100751 0.666225 0.068120
v 0.098677 0.652765 0.092827
v 0.111491 0.588194 0.046691
v 0.057329 0.612455 0.134726
v 0.034489 0.645269 0.138278
v 0.013905 0.730182 0.118734
v 0.008543 0.696892 0.083983
v -0.027068 0.607208 0.059354
v -0.036884 0.579267 0.105197
v 0.058540 0.592283 0.142207
v 0.110367 0.623257 0.025516
v 0.091445 0.635285 0.007184
v -0.419745 1.027312 0.011895
v -0.425470 0.985094 -0.015024
v -0.440088 0.982334 -0.011207
v -0.430513 1.051744 -0.000440
v -0.437873 1.005777 0.005421
v -0.427276 1.027312 0.012236
v -0.427276 1.027312 0.012236
v -0.432114 0.978654 -0.010696
v -0.405331 1.037705 0.021470
v -0.143810 1.512635 -0.105423
v 0.175775 2.028148 0.129486
v 0.099589 0.566012 0.115586
v -0.117266 1.495939 -0.128390
v -0.067994 1.479822 -0.099937
v 0.185077 2.008692 0.153304
v -0.423425 1.015079 0.008454
v -0.415043 1.015352 -0.002859
v -0.414872 1.031231 -0.010764
v -0.417803 1.018657 -0.013184
v -0.424584 1.035013 -0.013865
v -0.414872 1.031231 -0.010764
v -0.407274 1.041657 -0.009435
v -0.347507 1.049631 0.094867
v -0.359808 1.042134 0.067777
v -0.103363 1.455799 -0.070940
v 0.111104 0.577870 0.082719
v -0.437873 1.005777 0.005421
v -0.437464 0.982061 -0.002041
v -0.436339 1.018385 0.007022
v 0.111815 0.598450 0.085274
v 0.095540 0.590716 0.115517
v -0.128715 1.458934 -0.122427
v -0.067994 1.479822 -0.099937
v -0.103363 1.455799 -0.070940
v -0.085611 1.468100 -0.022656
v -0.417803 1.018657 -0.013184
v -0.407274 1.041657 -0.009435
v -0.416372 1.032321 0.014928
v -0.402742 1.036683 0.003240
v -0.429047 1.023189 -0.016421
v -0.420767 1.036546 0.024196
v -0.296327 1.065339 0.056124
v -0.328562 1.070996 0.113267
v -0.437464 0.982061 -0.002041
v -0.393746 1.043055 0.005762
v -0.395961 1.052834 -0.007698
v -0.395961 1.052834 -0.007698
v -0.344747 1.062273 0.120320
v -0.373847 1.040703 0.036429
v -0.113245 1.452664 -0.104537
v -0.433443 0.986184 -0.017682
v -0.428366 1.045883 0.015950
v -0.436339 1.018385 0.007022
v -0.423459 1.006697 -0.014683
v -0.269783 1.003664 0.114970
v -0.325086 1.059342 0.080521
v -0.410068 1.063567 -0.009947
v -0.419779 1.047689 -0.011173
v -0.428230 0.982743 -0.000304
v -0.432114 0.978654 -0.010696
v -0.423459 1.006697 -0.014683
v -0.336433 1.057536 0.053568
v -0.382127 1.048438 0.001979
v -0.443086 1.009184 -0.006846
v -0.366895 1.062852 -0.002791
v -0.143810 1.512635 -0.105423
v -0.170933 1.502175 -0.104265
v -0.423459 1.035149 0.017211
v -0.353402 1.059615 0.022220
v -0.117266 1.495939 -0.128390
v -0.411806 1.027210 0.000446
v -0.433341 1.032082 0.010430
v -0.440496 1.020633 -0.005108
v -0.425470 0.985094 -0.015024
v -0.423459 1.035149 0.017211
v -0.422301 0.985060 -0.008822
v -0.437259 1.037296 -0.003029
v -0.344747 1.062273 0.120320
v -0.378072 1.042203 0.021913
v -0.154731 1.479481 -0.130400
v -0.151241 1.519702 -0.075533
v -0.433204 1.008026 -0.017750
v -0.420767 1.036546 0.024196
v -0.422641 1.032798 0.029478
v -0.266546 1.024586 0.110643
v -0.420052 1.002710 -0.006641
v -0.425470 1.000461 0.004535
vn 0.818024 -0.539667 0.198986
vn 0.022796 -0.323607 -0.945917
vn 0.818024 -0.539667 0.198986
vn 0.889608 -0.209008 -0.406096
vn 0.084791 -0.981286 0.172883
vn 0.242520 -0.942439 -0.230203
vn 0.262090 -0.301876 -0.916613
vn -0.877587 -0.054430 0.476318
vn -0.739652 -0.427137 -0.520065
vn 0.887199 -0.003653 0.461372
vn 0.108045 -0.008076 0.994113
vn -0.959086 -0.250441 -0.132035
vn -0.870236 -0.178841 -0.459026
vn 0.889608 -0.209008 -0.406096
vn 0.446972 -0.542315 0.711414
vn -0.331156 -0.547731 0.768327
vn 0.218990 -0.517573 -0.827141
vn 0.645183 0.328353 0.689872
vn 0.035535 0.215448 0.975869
vn -0.881024 -0.431016 0.194994
vn 0.606822 0.264535 0.749525
vn -0.877150 -0.442398 0.186794
vn 0.084791 -0.981286 0.172883
vn 0.993503 0.085881 -0.074675
vn 0.993503 0.085881 -0.074675
vn -0.391798 -0.345650 0.852655
vn 0.485604 -0.249623 0.837781
vn -0.539968 -0.623746 -0.565133
vn -0.946399 -0.103309 0.306032
vn -0.711769 -0.253410 -0.655110
vn 0.449164 -0.705345 -0.548397
vn 0.999015 0.042165 0.013845
vn 0.534024 0.462163 0.707972
vn 0.941938 -0.331645 -0.052573
vn 0.968220 -0.143746 -0.204664
vn -0.877587 -0.054430 0.476318
vn -0.767448 -0.310409 0.560954
vn 0.965280 0.197862 -0.170544
vn 0.478013 -0.276132 -0.833819
vn 0.280694 -0.492498 -0.823806
vn -0.122801 0.219866 0.967770
vn -0.320032 0.182375 0.929687
vn -0.767448 -0.310409 0.560954
vn -0.331156 -0.547731 0.768327
vn 0.999015 0.042165 0.013845
vn -0.750307 -0.331833 -0.571775
vn -0.175628 -0.984456 -0.001297
vn 0.965280 0.197862 -0.170544
vn -0.697328 -0.698890 -0.159019
vn 0.777075 -0.340164 -0.529568
vn 0.848648 -0.462063 -0.257478
vn -0.189863 -0.667124 -0.720345
vn -0.897783 -0.160647 -0.410097
vn -0.894739 -0.131501 -0.426789
vn -0.839043 -0.048490 0.541900
vn -0.308130 -0.014147 0.951239
vn 0.638194 -0.010039 0.769810
vn 0.848648 -0.462063 -0.257478
vn -0.894739 -0.131501 -0.426789
vn -0.897783 -0.160647 -0.410097
vn 0.777075 -0.340164 -0.529568
vn -0.202188 -0.422103 -0.883714
vn 0.896504 0.049793 0.440229
vn -0.592211 -0.173386 -0.786908
vn -0.552255 -0.017212 -0.833497
vn 0.437903 -0.388417 -0.810786
vn -0.557512 -0.054277 -0.828393
vn -0.557512 -0.054277 -0.828393
vn -0.552255 -0.017212 -0.833497
vn 0.133731 -0.569019 0.811377
vn -0.019344 0.199522 0.979702
vn 0.950424 -0.277887 0.139547
vn -0.944217 0.314376 0.098093
vn 0.882713 -0.440608 0.163345
vn -0.405052 0.212588 0.889235
vn 0.205867 -0.629905 -0.748892
vn -0.214688 0.350022 0.911808
vn 0.262015 -0.309314 -0.914152
vn 0.576459 0.008049 0.817087
vn 0.641741 -0.405536 0.650930
vn -0.032018 0.564716 0.824664
vn 0.576459 0.008049 0.817087
vn 0.560515 0.001131 0.828144
vn 0.921950 -0.325716 -0.209567
vn 0.614830 -0.052472 0.786913
vn -0.610330 -0.092970 -0.786673
vn -0.852034 0.290828 0.435266
vn 0.003361 -0.990931 0.134327
vn -0.966240 0.061772 0.250130
vn -0.381641 0.045407 0.923195
vn -0.487727 -0.423303 -0.763503
vn -0.795423 -0.477095 -0.373743
vn -0.036665 -0.972393 -0.230452
vn 0.004163 -0.540784 -0.841151
vn 0.824685 -0.245087 -0.509732
vn -0.881024 -0.431016 0.194994
vn 0.436151 -0.899356 0.030515
vn 0.282125 -0.952158 -0.117476
vn -0.802546 -0.297251 0.517263
vn 0.064391 -0.372796 0.925676
vn 0.728164 -0.469140 -0.499684
vn 0.832744 0.081569 0.547616
vn -0.739652 -0.427137 -0.520065
vn -0.959086 -0.250441 -0.132035
vn 0.003361 -0.990931 0.134327
vn -0.042723 -0.253487 -0.966395
vn 0.728164 -0.469140 -0.499684
vn -0.870236 -0.178841 -0.459026
vn -0.899817 0.110487 0.422044
vn 0.812331 -0.314128 0.491367
vn 0.928306 -0.089582 0.360866
vn 0.824685 -0.245087 -0.509732
vn 0.452742 -0.095045 0.886562
vn 0.133731 -0.569019 0.811377
vn -0.610330 -0.092970 -0.786673
vn -0.984944 0.171444 -0.022169
vn 0.452742 -0.095045 0.886562
vn 0.560515 0.001131 0.828144
vn -0.796681 0.372911 0.475644
vn 0.155693 0.455688 0.876418
vn 0.976992 -0.121389 -0.175359
vn 0.614830 -0.052472 0.786913
vn -0.487727 -0.423303 -0.763503
vn 0.641741 -0.405536 0.650930
vn 0.375518 -0.172188 -0.910680
vn 0.840991 -0.530980 -0.103893
vn -0.999335 -0.015795 -0.032852
vn -0.310981 -0.653537 0.690058
vn 0.345365 -0.858071 0.380050
vn 0.187478 -0.886453 -0.423146
vn -0.462994 -0.112512 0.879192
vn -0.399090 -0.010951 -0.916847
vn 0.447541 -0.217922 -0.867305
vn 0.497378 -0.149833 0.854497
vn -0.384101 0.006134 -0.923271
vn -0.498179 -0.088719 -0.862523
vn 0.925134 -0.379491 0.010637
vn 0.437764 -0.402476 -0.803975
vn 0.857354 -0.506188 0.093372
vn 0.476946 -0.303895 -0.824724
vn 0.479752 -0.873594 -0.081673
vn -0.417609 -0.606971 -0.676157
vn -0.356086 0.317196 0.878971
vn -0.097388 -0.992488 0.074049
vn 0.623673 -0.163768 0.764338
vn -0.592211 -0.173386 -0.786908
vn -0.342026 -0.422794 -0.839204
vn 0.970682 -0.231883 -0.063306
vn 0.473420 -0.199660 0.857910
vn 0.473420 -0.199660 0.857910
vn 0.279888 -0.330116 0.901491
vn -0.097388 -0.992488 0.074049
vn 0.382068 -0.450461 -0.806913
vn -0.795423 -0.477095 -0.373743
vn -0.923302 0.382716 -0.032268
vn 0.561871 -0.503508 0.656339
vn -0.433880 -0.068153 -0.898389
vn 0.497378 -0.149833 0.854497
vn -0.399090 -0.010951 -0.916847
vn -0.384101 0.006134 -0.923271
vn -0.923368 -0.360324 0.132511
vn -0.254974 -0.378244 0.889899
vn -0.617716 -0.783078 0.072220
vn -0.608872 -0.755775 0.240996
vn -0.797022 0.579146 -0.171308
vn -0.996625 0.078770 -0.023119
vn -0.724965 -0.610104 0.319687
vn -0.733331 -0.651244 0.195210
vn -0.746321 -0.626274 0.225359
vn -0.733571 -0.646357 0.209990
vn -0.738045 -0.642714 0.205444
vn 0.575317 0.078664 0.814139
vn 0.797292 -0.455166 0.396420
vn 0.257796 -0.183033 0.948704
vn 0.186584 0.223645 0.956645
vn -0.566307 0.614886 -0.548828
vn -0.592562 0.521174 0.614205
vn -0.623970 0.405213 0.668180
vn -0.856800 0.514696 0.031336
vn 0.738663 -0.414894 0.531263
vn 0.257796 -0.183033 0.948704
vn -0.885305 -0.098066 -0.454552
vn 0.089316 0.791580 0.604503
vn 0.715521 0.301338 0.630258
vn 0.701043 -0.494464 -0.513852
vn -0.739633 -0.127010 -0.660917
vn -0.924002 0.358727 0.132418
vn -0.968615 -0.034518 -0.246158
vn -0.488557 0.383977 0.783501
vn -0.968615 -0.034518 -0.246158
vn 0.571252 -0.259275 0.778748
vn -0.528815 0.186836 0.827917
vn -0.897504 -0.428596 -0.103887
vn 0.489628 -0.416692 -0.765919
vn 0.561871 -0.503508 0.656339
vn 0.279888 -0.330116 0.901491
vn -0.451044 -0.009294 0.892453
vn -0.693217 0.031082 0.720059
vn 0.505675 -0.841821 -0.188762
vn 0.583312 -0.761508 -0.282583
vn 0.793880 -0.579087 -0.185507
vn 0.627870 -0.768909 0.120661
vn 0.797292 -0.455166 0.396420
vn -0.309487 -0.506376 0.804861
vn -0.960081 0.177798 0.215945
vn -0.433880 -0.068153 -0.898389
vn -0.310981 -0.653537 0.690058
vn 0.571252 -0.259275 0.778748
vn 0.540462 -0.313163 0.780916
vn 0.344492 -0.188320 0.919707
vn -0.768974 -0.069016 -0.635544
vn 0.454958 -0.131109 -0.880809
vn 0.066048 -0.990793 -0.118180
vn -0.779885 0.462031 -0.422263
vn -0.768974 -0.069016 -0.635544
vn 0.964663 -0.070655 -0.253838
vn 0.185992 0.070420 0.980024
vn 0.255010 0.036401 0.966253
vn -0.913193 0.260158 -0.313681
vn 0.583312 -0.761508 -0.282583
vn 0.315377 -0.849202 -0.423549
vn -0.434513 -0.210196 -0.875794
vn -0.407491 0.255042 -0.876872
vn -0.880697 0.205385 0.426838
vn 0.405871 -0.514911 -0.755073
vn -0.884105 0.401384 0.239267
vn -0.290085 0.086078 0.953122
vn 0.164024 0.086130 0.982689
vn -0.775748 0.405206 0.483759
vn 0.530216 0.497383 0.686645
vn -0.911066 0.359405 0.201958
vn -0.769112 0.416263 0.484966
vn -0.583868 0.354741 0.730245
vn -0.342026 -0.422794 -0.839204
vn 0.066048 -0.990793 -0.118180
vn 0.965147 -0.184855 -0.185256
vn 0.335069 -0.702167 -0.628244
vn 0.315377 -0.849202 -0.423549
vn -0.434513 -0.210196 -0.875794
vn 0.793880 -0.579087 -0.185507
vn -0.989437 0.117784 0.084512
vn -0.994582 0.017114 -0.102535
vn -0.020291 -0.119632 -0.992611
vn -0.006626 0.597132 0.802116
vn 0.266069 0.963822 0.015963
vn 0.793880 -0.579087 -0.185507
vn 0.505675 -0.841821 -0.188762
vn 0.255010 0.036401 0.966253
vn -0.498179 -0.088719 -0.862523
vn -0.611331 -0.139007 -0.779071
vn -0.549633 0.802642 0.231666
vn -0.298324 0.236220 0.924772
vn -0.359222 0.495840 0.790634
vn -0.916150 0.400761 0.007739
vn -0.962013 0.012553 -0.272714
vn 0.318754 0.262461 0.910775
vn -0.688613 0.448172 0.570048
vn -0.688613 0.448172 0.570048
vn -0.298324 0.236220 0.924772
vn 0.177896 0.037647 0.983329
vn 0.318754 0.262461 0.910775
vn -0.966708 0.205090 0.153017
vn -0.578767 -0.106451 -0.808516
vn -0.020291 -0.119632 -0.992611
vn 0.114945 -0.472696 -0.873697
vn -0.453775 0.083233 0.887221
vn -0.990357 0.106963 -0.088043
vn 0.583312 -0.761508 -0.282583
vn 0.568987 0.542415 0.618094
vn 0.175291 0.399987 0.899602
vn 0.477178 0.819158 0.318248
vn -0.661715 0.146906 -0.735222
vn 0.029799 0.421787 -0.906205
vn 0.735705 0.346429 0.582001
vn -0.938978 0.333727 -0.083342
vn -0.060306 0.284961 -0.956640
vn 0.747310 -0.418325 -0.516268
vn 0.545828 -0.465594 -0.696630
vn 0.658604 -0.148444 -0.737702
vn -0.060306 0.284961 -0.956640
vn -0.223159 -0.742607 0.631455
vn -0.237194 0.824507 -0.513738
vn 0.676783 0.603802 0.421174
vn 0.752300 -0.013831 -0.658675
vn -0.221196 -0.072864 -0.972504
vn 0.254510 0.173837 -0.951318
vn -0.463498 0.442902 -0.767468
vn -0.159260 -0.758623 -0.631765
vn 0.747434 -0.646154 -0.154364
vn -0.455441 -0.393857 0.798405
vn 0.116668 -0.985721 0.121420
vn -0.397893 -0.573140 0.716374
vn 0.953853 -0.238310 -0.182682
vn 0.079469 0.444951 -0.892022
vn -0.070548 0.350334 -0.933964
vn 0.254510 0.173837 -0.951318
vn 0.947637 -0.054205 -0.314715
vn 0.795532 0.523408 -0.305241
vn 0.823622 0.415103 0.386441
vn 0.645520 0.152150 -0.748435
vn 0.795532 0.523408 -0.305241
vn -0.285573 -0.152011 -0.946225
vn -0.270659 -0.608875 -0.745664
vn 0.029799 0.421787 -0.906205
vn 0.747434 -0.646154 -0.154364
vn -0.795959 0.561546 0.226084
vn 0.175291 0.399987 0.899602
vn -0.787455 0.397574 -0.471010
vn -0.911932 0.325823 -0.249438
vn -0.530412 0.040696 0.846763
vn -0.319669 -0.452152 -0.832689
vn 0.114945 -0.472696 -0.873697
vn -0.676979 0.349726 0.647604
vn 0.699934 -0.711795 0.058651
vn -0.786083 0.462398 0.410198
vn 0.571817 -0.793616 -0.207844
vn -0.861957 0.448101 0.237141
vn 0.699934 -0.711795 0.058651
vn 0.329846 -0.813217 -0.479458
vn -0.918236 0.389293 -0.072762
vn 0.735705 0.346429 0.582001
vn -0.879092 -0.434319 0.196379
vn -0.540814 -0.827160 0.152733
vn 0.403513 0.281751 0.870513
vn 0.482070 -0.127889 0.866749
vn -0.116131 0.066626 0.990997
vn 0.795532 0.523408 -0.305241
vn 0.947637 -0.054205 -0.314715
vn 0.699235 0.562524 0.441177
vn 0.782649 0.529046 0.327981
vn 0.704911 0.428279 0.565401
vn -0.130983 0.190615 -0.972887
vn 0.925676 -0.098241 -0.365340
vn 0.663348 -0.575002 0.478896
vn -0.378099 -0.104840 0.919809
vn -0.587418 0.352814 -0.728329
vn 0.645520 0.152150 -0.748435
vn 0.585074 0.143312 -0.798217
vn 0.953853 -0.238310 -0.182682
vn -0.466461 -0.706711 -0.531953
vn -0.595510 0.107478 -0.796126
vn -0.008697 -0.942263 -0.334761
vn -0.853728 0.089565 -0.512958
vn 0.314928 0.945280 0.085242
vn 0.900610 0.337269 -0.274136
vn 0.069198 -0.530144 0.845079
vn 0.400763 -0.712728 0.575681
vn -0.884412 0.079797 0.459834
vn -0.048310 -0.993614 0.101972
vn -0.138876 0.335726 0.931666
vn 0.795532 0.523408 -0.305241
vn 0.403513 0.281751 0.870513
vn -0.598289 -0.743182 0.299552
vn -0.997901 0.063149 -0.014359
vn 0.097690 0.958175 -0.268992
vn -0.898131 -0.416808 0.140115
vn -0.994482 0.089224 -0.055177
vn -0.445158 0.821757 -0.355739
vn -0.997658 0.040614 -0.055045
vn -0.993874 0.047834 -0.099627
vn -0.590341 0.734088 -0.335576
vn -0.604973 0.726407 -0.326100
vn -0.994956 0.054639 -0.084125
vn -0.591827 0.728387 -0.345244
vn -0.828519 0.031015 -0.559101
vn -0.096861 -0.884997 0.455411
vn -0.760936 -0.609574 0.222254
vn -0.991770 0.052826 -0.116626
vn -0.993341 0.061440 -0.097457
vn -0.592371 0.731451 -0.337752
vn -0.995010 0.066692 -0.074214
vn -0.611826 0.725560 -0.315011
vn -0.438694 0.834868 -0.332480
vn -0.996269 0.070730 -0.049460
vn -0.727714 -0.656122 0.199843
vn -0.722471 0.629361 -0.286253
vn 0.911410 -0.411497 0.001242
vn 0.623673 -0.163768 0.764338
vn -0.592018 0.767806 -0.244927
vn 0.735695 0.653926 -0.176448
vn -0.994582 0.017114 -0.102535
vn -0.070545 -0.604641 -0.793368
vn -0.479974 -0.277345 -0.832289
vn 0.113056 0.702038 0.703108
vn 0.025418 0.323378 0.945929
vn -0.237708 0.517643 0.821913
vn -0.359222 0.495840 0.790634
vn -0.306614 -0.114570 -0.944914
vn -0.962013 0.012553 -0.272714
vn -0.972455 0.229387 -0.041387
vn -0.704100 0.261807 0.660076
vn -0.957285 0.132983 0.256750
vn -0.758614 -0.391111 0.521092
vn -0.219726 -0.407647 -0.886310
vn -0.275015 -0.525303 -0.805247
vn -0.009408 -0.918751 0.394726
vn 0.989470 -0.021807 0.143088
vn 0.014196 -0.912428 0.408991
vn 0.985973 -0.114896 0.121063
vn 0.985973 -0.114896 0.121063
vn -0.009408 -0.918751 0.394726
vn 0.781525 0.109003 -0.614278
vn 0.896847 0.427827 0.112383
vn -0.273711 0.273405 -0.922135
vn 0.079469 0.444951 -0.892022
vn -0.237656 -0.890828 -0.387228
vn -0.689130 -0.397435 -0.605926
vn 0.116668 -0.985721 0.121420
vn 0.951286 -0.099225 0.291907
vn 0.214706 0.657739 0.721998
vn 0.444230 0.874874 0.193015
vn 0.780829 0.133059 -0.610411
vn 0.652100 -0.715689 0.250110
vn -0.754172 0.009844 0.656603
vn 0.175716 -0.981204 -0.079766
vn 0.781525 0.109003 -0.614278
vn 0.913459 0.363608 0.182709
vn 0.896847 0.427827 0.112383
vn 0.906496 0.107155 -0.408391
vn -0.320619 -0.935941 0.145667
vn 0.827371 -0.410247 0.383607
vn 0.947626 0.021323 0.318671
vn -0.442003 -0.271128 0.855057
vn 0.743951 0.518678 -0.421321
vn -0.345677 0.414451 0.841865
vn -0.488743 -0.241130 0.838443
vn -0.758481 0.068472 0.648088
vn 0.742279 0.294932 0.601696
vn 0.340434 -0.840397 -0.421708
vn -0.305311 0.952230 -0.006592
vn -0.732602 -0.369689 0.571510
vn 0.963743 0.266688 -0.008788
vn 0.320748 0.801143 0.505262
vn 0.622413 0.777729 0.087979
vn 0.337901 0.501684 -0.796326
vn -0.786550 0.263605 0.558437
vn 0.479884 -0.850988 0.213379
vn -0.489070 0.860239 0.144219
vn 0.885828 -0.095020 0.454180
vn 0.823622 0.415103 0.386441
vn 0.958384 0.215185 -0.187602
vn 0.964720 -0.262349 -0.022079
vn 0.906496 0.107155 -0.408391
vn 0.700517 0.428937 -0.570341
vn 0.111437 0.160105 -0.980790
vn 0.906496 0.107155 -0.408391
vn -0.500316 0.349779 -0.792047
vn -0.027244 0.355623 0.934232
vn -0.653971 -0.067020 0.753545
vn 0.323721 0.847231 0.421194
vn 0.985973 -0.114896 0.121063
vn 0.596215 0.224662 0.770749
vn 0.385216 -0.286382 -0.877265
vn -0.807376 0.516523 -0.285215
vn -0.664456 -0.159952 0.730009
vn 0.323721 0.847231 0.421194
vn 0.866788 -0.008625 -0.498602
vn 0.344628 0.604466 -0.718228
vn 0.098992 0.992678 -0.069211
vn -0.144855 0.863955 0.482285
vn 0.732769 0.287137 0.616930
vn -0.862888 -0.041066 0.503724
vn 0.479884 -0.850988 0.213379
vn -0.999423 -0.013993 -0.030955
vn -0.676245 -0.059832 0.734243
vn -0.918198 -0.196690 0.343838
vn 0.218955 0.960349 0.172592
vn 0.596215 0.224662 0.770749
vn 0.284160 0.914074 0.289346
vn -0.590203 0.100394 -0.800988
vn 0.060676 -0.065399 -0.996013
vn -0.123522 0.078624 0.989222
vn -0.312732 -0.192773 -0.930074
vn 0.066716 -0.166639 0.983758
vn -0.181220 -0.056432 -0.981822
vn -0.968724 -0.074913 0.236563
vn -0.220239 0.431941 0.874598
vn -0.962772 -0.055869 0.264477
vn 0.964720 -0.262349 -0.022079
vn 0.909091 0.415143 0.034782
vn -0.877843 0.403434 -0.258133
vn 0.796104 0.599286 0.084114
vn -0.308331 0.891797 0.331105
vn -0.029524 0.901370 0.432043
vn 0.857912 0.492574 -0.146141
vn 0.902425 0.232555 -0.362695
vn 0.760147 0.300068 -0.576312
vn 0.131571 0.678389 -0.722826
vn 0.589664 0.380460 -0.712423
vn -0.213363 0.844462 0.491284
vn -0.337168 -0.304590 0.890810
vn 0.232930 -0.608620 0.758502
vn 0.421936 -0.303283 -0.854394
vn -0.129120 -0.209437 -0.969259
vn 0.827371 -0.410247 0.383607
vn -0.098078 -0.924683 0.367889
vn -0.098697 -0.927285 0.361111
vn -0.098503 -0.925355 0.366082
vn -0.097265 -0.938320 0.331805
vn 0.578572 -0.728682 0.366438
vn 0.993579 -0.102293 0.048342
vn 0.098202 0.926535 -0.363166
vn 0.098245 0.925824 -0.364962
vn 0.707554 -0.628783 0.322490
vn -0.030726 -0.632785 -0.773718
vn -0.091087 -0.995829 0.005193
vn -0.099623 -0.927238 0.360978
vn 0.594986 -0.726433 0.343929
vn 0.578206 -0.737132 0.349735
vn -0.097223 -0.934870 0.341417
vn 0.098169 0.925130 -0.366738
vn 0.097272 0.932017 -0.349118
vn -0.030726 -0.632785 -0.773718
vn 0.361227 -0.928708 0.083760
vn 0.573913 -0.732017 0.367117
vn 0.432723 -0.830816 0.349994
vn 0.564544 -0.739809 0.366024
vn 0.097771 0.922449 -0.373536
vn 0.097659 0.927442 -0.360991
vn 0.097980 0.927187 -0.361559
vn -0.098866 -0.925985 0.364385
vn -0.097161 -0.906295 0.411325
vn 0.097646 0.944379 -0.314029
vn 0.097842 0.924280 -0.368962
vn -0.099702 -0.926615 0.362552
vn -0.522749 0.799435 -0.296037
vn -0.105318 0.993296 0.047660
vn 0.613318 0.758903 0.218878
vn 0.989494 0.010882 0.144163
vn 0.742279 0.294932 0.601696
vn 0.963743 0.266688 -0.008788
vn 0.728127 0.316367 -0.608065
vn 0.320748 0.801143 0.505262
vn -0.896883 -0.119280 0.425879
vn -0.789423 0.021966 0.613457
vn -0.904792 -0.144208 -0.400694
vn -0.856092 -0.163900 0.490146
vn -0.806744 -0.017004 0.590656
vn 0.125344 -0.978249 -0.165280
vn -0.994092 -0.097132 -0.048436
vn -0.523045 -0.059320 -0.850238
vn 0.118225 -0.219615 0.968396
vn -0.965809 -0.258928 0.013013
vn -0.129120 -0.209437 -0.969259
vn -0.934099 0.357012 -0.000725
vn -0.137060 -0.327572 0.934832
vn -0.274789 0.349728 0.895646
vn 0.245045 -0.775944 0.581261
vn -0.897246 -0.002733 0.441522
vn 0.060676 -0.065399 -0.996013
vn 0.570624 0.155495 -0.806356
vn 0.465174 0.838939 0.282479
vn 0.975382 0.219384 0.022373
vn 0.975382 0.219384 0.022373
vn 0.756453 0.649657 0.075659
vn 0.980395 0.011269 -0.196722
vn 0.324194 0.945476 -0.031192
vn 0.996074 0.045563 0.075904
vn -0.175400 0.980057 0.093396
vn -0.221768 0.949551 -0.221746
vn -0.132918 0.798005 -0.587811
vn 0.085662 0.894372 -0.439045
vn 0.743309 0.605909 0.283489
vn -0.746628 0.469723 0.471071
vn -0.839812 0.056510 -0.539928
vn -0.911706 -0.331029 0.243334
vn -0.964635 -0.058710 0.256967
vn -0.103981 0.488295 0.866462
vn 0.756590 0.551269 0.351672
vn -0.352369 0.894570 -0.274920
vn 0.185321 0.775523 0.603507
vn 0.376595 0.686875 0.621594
vn 0.276779 0.804245 0.525911
vn -0.274683 0.498454 0.822249
vn 0.900145 0.361430 -0.243122
vn 0.731516 0.461976 -0.501461
vn 0.671655 0.111739 -0.732389
vn -0.352957 0.572823 -0.739794
vn -0.175273 0.674320 -0.717337
vn 0.479540 0.342534 -0.807906
vn 0.731516 0.461976 -0.501461
vn 0.635864 0.607056 0.476614
vn 0.875438 0.481182 0.045513
vn 0.747035 -0.490759 -0.448435
vn -0.556220 0.503298 -0.661294
vn 0.894357 -0.098827 0.436302
vn -0.824216 0.465604 -0.322307
vn -0.699117 0.371072 -0.611180
vn 0.062900 -0.009864 0.997971
vn -0.545403 -0.023199 0.837853
vn 0.747035 -0.490759 -0.448435
vn -0.874063 0.450163 -0.182670
vn -0.795716 -0.182355 0.577566
vn 0.639747 0.141564 0.755436
vn 0.928875 -0.369522 0.025399
vn -0.229745 0.014553 0.973142
vn 0.164024 0.086130 0.982689
vn -0.693217 0.031082 0.720059
vn -0.290085 0.086078 0.953122
vn 0.251197 0.351723 0.901771
vn -0.431678 0.119152 -0.894124
vn 0.407757 -0.425011 -0.808146
vn -0.039200 -0.213783 -0.976094
vn -0.880001 0.039733 0.473306
vn -0.979493 -0.090033 -0.180240
vn -0.989437 0.117784 0.084512
vn -0.973186 -0.146535 0.177305
vn -0.355170 0.674550 -0.647176
vn -0.346101 0.454422 -0.820801
vn 0.412280 0.690604 0.594214
vn -0.586892 0.777866 -0.224683
vn 0.702828 -0.711194 -0.015360
vn 0.222421 -0.645049 -0.731055
vn 0.644234 -0.253213 0.721696
vn 0.168824 0.399594 -0.901012
vn 0.606485 0.519209 -0.602161
vn 0.840952 0.197719 -0.503693
vn 0.942763 0.333463 0.000733
vn -0.098561 0.957796 0.270024
vn 0.315642 0.820471 0.476652
vn 0.076560 0.755284 0.650911
vn 0.470008 0.767728 0.435530
vn -0.428823 0.423459 -0.797993
vn -0.479652 0.804128 -0.351159
vn 0.840952 0.197719 -0.503693
vn -0.681451 0.564916 -0.465290
vn -0.339447 0.855058 0.391985
vn 0.309844 0.120592 0.943109
vn -0.527257 0.763000 0.373940
vn -0.305311 0.952230 -0.006592
vn 0.869011 0.494461 0.018150
vn -0.005818 0.976725 0.214417
vn -0.876029 -0.119563 -0.467202
vn -0.425826 -0.239046 -0.872656
vn -0.242806 -0.954544 0.172889
vn 0.136286 -0.977469 0.161185
vn 0.136286 -0.977469 0.161185
vn -0.646500 -0.747422 0.152964
vn 0.760147 0.300068 -0.576312
vn -0.527257 0.763000 0.373940
vn -0.144855 0.863955 0.482285
vn 0.098992 0.992678 -0.069211
vn -0.151471 0.397280 0.905110
vn 0.188246 0.462078 -0.866630
vn 0.702828 -0.711194 -0.015360
vn -0.691729 -0.009532 0.722094
vn -0.638988 0.367851 -0.675559
vn -0.880001 0.039733 0.473306
vn -0.868272 0.151791 -0.472295
vn 0.114945 -0.472696 -0.873697
vn 0.597934 -0.559015 -0.574436
vn 0.964663 -0.070655 -0.253838
vn -0.966708 0.205090 0.153017
vn -0.191597 -0.820460 0.538644
vn -0.453850 -0.555404 0.696812
vn -0.263265 -0.963987 -0.037679
vn -0.483887 -0.583244 0.652441
vn -0.806926 -0.467183 0.361400
vn -0.947147 -0.121872 0.296748
vn 0.164912 -0.191287 -0.967581
vn -0.907075 -0.413167 -0.080668
vn -0.254539 -0.137437 -0.957247
vn 0.399512 -0.386530 0.831255
vn -0.427215 0.027853 -0.903721
vn -0.471000 -0.689913 -0.549709
vn -0.708438 -0.036855 0.704810
vn -0.436787 0.124102 0.890963
vn -0.379040 0.282556 0.881187
vn 0.119573 -0.793218 0.597082
vn -0.114606 -0.468795 -0.875840
vn -0.763404 0.082589 -0.640620
vn -0.218116 -0.013540 -0.975829
vn -0.698816 -0.708975 -0.094924
vn -0.320250 -0.748567 -0.580593
vn 0.552893 -0.385753 0.738582
vn -0.263265 -0.963987 -0.037679
vn 0.067824 -0.929123 -0.363498
vn -0.522969 -0.834658 -0.172770
vn -0.406848 -0.301201 -0.862411
vn -0.644416 -0.738618 -0.197917
vn 0.044451 -0.433366 -0.900121
vn -0.780609 -0.603131 0.163956
vn -0.997963 0.018588 -0.061025
vn -0.785025 -0.533402 0.314989
vn -0.413862 -0.357066 0.837390
vn -0.826407 0.045605 0.561223
vn -0.518433 -0.532778 0.668861
vn 0.421936 -0.303283 -0.854394
vn -0.318034 0.072636 0.945293
vn -0.422920 0.427694 0.798884
vn -0.471000 -0.689913 -0.549709
vn 0.222187 -0.205926 -0.953010
vn 0.222187 -0.205926 -0.953010
vn -0.932118 0.328664 0.152107
vn -0.397869 -0.808299 -0.433997
vn -0.533727 -0.147754 0.832649
vn 0.552893 -0.385753 0.738582
vn -0.481079 0.156377 0.862618
vn -0.159397 0.319371 0.934128
vn -0.279328 0.332833 0.900665
vn 0.096824 -0.594661 0.798125
vn -0.518433 -0.532778 0.668861
vn -0.363204 -0.691899 0.623985
vn -0.698816 -0.708975 -0.094924
vn -0.329074 -0.926723 -0.181370
vn -0.785468 -0.593991 0.173823
vn -0.184227 -0.381913 -0.905650
vn -0.282917 0.147231 0.947777
vn -0.884183 0.014062 0.466929
vn -0.622877 0.044536 0.781051
vn -0.140043 -0.650916 -0.746121
vn -0.460073 0.090127 0.883295
vn -0.759855 0.228558 -0.608590
vn 0.031221 -0.691956 0.721265
vn -0.464400 -0.554593 0.690478
vn -0.919312 0.165276 -0.357141
vn -0.275015 -0.525303 -0.805247
vn -0.118978 -0.613568 -0.780627
vn -0.371440 -0.789995 -0.487791
vn -0.806926 -0.467183 0.361400
vn -0.823720 -0.029257 0.566242
vn -0.181590 -0.897269 0.402409
vn -0.363204 -0.691899 0.623985
vn -0.739377 -0.393215 0.546538
vn -0.453850 -0.555404 0.696812
vn -0.479860 0.195377 0.855314
vn 0.214943 -0.202269 -0.955451
vn 0.147163 -0.814219 -0.561597
vn -0.263265 -0.963987 -0.037679
vn -0.749942 -0.628553 0.206177
vn -0.749942 -0.628553 0.206177
vn -0.320619 -0.935941 0.145667
vn -0.298647 -0.937535 0.178434
vn -0.931176 -0.341708 -0.127070
vn -0.468323 -0.863702 0.186258
vn -0.157054 -0.974228 -0.161907
vn -0.009408 -0.918751 0.394726
vn -0.899245 -0.041776 -0.435446
vn -0.888422 -0.312161 -0.336544
vn -0.746736 -0.519459 0.415389
vn -0.991707 -0.087941 -0.093724
vn -0.940827 -0.248388 0.230537
vn -0.925971 -0.335826 -0.172624
vn -0.863307 -0.456741 -0.214685
vn -0.031278 -0.997582 0.062066
vn -0.910153 -0.345514 -0.228565
vn -0.611331 -0.139007 -0.779071
vn -0.344382 -0.004985 0.938817
vn -0.483887 -0.583244 0.652441
vn -0.671022 -0.496329 -0.550806
vn -0.441803 -0.692422 -0.570404
vn -0.138762 -0.909430 0.392024
vn -0.353164 -0.343186 0.870344
vn -0.290613 -0.752063 0.591561
vn 0.136026 -0.743810 0.654404
vn -0.543058 -0.350202 0.763182
vn -0.839728 0.237053 0.488531
vn -0.522969 -0.834658 -0.172770
vn -0.715497 -0.235161 0.657847
vn -0.655672 -0.142894 0.741401
vn -0.964614 -0.241945 0.104796
vn -0.670645 -0.731781 -0.121375
vn -0.451333 0.175071 0.875014
vn -0.519843 -0.380832 0.764677
vn -0.599824 0.067930 0.797243
vn -0.290622 -0.857831 0.423868
vn -0.440579 -0.257349 0.860036
vn -0.866490 -0.127856 0.482542
vn -0.472799 -0.550015 0.688436
vn -0.490388 -0.606045 0.626282
vn -0.425834 -0.878142 0.218017
vn -0.431451 -0.886373 0.167907
vn 0.017705 -0.559715 0.828496
vn -0.533735 -0.844374 0.046475
vn -0.834757 0.490191 0.250786
vn -0.418642 -0.240559 0.875711
vn -0.469810 -0.618566 0.629805
vn -0.233368 -0.790145 0.566754
vn -0.528257 -0.127680 0.839430
vn -0.428516 -0.071807 0.900676
vn -0.156631 -0.641168 0.751246
vn -0.400346 -0.793116 0.459011
vn -0.605276 -0.622135 0.496578
vn -0.669805 -0.545887 0.503358
vn -0.632826 -0.082341 0.769903
vn -0.138692 0.088745 0.986351
vn 0.222674 0.398770 0.889606
vn 0.018280 -0.245621 0.969194
vn 0.665958 0.559991 0.492860
vn 0.434121 0.605252 0.667240
vn 0.375790 0.316506 0.870979
vn 0.170835 0.874517 0.453912
vn 0.192339 0.349172 0.917107
vn 0.776687 0.193959 0.599281
vn -0.039093 -0.764325 0.643645
vn 0.595562 0.727721 0.340189
vn 0.935813 0.103030 0.337104
vn 0.665958 0.559991 0.492860
vn 0.375790 0.316506 0.870979
vn 0.577427 0.715011 0.394128
vn -0.871324 0.426960 0.241866
vn -0.793075 0.418581 0.442517
vn -0.795961 0.111472 0.594996
vn -0.215730 -0.959254 -0.182460
vn 0.856876 -0.515404 -0.011094
vn 0.189766 -0.915121 0.355728
vn -0.156631 -0.641168 0.751246
vn -0.760255 -0.060087 0.646840
vn 0.239798 0.597906 0.764857
vn 0.239798 0.597906 0.764857
vn -0.215730 -0.959254 -0.182460
vn -0.628898 -0.766318 0.131313
vn 0.074865 -0.938148 0.338043
vn -0.893256 -0.308156 0.327312
vn -0.304304 0.267964 0.914109
vn -0.641812 -0.330301 0.692083
vn -0.726040 -0.662896 0.182851
vn -0.820858 0.448366 0.353779
vn -0.936973 -0.297504 0.183228
vn -0.586030 -0.727686 0.356430
vn -0.902327 -0.248742 0.352042
vn -0.438392 -0.510909 0.739449
vn -0.381417 0.052770 0.922896
vn 0.140045 -0.493177 0.858583
vn -0.494378 0.451407 0.742847
vn 0.776687 0.193959 0.599281
vn 0.434121 0.605252 0.667240
vn 0.935813 0.103030 0.337104
vn 0.141037 0.383683 0.912632
vn -0.474864 0.068472 0.877392
vn -0.774542 0.199425 -0.600262
vn -0.410103 0.275460 -0.869447
vn -0.902327 -0.248742 0.352042
vn -0.952386 -0.183718 0.243327
vn 0.127341 -0.984843 -0.117763
vn 0.995754 -0.086655 0.031076
vn 0.991387 -0.117841 0.057144
vn 0.996624 0.078774 -0.023120
vn 0.686417 -0.679354 0.259442
vn 0.990031 -0.124702 0.065477
vn 0.797021 0.579146 -0.171308
vn 0.987350 -0.076320 0.138976
vn 0.616872 -0.721721 0.313988
vn 0.989744 -0.100639 0.101386
vn 0.987944 -0.071289 0.137418
vn 0.736050 0.656871 -0.163554
vn 0.982103 -0.078949 0.171002
vn 0.615710 0.743960 -0.259663
vn 0.431493 -0.836953 0.336636
vn 0.732959 -0.651654 0.195239
vn 0.739563 0.647974 -0.182146
vn 0.855827 0.508944 -0.092387
vn 0.881069 0.312347 -0.355185
vn 0.988816 -0.073782 0.129615
vn 0.990043 -0.080810 0.115255
vn 0.754556 0.627676 -0.191488
vn 0.844436 0.502834 -0.184622
vn 0.737089 0.639942 -0.217195
vn 0.739625 0.644705 -0.193161
vn -0.753856 -0.370710 0.542471
vn -0.604142 -0.272455 0.748853
vn 0.605208 0.740368 -0.292538
vn 0.725008 -0.610082 0.319629
vn 0.362224 -0.772731 -0.521229
vn -0.454900 -0.437426 -0.775709
vn 0.031221 -0.691956 0.721265
vn -0.862105 -0.206270 -0.462848
vn -0.053630 -0.998240 0.025302
vn -0.249460 -0.954894 0.161083
vn -0.606722 -0.794897 0.005255
vn -0.921479 -0.123302 -0.368338
vn 0.061459 -0.842785 -0.534730
vn 0.000000 -0.083733 -0.996488
vn 0.065653 -0.988487 -0.136322
vn -0.872257 -0.015315 -0.488809
vn -0.865361 -0.500675 -0.021794
vn -0.752716 -0.594371 -0.283092
vn -0.621494 -0.243413 0.744645
vn -0.461591 -0.311124 0.830744
vn -0.766339 -0.313186 0.560926
vn 0.017705 -0.559715 0.828496
vn -0.839728 0.237053 0.488531
vn -0.413083 -0.259080 0.873063
vn -0.516470 -0.628377 0.581722
vn -0.404085 0.073760 -0.911743
vn -0.677837 -0.429770 0.596519
vn -0.429203 0.538601 0.725048
vn -0.605276 -0.622135 0.496578
vn 0.336533 0.275547 0.900455
vn 0.018280 -0.245621 0.969194
vn -0.233018 0.220751 0.947086
vn -0.517397 0.229622 0.824363
vn -0.474864 0.068472 0.877392
vn 0.370593 0.526233 0.765337
vn 0.375790 0.316506 0.870979
vn -0.718200 0.663849 0.208549
vn 0.113639 -0.979450 -0.166624
vn -0.622918 -0.615964 0.482247
vn -0.747708 0.111294 -0.654635
vn -0.412153 -0.533201 0.738800
vn -0.207973 -0.350241 0.913279
vn -0.632826 -0.082341 0.769903
vn -0.765450 -0.635102 0.103596
vn -0.181590 -0.897269 0.402409
vn -0.661192 0.236099 0.712097
vn -0.750762 -0.288011 0.594480
vn -0.516444 -0.839491 -0.168941
vn -0.122640 -0.992413 -0.008695
vn -0.202475 -0.827709 -0.523355
vn -0.127256 -0.927328 -0.351950
vn 0.192339 0.349172 0.917107
vn 0.164109 0.390048 0.906052
vn -0.698427 0.344207 0.627472
vn -0.836292 -0.022792 0.547810
vn -0.698427 0.344207 0.627472
vn 0.585211 0.417147 0.695353
vn -0.931352 -0.099471 0.350269
vn -0.233018 0.220751 0.947086
vn -0.516444 -0.839491 -0.168941
vn -0.622918 -0.615964 0.482247
vn -0.231436 -0.972732 -0.015124
vn -0.207973 -0.350241 0.913279
vn -0.534838 -0.844044 -0.039229
vn -0.670862 0.128355 0.730390
vn 0.492195 0.861056 0.127776
vn 0.591969 0.798435 0.109888
vn -0.854107 -0.519308 0.028630
vn -0.778696 -0.626399 0.035450
vn -0.058408 0.071627 0.995720
vn -0.948660 -0.092334 0.302521
vn -0.992691 -0.063410 0.102684
vn 0.271469 0.920393 -0.281391
vn -0.454900 -0.437426 -0.775709
vn -0.564193 -0.786677 -0.250650
vn 0.144228 0.987311 -0.066450
vn -0.036909 0.993691 0.105910
vn -0.313897 -0.016401 -0.949316
vn -0.297915 0.147120 -0.943188
vn 0.174476 0.941418 -0.288601
vn 0.242190 0.075222 0.967308
vn -0.836292 -0.022792 0.547810
vn -0.177719 0.179313 0.967607
vn -0.517397 0.229622 0.824363
vn -0.836292 -0.022792 0.547810
vn -0.534838 -0.844044 -0.039229
vn 0.336103 -0.932555 -0.131814
vn -0.353158 -0.931045 0.091843
vn -0.864697 -0.407736 -0.293344
vn 0.120169 -0.980026 -0.158458
vn -0.430693 0.081799 -0.898784
vn 0.269205 0.963052 0.007672
vn -0.125250 -0.907159 -0.401715
vn -0.704647 0.685275 -0.184039
vn 0.226074 0.760310 -0.608949
vn -0.884351 -0.028779 -0.465935
vn -0.851918 -0.332177 -0.404839
vn -0.865320 -0.132583 -0.483367
vn -0.992414 -0.048808 -0.112841
vn -0.867503 -0.309193 -0.389665
vn 0.099858 -0.790955 0.603670
vn 0.530748 0.140319 0.835833
vn -0.494378 0.451407 0.742847
vn -0.605276 -0.622135 0.496578
vn -0.859886 -0.232116 -0.454662
vn -0.306141 0.909183 -0.282247
vn -0.146434 0.989108 0.014937
vn -0.378039 0.160826 -0.911713
vn -0.046446 -0.998914 0.003587
vn -0.651679 -0.412885 0.636271
vn -0.935659 0.079086 -0.343930
vn -0.979937 0.059767 -0.190133
vn -0.969088 0.245655 -0.022867
vn -0.966029 0.239653 -0.096719
vn -0.269818 -0.961469 -0.052694
vn 0.569652 -0.746432 0.343999
vn -0.316076 0.113566 -0.941912
vn -0.862290 -0.500247 -0.078797
vn 0.081582 0.984343 -0.156246
vn 0.726711 -0.657216 0.199898
vn 0.736176 -0.644616 0.206192
vn 0.592371 0.731450 -0.337753
vn 0.607388 -0.756706 0.241816
vn 0.993938 0.047487 -0.099161
vn 0.995010 0.066452 -0.074421
vn 0.604972 0.726407 -0.326100
vn 0.611826 0.725559 -0.315012
vn 0.995049 0.053367 -0.083840
vn 0.991827 0.052073 -0.116479
vn 0.590340 0.734088 -0.335579
vn 0.746240 -0.626437 0.225174
vn 0.993380 0.060976 -0.097351
vn 0.997650 0.040755 -0.055080
vn 0.617346 -0.783355 0.072375
vn 0.733375 -0.646673 0.209700
vn 0.760895 -0.609557 0.222438
vn 0.598468 -0.743006 0.299630
vn 0.096578 -0.885018 0.455430
vn 0.997901 0.063152 -0.014354
vn 0.994480 0.089242 -0.055185
vn -0.097690 0.958175 -0.268992
vn 0.592017 0.767806 -0.244928
vn 0.898074 -0.416862 0.140318
vn 0.591829 0.728385 -0.345244
vn 0.445158 0.821756 -0.355740
vn 0.722471 0.629361 -0.286254
vn 0.996248 0.070987 -0.049516
vn 0.438693 0.834868 -0.332481
vn 0.828519 0.031014 -0.559101
vn -0.756618 0.651870 0.050940
vn -0.404475 0.286155 -0.868628
vn 0.074865 -0.938148 0.338043
vn -0.730607 0.681724 0.038282
vn -0.247171 0.163792 0.955028
vn 0.054622 0.996561 -0.062311
vn -0.550809 0.251415 0.795865
vn -0.351474 0.871204 0.342740
vn 0.474868 -0.822067 0.314175
vn -0.041667 -0.516240 0.855430
vn 0.245077 -0.918048 0.311649
vn -0.032149 -0.994968 0.094900
vn -0.145749 -0.821745 0.550902
vn 0.239798 0.597906 0.764857
vn -0.959416 -0.108156 -0.260429
vn -0.851497 -0.243170 -0.464565
vn -0.919165 -0.389753 -0.056818
vn -0.192715 -0.915580 0.352950
vn -0.252132 -0.654317 0.712950
vn -0.269818 -0.961469 -0.052694
vn -0.872133 -0.283131 0.399025
vn 0.386784 -0.386689 0.837180
vn -0.716964 0.201411 0.667380
vn 0.099786 -0.951087 0.292363
vn 0.259219 -0.881107 0.395545
vn -0.783489 0.247279 -0.570086
vn -0.439272 0.229914 -0.868435
vn -0.901899 0.226700 -0.367675
vn -0.513951 -0.227146 -0.827200
vn -0.080103 0.848839 -0.522547
vn -0.035838 0.079574 -0.996185
vn -0.418788 -0.058048 -0.906227
vn -0.952386 -0.183718 0.243327
vn -0.902327 -0.248742 0.352042
vn -0.309313 -0.544026 -0.779975
vn -0.990602 0.111953 -0.078574
vn -0.757426 0.026634 -0.652377
vn -0.810465 0.328073 -0.485299
vn -0.732038 0.317340 0.602840
vn -0.716964 0.201411 0.667380
vn 0.387533 -0.892999 0.228848
vn 0.097055 -0.794723 0.599163
vn -0.125250 -0.907159 -0.401715
vn 0.367859 -0.929214 0.035241
vn -0.046446 -0.998914 0.003587
vn -0.749942 -0.628553 0.206177
vn 0.067824 -0.929123 -0.363498
vn -0.806926 -0.467183 0.361400
vn -0.329074 -0.926723 -0.181370
vn 0.067824 -0.929123 -0.363498
vn -0.377340 -0.598553 0.706646
vn 0.898707 -0.099768 0.427050
vn -0.320250 -0.748567 -0.580593
vn -0.100362 0.230715 0.967831
vn 0.361138 -0.678415 0.639791
vn -0.397869 -0.808299 -0.433997
vn -0.782595 -0.235405 0.576307
vn -0.584884 -0.345938 0.733647
vn -0.755761 -0.652361 -0.057010
vn -0.125250 -0.907159 -0.401715
vn -0.755761 -0.652361 -0.057010
vn -0.785025 -0.533402 0.314989
vn -0.868099 -0.047923 -0.494072
vn -0.564193 -0.786677 -0.250650
vn -0.138320 0.280144 -0.949940
vn -0.513951 -0.227146 -0.827200
vn -0.672743 -0.256352 -0.694046
vn 0.661824 -0.730875 -0.166766
vn -0.464400 -0.554593 0.690478
vn -0.270485 -0.736319 -0.620219
vn -0.454900 -0.437426 -0.775709
vn -0.039093 -0.764325 0.643645
vn 0.253040 -0.103418 -0.961912
vn 0.844228 -0.531094 -0.072234
vn 0.422933 -0.905814 0.025090
vn -0.471000 -0.689913 -0.549709
vn -0.919312 0.165276 -0.357141
vn 0.031221 -0.691956 0.721265
vn 0.147163 -0.814219 -0.561597
vn -0.192244 0.453940 -0.870046
vn -0.316076 0.113566 -0.941912
vn 0.399512 -0.386530 0.831255
vn 0.552893 -0.385753 0.738582
vn 0.790750 -0.287413 0.540471
vn 0.962028 0.018651 0.272314
vn -0.080434 0.392055 0.916419
vn -0.080893 0.542454 -0.836182
vn 0.163855 0.859721 -0.483768
vn -0.218509 0.418420 -0.881577
vn 0.093159 0.801677 -0.590453
vn -0.368455 0.863975 -0.343203
vn -0.212713 0.696604 -0.685198
vn -0.388186 0.861235 0.328002
vn -0.376052 0.922214 -0.090031
vn 0.762529 0.104356 0.638483
vn -0.070475 0.479784 0.874551
vn 0.806919 0.235292 0.541774
vn 0.898707 -0.099768 0.427050
vn -0.834757 0.490191 0.250786
vn -0.494378 0.451407 0.742847
vn 0.962028 0.018651 0.272314
vn -0.361453 0.824939 0.434543
vn -0.324653 0.603376 -0.728380
vn -0.445354 0.024974 -0.895006
vn -0.849468 0.526256 -0.038213
vn -0.270719 0.202007 -0.941225
vn -0.494733 0.310978 -0.811500
vn -0.234633 0.698644 0.675903
vn -0.234633 0.698644 0.675903
vn -0.732038 0.317340 0.602840
vn 0.530748 0.140319 0.835833
vn -0.872133 -0.283131 0.399025
vn 0.006394 -0.837034 0.547113
vn -0.046446 -0.998914 0.003587
vn -0.993830 0.110126 -0.013233
vn -0.610913 0.024993 -0.791303
vn -0.142876 0.821139 0.552555
vn -0.869352 0.448922 0.206629
vn 0.256976 0.964121 0.066585
vn -0.283837 0.523647 -0.803262
vn -0.801217 -0.432494 -0.413521
vn -0.785025 -0.533402 0.314989
vn -0.585799 -0.153220 0.795841
vn -0.124887 -0.991975 0.019727
vn -0.219726 -0.407647 -0.886310
vn -0.691987 -0.698605 -0.181946
vn 0.108227 -0.397568 -0.911168
vn -0.909697 -0.384872 0.155966
vn 0.140045 -0.493177 0.858583
vn 0.391798 -0.345650 0.852655
vn -0.606822 0.264535 0.749525
vn -0.818024 -0.539667 0.198986
vn -0.242520 -0.942439 -0.230203
vn 0.433880 -0.068153 -0.898390
vn 0.356086 0.317196 0.878971
vn 0.342027 -0.422794 -0.839204
vn -0.447541 -0.217922 -0.867304
vn -0.970682 -0.231883 -0.063306
vn 0.462994 -0.112513 0.879192
vn 0.498179 -0.088719 -0.862524
vn -0.925134 -0.379491 0.010637
vn -0.476946 -0.303895 -0.824724
vn 0.399090 -0.010950 -0.916846
vn 0.487727 -0.423303 -0.763503
vn 0.592211 -0.173386 -0.786908
vn -0.382068 -0.450461 -0.806913
vn 0.795423 -0.477095 -0.373743
vn -0.479752 -0.873594 -0.081673
vn 0.417609 -0.606971 -0.676157
vn 0.331156 -0.547731 0.768327
vn -0.818024 -0.539667 0.198986
vn -0.035535 0.215448 0.975869
vn 0.881024 -0.431016 0.194994
vn 0.097388 -0.992488 0.074049
vn -0.187478 -0.886453 -0.423146
vn 0.254974 -0.378244 0.889899
vn -0.205867 -0.629905 -0.748892
vn -0.437903 -0.388417 -0.810786
vn -0.560515 0.001131 0.828144
vn -0.921950 -0.325716 -0.209567
vn -0.576459 0.008049 0.817087
vn -0.614830 -0.052472 0.786913
vn 0.923368 -0.360324 0.132511
vn -0.218990 -0.517573 -0.827141
vn -0.941938 -0.331645 -0.052573
vn 0.539968 -0.623746 -0.565133
vn -0.262090 -0.301876 -0.916613
vn -0.968220 -0.143746 -0.204664
vn 0.711769 -0.253410 -0.655110
vn -0.824685 -0.245087 -0.509732
vn 0.042723 -0.253487 -0.966395
vn -0.928306 -0.089582 0.360866
vn 0.899817 0.110487 0.422044
vn -0.832744 0.081569 0.547616
vn -0.777075 -0.340164 -0.529568
vn -0.896504 0.049793 0.440229
vn 0.796681 0.372911 0.475644
vn -0.497378 -0.149834 0.854497
vn 0.999336 -0.015795 -0.032851
vn -0.345365 -0.858070 0.380050
vn -0.485604 -0.249623 0.837781
vn -0.084791 -0.981286 0.172883
vn -0.623673 -0.163768 0.764338
vn -0.437764 -0.402476 -0.803975
vn -0.497378 -0.149834 0.854497
vn 0.310981 -0.653537 0.690058
vn 0.923302 0.382716 -0.032268
vn 0.097388 -0.992488 0.074049
vn -0.375518 -0.172188 -0.910680
vn -0.976992 -0.121389 -0.175359
vn 0.557512 -0.054277 -0.828393
vn -0.133731 -0.569019 0.811377
vn 0.214688 0.350022 0.911808
vn -0.950424 -0.277887 0.139547
vn -0.560515 0.001131 0.828144
vn 0.405052 0.212588 0.889235
vn 0.610330 -0.092970 -0.786673
vn 0.944217 0.314376 0.098093
vn -0.882713 -0.440608 0.163345
vn -0.576459 0.008049 0.817087
vn 0.592211 -0.173386 -0.786908
vn 0.381641 0.045407 0.923195
vn 0.966240 0.061772 0.250130
vn -0.436151 -0.899356 0.030515
vn -0.282125 -0.952158 -0.117476
vn 0.852034 0.290828 0.435266
vn -0.848648 -0.462063 -0.257478
vn 0.959086 -0.250441 -0.132035
vn 0.897783 -0.160647 -0.410097
vn -0.824685 -0.245087 -0.509732
vn 0.870236 -0.178841 -0.459026
vn -0.812331 -0.314128 0.491367
vn 0.557512 -0.054277 -0.828393
vn -0.728164 -0.469140 -0.499684
vn -0.728164 -0.469140 -0.499684
vn 0.610330 -0.092970 -0.786673
vn -0.262015 -0.309314 -0.914152
vn 0.487727 -0.423303 -0.763503
vn 0.795423 -0.477095 -0.373743
vn 0.959086 -0.250441 -0.132035
vn 0.032018 0.564716 0.824664
vn -0.133731 -0.569019 0.811377
vn -0.614830 -0.052472 0.786913
vn -0.641741 -0.405536 0.650930
vn 0.984944 0.171444 -0.022169
vn 0.881024 -0.431016 0.194994
vn 0.036665 -0.972393 -0.230452
vn 0.558011 -0.770944 0.307032
vn 0.279312 0.427412 0.859828
vn -0.581251 -0.588388 -0.562091
vn 0.759801 -0.547983 0.349882
vn 0.686082 0.603669 0.406049
vn -0.386190 -0.851540 -0.354594
vn 0.584084 0.788363 0.193209
vn 0.537609 -0.626274 -0.564586
vn 0.005818 0.976725 0.214417
vn -0.652100 -0.715689 0.250110
vn -0.622413 0.777729 0.087979
vn -0.951286 -0.099225 0.291907
vn -0.994993 -0.082473 0.056454
vn -0.848648 -0.462063 -0.257478
vn 0.019344 0.199522 0.979702
vn 0.212059 -0.923892 0.318521
vn 0.753634 0.550585 0.359016
vn 0.644046 0.115755 0.756178
vn 0.578788 0.674414 0.458443
vn 0.147742 -0.329446 0.932544
vn 0.279388 0.918369 0.280250
vn 0.584084 0.788363 0.193209
vn 0.681894 0.280187 0.675659
vn 0.892165 -0.074708 -0.445490
vn 0.748215 -0.108110 0.654589
vn 0.685420 0.728148 0.000000
vn -0.626824 0.349487 0.696384
vn 0.798429 0.451105 -0.398768
vn 0.349829 -0.936814 -0.000000
vn -0.505707 -0.033623 0.862050
vn 0.189931 0.786400 0.587793
vn 0.619787 -0.784297 -0.027262
vn 0.759801 -0.547983 -0.349882
vn 0.279311 0.427412 -0.859828
vn 0.686082 0.603669 -0.406049
vn -0.559340 0.612354 0.558714
vn -0.693994 -0.285917 0.660775
vn 0.584084 0.788363 -0.193209
vn -0.607784 -0.338689 0.718254
vn 0.944220 -0.329316 -0.000000
vn 0.012789 0.634377 0.772918
vn 0.944220 -0.329316 -0.000000
vn 0.888103 0.459644 0.000000
vn 0.236145 0.971718 0.000000
vn 0.759801 -0.547983 -0.349882
vn 0.147742 -0.329446 -0.932544
vn 0.960111 0.279619 0.000000
vn 0.828796 -0.559551 0.000000
vn 0.726445 0.687225 0.000000
vn 0.657203 -0.423882 -0.623224
vn 0.584084 0.788363 -0.193209
vn 0.798429 0.451105 0.398768
vn -0.279222 0.426944 0.860090
vn 0.892165 -0.074708 0.445490
vn 0.657203 -0.423882 0.623224
vn 0.455697 -0.026443 -0.889742
vn -0.027652 0.999618 0.000000
vn 0.615266 0.788320 -0.000000
vn 0.992767 -0.120058 0.000000
vn 0.440778 0.897616 0.000000
vn 0.753634 0.550585 0.359016
vn 0.892165 -0.074708 0.445490
vn 0.676692 -0.277789 0.681851
vn -0.696095 -0.300405 0.652080
vn -0.568449 -0.038726 0.821807
vn -0.694559 0.719436 0.000000
vn 0.440778 0.897616 0.000000
vn 0.615266 0.788320 -0.000000
vn 0.649470 0.644242 0.403907
vn 0.933155 0.003579 -0.359457
vn 0.450815 0.805393 0.384848
vn 0.810550 -0.184718 -0.555777
vn -0.000000 -0.264486 -0.964389
vn 0.909094 -0.199473 0.365731
vn -0.000001 -0.807670 -0.589634
vn -0.000000 0.260674 -0.965427
vn -0.334324 -0.304675 0.891853
vn 0.929002 -0.370076 -0.000264
vn 0.000001 -0.434409 0.900716
vn -0.000000 0.916250 0.400608
vn 0.000000 0.028117 0.999605
vn 0.485276 0.824919 -0.289856
vn -0.000000 -0.282373 0.959305
vn -0.000000 0.278385 0.960469
vn -0.933155 0.003579 -0.359457
vn 0.846680 0.059921 0.528718
vn 0.721961 0.034185 -0.691089
vn -0.000000 0.770185 -0.637820
vn 0.836463 0.318835 -0.445729
vn 0.604375 -0.742294 0.289363
vn -0.302378 -0.756240 -0.580231
vn 0.583328 0.592740 -0.555327
vn 0.000000 0.001448 -0.999999
vn -0.000000 0.776078 0.630637
vn 0.526436 -0.681831 0.507910
vn -0.954649 0.013948 0.297406
vn -0.450060 -0.887527 -0.098703
vn 0.614707 0.334757 0.714194
vn 0.833932 0.009366 0.551787
vn -0.334294 0.444248 0.831199
vn -0.000000 -0.003162 -0.999995
vn 0.992935 0.065968 -0.098631
vn 0.949631 0.193709 0.246328
vn 0.898069 0.041341 0.437907
vn 0.699150 -0.610354 -0.372367
vn 0.638918 -0.640267 0.426430
vn -0.000001 -0.000001 1.000000
vn 0.752033 -0.148045 -0.642284
vn 0.765189 0.147102 0.626775
vn -0.000001 -0.000001 -1.000000
vn 0.000001 -0.656730 -0.754126
vn 0.738046 -0.674751 -0.000092
vn -0.334294 0.444248 -0.831199
vn -0.000001 -0.819857 0.572568
vn 0.892165 -0.074708 -0.445490
vn 0.896552 -0.442938 -0.000195
vn 0.483051 -0.735495 0.475088
vn 0.492219 -0.619611 -0.611394
vn 0.693960 -0.343970 0.632537
vn 0.596698 -0.567950 0.566907
vn 0.890545 0.454896 -0.000000
vn 0.726445 0.687225 0.000000
vn -0.883247 0.468908 0.000000
vn 0.733756 -0.398071 -0.550583
vn 0.000001 -0.404489 -0.914543
vn 0.000001 -0.528935 0.848662
vn 0.581252 -0.588387 -0.562092
vn -0.027652 0.999618 0.000000
vn 0.984944 0.171444 -0.022169
vn -0.840991 -0.530980 -0.103893
vn -0.641741 -0.405536 0.650930
vn 0.552255 -0.017212 -0.833497
vn -0.452742 -0.095045 0.886562
vn 0.552255 -0.017212 -0.833497
vn -0.452742 -0.095045 0.886562
vn -0.325879 -0.812489 0.483389
vn -0.997019 -0.070949 0.030311
vn -0.434489 0.595998 0.675282
vn -0.722852 -0.511533 0.464563
vn -0.473515 0.606603 0.638605
vn -0.747499 0.051197 0.662287
vn -0.366330 -0.873835 0.319710
vn -0.487723 -0.866824 -0.103650
vn -0.815030 -0.399571 0.419606
vn -0.638750 -0.766861 -0.062634
vn -0.951907 -0.305915 -0.017000
vn -0.604557 -0.796483 -0.011209
vn -0.784286 -0.449567 0.427535
vn -0.428595 -0.676955 0.598363
vn -0.347970 -0.684539 0.640565
vn -0.965946 -0.097209 0.239787
vn -0.938327 0.280553 0.202070
vn -0.064391 -0.372796 0.925676
vn -0.003361 -0.990931 0.134327
vn 0.802546 -0.297251 0.517263
vn -0.003361 -0.990931 0.134327
vn -0.605981 -0.743889 0.281808
vn -0.804344 -0.044247 0.592514
vn 0.000000 -0.997067 -0.076538
vn -0.942188 -0.333246 -0.035071
vn -0.577369 -0.607849 0.545128
vn -0.731047 -0.608962 0.307790
vn -0.533560 0.836369 0.125703
vn 0.132918 0.798005 -0.587811
vn -0.756453 0.649657 0.075659
vn 0.144855 0.863955 0.482285
vn 0.213363 0.844462 0.491284
vn -0.586465 0.800013 0.126644
vn 0.739652 -0.427137 -0.520065
vn -0.004163 -0.540784 -0.841151
vn -0.773892 -0.083288 0.627818
vn -0.636141 -0.722602 0.270503
vn -0.949474 0.307929 0.060648
vn -0.309313 -0.544026 -0.779975
vn 0.079929 0.004323 0.996791
vn -0.808888 0.309443 0.499945
vn -0.845673 -0.528902 -0.071405
vn 0.911706 -0.331029 0.243334
vn 0.129120 -0.209437 -0.969259
vn 0.876029 -0.119563 -0.467202
vn -0.060676 -0.065399 -0.996013
vn 0.181220 -0.056432 -0.981822
vn 0.877843 0.403434 -0.258133
vn 0.999423 -0.013993 -0.030955
vn 0.758481 0.068472 0.648088
vn -0.473420 -0.199660 0.857910
vn 0.129120 -0.209437 -0.969259
vn 0.897246 -0.002733 0.441522
vn 0.345677 0.414451 0.841865
vn -0.000000 -0.247934 -0.968777
vn 0.451044 -0.009294 0.892453
vn 0.384101 0.006134 -0.923271
vn -0.060676 -0.065399 -0.996013
vn 0.123522 0.078624 0.989222
vn 0.442003 -0.271128 0.855057
vn 0.676245 -0.059832 0.734243
vn -0.000000 0.608353 0.793666
vn 0.000000 0.398463 0.917185
vn -0.000000 -0.076005 0.997108
vn 0.965809 -0.258928 0.013013
vn 0.691729 -0.009532 0.722094
vn 0.027244 0.355623 0.934232
vn 0.590203 0.100394 -0.800988
vn -0.118225 -0.219615 0.968396
vn 0.000000 0.588704 -0.808349
vn 0.220239 0.431941 0.874598
vn 0.964635 -0.058710 0.256967
vn 0.758614 -0.391111 0.521092
vn 0.500316 0.349779 -0.792047
vn -0.066716 -0.166639 0.983758
vn 0.219726 -0.407647 -0.886310
vn 0.653971 -0.067020 0.753545
vn 0.009409 -0.918751 0.394726
vn 0.306614 -0.114570 -0.944914
vn -0.323721 0.847231 0.421194
vn 0.587418 0.352814 -0.728329
vn -0.596215 0.224662 0.770749
vn 0.312732 -0.192773 -0.930074
vn 0.868272 0.151791 -0.472295
vn 0.523045 -0.059320 -0.850238
vn -0.906496 0.107155 -0.408391
vn -0.385216 -0.286382 -0.877265
vn 0.130983 0.190615 -0.972887
vn -0.964720 -0.262349 -0.022079
vn -0.964720 -0.262349 -0.022079
vn -0.596215 0.224662 0.770749
vn 0.359222 0.495840 0.790634
vn 0.000000 0.422336 0.906440
vn -0.025418 0.323378 0.945929
vn 0.237708 0.517643 0.821913
vn 0.611331 -0.139007 -0.779071
vn -0.000000 0.462687 0.886522
vn -0.113056 0.702038 0.703108
vn 0.578767 -0.106451 -0.808516
vn 0.962013 0.012553 -0.272714
vn -0.177896 0.037647 0.983329
vn 0.704100 0.261807 0.660076
vn -0.000000 0.462687 0.886522
vn -0.318754 0.262461 0.910775
vn 0.359222 0.495840 0.790634
vn 0.966708 0.205090 0.153017
vn 0.688613 0.448172 0.570048
vn -0.318754 0.262461 0.910775
vn 0.966708 0.205090 0.153017
vn 0.957285 0.132983 0.256750
vn 0.549633 0.802642 0.231666
vn 0.298325 0.236220 0.924772
vn 0.125250 -0.907159 -0.401715
vn 0.513951 -0.227146 -0.827200
vn 0.755761 -0.652361 -0.057010
vn 0.755761 -0.652361 -0.057010
vn -0.067824 -0.929123 -0.363498
vn 0.806926 -0.467183 0.361400
vn 0.749942 -0.628553 0.206177
vn 0.046446 -0.998914 0.003587
vn 0.329074 -0.926723 -0.181370
vn 0.320250 -0.748567 -0.580593
vn 0.782595 -0.235405 0.576307
vn 0.000000 0.257683 -0.966230
vn 0.834757 0.490191 0.250786
vn 0.972455 0.229387 -0.041387
vn 0.298325 0.236220 0.924772
vn 0.688613 0.448172 0.570048
vn 0.388186 0.861235 0.328002
vn 0.376052 0.922214 -0.090031
vn -0.000000 0.732687 -0.680566
vn 0.218509 0.418419 -0.881577
vn 0.672743 -0.256352 -0.694046
vn 0.464400 -0.554593 0.690478
vn 0.785025 -0.533402 0.314989
vn -0.367859 -0.929214 0.035241
vn 0.125250 -0.907159 -0.401715
vn 0.000000 0.307445 -0.951566
vn 0.324653 0.603376 -0.728380
vn 0.494378 0.451407 0.742847
vn 0.868099 -0.047923 -0.494072
vn 0.471000 -0.689912 -0.549709
vn 0.008697 -0.942263 -0.334761
vn -0.340434 -0.840397 -0.421708
vn -0.663348 -0.575002 0.478896
vn -0.116668 -0.985721 0.121420
vn 0.732603 -0.369689 0.571510
vn 0.378099 -0.104840 0.919809
vn -0.014196 -0.912428 0.408991
vn -0.014196 -0.912428 0.408991
vn 0.879092 -0.434319 0.196379
vn 0.540814 -0.827160 0.152733
vn -0.479884 -0.850988 0.213379
vn 0.884412 0.079797 0.459834
vn 0.048310 -0.993614 0.101972
vn 0.223159 -0.742607 0.631455
vn -0.735705 0.346429 0.582001
vn 0.237656 -0.890828 -0.387228
vn 0.861957 0.448101 0.237141
vn -0.029799 0.421787 -0.906205
vn 0.285573 -0.152011 -0.946225
vn 0.530412 0.040696 0.846763
vn 0.853728 0.089565 -0.512959
vn 0.676979 0.349726 0.647604
vn 0.786083 0.462398 0.410198
vn 0.689130 -0.397435 -0.605926
vn 0.319669 -0.452152 -0.832689
vn -0.747434 -0.646154 -0.154364
vn -0.699934 -0.711795 0.058651
vn -0.571817 -0.793616 -0.207844
vn -0.699934 -0.711795 0.058651
vn -0.780829 0.133059 -0.610411
vn -0.699235 0.562524 0.441177
vn 0.191596 -0.820460 0.538644
vn -0.913459 0.363608 0.182709
vn -0.896847 0.427827 0.112383
vn -0.781525 0.109003 -0.614278
vn -0.795532 0.523408 -0.305241
vn -0.795532 0.523408 -0.305241
vn -0.823622 0.415103 0.386441
vn -0.482070 -0.127889 0.866749
vn -0.953853 -0.238310 -0.182682
vn 0.116131 0.066626 0.990997
vn -0.795532 0.523408 -0.305241
vn -0.885828 -0.095020 0.454180
vn -0.947637 -0.054205 -0.314715
vn -0.700517 0.428937 -0.570341
vn -0.781525 0.109003 -0.614278
vn -0.645520 0.152150 -0.748435
vn 0.273711 0.273405 -0.922135
vn -0.079469 0.444951 -0.892022
vn 0.070548 0.350334 -0.933964
vn 0.787455 0.397574 -0.471010
vn -0.337901 0.501684 -0.796326
vn -0.314928 0.945280 0.085242
vn -0.444230 0.874874 0.193015
vn -0.900610 0.337269 -0.274136
vn -0.214706 0.657739 0.721998
vn 0.175400 0.980057 0.093396
vn -0.400763 -0.712728 0.575681
vn -0.329846 -0.813217 -0.479458
vn -0.069198 -0.530144 0.845079
vn -0.320748 0.801143 0.505262
vn -0.098992 0.992678 -0.069211
vn 0.221768 0.949551 -0.221746
vn -0.324194 0.945476 -0.031192
vn 0.305311 0.952230 -0.006592
vn -0.732769 0.287137 0.616930
vn -0.742279 0.294932 0.601696
vn -0.752300 -0.013831 -0.658675
vn -0.029799 0.421787 -0.906205
vn -0.116668 -0.985721 0.121420
vn 0.918236 0.389293 -0.072762
vn 0.795959 0.561546 0.226084
vn 0.270659 -0.608875 -0.745664
vn 0.455441 -0.393857 0.798405
vn 0.397893 -0.573139 0.716374
vn 0.138876 0.335726 0.931666
vn -0.403513 0.281751 0.870513
vn -0.585074 0.143312 -0.798217
vn -0.795532 0.523408 -0.305241
vn -0.896847 0.427827 0.112383
vn 0.463498 0.442902 -0.767468
vn 0.595510 0.107478 -0.796126
vn 0.911932 0.325823 -0.249438
vn -0.254510 0.173837 -0.951318
vn -0.645520 0.152150 -0.748435
vn -0.079469 0.444951 -0.892022
vn -0.254510 0.173837 -0.951318
vn -0.245045 -0.775944 0.581261
vn 0.060306 0.284961 -0.956640
vn -0.111437 0.160105 -0.980790
vn -0.658604 -0.148444 -0.737702
vn 0.221196 -0.072864 -0.972504
vn -0.953853 -0.238310 -0.182682
vn -0.676783 0.603802 0.421174
vn 0.060306 0.284961 -0.956640
vn 0.137060 -0.327572 0.934832
vn -0.136286 -0.977469 0.161185
vn -0.747310 -0.418325 -0.516268
vn 0.039200 -0.213783 -0.976094
vn -0.477178 0.819158 0.318248
vn -0.545828 -0.465594 -0.696630
vn 0.425826 -0.239046 -0.872656
vn 0.431678 0.119152 -0.894124
vn -0.747035 -0.490759 -0.448435
vn -0.568987 0.542415 0.618094
vn -0.747434 -0.646154 -0.154364
vn -0.175291 0.399987 0.899602
vn 0.159260 -0.758623 -0.631765
vn 0.466461 -0.706711 -0.531953
vn -0.947637 -0.054205 -0.314715
vn -0.894357 -0.098827 0.436302
vn -0.928875 -0.369522 0.025399
vn -0.251197 0.351723 0.901771
vn -0.407757 -0.425011 -0.808146
vn 0.994092 -0.097132 -0.048436
vn 0.904792 -0.144208 -0.400694
vn -0.000000 0.301018 -0.953618
vn 0.000000 0.786312 -0.617829
vn 0.754172 0.009844 0.656603
vn -0.175716 -0.981204 -0.079766
vn -0.823622 0.415103 0.386441
vn 0.786550 0.263605 0.558437
vn -0.479884 -0.850988 0.213379
vn -0.403513 0.281751 0.870513
vn -0.232930 -0.608620 0.758502
vn 0.337168 -0.304590 0.890810
vn 0.862888 -0.041066 0.503724
vn 0.962772 -0.055869 0.264477
vn 0.896883 -0.119280 0.425879
vn 0.806744 -0.017004 0.590656
vn 0.000000 -0.181235 -0.983440
vn 0.283837 0.523647 -0.803262
vn 0.918198 -0.196690 0.343838
vn 0.789423 0.021966 0.613457
vn -0.735705 0.346429 0.582001
vn 0.646500 -0.747422 0.152964
vn 0.856092 -0.163900 0.490146
vn -0.136286 -0.977469 0.161185
vn 0.242806 -0.954544 0.172889
vn -0.125344 -0.978249 -0.165280
vn -0.941938 -0.331645 -0.052573
vn -0.422337 -0.814764 -0.397229
vn -0.968220 -0.143746 -0.204664
vn 0.756401 -0.643184 -0.119044
vn -0.035838 0.079574 -0.996185
vn 0.595135 -0.801072 0.064013
vn -0.446972 -0.542315 0.711414
vn -0.247602 -0.960617 0.126130
vn -0.418788 -0.058048 -0.906227
vn -0.741090 -0.134095 -0.657879
vn -0.472115 0.118363 -0.873555
vn 0.740960 -0.655358 -0.146573
vn -0.561983 -0.275593 -0.779887
vn -0.602622 0.015323 -0.797880
vn -0.202475 -0.827709 -0.523355
vn -0.531750 -0.753859 -0.385926
vn 0.299572 -0.859556 -0.414029
vn -0.741090 -0.134095 -0.657879
vn 0.140043 -0.650916 -0.746121
vn -0.119573 -0.793218 0.597082
vn -0.147163 -0.814219 -0.561597
vn -0.808976 0.114246 -0.576633
vn -0.744992 -0.210685 -0.632930
vn -0.706220 -0.504857 -0.496360
vn 0.932118 0.328664 0.152107
vn 0.826407 0.045605 0.561223
vn 0.413862 -0.357066 0.837390
vn -0.561983 -0.275593 -0.779887
vn -0.831912 -0.025615 -0.554317
vn -0.786194 0.207352 -0.582155
vn 0.114606 -0.468795 -0.875840
vn -0.222187 -0.205926 -0.953010
vn 0.785025 -0.533402 0.314989
vn 0.325013 -0.802680 -0.500072
vn 0.759855 0.228558 -0.608590
vn 0.946399 -0.103309 0.306032
vn -0.638194 -0.010039 0.769810
vn -0.886008 -0.001409 -0.463668
vn -0.833551 -0.008652 -0.552376
vn -0.668591 0.739710 -0.076257
vn -0.860365 -0.047385 -0.507471
vn -0.759053 -0.177943 0.626239
vn -0.566637 0.822751 0.044750
vn -0.833966 0.309432 0.456896
vn 0.030782 0.588666 0.807790
vn -0.820396 -0.095602 0.563747
vn -0.428516 -0.071807 0.900676
vn 0.820508 -0.485504 0.301748
vn -0.816223 0.574887 -0.057319
vn -0.802506 0.248895 -0.542251
vn -0.787243 0.367303 0.495316
vn -0.296093 0.454085 0.840319
vn -0.778015 0.051989 0.626091
vn -0.438392 -0.510909 0.739449
vn 0.513951 -0.227146 -0.827200
vn -0.054622 0.996561 -0.062311
vn -0.074865 -0.938148 0.338044
vn 0.046446 -0.998914 0.003587
vn 0.730607 0.681724 0.038282
vn 0.046446 -0.998914 0.003587
vn 0.439272 0.229914 -0.868435
vn 0.080103 0.848840 -0.522547
vn 0.670862 0.128355 0.730390
vn 0.125250 -0.907159 -0.401715
vn 0.142876 0.821139 0.552555
vn 0.610913 0.024993 -0.791303
vn 0.378148 0.160809 -0.911671
vn 0.035841 0.079572 -0.996185
vn 0.418787 -0.058048 -0.906227
vn 0.901899 0.226700 -0.367675
vn -0.174476 0.941418 -0.288601
vn 0.247171 0.163792 0.955028
vn 0.177719 0.179313 0.967607
vn 0.836292 -0.022792 0.547810
vn -0.242190 0.075222 0.967308
vn 0.935659 0.079086 -0.343930
vn 0.836292 -0.022792 0.547810
vn 0.871324 0.426960 0.241866
vn 0.966029 0.239653 -0.096719
vn 0.718200 0.663849 0.208549
vn 0.517397 0.229622 0.824363
vn -0.141037 0.383683 0.912632
vn -0.808976 0.114246 -0.576633
vn -0.741090 -0.134095 -0.657879
vn 0.651679 -0.412885 0.636271
vn -0.831912 -0.025615 -0.554317
vn 0.025924 0.270540 -0.962360
vn -0.166819 -0.070923 -0.983433
vn -0.378039 0.160826 -0.911713
vn -0.504699 0.752554 -0.423013
vn 0.357441 0.452444 -0.817025
vn 0.692089 0.523903 -0.496528
vn 0.572489 -0.068436 -0.817051
vn 0.579079 0.760741 -0.293157
vn -0.602622 0.015323 -0.797880
vn 0.015589 -0.684181 -0.729146
vn 0.795961 0.111472 0.594996
vn 0.120169 -0.980026 -0.158458
vn -0.648268 0.081631 -0.757024
vn -0.375790 0.316506 0.870980
vn -0.579651 0.681387 -0.446897
vn -0.961520 -0.263575 -0.077507
vn -0.909405 -0.406295 0.088923
vn -0.886842 0.101341 0.450823
vn -0.707379 0.609795 -0.357441
vn -0.923716 -0.227175 -0.308448
vn -0.370593 0.526233 0.765337
vn 0.474864 0.068472 0.877392
vn -0.585211 0.417147 0.695353
vn -0.935813 0.103030 0.337104
vn -0.163855 0.859721 -0.483768
vn -0.782649 0.529046 0.327981
vn -0.439381 0.513568 -0.737016
vn -0.864982 0.501181 0.024987
vn 0.993830 0.110126 -0.013233
vn 0.181590 -0.897269 0.402409
vn 0.351474 0.871204 0.342740
vn 0.058408 0.071627 0.995720
vn 0.255604 0.650999 0.714750
vn 0.550809 0.251415 0.795865
vn -0.577427 0.715011 0.394128
vn 0.793075 0.418581 0.442517
vn 0.979937 0.059767 -0.190133
vn 0.931352 -0.099471 0.350269
vn 0.208484 0.531910 0.820735
vn 0.166691 0.627424 0.760627
vn -0.019406 0.899166 0.437178
vn 0.144360 0.553727 0.820089
vn -0.776687 0.193959 0.599281
vn 0.517397 0.229622 0.824363
vn -0.935813 0.103030 0.337104
vn -0.665958 0.559991 0.492860
vn -0.434121 0.605252 0.667240
vn -0.375790 0.316506 0.870980
vn 0.494378 0.451407 0.742847
vn -0.864982 0.501181 0.024987
vn 0.969088 0.245655 -0.022867
vn 0.233018 0.220752 0.947086
vn -0.375790 0.316506 0.870980
vn -0.595562 0.727721 0.340189
vn -0.192339 0.349172 0.917107
vn -0.776687 0.193959 0.599281
vn 0.000000 0.412030 0.911170
vn 0.135471 -0.842326 -0.521666
vn 0.399963 -0.820755 -0.407910
vn 0.319202 -0.939634 -0.123278
vn 0.135471 -0.842326 -0.521666
vn -0.022973 -0.566936 -0.823442
vn 0.274306 -0.542055 0.794313
vn 0.032207 -0.999288 -0.019651
vn 0.251741 -0.613515 -0.748482
vn 0.606117 -0.795363 0.004505
vn 0.680716 -0.482351 -0.551329
vn 0.929671 -0.347341 -0.122743
vn 0.689936 -0.708705 0.147394
vn 0.913748 -0.104247 0.392681
vn 0.296380 0.104309 0.949357
vn 0.630149 -0.667511 -0.396664
vn 0.578695 -0.716250 0.389996
vn -0.066681 -0.897428 -0.436092
vn -0.086399 -0.989807 -0.113212
vn -0.034032 0.009816 0.999373
vn -0.059857 -0.853739 -0.517249
vn -0.070672 -0.920927 -0.383275
vn 0.337378 -0.890425 -0.305482
vn 0.828578 -0.490552 -0.269848
vn 0.337167 -0.941432 -0.004978
vn -0.091856 -0.759851 0.643575
vn 0.070697 0.429817 -0.900144
vn 0.059715 0.288250 -0.955692
vn 0.067569 0.388322 -0.919043
vn 0.610478 0.250170 -0.751486
vn 0.059715 0.288250 -0.955692
vn 0.070697 0.429817 -0.900144
vn 0.087669 0.682596 -0.725518
vn 0.091733 0.995480 -0.024607
vn 0.093415 0.792651 -0.602476
vn 0.066639 0.376170 -0.924151
vn 0.025630 0.589802 0.807141
vn 0.095978 0.858572 -0.503630
vn 0.021471 -0.968438 0.248327
vn 0.274306 -0.542055 0.794313
vn -0.095977 -0.975391 0.198497
vn 0.426699 0.865632 0.261932
vn 0.091733 0.995480 -0.024607
vn 0.264641 0.228793 -0.936813
vn 0.476108 -0.108612 -0.872654
vn 0.228242 0.661081 0.714757
vn -0.507905 0.669960 -0.541466
vn -0.352099 -0.390526 -0.850597
vn -0.741848 0.659878 0.119259
vn -0.093404 -0.992366 0.080537
vn -0.059857 -0.853739 -0.517249
vn -0.087669 -0.992590 -0.084143
vn -0.631091 0.231163 -0.740465
vn -0.042881 -0.730638 -0.681417
vn -0.681275 -0.009072 -0.731971
vn -0.946559 0.144698 -0.288250
vn 0.503967 0.308960 -0.806574
vn 0.067569 0.388322 -0.919043
vn -0.712471 0.608056 -0.350217
vn -0.637824 0.568660 -0.519429
vn -0.213396 -0.946999 0.240117
vn -0.474552 -0.867176 -0.151020
vn -0.758532 -0.336607 0.557965
vn -0.126770 -0.986038 -0.107978
vn -0.623566 -0.098505 0.775540
vn -0.669805 -0.545887 0.503358
vn -0.275329 -0.959127 0.065333
vn -0.122640 -0.992413 -0.008695
vn -0.127256 -0.927328 -0.351950
vn -0.881152 0.271667 -0.386998
vn -0.868929 0.356494 -0.343328
vn -0.759300 0.604476 -0.240982
vn -0.885112 0.109081 -0.452413
vn -0.706392 0.706959 0.034906
vn -0.790660 0.318124 0.523119
vn -0.551645 -0.821338 0.145230
vn -0.906527 0.201145 0.371147
vn -0.890786 -0.398028 0.219258
vn -0.779669 -0.219281 0.586542
vn -0.750707 -0.096553 0.653542
vn -0.886008 -0.001409 -0.463668
vn 0.015589 -0.684181 -0.729146
vn -0.673496 -0.232058 0.701821
vn -0.943650 0.324859 0.063185
vn -0.441483 0.773445 0.454836
vn -0.260507 0.806283 0.531079
vn -0.918136 0.317591 0.236988
vn -0.921176 0.065544 -0.383586
vn -0.000244 -0.998306 0.058176
vn -0.000244 -0.998306 0.058176
vn -0.000021 -0.394114 -0.919062
vn 0.282095 -0.230508 0.931283
vn -0.000027 -0.920956 -0.389668
vn 0.000035 -0.854618 -0.519257
vn -0.268055 -0.177341 0.946941
vn 0.296093 0.454085 0.840319
vn 0.000001 -0.473574 0.880754
vn 0.000006 -0.855158 -0.518367
vn 0.651679 -0.412885 0.636271
vn -0.000078 -0.856497 0.516151
vn 0.489070 0.860239 0.144219
vn -0.936812 -0.074155 -0.341884
vn -0.817667 0.575570 0.011842
vn 0.150273 0.987936 -0.037420
vn 0.129703 -0.120377 0.984219
vn 0.278952 -0.575224 0.768963
vn 0.208279 -0.183628 -0.960677
vn 0.557499 -0.092212 -0.825041
vn 0.000000 0.170992 0.985272
vn 0.097073 0.310511 0.945600
vn -0.468452 0.197633 0.861101
vn -0.393818 0.773271 0.496950
vn -0.722235 0.125141 -0.680232
vn -0.645810 -0.057051 0.761364
vn 0.000124 -0.965963 -0.258680
vn -0.000078 -0.856497 0.516151
vn -0.487877 -0.578263 0.653903
vn 0.000001 -0.102103 0.994774
vn 0.136251 -0.463748 0.875428
vn 0.434434 0.682655 0.587579
vn 0.863278 0.458733 0.210510
vn -0.787464 0.214766 -0.577734
vn 0.246951 -0.952066 0.180518
vn 0.165575 0.852874 0.495168
vn -0.589664 0.380460 -0.712423
vn 0.000000 0.924278 0.381720
vn 0.202432 0.948287 -0.244485
vn -0.222068 0.782228 -0.582069
vn 0.683152 0.316922 -0.657923
vn 0.584176 0.645256 -0.492325
vn -0.098365 0.110694 -0.988975
vn 0.819643 0.382286 -0.426664
vn 0.761220 0.640754 0.099899
vn 0.884609 0.361385 -0.294732
vn 0.752984 0.656894 0.038811
vn 0.525461 0.772124 -0.357372
vn 0.854872 0.432131 -0.287151
vn -0.886041 0.460522 0.053388
vn -0.739354 0.194931 0.644482
vn -0.981749 0.189865 0.011005
vn -0.424129 -0.246961 0.871278
vn -0.931690 0.205830 0.299312
vn -0.765245 0.279765 0.579768
vn -0.917586 0.261392 0.299515
vn -0.000000 0.516235 0.856447
vn 0.465581 0.304529 -0.830961
vn 0.801663 0.462638 0.378553
vn 0.966374 0.256030 0.023876
vn 0.590278 0.292284 0.752424
vn -0.410445 0.508013 -0.757270
vn -0.979878 -0.138016 -0.144193
vn -0.851267 0.472527 0.228172
vn 0.637871 0.550321 0.538765
vn -0.895395 0.340191 -0.287294
vn -0.920108 0.331560 -0.208495
vn -0.797794 0.228958 0.557766
vn 0.722980 0.042418 -0.689566
vn 0.476809 0.180601 -0.860254
vn 0.616793 0.736604 0.277457
vn 0.932983 0.346893 0.095961
vn -0.494684 0.360361 -0.790840
vn -0.862784 0.490011 -0.124470
vn 0.349660 0.351721 -0.868349
vn -0.936918 0.314338 0.152894
vn -0.971626 -0.191995 0.138131
vn -0.213765 0.379409 -0.900196
vn -0.965842 0.258888 0.011216
vn 0.614365 0.774354 -0.151429
vn 0.961248 0.275523 -0.009479
vn 0.708339 0.513547 -0.484277
vn -0.965842 0.258888 0.011216
vn -0.891881 0.217226 -0.396689
vn -0.510680 0.670783 -0.537825
vn 0.836987 0.207104 0.506518
vn 0.999312 0.006791 -0.036465
vn -0.893558 0.222216 0.390095
vn 0.857928 0.193893 -0.475779
vn 0.848733 0.444276 0.286830
vn -0.979878 -0.138016 -0.144193
vn -0.827545 -0.068540 -0.557200
vn -0.936918 0.314338 0.152894
vn -0.981749 0.189865 0.011005
vn 0.375254 -0.011467 0.926851
vn -0.762345 0.086706 -0.641337
vn 0.153136 0.878593 -0.452354
vn 0.811223 0.324571 -0.486386
vn -0.739211 -0.052341 -0.671437
vn 0.183661 -0.075130 0.980114
vn -0.348588 0.247644 0.903968
vn -0.904830 -0.303646 0.298465
vn -0.661578 0.383442 -0.644428
vn -0.886041 0.460522 0.053388
vn -0.807299 -0.224063 0.545952
vn 0.316088 0.521349 -0.792643
vn -0.220677 0.153856 -0.963136
vn -0.773353 -0.052681 -0.631783
vn 0.220351 0.508822 -0.832193
vn 0.630110 0.463242 -0.623193
vn -0.826053 -0.553062 0.108440
vn -0.826053 -0.553062 0.108440
vn -0.773353 -0.052681 -0.631783
vn -0.526263 -0.298580 0.796176
vn 0.800466 0.272240 0.533984
vn -0.964335 -0.218392 -0.149545
vn 0.597746 -0.399026 0.695325
vn -0.652376 -0.244847 -0.717256
vn -0.130229 0.089942 -0.987396
vn 0.990400 0.012336 -0.137678
vn -0.240404 -0.229905 0.943053
vn 0.897893 -0.011371 0.440068
vn 0.239036 0.232804 -0.942690
vn 0.000000 0.220222 -0.975450
vn -0.220677 0.153856 -0.963136
vn 0.117895 0.456386 -0.881937
vn 0.566621 0.496425 -0.657650
vn -0.000000 0.089173 -0.996016
vn 0.357255 0.150270 -0.921839
vn 0.086809 0.148068 -0.985160
vn -0.796440 0.037293 -0.603566
vn 0.000000 0.833312 -0.552803
vn -0.001715 0.491222 -0.871033
vn 0.461707 -0.341041 -0.818851
vn 0.243153 0.541606 -0.804699
vn -0.851235 -0.028523 -0.524008
vn 0.945315 0.325826 -0.014738
vn -0.964335 -0.218392 -0.149545
vn 0.841323 0.132493 0.524043
vn -0.919808 -0.251157 -0.301452
vn -0.919808 -0.251157 -0.301452
vn -0.908874 -0.306443 0.282916
vn 0.895545 -0.012310 0.444800
vn 0.642788 -0.050852 0.764354
vn -0.344931 -0.025977 0.938269
vn -0.424161 -0.177373 0.888046
vn 0.898033 -0.436966 -0.050958
vn 0.745443 -0.643946 0.172186
vn -0.202517 -0.856170 0.475352
vn 0.385437 0.145446 -0.911199
vn 0.659216 -0.438208 0.611072
vn 0.132529 0.419868 -0.897857
vn 0.572452 0.258487 -0.778128
vn 0.439397 0.478483 -0.760253
vn 0.574902 0.464566 -0.673547
vn 0.213266 0.468643 -0.857258
vn 0.433271 -0.068288 0.898673
vn -0.717876 -0.455174 -0.526754
vn 0.266755 -0.000495 -0.963764
vn -0.220677 0.153856 -0.963136
vn 0.304399 0.845946 -0.437854
vn 0.350828 0.073474 0.933553
vn -0.040104 -0.069755 0.996758
vn -0.014421 -0.092411 0.995616
vn 0.156463 -0.530098 0.833376
vn 0.913442 0.377185 -0.152826
vn -0.521454 0.195948 -0.830476
vn 0.028831 0.406476 -0.913207
vn -0.941005 -0.330370 -0.073250
vn 0.000000 0.476681 -0.879077
vn 0.266755 -0.000495 -0.963764
vn 0.000000 0.520747 -0.853711
vn -0.773353 -0.052681 -0.631783
vn -0.717876 -0.455174 -0.526754
vn 0.486499 0.462396 -0.741289
vn 0.537111 0.371576 -0.757260
vn 0.461707 -0.341041 -0.818851
vn 0.156463 -0.530098 0.833376
vn 0.933976 0.309686 0.178278
vn -0.202517 -0.856170 0.475352
vn -0.202517 -0.856170 0.475352
vn 0.000000 0.220222 -0.975450
vn 0.000000 0.447183 -0.894442
vn 0.239036 0.232804 -0.942690
vn 0.810065 0.428140 -0.400613
vn 0.005747 -0.938035 0.346494
vn -0.060509 -0.957653 0.281494
vn 0.991458 -0.123390 -0.042269
vn 0.981613 0.167171 0.092138
vn 0.886858 -0.105672 0.449795
vn 0.654495 -0.503982 -0.563594
vn 0.983846 0.177297 0.024775
vn 0.978557 0.140460 0.150655
vn 0.134533 0.454650 -0.880451
vn 0.927803 0.339509 -0.154647
vn 0.570180 0.459762 -0.680818
vn 0.811255 0.436639 -0.388860
vn 0.918422 0.357449 0.169504
vn 0.898821 0.396734 -0.186342
vn 0.931869 -0.086665 -0.352293
vn 0.000000 -0.786985 -0.616972
vn 0.659216 -0.438208 0.611072
vn 0.000000 0.050575 -0.998720
vn -0.896425 -0.357032 0.262586
vn 0.042207 -0.456019 0.888969
vn 0.041792 -0.453299 0.890378
vn 0.830663 0.392055 -0.395338
vn 0.442279 0.418244 -0.793386
vn 0.990890 -0.134658 0.002050
vn 0.827564 0.438291 -0.350770
vn 0.798249 0.496311 0.341282
vn 0.465544 0.410666 0.783979
vn 0.297690 -0.925825 0.232871
vn 0.803831 0.019471 0.594539
vn -0.902919 -0.365997 0.225351
vn 0.000000 -0.886280 0.463150
vn -0.779309 -0.470748 -0.413611
vn -0.878340 -0.433147 0.202242
vn -0.890372 -0.391740 0.231902
vn -0.521454 0.195948 -0.830476
vn -0.941005 -0.330370 -0.073250
vn 0.058192 -0.455399 0.888384
vn -0.014421 -0.092411 0.995616
vn -0.796687 -0.546755 0.257581
vn -0.000027 -0.920956 -0.389668
vn -0.268055 -0.177341 0.946941
vn 0.325497 0.348447 0.878997
vn 0.952143 0.250714 0.174833
vn 0.910641 0.410500 0.047145
vn 0.870225 -0.478019 0.119191
vn -0.380643 -0.924317 -0.027374
vn 0.461707 -0.341041 -0.818851
vn -0.060509 -0.957653 0.281494
vn -0.796440 0.037293 -0.603566
vn -0.885067 -0.373285 0.278056
vn -0.851235 -0.028523 -0.524008
vn 0.875940 0.440687 -0.196276
vn 0.999725 -0.000916 0.023441
vn 0.745443 -0.643946 0.172186
vn 0.983846 0.177297 0.024775
vn 0.053876 -0.428033 0.902156
vn -0.158556 -0.477793 -0.864045
vn 0.000000 -0.439367 0.898308
vn 0.246951 -0.952066 0.180518
vn -0.000000 -0.471409 0.881915
vn 0.099933 -0.140035 0.985091
vn -0.000000 0.254265 0.967135
vn 0.050575 -0.432577 0.900177
vn 0.794421 -0.307544 0.523748
vn 0.806241 0.073486 0.587006
vn 0.086809 0.148068 -0.985160
vn 0.999725 -0.000916 0.023441
vn 0.117895 0.456386 -0.881937
vn 0.990890 -0.134658 0.002050
vn -0.786110 0.062332 -0.614936
vn -0.793642 0.091981 -0.601392
vn -0.040104 -0.069755 0.996758
vn 0.285043 -0.478918 0.830294
vn 0.350828 0.073474 0.933553
vn 0.002730 -0.562418 0.826848
vn -0.000946 -0.480064 0.877233
vn -0.898859 -0.372301 0.231182
vn 0.005747 -0.938035 0.346494
vn 0.285043 -0.478918 0.830294
vn 0.156463 -0.530098 0.833376
vn 0.886858 -0.105672 0.449795
vn 0.000000 -0.886280 0.463150
vn 0.808363 -0.083570 0.582722
vn 0.484987 0.431104 0.760879
vn 0.766960 -0.579894 0.274764
vn 0.297690 -0.925825 0.232871
vn 0.870225 -0.478019 0.119191
vn -0.380643 -0.924317 -0.027374
vn 0.978557 0.140460 0.150655
vn 0.246951 -0.952066 0.180518
vn -0.409167 0.064299 0.910191
vn 0.659216 -0.438208 0.611072
vn 0.394246 -0.869627 -0.297186
vn -0.202517 -0.856170 0.475352
vn -0.000000 -0.562797 0.826595
vn 0.246951 -0.952066 0.180518
vn 0.113253 -0.488411 0.865233
vn -0.113222 -0.309820 0.944030
vn 0.230642 -0.080319 0.969718
vn -0.777653 -0.041111 0.627348
vn -0.729651 -0.189661 0.656991
vn -0.158556 -0.477793 -0.864045
vn 0.966718 -0.113392 -0.229344
vn -0.828427 -0.156008 0.537931
vn -0.953627 -0.145745 -0.263353
vn -0.730741 -0.264792 -0.629208
vn -0.107765 -0.244566 -0.963626
vn 0.102598 -0.641319 -0.760384
vn -0.057641 -0.432784 -0.899653
vn -0.811646 -0.166050 0.560052
vn -0.955646 -0.294455 0.006148
vn 0.989448 -0.109772 -0.094569
vn 0.699025 0.102325 0.707738
vn 0.683772 0.499566 0.531874
vn 0.975055 0.125469 0.183098
vn -0.709246 -0.627364 0.321534
vn -0.687094 -0.678753 0.259222
vn -0.581467 -0.734980 0.348857
vn -0.991386 -0.117851 0.057146
vn -0.597760 -0.724534 0.343123
vn -0.736050 0.656872 -0.163555
vn -0.987249 -0.077229 0.139197
vn -0.432321 -0.836585 0.336488
vn -0.739564 0.647972 -0.182146
vn 0.799991 -0.527619 0.285715
vn 0.914913 0.321548 0.244012
vn -0.130363 0.426399 -0.895092
vn 0.961941 0.187481 -0.198799
vn -0.289668 0.219867 0.931532
vn 0.757976 0.398601 0.516323
vn 0.877026 0.235660 0.418677
vn 0.949308 -0.119056 0.290929
vn 0.543717 0.451257 0.707628
vn 0.956244 0.057227 -0.286920
vn -0.936350 -0.349960 0.027854
vn -0.487877 -0.578263 0.653903
vn 0.434654 -0.187792 -0.880801
vn -0.395650 -0.062999 0.916238
vn -0.701327 -0.071643 0.709230
vn 0.425736 -0.134116 -0.894853
vn -0.694640 -0.370361 -0.616691
vn 0.388198 -0.148830 -0.909479
vn -0.562773 0.204174 0.800999
vn -0.714922 -0.163775 0.679753
vn -0.489198 -0.170589 0.855327
vn -0.954731 -0.297472 0.000000
vn 0.749552 0.090903 -0.655674
vn 0.870905 0.054089 -0.488466
vn -0.556876 0.830596 0.000000
vn -0.556876 0.830596 0.000000
vn 0.827604 0.561313 0.000000
vn -0.967169 -0.254135 0.000000
vn 0.739492 0.221646 -0.635629
vn 0.825494 0.189821 -0.531534
vn -0.808816 -0.201240 0.552557
vn -0.800820 -0.201633 0.563943
vn -0.951787 -0.306460 0.013555
vn -0.963657 -0.257431 0.071374
vn -0.923759 -0.380612 -0.042482
vn -0.963657 -0.257431 0.071374
vn -0.923759 -0.380612 -0.042482
vn -0.951787 -0.306460 0.013555
vn 0.047347 -0.027056 -0.998512
vn -0.750605 -0.028879 -0.660120
vn -0.802032 -0.236116 -0.548630
vn -0.821977 -0.043586 -0.567850
vn 0.765646 -0.008495 -0.643206
vn -0.025842 0.017891 -0.999506
vn 0.629661 -0.011480 -0.776785
vn -0.859720 -0.273082 -0.431634
vn 0.954891 -0.247435 -0.164194
vn 0.854153 -0.510374 -0.099707
vn 0.785113 0.007606 -0.619307
vn 0.770972 0.512429 -0.378178
vn -0.797635 -0.066087 -0.599509
vn 0.034644 -0.025912 -0.999064
vn -0.812699 -0.259184 0.521867
vn -0.000249 -0.187629 0.982240
vn -0.620293 -0.130629 0.773416
vn -0.834040 -0.186429 0.519250
vn 0.526911 -0.723026 0.446765
vn -0.081684 -0.397553 0.913936
vn -0.769553 -0.032403 -0.637760
vn 0.018510 -0.017012 -0.999684
vn 0.023065 -0.012077 -0.999661
vn -0.815985 -0.197453 -0.543305
vn 0.314757 -0.152880 -0.936780
vn -0.117665 -0.054294 -0.991568
vn 0.547633 -0.193646 -0.814002
vn 0.512156 -0.182566 -0.839265
vn -0.936350 -0.349960 0.027854
vn -0.947443 -0.247271 -0.203002
vn 0.296098 -0.207775 0.932285
vn 0.737453 -0.540267 -0.405307
vn 0.033258 -0.017444 0.999295
vn 0.629662 -0.011149 0.776789
vn 0.032536 -0.010190 0.999419
vn 0.996024 -0.089087 -0.000000
vn -0.995661 -0.093053 -0.000000
vn 0.765646 -0.008379 0.643207
vn 0.906143 -0.048099 0.420227
vn -0.521121 -0.049314 -0.852057
vn 0.015580 -0.007235 -0.999852
vn -0.953627 -0.145745 -0.263353
vn -0.744105 -0.083004 -0.662887
vn -0.955646 -0.294455 0.006148
vn -0.710184 -0.385750 -0.588928
vn -0.098175 -0.442426 0.891415
vn -0.576972 -0.090088 -0.811781
vn -0.902103 -0.185271 0.389723
vn -0.517596 -0.753284 -0.405779
vn 0.541182 -0.047443 -0.839566
vn 0.999949 -0.010079 -0.000000
vn 0.956073 0.293128 0.000000
vn 0.975505 0.219979 0.000000
vn -0.998759 -0.049802 0.000000
vn -0.988285 -0.152619 0.000000
vn -0.999838 -0.017978 0.000000
vn -0.999302 -0.037360 0.000000
vn 0.472046 -0.145345 -0.869510
vn -0.920970 -0.157975 0.356173
vn 0.984437 0.175739 0.000000
vn 0.023064 -0.011690 0.999666
vn 0.991579 0.129508 0.000000
vn 0.997048 0.076786 0.000000
vn 0.552837 -0.055010 -0.831471
vn 0.785000 -0.147425 -0.601699
vn 0.611471 0.010030 -0.791203
vn -0.947443 -0.247271 -0.203002
vn -0.425693 -0.177329 0.887322
vn 0.106923 -0.180464 0.977753
vn 0.998719 -0.050595 -0.000000
vn -0.994981 -0.100061 0.000000
vn -0.248979 0.264634 -0.931654
vn -0.978118 -0.208051 0.000000
vn 0.877682 0.149776 -0.455237
vn 0.009747 0.008596 -0.999915
vn -0.989495 -0.142637 -0.023538
vn 0.296220 -0.151653 -0.943003
vn -0.516603 -0.246709 0.819912
vn -0.989495 -0.142637 -0.023538
vn 0.070805 0.575281 -0.814886
vn 0.806241 0.073486 0.587006
vn 0.620215 -0.650629 0.438195
vn -0.769554 -0.032345 0.637761
vn -0.750610 -0.028649 0.660125
vn 0.877682 0.149776 0.455237
vn 0.864589 0.308730 -0.396450
vn 0.493627 0.271276 -0.826282
vn 0.808363 -0.083570 0.582722
vn -0.457847 -0.550320 0.698229
vn -0.797635 -0.066087 0.599509
vn -0.822567 -0.101809 0.559481
vn -0.821987 -0.043296 0.567858
vn 0.825494 0.189821 0.531534
vn 0.938488 0.124281 -0.322173
vn -0.325529 0.093537 0.940894
vn 0.453576 -0.156315 -0.877402
vn -0.144894 0.366920 0.918899
vn 0.930124 0.230250 -0.286101
vn 0.454051 -0.170985 -0.874415
vn 0.661417 -0.594753 0.456942
vn 0.687614 0.496270 0.530003
vn 0.808363 -0.083570 0.582722
vn 0.610881 0.066362 0.788937
vn -0.819316 -0.149573 0.553489
vn 0.024553 -0.018181 0.999533
vn -0.859720 -0.273082 0.431634
vn -0.802032 -0.236116 0.548630
vn 0.018510 -0.017012 0.999684
vn -0.025842 0.017891 0.999506
vn -0.033692 -0.017945 0.999271
vn 0.314069 -0.667251 0.675379
vn 0.034644 -0.025912 0.999064
vn 0.047347 -0.027056 0.998512
vn -0.248979 0.264634 0.931654
vn -0.436755 0.180787 0.881227
vn -0.043940 -0.283586 0.957940
vn 0.794421 -0.307544 0.523748
vn 0.186579 -0.708459 0.680643
vn 0.233122 0.363413 0.901989
vn -0.815985 -0.197453 0.543305
vn 0.999999 -0.001468 0.000000
vn 0.022805 -0.011268 0.999676
vn 0.919203 0.301614 0.253168
vn 0.542944 0.626848 -0.558815
vn 0.934288 0.271820 0.230694
vn 0.863278 0.458733 0.210510
vn 0.965772 0.258402 0.022631
vn 0.999725 -0.000916 0.023441
vn 0.766960 -0.579894 0.274764
vn -0.470250 -0.882395 0.015642
vn -0.737090 0.639942 -0.217195
vn -0.605208 0.740368 -0.292539
vn -0.844436 0.502834 -0.184622
vn -0.466230 -0.800084 0.377485
vn -0.988770 -0.074203 0.129718
vn -0.704465 -0.622944 0.340102
vn -0.739626 0.644703 -0.193160
vn -0.881069 0.312347 -0.355185
vn 0.821313 0.178331 0.541888
vn 0.639968 0.579240 -0.504898
vn -0.108079 0.608695 -0.786008
vn 0.741951 0.388187 -0.546644
vn 0.966582 0.256320 -0.004458
vn 0.953369 0.301579 0.011735
vn 0.877172 0.384828 -0.287188
vn -0.990017 -0.081044 0.115314
vn -0.981902 -0.080698 0.171335
vn -0.855827 0.508944 -0.092388
vn -0.990017 -0.124809 0.065500
vn -0.618803 -0.720312 0.313423
vn 0.541191 -0.046999 0.839585
vn 0.015578 -0.006704 0.999856
vn -0.987878 -0.071894 0.137584
vn 0.805276 -0.577020 0.136300
vn 0.806524 0.538722 -0.243513
vn -0.754557 0.627675 -0.191488
vn -0.330809 -0.875426 0.352414
vn -0.989648 -0.101026 0.101933
vn -0.615710 0.743959 -0.259664
vn -0.088538 0.467939 0.879315
vn -0.043649 0.502878 -0.863254
vn 0.759168 0.127625 0.638260
vn 0.941581 0.296557 -0.159623
vn 0.803831 0.019471 0.594539
vn 0.952143 0.250714 0.174833
vn -0.521133 -0.048864 0.852076
vn 0.870905 0.054089 0.488466
vn 0.770972 0.512429 0.378178
vn -0.126522 -0.322880 -0.937945
vn -0.680419 -0.405900 -0.610143
vn 0.495162 0.625104 0.603374
vn 0.467022 -0.100747 -0.878488
vn 0.049261 0.033888 0.998211
vn 0.970247 0.210995 0.118754
vn 0.491606 -0.077190 0.867390
vn 0.390597 -0.110667 0.913885
vn 0.843589 -0.067256 0.532761
vn -0.578734 -0.728583 0.366380
vn 0.095067 -0.926200 0.364851
vn 0.097240 -0.937284 0.334730
vn 0.095388 -0.925547 0.366421
vn 0.094874 -0.927636 0.361236
vn 0.096164 -0.924790 0.368125
vn 0.372533 0.374337 0.849171
vn 0.165510 0.807869 0.565645
vn -0.156196 -0.334247 -0.929452
vn 0.648501 -0.338935 -0.681594
vn 0.665256 -0.158958 -0.729498
vn -0.239822 0.461774 0.853962
vn 0.673548 -0.133400 -0.727006
vn -0.779309 -0.470748 -0.413611
vn 0.287730 0.440825 0.850226
vn -0.281825 0.350718 0.893069
vn 0.030728 -0.632786 -0.773717
vn -0.098203 0.926534 -0.363167
vn -0.097658 0.927442 -0.360992
vn -0.098245 0.925824 -0.364962
vn -0.097771 0.922448 -0.373537
vn -0.097982 0.927186 -0.361561
vn 0.484987 0.431104 0.760879
vn -0.016854 0.639290 0.768781
vn 0.096376 -0.934894 0.341591
vn 0.097065 -0.906306 0.411324
vn -0.097647 0.944378 -0.314030
vn -0.097843 0.924280 -0.368963
vn 0.115920 0.174913 0.977736
vn 0.434434 0.682655 0.587579
vn 0.137415 0.004764 0.990502
vn -0.993578 -0.102300 0.048343
vn 0.093651 -0.926991 0.363203
vn 0.509034 -0.126302 -0.851430
vn -0.097272 0.932016 -0.349119
vn -0.819316 -0.149573 -0.553489
vn 0.030728 -0.632786 -0.773717
vn 0.743694 0.172793 0.645804
vn 0.093421 -0.927681 0.361499
vn -0.735695 0.653926 -0.176448
vn 0.033259 -0.017579 -0.999292
vn 0.022805 -0.011268 -0.999676
vn -0.061662 0.150121 0.986743
vn 0.739492 0.221646 0.635629
vn 0.999458 0.032917 0.000000
vn 0.092554 -0.993945 0.059215
vn -0.995752 -0.086668 0.031081
vn 0.749552 0.090903 0.655674
vn 0.024554 -0.018181 -0.999533
vn -0.822567 -0.101809 -0.559481
vn -0.998873 -0.047461 0.000000
vn 0.785113 0.007607 0.619307
vn -0.098169 0.925130 -0.366739
vn 0.919280 0.393036 0.021168
vn 0.424161 0.414772 -0.805016
vn -0.191326 0.585108 -0.788063
vn 0.194792 0.593113 -0.781199
vn 0.000000 0.951214 0.308531
vn -0.344628 0.604466 -0.718228
vn -0.745457 0.045145 0.665023
vn -0.734387 -0.646822 0.205662
vn -0.868724 0.479830 -0.122806
vn 0.863278 0.458733 0.210510
vn 0.230642 -0.080319 0.969718
vn 0.325497 0.348447 0.878997
vn -0.353158 -0.931045 0.091843
vn 0.407884 0.037732 0.912254
vn 0.394246 -0.869627 -0.297186
vn -0.473420 -0.199660 0.857910
vn 0.384101 0.006134 -0.923271
vn -0.561871 -0.503508 0.656339
vn 0.399090 -0.010950 -0.916846
vn -0.857354 -0.506188 0.093372
vn -0.374446 -0.927215 -0.007892
vn -0.090629 0.574359 0.813571
vn 0.353439 -0.901585 0.249451
vn 0.387111 0.351848 0.852260
vn -0.675781 0.459835 0.576084
vn 0.202432 0.948287 -0.244485
vn -0.743951 0.518678 -0.421321
vn -0.316354 0.934187 -0.164972
vn -0.316354 0.934187 -0.164972
vn 0.659507 -0.609407 -0.440085
vn -0.767234 0.599686 -0.227438
vn 0.513946 -0.364044 -0.776744
vn -0.449964 -0.872079 0.192380
vn -0.731030 0.661746 -0.166394
vn 0.938781 0.233575 -0.253245
vn -0.974748 -0.214654 0.061566
vn -0.760147 0.300068 -0.576312
vn -0.731030 0.661746 -0.166394
vn -0.994632 -0.046793 0.092293
vn -0.947499 -0.000160 0.319757
vn 0.997144 -0.019295 0.073021
vn 0.390494 0.605855 -0.693148
vn -0.548335 0.575656 0.606588
vn -0.866725 0.490118 -0.092587
vn 0.711490 0.045907 0.701195
vn -0.004726 0.907523 0.419976
vn -0.252243 -0.967165 -0.031079
vn -0.765080 -0.159690 0.623820
vn 0.937276 -0.151091 -0.314140
vn 0.217183 -0.556789 0.801759
vn -0.325332 -0.944991 -0.033918
vn -0.476756 -0.695279 -0.537858
vn -0.455449 -0.764569 0.456071
vn 0.505676 -0.807972 -0.302445
vn 0.462541 -0.750602 0.471862
vn -0.547399 -0.825353 0.138373
vn 0.414048 0.809614 -0.416040
vn -0.814564 0.579230 -0.031275
vn -0.916801 0.395557 0.054865
vn 0.078918 -0.305781 0.948825
vn 0.924045 0.261788 0.278582
vn 0.989277 0.094488 0.111373
vn -0.895310 -0.341081 -0.286504
vn 0.402988 -0.221340 -0.888037
vn 0.692989 -0.185027 -0.696801
vn 0.974060 0.225689 -0.016475
vn 0.984758 0.173529 -0.011826
vn -0.896190 -0.191656 0.400139
vn 0.872839 -0.105436 0.476483
vn -0.971520 0.050070 -0.231605
vn 0.462541 -0.750602 0.471862
vn 0.033148 -0.441338 -0.896729
vn -0.998379 0.005006 0.056688
vn 0.973031 0.169630 -0.156320
vn 0.945339 -0.323780 -0.038736
vn 0.033148 -0.441338 -0.896729
vn -0.989494 0.010882 0.144163
vn -0.728127 0.316367 -0.608065
vn 0.384704 -0.525889 0.758580
vn -0.675781 0.459835 0.576084
vn -0.336456 -0.899450 -0.278904
vn -0.131571 0.678389 -0.722826
vn -0.760147 0.300068 -0.576312
vn -0.344628 0.604466 -0.718228
vn -0.090629 0.574359 0.813571
vn -0.481576 0.862305 -0.156574
vn 0.478623 -0.872796 -0.095639
vn -0.547399 -0.825353 0.138373
vn 0.010084 0.997774 0.065912
vn 0.766764 -0.640396 -0.044338
vn 0.750624 -0.656983 0.070267
vn 0.647596 0.229039 -0.726746
vn -0.059473 0.435014 -0.898457
vn -0.059473 0.435014 -0.898457
vn 0.790709 0.469105 -0.393344
vn -0.600319 0.707380 -0.373136
vn -0.336456 -0.899450 -0.278904
vn 0.264641 -0.963942 0.027933
vn -0.974101 -0.136074 0.180586
vn 0.505676 -0.807972 -0.302445
vn -0.252243 -0.967165 -0.031079
vn 0.605588 0.673732 -0.423495
vn 0.525987 0.850134 0.024677
vn 0.478623 -0.872796 -0.095639
vn -0.055269 0.994947 0.083817
vn -0.251788 -0.908716 0.332924
vn 0.843862 0.474640 -0.250228
vn 0.865868 0.402669 0.296867
vn -0.476756 -0.695279 -0.537858
vn 0.671872 0.542239 0.504545
vn -0.146846 0.168109 0.974769
vn 0.572825 0.691122 -0.440706
vn 0.042237 0.891744 0.450565
vn -0.583352 -0.453804 0.673618
vn 0.451763 -0.790487 -0.413571
vn 0.982281 -0.185954 0.023356
vn 0.741910 0.071004 0.666729
vn 0.847873 0.483006 -0.218669
vn -0.861077 0.406901 0.304923
vn -0.913949 -0.182113 0.362674
vn -0.685784 0.542918 0.484707
vn -0.369495 -0.893554 -0.255019
vn -0.372673 -0.700837 -0.608228
vn -0.993311 -0.057759 0.099983
vn 0.837946 0.501363 -0.215598
vn -0.886891 0.436518 -0.151246
vn 0.810127 0.556232 -0.185205
vn -0.860680 0.486997 -0.148541
vn 0.015313 0.746948 0.664706
vn -0.827481 0.523067 -0.204146
vn -0.771866 0.630596 0.081070
vn -0.661774 -0.118398 0.740295
vn -0.541205 -0.143343 -0.828583
vn 0.028744 -0.446556 -0.894294
vn -0.235419 0.557156 -0.796339
vn -0.893483 0.432043 -0.122581
vn -0.842431 0.499867 0.201104
vn -0.634368 0.762312 0.128286
vn 0.775926 0.028562 0.630177
vn 0.829547 0.423260 -0.364284
vn 0.620864 0.558054 -0.550548
vn -0.820103 0.549755 -0.158747
vn 0.356332 0.630220 -0.689819
vn -0.865852 0.469105 -0.173899
vn 0.541780 0.796752 0.267697
vn 0.804385 0.563866 -0.187133
vn 0.756842 0.653595 0.002143
vn 0.756310 0.590965 -0.280635
vn -0.950004 0.311255 -0.024764
vn -0.643269 -0.438010 0.627975
vn 0.790130 0.028411 0.612281
vn 0.500773 0.865150 -0.027231
vn -0.661321 0.125822 0.739475
vn 0.727150 0.669234 -0.152903
vn 0.866645 -0.066290 0.494503
vn 0.914950 0.329684 -0.232755
vn -0.030354 0.793886 -0.607309
vn 0.801148 -0.549377 -0.237374
vn 0.918222 0.271931 -0.287961
vn -0.030354 0.793886 -0.607309
vn 0.902659 -0.384997 0.192312
vn -0.494306 0.602114 -0.626993
vn 0.789874 0.593144 0.155819
vn 0.843196 0.534034 -0.061875
vn 0.597695 0.801336 0.024931
vn 0.018355 0.168777 0.985483
vn 0.874383 -0.193688 0.444903
vn -0.831636 0.029263 0.554549
vn 0.942058 -0.242442 0.231836
vn -0.556716 -0.479977 0.678004
vn 0.758395 -0.444960 0.476285
vn -0.923547 0.382130 0.032227
vn -0.652715 0.024944 0.757193
vn -0.651005 -0.706483 0.277623
vn 0.816449 -0.140912 0.559960
vn 0.607383 0.774615 0.176234
vn 0.742158 -0.487345 0.460104
vn 0.018396 0.916148 0.400419
vn 0.885878 -0.173184 0.430381
vn -0.785370 0.155017 0.599303
vn 0.902659 -0.384997 0.192312
vn -0.242032 -0.819169 0.519983
vn 0.235906 -0.967894 0.086775
vn -0.224248 -0.292318 -0.929657
vn -0.930575 0.364369 -0.035559
vn -0.819065 0.553600 -0.150529
vn -0.028925 -0.324586 -0.945414
vn 0.335286 0.693162 -0.638051
vn 0.451763 -0.790487 -0.413571
vn 0.696346 0.074315 0.713849
vn -0.325332 -0.944991 -0.033918
vn -0.398357 -0.883472 -0.246556
vn 0.235906 -0.967894 0.086775
vn -0.325332 -0.944991 -0.033918
vn -0.344389 -0.406370 0.846322
vn -0.242032 -0.819169 0.519983
vn -0.251788 -0.908716 0.332924
vn -0.398357 -0.883472 -0.246556
vn -0.314765 -0.835984 0.449504
vn -0.643721 -0.612742 0.458444
vn 0.358762 -0.065192 0.931150
vn -0.580422 -0.583541 -0.567970
vn -0.302171 0.132969 -0.943935
vn -0.347435 -0.079656 -0.934315
vn -0.583352 -0.453804 0.673618
vn -0.236618 -0.920444 0.311117
vn 0.343046 -0.502894 0.793358
vn -0.369495 -0.893554 -0.255019
vn 0.408289 -0.624234 -0.666057
vn 0.180504 -0.348842 -0.919635
vn -0.396350 -0.586128 -0.706655
vn 0.717100 0.483533 -0.501960
vn 0.599113 -0.001836 -0.800662
vn -0.698222 0.499343 -0.512975
vn -0.680213 0.159884 -0.715366
vn -0.790389 0.144333 0.595360
vn 0.293837 -0.905649 -0.305711
vn 0.902659 -0.384997 0.192312
vn 0.408289 -0.624234 -0.666057
vn 0.293837 -0.905649 -0.305711
vn 0.086304 0.988713 0.122465
vn -0.400911 0.771373 0.494220
vn 0.686303 0.543086 0.483783
vn 0.084330 0.983162 0.162116
vn 0.833198 0.466960 -0.296193
vn 0.077780 0.876394 0.475272
vn 0.306103 -0.094154 -0.947331
vn 0.974768 -0.030691 -0.221099
vn 0.426699 0.865632 0.261932
vn 0.773851 -0.286852 -0.564686
vn 0.238050 0.864767 -0.442166
vn 0.681832 0.693312 0.233288
vn 0.801441 0.598060 -0.004040
vn -0.368607 0.077694 -0.926333
vn 0.264641 0.228793 -0.936813
vn -0.465416 0.689637 0.554787
vn 0.444846 0.751263 0.487561
vn 0.764557 0.440640 -0.470414
vn 0.717422 -0.136753 -0.683084
vn 0.512177 0.255446 -0.820014
vn 0.595209 0.499248 -0.629665
vn -0.662498 0.595590 -0.454278
vn 0.610975 0.608005 0.506990
vn 0.054868 0.818745 0.571529
vn -0.592556 0.675517 0.438810
vn 0.940479 0.213684 0.264271
vn 0.712221 0.108532 -0.693514
vn 0.653378 0.551361 0.518747
vn 0.814949 0.513781 -0.268116
vn 0.393241 0.111865 -0.912605
vn -0.091856 -0.759851 0.643575
vn 0.558878 0.755868 -0.341055
vn -0.438658 0.840953 -0.316825
vn -0.496359 0.742932 -0.449088
vn -0.754103 0.302186 0.583107
vn 0.524559 -0.217607 0.823094
vn -0.891839 0.240123 0.383358
vn 0.008914 0.356733 0.934164
vn -0.450051 0.175688 -0.875550
vn -0.357996 0.927430 -0.108222
vn -0.644665 0.751265 0.141448
vn -0.531039 0.724289 0.439777
vn 0.471745 0.385118 -0.793184
vn 0.883175 0.028725 -0.468162
vn 0.739344 0.661863 -0.123726
vn 0.243418 0.696180 -0.675338
vn 0.498424 0.457399 0.736451
vn 0.768008 -0.308937 -0.561000
vn 0.881594 -0.439232 -0.172822
vn 0.904998 0.127272 -0.405932
vn 0.500022 0.621072 -0.603530
vn -0.345003 -0.937675 -0.041694
vn -0.380753 -0.911910 -0.153125
vn -0.352802 -0.894007 -0.276193
vn -0.357234 -0.774266 -0.522394
vn -0.509578 -0.786126 -0.349765
vn -0.415809 -0.653606 -0.632378
vn 0.992821 0.040469 -0.112554
vn -0.320003 -0.323011 0.890652
vn -0.528768 -0.072289 -0.845682
vn -0.865779 -0.496037 0.066133
vn 0.417609 -0.606971 -0.676157
vn -0.110939 -0.967903 -0.225512
vn 0.664251 -0.049608 0.745862
vn -0.224592 -0.399521 -0.888786
vn 0.485431 -0.171089 0.857371
vn 0.384704 -0.525889 0.758580
vn -0.613308 -0.787597 -0.059527
vn -0.521013 -0.323246 0.789973
vn 0.636087 -0.761759 0.122950
vn -0.275147 -0.840645 0.466487
vn 0.200673 -0.333342 0.921202
vn 0.664251 -0.049608 0.745862
vn -0.969231 -0.205350 -0.135728
vn 0.876062 0.351232 -0.330380
vn -0.509065 -0.365705 -0.779174
vn 0.126955 0.170659 -0.977117
vn -0.509065 -0.365705 -0.779174
vn -0.528768 -0.072289 -0.845682
vn 0.758350 -0.022839 0.651447
vn -0.750161 -0.134079 -0.647520
vn -0.750161 -0.134079 -0.647520
vn 0.133227 0.255559 -0.957570
vn -0.599312 -0.105607 -0.793519
vn -0.654555 -0.366244 -0.661380
vn 0.955917 0.223683 -0.190235
vn -0.940605 -0.334055 0.060577
vn -0.327778 -0.528241 0.783277
vn -0.251189 -0.967480 -0.029759
vn -0.428520 -0.830477 -0.355921
vn 0.485431 -0.171089 0.857371
vn 0.200673 -0.333342 0.921202
vn 0.190821 -0.264637 -0.945280
vn -0.867184 -0.493183 0.069005
vn -0.366948 -0.704410 0.607582
vn 0.366523 0.121102 -0.922494
vn -0.599312 -0.105607 -0.793519
vn 0.021283 0.919545 -0.392408
vn 0.170074 0.517512 0.838604
vn -0.119167 0.760271 0.638582
vn -0.544166 -0.259691 -0.797774
vn 0.166691 0.627424 0.760627
vn -0.708736 0.692392 -0.135227
vn -0.585378 -0.312072 -0.748294
vn 0.548907 -0.414331 -0.725969
vn 0.543839 0.839147 0.008416
vn 0.094279 0.994892 0.036073
vn 0.919414 0.374829 0.119087
vn 0.665625 0.573941 -0.477006
vn 0.022973 -0.127961 -0.991513
vn 0.086398 0.661106 -0.745301
vn -0.932435 -0.024433 0.360511
vn 0.900455 -0.318473 0.296237
vn 0.964763 -0.244951 0.096080
vn 0.899326 -0.207919 0.384684
vn 0.566529 -0.511122 -0.646374
vn -0.495252 -0.852544 0.167016
vn -0.656817 -0.571462 0.491958
vn 0.636087 -0.761759 0.122950
vn -0.405796 -0.866731 -0.290011
vn -0.947053 -0.186559 -0.261315
vn 0.900311 -0.372076 -0.225831
vn 0.822695 -0.307505 0.478135
vn 0.243038 -0.257335 0.935260
vn -0.731306 -0.280307 -0.621788
vn -0.963596 -0.058160 0.260959
vn -0.406319 -0.233470 0.883401
vn -0.994052 -0.054306 0.094405
vn -0.998658 -0.006302 0.051396
vn -0.385366 -0.407397 -0.827962
vn -0.993241 -0.008354 0.115771
vn -0.951556 -0.168631 0.257108
vn 0.537389 -0.522203 -0.662206
vn 0.068318 -0.518818 -0.852150
vn 0.777494 0.171677 -0.605005
vn 0.665887 0.711479 -0.224482
vn 0.996006 0.030905 -0.083767
vn 0.813735 0.221197 -0.537502
vn 0.712582 0.120695 -0.691130
vn -0.656817 -0.571462 0.491958
vn 0.764745 -0.551426 -0.333308
vn -0.654555 -0.366244 -0.661380
vn -0.669705 0.295391 -0.681351
vn -0.689254 0.623819 -0.368482
vn 0.847687 -0.276600 0.452680
vn 0.068318 -0.518818 -0.852150
vn -0.675354 0.282971 -0.681046
vn -0.424541 0.432755 -0.795291
vn -0.671287 0.235358 -0.702838
vn -0.645183 0.328353 0.689872
vn 0.767448 -0.310409 0.560954
vn -0.993503 0.085881 -0.074675
vn -0.280694 -0.492498 -0.823806
vn 0.122801 0.219866 0.967770
vn 0.331156 -0.547731 0.768327
vn 0.697328 -0.698890 -0.159019
vn 0.175628 -0.984456 -0.001297
vn -0.449164 -0.705345 -0.548397
vn -0.965280 0.197862 -0.170544
vn -0.999015 0.042165 0.013845
vn -0.478013 -0.276132 -0.833819
vn 0.946399 -0.103309 0.306032
vn -0.534024 0.462163 0.707972
vn 0.767448 -0.310409 0.560954
vn -0.965280 0.197862 -0.170544
vn 0.877587 -0.054430 0.476318
vn 0.320032 0.182375 0.929687
vn 0.506987 0.372382 -0.777365
vn -0.837946 0.501363 -0.215597
vn 0.600319 0.707380 -0.373137
vn -0.790709 0.469106 -0.393344
vn 0.059473 0.435014 -0.898457
vn -0.974060 0.225689 -0.016475
vn 0.881974 0.025611 0.470601
vn 0.899923 0.378626 -0.216288
vn 0.170522 0.132862 -0.976356
vn 0.814564 0.579230 -0.031274
vn 0.916801 0.395557 0.054865
vn 0.533667 -0.560020 0.633702
vn 0.866725 0.490118 -0.092587
vn -0.110939 -0.967903 -0.225512
vn 0.877587 -0.054430 0.476318
vn 0.750307 -0.331833 -0.571775
vn -0.999015 0.042165 0.013845
vn -0.992592 -0.009338 0.121133
vn 0.308130 -0.014147 0.951239
vn -0.572825 0.691122 -0.440706
vn -0.847873 0.483006 -0.218669
vn -0.843862 0.474640 -0.250228
vn -0.810127 0.556231 -0.185204
vn -0.989276 0.094488 0.111373
vn 0.059473 0.435014 -0.898457
vn 0.263351 0.260100 -0.928975
vn -0.386615 0.857456 -0.339554
vn -0.673119 -0.094191 0.733511
vn -0.049280 -0.337491 0.940038
vn -0.820169 0.277420 0.500361
vn 0.751560 0.165796 0.638490
vn -0.372673 -0.700837 -0.608228
vn 0.180504 -0.348842 -0.919635
vn -0.224248 -0.292318 -0.929657
vn -0.876167 0.263589 0.403550
vn -0.502006 0.862758 -0.060323
vn 0.841148 0.537182 -0.062495
vn 0.919613 0.348031 -0.182170
vn -0.095393 0.993474 0.062532
vn 0.798576 -0.481897 0.360627
vn -0.724007 -0.326369 -0.607699
vn 0.916920 0.308669 -0.252946
vn -0.909331 0.401110 0.110579
vn -0.853175 0.499618 0.149913
vn 0.057957 0.997295 0.045199
vn -0.396350 -0.586128 -0.706655
vn -0.619067 0.777044 0.113834
vn 0.897266 0.072806 0.435446
vn 0.608597 -0.199332 0.768034
vn -0.085652 -0.654170 0.751482
vn -0.542910 -0.050736 0.838257
vn 0.864700 0.098104 0.492614
vn 0.717012 0.695957 -0.039218
vn 0.577217 -0.176275 0.797338
vn -0.054663 -0.227715 0.972192
vn 0.731196 0.175827 0.659118
vn -0.621519 -0.140169 0.770757
vn 0.559700 -0.473566 0.680052
vn -0.083839 -0.623542 0.777282
vn -0.995256 0.090856 -0.034784
vn -0.224592 -0.399521 -0.888786
vn 0.533667 -0.560020 0.633702
vn 0.968724 -0.074913 0.236563
vn -0.869011 0.494461 0.018150
vn 0.877150 -0.442398 0.186794
vn -0.794671 0.594156 -0.124405
vn -0.993503 0.085881 -0.074675
vn -0.479360 -0.423768 -0.768528
vn 0.870236 -0.178841 -0.459026
vn 0.739652 -0.427137 -0.520065
vn 0.839043 -0.048490 0.541900
vn 0.453775 0.083233 0.887221
vn -0.911410 -0.411497 0.001242
vn 0.938978 0.333727 -0.083342
vn -0.623673 -0.163768 0.764338
vn -0.279888 -0.330116 0.901491
vn 0.433880 -0.068153 -0.898390
vn 0.768974 -0.069016 -0.635544
vn -0.257796 -0.183033 0.948704
vn -0.186584 0.223645 0.956645
vn 0.020291 -0.119632 -0.992611
vn -0.561871 -0.503508 0.656339
vn 0.894739 -0.131501 -0.426789
vn -0.108045 -0.008076 0.994113
vn 0.960081 0.177798 0.215945
vn 0.916150 0.400761 0.007739
vn -0.575317 0.078664 0.814139
vn 0.566307 0.614886 -0.548828
vn 0.407491 0.255042 -0.876872
vn 0.020291 -0.119632 -0.992611
vn 0.693217 0.031082 0.720059
vn 0.775748 0.405206 0.483759
vn 0.924002 0.358727 0.132418
vn 0.528816 0.186836 0.827917
vn -0.084791 -0.981286 0.172883
vn 0.877150 -0.442398 0.186794
vn 0.897783 -0.160647 -0.410097
vn 0.202188 -0.422103 -0.883714
vn -0.777075 -0.340164 -0.529568
vn -0.889608 -0.209008 -0.406096
vn -0.887199 -0.003653 0.461372
vn 0.189863 -0.667124 -0.720345
vn -0.155693 0.455688 0.876418
vn -0.965147 -0.184855 -0.185256
vn -0.066047 -0.990793 -0.118179
vn 0.779885 0.462031 -0.422263
vn -0.446972 -0.542315 0.711414
vn -0.454958 -0.131109 -0.880809
vn 0.342027 -0.422794 -0.839204
vn 0.897504 -0.428596 -0.103887
vn -0.066047 -0.990793 -0.118179
vn -0.185992 0.070420 0.980024
vn 0.968615 -0.034518 -0.246159
vn 0.309487 -0.506376 0.804861
vn -0.315377 -0.849202 -0.423549
vn -0.793880 -0.579087 -0.185507
vn -0.597934 -0.559015 -0.574436
vn -0.114945 -0.472696 -0.873697
vn -0.701043 -0.494464 -0.513852
vn -0.583312 -0.761508 -0.282583
vn -0.255010 0.036401 0.966253
vn -0.797292 -0.455166 0.396420
vn -0.793880 -0.579087 -0.185507
vn -0.405871 -0.514911 -0.755073
vn 0.434513 -0.210196 -0.875794
vn 0.856800 0.514696 0.031336
vn -0.114945 -0.472696 -0.873697
vn 0.880697 0.205385 0.426838
vn 0.989437 0.117784 0.084512
vn -0.164024 0.086130 0.982689
vn 0.894739 -0.131501 -0.426789
vn -0.889608 -0.209008 -0.406096
vn -0.022796 -0.323607 -0.945917
vn -0.946399 -0.103309 0.306032
vn 0.911066 0.359405 0.201958
vn -0.877150 -0.442398 0.186794
vn 0.488557 0.383977 0.783501
vn 0.006626 0.597132 0.802116
vn 0.583868 0.354741 0.730245
vn -0.266068 0.963822 0.015963
vn 0.290085 0.086078 0.953122
vn 0.884105 0.401384 0.239267
vn 0.994582 0.017114 -0.102535
vn 0.769112 0.416263 0.484966
vn -0.583312 -0.761508 -0.282583
vn -0.505675 -0.841820 -0.188762
vn -0.530216 0.497383 0.686645
vn 0.880001 0.039733 0.473306
vn 0.592562 0.521174 0.614205
vn 0.840451 0.341268 0.420925
vn -0.738046 -0.674750 -0.000092
vn -0.596700 -0.567949 0.566907
vn -0.534702 -0.576263 0.618074
vn -0.794212 -0.607450 -0.015242
vn -0.387569 -0.869194 0.307072
vn -0.975382 0.219384 0.022373
vn -0.980395 0.011269 -0.196722
vn -0.963743 0.266688 -0.008788
vn -0.975382 0.219384 0.022373
vn -0.520869 -0.602142 -0.605078
vn 0.759801 -0.547983 0.349882
vn 0.188718 0.238825 0.952548
vn 0.417961 0.609119 0.674005
vn 0.534248 -0.031516 0.844740
vn 0.709021 -0.234417 0.665086
vn -0.676804 0.516221 0.524835
vn -0.936017 -0.108542 0.334801
vn -0.840682 0.341559 0.420229
vn -0.936017 -0.108542 0.334801
vn 0.385882 0.541517 0.746896
vn -0.350793 0.333588 0.875022
vn -0.752869 -0.554134 0.355140
vn -0.211546 -0.851312 0.480120
vn -0.571776 0.793075 0.210010
vn -0.752869 -0.554134 0.355140
vn 0.578788 0.674414 -0.458444
vn -0.676804 0.516221 0.524835
vn -0.620480 0.109646 0.776520
vn -0.196060 -0.323206 0.925796
vn -0.880057 -0.474868 0.000000
vn 0.890545 0.454896 -0.000000
vn 0.753634 0.550585 -0.359016
vn 0.185903 0.687352 -0.702130
vn -0.731131 -0.121108 0.671402
vn -0.686112 0.603044 0.406924
vn 0.644046 0.115755 -0.756178
vn -0.579068 0.674465 0.458015
vn -0.185774 0.686827 0.702679
vn -0.144985 0.217456 0.965242
vn -0.246898 0.969042 0.000000
vn 0.614707 0.334757 -0.714194
vn 0.753634 0.550585 -0.359016
vn 0.619787 -0.784297 0.027262
vn 0.455697 -0.026443 0.889742
vn -0.009618 0.629925 0.776597
vn -0.279388 0.918369 0.280250
vn -0.246898 0.969042 0.000000
vn -0.416963 0.608861 0.674856
vn -0.651342 0.281761 0.704532
vn 0.663290 -0.206030 -0.719443
vn -0.000000 0.010182 0.999948
vn -0.765189 0.147102 0.626774
vn -0.752034 -0.148045 -0.642283
vn -0.909094 -0.199473 0.365730
vn -0.836463 0.318836 -0.445728
vn -0.450815 0.805393 0.384847
vn -0.699153 -0.610351 -0.372368
vn -0.833932 0.009366 0.551787
vn 0.000001 -0.626040 0.779791
vn 0.534701 -0.576264 0.618074
vn -0.574865 -0.662128 0.480746
vn -0.733757 -0.398072 -0.550581
vn -0.896554 -0.442935 -0.000195
vn -0.483053 -0.735494 0.475088
vn -0.687828 -0.692970 0.216069
vn -0.409890 -0.363247 -0.836685
vn -0.929001 -0.370077 -0.000264
vn -0.693961 -0.343972 0.632536
vn -0.687337 -0.321317 -0.651401
vn 0.653751 -0.742379 0.146570
vn -0.000000 0.916249 -0.400608
vn -0.995024 -0.083072 0.055021
vn 0.994575 0.077477 -0.069415
vn 0.419332 -0.285998 -0.861606
vn 0.439820 -0.602678 -0.665836
vn 0.619787 -0.784297 0.027262
vn -0.638920 -0.640264 0.426430
vn -0.810550 -0.184719 -0.555777
vn -0.721961 0.034185 -0.691089
vn -0.000000 -0.999956 -0.009367
vn -0.846680 0.059921 0.528718
vn -0.485276 0.824918 -0.289856
vn -0.000001 -0.649550 -0.760319
vn 0.000000 -0.406934 0.913458
vn -0.898070 0.041342 0.437906
vn -0.492220 -0.619610 -0.611394
vn -0.696095 -0.300405 -0.652080
vn 0.676692 -0.277789 -0.681851
vn -0.583328 0.592740 -0.555327
vn 0.520870 -0.602142 -0.605078
vn -0.000000 -0.453517 -0.891248
vn 0.907434 -0.420195 -0.000000
vn 0.828796 -0.559551 0.000000
vn -0.568449 -0.038726 -0.821807
vn 0.619787 -0.784297 -0.027262
vn -0.649470 0.644242 0.403907
vn 0.794210 -0.607452 -0.015240
vn -0.571252 -0.259275 0.778748
vn 0.498179 -0.088719 -0.862524
vn 0.913193 0.260158 -0.313681
vn -0.715521 0.301338 0.630258
vn -0.964663 -0.070655 -0.253838
vn -0.964663 -0.070655 -0.253838
vn -0.489628 -0.416692 -0.765920
vn -0.164024 0.086130 0.982689
vn 0.979493 -0.090033 -0.180240
vn 0.994582 0.017114 -0.102535
vn 0.479974 -0.277345 -0.832289
vn 0.229746 0.014553 0.973142
vn -0.114945 -0.472696 -0.873697
vn 0.434513 -0.210196 -0.875794
vn 0.989437 0.117784 0.084512
vn 0.973186 -0.146535 0.177305
vn 0.885305 -0.098066 -0.454552
vn -0.738663 -0.414894 0.531263
vn -0.505675 -0.841820 -0.188762
vn -0.583312 -0.761508 -0.282583
vn -0.540462 -0.313163 0.780916
vn -0.627870 -0.768909 0.120661
vn -0.571252 -0.259275 0.778748
vn -0.344492 -0.188320 0.919707
vn 0.623970 0.405213 0.668180
vn 0.638989 0.367851 -0.675558
vn -0.089316 0.791580 0.604503
vn 0.968615 -0.034518 -0.246159
vn -0.257796 -0.183033 0.948704
vn -0.793880 -0.579087 -0.185507
vn -0.255010 0.036401 0.966253
vn -0.315377 -0.849202 -0.423549
vn -0.797292 -0.455166 0.396420
vn 0.880001 0.039733 0.473306
vn 0.795716 -0.182355 0.577566
vn -0.344628 0.604466 -0.718228
vn 0.305311 0.952230 -0.006592
vn -0.760147 0.300068 -0.576312
vn 0.527257 0.763000 0.373940
vn -0.335068 -0.702167 -0.628244
vn 0.739633 -0.127010 -0.660917
vn 0.768974 -0.069016 -0.635544
vn 0.545403 -0.023199 0.837853
vn 0.693217 0.031082 0.720059
vn 0.290085 0.086078 0.953122
vn -0.062900 -0.009864 0.997971
vn 0.699117 0.371072 -0.611180
vn 0.070545 -0.604641 -0.793368
vn 0.824216 0.465604 -0.322307
vn 0.481079 0.156377 0.862618
vn 0.159397 0.319371 0.934128
vn 0.000000 0.270101 0.962832
vn 0.009409 -0.918751 0.394726
vn 0.320619 -0.935941 0.145667
vn 0.371440 -0.789995 -0.487791
vn 0.489070 0.860239 0.144219
vn 0.009409 -0.918751 0.394726
vn 0.990357 0.106963 -0.088043
vn -0.000000 -0.441254 0.897382
vn 0.000000 -0.126611 0.991953
vn 0.488743 -0.241130 0.838443
vn 0.000000 -0.564280 0.825583
vn 0.807376 0.516523 -0.285215
vn 0.664456 -0.159952 0.730009
vn -0.743951 0.518678 -0.421321
vn -0.552893 -0.385753 0.738582
vn 0.518433 -0.532778 0.668861
vn 0.320619 -0.935941 0.145667
vn 0.000000 -0.455948 -0.890006
vn 0.275015 -0.525303 -0.805247
vn -0.985973 -0.114896 0.121063
vn -0.096824 -0.594661 0.798125
vn 0.363204 -0.691899 0.623985
vn 0.184227 -0.381913 -0.905650
vn -0.985973 -0.114896 0.121063
vn -0.421936 -0.303283 -0.854394
vn -0.827371 -0.410247 0.383607
vn 0.279328 0.332833 0.900665
vn 0.275015 -0.525303 -0.805247
vn -0.421936 -0.303283 -0.854394
vn -0.906496 0.107155 -0.408391
vn 0.000000 -0.254501 -0.967073
vn -0.947626 0.021323 0.318671
vn -0.827371 -0.410247 0.383607
vn -0.985973 -0.114896 0.121063
vn -0.989470 -0.021807 0.143088
vn -0.704911 0.428279 0.565401
vn -0.958384 0.215185 -0.187602
vn 0.585799 -0.153220 0.795841
vn 0.691987 -0.698605 -0.181946
vn 0.785468 -0.593991 0.173823
vn 0.622877 0.044536 0.781051
vn 0.460073 0.090127 0.883295
vn 0.753856 -0.370710 0.542471
vn 0.604142 -0.272455 0.748853
vn -0.108227 -0.397568 -0.911168
vn 0.000000 0.191396 0.981513
vn 0.000000 0.365602 0.930771
vn 0.962013 0.012553 -0.272714
vn 0.219726 -0.407647 -0.886310
vn 0.282917 0.147231 0.947777
vn 0.000000 -0.382343 -0.924021
vn 0.611331 -0.139007 -0.779071
vn 0.584884 -0.345938 0.733647
vn 0.377340 -0.598553 0.706646
vn -0.067824 -0.929123 -0.363498
vn -0.790750 -0.287413 0.540471
vn 0.070475 0.479784 0.874551
vn -0.361138 -0.678415 0.639791
vn -0.762529 0.104356 0.638483
vn 0.080434 0.392055 0.916419
vn -0.000000 0.344490 0.938790
vn -0.962028 0.018651 0.272314
vn -0.962028 0.018651 0.272314
vn 0.361453 0.824939 0.434543
vn 0.344382 -0.004985 0.938817
vn 0.000000 -0.005358 0.999986
vn 0.080893 0.542454 -0.836182
vn 0.000000 0.712311 -0.701864
vn 0.397869 -0.808299 -0.433997
vn -0.898707 -0.099768 0.427050
vn -0.552893 -0.385753 0.738582
vn -0.898707 -0.099768 0.427050
vn -0.806919 0.235292 0.541774
vn 0.000000 0.697779 -0.716313
vn 0.212713 0.696604 -0.685198
vn 0.368455 0.863975 -0.343203
vn 0.000000 0.086368 0.996263
vn 0.100362 0.230715 0.967831
vn -0.989494 0.010882 0.144163
vn -0.276779 0.804245 0.525911
vn -0.756591 0.551269 0.351672
vn 0.103981 0.488295 0.866462
vn 0.556220 0.503298 -0.661294
vn 0.352370 0.894570 -0.274920
vn 0.263265 -0.963987 -0.037679
vn 0.320250 -0.748567 -0.580593
vn 0.698816 -0.708975 -0.094924
vn 0.363204 -0.691899 0.623985
vn 0.518433 -0.532778 0.668861
vn -0.067824 -0.929123 -0.363498
vn 0.263265 -0.963987 -0.037679
vn 0.522969 -0.834658 -0.172770
vn 0.874063 0.450163 -0.182670
vn -0.465174 0.838939 0.282479
vn -0.323721 0.847231 0.421194
vn 0.151471 0.397281 0.905110
vn -0.376595 0.686875 0.621594
vn 0.522749 0.799435 -0.296037
vn -0.796104 0.599286 0.084114
vn -0.284160 0.914074 0.289346
vn 0.105318 0.993296 0.047660
vn -0.909091 0.415143 0.034782
vn -0.857912 0.492574 -0.146141
vn -0.085662 0.894372 -0.439045
vn -0.613318 0.758903 0.218878
vn -0.570624 0.155495 -0.806356
vn -0.188246 0.462078 -0.866630
vn -0.760147 0.300068 -0.576312
vn 0.318034 0.072636 0.945293
vn 0.379040 0.282556 0.881187
vn 0.274683 0.498454 0.822249
vn -0.214943 -0.202269 -0.955451
vn -0.000000 -0.525345 -0.850889
vn 0.254539 -0.137437 -0.957247
vn -0.875438 0.481182 0.045513
vn 0.000000 -0.111038 -0.993816
vn 0.671022 -0.496329 -0.550806
vn 0.175273 0.674320 -0.717337
vn 0.441803 -0.692422 -0.570404
vn 0.947147 -0.121872 0.296748
vn 0.428823 0.423458 -0.797993
vn -0.731515 0.461976 -0.501461
vn 0.352957 0.572823 -0.739794
vn -0.470008 0.767728 0.435530
vn -0.315642 0.820471 0.476652
vn -0.168824 0.399594 -0.901012
vn -0.606485 0.519209 -0.602161
vn -0.840952 0.197719 -0.503693
vn -0.866788 -0.008625 -0.498602
vn -0.996074 0.045563 0.075904
vn -0.589664 0.380460 -0.712423
vn -0.742279 0.294932 0.601696
vn -0.743309 0.605909 0.283489
vn -0.963743 0.266688 -0.008788
vn 0.144855 0.863955 0.482285
vn 0.029524 0.901370 0.432043
vn 0.308331 0.891797 0.331105
vn -0.902425 0.232555 -0.362695
vn -0.320748 0.801143 0.505262
vn -0.098992 0.992678 -0.069211
vn 0.527257 0.763000 0.373940
vn -0.925676 -0.098241 -0.365340
vn -0.175291 0.399987 0.899602
vn -0.728127 0.316367 -0.608065
vn -0.131571 0.678389 -0.722826
vn 0.681451 0.564916 -0.465290
vn -0.185321 0.775523 0.603507
vn -0.635864 0.607056 0.476614
vn -0.731515 0.461976 -0.501461
vn -0.671655 0.111739 -0.732389
vn 0.098561 0.957796 0.270024
vn -0.076560 0.755284 0.650911
vn -0.479540 0.342534 -0.807906
vn -0.942763 0.333463 0.000733
vn -0.218955 0.960349 0.172592
vn -0.906496 0.107155 -0.408391
vn -0.412280 0.690604 0.594214
vn 0.355170 0.674550 -0.647176
vn 0.339447 0.855058 0.391985
vn 0.586892 0.777866 -0.224683
vn 0.274789 0.349728 0.895646
vn -0.222421 -0.645049 -0.731055
vn 0.746628 0.469722 0.471071
vn -0.702828 -0.711194 -0.015360
vn 0.934099 0.357012 -0.000725
vn -0.644234 -0.253213 0.721696
vn 0.237194 0.824507 -0.513738
vn -0.702828 -0.711194 -0.015360
vn 0.839812 0.056510 -0.539928
vn -0.747035 -0.490759 -0.448435
vn 0.661715 0.146906 -0.735222
vn -0.309844 0.120592 0.943109
vn 0.346101 0.454422 -0.820801
vn -0.840952 0.197719 -0.503693
vn 0.479652 0.804128 -0.351159
vn -0.900145 0.361430 -0.243122
vn -0.639747 0.141564 0.755436
vn 0.453850 -0.555404 0.696812
vn 0.483887 -0.583244 0.652441
vn 0.000000 0.457659 -0.889128
vn 0.533727 -0.147754 0.832649
vn -0.552893 -0.385753 0.738582
vn 0.422920 0.427694 0.798884
vn 0.329074 -0.926723 -0.181370
vn 0.483887 -0.583244 0.652441
vn 0.739377 -0.393215 0.546538
vn 0.522969 -0.834658 -0.172770
vn 0.806926 -0.467183 0.361400
vn 0.479860 0.195377 0.855314
vn 0.397869 -0.808299 -0.433997
vn 0.263265 -0.963987 -0.037679
vn 0.453850 -0.555404 0.696812
vn 0.000000 -0.853007 0.521899
vn 0.780609 -0.603131 0.163956
vn 0.907075 -0.413167 -0.080668
vn -0.164912 -0.191287 -0.967581
vn 0.644416 -0.738618 -0.197917
vn 0.436787 0.124102 0.890963
vn 0.698816 -0.708975 -0.094924
vn 0.406848 -0.301201 -0.862411
vn -0.044451 -0.433366 -0.900121
vn -0.789874 0.593143 0.155821
vn -0.597695 0.801336 0.024931
vn 0.923547 0.382129 0.032228
vn -0.147163 -0.814219 -0.561597
vn 0.785025 -0.533402 0.314989
vn 0.181590 -0.897269 0.402409
vn -0.843196 0.534033 -0.061873
vn 0.842431 0.499866 0.201105
vn -0.362224 -0.772731 -0.521229
vn 0.000000 -0.853007 0.521899
vn 0.000000 -0.997153 0.075409
vn 0.000000 -0.997153 0.075409
vn -0.031221 -0.691956 0.721265
vn -0.000000 -0.525345 -0.850889
vn 0.039093 -0.764325 0.643645
vn 0.823720 -0.029257 0.566242
vn 0.749942 -0.628553 0.206177
vn 0.708438 -0.036855 0.704810
vn -0.399512 -0.386530 0.831255
vn -0.031221 -0.691956 0.721265
vn 0.471000 -0.689912 -0.549709
vn 0.806926 -0.467183 0.361400
vn 0.464400 -0.554593 0.690478
vn 0.749942 -0.628553 0.206177
vn 0.471000 -0.689912 -0.549709
vn 0.427215 0.027853 -0.903721
vn 0.919312 0.165276 -0.357141
vn 0.218116 -0.013540 -0.975829
vn 0.763404 0.082589 -0.640620
vn -0.222187 -0.205926 -0.953010
vn 0.997963 0.018588 -0.061025
vn -0.451763 -0.790486 -0.413572
vn -0.042237 0.891743 0.450566
vn 0.440579 -0.257349 0.860036
vn 0.750762 -0.288011 0.594480
vn 0.839728 0.237053 0.488531
vn 0.543058 -0.350202 0.763182
vn 0.519843 -0.380832 0.764677
vn 0.000000 -0.228205 0.973613
vn 0.138692 0.088745 0.986351
vn 0.661192 0.236099 0.712097
vn 0.425834 -0.878142 0.218017
vn -0.000000 -0.848044 0.529925
vn 0.454900 -0.437426 -0.775709
vn 0.599824 0.067930 0.797243
vn -0.136026 -0.743810 0.654404
vn 0.641812 -0.330301 0.692083
vn 0.839728 0.237053 0.488531
vn 0.820858 0.448366 0.353779
vn -0.000000 -0.281248 0.959635
vn -0.000000 0.311627 -0.950205
vn -0.422933 -0.905814 0.025090
vn -0.844228 -0.531094 -0.072234
vn 0.270485 -0.736319 -0.620219
vn 0.919312 0.165276 -0.357141
vn -0.000000 0.068852 -0.997627
vn 0.312699 -0.542128 -0.779946
vn 0.952386 -0.183718 0.243327
vn 0.445354 0.024974 -0.895006
vn -0.000000 -0.125563 -0.992086
vn 0.990602 0.111953 -0.078574
vn 0.757426 0.026634 -0.652377
vn 0.404475 0.286155 -0.868628
vn 0.783489 0.247279 -0.570086
vn 0.494733 0.310978 -0.811500
vn 0.810465 0.328073 -0.485299
vn 0.756618 0.651870 0.050940
vn 0.605276 -0.622135 0.496578
vn 0.306141 0.909183 -0.282247
vn -0.256976 0.964121 0.066585
vn -0.434121 0.605252 0.667240
vn 0.494378 0.451407 0.742847
vn -0.144228 0.987311 -0.066450
vn 0.698427 0.344207 0.627472
vn -0.081582 0.984343 -0.156246
vn 0.698427 0.344207 0.627472
vn 0.316076 0.113566 -0.941912
vn 0.430693 0.081799 -0.898784
vn -0.492195 0.861056 0.127776
vn 0.564193 -0.786677 -0.250650
vn 0.138320 0.280144 -0.949940
vn 0.454900 -0.437426 -0.775709
vn 0.564193 -0.786677 -0.250650
vn -0.253040 -0.103418 -0.961913
vn 0.316076 0.113566 -0.941912
vn 0.192244 0.453940 -0.870046
vn -0.661824 -0.730875 -0.166766
vn -0.399512 -0.386530 0.831255
vn 0.039093 -0.764325 0.643645
vn 0.621494 -0.243413 0.744645
vn 0.297915 0.147120 -0.943188
vn 0.313897 -0.016401 -0.949316
vn -0.271469 0.920393 -0.281391
vn -0.226074 0.760310 -0.608949
vn 0.893256 -0.308156 0.327312
vn 0.000000 0.189693 0.981843
vn 0.413083 -0.259080 0.873063
vn 0.461591 -0.311124 0.830744
vn 0.000000 -0.425912 0.904764
vn 0.454900 -0.437426 -0.775709
vn -0.170835 0.874517 0.453912
vn -0.093159 0.801677 -0.590453
vn 0.474864 0.068472 0.877392
vn 0.884183 0.014062 0.466929
vn 0.902327 -0.248742 0.352042
vn -0.031221 -0.691956 0.721265
vn 0.849468 0.526256 -0.038213
vn 0.146434 0.989108 0.014937
vn -0.269205 0.963052 0.007672
vn -0.000000 0.289227 -0.957260
vn 0.000000 0.053880 -0.998547
vn -0.164109 0.390048 0.906052
vn -0.000000 0.492416 0.870360
vn 0.869352 0.448922 0.206629
vn 0.036909 0.993691 0.105910
vn -0.482962 0.750282 -0.451470
vn -0.992592 -0.009338 0.121133
vn 0.233018 0.220752 0.947086
vn 0.836292 -0.022792 0.547810
vn -0.192339 0.349172 0.917107
vn -0.018280 -0.245621 0.969194
vn -0.140045 -0.493177 0.858583
vn 0.270719 0.202007 -0.941225
vn -0.591969 0.798435 0.109888
vn -0.665958 0.559991 0.492860
vn 0.000000 0.314081 0.949396
vn 0.000000 0.314081 0.949396
vn -0.018280 -0.245621 0.969194
vn -0.222674 0.398770 0.889606
vn -0.336451 0.697430 -0.632766
vn -0.457265 0.544640 0.703047
vn -0.836746 0.286267 -0.466806
vn -0.046540 0.890746 -0.452112
vn -0.066152 0.724438 -0.686158
vn -0.153388 0.266954 -0.951424
vn -0.711470 -0.545040 -0.443557
vn -0.210951 -0.977091 -0.028150
vn -0.724277 -0.597306 0.344455
vn -0.716886 -0.354770 -0.600178
vn -0.942494 0.065200 0.327801
vn -0.738792 -0.672592 -0.042502
vn -0.280212 0.930164 0.237226
vn -0.280212 0.930164 0.237226
vn -0.470867 -0.816644 -0.333731
vn -0.337643 0.162187 0.927196
vn -0.042881 -0.730638 -0.681417
vn -0.902332 0.381905 0.199864
vn -0.597086 0.783862 -0.170436
vn -0.932373 -0.273642 -0.236220
vn -0.338248 0.459059 -0.821494
vn -0.770496 -0.168493 -0.614773
vn -0.828846 0.185009 -0.528002
vn -0.882922 -0.334316 -0.329667
vn -0.249115 -0.807218 -0.535108
vn -0.966390 -0.174258 -0.189011
vn -0.815247 -0.571303 0.094788
vn -0.603482 -0.404316 -0.687268
vn -0.501648 0.351691 -0.790356
vn -0.306102 -0.562593 -0.767978
vn 0.770496 -0.168494 -0.614773
vn 0.153389 0.266954 -0.951424
vn 0.457266 0.544639 0.703048
vn 0.066151 0.724438 -0.686159
vn 0.681276 -0.009074 -0.731970
vn 0.386189 -0.851540 -0.354594
vn -0.992935 0.065968 -0.098631
vn -0.153388 0.266954 -0.951424
vn 0.426312 -0.026235 -0.904196
vn 0.500693 -0.864947 -0.034260
vn 0.387569 -0.869194 0.307071
vn 0.280214 0.930164 0.237223
vn -0.849162 0.138765 0.509577
vn -0.086821 -0.185969 -0.978712
vn -0.426311 -0.026234 -0.904196
vn -0.399510 0.338670 -0.851877
vn -0.070672 -0.920927 -0.383275
vn -0.771978 -0.145740 -0.618716
vn -0.251743 -0.043231 -0.966828
vn -0.512577 -0.737454 -0.439803
vn -0.422143 -0.478480 0.769969
vn -0.422143 -0.478480 0.769969
vn 0.765450 -0.635102 0.103596
vn 0.304304 0.267964 0.914109
vn 0.766339 -0.313186 0.560926
vn -0.140045 -0.493177 0.858583
vn 0.381417 0.052770 0.922896
vn -0.336533 0.275547 0.900455
vn 0.000000 -0.915917 0.401367
vn 0.290622 -0.857831 0.423868
vn 0.290613 -0.752063 0.591561
vn 0.000000 -0.400641 0.916235
vn 0.353164 -0.343186 0.870344
vn -0.017705 -0.559715 0.828496
vn 0.632826 -0.082341 0.769903
vn -0.017705 -0.559715 0.828496
vn 0.726040 -0.662896 0.182851
vn 0.834757 0.490191 0.250786
vn 0.431451 -0.886373 0.167907
vn 0.516470 -0.628377 0.581722
vn 0.586030 -0.727686 0.356430
vn 0.000000 -0.575189 0.818020
vn 0.866490 -0.127856 0.482542
vn 0.472799 -0.550015 0.688436
vn 0.469810 -0.618566 0.629805
vn 0.418642 -0.240559 0.875711
vn 0.000000 -0.445283 0.895390
vn -0.856876 -0.515404 -0.011094
vn 0.952386 -0.183718 0.243327
vn 0.902327 -0.248742 0.352042
vn -0.189766 -0.915121 0.355728
vn 0.215730 -0.959254 -0.182460
vn 0.605276 -0.622135 0.496578
vn -0.000000 -0.836816 0.547484
vn 0.528257 -0.127680 0.839430
vn 0.490388 -0.606045 0.626282
vn 0.156631 -0.641168 0.751246
vn 0.233368 -0.790145 0.566754
vn 0.000000 0.671272 0.741211
vn 0.670645 -0.731781 -0.121375
vn 0.429203 0.538601 0.725048
vn 0.677837 -0.429770 0.596519
vn 0.778696 -0.626399 0.035450
vn 0.400346 -0.793116 0.459011
vn 0.156631 -0.641168 0.751246
vn 0.628898 -0.766318 0.131313
vn -0.239798 0.597906 0.764857
vn 0.760255 -0.060087 0.646840
vn 0.438392 -0.510909 0.739449
vn 0.715497 -0.235161 0.657847
vn 0.655672 -0.142894 0.741401
vn 0.138762 -0.909430 0.392024
vn 0.936973 -0.297504 0.183228
vn -0.127341 -0.984843 -0.117763
vn 0.902327 -0.248742 0.352042
vn -0.000000 -0.836816 0.547484
vn 0.428516 -0.071807 0.900676
vn -0.000000 -0.997386 -0.072252
vn 0.000000 -0.042748 0.999086
vn 0.605276 -0.622135 0.496578
vn 0.964614 -0.241945 0.104796
vn 0.215730 -0.959254 -0.182460
vn 0.678524 0.733649 -0.036925
vn 0.482963 0.750281 -0.451470
vn -0.803234 0.595112 0.025641
vn -0.490325 0.071818 0.868576
vn -0.340694 0.616373 -0.709938
vn -0.194208 -0.109928 0.974782
vn 0.486346 -0.042356 0.872739
vn -0.846083 0.399583 -0.352815
vn -0.208484 0.531911 0.820734
vn -0.228242 0.661082 0.714756
vn -0.144360 0.553728 0.820089
vn -0.170073 0.517513 0.838603
vn 0.544167 -0.259690 -0.797774
vn 0.352099 -0.390527 -0.850597
vn -0.665625 0.573941 -0.477007
vn 0.708736 0.692392 -0.135228
vn -0.751123 0.435760 -0.495911
vn -0.099335 -0.440196 -0.892390
vn -0.167924 -0.271923 -0.947554
vn 0.034358 0.618529 -0.785010
vn 0.400082 0.913475 -0.074150
vn 0.343595 0.216665 -0.913783
vn 0.849161 0.138765 0.509577
vn -0.255605 0.650999 0.714749
vn 0.864982 0.501181 0.024987
vn 0.992592 -0.009338 0.121133
vn -0.819040 -0.314216 0.480044
vn -0.803234 0.595112 0.025641
vn -0.583235 -0.169141 0.794499
vn -0.108930 0.854928 -0.507181
vn 0.678041 -0.036175 0.734134
vn 0.422706 0.186647 -0.886838
vn 0.094817 0.430663 0.897518
vn -0.108930 0.854928 -0.507181
vn -0.828077 0.555323 0.076838
vn -0.021281 0.919544 -0.392410
vn 0.507906 0.669959 -0.541467
vn 0.086821 -0.185970 -0.978712
vn 0.086821 -0.185970 -0.978712
vn -0.094278 0.994892 0.036072
vn 0.034358 0.618529 -0.785010
vn 0.864982 0.501181 0.024987
vn 0.439381 0.513568 -0.737016
vn 0.741848 0.659878 0.119258
vn -0.915995 0.382838 -0.119951
vn -0.166691 0.627424 0.760627
vn 0.119168 0.760272 0.638581
vn -0.372606 -0.429175 -0.822784
vn -0.021281 0.919544 -0.392410
vn -0.543839 0.839148 0.008414
vn 0.278031 0.876916 -0.392068
vn -0.774746 -0.012859 0.632141
vn -0.819040 -0.314216 0.480044
vn -0.863637 -0.260521 0.431578
vn -0.730424 0.524846 -0.437054
vn -0.828077 0.555323 0.076838
vn 0.992592 -0.009338 0.121133
vn 0.482963 0.750281 -0.451470
vn 0.678524 0.733649 -0.036925
vn 0.088841 -0.314374 0.945133
vn 0.085467 -0.002331 0.996338
vn -0.602101 -0.339947 0.722434
vn 0.752921 -0.183677 0.631959
vn 0.144915 -0.670308 0.727796
vn 0.329665 0.676271 -0.658771
vn 0.334690 -0.297208 -0.894232
vn 0.083042 0.354911 -0.931205
vn -0.452364 0.125005 -0.883029
vn -0.251191 0.346945 -0.903622
vn -0.548905 -0.414333 -0.725969
vn -0.474868 -0.822067 0.314175
vn 0.872133 -0.283131 0.399025
vn 0.122640 -0.992413 -0.008695
vn -0.530748 0.140319 0.835833
vn -0.239798 0.597906 0.764857
vn 0.234633 0.698644 0.675903
vn -0.530748 0.140319 0.835833
vn -0.569652 -0.746432 0.343999
vn 0.661924 0.297967 -0.687802
vn 0.585380 -0.312071 -0.748293
vn -0.639627 0.377248 0.669748
vn -0.458020 0.842853 -0.282519
vn 0.837090 0.366559 0.406098
vn 0.278031 0.876916 -0.392068
vn -0.805125 0.132899 0.578024
vn 0.476046 0.727981 -0.493381
vn 0.373443 0.570262 0.731671
vn -0.336103 -0.932555 -0.131814
vn -0.120169 -0.980026 -0.158458
vn 0.353158 -0.931045 0.091843
vn 0.269818 -0.961469 -0.052694
vn 0.231436 -0.972732 -0.015124
vn 0.127256 -0.927328 -0.351950
vn 0.516444 -0.839491 -0.168941
vn 0.516444 -0.839491 -0.168941
vn -0.113639 -0.979450 -0.166624
vn 0.854107 -0.519308 0.028630
vn 0.410103 0.275460 -0.869447
vn 0.207973 -0.350241 0.913279
vn 0.774542 0.199426 -0.600262
vn 0.405260 0.078261 -0.910846
vn -0.996006 0.030904 -0.083768
vn -0.767613 0.534596 -0.353521
vn -0.737606 0.419411 -0.529181
vn -0.858379 -0.020301 -0.512614
vn 0.329665 0.676271 -0.658771
vn 0.345912 0.461696 -0.816812
vn -0.919414 0.374829 0.119086
vn -0.435903 0.292451 -0.851153
vn -0.239907 -0.060259 -0.968924
vn 0.201692 0.819350 -0.536644
vn 0.529794 0.615571 -0.583430
vn -0.099786 -0.951087 0.292363
vn -0.006394 -0.837034 0.547113
vn -0.000000 -0.918781 0.394768
vn -0.000000 -0.793523 0.608541
vn -0.000000 -0.987744 0.156082
vn -0.099858 -0.790955 0.603670
vn 0.732038 0.317340 0.602840
vn -0.097055 -0.794723 0.599163
vn 0.234633 0.698644 0.675903
vn 0.716964 0.201411 0.667380
vn -0.259219 -0.881107 0.395545
vn 0.041667 -0.516240 0.855430
vn 0.732038 0.317340 0.602840
vn 0.716964 0.201411 0.667380
vn 0.202475 -0.827709 -0.523355
vn 0.534838 -0.844044 -0.039229
vn 0.622918 -0.615964 0.482247
vn 0.622918 -0.615964 0.482247
vn 0.746380 0.112773 -0.655896
vn 0.992691 -0.063410 0.102684
vn 0.252132 -0.654317 0.712950
vn 0.032149 -0.994968 0.094900
vn -0.387533 -0.892999 0.228848
vn 0.192715 -0.915580 0.352950
vn 0.872133 -0.283131 0.399025
vn 0.269818 -0.961469 -0.052694
vn -0.386784 -0.386689 0.837180
vn 0.949474 0.307929 0.060648
vn 0.207973 -0.350241 0.913279
vn 0.534838 -0.844044 -0.039229
vn 0.412153 -0.533201 0.738800
vn 0.948660 -0.092334 0.302521
vn 0.959416 -0.108156 -0.260429
vn 0.867503 -0.309193 -0.389665
vn -0.245077 -0.918048 0.311649
vn 0.864697 -0.407736 -0.293344
vn 0.145749 -0.821745 0.550902
vn 0.784286 -0.449567 0.427535
vn 0.473547 0.606590 0.638594
vn 0.815002 -0.399420 0.419804
vn 0.997631 -0.068274 -0.008406
vn 0.992414 -0.048808 -0.112841
vn 0.000000 0.993630 -0.112689
vn 0.000000 0.884106 -0.467286
vn 0.865361 -0.500675 -0.021794
vn 0.752716 -0.594371 -0.283092
vn 0.773892 -0.083288 0.627818
vn 0.000038 0.989289 0.145972
vn 0.000067 0.476992 0.878907
vn 0.907171 -0.417181 -0.054790
vn 0.375961 -0.820352 -0.430901
vn -0.515992 -0.724818 -0.456499
vn 0.704647 0.685275 -0.184039
vn 0.919165 -0.389753 -0.056818
vn 0.851918 -0.332177 -0.404839
vn 0.606722 -0.794897 0.005255
vn 0.862105 -0.206270 -0.462848
vn 0.888422 -0.312161 -0.336544
vn 0.533560 0.836369 0.125703
vn 0.586464 0.800007 0.126686
vn 0.434496 0.596089 0.675197
vn 0.000030 -0.993264 -0.115873
vn 0.000104 0.677161 0.735835
vn -0.002811 -0.007708 0.999966
vn -0.294725 -0.865701 -0.404598
vn -0.000250 -0.875450 -0.483309
vn 0.862290 -0.500247 -0.078797
vn 0.000000 -0.284715 -0.958612
vn -0.000000 0.933849 -0.357668
vn 0.851497 -0.243170 -0.464565
vn 0.053630 -0.998240 0.025302
vn 0.872257 -0.015315 -0.488809
vn 0.249460 -0.954894 0.161083
vn 0.925971 -0.335826 -0.172624
vn 0.899245 -0.041776 -0.435446
vn 0.031278 -0.997582 0.062066
vn 0.577369 -0.607849 0.545128
vn 0.604557 -0.796483 -0.011209
vn 0.638751 -0.766860 -0.062633
vn 0.226264 -0.363413 0.903734
vn 0.325942 -0.812332 0.483611
vn -0.000000 0.999077 0.042962
vn 0.000000 0.989099 -0.147250
vn 0.000000 -0.391806 -0.920048
vn 0.859886 -0.232116 -0.454662
vn 0.801217 -0.432494 -0.413521
vn -0.065653 -0.988487 -0.136322
vn -0.061459 -0.842785 -0.534730
vn 0.000067 -0.912307 0.409508
vn 0.366338 -0.873810 0.319771
vn 0.298647 -0.937535 0.178434
vn 0.863307 -0.456741 -0.214685
vn 0.124887 -0.991975 0.019727
vn 0.991707 -0.087941 -0.093724
vn 0.000000 0.501255 0.865300
vn 0.938327 0.280553 0.202070
vn 0.605981 -0.743889 0.281808
vn 0.731047 -0.608962 0.307790
vn 0.636141 -0.722602 0.270503
vn -0.000000 -0.996453 0.084152
vn 0.951907 -0.305915 -0.016999
vn 0.000000 -0.997067 -0.076538
vn 0.312699 -0.542128 -0.779946
vn 0.808839 0.309584 0.499938
vn 0.487811 -0.866774 -0.103651
vn 0.747414 0.051243 0.662379
vn 0.740162 -0.133888 -0.658964
vn 0.561303 -0.271566 -0.781787
vn -0.000000 0.798504 -0.601990
vn -0.000000 0.668536 -0.743679
vn 0.865320 -0.132583 -0.483367
vn 0.884351 -0.028779 -0.465935
vn 0.921479 -0.123302 -0.368338
vn 0.000000 -0.968975 -0.247158
vn 0.000000 -0.110840 -0.993838
vn 0.157054 -0.974228 -0.161907
vn 0.000000 -0.083733 -0.996488
vn 0.931176 -0.341708 -0.127070
vn 0.468323 -0.863702 0.186258
vn 0.000018 -0.821282 0.570522
vn 0.942188 -0.333246 -0.035071
vn 0.722743 -0.511386 0.464894
vn 0.000006 -0.855158 -0.518367
vn 0.783837 0.207169 -0.585389
vn 0.602792 0.015266 -0.797753
vn 0.965946 -0.097209 0.239787
vn 0.000000 -0.918189 0.396142
vn 0.000000 -0.608116 0.793848
vn 0.746736 -0.519459 0.415389
vn 0.909697 -0.384872 0.155966
vn 0.910153 -0.345514 -0.228565
vn 0.804344 -0.044247 0.592514
vn 0.940827 -0.248388 0.230537
vn -0.000000 0.190221 0.981741
vn 0.428595 -0.676955 0.598363
vn 0.347970 -0.684539 0.640565
vn 0.612978 0.196023 0.765397
vn 0.353439 -0.901585 0.249451
vn 0.224985 -0.429152 -0.874763
vn 0.217183 -0.556789 0.801759
vn 0.787464 0.214766 -0.577734
vn 0.868724 0.479830 -0.122806
vn 0.817667 0.575570 0.011842
vn 0.393818 0.773271 0.496950
vn -0.000000 0.714442 0.699694
vn 0.260507 0.806283 0.531079
vn 0.645810 -0.057051 0.761364
vn 0.468452 0.197633 0.861101
vn -0.000000 0.340880 0.940107
vn 0.833404 -0.008512 -0.552599
vn 0.668591 0.739710 -0.076257
vn 0.000000 -0.970355 -0.241683
vn 0.662497 0.595586 -0.454284
vn -0.801441 0.598061 -0.004045
vn -0.681831 0.693313 0.233288
vn -0.084331 0.983162 0.162117
vn -0.086303 0.988713 0.122467
vn 0.644665 0.751265 0.141450
vn -0.653377 0.551363 0.518746
vn 0.531038 0.724289 0.439777
vn -0.712219 0.108533 -0.693516
vn 0.030285 0.474667 -0.879644
vn -0.996006 0.030904 -0.083768
vn 0.084137 0.277069 -0.957159
vn 0.529794 0.615571 -0.583430
vn -0.858379 -0.020301 -0.512614
vn -0.767613 0.534596 -0.353521
vn -0.230946 0.310901 -0.921957
vn -0.095361 0.286762 -0.953244
vn 0.273691 0.103426 0.956241
vn -0.492689 -0.473761 -0.729937
vn 0.868929 0.356494 -0.343328
vn -0.000000 -0.829436 -0.558602
vn 0.886008 -0.001409 -0.463668
vn 0.961520 -0.263575 -0.077507
vn 0.759300 0.604476 -0.240982
vn 0.886008 -0.001409 -0.463668
vn 0.722235 0.125141 -0.680232
vn 0.000000 -0.531395 -0.847124
vn 0.790660 0.318124 0.523119
vn 0.779669 -0.219281 0.586542
vn 0.275329 -0.959127 0.065333
vn 0.042881 -0.730639 -0.681416
vn 0.070672 -0.920927 -0.383274
vn -0.067570 0.388321 -0.919044
vn 0.637825 0.568659 -0.519429
vn 0.631092 0.231161 -0.740464
vn 0.946559 0.144698 -0.288251
vn 0.712471 0.608057 -0.350216
vn 0.042881 -0.730639 -0.681416
vn 0.995256 0.090857 -0.034782
vn -0.015589 -0.684181 -0.729146
vn 0.921176 0.065544 -0.383586
vn 0.000000 0.710233 -0.703966
vn 0.551645 -0.821338 0.145230
vn 0.881152 0.271667 -0.386998
vn 0.745457 0.045145 0.665023
vn 0.648268 0.081631 -0.757024
vn -0.120169 -0.980026 -0.158458
vn 0.091856 -0.759848 0.643578
vn 0.070672 -0.920927 -0.383274
vn 0.899279 0.235290 0.368696
vn 0.085653 -0.654169 0.751482
vn -0.677836 -0.582875 0.448102
vn 0.950993 -0.018635 -0.308650
vn 0.570361 0.345088 0.745388
vn -0.584099 0.236189 0.776559
vn 0.906527 0.201145 0.371147
vn 0.778015 0.051989 0.626091
vn 0.059856 -0.853738 -0.517250
vn 0.087668 -0.992590 -0.084144
vn -0.995257 -0.090852 0.034785
vn 0.789122 -0.614172 0.008904
vn 0.734387 -0.646822 0.205662
vn 0.353158 -0.931045 0.091843
vn 0.923716 -0.227175 -0.308448
vn 0.122640 -0.992413 -0.008695
vn 0.750707 -0.096553 0.653542
vn 0.890786 -0.398028 0.219258
vn 0.059856 -0.853738 -0.517250
vn 0.400910 0.771374 0.494220
vn 0.498601 -0.161954 0.851568
vn -0.751560 0.165797 0.638489
vn 0.909405 -0.406295 0.088923
vn 0.441483 0.773445 0.454836
vn 0.000000 -0.318436 0.947944
vn 0.035841 0.079572 -0.996185
vn 0.673496 -0.232058 0.701821
vn -0.025923 0.270540 -0.962360
vn 0.832106 -0.025266 -0.554041
vn -0.357441 0.452444 -0.817025
vn 0.086399 -0.989808 -0.113211
vn 0.095977 -0.975390 0.198499
vn 0.091856 -0.759848 0.643578
vn -0.274306 -0.542053 0.794314
vn -0.319201 -0.939635 -0.123278
vn -0.337165 -0.941432 -0.004976
vn 0.022973 -0.566937 -0.823441
vn -0.274306 -0.542053 0.794314
vn -0.021472 -0.968438 0.248329
vn 0.943650 0.324859 0.063185
vn 0.794671 0.594156 -0.124405
vn 0.602792 0.015266 -0.797753
vn 0.808778 0.115138 -0.576734
vn 0.378148 0.160809 -0.911671
vn 0.918136 0.317591 0.236988
vn 0.202475 -0.827709 -0.523355
vn -0.572489 -0.068436 -0.817051
vn -0.251742 -0.613516 -0.748481
vn -0.680716 -0.482352 -0.551329
vn -0.095977 0.858571 -0.503631
vn -0.032208 -0.999288 -0.019650
vn -0.091734 0.995479 -0.024608
vn -0.135470 -0.842327 -0.521665
vn 0.034033 0.009817 0.999373
vn -0.399962 -0.820756 -0.407910
vn 0.127256 -0.927328 -0.351950
vn 0.000016 0.432575 -0.901598
vn -0.828577 -0.490554 -0.269848
vn -0.296381 0.104310 0.949357
vn -0.337377 -0.890426 -0.305480
vn -0.135470 -0.842327 -0.521665
vn 0.000000 0.039845 -0.999206
vn 0.504699 0.752554 -0.423013
vn -0.692089 0.523903 -0.496527
vn -0.579079 0.760741 -0.293157
vn 0.740162 -0.133888 -0.658964
vn 0.166888 -0.071052 -0.983412
vn -0.022973 -0.127962 -0.991513
vn -0.077777 0.876395 0.475271
vn 0.438657 0.840951 -0.316830
vn 0.093404 -0.992366 0.080539
vn 0.066681 -0.897428 -0.436092
vn -0.455449 -0.764569 0.456071
vn -0.121375 0.992590 -0.005736
vn -0.000000 0.903991 0.427551
vn 0.000000 0.966930 0.255044
vn 0.473057 0.118646 -0.873007
vn -0.595135 -0.801072 0.064013
vn 0.418787 -0.058048 -0.906227
vn -0.689936 -0.708705 0.147394
vn -0.578695 -0.716250 0.389998
vn -0.913748 -0.104247 0.392680
vn -0.740960 -0.655358 -0.146573
vn -0.756401 -0.643184 -0.119044
vn -0.000022 0.321089 -0.947049
vn 0.000016 0.432575 -0.901598
vn -0.630149 -0.667511 -0.396663
vn -0.929671 -0.347341 -0.122742
vn -0.070697 0.429817 -0.900144
vn -0.606117 -0.795363 0.004508
vn -0.311358 -0.401634 -0.861247
vn -0.374446 -0.927215 -0.007892
vn -0.259450 0.639693 -0.723518
vn -0.449964 -0.872079 0.192380
vn -0.259450 0.639693 -0.723518
vn 0.000000 0.823007 0.568031
vn 0.936812 -0.074155 -0.341884
vn 0.110303 -0.561719 -0.819942
vn 0.655203 -0.227707 -0.720319
vn 0.363960 -0.385165 -0.848046
vn -0.025630 0.589802 0.807141
vn -0.066639 0.376170 -0.924151
vn -0.091734 0.995479 -0.024608
vn -0.093415 0.792651 -0.602476
vn -0.070697 0.429817 -0.900144
vn -0.087668 0.682594 -0.725520
vn 0.030285 0.474667 -0.879644
vn 0.264641 -0.963942 0.027933
vn -0.610478 0.250169 -0.751487
vn -0.059715 0.288247 -0.955692
vn -0.067570 0.388321 -0.919044
vn -0.580422 -0.583541 -0.567970
vn 0.963253 0.262905 0.054986
vn 0.808778 0.115138 -0.576734
vn -0.820508 -0.485504 0.301748
vn 0.110303 -0.561719 -0.819942
vn -0.566530 -0.511122 -0.646373
vn -0.086399 0.661106 -0.745302
vn -0.059715 0.288247 -0.955692
vn 0.076260 0.410883 -0.908493
vn 0.329665 0.676271 -0.658771
vn -0.305738 0.044605 0.951070
vn -0.125789 0.278352 -0.952207
vn 0.740162 -0.133888 -0.658964
vn 0.699386 -0.506100 -0.504700
vn 0.832106 -0.025266 -0.554041
vn -0.881594 -0.439233 -0.172821
vn -0.904998 0.127271 -0.405932
vn -0.768009 -0.308937 -0.560999
vn -0.500022 0.621071 -0.603530
vn -0.498424 0.457400 0.736450
vn -0.238050 0.864766 -0.442167
vn -0.512176 0.255445 -0.820014
vn -0.426697 0.865633 0.261932
vn -0.243419 0.696178 -0.675339
vn 0.661924 0.297967 -0.687802
vn -0.371349 0.398807 -0.838482
vn -0.323085 0.263752 -0.908873
vn 0.077052 0.239966 -0.967718
vn -0.737606 0.419411 -0.529181
vn 0.273691 0.103426 0.956241
vn -0.706658 0.151719 0.691097
vn -0.974768 -0.030691 -0.221100
vn -0.739343 0.661863 -0.123728
vn -0.476107 -0.108612 -0.872654
vn -0.471744 0.385118 -0.793185
vn -0.764555 0.440641 -0.470416
vn -0.773851 -0.286852 -0.564686
vn -0.833198 0.466958 -0.296194
vn -0.306103 -0.094155 -0.947331
vn -0.184564 -0.028117 -0.982418
vn 0.476046 0.727981 -0.493381
vn -0.264640 0.228792 -0.936814
vn -0.883175 0.028725 -0.468163
vn -0.264640 0.228792 -0.936814
vn -0.717421 -0.136754 -0.683085
vn -0.631762 0.429117 0.645551
vn -0.101324 0.249525 -0.963053
vn 0.739321 -0.226891 -0.633975
vn 0.561303 -0.271566 -0.781787
vn -0.458020 0.842853 -0.282519
vn 0.201692 0.819350 -0.536644
vn -0.054867 0.818746 0.571529
vn -0.610973 0.608007 0.506990
vn -0.940478 0.213684 0.264271
vn 0.579651 0.681387 -0.446897
vn 0.707379 0.609796 -0.357441
vn -0.000000 -0.829436 -0.558602
vn 0.706392 0.706959 0.034906
vn 0.296093 0.454085 0.840319
vn -0.030782 0.588666 0.807790
vn 0.428516 -0.071807 0.900676
vn 0.833966 0.309432 0.456896
vn 0.438392 -0.510909 0.739449
vn -0.503967 0.308958 -0.806574
vn 0.386615 0.857456 -0.339555
vn 0.368607 0.077694 -0.926333
vn -0.814949 0.513782 -0.268116
vn -0.558878 0.755868 -0.341056
vn -0.393241 0.111863 -0.912605
vn 0.669805 -0.545887 0.503358
vn 0.126770 -0.986038 -0.107978
vn 0.886842 0.101341 0.450823
vn 0.802545 0.248859 -0.542209
vn 0.000000 0.832074 -0.554665
vn 0.885208 0.109172 -0.452203
vn -0.000000 -0.791293 -0.611437
vn 0.000000 0.832074 -0.554665
vn 0.623566 -0.098505 0.775540
vn 0.000000 0.796416 0.604749
vn -0.897266 0.072806 0.435445
vn -0.559699 -0.473565 0.680053
vn 0.054662 -0.227711 0.972193
vn 0.621518 -0.140166 0.770759
vn -0.008914 0.356734 0.934163
vn -0.524559 -0.217605 0.823095
vn 0.820396 -0.095602 0.563747
vn 0.759053 -0.177943 0.626239
vn 0.673118 -0.094189 0.733512
vn 0.049280 -0.337487 0.940039
vn -0.577216 -0.176276 0.797338
vn -0.731197 0.175827 0.659118
vn 0.787243 0.367303 0.495316
vn 0.816223 0.574887 -0.057319
vn 0.860430 -0.046980 -0.507399
vn 0.450051 0.175686 -0.875550
vn 0.496359 0.742931 -0.449088
vn -0.015589 -0.684181 -0.729146
vn 0.083841 -0.623542 0.777281
vn 0.820169 0.277421 0.500360
vn -0.864701 0.098104 0.492613
vn 0.566637 0.822751 0.044750
vn 0.754103 0.302187 0.583105
vn -0.717011 0.695957 -0.039222
vn 0.542910 -0.050735 0.838257
vn -0.955875 -0.186846 -0.226698
vn 0.100235 -0.511595 -0.853360
vn -0.426697 0.865633 0.261932
vn 0.592555 0.675519 0.438808
vn 0.357996 0.927429 -0.108229
vn 0.891839 0.240125 0.383358
vn -0.595209 0.499244 -0.629668
vn -0.608597 -0.199331 0.768034
vn -0.444848 0.751264 0.487557
vn -0.686305 0.543086 0.483780
vn 0.465413 0.689636 0.554791
vn 0.758532 -0.336606 0.557965
vn 0.019406 0.899166 0.437177
vn -0.166691 0.627424 0.760627
vn 0.802481 0.100978 0.588072
vn 0.962840 0.034954 0.267802
vn 0.038727 0.165082 0.985519
vn 0.620540 0.195275 0.759472
vn 0.632826 -0.082341 0.769903
vn 0.533735 -0.844374 0.046475
vn 0.451333 0.175071 0.875014
vn 0.669805 -0.545887 0.503358
vn -0.239798 0.597906 0.764857
vn -0.074865 -0.938148 0.338044
vn 0.000000 -0.927629 0.373503
vn -0.340694 0.616373 -0.709938
vn 0.310981 -0.653537 0.690058
vn -0.279888 -0.330116 0.901491
vn -0.486346 -0.042357 0.872739
vn -0.278031 0.876916 -0.392068
vn -0.802480 0.100977 0.588072
vn 0.340697 0.616373 -0.709936
vn 0.108931 0.854929 -0.507179
vn 0.187153 0.554977 -0.810539
vn 0.689254 0.623819 -0.368482
vn 0.670069 0.716153 0.195277
vn -0.506987 0.372381 -0.777365
vn 0.858379 -0.020299 -0.512614
vn 0.767613 0.534596 -0.353521
vn 0.184564 -0.028116 -0.982418
vn 0.194208 -0.109929 0.974782
vn 0.849161 0.138765 0.509577
vn 0.767797 -0.056559 0.638192
vn -0.705224 -0.255174 0.661472
vn 0.675355 0.282970 -0.681046
vn 0.424542 0.432754 -0.795291
vn 0.098332 -0.275923 0.956137
vn 0.412269 0.418608 -0.809198
vn -0.819040 -0.314216 0.480044
vn -0.537389 -0.522204 -0.662206
vn 0.951556 -0.168631 0.257108
vn 0.385366 -0.407398 -0.827961
vn -0.900455 -0.318472 0.296237
vn -0.661925 0.297968 -0.687802
vn -0.077052 0.239967 -0.967718
vn 0.992592 -0.009338 0.121133
vn -0.996006 0.030904 -0.083768
vn 0.863637 -0.260521 0.431578
vn 0.828078 0.555322 0.076839
vn -0.373444 0.570261 0.731671
vn -0.278031 0.876916 -0.392068
vn -0.529794 0.615571 -0.583430
vn -0.962840 0.034954 0.267803
vn -0.661925 0.297968 -0.687802
vn -0.837090 0.366558 0.406099
vn -0.822695 -0.307504 0.478136
vn -0.777494 0.171676 -0.605005
vn 0.963596 -0.058159 0.260959
vn -0.813735 0.221196 -0.537502
vn -0.665887 0.711479 -0.224483
vn -0.730424 0.524846 -0.437054
vn -0.819040 -0.314216 0.480044
vn 0.092799 -0.426903 0.899523
vn 0.973319 0.042727 0.225444
vn -0.705224 -0.255174 0.661472
vn 0.098332 -0.275923 0.956137
vn -0.846083 0.399583 -0.352815
vn 0.439381 0.513568 -0.737016
vn 0.858379 -0.020299 -0.512614
vn -0.703879 -0.464354 0.537522
vn 0.745810 0.143603 0.650496
vn -0.711953 -0.067593 0.698967
vn -0.795670 -0.337307 0.503123
vn 0.823001 -0.313200 0.473894
vn 0.671287 0.235357 -0.702838
vn 0.669705 0.295390 -0.681352
vn -0.055728 0.396861 -0.916185
vn 0.819040 -0.314216 0.480044
vn 0.774747 -0.012859 0.632141
vn -0.333016 0.521607 -0.785510
vn -0.055728 0.396861 -0.916185
vn 0.767797 -0.056559 0.638192
vn -0.678526 0.733648 -0.036923
vn 0.805125 0.132899 0.578024
vn 0.819040 -0.314216 0.480044
vn -0.329665 0.676271 -0.658770
vn 0.323085 0.263753 -0.908873
vn -0.329665 0.676271 -0.658770
vn 0.996006 0.030905 -0.083767
vn -0.084137 0.277070 -0.957159
vn -0.900311 -0.372076 -0.225831
vn -0.847687 -0.276600 0.452681
vn 0.993241 -0.008354 0.115771
vn -0.899326 -0.207918 0.384685
vn 0.458020 0.842853 -0.282518
vn 0.996006 0.030905 -0.083767
vn -0.712582 0.120694 -0.691130
vn -0.201692 0.819349 -0.536644
vn 0.737606 0.419411 -0.529180
vn -0.030285 0.474668 -0.879644
vn -0.476047 0.727981 -0.493379
vn 0.639627 0.377247 0.669748
vn -0.810377 -0.530630 0.248439
vn 0.767613 0.534596 -0.353521
vn -0.068318 -0.518819 -0.852150
vn -0.273691 0.103425 0.956241
vn -0.076260 0.410884 -0.908493
vn 0.371350 0.398807 -0.838482
vn 0.230945 0.310902 -0.921957
vn 0.947053 -0.186559 -0.261315
vn 0.731306 -0.280308 -0.621787
vn -0.577391 -0.154681 0.801682
vn 0.177920 -0.898793 0.400644
vn -0.476047 0.727981 -0.493379
vn -0.529794 0.615571 -0.583430
vn -0.964763 -0.244951 0.096081
vn 0.101324 0.249526 -0.963053
vn 0.458020 0.842853 -0.282518
vn 0.125789 0.278353 -0.952206
vn 0.758395 -0.444960 0.476285
vn 0.998658 -0.006302 0.051397
vn -0.201692 0.819349 -0.536644
vn 0.994052 -0.054306 0.094405
vn 0.932435 -0.024433 0.360512
vn 0.406318 -0.233469 0.883401
vn -0.068318 -0.518819 -0.852150
vn 0.737606 0.419411 -0.529180
vn -0.961638 -0.139764 0.236049
vn 0.706659 0.151718 0.691097
vn 0.305738 0.044604 0.951070
vn 0.631761 0.429117 0.645551
vn 0.801148 -0.549377 -0.237374
vn 0.950770 -0.132816 0.279995
vn -0.990350 -0.094991 0.100916
vn 0.061871 -0.265596 0.962097
vn -0.110303 -0.561719 -0.819942
vn -0.100235 -0.511594 -0.853361
vn -0.028925 -0.324586 -0.945414
vn 0.025923 -0.412919 -0.910399
vn 0.918222 0.271931 -0.287961
vn 0.313488 -0.485739 -0.815955
vn 0.599113 -0.001836 -0.800662
vn 0.028744 -0.446556 -0.894294
vn -0.158415 -0.507427 -0.847008
vn 0.028744 -0.446556 -0.894294
vn 0.933812 0.035053 0.356044
vn -0.978590 0.060189 0.196821
vn 0.070937 0.230804 0.970411
vn -0.768287 0.422887 -0.480523
vn 0.200442 0.972108 0.121775
vn -0.963254 0.262905 0.054986
vn -0.793635 0.583412 -0.172552
vn 0.692172 0.076085 0.717711
vn 0.676645 -0.679751 -0.283002
vn 0.921019 -0.151105 0.359015
vn 0.766764 -0.640396 -0.044338
vn 0.865241 -0.445056 0.230833
vn -0.236618 -0.920444 0.311117
vn 0.233892 -0.362973 -0.901967
vn 0.025923 -0.412919 -0.910399
vn -0.760882 -0.370168 0.532949
vn -0.848415 -0.504706 0.159575
vn -0.243038 -0.257335 0.935260
vn -0.224984 -0.429152 -0.874763
vn -0.264641 -0.963942 0.027932
vn -0.353439 -0.901585 0.249450
vn 0.580422 -0.583540 -0.567971
vn -0.217183 -0.556790 0.801758
vn -0.110303 -0.561719 -0.819942
vn -0.844846 -0.149903 0.513580
vn -0.363958 -0.385166 -0.848046
vn -0.655201 -0.227708 -0.720320
vn 0.311358 -0.401633 -0.861248
vn 0.121376 0.992590 -0.005735
vn 0.455449 -0.764569 0.456070
vn -0.800934 -0.378410 0.464016
vn -0.612977 0.196023 0.765398
vn 0.095361 0.286763 -0.953244
vn 0.492691 -0.473760 -0.729937
vn -0.401867 -0.012316 0.915615
vn -0.251788 -0.908716 0.332924
vn 0.238339 -0.827662 0.508105
vn 0.742158 -0.487345 0.460104
vn 0.464901 -0.453929 -0.760142
vn 0.002950 -0.830808 0.556551
vn -0.314765 -0.835984 0.449504
vn 0.446292 0.711331 -0.542984
vn 0.553479 0.279181 -0.784678
vn 0.387111 0.351848 0.852260
vn -0.259954 -0.430849 0.864172
vn 0.144434 -0.586705 0.796816
vn -0.876167 0.263589 0.403550
vn 0.498264 -0.631550 0.594034
vn 0.425079 -0.507731 0.749344
vn 0.938419 -0.094382 0.332358
vn 0.449964 -0.872080 0.192379
vn -0.580785 -0.311590 0.752064
vn 0.259450 0.639693 -0.723518
vn 0.259450 0.639693 -0.723518
vn -0.273691 0.103425 0.956241
vn -0.030285 0.474668 -0.879644
vn -0.372957 -0.418221 0.828248
vn -0.250455 -0.716222 0.651382
vn -0.006072 0.997958 0.063579
vn 0.374447 -0.927215 -0.007893
vn -0.643269 -0.438010 0.627975
vn 0.618098 -0.037780 0.785193
vn -0.751756 -0.348745 0.559678
vn -0.788903 -0.471336 0.394303
vn 0.797804 -0.431125 0.421474
vn 0.801148 -0.549377 -0.237374
vn 0.431029 0.185958 0.882969
vn 0.336279 -0.757040 0.560185
vn -0.080095 -0.343176 0.935850
vn -0.796721 0.255652 0.547611
vn 0.343046 -0.502894 0.793358
vn 0.222634 0.176010 0.958882
vn 0.208440 -0.673575 0.709119
vn 0.249114 -0.807218 -0.535109
vn -0.537609 -0.626274 -0.564586
vn 0.422142 -0.478478 0.769971
vn -0.558011 -0.770944 0.307031
vn 0.716887 -0.354769 -0.600176
vn 0.603482 -0.404317 -0.687268
vn 0.153389 0.266954 -0.951424
vn 0.280214 0.930164 0.237223
vn 0.251745 -0.043232 -0.966828
vn 0.399508 0.338670 -0.851878
vn 0.597089 0.783860 -0.170437
vn 0.995024 -0.083072 0.055021
vn 0.687828 -0.692970 0.216069
vn 0.574865 -0.662127 0.480747
vn 0.771978 -0.145740 -0.618716
vn 0.512576 -0.737454 -0.439803
vn 0.474551 -0.867176 -0.151020
vn 0.046541 0.890745 -0.452113
vn 0.336451 0.697429 -0.632766
vn 0.828846 0.185007 -0.528003
vn -0.994575 0.077477 -0.069415
vn 0.213396 -0.946998 0.240119
vn 0.470869 -0.816643 -0.333730
vn 0.422142 -0.478478 0.769971
vn 0.724276 -0.597306 0.344456
vn 0.942494 0.065200 0.327801
vn 0.882923 -0.334315 -0.329668
vn 0.337643 0.162187 0.927196
vn -0.653751 -0.742379 0.146569
vn -0.249115 -0.807218 -0.535108
vn -0.500692 -0.864947 -0.034261
vn -0.663290 -0.206030 -0.719443
vn 0.302378 -0.756240 -0.580232
vn 0.409890 -0.363246 -0.836686
vn -0.604375 -0.742294 0.289362
vn -0.498601 -0.161954 0.851568
vn 0.334323 -0.304675 0.891853
vn -0.949631 0.193708 0.246328
vn -0.439820 -0.602678 -0.665836
vn -0.419332 -0.285998 -0.861606
vn 0.687337 -0.321316 -0.651401
vn 0.994993 -0.082473 0.056454
vn 0.836745 0.286267 -0.466808
vn 0.738792 -0.672592 -0.042502
vn 0.815247 -0.571303 0.094788
vn 0.249114 -0.807218 -0.535109
vn 0.210951 -0.977091 -0.028149
vn 0.966390 -0.174258 -0.189011
vn 0.932373 -0.273642 -0.236221
vn 0.338249 0.459058 -0.821495
vn 0.902332 0.381905 0.199863
vn -0.034358 0.618530 -0.785010
vn 0.239908 -0.060258 -0.968924
vn 0.251190 0.346946 -0.903622
vn -0.334688 -0.297208 -0.894232
vn -0.034358 0.618530 -0.785010
vn -0.345912 0.461697 -0.816812
vn -0.973319 0.042727 0.225444
vn 0.705224 -0.255174 0.661472
vn -0.992592 -0.009338 0.121133
vn 0.795670 -0.337308 0.503122
vn -0.088841 -0.314374 0.945133
vn -0.038726 0.165081 0.985519
vn 0.583235 -0.169142 0.794499
vn -0.678041 -0.036175 0.734134
vn 0.602101 -0.339947 0.722434
vn 0.705224 -0.255174 0.661472
vn -0.098332 -0.275923 0.956137
vn 0.055728 0.396862 -0.916185
vn -0.767797 -0.056560 0.638192
vn 0.703879 -0.464354 0.537522
vn -0.098332 -0.275923 0.956137
vn -0.092799 -0.426903 0.899523
vn -0.767797 -0.056560 0.638192
vn 0.828078 0.555322 0.076839
vn 0.340697 0.616373 -0.709936
vn 0.730425 0.524847 -0.437053
vn -0.992592 -0.009338 0.121133
vn 0.490325 0.071816 0.868576
vn -0.678526 0.733648 -0.036923
vn -0.620540 0.195272 0.759473
vn 0.846083 0.399583 -0.352813
vn 0.803235 0.595111 0.025643
vn 0.803235 0.595111 0.025643
vn 0.819040 -0.314216 0.480044
vn 0.846083 0.399583 -0.352813
vn -0.439381 0.513568 -0.737016
vn 0.711953 -0.067594 0.698967
vn -0.094817 0.430660 0.897520
vn -0.745810 0.143602 0.650497
vn -0.752921 -0.183678 0.631959
vn 0.108931 0.854929 -0.507179
vn 0.730425 0.524847 -0.437053
vn -0.482962 0.750282 -0.451470
vn 0.055728 0.396862 -0.916185
vn 0.333016 0.521608 -0.785510
vn -0.823001 -0.313201 0.473894
vn 0.435903 0.292452 -0.851153
vn 0.915995 0.382838 -0.119951
vn -0.086821 -0.185969 -0.978712
vn 0.372606 -0.429174 -0.822784
vn 0.021283 0.919545 -0.392408
vn 0.099335 -0.440195 -0.892391
vn 0.751123 0.435760 -0.495910
vn 0.167925 -0.271922 -0.947554
vn 0.452364 0.125006 -0.883029
vn 0.501648 0.351691 -0.790357
vn 0.711470 -0.545040 -0.443557
vn 0.990350 -0.094991 0.100916
vn -0.061871 -0.265596 0.962097
vn -0.973031 0.169630 -0.156320
vn 0.848415 -0.504706 0.159574
vn 0.306103 -0.562593 -0.767978
vn -0.422706 0.186648 -0.886838
vn -0.400082 0.913475 -0.074149
vn -0.083041 0.354912 -0.931204
vn -0.329665 0.676271 -0.658770
vn -0.033148 -0.441337 -0.896729
vn 0.479360 -0.423767 -0.768528
vn 0.998379 0.005005 0.056688
vn 0.978590 0.060189 0.196821
vn 0.974748 -0.214654 0.061565
vn -0.933812 0.035053 0.356044
vn 0.895310 -0.341081 -0.286504
vn -0.945339 -0.323780 -0.038736
vn 0.760882 -0.370168 0.532948
vn 0.844850 -0.149911 0.513571
vn -0.402988 -0.221339 -0.888037
vn -0.937277 -0.151090 -0.314141
vn -0.033148 -0.441337 -0.896729
vn 0.971520 0.050070 -0.231605
vn -0.872839 -0.105437 0.476483
vn -0.343594 0.216666 -0.913783
vn -0.412270 0.418609 -0.809197
vn -0.187153 0.554978 -0.810539
vn -0.849162 0.138765 0.509577
vn 0.961639 -0.139769 0.236041
vn 0.819040 -0.314216 0.480044
vn -0.670069 0.716152 0.195278
vn 0.398357 -0.883471 -0.246557
vn 0.242032 -0.819170 0.519982
vn 0.251788 -0.908716 0.332923
vn 0.344389 -0.406371 0.846321
vn -0.293837 -0.905649 -0.305712
vn -0.902659 -0.384997 0.192311
vn 0.583352 -0.453805 0.673618
vn 0.369495 -0.893554 -0.255020
vn -0.235906 -0.967894 0.086774
vn 0.372673 -0.700837 -0.608229
vn 0.224248 -0.292317 -0.929658
vn 0.242032 -0.819170 0.519982
vn -0.902659 -0.384997 0.192311
vn 0.583352 -0.453805 0.673618
vn -0.293837 -0.905649 -0.305712
vn -0.408289 -0.624233 -0.666058
vn -0.180504 -0.348841 -0.919635
vn -0.235906 -0.967894 0.086774
vn -0.692989 -0.185026 -0.696801
vn -0.711490 0.045907 0.701195
vn -0.390494 0.605855 -0.693148
vn 0.886892 0.436518 -0.151245
vn 0.860680 0.486996 -0.148540
vn 0.974101 -0.136074 0.180586
vn -0.938781 0.233575 -0.253245
vn 0.947499 -0.000160 0.319757
vn -0.924045 0.261788 0.278583
vn -0.078918 -0.305782 0.948825
vn 0.765083 -0.159695 0.623815
vn 0.994632 -0.046793 0.092293
vn -0.997144 -0.019295 0.073021
vn 0.398357 -0.883471 -0.246557
vn -0.451763 -0.790486 -0.413572
vn 0.325332 -0.944991 -0.033919
vn -0.984758 0.173529 -0.011825
vn 0.325332 -0.944991 -0.033919
vn 0.827482 0.523066 -0.204145
vn 0.893484 0.432043 -0.122580
vn 0.896190 -0.191656 0.400139
vn 0.955875 -0.186846 -0.226698
vn 0.032537 -0.010708 -0.999413
vn 0.906135 -0.048316 -0.420221
vn -0.899279 0.235289 0.368695
vn -0.305216 0.095053 0.947527
vn -0.059880 0.390823 0.918516
vn 0.358762 -0.065192 0.931150
vn -0.796721 0.255652 0.547611
vn 0.105335 -0.425426 0.898842
vn -0.347435 -0.079656 -0.934315
vn -0.420704 -0.365490 -0.830316
vn 0.135767 -0.976971 -0.164602
vn -0.563571 -0.784198 -0.259657
vn 0.677835 -0.582876 0.448102
vn -0.570362 0.345088 0.745387
vn 0.450061 -0.887526 -0.098704
vn -0.526436 -0.681832 0.507908
vn 0.954649 0.013948 0.297406
vn 0.584097 0.236188 0.776561
vn -0.789121 -0.614173 0.008901
vn 0.995257 -0.090853 0.034783
vn -0.950993 -0.018634 -0.308649
vn -0.144915 -0.670308 0.727796
vn -0.085467 -0.002332 0.996338
vn 0.118978 -0.613568 -0.780627
vn 0.548335 0.575655 0.606589
vn -0.000000 0.577051 0.816708
vn 0.236618 -0.920445 0.311116
vn 0.992592 -0.009338 0.121133
vn 0.185903 0.687353 0.702130
vn 0.260983 0.318449 0.911306
vn 0.212059 -0.923892 -0.318520
vn 0.840451 0.341268 -0.420926
vn 0.188718 0.238825 -0.952548
vn 0.748215 -0.108110 -0.654589
vn -0.255915 0.853800 0.453358
vn -0.571776 0.793075 0.210010
vn 0.279388 0.918369 -0.280250
vn 0.930576 0.364369 -0.035559
vn -0.801148 -0.549377 -0.237374
vn -0.914950 0.329685 -0.232754
vn -0.918222 0.271931 -0.287961
vn 0.030354 0.793885 -0.607310
vn 0.950004 0.311255 -0.024764
vn 0.030354 0.793885 -0.607310
vn 0.494306 0.602115 -0.626993
vn -0.916920 0.308669 -0.252946
vn -0.829547 0.423261 -0.364284
vn -0.804386 0.563866 -0.187132
vn -0.756310 0.590965 -0.280634
vn 0.820104 0.549754 -0.158746
vn -0.919613 0.348031 -0.182170
vn 0.347435 -0.079655 -0.934315
vn 0.680213 0.159885 -0.715365
vn -0.717100 0.483534 -0.501959
vn 0.396350 -0.586127 -0.706656
vn 0.028925 -0.324585 -0.945414
vn 0.235419 0.557157 -0.796338
vn -0.902659 -0.384997 0.192311
vn 0.819066 0.553599 -0.150529
vn -0.356332 0.630221 -0.689819
vn 0.865853 0.469104 -0.173898
vn 0.909331 0.401110 0.110580
vn -0.028744 -0.446555 -0.894295
vn 0.369495 -0.893554 -0.255020
vn -0.180504 -0.348841 -0.919635
vn -0.408289 -0.624233 -0.666058
vn -0.335287 0.693163 -0.638050
vn -0.599113 -0.001835 -0.800663
vn -0.620865 0.558054 -0.550548
vn 0.853175 0.499617 0.149914
vn -0.756842 0.653595 0.002144
vn 0.372673 -0.700837 -0.608229
vn 0.224248 -0.292317 -0.929658
vn -0.693994 -0.285917 -0.660775
vn -0.907397 -0.420275 -0.000000
vn 0.681894 0.280187 -0.675659
vn 0.417961 0.609119 -0.674005
vn 0.246871 0.969048 -0.000000
vn -0.890550 0.454886 0.000000
vn 0.881237 -0.472675 0.000000
vn 0.534248 -0.031516 -0.844740
vn -0.890550 0.454886 0.000000
vn -0.599113 -0.001835 -0.800663
vn -0.233892 -0.362972 -0.901968
vn -0.028744 -0.446555 -0.894295
vn -0.025923 -0.412918 -0.910399
vn -0.918222 0.271931 -0.287961
vn -0.464901 -0.453928 -0.760142
vn -0.676645 -0.679750 -0.283003
vn -0.801148 -0.549377 -0.237374
vn -0.950770 -0.132816 0.279995
vn -0.766764 -0.640397 -0.044339
vn -0.742158 -0.487346 0.460104
vn -0.797804 -0.431125 0.421473
vn -0.921019 -0.151105 0.359015
vn -0.758396 -0.444960 0.476284
vn 0.396350 -0.586127 -0.706656
vn 0.724007 -0.326368 -0.607699
vn 0.158415 -0.507426 -0.847009
vn 0.420704 -0.365489 -0.830317
vn -0.135767 -0.976971 -0.164603
vn 0.236618 -0.920445 0.311116
vn 0.028925 -0.324585 -0.945414
vn -0.313488 -0.485739 -0.815956
vn -0.801148 -0.549377 -0.237374
vn -0.002950 -0.830809 0.556550
vn 0.810377 -0.530630 0.248438
vn 0.563571 -0.784197 -0.259658
vn -0.841148 0.537181 -0.062494
vn -0.057956 0.997295 0.045200
vn 0.347435 -0.079655 -0.934315
vn -0.025923 -0.412918 -0.910399
vn -0.028744 -0.446555 -0.894295
vn -0.865241 -0.445056 0.230833
vn 0.788903 -0.471336 0.394302
vn 0.251788 -0.908716 0.332923
vn -0.541780 0.796751 0.267698
vn 0.619067 0.777044 0.113836
vn -0.828793 -0.559556 -0.000000
vn -0.936017 -0.108542 -0.334801
vn 0.246871 0.969048 -0.000000
vn -0.626824 0.349487 -0.696384
vn 0.709021 -0.234417 -0.665086
vn 0.028848 0.999584 0.000000
vn -0.620156 -0.784479 -0.000000
vn 0.883532 0.468371 0.000000
vn -0.676804 0.516221 -0.524835
vn -0.222634 0.176009 0.958882
vn -0.208441 -0.673575 0.709118
vn 0.059880 0.390822 0.918517
vn 0.796721 0.255651 0.547611
vn -0.425080 -0.507732 0.749343
vn 0.796721 0.255651 0.547611
vn -0.498264 -0.631551 0.594034
vn -0.144434 -0.586706 0.796815
vn -0.343046 -0.502895 0.793357
vn -0.336279 -0.757041 0.560184
vn -0.238339 -0.827662 0.508104
vn 0.751756 -0.348746 0.559678
vn -0.177920 -0.898794 0.400642
vn 0.314765 -0.835984 0.449503
vn 0.305216 0.095052 0.947528
vn 0.259954 -0.430850 0.864171
vn -0.358762 -0.065194 0.931150
vn -0.387111 0.351846 0.852261
vn -0.387111 0.351846 0.852261
vn 0.080095 -0.343177 0.935850
vn -0.105335 -0.425427 0.898842
vn 0.876167 0.263589 0.403550
vn 0.250456 -0.716222 0.651382
vn -0.431029 0.185957 0.882969
vn 0.577391 -0.154682 0.801682
vn 0.090629 0.574358 0.813572
vn -0.462541 -0.750602 0.471861
vn 0.675781 0.459834 0.576084
vn 0.090629 0.574358 0.813572
vn 0.675781 0.459834 0.576084
vn 0.643269 -0.438010 0.627974
vn 0.372957 -0.418221 0.828248
vn -0.618098 -0.037781 0.785193
vn 0.401867 -0.012317 0.915615
vn -0.217183 -0.556790 0.801758
vn -0.462541 -0.750602 0.471861
vn -0.505707 -0.033623 -0.862050
vn -0.607784 -0.338690 -0.718254
vn 0.385882 0.541517 -0.746896
vn -0.726705 0.686950 0.000000
vn -0.559340 0.612354 -0.558714
vn -0.694559 0.719436 0.000000
vn 0.028848 0.999584 0.000000
vn -0.613821 0.789445 -0.000000
vn -0.992798 -0.119803 -0.000000
vn -0.505675 -0.807972 -0.302446
vn -0.478623 -0.872796 -0.095640
vn 0.252243 -0.967165 -0.031080
vn 0.325332 -0.944991 -0.033919
vn -0.010084 0.997774 0.065913
vn 0.004726 0.907522 0.419977
vn 0.767234 0.599686 -0.227437
vn -0.659507 -0.609406 -0.440085
vn -0.750624 -0.656983 0.070266
vn -0.766764 -0.640397 -0.044339
vn -0.605588 0.673733 -0.423494
vn -0.513946 -0.364043 -0.776744
vn 0.251788 -0.908716 0.332923
vn -0.647596 0.229040 -0.726746
vn -0.478623 -0.872796 -0.095640
vn -0.505675 -0.807972 -0.302446
vn 0.455449 -0.764569 0.456070
vn -0.353439 -0.901585 0.249450
vn 0.547399 -0.825353 0.138372
vn 0.481576 0.862305 -0.156573
vn -0.414049 0.809614 -0.416039
vn -0.525987 0.850134 0.024678
vn 0.476756 -0.695278 -0.537859
vn -0.982281 -0.185954 0.023356
vn -0.865868 0.402668 0.296867
vn 0.336456 -0.899449 -0.278905
vn 0.449964 -0.872080 0.192379
vn 0.336456 -0.899449 -0.278905
vn 0.476756 -0.695278 -0.537859
vn 0.252243 -0.967165 -0.031080
vn 0.055269 0.994947 0.083818
vn 0.547399 -0.825353 0.138372
vn -0.885878 -0.173184 0.430380
vn -0.671872 0.542238 0.504545
vn -0.264641 -0.963942 0.027932
vn 0.374447 -0.927215 -0.007893
vn -0.960226 0.279225 0.000000
vn -0.942939 -0.332966 -0.000000
vn -0.828793 -0.559556 -0.000000
vn -0.726705 0.686950 0.000000
vn -0.263457 -0.964671 -0.000000
vn -0.942939 -0.332966 -0.000000
vn -0.684991 0.728551 0.000000
vn -0.613821 0.789445 -0.000000
vn -0.620156 -0.784479 -0.000000
vn 0.771866 0.630595 0.081071
vn 0.314765 -0.835984 0.449503
vn -0.775927 0.028563 0.630176
vn -0.874383 -0.193689 0.444903
vn 0.643721 -0.612742 0.458443
vn 0.661774 -0.118399 0.740295
vn 0.651005 -0.706483 0.277622
vn 0.634368 0.762312 0.128286
vn 0.993311 -0.057759 0.099983
vn 0.541205 -0.143342 -0.828583
vn -0.015313 0.746948 0.664707
vn 0.785370 0.155016 0.599303
vn -0.741910 0.071003 0.666729
vn 0.685784 0.542917 0.484707
vn -0.358762 -0.065194 0.931150
vn -0.758396 -0.444960 0.476284
vn -0.816449 -0.140913 0.559960
vn -0.942058 -0.242442 0.231836
vn -0.018355 0.168775 0.985484
vn -0.696346 0.074314 0.713849
vn -0.607383 0.774614 0.176236
vn 0.652715 0.024943 0.757193
vn 0.580422 -0.583540 -0.567971
vn 0.861077 0.406901 0.304924
vn 0.146846 0.168108 0.974770
vn 0.831636 0.029263 0.554549
vn 0.502005 0.862758 -0.060323
vn 0.876167 0.263589 0.403550
vn -0.018396 0.916147 0.400420
vn -0.742158 -0.487346 0.460104
vn -0.343046 -0.502895 0.793357
vn 0.698222 0.499344 -0.512974
vn 0.302170 0.132970 -0.943934
vn 0.913949 -0.182113 0.362673
vn 0.556716 -0.479977 0.678004
vn 0.643269 -0.438010 0.627974
vn -0.350793 0.333588 -0.875022
vn 0.260983 0.318449 -0.911306
vn -0.236145 0.971718 0.000000
vn -0.888104 0.459644 0.000000
vn 0.189931 0.786401 -0.587793
vn -0.752869 -0.554134 -0.355140
vn -0.840681 0.341559 -0.420229
vn -0.936017 -0.108542 -0.334801
vn 0.012789 0.634377 -0.772918
vn -0.692172 0.076085 0.717711
vn 0.833402 0.036401 0.551467
vn 0.768286 0.422888 -0.480523
vn 0.612638 0.580640 0.536219
vn -0.200442 0.972108 0.121776
vn 0.142629 -0.634688 0.759492
vn -0.070937 0.230802 0.970411
vn 0.566199 -0.357099 0.742899
vn -0.798575 -0.481898 0.360627
vn 0.006072 0.997958 0.063580
vn -0.866645 -0.066290 0.494502
vn -0.500773 0.865150 -0.027230
vn 0.790389 0.144332 0.595360
vn -0.727150 0.669234 -0.152902
vn 0.800934 -0.378411 0.464015
vn 0.122686 0.778572 0.615446
vn 0.793635 0.583412 -0.172552
vn -0.380664 0.591785 0.710553
vn 0.566199 -0.357099 0.742899
vn 0.142629 -0.634688 0.759492
vn -0.551071 0.097477 0.828745
vn -0.359742 -0.389063 0.848066
vn -0.553479 0.279182 -0.784678
vn -0.446292 0.711331 -0.542983
vn -0.790130 0.028411 0.612280
vn -0.551071 0.097477 0.828745
vn 0.612638 0.580640 0.536219
vn -0.359742 -0.389063 0.848066
vn 0.142629 -0.634688 0.759492
vn 0.061666 0.212599 0.975192
vn 0.580785 -0.311590 0.752064
vn -0.938419 -0.094383 0.332357
vn 0.661321 0.125821 0.739475
vn 0.095393 0.993474 0.062533
vn 0.122686 0.778572 0.615446
vn -0.380664 0.591785 0.710553
vn -0.676804 0.516221 -0.524835
vn -0.571776 0.793075 -0.210010
vn -0.752869 -0.554134 -0.355140
vn -0.211546 -0.851313 -0.480120
vn -0.579068 0.674465 -0.458015
vn -0.571776 0.793075 -0.210010
vn -0.686112 0.603044 -0.406925
vn -0.279222 0.426943 -0.860090
vn -0.185774 0.686826 -0.702679
vn 0.350987 -0.855336 -0.381061
vn -0.453746 0.839511 0.298892
vn 0.833402 0.036401 0.551467
vn -0.241752 0.967475 0.074483
vn 0.002159 -0.115240 0.993335
vn -0.685871 -0.727723 0.000030
vn 0.657863 -0.751064 -0.055854
vn 0.785001 -0.603950 -0.137908
vn 0.052467 0.877954 0.475861
vn 0.999268 0.023711 0.030013
vn 0.046181 -0.930810 0.362574
vn 0.662122 -0.522321 -0.537378
vn -0.272366 0.857361 -0.436748
vn 0.642066 0.764386 -0.058869
vn -0.580587 -0.497906 -0.644212
vn -0.580587 -0.497906 -0.644212
vn 0.412977 0.521767 0.746465
vn -0.979877 0.185258 0.074303
vn -0.987979 0.135872 0.073728
vn -0.572120 0.539472 0.617777
vn -0.686299 -0.727320 -0.000068
vn -0.979902 0.184982 -0.074663
vn 0.864478 -0.403690 -0.299520
vn 0.497092 0.442502 -0.746386
vn -0.656435 -0.678132 0.330500
vn -0.731244 0.113667 0.672578
vn -0.453832 0.630853 0.629334
vn 0.497092 0.442502 -0.746386
vn -0.314243 0.891015 -0.327634
vn 0.642066 0.764386 -0.058869
vn 0.485296 0.514260 0.707124
vn -0.836051 0.337694 -0.432414
vn 0.686583 0.727051 -0.000168
vn 0.501380 0.412823 -0.760392
vn 0.501376 0.412827 -0.760392
vn -0.620480 0.109646 -0.776519
vn 0.468244 -0.414265 0.780469
vn -0.651342 0.281761 -0.704532
vn -0.144985 0.217456 -0.965242
vn -0.094056 -0.099796 -0.990552
vn -0.094056 -0.099796 -0.990552
vn -0.556528 -0.563538 0.610494
vn -0.000865 -0.997466 -0.071144
vn 0.385967 -0.814750 0.432680
vn -0.666587 0.077929 0.741343
vn -0.196060 -0.323206 -0.925796
vn -0.731131 -0.121108 -0.671402
vn -0.009618 0.629925 -0.776597
vn -0.255915 0.853800 -0.453358
vn 0.484144 0.580202 0.654958
vn -0.045741 -0.605582 0.794467
vn -0.470927 0.574807 0.669198
vn -0.018830 0.765835 0.642761
vn 0.052164 0.211313 0.976025
vn -0.470927 0.574807 0.669198
vn 0.668614 0.072761 0.740041
vn 0.484144 0.580202 0.654958
vn 0.027197 -0.927687 0.372368
vn -0.018830 0.765835 0.642761
vn -0.045741 -0.605582 0.794467
vn 0.027197 -0.927687 0.372368
vn -0.485033 -0.514778 0.706928
vn 0.109702 -0.989980 0.088914
vn -0.686296 -0.727322 -0.000066
vn -0.412719 -0.522140 -0.746347
vn -0.002421 0.115458 -0.993310
vn 0.907786 -0.261647 0.327820
vn -0.906562 0.041460 0.420032
vn -0.689453 0.645312 0.328978
vn -0.686296 -0.727322 -0.000066
vn 0.385970 -0.814752 0.432674
vn 0.661802 -0.522076 0.538010
vn -0.598421 0.798961 0.059605
vn 0.000578 0.999996 0.002765
vn 0.958639 -0.277597 0.062857
vn 0.907838 -0.262159 -0.327265
vn -0.369030 0.929417 -0.000155
vn 0.412977 0.521767 0.746465
vn 0.453935 -0.839464 -0.298735
vn 0.002159 -0.115240 0.993335
vn -0.046464 -0.983761 0.173363
vn 0.713494 0.685618 0.144412
vn -0.797177 -0.603317 0.022733
vn -0.094052 -0.099797 -0.990553
vn 0.572464 -0.539901 -0.617083
vn 0.350990 -0.855337 -0.381057
vn -0.907749 0.261395 -0.328124
vn 0.983434 0.118526 -0.137148
vn -0.661811 0.522513 -0.537574
vn 0.821810 -0.235608 0.518766
vn 0.998162 -0.011991 -0.059405
vn 0.497093 0.442501 -0.746386
vn -0.241746 0.967476 0.074485
vn 0.979846 -0.185423 -0.074304
vn -0.685872 -0.727723 0.000031
vn -0.485033 -0.514778 0.706928
vn -0.979901 0.184984 -0.074663
vn 0.684381 0.691463 0.231304
vn 0.718783 -0.675717 0.163580
vn 0.046181 -0.930810 0.362574
vn 0.599305 0.797108 -0.073843
vn 0.412977 0.521766 0.746465
vn 0.907784 -0.261653 0.327819
vn 0.661803 -0.522076 0.538008
vn -0.412719 -0.522140 -0.746346
vn 0.686584 0.727050 -0.000168
vn 0.412977 0.521766 0.746465
vn 0.002164 -0.115240 0.993335
vn -0.560066 0.630799 -0.537046
vn -0.559916 0.630284 0.537807
vn 0.000134 -0.000153 1.000000
vn -0.314247 0.891014 -0.327634
vn 0.497093 0.442501 -0.746386
vn 0.864478 -0.403695 -0.299515
vn -0.979876 0.185262 0.074304
vn 0.572463 -0.539903 -0.617083
vn 0.314274 -0.890944 0.327797
vn -0.484950 -0.514396 0.707263
vn 0.000134 -0.000152 1.000000
vn 0.314280 -0.890944 0.327792
vn 0.109702 -0.989980 0.088914
vn 0.242571 -0.967287 -0.074267
vn -0.686296 -0.727322 -0.000066
vn 0.686583 0.727051 -0.000168
vn -0.686299 -0.727320 -0.000068
vn 0.109695 -0.989981 0.088913
vn -0.485037 -0.514775 0.706928
vn -0.979902 0.184982 -0.074663
vn -0.560065 0.630799 -0.537047
vn -0.559916 0.630286 0.537804
vn 0.958640 -0.277596 0.062857
vn -0.686299 -0.727320 -0.000068
vn 0.560098 -0.630343 0.537548
vn -0.313518 0.890966 0.328460
vn 0.979847 -0.185418 -0.074301
vn 0.958639 -0.277597 0.062857
vn -0.369031 0.929417 -0.000155
vn -0.907797 0.262080 0.327442
vn 0.821812 -0.235604 0.518764
vn -0.369031 0.929417 -0.000155
vn -0.835727 0.337657 0.433067
vn -0.484951 -0.514393 0.707264
vn -0.907797 0.262082 0.327442
vn -0.045741 -0.605582 0.794467
vn -0.436511 -0.289479 0.851857
vn -0.000865 -0.997466 -0.071144
vn 0.468244 -0.414265 0.780469
vn -0.416963 0.608861 -0.674856
vn -0.279388 0.918369 -0.280250
vn 0.638445 -0.567354 0.520094
vn -0.666587 0.077929 0.741343
vn -0.436511 -0.289479 0.851857
vn 0.668614 0.072761 0.740041
vn 0.642068 0.764384 -0.058869
vn -0.686296 -0.727322 -0.000066
vn -0.979901 0.184984 -0.074663
vn 0.485299 0.514255 0.707125
vn -0.836050 0.337695 -0.432414
vn -0.313515 0.890967 0.328461
vn -0.485037 -0.514775 0.706928
vn -0.686299 -0.727320 -0.000068
vn 0.642068 0.764384 -0.058869
vn -0.272363 0.857361 -0.436749
vn -0.580580 -0.497911 -0.644214
vn 0.109695 -0.989981 0.088913
vn 0.958640 -0.277596 0.062857
vn -0.369030 0.929417 -0.000155
vn -0.014742 0.964906 0.262181
vn -0.580580 -0.497911 -0.644214
vn 0.907840 -0.262155 -0.327263
vn 0.560097 -0.630344 0.537548
vn -0.094052 -0.099797 -0.990553
vn -0.046464 -0.983761 0.173363
vn 0.662124 -0.522323 -0.537374
vn 0.002164 -0.115240 0.993335
vn -0.907748 0.261391 -0.328128
vn -0.572121 0.539472 0.617776
vn -0.002420 0.115455 -0.993310
vn -0.453744 0.839513 0.298888
vn -0.661812 0.522511 -0.537575
vn 0.242568 -0.967287 -0.074269
vn -0.835727 0.337657 0.433069
vn 0.686584 0.727050 -0.000168
vn 0.453929 -0.839467 -0.298738
vn 0.587845 0.575588 0.568452
vn 0.049684 0.852516 0.520334
vn 0.136436 -0.989508 -0.047532
vn -0.025364 -0.972542 0.231339
vn -0.086619 0.921198 0.379330
vn 0.138837 0.990059 0.022512
vn 0.130639 -0.566908 0.813357
vn -0.459887 0.573472 0.677963
vn 0.756502 0.066964 0.650554
vn -0.675366 -0.714713 -0.181841
vn -0.639425 -0.768779 -0.010680
vn 0.515750 -0.289292 0.806419
vn 0.980602 0.154237 0.120959
vn 0.791427 -0.608190 0.061219
vn -0.594810 0.796665 -0.107361
vn 0.568220 0.659230 0.492485
vn 0.136436 -0.989508 -0.047532
vn 0.564715 -0.625524 0.538346
vn -0.700716 0.711169 0.056884
vn -0.083351 0.826344 0.556964
vn -0.070953 -0.866325 0.494415
vn 0.430329 -0.423017 0.797417
vn 0.453129 0.109617 0.884680
vn 0.300328 -0.336418 0.892539
vn -0.826834 0.143967 0.543709
vn -0.181799 -0.611723 0.769899
vn -0.070953 -0.866325 0.494415
vn -0.181799 -0.611723 0.769899
vn -0.025364 -0.972542 0.231339
vn -0.690441 0.713136 0.121361
vn 0.474271 0.171172 0.863578
vn -0.741155 -0.659914 0.123299
vn 0.988123 0.142534 -0.057425
vn 0.606774 0.794667 -0.018169
vn -0.181799 -0.611723 0.769899
vn 0.300328 -0.336418 0.892539
vn -0.667921 0.722562 0.178288
vn 0.000515 0.999996 0.002818
vn 0.725112 0.633061 0.271009
vn -0.739726 -0.404290 0.537917
vn -0.999471 0.027466 0.017398
vn 0.942103 0.025784 0.334330
vn -0.987913 0.153278 -0.023113
vn 0.057423 0.959143 0.277032
vn -0.598988 0.800742 0.005085
vn 0.687979 -0.675669 0.264871
vn -0.695612 -0.716147 -0.057071
vn 0.125713 -0.989407 -0.072589
vn 0.011931 -0.990211 0.139071
vn 0.788468 -0.609844 -0.080048
vn -0.610422 0.730941 0.305140
vn 0.033884 0.878178 0.477132
vn 0.806732 0.093784 0.583428
vn -0.614224 0.097474 0.783088
vn 0.130639 -0.566908 0.813357
vn 0.058492 0.213962 0.975089
vn 0.515750 -0.289292 0.806419
vn 0.130639 -0.566908 0.813357
vn 0.854146 -0.022650 0.519540
vn 0.699629 0.706684 0.105442
vn -0.383649 -0.385396 0.839216
vn -0.986051 -0.033174 -0.163102
vn -0.967574 0.152738 -0.201177
vn 0.453129 0.109617 0.884680
vn -0.655133 0.603442 0.454597
vn 0.306720 0.540576 0.783390
vn -0.142042 0.758586 0.635902
vn 0.280307 0.555195 0.783063
vn -0.996549 0.025129 -0.079110
vn -0.826834 0.143967 0.543709
vn -0.739726 -0.404290 0.537917
vn -0.091037 0.212719 0.972863
vn -0.655133 0.603442 0.454597
vn -0.142042 0.758586 0.635902
vn 0.306720 0.540576 0.783390
vn -0.685471 -0.726988 0.040214
vn 0.125713 -0.989407 -0.072589
vn -0.965051 0.060640 0.254948
vn 0.529266 0.596761 0.603120
vn 0.011931 -0.990211 0.139071
vn -0.667977 -0.646936 0.367806
vn -0.636782 0.756869 0.147164
vn -0.001806 0.999209 -0.039727
vn -0.916510 0.104356 0.386160
vn 0.958516 -0.043396 0.281716
vn -0.005495 -0.924851 0.380289
vn 0.789500 -0.610425 -0.063806
vn 0.640812 -0.311036 0.701867
vn 0.988338 0.135775 -0.068945
vn 0.055383 0.980377 0.189193
vn 0.028466 0.951249 0.307107
vn 0.560230 0.640146 0.525696
vn -0.324683 -0.313934 0.892203
vn -0.703397 -0.710316 -0.026149
vn -0.639815 -0.559792 0.526564
vn 0.661619 -0.626145 0.412557
vn -0.625937 -0.715788 0.309599
vn 0.566624 -0.422279 0.707543
vn 0.025212 -0.739619 0.672553
vn 0.128692 -0.990826 -0.041259
vn -0.020604 0.812307 0.582866
vn -0.038829 -0.495981 0.867465
vn 0.427761 -0.333038 0.840302
vn 0.062565 0.987133 0.147152
vn 0.427761 -0.333038 0.840302
vn 0.600253 0.796712 -0.070332
vn -0.494876 -0.244183 0.833950
vn -0.038829 -0.495981 0.867465
vn -0.038829 -0.495981 0.867465
vn 0.025212 -0.739619 0.672553
vn -0.479988 0.585331 0.653452
vn 0.675229 0.146209 0.722973
vn -0.494876 -0.244183 0.833950
vn -0.706210 -0.707999 -0.002247
vn -0.988679 0.148618 0.020671
vn -0.599822 0.800097 0.007649
vn -0.661421 0.729807 0.172929
vn 0.129135 -0.990240 -0.052434
vn 0.014919 -0.972502 0.232415
vn -0.614874 -0.724966 0.310410
vn -0.969347 -0.001036 0.245695
vn 0.014919 -0.972502 0.232415
vn 0.129135 -0.990240 -0.052434
vn 0.933014 0.121684 0.338642
vn 0.789366 -0.606790 -0.093317
vn 0.713774 -0.678877 0.172200
vn -0.076459 -0.841563 0.534719
vn -0.034557 0.954565 0.295991
vn -0.585938 0.738575 0.333442
vn -0.855339 0.190279 0.481860
vn -0.691201 -0.460306 0.557099
vn -0.459887 0.573472 0.677963
vn 0.049684 0.852516 0.520334
vn 0.587845 0.575588 0.568452
vn 0.730698 0.606809 0.312830
vn 0.603713 0.795249 -0.055773
vn -0.678068 0.734009 0.038148
vn -0.600373 0.799298 -0.025978
vn 0.139216 -0.518603 0.843605
vn 0.128692 -0.990826 -0.041259
vn -0.987601 0.154902 -0.025490
vn -0.998412 -0.026631 0.049633
vn -0.005495 -0.924851 0.380289
vn 0.729098 0.114790 0.674714
vn -0.561064 0.185076 0.806817
vn -0.020604 0.812307 0.582866
vn 0.052164 0.211315 0.976025
vn -0.479988 0.585331 0.653452
vn 0.430871 0.639237 0.636967
vn -0.561064 0.185076 0.806817
vn 0.430871 0.639237 0.636967
vn 0.675229 0.146209 0.722973
vn 0.781359 0.609413 0.134513
vn 0.986521 0.128947 -0.100742
vn 0.994548 -0.072929 0.074539
vn -0.001301 0.999614 -0.027759
vn 0.546893 0.778499 0.307973
vn 0.647637 -0.617312 0.446646
vn -0.614224 0.097474 0.783088
vn 0.756502 0.066964 0.650554
vn -0.076459 -0.841563 0.534719
vn -0.383649 -0.385396 0.839216
vn -0.247039 0.560704 0.790305
vn -0.515992 -0.724818 -0.456499
vn 0.133141 0.758533 0.637889
vn 0.714535 0.697789 0.050294
vn -0.706460 0.706890 0.034936
vn -0.922538 -0.024644 0.385120
vn -0.230570 -0.080322 0.969735
vn -0.325497 0.348447 0.878997
vn -0.651679 -0.412885 0.636271
vn -0.296093 0.454085 0.840319
vn 0.646669 0.599006 0.472240
vn 0.802214 0.137917 0.580889
vn -0.247039 0.560704 0.790305
vn -0.863281 0.458688 0.210595
vn 0.147881 -0.603242 0.783728
vn 0.000000 0.990320 0.138807
vn 0.663434 -0.719196 0.206428
vn 0.050705 -0.930681 0.362301
vn -0.282085 -0.230450 0.931301
vn -0.136278 -0.463735 0.875430
vn -0.434441 0.682653 0.587577
vn 0.918044 -0.395961 -0.020275
vn 0.983284 0.114120 -0.141874
vn -0.988156 0.138860 0.065304
vn -0.557419 -0.092148 -0.825101
vn -0.319939 0.526543 0.787649
vn -0.460297 0.136276 0.877243
vn 0.997327 -0.066101 -0.031130
vn -0.621885 -0.618593 0.480209
vn -0.457784 0.166738 0.873288
vn 0.147881 -0.603242 0.783728
vn 0.711671 -0.405601 0.573595
vn -0.477035 0.672649 0.565668
vn 0.052267 0.941467 0.333028
vn -0.315797 -0.313066 0.895691
vn 0.711671 -0.405601 0.573595
vn 0.147881 -0.603242 0.783728
vn 0.133141 0.758533 0.637889
vn -0.279023 -0.575077 0.769047
vn -0.424719 -0.383583 0.820048
vn -0.918043 -0.395961 -0.020282
vn -0.478482 -0.415064 0.773806
vn -0.150272 0.987936 -0.037418
vn 0.695997 -0.709886 -0.107936
vn -0.140882 -0.989792 -0.021554
vn -0.140882 -0.989792 -0.021554
vn -0.394170 -0.869651 -0.297216
vn -0.129703 -0.120375 0.984219
vn 0.061793 -0.754636 0.653228
vn 0.633374 0.598339 0.490742
vn 0.992774 0.043972 0.111656
vn 0.486959 -0.578852 0.654065
vn -0.097073 0.310511 0.945600
vn -0.000000 -0.998169 -0.060484
vn -0.863281 0.458688 0.210595
vn 0.698145 0.709868 0.093179
vn -0.489070 0.860239 0.144219
vn 0.061793 -0.754636 0.653228
vn 0.712049 -0.597328 0.369032
vn 0.267879 -0.177885 0.946889
vn -0.325497 0.348447 0.878997
vn -0.208263 -0.183640 -0.960678
vn 0.737728 0.155026 0.657057
vn -0.559928 0.167936 0.811343
vn -0.323182 0.644802 0.692664
vn 0.507588 -0.859479 -0.060426
vn 0.964655 0.256807 0.059080
vn 0.977314 0.103221 -0.184941
vn 0.125207 0.829988 0.543547
vn -0.964660 0.256791 0.059064
vn -0.323182 0.644802 0.692664
vn 0.125207 0.829988 0.543547
vn 0.646669 0.599006 0.472240
vn 0.802214 0.137917 0.580889
vn 0.045930 -0.898509 0.436546
vn -0.806241 0.073485 0.587006
vn 0.061667 0.212598 0.975192
vn -0.658532 0.687941 0.305078
vn -0.984343 0.131276 0.117622
vn 0.040624 0.980848 0.190492
vn 0.737728 0.155026 0.657057
vn 0.050705 -0.930681 0.362301
vn 0.685462 -0.710539 -0.158986
vn -0.701818 0.706200 0.093452
vn 0.046544 -0.968491 0.244660
vn 0.590928 -0.782659 -0.195574
vn 0.595419 0.796246 -0.107093
vn -0.315797 -0.313066 0.895691
vn 0.045930 -0.898509 0.436546
vn -0.135768 -0.989523 -0.049106
vn 0.969567 -0.017452 -0.244204
vn -0.457784 0.166738 0.873288
vn -0.655958 0.139961 0.741708
vn 0.633374 0.598339 0.490742
vn 0.267879 -0.177885 0.946889
vn -0.129643 0.991399 0.017933
vn -0.862253 -0.032505 0.505434
vn 0.713565 0.699906 0.030942
vn -0.135455 0.990462 -0.025231
vn -0.796772 -0.602498 0.046381
vn -0.230570 -0.080322 0.969735
vn 0.073451 0.818815 0.569339
vn -0.580469 0.650579 0.489697
vn 0.083562 0.918933 0.385460
vn 0.046544 -0.968491 0.244660
vn -0.794299 -0.604421 0.061349
vn -0.571009 -0.606560 0.553203
vn 0.139216 -0.518603 0.843605
vn -0.246949 -0.952064 0.180528
vn -0.794421 -0.307543 0.523748
vn 0.640812 -0.311036 0.701867
vn -0.135768 -0.989523 -0.049106
vn 0.061666 0.212599 0.975192
vn 0.918317 -0.115211 -0.378708
vn -0.099933 -0.140035 0.985091
vn 0.593946 0.797116 -0.108790
vn 0.733036 0.676726 0.068558
vn -0.559928 0.167936 0.811343
vn -0.507579 -0.859484 -0.060432
vn 0.139216 -0.518603 0.843605
vn -0.324683 -0.313934 0.892203
vn 0.668013 -0.736242 -0.108196
vn 0.220677 0.153856 -0.963136
vn -0.239036 0.232804 -0.942690
vn 0.826053 -0.553062 0.108440
vn 0.773353 -0.052681 -0.631783
vn -0.630110 0.463242 -0.623193
vn -0.220351 0.508822 -0.832193
vn 0.220677 0.153856 -0.963136
vn -0.243153 0.541606 -0.804699
vn -0.357255 0.150270 -0.921839
vn -0.266755 -0.000495 -0.963764
vn -0.572452 0.258487 -0.778128
vn -0.304399 0.845946 -0.437854
vn 0.717876 -0.455174 -0.526754
vn 0.826053 -0.553062 0.108440
vn -0.213266 0.468643 -0.857258
vn 0.773353 -0.052681 -0.631783
vn -0.134533 0.454650 -0.880451
vn -0.439397 0.478483 -0.760253
vn -0.574902 0.464566 -0.673547
vn -0.745443 -0.643946 0.172186
vn -0.654495 -0.503982 -0.563594
vn 0.060652 -0.957714 0.281257
vn 0.902917 -0.365987 0.225374
vn 0.896444 -0.357019 0.262538
vn 0.941005 -0.330370 -0.073250
vn 0.040141 -0.069732 0.996758
vn 0.878325 -0.433163 0.202274
vn -0.461707 -0.341042 -0.818851
vn -0.978557 0.140460 0.150655
vn -0.385437 0.145446 -0.911199
vn -0.983846 0.177297 0.024775
vn -0.659216 -0.438208 0.611072
vn 0.885216 -0.373201 0.277694
vn 0.941005 -0.330370 -0.073250
vn 0.898876 -0.372285 0.231140
vn -0.886858 -0.105672 0.449795
vn 0.851235 -0.028523 -0.524008
vn -0.005708 -0.938081 0.346369
vn -0.156496 -0.529951 0.833463
vn 0.000946 -0.480064 0.877233
vn -0.394170 -0.869651 -0.297216
vn 0.015938 -0.092632 0.995573
vn 0.409167 0.064299 0.910191
vn -0.002730 -0.562418 0.826848
vn -0.042207 -0.456019 0.888969
vn -0.285043 -0.478918 0.830294
vn -0.246949 -0.952064 0.180528
vn 0.113222 -0.309820 0.944030
vn -0.053876 -0.428033 0.902156
vn -0.246949 -0.952064 0.180528
vn -0.978557 0.140460 0.150655
vn -0.246949 -0.952064 0.180528
vn -0.113253 -0.488411 0.865233
vn -0.239036 0.232804 -0.942690
vn 0.220677 0.153856 -0.963136
vn -0.132529 0.419868 -0.897857
vn 0.773353 -0.052681 -0.631783
vn 0.001715 0.491222 -0.871033
vn -0.316088 0.521349 -0.792643
vn -0.266755 -0.000495 -0.963764
vn -0.028831 0.406476 -0.913207
vn -0.886858 -0.105672 0.449795
vn -0.659216 -0.438208 0.611072
vn 0.202517 -0.856170 0.475352
vn 0.779052 -0.470773 -0.414067
vn 0.890367 -0.391737 0.231926
vn 0.795770 0.037824 -0.604416
vn 0.202517 -0.856170 0.475352
vn 0.202517 -0.856170 0.475352
vn 0.520931 0.196193 -0.830746
vn -0.349689 0.073051 0.934013
vn -0.285043 -0.478918 0.830294
vn -0.745443 -0.643946 0.172186
vn -0.058192 -0.455399 0.888384
vn -0.659216 -0.438208 0.611072
vn 0.796687 -0.546755 0.257581
vn -0.041792 -0.453299 0.890378
vn -0.983846 0.177297 0.024775
vn -0.050575 -0.432577 0.900177
vn 0.202517 -0.856170 0.475352
vn 0.158186 -0.477343 -0.864362
vn 0.793642 0.091981 -0.601392
vn -0.952143 0.250714 0.174834
vn -0.759168 0.127625 0.638260
vn -0.999725 -0.000916 0.023441
vn -0.117895 0.456386 -0.881937
vn -0.827564 0.438291 -0.350770
vn -0.821313 0.178331 0.541888
vn 0.108079 0.608695 -0.786008
vn -0.914913 0.321548 0.244012
vn 0.130363 0.426399 -0.895092
vn -0.297690 -0.925825 0.232871
vn -0.766960 -0.579894 0.274764
vn 0.457847 -0.550320 0.698229
vn -0.806524 0.538722 -0.243513
vn -0.070805 0.575281 -0.814886
vn 0.380643 -0.924317 -0.027374
vn -0.991458 -0.123390 -0.042269
vn -0.566621 0.496425 -0.657650
vn -0.741951 0.388187 -0.546644
vn -0.966582 0.256320 -0.004458
vn 0.088538 0.467939 0.879315
vn -0.794421 -0.307543 0.523748
vn -0.910641 0.410502 0.047136
vn -0.798253 0.496319 0.341262
vn 0.289668 0.219867 0.931532
vn -0.805276 -0.577020 0.136300
vn -0.952143 0.250714 0.174834
vn -0.875940 0.440687 -0.196276
vn -0.808363 -0.083571 0.582722
vn -0.186579 -0.708459 0.680643
vn -0.808363 -0.083571 0.582722
vn -0.870225 -0.478019 0.119191
vn 0.060652 -0.957714 0.281257
vn -0.931869 -0.086665 -0.352293
vn -0.620215 -0.650629 0.438196
vn -0.990890 -0.134658 0.002050
vn -0.999725 -0.000916 0.023441
vn 0.144894 0.366920 0.918899
vn -0.799991 -0.527619 0.285715
vn -0.314069 -0.667251 0.675379
vn -0.961941 0.187481 -0.198799
vn -0.877172 0.384828 -0.287188
vn -0.086809 0.148068 -0.985160
vn -0.156496 -0.529951 0.833463
vn 0.015938 -0.092632 0.995573
vn -0.461707 -0.341042 -0.818851
vn -0.542944 0.626848 -0.558815
vn -0.743559 0.172768 0.645965
vn 0.795770 0.037824 -0.604416
vn 0.520931 0.196193 -0.830746
vn 0.040141 -0.069732 0.996758
vn -0.953369 0.301579 0.011735
vn -0.698470 0.102556 0.708253
vn -0.877026 0.235660 0.418677
vn -0.934288 0.271820 0.230694
vn -0.349689 0.073051 0.934013
vn -0.919203 0.301614 0.253168
vn -0.933829 0.309652 0.179104
vn -0.913341 0.377202 -0.153383
vn 0.043649 0.502878 -0.863254
vn -0.974886 0.125335 0.184086
vn -0.639968 0.579240 -0.504898
vn -0.461707 -0.341042 -0.818851
vn -0.810085 0.428129 -0.400584
vn 0.717876 -0.455174 -0.526754
vn -0.233128 0.363400 0.901993
vn 0.061587 0.149521 0.986839
vn -0.757976 0.398601 0.516323
vn 0.851235 -0.028523 -0.524008
vn -0.543718 0.451257 0.707628
vn -0.156496 -0.529951 0.833463
vn -0.487350 0.462395 -0.740730
vn -0.965772 0.258402 0.022631
vn -0.766960 -0.579894 0.274764
vn -0.999725 -0.000916 0.023441
vn -0.443289 -0.062214 0.894217
vn -0.493627 0.271276 -0.826282
vn -0.948155 -0.050064 0.313840
vn 0.786110 0.062332 -0.614936
vn -0.870225 -0.478019 0.119191
vn -0.465544 0.410666 0.783979
vn -0.484987 0.431104 0.760879
vn -0.610881 0.066362 0.788937
vn -0.972966 -0.046228 -0.226273
vn 0.033692 -0.017945 0.999271
vn 0.325529 0.093537 0.940894
vn -0.086809 0.148068 -0.985160
vn -0.117895 0.456386 -0.881937
vn -0.661417 -0.594753 0.456942
vn 0.436755 0.180787 0.881227
vn -0.864589 0.308730 -0.396450
vn -0.806241 0.073485 0.587006
vn -0.442279 0.418244 -0.793386
vn -0.297690 -0.925825 0.232871
vn -0.305808 -0.084685 0.948320
vn -0.967846 -0.115480 -0.223467
vn -0.863281 0.458688 0.210595
vn 0.043940 -0.283586 0.957940
vn 0.380643 -0.924317 -0.027374
vn -0.803831 0.019471 0.594540
vn -0.970212 0.210840 0.119309
vn -0.941581 0.296557 -0.159623
vn -0.687614 0.496270 0.530003
vn -0.005708 -0.938081 0.346369
vn -0.930175 0.230284 -0.285910
vn -0.918422 0.357449 0.169504
vn -0.990890 -0.134658 0.002050
vn -0.898759 0.396753 -0.186600
vn -0.046024 0.032876 0.998399
vn -0.818400 -0.115788 0.562863
vn -0.927799 0.339510 -0.154668
vn -0.981582 0.167134 0.092534
vn -0.570214 0.459760 -0.680791
vn -0.683724 0.499552 0.531949
vn -0.115868 0.174406 0.977833
vn -0.808363 -0.083571 0.582722
vn -0.938619 0.124436 -0.321730
vn -0.811246 0.436641 -0.388876
vn -0.956650 0.057054 -0.285598
vn -0.537633 0.371595 -0.756881
vn -0.830681 0.392049 -0.395306
vn -0.803831 0.019471 0.594540
vn 0.097970 -0.440484 0.892399
vn 0.954519 -0.146295 -0.259791
vn -0.475986 -0.145527 -0.867329
vn 0.954519 -0.146295 -0.259791
vn 0.989486 -0.143416 -0.018701
vn -0.554078 -0.054777 -0.830661
vn 0.129214 -0.414901 0.900645
vn 0.618143 -0.131926 0.774916
vn 0.923777 -0.380668 -0.041557
vn 0.710322 -0.165097 0.684241
vn 0.281767 0.349791 0.893450
vn -0.468859 -0.099729 -0.877625
vn -0.558690 -0.150326 -0.815639
vn -0.493408 -0.758109 0.426404
vn 0.240034 0.460923 0.854362
vn 0.955590 -0.294617 0.006937
vn 0.517614 -0.753321 -0.405689
vn 0.710339 -0.385783 -0.588719
vn 0.724696 -0.185023 0.663764
vn 0.731146 -0.264785 -0.628740
vn 0.108934 -0.244394 -0.963538
vn 0.825996 -0.157383 0.541259
vn 0.803894 -0.200366 0.560007
vn 0.562976 0.202738 0.801221
vn -0.820291 -0.552004 -0.149710
vn 0.779052 -0.470773 -0.414067
vn 0.778071 -0.042586 0.626731
vn 0.158186 -0.477343 -0.864362
vn 0.796964 -0.202079 0.569221
vn 0.017078 0.639016 0.769004
vn -0.287723 0.440666 0.850311
vn -0.629009 -0.140789 -0.764543
vn -0.434441 0.682653 0.587577
vn -0.585284 -0.362195 -0.725436
vn 0.694978 -0.370378 -0.616300
vn -0.425254 -0.133820 -0.895126
vn 0.936139 -0.350481 0.028415
vn -0.102502 -0.641264 -0.760443
vn 0.057967 -0.432645 -0.899699
vn -0.511828 -0.182278 -0.839528
vn -0.297501 -0.150834 -0.942731
vn 0.948333 -0.247658 -0.198319
vn -0.787227 -0.147859 -0.598674
vn 0.919314 -0.158162 0.360342
vn 0.989486 -0.143416 -0.018701
vn 0.951702 -0.306647 0.015220
vn 0.831724 -0.187192 0.522680
vn 0.963270 -0.257869 0.074927
vn 0.963270 -0.257869 0.074927
vn -0.908644 -0.349624 -0.228319
vn 0.118887 -0.054296 -0.991422
vn -0.454378 -0.170772 -0.874287
vn -0.457107 -0.156114 -0.875604
vn -0.547415 -0.193436 -0.814198
vn -0.612680 0.008834 -0.790282
vn 0.744617 -0.083080 -0.662302
vn 0.948333 -0.247658 -0.198319
vn -0.289940 -0.208767 0.933997
vn -0.738900 -0.540152 -0.402819
vn 0.577714 -0.090202 -0.811240
vn 0.699718 -0.073065 0.710673
vn 0.156761 -0.334159 -0.929389
vn 0.811367 -0.259629 0.523715
vn 0.680675 -0.405938 -0.609833
vn 0.923777 -0.380668 -0.041557
vn 0.486029 -0.164351 0.858350
vn -0.165524 0.807857 0.565657
vn -0.510956 -0.125698 -0.850367
vn -0.495162 0.625104 0.603374
vn -0.136990 0.004471 0.990562
vn 0.394860 -0.064481 0.916476
vn -0.434241 -0.187502 -0.881066
vn 0.810768 -0.166644 0.561145
vn -0.390109 -0.148392 -0.908732
vn 0.955590 -0.294617 0.006937
vn 0.936139 -0.350481 0.028415
vn 0.486959 -0.578852 0.654065
vn 0.041986 -0.166798 0.985097
vn 0.951702 -0.306647 0.015220
vn -0.484987 0.431104 0.760879
vn -0.372168 0.374176 0.849401
vn -0.316665 -0.151807 -0.936311
vn 0.517875 -0.241190 0.820751
vn 0.127435 -0.322817 -0.937843
vn 0.432167 -0.177912 0.884069
vn -0.009102 0.007778 -0.999928
vn -0.099433 -0.180548 0.978527
vn 0.895404 0.340221 -0.287231
vn 0.222068 0.782230 -0.582068
vn -0.153135 0.878593 -0.452353
vn -0.478103 0.180299 -0.859599
vn -0.859532 0.193173 -0.473169
vn -0.724978 0.042507 -0.687459
vn 0.762753 0.086629 -0.640862
vn 0.920776 -0.251131 -0.298506
vn 0.494683 0.360363 -0.790839
vn 0.908626 -0.304609 0.285678
vn 0.531320 -0.296263 0.793679
vn -0.841754 0.131674 0.523557
vn 0.964729 -0.219120 -0.145895
vn 0.904342 -0.301617 0.301982
vn 0.964729 -0.219120 -0.145895
vn -0.961237 0.275563 -0.009420
vn -0.894908 -0.012228 0.446083
vn 0.132041 0.088026 -0.987328
vn 0.958768 0.255556 0.124322
vn 0.959589 0.268228 0.085102
vn 0.099723 0.111589 -0.988738
vn 0.883274 0.274752 0.379919
vn 0.886041 0.460522 0.053388
vn 0.739679 -0.052532 -0.670907
vn -0.945292 0.325906 -0.014438
vn 0.246201 -0.228124 0.941990
vn -0.408080 0.037197 0.912188
vn 0.862784 0.490011 -0.124469
vn 0.886041 0.460522 0.053388
vn 0.430463 -0.176508 0.885181
vn -0.990630 0.012389 -0.136008
vn -0.897912 -0.437476 -0.048670
vn -0.596790 -0.399243 0.696022
vn -0.800389 0.271610 0.534421
vn -0.525461 0.772125 -0.357371
vn -0.616792 0.736603 0.277457
vn -0.708569 0.513397 -0.484101
vn 0.980223 -0.138700 -0.141154
vn 0.827640 -0.068776 -0.557030
vn 0.410870 0.507497 -0.757386
vn 0.213986 0.379208 -0.900229
vn -0.427948 -0.070236 0.901070
vn 0.959589 0.268228 0.085102
vn 0.191326 0.585109 -0.788062
vn -0.966273 0.256301 0.025026
vn 0.891881 0.217227 -0.396688
vn 0.965842 0.258887 0.011216
vn 0.808819 -0.220418 0.545185
vn 0.920776 -0.251131 -0.298506
vn -0.812435 0.324069 -0.484694
vn 0.958768 0.255556 0.124322
vn -0.683372 0.316520 -0.657889
vn -0.194173 0.592690 -0.781674
vn -0.836989 0.207061 0.506533
vn 0.851267 0.472527 0.228172
vn -0.467944 0.301680 -0.830673
vn -0.173792 -0.075685 0.981870
vn -0.584283 0.645004 -0.492527
vn 0.429872 -0.245969 0.868740
vn -0.349327 0.351201 -0.868694
vn -0.424805 0.413705 -0.805225
vn -0.820144 0.382313 -0.425676
vn -0.919280 0.393036 0.021168
vn -0.761219 0.640753 0.099900
vn -0.854872 0.432132 -0.287151
vn 0.741943 0.198404 0.640435
vn -0.641882 -0.050615 0.765131
vn 0.510680 0.670785 -0.537823
vn 0.652877 -0.244917 -0.716776
vn 0.900652 -0.185084 0.393155
vn -0.801668 0.462616 0.378569
vn -0.884694 0.361589 -0.294229
vn -0.932870 0.347166 0.096076
vn -0.752984 0.656894 0.038811
vn -0.590271 0.292190 0.752466
vn 0.980223 -0.138700 -0.141154
vn 0.971130 -0.192081 0.141465
vn 0.965842 0.258887 0.011216
vn 0.346903 -0.022753 0.937625
vn -0.372486 -0.013323 0.927942
vn -0.897342 -0.011309 0.441191
vn -0.999370 0.006833 -0.034824
vn -0.614366 0.774354 -0.151428
vn -0.848733 0.444276 0.286830
vn 0.349111 0.249177 0.903345
vn 0.920108 0.331560 -0.208495
vn 0.661578 0.383443 -0.644428
vn 0.327779 -0.528241 0.783277
vn 0.654555 -0.366244 -0.661380
vn -0.764745 -0.551426 -0.333308
vn -0.899923 0.378626 -0.216288
vn -0.485431 -0.171089 0.857371
vn -0.200673 -0.333342 0.921202
vn -0.200673 -0.333342 0.921202
vn 0.110939 -0.967903 -0.225512
vn 0.251189 -0.967480 -0.029759
vn 0.731030 0.661746 -0.166394
vn -0.637871 0.550321 0.538765
vn 0.797794 0.228957 0.557767
vn 0.316354 0.934187 -0.164972
vn -0.202432 0.948287 -0.244485
vn -0.165575 0.852874 0.495168
vn 0.320004 -0.323011 0.890652
vn 0.940605 -0.334055 0.060577
vn 0.528768 -0.072289 -0.845682
vn 0.750160 -0.134079 -0.647520
vn -0.133227 0.255559 -0.957570
vn 0.528768 -0.072289 -0.845682
vn 0.509065 -0.365705 -0.779174
vn 0.495252 -0.852544 0.167016
vn 0.345003 -0.937675 -0.041694
vn 0.760147 0.300068 -0.576312
vn 0.931690 0.205830 0.299312
vn -0.485431 -0.171089 0.857371
vn -0.533667 -0.560020 0.633702
vn -0.664251 -0.049608 0.745862
vn 0.935184 0.209784 0.285344
vn 0.765184 0.283088 0.578234
vn 0.589664 0.380460 -0.712423
vn -0.202432 0.948287 -0.244485
vn 0.760147 0.300068 -0.576312
vn 0.989494 0.010882 0.144163
vn 0.750160 -0.134079 -0.647520
vn 0.509065 -0.365705 -0.779174
vn 0.275147 -0.840645 0.466487
vn 0.613308 -0.787597 -0.059527
vn -0.126955 0.170659 -0.977117
vn -0.636087 -0.761759 0.122950
vn 0.422337 -0.814764 -0.397230
vn 0.446972 -0.542315 0.711414
vn -0.533667 -0.560020 0.633702
vn 0.428520 -0.830477 -0.355921
vn 0.224592 -0.399521 -0.888786
vn 0.224592 -0.399521 -0.888786
vn 0.656817 -0.571462 0.491958
vn 0.380753 -0.911910 -0.153125
vn 0.728127 0.316367 -0.608065
vn -0.190821 -0.264637 -0.945280
vn -0.881974 0.025611 0.470601
vn -0.664251 -0.049608 0.745862
vn 0.599312 -0.105607 -0.793519
vn 0.941938 -0.331645 -0.052573
vn 0.247602 -0.960617 0.126130
vn -0.170522 0.132861 -0.976356
vn -0.263351 0.260100 -0.928975
vn 0.366948 -0.704410 0.607582
vn 0.110939 -0.967903 -0.225512
vn 0.599312 -0.105607 -0.793519
vn 0.405796 -0.866731 -0.290011
vn 0.357234 -0.774266 -0.522394
vn -0.992821 0.040469 -0.112554
vn 0.415809 -0.653606 -0.632378
vn 0.731030 0.661746 -0.166394
vn 0.131571 0.678389 -0.722826
vn -0.384704 -0.525889 0.758580
vn 0.509578 -0.786126 -0.349765
vn 0.316354 0.934187 -0.164972
vn 0.865779 -0.496037 0.066133
vn -0.758350 -0.022839 0.651447
vn -0.955917 0.223683 -0.190235
vn 0.654555 -0.366244 -0.661380
vn -0.384704 -0.525889 0.758580
vn 0.867184 -0.493183 0.069005
vn -0.876062 0.351232 -0.330380
vn 0.656817 -0.571462 0.491958
vn 0.352802 -0.894007 -0.276193
vn 0.344628 0.604466 -0.718228
vn 0.743951 0.518678 -0.421321
vn -0.366523 0.121102 -0.922494
vn -0.636087 -0.761759 0.122950
vn -0.417609 -0.606971 -0.676157
vn 0.968220 -0.143746 -0.204664
vn 0.969231 -0.205350 -0.135729
vn 0.521013 -0.323246 0.789973
vt 0.925116 0.754548
vt 0.900747 0.772534
vt 0.838252 0.831271
vt 0.905164 0.775644
vt 0.834753 0.883432
vt 0.917486 0.745030
vt 0.979515 0.770021
vt 0.960059 0.768394
vt 0.891609 0.812877
vt 0.869532 0.823058
vt 0.877934 0.817318
vt 0.903018 0.752435
vt 0.881941 0.806569
vt 0.871385 0.831589
vt 0.819425 0.837706
vt 0.814875 0.845974
vt 0.980226 0.777662
vt 0.813293 0.868548
vt 0.804905 0.848088
vt 0.903133 0.749514
vt 0.797358 0.854444
vt 0.972311 0.782015
vt 0.980378 0.784313
vt 0.789842 0.863856
vt 0.989124 0.742243
vt 0.831800 0.877019
vt 0.829024 0.879884
vt 0.976297 0.779002
vt 0.966920 0.775739
vt 0.973353 0.773555
vt 0.975083 0.742012
vt 0.808608 0.875339
vt 0.804943 0.859894
vt 0.984868 0.779575
vt 0.987053 0.770134
vt 0.821794 0.860007
vt 0.816093 0.852403
vt 0.800774 0.870580
vt 0.978544 0.761940
vt 0.976246 0.751267
vt 0.816722 0.864094
vt 0.810366 0.855651
vt 0.954882 0.761743
vt 0.950370 0.758142
vt 0.989742 0.760668
vt 0.968554 0.764370
vt 0.957639 0.745452
vt 0.987803 0.752745
vt 0.963753 0.754496
vt 0.912553 0.765675
vt 0.916886 0.759511
vt 0.909330 0.755553
vt 0.900149 0.759674
vt 0.894712 0.767464
vt 0.878635 0.812039
vt 0.826073 0.870794
vt 0.822160 0.875064
vt 0.849931 0.831672
vt 0.871863 0.803168
vt 0.860971 0.799542
vt 0.858479 0.831828
vt 0.906838 0.762776
vt 0.856830 0.823552
vt 0.889387 0.719742
vt 0.855612 0.758426
vt 0.882358 0.729294
vt 0.867328 0.754114
vt 0.871258 0.724168
vt 0.881152 0.721242
vt 0.901729 0.746925
vt 0.868712 0.815846
vt 0.882819 0.735440
vt 0.859902 0.767462
vt 0.892306 0.735176
vt 0.873857 0.767711
vt 0.891513 0.727259
vt 0.862342 0.773346
vt 0.871476 0.730012
vt 0.872951 0.743377
vt 0.893714 0.762913
vt 0.845698 0.813703
vt 0.877726 0.774282
vt 0.865618 0.779935
vt 0.871838 0.736230
vt 0.884368 0.770258
vt 0.874820 0.751702
vt 0.846158 0.805857
vt 0.886630 0.790331
vt 0.877275 0.759295
vt 0.880206 0.764924
vt 0.887600 0.750516
vt 0.899432 0.715309
vt 0.905817 0.717251
vt 0.890096 0.785333
vt 0.900295 0.780826
vt 0.848626 0.794815
vt 0.914621 0.734107
vt 0.913959 0.721914
vt 0.886781 0.815678
vt 0.885977 0.818688
vt 0.893331 0.788422
vt 0.846002 0.822332
vt 0.886525 0.784474
vt 0.851516 0.796776
vt 0.892258 0.819309
vt 0.895283 0.778246
vt 0.888607 0.826081
vt 0.890382 0.775259
vt 0.869857 0.810555
vt 0.886126 0.822542
vt 0.877347 0.823459
vt 0.878620 0.830049
vt 0.857239 0.785008
vt 0.847602 0.791730
vt 0.865265 0.725670
vt 0.871056 0.761750
vt 0.892416 0.742989
vt 0.884064 0.743598
vt 0.857200 0.808347
vt 0.856164 0.814001
vt 0.866029 0.737082
vt 0.866852 0.743624
vt 0.855846 0.729946
vt 0.857153 0.741661
vt 0.865689 0.731451
vt 0.857962 0.737123
vt 0.828663 0.724653
vt 0.900378 0.711702
vt 0.906672 0.708766
vt 0.918172 0.692070
vt 0.834366 0.725997
vt 0.890976 0.681678
vt 0.890002 0.686699
vt 0.885319 0.698200
vt 0.897460 0.682227
vt 0.905702 0.681143
vt 0.893775 0.693885
vt 0.904026 0.689901
vt 0.901021 0.696452
vt 0.895863 0.688721
vt 0.912598 0.703558
vt 0.800882 0.740063
vt 0.851486 0.780022
vt 0.852964 0.736082
vt 0.841522 0.726030
vt 0.846112 0.761483
vt 0.832429 0.712364
vt 0.887824 0.692204
vt 0.836494 0.740368
vt 0.890687 0.701318
vt 0.897477 0.705605
vt 0.894234 0.754627
vt 0.857672 0.733719
vt 0.834002 0.760370
vt 0.847979 0.771681
vt 0.842372 0.715894
vt 0.823126 0.719141
vt 0.839113 0.733188
vt 0.818840 0.724865
vt 0.813707 0.730980
vt 0.887395 0.755615
vt 0.889342 0.759699
vt 0.314914 0.256864
vt 0.327965 0.262767
vt 0.467397 0.272040
vt 0.466961 0.279627
vt 0.466489 0.287245
vt 0.378539 0.275521
vt 0.417093 0.281400
vt 0.397705 0.278961
vt 0.344203 0.267833
vt 0.829496 0.824307
vt 0.772237 0.845143
vt 0.803596 0.819499
vt 0.811987 0.829351
vt 0.737597 0.367366
vt 0.829790 0.803852
vt 0.832756 0.789419
vt 0.809943 0.760143
vt 0.682658 0.318616
vt 0.687739 0.360219
vt 0.752346 0.386232
vt 0.723937 0.360772
vt 0.788974 0.846313
vt 0.974324 0.717476
vt 0.767344 0.377309
vt 0.733300 0.377399
vt 0.754977 0.397537
vt 0.718838 0.372157
vt 0.792239 0.777683
vt 0.780809 0.834434
vt 0.824345 0.750986
vt 0.834868 0.715000
vt 0.876375 0.685200
vt 0.873473 0.690226
vt 0.832466 0.749607
vt 0.831174 0.732198
vt 0.821762 0.792324
vt 0.829207 0.366980
vt 0.656529 0.310639
vt 0.667749 0.316329
vt 0.673403 0.310315
vt 0.678649 0.323997
vt 0.837544 0.716927
vt 0.791403 0.752560
vt 0.885344 0.681238
vt 0.830981 0.757364
vt 0.686728 0.333441
vt 0.689289 0.329329
vt 0.695027 0.346225
vt 0.768958 0.386687
vt 0.884563 0.685822
vt 0.871933 0.685873
vt 0.780695 0.755594
vt 0.776502 0.782811
vt 0.779628 0.860828
vt 0.801378 0.839830
vt 0.792315 0.827355
vt 0.798254 0.754073
vt 0.992906 0.709070
vt 0.987865 0.696320
vt 0.765095 0.787271
vt 0.765812 0.771403
vt 0.819998 0.764449
vt 0.963797 0.690239
vt 0.829249 0.778621
vt 0.818193 0.802162
vt 0.811238 0.812160
vt 0.724569 0.377019
vt 0.717043 0.364995
vt 0.733421 0.385321
vt 0.722273 0.385036
vt 0.715070 0.379864
vt 0.875710 0.682171
vt 0.838606 0.711644
vt 0.882601 0.690486
vt 0.812433 0.364190
vt 0.813441 0.373409
vt 0.779110 0.380117
vt 0.761430 0.855481
vt 0.815087 0.777154
vt 0.805651 0.775699
vt 0.958978 0.679289
vt 0.826400 0.813473
vt 0.732098 0.359156
vt 0.997764 0.719619
vt 0.659565 0.299272
vt 0.687868 0.346022
vt 0.809126 0.740503
vt 0.201453 0.590748
vt 0.242159 0.525342
vt 0.265226 0.502342
vt 0.142534 0.190925
vt 0.815526 0.747816
vt 0.087373 0.288924
vt 0.131356 0.206760
vt 0.244567 0.525218
vt 0.129215 0.247330
vt 0.144123 0.216345
vt 0.248833 0.490012
vt 0.262163 0.485278
vt 0.230050 0.545976
vt 0.196513 0.589929
vt 0.755150 0.771726
vt 0.747890 0.794645
vt 0.828081 0.738625
vt 0.825652 0.729433
vt 0.826727 0.377583
vt 0.779255 0.171449
vt 0.784412 0.167755
vt 0.800742 0.169071
vt 0.908399 0.161878
vt 0.808418 0.153754
vt 0.930978 0.092876
vt 0.821753 0.736768
vt 0.908789 0.138477
vt 0.907543 0.208515
vt 0.916541 0.190293
vt 0.811533 0.167339
vt 0.828128 0.169397
vt 0.932238 0.059920
vt 0.801721 0.169364
vt 0.797166 0.168506
vt 0.801894 0.166940
vt 0.918052 0.180666
vt 0.895058 0.179385
vt 0.808670 0.173830
vt 0.926029 0.195841
vt 0.917925 0.032095
vt 0.936447 0.072433
vt 0.919677 0.030219
vt 0.939748 0.072393
vt 0.905349 0.227858
vt 0.894961 0.165839
vt 0.824971 0.188338
vt 0.858010 0.197936
vt 0.891214 0.227080
vt 0.893546 0.216999
vt 0.909369 0.065034
vt 0.870494 0.205486
vt 0.904309 0.032960
vt 0.928611 0.174166
vt 0.930011 0.184308
vt 0.930473 0.128299
vt 0.910764 0.226357
vt 0.941452 0.128955
vt 0.937178 0.099620
vt 0.926917 0.145521
vt 0.938185 0.146998
vt 0.965786 0.075329
vt 0.958713 0.183341
vt 0.794905 0.373209
vt 0.965674 0.094675
vt 0.943751 0.237403
vt 0.963380 0.113214
vt 0.947389 0.218482
vt 0.964007 0.133022
vt 0.948166 0.018084
vt 0.953403 0.198674
vt 0.961613 0.148895
vt 0.778348 0.166774
vt 0.826246 0.230288
vt 0.836970 0.235494
vt 0.915950 0.078802
vt 0.923734 0.061202
vt 0.927137 0.076704
vt 0.896584 0.226467
vt 0.709630 0.161696
vt 0.745802 0.177070
vt 0.763314 0.175785
vt 0.727759 0.029711
vt 0.292406 0.309585
vt 0.797603 0.165662
vt 0.924419 0.046070
vt 0.935667 0.089371
vt 0.300003 0.319174
vt 0.895785 0.195943
vt 0.865571 0.212813
vt 0.912674 0.033102
vt 0.942148 0.182994
vt 0.924435 0.163998
vt 0.918954 0.212044
vt 0.958225 0.166541
vt 0.973094 0.203880
vt 0.969825 0.202852
vt 0.964645 0.063768
vt 0.961604 0.053644
vt 0.781333 0.197614
vt 0.848796 0.241575
vt 0.931131 0.089457
vt 0.718465 0.155790
vt 0.760549 0.166263
vt 0.462332 0.287105
vt 0.462814 0.279163
vt 0.467562 0.270553
vt 0.457278 0.286590
vt 0.457910 0.278651
vt 0.327321 0.240330
vt 0.437767 0.275565
vt 0.327855 0.251177
vt 0.362438 0.250998
vt 0.345135 0.246106
vt 0.344668 0.256794
vt 0.379451 0.255651
vt 0.296545 0.232247
vt 0.466434 0.288494
vt 0.437139 0.284057
vt 0.361866 0.261645
vt 0.379084 0.265682
vt 0.398747 0.259759
vt 0.398231 0.269276
vt 0.418274 0.263587
vt 0.458572 0.270706
vt 0.417648 0.272379
vt 0.361490 0.272138
vt 0.438416 0.267262
vt 0.875776 0.688188
vt 0.880122 0.695345
vt 0.463285 0.271267
vt 0.467397 0.272040
vt 0.739268 0.404636
vt 0.794845 0.366038
vt 0.778122 0.370923
vt 0.254909 0.500200
vt 0.253745 0.482165
vt 0.271051 0.464575
vt 0.275476 0.471940
vt 0.185411 0.613771
vt 0.214850 0.570644
vt 0.222616 0.542458
vt 0.245920 0.501092
vt 0.234334 0.519663
vt 0.222534 0.473018
vt 0.188094 0.623180
vt 0.251262 0.294941
vt 0.226348 0.264476
vt 0.693735 0.015787
vt 0.929004 0.044581
vt 0.696607 0.012618
vt 0.400469 0.371758
vt 0.392070 0.408971
vt 0.882656 0.212808
vt 0.905773 0.049911
vt 0.840069 0.198327
vt 0.847694 0.190974
vt 0.934009 0.195816
vt 0.934748 0.165791
vt 0.913234 0.227077
vt 0.980104 0.047117
vt 0.981923 0.072493
vt 0.971642 0.194427
vt 0.969318 0.193468
vt 0.955340 0.037840
vt 0.766921 0.204088
vt 0.863465 0.248510
vt 0.896207 0.212885
vt 0.730117 0.173034
vt 0.732046 0.164824
vt 0.275976 0.279865
vt 0.241500 0.275901
vt 0.717477 0.021980
vt 0.716196 0.024326
vt 0.241925 0.414748
vt 0.330778 0.323623
vt 0.275309 0.455023
vt 0.234904 0.420435
vt 0.238618 0.440216
vt 0.985473 0.059594
vt 0.914511 0.209613
vt 0.812455 0.068530
vt 0.938952 0.091852
vt 0.982724 0.023712
vt 0.987142 0.074418
vt 0.971433 0.183541
vt 0.968724 0.184044
vt 0.791801 0.195484
vt 0.875153 0.258498
vt 0.350040 0.343869
vt 0.916619 0.049626
vt 0.746422 0.167483
vt 0.883806 0.028179
vt 0.661361 0.004056
vt 0.666990 0.000625
vt 0.878905 0.220181
vt 0.852363 0.205560
vt 0.897357 0.018676
vt 0.149846 0.568899
vt 0.229600 0.450715
vt 0.243531 0.448664
vt 0.352440 0.369497
vt 0.262259 0.257459
vt 0.370402 0.373987
vt 0.286055 0.299535
vt 0.306718 0.326957
vt 0.240819 0.433052
vt 0.746056 0.029042
vt 0.867336 0.031931
vt 0.848912 0.078763
vt 0.979919 0.002537
vt 0.989049 0.096783
vt 0.980431 0.062629
vt 0.802089 0.202167
vt 0.708810 0.199818
vt 0.177150 0.515919
vt 0.252740 0.437853
vt 0.813846 0.219001
vt 0.881091 0.024215
vt 0.727676 0.026324
vt 0.867602 0.027903
vt 0.154349 0.571520
vt 0.027236 0.253497
vt 0.223252 0.461065
vt 0.166603 0.602410
vt 0.231808 0.457438
vt 0.149874 0.595845
vt 0.195693 0.490176
vt 0.271667 0.440852
vt 0.781198 0.199786
vt 0.897217 0.025125
vt 0.810032 0.034238
vt 0.161975 0.542851
vt 0.822808 0.034543
vt 0.791990 0.039034
vt 0.771659 0.037064
vt 0.791096 0.033768
vt 0.772529 0.031635
vt 0.667977 0.053177
vt 0.825525 0.079208
vt 0.870506 0.078094
vt 0.984438 0.095472
vt 0.749983 0.207222
vt 0.727823 0.203010
vt 0.256208 0.305334
vt 0.028259 0.276017
vt 0.380040 0.374880
vt 0.437048 0.285292
vt 0.343980 0.269383
vt 0.417000 0.282576
vt 0.327630 0.264470
vt 0.466489 0.287245
vt 0.466961 0.279627
vt 0.379657 0.254128
vt 0.398910 0.258398
vt 0.378539 0.275521
vt 0.295685 0.233703
vt 0.314380 0.258249
vt 0.361350 0.273261
vt 0.417093 0.281400
vt 0.397705 0.278961
vt 0.457185 0.287875
vt 0.418421 0.262160
vt 0.327628 0.238366
vt 0.296806 0.230410
vt 0.314914 0.256864
vt 0.344203 0.267833
vt 0.327965 0.262767
vt 0.361490 0.272138
vt 0.438551 0.265797
vt 0.345477 0.244099
vt 0.362654 0.249624
vt 0.397594 0.280147
vt 0.462262 0.288350
vt 0.463430 0.269788
vt 0.458703 0.269203
vt 0.378386 0.276869
vt 0.823105 0.038787
vt 0.810302 0.039067
vt 0.849899 0.033670
vt 0.700454 0.047726
vt 0.721309 0.052008
vt 0.680983 0.043268
vt 0.884930 0.076109
vt 0.738587 0.056684
vt 0.812422 0.220596
vt 0.800941 0.204287
vt 0.166255 0.544351
vt 0.791103 0.197800
vt 0.766894 0.206493
vt 0.860962 0.254444
vt 0.201862 0.532801
vt 0.175457 0.579980
vt 0.226880 0.466056
vt 0.184421 0.518341
vt 0.162964 0.608262
vt 0.783183 0.267414
vt 0.750399 0.209533
vt 0.751762 0.258229
vt 0.727574 0.206988
vt 0.214667 0.469051
vt 0.142380 0.600960
vt 0.857622 0.034691
vt 0.857334 0.031467
vt 0.974464 0.004067
vt 0.973748 0.233772
vt 0.976197 0.170496
vt 0.971424 0.217125
vt 0.974861 0.217556
vt 0.978473 0.026809
vt 0.981696 0.137848
vt 0.977434 0.153312
vt 0.972507 0.170170
vt 0.838994 0.037731
vt 0.839009 0.034295
vt 0.766417 0.262029
vt 0.792999 0.271354
vt 0.201475 0.494364
vt 0.217796 0.506703
vt 0.705482 0.356548
vt 0.724133 0.357089
vt 0.733716 0.356032
vt 0.704214 0.311030
vt 0.719456 0.321065
vt 0.709579 0.317029
vt 0.708573 0.367070
vt 0.682668 0.290823
vt 0.829301 0.345561
vt 0.817526 0.345494
vt 0.781439 0.347417
vt 0.799248 0.341653
vt 0.807014 0.343756
vt 0.671922 0.280617
vt 0.701122 0.302571
vt 0.691805 0.297812
vt 0.829845 0.358627
vt 0.740298 0.366623
vt 0.685843 0.310446
vt 0.759369 0.371273
vt 0.773846 0.364022
vt 0.700427 0.365475
vt 0.712292 0.388040
vt 0.663551 0.291521
vt 0.741340 0.381384
vt 0.720193 0.391793
vt 0.694088 0.318385
vt 0.676865 0.302507
vt 0.705804 0.379095
vt 0.692363 0.371633
vt 0.706469 0.398970
vt 0.698263 0.386582
vt 0.700916 0.332398
vt 0.784313 0.360289
vt 0.813536 0.356693
vt 0.797575 0.358140
vt 0.716215 0.403234
vt 0.739987 0.391342
vt 0.727186 0.407345
vt 0.729319 0.393129
vt 0.787060 0.333584
vt 0.776343 0.329283
vt 0.729722 0.309358
vt 0.764301 0.316914
vt 0.844696 0.296103
vt 0.826721 0.289618
vt 0.720487 0.249744
vt 0.802885 0.329362
vt 0.815578 0.331669
vt 0.833355 0.332532
vt 0.696964 0.288433
vt 0.746748 0.317964
vt 0.715663 0.308764
vt 0.728096 0.319806
vt 0.706583 0.295717
vt 0.792108 0.346530
vt 0.760465 0.325306
vt 0.686630 0.279897
vt 0.768030 0.340550
vt 0.748913 0.310256
vt 0.738253 0.255041
vt 0.989930 0.116649
vt 0.988251 0.138004
vt 0.981485 0.153334
vt 0.984513 0.115628
vt 0.187706 0.556274
vt 0.808937 0.282180
vt 0.845016 0.248575
vt 0.871529 0.260415
vt 0.709630 0.204145
vt 0.826976 0.240673
vt 0.906578 0.074399
vt 0.787806 0.067964
vt 0.764960 0.064509
vt 0.979002 0.231841
vt 0.744835 0.034377
vt 0.849945 0.036674
vt 0.702508 0.245661
vt 0.236801 0.488334
vt 0.738329 0.374476
vt 0.820265 0.784589
vt 0.209673 0.569112
vt 0.978978 0.680763
vt 0.970258 0.702426
vt 0.991032 0.733666
vt 0.110757 0.269276
vt 0.936010 0.058262
vt 0.366278 0.438091
vt 0.343264 0.449864
vt 0.378499 0.421273
vt 0.626500 0.467213
vt 0.141750 0.325683
vt 0.026550 0.402004
vt 0.115279 0.340227
vt 0.058656 0.389617
vt 0.073728 0.452515
vt 0.277668 0.331842
vt 0.262620 0.329693
vt 0.326923 0.405193
vt 0.175829 0.279057
vt 0.181575 0.306343
vt 0.107824 0.422162
vt 0.113641 0.404347
vt 0.294723 0.332997
vt 0.280926 0.325989
vt 0.639918 0.514765
vt 0.620819 0.494655
vt 0.659411 0.582568
vt 0.215153 0.343216
vt 0.639329 0.584775
vt 0.210116 0.280892
vt 0.076174 0.367210
vt 0.102639 0.321173
vt 0.036613 0.372348
vt 0.127676 0.304038
vt 0.309442 0.348737
vt 0.269937 0.392458
vt 0.340984 0.405029
vt 0.333578 0.369423
vt 0.195956 0.341257
vt 0.129330 0.391852
vt 0.167362 0.287311
vt 0.176194 0.308486
vt 0.141539 0.418552
vt 0.259728 0.318133
vt 0.135169 0.405346
vt 0.317016 0.339905
vt 0.626252 0.522667
vt 0.186801 0.324523
vt 0.230331 0.242927
vt 0.188674 0.250438
vt 0.209193 0.230219
vt 0.587002 0.033017
vt 0.364490 0.414148
vt 0.358899 0.438317
vt 0.348450 0.443491
vt 0.213707 0.312993
vt 0.635284 0.554143
vt 0.123613 0.296761
vt 0.025605 0.339792
vt 0.191554 0.218993
vt 0.162056 0.316694
vt 0.170058 0.236515
vt 0.059956 0.348908
vt 0.169036 0.275279
vt 0.293864 0.337880
vt 0.094049 0.495066
vt 0.129108 0.458160
vt 0.262907 0.354770
vt 0.122655 0.381560
vt 0.051933 0.340033
vt 0.074815 0.326043
vt 0.325862 0.431744
vt 0.321731 0.375111
vt 0.042368 0.998942
vt 0.207137 0.345728
vt 0.149264 0.291600
vt 0.191363 0.334909
vt 0.182147 0.326079
vt 0.020849 0.402818
vt 0.051373 0.420344
vt 0.635515 0.490680
vt 0.065995 0.964855
vt 0.289321 0.415582
vt 0.136386 0.363010
vt 0.592845 0.288535
vt 0.605570 0.293773
vt 0.588055 0.292408
vt 0.620888 0.277696
vt 0.154105 0.352694
vt 0.593940 0.289223
vt 0.597088 0.284614
vt 0.628384 0.260413
vt 0.605252 0.269724
vt 0.617114 0.263912
vt 0.624842 0.271760
vt 0.619988 0.270596
vt 0.599168 0.275428
vt 0.601368 0.276535
vt 0.063313 0.297881
vt 0.155672 0.198081
vt 0.171402 0.345071
vt 0.094652 0.351937
vt 0.079473 0.335781
vt 0.019741 0.088140
vt 0.034930 0.094886
vt 0.044964 0.087938
vt 0.024665 0.099435
vt 0.050927 0.089872
vt 0.099859 0.083922
vt 0.644291 0.549246
vt 0.044164 0.084548
vt 0.030645 0.084998
vt 0.094765 0.081162
vt 0.087458 0.061851
vt 0.017919 0.055376
vt 0.050653 0.125032
vt 0.037978 0.102195
vt 0.030486 0.088239
vt 0.043033 0.116959
vt 0.061594 0.083293
vt 0.025588 0.072775
vt 0.022690 0.066814
vt 0.057605 0.129335
vt 0.094435 0.135816
vt 0.372809 0.308475
vt 0.095710 0.123235
vt 0.391763 0.340818
vt 0.020231 0.083749
vt 0.037519 0.074177
vt 0.035224 0.067344
vt 0.031030 0.049752
vt 0.073574 0.019328
vt 0.021832 0.010112
vt 0.052028 0.067380
vt 0.304115 0.822407
vt 0.042888 0.005745
vt 0.379318 0.319912
vt 0.367444 0.311391
vt 0.353617 0.293674
vt 0.370266 0.292049
vt 0.313947 0.272726
vt 0.334076 0.305234
vt 0.321698 0.294811
vt 0.573615 0.149510
vt 0.581216 0.154541
vt 0.615497 0.119674
vt 0.185225 0.696278
vt 0.583721 0.134780
vt 0.605222 0.125713
vt 0.636561 0.108125
vt 0.612330 0.127320
vt 0.632050 0.102222
vt 0.553760 0.141316
vt 0.550659 0.171719
vt 0.561152 0.200885
vt 0.082063 0.056931
vt 0.320515 0.801465
vt 0.336143 0.819050
vt 0.117536 0.033532
vt 0.052325 0.044882
vt 0.242545 0.808221
vt 0.059663 0.043299
vt 0.267553 0.806151
vt 0.068051 0.063432
vt 0.306730 0.814092
vt 0.070878 0.095922
vt 0.031846 0.109160
vt 0.053891 0.106941
vt 0.066385 0.118353
vt 0.384053 0.341885
vt 0.085901 0.089565
vt 0.052910 0.074818
vt 0.331902 0.825000
vt 0.063555 0.003367
vt 0.375406 0.323467
vt 0.099885 0.122852
vt 0.392142 0.351090
vt 0.313553 0.297416
vt 0.595677 0.146321
vt 0.603799 0.132509
vt 0.584129 0.098956
vt 0.560353 0.172494
vt 0.521991 0.244303
vt 0.504752 0.258231
vt 0.271896 0.149706
vt 0.269456 0.153283
vt 0.326507 0.791825
vt 0.457910 0.278651
vt 0.462814 0.279163
vt 0.466961 0.279627
vt 0.457278 0.286590
vt 0.437767 0.275565
vt 0.467397 0.272040
vt 0.361866 0.261645
vt 0.437139 0.284057
vt 0.327855 0.251177
vt 0.379084 0.265682
vt 0.362438 0.250998
vt 0.344668 0.256794
vt 0.327321 0.240330
vt 0.462332 0.287105
vt 0.378539 0.275521
vt 0.379451 0.255651
vt 0.345135 0.246106
vt 0.296545 0.232247
vt 0.398231 0.269276
vt 0.417648 0.272379
vt 0.418274 0.263587
vt 0.438416 0.267262
vt 0.463285 0.271267
vt 0.398747 0.259759
vt 0.145241 0.282973
vt 0.156478 0.276356
vt 0.458572 0.270706
vt 0.466489 0.287245
vt 0.188148 0.697319
vt 0.152879 0.730986
vt 0.233242 0.762744
vt 0.589127 0.293296
vt 0.615971 0.290038
vt 0.611372 0.293639
vt 0.605911 0.296011
vt 0.623236 0.278391
vt 0.616288 0.277273
vt 0.583086 0.297367
vt 0.619863 0.283505
vt 0.614264 0.281460
vt 0.609346 0.290457
vt 0.611907 0.286679
vt 0.048965 0.101622
vt 0.038136 0.110934
vt 0.061958 0.112344
vt 0.092580 0.114928
vt 0.387147 0.330404
vt 0.045773 0.090608
vt 0.019421 0.074286
vt 0.521477 0.274265
vt 0.011492 0.066671
vt 0.008479 0.060735
vt 0.124423 0.058095
vt 0.361800 0.302338
vt 0.100804 0.134908
vt 0.385483 0.351138
vt 0.374453 0.352071
vt 0.355799 0.342970
vt 0.592332 0.126052
vt 0.608747 0.137825
vt 0.565108 0.121904
vt 0.351010 0.808237
vt 0.350023 0.833198
vt 0.537927 0.266384
vt 0.346893 0.817356
vt 0.341408 0.828921
vt 0.093146 0.098586
vt 0.076300 0.110240
vt 0.483958 0.019363
vt 0.381650 0.332710
vt 0.060060 0.100280
vt 0.254436 0.201085
vt 0.354859 0.794327
vt 0.394346 0.835850
vt 0.394250 0.832814
vt 0.345284 0.317952
vt 0.342502 0.286358
vt 0.355340 0.328729
vt 0.368324 0.344228
vt 0.567928 0.159254
vt 0.608072 0.112957
vt 0.566689 0.213182
vt 0.570864 0.211131
vt 0.375976 0.835291
vt 0.277950 0.177721
vt 0.369102 0.820035
vt 0.278260 0.163646
vt 0.361526 0.834662
vt 0.479618 0.034832
vt 0.472406 0.086377
vt 0.471044 0.083211
vt 0.364435 0.824518
vt 0.072445 0.069454
vt 0.570117 0.068647
vt 0.589679 0.270781
vt 0.583983 0.274311
vt 0.401669 0.165253
vt 0.363271 0.139110
vt 0.334902 0.173199
vt 0.419701 0.131678
vt 0.436487 0.102842
vt 0.353364 0.185118
vt 0.381230 0.153256
vt 0.531180 0.074046
vt 0.598685 0.089113
vt 0.569183 0.187351
vt 0.563457 0.187739
vt 0.568421 0.198797
vt 0.568034 0.184407
vt 0.269410 0.190630
vt 0.353436 0.805152
vt 0.330655 0.783018
vt 0.566806 0.297183
vt 0.376638 0.809529
vt 0.399682 0.121257
vt 0.445995 0.079063
vt 0.409020 0.046502
vt 0.674705 0.275324
vt 0.378421 0.196196
vt 0.595942 0.273868
vt 0.611934 0.295208
vt 0.605913 0.298032
vt 0.580583 0.277150
vt 0.572074 0.288470
vt 0.582175 0.271580
vt 0.238772 0.800845
vt 0.578201 0.209491
vt 0.582817 0.225594
vt 0.592799 0.281358
vt 0.552625 0.088733
vt 0.528901 0.079067
vt 0.552109 0.272066
vt 0.421514 0.011160
vt 0.535363 0.040223
vt 0.497359 0.200327
vt 0.509108 0.199802
vt 0.530286 0.188414
vt 0.529628 0.170235
vt 0.328210 0.789295
vt 0.246504 0.795497
vt 0.381466 0.111464
vt 0.590864 0.285966
vt 0.423339 0.134183
vt 0.361490 0.272138
vt 0.344203 0.267833
vt 0.398747 0.259759
vt 0.327965 0.262767
vt 0.327855 0.251177
vt 0.398231 0.269276
vt 0.345135 0.246106
vt 0.418274 0.263587
vt 0.344668 0.256794
vt 0.361866 0.261645
vt 0.362438 0.250998
vt 0.417093 0.281400
vt 0.379084 0.265682
vt 0.437767 0.275565
vt 0.314914 0.256864
vt 0.397705 0.278961
vt 0.437139 0.284057
vt 0.462332 0.287105
vt 0.466434 0.288494
vt 0.462814 0.279163
vt 0.457910 0.278651
vt 0.467562 0.270553
vt 0.463285 0.271267
vt 0.457278 0.286590
vt 0.379451 0.255651
vt 0.327321 0.240330
vt 0.438416 0.267262
vt 0.417648 0.272379
vt 0.458572 0.270706
vt 0.296545 0.232247
vt 0.560054 0.120775
vt 0.482601 0.241837
vt 0.575465 0.229931
vt 0.449816 0.039914
vt 0.581974 0.053435
vt 0.431768 0.100798
vt 0.534547 0.055409
vt 0.556702 0.085779
vt 0.267284 0.762665
vt 0.245526 0.785234
vt 0.571017 0.287741
vt 0.575860 0.280044
vt 0.564479 0.296285
vt 0.109110 0.082117
vt 0.577725 0.280751
vt 0.616876 0.290859
vt 0.587295 0.290999
vt 0.578769 0.275544
vt 0.587632 0.267734
vt 0.157026 0.168570
vt 0.102482 0.128062
vt 0.259216 0.768279
vt 0.256037 0.764764
vt 0.567815 0.285955
vt 0.578667 0.270898
vt 0.499630 0.221644
vt 0.413878 0.091226
vt 0.513742 0.211360
vt 0.401392 0.083557
vt 0.443879 0.073981
vt 0.546879 0.264107
vt 0.536744 0.239592
vt 0.540206 0.238781
vt 0.544557 0.240163
vt 0.520715 0.289971
vt 0.536618 0.200682
vt 0.469495 0.220384
vt 0.493758 0.196332
vt 0.243229 0.777448
vt 0.106657 0.120152
vt 0.572675 0.277794
vt 0.585762 0.266861
vt 0.003346 0.960242
vt 0.030776 0.966368
vt 0.002390 0.997630
vt 0.498872 0.022789
vt 0.645787 0.006640
vt 0.532210 0.022935
vt 0.614430 0.002379
vt 0.659775 0.016162
vt 0.618525 0.016851
vt 0.259184 0.247170
vt 0.556990 0.013972
vt 0.620703 0.035865
vt 0.648676 0.017376
vt 0.586694 0.004055
vt 0.564657 0.027565
vt 0.592522 0.018881
vt 0.112941 0.786653
vt 0.085478 0.809496
vt 0.011896 0.927709
vt 0.039558 0.951248
vt 0.134353 0.780264
vt 0.039930 0.144024
vt 0.163528 0.751388
vt 0.110758 0.780372
vt 0.175672 0.777225
vt 0.194908 0.694439
vt 0.180231 0.789409
vt 0.221997 0.771453
vt 0.004363 0.140146
vt 0.039999 0.152497
vt 0.200757 0.734049
vt 0.209328 0.731765
vt 0.227110 0.762874
vt 0.144155 0.796353
vt 0.118309 0.798218
vt 0.225106 0.783107
vt 0.200265 0.691284
vt 0.132238 0.767625
vt 0.130524 0.754169
vt 0.215872 0.724247
vt 0.663888 0.035001
vt 0.649712 0.036653
vt 0.650848 0.080841
vt 0.618196 0.059644
vt 0.413820 0.180506
vt 0.405104 0.168152
vt 0.383278 0.219503
vt 0.387146 0.194284
vt 0.467307 0.151552
vt 0.440944 0.166085
vt 0.521170 0.113381
vt 0.495838 0.132349
vt 0.647715 0.061924
vt 0.615836 0.080899
vt 0.641522 0.080878
vt 0.661265 0.062290
vt 0.112632 0.078097
vt 0.125580 0.076835
vt 0.278384 0.258918
vt 0.539820 0.097718
vt 0.384655 0.232999
vt 0.451249 0.234918
vt 0.526415 0.166385
vt 0.441406 0.228205
vt 0.461853 0.213030
vt 0.231056 0.786134
vt 0.111559 0.095338
vt 0.110726 0.105418
vt 0.104187 0.085459
vt 0.266981 0.758516
vt 0.562606 0.293133
vt 0.446491 0.002052
vt 0.437526 0.015790
vt 0.426343 0.053401
vt 0.482756 0.057568
vt 0.550339 0.137571
vt 0.484942 0.062928
vt 0.386200 0.211072
vt 0.621379 0.284304
vt 0.082476 0.810086
vt 0.152705 0.224464
vt 0.596277 0.283841
vt 0.027605 0.305582
vt 0.097856 0.311835
vt 0.024908 0.368735
vt 0.630356 0.263994
vt 0.375364 0.300355
vt 0.831800 0.877019
vt 0.797358 0.854444
vt 0.925116 0.754548
vt 0.917486 0.745030
vt 0.823126 0.719141
vt 0.851486 0.780022
vt 0.832429 0.712364
vt 0.890002 0.686699
vt 0.887824 0.692204
vt 0.834366 0.725997
vt 0.905702 0.681143
vt 0.893775 0.693885
vt 0.895863 0.688721
vt 0.818840 0.724865
vt 0.855846 0.729946
vt 0.846112 0.761483
vt 0.857672 0.733719
vt 0.834002 0.760370
vt 0.912598 0.703558
vt 0.800882 0.740063
vt 0.814875 0.845974
vt 0.838252 0.831271
vt 0.804905 0.848088
vt 0.903133 0.749514
vt 0.894234 0.754627
vt 0.918172 0.692070
vt 0.889342 0.759699
vt 0.891513 0.727259
vt 0.882358 0.729294
vt 0.865618 0.779935
vt 0.871838 0.736230
vt 0.872951 0.743377
vt 0.866852 0.743624
vt 0.887395 0.755615
vt 0.980226 0.777662
vt 0.984868 0.779575
vt 0.976297 0.779002
vt 0.979515 0.770021
vt 0.987053 0.770134
vt 0.973353 0.773555
vt 0.900295 0.780826
vt 0.895283 0.778246
vt 0.877347 0.823459
vt 0.869857 0.810555
vt 0.846002 0.822332
vt 0.858479 0.831828
vt 0.856830 0.823552
vt 0.857200 0.808347
vt 0.885319 0.698200
vt 0.828663 0.724653
vt 0.906672 0.708766
vt 0.829024 0.879884
vt 0.834753 0.883432
vt 0.841522 0.726030
vt 0.904026 0.689901
vt 0.839113 0.733188
vt 0.900378 0.711702
vt 0.847979 0.771681
vt 0.852964 0.736082
vt 0.865689 0.731451
vt 0.866029 0.737082
vt 0.867328 0.754114
vt 0.847602 0.791730
vt 0.862342 0.773346
vt 0.882819 0.735440
vt 0.884064 0.743598
vt 0.873857 0.767711
vt 0.865265 0.725670
vt 0.859902 0.767462
vt 0.892306 0.735176
vt 0.877726 0.774282
vt 0.889387 0.719742
vt 0.880206 0.764924
vt 0.877275 0.759295
vt 0.914621 0.734107
vt 0.913959 0.721914
vt 0.846158 0.805857
vt 0.849931 0.831672
vt 0.903018 0.752435
vt 0.900149 0.759674
vt 0.878620 0.830049
vt 0.890382 0.775259
vt 0.886126 0.822542
vt 0.871258 0.724168
vt 0.888607 0.826081
vt 0.893331 0.788422
vt 0.874820 0.751702
vt 0.871476 0.730012
vt 0.887600 0.750516
vt 0.899432 0.715309
vt 0.851516 0.796776
vt 0.845698 0.813703
vt 0.901729 0.746925
vt 0.884368 0.770258
vt 0.893714 0.762913
vt 0.871056 0.761750
vt 0.848626 0.794815
vt 0.905817 0.717251
vt 0.773256 0.972009
vt 0.559783 0.873925
vt 0.942223 0.955046
vt 0.495673 0.829725
vt 0.561494 0.871483
vt 0.881642 0.953888
vt 0.534616 0.844703
vt 0.881415 0.972639
vt 0.984513 0.115628
vt 0.955340 0.037840
vt 0.971433 0.183541
vt 0.980104 0.047117
vt 0.772534 0.937273
vt 0.916886 0.759511
vt 0.868712 0.815846
vt 0.473440 0.860784
vt 0.529847 0.836048
vt 0.504012 0.836218
vt 0.536584 0.854673
vt 0.477894 0.862951
vt 0.564561 0.875655
vt 0.533807 0.843243
vt 0.525637 0.843479
vt 0.503773 0.826130
vt 0.498927 0.834470
vt 0.554357 0.842757
vt 0.704454 0.876821
vt 0.659580 0.925601
vt 0.456990 0.853228
vt 0.728609 0.884224
vt 0.566737 0.886508
vt 0.506137 0.814093
vt 0.495673 0.829725
vt 0.559783 0.873925
vt 0.561494 0.871483
vt 0.656942 0.932750
vt 0.717883 0.882519
vt 0.534616 0.844703
vt 0.757134 0.873071
vt 0.498283 0.814204
vt 0.561836 0.885896
vt 0.482466 0.821981
vt 0.580468 0.877114
vt 0.576857 0.870313
vt 0.494358 0.831800
vt 0.477894 0.862951
vt 0.562767 0.853347
vt 0.991698 0.568315
vt 0.571436 0.863164
vt 0.983975 0.567647
vt 0.533807 0.843243
vt 0.659580 0.925601
vt 0.548842 0.910087
vt 0.503773 0.826130
vt 0.983975 0.567647
vt 0.978827 0.598458
vt 0.536857 0.825167
vt 0.549544 0.835161
vt 0.987871 0.597228
vt 0.667102 0.928376
vt 0.938592 0.573463
vt 0.952556 0.551977
vt 0.982491 0.608911
vt 0.940535 0.643168
vt 0.956255 0.616188
vt 0.664464 0.935525
vt 0.663353 0.917940
vt 0.541976 0.827798
vt 0.881415 0.972639
vt 0.773122 0.956854
vt 0.886256 0.974616
vt 0.902123 0.953495
vt 0.902547 0.926774
vt 0.902722 0.971345
vt 0.929592 0.931827
vt 0.909948 0.926978
vt 0.922549 0.952019
vt 0.933024 0.961924
vt 0.935690 0.986810
vt 0.876239 0.990339
vt 0.694515 0.986028
vt 0.885737 0.951603
vt 0.903517 0.998701
vt 0.911042 0.998452
vt 0.773122 0.956854
vt 0.695335 0.971452
vt 0.695189 0.957082
vt 0.881446 0.929942
vt 0.908331 0.953455
vt 0.908985 0.970815
vt 0.885737 0.951603
vt 0.881642 0.953888
vt 0.694253 0.942529
vt 0.883100 0.997268
vt 0.902722 0.971345
vt 0.902547 0.926774
vt 0.908331 0.953455
vt 0.990658 0.621637
vt 0.773256 0.972009
vt 0.952565 0.594429
vt 0.772534 0.937273
vt 0.694515 0.986028
vt 0.903517 0.998701
vt 0.908985 0.970815
vt 0.922549 0.952019
vt 0.923230 0.972457
vt 0.907049 0.997380
vt 0.905384 0.952077
vt 0.905652 0.972473
vt 0.906112 0.927938
vt 0.933839 0.937445
vt 0.941115 0.961580
vt 0.952565 0.594429
vt 0.930996 0.993485
vt 0.952556 0.551977
vt 0.924922 0.962228
vt 0.927910 0.974454
vt 0.927088 0.949719
vt 0.935101 0.971670
vt 0.942851 0.968075
vt 0.994953 0.629053
vt 0.575031 0.865910
vt 0.944710 0.598664
vt 0.934372 0.952236
vt 0.940871 0.941470
vt 0.942985 0.981635
vt 0.942223 0.955046
vt 0.930101 0.581439
vt 0.871056 0.761750
vt 0.857962 0.737123
vt 0.857153 0.741661
vt 0.855612 0.758426
vt 0.892416 0.742989
vt 0.881152 0.721242
vt 0.857239 0.785008
vt 0.632836 0.178940
vt 0.667449 0.147468
vt 0.663901 0.189895
vt 0.640468 0.186665
vt 0.664476 0.194380
vt 0.652895 0.190961
vt 0.631056 0.183549
vt 0.645324 0.140985
vt 0.642703 0.183209
vt 0.614475 0.222462
vt 0.625630 0.227402
vt 0.606053 0.242227
vt 0.634068 0.253725
vt 0.668258 0.249713
vt 0.681711 0.246465
vt 0.640289 0.259498
vt 0.668709 0.252859
vt 0.885977 0.818688
vt 0.892258 0.819309
vt 0.886781 0.815678
vt 0.886630 0.790331
vt 0.591786 0.260850
vt 0.682611 0.249822
vt 0.606507 0.217773
vt 0.618453 0.247107
vt 0.595981 0.263786
vt 0.612196 0.258828
vt 0.654213 0.238985
vt 0.972507 0.170170
vt 0.976197 0.170496
vt 0.989049 0.096783
vt 0.984438 0.095472
vt 0.659497 0.216020
vt 0.886525 0.784474
vt 0.890096 0.785333
vt 0.652856 0.244882
vt 0.599639 0.266546
vt 0.640162 0.233410
vt 0.669087 0.068760
vt 0.677028 0.150372
vt 0.654404 0.187831
vt 0.655229 0.143890
vt 0.201475 0.494364
vt 0.162964 0.608262
vt 0.187706 0.556274
vt 0.142380 0.600960
vt 0.149874 0.595845
vt 0.161975 0.542851
vt 0.177150 0.515919
vt 0.238618 0.440216
vt 0.836494 0.740368
vt 0.028259 0.276017
vt 0.214667 0.469051
vt 0.275309 0.455023
vt 0.004209 0.275229
vt 0.831174 0.732198
vt 0.813707 0.730980
vt 0.027236 0.253497
vt 0.223252 0.461065
vt 0.241925 0.414748
vt 0.252740 0.437853
vt 0.287268 0.448834
vt 0.279625 0.435012
vt 0.267497 0.421589
vt 0.184421 0.518341
vt 0.236801 0.488334
vt 0.229600 0.450715
vt 0.154349 0.571520
vt 0.226880 0.466056
vt 0.003809 0.250210
vt 0.271667 0.440852
vt 0.217796 0.506703
vt 0.222534 0.473018
vt 0.149846 0.568899
vt 0.231808 0.457438
vt 0.188094 0.623180
vt 0.243531 0.448664
vt 0.392070 0.408971
vt 0.185411 0.613771
vt 0.352440 0.369497
vt 0.300003 0.319174
vt 0.370402 0.373987
vt 0.166603 0.602410
vt 0.209673 0.569112
vt 0.175457 0.579980
vt 0.666990 0.000625
vt 0.286055 0.299535
vt 0.292406 0.309585
vt 0.897217 0.025125
vt 0.661361 0.004056
vt 0.727676 0.026324
vt 0.275476 0.471940
vt 0.289225 0.452074
vt 0.253745 0.482165
vt 0.271051 0.464575
vt 0.201453 0.590748
vt 0.153963 0.172202
vt 0.254909 0.500200
vt 0.196513 0.589929
vt 0.214850 0.570644
vt 0.248833 0.490012
vt 0.245920 0.501092
vt 0.292838 0.458354
vt 0.131356 0.206760
vt 0.142534 0.190925
vt 0.110757 0.269276
vt 0.129215 0.247330
vt 0.262163 0.485278
vt 0.230050 0.545976
vt 0.234334 0.519663
vt 0.242159 0.525342
vt 0.144123 0.216345
vt 0.085478 0.809496
vt 0.110758 0.780372
vt 0.112941 0.786653
vt 0.011896 0.927709
vt 0.645787 0.006640
vt 0.532210 0.022935
vt 0.498872 0.022789
vt 0.002390 0.997630
vt 0.614430 0.002379
vt 0.556990 0.013972
vt 0.564657 0.027565
vt 0.358280 0.235524
vt 0.112632 0.078097
vt 0.222616 0.542458
vt 0.265226 0.502342
vt 0.244567 0.525218
vt 0.521170 0.113381
vt 0.495838 0.132349
vt 0.402419 0.242197
vt 0.383278 0.219503
vt 0.175672 0.777225
vt 0.180231 0.789409
vt 0.039558 0.951248
vt 0.030776 0.966368
vt 0.003346 0.960242
vt 0.375472 0.239758
vt 0.384655 0.232999
vt 0.125580 0.076835
vt 0.134353 0.780264
vt 0.144155 0.796353
vt 0.918954 0.212044
vt 0.914511 0.209613
vt 0.924419 0.046070
vt 0.919677 0.030219
vt 0.938952 0.091852
vt 0.935667 0.089371
vt 0.929004 0.044581
vt 0.929004 0.044581
vt 0.826246 0.230288
vt 0.836970 0.235494
vt 0.708810 0.199818
vt 0.781333 0.197614
vt 0.848796 0.241575
vt 0.932238 0.059920
vt 0.930978 0.092876
vt 0.934009 0.195816
vt 0.964007 0.133022
vt 0.930473 0.128299
vt 0.928611 0.174166
vt 0.965786 0.075329
vt 0.958225 0.166541
vt 0.965674 0.094675
vt 0.963380 0.113214
vt 0.934748 0.165791
vt 0.958713 0.183341
vt 0.917925 0.032095
vt 0.943751 0.237403
vt 0.947389 0.218482
vt 0.948166 0.018084
vt 0.969318 0.193468
vt 0.745802 0.177070
vt 0.936010 0.058262
vt 0.730117 0.173034
vt 0.732046 0.164824
vt 0.896207 0.212885
vt 0.718465 0.155790
vt 0.896584 0.226467
vt 0.909369 0.065034
vt 0.923734 0.061202
vt 0.912674 0.033102
vt 0.927137 0.076704
vt 0.893546 0.216999
vt 0.916619 0.049626
vt 0.891214 0.227080
vt 0.878905 0.220181
vt 0.882656 0.212808
vt 0.870494 0.205486
vt 0.840069 0.198327
vt 0.847694 0.190974
vt 0.824971 0.188338
vt 0.926917 0.145521
vt 0.968724 0.184044
vt 0.973094 0.203880
vt 0.971642 0.194427
vt 0.969825 0.202852
vt 0.981923 0.072493
vt 0.981696 0.137848
vt 0.961604 0.053644
vt 0.953403 0.198674
vt 0.964645 0.063768
vt 0.987142 0.074418
vt 0.979002 0.231841
vt 0.977434 0.153312
vt 0.974861 0.217556
vt 0.988251 0.138004
vt 0.980431 0.062629
vt 0.985473 0.059594
vt 0.801894 0.166940
vt 0.808418 0.153754
vt 0.913234 0.227077
vt 0.961613 0.148895
vt 0.941452 0.128955
vt 0.930011 0.184308
vt 0.936447 0.072433
vt 0.939748 0.072393
vt 0.931131 0.089457
vt 0.915950 0.078802
vt 0.865571 0.212813
vt 0.904309 0.032960
vt 0.905773 0.049911
vt 0.808670 0.173830
vt 0.924435 0.163998
vt 0.938185 0.146998
vt 0.858010 0.197936
vt 0.895785 0.195943
vt 0.894961 0.165839
vt 0.895058 0.179385
vt 0.727574 0.206988
vt 0.828128 0.169397
vt 0.852363 0.205560
vt 0.811533 0.167339
vt 0.918052 0.180666
vt 0.905349 0.227858
vt 0.797166 0.168506
vt 0.908789 0.138477
vt 0.750399 0.209533
vt 0.709630 0.204145
vt 0.907543 0.208515
vt 0.797575 0.358140
vt 0.800742 0.169071
vt 0.916541 0.190293
vt 0.808937 0.282180
vt 0.784313 0.360289
vt 0.663551 0.291521
vt 0.779255 0.171449
vt 0.910764 0.226357
vt 0.937178 0.099620
vt 0.926029 0.195841
vt 0.942148 0.182994
vt 0.709630 0.161696
vt 0.685843 0.310446
vt 0.676865 0.302507
vt 0.700916 0.332398
vt 0.813536 0.356693
vt 0.201862 0.532801
vt 0.166255 0.544351
vt 0.353293 0.234498
vt 0.413405 0.243135
vt 0.766921 0.204088
vt 0.863465 0.248510
vt 0.746422 0.167483
vt 0.791801 0.195484
vt 0.875153 0.258498
vt 0.760549 0.166263
vt 0.727823 0.203010
vt 0.749983 0.207222
vt 0.802089 0.202167
vt 0.781198 0.199786
vt 0.812422 0.220596
vt 0.766894 0.206493
vt 0.318481 0.229805
vt 0.386200 0.211072
vt 0.813846 0.219001
vt 0.800941 0.204287
vt 0.778348 0.166774
vt 0.826976 0.240673
vt 0.791103 0.197800
vt 0.871529 0.260415
vt 0.845016 0.248575
vt 0.860962 0.254444
vt 0.827312 0.885026
vt 0.972068 0.731728
vt 0.817512 0.881412
vt 0.251073 0.196302
vt 0.248518 0.140063
vt 0.270739 0.175057
vt 0.942357 0.756226
vt 0.951442 0.740003
vt 0.267165 0.155574
vt 0.705671 0.060354
vt 0.706948 0.115631
vt 0.263367 0.186454
vt 0.680111 0.065991
vt 0.555729 0.279590
vt 0.235086 0.204271
vt 0.675773 0.079402
vt 0.689083 0.114076
vt 0.557128 0.291390
vt 0.059956 0.348908
vt 0.107824 0.422162
vt 0.051373 0.420344
vt 0.719283 0.088913
vt 0.693346 0.098618
vt 0.686087 0.078659
vt 0.317016 0.339905
vt 0.333578 0.369423
vt 0.340984 0.405029
vt 0.529977 0.280861
vt 0.713441 0.076666
vt 0.543959 0.277321
vt 0.113641 0.404347
vt 0.135169 0.405346
vt 0.082476 0.810086
vt 0.683033 0.099246
vt 0.293864 0.337880
vt 0.830338 0.867102
vt 0.822160 0.875064
vt 0.814774 0.447045
vt 0.302809 0.094923
vt 0.286626 0.073974
vt 0.273088 0.096149
vt 0.136935 0.037935
vt 0.259145 0.050283
vt 0.123645 0.100483
vt 0.127535 0.088387
vt 0.145751 0.059282
vt 0.131636 0.076484
vt 0.271570 0.165963
vt 0.261948 0.081943
vt 0.233969 0.109676
vt 0.159507 0.013457
vt 0.122254 0.080796
vt 0.142913 0.122476
vt 0.134860 0.062065
vt 0.401392 0.083557
vt 0.431768 0.100798
vt 0.575465 0.229931
vt 0.421514 0.011160
vt 0.449816 0.039914
vt 0.446491 0.002052
vt 0.413878 0.091226
vt 0.443879 0.073981
vt 0.479618 0.034832
vt 0.409020 0.046502
vt 0.482756 0.057568
vt 0.426343 0.053401
vt 0.552109 0.272066
vt 0.546879 0.264107
vt 0.536744 0.239592
vt 0.513742 0.211360
vt 0.531180 0.074046
vt 0.581974 0.053435
vt 0.563457 0.187739
vt 0.569183 0.187351
vt 0.598685 0.089113
vt 0.497359 0.200327
vt 0.568034 0.184407
vt 0.553760 0.141316
vt 0.529628 0.170235
vt 0.565108 0.121904
vt 0.568421 0.198797
vt 0.584129 0.098956
vt 0.281928 0.117152
vt 0.250348 0.114818
vt 0.535363 0.040223
vt 0.267551 0.115195
vt 0.237537 0.133001
vt 0.243990 0.119084
vt 0.247051 0.132413
vt 0.225440 0.182852
vt 0.235542 0.148800
vt 0.235095 0.164411
vt 0.234704 0.197568
vt 0.234206 0.181652
vt 0.248174 0.123351
vt 0.768203 0.433407
vt 0.561152 0.200885
vt 0.204796 0.193689
vt 0.229577 0.199336
vt 0.608747 0.137825
vt 0.221528 0.164481
vt 0.186851 0.174216
vt 0.164700 0.156257
vt 0.146320 0.130217
vt 0.223804 0.128759
vt 0.206830 0.188987
vt 0.592332 0.126052
vt 0.560353 0.172494
vt 0.608072 0.112957
vt 0.605222 0.125713
vt 0.405104 0.168152
vt 0.763314 0.175785
vt 0.841897 0.847912
vt 0.843662 0.868499
vt 0.437526 0.015790
vt 0.483958 0.019363
vt 0.556702 0.085779
vt 0.570117 0.068647
vt 0.506323 0.653480
vt 0.534547 0.055409
vt 0.632050 0.102222
vt 0.550659 0.171719
vt 0.509108 0.199802
vt 0.566689 0.213182
vt 0.482395 0.648202
vt 0.452262 0.641088
vt 0.674995 0.487842
vt 0.465269 0.647300
vt 0.313553 0.297416
vt 0.374453 0.352071
vt 0.603799 0.132509
vt 0.636561 0.108125
vt 0.595677 0.146321
vt 0.321698 0.294811
vt 0.392142 0.351090
vt 0.315373 0.114770
vt 0.530286 0.188414
vt 0.570864 0.211131
vt 0.612330 0.127320
vt 0.583721 0.134780
vt 0.581216 0.154541
vt 0.615497 0.119674
vt 0.315350 0.265169
vt 0.534616 0.844703
vt 0.536584 0.854673
vt 0.659580 0.925601
vt 0.533807 0.843243
vt 0.576857 0.870313
vt 0.494358 0.831800
vt 0.529847 0.836048
vt 0.564561 0.875655
vt 0.525637 0.843479
vt 0.562347 0.875864
vt 0.532073 0.856076
vt 0.504012 0.836218
vt 0.477894 0.862951
vt 0.473440 0.860784
vt 0.531105 0.845871
vt 0.498927 0.834470
vt 0.554357 0.842757
vt 0.580468 0.877114
vt 0.456990 0.853228
vt 0.541976 0.827798
vt 0.571436 0.863164
vt 0.561494 0.871483
vt 0.559783 0.873925
vt 0.549564 0.864377
vt 0.498283 0.814204
vt 0.551173 0.926060
vt 0.506549 0.935931
vt 0.654987 0.940983
vt 0.656942 0.932750
vt 0.516254 0.934642
vt 0.555465 0.924860
vt 0.500805 0.935185
vt 0.461847 0.920335
vt 0.538071 0.928303
vt 0.524794 0.931501
vt 0.452793 0.863964
vt 0.468775 0.923669
vt 0.503773 0.826130
vt 0.495673 0.829725
vt 0.506137 0.814093
vt 0.469385 0.906430
vt 0.454072 0.904614
vt 0.508607 0.918470
vt 0.561064 0.904530
vt 0.668309 0.462521
vt 0.673454 0.411332
vt 0.685790 0.412726
vt 0.681297 0.458931
vt 0.562767 0.853347
vt 0.549544 0.835161
vt 0.536857 0.825167
vt 0.507995 0.914695
vt 0.663353 0.917940
vt 0.551856 0.910162
vt 0.515014 0.906911
vt 0.881642 0.953888
vt 0.664464 0.935525
vt 0.479960 0.906288
vt 0.502030 0.913368
vt 0.503773 0.826130
vt 0.659580 0.925601
vt 0.935101 0.971670
vt 0.118183 0.029843
vt 0.144926 0.073461
vt 0.129570 0.045233
vt 0.149283 0.153999
vt 0.182342 0.179088
vt 0.231253 0.203799
vt 0.168411 0.083990
vt 0.153042 0.094099
vt 0.220596 0.148258
vt 0.248810 0.101772
vt 0.239836 0.053185
vt 0.117828 0.121403
vt 0.125680 0.135924
vt 0.140360 0.129762
vt 0.128907 0.132124
vt 0.121359 0.122535
vt 0.127013 0.106951
vt 0.207493 0.053887
vt 0.239255 0.029001
vt 0.126980 0.020654
vt 0.148316 0.092370
vt 0.151150 0.026236
vt 0.140989 0.014469
vt 0.149324 0.122993
vt 0.163001 0.078797
vt 0.633007 0.581758
vt 0.336014 0.520905
vt 0.357236 0.595392
vt 0.184635 0.392333
vt 0.360482 0.624604
vt 0.355932 0.572737
vt 0.168362 0.376029
vt 0.075053 0.033277
vt 0.194262 0.362920
vt 0.516645 0.293330
vt 0.102078 0.992728
vt 0.172755 0.348643
vt 0.767954 0.005153
vt 0.203944 0.045633
vt 0.177930 0.063878
vt 0.490273 0.297683
vt 0.195626 0.383205
vt 0.173763 0.375881
vt 0.383063 0.594186
vt 0.404541 0.600651
vt 0.216104 0.382680
vt 0.207882 0.393534
vt 0.140478 0.087440
vt 0.152562 0.025205
vt 0.183653 0.071473
vt 0.127980 0.101065
vt 0.350026 0.549220
vt 0.598864 0.598609
vt 0.164397 0.362125
vt 0.204449 0.372783
vt 0.185126 0.372748
vt 0.893932 0.245940
vt 0.113851 0.597918
vt 0.254373 0.015138
vt 0.410005 0.629187
vt 0.144643 0.013694
vt 0.997724 0.201100
vt 0.136484 0.002089
vt 0.289618 0.276535
vt 0.460734 0.296303
vt 0.488795 0.325888
vt 0.492321 0.310226
vt 0.460278 0.379845
vt 0.501413 0.342314
vt 0.535384 0.311524
vt 0.503803 0.327692
vt 0.527734 0.321239
vt 0.508165 0.305932
vt 0.527452 0.300399
vt 0.417640 0.297499
vt 0.603473 0.355301
vt 0.422855 0.322275
vt 0.577909 0.394522
vt 0.625925 0.341990
vt 0.606136 0.344285
vt 0.622131 0.351780
vt 0.141401 0.003080
vt 0.478502 0.358120
vt 0.544011 0.331625
vt 0.517003 0.369348
vt 0.555705 0.340051
vt 0.455391 0.339497
vt 0.622026 0.387812
vt 0.631010 0.336032
vt 0.158319 0.020079
vt 0.438350 0.334944
vt 0.436143 0.320220
vt 0.610010 0.332486
vt 0.486693 0.390590
vt 0.476044 0.369335
vt 0.545866 0.320242
vt 0.524498 0.330791
vt 0.451357 0.309790
vt 0.434826 0.302895
vt 0.477175 0.310873
vt 0.424807 0.331687
vt 0.609836 0.380699
vt 0.461554 0.323543
vt 0.641702 0.351915
vt 0.525484 0.313107
vt 0.521987 0.340886
vt 0.509517 0.315432
vt 0.420164 0.310320
vt 0.435270 0.309952
vt 0.450775 0.301787
vt 0.542278 0.345033
vt 0.514832 0.374910
vt 0.613184 0.360430
vt 0.495363 0.369894
vt 0.551307 0.310698
vt 0.425935 0.349128
vt 0.439959 0.350146
vt 0.628612 0.371020
vt 0.634798 0.363283
vt 0.560983 0.364247
vt 0.441767 0.365298
vt 0.477162 0.297871
vt 0.496689 0.359600
vt 0.436236 0.379059
vt 0.560189 0.402415
vt 0.583604 0.339683
vt 0.597811 0.413433
vt 0.449438 0.321303
vt 0.650610 0.341635
vt 0.596040 0.373333
vt 0.397332 0.894779
vt 0.445370 0.902531
vt 0.195892 0.356871
vt 0.343801 0.888232
vt 0.350252 0.859748
vt 0.229301 0.377937
vt 0.045739 0.569257
vt 0.426665 0.889120
vt 0.578270 0.404928
vt 0.536110 0.366359
vt 0.620230 0.399426
vt 0.540689 0.407802
vt 0.436098 0.385699
vt 0.458841 0.353728
vt 0.506099 0.397656
vt 0.577739 0.368327
vt 0.527395 0.402951
vt 0.029172 0.171005
vt 0.025830 0.168981
vt 0.041648 0.219978
vt 0.029861 0.243811
vt 0.024721 0.222222
vt 0.016001 0.185490
vt 0.019481 0.187215
vt 0.038927 0.223972
vt 0.997799 0.461285
vt 0.003140 0.235388
vt 0.004630 0.218374
vt 0.997583 0.521857
vt 0.020908 0.248633
vt 0.997470 0.347273
vt 0.518505 0.357115
vt 0.424947 0.359946
vt 0.536777 0.356246
vt 0.421028 0.373759
vt 0.617002 0.414175
vt 0.600459 0.401389
vt 0.532410 0.381935
vt 0.542615 0.401187
vt 0.580607 0.350720
vt 0.576672 0.416164
vt 0.524897 0.411835
vt 0.085546 0.835059
vt 0.221824 0.355084
vt 0.097141 0.852906
vt 0.168967 0.798590
vt 0.157277 0.861668
vt 0.162509 0.816938
vt 0.233059 0.832551
vt 0.291583 0.845729
vt 0.287112 0.880561
vt 0.558155 0.389877
vt 0.240352 0.361470
vt 0.404034 0.872908
vt 0.104226 0.594883
vt 0.015411 0.235470
vt 0.838092 0.357294
vt 0.866659 0.296515
vt 0.825548 0.386207
vt 0.811019 0.419696
vt 0.899440 0.411540
vt 0.997985 0.408992
vt 0.152833 0.911883
vt 0.998420 0.306885
vt 0.281380 0.922762
vt 0.222509 0.363980
vt 0.342042 0.927550
vt 0.082258 0.585443
vt 0.993899 0.309157
vt 0.979408 0.453484
vt 0.974042 0.502368
vt 0.979647 0.537826
vt 0.817477 0.434621
vt 0.843608 0.386564
vt 0.410617 0.866761
vt 0.999018 0.289950
vt 0.389268 0.930809
vt 0.223865 0.917939
vt 0.389612 0.926251
vt 0.952933 0.440366
vt 0.866702 0.479272
vt 0.930469 0.521568
vt 0.885624 0.463952
vt 0.829206 0.421046
vt 0.355932 0.849909
vt 0.021197 0.883159
vt 0.296299 0.836947
vt 0.239482 0.821470
vt 0.227867 0.872070
vt 0.888902 0.449818
vt 0.984042 0.411279
vt 0.958395 0.402315
vt 0.856043 0.356794
vt 0.908538 0.378493
vt 0.942597 0.501719
vt 0.015391 0.887826
vt 0.158971 0.798078
vt 0.025823 0.896935
vt 0.097150 0.695936
vt 0.031143 0.688624
vt 0.039971 0.784750
vt 0.946607 0.484441
vt 0.988575 0.350815
vt 0.968720 0.286764
vt 0.962553 0.336055
vt 0.890364 0.260255
vt 0.898128 0.245180
vt 0.989217 0.315587
vt 0.903325 0.235834
vt 0.123875 0.677758
vt 0.011349 0.873836
vt 0.095733 0.626405
vt 0.074912 0.635397
vt 0.082314 0.653041
vt 0.070500 0.706474
vt 0.057252 0.639870
vt 0.003043 0.791209
vt 0.164967 0.675674
vt 0.066951 0.620737
vt 0.003497 0.585243
vt 0.574281 0.591526
vt 0.536543 0.614574
vt 0.912901 0.234901
vt 0.879936 0.298629
vt 0.253144 0.364201
vt 0.265785 0.405868
vt 0.084482 0.783653
vt 0.111728 0.763822
vt 0.076978 0.742233
vt 0.103904 0.727390
vt 0.061314 0.666203
vt 0.925052 0.313590
vt 0.933315 0.256277
vt 0.044102 0.829213
vt 0.058820 0.683285
vt 0.034814 0.729555
vt 0.081450 0.607802
vt 0.003331 0.693952
vt 0.445721 0.864093
vt 0.003446 0.639390
vt 0.210320 0.395727
vt 0.218645 0.384820
vt 0.003224 0.733667
vt 0.524696 0.620804
vt 0.512496 0.625190
vt 0.109080 0.591303
vt 0.221434 0.288808
vt 0.130618 0.603345
vt 0.234271 0.330139
vt 0.088351 0.577940
vt 0.054028 0.561809
vt 0.130447 0.620873
vt 0.414053 0.862283
vt 0.154022 0.658316
vt 0.023520 0.597211
vt 0.027661 0.639397
vt 0.134840 0.700968
vt 0.147542 0.727852
vt 0.044178 0.596863
vt 0.177645 0.695780
vt 0.051862 0.639397
vt 0.002607 0.876059
vt 0.897621 0.233410
vt 0.893688 0.240166
vt 0.240385 0.327313
vt 0.247361 0.363699
vt 0.044954 0.523018
vt 0.009833 0.545716
vt 0.066467 0.725449
vt 0.056001 0.605417
vt 0.203582 0.411828
vt 0.076897 0.778297
vt 0.024179 0.584895
vt 0.054166 0.629054
vt 0.003490 0.597559
vt 0.038583 0.574479
vt 0.213974 0.400430
vt 0.202658 0.406839
vt 0.552822 0.605574
vt 0.585775 0.459439
vt 0.569305 0.488226
vt 0.440360 0.610317
vt 0.488899 0.488564
vt 0.589337 0.484794
vt 0.617228 0.430901
vt 0.409386 0.442683
vt 0.436822 0.454912
vt 0.380453 0.568339
vt 0.395458 0.547307
vt 0.599225 0.577030
vt 0.628822 0.565155
vt 0.497654 0.455842
vt 0.519677 0.524029
vt 0.508817 0.593014
vt 0.501053 0.522426
vt 0.378539 0.275521
vt 0.457278 0.286590
vt 0.397705 0.278961
vt 0.462814 0.279163
vt 0.417093 0.281400
vt 0.362438 0.250998
vt 0.361866 0.261645
vt 0.462332 0.287105
vt 0.379451 0.255651
vt 0.177618 0.437647
vt 0.168877 0.469008
vt 0.124090 0.581446
vt 0.142821 0.533032
vt 0.212412 0.442149
vt 0.214522 0.458469
vt 0.199156 0.453218
vt 0.508428 0.489821
vt 0.521860 0.614893
vt 0.481418 0.521147
vt 0.631130 0.578113
vt 0.598216 0.586858
vt 0.445077 0.501255
vt 0.572455 0.586114
vt 0.572710 0.579286
vt 0.432880 0.529922
vt 0.395751 0.471964
vt 0.462479 0.515618
vt 0.565874 0.575858
vt 0.569717 0.519282
vt 0.563697 0.489594
vt 0.131159 0.913699
vt 0.342851 0.992202
vt 0.418918 0.994434
vt 0.004756 0.912750
vt 0.008002 0.903831
vt 0.086242 0.969816
vt 0.202866 0.922329
vt 0.140873 0.976785
vt 0.206060 0.984250
vt 0.575182 0.515983
vt 0.577142 0.546453
vt 0.378181 0.460578
vt 0.392203 0.434143
vt 0.622487 0.540501
vt 0.613169 0.481248
vt 0.361808 0.486317
vt 0.617032 0.510684
vt 0.494568 0.970436
vt 0.653880 0.951845
vt 0.202223 0.927648
vt 0.672486 0.951657
vt 0.574738 0.993893
vt 0.136454 0.946803
vt 0.654289 0.993439
vt 0.130634 0.918894
vt 0.506051 0.422780
vt 0.525549 0.418163
vt 0.495504 0.993996
vt 0.087853 0.966043
vt 0.493988 0.947447
vt 0.417638 0.969163
vt 0.596996 0.544661
vt 0.554931 0.464127
vt 0.572331 0.546421
vt 0.593132 0.514097
vt 0.538139 0.413976
vt 0.546557 0.434453
vt 0.573944 0.949946
vt 0.204077 0.955495
vt 0.654028 0.972655
vt 0.271507 0.934291
vt 0.454263 0.548808
vt 0.447287 0.431428
vt 0.417448 0.582358
vt 0.424639 0.562563
vt 0.338797 0.517820
vt 0.417677 0.382040
vt 0.557360 0.412193
vt 0.503906 0.418795
vt 0.574267 0.971680
vt 0.654289 0.993439
vt 0.673362 0.972274
vt 0.690718 0.995180
vt 0.688952 0.948317
vt 0.574738 0.993893
vt 0.674212 0.993011
vt 0.688818 0.952227
vt 0.689724 0.972030
vt 0.415147 0.389747
vt 0.421363 0.421056
vt 0.346707 0.507112
vt 0.364357 0.529621
vt 0.549849 0.431664
vt 0.435147 0.393876
vt 0.595873 0.423591
vt 0.357340 0.543538
vt 0.690503 0.991926
vt 0.654368 0.996800
vt 0.140153 0.981313
vt 0.205722 0.988342
vt 0.672543 0.947775
vt 0.339858 0.936399
vt 0.653873 0.947907
vt 0.573970 0.946107
vt 0.480071 0.447288
vt 0.595887 0.434592
vt 0.274918 0.992336
vt 0.654028 0.972655
vt 0.342718 0.995746
vt 0.418890 0.997544
vt 0.467704 0.441204
vt 0.491066 0.422016
vt 0.479641 0.410675
vt 0.617608 0.423044
vt 0.572723 0.434393
vt 0.556181 0.431931
vt 0.674369 0.996261
vt 0.416548 0.940751
vt 0.007613 0.908679
vt 0.271877 0.930658
vt 0.275079 0.989378
vt 0.456965 0.396001
vt 0.613947 0.459648
vt 0.447772 0.576174
vt 0.560588 0.461872
vt 0.403705 0.415833
vt 0.057264 0.558296
vt 0.160744 0.446793
vt 0.176273 0.416287
vt 0.573944 0.949946
vt 0.653880 0.951845
vt 0.275079 0.989378
vt 0.058843 0.531846
vt 0.028731 0.544091
vt 0.153823 0.459470
vt 0.193224 0.415756
vt 0.493988 0.947447
vt 0.416381 0.944333
vt 0.672486 0.951657
vt 0.206060 0.984250
vt 0.474942 0.552620
vt 0.195910 0.417616
vt 0.469604 0.484019
vt 0.223920 0.445285
vt 0.473214 0.569699
vt 0.456844 0.469643
vt 0.186259 0.423916
vt 0.510816 0.620509
vt 0.498911 0.625849
vt 0.191898 0.428277
vt 0.339576 0.940416
vt 0.272936 0.962068
vt 0.130634 0.918894
vt 0.202223 0.927648
vt 0.204077 0.955495
vt 0.136454 0.946803
vt 0.218175 0.436921
vt 0.190446 0.417250
vt 0.417638 0.969163
vt 0.494568 0.970436
vt 0.007613 0.908679
vt 0.199702 0.405282
vt 0.195536 0.403443
vt 0.166701 0.434334
vt 0.185176 0.408013
vt 0.534739 0.607404
vt 0.271507 0.934291
vt 0.574807 0.997126
vt 0.341597 0.966526
vt 0.182845 0.477426
vt 0.146641 0.564413
vt 0.191447 0.486834
vt 0.495678 0.599921
vt 0.137877 0.494596
vt 0.125303 0.486012
vt 0.081587 0.509814
vt 0.314914 0.256864
vt 0.463285 0.271267
vt 0.458572 0.270706
vt 0.438416 0.267262
vt 0.361490 0.272138
vt 0.398231 0.269276
vt 0.344203 0.267833
vt 0.398747 0.259759
vt 0.296545 0.232247
vt 0.184401 0.443804
vt 0.099792 0.545520
vt 0.137821 0.587606
vt 0.131812 0.557159
vt 0.172587 0.514316
vt 0.163371 0.503679
vt 0.158109 0.540492
vt 0.417648 0.272379
vt 0.344668 0.256794
vt 0.345135 0.246106
vt 0.437767 0.275565
vt 0.437139 0.284057
vt 0.690503 0.991926
vt 0.689724 0.972030
vt 0.379084 0.265682
vt 0.165130 0.454620
vt 0.122066 0.526471
vt 0.418274 0.263587
vt 0.327965 0.262767
vt 0.327855 0.251177
vt 0.327321 0.240330
vt 0.219844 0.451779
vt 0.091246 0.569183
vt 0.205965 0.448250
vt 0.095610 0.519093
vt 0.154765 0.465571
vt 0.153571 0.475359
vt 0.688818 0.952227
vt 0.418918 0.994434
vt 0.087853 0.966043
vt 0.423604 0.485599
vt 0.381225 0.500721
vt 0.511160 0.611946
vt 0.458461 0.549227
vt 0.543067 0.521532
vt 0.494959 0.559976
vt 0.538879 0.492797
vt 0.540052 0.469172
vt 0.527119 0.443370
vt 0.466489 0.287245
vt 0.397594 0.280147
vt 0.327630 0.264470
vt 0.417000 0.282576
vt 0.343980 0.269383
vt 0.437048 0.285292
vt 0.524616 0.584726
vt 0.510064 0.606883
vt 0.409685 0.515926
vt 0.493367 0.424771
vt 0.474485 0.485234
vt 0.546402 0.587044
vt 0.484011 0.449499
vt 0.451901 0.578811
vt 0.532308 0.601219
vt 0.548660 0.591443
vt 0.296806 0.230410
vt 0.379657 0.254128
vt 0.345477 0.244099
vt 0.398910 0.258398
vt 0.438551 0.265797
vt 0.362654 0.249624
vt 0.497926 0.618397
vt 0.529759 0.596003
vt 0.457185 0.287875
vt 0.462262 0.288350
vt 0.463430 0.269788
vt 0.458703 0.269203
vt 0.544589 0.571507
vt 0.495797 0.613503
vt 0.544811 0.548094
vt 0.466961 0.279627
vt 0.378386 0.276869
vt 0.466816 0.519264
vt 0.327628 0.238366
vt 0.339576 0.940416
vt 0.295685 0.233703
vt 0.518673 0.557591
vt 0.361350 0.273261
vt 0.467397 0.272040
vt 0.574267 0.971680
vt 0.341597 0.966526
vt 0.549320 0.598622
vt 0.140873 0.976785
vt 0.495547 0.997075
vt 0.314380 0.258249
vt 0.457910 0.278651
vt 0.342851 0.992202
vt 0.272936 0.962068
vt 0.416381 0.944333
vt 0.494072 0.943698
vt 0.495504 0.993996
vt 0.418421 0.262160
vt 0.539102 0.304129
vt 0.481587 0.342369
vt 0.462189 0.309714
vt 0.476061 0.325502
vt 0.179250 0.006585
vt 0.848912 0.078763
vt 0.131069 0.108273
vt 0.152209 0.149355
vt 0.237563 0.023791
vt 0.884897 0.257595
vt 0.172889 0.401708
vt 0.170082 0.420775
vt 0.161238 0.163568
vt 0.561658 0.353953
vt 0.387991 0.621359
vt 0.890687 0.701318
vt 0.897460 0.682227
vt 0.842372 0.715894
vt 0.890976 0.681678
vt 0.901021 0.696452
vt 0.070522 0.187356
vt 0.350014 0.635847
vt 0.126703 0.188281
vt 0.352283 0.648715
vt 0.761815 0.720196
vt 0.888818 0.002278
vt 0.801245 0.005053
vt 0.846336 0.000625
vt 0.309299 0.297538
vt 0.385040 0.782232
vt 0.286157 0.598682
vt 0.340927 0.765384
vt 0.088667 0.170705
vt 0.820867 0.002394
vt 0.836645 0.581575
vt 0.606316 0.757660
vt 0.994538 0.012790
vt 0.321086 0.311962
vt 0.619030 0.741514
vt 0.648415 0.708536
vt 0.786272 0.552097
vt 0.887095 0.527231
vt 0.707339 0.681754
vt 0.646573 0.830968
vt 0.722467 0.624539
vt 0.286214 0.663001
vt 0.061340 0.231065
vt 0.677727 0.680105
vt 0.827189 0.547878
vt 0.208455 0.695030
vt 0.054607 0.241997
vt 0.047988 0.235916
vt 0.116456 0.151903
vt 0.097880 0.240490
vt 0.129249 0.160332
vt 0.055364 0.228347
vt 0.323913 0.701499
vt 0.681497 0.825997
vt 0.665746 0.827591
vt 0.683399 0.634358
vt 0.752903 0.596039
vt 0.709269 0.556601
vt 0.610203 0.799300
vt 0.872243 0.518284
vt 0.855901 0.534169
vt 0.821049 0.605205
vt 0.772902 0.569337
vt 0.588979 0.709172
vt 0.698668 0.526085
vt 0.631244 0.798814
vt 0.217098 0.708389
vt 0.884094 0.503596
vt 0.651480 0.777175
vt 0.687930 0.544195
vt 0.686064 0.537480
vt 0.591112 0.848037
vt 0.984163 0.042138
vt 0.995954 0.216102
vt 0.916225 0.679334
vt 0.344584 0.624478
vt 0.250477 0.531048
vt 0.998899 0.152956
vt 0.996860 0.238715
vt 0.998346 0.178042
vt 0.767656 0.706363
vt 0.294846 0.622521
vt 0.086713 0.251857
vt 0.288033 0.498859
vt 0.302157 0.669878
vt 0.395199 0.764269
vt 0.374879 0.775110
vt 0.345348 0.757953
vt 0.892746 0.509537
vt 0.597510 0.855331
vt 0.877431 0.578816
vt 0.621213 0.840792
vt 0.069157 0.210569
vt 0.121080 0.212220
vt 0.611730 0.674070
vt 0.340325 0.774993
vt 0.276116 0.495439
vt 0.336028 0.725172
vt 0.312578 0.684041
vt 0.367672 0.782431
vt 0.294339 0.641147
vt 0.331787 0.493737
vt 0.867271 0.620478
vt 0.280183 0.719223
vt 0.304287 0.485808
vt 0.269085 0.691556
vt 0.215182 0.691646
vt 0.880301 0.553443
vt 0.718513 0.656716
vt 0.035005 0.246222
vt 0.069379 0.281619
vt 0.288707 0.746975
vt 0.223375 0.705062
vt 0.879991 0.612624
vt 0.245375 0.621951
vt 0.221442 0.628885
vt 0.254644 0.652459
vt 0.032676 0.257486
vt 0.808201 0.077943
vt 0.233423 0.589294
vt 0.839261 0.629213
vt 0.692339 0.790682
vt 0.812438 0.638462
vt 0.701338 0.769078
vt 0.260422 0.672954
vt 0.687233 0.815256
vt 0.337964 0.610645
vt 0.313606 0.617370
vt 0.263397 0.539667
vt 0.821769 0.154732
vt 0.826718 0.140540
vt 0.695994 0.767207
vt 0.700544 0.711958
vt 0.341224 0.626525
vt 0.333050 0.675272
vt 0.884836 0.588103
vt 0.888998 0.553490
vt 0.689061 0.817282
vt 0.893560 0.530819
vt 0.697559 0.794667
vt 0.744711 0.655170
vt 0.814340 0.641681
vt 0.767552 0.651926
vt 0.839320 0.632690
vt 0.681945 0.829317
vt 0.329792 0.561229
vt 0.328779 0.679058
vt 0.319104 0.680957
vt 0.308691 0.633914
vt 0.328967 0.698996
vt 0.337270 0.694676
vt 0.894836 0.116355
vt 0.898485 0.510651
vt 0.928783 0.113280
vt 0.900310 0.132668
vt 0.599589 0.860149
vt 0.922972 0.089135
vt 0.623886 0.848257
vt 0.769235 0.644647
vt 0.793202 0.646945
vt 0.740878 0.646494
vt 0.317223 0.650373
vt 0.355659 0.720116
vt 0.306443 0.594305
vt 0.370033 0.755295
vt 0.298373 0.569858
vt 0.372407 0.716548
vt 0.702075 0.741186
vt 0.316580 0.633831
vt 0.277807 0.526129
vt 0.341712 0.691816
vt 0.348132 0.649713
vt 0.388163 0.746208
vt 0.344157 0.638258
vt 0.257537 0.730733
vt 0.212314 0.676178
vt 0.079226 0.273542
vt 0.040382 0.247756
vt 0.072967 0.263783
vt 0.829150 0.081816
vt 0.664871 0.832100
vt 0.645522 0.838506
vt 0.844047 0.154243
vt 0.846680 0.144110
vt 0.897230 0.084233
vt 0.324255 0.661335
vt 0.718097 0.070576
vt 0.736280 0.102596
vt 0.394002 0.800565
vt 0.305758 0.465604
vt 0.749099 0.087137
vt 0.749377 0.065631
vt 0.739169 0.107749
vt 0.330125 0.487931
vt 0.332296 0.521183
vt 0.289934 0.522615
vt 0.356457 0.665996
vt 0.243647 0.554978
vt 0.254483 0.554381
vt 0.798470 0.140198
vt 0.760514 0.068392
vt 0.758869 0.090929
vt 0.361980 0.683410
vt 0.783133 0.073149
vt 0.874551 0.083745
vt 0.846958 0.081918
vt 0.778254 0.108884
vt 0.871783 0.135090
vt 0.875396 0.144766
vt 0.275670 0.575602
vt 0.802673 0.129703
vt 0.306361 0.619053
vt 0.079936 0.257759
vt 0.414233 0.801098
vt 0.058743 0.284469
vt 0.380553 0.791750
vt 0.933024 0.961924
vt 0.923230 0.972457
vt 0.927088 0.949719
vt 0.924922 0.962228
vt 0.479960 0.906288
vt 0.945144 0.961411
vt 0.553365 0.911590
vt 0.515014 0.906911
vt 0.469619 0.904016
vt 0.557205 0.902682
vt 0.474353 0.912675
vt 0.934372 0.952236
vt 0.905384 0.952077
vt 0.886256 0.974616
vt 0.510131 0.917793
vt 0.927910 0.974454
vt 0.922549 0.952019
vt 0.502030 0.913368
vt 0.551856 0.910162
vt 0.517850 0.910851
vt 0.908331 0.953455
vt 0.905652 0.972473
vt 0.942223 0.955046
vt 0.941115 0.961580
vt 0.946512 0.966546
vt 0.475063 0.870093
vt 0.507995 0.914695
vt 0.946101 0.956157
vt 0.695189 0.957082
vt 0.885737 0.951603
vt 0.482466 0.821981
vt 0.773122 0.956854
vt 0.908985 0.970815
vt 0.695335 0.971452
vt 0.951047 0.970826
vt 0.942223 0.955046
vt 0.948150 0.973915
vt 0.953196 0.961040
vt 0.881415 0.972639
vt 0.902722 0.971345
vt 0.935101 0.971670
vt 0.942851 0.968075
vt 0.548687 0.912907
vt 0.548842 0.910087
vt 0.474880 0.904644
vt 0.501465 0.920251
vt 0.470477 0.868967
vt 0.561836 0.885896
vt 0.547211 0.866416
vt 0.533841 0.907834
vt 0.534455 0.911022
vt 0.933086 0.723835
vt 0.933541 0.704273
vt 0.935819 0.696128
vt 0.941200 0.686539
vt 0.950360 0.702865
vt 0.951396 0.688729
vt 0.780214 0.723898
vt 0.917706 0.668879
vt 0.766989 0.737532
vt 0.926716 0.672684
vt 0.913168 0.683886
vt 0.915046 0.650003
vt 0.911550 0.670230
vt 0.941073 0.678514
vt 0.786477 0.722316
vt 0.793953 0.739184
vt 0.930769 0.679039
vt 0.916159 0.661941
vt 0.797411 0.741054
vt 0.920237 0.679084
vt 0.915735 0.674854
vt 0.787159 0.728990
vt 0.921881 0.660246
vt 0.780826 0.737519
vt 0.935799 0.673788
vt 0.772992 0.731233
vt 0.765114 0.744080
vt 0.932084 0.669225
vt 0.788225 0.736414
vt 0.928796 0.664191
vt 0.766723 0.730610
vt 0.772617 0.737572
vt 0.768290 0.723716
vt 0.919884 0.651663
vt 0.780622 0.729348
vt 0.924114 0.666478
vt 0.919464 0.675439
vt 0.923205 0.686683
vt 0.934712 0.683884
vt 0.910827 0.664494
vt 0.791816 0.734455
vt 0.773602 0.714513
vt 0.918178 0.654144
vt 0.914722 0.654986
vt 0.773556 0.723857
vt 0.925947 0.658884
vt 0.438528 0.654455
vt 0.665411 0.433822
vt 0.661994 0.416262
vt 0.687173 0.432598
vt 0.652323 0.400767
vt 0.676890 0.431671
vt 0.692594 0.458966
vt 0.504341 0.679480
vt 0.527242 0.657785
vt 0.540229 0.640188
vt 0.502651 0.664655
vt 0.458826 0.658419
vt 0.559347 0.922675
vt 0.565889 0.919822
vt 0.731584 0.525850
vt 0.563325 0.665201
vt 0.596078 0.757416
vt 0.600850 0.642377
vt 0.566737 0.886508
vt 0.934604 0.741185
vt 0.828333 0.832405
vt 0.916086 0.682648
vt 0.951164 0.722436
vt 0.821604 0.539361
vt 0.601109 0.798152
vt 0.592635 0.637316
vt 0.674095 0.673433
vt 0.846382 0.526947
vt 0.677314 0.536794
vt 0.716810 0.621355
vt 0.786114 0.541248
vt 0.703151 0.564528
vt 0.864497 0.511137
vt 0.682118 0.546581
vt 0.696009 0.518841
vt 0.596769 0.822074
vt 0.879427 0.496777
vt 0.575621 0.755944
vt 0.540942 0.659467
vt 0.561189 0.629195
vt 0.540115 0.672653
vt 0.562060 0.717489
vt 0.933586 0.755583
vt 0.777351 0.713114
vt 0.769957 0.712733
vt 0.702738 0.496535
vt 0.690728 0.496475
vt 0.579514 0.706535
vt 0.584843 0.843756
vt 0.774250 0.518360
vt 0.807890 0.517938
vt 0.729720 0.504842
vt 0.813293 0.868548
vt 0.954882 0.761743
vt 0.989124 0.742243
vt 0.976246 0.751267
vt 0.816722 0.864094
vt 0.950370 0.758142
vt 0.963753 0.754496
vt 0.957639 0.745452
vt 0.975083 0.742012
vt 0.800774 0.870580
vt 0.808608 0.875339
vt 0.978544 0.761940
vt 0.966920 0.775739
vt 0.804943 0.859894
vt 0.816093 0.852403
vt 0.987803 0.752745
vt 0.821794 0.860007
vt 0.810366 0.855651
vt 0.580402 0.785526
vt 0.839261 0.629213
vt 0.621213 0.840792
vt 0.877431 0.578816
vt 0.597510 0.855331
vt 0.821049 0.605205
vt 0.790371 0.744501
vt 0.780882 0.745705
vt 0.770445 0.754650
vt 0.681497 0.825997
vt 0.665746 0.827591
vt 0.781354 0.710751
vt 0.646573 0.830968
vt 0.774979 0.709584
vt 0.960059 0.768394
vt 0.968554 0.764370
vt 0.989742 0.760668
vt 0.650989 0.536113
vt 0.826073 0.870794
vt 0.880301 0.553443
vt 0.879991 0.612624
vt 0.867271 0.620478
vt 0.812438 0.638462
vt 0.709269 0.556601
vt 0.892746 0.509537
vt 0.772485 0.744801
vt 0.773256 0.972009
vt 0.946512 0.966546
vt 0.945144 0.961411
vt 0.942985 0.981635
vt 0.933839 0.937445
vt 0.032580 0.270072
vt 0.045176 0.283591
vt 0.037693 0.279150
vt 0.337849 0.586950
vt 0.299095 0.621985
vt 0.790328 0.652881
vt 0.870346 0.624438
vt 0.299681 0.638944
vt 0.363838 0.758893
vt 0.682928 0.853902
vt 0.884063 0.615681
vt 0.708529 0.740788
vt 0.707015 0.712894
vt 0.723448 0.662937
vt 0.689820 0.869704
vt 0.711438 0.683008
vt 0.940871 0.941470
vt 0.927088 0.949719
vt 0.933024 0.961924
vt 0.927910 0.974454
vt 0.946855 0.948644
vt 0.902123 0.953495
vt 0.946101 0.956157
vt 0.941115 0.961580
vt 0.950037 0.951980
vt 0.942851 0.968075
vt 0.934372 0.952236
vt 0.924922 0.962228
vt 0.907049 0.997380
vt 0.761367 0.751571
vt 0.910912 0.653686
vt 0.195693 0.490176
vt 0.981485 0.153334
vt 0.836003 0.874299
vt 0.176936 0.068172
vt 0.789842 0.863856
vt 0.605224 0.825981
vt 0.881941 0.806569
vt 0.891609 0.812877
vt 0.878635 0.812039
vt 0.828081 0.738625
vt 0.875776 0.688188
vt 0.821753 0.736768
vt 0.880122 0.695345
vt 0.832466 0.749607
vt 0.885344 0.681238
vt 0.776502 0.782811
vt 0.803596 0.819499
vt 0.811987 0.829351
vt 0.958978 0.679289
vt 0.873473 0.690226
vt 0.871863 0.803168
vt 0.877934 0.817318
vt 0.791403 0.752560
vt 0.815526 0.747816
vt 0.829496 0.824307
vt 0.737597 0.367366
vt 0.765812 0.771403
vt 0.755150 0.771726
vt 0.821762 0.792324
vt 0.724569 0.377019
vt 0.733300 0.377399
vt 0.824345 0.750986
vt 0.980378 0.784313
vt 0.972311 0.782015
vt 0.860971 0.799542
vt 0.906838 0.762776
vt 0.912553 0.765675
vt 0.871385 0.831589
vt 0.869532 0.823058
vt 0.909330 0.755553
vt 0.856164 0.814001
vt 0.882601 0.690486
vt 0.871933 0.685873
vt 0.780695 0.755594
vt 0.819425 0.837706
vt 0.884563 0.685822
vt 0.875710 0.682171
vt 0.834868 0.715000
vt 0.838606 0.711644
vt 0.801378 0.839830
vt 0.792239 0.777683
vt 0.837544 0.716927
vt 0.987865 0.696320
vt 0.761430 0.855481
vt 0.970258 0.702426
vt 0.978978 0.680763
vt 0.974324 0.717476
vt 0.992906 0.709070
vt 0.792315 0.827355
vt 0.772237 0.845143
vt 0.997764 0.719619
vt 0.963797 0.690239
vt 0.765095 0.787271
vt 0.809943 0.760143
vt 0.747890 0.794645
vt 0.819998 0.764449
vt 0.815087 0.777154
vt 0.811238 0.812160
vt 0.894712 0.767464
vt 0.905164 0.775644
vt 0.900747 0.772534
vt 0.830338 0.867102
vt 0.733421 0.385321
vt 0.836003 0.874299
vt 0.718838 0.372157
vt 0.826400 0.813473
vt 0.715070 0.379864
vt 0.732098 0.359156
vt 0.818193 0.802162
vt 0.829249 0.778621
vt 0.805651 0.775699
vt 0.722273 0.385036
vt 0.826727 0.377583
vt 0.829207 0.366980
vt 0.717043 0.364995
vt 0.820265 0.784589
vt 0.829790 0.803852
vt 0.549564 0.864377
vt 0.941115 0.961580
vt 0.942851 0.968075
vt 0.946512 0.966546
vt 0.945144 0.961411
vt 0.773122 0.956854
vt 0.973748 0.233772
vt 0.971424 0.217125
vt 0.982724 0.023712
vt 0.974464 0.004067
vt 0.946101 0.956157
vt 0.494358 0.831800
vt 0.532073 0.856076
vt 0.531105 0.845871
vt 0.715316 0.909298
vt 0.691552 0.928628
vt 0.757370 0.921081
vt 0.780271 0.905578
vt 0.534455 0.911022
vt 0.474353 0.912675
vt 0.737417 0.909551
vt 0.533841 0.907834
vt 0.469385 0.906430
vt 0.470477 0.868967
vt 0.510131 0.917793
vt 0.469619 0.904016
vt 0.536584 0.854673
vt 0.501465 0.920251
vt 0.479960 0.906288
vt 0.475063 0.870093
vt 0.948019 0.615449
vt 0.997525 0.618726
vt 0.529847 0.836048
vt 0.562347 0.875864
vt 0.474880 0.904644
vt 0.548687 0.912907
vt 0.504012 0.836218
vt 0.517850 0.910851
vt 0.551856 0.910162
vt 0.515014 0.906911
vt 0.943311 0.651471
vt 0.990658 0.621637
vt 0.938592 0.573463
vt 0.506137 0.814093
vt 0.978827 0.598458
vt 0.557205 0.902682
vt 0.553365 0.911590
vt 0.932573 0.640131
vt 0.507995 0.914695
vt 0.502030 0.913368
vt 0.883100 0.997268
vt 0.772888 0.991699
vt 0.905652 0.972473
vt 0.905384 0.952077
vt 0.902722 0.971345
vt 0.908331 0.953455
vt 0.886256 0.974616
vt 0.922549 0.952019
vt 0.773256 0.972009
vt 0.951047 0.970826
vt 0.946512 0.966546
vt 0.902123 0.953495
vt 0.934372 0.952236
vt 0.924922 0.962228
vt 0.927910 0.974454
vt 0.695189 0.957082
vt 0.881446 0.929942
vt 0.933024 0.961924
vt 0.935101 0.971670
vt 0.875326 0.936729
vt 0.695335 0.971452
vt 0.875326 0.936729
vt 0.694253 0.942529
vt 0.772888 0.991699
vt 0.876239 0.990339
vt 0.886256 0.974616
vt 0.958402 0.542692
vt 0.923230 0.972457
vt 0.902123 0.953495
vt 0.695189 0.957082
vt 0.953196 0.961040
vt 0.695335 0.971452
vt 0.885737 0.951603
vt 0.950037 0.951980
vt 0.948150 0.973915
vt 0.908985 0.970815
vt 0.927088 0.949719
vt 0.940535 0.643168
vt 0.982491 0.608911
vt 0.881642 0.953888
vt 0.946101 0.956157
vt 0.946855 0.948644
vt 0.991037 0.606190
vt 0.988335 0.562162
vt 0.956255 0.616188
vt 0.958402 0.542692
vt 0.881415 0.972639
vt 0.945144 0.961411
vt 0.780809 0.834434
vt 0.809126 0.740503
vt 0.798254 0.754073
vt 0.788974 0.846313
vt 0.779628 0.860828
vt 0.991032 0.733666
vt 0.876375 0.685200
vt 0.692363 0.371633
vt 0.739987 0.391342
vt 0.739268 0.404636
vt 0.778122 0.370923
vt 0.705804 0.379095
vt 0.794905 0.373209
vt 0.779110 0.380117
vt 0.727186 0.407345
vt 0.729319 0.393129
vt 0.752346 0.386232
vt 0.682658 0.318616
vt 0.659565 0.299272
vt 0.656529 0.310639
vt 0.689289 0.329329
vt 0.673403 0.310315
vt 0.686728 0.333441
vt 0.695027 0.346225
vt 0.832756 0.789419
vt 0.738329 0.374476
vt 0.723937 0.360772
vt 0.754977 0.397537
vt 0.687739 0.360219
vt 0.667749 0.316329
vt 0.687868 0.346022
vt 0.813441 0.373409
vt 0.678649 0.323997
vt 0.716215 0.403234
vt 0.720193 0.391793
vt 0.848912 0.078763
vt 0.812455 0.068530
vt 0.667977 0.053177
vt 0.787806 0.067964
vt 0.812433 0.364190
vt 0.767344 0.377309
vt 0.768958 0.386687
vt 0.712292 0.388040
vt 0.706469 0.398970
vt 0.698263 0.386582
vt 0.700427 0.365475
vt 0.773846 0.364022
vt 0.794845 0.366038
vt 0.759369 0.371273
vt 0.188674 0.250438
vt 0.209193 0.230219
vt 0.220499 0.214996
vt 0.154105 0.352694
vt 0.136386 0.363010
vt 0.074815 0.326043
vt 0.350040 0.343869
vt 0.226348 0.264476
vt 0.825652 0.729433
vt 0.231218 0.392004
vt 0.248880 0.406137
vt 0.234904 0.420435
vt 0.223062 0.388257
vt 0.306718 0.326957
vt 0.240819 0.433052
vt 0.330778 0.323623
vt 0.230331 0.242927
vt 0.195956 0.341257
vt 0.241500 0.275901
vt 0.003042 0.340136
vt 0.122655 0.381560
vt 0.262259 0.257459
vt 0.364490 0.414148
vt 0.348450 0.443491
vt 0.025605 0.339792
vt 0.400469 0.371758
vt 0.129330 0.391852
vt 0.380040 0.374880
vt 0.587002 0.033017
vt 0.251262 0.294941
vt 0.256208 0.305334
vt 0.275976 0.279865
vt 0.003985 0.368441
vt 0.716196 0.024326
vt 0.717477 0.021980
vt 0.696607 0.012618
vt 0.693735 0.015787
vt 0.727759 0.029711
vt 0.883806 0.028179
vt 0.152705 0.224464
vt 0.097856 0.311835
vt 0.123613 0.296761
vt 0.170058 0.236515
vt 0.169036 0.275279
vt 0.145241 0.282973
vt 0.156478 0.276356
vt 0.024908 0.368735
vt 0.243505 0.228456
vt 0.203393 0.202589
vt 0.087373 0.288924
vt 0.027605 0.305582
vt 0.191554 0.218993
vt 0.004364 0.302561
vt 0.063313 0.297881
vt 0.592522 0.018881
vt 0.618525 0.016851
vt 0.659775 0.016162
vt 0.649712 0.036653
vt 0.615836 0.080899
vt 0.648676 0.017376
vt 0.647715 0.061924
vt 0.618196 0.059644
vt 0.289572 0.255806
vt 0.650848 0.080841
vt 0.278384 0.258918
vt 0.539820 0.097718
vt 0.155672 0.198081
vt 0.168199 0.181185
vt 0.413820 0.180506
vt 0.420796 0.242707
vt 0.586694 0.004055
vt 0.259184 0.247170
vt 0.663888 0.035001
vt 0.661265 0.062290
vt 0.641522 0.080878
vt 0.392445 0.242378
vt 0.440944 0.166085
vt 0.467307 0.151552
vt 0.285021 0.251857
vt 0.620703 0.035865
vt 0.700454 0.047726
vt 0.709579 0.317029
vt 0.724133 0.357089
vt 0.705482 0.356548
vt 0.740298 0.366623
vt 0.733716 0.356032
vt 0.215153 0.343216
vt 0.620819 0.494655
vt 0.213707 0.312993
vt 0.207137 0.345728
vt 0.358899 0.438317
vt 0.639329 0.584775
vt 0.635515 0.490680
vt 0.210116 0.280892
vt 0.741340 0.381384
vt 0.857334 0.031467
vt 0.746056 0.029042
vt 0.744835 0.034377
vt 0.719456 0.321065
vt 0.823105 0.038787
vt 0.822808 0.034543
vt 0.867602 0.027903
vt 0.810302 0.039067
vt 0.810032 0.034238
vt 0.791096 0.033768
vt 0.838994 0.037731
vt 0.849899 0.033670
vt 0.857622 0.034691
vt 0.849945 0.036674
vt 0.906578 0.074399
vt 0.167362 0.287311
vt 0.181575 0.306343
vt 0.708573 0.367070
vt 0.020849 0.402818
vt 0.008011 0.450245
vt 0.058656 0.389617
vt 0.691805 0.297812
vt 0.005920 0.402476
vt 0.094652 0.351937
vt 0.799248 0.341653
vt 0.079473 0.335781
vt 0.141750 0.325683
vt 0.792108 0.346530
vt 0.829301 0.345561
vt 0.781439 0.347417
vt 0.706583 0.295717
vt 0.715663 0.308764
vt 0.802885 0.329362
vt 0.815578 0.331669
vt 0.833355 0.332532
vt 0.867336 0.031931
vt 0.978473 0.026809
vt 0.870506 0.078094
vt 0.721309 0.052008
vt 0.839009 0.034295
vt 0.680983 0.043268
vt 0.764960 0.064509
vt 0.771659 0.037064
vt 0.791990 0.039034
vt 0.772529 0.031635
vt 0.738587 0.056684
vt 0.979919 0.002537
vt 0.989930 0.116649
vt 0.797603 0.165662
vt 0.784412 0.167755
vt 0.884930 0.076109
vt 0.825525 0.079208
vt 0.768030 0.340550
vt 0.704214 0.311030
vt 0.701122 0.302571
vt 0.671922 0.280617
vt 0.817526 0.345494
vt 0.746748 0.317964
vt 0.728096 0.319806
vt 0.807014 0.343756
vt 0.696964 0.288433
vt 0.881091 0.024215
vt 0.897357 0.018676
vt 0.729722 0.309358
vt 0.787060 0.333584
vt 0.748913 0.310256
vt 0.764301 0.316914
vt 0.751762 0.258229
vt 0.826721 0.289618
vt 0.766417 0.262029
vt 0.844696 0.296103
vt 0.783183 0.267414
vt 0.720487 0.249744
vt 0.801721 0.169364
vt 0.702508 0.245661
vt 0.792999 0.271354
vt 0.829845 0.358627
vt 0.908399 0.161878
vt 0.738253 0.255041
vt 0.776343 0.329283
vt 0.686630 0.279897
vt 0.760465 0.325306
vt 0.682668 0.290823
vt 0.694088 0.318385
vt 0.366278 0.438091
vt 0.378499 0.421273
vt 0.347521 0.233093
vt 0.186801 0.324523
vt 0.659411 0.582568
vt 0.176194 0.308486
vt 0.635284 0.554143
vt 0.171402 0.345071
vt 0.149264 0.291600
vt 0.644291 0.549246
vt 0.626500 0.467213
vt 0.182147 0.326079
vt 0.626252 0.522667
vt 0.343264 0.449864
vt 0.191363 0.334909
vt 0.300285 0.223514
vt 0.127676 0.304038
vt 0.115279 0.340227
vt 0.026550 0.402004
vt 0.102639 0.321173
vt 0.175829 0.279057
vt 0.639918 0.514765
vt 0.076174 0.367210
vt 0.036613 0.372348
vt 0.769235 0.644647
vt 0.740878 0.646494
vt 0.702075 0.741186
vt 0.200265 0.691284
vt 0.269937 0.392458
vt 0.042368 0.998942
vt 0.793202 0.646945
vt 0.700544 0.711958
vt 0.188148 0.697319
vt 0.088729 0.154393
vt 0.051476 0.195676
vt 0.172714 0.647824
vt 0.233242 0.762744
vt 0.178727 0.646025
vt 0.185225 0.696278
vt 0.321731 0.375111
vt 0.289321 0.415582
vt 0.326923 0.405193
vt 0.073728 0.452515
vt 0.094049 0.495066
vt 0.141539 0.418552
vt 0.325862 0.431744
vt 0.129108 0.458160
vt 0.065995 0.964855
vt 0.262620 0.329693
vt 0.277668 0.331842
vt 0.262907 0.354770
vt 0.280926 0.325989
vt 0.294723 0.332997
vt 0.259728 0.318133
vt 0.309442 0.348737
vt 0.069379 0.281619
vt 0.718513 0.656716
vt 0.043033 0.116959
vt 0.060060 0.100280
vt 0.099859 0.083922
vt 0.050927 0.089872
vt 0.050653 0.125032
vt 0.035682 0.123175
vt 0.367444 0.311391
vt 0.381650 0.332710
vt 0.057605 0.129335
vt 0.053187 0.138887
vt 0.152879 0.730986
vt 0.037978 0.102195
vt 0.024665 0.099435
vt 0.053891 0.106941
vt 0.387147 0.330404
vt 0.384053 0.341885
vt 0.044083 0.132837
vt 0.491306 0.273728
vt 0.227110 0.762874
vt 0.209328 0.731765
vt 0.221997 0.771453
vt 0.118309 0.798218
vt 0.507964 0.285778
vt 0.520715 0.289971
vt 0.540206 0.238781
vt 0.451249 0.234918
vt 0.433192 0.248488
vt 0.536618 0.200682
vt 0.469495 0.220384
vt 0.482601 0.241837
vt 0.499630 0.221644
vt 0.461853 0.213030
vt 0.493758 0.196332
vt 0.560054 0.120775
vt 0.582817 0.225594
vt 0.552625 0.088733
vt 0.484942 0.062928
vt 0.334076 0.305234
vt 0.578201 0.209491
vt 0.419701 0.131678
vt 0.355340 0.328729
vt 0.423339 0.134183
vt 0.567928 0.159254
vt 0.381466 0.111464
vt 0.399682 0.121257
vt 0.472406 0.086377
vt 0.334902 0.173199
vt 0.163528 0.751388
vt 0.004363 0.140146
vt 0.039930 0.144024
vt 0.200757 0.734049
vt 0.130524 0.754169
vt 0.132238 0.767625
vt 0.194908 0.694439
vt 0.215872 0.724247
vt 0.039999 0.152497
vt 0.048965 0.101622
vt 0.381230 0.153256
vt 0.353364 0.185118
vt 0.401669 0.165253
vt 0.378421 0.196196
vt 0.070878 0.095922
vt 0.025957 0.113964
vt 0.045773 0.090608
vt 0.038136 0.110934
vt 0.030817 0.118443
vt 0.363271 0.139110
vt 0.573615 0.149510
vt 0.387146 0.194284
vt 0.355799 0.342970
vt 0.162056 0.316694
vt 0.544557 0.240163
vt 0.225106 0.783107
vt 0.526415 0.166385
vt 0.528901 0.079067
vt 0.445995 0.079063
vt 0.469710 0.262826
vt 0.425259 0.243877
vt 0.342502 0.286358
vt 0.349658 0.278751
vt 0.550339 0.137571
vt 0.436487 0.102842
vt 0.863252 0.877180
vt 0.293579 0.136415
vt 0.385483 0.351138
vt 0.368324 0.344228
vt 0.345284 0.317952
vt 0.100804 0.134908
vt 0.099885 0.122852
vt 0.441406 0.228205
vt 0.471044 0.083211
vt 0.313947 0.272726
vt 0.106207 0.150446
vt 0.363272 0.280658
vt 0.370266 0.292049
vt 0.353617 0.293674
vt 0.534455 0.911022
vt 0.470477 0.868967
vt 0.533841 0.907834
vt 0.474353 0.912675
vt 0.501465 0.920251
vt 0.508607 0.918470
vt 0.531105 0.845871
vt 0.529847 0.836048
vt 0.498927 0.834470
vt 0.562347 0.875864
vt 0.477894 0.862951
vt 0.525637 0.843479
vt 0.469619 0.904016
vt 0.469385 0.906430
vt 0.561494 0.871483
vt 0.473440 0.860784
vt 0.667102 0.928376
vt 0.475063 0.870093
vt 0.474880 0.904644
vt 0.547211 0.866416
vt 0.548687 0.912907
vt 0.561836 0.885896
vt 0.548842 0.910087
vt 0.559783 0.873925
vt 0.533807 0.843243
vt 0.532073 0.856076
vt 0.504012 0.836218
vt 0.566737 0.886508
vt 0.656942 0.932750
vt 0.564561 0.875655
vt 0.561836 0.885896
vt 0.508607 0.918470
vt 0.470477 0.868967
vt 0.501465 0.920251
vt 0.551856 0.910162
vt 0.881642 0.953888
vt 0.694515 0.986028
vt 0.510131 0.917793
vt 0.561064 0.904530
vt 0.549564 0.864377
vt 0.773122 0.956854
vt 0.469619 0.904016
vt 0.299940 0.143875
vt 0.687687 0.396843
vt 0.561064 0.904530
vt 0.517850 0.910851
vt 0.575031 0.865910
vt 0.557205 0.902682
vt 0.553365 0.911590
vt 0.536584 0.854673
vt 0.494358 0.831800
vt 0.495673 0.829725
vt 0.076300 0.110240
vt 0.031846 0.109160
vt 0.061958 0.112344
vt 0.375364 0.300355
vt 0.375406 0.323467
vt 0.361800 0.302338
vt 0.013336 0.089829
vt 0.030486 0.088239
vt 0.044964 0.087938
vt 0.019906 0.101884
vt 0.034930 0.094886
vt 0.372809 0.308475
vt 0.379318 0.319912
vt 0.092580 0.114928
vt 0.066385 0.118353
vt 0.391763 0.340818
vt 0.094435 0.135816
vt 0.019421 0.074286
vt 0.052910 0.074818
vt 0.010800 0.079517
vt 0.061594 0.083293
vt 0.025588 0.072775
vt 0.037519 0.074177
vt 0.020231 0.083749
vt 0.012070 0.085953
vt 0.320515 0.801465
vt 0.269456 0.153283
vt 0.331902 0.825000
vt 0.336143 0.819050
vt 0.267553 0.806151
vt 0.304115 0.822407
vt 0.001846 0.002353
vt 0.031030 0.049752
vt 0.022690 0.066814
vt 0.021832 0.010112
vt 0.035224 0.067344
vt 0.002376 0.058084
vt 0.087458 0.061851
vt 0.008479 0.060735
vt 0.011492 0.066671
vt 0.072445 0.069454
vt 0.052028 0.067380
vt 0.117536 0.033532
vt 0.068051 0.063432
vt 0.059663 0.043299
vt 0.052325 0.044882
vt 0.063555 0.003367
vt 0.044164 0.084548
vt 0.030645 0.084998
vt 0.019741 0.088140
vt 0.085901 0.089565
vt 0.326507 0.791825
vt 0.271896 0.149706
vt 0.100518 0.031278
vt 0.073574 0.019328
vt 0.107545 0.012076
vt 0.000698 0.068773
vt 0.124423 0.058095
vt 0.094765 0.081162
vt 0.082063 0.056931
vt 0.972924 0.940655
vt 0.926136 0.925859
vt 0.989465 0.931904
vt 0.982446 0.928317
vt 0.324350 0.070336
vt 0.357851 0.061657
vt 0.362425 0.081687
vt 0.799716 0.924415
vt 0.482395 0.648202
vt 0.668309 0.462521
vt 0.465269 0.647300
vt 0.665411 0.433822
vt 0.687173 0.432598
vt 0.685790 0.412726
vt 0.458826 0.658419
vt 0.676890 0.431671
vt 0.531005 0.668121
vt 0.463261 0.672750
vt 0.530493 0.687724
vt 0.835414 0.477558
vt 0.686131 0.486286
vt 0.701405 0.482464
vt 0.299940 0.143875
vt 0.506323 0.653480
vt 0.843662 0.868499
vt 0.823267 0.845035
vt 0.788155 0.917181
vt 0.883531 0.925349
vt 0.958435 0.876393
vt 0.983366 0.940140
vt 0.936650 0.887950
vt 0.734064 0.490068
vt 0.979996 0.934324
vt 0.890908 0.921552
vt 0.309984 0.064160
vt 0.668523 0.393540
vt 0.673454 0.411332
vt 0.687687 0.396843
vt 0.443531 0.674154
vt 0.540229 0.640188
vt 0.545540 0.814113
vt 0.315373 0.114770
vt 0.841897 0.847912
vt 0.681297 0.458931
vt 0.476923 0.661529
vt 0.652323 0.400767
vt 0.661994 0.416262
vt 0.479960 0.673717
vt 0.438528 0.654455
vt 0.527242 0.657785
vt 0.863011 0.893849
vt 0.329544 0.036115
vt 0.275660 0.036303
vt 0.293093 0.017919
vt 0.840789 0.922487
vt 0.833183 0.911610
vt 0.293579 0.136415
vt 0.863252 0.877180
vt 0.888607 0.913290
vt 0.924379 0.843940
vt 0.963801 0.909575
vt 0.970735 0.863918
vt 0.922844 0.895875
vt 0.927818 0.849741
vt 0.665651 0.512075
vt 0.704306 0.479433
vt 0.777645 0.501203
vt 0.547951 0.719743
vt 0.561997 0.790555
vt 0.504341 0.679480
vt 0.267284 0.762665
vt 0.266981 0.758516
vt 0.354859 0.794327
vt 0.104187 0.085459
vt 0.109110 0.082117
vt 0.231056 0.786134
vt 0.238772 0.800845
vt 0.246504 0.795497
vt 0.339303 0.164767
vt 0.692594 0.458966
vt 0.392090 0.058742
vt 0.400578 0.054506
vt 0.376761 0.089058
vt 0.332467 0.089662
vt 0.368024 0.049272
vt 0.361988 0.130841
vt 0.394190 0.065885
vt 0.353436 0.805152
vt 0.376638 0.809529
vt 0.330655 0.783018
vt 0.328210 0.789295
vt 0.369102 0.820035
vt 0.394250 0.832814
vt 0.254436 0.201085
vt 0.375976 0.835291
vt 0.351010 0.808237
vt 0.364435 0.824518
vt 0.504752 0.258231
vt 0.341408 0.828921
vt 0.521991 0.244303
vt 0.521477 0.274265
vt 0.270183 0.019796
vt 0.331931 0.023388
vt 0.372357 0.036498
vt 0.292878 0.002237
vt 0.303263 0.160688
vt 0.814720 0.497723
vt 0.502651 0.664655
vt 0.560716 0.760456
vt 0.533369 0.683176
vt 0.403169 0.065787
vt 0.387805 0.096919
vt 0.567815 0.285955
vt 0.562606 0.293133
vt 0.559903 0.303634
vt 0.560552 0.293659
vt 0.561426 0.276221
vt 0.582175 0.271580
vt 0.110726 0.105418
vt 0.585762 0.266861
vt 0.111559 0.095338
vt 0.106657 0.120152
vt 0.578667 0.270898
vt 0.245526 0.785234
vt 0.243229 0.777448
vt 0.256037 0.764764
vt 0.394346 0.835850
vt 0.269410 0.190630
vt 0.277950 0.177721
vt 0.350023 0.833198
vt 0.537927 0.266384
vt 0.583983 0.274311
vt 0.587632 0.267734
vt 0.575860 0.280044
vt 0.572675 0.277794
vt 0.578769 0.275544
vt 0.102482 0.128062
vt 0.157026 0.168570
vt 0.259216 0.768279
vt 0.640162 0.233410
vt 0.278260 0.163646
vt 0.361526 0.834662
vt 0.346893 0.817356
vt 0.589679 0.270781
vt 0.577725 0.280751
vt 0.572074 0.288470
vt 0.571017 0.287741
vt 0.566806 0.297183
vt 0.564479 0.296285
vt 0.634068 0.253725
vt 0.664476 0.194380
vt 0.642703 0.183209
vt 0.667449 0.147468
vt 0.580583 0.277150
vt 0.691681 0.256573
vt 0.625504 0.304184
vt 0.609346 0.290457
vt 0.611907 0.286679
vt 0.652856 0.244882
vt 0.668736 0.214318
vt 0.671731 0.190904
vt 0.655229 0.143890
vt 0.675773 0.079402
vt 0.683033 0.099246
vt 0.674705 0.275324
vt 0.587295 0.290999
vt 0.611934 0.295208
vt 0.605911 0.296011
vt 0.589127 0.293296
vt 0.597088 0.284614
vt 0.654213 0.238985
vt 0.659497 0.216020
vt 0.663901 0.189895
vt 0.639799 0.138597
vt 0.672408 0.195295
vt 0.683877 0.153233
vt 0.689083 0.114076
vt 0.693991 0.121862
vt 0.590864 0.285966
vt 0.560434 0.305853
vt 0.648443 0.294093
vt 0.616876 0.290859
vt 0.615971 0.290038
vt 0.614264 0.281460
vt 0.611372 0.293639
vt 0.624842 0.271760
vt 0.593940 0.289223
vt 0.599168 0.275428
vt 0.595981 0.263786
vt 0.606053 0.242227
vt 0.614475 0.222462
vt 0.677028 0.150372
vt 0.632836 0.178940
vt 0.268698 0.046911
vt 0.302589 0.069215
vt 0.600206 0.299502
vt 0.592799 0.281358
vt 0.621379 0.284304
vt 0.619863 0.283505
vt 0.616288 0.277273
vt 0.627375 0.176275
vt 0.631056 0.183549
vt 0.592845 0.288535
vt 0.619988 0.270596
vt 0.596277 0.283841
vt 0.605252 0.269724
vt 0.695791 0.245712
vt 0.668709 0.252859
vt 0.591786 0.260850
vt 0.612196 0.258828
vt 0.599639 0.266546
vt 0.596626 0.238157
vt 0.625630 0.227402
vt 0.606507 0.217773
vt 0.669087 0.068760
vt 0.654404 0.187831
vt 0.645324 0.140985
vt 0.652895 0.190961
vt 0.557128 0.291390
vt 0.680111 0.065991
vt 0.612113 0.303542
vt 0.606693 0.302772
vt 0.605913 0.298032
vt 0.595942 0.273868
vt 0.623236 0.278391
vt 0.601042 0.297841
vt 0.600889 0.296144
vt 0.620888 0.277696
vt 0.583086 0.297367
vt 0.605570 0.293773
vt 0.588055 0.292408
vt 0.625007 0.179609
vt 0.618453 0.247107
vt 0.640468 0.186665
vt 0.663440 0.066898
vt 0.543959 0.277321
vt 0.555729 0.279590
vt 0.640289 0.259498
vt 0.579702 0.254852
vt 0.690223 0.242082
vt 0.628384 0.260413
vt 0.630356 0.263994
vt 0.601368 0.276535
vt 0.682611 0.249822
vt 0.617114 0.263912
vt 0.664296 0.237315
vt 0.668258 0.249713
vt 0.681711 0.246465
vt 0.493783 0.639132
vt 0.250281 0.737565
vt 0.690139 0.414100
vt 0.125468 0.151697
vt 0.254373 0.015138
vt 0.237563 0.023791
vt 0.177930 0.063878
vt 0.152562 0.025205
vt 0.132751 0.001322
vt 0.140989 0.014469
vt 0.127980 0.101065
vt 0.140478 0.087440
vt 0.144363 0.001909
vt 0.302809 0.094923
vt 0.286626 0.073974
vt 0.749704 0.410502
vt 0.905652 0.972473
vt 0.905384 0.952077
vt 0.934372 0.952236
vt 0.924922 0.962228
vt 0.933024 0.961924
vt 0.935101 0.971670
vt 0.946101 0.956157
vt 0.942851 0.968075
vt 0.507995 0.914695
vt 0.059440 0.509362
vt 0.068262 0.511377
vt 0.068888 0.497501
vt 0.032155 0.445771
vt 0.079635 0.498605
vt 0.068842 0.474139
vt 0.039436 0.449832
vt 0.042326 0.498874
vt 0.489154 0.625866
vt 0.504992 0.682692
vt 0.153042 0.094099
vt 0.262554 0.022181
vt 0.814774 0.447045
vt 0.186851 0.174216
vt 0.220596 0.148258
vt 0.207493 0.053887
vt 0.183653 0.071473
vt 0.265082 0.018077
vt 0.117828 0.121403
vt 0.121359 0.122535
vt 0.149283 0.153999
vt 0.667102 0.928376
vt 0.575031 0.865910
vt 0.664464 0.935525
vt 0.502030 0.913368
vt 0.507995 0.914695
vt 0.515014 0.906911
vt 0.479960 0.906288
vt 0.663353 0.917940
vt 0.907049 0.997380
vt 0.239255 0.029001
vt 0.163001 0.078797
vt 0.265536 0.009467
vt 0.125680 0.135924
vt 0.168411 0.083990
vt 0.131069 0.108273
vt 0.229577 0.199336
vt 0.204796 0.193689
vt 0.482466 0.821981
vt 0.571436 0.863164
vt 0.935690 0.986810
vt 0.933024 0.961924
vt 0.905384 0.952077
vt 0.911042 0.998452
vt 0.930996 0.993485
vt 0.929592 0.931827
vt 0.140360 0.129762
vt 0.142913 0.122476
vt 0.541976 0.827798
vt 0.536857 0.825167
vt 0.906112 0.927938
vt 0.905652 0.972473
vt 0.152209 0.149355
vt 0.161238 0.163568
vt 0.206830 0.188987
vt 0.182342 0.179088
vt 0.127013 0.106951
vt 0.128907 0.132124
vt 0.549544 0.835161
vt 0.923230 0.972457
vt 0.923230 0.972457
vt 0.933839 0.937445
vt 0.164700 0.156257
vt 0.151150 0.026236
vt 0.114575 0.001634
vt 0.248518 0.140063
vt 0.126980 0.020654
vt 0.237537 0.133001
vt 0.267551 0.115195
vt 0.235542 0.148800
vt 0.580468 0.877114
vt 0.506137 0.814093
vt 0.498283 0.814204
vt 0.494358 0.831800
vt 0.659580 0.925601
vt 0.549564 0.864377
vt 0.576857 0.870313
vt 0.495673 0.829725
vt 0.503773 0.826130
vt 0.148316 0.092370
vt 0.176936 0.068172
vt 0.248174 0.123351
vt 0.281928 0.117152
vt 0.247051 0.132413
vt 0.149324 0.122993
vt 0.235086 0.204271
vt 0.234704 0.197568
vt 0.564561 0.875655
vt 0.562347 0.875864
vt 0.468775 0.923669
vt 0.529847 0.836048
vt 0.461847 0.920335
vt 0.533807 0.843243
vt 0.456990 0.853228
vt 0.536584 0.854673
vt 0.231253 0.203799
vt 0.289065 0.122013
vt 0.559783 0.873925
vt 0.473440 0.860784
vt 0.561494 0.871483
vt 0.534616 0.844703
vt 0.322215 0.096305
vt 0.225440 0.182852
vt 0.235095 0.164411
vt 0.234206 0.181652
vt 0.250348 0.114818
vt 0.243990 0.119084
vt 0.559347 0.922675
vt 0.945144 0.961411
vt 0.908985 0.970815
vt 0.562767 0.853347
vt 0.554357 0.842757
vt 0.203389 0.679969
vt 0.670543 0.499335
vt 0.236983 0.001064
vt 0.258090 0.004552
vt 0.706948 0.115631
vt 0.270739 0.175057
vt 0.267165 0.155574
vt 0.504012 0.836218
vt 0.498927 0.834470
vt 0.477894 0.862951
vt 0.263367 0.186454
vt 0.251073 0.196302
vt 0.711479 0.123903
vt 0.724610 0.094753
vt 0.531105 0.845871
vt 0.532073 0.856076
vt 0.555465 0.924860
vt 0.525637 0.843479
vt 0.481287 0.678796
vt 0.227116 0.587946
vt 0.015174 0.506647
vt 0.212754 0.626336
vt 0.659828 0.507863
vt 0.196380 0.006002
vt 0.203944 0.045633
vt 0.693783 0.399176
vt 0.696108 0.457947
vt 0.690812 0.432586
vt 0.452793 0.863964
vt 0.524794 0.931501
vt 0.454072 0.904614
vt 0.538071 0.928303
vt 0.551173 0.926060
vt 0.500805 0.935185
vt 0.548719 0.619699
vt 0.284685 0.756794
vt 0.656942 0.932750
vt 0.506549 0.935931
vt 0.654987 0.940983
vt 0.057596 0.205300
vt 0.802846 0.631029
vt 0.719283 0.088913
vt 0.271570 0.165963
vt 0.447133 0.679763
vt 0.566737 0.886508
vt 0.565889 0.919822
vt 0.516254 0.934642
vt 0.059497 0.475330
vt 0.010613 0.505294
vt 0.640998 0.438841
vt 0.042869 0.480180
vt 0.705671 0.060354
vt 0.686087 0.078659
vt 0.713441 0.076666
vt 0.547211 0.866416
vt 0.533841 0.907834
vt 0.561836 0.885896
vt 0.534455 0.911022
vt 0.470477 0.868967
vt 0.474353 0.912675
vt 0.517850 0.910851
vt 0.469619 0.904016
vt 0.501465 0.920251
vt 0.001247 0.486016
vt 0.023533 0.473018
vt 0.012361 0.487785
vt 0.050860 0.452308
vt 0.058986 0.448783
vt 0.625120 0.428913
vt 0.651505 0.448962
vt 0.515014 0.906911
vt 0.474880 0.904644
vt 0.561064 0.904530
vt 0.548687 0.912907
vt 0.502030 0.913368
vt 0.557205 0.902682
vt 0.479960 0.906288
vt 0.553365 0.911590
vt 0.018403 0.500328
vt 0.017156 0.467373
vt 0.510131 0.917793
vt 0.548842 0.910087
vt 0.508607 0.918470
vt 0.551856 0.910162
vt 0.665949 0.467222
vt 0.045753 0.443984
vt 0.693346 0.098618
vt 0.529977 0.280861
vt 0.052434 0.427173
vt 0.046093 0.425793
vt 0.941115 0.961580
vt 0.942223 0.955046
vt 0.475063 0.870093
vt 0.221528 0.164481
vt 0.223804 0.128759
vt 0.743435 0.412659
vt 0.239836 0.053185
vt 0.122254 0.080796
vt 0.127535 0.088387
vt 0.131636 0.076484
vt 0.123645 0.100483
vt 0.134860 0.062065
vt 0.881642 0.953888
vt 0.773256 0.972009
vt 0.886256 0.974616
vt 0.695189 0.957082
vt 0.773122 0.956854
vt 0.885737 0.951603
vt 0.129570 0.045233
vt 0.118183 0.029843
vt 0.146320 0.130217
vt 0.233969 0.109676
vt 0.245841 0.031140
vt 0.248810 0.101772
vt 0.777298 0.406167
vt 0.795677 0.408198
vt 0.144926 0.073461
vt 0.175518 0.004130
vt 0.940871 0.941470
vt 0.934372 0.952236
vt 0.941115 0.961580
vt 0.942851 0.968075
vt 0.953196 0.961040
vt 0.942223 0.955046
vt 0.145751 0.059282
vt 0.136935 0.037935
vt 0.946512 0.966546
vt 0.945144 0.961411
vt 0.946101 0.956157
vt 0.950037 0.951980
vt 0.159507 0.013457
vt 0.261948 0.081943
vt 0.273088 0.096149
vt 0.881415 0.972639
vt 0.695335 0.971452
vt 0.768203 0.433407
vt 0.924922 0.962228
vt 0.942985 0.981635
vt 0.946855 0.948644
vt 0.259145 0.050283
vt 0.951047 0.970826
vt 0.902123 0.953495
vt 0.927910 0.974454
vt 0.909948 0.926978
vt 0.465727 0.676882
vt 0.469385 0.906430
vt 0.946512 0.966546
vt 0.902722 0.971345
vt 0.948150 0.973915
vt 0.908331 0.953455
vt 0.927088 0.949719
vt 0.922549 0.952019
vt 0.927088 0.949719
vt 0.927910 0.974454
vt 0.935101 0.971670
vt 0.674995 0.487842
vt 0.452262 0.641088
vt 0.349964 0.123860
vt 0.334927 0.149491
vt 0.956926 0.899903
vt 0.973821 0.933236
vt 0.093146 0.098586
vt 0.095710 0.123235
vt 0.017919 0.055376
vt 0.042888 0.005745
vt 0.242545 0.808221
vt 0.306730 0.814092
vt 0.093454 0.142756
vt 0.850071 0.910694
vt 0.830981 0.757364
vt 0.897477 0.705605
vt 0.362425 0.081687
vt 0.863011 0.893849
vt 0.349964 0.123860
vt 0.324350 0.070336
vt 0.890908 0.921552
vt 0.846368 0.496395
vt 0.690728 0.496475
vt 0.674919 0.510815
vt 0.580402 0.785526
vt 0.292878 0.002237
vt 0.331931 0.023388
vt 0.018403 0.500328
vt 0.357851 0.061657
vt 0.655446 0.525843
vt 0.660574 0.570151
vt 0.615012 0.615381
vt 0.774250 0.518360
vt 0.807890 0.517938
vt 0.672922 0.626051
vt 0.832808 0.510086
vt 0.575170 0.614935
vt 0.596769 0.822074
vt 0.696009 0.518841
vt 0.864497 0.511137
vt 0.563325 0.665201
vt 0.001247 0.486016
vt 0.050860 0.452308
vt 0.650989 0.536113
vt 0.561189 0.629195
vt 0.293093 0.017919
vt 0.309984 0.064160
vt 0.394190 0.065885
vt 0.332467 0.089662
vt 0.387805 0.096919
vt 0.334927 0.149491
vt 0.339303 0.164767
vt 0.376761 0.089058
vt 0.592635 0.637316
vt 0.575621 0.755944
vt 0.677314 0.536794
vt 0.540115 0.672653
vt 0.540942 0.659467
vt 0.995659 0.885472
vt 0.994382 0.826222
vt 0.913567 0.819676
vt 0.897565 0.902333
vt 0.956630 0.822519
vt 0.908187 0.812008
vt 0.997991 0.841090
vt 0.892806 0.908396
vt 0.079635 0.498605
vt 0.953410 0.830794
vt 0.934799 0.915553
vt 0.984912 0.887347
vt 0.985826 0.843273
vt 0.904425 0.859408
vt 0.729720 0.504842
vt 0.702738 0.496535
vt 0.855434 0.481340
vt 0.788155 0.917181
vt 0.329544 0.036115
vt 0.576493 0.806634
vt 0.560931 0.827879
vt 0.887146 0.857382
vt 0.888607 0.913290
vt 0.368024 0.049272
vt 0.275660 0.036303
vt 0.010613 0.505294
vt 0.012361 0.487785
vt 0.303263 0.160688
vt 0.068262 0.511377
vt 0.068888 0.497501
vt 0.601109 0.798152
vt 0.579514 0.706535
vt 0.682118 0.546581
vt 0.600850 0.642377
vt 0.400578 0.054506
vt 0.270183 0.019796
vt 0.562060 0.717489
vt 0.403169 0.065787
vt 0.372357 0.036498
vt 0.059440 0.509362
vt 0.361988 0.130841
vt 0.392090 0.058742
vt 0.702201 0.835324
vt 0.068842 0.474139
vt 0.584843 0.843756
vt 0.625120 0.428913
vt 0.059497 0.475330
vt 0.023533 0.473018
vt 0.039436 0.449832
vt 0.821604 0.539361
vt 0.846382 0.526947
vt 0.722612 0.746534
vt 0.714457 0.842164
vt 0.017156 0.467373
vt 0.032155 0.445771
vt 0.596078 0.757416
vt 0.045753 0.443984
vt 0.052434 0.427173
vt 0.042869 0.480180
vt 0.856656 0.673987
vt 0.703151 0.564528
vt 0.046093 0.425793
vt 0.786114 0.541248
vt 0.731584 0.525850
vt 0.716810 0.621355
vt 0.879427 0.496777
vt 0.058986 0.448783
vt 0.617799 0.664934
vt 0.651505 0.448962
vt 0.640998 0.438841
vt 0.665949 0.467222
vt 0.926653 0.632177
vt 0.842689 0.655513
vt 0.596966 0.654774
vt 0.676625 0.629574
vt 0.447133 0.679763
vt 0.465727 0.676882
vt 0.931993 0.547676
vt 0.924510 0.522087
vt 0.927821 0.600150
vt 0.911776 0.568978
vt 0.924896 0.575040
vt 0.945146 0.533076
vt 0.641024 0.867983
vt 0.638379 0.896540
vt 0.729140 0.535626
vt 0.684315 0.752273
vt 0.309100 0.653856
vt 0.282437 0.570787
vt 0.308981 0.666779
vt 0.802846 0.631029
vt 0.293692 0.599462
vt 0.320667 0.667140
vt 0.903104 0.629067
vt 0.820020 0.662335
vt 0.908125 0.648357
vt 0.897136 0.636560
vt 0.710953 0.857728
vt 0.917150 0.541251
vt 0.617354 0.883300
vt 0.571181 0.668946
vt 0.592179 0.650111
vt 0.674095 0.673433
vt 0.690139 0.414100
vt 0.284685 0.756794
vt 0.250281 0.737565
vt 0.057596 0.205300
vt 0.125468 0.151697
vt 0.693783 0.399176
vt 0.618644 0.664988
vt 0.690812 0.432586
vt 0.696108 0.457947
vt 0.481287 0.678796
vt 0.670543 0.499335
vt 0.203389 0.679969
vt 0.289629 0.569605
vt 0.493783 0.639132
vt 0.042326 0.498874
vt 0.504992 0.682692
vt 0.722606 0.727838
vt 0.727837 0.843005
vt 0.727086 0.806442
vt 0.890386 0.659604
vt 0.907035 0.603552
vt 0.831334 0.678220
vt 0.734621 0.819231
vt 0.339477 0.722698
vt 0.350896 0.759093
vt 0.782062 0.699496
vt 0.772326 0.692470
vt 0.749996 0.757498
vt 0.753787 0.760943
vt 0.734297 0.751725
vt 0.740043 0.730103
vt 0.348780 0.719026
vt 0.212754 0.626336
vt 0.299255 0.597898
vt 0.659828 0.507863
vt 0.015174 0.506647
vt 0.489154 0.625866
vt 0.548719 0.619699
vt 0.793029 0.685374
vt 0.809940 0.679963
vt 0.294935 0.659310
vt 0.227116 0.587946
vt 0.743971 0.785252
vt 0.800997 0.669212
vt 0.719373 0.773457
vt 0.713060 0.801889
vt 0.880468 0.643252
vt 0.406540 0.781599
vt 0.779338 0.668572
vt 0.732089 0.777969
vt 0.757362 0.699438
vt 0.760444 0.739074
vt 0.823897 0.692228
vt 0.757150 0.670406
vt 0.749426 0.737138
vt 0.534616 0.844703
vt 0.881415 0.972639
vt 0.494358 0.831800
vt 0.773256 0.972009
vt 0.562347 0.875864
vt 0.566737 0.886508
vt 0.510131 0.917793
vt 0.469385 0.906430
vt 0.553365 0.911590
vt 0.517850 0.910851
vt 0.474880 0.904644
vt 0.694253 0.942529
vt 0.695189 0.957082
vt 0.902123 0.953495
vt 0.557205 0.902682
vt 0.536584 0.854673
vt 0.659580 0.925601
vt 0.474353 0.912675
vt 0.534455 0.911022
vt 0.548842 0.910087
vt 0.772888 0.991699
vt 0.503773 0.826130
vt 0.561494 0.871483
vt 0.495673 0.829725
vt 0.498927 0.834470
vt 0.477894 0.862951
vt 0.559783 0.873925
vt 0.473440 0.860784
vt 0.695335 0.971452
vt 0.534616 0.844703
vt 0.549564 0.864377
vt 0.883100 0.997268
vt 0.885737 0.951603
vt 0.881446 0.929942
vt 0.908985 0.970815
vt 0.923230 0.972457
vt 0.922549 0.952019
vt 0.903517 0.998701
vt 0.886256 0.974616
vt 0.876239 0.990339
vt 0.875326 0.936729
vt 0.772534 0.937273
vt 0.533841 0.907834
vt 0.525637 0.843479
vt 0.504012 0.836218
vt 0.533807 0.843243
vt 0.529847 0.836048
vt 0.532073 0.856076
vt 0.547211 0.866416
vt 0.548687 0.912907
vt 0.475063 0.870093
vt 0.545540 0.814113
vt 0.533369 0.683176
vt 0.561997 0.790555
vt 0.704306 0.479433
vt 0.835414 0.477558
vt 0.814720 0.497723
vt 0.897565 0.902333
vt 0.956630 0.822519
vt 0.882842 0.891100
vt 0.985826 0.843273
vt 0.924379 0.843940
vt 0.956926 0.899903
vt 0.958435 0.876393
vt 0.936650 0.887950
vt 0.970735 0.863918
vt 0.615012 0.615381
vt 0.672922 0.626051
vt 0.560931 0.827879
vt 0.660574 0.570151
vt 0.953410 0.830794
vt 0.908187 0.812008
vt 0.913567 0.819676
vt 0.887146 0.857382
vt 0.833183 0.911610
vt 0.850071 0.910694
vt 0.840789 0.922487
vt 0.823267 0.845035
vt 0.982446 0.928317
vt 0.972924 0.940655
vt 0.973821 0.933236
vt 0.799716 0.924415
vt 0.989465 0.931904
vt 0.883531 0.925349
vt 0.994382 0.826222
vt 0.997991 0.841090
vt 0.892806 0.908396
vt 0.984912 0.887347
vt 0.979996 0.934324
vt 0.934799 0.915553
vt 0.922844 0.895875
vt 0.983366 0.940140
vt 0.995659 0.885472
vt 0.926136 0.925859
vt 0.855434 0.481340
vt 0.576493 0.806634
vt 0.904425 0.859408
vt 0.560716 0.760456
vt 0.476923 0.661529
vt 0.443531 0.674154
vt 0.479960 0.673717
vt 0.668523 0.393540
vt 0.463261 0.672750
vt 0.531005 0.668121
vt 0.530493 0.687724
vt 0.547951 0.719743
vt 0.656942 0.932750
vt 0.531105 0.845871
vt 0.596966 0.654774
vt 0.676625 0.629574
vt 0.687930 0.544195
vt 0.592179 0.650111
vt 0.564561 0.875655
vt 0.734064 0.490068
vt 0.686131 0.486286
vt 0.777645 0.501203
vt 0.665651 0.512075
vt 0.884094 0.503596
vt 0.605224 0.825981
vt 0.651480 0.777175
vt 0.684315 0.752273
vt 0.606316 0.757660
vt 0.729140 0.535626
vt 0.610203 0.799300
vt 0.686064 0.537480
vt 0.571181 0.668946
vt 0.618644 0.664988
vt 0.872243 0.518284
vt 0.827189 0.547878
vt 0.591112 0.848037
vt 0.631244 0.798814
vt 0.698668 0.526085
vt 0.701405 0.482464
vt 0.832808 0.510086
vt 0.846368 0.496395
vt 0.655446 0.525843
vt 0.617799 0.664934
vt 0.575170 0.614935
vt 0.674919 0.510815
vt 0.736280 0.102596
vt 0.749377 0.065631
vt 0.739169 0.107749
vt 0.749099 0.087137
vt 0.079936 0.257759
vt 0.079226 0.273542
vt 0.035005 0.246222
vt 0.032676 0.257486
vt 0.072967 0.263783
vt 0.032580 0.270072
vt 0.037693 0.279150
vt 0.040382 0.247756
vt 0.414233 0.801098
vt 0.760514 0.068392
vt 0.380553 0.791750
vt 0.058743 0.284469
vt 0.045176 0.283591
vt 0.394002 0.800565
vt 0.855901 0.534169
vt 0.722467 0.624539
vt 0.887095 0.527231
vt 0.692339 0.790682
vt 0.701338 0.769078
vt 0.611730 0.674070
vt 0.836645 0.581575
vt 0.648415 0.708536
vt 0.752903 0.596039
vt 0.683399 0.634358
vt 0.677727 0.680105
vt 0.619030 0.741514
vt 0.786272 0.552097
vt 0.330125 0.487931
vt 0.897230 0.084233
vt 0.305758 0.465604
vt 0.772902 0.569337
vt 0.718097 0.070576
vt 0.687233 0.815256
vt 0.695994 0.767207
vt 0.588979 0.709172
vt 0.909948 0.926978
vt 0.673362 0.972274
vt 0.674212 0.993011
vt 0.935690 0.986810
vt 0.724173 0.697991
vt 0.734579 0.677187
vt 0.802257 0.696967
vt 0.340101 0.609181
vt 0.750903 0.714252
vt 0.657885 0.880944
vt 0.662334 0.859201
vt 0.707697 0.854851
vt 0.696494 0.846319
vt 0.905384 0.952077
vt 0.930996 0.993485
vt 0.908331 0.953455
vt 0.902722 0.971345
vt 0.902547 0.926774
vt 0.929592 0.931827
vt 0.905652 0.972473
vt 0.906112 0.927938
vt 0.911042 0.998452
vt 0.927818 0.849741
vt 0.963801 0.909575
vt 0.051933 0.340033
vt 0.707339 0.681754
vt 0.004244 0.051457
vt 0.758869 0.090929
vt 0.882842 0.891100
vt 0.562347 0.875864
vt 0.547211 0.866416
vt 0.473440 0.860784
vt 0.549564 0.864377
vt 0.532073 0.856076
vt 0.498927 0.834470
vt 0.561064 0.904530
vt 0.508607 0.918470
vt 0.564561 0.875655
vt 0.664871 0.832100
vt 0.928783 0.113280
vt 0.894836 0.116355
vt 0.900310 0.132668
vt 0.599589 0.860149
vt 0.681945 0.829317
vt 0.898485 0.510651
vt 0.623886 0.848257
vt 0.884063 0.615681
vt 0.884836 0.588103
vt 0.814340 0.641681
vt 0.839320 0.632690
vt 0.689061 0.817282
vt 0.870346 0.624438
vt 0.798470 0.140198
vt 0.802673 0.129703
vt 0.871783 0.135090
vt 0.778254 0.108884
vt 0.844047 0.154243
vt 0.826718 0.140540
vt 0.922972 0.089135
vt 0.645522 0.838506
vt 0.893560 0.530819
vt 0.697559 0.794667
vt 0.708529 0.740788
vt 0.821769 0.154732
vt 0.783133 0.073149
vt 0.846958 0.081918
vt 0.874551 0.083745
vt 0.846680 0.144110
vt 0.875396 0.144766
vt 0.888998 0.553490
vt 0.707015 0.712894
vt 0.767552 0.651926
vt 0.808201 0.077943
vt 0.829150 0.081816
vt 0.717883 0.882519
vt 0.719016 0.873890
vt 0.525637 0.843479
vt 0.531105 0.845871
vt 0.695554 0.935741
vt 0.706067 0.869836
vt 0.717952 0.919236
vt 0.715316 0.909298
vt 0.696617 0.873842
vt 0.924896 0.575040
vt 0.917150 0.541251
vt 0.945146 0.533076
vt 0.924510 0.522087
vt 0.927821 0.600150
vt 0.907035 0.603552
vt 0.903104 0.629067
vt 0.406540 0.781599
vt 0.842689 0.655513
vt 0.908125 0.648357
vt 0.890386 0.659604
vt 0.880468 0.643252
vt 0.820020 0.662335
vt 0.856656 0.673987
vt 0.689820 0.869704
vt 0.682928 0.853902
vt 0.641024 0.867983
vt 0.662334 0.859201
vt 0.707697 0.854851
vt 0.710953 0.857728
vt 0.931993 0.547676
vt 0.911776 0.568978
vt 0.926653 0.632177
vt 0.831334 0.678220
vt 0.702201 0.835324
vt 0.696494 0.846319
vt 0.790328 0.652881
vt 0.723448 0.662937
vt 0.657885 0.880944
vt 0.617354 0.883300
vt 0.638379 0.896540
vt 0.897136 0.636560
vt 0.713060 0.801889
vt 0.727837 0.843005
vt 0.744711 0.655170
vt 0.711438 0.683008
vt 0.762522 0.867208
vt 0.780271 0.905578
vt 0.683103 0.927238
vt 0.704454 0.876821
vt 0.691552 0.928628
vt 0.750328 0.930224
vt 0.789663 0.897378
vt 0.733904 0.919357
vt 0.757370 0.921081
vt 0.757150 0.670406
vt 0.749426 0.737138
vt 0.734579 0.677187
vt 0.340101 0.609181
vt 0.740043 0.730103
vt 0.760444 0.739074
vt 0.734297 0.751725
vt 0.749996 0.757498
vt 0.823897 0.692228
vt 0.732089 0.777969
vt 0.727086 0.806442
vt 0.719373 0.773457
vt 0.714457 0.842164
vt 0.734621 0.819231
vt 0.724173 0.697991
vt 0.772326 0.692470
vt 0.802257 0.696967
vt 0.782062 0.699496
vt 0.352283 0.648715
vt 0.757362 0.699438
vt 0.750903 0.714252
vt 0.753787 0.760943
vt 0.809940 0.679963
vt 0.779338 0.668572
vt 0.722612 0.746534
vt 0.350014 0.635847
vt 0.129249 0.160332
vt 0.344584 0.624478
vt 0.767656 0.706363
vt 0.761815 0.720196
vt 0.743971 0.785252
vt 0.793029 0.685374
vt 0.800997 0.669212
vt 0.722606 0.727838
vt 0.208455 0.695030
vt 0.217098 0.708389
vt 0.728609 0.884224
vt 0.757134 0.873071
vt 0.737417 0.909551
vt 0.555465 0.924860
vt 0.656942 0.932750
vt 0.654987 0.940983
vt 0.500805 0.935185
vt 0.506549 0.935931
vt 0.728102 0.875307
vt 0.340325 0.774993
vt 0.367672 0.782431
vt 0.061340 0.231065
vt 0.054607 0.241997
vt 0.302157 0.669878
vt 0.286214 0.663001
vt 0.286157 0.598682
vt 0.385040 0.782232
vt 0.374879 0.775110
vt 0.395199 0.764269
vt 0.336028 0.725172
vt 0.340927 0.765384
vt 0.331787 0.493737
vt 0.345348 0.757953
vt 0.086713 0.251857
vt 0.097880 0.240490
vt 0.116456 0.151903
vt 0.126703 0.188281
vt 0.055364 0.228347
vt 0.294846 0.622521
vt 0.323913 0.701499
vt 0.312578 0.684041
vt 0.304287 0.485808
vt 0.288707 0.746975
vt 0.280183 0.719223
vt 0.069157 0.210569
vt 0.088667 0.170705
vt 0.250477 0.531048
vt 0.047988 0.235916
vt 0.276116 0.495439
vt 0.294339 0.641147
vt 0.288033 0.498859
vt 0.257537 0.730733
vt 0.269085 0.691556
vt 0.121080 0.212220
vt 0.070522 0.187356
vt 0.538071 0.928303
vt 0.461847 0.920335
vt 0.754941 0.865830
vt 0.551173 0.926060
vt 0.452793 0.863964
vt 0.454072 0.904614
vt 0.524794 0.931501
vt 0.516254 0.934642
vt 0.468775 0.923669
vt 0.337964 0.610645
vt 0.332296 0.521183
vt 0.333050 0.675272
vt 0.355659 0.720116
vt 0.289934 0.522615
vt 0.313606 0.617370
vt 0.277807 0.526129
vt 0.341224 0.626525
vt 0.233423 0.589294
vt 0.263397 0.539667
vt 0.260422 0.672954
vt 0.212314 0.676178
vt 0.223375 0.705062
vt 0.254644 0.652459
vt 0.356457 0.665996
vt 0.372407 0.716548
vt 0.341712 0.691816
vt 0.370033 0.755295
vt 0.317223 0.650373
vt 0.324255 0.661335
vt 0.348132 0.649713
vt 0.316580 0.633831
vt 0.243647 0.554978
vt 0.245375 0.621951
vt 0.215182 0.691646
vt 0.306443 0.594305
vt 0.299095 0.621985
vt 0.337849 0.586950
vt 0.344157 0.638258
vt 0.388163 0.746208
vt 0.361980 0.683410
vt 0.275670 0.575602
vt 0.254483 0.554381
vt 0.221442 0.628885
vt 0.298373 0.569858
vt 0.329792 0.561229
vt 0.533841 0.907834
vt 0.547211 0.866416
vt 0.559347 0.922675
vt 0.565889 0.919822
vt 0.566737 0.886508
vt 0.469385 0.906430
vt 0.534455 0.911022
vt 0.474353 0.912675
vt 0.561836 0.885896
vt 0.320667 0.667140
vt 0.695594 0.155176
vt 0.282437 0.570787
vt 0.700860 0.155166
vt 0.308981 0.666779
vt 0.691859 0.146185
vt 0.309100 0.653856
vt 0.691843 0.151441
vt 0.363838 0.758893
vt 0.294935 0.659310
vt 0.337270 0.694676
vt 0.319104 0.680957
vt 0.306361 0.619053
vt 0.328967 0.698996
vt 0.289629 0.569605
vt 0.704585 0.151441
vt 0.293692 0.599462
vt 0.704575 0.146173
vt 0.764507 0.158637
vt 0.735774 0.158144
vt 0.700850 0.142451
vt 0.695558 0.142451
vt 0.350896 0.759093
vt 0.339477 0.722698
vt 0.328779 0.679058
vt 0.743772 0.150819
vt 0.758036 0.151203
vt 0.739381 0.153756
vt 0.765871 0.163842
vt 0.698222 0.148813
vt 0.299255 0.597898
vt 0.348780 0.719026
vt 0.308691 0.633914
vt 0.299681 0.638944
vt 0.753591 0.149181
vt 0.748636 0.149341
vt 0.501465 0.920251
vt 0.508607 0.918470
vt 0.469619 0.904016
vt 0.470477 0.868967
vt 0.517850 0.910851
vt 0.510131 0.917793
vt 0.548687 0.912907
vt 0.548842 0.910087
vt 0.551856 0.910162
vt 0.471584 0.784443
vt 0.411307 0.717733
vt 0.761811 0.154358
vt 0.419552 0.736246
vt 0.433645 0.686297
vt 0.430985 0.730635
vt 0.771977 0.153872
vt 0.787468 0.137963
vt 0.754588 0.143873
vt 0.765535 0.149555
vt 0.772614 0.163268
vt 0.462122 0.764194
vt 0.399245 0.678998
vt 0.394640 0.650912
vt 0.435905 0.800119
vt 0.480442 0.779136
vt 0.442018 0.703389
vt 0.424639 0.733523
vt 0.737857 0.120421
vt 0.403549 0.699521
vt 0.442161 0.820622
vt 0.452690 0.819015
vt 0.452074 0.744612
vt 0.460767 0.739799
vt 0.734417 0.146010
vt 0.742195 0.144602
vt 0.748495 0.143393
vt 0.418244 0.759519
vt 0.427636 0.755778
vt 0.471183 0.817262
vt 0.459059 0.791142
vt 0.445729 0.796686
vt 0.410840 0.739697
vt 0.405862 0.675776
vt 0.405862 0.675776
vt 0.479960 0.906288
vt 0.691843 0.151441
vt 0.502030 0.913368
vt 0.515014 0.906911
vt 0.470926 0.759343
vt 0.426773 0.780027
vt 0.735756 0.148003
vt 0.794521 0.145534
vt 0.418133 0.671015
vt 0.700850 0.142451
vt 0.475063 0.870093
vt 0.474880 0.904644
vt 0.557205 0.902682
vt 0.561064 0.904530
vt 0.758036 0.151203
vt 0.765871 0.163842
vt 0.748636 0.149341
vt 0.704585 0.151441
vt 0.698222 0.148813
vt 0.704575 0.146173
vt 0.695594 0.155176
vt 0.700860 0.155166
vt 0.772614 0.163268
vt 0.753591 0.149181
vt 0.691859 0.146185
vt 0.729397 0.154382
vt 0.426884 0.668243
vt 0.413111 0.649651
vt 0.422658 0.648934
vt 0.422480 0.712119
vt 0.414420 0.694504
vt 0.433907 0.707331
vt 0.741572 0.142760
vt 0.748361 0.141514
vt 0.374457 0.670772
vt 0.418133 0.671015
vt 0.425185 0.689600
vt 0.749274 0.119878
vt 0.760119 0.121655
vt 0.405257 0.648738
vt 0.412567 0.672947
vt 0.460328 0.819686
vt 0.402938 0.721310
vt 0.428701 0.709298
vt 0.395471 0.703707
vt 0.775659 0.163108
vt 0.761213 0.144275
vt 0.726492 0.123242
vt 0.470926 0.759343
vt 0.420579 0.691732
vt 0.471584 0.784443
vt 0.416220 0.715057
vt 0.779282 0.131237
vt 0.408199 0.697392
vt 0.466090 0.787572
vt 0.766853 0.148161
vt 0.418244 0.759519
vt 0.419552 0.736246
vt 0.442829 0.725595
vt 0.430985 0.730635
vt 0.386172 0.686806
vt 0.381496 0.663869
vt 0.760311 0.145906
vt 0.769763 0.155171
vt 0.729397 0.154382
vt 0.770159 0.125523
vt 0.442018 0.703389
vt 0.433907 0.707331
vt 0.425185 0.689600
vt 0.422480 0.712119
vt 0.410840 0.739697
vt 0.402938 0.721310
vt 0.395471 0.703707
vt 0.436149 0.776294
vt 0.442213 0.773415
vt 0.449187 0.770217
vt 0.427636 0.755778
vt 0.460767 0.739799
vt 0.452074 0.744612
vt 0.424639 0.733523
vt 0.420579 0.691732
vt 0.446454 0.746809
vt 0.439859 0.749898
vt 0.449187 0.770217
vt 0.446454 0.746809
vt 0.484690 0.804357
vt 0.437419 0.727657
vt 0.492708 0.797194
vt 0.451342 0.721192
vt 0.374457 0.670772
vt 0.484690 0.804357
vt 0.386172 0.686806
vt 0.381496 0.663869
vt 0.436149 0.776294
vt 0.442213 0.773415
vt 0.480260 0.810819
vt 0.492708 0.797194
vt 0.456045 0.766957
vt 0.451705 0.794498
vt 0.442829 0.725595
vt 0.480260 0.810819
vt 0.385994 0.657426
vt 0.394036 0.681879
vt 0.466090 0.787572
vt 0.460328 0.819686
vt 0.433049 0.752949
vt 0.439859 0.749898
vt 0.394036 0.681879
vt 0.735774 0.158144
vt 0.695558 0.142451
vt 0.716264 0.127397
vt 0.764507 0.158637
vt 0.507995 0.914695
vt 0.553365 0.911590
vt 0.769763 0.155171
vt 0.743772 0.150819
vt 0.739381 0.153756
vt 0.761811 0.154358
vt 0.394640 0.650912
vt 0.442161 0.820622
vt 0.452690 0.819015
vt 0.459059 0.791142
vt 0.445729 0.796686
vt 0.451705 0.794498
vt 0.426884 0.668243
vt 0.422658 0.648934
vt 0.471183 0.817262
vt 0.399245 0.678998
vt 0.480442 0.779136
vt 0.413111 0.649651
vt 0.405257 0.648738
vt 0.385994 0.657426
vt 0.755001 0.142008
vt 0.435905 0.800119
vt 0.412567 0.672947
vt 0.456045 0.766957
vt 0.426773 0.780027
vt 0.726615 0.152882
vt 0.462122 0.764194
vt 0.433645 0.686297
vt 0.416220 0.715057
vt 0.403549 0.699521
vt 0.414420 0.694504
vt 0.411307 0.717733
vt 0.408199 0.697392
vt 0.437419 0.727657
vt 0.433049 0.752949
vt 0.451342 0.721192
vt 0.428701 0.709298
vt 0.700860 0.155166
vt 0.704585 0.151441
vt 0.716264 0.127397
vt 0.726615 0.152882
vt 0.755001 0.142008
vt 0.760119 0.121655
vt 0.765871 0.163842
vt 0.704575 0.146173
vt 0.695594 0.155176
vt 0.726492 0.123242
vt 0.734417 0.146010
vt 0.764507 0.158637
vt 0.779282 0.131237
vt 0.787468 0.137963
vt 0.749274 0.119878
vt 0.761213 0.144275
vt 0.794521 0.145534
vt 0.771977 0.153872
vt 0.748361 0.141514
vt 0.754588 0.143873
vt 0.772614 0.163268
vt 0.769763 0.155171
vt 0.695594 0.155176
vt 0.764507 0.158637
vt 0.700850 0.142451
vt 0.765871 0.163842
vt 0.729397 0.154382
vt 0.735774 0.158144
vt 0.775659 0.163108
vt 0.748495 0.143393
vt 0.765535 0.149555
vt 0.735756 0.148003
vt 0.779282 0.131237
vt 0.770159 0.125523
vt 0.691859 0.146185
vt 0.691843 0.151441
vt 0.748361 0.141514
vt 0.760119 0.121655
vt 0.761213 0.144275
vt 0.695558 0.142451
vt 0.741572 0.142760
vt 0.766853 0.148161
vt 0.737857 0.120421
vt 0.755001 0.142008
vt 0.749274 0.119878
vt 0.771977 0.153872
vt 0.726492 0.123242
vt 0.716264 0.127397
vt 0.726615 0.152882
vt 0.787468 0.137963
vt 0.748495 0.143393
vt 0.754588 0.143873
vt 0.765535 0.149555
vt 0.700850 0.142451
vt 0.691859 0.146185
vt 0.698222 0.148813
vt 0.691843 0.151441
vt 0.735774 0.158144
vt 0.766853 0.148161
vt 0.770159 0.125523
vt 0.695558 0.142451
vt 0.741572 0.142760
vt 0.737857 0.120421
vt 0.761811 0.154358
vt 0.748636 0.149341
vt 0.758036 0.151203
vt 0.753591 0.149181
vt 0.760311 0.145906
vt 0.742195 0.144602
vt 0.743772 0.150819
vt 0.739381 0.153756
vt 0.698222 0.148813
vt 0.704575 0.146173
vt 0.704585 0.151441
vt 0.700860 0.155166
vt 0.734417 0.146010
vt 0.794521 0.145534
vt 0.742195 0.144602
vt 0.760311 0.145906
vt 0.775659 0.163108
vt 0.735756 0.148003
vt 0.748495 0.143393
vt 0.760119 0.121655
vt 0.742195 0.144602
vt 0.766853 0.148161
vt 0.726615 0.152882
vt 0.787468 0.137963
vt 0.691843 0.151441
vt 0.779282 0.131237
vt 0.755001 0.142008
vt 0.754588 0.143873
vt 0.760311 0.145906
vt 0.695558 0.142451
vt 0.726492 0.123242
vt 0.735756 0.148003
vt 0.771977 0.153872
vt 0.734417 0.146010
vt 0.769763 0.155171
vt 0.729397 0.154382
vt 0.794521 0.145534
vt 0.753591 0.149181
vt 0.765871 0.163842
vt 0.764507 0.158637
vt 0.755001 0.142008
vt 0.691843 0.151441
vt 0.770159 0.125523
vt 0.695558 0.142451
vt 0.735774 0.158144
vt 0.691859 0.146185
vt 0.772614 0.163268
vt 0.748636 0.149341
vt 0.761811 0.154358
vt 0.739381 0.153756
vt 0.726492 0.123242
vt 0.737857 0.120421
vt 0.749274 0.119878
vt 0.748361 0.141514
vt 0.794521 0.145534
vt 0.726615 0.152882
vt 0.734417 0.146010
vt 0.741572 0.142760
vt 0.775659 0.163108
vt 0.716264 0.127397
vt 0.765535 0.149555
vt 0.787468 0.137963
vt 0.771977 0.153872
vt 0.729397 0.154382
vt 0.754588 0.143873
vt 0.748495 0.143393
vt 0.742195 0.144602
vt 0.735756 0.148003
vt 0.748636 0.149341
vt 0.753591 0.149181
vt 0.758036 0.151203
vt 0.761213 0.144275
vt 0.770159 0.125523
vt 0.748361 0.141514
vt 0.749274 0.119878
vt 0.691859 0.146185
vt 0.716264 0.127397
vt 0.737857 0.120421
vt 0.741572 0.142760
vt 0.775659 0.163108
vt 0.765535 0.149555
vt 0.700850 0.142451
vt 0.704585 0.151441
vt 0.698222 0.148813
vt 0.704575 0.146173
vt 0.758036 0.151203
vt 0.743772 0.150819
vt 0.700860 0.155166
vt 0.695594 0.155176
vt 0.761213 0.144275
vt 0.779282 0.131237
vt 0.766853 0.148161
vt 0.760119 0.121655
vt 0.760311 0.145906
vt 0.769763 0.155171
vt 0.743772 0.150819
vt 0.761811 0.154358
vt 0.772614 0.163268
vt 0.739381 0.153756
vt 0.704575 0.146173
vt 0.683033 0.099246
vt 0.704585 0.151441
vt 0.761213 0.144275
vt 0.749274 0.119878
vt 0.741572 0.142760
vt 0.172889 0.401708
vt 0.170082 0.420775
vt 0.102078 0.992728
vt 0.075053 0.033277
vt 0.700860 0.155166
vt 0.695594 0.155176
vt 0.748636 0.149341
vt 0.884897 0.257595
vt 0.765871 0.163842
vt 0.664865 0.234367
vt 0.771977 0.153872
vt 0.775659 0.163108
vt 0.184635 0.392333
vt 0.185126 0.372748
vt 0.893932 0.245940
vt 0.633340 0.206235
vt 0.779282 0.131237
vt 0.737857 0.120421
vt 0.404541 0.600651
vt 0.748495 0.143393
vt 0.742195 0.144602
vt 0.766853 0.148161
vt 0.734417 0.146010
vt 0.743772 0.150819
vt 0.735774 0.158144
vt 0.764507 0.158637
vt 0.748495 0.143393
vt 0.754588 0.143873
vt 0.739381 0.153756
vt 0.691843 0.151441
vt 0.691859 0.146185
vt 0.753591 0.149181
vt 0.173763 0.375881
vt 0.735756 0.148003
vt 0.633340 0.206235
vt 0.735756 0.148003
vt 0.490273 0.297683
vt 0.787468 0.137963
vt 0.716264 0.127397
vt 0.794521 0.145534
vt 0.387991 0.621359
vt 0.195626 0.383205
vt 0.729397 0.154382
vt 0.758036 0.151203
vt 0.765535 0.149555
vt 0.164397 0.362125
vt 0.207882 0.393534
vt 0.616083 0.198018
vt 0.113851 0.597918
vt 0.760311 0.145906
vt 0.767954 0.005153
vt 0.772614 0.163268
vt 0.769763 0.155171
vt 0.168362 0.376029
vt 0.536543 0.614574
vt 0.383063 0.594186
vt 0.761811 0.154358
vt 0.743772 0.150819
vt 0.704575 0.146173
vt 0.623197 0.201994
vt 0.646742 0.211473
vt 0.779282 0.131237
vt 0.704585 0.151441
vt 0.646742 0.211473
vt 0.748636 0.149341
vt 0.753591 0.149181
vt 0.758036 0.151203
vt 0.761811 0.154358
vt 0.772614 0.163268
vt 0.512496 0.625190
vt 0.698222 0.148813
vt 0.748361 0.141514
vt 0.737857 0.120421
vt 0.755001 0.142008
vt 0.695594 0.155176
vt 0.726615 0.152882
vt 0.787468 0.137963
vt 0.749274 0.119878
vt 0.775659 0.163108
vt 0.771977 0.153872
vt 0.770159 0.125523
vt 0.695558 0.142451
vt 0.729397 0.154382
vt 0.794521 0.145534
vt 0.765535 0.149555
vt 0.700850 0.142451
vt 0.742195 0.144602
vt 0.700860 0.155166
vt 0.574281 0.591526
vt 0.760119 0.121655
vt 0.741572 0.142760
vt 0.760311 0.145906
vt 0.760119 0.121655
vt 0.726492 0.123242
vt 0.552822 0.605574
vt 0.754588 0.143873
vt 0.748361 0.141514
vt 0.755001 0.142008
vt 0.726615 0.152882
vt 0.726492 0.123242
vt 0.734417 0.146010
vt 0.765871 0.163842
vt 0.410005 0.629187
vt 0.524696 0.620804
vt 0.764507 0.158637
vt 0.716264 0.127397
vt 0.698222 0.148813
vt 0.766853 0.148161
vt 0.210320 0.395727
vt 0.770159 0.125523
vt 0.761213 0.144275
vt 0.700850 0.142451
vt 0.623197 0.201994
vt 0.735774 0.158144
vt 0.739381 0.153756
vt 0.769763 0.155171
vt 0.041648 0.219978
vt 0.029172 0.171005
vt 0.045739 0.569257
vt 0.426665 0.889120
vt 0.350252 0.859748
vt 0.343801 0.888232
vt 0.104226 0.594883
vt 0.020908 0.248633
vt 0.019481 0.187215
vt 0.404034 0.872908
vt 0.162509 0.816938
vt 0.015411 0.235470
vt 0.240352 0.361470
vt 0.229301 0.377937
vt 0.287112 0.880561
vt 0.195892 0.356871
vt 0.227867 0.872070
vt 0.233059 0.832551
vt 0.291583 0.845729
vt 0.085546 0.835059
vt 0.021197 0.883159
vt 0.111728 0.763822
vt 0.123875 0.677758
vt 0.097150 0.695936
vt 0.998420 0.306885
vt 0.130447 0.620873
vt 0.074912 0.635397
vt 0.084482 0.783653
vt 0.239482 0.821470
vt 0.097141 0.852906
vt 0.296299 0.836947
vt 0.158971 0.798078
vt 0.103904 0.727390
vt 0.057252 0.639870
vt 0.134840 0.700968
vt 0.051862 0.639397
vt 0.061314 0.666203
vt 0.147542 0.727852
vt 0.177645 0.695780
vt 0.027661 0.639397
vt 0.024179 0.584895
vt 0.164967 0.675674
vt 0.203582 0.411828
vt 0.023520 0.597211
vt 0.031143 0.688624
vt 0.044178 0.596863
vt 0.038583 0.574479
vt 0.202658 0.406839
vt 0.034814 0.729555
vt 0.445721 0.864093
vt 0.066467 0.725449
vt 0.056001 0.605417
vt 0.213974 0.400430
vt 0.389612 0.926251
vt 0.445370 0.902531
vt 0.157277 0.861668
vt 0.082258 0.585443
vt 0.004630 0.218374
vt 0.397332 0.894779
vt 0.222509 0.363980
vt 0.152833 0.911883
vt 0.355932 0.849909
vt 0.168967 0.798590
vt 0.999018 0.289950
vt 0.095733 0.626405
vt 0.082314 0.653041
vt 0.076978 0.742233
vt 0.410617 0.866761
vt 0.221824 0.355084
vt 0.070500 0.706474
vt 0.154022 0.658316
vt 0.414053 0.862283
vt 0.044102 0.829213
vt 0.003043 0.791209
vt 0.076897 0.778297
vt 0.066951 0.620737
vt 0.039971 0.784750
vt 0.058820 0.683285
vt 0.003224 0.733667
vt 0.054166 0.629054
vt 0.081450 0.607802
vt 0.054028 0.561809
vt 0.912901 0.234901
vt 0.205965 0.448250
vt 0.933315 0.256277
vt 0.029861 0.243811
vt 0.962553 0.336055
vt 0.184401 0.443804
vt 0.137821 0.587606
vt 0.168877 0.469008
vt 0.124090 0.581446
vt 0.247361 0.363699
vt 0.240385 0.327313
vt 0.193224 0.415756
vt 0.122066 0.526471
vt 0.057264 0.558296
vt 0.009833 0.545716
vt 0.885624 0.463952
vt 0.024721 0.222222
vt 0.131812 0.557159
vt 0.172587 0.514316
vt 0.219844 0.451779
vt 0.166701 0.434334
vt 0.879936 0.298629
vt 0.890364 0.260255
vt 0.212412 0.442149
vt 0.165130 0.454620
vt 0.153571 0.475359
vt 0.925052 0.313590
vt 0.897621 0.233410
vt 0.185176 0.408013
vt 0.153823 0.459470
vt 0.044954 0.523018
vt 0.930469 0.521568
vt 0.942597 0.501719
vt 0.176273 0.416287
vt 0.234271 0.330139
vt 0.221434 0.288808
vt 0.223920 0.445285
vt 0.177618 0.437647
vt 0.190446 0.417250
vt 0.142821 0.533032
vt 0.158109 0.540492
vt 0.038927 0.223972
vt 0.811019 0.419696
vt 0.825876 0.385451
vt 0.997583 0.521857
vt 0.146641 0.564413
vt 0.518673 0.557591
vt 0.997804 0.459918
vt 0.997985 0.408992
vt 0.866659 0.296515
vt 0.163371 0.503679
vt 0.519677 0.524029
vt 0.199156 0.453218
vt 0.191447 0.486834
vt 0.838092 0.357294
vt 0.182845 0.477426
vt 0.843608 0.386564
vt 0.899440 0.411540
vt 0.091246 0.569183
vt 0.501053 0.522426
vt 0.099792 0.545520
vt 0.979647 0.537826
vt 0.952933 0.440366
vt 0.993899 0.309157
vt 0.534739 0.607404
vt 0.549320 0.598622
vt 0.214522 0.458469
vt 0.997470 0.347273
vt 0.521860 0.614893
vt 0.817477 0.434621
vt 0.979530 0.452380
vt 0.137877 0.494596
vt 0.081587 0.509814
vt 0.125303 0.486012
vt 0.538879 0.492797
vt 0.028731 0.544091
vt 0.508428 0.489821
vt 0.088351 0.577940
vt 0.253144 0.364201
vt 0.898128 0.245180
vt 0.893688 0.240166
vt 0.191898 0.428277
vt 0.488899 0.488564
vt 0.218175 0.436921
vt 0.195910 0.417616
vt 0.109080 0.591303
vt 0.130618 0.603345
vt 0.186259 0.423916
vt 0.199702 0.405282
vt 0.058843 0.531846
vt 0.160744 0.446793
vt 0.988575 0.350815
vt 0.989217 0.315587
vt 0.540052 0.469172
vt 0.497654 0.455842
vt 0.495678 0.599921
vt 0.195536 0.403443
vt 0.265785 0.405868
vt 0.903325 0.235834
vt 0.494959 0.559976
vt 0.095610 0.519093
vt 0.510816 0.620509
vt 0.866702 0.479272
vt 0.473214 0.569699
vt 0.856043 0.356794
vt 0.968720 0.286764
vt 0.908538 0.378493
vt 0.543067 0.521532
vt 0.527119 0.443370
vt 0.888902 0.449818
vt 0.829206 0.421046
vt 0.984042 0.411279
vt 0.508817 0.593014
vt 0.544589 0.571507
vt 0.498911 0.625849
vt 0.474942 0.552620
vt 0.958395 0.402315
vt 0.481418 0.521147
vt 0.974042 0.502368
vt 0.946607 0.484441
vt 0.154765 0.465571
vt 0.549849 0.431664
vt 0.415147 0.389747
vt 0.480071 0.447288
vt 0.617228 0.430901
vt 0.403705 0.415833
vt 0.467704 0.441204
vt 0.546557 0.434453
vt 0.572331 0.546421
vt 0.361808 0.486317
vt 0.569717 0.519282
vt 0.548660 0.591443
vt 0.458461 0.549227
vt 0.484011 0.449499
vt 0.538139 0.413976
vt 0.546402 0.587044
vt 0.628822 0.565155
vt 0.357340 0.543538
vt 0.364357 0.529621
vt 0.569305 0.488226
vt 0.409386 0.442683
vt 0.436822 0.454912
vt 0.589337 0.484794
vt 0.575182 0.515983
vt 0.565874 0.575858
vt 0.525549 0.418163
vt 0.451901 0.578811
vt 0.585775 0.459439
vt 0.440360 0.610317
vt 0.577142 0.546453
vt 0.529759 0.596003
vt 0.532308 0.601219
vt 0.474485 0.485234
vt 0.495797 0.613503
vt 0.493367 0.424771
vt 0.395751 0.471964
vt 0.432880 0.529922
vt 0.631130 0.578113
vt 0.380453 0.568339
vt 0.395458 0.547307
vt 0.424639 0.562563
vt 0.447772 0.576174
vt 0.617608 0.423044
vt 0.491066 0.422016
vt 0.595887 0.434592
vt 0.613947 0.459648
vt 0.378181 0.460578
vt 0.593132 0.514097
vt 0.392203 0.434143
vt 0.613169 0.481248
vt 0.506051 0.422780
vt 0.447287 0.431428
vt 0.456844 0.469643
vt 0.469604 0.484019
vt 0.417448 0.582358
vt 0.479641 0.410675
vt 0.421363 0.421056
vt 0.417677 0.382040
vt 0.557360 0.412193
vt 0.503906 0.418795
vt 0.435147 0.393876
vt 0.572710 0.579286
vt 0.409685 0.515926
vt 0.596996 0.544661
vt 0.381225 0.500721
vt 0.622487 0.540501
vt 0.563697 0.489594
vt 0.510064 0.606883
vt 0.466816 0.519264
vt 0.511160 0.611946
vt 0.544811 0.548094
vt 0.572455 0.586114
vt 0.445077 0.501255
vt 0.599225 0.577030
vt 0.462479 0.515618
vt 0.346707 0.507112
vt 0.338797 0.517820
vt 0.598216 0.586858
vt 0.554931 0.464127
vt 0.617032 0.510684
vt 0.497926 0.618397
vt 0.524616 0.584726
vt 0.454263 0.548808
vt 0.560588 0.461872
vt 0.423604 0.485599
vt 0.572723 0.434393
vt 0.456965 0.396001
vt 0.556181 0.431931
vt 0.438350 0.334944
vt 0.460734 0.296303
vt 0.477162 0.297871
vt 0.476044 0.369335
vt 0.495363 0.369894
vt 0.486693 0.390590
vt 0.441767 0.365298
vt 0.617002 0.414175
vt 0.451357 0.309790
vt 0.600459 0.401389
vt 0.578270 0.404928
vt 0.536777 0.356246
vt 0.424947 0.359946
vt 0.597811 0.413433
vt 0.620230 0.399426
vt 0.521987 0.340886
vt 0.532410 0.381935
vt 0.458841 0.353728
vt 0.628612 0.371020
vt 0.634798 0.363283
vt 0.460278 0.379845
vt 0.613184 0.360430
vt 0.650610 0.341635
vt 0.436236 0.379059
vt 0.518505 0.357115
vt 0.577739 0.368327
vt 0.561658 0.353953
vt 0.434826 0.302895
vt 0.417640 0.297499
vt 0.576672 0.416164
vt 0.506099 0.397656
vt 0.524897 0.411835
vt 0.540689 0.407802
vt 0.536110 0.366359
vt 0.508165 0.305932
vt 0.545866 0.320242
vt 0.509517 0.315432
vt 0.425935 0.349128
vt 0.439959 0.350146
vt 0.455391 0.339497
vt 0.461554 0.323543
vt 0.558155 0.389877
vt 0.422855 0.322275
vt 0.462189 0.309714
vt 0.517003 0.369348
vt 0.435270 0.309952
vt 0.420164 0.310320
vt 0.596040 0.373333
vt 0.421028 0.373759
vt 0.496689 0.359600
vt 0.424807 0.331687
vt 0.488795 0.325888
vt 0.476061 0.325502
vt 0.542278 0.345033
vt 0.631010 0.336032
vt 0.478502 0.358120
vt 0.560189 0.402415
vt 0.492321 0.310226
vt 0.577909 0.394522
vt 0.477175 0.310873
vt 0.481587 0.342369
vt 0.501413 0.342314
vt 0.539102 0.304129
vt 0.535384 0.311524
vt 0.527452 0.300399
vt 0.603473 0.355301
vt 0.542615 0.401187
vt 0.450775 0.301787
vt 0.436098 0.385699
vt 0.595873 0.423591
vt 0.544011 0.331625
vt 0.503803 0.327692
vt 0.524498 0.330791
vt 0.527734 0.321239
vt 0.555705 0.340051
vt 0.622026 0.387812
vt 0.609836 0.380699
vt 0.641702 0.351915
vt 0.580607 0.350720
vt 0.560983 0.364247
vt 0.527395 0.402951
vt 0.514832 0.374910
vt 0.525484 0.313107
vt 0.551307 0.310698
vt 0.583604 0.339683
vt 0.436143 0.320220
vt 0.449438 0.321303
vt 0.919464 0.675439
vt 0.769957 0.712733
vt 0.777351 0.713114
vt 0.780882 0.745705
vt 0.786477 0.722316
vt 0.915735 0.674854
vt 0.791816 0.734455
vt 0.915046 0.650003
vt 0.923205 0.686683
vt 0.820867 0.002394
vt 0.158319 0.020079
vt 0.610010 0.332486
vt 0.846336 0.000625
vt 0.888818 0.002278
vt 0.144643 0.013694
vt 0.917706 0.668879
vt 0.924114 0.666478
vt 0.766989 0.737532
vt 0.928796 0.664191
vt 0.772617 0.737572
vt 0.932084 0.669225
vt 0.935799 0.673788
vt 0.934604 0.741185
vt 0.933086 0.723835
vt 0.996860 0.238715
vt 0.625925 0.341990
vt 0.910827 0.664494
vt 0.910912 0.653686
vt 0.911550 0.670230
vt 0.622131 0.351780
vt 0.606136 0.344285
vt 0.997724 0.201100
vt 0.289618 0.276535
vt 0.994538 0.012790
vt 0.984163 0.042138
vt 0.766723 0.730610
vt 0.765114 0.744080
vt 0.920237 0.679084
vt 0.930769 0.679039
vt 0.772992 0.731233
vt 0.797411 0.741054
vt 0.972068 0.731728
vt 0.942357 0.756226
vt 0.781354 0.710751
vt 0.934712 0.683884
vt 0.941073 0.678514
vt 0.761367 0.751571
vt 0.933586 0.755583
vt 0.933541 0.704273
vt 0.995954 0.216102
vt 0.773602 0.714513
vt 0.790371 0.744501
vt 0.787159 0.728990
vt 0.768290 0.723716
vt 0.827312 0.885026
vt 0.951442 0.740003
vt 0.770445 0.754650
vt 0.772485 0.744801
vt 0.914722 0.654986
vt 0.774979 0.709584
vt 0.925947 0.658884
vt 0.951164 0.722436
vt 0.941200 0.686539
vt 0.780214 0.723898
vt 0.951396 0.688729
vt 0.321086 0.311962
vt 0.998899 0.152956
vt 0.916225 0.679334
vt 0.950360 0.702865
vt 0.309299 0.297538
vt 0.926716 0.672684
vt 0.788225 0.736414
vt 0.780622 0.729348
vt 0.919884 0.651663
vt 0.793953 0.739184
vt 0.918178 0.654144
vt 0.780826 0.737519
vt 0.828333 0.832405
vt 0.935819 0.696128
vt 0.998346 0.178042
vt 0.801245 0.005053
vt 0.773556 0.723857
vt 0.916086 0.682648
vt 0.913168 0.683886
vt 0.817512 0.881412
vt 0.921881 0.660246
vt 0.916159 0.661941
g masteryi_base_md_masteryi
usemtl Hero_MasterYi_mat
f 1290/1290/1290 3072/3072/3072 3089/3089/3089
f 1297/1297/1297 3072/3072/3072 1290/1290/1290
f 1335/1335/1335 1297/1297/1297 1290/1290/1290
f 1296/1296/1296 1297/1297/1297 1335/1335/1335
f 1296/1296/1296 1335/1335/1335 1363/1363/1363
f 1363/1363/1363 1335/1335/1335 1358/1358/1358
f 1348/1348/1348 1363/1363/1363 1358/1358/1358
f 3038/3038/3038 1363/1363/1363 1348/1348/1348
f 1348/1348/1348 1350/1350/1350 3038/3038/3038
f 1290/1290/1290 3040/3040/3040 1335/1335/1335
f 1335/1335/1335 3040/3040/3040 1300/1300/1300
f 1335/1335/1335 1300/1300/1300 1358/1358/1358
f 1358/1358/1358 1300/1300/1300 3026/3026/3026
f 3090/3090/3090 1358/1358/1358 3026/3026/3026
f 1348/1348/1348 1358/1358/1358 3090/3090/3090
f 3090/3090/3090 1291/1291/1291 1348/1348/1348
f 1291/1291/1291 1285/1285/1285 1348/1348/1348
f 1285/1285/1285 1350/1350/1350 1348/1348/1348
f 1285/1285/1285 3091/3091/3091 1350/1350/1350
f 3040/3040/3040 1290/1290/1290 1294/1294/1294
f 3040/3040/3040 1294/1294/1294 1298/1298/1298
f 1300/1300/1300 3040/3040/3040 1298/1298/1298
f 1298/1298/1298 1333/1333/1333 1300/1300/1300
f 1300/1300/1300 1333/1333/1333 1299/1299/1299
f 1300/1300/1300 1299/1299/1299 3026/3026/3026
f 3026/3026/3026 1299/1299/1299 3043/3043/3043
f 3083/3083/3083 3026/3026/3026 3043/3043/3043
f 3090/3090/3090 3026/3026/3026 3083/3083/3083
f 1294/1294/1294 1290/1290/1290 1283/1283/1283
f 1283/1283/1283 1285/1285/1285 1294/1294/1294
f 1294/1294/1294 1285/1285/1285 1291/1291/1291
f 3084/3084/3084 1294/1294/1294 1291/1291/1291
f 3088/3088/3088 1294/1294/1294 3084/3084/3084
f 1298/1298/1298 1294/1294/1294 3088/3088/3088
f 1298/1298/1298 3088/3088/3088 1333/1333/1333
f 1333/1333/1333 3088/3088/3088 3027/3027/3027
f 3027/3027/3027 3088/3088/3088 3037/3037/3037
f 3084/3084/3084 1291/1291/1291 3090/3090/3090
f 3084/3084/3084 3090/3090/3090 3037/3037/3037
f 3037/3037/3037 3088/3088/3088 3084/3084/3084
f 3037/3037/3037 3090/3090/3090 3083/3083/3083
f 3036/3036/3036 3037/3037/3037 3083/3083/3083
f 1356/1356/1356 3037/3037/3037 3036/3036/3036
f 1356/1356/1356 3036/3036/3036 1333/1333/1333
f 1333/1333/1333 3036/3036/3036 1299/1299/1299
f 3089/3089/3089 3091/3091/3091 1285/1285/1285
f 1289/1289/1289 1275/1275/1275 3039/3039/3039
f 1239/1239/1239 1275/1275/1275 1289/1289/1289
f 1239/1239/1239 1289/1289/1289 1260/1260/1260
f 1260/1260/1260 1289/1289/1289 1253/1253/1253
f 1253/1253/1253 1255/1255/1255 1260/1260/1260
f 1260/1260/1260 1255/1255/1255 3007/3007/3007
f 3007/3007/3007 1255/1255/1255 1251/1251/1251
f 1251/1251/1251 1264/1264/1264 3007/3007/3007
f 3007/3007/3007 1264/1264/1264 1277/1277/1277
f 1264/1264/1264 1280/1280/1280 1277/1277/1277
f 1289/1289/1289 1252/1252/1252 1253/1253/1253
f 1253/1253/1253 1252/1252/1252 1258/1258/1258
f 1258/1258/1258 3008/3008/3008 1253/1253/1253
f 1253/1253/1253 3008/3008/3008 1255/1255/1255
f 3035/3035/3035 1255/1255/1255 3008/3008/3008
f 3025/3025/3025 1255/1255/1255 3035/3035/3035
f 3025/3025/3025 3019/3019/3019 1255/1255/1255
f 1255/1255/1255 3019/3019/3019 1251/1251/1251
f 3019/3019/3019 4734/4734/4734 1251/1251/1251
f 1251/1251/1251 4734/4734/4734 1264/1264/1264
f 1252/1252/1252 1257/1257/1257 1258/1258/1258
f 1258/1258/1258 1257/1257/1257 3009/3009/3009
f 3009/3009/3009 3008/3008/3008 1258/1258/1258
f 3008/3008/3008 3009/3009/3009 1254/1254/1254
f 3008/3008/3008 1254/1254/1254 4551/4551/4551
f 3008/3008/3008 4551/4551/4551 3035/3035/3035
f 1257/1257/1257 1252/1252/1252 1303/1303/1303
f 1303/1303/1303 1252/1252/1252 1292/1292/1292
f 1292/1292/1292 3028/3028/3028 1303/1303/1303
f 1303/1303/1303 3028/3028/3028 1286/1286/1286
f 3028/3028/3028 4597/4597/4597 1286/1286/1286
f 1286/1286/1286 4597/4597/4597 4598/4598/4598
f 4598/4598/4598 4597/4597/4597 4554/4554/4554
f 3022/3022/3022 4598/4598/4598 4554/4554/4554
f 1273/1273/1273 4598/4598/4598 3022/3022/3022
f 1261/1261/1261 1273/1273/1273 3022/3022/3022
f 1293/1293/1293 1273/1273/1273 1261/1261/1261
f 3028/3028/3028 3032/3032/3032 4597/4597/4597
f 4554/4554/4554 4597/4597/4597 3032/3032/3032
f 4554/4554/4554 3032/3032/3032 1281/1281/1281
f 1281/1281/1281 4867/4867/4867 4554/4554/4554
f 4554/4554/4554 4867/4867/4867 4776/4776/4776
f 4554/4554/4554 4776/4776/4776 3022/3022/3022
f 3022/3022/3022 4776/4776/4776 4553/4553/4553
f 3022/3022/3022 4553/4553/4553 1261/1261/1261
f 1259/1259/1259 3032/3032/3032 3028/3028/3028
f 1259/1259/1259 4555/4555/4555 3032/3032/3032
f 1281/1281/1281 3032/3032/3032 4555/4555/4555
f 1280/1280/1280 1281/1281/1281 4555/4555/4555
f 4552/4552/4552 1281/1281/1281 1280/1280/1280
f 4823/4823/4823 1281/1281/1281 4552/4552/4552
f 4874/4874/4874 1281/1281/1281 4823/4823/4823
f 4874/4874/4874 4867/4867/4867 1281/1281/1281
f 1268/1268/1268 4555/4555/4555 1259/1259/1259
f 1268/1268/1268 1259/1259/1259 1275/1275/1275
f 1275/1275/1275 1259/1259/1259 1267/1267/1267
f 4552/4552/4552 1280/1280/1280 1264/1264/1264
f 4734/4734/4734 4552/4552/4552 1264/1264/1264
f 4823/4823/4823 4552/4552/4552 4734/4734/4734
f 4734/4734/4734 4822/4822/4822 4823/4823/4823
f 4823/4823/4823 4822/4822/4822 4874/4874/4874
f 4874/4874/4874 4822/4822/4822 4875/4875/4875
f 4864/4864/4864 4874/4874/4874 4875/4875/4875
f 4864/4864/4864 4867/4867/4867 4874/4874/4874
f 4735/4735/4735 4822/4822/4822 4734/4734/4734
f 4735/4735/4735 4734/4734/4734 3021/3021/3021
f 3021/3021/3021 4734/4734/4734 3019/3019/3019
f 3025/3025/3025 3021/3021/3021 3019/3019/3019
f 3030/3030/3030 3021/3021/3021 3025/3025/3025
f 3025/3025/3025 3024/3024/3024 3030/3030/3030
f 3024/3024/3024 3015/3015/3015 3030/3030/3030
f 3030/3030/3030 3015/3015/3015 3018/3018/3018
f 3015/3015/3015 4731/4731/4731 3018/3018/3018
f 4738/4738/4738 4731/4731/4731 3015/3015/3015
f 4738/4738/4738 4782/4782/4782 4731/4731/4731
f 4731/4731/4731 4782/4782/4782 4780/4780/4780
f 3035/3035/3035 3024/3024/3024 3025/3025/3025
f 3035/3035/3035 3045/3045/3045 3024/3024/3024
f 3045/3045/3045 3023/3023/3023 3024/3024/3024
f 3024/3024/3024 3023/3023/3023 3015/3015/3015
f 3044/3044/3044 3045/3045/3045 3035/3035/3035
f 3044/3044/3044 4557/4557/4557 3045/3045/3045
f 3045/3045/3045 4557/4557/4557 3023/3023/3023
f 4557/4557/4557 4692/4692/4692 3023/3023/3023
f 3023/3023/3023 4692/4692/4692 4691/4691/4691
f 4691/4691/4691 4692/4692/4692 4820/4820/4820
f 3035/3035/3035 3033/3033/3033 3044/3044/3044
f 3044/3044/3044 3033/3033/3033 3020/3020/3020
f 3033/3033/3033 4736/4736/4736 3020/3020/3020
f 3020/3020/3020 4736/4736/4736 4737/4737/4737
f 4737/4737/4737 4736/4736/4736 4825/4825/4825
f 4825/4825/4825 4736/4736/4736 4824/4824/4824
f 4825/4825/4825 4824/4824/4824 4976/4976/4976
f 3017/3017/3017 3033/3033/3033 3035/3035/3035
f 3014/3014/3014 3033/3033/3033 3017/3017/3017
f 3014/3014/3014 4736/4736/4736 3033/3033/3033
f 4730/4730/4730 4736/4736/4736 3014/3014/3014
f 4730/4730/4730 4781/4781/4781 4736/4736/4736
f 4736/4736/4736 4781/4781/4781 4824/4824/4824
f 4781/4781/4781 4775/4775/4775 4824/4824/4824
f 4824/4824/4824 4775/4775/4775 4867/4867/4867
f 4976/4976/4976 4824/4824/4824 4867/4867/4867
f 3035/3035/3035 4551/4551/4551 3017/3017/3017
f 4551/4551/4551 3041/3041/3041 3017/3017/3017
f 3041/3041/3041 1288/1288/1288 3017/3017/3017
f 3017/3017/3017 1288/1288/1288 3014/3014/3014
f 3014/3014/3014 1288/1288/1288 3031/3031/3031
f 3031/3031/3031 4730/4730/4730 3014/3014/3014
f 4733/4733/4733 4730/4730/4730 3031/3031/3031
f 4733/4733/4733 4826/4826/4826 4730/4730/4730
f 4730/4730/4730 4826/4826/4826 4781/4781/4781
f 4826/4826/4826 4827/4827/4827 4781/4781/4781
f 4781/4781/4781 4827/4827/4827 4775/4775/4775
f 1276/1276/1276 3041/3041/3041 4551/4551/4551
f 1276/1276/1276 1266/1266/1266 3041/3041/3041
f 3041/3041/3041 1266/1266/1266 4556/4556/4556
f 3042/3042/3042 3041/3041/3041 4556/4556/4556
f 3034/3034/3034 3041/3041/3041 3042/3042/3042
f 3034/3034/3034 1288/1288/1288 3041/3041/3041
f 3034/3034/3034 3031/3031/3031 1288/1288/1288
f 3042/3042/3042 3031/3031/3031 3034/3034/3034
f 3042/3042/3042 4688/4688/4688 3031/3031/3031
f 1237/1237/1237 1276/1276/1276 4551/4551/4551
f 4550/4550/4550 1276/1276/1276 1237/1237/1237
f 4550/4550/4550 1256/1256/1256 1276/1276/1276
f 1276/1276/1276 1256/1256/1256 1266/1266/1266
f 4551/4551/4551 2996/2996/2996 1237/1237/1237
f 1237/1237/1237 2996/2996/2996 1240/1240/1240
f 1237/1237/1237 1240/1240/1240 4550/4550/4550
f 4550/4550/4550 1240/1240/1240 1256/1256/1256
f 1240/1240/1240 1357/1357/1357 1256/1256/1256
f 1256/1256/1256 1357/1357/1357 1279/1279/1279
f 1256/1256/1256 1279/1279/1279 1266/1266/1266
f 4551/4551/4551 1254/1254/1254 2996/2996/2996
f 1254/1254/1254 1261/1261/1261 2996/2996/2996
f 2996/2996/2996 1261/1261/1261 1282/1282/1282
f 2996/2996/2996 1282/1282/1282 1240/1240/1240
f 1240/1240/1240 1282/1282/1282 1284/1284/1284
f 1282/1282/1282 1270/1270/1270 1284/1284/1284
f 1254/1254/1254 1242/1242/1242 1261/1261/1261
f 1261/1261/1261 1242/1242/1242 1293/1293/1293
f 1254/1254/1254 3009/3009/3009 1242/1242/1242
f 1261/1261/1261 4553/4553/4553 1282/1282/1282
f 4553/4553/4553 1270/1270/1270 1282/1282/1282
f 1270/1270/1270 4553/4553/4553 1269/1269/1269
f 1269/1269/1269 3029/3029/3029 1270/1270/1270
f 1270/1270/1270 3029/3029/3029 4558/4558/4558
f 1270/1270/1270 4558/4558/4558 1357/1357/1357
f 1357/1357/1357 4558/4558/4558 1279/1279/1279
f 1269/1269/1269 4553/4553/4553 4776/4776/4776
f 4783/4783/4783 1269/1269/1269 4776/4776/4776
f 3029/3029/3029 1269/1269/1269 4783/4783/4783
f 4783/4783/4783 4558/4558/4558 3029/3029/3029
f 4779/4779/4779 4558/4558/4558 4783/4783/4783
f 4558/4558/4558 4779/4779/4779 1279/1279/1279
f 1279/1279/1279 4779/4779/4779 1278/1278/1278
f 1266/1266/1266 1279/1279/1279 1278/1278/1278
f 1266/1266/1266 1278/1278/1278 1287/1287/1287
f 1287/1287/1287 1271/1271/1271 1266/1266/1266
f 1266/1266/1266 1271/1271/1271 4556/4556/4556
f 4783/4783/4783 4776/4776/4776 4876/4876/4876
f 4783/4783/4783 4876/4876/4876 4779/4779/4779
f 4779/4779/4779 4876/4876/4876 4877/4877/4877
f 4689/4689/4689 4779/4779/4779 4877/4877/4877
f 1263/1263/1263 4779/4779/4779 4689/4689/4689
f 4779/4779/4779 1263/1263/1263 1278/1278/1278
f 1278/1278/1278 1263/1263/1263 1302/1302/1302
f 1287/1287/1287 1278/1278/1278 1302/1302/1302
f 4876/4876/4876 4776/4776/4776 4775/4775/4775
f 4827/4827/4827 4876/4876/4876 4775/4775/4775
f 4828/4828/4828 4876/4876/4876 4827/4827/4827
f 4977/4977/4977 4876/4876/4876 4828/4828/4828
f 4877/4877/4877 4876/4876/4876 4977/4977/4977
f 4777/4777/4777 4877/4877/4877 4977/4977/4977
f 4778/4778/4778 4877/4877/4877 4777/4777/4777
f 4778/4778/4778 4689/4689/4689 4877/4877/4877
f 4690/4690/4690 4689/4689/4689 4778/4778/4778
f 4776/4776/4776 4867/4867/4867 4775/4775/4775
f 4690/4690/4690 4778/4778/4778 1271/1271/1271
f 1271/1271/1271 4778/4778/4778 4556/4556/4556
f 4778/4778/4778 4777/4777/4777 4556/4556/4556
f 4556/4556/4556 4777/4777/4777 3042/3042/3042
f 4777/4777/4777 4688/4688/4688 3042/3042/3042
f 4777/4777/4777 4977/4977/4977 4688/4688/4688
f 4688/4688/4688 4977/4977/4977 4826/4826/4826
f 4977/4977/4977 4828/4828/4828 4826/4826/4826
f 4826/4826/4826 4828/4828/4828 4827/4827/4827
f 4689/4689/4689 1295/1295/1295 1263/1263/1263
f 1301/1301/1301 1295/1295/1295 4689/4689/4689
f 1301/1301/1301 1271/1271/1271 1295/1295/1295
f 1295/1295/1295 1271/1271/1271 1287/1287/1287
f 4820/4820/4820 4692/4692/4692 4821/4821/4821
f 4821/4821/4821 4866/4866/4866 4820/4820/4820
f 4866/4866/4866 4864/4864/4864 4820/4820/4820
f 4820/4820/4820 4864/4864/4864 4782/4782/4782
f 4864/4864/4864 4875/4875/4875 4782/4782/4782
f 4782/4782/4782 4875/4875/4875 4780/4780/4780
f 4976/4976/4976 4866/4866/4866 4821/4821/4821
f 4976/4976/4976 4867/4867/4867 4866/4866/4866
f 4866/4866/4866 4867/4867/4867 4864/4864/4864
f 4886/4886/4886 4975/4975/4975 4879/4879/4879
f 4978/4978/4978 4975/4975/4975 4886/4886/4886
f 4975/4975/4975 4978/4978/4978 4981/4981/4981
f 4981/4981/4981 4978/4978/4978 5065/5065/5065
f 4981/4981/4981 5065/5065/5065 4878/4878/4878
f 4878/4878/4878 5065/5065/5065 5091/5091/5091
f 5064/5064/5064 4878/4878/4878 5091/5091/5091
f 4887/4887/4887 4878/4878/4878 5064/5064/5064
f 5092/5092/5092 4978/4978/4978 4886/4886/4886
f 5058/5058/5058 4978/4978/4978 5092/5092/5092
f 5058/5058/5058 5065/5065/5065 4978/4978/4978
f 5054/5054/5054 5065/5065/5065 5058/5058/5058
f 5054/5054/5054 5091/5091/5091 5065/5065/5065
f 5051/5051/5051 5091/5091/5091 5054/5054/5054
f 5051/5051/5051 5056/5056/5056 5091/5091/5091
f 5091/5091/5091 5056/5056/5056 5064/5064/5064
f 5056/5056/5056 5049/5049/5049 5064/5064/5064
f 5064/5064/5064 5049/5049/5049 5063/5063/5063
f 5064/5064/5064 5063/5063/5063 4887/4887/4887
f 4887/4887/4887 5063/5063/5063 4880/4880/4880
f 5089/5089/5089 5058/5058/5058 5092/5092/5092
f 5062/5062/5062 5058/5058/5058 5089/5089/5089
f 5058/5058/5058 5062/5062/5062 5054/5054/5054
f 5054/5054/5054 5062/5062/5062 5045/5045/5045
f 5045/5045/5045 5051/5051/5051 5054/5054/5054
f 5046/5046/5046 5051/5051/5051 5045/5045/5045
f 5046/5046/5046 5056/5056/5056 5051/5051/5051
f 5050/5050/5050 5056/5056/5056 5046/5046/5046
f 5050/5050/5050 5057/5057/5057 5056/5056/5056
f 5056/5056/5056 5057/5057/5057 5049/5049/5049
f 5055/5055/5055 5049/5049/5049 5057/5057/5057
f 5053/5053/5053 5049/5049/5049 5055/5055/5055
f 5049/5049/5049 5053/5053/5053 5063/5063/5063
f 5063/5063/5063 5053/5053/5053 5090/5090/5090
f 5090/5090/5090 4880/4880/4880 5063/5063/5063
f 4979/4979/4979 4880/4880/4880 5090/5090/5090
f 5093/5093/5093 4979/4979/4979 5090/5090/5090
f 4980/4980/4980 4979/4979/4979 5093/5093/5093
f 5093/5093/5093 4972/4972/4972 4980/4980/4980
f 4889/4889/4889 4972/4972/4972 5093/5093/5093
f 5059/5059/5059 5053/5053/5053 5055/5055/5055
f 5088/5088/5088 5053/5053/5053 5059/5059/5059
f 5088/5088/5088 5090/5090/5090 5053/5053/5053
f 5093/5093/5093 5090/5090/5090 5088/5088/5088
f 5093/5093/5093 5088/5088/5088 4889/4889/4889
f 4889/4889/4889 5088/5088/5088 5061/5061/5061
f 5059/5059/5059 5061/5061/5061 5088/5088/5088
f 5060/5060/5060 5061/5061/5061 5059/5059/5059
f 5033/5033/5033 5036/5036/5036 5038/5038/5038
f 5034/5034/5034 5036/5036/5036 5033/5033/5033
f 5036/5036/5036 5034/5034/5034 5076/5076/5076
f 5076/5076/5076 5034/5034/5034 5043/5043/5043
f 5076/5076/5076 5043/5043/5043 5078/5078/5078
f 5078/5078/5078 5043/5043/5043 5080/5080/5080
f 5032/5032/5032 5078/5078/5078 5080/5080/5080
f 5079/5079/5079 5078/5078/5078 5032/5032/5032
f 5041/5041/5041 5034/5034/5034 5033/5033/5033
f 5030/5030/5030 5034/5034/5034 5041/5041/5041
f 5030/5030/5030 5043/5043/5043 5034/5034/5034
f 5071/5071/5071 5043/5043/5043 5030/5030/5030
f 5071/5071/5071 5028/5028/5028 5043/5043/5043
f 5043/5043/5043 5028/5028/5028 5080/5080/5080
f 5028/5028/5028 5017/5017/5017 5080/5080/5080
f 5080/5080/5080 5017/5017/5017 5032/5032/5032
f 5017/5017/5017 5031/5031/5031 5032/5032/5032
f 5032/5032/5032 5031/5031/5031 5042/5042/5042
f 5032/5032/5032 5042/5042/5042 5079/5079/5079
f 5079/5079/5079 5042/5042/5042 5077/5077/5077
f 5029/5029/5029 5030/5030/5030 5041/5041/5041
f 5026/5026/5026 5030/5030/5030 5029/5029/5029
f 5030/5030/5030 5026/5026/5026 5071/5071/5071
f 5071/5071/5071 5026/5026/5026 5025/5025/5025
f 5025/5025/5025 5028/5028/5028 5071/5071/5071
f 5072/5072/5072 5028/5028/5028 5025/5025/5025
f 5018/5018/5018 5028/5028/5028 5072/5072/5072
f 5017/5017/5017 5028/5028/5028 5018/5018/5018
f 5018/5018/5018 5027/5027/5027 5017/5017/5017
f 5017/5017/5017 5027/5027/5027 5031/5031/5031
f 5075/5075/5075 5031/5031/5031 5027/5027/5027
f 5074/5074/5074 5031/5031/5031 5075/5075/5075
f 5031/5031/5031 5074/5074/5074 5042/5042/5042
f 5042/5042/5042 5074/5074/5074 5081/5081/5081
f 5081/5081/5081 5077/5077/5077 5042/5042/5042
f 5082/5082/5082 5077/5077/5077 5081/5081/5081
f 5081/5081/5081 5083/5083/5083 5082/5082/5082
f 5044/5044/5044 5083/5083/5083 5081/5081/5081
f 5044/5044/5044 5040/5040/5040 5083/5083/5083
f 5039/5039/5039 5040/5040/5040 5044/5044/5044
f 5022/5022/5022 5074/5074/5074 5075/5075/5075
f 5023/5023/5023 5074/5074/5074 5022/5022/5022
f 5023/5023/5023 5044/5044/5044 5074/5074/5074
f 5074/5074/5074 5044/5044/5044 5081/5081/5081
f 5022/5022/5022 5016/5016/5016 5023/5023/5023
f 5039/5039/5039 5023/5023/5023 5016/5016/5016
f 5044/5044/5044 5023/5023/5023 5039/5039/5039
f 5015/5015/5015 5016/5016/5016 5022/5022/5022
f 5070/5070/5070 5174/5174/5174 5139/5139/5139
f 5139/5139/5139 5174/5174/5174 5143/5143/5143
f 5143/5143/5143 5132/5132/5132 5139/5139/5139
f 5139/5139/5139 5132/5132/5132 5131/5131/5131
f 5126/5126/5126 5131/5131/5131 5132/5132/5132
f 5135/5135/5135 5131/5131/5131 5126/5126/5126
f 5174/5174/5174 5171/5171/5171 5143/5143/5143
f 5143/5143/5143 5171/5171/5171 5142/5142/5142
f 5133/5133/5133 5143/5143/5143 5142/5142/5142
f 5132/5132/5132 5143/5143/5143 5133/5133/5133
f 5132/5132/5132 5133/5133/5133 5126/5126/5126
f 5126/5126/5126 5133/5133/5133 5127/5127/5127
f 5133/5133/5133 5129/5129/5129 5127/5127/5127
f 5127/5127/5127 5129/5129/5129 5128/5128/5128
f 5116/5116/5116 5128/5128/5128 5129/5129/5129
f 5168/5168/5168 5128/5128/5128 5116/5116/5116
f 5171/5171/5171 5144/5144/5144 5142/5142/5142
f 5142/5142/5142 5144/5144/5144 5141/5141/5141
f 5141/5141/5141 5133/5133/5133 5142/5142/5142
f 5129/5129/5129 5133/5133/5133 5141/5141/5141
f 5140/5140/5140 5129/5129/5129 5141/5141/5141
f 5116/5116/5116 5129/5129/5129 5140/5140/5140
f 5169/5169/5169 5116/5116/5116 5140/5140/5140
f 5165/5165/5165 5116/5116/5116 5169/5169/5169
f 5118/5118/5118 5116/5116/5116 5165/5165/5165
f 5168/5168/5168 5116/5116/5116 5118/5118/5118
f 5145/5145/5145 5141/5141/5141 5144/5144/5144
f 5140/5140/5140 5141/5141/5141 5145/5145/5145
f 5145/5145/5145 5169/5169/5169 5140/5140/5140
f 5146/5146/5146 5169/5169/5169 5145/5145/5145
f 5146/5146/5146 5136/5136/5136 5169/5169/5169
f 5136/5136/5136 5165/5165/5165 5169/5169/5169
f 5167/5167/5167 5165/5165/5165 5136/5136/5136
f 5166/5166/5166 5165/5165/5165 5167/5167/5167
f 5118/5118/5118 5165/5165/5165 5166/5166/5166
f 5172/5172/5172 5136/5136/5136 5146/5146/5146
f 5172/5172/5172 5170/5170/5170 5136/5136/5136
f 5138/5138/5138 5136/5136/5136 5170/5170/5170
f 5167/5167/5167 5136/5136/5136 5138/5138/5138
f 5138/5138/5138 5137/5137/5137 5167/5167/5167
f 5167/5167/5167 5137/5137/5137 5166/5166/5166
f 5024/5024/5024 5170/5170/5170 5172/5172/5172
f 5019/5019/5019 5170/5170/5170 5024/5024/5024
f 5173/5173/5173 5170/5170/5170 5019/5019/5019
f 5134/5134/5134 5170/5170/5170 5173/5173/5173
f 5138/5138/5138 5170/5170/5170 5134/5134/5134
f 5130/5130/5130 5138/5138/5138 5134/5134/5134
f 5137/5137/5137 5138/5138/5138 5130/5130/5130
f 5122/5122/5122 5115/5115/5115 5114/5114/5114
f 5110/5110/5110 5115/5115/5115 5122/5122/5122
f 5115/5115/5115 5110/5110/5110 5124/5124/5124
f 5124/5124/5124 5110/5110/5110 5156/5156/5156
f 5156/5156/5156 5104/5104/5104 5124/5124/5124
f 5124/5124/5124 5104/5104/5104 5161/5161/5161
f 5103/5103/5103 5161/5161/5161 5104/5104/5104
f 5113/5113/5113 5161/5161/5161 5103/5103/5103
f 5155/5155/5155 5110/5110/5110 5122/5122/5122
f 5108/5108/5108 5110/5110/5110 5155/5155/5155
f 5108/5108/5108 5156/5156/5156 5110/5110/5110
f 5097/5097/5097 5156/5156/5156 5108/5108/5108
f 5097/5097/5097 5147/5147/5147 5156/5156/5156
f 5156/5156/5156 5147/5147/5147 5104/5104/5104
f 5147/5147/5147 5102/5102/5102 5104/5104/5104
f 5104/5104/5104 5102/5102/5102 5103/5103/5103
f 5102/5102/5102 5149/5149/5149 5103/5103/5103
f 5103/5103/5103 5149/5149/5149 5094/5094/5094
f 5103/5103/5103 5094/5094/5094 5113/5113/5113
f 5113/5113/5113 5094/5094/5094 5123/5123/5123
f 5112/5112/5112 5108/5108/5108 5155/5155/5155
f 5099/5099/5099 5108/5108/5108 5112/5112/5112
f 5108/5108/5108 5099/5099/5099 5097/5097/5097
f 5097/5097/5097 5099/5099/5099 5101/5101/5101
f 5101/5101/5101 5147/5147/5147 5097/5097/5097
f 5148/5148/5148 5147/5147/5147 5101/5101/5101
f 5148/5148/5148 5102/5102/5102 5147/5147/5147
f 5095/5095/5095 5102/5102/5102 5148/5148/5148
f 5095/5095/5095 5150/5150/5150 5102/5102/5102
f 5102/5102/5102 5150/5150/5150 5149/5149/5149
f 5153/5153/5153 5149/5149/5149 5150/5150/5150
f 5154/5154/5154 5149/5149/5149 5153/5153/5153
f 5149/5149/5149 5154/5154/5154 5094/5094/5094
f 5094/5094/5094 5154/5154/5154 5096/5096/5096
f 5096/5096/5096 5123/5123/5123 5094/5094/5094
f 5162/5162/5162 5123/5123/5123 5096/5096/5096
f 5096/5096/5096 5125/5125/5125 5162/5162/5162
f 5107/5107/5107 5125/5125/5125 5096/5096/5096
f 5107/5107/5107 5120/5120/5120 5125/5125/5125
f 5111/5111/5111 5120/5120/5120 5107/5107/5107
f 5106/5106/5106 5154/5154/5154 5153/5153/5153
f 5109/5109/5109 5154/5154/5154 5106/5106/5106
f 5109/5109/5109 5107/5107/5107 5154/5154/5154
f 5154/5154/5154 5107/5107/5107 5096/5096/5096
f 5106/5106/5106 5098/5098/5098 5109/5109/5109
f 5111/5111/5111 5109/5109/5109 5098/5098/5098
f 5107/5107/5107 5109/5109/5109 5111/5111/5111
f 5152/5152/5152 5098/5098/5098 5106/5106/5106
f 5294/5294/5294 5295/5295/5295 5223/5223/5223
f 5223/5223/5223 5295/5295/5295 5216/5216/5216
f 5223/5223/5223 5216/5216/5216 5256/5256/5256
f 5256/5256/5256 5216/5216/5216 5203/5203/5203
f 5256/5256/5256 5203/5203/5203 5219/5219/5219
f 5219/5219/5219 5203/5203/5203 5274/5274/5274
f 5203/5203/5203 5180/5180/5180 5274/5274/5274
f 5274/5274/5274 5180/5180/5180 5198/5198/5198
f 5295/5295/5295 5238/5238/5238 5216/5216/5216
f 5216/5216/5216 5238/5238/5238 5267/5267/5267
f 5216/5216/5216 5267/5267/5267 5203/5203/5203
f 5203/5203/5203 5267/5267/5267 5180/5180/5180
f 5267/5267/5267 5252/5252/5252 5180/5180/5180
f 5180/5180/5180 5252/5252/5252 5198/5198/5198
f 5198/5198/5198 5252/5252/5252 5179/5179/5179
f 5252/5252/5252 5273/5273/5273 5179/5179/5179
f 5254/5254/5254 5273/5273/5273 5252/5252/5252
f 5273/5273/5273 5254/5254/5254 5261/5261/5261
f 5238/5238/5238 5207/5207/5207 5267/5267/5267
f 5207/5207/5207 5252/5252/5252 5267/5267/5267
f 5252/5252/5252 5207/5207/5207 5254/5254/5254
f 5254/5254/5254 5207/5207/5207 5208/5208/5208
f 5208/5208/5208 5178/5178/5178 5254/5254/5254
f 5261/5261/5261 5254/5254/5254 5178/5178/5178
f 5261/5261/5261 5178/5178/5178 5197/5197/5197
f 5197/5197/5197 5178/5178/5178 5202/5202/5202
f 5202/5202/5202 5218/5218/5218 5197/5197/5197
f 5245/5245/5245 5207/5207/5207 5238/5238/5238
f 5245/5245/5245 5208/5208/5208 5207/5207/5207
f 5246/5246/5246 5208/5208/5208 5245/5245/5245
f 5246/5246/5246 5230/5230/5230 5208/5208/5208
f 5230/5230/5230 5178/5178/5178 5208/5208/5208
f 5178/5178/5178 5230/5230/5230 5202/5202/5202
f 5202/5202/5202 5230/5230/5230 5225/5225/5225
f 5233/5233/5233 5202/5202/5202 5225/5225/5225
f 5191/5191/5191 5202/5202/5202 5233/5233/5233
f 5191/5191/5191 5218/5218/5218 5202/5202/5202
f 5191/5191/5191 5192/5192/5192 5218/5218/5218
f 5218/5218/5218 5192/5192/5192 5220/5220/5220
f 5224/5224/5224 5230/5230/5230 5246/5246/5246
f 5224/5224/5224 5225/5225/5225 5230/5230/5230
f 5237/5237/5237 5225/5225/5225 5224/5224/5224
f 5237/5237/5237 5285/5285/5285 5225/5225/5225
f 5225/5225/5225 5285/5285/5285 5233/5233/5233
f 5282/5282/5282 5233/5233/5233 5285/5285/5285
f 5232/5232/5232 5233/5233/5233 5282/5282/5282
f 5233/5233/5233 5232/5232/5232 5191/5191/5191
f 5191/5191/5191 5232/5232/5232 5192/5192/5192
f 5205/5205/5205 5209/5209/5209 5263/5263/5263
f 5263/5263/5263 5209/5209/5209 5214/5214/5214
f 5263/5263/5263 5214/5214/5214 5279/5279/5279
f 5279/5279/5279 5214/5214/5214 5281/5281/5281
f 5279/5279/5279 5281/5281/5281 5286/5286/5286
f 5286/5286/5286 5281/5281/5281 5280/5280/5280
f 5281/5281/5281 5271/5271/5271 5280/5280/5280
f 5280/5280/5280 5271/5271/5271 5253/5253/5253
f 5209/5209/5209 5204/5204/5204 5214/5214/5214
f 5214/5214/5214 5204/5204/5204 5201/5201/5201
f 5214/5214/5214 5201/5201/5201 5281/5281/5281
f 5281/5281/5281 5201/5201/5201 5271/5271/5271
f 5201/5201/5201 5277/5277/5277 5271/5271/5271
f 5271/5271/5271 5277/5277/5277 5253/5253/5253
f 5253/5253/5253 5277/5277/5277 5258/5258/5258
f 5277/5277/5277 5270/5270/5270 5258/5258/5258
f 5278/5278/5278 5270/5270/5270 5277/5277/5277
f 5270/5270/5270 5278/5278/5278 5290/5290/5290
f 5204/5204/5204 5200/5200/5200 5201/5201/5201
f 5200/5200/5200 5277/5277/5277 5201/5201/5201
f 5277/5277/5277 5200/5200/5200 5278/5278/5278
f 5278/5278/5278 5200/5200/5200 5276/5276/5276
f 5276/5276/5276 5291/5291/5291 5278/5278/5278
f 5290/5290/5290 5278/5278/5278 5291/5291/5291
f 5290/5290/5290 5291/5291/5291 5242/5242/5242
f 5242/5242/5242 5291/5291/5291 5288/5288/5288
f 5288/5288/5288 5257/5257/5257 5242/5242/5242
f 5187/5187/5187 5200/5200/5200 5204/5204/5204
f 5187/5187/5187 5276/5276/5276 5200/5200/5200
f 5212/5212/5212 5276/5276/5276 5187/5187/5187
f 5212/5212/5212 5272/5272/5272 5276/5276/5276
f 5272/5272/5272 5291/5291/5291 5276/5276/5276
f 5291/5291/5291 5272/5272/5272 5288/5288/5288
f 5288/5288/5288 5272/5272/5272 5265/5265/5265
f 5296/5296/5296 5288/5288/5288 5265/5265/5265
f 5260/5260/5260 5288/5288/5288 5296/5296/5296
f 5260/5260/5260 5257/5257/5257 5288/5288/5288
f 5260/5260/5260 5259/5259/5259 5257/5257/5257
f 5257/5257/5257 5259/5259/5259 5264/5264/5264
f 5247/5247/5247 5272/5272/5272 5212/5212/5212
f 5247/5247/5247 5265/5265/5265 5272/5272/5272
f 5248/5248/5248 5265/5265/5265 5247/5247/5247
f 5248/5248/5248 5206/5206/5206 5265/5265/5265
f 5265/5265/5265 5206/5206/5206 5296/5296/5296
f 5189/5189/5189 5296/5296/5296 5206/5206/5206
f 5249/5249/5249 5296/5296/5296 5189/5189/5189
f 5296/5296/5296 5249/5249/5249 5260/5260/5260
f 5260/5260/5260 5249/5249/5249 5259/5259/5259
f 5229/5229/5229 5322/5322/5322 5361/5361/5361
f 5322/5322/5322 5319/5319/5319 5361/5361/5361
f 5361/5361/5361 5319/5319/5319 5362/5362/5362
f 5323/5323/5323 5361/5361/5361 5362/5362/5362
f 5323/5323/5323 5377/5377/5377 5361/5361/5361
f 5372/5372/5372 5377/5377/5377 5323/5323/5323
f 5348/5348/5348 5377/5377/5377 5372/5372/5372
f 5348/5348/5348 5372/5372/5372 5376/5376/5376
f 5367/5367/5367 5319/5319/5319 5322/5322/5322
f 5338/5338/5338 5319/5319/5319 5367/5367/5367
f 5331/5331/5331 5319/5319/5319 5338/5338/5338
f 5319/5319/5319 5331/5331/5331 5320/5320/5320
f 5362/5362/5362 5319/5319/5319 5320/5320/5320
f 5362/5362/5362 5320/5320/5320 5333/5333/5333
f 5330/5330/5330 5362/5362/5362 5333/5333/5333
f 5323/5323/5323 5362/5362/5362 5330/5330/5330
f 5323/5323/5323 5330/5330/5330 5372/5372/5372
f 5372/5372/5372 5330/5330/5330 5376/5376/5376
f 5335/5335/5335 5331/5331/5331 5338/5338/5338
f 5334/5334/5334 5331/5331/5331 5335/5335/5335
f 5331/5331/5331 5334/5334/5334 5329/5329/5329
f 5320/5320/5320 5331/5331/5331 5329/5329/5329
f 5329/5329/5329 5366/5366/5366 5320/5320/5320
f 5333/5333/5333 5320/5320/5320 5366/5366/5366
f 5329/5329/5329 5334/5334/5334 5318/5318/5318
f 5318/5318/5318 5363/5363/5363 5329/5329/5329
f 5363/5363/5363 5366/5366/5366 5329/5329/5329
f 5324/5324/5324 5363/5363/5363 5318/5318/5318
f 722/722/722 730/730/730 5183/5183/5183
f 722/722/722 1052/1052/1052 730/730/730
f 730/730/730 1052/1052/1052 1070/1070/1070
f 1052/1052/1052 1051/1051/1051 1070/1070/1070
f 1070/1070/1070 1051/1051/1051 1069/1069/1069
f 1052/1052/1052 722/722/722 1053/1053/1053
f 1051/1051/1051 1052/1052/1052 1053/1053/1053
f 5342/5342/5342 5337/5337/5337 5343/5343/5343
f 5340/5340/5340 5337/5337/5337 5342/5342/5342
f 5340/5340/5340 2107/2107/2107 5337/5337/5337
f 2162/2162/2162 2107/2107/2107 5340/5340/5340
f 2162/2162/2162 2142/2142/2142 2107/2107/2107
f 2107/2107/2107 2142/2142/2142 2160/2160/2160
f 2146/2146/2146 2160/2160/2160 2142/2142/2142
f 2163/2163/2163 2160/2160/2160 2146/2146/2146
f 5342/5342/5342 5336/5336/5336 5340/5340/5340
f 2127/2127/2127 5340/5340/5340 5336/5336/5336
f 2162/2162/2162 5340/5340/5340 2127/2127/2127
f 2127/2127/2127 2142/2142/2142 2162/2162/2162
f 2143/2143/2143 2142/2142/2142 2127/2127/2127
f 2142/2142/2142 2143/2143/2143 2146/2146/2146
f 2146/2146/2146 2143/2143/2143 2148/2148/2148
f 2143/2143/2143 2087/2087/2087 2148/2148/2148
f 2148/2148/2148 2087/2087/2087 2122/2122/2122
f 2087/2087/2087 2156/2156/2156 2122/2122/2122
f 5332/5332/5332 5336/5336/5336 5342/5342/5342
f 5332/5332/5332 5341/5341/5341 5336/5336/5336
f 5341/5341/5341 2127/2127/2127 5336/5336/5336
f 2125/2125/2125 2127/2127/2127 5341/5341/5341
f 2125/2125/2125 2087/2087/2087 2127/2127/2127
f 2127/2127/2127 2087/2087/2087 2143/2143/2143
f 5374/5374/5374 5341/5341/5341 5332/5332/5332
f 5374/5374/5374 5347/5347/5347 5341/5341/5341
f 5341/5341/5341 5347/5347/5347 5345/5345/5345
f 5345/5345/5345 2125/2125/2125 5341/5341/5341
f 5375/5375/5375 2125/2125/2125 5345/5345/5345
f 5345/5345/5345 5373/5373/5373 5375/5375/5375
f 5375/5375/5375 5373/5373/5373 5370/5370/5370
f 5369/5369/5369 5370/5370/5370 5373/5373/5373
f 2149/2149/2149 5370/5370/5370 5369/5369/5369
f 5371/5371/5371 5345/5345/5345 5347/5347/5347
f 5373/5373/5373 5345/5345/5345 5371/5371/5371
f 5373/5373/5373 5371/5371/5371 5369/5369/5369
f 5346/5346/5346 5364/5364/5364 5368/5368/5368
f 5368/5368/5368 5364/5364/5364 5358/5358/5358
f 5306/5306/5306 5358/5358/5358 5364/5364/5364
f 5301/5301/5301 5358/5358/5358 5306/5306/5306
f 5358/5358/5358 5301/5301/5301 5327/5327/5327
f 5327/5327/5327 5301/5301/5301 5315/5315/5315
f 5315/5315/5315 5325/5325/5325 5327/5327/5327
f 5314/5314/5314 5325/5325/5325 5315/5315/5315
f 5314/5314/5314 5307/5307/5307 5325/5325/5325
f 5325/5325/5325 5307/5307/5307 5359/5359/5359
f 5306/5306/5306 5355/5355/5355 5301/5301/5301
f 5301/5301/5301 5355/5355/5355 5302/5302/5302
f 5302/5302/5302 5315/5315/5315 5301/5301/5301
f 5311/5311/5311 5315/5315/5315 5302/5302/5302
f 5311/5311/5311 5314/5314/5314 5315/5315/5315
f 5313/5313/5313 5314/5314/5314 5311/5311/5311
f 5352/5352/5352 5314/5314/5314 5313/5313/5313
f 5307/5307/5307 5314/5314/5314 5352/5352/5352
f 5355/5355/5355 5306/5306/5306 5300/5300/5300
f 5300/5300/5300 5351/5351/5351 5355/5355/5355
f 5351/5351/5351 5350/5350/5350 5355/5355/5355
f 5355/5355/5355 5350/5350/5350 5302/5302/5302
f 5302/5302/5302 5350/5350/5350 2054/2054/2054
f 2052/2052/2052 5302/5302/5302 2054/2054/2054
f 5311/5311/5311 5302/5302/5302 2052/2052/2052
f 2052/2052/2052 2065/2065/2065 5311/5311/5311
f 5311/5311/5311 2065/2065/2065 5313/5313/5313
f 5357/5357/5357 5313/5313/5313 2065/2065/2065
f 5352/5352/5352 5313/5313/5313 5357/5357/5357
f 5352/5352/5352 5357/5357/5357 5326/5326/5326
f 5352/5352/5352 5326/5326/5326 5307/5307/5307
f 2064/2064/2064 2054/2054/2054 5350/5350/5350
f 2054/2054/2054 2064/2064/2064 2066/2066/2066
f 2054/2054/2054 2066/2066/2066 1991/1991/1991
f 2054/2054/2054 1991/1991/1991 2052/2052/2052
f 2052/2052/2052 1991/1991/1991 2038/2038/2038
f 2052/2052/2052 2038/2038/2038 2065/2065/2065
f 2065/2065/2065 2038/2038/2038 2076/2076/2076
f 2076/2076/2076 2050/2050/2050 2065/2065/2065
f 2034/2034/2034 2050/2050/2050 2076/2076/2076
f 2034/2034/2034 2032/2032/2032 2050/2050/2050
f 2050/2050/2050 2032/2032/2032 2085/2085/2085
f 1991/1991/1991 2066/2066/2066 1988/1988/1988
f 1991/1991/1991 1988/1988/1988 1992/1992/1992
f 2037/2037/2037 1991/1991/1991 1992/1992/1992
f 2038/2038/2038 1991/1991/1991 2037/2037/2037
f 2037/2037/2037 2036/2036/2036 2038/2038/2038
f 2038/2038/2038 2036/2036/2036 2076/2076/2076
f 2036/2036/2036 2034/2034/2034 2076/2076/2076
f 2035/2035/2035 2034/2034/2034 2036/2036/2036
f 2032/2032/2032 2034/2034/2034 2035/2035/2035
f 2066/2066/2066 1989/1989/1989 1988/1988/1988
f 1989/1989/1989 1995/1995/1995 1988/1988/1988
f 2041/2041/2041 1988/1988/1988 1995/1995/1995
f 1992/1992/1992 1988/1988/1988 2041/2041/2041
f 2041/2041/2041 2072/2072/2072 1992/1992/1992
f 2074/2074/2074 1992/1992/1992 2072/2072/2072
f 2037/2037/2037 1992/1992/1992 2074/2074/2074
f 2075/2075/2075 2037/2037/2037 2074/2074/2074
f 2036/2036/2036 2037/2037/2037 2075/2075/2075
f 2075/2075/2075 2035/2035/2035 2036/2036/2036
f 2033/2033/2033 2035/2035/2035 2075/2075/2075
f 2062/2062/2062 2072/2072/2072 2041/2041/2041
f 2062/2062/2062 2140/2140/2140 2072/2072/2072
f 2062/2062/2062 2126/2126/2126 2140/2140/2140
f 5326/5326/5326 5357/5357/5357 2085/2085/2085
f 5317/5317/5317 5326/5326/5326 2085/2085/2085
f 5316/5316/5316 5326/5326/5326 5317/5317/5317
f 5326/5326/5326 5316/5316/5316 5307/5307/5307
f 5307/5307/5307 5316/5316/5316 5328/5328/5328
f 2083/2083/2083 5317/5317/5317 2085/2085/2085
f 5317/5317/5317 2083/2083/2083 2098/2098/2098
f 2098/2098/2098 5316/5316/5316 5317/5317/5317
f 2073/2073/2073 2083/2083/2083 2085/2085/2085
f 2083/2083/2083 2073/2073/2073 2098/2098/2098
f 2030/2030/2030 2098/2098/2098 2073/2073/2073
f 2032/2032/2032 2030/2030/2030 2073/2073/2073
f 2032/2032/2032 2035/2035/2035 2030/2030/2030
f 2030/2030/2030 2035/2035/2035 2084/2084/2084
f 2032/2032/2032 2073/2073/2073 2085/2085/2085
f 5360/5360/5360 5321/5321/5321 5442/5442/5442
f 5442/5442/5442 5321/5321/5321 5446/5446/5446
f 5442/5442/5442 5446/5446/5446 5470/5470/5470
f 5442/5442/5442 5470/5470/5470 5471/5471/5471
f 5470/5470/5470 5383/5383/5383 5471/5471/5471
f 5471/5471/5471 5383/5383/5383 5484/5484/5484
f 5383/5383/5383 5405/5405/5405 5484/5484/5484
f 5484/5484/5484 5405/5405/5405 5381/5381/5381
f 5446/5446/5446 5427/5427/5427 5470/5470/5470
f 5470/5470/5470 5427/5427/5427 5490/5490/5490
f 5495/5495/5495 5470/5470/5470 5490/5490/5490
f 5383/5383/5383 5470/5470/5470 5495/5495/5495
f 5485/5485/5485 5383/5383/5383 5495/5495/5495
f 5405/5405/5405 5383/5383/5383 5485/5485/5485
f 5483/5483/5483 5405/5405/5405 5485/5485/5485
f 5400/5400/5400 5405/5405/5405 5483/5483/5483
f 5405/5405/5405 5400/5400/5400 5381/5381/5381
f 5381/5381/5381 5400/5400/5400 5379/5379/5379
f 5427/5427/5427 5449/5449/5449 5490/5490/5490
f 5449/5449/5449 5441/5441/5441 5490/5490/5490
f 5490/5490/5490 5441/5441/5441 5495/5495/5495
f 5441/5441/5441 5436/5436/5436 5495/5495/5495
f 5495/5495/5495 5436/5436/5436 5485/5485/5485
f 5436/5436/5436 5435/5435/5435 5485/5485/5485
f 5485/5485/5485 5435/5435/5435 5483/5483/5483
f 5435/5435/5435 5433/5433/5433 5483/5483/5483
f 5433/5433/5433 5428/5428/5428 5483/5483/5483
f 5483/5483/5483 5428/5428/5428 5400/5400/5400
f 5426/5426/5426 5449/5449/5449 5427/5427/5427
f 5426/5426/5426 5497/5497/5497 5449/5449/5449
f 5497/5497/5497 5498/5498/5498 5449/5449/5449
f 5449/5449/5449 5498/5498/5498 5441/5441/5441
f 5498/5498/5498 5488/5488/5488 5441/5441/5441
f 5441/5441/5441 5488/5488/5488 5436/5436/5436
f 5488/5488/5488 5489/5489/5489 5436/5436/5436
f 5436/5436/5436 5489/5489/5489 5435/5435/5435
f 5489/5489/5489 5422/5422/5422 5435/5435/5435
f 5422/5422/5422 5433/5433/5433 5435/5435/5435
f 5423/5423/5423 5497/5497/5497 5426/5426/5426
f 5421/5421/5421 5422/5422/5422 5489/5489/5489
f 5188/5188/5188 5400/5400/5400 5428/5428/5428
f 5401/5401/5401 5400/5400/5400 5188/5188/5188
f 5400/5400/5400 5401/5401/5401 5379/5379/5379
f 5401/5401/5401 5458/5458/5458 5379/5379/5379
f 5458/5458/5458 5477/5477/5477 5379/5379/5379
f 5458/5458/5458 5459/5459/5459 5477/5477/5477
f 5477/5477/5477 5459/5459/5459 5406/5406/5406
f 5188/5188/5188 5195/5195/5195 5401/5401/5401
f 5401/5401/5401 5195/5195/5195 5458/5458/5458
f 5458/5458/5458 5195/5195/5195 5459/5459/5459
f 5309/5309/5309 5356/5356/5356 5365/5365/5365
f 5356/5356/5356 5309/5309/5309 5310/5310/5310
f 5312/5312/5312 5356/5356/5356 5310/5310/5310
f 5388/5388/5388 5310/5310/5310 5309/5309/5309
f 5476/5476/5476 5310/5310/5310 5388/5388/5388
f 5388/5388/5388 5457/5457/5457 5476/5476/5476
f 5388/5388/5388 5389/5389/5389 5457/5457/5457
f 5413/5413/5413 5389/5389/5389 5388/5388/5388
f 5413/5413/5413 5414/5414/5414 5389/5389/5389
f 5297/5297/5297 5420/5420/5420 5298/5298/5298
f 5298/5298/5298 5420/5420/5420 5305/5305/5305
f 5305/5305/5305 2010/2010/2010 5298/5298/5298
f 5298/5298/5298 2010/2010/2010 2006/2006/2006
f 2006/2006/2006 2010/2010/2010 2005/2005/2005
f 2005/2005/2005 2010/2010/2010 2011/2011/2011
f 2005/2005/2005 2011/2011/2011 2012/2012/2012
f 2012/2012/2012 2007/2007/2007 2005/2005/2005
f 5305/5305/5305 5420/5420/5420 5395/5395/5395
f 5354/5354/5354 5305/5305/5305 5395/5395/5395
f 2010/2010/2010 5305/5305/5305 5354/5354/5354
f 5420/5420/5420 5382/5382/5382 5395/5395/5395
f 5395/5395/5395 5382/5382/5382 5308/5308/5308
f 5308/5308/5308 5354/5354/5354 5395/5395/5395
f 2014/2014/2014 5354/5354/5354 5308/5308/5308
f 2014/2014/2014 5308/5308/5308 1440/1440/1440
f 2014/2014/2014 1440/1440/1440 2043/2043/2043
f 2043/2043/2043 2015/2015/2015 2014/2014/2014
f 5304/5304/5304 5308/5308/5308 5382/5382/5382
f 1440/1440/1440 5308/5308/5308 5304/5304/5304
f 1440/1440/1440 5304/5304/5304 471/471/471
f 1440/1440/1440 471/471/471 1425/1425/1425
f 1425/1425/1425 1428/1428/1428 1440/1440/1440
f 2017/2017/2017 1440/1440/1440 1428/1428/1428
f 2043/2043/2043 1440/1440/1440 2017/2017/2017
f 471/471/471 5304/5304/5304 5382/5382/5382
f 2017/2017/2017 1428/1428/1428 2008/2008/2008
f 2043/2043/2043 2017/2017/2017 2008/2008/2008
f 2008/2008/2008 2009/2009/2009 2043/2043/2043
f 2009/2009/2009 2015/2015/2015 2043/2043/2043
f 2009/2009/2009 2011/2011/2011 2015/2015/2015
f 2015/2015/2015 2011/2011/2011 2010/2010/2010
f 2012/2012/2012 2009/2009/2009 2008/2008/2008
f 2012/2012/2012 2011/2011/2011 2009/2009/2009
f 1422/1422/1422 1428/1428/1428 1425/1425/1425
f 3195/3195/3195 1422/1422/1422 1425/1425/1425
f 3193/3193/3193 1422/1422/1422 3195/3195/3195
f 3195/3195/3195 3162/3162/3162 3193/3193/3193
f 3193/3193/3193 3162/3162/3162 3167/3167/3167
f 3193/3193/3193 3167/3167/3167 4545/4545/4545
f 4545/4545/4545 3196/3196/3196 3193/3193/3193
f 494/494/494 3195/3195/3195 1425/1425/1425
f 1133/1133/1133 3195/3195/3195 494/494/494
f 3195/3195/3195 1133/1133/1133 3162/3162/3162
f 3162/3162/3162 1133/1133/1133 707/707/707
f 707/707/707 3175/3175/3175 3162/3162/3162
f 3175/3175/3175 3167/3167/3167 3162/3162/3162
f 3189/3189/3189 3167/3167/3167 3175/3175/3175
f 3167/3167/3167 3189/3189/3189 4545/4545/4545
f 1425/1425/1425 471/471/471 494/494/494
f 5489/5489/5489 5481/5481/5481 5448/5448/5448
f 5394/5394/5394 5481/5481/5481 5489/5489/5489
f 5394/5394/5394 5410/5410/5410 5481/5481/5481
f 5411/5411/5411 5410/5410/5410 5394/5394/5394
f 5411/5411/5411 5440/5440/5440 5410/5410/5410
f 5497/5497/5497 5440/5440/5440 5411/5411/5411
f 5497/5497/5497 5411/5411/5411 5498/5498/5498
f 5489/5489/5489 5488/5488/5488 5394/5394/5394
f 5488/5488/5488 5498/5498/5498 5394/5394/5394
f 5394/5394/5394 5498/5498/5498 5411/5411/5411
f 5664/5664/5664 5641/5641/5641 5609/5609/5609
f 5699/5699/5699 5641/5641/5641 5664/5664/5664
f 5685/5685/5685 5641/5641/5641 5699/5699/5699
f 5685/5685/5685 5699/5699/5699 5704/5704/5704
f 5704/5704/5704 5671/5671/5671 5685/5685/5685
f 5664/5664/5664 5703/5703/5703 5699/5699/5699
f 5704/5704/5704 5699/5699/5699 5703/5703/5703
f 5608/5608/5608 5704/5704/5704 5703/5703/5703
f 5652/5652/5652 5704/5704/5704 5608/5608/5608
f 5704/5704/5704 5652/5652/5652 5671/5671/5671
f 5665/5665/5665 5671/5671/5671 5652/5652/5652
f 5665/5665/5665 5613/5613/5613 5671/5671/5671
f 5671/5671/5671 5613/5613/5613 5661/5661/5661
f 5606/5606/5606 5703/5703/5703 5664/5664/5664
f 5703/5703/5703 5606/5606/5606 5608/5608/5608
f 5608/5608/5608 5606/5606/5606 5605/5605/5605
f 5605/5605/5605 5663/5663/5663 5608/5608/5608
f 5663/5663/5663 5634/5634/5634 5608/5608/5608
f 5608/5608/5608 5634/5634/5634 5652/5652/5652
f 5665/5665/5665 5652/5652/5652 5634/5634/5634
f 5612/5612/5612 5665/5665/5665 5634/5634/5634
f 5666/5666/5666 5665/5665/5665 5612/5612/5612
f 5666/5666/5666 5613/5613/5613 5665/5665/5665
f 5613/5613/5613 5666/5666/5666 5598/5598/5598
f 5598/5598/5598 5640/5640/5640 5613/5613/5613
f 5613/5613/5613 5640/5640/5640 5661/5661/5661
f 5662/5662/5662 5663/5663/5663 5605/5605/5605
f 5663/5663/5663 5662/5662/5662 5601/5601/5601
f 5596/5596/5596 5663/5663/5663 5601/5601/5601
f 5634/5634/5634 5663/5663/5663 5596/5596/5596
f 5645/5645/5645 5634/5634/5634 5596/5596/5596
f 5612/5612/5612 5634/5634/5634 5645/5645/5645
f 5628/5628/5628 5612/5612/5612 5645/5645/5645
f 5666/5666/5666 5612/5612/5612 5628/5628/5628
f 5628/5628/5628 5620/5620/5620 5666/5666/5666
f 5598/5598/5598 5666/5666/5666 5620/5620/5620
f 5620/5620/5620 5611/5611/5611 5598/5598/5598
f 5602/5602/5602 5598/5598/5598 5611/5611/5611
f 5640/5640/5640 5598/5598/5598 5602/5602/5602
f 5596/5596/5596 5601/5601/5601 5594/5594/5594
f 5596/5596/5596 5594/5594/5594 5600/5600/5600
f 5597/5597/5597 5596/5596/5596 5600/5600/5600
f 5645/5645/5645 5596/5596/5596 5597/5597/5597
f 5645/5645/5645 5597/5597/5597 5643/5643/5643
f 5628/5628/5628 5645/5645/5645 5643/5643/5643
f 5628/5628/5628 5643/5643/5643 5653/5653/5653
f 5628/5628/5628 5653/5653/5653 5603/5603/5603
f 5603/5603/5603 5620/5620/5620 5628/5628/5628
f 5620/5620/5620 5603/5603/5603 5631/5631/5631
f 5631/5631/5631 5611/5611/5611 5620/5620/5620
f 5541/5541/5541 5600/5600/5600 5594/5594/5594
f 5541/5541/5541 5656/5656/5656 5600/5600/5600
f 5656/5656/5656 5616/5616/5616 5600/5600/5600
f 5600/5600/5600 5616/5616/5616 5597/5597/5597
f 5597/5597/5597 5616/5616/5616 5643/5643/5643
f 5643/5643/5643 5616/5616/5616 5557/5557/5557
f 5643/5643/5643 5557/5557/5557 5653/5653/5653
f 5653/5653/5653 5557/5557/5557 5619/5619/5619
f 5619/5619/5619 5667/5667/5667 5653/5653/5653
f 5653/5653/5653 5667/5667/5667 5603/5603/5603
f 5667/5667/5667 5668/5668/5668 5603/5603/5603
f 5631/5631/5631 5603/5603/5603 5668/5668/5668
f 5541/5541/5541 5503/5503/5503 5656/5656/5656
f 5656/5656/5656 5503/5503/5503 5543/5543/5543
f 5543/5543/5543 5584/5584/5584 5656/5656/5656
f 5656/5656/5656 5584/5584/5584 5616/5616/5616
f 5616/5616/5616 5584/5584/5584 5557/5557/5557
f 5557/5557/5557 5584/5584/5584 5586/5586/5586
f 5500/5500/5500 5557/5557/5557 5586/5586/5586
f 5619/5619/5619 5557/5557/5557 5500/5500/5500
f 5500/5500/5500 5513/5513/5513 5619/5619/5619
f 5619/5619/5619 5513/5513/5513 5618/5618/5618
f 5618/5618/5618 5667/5667/5667 5619/5619/5619
f 5544/5544/5544 5543/5543/5543 5503/5503/5503
f 5526/5526/5526 5543/5543/5543 5544/5544/5544
f 5584/5584/5584 5543/5543/5543 5526/5526/5526
f 5582/5582/5582 5584/5584/5584 5526/5526/5526
f 5586/5586/5586 5584/5584/5584 5582/5582/5582
f 5582/5582/5582 5500/5500/5500 5586/5586/5586
f 5582/5582/5582 5506/5506/5506 5500/5500/5500
f 5506/5506/5506 5513/5513/5513 5500/5500/5500
f 5487/5487/5487 5513/5513/5513 5506/5506/5506
f 5487/5487/5487 5524/5524/5524 5513/5513/5513
f 5618/5618/5618 5513/5513/5513 5524/5524/5524
f 5544/5544/5544 5521/5521/5521 5526/5526/5526
f 5521/5521/5521 5518/5518/5518 5526/5526/5526
f 5526/5526/5526 5518/5518/5518 5582/5582/5582
f 5565/5565/5565 5582/5582/5582 5518/5518/5518
f 5577/5577/5577 5582/5582/5582 5565/5565/5565
f 5577/5577/5577 5506/5506/5506 5582/5582/5582
f 5577/5577/5577 5487/5487/5487 5506/5506/5506
f 5548/5548/5548 5521/5521/5521 5544/5544/5544
f 5548/5548/5548 5546/5546/5546 5521/5521/5521
f 5522/5522/5522 5521/5521/5521 5546/5546/5546
f 5518/5518/5518 5521/5521/5521 5522/5522/5522
f 5518/5518/5518 5522/5522/5522 5565/5565/5565
f 5565/5565/5565 5522/5522/5522 5509/5509/5509
f 5509/5509/5509 5486/5486/5486 5565/5565/5565
f 5565/5565/5565 5486/5486/5486 5453/5453/5453
f 5472/5472/5472 5565/5565/5565 5453/5453/5453
f 5577/5577/5577 5565/5565/5565 5472/5472/5472
f 5472/5472/5472 5487/5487/5487 5577/5577/5577
f 5578/5578/5578 5546/5546/5546 5548/5548/5548
f 5546/5546/5546 5578/5578/5578 5562/5562/5562
f 5562/5562/5562 5522/5522/5522 5546/5546/5546
f 5528/5528/5528 5522/5522/5522 5562/5562/5562
f 5522/5522/5522 5528/5528/5528 5509/5509/5509
f 5509/5509/5509 5528/5528/5528 5507/5507/5507
f 5509/5509/5509 5507/5507/5507 5486/5486/5486
f 5486/5486/5486 5507/5507/5507 5569/5569/5569
f 5569/5569/5569 5430/5430/5430 5486/5486/5486
f 5486/5486/5486 5430/5430/5430 5453/5453/5453
f 5562/5562/5562 5578/5578/5578 5564/5564/5564
f 5515/5515/5515 5562/5562/5562 5564/5564/5564
f 5572/5572/5572 5562/5562/5562 5515/5515/5515
f 5572/5572/5572 5528/5528/5528 5562/5562/5562
f 5560/5560/5560 5528/5528/5528 5572/5572/5572
f 5560/5560/5560 5507/5507/5507 5528/5528/5528
f 5523/5523/5523 5507/5507/5507 5560/5560/5560
f 5507/5507/5507 5523/5523/5523 5569/5569/5569
f 5569/5569/5569 5523/5523/5523 5492/5492/5492
f 5492/5492/5492 5425/5425/5425 5569/5569/5569
f 5425/5425/5425 5430/5430/5430 5569/5569/5569
f 5536/5536/5536 5572/5572/5572 5515/5515/5515
f 5576/5576/5576 5572/5572/5572 5536/5536/5536
f 5572/5572/5572 5576/5576/5576 5560/5560/5560
f 5560/5560/5560 5576/5576/5576 5570/5570/5570
f 5570/5570/5570 5510/5510/5510 5560/5560/5560
f 5560/5560/5560 5510/5510/5510 5523/5523/5523
f 5523/5523/5523 5510/5510/5510 5514/5514/5514
f 5492/5492/5492 5523/5523/5523 5514/5514/5514
f 5580/5580/5580 5492/5492/5492 5514/5514/5514
f 5580/5580/5580 5425/5425/5425 5492/5492/5492
f 1883/1883/1883 5576/5576/5576 5536/5536/5536
f 1910/1910/1910 5576/5576/5576 1883/1883/1883
f 1910/1910/1910 1883/1883/1883 2203/2203/2203
f 2203/2203/2203 1883/1883/1883 2202/2202/2202
f 2202/2202/2202 2177/2177/2177 2203/2203/2203
f 2177/2177/2177 2206/2206/2206 2203/2203/2203
f 2203/2203/2203 2206/2206/2206 2205/2205/2205
f 2203/2203/2203 2205/2205/2205 2108/2108/2108
f 2205/2205/2205 2449/2449/2449 2108/2108/2108
f 2108/2108/2108 2449/2449/2449 2166/2166/2166
f 2178/2178/2178 2177/2177/2177 2202/2202/2202
f 2178/2178/2178 2244/2244/2244 2177/2177/2177
f 2244/2244/2244 2223/2223/2223 2177/2177/2177
f 2177/2177/2177 2223/2223/2223 2206/2206/2206
f 2246/2246/2246 2206/2206/2206 2223/2223/2223
f 2210/2210/2210 2206/2206/2206 2246/2246/2246
f 2210/2210/2210 2422/2422/2422 2206/2206/2206
f 2422/2422/2422 2205/2205/2205 2206/2206/2206
f 2449/2449/2449 2205/2205/2205 2422/2422/2422
f 2226/2226/2226 2244/2244/2244 2178/2178/2178
f 2226/2226/2226 2229/2229/2229 2244/2244/2244
f 2244/2244/2244 2229/2229/2229 2247/2247/2247
f 2222/2222/2222 2244/2244/2244 2247/2247/2247
f 2223/2223/2223 2244/2244/2244 2222/2222/2222
f 2211/2211/2211 2223/2223/2223 2222/2222/2222
f 2246/2246/2246 2223/2223/2223 2211/2211/2211
f 2211/2211/2211 2402/2402/2402 2246/2246/2246
f 2246/2246/2246 2402/2402/2402 2437/2437/2437
f 2437/2437/2437 2210/2210/2210 2246/2246/2246
f 2229/2229/2229 2227/2227/2227 2247/2247/2247
f 2247/2247/2247 2227/2227/2227 2171/2171/2171
f 2247/2247/2247 2171/2171/2171 2222/2222/2222
f 2222/2222/2222 2171/2171/2171 2168/2168/2168
f 2168/2168/2168 2212/2212/2212 2222/2222/2222
f 2222/2222/2222 2212/2212/2212 2211/2211/2211
f 2212/2212/2212 2402/2402/2402 2211/2211/2211
f 2404/2404/2404 2402/2402/2402 2212/2212/2212
f 2180/2180/2180 2402/2402/2402 2404/2404/2404
f 2180/2180/2180 2437/2437/2437 2402/2402/2402
f 2305/2305/2305 2171/2171/2171 2227/2227/2227
f 2167/2167/2167 2171/2171/2171 2305/2305/2305
f 2171/2171/2171 2167/2167/2167 2168/2168/2168
f 2168/2168/2168 2167/2167/2167 2307/2307/2307
f 2307/2307/2307 2212/2212/2212 2168/2168/2168
f 2245/2245/2245 2212/2212/2212 2307/2307/2307
f 2405/2405/2405 2212/2212/2212 2245/2245/2245
f 2404/2404/2404 2212/2212/2212 2405/2405/2405
f 2406/2406/2406 2404/2404/2404 2405/2405/2405
f 2199/2199/2199 2404/2404/2404 2406/2406/2406
f 2199/2199/2199 2180/2180/2180 2404/2404/2404
f 2167/2167/2167 2305/2305/2305 2288/2288/2288
f 2288/2288/2288 2297/2297/2297 2167/2167/2167
f 2167/2167/2167 2297/2297/2297 2307/2307/2307
f 2307/2307/2307 2297/2297/2297 2298/2298/2298
f 2275/2275/2275 2307/2307/2307 2298/2298/2298
f 2249/2249/2249 2307/2307/2307 2275/2275/2275
f 2245/2245/2245 2307/2307/2307 2249/2249/2249
f 2406/2406/2406 2245/2245/2245 2249/2249/2249
f 2405/2405/2405 2245/2245/2245 2406/2406/2406
f 2288/2288/2288 2305/2305/2305 2172/2172/2172
f 2172/2172/2172 2277/2277/2277 2288/2288/2288
f 2277/2277/2277 2297/2297/2297 2288/2288/2288
f 2028/2028/2028 2297/2297/2297 2277/2277/2277
f 2260/2260/2260 2297/2297/2297 2028/2028/2028
f 2298/2298/2298 2297/2297/2297 2260/2260/2260
f 2260/2260/2260 2275/2275/2275 2298/2298/2298
f 1999/1999/1999 2275/2275/2275 2260/2260/2260
f 1999/1999/1999 2248/2248/2248 2275/2275/2275
f 2275/2275/2275 2248/2248/2248 2249/2249/2249
f 2248/2248/2248 2406/2406/2406 2249/2249/2249
f 2296/2296/2296 2277/2277/2277 2172/2172/2172
f 2277/2277/2277 2296/2296/2296 1984/1984/1984
f 1984/1984/1984 2028/2028/2028 2277/2277/2277
f 1996/1996/1996 2028/2028/2028 1984/1984/1984
f 1982/1982/1982 2028/2028/2028 1996/1996/1996
f 2260/2260/2260 2028/2028/2028 1982/1982/1982
f 2026/2026/2026 2260/2260/2260 1982/1982/1982
f 1999/1999/1999 2260/2260/2260 2026/2026/2026
f 2026/2026/2026 2004/2004/2004 1999/1999/1999
f 1999/1999/1999 2004/2004/2004 2029/2029/2029
f 1999/1999/1999 2029/2029/2029 2248/2248/2248
f 1984/1984/1984 2296/2296/2296 2023/2023/2023
f 2023/2023/2023 2024/2024/2024 1984/1984/1984
f 1984/1984/1984 2024/2024/2024 1996/1996/1996
f 1996/1996/1996 2024/2024/2024 1935/1935/1935
f 1996/1996/1996 1935/1935/1935 1982/1982/1982
f 1935/1935/1935 2039/2039/2039 1982/1982/1982
f 1982/1982/1982 2039/2039/2039 2026/2026/2026
f 2026/2026/2026 2039/2039/2039 2025/2025/2025
f 2004/2004/2004 2026/2026/2026 2025/2025/2025
f 1969/1969/1969 2004/2004/2004 2025/2025/2025
f 2002/2002/2002 2004/2004/2004 1969/1969/1969
f 2004/2004/2004 2002/2002/2002 2029/2029/2029
f 1998/1998/1998 2024/2024/2024 2023/2023/2023
f 1959/1959/1959 2024/2024/2024 1998/1998/1998
f 1959/1959/1959 1987/1987/1987 2024/2024/2024
f 1987/1987/1987 1935/1935/1935 2024/2024/2024
f 1987/1987/1987 2003/2003/2003 1935/1935/1935
f 1935/1935/1935 2003/2003/2003 2039/2039/2039
f 2039/2039/2039 2003/2003/2003 1977/1977/1977
f 1997/1997/1997 2039/2039/2039 1977/1977/1977
f 2025/2025/2025 2039/2039/2039 1997/1997/1997
f 1942/1942/1942 2025/2025/2025 1997/1997/1997
f 1969/1969/1969 2025/2025/2025 1942/1942/1942
f 1945/1945/1945 1959/1959/1959 1998/1998/1998
f 1945/1945/1945 1975/1975/1975 1959/1959/1959
f 1959/1959/1959 1975/1975/1975 1970/1970/1970
f 1959/1959/1959 1970/1970/1970 1987/1987/1987
f 1987/1987/1987 1970/1970/1970 1933/1933/1933
f 1933/1933/1933 2027/2027/2027 1987/1987/1987
f 2027/2027/2027 2003/2003/2003 1987/1987/1987
f 2027/2027/2027 1977/1977/1977 2003/2003/2003
f 2473/2473/2473 1977/1977/1977 2027/2027/2027
f 2021/2021/2021 1977/1977/1977 2473/2473/2473
f 1997/1997/1997 1977/1977/1977 2021/2021/2021
f 2021/2021/2021 2019/2019/2019 1997/1997/1997
f 1997/1997/1997 2019/2019/2019 1942/1942/1942
f 1975/1975/1975 1938/1938/1938 1970/1970/1970
f 1938/1938/1938 1937/1937/1937 1970/1970/1970
f 1970/1970/1970 1937/1937/1937 1933/1933/1933
f 1933/1933/1933 1937/1937/1937 1983/1983/1983
f 1983/1983/1983 2027/2027/2027 1933/1933/1933
f 1983/1983/1983 2473/2473/2473 2027/2027/2027
f 1943/1943/1943 2473/2473/2473 1983/1983/1983
f 1968/1968/1968 2473/2473/2473 1943/1943/1943
f 1968/1968/1968 2021/2021/2021 2473/2473/2473
f 1963/1963/1963 2021/2021/2021 1968/1968/1968
f 2019/2019/2019 2021/2021/2021 1963/1963/1963
f 1976/1976/1976 1938/1938/1938 1975/1975/1975
f 1961/1961/1961 1938/1938/1938 1976/1976/1976
f 1936/1936/1936 1938/1938/1938 1961/1961/1961
f 1938/1938/1938 1936/1936/1936 1937/1937/1937
f 1937/1937/1937 1936/1936/1936 1950/1950/1950
f 1983/1983/1983 1937/1937/1937 1950/1950/1950
f 1936/1936/1936 1961/1961/1961 1946/1946/1946
f 1946/1946/1946 1950/1950/1950 1936/1936/1936
f 1946/1946/1946 1961/1961/1961 1986/1986/1986
f 5570/5570/5570 5576/5576/5576 5269/5269/5269
f 5269/5269/5269 5444/5444/5444 5570/5570/5570
f 5444/5444/5444 5510/5510/5510 5570/5570/5570
f 5510/5510/5510 5444/5444/5444 5530/5530/5530
f 5529/5529/5529 5510/5510/5510 5530/5530/5530
f 5514/5514/5514 5510/5510/5510 5529/5529/5529
f 5580/5580/5580 5514/5514/5514 5529/5529/5529
f 5275/5275/5275 5444/5444/5444 5269/5269/5269
f 5275/5275/5275 5443/5443/5443 5444/5444/5444
f 5530/5530/5530 5444/5444/5444 5443/5443/5443
f 5443/5443/5443 5447/5447/5447 5530/5530/5530
f 5447/5447/5447 5568/5568/5568 5530/5530/5530
f 5566/5566/5566 5530/5530/5530 5568/5568/5568
f 5529/5529/5529 5530/5530/5530 5566/5566/5566
f 5529/5529/5529 5566/5566/5566 5491/5491/5491
f 5529/5529/5529 5491/5491/5491 5580/5580/5580
f 5491/5491/5491 5425/5425/5425 5580/5580/5580
f 5235/5235/5235 5443/5443/5443 5275/5275/5275
f 5235/5235/5235 5447/5447/5447 5443/5443/5443
f 5284/5284/5284 5447/5447/5447 5235/5235/5235
f 5284/5284/5284 5250/5250/5250 5447/5447/5447
f 5447/5447/5447 5250/5250/5250 5480/5480/5480
f 5447/5447/5447 5480/5480/5480 5568/5568/5568
f 5480/5480/5480 5579/5579/5579 5568/5568/5568
f 5532/5532/5532 5568/5568/5568 5579/5579/5579
f 5566/5566/5566 5568/5568/5568 5532/5532/5532
f 5566/5566/5566 5532/5532/5532 5491/5491/5491
f 5474/5474/5474 5491/5491/5491 5532/5532/5532
f 5491/5491/5491 5474/5474/5474 5478/5478/5478
f 5478/5478/5478 5425/5425/5425 5491/5491/5491
f 5478/5478/5478 5438/5438/5438 5425/5425/5425
f 5425/5425/5425 5438/5438/5438 5430/5430/5430
f 5250/5250/5250 5493/5493/5493 5480/5480/5480
f 5493/5493/5493 5579/5579/5579 5480/5480/5480
f 5453/5453/5453 5487/5487/5487 5472/5472/5472
f 5453/5453/5453 5455/5455/5455 5487/5487/5487
f 5455/5455/5455 5473/5473/5473 5487/5487/5487
f 5473/5473/5473 5549/5549/5549 5487/5487/5487
f 5487/5487/5487 5549/5549/5549 5524/5524/5524
f 5549/5549/5549 5558/5558/5558 5524/5524/5524
f 5524/5524/5524 5558/5558/5558 5618/5618/5618
f 5430/5430/5430 5455/5455/5455 5453/5453/5453
f 5430/5430/5430 5438/5438/5438 5455/5455/5455
f 5438/5438/5438 5461/5461/5461 5455/5455/5455
f 5455/5455/5455 5461/5461/5461 5473/5473/5473
f 5531/5531/5531 5473/5473/5473 5461/5461/5461
f 5512/5512/5512 5473/5473/5473 5531/5531/5531
f 5512/5512/5512 5533/5533/5533 5473/5473/5473
f 5473/5473/5473 5533/5533/5533 5549/5549/5549
f 5549/5549/5549 5533/5533/5533 5558/5558/5558
f 5558/5558/5558 5533/5533/5533 5542/5542/5542
f 5558/5558/5558 5542/5542/5542 5617/5617/5617
f 5558/5558/5558 5617/5617/5617 5618/5618/5618
f 5618/5618/5618 5617/5617/5617 5667/5667/5667
f 5496/5496/5496 5461/5461/5461 5438/5438/5438
f 5496/5496/5496 5531/5531/5531 5461/5461/5461
f 5567/5567/5567 5531/5531/5531 5496/5496/5496
f 5567/5567/5567 5573/5573/5573 5531/5531/5531
f 5531/5531/5531 5573/5573/5573 5552/5552/5552
f 5531/5531/5531 5552/5552/5552 5512/5512/5512
f 5512/5512/5512 5552/5552/5552 5502/5502/5502
f 5512/5512/5512 5502/5502/5502 5533/5533/5533
f 5533/5533/5533 5502/5502/5502 5542/5542/5542
f 5478/5478/5478 5496/5496/5496 5438/5438/5438
f 5494/5494/5494 5496/5496/5496 5478/5478/5478
f 5496/5496/5496 5494/5494/5494 5567/5567/5567
f 5567/5567/5567 5494/5494/5494 5511/5511/5511
f 5511/5511/5511 5581/5581/5581 5567/5567/5567
f 5567/5567/5567 5581/5581/5581 5573/5573/5573
f 5535/5535/5535 5573/5573/5573 5581/5581/5581
f 5571/5571/5571 5573/5573/5573 5535/5535/5535
f 5573/5573/5573 5571/5571/5571 5552/5552/5552
f 5552/5552/5552 5571/5571/5571 5551/5551/5551
f 5551/5551/5551 5502/5502/5502 5552/5552/5552
f 5482/5482/5482 5494/5494/5494 5478/5478/5478
f 5494/5494/5494 5482/5482/5482 5511/5511/5511
f 5511/5511/5511 5482/5482/5482 5525/5525/5525
f 5540/5540/5540 5511/5511/5511 5525/5525/5525
f 5581/5581/5581 5511/5511/5511 5540/5540/5540
f 5540/5540/5540 5539/5539/5539 5581/5581/5581
f 5581/5581/5581 5539/5539/5539 5535/5535/5535
f 5538/5538/5538 5535/5535/5535 5539/5539/5539
f 5561/5561/5561 5535/5535/5535 5538/5538/5538
f 5561/5561/5561 5571/5571/5571 5535/5535/5535
f 5474/5474/5474 5482/5482/5482 5478/5478/5478
f 5474/5474/5474 5525/5525/5525 5482/5482/5482
f 5527/5527/5527 5540/5540/5540 5525/5525/5525
f 5527/5527/5527 5553/5553/5553 5540/5540/5540
f 5540/5540/5540 5553/5553/5553 5539/5539/5539
f 5539/5539/5539 5553/5553/5553 5538/5538/5538
f 5538/5538/5538 5553/5553/5553 5537/5537/5537
f 5516/5516/5516 5538/5538/5538 5537/5537/5537
f 5517/5517/5517 5538/5538/5538 5516/5516/5516
f 5538/5538/5538 5517/5517/5517 5561/5561/5561
f 5561/5561/5561 5517/5517/5517 5563/5563/5563
f 5561/5561/5561 5563/5563/5563 5583/5583/5583
f 5583/5583/5583 5571/5571/5571 5561/5561/5561
f 5553/5553/5553 5527/5527/5527 5199/5199/5199
f 5537/5537/5537 5553/5553/5553 5199/5199/5199
f 5537/5537/5537 5199/5199/5199 5236/5236/5236
f 1885/1885/1885 5537/5537/5537 5236/5236/5236
f 1888/1888/1888 5537/5537/5537 1885/1885/1885
f 1888/1888/1888 5516/5516/5516 5537/5537/5537
f 5199/5199/5199 5527/5527/5527 5283/5283/5283
f 5283/5283/5283 5221/5221/5221 5199/5199/5199
f 5199/5199/5199 5221/5221/5221 5236/5236/5236
f 1887/1887/1887 5236/5236/5236 5221/5221/5221
f 1885/1885/1885 5236/5236/5236 1887/1887/1887
f 1885/1885/1885 1887/1887/1887 1901/1901/1901
f 2175/2175/2175 1885/1885/1885 1901/1901/1901
f 1888/1888/1888 1885/1885/1885 2175/2175/2175
f 2278/2278/2278 1888/1888/1888 2175/2175/2175
f 1909/1909/1909 1888/1888/1888 2278/2278/2278
f 1909/1909/1909 5516/5516/5516 1888/1888/1888
f 1901/1901/1901 1887/1887/1887 2474/2474/2474
f 2474/2474/2474 1902/1902/1902 1901/1901/1901
f 1902/1902/1902 2175/2175/2175 1901/1901/1901
f 2256/2256/2256 2175/2175/2175 1902/1902/1902
f 2256/2256/2256 2176/2176/2176 2175/2175/2175
f 2176/2176/2176 2278/2278/2278 2175/2175/2175
f 2274/2274/2274 2278/2278/2278 2176/2176/2176
f 2278/2278/2278 2274/2274/2274 2258/2258/2258
f 1884/1884/1884 2278/2278/2278 2258/2258/2258
f 1909/1909/1909 2278/2278/2278 1884/1884/1884
f 1884/1884/1884 5516/5516/5516 1909/1909/1909
f 1917/1917/1917 1902/1902/1902 2474/2474/2474
f 1917/1917/1917 2169/2169/2169 1902/1902/1902
f 1902/1902/1902 2169/2169/2169 2256/2256/2256
f 2169/2169/2169 2306/2306/2306 2256/2256/2256
f 2256/2256/2256 2306/2306/2306 2257/2257/2257
f 2257/2257/2257 2176/2176/2176 2256/2256/2256
f 2257/2257/2257 2207/2207/2207 2176/2176/2176
f 2176/2176/2176 2207/2207/2207 2415/2415/2415
f 2415/2415/2415 2274/2274/2274 2176/2176/2176
f 2399/2399/2399 2274/2274/2274 2415/2415/2415
f 2274/2274/2274 2399/2399/2399 2273/2273/2273
f 2258/2258/2258 2274/2274/2274 2273/2273/2273
f 2306/2306/2306 2169/2169/2169 2420/2420/2420
f 2420/2420/2420 2401/2401/2401 2306/2306/2306
f 2306/2306/2306 2401/2401/2401 2254/2254/2254
f 2306/2306/2306 2254/2254/2254 2257/2257/2257
f 2257/2257/2257 2254/2254/2254 2207/2207/2207
f 2209/2209/2209 2207/2207/2207 2254/2254/2254
f 2204/2204/2204 2207/2207/2207 2209/2209/2209
f 2207/2207/2207 2204/2204/2204 2415/2415/2415
f 2415/2415/2415 2204/2204/2204 2398/2398/2398
f 2415/2415/2415 2398/2398/2398 2399/2399/2399
f 2327/2327/2327 2401/2401/2401 2420/2420/2420
f 2323/2323/2323 2401/2401/2401 2327/2327/2327
f 2323/2323/2323 2440/2440/2440 2401/2401/2401
f 2401/2401/2401 2440/2440/2440 2254/2254/2254
f 2254/2254/2254 2440/2440/2440 2209/2209/2209
f 2440/2440/2440 2417/2417/2417 2209/2209/2209
f 2209/2209/2209 2417/2417/2417 2325/2325/2325
f 2209/2209/2209 2325/2325/2325 2204/2204/2204
f 2204/2204/2204 2325/2325/2325 2328/2328/2328
f 2204/2204/2204 2328/2328/2328 2398/2398/2398
f 2420/2420/2420 2355/2355/2355 2327/2327/2327
f 2327/2327/2327 2355/2355/2355 2403/2403/2403
f 2323/2323/2323 2327/2327/2327 2403/2403/2403
f 2323/2323/2323 2403/2403/2403 2201/2201/2201
f 2201/2201/2201 2440/2440/2440 2323/2323/2323
f 2440/2440/2440 2201/2201/2201 2417/2417/2417
f 2417/2417/2417 2201/2201/2201 2170/2170/2170
f 2170/2170/2170 2179/2179/2179 2417/2417/2417
f 2417/2417/2417 2179/2179/2179 2419/2419/2419
f 2419/2419/2419 2325/2325/2325 2417/2417/2417
f 2287/2287/2287 2325/2325/2325 2419/2419/2419
f 2325/2325/2325 2287/2287/2287 2328/2328/2328
f 2355/2355/2355 2181/2181/2181 2403/2403/2403
f 2403/2403/2403 2181/2181/2181 2444/2444/2444
f 2403/2403/2403 2444/2444/2444 2182/2182/2182
f 2201/2201/2201 2403/2403/2403 2182/2182/2182
f 2201/2201/2201 2182/2182/2182 2170/2170/2170
f 2170/2170/2170 2182/2182/2182 2199/2199/2199
f 2170/2170/2170 2199/2199/2199 2179/2179/2179
f 2181/2181/2181 2355/2355/2355 2436/2436/2436
f 2436/2436/2436 2414/2414/2414 2181/2181/2181
f 2414/2414/2414 2430/2430/2430 2181/2181/2181
f 2181/2181/2181 2430/2430/2430 2413/2413/2413
f 2444/2444/2444 2181/2181/2181 2413/2413/2413
f 2413/2413/2413 2435/2435/2435 2444/2444/2444
f 2444/2444/2444 2435/2435/2435 2437/2437/2437
f 2444/2444/2444 2437/2437/2437 2180/2180/2180
f 2182/2182/2182 2444/2444/2444 2180/2180/2180
f 2182/2182/2182 2180/2180/2180 2199/2199/2199
f 2436/2436/2436 2400/2400/2400 2414/2414/2414
f 2421/2421/2421 2414/2414/2414 2400/2400/2400
f 2430/2430/2430 2414/2414/2414 2421/2421/2421
f 2421/2421/2421 2422/2422/2422 2430/2430/2430
f 2430/2430/2430 2422/2422/2422 2418/2418/2418
f 2418/2418/2418 2413/2413/2413 2430/2430/2430
f 2435/2435/2435 2413/2413/2413 2418/2418/2418
f 2210/2210/2210 2435/2435/2435 2418/2418/2418
f 2435/2435/2435 2210/2210/2210 2437/2437/2437
f 2429/2429/2429 2400/2400/2400 2436/2436/2436
f 2400/2400/2400 2429/2429/2429 2330/2330/2330
f 2330/2330/2330 2200/2200/2200 2400/2400/2400
f 2400/2400/2400 2200/2200/2200 2421/2421/2421
f 2200/2200/2200 2348/2348/2348 2421/2421/2421
f 2348/2348/2348 2449/2449/2449 2421/2421/2421
f 2421/2421/2421 2449/2449/2449 2422/2422/2422
f 2330/2330/2330 2429/2429/2429 2331/2331/2331
f 2331/2331/2331 2132/2132/2132 2330/2330/2330
f 2330/2330/2330 2132/2132/2132 2200/2200/2200
f 2200/2200/2200 2132/2132/2132 2131/2131/2131
f 2131/2131/2131 2109/2109/2109 2200/2200/2200
f 2200/2200/2200 2109/2109/2109 2348/2348/2348
f 2109/2109/2109 2166/2166/2166 2348/2348/2348
f 2348/2348/2348 2166/2166/2166 2449/2449/2449
f 2418/2418/2418 2422/2422/2422 2210/2210/2210
f 2179/2179/2179 2199/2199/2199 2406/2406/2406
f 2179/2179/2179 2406/2406/2406 2238/2238/2238
f 2416/2416/2416 2179/2179/2179 2238/2238/2238
f 2416/2416/2416 2419/2419/2419 2179/2179/2179
f 2416/2416/2416 2287/2287/2287 2419/2419/2419
f 2294/2294/2294 2287/2287/2287 2416/2416/2416
f 2294/2294/2294 2293/2293/2293 2287/2287/2287
f 2328/2328/2328 2287/2287/2287 2293/2293/2293
f 2238/2238/2238 2406/2406/2406 2239/2239/2239
f 2238/2238/2238 2239/2239/2239 2261/2261/2261
f 2238/2238/2238 2261/2261/2261 2416/2416/2416
f 2416/2416/2416 2261/2261/2261 2294/2294/2294
f 2294/2294/2294 2261/2261/2261 2002/2002/2002
f 1951/1951/1951 2294/2294/2294 2002/2002/2002
f 2295/2295/2295 2294/2294/2294 1951/1951/1951
f 2295/2295/2295 2293/2293/2293 2294/2294/2294
f 2239/2239/2239 2406/2406/2406 2248/2248/2248
f 2248/2248/2248 2029/2029/2029 2239/2239/2239
f 2261/2261/2261 2239/2239/2239 2029/2029/2029
f 2029/2029/2029 2002/2002/2002 2261/2261/2261
f 2273/2273/2273 2399/2399/2399 2228/2228/2228
f 2208/2208/2208 2228/2228/2228 2399/2399/2399
f 2224/2224/2224 2228/2228/2228 2208/2208/2208
f 2208/2208/2208 2173/2173/2173 2224/2224/2224
f 2224/2224/2224 2173/2173/2173 2225/2225/2225
f 2225/2225/2225 2173/2173/2173 2308/2308/2308
f 2308/2308/2308 2173/2173/2173 2272/2272/2272
f 2308/2308/2308 2272/2272/2272 2271/2271/2271
f 2399/2399/2399 2398/2398/2398 2208/2208/2208
f 2174/2174/2174 2208/2208/2208 2398/2398/2398
f 2173/2173/2173 2208/2208/2208 2174/2174/2174
f 2174/2174/2174 2255/2255/2255 2173/2173/2173
f 2173/2173/2173 2255/2255/2255 2272/2272/2272
f 2272/2272/2272 2255/2255/2255 2276/2276/2276
f 2271/2271/2271 2272/2272/2272 2276/2276/2276
f 2000/2000/2000 2271/2271/2271 2276/2276/2276
f 2259/2259/2259 2271/2271/2271 2000/2000/2000
f 2259/2259/2259 2000/2000/2000 2022/2022/2022
f 2398/2398/2398 2328/2328/2328 2174/2174/2174
f 2293/2293/2293 2174/2174/2174 2328/2328/2328
f 2255/2255/2255 2174/2174/2174 2293/2293/2293
f 2295/2295/2295 2255/2255/2255 2293/2293/2293
f 2304/2304/2304 2255/2255/2255 2295/2295/2295
f 2276/2276/2276 2255/2255/2255 2304/2304/2304
f 2276/2276/2276 2304/2304/2304 2000/2000/2000
f 2304/2304/2304 1925/1925/1925 2000/2000/2000
f 2000/2000/2000 1925/1925/1925 1981/1981/1981
f 2022/2022/2022 2000/2000/2000 1981/1981/1981
f 1981/1981/1981 1978/1978/1978 2022/2022/2022
f 2022/2022/2022 1978/1978/1978 2020/2020/2020
f 1974/1974/1974 2020/2020/2020 1978/1978/1978
f 1973/1973/1973 2020/2020/2020 1974/1974/1974
f 2295/2295/2295 1951/1951/1951 2304/2304/2304
f 2304/2304/2304 1951/1951/1951 1925/1925/1925
f 1925/1925/1925 1951/1951/1951 1952/1952/1952
f 1925/1925/1925 1952/1952/1952 2001/2001/2001
f 2001/2001/2001 1978/1978/1978 1925/1925/1925
f 1978/1978/1978 1981/1981/1981 1925/1925/1925
f 1952/1952/1952 1951/1951/1951 1971/1971/1971
f 1952/1952/1952 1971/1971/1971 1940/1940/1940
f 2001/2001/2001 1952/1952/1952 1940/1940/1940
f 2461/2461/2461 2001/2001/2001 1940/1940/1940
f 1944/1944/1944 2001/2001/2001 2461/2461/2461
f 1944/1944/1944 1974/1974/1974 2001/2001/2001
f 1974/1974/1974 1978/1978/1978 2001/2001/2001
f 1951/1951/1951 2002/2002/2002 1971/1971/1971
f 1971/1971/1971 2002/2002/2002 1969/1969/1969
f 1969/1969/1969 1942/1942/1942 1971/1971/1971
f 1942/1942/1942 1980/1980/1980 1971/1971/1971
f 1940/1940/1940 1971/1971/1971 1980/1980/1980
f 1940/1940/1940 1980/1980/1980 2461/2461/2461
f 2461/2461/2461 1980/1980/1980 1926/1926/1926
f 1926/1926/1926 1923/1923/1923 2461/2461/2461
f 2461/2461/2461 1923/1923/1923 2463/2463/2463
f 2461/2461/2461 2463/2463/2463 1944/1944/1944
f 2019/2019/2019 1980/1980/1980 1942/1942/1942
f 2019/2019/2019 1926/1926/1926 1980/1980/1980
f 1963/1963/1963 1926/1926/1926 2019/2019/2019
f 1926/1926/1926 1963/1963/1963 1928/1928/1928
f 1928/1928/1928 1923/1923/1923 1926/1926/1926
f 1964/1964/1964 1923/1923/1923 1928/1928/1928
f 1924/1924/1924 1923/1923/1923 1964/1964/1964
f 1957/1957/1957 1923/1923/1923 1924/1924/1924
f 2463/2463/2463 1923/1923/1923 1957/1957/1957
f 2463/2463/2463 1957/1957/1957 1960/1960/1960
f 1944/1944/1944 2463/2463/2463 1960/1960/1960
f 1928/1928/1928 1963/1963/1963 1954/1954/1954
f 1954/1954/1954 1929/1929/1929 1928/1928/1928
f 1928/1928/1928 1929/1929/1929 1964/1964/1964
f 1929/1929/1929 1962/1962/1962 1964/1964/1964
f 1964/1964/1964 1962/1962/1962 1930/1930/1930
f 1930/1930/1930 1924/1924/1924 1964/1964/1964
f 1924/1924/1924 1930/1930/1930 1898/1898/1898
f 1924/1924/1924 1898/1898/1898 1979/1979/1979
f 1979/1979/1979 1957/1957/1957 1924/1924/1924
f 1968/1968/1968 1954/1954/1954 1963/1963/1963
f 1941/1941/1941 1954/1954/1954 1968/1968/1968
f 1929/1929/1929 1954/1954/1954 1941/1941/1941
f 1953/1953/1953 1929/1929/1929 1941/1941/1941
f 1927/1927/1927 1929/1929/1929 1953/1953/1953
f 1929/1929/1929 1927/1927/1927 1962/1962/1962
f 1927/1927/1927 1931/1931/1931 1962/1962/1962
f 1930/1930/1930 1962/1962/1962 1931/1931/1931
f 1941/1941/1941 1968/1968/1968 1943/1943/1943
f 1953/1953/1953 1941/1941/1941 1943/1943/1943
f 2460/2460/2460 1931/1931/1931 1927/1927/1927
f 2460/2460/2460 1927/1927/1927 1972/1972/1972
f 1972/1972/1972 1927/1927/1927 1953/1953/1953
f 5575/5575/5575 5516/5516/5516 1884/1884/1884
f 5575/5575/5575 5517/5517/5517 5516/5516/5516
f 5574/5574/5574 5517/5517/5517 5575/5575/5575
f 5574/5574/5574 5563/5563/5563 5517/5517/5517
f 5508/5508/5508 5563/5563/5563 5574/5574/5574
f 5563/5563/5563 5508/5508/5508 5534/5534/5534
f 5583/5583/5583 5563/5563/5563 5534/5534/5534
f 5583/5583/5583 5534/5534/5534 5520/5520/5520
f 5551/5551/5551 5583/5583/5583 5520/5520/5520
f 5571/5571/5571 5583/5583/5583 5551/5551/5551
f 5534/5534/5534 5508/5508/5508 5545/5545/5545
f 5545/5545/5545 5519/5519/5519 5534/5534/5534
f 5520/5520/5520 5534/5534/5534 5519/5519/5519
f 5519/5519/5519 5550/5550/5550 5520/5520/5520
f 5505/5505/5505 5520/5520/5520 5550/5550/5550
f 5551/5551/5551 5520/5520/5520 5505/5505/5505
f 5505/5505/5505 5502/5502/5502 5551/5551/5551
f 5502/5502/5502 5505/5505/5505 5542/5542/5542
f 5547/5547/5547 5519/5519/5519 5545/5545/5545
f 5504/5504/5504 5519/5519/5519 5547/5547/5547
f 5555/5555/5555 5519/5519/5519 5504/5504/5504
f 5555/5555/5555 5550/5550/5550 5519/5519/5519
f 5555/5555/5555 5559/5559/5559 5550/5550/5550
f 5550/5550/5550 5559/5559/5559 5585/5585/5585
f 5554/5554/5554 5550/5550/5550 5585/5585/5585
f 5505/5505/5505 5550/5550/5550 5554/5554/5554
f 5542/5542/5542 5505/5505/5505 5554/5554/5554
f 5592/5592/5592 5542/5542/5542 5554/5554/5554
f 5617/5617/5617 5542/5542/5542 5592/5592/5592
f 5504/5504/5504 5501/5501/5501 5555/5555/5555
f 5555/5555/5555 5501/5501/5501 5559/5559/5559
f 5501/5501/5501 5655/5655/5655 5559/5559/5559
f 5585/5585/5585 5559/5559/5559 5655/5655/5655
f 5585/5585/5585 5655/5655/5655 5607/5607/5607
f 5592/5592/5592 5585/5585/5585 5607/5607/5607
f 5554/5554/5554 5585/5585/5585 5592/5592/5592
f 5556/5556/5556 5655/5655/5655 5501/5501/5501
f 5655/5655/5655 5556/5556/5556 5635/5635/5635
f 5655/5655/5655 5635/5635/5635 5610/5610/5610
f 5607/5607/5607 5655/5655/5655 5610/5610/5610
f 5610/5610/5610 5593/5593/5593 5607/5607/5607
f 5593/5593/5593 5604/5604/5604 5607/5607/5607
f 5607/5607/5607 5604/5604/5604 5590/5590/5590
f 5607/5607/5607 5590/5590/5590 5592/5592/5592
f 5592/5592/5592 5590/5590/5590 5591/5591/5591
f 5592/5592/5592 5591/5591/5591 5617/5617/5617
f 5617/5617/5617 5591/5591/5591 5668/5668/5668
f 5617/5617/5617 5668/5668/5668 5667/5667/5667
f 5610/5610/5610 5635/5635/5635 5593/5593/5593
f 5593/5593/5593 5635/5635/5635 5599/5599/5599
f 5593/5593/5593 5599/5599/5599 5625/5625/5625
f 5625/5625/5625 5604/5604/5604 5593/5593/5593
f 5604/5604/5604 5625/5625/5625 5626/5626/5626
f 5647/5647/5647 5604/5604/5604 5626/5626/5626
f 5642/5642/5642 5604/5604/5604 5647/5647/5647
f 5590/5590/5590 5604/5604/5604 5642/5642/5642
f 5642/5642/5642 5591/5591/5591 5590/5590/5590
f 5636/5636/5636 5591/5591/5591 5642/5642/5642
f 5591/5591/5591 5636/5636/5636 5631/5631/5631
f 5631/5631/5631 5668/5668/5668 5591/5591/5591
f 5625/5625/5625 5599/5599/5599 5624/5624/5624
f 5625/5625/5625 5624/5624/5624 5587/5587/5587
f 5626/5626/5626 5625/5625/5625 5587/5587/5587
f 5673/5673/5673 5626/5626/5626 5587/5587/5587
f 5627/5627/5627 5626/5626/5626 5673/5673/5673
f 5639/5639/5639 5626/5626/5626 5627/5627/5627
f 5647/5647/5647 5626/5626/5626 5639/5639/5639
f 5587/5587/5587 5624/5624/5624 5637/5637/5637
f 5637/5637/5637 5672/5672/5672 5587/5587/5587
f 5673/5673/5673 5587/5587/5587 5672/5672/5672
f 5632/5632/5632 5673/5673/5673 5672/5672/5672
f 5595/5595/5595 5673/5673/5673 5632/5632/5632
f 5595/5595/5595 5627/5627/5627 5673/5673/5673
f 5630/5630/5630 5627/5627/5627 5595/5595/5595
f 5630/5630/5630 5646/5646/5646 5627/5627/5627
f 5627/5627/5627 5646/5646/5646 5639/5639/5639
f 5646/5646/5646 5638/5638/5638 5639/5639/5639
f 5638/5638/5638 5647/5647/5647 5639/5639/5639
f 5629/5629/5629 5672/5672/5672 5637/5637/5637
f 5672/5672/5672 5629/5629/5629 5632/5632/5632
f 5632/5632/5632 5629/5629/5629 5633/5633/5633
f 5633/5633/5633 5614/5614/5614 5632/5632/5632
f 5654/5654/5654 5632/5632/5632 5614/5614/5614
f 5595/5595/5595 5632/5632/5632 5654/5654/5654
f 5595/5595/5595 5654/5654/5654 5630/5630/5630
f 5630/5630/5630 5654/5654/5654 5588/5588/5588
f 5588/5588/5588 5589/5589/5589 5630/5630/5630
f 5630/5630/5630 5589/5589/5589 5646/5646/5646
f 5646/5646/5646 5589/5589/5589 5644/5644/5644
f 5644/5644/5644 5638/5638/5638 5646/5646/5646
f 5615/5615/5615 5614/5614/5614 5633/5633/5633
f 5217/5217/5217 5644/5644/5644 5589/5589/5589
f 5621/5621/5621 5644/5644/5644 5217/5217/5217
f 5644/5644/5644 5621/5621/5621 5623/5623/5623
f 5638/5638/5638 5644/5644/5644 5623/5623/5623
f 5638/5638/5638 5623/5623/5623 5658/5658/5658
f 5658/5658/5658 5648/5648/5648 5638/5638/5638
f 5638/5638/5638 5648/5648/5648 5647/5647/5647
f 5636/5636/5636 5647/5647/5647 5648/5648/5648
f 5642/5642/5642 5647/5647/5647 5636/5636/5636
f 5621/5621/5621 5669/5669/5669 5623/5623/5623
f 5669/5669/5669 5660/5660/5660 5623/5623/5623
f 5660/5660/5660 5658/5658/5658 5623/5623/5623
f 5660/5660/5660 5659/5659/5659 5658/5658/5658
f 5602/5602/5602 5658/5658/5658 5659/5659/5659
f 5648/5648/5648 5658/5658/5658 5602/5602/5602
f 5602/5602/5602 5611/5611/5611 5648/5648/5648
f 5648/5648/5648 5611/5611/5611 5636/5636/5636
f 5631/5631/5631 5636/5636/5636 5611/5611/5611
f 5651/5651/5651 5669/5669/5669 5621/5621/5621
f 5651/5651/5651 5650/5650/5650 5669/5669/5669
f 5650/5650/5650 5660/5660/5660 5669/5669/5669
f 5660/5660/5660 5650/5650/5650 5622/5622/5622
f 5660/5660/5660 5622/5622/5622 5657/5657/5657
f 5659/5659/5659 5660/5660/5660 5657/5657/5657
f 5640/5640/5640 5659/5659/5659 5657/5657/5657
f 5602/5602/5602 5659/5659/5659 5640/5640/5640
f 5649/5649/5649 5650/5650/5650 5651/5651/5651
f 5650/5650/5650 5649/5649/5649 5670/5670/5670
f 5650/5650/5650 5670/5670/5670 5622/5622/5622
f 5640/5640/5640 5657/5657/5657 5661/5661/5661
f 5657/5657/5657 5622/5622/5622 5661/5661/5661
f 432/432/432 459/459/459 5707/5707/5707
f 459/459/459 432/432/432 553/553/553
f 553/553/553 432/432/432 558/558/558
f 558/558/558 318/318/318 553/553/553
f 413/413/413 318/318/318 558/558/558
f 398/398/398 318/318/318 413/413/413
f 291/291/291 318/318/318 398/398/398
f 334/334/334 291/291/291 398/398/398
f 289/289/289 291/291/291 334/334/334
f 432/432/432 5708/5708/5708 558/558/558
f 558/558/558 5708/5708/5708 409/409/409
f 558/558/558 409/409/409 413/413/413
f 413/413/413 409/409/409 347/347/347
f 347/347/347 654/654/654 413/413/413
f 413/413/413 654/654/654 398/398/398
f 654/654/654 281/281/281 398/398/398
f 398/398/398 281/281/281 334/334/334
f 428/428/428 409/409/409 5708/5708/5708
f 461/461/461 409/409/409 428/428/428
f 346/346/346 409/409/409 461/461/461
f 347/347/347 409/409/409 346/346/346
f 346/346/346 292/292/292 347/347/347
f 347/347/347 292/292/292 654/654/654
f 290/290/290 654/654/654 292/292/292
f 281/281/281 654/654/654 290/290/290
f 290/290/290 325/325/325 281/281/281
f 325/325/325 334/334/334 281/281/281
f 428/428/428 410/410/410 461/461/461
f 410/410/410 346/346/346 461/461/461
f 310/310/310 346/346/346 410/410/410
f 310/310/310 292/292/292 346/346/346
f 310/310/310 431/431/431 292/292/292
f 431/431/431 290/290/290 292/292/292
f 335/335/335 290/290/290 431/431/431
f 350/350/350 290/290/290 335/335/335
f 326/326/326 290/290/290 350/350/350
f 326/326/326 325/325/325 290/290/290
f 433/433/433 410/410/410 428/428/428
f 433/433/433 490/490/490 410/410/410
f 410/410/410 490/490/490 310/310/310
f 310/310/310 490/490/490 313/313/313
f 313/313/313 431/431/431 310/310/310
f 431/431/431 313/313/313 307/307/307
f 307/307/307 335/335/335 431/431/431
f 274/274/274 335/335/335 307/307/307
f 350/350/350 335/335/335 274/274/274
f 324/324/324 350/350/350 274/274/274
f 350/350/350 324/324/324 326/326/326
f 324/324/324 325/325/325 326/326/326
f 460/460/460 490/490/490 433/433/433
f 490/490/490 460/460/460 632/632/632
f 315/315/315 490/490/490 632/632/632
f 313/313/313 490/490/490 315/315/315
f 307/307/307 313/313/313 315/315/315
f 307/307/307 315/315/315 306/306/306
f 304/304/304 307/307/307 306/306/306
f 309/309/309 304/304/304 306/306/306
f 308/308/308 304/304/304 309/309/309
f 276/276/276 304/304/304 308/308/308
f 632/632/632 460/460/460 629/629/629
f 630/630/630 632/632/632 629/629/629
f 559/559/559 632/632/632 630/630/630
f 559/559/559 317/317/317 632/632/632
f 632/632/632 317/317/317 315/315/315
f 306/306/306 315/315/315 317/317/317
f 317/317/317 309/309/309 306/306/306
f 320/320/320 309/309/309 317/317/317
f 320/320/320 343/343/343 309/309/309
f 309/309/309 343/343/343 407/407/407
f 341/341/341 309/309/309 407/407/407
f 308/308/308 309/309/309 341/341/341
f 630/630/630 631/631/631 559/559/559
f 559/559/559 631/631/631 560/560/560
f 320/320/320 559/559/559 560/560/560
f 317/317/317 559/559/559 320/320/320
f 5740/5740/5740 631/631/631 630/630/630
f 5753/5753/5753 631/631/631 5740/5740/5740
f 555/555/555 631/631/631 5753/5753/5753
f 555/555/555 560/560/560 631/631/631
f 561/561/561 560/560/560 555/555/555
f 561/561/561 343/343/343 560/560/560
f 560/560/560 343/343/343 320/320/320
f 434/434/434 555/555/555 5753/5753/5753
f 434/434/434 561/561/561 555/555/555
f 435/435/435 561/561/561 434/434/434
f 311/311/311 561/561/561 435/435/435
f 343/343/343 561/561/561 311/311/311
f 311/311/311 340/340/340 343/343/343
f 343/343/343 340/340/340 407/407/407
f 434/434/434 5753/5753/5753 411/411/411
f 412/412/412 434/434/434 411/411/411
f 435/435/435 434/434/434 412/412/412
f 435/435/435 412/412/412 311/311/311
f 311/311/311 412/412/412 319/319/319
f 311/311/311 319/319/319 340/340/340
f 340/340/340 319/319/319 406/406/406
f 406/406/406 303/303/303 340/340/340
f 303/303/303 407/407/407 340/340/340
f 302/302/302 407/407/407 303/303/303
f 341/341/341 407/407/407 302/302/302
f 411/411/411 5753/5753/5753 5705/5705/5705
f 5705/5705/5705 344/344/344 411/411/411
f 345/345/345 411/411/411 344/344/344
f 412/412/412 411/411/411 345/345/345
f 319/319/319 412/412/412 345/345/345
f 556/556/556 319/319/319 345/345/345
f 316/316/316 319/319/319 556/556/556
f 316/316/316 406/406/406 319/319/319
f 342/342/342 406/406/406 316/316/316
f 406/406/406 342/342/342 288/288/288
f 288/288/288 303/303/303 406/406/406
f 5723/5723/5723 344/344/344 5705/5705/5705
f 557/557/557 344/344/344 5723/5723/5723
f 557/557/557 556/556/556 344/344/344
f 344/344/344 556/556/556 345/345/345
f 5723/5723/5723 642/642/642 557/557/557
f 642/642/642 554/554/554 557/557/557
f 557/557/557 554/554/554 556/556/556
f 556/556/556 554/554/554 316/316/316
f 316/316/316 554/554/554 314/314/314
f 316/316/316 314/314/314 342/342/342
f 342/342/342 314/314/314 408/408/408
f 342/342/342 408/408/408 429/429/429
f 288/288/288 342/342/342 429/429/429
f 278/278/278 288/288/288 429/429/429
f 278/278/278 303/303/303 288/288/288
f 5698/5698/5698 642/642/642 5723/5723/5723
f 429/429/429 408/408/408 305/305/305
f 305/305/305 277/277/277 429/429/429
f 277/277/277 278/278/278 429/429/429
f 278/278/278 277/277/277 337/337/337
f 286/286/286 278/278/278 337/337/337
f 286/286/286 285/285/285 278/278/278
f 278/278/278 285/285/285 303/303/303
f 285/285/285 302/302/302 303/303/303
f 302/302/302 285/285/285 341/341/341
f 293/293/293 277/277/277 305/305/305
f 277/277/277 293/293/293 416/416/416
f 337/337/337 277/277/277 416/416/416
f 416/416/416 293/293/293 327/327/327
f 285/285/285 286/286/286 294/294/294
f 272/272/272 285/285/285 294/294/294
f 341/341/341 285/285/285 272/272/272
f 341/341/341 272/272/272 308/308/308
f 308/308/308 272/272/272 276/276/276
f 272/272/272 294/294/294 276/276/276
f 299/299/299 325/325/325 324/324/324
f 299/299/299 439/439/439 325/325/325
f 439/439/439 334/334/334 325/325/325
f 439/439/439 339/339/339 334/334/334
f 334/334/334 339/339/339 289/289/289
f 403/403/403 439/439/439 299/299/299
f 403/403/403 339/339/339 439/439/439
f 301/301/301 339/339/339 403/403/403
f 216/216/216 240/240/240 173/173/173
f 173/173/173 184/184/184 216/216/216
f 216/216/216 184/184/184 24/24/24
f 24/24/24 184/184/184 21/21/21
f 33/33/33 24/24/24 21/21/21
f 38/38/38 24/24/24 33/33/33
f 33/33/33 18/18/18 38/38/38
f 38/38/38 18/18/18 32/32/32
f 191/191/191 184/184/184 173/173/173
f 218/218/218 184/184/184 191/191/191
f 217/217/217 184/184/184 218/218/218
f 217/217/217 21/21/21 184/184/184
f 19/19/19 21/21/21 217/217/217
f 21/21/21 19/19/19 33/33/33
f 33/33/33 19/19/19 42/42/42
f 41/41/41 33/33/33 42/42/42
f 18/18/18 33/33/33 41/41/41
f 18/18/18 41/41/41 57/57/57
f 57/57/57 32/32/32 18/18/18
f 5758/5758/5758 32/32/32 57/57/57
f 57/57/57 5728/5728/5728 5758/5758/5758
f 217/217/217 218/218/218 175/175/175
f 15/15/15 217/217/217 175/175/175
f 16/16/16 217/217/217 15/15/15
f 19/19/19 217/217/217 16/16/16
f 16/16/16 42/42/42 19/19/19
f 37/37/37 42/42/42 16/16/16
f 37/37/37 36/36/36 42/42/42
f 42/42/42 36/36/36 41/41/41
f 36/36/36 56/56/56 41/41/41
f 57/57/57 41/41/41 56/56/56
f 175/175/175 218/218/218 174/174/174
f 228/228/228 175/175/175 174/174/174
f 172/172/172 175/175/175 228/228/228
f 175/175/175 172/172/172 15/15/15
f 15/15/15 172/172/172 5751/5751/5751
f 172/172/172 3/3/3 5751/5751/5751
f 172/172/172 102/102/102 3/3/3
f 3/3/3 102/102/102 58/58/58
f 63/63/63 58/58/58 102/102/102
f 61/61/61 58/58/58 63/63/63
f 244/244/244 172/172/172 228/228/228
f 244/244/244 81/81/81 172/172/172
f 172/172/172 81/81/81 102/102/102
f 120/120/120 102/102/102 81/81/81
f 63/63/63 102/102/102 120/120/120
f 120/120/120 71/71/71 63/63/63
f 63/63/63 71/71/71 10/10/10
f 63/63/63 10/10/10 61/61/61
f 61/61/61 10/10/10 14/14/14
f 228/228/228 227/227/227 244/244/244
f 244/244/244 227/227/227 177/177/177
f 177/177/177 81/81/81 244/244/244
f 87/87/87 81/81/81 177/177/177
f 87/87/87 119/119/119 81/81/81
f 81/81/81 119/119/119 120/120/120
f 119/119/119 71/71/71 120/120/120
f 109/109/109 71/71/71 119/119/119
f 109/109/109 55/55/55 71/71/71
f 71/71/71 55/55/55 11/11/11
f 71/71/71 11/11/11 10/10/10
f 198/198/198 177/177/177 227/227/227
f 178/178/178 177/177/177 198/198/198
f 177/177/177 178/178/178 96/96/96
f 177/177/177 96/96/96 87/87/87
f 87/87/87 96/96/96 104/104/104
f 87/87/87 104/104/104 119/119/119
f 119/119/119 104/104/104 60/60/60
f 119/119/119 60/60/60 109/109/109
f 109/109/109 60/60/60 59/59/59
f 59/59/59 55/55/55 109/109/109
f 198/198/198 648/648/648 178/178/178
f 178/178/178 648/648/648 226/226/226
f 178/178/178 226/226/226 143/143/143
f 143/143/143 114/114/114 178/178/178
f 96/96/96 178/178/178 114/114/114
f 241/241/241 226/226/226 648/648/648
f 224/224/224 226/226/226 241/241/241
f 224/224/224 154/154/154 226/226/226
f 154/154/154 155/155/155 226/226/226
f 143/143/143 226/226/226 155/155/155
f 143/143/143 155/155/155 77/77/77
f 77/77/77 113/113/113 143/143/143
f 113/113/113 114/114/114 143/143/143
f 241/241/241 242/242/242 224/224/224
f 224/224/224 242/242/242 179/179/179
f 254/254/254 224/224/224 179/179/179
f 192/192/192 224/224/224 254/254/254
f 224/224/224 192/192/192 207/207/207
f 207/207/207 154/154/154 224/224/224
f 242/242/242 219/219/219 179/179/179
f 179/179/179 219/219/219 254/254/254
f 254/254/254 219/219/219 249/249/249
f 254/254/254 249/249/249 275/275/275
f 254/254/254 275/275/275 192/192/192
f 192/192/192 275/275/275 266/266/266
f 192/192/192 266/266/266 196/196/196
f 207/207/207 192/192/192 196/196/196
f 190/190/190 219/219/219 242/242/242
f 205/205/205 219/219/219 190/190/190
f 205/205/205 5714/5714/5714 219/219/219
f 219/219/219 5714/5714/5714 142/142/142
f 142/142/142 249/249/249 219/219/219
f 190/190/190 214/214/214 205/205/205
f 214/214/214 5677/5677/5677 205/205/205
f 205/205/205 5677/5677/5677 5725/5725/5725
f 205/205/205 5725/5725/5725 5714/5714/5714
f 5714/5714/5714 5725/5725/5725 5748/5748/5748
f 5745/5745/5745 5748/5748/5748 5725/5725/5725
f 5680/5680/5680 5748/5748/5748 5745/5745/5745
f 5680/5680/5680 5745/5745/5745 5726/5726/5726
f 215/215/215 214/214/214 190/190/190
f 215/215/215 223/223/223 214/214/214
f 5730/5730/5730 214/214/214 223/223/223
f 5730/5730/5730 5731/5731/5731 214/214/214
f 214/214/214 5731/5731/5731 5677/5677/5677
f 5677/5677/5677 5731/5731/5731 5750/5750/5750
f 5677/5677/5677 5750/5750/5750 5725/5725/5725
f 5725/5725/5725 5750/5750/5750 5745/5745/5745
f 5750/5750/5750 5746/5746/5746 5745/5745/5745
f 5745/5745/5745 5746/5746/5746 5726/5726/5726
f 5746/5746/5746 5737/5737/5737 5726/5726/5726
f 5726/5726/5726 5737/5737/5737 5678/5678/5678
f 222/222/222 223/223/223 215/215/215
f 222/222/222 264/264/264 223/223/223
f 264/264/264 5720/5720/5720 223/223/223
f 223/223/223 5720/5720/5720 5730/5730/5730
f 5710/5710/5710 5730/5730/5730 5720/5720/5720
f 5731/5731/5731 5730/5730/5730 5710/5710/5710
f 5691/5691/5691 5731/5731/5731 5710/5710/5710
f 5693/5693/5693 5731/5731/5731 5691/5691/5691
f 5750/5750/5750 5731/5731/5731 5693/5693/5693
f 5693/5693/5693 5713/5713/5713 5750/5750/5750
f 5750/5750/5750 5713/5713/5713 5746/5746/5746
f 265/265/265 264/264/264 222/222/222
f 5691/5691/5691 5713/5713/5713 5693/5693/5693
f 5709/5709/5709 5713/5713/5713 5691/5691/5691
f 5727/5727/5727 5713/5713/5713 5709/5709/5709
f 5755/5755/5755 5713/5713/5713 5727/5727/5727
f 5755/5755/5755 5746/5746/5746 5713/5713/5713
f 5737/5737/5737 5746/5746/5746 5755/5755/5755
f 5724/5724/5724 5737/5737/5737 5755/5755/5755
f 5676/5676/5676 5737/5737/5737 5724/5724/5724
f 5676/5676/5676 5717/5717/5717 5737/5737/5737
f 5737/5737/5737 5717/5717/5717 5678/5678/5678
f 5755/5755/5755 5727/5727/5727 5724/5724/5724
f 5724/5724/5724 5727/5727/5727 5675/5675/5675
f 5675/5675/5675 5733/5733/5733 5724/5724/5724
f 5733/5733/5733 5676/5676/5676 5724/5724/5724
f 5733/5733/5733 5717/5717/5717 5676/5676/5676
f 196/196/196 266/266/266 149/149/149
f 197/197/197 149/149/149 266/266/266
f 158/158/158 149/149/149 197/197/197
f 131/131/131 158/158/158 197/197/197
f 145/145/145 158/158/158 131/131/131
f 204/204/204 145/145/145 131/131/131
f 156/156/156 145/145/145 204/204/204
f 235/235/235 156/156/156 204/204/204
f 266/266/266 267/267/267 197/197/197
f 127/127/127 197/197/197 267/267/267
f 131/131/131 197/197/197 127/127/127
f 193/193/193 131/131/131 127/127/127
f 204/204/204 131/131/131 193/193/193
f 235/235/235 204/204/204 193/193/193
f 235/235/235 193/193/193 147/147/147
f 193/193/193 157/157/157 147/147/147
f 127/127/127 157/157/157 193/193/193
f 127/127/127 159/159/159 157/157/157
f 275/275/275 267/267/267 266/266/266
f 275/275/275 160/160/160 267/267/267
f 267/267/267 160/160/160 159/159/159
f 267/267/267 159/159/159 127/127/127
f 275/275/275 249/249/249 160/160/160
f 83/83/83 113/113/113 77/77/77
f 77/77/77 75/75/75 83/83/83
f 83/83/83 75/75/75 82/82/82
f 90/90/90 82/82/82 75/75/75
f 85/85/85 82/82/82 90/90/90
f 90/90/90 162/162/162 85/85/85
f 85/85/85 162/162/162 80/80/80
f 152/152/152 80/80/80 162/162/162
f 73/73/73 75/75/75 77/77/77
f 116/116/116 75/75/75 73/73/73
f 89/89/89 75/75/75 116/116/116
f 90/90/90 75/75/75 89/89/89
f 161/161/161 90/90/90 89/89/89
f 162/162/162 90/90/90 161/161/161
f 152/152/152 162/162/162 161/161/161
f 152/152/152 161/161/161 91/91/91
f 91/91/91 161/161/161 86/86/86
f 77/77/77 155/155/155 73/73/73
f 73/73/73 155/155/155 65/65/65
f 67/67/67 73/73/73 65/65/65
f 116/116/116 73/73/73 67/67/67
f 67/67/67 86/86/86 116/116/116
f 116/116/116 86/86/86 89/89/89
f 86/86/86 161/161/161 89/89/89
f 65/65/65 155/155/155 146/146/146
f 146/146/146 155/155/155 154/154/154
f 13/13/13 55/55/55 59/59/59
f 13/13/13 99/99/99 55/55/55
f 55/55/55 99/99/99 11/11/11
f 11/11/11 99/99/99 100/100/100
f 110/110/110 11/11/11 100/100/100
f 111/111/111 11/11/11 110/110/110
f 10/10/10 11/11/11 111/111/111
f 10/10/10 111/111/111 14/14/14
f 9/9/9 99/99/99 13/13/13
f 105/105/105 99/99/99 9/9/9
f 105/105/105 100/100/100 99/99/99
f 105/105/105 110/110/110 100/100/100
f 105/105/105 107/107/107 110/110/110
f 112/112/112 110/110/110 107/107/107
f 111/111/111 110/110/110 112/112/112
f 14/14/14 111/111/111 112/112/112
f 2980/2980/2980 56/56/56 36/36/36
f 56/56/56 2980/2980/2980 26/26/26
f 26/26/26 27/27/27 56/56/56
f 56/56/56 27/27/27 57/57/57
f 27/27/27 5728/5728/5728 57/57/57
f 5/5/5 5728/5728/5728 27/27/27
f 5/5/5 27/27/27 26/26/26
f 5/5/5 26/26/26 2982/2982/2982
f 26/26/26 2980/2980/2980 2982/2982/2982
f 238/238/238 199/199/199 268/268/268
f 237/237/237 199/199/199 238/238/238
f 237/237/237 584/584/584 199/199/199
f 602/602/602 584/584/584 237/237/237
f 602/602/602 577/577/577 584/584/584
f 584/584/584 577/577/577 576/576/576
f 616/616/616 576/576/576 577/577/577
f 617/617/617 576/576/576 616/616/616
f 238/238/238 382/382/382 237/237/237
f 603/603/603 237/237/237 382/382/382
f 602/602/602 237/237/237 603/603/603
f 603/603/603 580/580/580 602/602/602
f 602/602/602 580/580/580 577/577/577
f 577/577/577 580/580/580 616/616/616
f 616/616/616 580/580/580 615/615/615
f 615/615/615 613/613/613 616/616/616
f 613/613/613 617/617/617 616/616/616
f 612/612/612 617/617/617 613/613/613
f 312/312/312 382/382/382 238/238/238
f 382/382/382 312/312/312 383/383/383
f 383/383/383 601/601/601 382/382/382
f 382/382/382 601/601/601 603/603/603
f 623/623/623 603/603/603 601/601/601
f 579/579/579 603/603/603 623/623/623
f 580/580/580 603/603/603 579/579/579
f 615/615/615 580/580/580 579/579/579
f 579/579/579 608/608/608 615/615/615
f 615/615/615 608/608/608 634/634/634
f 634/634/634 613/613/613 615/615/615
f 383/383/383 312/312/312 239/239/239
f 383/383/383 239/239/239 186/186/186
f 186/186/186 588/588/588 383/383/383
f 383/383/383 588/588/588 601/601/601
f 578/578/578 601/601/601 588/588/588
f 623/623/623 601/601/601 578/578/578
f 623/623/623 578/578/578 608/608/608
f 623/623/623 608/608/608 579/579/579
f 186/186/186 239/239/239 211/211/211
f 186/186/186 211/211/211 182/182/182
f 587/587/587 186/186/186 182/182/182
f 588/588/588 186/186/186 587/587/587
f 587/587/587 626/626/626 588/588/588
f 588/588/588 626/626/626 578/578/578
f 626/626/626 609/609/609 578/578/578
f 578/578/578 609/609/609 608/608/608
f 608/608/608 609/609/609 634/634/634
f 634/634/634 609/609/609 565/565/565
f 565/565/565 638/638/638 634/634/634
f 634/634/634 638/638/638 613/613/613
f 182/182/182 211/211/211 188/188/188
f 182/182/182 188/188/188 605/605/605
f 605/605/605 592/592/592 182/182/182
f 182/182/182 592/592/592 587/587/587
f 592/592/592 626/626/626 587/587/587
f 592/592/592 585/585/585 626/626/626
f 626/626/626 585/585/585 624/624/624
f 626/626/626 624/624/624 609/609/609
f 609/609/609 624/624/624 611/611/611
f 611/611/611 565/565/565 609/609/609
f 605/605/605 188/188/188 381/381/381
f 605/605/605 381/381/381 607/607/607
f 607/607/607 231/231/231 605/605/605
f 605/605/605 231/231/231 592/592/592
f 187/187/187 592/592/592 231/231/231
f 647/647/647 592/592/592 187/187/187
f 647/647/647 585/585/585 592/592/592
f 176/176/176 585/585/585 647/647/647
f 585/585/585 176/176/176 570/570/570
f 585/585/585 570/570/570 624/624/624
f 607/607/607 381/381/381 606/606/606
f 606/606/606 604/604/604 607/607/607
f 607/607/607 604/604/604 593/593/593
f 232/232/232 607/607/607 593/593/593
f 231/231/231 607/607/607 232/232/232
f 229/229/229 231/231/231 232/232/232
f 187/187/187 231/231/231 229/229/229
f 187/187/187 229/229/229 176/176/176
f 647/647/647 187/187/187 176/176/176
f 598/598/598 593/593/593 604/604/604
f 590/590/590 593/593/593 598/598/598
f 593/593/593 590/590/590 232/232/232
f 232/232/232 590/590/590 233/233/233
f 232/232/232 233/233/233 229/229/229
f 229/229/229 233/233/233 189/189/189
f 189/189/189 183/183/183 229/229/229
f 229/229/229 183/183/183 245/245/245
f 176/176/176 229/229/229 245/245/245
f 570/570/570 176/176/176 245/245/245
f 598/598/598 599/599/599 590/590/590
f 590/590/590 599/599/599 596/596/596
f 590/590/590 596/596/596 233/233/233
f 233/233/233 596/596/596 574/574/574
f 574/574/574 189/189/189 233/233/233
f 230/230/230 189/189/189 574/574/574
f 183/183/183 189/189/189 230/230/230
f 230/230/230 569/569/569 183/183/183
f 569/569/569 245/245/245 183/183/183
f 570/570/570 245/245/245 569/569/569
f 570/570/570 569/569/569 619/619/619
f 624/624/624 570/570/570 619/619/619
f 619/619/619 611/611/611 624/624/624
f 597/597/597 596/596/596 599/599/599
f 589/589/589 596/596/596 597/597/597
f 589/589/589 574/574/574 596/596/596
f 568/568/568 574/574/574 589/589/589
f 621/621/621 574/574/574 568/568/568
f 619/619/619 574/574/574 621/621/621
f 574/574/574 619/619/619 569/569/569
f 574/574/574 569/569/569 230/230/230
f 597/597/597 181/181/181 589/589/589
f 589/589/589 181/181/181 210/210/210
f 589/589/589 210/210/210 568/568/568
f 568/568/568 210/210/210 600/600/600
f 600/600/600 572/572/572 568/568/568
f 568/568/568 572/572/572 621/621/621
f 572/572/572 610/610/610 621/621/621
f 621/621/621 610/610/610 619/619/619
f 619/619/619 610/610/610 627/627/627
f 627/627/627 611/611/611 619/619/619
f 210/210/210 181/181/181 248/248/248
f 208/208/208 210/210/210 248/248/248
f 209/209/209 210/210/210 208/208/208
f 210/210/210 209/209/209 600/600/600
f 600/600/600 209/209/209 594/594/594
f 600/600/600 594/594/594 571/571/571
f 600/600/600 571/571/571 573/573/573
f 573/573/573 572/572/572 600/600/600
f 572/572/572 573/573/573 620/620/620
f 620/620/620 610/610/610 572/572/572
f 208/208/208 203/203/203 209/209/209
f 209/209/209 203/203/203 180/180/180
f 209/209/209 180/180/180 594/594/594
f 594/594/594 180/180/180 586/586/586
f 594/594/594 586/586/586 582/582/582
f 571/571/571 594/594/594 582/582/582
f 622/622/622 571/571/571 582/582/582
f 620/620/620 571/571/571 622/622/622
f 573/573/573 571/571/571 620/620/620
f 180/180/180 203/203/203 202/202/202
f 202/202/202 586/586/586 180/180/180
f 595/595/595 586/586/586 202/202/202
f 586/586/586 595/595/595 583/583/583
f 582/582/582 586/586/586 583/583/583
f 583/583/583 622/622/622 582/582/582
f 618/618/618 622/622/622 583/583/583
f 618/618/618 614/614/614 622/622/622
f 614/614/614 628/628/628 622/622/622
f 622/622/622 628/628/628 620/620/620
f 620/620/620 628/628/628 610/610/610
f 202/202/202 203/203/203 201/201/201
f 201/201/201 200/200/200 202/202/202
f 202/202/202 200/200/200 247/247/247
f 247/247/247 595/595/595 202/202/202
f 591/591/591 595/595/595 247/247/247
f 595/595/595 591/591/591 575/575/575
f 583/583/583 595/595/595 575/575/575
f 583/583/583 575/575/575 618/618/618
f 618/618/618 575/575/575 625/625/625
f 645/645/645 618/618/618 625/625/625
f 614/614/614 618/618/618 645/645/645
f 645/645/645 548/548/548 614/614/614
f 548/548/548 546/546/546 614/614/614
f 614/614/614 546/546/546 628/628/628
f 628/628/628 546/546/546 547/547/547
f 610/610/610 628/628/628 547/547/547
f 547/547/547 627/627/627 610/610/610
f 575/575/575 591/591/591 581/581/581
f 575/575/575 581/581/581 625/625/625
f 637/637/637 548/548/548 645/645/645
f 637/637/637 463/463/463 548/548/548
f 548/548/548 463/463/463 492/492/492
f 492/492/492 546/546/546 548/548/548
f 491/491/491 546/546/546 492/492/492
f 546/546/546 491/491/491 538/538/538
f 547/547/547 546/546/546 538/538/538
f 538/538/538 564/564/564 547/547/547
f 564/564/564 627/627/627 547/547/547
f 564/564/564 611/611/611 627/627/627
f 545/545/545 611/611/611 564/564/564
f 545/545/545 565/565/565 611/611/611
f 463/463/463 417/417/417 492/492/492
f 417/417/417 329/329/329 492/492/492
f 492/492/492 329/329/329 491/491/491
f 491/491/491 329/329/329 330/330/330
f 330/330/330 414/414/414 491/491/491
f 538/538/538 491/491/491 414/414/414
f 414/414/414 478/478/478 538/538/538
f 478/478/478 564/564/564 538/538/538
f 328/328/328 417/417/417 463/463/463
f 328/328/328 351/351/351 417/417/417
f 417/417/417 351/351/351 418/418/418
f 418/418/418 329/329/329 417/417/417
f 440/440/440 329/329/329 418/418/418
f 440/440/440 330/330/330 329/329/329
f 352/352/352 330/330/330 440/440/440
f 352/352/352 321/321/321 330/330/330
f 330/330/330 321/321/321 269/269/269
f 269/269/269 414/414/414 330/330/330
f 269/269/269 348/348/348 414/414/414
f 348/348/348 478/478/478 414/414/414
f 478/478/478 348/348/348 537/537/537
f 564/564/564 478/478/478 537/537/537
f 535/535/535 564/564/564 537/537/537
f 545/545/545 564/564/564 535/535/535
f 269/269/269 321/321/321 270/270/270
f 269/269/269 270/270/270 283/283/283
f 283/283/283 348/348/348 269/269/269
f 283/283/283 436/436/436 348/348/348
f 537/537/537 348/348/348 436/436/436
f 462/462/462 537/537/537 436/436/436
f 535/535/535 537/537/537 462/462/462
f 466/466/466 535/535/535 462/462/462
f 534/534/534 535/535/535 466/466/466
f 534/534/534 545/545/545 535/535/535
f 565/565/565 545/545/545 534/534/534
f 534/534/534 638/638/638 565/565/565
f 283/283/283 270/270/270 333/333/333
f 284/284/284 283/283/283 333/333/333
f 271/271/271 283/283/283 284/284/284
f 271/271/271 436/436/436 283/283/283
f 436/436/436 271/271/271 282/282/282
f 282/282/282 287/287/287 436/436/436
f 436/436/436 287/287/287 462/462/462
f 295/295/295 462/462/462 287/287/287
f 466/466/466 462/462/462 295/295/295
f 273/273/273 333/333/333 270/270/270
f 284/284/284 333/333/333 273/273/273
f 284/284/284 273/273/273 279/279/279
f 279/279/279 287/287/287 284/284/284
f 284/284/284 287/287/287 282/282/282
f 284/284/284 282/282/282 271/271/271
f 279/279/279 273/273/273 280/280/280
f 280/280/280 295/295/295 279/279/279
f 279/279/279 295/295/295 287/287/287
f 280/280/280 405/405/405 295/295/295
f 295/295/295 405/405/405 404/404/404
f 295/295/295 404/404/404 466/466/466
f 466/466/466 404/404/404 322/322/322
f 322/322/322 534/534/534 466/466/466
f 638/638/638 534/534/534 322/322/322
f 404/404/404 405/405/405 445/445/445
f 404/404/404 445/445/445 322/322/322
f 322/322/322 445/445/445 323/323/323
f 638/638/638 322/322/322 323/323/323
f 349/349/349 638/638/638 323/323/323
f 635/635/635 638/638/638 349/349/349
f 613/613/613 638/638/638 635/635/635
f 635/635/635 539/539/539 613/613/613
f 613/613/613 539/539/539 612/612/612
f 445/445/445 405/405/405 296/296/296
f 296/296/296 338/338/338 445/445/445
f 338/338/338 349/349/349 445/445/445
f 445/445/445 349/349/349 323/323/323
f 300/300/300 338/338/338 296/296/296
f 300/300/300 444/444/444 338/338/338
f 415/415/415 338/338/338 444/444/444
f 349/349/349 338/338/338 415/415/415
f 415/415/415 635/635/635 349/349/349
f 539/539/539 635/635/635 415/415/415
f 539/539/539 415/415/415 636/636/636
f 612/612/612 539/539/539 636/636/636
f 402/402/402 444/444/444 300/300/300
f 298/298/298 444/444/444 402/402/402
f 297/297/297 444/444/444 298/298/298
f 297/297/297 415/415/415 444/444/444
f 437/437/437 415/415/415 297/297/297
f 636/636/636 415/415/415 437/437/437
f 639/639/639 532/532/532 479/479/479
f 479/479/479 532/532/532 441/441/441
f 467/467/467 479/479/479 441/441/441
f 446/446/446 479/479/479 467/467/467
f 467/467/467 5687/5687/5687 446/446/446
f 469/469/469 5687/5687/5687 467/467/467
f 469/469/469 5686/5686/5686 5687/5687/5687
f 532/532/532 457/457/457 441/441/441
f 469/469/469 441/441/441 457/457/457
f 467/467/467 441/441/441 469/469/469
f 489/489/489 457/457/457 532/532/532
f 551/551/551 457/457/457 489/489/489
f 552/552/552 457/457/457 551/551/551
f 469/469/469 457/457/457 552/552/552
f 552/552/552 5686/5686/5686 469/469/469
f 528/528/528 5686/5686/5686 552/552/552
f 528/528/528 563/563/563 5686/5686/5686
f 5683/5683/5683 5686/5686/5686 563/563/563
f 458/458/458 551/551/551 489/489/489
f 644/644/644 551/551/551 458/458/458
f 528/528/528 551/551/551 644/644/644
f 552/552/552 551/551/551 528/528/528
f 458/458/458 562/562/562 644/644/644
f 644/644/644 562/562/562 528/528/528
f 528/528/528 562/562/562 563/563/563
f 526/526/526 563/563/563 562/562/562
f 482/482/482 563/563/563 526/526/526
f 563/563/563 482/482/482 5683/5683/5683
f 480/480/480 5683/5683/5683 482/482/482
f 5754/5754/5754 5683/5683/5683 480/480/480
f 458/458/458 526/526/526 562/562/562
f 488/488/488 526/526/526 458/458/458
f 488/488/488 430/430/430 526/526/526
f 526/526/526 430/430/430 527/527/527
f 527/527/527 482/482/482 526/526/526
f 480/480/480 482/482/482 527/527/527
f 527/527/527 483/483/483 480/480/480
f 480/480/480 483/483/483 485/485/485
f 485/485/485 5754/5754/5754 480/480/480
f 486/486/486 5754/5754/5754 485/485/485
f 486/486/486 5231/5231/5231 5754/5754/5754
f 486/486/486 456/456/456 5231/5231/5231
f 527/527/527 430/430/430 483/483/483
f 483/483/483 430/430/430 640/640/640
f 483/483/483 640/640/640 484/484/484
f 483/483/483 484/484/484 485/485/485
f 485/485/485 484/484/484 486/486/486
f 486/486/486 484/484/484 456/456/456
f 456/456/456 484/484/484 643/643/643
f 331/331/331 456/456/456 643/643/643
f 468/468/468 456/456/456 331/331/331
f 331/331/331 422/422/422 468/468/468
f 468/468/468 422/422/422 421/421/421
f 421/421/421 422/422/422 399/399/399
f 484/484/484 640/640/640 641/641/641
f 484/484/484 641/641/641 643/643/643
f 643/643/643 641/641/641 533/533/533
f 530/530/530 643/643/643 533/533/533
f 331/331/331 643/643/643 530/530/530
f 530/530/530 422/422/422 331/331/331
f 529/529/529 422/422/422 530/530/530
f 422/422/422 529/529/529 397/397/397
f 399/399/399 422/422/422 397/397/397
f 399/399/399 397/397/397 443/443/443
f 443/443/443 397/397/397 442/442/442
f 531/531/531 442/442/442 397/397/397
f 487/487/487 442/442/442 531/531/531
f 397/397/397 529/529/529 531/531/531
f 400/400/400 401/401/401 495/495/495
f 495/495/495 401/401/401 657/657/657
f 657/657/657 701/701/701 495/495/495
f 495/495/495 701/701/701 452/452/452
f 701/701/701 685/685/685 452/452/452
f 452/452/452 685/685/685 450/450/450
f 686/686/686 450/450/450 685/685/685
f 438/438/438 450/450/450 686/686/686
f 657/657/657 655/655/655 701/701/701
f 701/701/701 655/655/655 702/702/702
f 703/703/703 701/701/701 702/702/702
f 685/685/685 701/701/701 703/703/703
f 703/703/703 656/656/656 685/685/685
f 656/656/656 720/720/720 685/685/685
f 685/685/685 720/720/720 666/666/666
f 721/721/721 685/685/685 666/666/666
f 686/686/686 685/685/685 721/721/721
f 683/683/683 686/686/686 721/721/721
f 694/694/694 686/686/686 683/683/683
f 694/694/694 438/438/438 686/686/686
f 424/424/424 438/438/438 694/694/694
f 424/424/424 694/694/694 454/454/454
f 454/454/454 5739/5739/5739 424/424/424
f 731/731/731 666/666/666 720/720/720
f 721/721/721 666/666/666 731/731/731
f 731/731/731 684/684/684 721/721/721
f 721/721/721 684/684/684 683/683/683
f 684/684/684 716/716/716 683/683/683
f 683/683/683 716/716/716 713/713/713
f 671/671/671 683/683/683 713/713/713
f 694/694/694 683/683/683 671/671/671
f 694/694/694 671/671/671 454/454/454
f 454/454/454 671/671/671 336/336/336
f 5739/5739/5739 454/454/454 336/336/336
f 336/336/336 5743/5743/5743 5739/5739/5739
f 332/332/332 5743/5743/5743 336/336/336
f 5743/5743/5743 332/332/332 453/453/453
f 453/453/453 5706/5706/5706 5743/5743/5743
f 664/664/664 713/713/713 716/716/716
f 713/713/713 664/664/664 671/671/671
f 671/671/671 664/664/664 672/672/672
f 336/336/336 671/671/671 672/672/672
f 672/672/672 332/332/332 336/336/336
f 692/692/692 332/332/332 672/672/672
f 692/692/692 453/453/453 332/332/332
f 493/493/493 453/453/453 692/692/692
f 493/493/493 419/419/419 453/453/453
f 419/419/419 5706/5706/5706 453/453/453
f 665/665/665 664/664/664 716/716/716
f 665/665/665 672/672/672 664/664/664
f 692/692/692 672/672/672 665/665/665
f 395/395/395 419/419/419 493/493/493
f 420/420/420 419/419/419 395/395/395
f 451/451/451 419/419/419 420/420/420
f 451/451/451 420/420/420 396/396/396
f 256/256/256 253/253/253 259/259/259
f 259/259/259 253/253/253 748/748/748
f 1131/1131/1131 259/259/259 748/748/748
f 258/258/258 259/259/259 1131/1131/1131
f 861/861/861 258/258/258 1131/1131/1131
f 860/860/860 258/258/258 861/861/861
f 860/860/860 653/653/653 258/258/258
f 1467/1467/1467 748/748/748 253/253/253
f 3210/3210/3210 748/748/748 1467/1467/1467
f 748/748/748 3210/3210/3210 708/708/708
f 708/708/708 1131/1131/1131 748/748/748
f 710/710/710 1131/1131/1131 708/708/708
f 1131/1131/1131 710/710/710 861/861/861
f 861/861/861 710/710/710 712/712/712
f 861/861/861 712/712/712 689/689/689
f 724/724/724 861/861/861 689/689/689
f 860/860/860 861/861/861 724/724/724
f 1467/1467/1467 3209/3209/3209 3210/3210/3210
f 3209/3209/3209 3194/3194/3194 3210/3210/3210
f 3210/3210/3210 3194/3194/3194 3191/3191/3191
f 708/708/708 3210/3210/3210 3191/3191/3191
f 708/708/708 3191/3191/3191 699/699/699
f 698/698/698 708/708/708 699/699/699
f 710/710/710 708/708/708 698/698/698
f 698/698/698 712/712/712 710/710/710
f 667/667/667 712/712/712 698/698/698
f 712/712/712 667/667/667 689/689/689
f 1475/1475/1475 3209/3209/3209 1467/1467/1467
f 3209/3209/3209 1475/1475/1475 1482/1482/1482
f 1482/1482/1482 3182/3182/3182 3209/3209/3209
f 3209/3209/3209 3182/3182/3182 3194/3194/3194
f 3194/3194/3194 3182/3182/3182 3185/3185/3185
f 3143/3143/3143 3194/3194/3194 3185/3185/3185
f 3144/3144/3144 3194/3194/3194 3143/3143/3143
f 3194/3194/3194 3144/3144/3144 3191/3191/3191
f 3191/3191/3191 3144/3144/3144 3145/3145/3145
f 699/699/699 3191/3191/3191 3145/3145/3145
f 1482/1482/1482 1475/1475/1475 1474/1474/1474
f 1482/1482/1482 1477/1477/1477 3182/3182/3182
f 3182/3182/3182 1477/1477/1477 3188/3188/3188
f 3182/3182/3182 3188/3188/3188 3185/3185/3185
f 3185/3185/3185 3188/3188/3188 3186/3186/3186
f 3186/3186/3186 3143/3143/3143 3185/3185/3185
f 3342/3342/3342 3143/3143/3143 3186/3186/3186
f 3143/3143/3143 3342/3342/3342 3236/3236/3236
f 3236/3236/3236 3159/3159/3159 3143/3143/3143
f 3143/3143/3143 3159/3159/3159 3144/3144/3144
f 3144/3144/3144 3159/3159/3159 3145/3145/3145
f 3188/3188/3188 1477/1477/1477 3187/3187/3187
f 3330/3330/3330 3188/3188/3188 3187/3187/3187
f 3253/3253/3253 3188/3188/3188 3330/3330/3330
f 3186/3186/3186 3188/3188/3188 3253/3253/3253
f 3342/3342/3342 3186/3186/3186 3253/3253/3253
f 3253/3253/3253 3254/3254/3254 3342/3342/3342
f 3254/3254/3254 3236/3236/3236 3342/3342/3342
f 3231/3231/3231 3236/3236/3236 3254/3254/3254
f 1476/1476/1476 3187/3187/3187 1477/1477/1477
f 3184/3184/3184 3187/3187/3187 1476/1476/1476
f 3187/3187/3187 3184/3184/3184 3330/3330/3330
f 3330/3330/3330 3184/3184/3184 3338/3338/3338
f 3264/3264/3264 3330/3330/3330 3338/3338/3338
f 3449/3449/3449 3330/3330/3330 3264/3264/3264
f 3449/3449/3449 3253/3253/3253 3330/3330/3330
f 3327/3327/3327 3253/3253/3253 3449/3449/3449
f 3327/3327/3327 3254/3254/3254 3253/3253/3253
f 3192/3192/3192 3184/3184/3184 1476/1476/1476
f 3183/3183/3183 3184/3184/3184 3192/3192/3192
f 3183/3183/3183 3338/3338/3338 3184/3184/3184
f 3341/3341/3341 3338/3338/3338 3183/3183/3183
f 3339/3339/3339 3338/3338/3338 3341/3341/3341
f 3264/3264/3264 3338/3338/3338 3339/3339/3339
f 3339/3339/3339 3147/3147/3147 3264/3264/3264
f 3264/3264/3264 3147/3147/3147 3146/3146/3146
f 3146/3146/3146 3329/3329/3329 3264/3264/3264
f 3264/3264/3264 3329/3329/3329 3449/3449/3449
f 3196/3196/3196 3183/3183/3183 3192/3192/3192
f 3148/3148/3148 3183/3183/3183 3196/3196/3196
f 3183/3183/3183 3148/3148/3148 3341/3341/3341
f 3341/3341/3341 3148/3148/3148 3263/3263/3263
f 3261/3261/3261 3341/3341/3341 3263/3263/3263
f 3339/3339/3339 3341/3341/3341 3261/3261/3261
f 3163/3163/3163 3339/3339/3339 3261/3261/3261
f 3147/3147/3147 3339/3339/3339 3163/3163/3163
f 3148/3148/3148 3196/3196/3196 4545/4545/4545
f 1671/1671/1671 3148/3148/3148 4545/4545/4545
f 3263/3263/3263 3148/3148/3148 1671/1671/1671
f 3344/3344/3344 3263/3263/3263 1671/1671/1671
f 3261/3261/3261 3263/3263/3263 3344/3344/3344
f 3261/3261/3261 3344/3344/3344 3163/3163/3163
f 3163/3163/3163 3344/3344/3344 1683/1683/1683
f 3169/3169/3169 3163/3163/3163 1683/1683/1683
f 3169/3169/3169 1683/1683/1683 1684/1684/1684
f 3366/3366/3366 1684/1684/1684 1683/1683/1683
f 4545/4545/4545 3345/3345/3345 1671/1671/1671
f 1671/1671/1671 3345/3345/3345 3344/3344/3344
f 3344/3344/3344 3345/3345/3345 3258/3258/3258
f 3258/3258/3258 1683/1683/1683 3344/3344/3344
f 1683/1683/1683 3258/3258/3258 1673/1673/1673
f 1672/1672/1672 1683/1683/1683 1673/1673/1673
f 1683/1683/1683 1672/1672/1672 3366/3366/3366
f 3368/3368/3368 3366/3366/3366 1672/1672/1672
f 3368/3368/3368 1672/1672/1672 3364/3364/3364
f 3368/3368/3368 3364/3364/3364 3365/3365/3365
f 3189/3189/3189 3345/3345/3345 4545/4545/4545
f 3189/3189/3189 3340/3340/3340 3345/3345/3345
f 3345/3345/3345 3340/3340/3340 3258/3258/3258
f 3258/3258/3258 3340/3340/3340 1673/1673/1673
f 3340/3340/3340 3257/3257/3257 1673/1673/1673
f 3256/3256/3256 3257/3257/3257 3340/3340/3340
f 3257/3257/3257 3256/3256/3256 3260/3260/3260
f 727/727/727 3257/3257/3257 3260/3260/3260
f 3257/3257/3257 727/727/727 660/660/660
f 3257/3257/3257 660/660/660 728/728/728
f 3256/3256/3256 3340/3340/3340 3189/3189/3189
f 3189/3189/3189 3175/3175/3175 3256/3256/3256
f 3256/3256/3256 3175/3175/3175 3260/3260/3260
f 3175/3175/3175 727/727/727 3260/3260/3260
f 1135/1135/1135 727/727/727 3175/3175/3175
f 1135/1135/1135 660/660/660 727/727/727
f 681/681/681 660/660/660 1135/1135/1135
f 681/681/681 662/662/662 660/660/660
f 660/660/660 662/662/662 728/728/728
f 662/662/662 670/670/670 728/728/728
f 670/670/670 669/669/669 728/728/728
f 669/669/669 663/663/663 728/728/728
f 1135/1135/1135 3175/3175/3175 707/707/707
f 1135/1135/1135 707/707/707 718/718/718
f 1135/1135/1135 718/718/718 681/681/681
f 681/681/681 718/718/718 711/711/711
f 711/711/711 679/679/679 681/681/681
f 681/681/681 679/679/679 662/662/662
f 670/670/670 662/662/662 679/679/679
f 707/707/707 1133/1133/1133 718/718/718
f 747/747/747 718/718/718 1133/1133/1133
f 719/719/719 718/718/718 747/747/747
f 719/719/719 711/711/711 718/718/718
f 751/751/751 711/711/711 719/719/719
f 711/711/711 751/751/751 679/679/679
f 679/679/679 751/751/751 750/750/750
f 750/750/750 717/717/717 679/679/679
f 679/679/679 717/717/717 670/670/670
f 747/747/747 1134/1134/1134 719/719/719
f 680/680/680 719/719/719 1134/1134/1134
f 751/751/751 719/719/719 680/680/680
f 680/680/680 750/750/750 751/751/751
f 661/661/661 750/750/750 680/680/680
f 661/661/661 717/717/717 750/750/750
f 732/732/732 717/717/717 661/661/661
f 661/661/661 659/659/659 732/732/732
f 732/732/732 659/659/659 737/737/737
f 737/737/737 659/659/659 749/749/749
f 255/255/255 1134/1134/1134 747/747/747
f 1134/1134/1134 255/255/255 706/706/706
f 682/682/682 1134/1134/1134 706/706/706
f 680/680/680 1134/1134/1134 682/682/682
f 680/680/680 682/682/682 661/661/661
f 661/661/661 682/682/682 659/659/659
f 682/682/682 724/724/724 659/659/659
f 659/659/659 724/724/724 709/709/709
f 749/749/749 659/659/659 709/709/709
f 709/709/709 726/726/726 749/749/749
f 726/726/726 725/725/725 749/749/749
f 706/706/706 255/255/255 653/653/653
f 706/706/706 653/653/653 860/860/860
f 724/724/724 706/706/706 860/860/860
f 682/682/682 706/706/706 724/724/724
f 3364/3364/3364 1672/1672/1672 1673/1673/1673
f 689/689/689 709/709/709 724/724/724
f 690/690/690 709/709/709 689/689/689
f 690/690/690 726/726/726 709/709/709
f 690/690/690 668/668/668 726/726/726
f 726/726/726 668/668/668 696/696/696
f 696/696/696 725/725/725 726/726/726
f 725/725/725 696/696/696 704/704/704
f 704/704/704 687/687/687 725/725/725
f 687/687/687 704/704/704 723/723/723
f 723/723/723 704/704/704 676/676/676
f 690/690/690 689/689/689 668/668/668
f 668/668/668 689/689/689 667/667/667
f 667/667/667 678/678/678 668/668/668
f 668/668/668 678/678/678 704/704/704
f 704/704/704 696/696/696 668/668/668
f 667/667/667 698/698/698 678/678/678
f 678/678/678 698/698/698 697/697/697
f 697/697/697 698/698/698 699/699/699
f 699/699/699 3145/3145/3145 697/697/697
f 697/697/697 3145/3145/3145 3190/3190/3190
f 697/697/697 3190/3190/3190 1060/1060/1060
f 1060/1060/1060 3190/3190/3190 3221/3221/3221
f 3221/3221/3221 1109/1109/1109 1060/1060/1060
f 3205/3205/3205 1109/1109/1109 3221/3221/3221
f 3205/3205/3205 789/789/789 1109/1109/1109
f 3145/3145/3145 3159/3159/3159 3190/3190/3190
f 3159/3159/3159 3214/3214/3214 3190/3190/3190
f 3190/3190/3190 3214/3214/3214 3221/3221/3221
f 3207/3207/3207 3221/3221/3221 3214/3214/3214
f 3205/3205/3205 3221/3221/3221 3207/3207/3207
f 3207/3207/3207 3470/3470/3470 3205/3205/3205
f 3205/3205/3205 3470/3470/3470 1795/1795/1795
f 1795/1795/1795 789/789/789 3205/3205/3205
f 1795/1795/1795 912/912/912 789/789/789
f 912/912/912 791/791/791 789/789/789
f 789/789/789 791/791/791 826/826/826
f 3470/3470/3470 3457/3457/3457 1795/1795/1795
f 1795/1795/1795 3457/3457/3457 3458/3458/3458
f 3458/3458/3458 912/912/912 1795/1795/1795
f 912/912/912 3458/3458/3458 787/787/787
f 787/787/787 790/790/790 912/912/912
f 912/912/912 790/790/790 791/791/791
f 3470/3470/3470 1786/1786/1786 3457/3457/3457
f 1786/1786/1786 3416/3416/3416 3457/3457/3457
f 3457/3457/3457 3416/3416/3416 3474/3474/3474
f 3474/3474/3474 3458/3458/3458 3457/3457/3457
f 3472/3472/3472 3458/3458/3458 3474/3474/3474
f 787/787/787 3458/3458/3458 3472/3472/3472
f 1781/1781/1781 1786/1786/1786 3470/3470/3470
f 788/788/788 787/787/787 3472/3472/3472
f 788/788/788 889/889/889 787/787/787
f 911/911/911 787/787/787 889/889/889
f 790/790/790 787/787/787 911/911/911
f 1137/1137/1137 889/889/889 788/788/788
f 773/773/773 889/889/889 1137/1137/1137
f 786/786/786 889/889/889 773/773/773
f 911/911/911 889/889/889 786/786/786
f 786/786/786 913/913/913 911/911/911
f 823/823/823 913/913/913 786/786/786
f 913/913/913 823/823/823 905/905/905
f 914/914/914 913/913/913 905/905/905
f 893/893/893 913/913/913 914/914/914
f 773/773/773 785/785/785 786/786/786
f 786/786/786 785/785/785 823/823/823
f 785/785/785 905/905/905 823/823/823
f 882/882/882 905/905/905 785/785/785
f 882/882/882 818/818/818 905/905/905
f 914/914/914 905/905/905 818/818/818
f 818/818/818 892/892/892 914/914/914
f 891/891/891 892/892/892 818/818/818
f 775/775/775 891/891/891 818/818/818
f 825/825/825 891/891/891 775/775/775
f 775/775/775 818/818/818 882/882/882
f 3474/3474/3474 3473/3473/3473 3472/3472/3472
f 3532/3532/3532 3473/3473/3473 3474/3474/3474
f 3530/3530/3530 3473/3473/3473 3532/3532/3532
f 3530/3530/3530 3532/3532/3532 3538/3538/3538
f 3538/3538/3538 3532/3532/3532 3385/3385/3385
f 3538/3538/3538 3385/3385/3385 3539/3539/3539
f 3532/3532/3532 3474/3474/3474 3465/3465/3465
f 3532/3532/3532 3465/3465/3465 3385/3385/3385
f 3465/3465/3465 3419/3419/3419 3385/3385/3385
f 3385/3385/3385 3419/3419/3419 3531/3531/3531
f 3539/3539/3539 3385/3385/3385 3531/3531/3531
f 3531/3531/3531 3386/3386/3386 3539/3539/3539
f 3539/3539/3539 3386/3386/3386 3393/3393/3393
f 3386/3386/3386 3394/3394/3394 3393/3393/3393
f 3393/3393/3393 3394/3394/3394 3542/3542/3542
f 3465/3465/3465 3474/3474/3474 3416/3416/3416
f 3531/3531/3531 3419/3419/3419 3386/3386/3386
f 3419/3419/3419 3464/3464/3464 3386/3386/3386
f 3386/3386/3386 3464/3464/3464 3394/3394/3394
f 1782/1782/1782 3394/3394/3394 3464/3464/3464
f 3463/3463/3463 3394/3394/3394 1782/1782/1782
f 3463/3463/3463 3542/3542/3542 3394/3394/3394
f 1787/1787/1787 3542/3542/3542 3463/3463/3463
f 3419/3419/3419 3448/3448/3448 3464/3464/3464
f 717/717/717 688/688/688 670/670/670
f 670/670/670 688/688/688 693/693/693
f 693/693/693 691/691/691 670/670/670
f 669/669/669 670/670/670 691/691/691
f 691/691/691 715/715/715 669/669/669
f 669/669/669 715/715/715 663/663/663
f 663/663/663 715/715/715 714/714/714
f 729/729/729 674/674/674 658/658/658
f 673/673/673 674/674/674 729/729/729
f 695/695/695 674/674/674 673/673/673
f 758/758/758 695/695/695 673/673/673
f 705/705/705 695/695/695 758/758/758
f 758/758/758 677/677/677 705/705/705
f 675/675/675 677/677/677 758/758/758
f 1067/1067/1067 1085/1085/1085 1130/1130/1130
f 1067/1067/1067 1071/1071/1071 1085/1085/1085
f 1085/1085/1085 1071/1071/1071 1084/1084/1084
f 1071/1071/1071 1075/1075/1075 1084/1084/1084
f 1084/1084/1084 1075/1075/1075 1077/1077/1077
f 1075/1075/1075 1078/1078/1078 1077/1077/1077
f 1077/1077/1077 1078/1078/1078 1086/1086/1086
f 1071/1071/1071 1067/1067/1067 1074/1074/1074
f 1088/1088/1088 1071/1071/1071 1074/1074/1074
f 1088/1088/1088 1073/1073/1073 1071/1071/1071
f 1071/1071/1071 1073/1073/1073 1075/1075/1075
f 1081/1081/1081 1075/1075/1075 1073/1073/1073
f 1078/1078/1078 1075/1075/1075 1081/1081/1081
f 1082/1082/1082 1078/1078/1078 1081/1081/1081
f 1083/1083/1083 1078/1078/1078 1082/1082/1082
f 1078/1078/1078 1083/1083/1083 866/866/866
f 1067/1067/1067 1068/1068/1068 1074/1074/1074
f 1083/1083/1083 1082/1082/1082 866/866/866
f 866/866/866 1082/1082/1082 1090/1090/1090
f 1082/1082/1082 1076/1076/1076 1090/1090/1090
f 1090/1090/1090 1076/1076/1076 1087/1087/1087
f 3359/3359/3359 1087/1087/1087 1076/1076/1076
f 3357/3357/3357 3359/3359/3359 1076/1076/1076
f 3359/3359/3359 3357/3357/3357 3432/3432/3432
f 3349/3349/3349 3359/3359/3359 3432/3432/3432
f 3432/3432/3432 3433/3433/3433 3349/3349/3349
f 1081/1081/1081 1076/1076/1076 1082/1082/1082
f 864/864/864 1076/1076/1076 1081/1081/1081
f 3357/3357/3357 1076/1076/1076 864/864/864
f 3357/3357/3357 864/864/864 795/795/795
f 864/864/864 865/865/865 795/795/795
f 1081/1081/1081 865/865/865 864/864/864
f 1073/1073/1073 865/865/865 1081/1081/1081
f 1073/1073/1073 1089/1089/1089 865/865/865
f 1088/1088/1088 1089/1089/1089 1073/1073/1073
f 1089/1089/1089 1088/1088/1088 1074/1074/1074
f 1080/1080/1080 1079/1079/1079 1072/1072/1072
f 3355/3355/3355 1080/1080/1080 1072/1072/1072
f 3356/3356/3356 1080/1080/1080 3355/3355/3355
f 3434/3434/3434 3356/3356/3356 3355/3355/3355
f 3434/3434/3434 3355/3355/3355 3428/3428/3428
f 3427/3427/3427 3434/3434/3434 3428/3428/3428
f 1054/1054/1054 1056/1056/1056 969/969/969
f 1056/1056/1056 1065/1065/1065 969/969/969
f 1065/1065/1065 1013/1013/1013 969/969/969
f 1013/1013/1013 1015/1015/1015 969/969/969
f 1015/1015/1015 924/924/924 969/969/969
f 969/969/969 924/924/924 904/904/904
f 924/924/924 1123/1123/1123 904/904/904
f 904/904/904 1123/1123/1123 1122/1122/1122
f 1061/1061/1061 1065/1065/1065 1056/1056/1056
f 1061/1061/1061 1064/1064/1064 1065/1065/1065
f 1065/1065/1065 1064/1064/1064 1066/1066/1066
f 700/700/700 1065/1065/1065 1066/1066/1066
f 700/700/700 1013/1013/1013 1065/1065/1065
f 700/700/700 1094/1094/1094 1013/1013/1013
f 1104/1104/1104 1013/1013/1013 1094/1094/1094
f 940/940/940 1013/1013/1013 1104/1104/1104
f 1013/1013/1013 940/940/940 929/929/929
f 929/929/929 1015/1015/1015 1013/1013/1013
f 1057/1057/1057 1066/1066/1066 1064/1064/1064
f 1059/1059/1059 1066/1066/1066 1057/1057/1057
f 1059/1059/1059 1062/1062/1062 1066/1066/1066
f 1066/1066/1066 1062/1062/1062 700/700/700
f 1062/1062/1062 1094/1094/1094 700/700/700
f 1094/1094/1094 1062/1062/1062 1103/1103/1103
f 1105/1105/1105 1094/1094/1094 1103/1103/1103
f 1104/1104/1104 1094/1094/1094 1105/1105/1105
f 800/800/800 1104/1104/1104 1105/1105/1105
f 916/916/916 1104/1104/1104 800/800/800
f 916/916/916 940/940/940 1104/1104/1104
f 1055/1055/1055 1059/1059/1059 1057/1057/1057
f 1063/1063/1063 1059/1059/1059 1055/1055/1055
f 1059/1059/1059 1063/1063/1063 1062/1062/1062
f 1062/1062/1062 1063/1063/1063 1092/1092/1092
f 1103/1103/1103 1062/1062/1062 1092/1092/1092
f 1103/1103/1103 1092/1092/1092 1106/1106/1106
f 1106/1106/1106 1093/1093/1093 1103/1103/1103
f 1103/1103/1103 1093/1093/1093 1105/1105/1105
f 798/798/798 1105/1105/1105 1093/1093/1093
f 800/800/800 1105/1105/1105 798/798/798
f 798/798/798 916/916/916 800/800/800
f 1092/1092/1092 1063/1063/1063 1091/1091/1091
f 1106/1106/1106 1092/1092/1092 1091/1091/1091
f 1091/1091/1091 1063/1063/1063 1058/1058/1058
f 794/794/794 916/916/916 798/798/798
f 916/916/916 794/794/794 797/797/797
f 894/894/894 916/916/916 797/797/797
f 829/829/829 916/916/916 894/894/894
f 940/940/940 916/916/916 829/829/829
f 929/929/929 940/940/940 829/829/829
f 797/797/797 794/794/794 799/799/799
f 1107/1107/1107 888/888/888 1108/1108/1108
f 761/761/761 888/888/888 1107/1107/1107
f 888/888/888 761/761/761 762/762/762
f 888/888/888 762/762/762 804/804/804
f 928/928/928 804/804/804 762/762/762
f 812/812/812 804/804/804 928/928/928
f 804/804/804 812/812/812 810/810/810
f 761/761/761 1107/1107/1107 757/757/757
f 761/761/761 757/757/757 819/819/819
f 819/819/819 928/928/928 761/761/761
f 761/761/761 928/928/928 762/762/762
f 819/819/819 757/757/757 902/902/902
f 819/819/819 902/902/902 814/814/814
f 814/814/814 768/768/768 819/819/819
f 819/819/819 768/768/768 928/928/928
f 928/928/928 768/768/768 820/820/820
f 820/820/820 812/812/812 928/928/928
f 782/782/782 812/812/812 820/820/820
f 782/782/782 808/808/808 812/812/812
f 810/810/810 812/812/812 808/808/808
f 808/808/808 5184/5184/5184 810/810/810
f 780/780/780 5184/5184/5184 808/808/808
f 814/814/814 902/902/902 903/903/903
f 880/880/880 814/814/814 903/903/903
f 906/906/906 814/814/814 880/880/880
f 906/906/906 768/768/768 814/814/814
f 756/756/756 768/768/768 906/906/906
f 768/768/768 756/756/756 759/759/759
f 768/768/768 759/759/759 820/820/820
f 820/820/820 759/759/759 777/777/777
f 820/820/820 777/777/777 782/782/782
f 902/902/902 881/881/881 903/903/903
f 903/903/903 881/881/881 774/774/774
f 774/774/774 817/817/817 903/903/903
f 903/903/903 817/817/817 880/880/880
f 817/817/817 764/764/764 880/880/880
f 764/764/764 767/767/767 880/880/880
f 880/880/880 767/767/767 816/816/816
f 906/906/906 880/880/880 816/816/816
f 878/878/878 906/906/906 816/816/816
f 906/906/906 878/878/878 756/756/756
f 824/824/824 774/774/774 881/881/881
f 824/824/824 890/890/890 774/774/774
f 774/774/774 890/890/890 772/772/772
f 774/774/774 772/772/772 817/817/817
f 817/817/817 772/772/772 771/771/771
f 771/771/771 764/764/764 817/817/817
f 3388/3388/3388 764/764/764 771/771/771
f 3395/3395/3395 764/764/764 3388/3388/3388
f 764/764/764 3395/3395/3395 767/767/767
f 890/890/890 4139/4139/4139 772/772/772
f 772/772/772 4139/4139/4139 771/771/771
f 771/771/771 4139/4139/4139 3388/3388/3388
f 4139/4139/4139 3387/3387/3387 3388/3388/3388
f 3387/3387/3387 3383/3383/3383 3388/3388/3388
f 3388/3388/3388 3383/3383/3383 3395/3395/3395
f 3383/3383/3383 3379/3379/3379 3395/3395/3395
f 3395/3395/3395 3379/3379/3379 3384/3384/3384
f 767/767/767 3395/3395/3395 3384/3384/3384
f 3471/3471/3471 4139/4139/4139 890/890/890
f 3466/3466/3466 4139/4139/4139 3471/3471/3471
f 3543/3543/3543 4139/4139/4139 3466/3466/3466
f 3543/3543/3543 3387/3387/3387 4139/4139/4139
f 3387/3387/3387 3543/3543/3543 3541/3541/3541
f 3541/3541/3541 3383/3383/3383 3387/3387/3387
f 3529/3529/3529 3383/3383/3383 3541/3541/3541
f 3529/3529/3529 3379/3379/3379 3383/3383/3383
f 3543/3543/3543 3466/3466/3466 4134/4134/4134
f 3541/3541/3541 3543/3543/3543 4134/4134/4134
f 3541/3541/3541 4134/4134/4134 3527/3527/3527
f 3541/3541/3541 3527/3527/3527 3529/3529/3529
f 3527/3527/3527 3440/3440/3440 3529/3529/3529
f 3529/3529/3529 3440/3440/3440 3380/3380/3380
f 3529/3529/3529 3380/3380/3380 3392/3392/3392
f 3392/3392/3392 3379/3379/3379 3529/3529/3529
f 4134/4134/4134 3466/3466/3466 3467/3467/3467
f 4134/4134/4134 3467/3467/3467 3540/3540/3540
f 3540/3540/3540 3527/3527/3527 4134/4134/4134
f 4133/4133/4133 3527/3527/3527 3540/3540/3540
f 4133/4133/4133 3440/3440/3440 3527/3527/3527
f 3577/3577/3577 3440/3440/3440 4133/4133/4133
f 3547/3547/3547 3440/3440/3440 3577/3577/3577
f 3440/3440/3440 3547/3547/3547 3380/3380/3380
f 3380/3380/3380 3547/3547/3547 3382/3382/3382
f 3382/3382/3382 3435/3435/3435 3380/3380/3380
f 3380/3380/3380 3435/3435/3435 3392/3392/3392
f 3392/3392/3392 3435/3435/3435 3379/3379/3379
f 3379/3379/3379 3435/3435/3435 3443/3443/3443
f 3443/3443/3443 3444/3444/3444 3379/3379/3379
f 3379/3379/3379 3444/3444/3444 3384/3384/3384
f 3381/3381/3381 3577/3577/3577 4133/4133/4133
f 3585/3585/3585 3577/3577/3577 3381/3381/3381
f 3585/3585/3585 3567/3567/3567 3577/3577/3577
f 3577/3577/3577 3567/3567/3567 3547/3547/3547
f 3547/3547/3547 3567/3567/3567 3545/3545/3545
f 3545/3545/3545 3574/3574/3574 3547/3547/3547
f 3382/3382/3382 3547/3547/3547 3574/3574/3574
f 3535/3535/3535 3382/3382/3382 3574/3574/3574
f 3535/3535/3535 3442/3442/3442 3382/3382/3382
f 3442/3442/3442 3435/3435/3435 3382/3382/3382
f 1495/1495/1495 3585/3585/3585 3381/3381/3381
f 1495/1495/1495 3584/3584/3584 3585/3585/3585
f 3585/3585/3585 3584/3584/3584 3564/3564/3564
f 3564/3564/3564 3567/3567/3567 3585/3585/3585
f 3564/3564/3564 3586/3586/3586 3567/3567/3567
f 3567/3567/3567 3586/3586/3586 3570/3570/3570
f 3567/3567/3567 3570/3570/3570 3545/3545/3545
f 3545/3545/3545 3570/3570/3570 3568/3568/3568
f 3568/3568/3568 3549/3549/3549 3545/3545/3545
f 3549/3549/3549 3574/3574/3574 3545/3545/3545
f 1510/1510/1510 3584/3584/3584 1495/1495/1495
f 3564/3564/3564 3584/3584/3584 3586/3586/3586
f 3586/3586/3586 3571/3571/3571 3570/3570/3570
f 3570/3570/3570 3571/3571/3571 3572/3572/3572
f 3572/3572/3572 3568/3568/3568 3570/3570/3570
f 3559/3559/3559 3568/3568/3568 3572/3572/3572
f 3562/3562/3562 3568/3568/3568 3559/3559/3559
f 3562/3562/3562 3549/3549/3549 3568/3568/3568
f 3562/3562/3562 3548/3548/3548 3549/3549/3549
f 3548/3548/3548 3575/3575/3575 3549/3549/3549
f 3549/3549/3549 3575/3575/3575 3574/3574/3574
f 1890/1890/1890 3572/3572/3572 3571/3571/3571
f 1890/1890/1890 3581/3581/3581 3572/3572/3572
f 3572/3572/3572 3581/3581/3581 4136/4136/4136
f 4136/4136/4136 3559/3559/3559 3572/3572/3572
f 3561/3561/3561 3559/3559/3559 4136/4136/4136
f 3561/3561/3561 4135/4135/4135 3559/3559/3559
f 4135/4135/4135 3560/3560/3560 3559/3559/3559
f 3559/3559/3559 3560/3560/3560 3562/3562/3562
f 3560/3560/3560 3548/3548/3548 3562/3562/3562
f 3560/3560/3560 3544/3544/3544 3548/3548/3548
f 3544/3544/3544 3550/3550/3550 3548/3548/3548
f 3550/3550/3550 3575/3575/3575 3548/3548/3548
f 4136/4136/4136 3581/3581/3581 3573/3573/3573
f 3558/3558/3558 4135/4135/4135 3561/3561/3561
f 4547/4547/4547 4135/4135/4135 3558/3558/3558
f 4547/4547/4547 3565/3565/3565 4135/4135/4135
f 3566/3566/3566 4135/4135/4135 3565/3565/3565
f 3560/3560/3560 4135/4135/4135 3566/3566/3566
f 3566/3566/3566 3544/3544/3544 3560/3560/3560
f 3566/3566/3566 3546/3546/3546 3544/3544/3544
f 3546/3546/3546 3550/3550/3550 3544/3544/3544
f 763/763/763 4547/4547/4547 3558/3558/3558
f 763/763/763 887/887/887 4547/4547/4547
f 4547/4547/4547 887/887/887 3563/3563/3563
f 3563/3563/3563 3565/3565/3565 4547/4547/4547
f 3563/3563/3563 3583/3583/3583 3565/3565/3565
f 3565/3565/3565 3583/3583/3583 3566/3566/3566
f 3583/3583/3583 3546/3546/3546 3566/3566/3566
f 781/781/781 763/763/763 3558/3558/3558
f 779/779/779 763/763/763 781/781/781
f 763/763/763 779/779/779 770/770/770
f 770/770/770 886/886/886 763/763/763
f 763/763/763 886/886/886 887/887/887
f 3583/3583/3583 887/887/887 886/886/886
f 3583/3583/3583 3563/3563/3563 887/887/887
f 781/781/781 784/784/784 779/779/779
f 779/779/779 784/784/784 808/808/808
f 782/782/782 779/779/779 808/808/808
f 778/778/778 779/779/779 782/782/782
f 770/770/770 779/779/779 778/778/778
f 770/770/770 778/778/778 769/769/769
f 884/884/884 770/770/770 769/769/769
f 886/886/886 770/770/770 884/884/884
f 3546/3546/3546 886/886/886 884/884/884
f 3583/3583/3583 886/886/886 3546/3546/3546
f 780/780/780 808/808/808 784/784/784
f 780/780/780 784/784/784 822/822/822
f 782/782/782 777/777/777 778/778/778
f 769/769/769 778/778/778 777/777/777
f 777/777/777 760/760/760 769/769/769
f 760/760/760 776/776/776 769/769/769
f 776/776/776 884/884/884 769/769/769
f 884/884/884 776/776/776 3546/3546/3546
f 3546/3546/3546 776/776/776 3551/3551/3551
f 3551/3551/3551 3550/3550/3550 3546/3546/3546
f 3550/3550/3550 3551/3551/3551 3576/3576/3576
f 3576/3576/3576 3534/3534/3534 3550/3550/3550
f 3550/3550/3550 3534/3534/3534 3575/3575/3575
f 759/759/759 760/760/760 777/777/777
f 759/759/759 766/766/766 760/760/760
f 760/760/760 766/766/766 776/776/776
f 776/776/776 766/766/766 752/752/752
f 776/776/776 752/752/752 3551/3551/3551
f 3551/3551/3551 752/752/752 3533/3533/3533
f 3576/3576/3576 3551/3551/3551 3533/3533/3533
f 3533/3533/3533 3536/3536/3536 3576/3576/3576
f 3576/3576/3576 3536/3536/3536 3391/3391/3391
f 3391/3391/3391 3534/3534/3534 3576/3576/3576
f 754/754/754 766/766/766 759/759/759
f 754/754/754 753/753/753 766/766/766
f 755/755/755 766/766/766 753/753/753
f 752/752/752 766/766/766 755/755/755
f 3536/3536/3536 752/752/752 755/755/755
f 3533/3533/3533 752/752/752 3536/3536/3536
f 756/756/756 754/754/754 759/759/759
f 756/756/756 883/883/883 754/754/754
f 883/883/883 753/753/753 754/754/754
f 883/883/883 765/765/765 753/753/753
f 765/765/765 815/815/815 753/753/753
f 753/753/753 815/815/815 755/755/755
f 755/755/755 815/815/815 3536/3536/3536
f 3536/3536/3536 815/815/815 3441/3441/3441
f 3441/3441/3441 3528/3528/3528 3536/3536/3536
f 3536/3536/3536 3528/3528/3528 3391/3391/3391
f 3528/3528/3528 3537/3537/3537 3391/3391/3391
f 3537/3537/3537 3534/3534/3534 3391/3391/3391
f 756/756/756 878/878/878 883/883/883
f 883/883/883 878/878/878 765/765/765
f 878/878/878 879/879/879 765/765/765
f 879/879/879 815/815/815 765/765/765
f 3444/3444/3444 815/815/815 879/879/879
f 3441/3441/3441 815/815/815 3444/3444/3444
f 3441/3441/3441 3444/3444/3444 3528/3528/3528
f 3528/3528/3528 3444/3444/3444 3443/3443/3443
f 3528/3528/3528 3443/3443/3443 3390/3390/3390
f 3390/3390/3390 3537/3537/3537 3528/3528/3528
f 3390/3390/3390 3442/3442/3442 3537/3537/3537
f 3442/3442/3442 3535/3535/3535 3537/3537/3537
f 3537/3537/3537 3535/3535/3535 3534/3534/3534
f 878/878/878 767/767/767 879/879/879
f 879/879/879 767/767/767 3444/3444/3444
f 3444/3444/3444 767/767/767 3384/3384/3384
f 816/816/816 767/767/767 878/878/878
f 3574/3574/3574 3534/3534/3534 3535/3535/3535
f 3575/3575/3575 3534/3534/3534 3574/3574/3574
f 3435/3435/3435 3442/3442/3442 3390/3390/3390
f 3443/3443/3443 3435/3435/3435 3390/3390/3390
f 962/962/962 963/963/963 918/918/918
f 918/918/918 963/963/963 1011/1011/1011
f 1011/1011/1011 917/917/917 918/918/918
f 917/917/917 803/803/803 918/918/918
f 918/918/918 803/803/803 943/943/943
f 803/803/803 942/942/942 943/943/943
f 943/943/943 942/942/942 941/941/941
f 1042/1042/1042 917/917/917 1011/1011/1011
f 1041/1041/1041 917/917/917 1042/1042/1042
f 803/803/803 917/917/917 1041/1041/1041
f 803/803/803 1041/1041/1041 1044/1044/1044
f 803/803/803 1044/1044/1044 802/802/802
f 942/942/942 803/803/803 802/802/802
f 802/802/802 830/830/830 942/942/942
f 942/942/942 830/830/830 944/944/944
f 1044/1044/1044 1041/1041/1041 1036/1036/1036
f 971/971/971 1044/1044/1044 1036/1036/1036
f 972/972/972 1044/1044/1044 971/971/971
f 802/802/802 1044/1044/1044 972/972/972
f 973/973/973 802/802/802 972/972/972
f 973/973/973 801/801/801 802/802/802
f 801/801/801 915/915/915 802/802/802
f 802/802/802 915/915/915 830/830/830
f 1036/1036/1036 1041/1041/1041 1040/1040/1040
f 1040/1040/1040 831/831/831 1036/1036/1036
f 1036/1036/1036 831/831/831 1034/1034/1034
f 970/970/970 1036/1036/1036 1034/1034/1034
f 971/971/971 1036/1036/1036 970/970/970
f 971/971/971 970/970/970 972/972/972
f 972/972/972 970/970/970 973/973/973
f 970/970/970 1046/1046/1046 973/973/973
f 973/973/973 1046/1046/1046 1113/1113/1113
f 973/973/973 1113/1113/1113 801/801/801
f 1040/1040/1040 899/899/899 831/831/831
f 899/899/899 885/885/885 831/831/831
f 831/831/831 885/885/885 832/832/832
f 831/831/831 832/832/832 1034/1034/1034
f 1034/1034/1034 832/832/832 1010/1010/1010
f 1045/1045/1045 1034/1034/1034 1010/1010/1010
f 1045/1045/1045 970/970/970 1034/1034/1034
f 1045/1045/1045 1046/1046/1046 970/970/970
f 1039/1039/1039 899/899/899 1040/1040/1040
f 1039/1039/1039 967/967/967 899/899/899
f 1682/1682/1682 899/899/899 967/967/967
f 1682/1682/1682 1680/1680/1680 899/899/899
f 899/899/899 1680/1680/1680 885/885/885
f 1043/1043/1043 885/885/885 1680/1680/1680
f 3401/3401/3401 885/885/885 1043/1043/1043
f 885/885/885 3401/3401/3401 832/832/832
f 832/832/832 3401/3401/3401 3396/3396/3396
f 832/832/832 3396/3396/3396 1010/1010/1010
f 1682/1682/1682 967/967/967 1666/1666/1666
f 1666/1666/1666 1670/1670/1670 1682/1682/1682
f 1682/1682/1682 1670/1670/1670 1680/1680/1680
f 1043/1043/1043 1892/1892/1892 3401/3401/3401
f 1892/1892/1892 3402/3402/3402 3401/3401/3401
f 3401/3401/3401 3402/3402/3402 3687/3687/3687
f 3684/3684/3684 3401/3401/3401 3687/3687/3687
f 3396/3396/3396 3401/3401/3401 3684/3684/3684
f 3408/3408/3408 3396/3396/3396 3684/3684/3684
f 3455/3455/3455 3396/3396/3396 3408/3408/3408
f 1010/1010/1010 3396/3396/3396 3455/3455/3455
f 1010/1010/1010 3455/3455/3455 1112/1112/1112
f 1112/1112/1112 1045/1045/1045 1010/1010/1010
f 3687/3687/3687 3402/3402/3402 4059/4059/4059
f 3687/3687/3687 4059/4059/4059 3717/3717/3717
f 3686/3686/3686 3687/3687/3687 3717/3717/3717
f 3684/3684/3684 3687/3687/3687 3686/3686/3686
f 3409/3409/3409 3684/3684/3684 3686/3686/3686
f 3408/3408/3408 3684/3684/3684 3409/3409/3409
f 3409/3409/3409 3407/3407/3407 3408/3408/3408
f 3407/3407/3407 3404/3404/3404 3408/3408/3408
f 3455/3455/3455 3408/3408/3408 3404/3404/3404
f 3404/3404/3404 3405/3405/3405 3455/3455/3455
f 3405/3405/3405 1112/1112/1112 3455/3455/3455
f 3717/3717/3717 4059/4059/4059 3822/3822/3822
f 3717/3717/3717 3822/3822/3822 1719/1719/1719
f 1719/1719/1719 1720/1720/1720 3717/3717/3717
f 1720/1720/1720 1721/1721/1721 3717/3717/3717
f 3717/3717/3717 1721/1721/1721 3686/3686/3686
f 1721/1721/1721 1722/1722/1722 3686/3686/3686
f 3686/3686/3686 1722/1722/1722 3409/3409/3409
f 1722/1722/1722 1728/1728/1728 3409/3409/3409
f 1728/1728/1728 3407/3407/3407 3409/3409/3409
f 4059/4059/4059 3805/3805/3805 3822/3822/3822
f 3822/3822/3822 3805/3805/3805 3823/3823/3823
f 1719/1719/1719 3822/3822/3822 3823/3823/3823
f 3403/3403/3403 1722/1722/1722 1721/1721/1721
f 3403/3403/3403 3406/3406/3406 1722/1722/1722
f 1722/1722/1722 3406/3406/3406 1775/1775/1775
f 1775/1775/1775 1728/1728/1728 1722/1722/1722
f 1775/1775/1775 1789/1789/1789 1728/1728/1728
f 1728/1728/1728 1789/1789/1789 1731/1731/1731
f 1731/1731/1731 3411/3411/3411 1728/1728/1728
f 1728/1728/1728 3411/3411/3411 3407/3407/3407
f 3403/3403/3403 1749/1749/1749 3406/3406/3406
f 1749/1749/1749 1774/1774/1774 3406/3406/3406
f 3406/3406/3406 1774/1774/1774 1789/1789/1789
f 1775/1775/1775 3406/3406/3406 1789/1789/1789
f 1749/1749/1749 3403/3403/3403 1776/1776/1776
f 1790/1790/1790 1749/1749/1749 1776/1776/1776
f 1733/1733/1733 1749/1749/1749 1790/1790/1790
f 1733/1733/1733 1725/1725/1725 1749/1749/1749
f 1749/1749/1749 1725/1725/1725 1774/1774/1774
f 1776/1776/1776 3403/3403/3403 3450/3450/3450
f 1776/1776/1776 3450/3450/3450 1709/1709/1709
f 1776/1776/1776 1709/1709/1709 1790/1790/1790
f 1709/1709/1709 3413/3413/3413 1790/1790/1790
f 1790/1790/1790 3413/3413/3413 3417/3417/3417
f 1726/1726/1726 1725/1725/1725 1733/1733/1733
f 1774/1774/1774 1731/1731/1731 1789/1789/1789
f 1730/1730/1730 1731/1731/1731 1774/1774/1774
f 1730/1730/1730 3452/3452/3452 1731/1731/1731
f 3452/3452/3452 3411/3411/3411 1731/1731/1731
f 3411/3411/3411 3452/3452/3452 3220/3220/3220
f 3219/3219/3219 3411/3411/3411 3220/3220/3220
f 3410/3410/3410 3411/3411/3411 3219/3219/3219
f 3407/3407/3407 3411/3411/3411 3410/3410/3410
f 1774/1774/1774 3421/3421/3421 1730/1730/1730
f 3446/3446/3446 1730/1730/1730 3421/3421/3421
f 3446/3446/3446 1732/1732/1732 1730/1730/1730
f 1732/1732/1732 3459/3459/3459 1730/1730/1730
f 3459/3459/3459 3452/3452/3452 1730/1730/1730
f 1499/1499/1499 3452/3452/3452 3459/3459/3459
f 1500/1500/1500 3452/3452/3452 1499/1499/1499
f 3220/3220/3220 3452/3452/3452 1500/1500/1500
f 1760/1760/1760 3421/3421/3421 1774/1774/1774
f 1774/1774/1774 1725/1725/1725 1760/1760/1760
f 1760/1760/1760 1725/1725/1725 1729/1729/1729
f 3446/3446/3446 3421/3421/3421 1793/1793/1793
f 3446/3446/3446 1793/1793/1793 1792/1792/1792
f 1792/1792/1792 1732/1732/1732 3446/3446/3446
f 1792/1792/1792 1759/1759/1759 1732/1732/1732
f 1732/1732/1732 1759/1759/1759 1734/1734/1734
f 1732/1732/1732 1734/1734/1734 1769/1769/1769
f 3414/3414/3414 1732/1732/1732 1769/1769/1769
f 3412/3412/3412 1732/1732/1732 3414/3414/3414
f 3412/3412/3412 3459/3459/3459 1732/1732/1732
f 1792/1792/1792 1793/1793/1793 1785/1785/1785
f 1785/1785/1785 1783/1783/1783 1792/1792/1792
f 1792/1792/1792 1783/1783/1783 1759/1759/1759
f 1752/1752/1752 1783/1783/1783 1785/1785/1785
f 3410/3410/3410 3404/3404/3404 3407/3407/3407
f 3468/3468/3468 3404/3404/3404 3410/3410/3410
f 3404/3404/3404 3468/3468/3468 3405/3405/3405
f 3405/3405/3405 3468/3468/3468 3456/3456/3456
f 3456/3456/3456 1114/1114/1114 3405/3405/3405
f 3405/3405/3405 1114/1114/1114 1112/1112/1112
f 1114/1114/1114 1115/1115/1115 1112/1112/1112
f 1112/1112/1112 1115/1115/1115 1045/1045/1045
f 3468/3468/3468 3410/3410/3410 3211/3211/3211
f 3447/3447/3447 3468/3468/3468 3211/3211/3211
f 3212/3212/3212 3468/3468/3468 3447/3447/3447
f 3456/3456/3456 3468/3468/3468 3212/3212/3212
f 1114/1114/1114 3456/3456/3456 3212/3212/3212
f 3212/3212/3212 1098/1098/1098 1114/1114/1114
f 1114/1114/1114 1098/1098/1098 1095/1095/1095
f 1114/1114/1114 1095/1095/1095 1115/1115/1115
f 3211/3211/3211 3410/3410/3410 3219/3219/3219
f 3211/3211/3211 3219/3219/3219 1763/1763/1763
f 3447/3447/3447 3211/3211/3211 1763/1763/1763
f 3438/3438/3438 3447/3447/3447 1763/1763/1763
f 3439/3439/3439 3447/3447/3447 3438/3438/3438
f 3439/3439/3439 3324/3324/3324 3447/3447/3447
f 3447/3447/3447 3324/3324/3324 1644/1644/1644
f 1644/1644/1644 3212/3212/3212 3447/3447/3447
f 1763/1763/1763 3219/3219/3219 3420/3420/3420
f 1763/1763/1763 3420/3420/3420 3438/3438/3438
f 3438/3438/3438 3420/3420/3420 3418/3418/3418
f 3418/3418/3418 3423/3423/3423 3438/3438/3438
f 3438/3438/3438 3423/3423/3423 3436/3436/3436
f 3438/3438/3438 3436/3436/3436 3439/3439/3439
f 3439/3439/3439 3436/3436/3436 3437/3437/3437
f 3439/3439/3439 3437/3437/3437 3324/3324/3324
f 3219/3219/3219 3220/3220/3220 3420/3420/3420
f 3420/3420/3420 3220/3220/3220 3460/3460/3460
f 3420/3420/3420 3460/3460/3460 3418/3418/3418
f 3418/3418/3418 3460/3460/3460 1708/1708/1708
f 3418/3418/3418 1708/1708/1708 3423/3423/3423
f 3423/3423/3423 1708/1708/1708 1713/1713/1713
f 1707/1707/1707 3423/3423/3423 1713/1713/1713
f 3422/3422/3422 3423/3423/3423 1707/1707/1707
f 3422/3422/3422 3445/3445/3445 3423/3423/3423
f 3423/3423/3423 3445/3445/3445 3436/3436/3436
f 3445/3445/3445 3437/3437/3437 3436/3436/3436
f 3220/3220/3220 1500/1500/1500 3460/3460/3460
f 3460/3460/3460 1500/1500/1500 3454/3454/3454
f 3460/3460/3460 3454/3454/3454 1708/1708/1708
f 1708/1708/1708 3454/3454/3454 1714/1714/1714
f 1714/1714/1714 1713/1713/1713 1708/1708/1708
f 1718/1718/1718 1713/1713/1713 1714/1714/1714
f 1713/1713/1713 1718/1718/1718 1707/1707/1707
f 1707/1707/1707 1718/1718/1718 1716/1716/1716
f 1767/1767/1767 1716/1716/1716 1718/1718/1718
f 1710/1710/1710 1716/1716/1716 1767/1767/1767
f 1500/1500/1500 3424/3424/3424 3454/3454/3454
f 3454/3454/3454 3424/3424/3424 1714/1714/1714
f 1714/1714/1714 3424/3424/3424 3469/3469/3469
f 1717/1717/1717 1714/1714/1714 3469/3469/3469
f 1711/1711/1711 1714/1714/1714 1717/1717/1717
f 1711/1711/1711 1718/1718/1718 1714/1714/1714
f 1767/1767/1767 1718/1718/1718 1711/1711/1711
f 1711/1711/1711 1715/1715/1715 1767/1767/1767
f 1768/1768/1768 1767/1767/1767 1715/1715/1715
f 1712/1712/1712 1767/1767/1767 1768/1768/1768
f 1500/1500/1500 1499/1499/1499 3424/3424/3424
f 3424/3424/3424 1499/1499/1499 3415/3415/3415
f 3415/3415/3415 1717/1717/1717 3424/3424/3424
f 3424/3424/3424 1717/1717/1717 3469/3469/3469
f 1499/1499/1499 3453/3453/3453 3415/3415/3415
f 3453/3453/3453 1723/1723/1723 3415/3415/3415
f 3415/3415/3415 1723/1723/1723 1717/1717/1717
f 1772/1772/1772 1717/1717/1717 1723/1723/1723
f 1715/1715/1715 1717/1717/1717 1772/1772/1772
f 1717/1717/1717 1715/1715/1715 1711/1711/1711
f 3208/3208/3208 3453/3453/3453 1499/1499/1499
f 3414/3414/3414 3453/3453/3453 3208/3208/3208
f 3453/3453/3453 3414/3414/3414 1723/1723/1723
f 1723/1723/1723 3414/3414/3414 1769/1769/1769
f 1769/1769/1769 1772/1772/1772 1723/1723/1723
f 1770/1770/1770 1772/1772/1772 1769/1769/1769
f 1724/1724/1724 1772/1772/1772 1770/1770/1770
f 1737/1737/1737 1772/1772/1772 1724/1724/1724
f 1737/1737/1737 1715/1715/1715 1772/1772/1772
f 3459/3459/3459 3208/3208/3208 1499/1499/1499
f 3412/3412/3412 3208/3208/3208 3459/3459/3459
f 3414/3414/3414 3208/3208/3208 3412/3412/3412
f 1768/1768/1768 1715/1715/1715 1737/1737/1737
f 1769/1769/1769 1734/1734/1734 1770/1770/1770
f 1734/1734/1734 1727/1727/1727 1770/1770/1770
f 1770/1770/1770 1727/1727/1727 1724/1724/1724
f 1724/1724/1724 1727/1727/1727 3201/3201/3201
f 1724/1724/1724 3201/3201/3201 3204/3204/3204
f 3204/3204/3204 3171/3171/3171 1724/1724/1724
f 1493/1493/1493 1724/1724/1724 3171/3171/3171
f 1737/1737/1737 1724/1724/1724 1493/1493/1493
f 1761/1761/1761 1727/1727/1727 1734/1734/1734
f 1727/1727/1727 1761/1761/1761 3201/3201/3201
f 1773/1773/1773 3201/3201/3201 1761/1761/1761
f 3217/3217/3217 3201/3201/3201 1773/1773/1773
f 3201/3201/3201 3217/3217/3217 3204/3204/3204
f 3204/3204/3204 3217/3217/3217 3203/3203/3203
f 3204/3204/3204 3203/3203/3203 3222/3222/3222
f 3222/3222/3222 3171/3171/3171 3204/3204/3204
f 3222/3222/3222 3197/3197/3197 3171/3171/3171
f 1493/1493/1493 3171/3171/3171 3197/3197/3197
f 1734/1734/1734 1759/1759/1759 1761/1761/1761
f 1761/1761/1761 1759/1759/1759 1762/1762/1762
f 1761/1761/1761 1762/1762/1762 1794/1794/1794
f 1784/1784/1784 1761/1761/1761 1794/1794/1794
f 1773/1773/1773 1761/1761/1761 1784/1784/1784
f 1773/1773/1773 1784/1784/1784 3217/3217/3217
f 3217/3217/3217 1784/1784/1784 3206/3206/3206
f 3217/3217/3217 3206/3206/3206 3203/3203/3203
f 3203/3203/3203 3206/3206/3206 3216/3216/3216
f 3203/3203/3203 3216/3216/3216 3200/3200/3200
f 3222/3222/3222 3203/3203/3203 3200/3200/3200
f 1794/1794/1794 1762/1762/1762 1791/1791/1791
f 3200/3200/3200 3216/3216/3216 3215/3215/3215
f 3200/3200/3200 3215/3215/3215 3202/3202/3202
f 3200/3200/3200 3202/3202/3202 3222/3222/3222
f 3222/3222/3222 3202/3202/3202 3198/3198/3198
f 3198/3198/3198 3197/3197/3197 3222/3222/3222
f 3198/3198/3198 1491/1491/1491 3197/3197/3197
f 3197/3197/3197 1491/1491/1491 3213/3213/3213
f 3197/3197/3197 3213/3213/3213 1493/1493/1493
f 3202/3202/3202 3215/3215/3215 3199/3199/3199
f 1493/1493/1493 3213/3213/3213 1492/1492/1492
f 1488/1488/1488 1493/1493/1493 1492/1492/1492
f 1737/1737/1737 1493/1493/1493 1488/1488/1488
f 1488/1488/1488 1489/1489/1489 1737/1737/1737
f 3198/3198/3198 1487/1487/1487 1491/1491/1491
f 3202/3202/3202 1487/1487/1487 3198/3198/3198
f 3425/3425/3425 3437/3437/3437 3445/3445/3445
f 3425/3425/3425 1643/1643/1643 3437/3437/3437
f 3324/3324/3324 3437/3437/3437 1643/1643/1643
f 3337/3337/3337 1643/1643/1643 3425/3425/3425
f 934/934/934 1643/1643/1643 3337/3337/3337
f 937/937/937 1643/1643/1643 934/934/934
f 937/937/937 3324/3324/3324 1643/1643/1643
f 954/954/954 3324/3324/3324 937/937/937
f 3324/3324/3324 954/954/954 1098/1098/1098
f 1098/1098/1098 1128/1128/1128 3324/3324/3324
f 3324/3324/3324 1128/1128/1128 1629/1629/1629
f 1644/1644/1644 3324/3324/3324 1629/1629/1629
f 934/934/934 933/933/933 937/937/937
f 937/937/937 933/933/933 938/938/938
f 937/937/937 938/938/938 954/954/954
f 954/954/954 938/938/938 932/932/932
f 954/954/954 932/932/932 1098/1098/1098
f 1098/1098/1098 932/932/932 1096/1096/1096
f 1095/1095/1095 1098/1098/1098 1096/1096/1096
f 1095/1095/1095 1096/1096/1096 1100/1100/1100
f 1115/1115/1115 1095/1095/1095 1100/1100/1100
f 938/938/938 933/933/933 950/950/950
f 938/938/938 950/950/950 932/932/932
f 932/932/932 950/950/950 935/935/935
f 978/978/978 932/932/932 935/935/935
f 1096/1096/1096 932/932/932 978/978/978
f 1100/1100/1100 1096/1096/1096 978/978/978
f 1100/1100/1100 978/978/978 1099/1099/1099
f 1046/1046/1046 1100/1100/1100 1099/1099/1099
f 1115/1115/1115 1100/1100/1100 1046/1046/1046
f 1115/1115/1115 1046/1046/1046 1045/1045/1045
f 950/950/950 933/933/933 976/976/976
f 1037/1037/1037 950/950/950 976/976/976
f 1035/1035/1035 950/950/950 1037/1037/1037
f 1035/1035/1035 1014/1014/1014 950/950/950
f 950/950/950 1014/1014/1014 935/935/935
f 1014/1014/1014 936/936/936 935/935/935
f 935/935/935 936/936/936 978/978/978
f 1099/1099/1099 978/978/978 936/936/936
f 1099/1099/1099 936/936/936 1102/1102/1102
f 1113/1113/1113 1099/1099/1099 1102/1102/1102
f 1046/1046/1046 1099/1099/1099 1113/1113/1113
f 1037/1037/1037 1124/1124/1124 1035/1035/1035
f 1124/1124/1124 1038/1038/1038 1035/1035/1035
f 1035/1035/1035 1038/1038/1038 1014/1014/1014
f 1038/1038/1038 951/951/951 1014/1014/1014
f 1014/1014/1014 951/951/951 936/936/936
f 1102/1102/1102 936/936/936 951/951/951
f 925/925/925 1102/1102/1102 951/951/951
f 1102/1102/1102 925/925/925 1101/1101/1101
f 1101/1101/1101 1113/1113/1113 1102/1102/1102
f 1126/1126/1126 1113/1113/1113 1101/1101/1101
f 801/801/801 1113/1113/1113 1126/1126/1126
f 952/952/952 1124/1124/1124 1037/1037/1037
f 952/952/952 1123/1123/1123 1124/1124/1124
f 1012/1012/1012 1124/1124/1124 1123/1123/1123
f 1038/1038/1038 1124/1124/1124 1012/1012/1012
f 1125/1125/1125 1038/1038/1038 1012/1012/1012
f 926/926/926 1038/1038/1038 1125/1125/1125
f 925/925/925 1038/1038/1038 926/926/926
f 951/951/951 1038/1038/1038 925/925/925
f 968/968/968 1123/1123/1123 952/952/952
f 1125/1125/1125 925/925/925 926/926/926
f 1127/1127/1127 925/925/925 1125/1125/1125
f 1101/1101/1101 925/925/925 1127/1127/1127
f 966/966/966 1101/1101/1101 1127/1127/1127
f 1110/1110/1110 1101/1101/1101 966/966/966
f 1110/1110/1110 1126/1126/1126 1101/1101/1101
f 939/939/939 1127/1127/1127 1125/1125/1125
f 966/966/966 1127/1127/1127 939/939/939
f 939/939/939 965/965/965 966/966/966
f 966/966/966 965/965/965 1110/1110/1110
f 1110/1110/1110 965/965/965 1009/1009/1009
f 1009/1009/1009 1126/1126/1126 1110/1110/1110
f 896/896/896 1126/1126/1126 1009/1009/1009
f 801/801/801 1126/1126/1126 896/896/896
f 896/896/896 792/792/792 801/801/801
f 801/801/801 792/792/792 915/915/915
f 939/939/939 1125/1125/1125 1015/1015/1015
f 939/939/939 1015/1015/1015 1016/1016/1016
f 1016/1016/1016 965/965/965 939/939/939
f 896/896/896 965/965/965 1016/1016/1016
f 1009/1009/1009 965/965/965 896/896/896
f 1015/1015/1015 1125/1125/1125 924/924/924
f 1012/1012/1012 924/924/924 1125/1125/1125
f 1123/1123/1123 924/924/924 1012/1012/1012
f 1016/1016/1016 1015/1015/1015 929/929/929
f 929/929/929 829/829/829 1016/1016/1016
f 1016/1016/1016 829/829/829 896/896/896
f 829/829/829 894/894/894 896/896/896
f 896/896/896 894/894/894 796/796/796
f 796/796/796 792/792/792 896/896/896
f 792/792/792 796/796/796 793/793/793
f 915/915/915 792/792/792 793/793/793
f 828/828/828 796/796/796 894/894/894
f 827/827/827 796/796/796 828/828/828
f 793/793/793 796/796/796 827/827/827
f 828/828/828 895/895/895 827/827/827
f 1098/1098/1098 3212/3212/3212 1128/1128/1128
f 1128/1128/1128 3212/3212/3212 1630/1630/1630
f 1501/1501/1501 1128/1128/1128 1630/1630/1630
f 1097/1097/1097 1128/1128/1128 1501/1501/1501
f 1097/1097/1097 1629/1629/1629 1128/1128/1128
f 1494/1494/1494 1629/1629/1629 1097/1097/1097
f 1502/1502/1502 1629/1629/1629 1494/1494/1494
f 1644/1644/1644 1629/1629/1629 1502/1502/1502
f 1630/1630/1630 3212/3212/3212 1644/1644/1644
f 1630/1630/1630 1644/1644/1644 1501/1501/1501
f 1501/1501/1501 1644/1644/1644 1502/1502/1502
f 1509/1509/1509 1501/1501/1501 1502/1502/1502
f 3218/3218/3218 1501/1501/1501 1509/1509/1509
f 3218/3218/3218 1111/1111/1111 1501/1501/1501
f 1501/1501/1501 1111/1111/1111 1097/1097/1097
f 1111/1111/1111 1508/1508/1508 1097/1097/1097
f 1097/1097/1097 1508/1508/1508 1494/1494/1494
f 1494/1494/1494 1508/1508/1508 1502/1502/1502
f 1502/1502/1502 1508/1508/1508 1509/1509/1509
f 3218/3218/3218 1509/1509/1509 1508/1508/1508
f 1111/1111/1111 3218/3218/3218 1508/1508/1508
f 783/783/783 811/811/811 813/813/813
f 813/813/813 811/811/811 1018/1018/1018
f 1018/1018/1018 1030/1030/1030 813/813/813
f 813/813/813 1030/1030/1030 805/805/805
f 813/813/813 805/805/805 806/806/806
f 806/806/806 821/821/821 813/813/813
f 900/900/900 821/821/821 806/806/806
f 901/901/901 821/821/821 900/900/900
f 811/811/811 975/975/975 1018/1018/1018
f 975/975/975 961/961/961 1018/1018/1018
f 1018/1018/1018 961/961/961 1116/1116/1116
f 1018/1018/1018 1116/1116/1116 1047/1047/1047
f 1047/1047/1047 1030/1030/1030 1018/1018/1018
f 811/811/811 809/809/809 975/975/975
f 975/975/975 809/809/809 961/961/961
f 1031/1031/1031 1030/1030/1030 1047/1047/1047
f 1031/1031/1031 1120/1120/1120 1030/1030/1030
f 1030/1030/1030 1120/1120/1120 1017/1017/1017
f 1017/1017/1017 805/805/805 1030/1030/1030
f 835/835/835 805/805/805 1017/1017/1017
f 805/805/805 835/835/835 897/897/897
f 805/805/805 897/897/897 900/900/900
f 805/805/805 900/900/900 806/806/806
f 1017/1017/1017 1120/1120/1120 835/835/835
f 835/835/835 1120/1120/1120 974/974/974
f 835/835/835 974/974/974 897/897/897
f 897/897/897 974/974/974 946/946/946
f 897/897/897 946/946/946 921/921/921
f 927/927/927 897/897/897 921/921/921
f 897/897/897 927/927/927 900/900/900
f 900/900/900 927/927/927 898/898/898
f 898/898/898 901/901/901 900/900/900
f 974/974/974 908/908/908 946/946/946
f 908/908/908 949/949/949 946/946/946
f 946/946/946 949/949/949 921/921/921
f 910/910/910 921/921/921 949/949/949
f 910/910/910 909/909/909 921/921/921
f 921/921/921 909/909/909 919/919/919
f 919/919/919 927/927/927 921/921/921
f 923/923/923 927/927/927 919/919/919
f 898/898/898 927/927/927 923/923/923
f 947/947/947 908/908/908 974/974/974
f 922/922/922 834/834/834 833/833/833
f 1700/1700/1700 834/834/834 922/922/922
f 834/834/834 1700/1700/1700 1661/1661/1661
f 1700/1700/1700 1743/1743/1743 1661/1661/1661
f 1661/1661/1661 1743/1743/1743 1657/1657/1657
f 1739/1739/1739 1657/1657/1657 1743/1743/1743
f 1741/1741/1741 1657/1657/1657 1739/1739/1739
f 922/922/922 920/920/920 1700/1700/1700
f 1700/1700/1700 920/920/920 1658/1658/1658
f 1744/1744/1744 1700/1700/1700 1658/1658/1658
f 1743/1743/1743 1700/1700/1700 1744/1744/1744
f 1753/1753/1753 1743/1743/1743 1744/1744/1744
f 1866/1866/1866 1743/1743/1743 1753/1753/1753
f 1757/1757/1757 1743/1743/1743 1866/1866/1866
f 1739/1739/1739 1743/1743/1743 1757/1757/1757
f 945/945/945 1658/1658/1658 920/920/920
f 1664/1664/1664 1658/1658/1658 945/945/945
f 1658/1658/1658 1664/1664/1664 1744/1744/1744
f 1744/1744/1744 1664/1664/1664 1746/1746/1746
f 1742/1742/1742 1744/1744/1744 1746/1746/1746
f 1753/1753/1753 1744/1744/1744 1742/1742/1742
f 1742/1742/1742 1758/1758/1758 1753/1753/1753
f 1753/1753/1753 1758/1758/1758 1754/1754/1754
f 1754/1754/1754 1866/1866/1866 1753/1753/1753
f 907/907/907 1664/1664/1664 945/945/945
f 1656/1656/1656 1664/1664/1664 907/907/907
f 1656/1656/1656 1746/1746/1746 1664/1664/1664
f 1656/1656/1656 1745/1745/1745 1746/1746/1746
f 1751/1751/1751 1746/1746/1746 1745/1745/1745
f 1742/1742/1742 1746/1746/1746 1751/1751/1751
f 1742/1742/1742 1751/1751/1751 1758/1758/1758
f 1751/1751/1751 1750/1750/1750 1758/1758/1758
f 1862/1862/1862 1758/1758/1758 1750/1750/1750
f 1754/1754/1754 1758/1758/1758 1862/1862/1862
f 1667/1667/1667 1656/1656/1656 907/907/907
f 1745/1745/1745 1656/1656/1656 1667/1667/1667
f 1667/1667/1667 1751/1751/1751 1745/1745/1745
f 1863/1863/1863 1751/1751/1751 1667/1667/1667
f 1863/1863/1863 1750/1750/1750 1751/1751/1751
f 2472/2472/2472 1754/1754/1754 1862/1862/1862
f 1755/1755/1755 1754/1754/1754 2472/2472/2472
f 1755/1755/1755 1866/1866/1866 1754/1754/1754
f 1755/1755/1755 1756/1756/1756 1866/1866/1866
f 1881/1881/1881 1866/1866/1866 1756/1756/1756
f 1881/1881/1881 1757/1757/1757 1866/1866/1866
f 1861/1861/1861 1755/1755/1755 2472/2472/2472
f 2467/2467/2467 1755/1755/1755 1861/1861/1861
f 1755/1755/1755 2467/2467/2467 1756/1756/1756
f 1756/1756/1756 2467/2467/2467 1871/1871/1871
f 1705/1705/1705 1756/1756/1756 1871/1871/1871
f 1881/1881/1881 1756/1756/1756 1705/1705/1705
f 2472/2472/2472 1028/1028/1028 1861/1861/1861
f 1861/1861/1861 1028/1028/1028 1870/1870/1870
f 1861/1861/1861 1870/1870/1870 2467/2467/2467
f 2467/2467/2467 1870/1870/1870 1872/1872/1872
f 1872/1872/1872 1871/1871/1871 2467/2467/2467
f 1872/1872/1872 1873/1873/1873 1871/1871/1871
f 1873/1873/1873 2466/2466/2466 1871/1871/1871
f 1871/1871/1871 2466/2466/2466 1705/1705/1705
f 1705/1705/1705 2466/2466/2466 1881/1881/1881
f 1028/1028/1028 1029/1029/1029 1870/1870/1870
f 1029/1029/1029 1869/1869/1869 1870/1870/1870
f 1869/1869/1869 1873/1873/1873 1870/1870/1870
f 1870/1870/1870 1873/1873/1873 1872/1872/1872
f 1048/1048/1048 1869/1869/1869 1029/1029/1029
f 1118/1118/1118 1869/1869/1869 1048/1048/1048
f 1874/1874/1874 1869/1869/1869 1118/1118/1118
f 1874/1874/1874 2466/2466/2466 1869/1869/1869
f 1869/1869/1869 2466/2466/2466 1873/1873/1873
f 1874/1874/1874 1118/1118/1118 1696/1696/1696
f 1696/1696/1696 1908/1908/1908 1874/1874/1874
f 1874/1874/1874 1908/1908/1908 2466/2466/2466
f 1881/1881/1881 2466/2466/2466 1908/1908/1908
f 1908/1908/1908 1878/1878/1878 1881/1881/1881
f 1865/1865/1865 1881/1881/1881 1878/1878/1878
f 1865/1865/1865 1757/1757/1757 1881/1881/1881
f 1118/1118/1118 1117/1117/1117 1696/1696/1696
f 1696/1696/1696 1117/1117/1117 1697/1697/1697
f 1696/1696/1696 1697/1697/1697 1908/1908/1908
f 1908/1908/1908 1697/1697/1697 1905/1905/1905
f 1905/1905/1905 1878/1878/1878 1908/1908/1908
f 1905/1905/1905 1859/1859/1859 1878/1878/1878
f 1878/1878/1878 1859/1859/1859 1882/1882/1882
f 1882/1882/1882 1865/1865/1865 1878/1878/1878
f 1864/1864/1864 1865/1865/1865 1882/1882/1882
f 1757/1757/1757 1865/1865/1865 1864/1864/1864
f 1864/1864/1864 1702/1702/1702 1757/1757/1757
f 1702/1702/1702 1739/1739/1739 1757/1757/1757
f 1022/1022/1022 1697/1697/1697 1117/1117/1117
f 1704/1704/1704 1697/1697/1697 1022/1022/1022
f 1699/1699/1699 1697/1697/1697 1704/1704/1704
f 1905/1905/1905 1697/1697/1697 1699/1699/1699
f 1859/1859/1859 1905/1905/1905 1699/1699/1699
f 1699/1699/1699 1706/1706/1706 1859/1859/1859
f 1859/1859/1859 1706/1706/1706 1698/1698/1698
f 1859/1859/1859 1698/1698/1698 1882/1882/1882
f 1117/1117/1117 1119/1119/1119 1022/1022/1022
f 1860/1860/1860 1698/1698/1698 1706/1706/1706
f 1694/1694/1694 1698/1698/1698 1860/1860/1860
f 1694/1694/1694 1879/1879/1879 1698/1698/1698
f 1698/1698/1698 1879/1879/1879 2912/2912/2912
f 1882/1882/1882 1698/1698/1698 2912/2912/2912
f 2912/2912/2912 1907/1907/1907 1882/1882/1882
f 1882/1882/1882 1907/1907/1907 1864/1864/1864
f 1907/1907/1907 1702/1702/1702 1864/1864/1864
f 1858/1858/1858 1694/1694/1694 1860/1860/1860
f 1877/1877/1877 1694/1694/1694 1858/1858/1858
f 1880/1880/1880 1694/1694/1694 1877/1877/1877
f 1879/1879/1879 1694/1694/1694 1880/1880/1880
f 5688/5688/5688 1879/1879/1879 1880/1880/1880
f 1906/1906/1906 1879/1879/1879 5688/5688/5688
f 1879/1879/1879 1906/1906/1906 1897/1897/1897
f 2912/2912/2912 1879/1879/1879 1897/1897/1897
f 1907/1907/1907 2912/2912/2912 1897/1897/1897
f 807/807/807 1858/1858/1858 1860/1860/1860
f 807/807/807 3580/3580/3580 1858/1858/1858
f 1858/1858/1858 3580/3580/3580 3582/3582/3582
f 1858/1858/1858 3582/3582/3582 1877/1877/1877
f 1877/1877/1877 3582/3582/3582 3924/3924/3924
f 3843/3843/3843 1877/1877/1877 3924/3924/3924
f 1880/1880/1880 1877/1877/1877 3843/3843/3843
f 1920/1920/1920 1880/1880/1880 3843/3843/3843
f 5688/5688/5688 1880/1880/1880 1920/1920/1920
f 5688/5688/5688 1920/1920/1920 1939/1939/1939
f 5688/5688/5688 1939/1939/1939 5684/5684/5684
f 5684/5684/5684 1906/1906/1906 5688/5688/5688
f 3580/3580/3580 4081/4081/4081 3582/3582/3582
f 4081/4081/4081 3926/3926/3926 3582/3582/3582
f 3582/3582/3582 3926/3926/3926 3924/3924/3924
f 3926/3926/3926 3843/3843/3843 3924/3924/3924
f 3844/3844/3844 3843/3843/3843 3926/3926/3926
f 3843/3843/3843 3844/3844/3844 1920/1920/1920
f 1920/1920/1920 3844/3844/3844 1918/1918/1918
f 1920/1920/1920 1918/1918/1918 1939/1939/1939
f 3569/3569/3569 4081/4081/4081 3580/3580/3580
f 4081/4081/4081 3569/3569/3569 4080/4080/4080
f 4097/4097/4097 4081/4081/4081 4080/4080/4080
f 3926/3926/3926 4081/4081/4081 4097/4097/4097
f 3926/3926/3926 4097/4097/4097 3844/3844/3844
f 3844/3844/3844 4097/4097/4097 3923/3923/3923
f 3923/3923/3923 1918/1918/1918 3844/3844/3844
f 3842/3842/3842 1918/1918/1918 3923/3923/3923
f 3842/3842/3842 1947/1947/1947 1918/1918/1918
f 1939/1939/1939 1918/1918/1918 1947/1947/1947
f 4097/4097/4097 4080/4080/4080 4096/4096/4096
f 4097/4097/4097 4096/4096/4096 3923/3923/3923
f 3923/3923/3923 4096/4096/4096 3940/3940/3940
f 3923/3923/3923 3940/3940/3940 3841/3841/3841
f 3842/3842/3842 3923/3923/3923 3841/3841/3841
f 3995/3995/3995 3842/3842/3842 3841/3841/3841
f 3995/3995/3995 1947/1947/1947 3842/3842/3842
f 2464/2464/2464 1947/1947/1947 3995/3995/3995
f 2464/2464/2464 4102/4102/4102 1947/1947/1947
f 4102/4102/4102 1939/1939/1939 1947/1947/1947
f 4096/4096/4096 4080/4080/4080 4073/4073/4073
f 4096/4096/4096 4073/4073/4073 4088/4088/4088
f 3891/3891/3891 4096/4096/4096 4088/4088/4088
f 3940/3940/3940 4096/4096/4096 3891/3891/3891
f 3891/3891/3891 3876/3876/3876 3940/3940/3940
f 3940/3940/3940 3876/3876/3876 3841/3841/3841
f 3876/3876/3876 3875/3875/3875 3841/3841/3841
f 3841/3841/3841 3875/3875/3875 3996/3996/3996
f 3996/3996/3996 3995/3995/3995 3841/3841/3841
f 4088/4088/4088 4073/4073/4073 4071/4071/4071
f 3846/3846/3846 4088/4088/4088 4071/4071/4071
f 3939/3939/3939 4088/4088/4088 3846/3846/3846
f 3891/3891/3891 4088/4088/4088 3939/3939/3939
f 3870/3870/3870 3891/3891/3891 3939/3939/3939
f 3894/3894/3894 3891/3891/3891 3870/3870/3870
f 3894/3894/3894 3876/3876/3876 3891/3891/3891
f 3876/3876/3876 3894/3894/3894 4083/4083/4083
f 4083/4083/4083 3875/3875/3875 3876/3876/3876
f 4071/4071/4071 4070/4070/4070 3846/3846/3846
f 3846/3846/3846 4070/4070/4070 3845/3845/3845
f 3845/3845/3845 3939/3939/3939 3846/3846/3846
f 3944/3944/3944 3939/3939/3939 3845/3845/3845
f 3944/3944/3944 3870/3870/3870 3939/3939/3939
f 3870/3870/3870 3944/3944/3944 4066/4066/4066
f 3870/3870/3870 4066/4066/4066 3894/3894/3894
f 4083/4083/4083 3894/3894/3894 4066/4066/4066
f 4069/4069/4069 4070/4070/4070 4071/4071/4071
f 3661/3661/3661 4070/4070/4070 4069/4069/4069
f 3707/3707/3707 4070/4070/4070 3661/3661/3661
f 4070/4070/4070 3707/3707/3707 4072/4072/4072
f 3845/3845/3845 4070/4070/4070 4072/4072/4072
f 4072/4072/4072 3916/3916/3916 3845/3845/3845
f 3845/3845/3845 3916/3916/3916 3895/3895/3895
f 3895/3895/3895 3944/3944/3944 3845/3845/3845
f 3660/3660/3660 3707/3707/3707 3661/3661/3661
f 4072/4072/4072 3707/3707/3707 3705/3705/3705
f 3705/3705/3705 3916/3916/3916 4072/4072/4072
f 3705/3705/3705 3878/3878/3878 3916/3916/3916
f 3916/3916/3916 3878/3878/3878 3895/3895/3895
f 3895/3895/3895 3878/3878/3878 3879/3879/3879
f 3906/3906/3906 3895/3895/3895 3879/3879/3879
f 3907/3907/3907 3895/3895/3895 3906/3906/3906
f 3907/3907/3907 3944/3944/3944 3895/3895/3895
f 3708/3708/3708 3878/3878/3878 3705/3705/3705
f 3708/3708/3708 3723/3723/3723 3878/3878/3878
f 3878/3878/3878 3723/3723/3723 3893/3893/3893
f 3893/3893/3893 3879/3879/3879 3878/3878/3878
f 3917/3917/3917 3879/3879/3879 3893/3893/3893
f 3879/3879/3879 3917/3917/3917 3906/3906/3906
f 3906/3906/3906 3917/3917/3917 3912/3912/3912
f 3906/3906/3906 3912/3912/3912 4082/4082/4082
f 3906/3906/3906 4082/4082/4082 3907/3907/3907
f 3907/3907/3907 4082/4082/4082 3944/3944/3944
f 3874/3874/3874 3944/3944/3944 4082/4082/4082
f 4066/4066/4066 3944/3944/3944 3874/3874/3874
f 3723/3723/3723 3724/3724/3724 3893/3893/3893
f 3724/3724/3724 3880/3880/3880 3893/3893/3893
f 3912/3912/3912 3893/3893/3893 3880/3880/3880
f 3917/3917/3917 3893/3893/3893 3912/3912/3912
f 3913/3913/3913 3880/3880/3880 3724/3724/3724
f 3913/3913/3913 3922/3922/3922 3880/3880/3880
f 3880/3880/3880 3922/3922/3922 3912/3912/3912
f 4082/4082/4082 3912/3912/3912 3922/3922/3922
f 4082/4082/4082 3922/3922/3922 3874/3874/3874
f 3922/3922/3922 3873/3873/3873 3874/3874/3874
f 3874/3874/3874 3873/3873/3873 4065/4065/4065
f 3874/3874/3874 4065/4065/4065 3929/3929/3929
f 3874/3874/3874 3929/3929/3929 4066/4066/4066
f 4066/4066/4066 3929/3929/3929 3927/3927/3927
f 3927/3927/3927 4083/4083/4083 4066/4066/4066
f 3913/3913/3913 3873/3873/3873 3922/3922/3922
f 3915/3915/3915 3873/3873/3873 3913/3913/3913
f 3873/3873/3873 3915/3915/3915 3914/3914/3914
f 3873/3873/3873 3914/3914/3914 4065/4065/4065
f 4065/4065/4065 3914/3914/3914 3962/3962/3962
f 3962/3962/3962 3963/3963/3963 4065/4065/4065
f 3929/3929/3929 4065/4065/4065 3963/3963/3963
f 3963/3963/3963 4014/4014/4014 3929/3929/3929
f 4014/4014/4014 3978/3978/3978 3929/3929/3929
f 3929/3929/3929 3978/3978/3978 3925/3925/3925
f 3925/3925/3925 3927/3927/3927 3929/3929/3929
f 3914/3914/3914 3915/3915/3915 3897/3897/3897
f 3914/3914/3914 3897/3897/3897 3896/3896/3896
f 3896/3896/3896 3962/3962/3962 3914/3914/3914
f 3962/3962/3962 3896/3896/3896 3964/3964/3964
f 3964/3964/3964 3963/3963/3963 3962/3962/3962
f 3964/3964/3964 3982/3982/3982 3963/3963/3963
f 3963/3963/3963 3982/3982/3982 3977/3977/3977
f 3977/3977/3977 4014/4014/4014 3963/3963/3963
f 3896/3896/3896 3897/3897/3897 3955/3955/3955
f 3945/3945/3945 3896/3896/3896 3955/3955/3955
f 3946/3946/3946 3896/3896/3896 3945/3945/3945
f 3964/3964/3964 3896/3896/3896 3946/3946/3946
f 3946/3946/3946 3983/3983/3983 3964/3964/3964
f 3964/3964/3964 3983/3983/3983 3982/3982/3982
f 3680/3680/3680 3982/3982/3982 3983/3983/3983
f 3714/3714/3714 3982/3982/3982 3680/3680/3680
f 3714/3714/3714 3977/3977/3977 3982/3982/3982
f 3715/3715/3715 3977/3977/3977 3714/3714/3714
f 3715/3715/3715 4014/4014/4014 3977/3977/3977
f 3946/3946/3946 3945/3945/3945 3983/3983/3983
f 3983/3983/3983 3945/3945/3945 3680/3680/3680
f 3727/3727/3727 4014/4014/4014 3715/3715/3715
f 3727/3727/3727 3553/3553/3553 4014/4014/4014
f 4014/4014/4014 3553/3553/3553 3978/3978/3978
f 3579/3579/3579 3553/3553/3553 3727/3727/3727
f 3943/3943/3943 3927/3927/3927 3925/3925/3925
f 3927/3927/3927 3943/3943/3943 3966/3966/3966
f 3966/3966/3966 4083/4083/4083 3927/3927/3927
f 3965/3965/3965 4083/4083/4083 3966/3966/3966
f 4085/4085/4085 4083/4083/4083 3965/3965/3965
f 4085/4085/4085 3875/3875/3875 4083/4083/4083
f 4085/4085/4085 4068/4068/4068 3875/3875/3875
f 4068/4068/4068 4084/4084/4084 3875/3875/3875
f 3966/3966/3966 3943/3943/3943 3941/3941/3941
f 3941/3941/3941 3965/3965/3965 3966/3966/3966
f 3965/3965/3965 3928/3928/3928 4085/4085/4085
f 4085/4085/4085 3928/3928/3928 4104/4104/4104
f 4104/4104/4104 4103/4103/4103 4085/4085/4085
f 4103/4103/4103 4068/4068/4068 4085/4085/4085
f 4103/4103/4103 4111/4111/4111 4068/4068/4068
f 4084/4084/4084 4068/4068/4068 4111/4111/4111
f 4084/4084/4084 4111/4111/4111 3780/3780/3780
f 1695/1695/1695 4084/4084/4084 3780/3780/3780
f 1868/1868/1868 4084/4084/4084 1695/1695/1695
f 4084/4084/4084 1868/1868/1868 1875/1875/1875
f 3942/3942/3942 4104/4104/4104 3928/3928/3928
f 3848/3848/3848 4104/4104/4104 3942/3942/3942
f 3849/3849/3849 4104/4104/4104 3848/3848/3848
f 4103/4103/4103 4104/4104/4104 3849/3849/3849
f 3849/3849/3849 4111/4111/4111 4103/4103/4103
f 4111/4111/4111 3849/3849/3849 3780/3780/3780
f 3780/3780/3780 3849/3849/3849 3781/3781/3781
f 3781/3781/3781 1692/1692/1692 3780/3780/3780
f 3780/3780/3780 1692/1692/1692 1695/1695/1695
f 1701/1701/1701 1695/1695/1695 1692/1692/1692
f 1868/1868/1868 1695/1695/1695 1701/1701/1701
f 1701/1701/1701 1867/1867/1867 1868/1868/1868
f 1868/1868/1868 1867/1867/1867 1875/1875/1875
f 3942/3942/3942 3956/3956/3956 3848/3848/3848
f 3848/3848/3848 3956/3956/3956 3961/3961/3961
f 3781/3781/3781 3848/3848/3848 3961/3961/3961
f 3849/3849/3849 3848/3848/3848 3781/3781/3781
f 3956/3956/3956 1691/1691/1691 3961/3961/3961
f 3961/3961/3961 1691/1691/1691 3781/3781/3781
f 3781/3781/3781 1691/1691/1691 1692/1692/1692
f 1691/1691/1691 1693/1693/1693 1692/1692/1692
f 1692/1692/1692 1693/1693/1693 1701/1701/1701
f 1701/1701/1701 1693/1693/1693 1867/1867/1867
f 1693/1693/1693 1738/1738/1738 1867/1867/1867
f 1867/1867/1867 1738/1738/1738 1736/1736/1736
f 1736/1736/1736 1702/1702/1702 1867/1867/1867
f 1867/1867/1867 1702/1702/1702 1875/1875/1875
f 1735/1735/1735 1691/1691/1691 3956/3956/3956
f 1691/1691/1691 1735/1735/1735 1693/1693/1693
f 1693/1693/1693 1735/1735/1735 1738/1738/1738
f 1875/1875/1875 1702/1702/1702 1907/1907/1907
f 1907/1907/1907 1897/1897/1897 1875/1875/1875
f 1875/1875/1875 1897/1897/1897 1896/1896/1896
f 1896/1896/1896 1876/1876/1876 1875/1875/1875
f 2468/2468/2468 1876/1876/1876 1896/1896/1896
f 1916/1916/1916 1876/1876/1876 2468/2468/2468
f 3871/3871/3871 1876/1876/1876 1916/1916/1916
f 3995/3995/3995 1896/1896/1896 1897/1897/1897
f 1896/1896/1896 3995/3995/3995 2468/2468/2468
f 2468/2468/2468 3995/3995/3995 3974/3974/3974
f 3974/3974/3974 1916/1916/1916 2468/2468/2468
f 3975/3975/3975 1916/1916/1916 3974/3974/3974
f 3975/3975/3975 3892/3892/3892 1916/1916/1916
f 3892/3892/3892 3877/3877/3877 1916/1916/1916
f 1916/1916/1916 3877/3877/3877 3871/3871/3871
f 3871/3871/3871 3877/3877/3877 3839/3839/3839
f 3871/3871/3871 3839/3839/3839 3890/3890/3890
f 1906/1906/1906 3995/3995/3995 1897/1897/1897
f 5684/5684/5684 3995/3995/3995 1906/1906/1906
f 5684/5684/5684 2464/2464/2464 3995/3995/3995
f 1703/1703/1703 2464/2464/2464 5684/5684/5684
f 4089/4089/4089 2464/2464/2464 1703/1703/1703
f 4089/4089/4089 4102/4102/4102 2464/2464/2464
f 4089/4089/4089 3847/3847/3847 4102/4102/4102
f 3847/3847/3847 1939/1939/1939 4102/4102/4102
f 3847/3847/3847 1703/1703/1703 1939/1939/1939
f 1939/1939/1939 1703/1703/1703 5684/5684/5684
f 3847/3847/3847 4089/4089/4089 1703/1703/1703
f 3839/3839/3839 3877/3877/3877 3892/3892/3892
f 3892/3892/3892 3975/3975/3975 3839/3839/3839
f 3974/3974/3974 3839/3839/3839 3975/3975/3975
f 3840/3840/3840 3839/3839/3839 3974/3974/3974
f 3890/3890/3890 3839/3839/3839 3840/3840/3840
f 3840/3840/3840 3996/3996/3996 3890/3890/3890
f 3890/3890/3890 3996/3996/3996 3875/3875/3875
f 3974/3974/3974 3995/3995/3995 3840/3840/3840
f 3840/3840/3840 3995/3995/3995 3996/3996/3996
f 1748/1748/1748 4087/4087/4087 1690/1690/1690
f 4086/4086/4086 4087/4087/4087 1748/1748/1748
f 4086/4086/4086 4107/4107/4107 4087/4087/4087
f 4087/4087/4087 4107/4107/4107 3872/3872/3872
f 1748/1748/1748 3850/3850/3850 4086/4086/4086
f 4086/4086/4086 3850/3850/3850 4107/4107/4107
f 4107/4107/4107 3850/3850/3850 4067/4067/4067
f 4067/4067/4067 3850/3850/3850 1748/1748/1748
f 2139/2139/2139 1915/1915/1915 2099/2099/2099
f 2099/2099/2099 2097/2097/2097 2139/2139/2139
f 2139/2139/2139 2097/2097/2097 2141/2141/2141
f 2097/2097/2097 2105/2105/2105 2141/2141/2141
f 2144/2144/2144 2105/2105/2105 2097/2097/2097
f 2144/2144/2144 2147/2147/2147 2105/2105/2105
f 2145/2145/2145 2147/2147/2147 2144/2144/2144
f 2101/2101/2101 2097/2097/2097 2099/2099/2099
f 2086/2086/2086 2097/2097/2097 2101/2101/2101
f 2097/2097/2097 2086/2086/2086 2144/2144/2144
f 2144/2144/2144 2086/2086/2086 2117/2117/2117
f 2144/2144/2144 2117/2117/2117 2145/2145/2145
f 2145/2145/2145 2117/2117/2117 2115/2115/2115
f 2116/2116/2116 2115/2115/2115 2117/2117/2117
f 2114/2114/2114 2115/2115/2115 2116/2116/2116
f 2099/2099/2099 2100/2100/2100 2101/2101/2101
f 2103/2103/2103 2101/2101/2101 2100/2100/2100
f 2118/2118/2118 2101/2101/2101 2103/2103/2103
f 2118/2118/2118 2086/2086/2086 2101/2101/2101
f 2102/2102/2102 2086/2086/2086 2118/2118/2118
f 2102/2102/2102 2117/2117/2117 2086/2086/2086
f 2116/2116/2116 2117/2117/2117 2102/2102/2102
f 2124/2124/2124 2100/2100/2100 2099/2099/2099
f 2124/2124/2124 2106/2106/2106 2100/2100/2100
f 2106/2106/2106 2103/2103/2103 2100/2100/2100
f 2161/2161/2161 2103/2103/2103 2106/2106/2106
f 2106/2106/2106 2157/2157/2157 2161/2161/2161
f 2124/2124/2124 2157/2157/2157 2106/2106/2106
f 3369/3369/3369 3351/3351/3351 1893/1893/1893
f 3351/3351/3351 3369/3369/3369 1506/1506/1506
f 3351/3351/3351 1506/1506/1506 1490/1490/1490
f 1506/1506/1506 1507/1507/1507 1490/1490/1490
f 1505/1505/1505 1507/1507/1507 1506/1506/1506
f 1486/1486/1486 1507/1507/1507 1505/1505/1505
f 1506/1506/1506 3369/3369/3369 1505/1505/1505
f 2149/2149/2149 2121/2121/2121 2104/2104/2104
f 2104/2104/2104 2121/2121/2121 2088/2088/2088
f 2104/2104/2104 2088/2088/2088 2130/2130/2130
f 2130/2130/2130 2088/2088/2088 2123/2123/2123
f 2130/2130/2130 2123/2123/2123 2125/2125/2125
f 2125/2125/2125 2123/2123/2123 2087/2087/2087
f 2123/2123/2123 2156/2156/2156 2087/2087/2087
f 2123/2123/2123 2159/2159/2159 2156/2156/2156
f 2159/2159/2159 2088/2088/2088 2121/2121/2121
f 2088/2088/2088 2159/2159/2159 2123/2123/2123
f 2051/2051/2051 2063/2063/2063 2056/2056/2056
f 2051/2051/2051 2056/2056/2056 2018/2018/2018
f 2018/2018/2018 2056/2056/2056 2090/2090/2090
f 2090/2090/2090 2049/2049/2049 2018/2018/2018
f 2078/2078/2078 2049/2049/2049 2090/2090/2090
f 2057/2057/2057 2049/2049/2049 2078/2078/2078
f 2013/2013/2013 2049/2049/2049 2057/2057/2057
f 2058/2058/2058 2013/2013/2013 2057/2057/2057
f 2016/2016/2016 2013/2013/2013 2058/2058/2058
f 2090/2090/2090 2056/2056/2056 2095/2095/2095
f 2090/2090/2090 2095/2095/2095 2092/2092/2092
f 2092/2092/2092 2079/2079/2079 2090/2090/2090
f 2090/2090/2090 2079/2079/2079 2078/2078/2078
f 2067/2067/2067 2078/2078/2078 2079/2079/2079
f 2057/2057/2057 2078/2078/2078 2067/2067/2067
f 2089/2089/2089 2057/2057/2057 2067/2067/2067
f 2058/2058/2058 2057/2057/2057 2089/2089/2089
f 2082/2082/2082 2058/2058/2058 2089/2089/2089
f 2059/2059/2059 2058/2058/2058 2082/2082/2082
f 2059/2059/2059 2082/2082/2082 2069/2069/2069
f 2092/2092/2092 2095/2095/2095 2091/2091/2091
f 2092/2092/2092 2091/2091/2091 2119/2119/2119
f 2081/2081/2081 2092/2092/2092 2119/2119/2119
f 2079/2079/2079 2092/2092/2092 2081/2081/2081
f 2048/2048/2048 2079/2079/2079 2081/2081/2081
f 2067/2067/2067 2079/2079/2079 2048/2048/2048
f 2077/2077/2077 2067/2067/2067 2048/2048/2048
f 2089/2089/2089 2067/2067/2067 2077/2077/2077
f 2077/2077/2077 2070/2070/2070 2089/2089/2089
f 2089/2089/2089 2070/2070/2070 2082/2082/2082
f 2082/2082/2082 2070/2070/2070 2069/2069/2069
f 2069/2069/2069 2070/2070/2070 2068/2068/2068
f 2119/2119/2119 2091/2091/2091 2120/2120/2120
f 2120/2120/2120 2111/2111/2111 2119/2119/2119
f 2080/2080/2080 2119/2119/2119 2111/2111/2111
f 2081/2081/2081 2119/2119/2119 2080/2080/2080
f 2080/2080/2080 2061/2061/2061 2081/2081/2081
f 2081/2081/2081 2061/2061/2061 2048/2048/2048
f 2061/2061/2061 2071/2071/2071 2048/2048/2048
f 2048/2048/2048 2071/2071/2071 2077/2077/2077
f 2077/2077/2077 2071/2071/2071 2070/2070/2070
f 2070/2070/2070 2071/2071/2071 2068/2068/2068
f 2068/2068/2068 2071/2071/2071 2060/2060/2060
f 2110/2110/2110 2111/2111/2111 2120/2120/2120
f 2093/2093/2093 2111/2111/2111 2110/2110/2110
f 2469/2469/2469 2111/2111/2111 2093/2093/2093
f 2045/2045/2045 2111/2111/2111 2469/2469/2469
f 2111/2111/2111 2045/2045/2045 2080/2080/2080
f 2080/2080/2080 2045/2045/2045 2044/2044/2044
f 2044/2044/2044 2061/2061/2061 2080/2080/2080
f 2046/2046/2046 2061/2061/2061 2044/2044/2044
f 2046/2046/2046 2071/2071/2071 2061/2061/2061
f 2047/2047/2047 2071/2071/2071 2046/2046/2046
f 2094/2094/2094 2093/2093/2093 2110/2110/2110
f 2094/2094/2094 1914/1914/1914 2093/2093/2093
f 2093/2093/2093 1914/1914/1914 2469/2469/2469
f 2096/2096/2096 2094/2094/2094 2110/2110/2110
f 2096/2096/2096 2151/2151/2151 2094/2094/2094
f 1914/1914/1914 2094/2094/2094 2151/2151/2151
f 2150/2150/2150 2151/2151/2151 2096/2096/2096
f 2053/2053/2053 2040/2040/2040 2031/2031/2031
f 2040/2040/2040 2053/2053/2053 1993/1993/1993
f 1993/1993/1993 2153/2153/2153 2040/2040/2040
f 1993/1993/1993 2113/2113/2113 2153/2153/2153
f 2112/2112/2112 2153/2153/2153 2113/2113/2113
f 2152/2152/2152 2153/2153/2153 2112/2112/2112
f 2136/2136/2136 2153/2153/2153 2152/2152/2152
f 2134/2134/2134 2136/2136/2136 2152/2152/2152
f 2053/2053/2053 1990/1990/1990 1993/1993/1993
f 1965/1965/1965 1956/1956/1956 1932/1932/1932
f 1966/1966/1966 1956/1956/1956 1965/1965/1965
f 1956/1956/1956 1966/1966/1966 1967/1967/1967
f 1967/1967/1967 1966/1966/1966 1955/1955/1955
f 2462/2462/2462 1967/1967/1967 1955/1955/1955
f 1922/1922/1922 1967/1967/1967 2462/2462/2462
f 2462/2462/2462 1979/1979/1979 1922/1922/1922
f 1957/1957/1957 1979/1979/1979 2462/2462/2462
f 1965/1965/1965 1934/1934/1934 1966/1966/1966
f 1966/1966/1966 1934/1934/1934 1949/1949/1949
f 1985/1985/1985 1966/1966/1966 1949/1949/1949
f 1955/1955/1955 1966/1966/1966 1985/1985/1985
f 1985/1985/1985 1960/1960/1960 1955/1955/1955
f 1955/1955/1955 1960/1960/1960 2462/2462/2462
f 1960/1960/1960 1957/1957/1957 2462/2462/2462
f 1958/1958/1958 1949/1949/1949 1934/1934/1934
f 1948/1948/1948 1949/1949/1949 1958/1958/1958
f 1948/1948/1948 1985/1985/1985 1949/1949/1949
f 1944/1944/1944 1985/1985/1985 1948/1948/1948
f 1944/1944/1944 1960/1960/1960 1985/1985/1985
f 1973/1973/1973 1948/1948/1948 1958/1958/1958
f 1974/1974/1974 1948/1948/1948 1973/1973/1973
f 1948/1948/1948 1974/1974/1974 1944/1944/1944
f 3284/3284/3284 3004/3004/3004 2496/2496/2496
f 3005/3005/3005 3004/3004/3004 3284/3284/3284
f 3274/3274/3274 3004/3004/3004 3005/3005/3005
f 3004/3004/3004 3274/3274/3274 2536/2536/2536
f 2536/2536/2536 3274/3274/3274 1247/1247/1247
f 1247/1247/1247 1579/1579/1579 2536/2536/2536
f 1578/1578/1578 1579/1579/1579 1247/1247/1247
f 1578/1578/1578 1568/1568/1568 1579/1579/1579
f 1579/1579/1579 1568/1568/1568 1573/1573/1573
f 3005/3005/3005 1541/1541/1541 3274/3274/3274
f 3274/3274/3274 1541/1541/1541 1245/1245/1245
f 3274/3274/3274 1245/1245/1245 1247/1247/1247
f 1247/1247/1247 1245/1245/1245 1570/1570/1570
f 1572/1572/1572 1247/1247/1247 1570/1570/1570
f 1578/1578/1578 1247/1247/1247 1572/1572/1572
f 1572/1572/1572 1568/1568/1568 1578/1578/1578
f 1532/1532/1532 1568/1568/1568 1572/1572/1572
f 1568/1568/1568 1532/1532/1532 1402/1402/1402
f 1568/1568/1568 1402/1402/1402 1573/1573/1573
f 1573/1573/1573 1402/1402/1402 1401/1401/1401
f 1245/1245/1245 1541/1541/1541 1520/1520/1520
f 1544/1544/1544 1245/1245/1245 1520/1520/1520
f 1570/1570/1570 1245/1245/1245 1544/1544/1544
f 1544/1544/1544 1587/1587/1587 1570/1570/1570
f 1570/1570/1570 1587/1587/1587 1572/1572/1572
f 1587/1587/1587 1532/1532/1532 1572/1572/1572
f 1517/1517/1517 1532/1532/1532 1587/1587/1587
f 1534/1534/1534 1532/1532/1532 1517/1517/1517
f 1402/1402/1402 1532/1532/1532 1534/1534/1534
f 1520/1520/1520 1541/1541/1541 1516/1516/1516
f 2537/2537/2537 1574/1574/1574 2542/2542/2542
f 1576/1576/1576 1574/1574/1574 2537/2537/2537
f 1574/1574/1574 1576/1576/1576 3002/3002/3002
f 3002/3002/3002 1576/1576/1576 3003/3003/3003
f 3003/3003/3003 1540/1540/1540 3002/3002/3002
f 3002/3002/3002 1540/1540/1540 1539/1539/1539
f 1540/1540/1540 1513/1513/1513 1539/1539/1539
f 1539/1539/1539 1513/1513/1513 1582/1582/1582
f 1565/1565/1565 1576/1576/1576 2537/2537/2537
f 1565/1565/1565 3003/3003/3003 1576/1576/1576
f 1567/1567/1567 3003/3003/3003 1565/1565/1565
f 1571/1571/1571 3003/3003/3003 1567/1567/1567
f 1540/1540/1540 3003/3003/3003 1571/1571/1571
f 1528/1528/1528 1540/1540/1540 1571/1571/1571
f 1513/1513/1513 1540/1540/1540 1528/1528/1528
f 1620/1620/1620 1513/1513/1513 1528/1528/1528
f 1514/1514/1514 1513/1513/1513 1620/1620/1620
f 1514/1514/1514 1582/1582/1582 1513/1513/1513
f 1618/1618/1618 1582/1582/1582 1514/1514/1514
f 1919/1919/1919 1565/1565/1565 2537/2537/2537
f 1566/1566/1566 1565/1565/1565 1919/1919/1919
f 1565/1565/1565 1566/1566/1566 1567/1567/1567
f 1567/1567/1567 1566/1566/1566 1542/1542/1542
f 1542/1542/1542 1571/1571/1571 1567/1567/1567
f 1542/1542/1542 1537/1537/1537 1571/1571/1571
f 1621/1621/1621 1571/1571/1571 1537/1537/1537
f 1528/1528/1528 1571/1571/1571 1621/1621/1621
f 1585/1585/1585 1528/1528/1528 1621/1621/1621
f 1620/1620/1620 1528/1528/1528 1585/1585/1585
f 1585/1585/1585 1613/1613/1613 1620/1620/1620
f 1620/1620/1620 1613/1613/1613 1514/1514/1514
f 2543/2543/2543 1566/1566/1566 1919/1919/1919
f 1246/1246/1246 1566/1566/1566 2543/2543/2543
f 1246/1246/1246 1542/1542/1542 1566/1566/1566
f 1564/1564/1564 1542/1542/1542 1246/1246/1246
f 1564/1564/1564 1537/1537/1537 1542/1542/1542
f 1564/1564/1564 1399/1399/1399 1537/1537/1537
f 1537/1537/1537 1399/1399/1399 1533/1533/1533
f 1533/1533/1533 1621/1621/1621 1537/1537/1537
f 1536/1536/1536 1621/1621/1621 1533/1533/1533
f 1536/1536/1536 1585/1585/1585 1621/1621/1621
f 1400/1400/1400 1246/1246/1246 2543/2543/2543
f 1400/1400/1400 1399/1399/1399 1246/1246/1246
f 1246/1246/1246 1399/1399/1399 1564/1564/1564
f 2543/2543/2543 2910/2910/2910 1400/1400/1400
f 2910/2910/2910 1575/1575/1575 1400/1400/1400
f 1400/1400/1400 1575/1575/1575 1399/1399/1399
f 1575/1575/1575 1533/1533/1533 1399/1399/1399
f 1583/1583/1583 1533/1533/1533 1575/1575/1575
f 1595/1595/1595 1533/1533/1533 1583/1583/1583
f 1536/1536/1536 1533/1533/1533 1595/1595/1595
f 1595/1595/1595 1594/1594/1594 1536/1536/1536
f 1536/1536/1536 1594/1594/1594 1531/1531/1531
f 1531/1531/1531 1585/1585/1585 1536/1536/1536
f 2541/2541/2541 2910/2910/2910 2543/2543/2543
f 2910/2910/2910 2541/2541/2541 1577/1577/1577
f 1569/1569/1569 2910/2910/2910 1577/1577/1577
f 1575/1575/1575 2910/2910/2910 1569/1569/1569
f 1569/1569/1569 1583/1583/1583 1575/1575/1575
f 1529/1529/1529 1583/1583/1583 1569/1569/1569
f 1529/1529/1529 1595/1595/1595 1583/1583/1583
f 1584/1584/1584 1595/1595/1595 1529/1529/1529
f 1530/1530/1530 1595/1595/1595 1584/1584/1584
f 1563/1563/1563 1595/1595/1595 1530/1530/1530
f 1563/1563/1563 1594/1594/1594 1595/1595/1595
f 1577/1577/1577 1244/1244/1244 1569/1569/1569
f 1244/1244/1244 1529/1529/1529 1569/1569/1569
f 1535/1535/1535 1529/1529/1529 1244/1244/1244
f 1529/1529/1529 1535/1535/1535 1584/1584/1584
f 1584/1584/1584 1535/1535/1535 1619/1619/1619
f 1619/1619/1619 1530/1530/1530 1584/1584/1584
f 3285/3285/3285 1244/1244/1244 1577/1577/1577
f 1401/1401/1401 1244/1244/1244 3285/3285/3285
f 1402/1402/1402 1244/1244/1244 1401/1401/1401
f 1244/1244/1244 1402/1402/1402 1535/1535/1535
f 1535/1535/1535 1402/1402/1402 1534/1534/1534
f 1535/1535/1535 1534/1534/1534 1619/1619/1619
f 1619/1619/1619 1534/1534/1534 1517/1517/1517
f 1518/1518/1518 1619/1619/1619 1517/1517/1517
f 1518/1518/1518 1527/1527/1527 1619/1619/1619
f 1518/1518/1518 1588/1588/1588 1527/1527/1527
f 1588/1588/1588 1589/1589/1589 1527/1527/1527
f 1589/1589/1589 1588/1588/1588 1553/1553/1553
f 1553/1553/1553 1551/1551/1551 1589/1589/1589
f 1589/1589/1589 1551/1551/1551 1550/1550/1550
f 1517/1517/1517 1586/1586/1586 1518/1518/1518
f 1586/1586/1586 1588/1588/1588 1518/1518/1518
f 1553/1553/1553 1588/1588/1588 1586/1586/1586
f 1553/1553/1553 1586/1586/1586 1551/1551/1551
f 1551/1551/1551 1586/1586/1586 1526/1526/1526
f 1515/1515/1515 1551/1551/1551 1526/1526/1526
f 1555/1555/1555 1551/1551/1551 1515/1515/1515
f 1551/1551/1551 1555/1555/1555 1550/1550/1550
f 1550/1550/1550 1555/1555/1555 1592/1592/1592
f 1552/1552/1552 1592/1592/1592 1555/1555/1555
f 1591/1591/1591 1592/1592/1592 1552/1552/1552
f 1587/1587/1587 1586/1586/1586 1517/1517/1517
f 1587/1587/1587 1544/1544/1544 1586/1586/1586
f 1586/1586/1586 1544/1544/1544 1526/1526/1526
f 1519/1519/1519 1526/1526/1526 1544/1544/1544
f 1515/1515/1515 1526/1526/1526 1519/1519/1519
f 1516/1516/1516 1515/1515/1515 1519/1519/1519
f 1538/1538/1538 1515/1515/1515 1516/1516/1516
f 1538/1538/1538 1552/1552/1552 1515/1515/1515
f 1515/1515/1515 1552/1552/1552 1555/1555/1555
f 1530/1530/1530 1607/1607/1607 1563/1563/1563
f 3315/3315/3315 1563/1563/1563 1607/1607/1607
f 1594/1594/1594 1563/1563/1563 3315/3315/3315
f 3315/3315/3315 1604/1604/1604 1594/1594/1594
f 1594/1594/1594 1604/1604/1604 1531/1531/1531
f 1531/1531/1531 1604/1604/1604 1585/1585/1585
f 1604/1604/1604 1613/1613/1613 1585/1585/1585
f 1598/1598/1598 3315/3315/3315 1607/1607/1607
f 1604/1604/1604 3315/3315/3315 1598/1598/1598
f 1599/1599/1599 1604/1604/1604 1598/1598/1598
f 1604/1604/1604 1599/1599/1599 1613/1613/1613
f 1613/1613/1613 1599/1599/1599 1597/1597/1597
f 1597/1597/1597 1610/1610/1610 1613/1613/1613
f 1613/1613/1613 1610/1610/1610 1514/1514/1514
f 1610/1610/1610 1618/1618/1618 1514/1514/1514
f 1605/1605/1605 1618/1618/1618 1610/1610/1610
f 1547/1547/1547 1605/1605/1605 1610/1610/1610
f 1549/1549/1549 1605/1605/1605 1547/1547/1547
f 1547/1547/1547 1610/1610/1610 1597/1597/1597
f 1199/1199/1199 1233/1233/1233 1224/1224/1224
f 1224/1224/1224 1233/1233/1233 1211/1211/1211
f 1211/1211/1211 1171/1171/1171 1224/1224/1224
f 1224/1224/1224 1171/1171/1171 1226/1226/1226
f 1171/1171/1171 1162/1162/1162 1226/1226/1226
f 1164/1164/1164 1162/1162/1162 1171/1171/1171
f 1232/1232/1232 1162/1162/1162 1164/1164/1164
f 1164/1164/1164 1231/1231/1231 1232/1232/1232
f 1233/1233/1233 1204/1204/1204 1211/1211/1211
f 1211/1211/1211 1204/1204/1204 1210/1210/1210
f 1210/1210/1210 1171/1171/1171 1211/1211/1211
f 1164/1164/1164 1171/1171/1171 1210/1210/1210
f 1210/1210/1210 1231/1231/1231 1164/1164/1164
f 1231/1231/1231 1210/1210/1210 1208/1208/1208
f 1208/1208/1208 1210/1210/1210 1204/1204/1204
f 1208/1208/1208 1204/1204/1204 1167/1167/1167
f 1167/1167/1167 1204/1204/1204 1201/1201/1201
f 1167/1167/1167 1201/1201/1201 1370/1370/1370
f 1370/1370/1370 1201/1201/1201 1143/1143/1143
f 1143/1143/1143 1200/1200/1200 1370/1370/1370
f 3118/3118/3118 1200/1200/1200 1143/1143/1143
f 3118/3118/3118 1234/1234/1234 1200/1200/1200
f 2995/2995/2995 1234/1234/1234 3118/3118/3118
f 1214/1214/1214 1234/1234/1234 2995/2995/2995
f 1228/1228/1228 1234/1234/1234 1214/1214/1214
f 1185/1185/1185 1228/1228/1228 1214/1214/1214
f 2943/2943/2943 1228/1228/1228 1185/1185/1185
f 3118/3118/3118 1143/1143/1143 2988/2988/2988
f 2994/2994/2994 3118/3118/3118 2988/2988/2988
f 2937/2937/2937 3118/3118/3118 2994/2994/2994
f 2937/2937/2937 2995/2995/2995 3118/3118/3118
f 2987/2987/2987 2995/2995/2995 2937/2937/2937
f 2995/2995/2995 2987/2987/2987 2984/2984/2984
f 1229/1229/1229 2995/2995/2995 2984/2984/2984
f 1214/1214/1214 2995/2995/2995 1229/1229/1229
f 1229/1229/1229 1185/1185/1185 1214/1214/1214
f 2988/2988/2988 1143/1143/1143 1195/1195/1195
f 2988/2988/2988 1195/1195/1195 1155/1155/1155
f 1155/1155/1155 2974/2974/2974 2988/2988/2988
f 2975/2975/2975 2988/2988/2988 2974/2974/2974
f 2994/2994/2994 2988/2988/2988 2975/2975/2975
f 1201/1201/1201 1195/1195/1195 1143/1143/1143
f 1206/1206/1206 1195/1195/1195 1201/1201/1201
f 1367/1367/1367 1195/1195/1195 1206/1206/1206
f 1153/1153/1153 1195/1195/1195 1367/1367/1367
f 1155/1155/1155 1195/1195/1195 1153/1153/1153
f 1204/1204/1204 1206/1206/1206 1201/1201/1201
f 1364/1364/1364 1206/1206/1206 1204/1204/1204
f 1364/1364/1364 1199/1199/1199 1206/1206/1206
f 1206/1206/1206 1199/1199/1199 1367/1367/1367
f 2974/2974/2974 2989/2989/2989 2975/2975/2975
f 2972/2972/2972 2989/2989/2989 2974/2974/2974
f 2972/2972/2972 3096/3096/3096 2989/2989/2989
f 2989/2989/2989 3096/3096/3096 2959/2959/2959
f 3096/3096/3096 2931/2931/2931 2959/2959/2959
f 2952/2952/2952 2959/2959/2959 2931/2931/2931
f 2924/2924/2924 2959/2959/2959 2952/2952/2952
f 2972/2972/2972 2974/2974/2974 2932/2932/2932
f 2932/2932/2932 3096/3096/3096 2972/2972/2972
f 3095/3095/3095 3096/3096/3096 2932/2932/2932
f 3095/3095/3095 1157/1157/1157 3096/3096/3096
f 1157/1157/1157 2749/2749/2749 3096/3096/3096
f 3096/3096/3096 2749/2749/2749 2931/2931/2931
f 2931/2931/2931 2749/2749/2749 2853/2853/2853
f 2853/2853/2853 2854/2854/2854 2931/2931/2931
f 2931/2931/2931 2854/2854/2854 2952/2952/2952
f 2932/2932/2932 2974/2974/2974 2940/2940/2940
f 2932/2932/2932 2940/2940/2940 2920/2920/2920
f 2932/2932/2932 2920/2920/2920 3095/3095/3095
f 3095/3095/3095 2920/2920/2920 1427/1427/1427
f 2920/2920/2920 3151/3151/3151 1427/1427/1427
f 1427/1427/1427 3151/3151/3151 1151/1151/1151
f 1187/1187/1187 1151/1151/1151 3151/3151/3151
f 1142/1142/1142 1151/1151/1151 1187/1187/1187
f 4141/4141/4141 2940/2940/2940 2974/2974/2974
f 2922/2922/2922 2940/2940/2940 4141/4141/4141
f 2940/2940/2940 2922/2922/2922 2918/2918/2918
f 2920/2920/2920 2940/2940/2940 2918/2918/2918
f 2920/2920/2920 2918/2918/2918 3151/3151/3151
f 3151/3151/3151 2918/2918/2918 1426/1426/1426
f 3151/3151/3151 1426/1426/1426 1187/1187/1187
f 1187/1187/1187 1426/1426/1426 1147/1147/1147
f 1187/1187/1187 1147/1147/1147 2956/2956/2956
f 2956/2956/2956 1142/1142/1142 1187/1187/1187
f 1144/1144/1144 1142/1142/1142 2956/2956/2956
f 4141/4141/4141 2974/2974/2974 1155/1155/1155
f 2956/2956/2956 2957/2957/2957 1144/1144/1144
f 2960/2960/2960 2957/2957/2957 2956/2956/2956
f 2477/2477/2477 2957/2957/2957 2960/2960/2960
f 2477/2477/2477 2960/2960/2960 1191/1191/1191
f 1191/1191/1191 2960/2960/2960 1147/1147/1147
f 1147/1147/1147 1193/1193/1193 1191/1191/1191
f 1426/1426/1426 1193/1193/1193 1147/1147/1147
f 1426/1426/1426 1421/1421/1421 1193/1193/1193
f 2918/2918/2918 1421/1421/1421 1426/1426/1426
f 2918/2918/2918 2922/2922/2922 1421/1421/1421
f 2956/2956/2956 1147/1147/1147 2960/2960/2960
f 2853/2853/2853 2749/2749/2749 2746/2746/2746
f 2853/2853/2853 2746/2746/2746 2759/2759/2759
f 2754/2754/2754 2853/2853/2853 2759/2759/2759
f 2854/2854/2854 2853/2853/2853 2754/2754/2754
f 2754/2754/2754 2872/2872/2872 2854/2854/2854
f 2872/2872/2872 2952/2952/2952 2854/2854/2854
f 2759/2759/2759 2746/2746/2746 2771/2771/2771
f 2759/2759/2759 2771/2771/2771 2752/2752/2752
f 2752/2752/2752 2765/2765/2765 2759/2759/2759
f 2759/2759/2759 2765/2765/2765 2754/2754/2754
f 2756/2756/2756 2754/2754/2754 2765/2765/2765
f 2762/2762/2762 2754/2754/2754 2756/2756/2756
f 2762/2762/2762 2872/2872/2872 2754/2754/2754
f 2739/2739/2739 2872/2872/2872 2762/2762/2762
f 2757/2757/2757 2872/2872/2872 2739/2739/2739
f 2872/2872/2872 2757/2757/2757 2855/2855/2855
f 2855/2855/2855 2952/2952/2952 2872/2872/2872
f 2752/2752/2752 2737/2737/2737 2765/2765/2765
f 2737/2737/2737 2775/2775/2775 2765/2765/2765
f 2765/2765/2765 2775/2775/2775 2756/2756/2756
f 2763/2763/2763 2756/2756/2756 2775/2775/2775
f 2761/2761/2761 2756/2756/2756 2763/2763/2763
f 2739/2739/2739 2756/2756/2756 2761/2761/2761
f 2762/2762/2762 2756/2756/2756 2739/2739/2739
f 2745/2745/2745 2737/2737/2737 2752/2752/2752
f 2858/2858/2858 2737/2737/2737 2745/2745/2745
f 2820/2820/2820 2737/2737/2737 2858/2858/2858
f 2772/2772/2772 2737/2737/2737 2820/2820/2820
f 2775/2775/2775 2737/2737/2737 2772/2772/2772
f 2772/2772/2772 2763/2763/2763 2775/2775/2775
f 2821/2821/2821 2763/2763/2763 2772/2772/2772
f 2860/2860/2860 2821/2821/2821 2772/2772/2772
f 2820/2820/2820 2860/2860/2860 2772/2772/2772
f 2858/2858/2858 2860/2860/2860 2820/2820/2820
f 2855/2855/2855 2757/2757/2757 2907/2907/2907
f 2855/2855/2855 2907/2907/2907 2935/2935/2935
f 2952/2952/2952 2855/2855/2855 2935/2935/2935
f 2952/2952/2952 2935/2935/2935 2924/2924/2924
f 2924/2924/2924 2935/2935/2935 2971/2971/2971
f 2936/2936/2936 2971/2971/2971 2935/2935/2935
f 2973/2973/2973 2971/2971/2971 2936/2936/2936
f 2935/2935/2935 2907/2907/2907 2936/2936/2936
f 2984/2984/2984 2987/2987/2987 2976/2976/2976
f 2933/2933/2933 2984/2984/2984 2976/2976/2976
f 2984/2984/2984 2933/2933/2933 1229/1229/1229
f 1229/1229/1229 2933/2933/2933 1182/1182/1182
f 1229/1229/1229 1182/1182/1182 2949/2949/2949
f 2949/2949/2949 1185/1185/1185 1229/1229/1229
f 2933/2933/2933 2976/2976/2976 2926/2926/2926
f 2953/2953/2953 2933/2933/2933 2926/2926/2926
f 2797/2797/2797 2933/2933/2933 2953/2953/2953
f 1159/1159/1159 2933/2933/2933 2797/2797/2797
f 1159/1159/1159 1182/1182/1182 2933/2933/2933
f 1215/1215/1215 1182/1182/1182 1159/1159/1159
f 1182/1182/1182 1215/1215/1215 1184/1184/1184
f 2949/2949/2949 1182/1182/1182 1184/1184/1184
f 2926/2926/2926 2976/2976/2976 2925/2925/2925
f 2967/2967/2967 2926/2926/2926 2925/2925/2925
f 2958/2958/2958 2926/2926/2926 2967/2967/2967
f 2958/2958/2958 2953/2953/2953 2926/2926/2926
f 2958/2958/2958 1158/1158/1158 2953/2953/2953
f 1160/1160/1160 1158/1158/1158 2958/2958/2958
f 1160/1160/1160 2846/2846/2846 1158/1158/1158
f 1158/1158/1158 2846/2846/2846 2843/2843/2843
f 2843/2843/2843 2846/2846/2846 2845/2845/2845
f 2967/2967/2967 3097/3097/3097 2958/2958/2958
f 1139/1139/1139 2958/2958/2958 3097/3097/3097
f 1160/1160/1160 2958/2958/2958 1139/1139/1139
f 1139/1139/1139 2842/2842/2842 1160/1160/1160
f 1160/1160/1160 2842/2842/2842 2846/2846/2846
f 2842/2842/2842 2833/2833/2833 2846/2846/2846
f 2845/2845/2845 2846/2846/2846 2833/2833/2833
f 2833/2833/2833 2865/2865/2865 2845/2845/2845
f 2845/2845/2845 2865/2865/2865 1688/1688/1688
f 3094/3094/3094 3097/3097/3097 2967/2967/2967
f 2968/2968/2968 3097/3097/3097 3094/3094/3094
f 3098/3098/3098 3097/3097/3097 2968/2968/2968
f 3098/3098/3098 2913/2913/2913 3097/3097/3097
f 3097/3097/3097 2913/2913/2913 1139/1139/1139
f 1139/1139/1139 2913/2913/2913 2842/2842/2842
f 2842/2842/2842 2913/2913/2913 2838/2838/2838
f 2838/2838/2838 2829/2829/2829 2842/2842/2842
f 2829/2829/2829 2833/2833/2833 2842/2842/2842
f 2829/2829/2829 1689/1689/1689 2833/2833/2833
f 2833/2833/2833 1689/1689/1689 2865/2865/2865
f 2962/2962/2962 3098/3098/3098 2968/2968/2968
f 2839/2839/2839 2829/2829/2829 2838/2838/2838
f 2839/2839/2839 1689/1689/1689 2829/2829/2829
f 1655/1655/1655 1689/1689/1689 2839/2839/2839
f 1653/1653/1653 1689/1689/1689 1655/1655/1655
f 1189/1189/1189 1689/1689/1689 1653/1653/1653
f 1189/1189/1189 2865/2865/2865 1689/1689/1689
f 1138/1138/1138 2865/2865/2865 1189/1189/1189
f 2865/2865/2865 1138/1138/1138 1688/1688/1688
f 1688/1688/1688 1138/1138/1138 2911/2911/2911
f 1138/1138/1138 1190/1190/1190 2911/2911/2911
f 1653/1653/1653 1190/1190/1190 1189/1189/1189
f 1189/1189/1189 1190/1190/1190 1138/1138/1138
f 1184/1184/1184 1215/1215/1215 1183/1183/1183
f 1184/1184/1184 1183/1183/1183 2947/2947/2947
f 2947/2947/2947 1250/1250/1250 1184/1184/1184
f 1184/1184/1184 1250/1250/1250 2949/2949/2949
f 1250/1250/1250 1185/1185/1185 2949/2949/2949
f 1181/1181/1181 1185/1185/1185 1250/1250/1250
f 1185/1185/1185 1181/1181/1181 2943/2943/2943
f 2943/2943/2943 1181/1181/1181 2929/2929/2929
f 2947/2947/2947 1183/1183/1183 2946/2946/2946
f 2946/2946/2946 1180/1180/1180 2947/2947/2947
f 1180/1180/1180 2930/2930/2930 2947/2947/2947
f 2947/2947/2947 2930/2930/2930 1250/1250/1250
f 2917/2917/2917 1250/1250/1250 2930/2930/2930
f 1181/1181/1181 1250/1250/1250 2917/2917/2917
f 1181/1181/1181 2917/2917/2917 2929/2929/2929
f 2929/2929/2929 2917/2917/2917 2915/2915/2915
f 1390/1390/1390 2915/2915/2915 2917/2917/2917
f 2916/2916/2916 2915/2915/2915 1390/1390/1390
f 1390/1390/1390 1389/1389/1389 2916/2916/2916
f 1218/1218/1218 1180/1180/1180 2946/2946/2946
f 1218/1218/1218 1220/1220/1220 1180/1180/1180
f 1180/1180/1180 1220/1220/1220 2930/2930/2930
f 2930/2930/2930 1220/1220/1220 1388/1388/1388
f 1390/1390/1390 2930/2930/2930 1388/1388/1388
f 2917/2917/2917 2930/2930/2930 1390/1390/1390
f 1222/1222/1222 1220/1220/1220 1218/1218/1218
f 1222/1222/1222 1389/1389/1389 1220/1220/1220
f 1220/1220/1220 1389/1389/1389 1388/1388/1388
f 1388/1388/1388 1389/1389/1389 1390/1390/1390
f 2991/2991/2991 2992/2992/2992 3125/3125/3125
f 3125/3125/3125 2992/2992/2992 3133/3133/3133
f 3133/3133/3133 3141/3141/3141 3125/3125/3125
f 3125/3125/3125 3141/3141/3141 3106/3106/3106
f 3141/3141/3141 3104/3104/3104 3106/3106/3106
f 3106/3106/3106 3104/3104/3104 3107/3107/3107
f 3134/3134/3134 3107/3107/3107 3104/3104/3104
f 3135/3135/3135 3107/3107/3107 3134/3134/3134
f 2992/2992/2992 3314/3314/3314 3133/3133/3133
f 3133/3133/3133 3314/3314/3314 1626/1626/1626
f 1611/1611/1611 3133/3133/3133 1626/1626/1626
f 3141/3141/3141 3133/3133/3133 1611/1611/1611
f 1611/1611/1611 1615/1615/1615 3141/3141/3141
f 3141/3141/3141 1615/1615/1615 3104/3104/3104
f 3140/3140/3140 3104/3104/3104 1615/1615/1615
f 3134/3134/3134 3104/3104/3104 3140/3140/3140
f 3140/3140/3140 3142/3142/3142 3134/3134/3134
f 3134/3134/3134 3142/3142/3142 3110/3110/3110
f 3134/3134/3134 3110/3110/3110 3135/3135/3135
f 3135/3135/3135 3110/3110/3110 3121/3121/3121
f 3314/3314/3314 3294/3294/3294 1626/1626/1626
f 3297/3297/3297 1626/1626/1626 3294/3294/3294
f 1611/1611/1611 1626/1626/1626 3297/3297/3297
f 1611/1611/1611 3297/3297/3297 3262/3262/3262
f 3262/3262/3262 3265/3265/3265 1611/1611/1611
f 1611/1611/1611 3265/3265/3265 1615/1615/1615
f 3267/3267/3267 1615/1615/1615 3265/3265/3265
f 3140/3140/3140 1615/1615/1615 3267/3267/3267
f 3290/3290/3290 3140/3140/3140 3267/3267/3267
f 3142/3142/3142 3140/3140/3140 3290/3290/3290
f 3266/3266/3266 3294/3294/3294 3314/3314/3314
f 3266/3266/3266 3271/3271/3271 3294/3294/3294
f 3297/3297/3297 3294/3294/3294 3271/3271/3271
f 3271/3271/3271 3270/3270/3270 3297/3297/3297
f 3297/3297/3297 3270/3270/3270 3262/3262/3262
f 3270/3270/3270 3302/3302/3302 3262/3262/3262
f 3262/3262/3262 3302/3302/3302 3265/3265/3265
f 3267/3267/3267 3265/3265/3265 3302/3302/3302
f 3317/3317/3317 3267/3267/3267 3302/3302/3302
f 3290/3290/3290 3267/3267/3267 3317/3317/3317
f 3272/3272/3272 3271/3271/3271 3266/3266/3266
f 3272/3272/3272 3306/3306/3306 3271/3271/3271
f 3271/3271/3271 3306/3306/3306 3270/3270/3270
f 3270/3270/3270 3306/3306/3306 1614/1614/1614
f 3302/3302/3302 3270/3270/3270 1614/1614/1614
f 1614/1614/1614 3317/3317/3317 3302/3302/3302
f 3313/3313/3313 3317/3317/3317 1614/1614/1614
f 3317/3317/3317 3313/3313/3313 3304/3304/3304
f 3319/3319/3319 3317/3317/3317 3304/3304/3304
f 3290/3290/3290 3317/3317/3317 3319/3319/3319
f 3308/3308/3308 3306/3306/3306 3272/3272/3272
f 1652/1652/1652 3306/3306/3306 3308/3308/3308
f 1651/1651/1651 3306/3306/3306 1652/1652/1652
f 1651/1651/1651 1648/1648/1648 3306/3306/3306
f 3306/3306/3306 1648/1648/1648 1614/1614/1614
f 1614/1614/1614 1648/1648/1648 3313/3313/3313
f 3313/3313/3313 1648/1648/1648 1641/1641/1641
f 1641/1641/1641 3309/3309/3309 3313/3313/3313
f 3304/3304/3304 3313/3313/3313 3309/3309/3309
f 1652/1652/1652 3308/3308/3308 1650/1650/1650
f 1652/1652/1652 1650/1650/1650 1632/1632/1632
f 1632/1632/1632 1651/1651/1651 1652/1652/1652
f 1525/1525/1525 1651/1651/1651 1632/1632/1632
f 1525/1525/1525 1648/1648/1648 1651/1651/1651
f 1522/1522/1522 1648/1648/1648 1525/1525/1525
f 1521/1521/1521 1648/1648/1648 1522/1522/1522
f 1521/1521/1521 1641/1641/1641 1648/1648/1648
f 1645/1645/1645 1641/1641/1641 1521/1521/1521
f 1641/1641/1641 1645/1645/1645 1646/1646/1646
f 1646/1646/1646 3309/3309/3309 1641/1641/1641
f 1632/1632/1632 1650/1650/1650 1635/1635/1635
f 1635/1635/1635 1556/1556/1556 1632/1632/1632
f 1632/1632/1632 1556/1556/1556 1557/1557/1557
f 1557/1557/1557 1590/1590/1590 1632/1632/1632
f 1632/1632/1632 1590/1590/1590 1525/1525/1525
f 1602/1602/1602 1525/1525/1525 1590/1590/1590
f 1522/1522/1522 1525/1525/1525 1602/1602/1602
f 1602/1602/1602 1521/1521/1521 1522/1522/1522
f 1560/1560/1560 1521/1521/1521 1602/1602/1602
f 1521/1521/1521 1560/1560/1560 1645/1645/1645
f 1645/1645/1645 1560/1560/1560 1562/1562/1562
f 1562/1562/1562 1639/1639/1639 1645/1645/1645
f 1646/1646/1646 1645/1645/1645 1639/1639/1639
f 1554/1554/1554 1557/1557/1557 1556/1556/1556
f 1558/1558/1558 1557/1557/1557 1554/1554/1554
f 1558/1558/1558 1559/1559/1559 1557/1557/1557
f 1557/1557/1557 1559/1559/1559 1590/1590/1590
f 1596/1596/1596 1590/1590/1590 1559/1559/1559
f 1602/1602/1602 1590/1590/1590 1596/1596/1596
f 1596/1596/1596 1561/1561/1561 1602/1602/1602
f 1602/1602/1602 1561/1561/1561 1560/1560/1560
f 1560/1560/1560 1561/1561/1561 1562/1562/1562
f 1562/1562/1562 1561/1561/1561 1601/1601/1601
f 1562/1562/1562 1601/1601/1601 1603/1603/1603
f 1562/1562/1562 1603/1603/1603 1593/1593/1593
f 1593/1593/1593 1639/1639/1639 1562/1562/1562
f 1593/1593/1593 1634/1634/1634 1639/1639/1639
f 1649/1649/1649 1639/1639/1639 1634/1634/1634
f 1646/1646/1646 1639/1639/1639 1649/1649/1649
f 1649/1649/1649 3307/3307/3307 1646/1646/1646
f 1646/1646/1646 3307/3307/3307 3309/3309/3309
f 1581/1581/1581 1603/1603/1603 1601/1601/1601
f 1580/1580/1580 1603/1603/1603 1581/1581/1581
f 1603/1603/1603 1580/1580/1580 1593/1593/1593
f 1593/1593/1593 1580/1580/1580 3311/3311/3311
f 3311/3311/3311 1634/1634/1634 1593/1593/1593
f 1612/1612/1612 1634/1634/1634 3311/3311/3311
f 1606/1606/1606 1634/1634/1634 1612/1612/1612
f 1524/1524/1524 1634/1634/1634 1606/1606/1606
f 1524/1524/1524 1649/1649/1649 1634/1634/1634
f 1640/1640/1640 1649/1649/1649 1524/1524/1524
f 1640/1640/1640 3307/3307/3307 1649/1649/1649
f 1580/1580/1580 1581/1581/1581 3286/3286/3286
f 3286/3286/3286 1606/1606/1606 1580/1580/1580
f 1580/1580/1580 1606/1606/1606 1612/1612/1612
f 3311/3311/3311 1580/1580/1580 1612/1612/1612
f 3286/3286/3286 1581/1581/1581 3287/3287/3287
f 3287/3287/3287 1606/1606/1606 3286/3286/3286
f 1617/1617/1617 1606/1606/1606 3287/3287/3287
f 1606/1606/1606 1617/1617/1617 1524/1524/1524
f 1524/1524/1524 1617/1617/1617 1631/1631/1631
f 1524/1524/1524 1631/1631/1631 1640/1640/1640
f 1640/1640/1640 1631/1631/1631 1642/1642/1642
f 1642/1642/1642 3307/3307/3307 1640/1640/1640
f 1647/1647/1647 1617/1617/1617 3287/3287/3287
f 1647/1647/1647 1764/1764/1764 1617/1617/1617
f 1764/1764/1764 1631/1631/1631 1617/1617/1617
f 1638/1638/1638 1631/1631/1631 1764/1764/1764
f 1631/1631/1631 1638/1638/1638 1642/1642/1642
f 1642/1642/1642 1638/1638/1638 1608/1608/1608
f 1642/1642/1642 1608/1608/1608 3305/3305/3305
f 3305/3305/3305 3307/3307/3307 1642/1642/1642
f 3305/3305/3305 3303/3303/3303 3307/3307/3307
f 3304/3304/3304 3307/3307/3307 3303/3303/3303
f 3309/3309/3309 3307/3307/3307 3304/3304/3304
f 1636/1636/1636 1764/1764/1764 1647/1647/1647
f 1636/1636/1636 1633/1633/1633 1764/1764/1764
f 1764/1764/1764 1633/1633/1633 1543/1543/1543
f 1543/1543/1543 1638/1638/1638 1764/1764/1764
f 1637/1637/1637 1638/1638/1638 1543/1543/1543
f 1637/1637/1637 1608/1608/1608 1638/1638/1638
f 1600/1600/1600 1608/1608/1608 1637/1637/1637
f 1600/1600/1600 3310/3310/3310 1608/1608/1608
f 1608/1608/1608 3310/3310/3310 3316/3316/3316
f 3305/3305/3305 1608/1608/1608 3316/3316/3316
f 3305/3305/3305 3316/3316/3316 3301/3301/3301
f 3301/3301/3301 3303/3303/3303 3305/3305/3305
f 1546/1546/1546 1543/1543/1543 1633/1633/1633
f 1545/1545/1545 1543/1543/1543 1546/1546/1546
f 1543/1543/1543 1545/1545/1545 1637/1637/1637
f 1637/1637/1637 1545/1545/1545 1523/1523/1523
f 1637/1637/1637 1523/1523/1523 1600/1600/1600
f 1600/1600/1600 1523/1523/1523 1609/1609/1609
f 3312/3312/3312 1600/1600/1600 1609/1609/1609
f 3310/3310/3310 1600/1600/1600 3312/3312/3312
f 3310/3310/3310 3312/3312/3312 3298/3298/3298
f 3310/3310/3310 3298/3298/3298 3268/3268/3268
f 3268/3268/3268 3316/3316/3316 3310/3310/3310
f 1548/1548/1548 1545/1545/1545 1546/1546/1546
f 1622/1622/1622 1545/1545/1545 1548/1548/1548
f 1523/1523/1523 1545/1545/1545 1622/1622/1622
f 3298/3298/3298 3312/3312/3312 3318/3318/3318
f 3318/3318/3318 3320/3320/3320 3298/3298/3298
f 3298/3298/3298 3320/3320/3320 3259/3259/3259
f 3298/3298/3298 3259/3259/3259 3268/3268/3268
f 3268/3268/3268 3259/3259/3259 3292/3292/3292
f 3291/3291/3291 3268/3268/3268 3292/3292/3292
f 3269/3269/3269 3268/3268/3268 3291/3291/3291
f 3269/3269/3269 3316/3316/3316 3268/3268/3268
f 3301/3301/3301 3316/3316/3316 3269/3269/3269
f 3293/3293/3293 3320/3320/3320 3318/3318/3318
f 3293/3293/3293 1616/1616/1616 3320/3320/3320
f 3320/3320/3320 1616/1616/1616 1624/1624/1624
f 1624/1624/1624 3259/3259/3259 3320/3320/3320
f 1623/1623/1623 3259/3259/3259 1624/1624/1624
f 1623/1623/1623 3292/3292/3292 3259/3259/3259
f 3321/3321/3321 3292/3292/3292 1623/1623/1623
f 3321/3321/3321 3291/3291/3291 3292/3292/3292
f 1625/1625/1625 3291/3291/3291 3321/3321/3321
f 3291/3291/3291 1625/1625/1625 3224/3224/3224
f 3291/3291/3291 3224/3224/3224 3269/3269/3269
f 3224/3224/3224 3241/3241/3241 3269/3269/3269
f 3241/3241/3241 3301/3301/3301 3269/3269/3269
f 1616/1616/1616 3112/3112/3112 1624/1624/1624
f 1624/1624/1624 3112/3112/3112 3115/3115/3115
f 3115/3115/3115 1623/1623/1623 1624/1624/1624
f 3111/3111/3111 1623/1623/1623 3115/3115/3115
f 1623/1623/1623 3111/3111/3111 3321/3321/3321
f 3321/3321/3321 3111/3111/3111 3114/3114/3114
f 3114/3114/3114 1625/1625/1625 3321/3321/3321
f 3117/3117/3117 1625/1625/1625 3114/3114/3114
f 1625/1625/1625 3117/3117/3117 3226/3226/3226
f 3241/3241/3241 1625/1625/1625 3226/3226/3226
f 3224/3224/3224 1625/1625/1625 3241/3241/3241
f 3112/3112/3112 3113/3113/3113 3115/3115/3115
f 3115/3115/3115 3113/3113/3113 3123/3123/3123
f 3123/3123/3123 3126/3126/3126 3115/3115/3115
f 3115/3115/3115 3126/3126/3126 3111/3111/3111
f 3111/3111/3111 3126/3126/3126 3114/3114/3114
f 3114/3114/3114 3126/3126/3126 3116/3116/3116
f 3114/3114/3114 3116/3116/3116 3117/3117/3117
f 3117/3117/3117 3116/3116/3116 3124/3124/3124
f 3122/3122/3122 3117/3117/3117 3124/3124/3124
f 3117/3117/3117 3122/3122/3122 3139/3139/3139
f 3226/3226/3226 3117/3117/3117 3139/3139/3139
f 3226/3226/3226 3139/3139/3139 3255/3255/3255
f 3255/3255/3255 3296/3296/3296 3226/3226/3226
f 3241/3241/3241 3226/3226/3226 3296/3296/3296
f 3296/3296/3296 3301/3301/3301 3241/3241/3241
f 3295/3295/3295 3301/3301/3301 3296/3296/3296
f 3303/3303/3303 3301/3301/3301 3295/3295/3295
f 3139/3139/3139 3122/3122/3122 3101/3101/3101
f 3139/3139/3139 3101/3101/3101 3105/3105/3105
f 3255/3255/3255 3139/3139/3139 3105/3105/3105
f 3105/3105/3105 2985/2985/2985 3255/3255/3255
f 2983/2983/2983 3255/3255/3255 2985/2985/2985
f 2993/2993/2993 3255/3255/3255 2983/2983/2983
f 3255/3255/3255 2993/2993/2993 3225/3225/3225
f 3295/3295/3295 3255/3255/3255 3225/3225/3225
f 3295/3295/3295 3296/3296/3296 3255/3255/3255
f 3105/3105/3105 3101/3101/3101 3138/3138/3138
f 3138/3138/3138 3136/3136/3136 3105/3105/3105
f 3136/3136/3136 2985/2985/2985 3105/3105/3105
f 2985/2985/2985 3136/3136/3136 2990/2990/2990
f 2990/2990/2990 2938/2938/2938 2985/2985/2985
f 2985/2985/2985 2938/2938/2938 2983/2983/2983
f 2938/2938/2938 3120/3120/3120 2983/2983/2983
f 2983/2983/2983 3120/3120/3120 2993/2993/2993
f 3225/3225/3225 2993/2993/2993 3120/3120/3120
f 3120/3120/3120 2986/2986/2986 3225/3225/3225
f 3225/3225/3225 2986/2986/2986 3228/3228/3228
f 3225/3225/3225 3228/3228/3228 3295/3295/3295
f 3137/3137/3137 3136/3136/3136 3138/3138/3138
f 3136/3136/3136 3137/3137/3137 3128/3128/3128
f 2990/2990/2990 3136/3136/3136 3128/3128/3128
f 3128/3128/3128 3109/3109/3109 2990/2990/2990
f 2990/2990/2990 3109/3109/3109 2981/2981/2981
f 2990/2990/2990 2981/2981/2981 2938/2938/2938
f 2938/2938/2938 2981/2981/2981 2939/2939/2939
f 2934/2934/2934 2938/2938/2938 2939/2939/2939
f 2986/2986/2986 2938/2938/2938 2934/2934/2934
f 2986/2986/2986 3120/3120/3120 2938/2938/2938
f 3128/3128/3128 3137/3137/3137 3127/3127/3127
f 3127/3127/3127 3109/3109/3109 3128/3128/3128
f 3108/3108/3108 3109/3109/3109 3127/3127/3127
f 3103/3103/3103 3109/3109/3109 3108/3108/3108
f 3102/3102/3102 3109/3109/3109 3103/3103/3103
f 3102/3102/3102 2981/2981/2981 3109/3109/3109
f 3237/3237/3237 2981/2981/2981 3102/3102/3102
f 2981/2981/2981 3237/3237/3237 2939/2939/2939
f 2939/2939/2939 3237/3237/3237 3119/3119/3119
f 2939/2939/2939 3119/3119/3119 2934/2934/2934
f 2934/2934/2934 3119/3119/3119 3227/3227/3227
f 3228/3228/3228 2934/2934/2934 3227/3227/3227
f 2986/2986/2986 2934/2934/2934 3228/3228/3228
f 3121/3121/3121 3102/3102/3102 3103/3103/3103
f 3110/3110/3110 3102/3102/3102 3121/3121/3121
f 3110/3110/3110 3237/3237/3237 3102/3102/3102
f 3142/3142/3142 3237/3237/3237 3110/3110/3110
f 3290/3290/3290 3237/3237/3237 3142/3142/3142
f 3227/3227/3227 3237/3237/3237 3290/3290/3290
f 3227/3227/3227 3119/3119/3119 3237/3237/3237
f 3227/3227/3227 3290/3290/3290 3319/3319/3319
f 3228/3228/3228 3227/3227/3227 3319/3319/3319
f 3228/3228/3228 3319/3319/3319 3295/3295/3295
f 3319/3319/3319 3304/3304/3304 3295/3295/3295
f 3295/3295/3295 3304/3304/3304 3303/3303/3303
f 3252/3252/3252 1459/1459/1459 3288/3288/3288
f 3288/3288/3288 1459/1459/1459 3181/3181/3181
f 3273/3273/3273 3288/3288/3288 3181/3181/3181
f 3273/3273/3273 3275/3275/3275 3288/3288/3288
f 3250/3250/3250 3275/3275/3275 3273/3273/3273
f 3275/3275/3275 3250/3250/3250 2465/2465/2465
f 2465/2465/2465 3250/3250/3250 3251/3251/3251
f 3181/3181/3181 1459/1459/1459 3299/3299/3299
f 3299/3299/3299 3244/3244/3244 3181/3181/3181
f 3181/3181/3181 3244/3244/3244 3273/3273/3273
f 3238/3238/3238 3273/3273/3273 3244/3244/3244
f 3250/3250/3250 3273/3273/3273 3238/3238/3238
f 3249/3249/3249 3250/3250/3250 3238/3238/3238
f 3251/3251/3251 3250/3250/3250 3249/3249/3249
f 3251/3251/3251 3249/3249/3249 3248/3248/3248
f 3248/3248/3248 3129/3129/3129 3251/3251/3251
f 3299/3299/3299 1459/1459/1459 3300/3300/3300
f 2485/2485/2485 3299/3299/3299 3300/3300/3300
f 3244/3244/3244 3299/3299/3299 2485/2485/2485
f 2485/2485/2485 2487/2487/2487 3244/3244/3244
f 3244/3244/3244 2487/2487/2487 3238/3238/3238
f 2487/2487/2487 3249/3249/3249 3238/3238/3238
f 3277/3277/3277 3249/3249/3249 2487/2487/2487
f 3248/3248/3248 3249/3249/3249 3277/3277/3277
f 3248/3248/3248 3277/3277/3277 3242/3242/3242
f 3242/3242/3242 3129/3129/3129 3248/3248/3248
f 3289/3289/3289 3129/3129/3129 3242/3242/3242
f 3289/3289/3289 3242/3242/3242 3130/3130/3130
f 3130/3130/3130 3242/3242/3242 3245/3245/3245
f 3281/3281/3281 3130/3130/3130 3245/3245/3245
f 3132/3132/3132 3130/3130/3130 3281/3281/3281
f 2487/2487/2487 2493/2493/2493 3277/3277/3277
f 3243/3243/3243 3277/3277/3277 2493/2493/2493
f 3242/3242/3242 3277/3277/3277 3243/3243/3243
f 3242/3242/3242 3243/3243/3243 3245/3245/3245
f 3245/3245/3245 3243/3243/3243 3246/3246/3246
f 3246/3246/3246 3281/3281/3281 3245/3245/3245
f 3247/3247/3247 3281/3281/3281 3246/3246/3246
f 3281/3281/3281 3247/3247/3247 3280/3280/3280
f 3281/3281/3281 3280/3280/3280 3132/3132/3132
f 3132/3132/3132 3280/3280/3280 3279/3279/3279
f 3280/3280/3280 3240/3240/3240 3279/3279/3279
f 3279/3279/3279 3240/3240/3240 3283/3283/3283
f 2493/2493/2493 3246/3246/3246 3243/3243/3243
f 2486/2486/2486 3246/3246/3246 2493/2493/2493
f 2486/2486/2486 3247/3247/3247 3246/3246/3246
f 2486/2486/2486 3282/3282/3282 3247/3247/3247
f 3280/3280/3280 3247/3247/3247 3282/3282/3282
f 3282/3282/3282 3239/3239/3239 3280/3280/3280
f 3280/3280/3280 3239/3239/3239 3240/3240/3240
f 3239/3239/3239 3180/3180/3180 3240/3240/3240
f 3276/3276/3276 3240/3240/3240 3180/3180/3180
f 3283/3283/3283 3240/3240/3240 3276/3276/3276
f 1895/1895/1895 3282/3282/3282 2486/2486/2486
f 1895/1895/1895 3239/3239/3239 3282/3282/3282
f 1461/1461/1461 3180/3180/3180 3239/3239/3239
f 3180/3180/3180 1461/1461/1461 3176/3176/3176
f 3176/3176/3176 3276/3276/3276 3180/3180/3180
f 3223/3223/3223 3276/3276/3276 3176/3176/3176
f 3179/3179/3179 3223/3223/3223 3176/3176/3176
f 3278/3278/3278 3223/3223/3223 3179/3179/3179
f 1460/1460/1460 3278/3278/3278 3179/3179/3179
f 3131/3131/3131 3278/3278/3278 1460/1460/1460
f 3176/3176/3176 1461/1461/1461 3177/3177/3177
f 3177/3177/3177 3178/3178/3178 3176/3176/3176
f 3176/3176/3176 3178/3178/3178 3179/3179/3179
f 1456/1456/1456 3179/3179/3179 3178/3178/3178
f 1460/1460/1460 3179/3179/3179 1456/1456/1456
f 3168/3168/3168 3170/3170/3170 1448/1448/1448
f 1448/1448/1448 3170/3170/3170 3323/3323/3323
f 3170/3170/3170 3165/3165/3165 3323/3323/3323
f 3165/3165/3165 3322/3322/3322 3323/3323/3323
f 3233/3233/3233 3322/3322/3322 3165/3165/3165
f 3233/3233/3233 3165/3165/3165 3166/3166/3166
f 3166/3166/3166 3165/3165/3165 1679/1679/1679
f 3335/3335/3335 3166/3166/3166 1679/1679/1679
f 3335/3335/3335 1679/1679/1679 3367/3367/3367
f 1452/1452/1452 3165/3165/3165 3170/3170/3170
f 1452/1452/1452 1679/1679/1679 3165/3165/3165
f 1450/1450/1450 1679/1679/1679 1452/1452/1452
f 1679/1679/1679 1450/1450/1450 1678/1678/1678
f 1678/1678/1678 3361/3361/3361 1679/1679/1679
f 1679/1679/1679 3361/3361/3361 3363/3363/3363
f 3367/3367/3367 1679/1679/1679 3363/3363/3363
f 3367/3367/3367 3363/3363/3363 3362/3362/3362
f 3362/3362/3362 3363/3363/3363 3361/3361/3361
f 3361/3361/3361 3350/3350/3350 3362/3362/3362
f 3376/3376/3376 3350/3350/3350 3361/3361/3361
f 3376/3376/3376 3372/3372/3372 3350/3350/3350
f 1678/1678/1678 1450/1450/1450 3149/3149/3149
f 3149/3149/3149 1677/1677/1677 1678/1678/1678
f 3376/3376/3376 1678/1678/1678 1677/1677/1677
f 3361/3361/3361 1678/1678/1678 3376/3376/3376
f 3158/3158/3158 1677/1677/1677 3149/3149/3149
f 1677/1677/1677 3158/3158/3158 3156/3156/3156
f 3374/3374/3374 1677/1677/1677 3156/3156/3156
f 3374/3374/3374 3376/3376/3376 1677/1677/1677
f 1687/1687/1687 3376/3376/3376 3374/3374/3374
f 1687/1687/1687 3372/3372/3372 3376/3376/3376
f 1687/1687/1687 3371/3371/3371 3372/3372/3372
f 3371/3371/3371 3370/3370/3370 3372/3372/3372
f 3371/3371/3371 3373/3373/3373 3370/3370/3370
f 3370/3370/3370 3373/3373/3373 3375/3375/3375
f 2497/2497/2497 3156/3156/3156 3158/3158/3158
f 3156/3156/3156 2497/2497/2497 1451/1451/1451
f 1451/1451/1451 3374/3374/3374 3156/3156/3156
f 3373/3373/3373 3374/3374/3374 1451/1451/1451
f 3371/3371/3371 3374/3374/3374 3373/3373/3373
f 1687/1687/1687 3374/3374/3374 3371/3371/3371
f 2497/2497/2497 2488/2488/2488 1451/1451/1451
f 1451/1451/1451 2488/2488/2488 1458/1458/1458
f 1451/1451/1451 1458/1458/1458 3373/3373/3373
f 3373/3373/3373 1458/1458/1458 3375/3375/3375
f 1458/1458/1458 1457/1457/1457 3375/3375/3375
f 3375/3375/3375 1457/1457/1457 3173/3173/3173
f 1457/1457/1457 3174/3174/3174 3173/3173/3173
f 3173/3173/3173 3174/3174/3174 3172/3172/3172
f 3174/3174/3174 3161/3161/3161 3172/3172/3172
f 1458/1458/1458 2488/2488/2488 1457/1457/1457
f 2488/2488/2488 1921/1921/1921 1457/1457/1457
f 1457/1457/1457 1921/1921/1921 3174/3174/3174
f 3164/3164/3164 3161/3161/3161 3174/3174/3174
f 3161/3161/3161 3164/3164/3164 3150/3150/3150
f 3231/3231/3231 3232/3232/3232 3229/3229/3229
f 3231/3231/3231 3160/3160/3160 3232/3232/3232
f 3160/3160/3160 3231/3231/3231 3336/3336/3336
f 3325/3325/3325 3336/3336/3336 3231/3231/3231
f 3336/3336/3336 3325/3325/3325 3333/3333/3333
f 3336/3336/3336 3333/3333/3333 3329/3329/3329
f 3329/3329/3329 3333/3333/3333 3449/3449/3449
f 3449/3449/3449 3333/3333/3333 3327/3327/3327
f 3327/3327/3327 3333/3333/3333 3254/3254/3254
f 3325/3325/3325 3231/3231/3231 3254/3254/3254
f 3254/3254/3254 3333/3333/3333 3325/3325/3325
f 3230/3230/3230 3235/3235/3235 3332/3332/3332
f 3235/3235/3235 3230/3230/3230 3343/3343/3343
f 3343/3343/3343 3230/3230/3230 3334/3334/3334
f 3343/3343/3343 3334/3334/3334 3331/3331/3331
f 3331/3331/3331 3334/3334/3334 3328/3328/3328
f 3234/3234/3234 3331/3331/3331 3328/3328/3328
f 3326/3326/3326 3331/3331/3331 3234/3234/3234
f 3400/3400/3400 1485/1485/1485 1685/1685/1685
f 1485/1485/1485 3400/3400/3400 1511/1511/1511
f 1485/1485/1485 1511/1511/1511 1484/1484/1484
f 1483/1483/1483 1485/1485/1485 1484/1484/1484
f 1511/1511/1511 3400/3400/3400 1512/1512/1512
f 1512/1512/1512 1503/1503/1503 1511/1511/1511
f 3426/3426/3426 1511/1511/1511 1503/1503/1503
f 3431/3431/3431 1511/1511/1511 3426/3426/3426
f 1511/1511/1511 3431/3431/3431 1484/1484/1484
f 3431/3431/3431 3430/3430/3430 1484/1484/1484
f 3431/3431/3431 3426/3426/3426 3430/3430/3430
f 3430/3430/3430 3426/3426/3426 3389/3389/3389
f 1504/1504/1504 1503/1503/1503 1512/1512/1512
f 1504/1504/1504 3399/3399/3399 1503/1503/1503
f 3399/3399/3399 3429/3429/3429 1503/1503/1503
f 1503/1503/1503 3429/3429/3429 3426/3426/3426
f 3429/3429/3429 3389/3389/3389 3426/3426/3426
f 3354/3354/3354 3389/3389/3389 3429/3429/3429
f 3360/3360/3360 3389/3389/3389 3354/3354/3354
f 3354/3354/3354 3357/3357/3357 3360/3360/3360
f 3432/3432/3432 3357/3357/3357 3354/3354/3354
f 3451/3451/3451 3399/3399/3399 1504/1504/1504
f 3354/3354/3354 3429/3429/3429 3432/3432/3432
f 3432/3432/3432 3429/3429/3429 3398/3398/3398
f 3398/3398/3398 3433/3433/3433 3432/3432/3432
f 3398/3398/3398 3358/3358/3358 3433/3433/3433
f 3397/3397/3397 3358/3358/3358 3398/3398/3398
f 3397/3397/3397 3399/3399/3399 3358/3358/3358
f 3397/3397/3397 3398/3398/3398 3399/3399/3399
f 3399/3399/3399 3398/3398/3398 3429/3429/3429
f 4138/4138/4138 3556/3556/3556 3557/3557/3557
f 3710/3710/3710 3556/3556/3556 4138/4138/4138
f 3664/3664/3664 3556/3556/3556 3710/3710/3710
f 3664/3664/3664 4137/4137/4137 3556/3556/3556
f 3663/3663/3663 4137/4137/4137 3664/3664/3664
f 3710/3710/3710 3663/3663/3663 3664/3664/3664
f 3662/3662/3662 3663/3663/3663 3710/3710/3710
f 3662/3662/3662 3710/3710/3710 3711/3711/3711
f 4138/4138/4138 3725/3725/3725 3710/3710/3710
f 3725/3725/3725 3711/3711/3711 3710/3710/3710
f 3712/3712/3712 3711/3711/3711 3725/3725/3725
f 3712/3712/3712 3725/3725/3725 3658/3658/3658
f 3658/3658/3658 3725/3725/3725 3657/3657/3657
f 3578/3578/3578 3658/3658/3658 3657/3657/3657
f 3677/3677/3677 3658/3658/3658 3578/3578/3578
f 3552/3552/3552 3725/3725/3725 4138/4138/4138
f 3552/3552/3552 3657/3657/3657 3725/3725/3725
f 3578/3578/3578 3657/3657/3657 3552/3552/3552
f 3578/3578/3578 3552/3552/3552 3682/3682/3682
f 3682/3682/3682 3677/3677/3677 3578/3578/3578
f 3674/3674/3674 3677/3677/3677 3682/3682/3682
f 3659/3659/3659 3677/3677/3677 3674/3674/3674
f 3676/3676/3676 3677/3677/3677 3659/3659/3659
f 3552/3552/3552 4138/4138/4138 3555/3555/3555
f 3729/3729/3729 3552/3552/3552 3555/3555/3555
f 3729/3729/3729 3682/3682/3682 3552/3552/3552
f 3683/3683/3683 3682/3682/3682 3729/3729/3729
f 3682/3682/3682 3683/3683/3683 3678/3678/3678
f 3674/3674/3674 3682/3682/3682 3678/3678/3678
f 3675/3675/3675 3674/3674/3674 3678/3678/3678
f 3659/3659/3659 3674/3674/3674 3675/3675/3675
f 3554/3554/3554 3555/3555/3555 4138/4138/4138
f 3555/3555/3555 3554/3554/3554 3729/3729/3729
f 3729/3729/3729 3554/3554/3554 3685/3685/3685
f 3685/3685/3685 3716/3716/3716 3729/3729/3729
f 3729/3729/3729 3716/3716/3716 3683/3683/3683
f 3683/3683/3683 3716/3716/3716 3728/3728/3728
f 3728/3728/3728 3681/3681/3681 3683/3683/3683
f 3683/3683/3683 3681/3681/3681 3678/3678/3678
f 3713/3713/3713 3678/3678/3678 3681/3681/3681
f 3713/3713/3713 3679/3679/3679 3678/3678/3678
f 3678/3678/3678 3679/3679/3679 3675/3675/3675
f 4011/4011/4011 2556/2556/2556 2480/2480/2480
f 2556/2556/2556 2557/2557/2557 2480/2480/2480
f 2557/2557/2557 2492/2492/2492 2480/2480/2480
f 2482/2482/2482 2492/2492/2492 2557/2557/2557
f 2482/2482/2482 2512/2512/2512 2492/2492/2492
f 2514/2514/2514 2512/2512/2512 2482/2482/2482
f 2514/2514/2514 3838/3838/3838 2512/2512/2512
f 2513/2513/2513 2557/2557/2557 2556/2556/2556
f 2506/2506/2506 2513/2513/2513 2556/2556/2556
f 2546/2546/2546 2513/2513/2513 2506/2506/2506
f 2506/2506/2506 2676/2676/2676 2546/2546/2546
f 2510/2510/2510 2676/2676/2676 2506/2506/2506
f 2510/2510/2510 2642/2642/2642 2676/2676/2676
f 2641/2641/2641 2642/2642/2642 2510/2510/2510
f 2581/2581/2581 2642/2642/2642 2641/2641/2641
f 2574/2574/2574 2642/2642/2642 2581/2581/2581
f 2640/2640/2640 2642/2642/2642 2574/2574/2574
f 2506/2506/2506 2515/2515/2515 2510/2510/2510
f 2510/2510/2510 2515/2515/2515 2511/2511/2511
f 2573/2573/2573 2581/2581/2581 2641/2641/2641
f 2581/2581/2581 2678/2678/2678 2574/2574/2574
f 2878/2878/2878 2678/2678/2678 2581/2581/2581
f 2678/2678/2678 2878/2878/2878 2879/2879/2879
f 2879/2879/2879 2878/2878/2878 2880/2880/2880
f 4006/4006/4006 3626/3626/3626 4171/4171/4171
f 4171/4171/4171 3626/3626/3626 4184/4184/4184
f 4171/4171/4171 4184/4184/4184 4167/4167/4167
f 4180/4180/4180 4171/4171/4171 4167/4167/4167
f 4163/4163/4163 4171/4171/4171 4180/4180/4180
f 4180/4180/4180 4158/4158/4158 4163/4163/4163
f 3626/3626/3626 3636/3636/3636 4184/4184/4184
f 3636/3636/3636 3603/3603/3603 4184/4184/4184
f 4184/4184/4184 3603/3603/3603 4183/4183/4183
f 4184/4184/4184 4183/4183/4183 4167/4167/4167
f 4221/4221/4221 4167/4167/4167 4183/4183/4183
f 4216/4216/4216 4167/4167/4167 4221/4221/4221
f 4216/4216/4216 4285/4285/4285 4167/4167/4167
f 4285/4285/4285 4286/4286/4286 4167/4167/4167
f 4167/4167/4167 4286/4286/4286 4180/4180/4180
f 3636/3636/3636 3694/3694/3694 3603/3603/3603
f 3656/3656/3656 3603/3603/3603 3694/3694/3694
f 3696/3696/3696 3603/3603/3603 3656/3656/3656
f 3603/3603/3603 3696/3696/3696 4183/4183/4183
f 3696/3696/3696 4221/4221/4221 4183/4183/4183
f 3654/3654/3654 4221/4221/4221 3696/3696/3696
f 3695/3695/3695 4221/4221/4221 3654/3654/3654
f 4181/4181/4181 4221/4221/4221 3695/3695/3695
f 4181/4181/4181 4216/4216/4216 4221/4221/4221
f 3610/3610/3610 3694/3694/3694 3636/3636/3636
f 3595/3595/3595 3694/3694/3694 3610/3610/3610
f 3631/3631/3631 3694/3694/3694 3595/3595/3595
f 3634/3634/3634 3694/3694/3694 3631/3631/3631
f 3656/3656/3656 3694/3694/3694 3634/3634/3634
f 3990/3990/3990 3656/3656/3656 3634/3634/3634
f 3869/3869/3869 3656/3656/3656 3990/3990/3990
f 3869/3869/3869 3696/3696/3696 3656/3656/3656
f 3605/3605/3605 3696/3696/3696 3869/3869/3869
f 3605/3605/3605 3654/3654/3654 3696/3696/3696
f 3610/3610/3610 3835/3835/3835 3595/3595/3595
f 3595/3595/3595 3835/3835/3835 3597/3597/3597
f 3597/3597/3597 3631/3631/3631 3595/3595/3595
f 3601/3601/3601 3631/3631/3631 3597/3597/3597
f 3604/3604/3604 3631/3631/3631 3601/3601/3601
f 3634/3634/3634 3631/3631/3631 3604/3604/3604
f 4116/4116/4116 3634/3634/3634 3604/3604/3604
f 3990/3990/3990 3634/3634/3634 4116/4116/4116
f 4116/4116/4116 3655/3655/3655 3990/3990/3990
f 3655/3655/3655 3695/3695/3695 3990/3990/3990
f 3990/3990/3990 3695/3695/3695 3869/3869/3869
f 3868/3868/3868 3597/3597/3597 3835/3835/3835
f 4128/4128/4128 3597/3597/3597 3868/3868/3868
f 4128/4128/4128 3601/3601/3601 3597/3597/3597
f 3635/3635/3635 3601/3601/3601 4128/4128/4128
f 3625/3625/3625 3601/3601/3601 3635/3635/3635
f 3604/3604/3604 3601/3601/3601 3625/3625/3625
f 4015/4015/4015 3604/3604/3604 3625/3625/3625
f 4116/4116/4116 3604/3604/3604 4015/4015/4015
f 4015/4015/4015 3655/3655/3655 4116/4116/4116
f 3627/3627/3627 3655/3655/3655 4015/4015/4015
f 3627/3627/3627 4204/4204/4204 3655/3655/3655
f 3655/3655/3655 4204/4204/4204 4151/4151/4151
f 4151/4151/4151 3695/3695/3695 3655/3655/3655
f 4181/4181/4181 3695/3695/3695 4151/4151/4151
f 4151/4151/4151 4240/4240/4240 4181/4181/4181
f 4240/4240/4240 4216/4216/4216 4181/4181/4181
f 4240/4240/4240 2527/2527/2527 4216/4216/4216
f 2527/2527/2527 4285/4285/4285 4216/4216/4216
f 4205/4205/4205 4204/4204/4204 3627/3627/3627
f 4205/4205/4205 4164/4164/4164 4204/4204/4204
f 4164/4164/4164 4215/4215/4215 4204/4204/4204
f 4204/4204/4204 4215/4215/4215 4151/4151/4151
f 4215/4215/4215 4240/4240/4240 4151/4151/4151
f 4215/4215/4215 2495/2495/2495 4240/4240/4240
f 2495/2495/2495 2527/2527/2527 4240/4240/4240
f 2495/2495/2495 2498/2498/2498 2527/2527/2527
f 2499/2499/2499 2527/2527/2527 2498/2498/2498
f 2558/2558/2558 2527/2527/2527 2499/2499/2499
f 2558/2558/2558 4285/4285/4285 2527/2527/2527
f 4229/4229/4229 4164/4164/4164 4205/4205/4205
f 4229/4229/4229 2914/2914/2914 4164/4164/4164
f 2914/2914/2914 2522/2522/2522 4164/4164/4164
f 4164/4164/4164 2522/2522/2522 4215/4215/4215
f 2522/2522/2522 2495/2495/2495 4215/4215/4215
f 2522/2522/2522 2529/2529/2529 2495/2495/2495
f 2532/2532/2532 2495/2495/2495 2529/2529/2529
f 2498/2498/2498 2495/2495/2495 2532/2532/2532
f 2498/2498/2498 2532/2532/2532 2499/2499/2499
f 2535/2535/2535 2914/2914/2914 4229/4229/4229
f 2535/2535/2535 2553/2553/2553 2914/2914/2914
f 2914/2914/2914 2553/2553/2553 2555/2555/2555
f 2914/2914/2914 2555/2555/2555 2522/2522/2522
f 2522/2522/2522 2555/2555/2555 2503/2503/2503
f 2522/2522/2522 2503/2503/2503 2529/2529/2529
f 2518/2518/2518 2529/2529/2529 2503/2503/2503
f 2517/2517/2517 2529/2529/2529 2518/2518/2518
f 2589/2589/2589 2529/2529/2529 2517/2517/2517
f 2532/2532/2532 2529/2529/2529 2589/2589/2589
f 2553/2553/2553 2619/2619/2619 2555/2555/2555
f 2555/2555/2555 2619/2619/2619 2621/2621/2621
f 2621/2621/2621 2645/2645/2645 2555/2555/2555
f 2555/2555/2555 2645/2645/2645 2503/2503/2503
f 2645/2645/2645 2644/2644/2644 2503/2503/2503
f 2503/2503/2503 2644/2644/2644 2518/2518/2518
f 2644/2644/2644 2608/2608/2608 2518/2518/2518
f 2518/2518/2518 2608/2608/2608 2517/2517/2517
f 2608/2608/2608 2601/2601/2601 2517/2517/2517
f 2517/2517/2517 2601/2601/2601 2589/2589/2589
f 2619/2619/2619 4284/4284/4284 2621/2621/2621
f 2621/2621/2621 4284/4284/4284 4268/4268/4268
f 2621/2621/2621 4268/4268/4268 2645/2645/2645
f 2645/2645/2645 4268/4268/4268 4531/4531/4531
f 2645/2645/2645 4531/4531/4531 2644/2644/2644
f 2644/2644/2644 4531/4531/4531 2887/2887/2887
f 2644/2644/2644 2887/2887/2887 2608/2608/2608
f 2608/2608/2608 2887/2887/2887 4533/4533/4533
f 4533/4533/4533 4227/4227/4227 2608/2608/2608
f 2608/2608/2608 4227/4227/4227 2601/2601/2601
f 4269/4269/4269 4268/4268/4268 4284/4284/4284
f 4530/4530/4530 4268/4268/4268 4269/4269/4269
f 4268/4268/4268 4530/4530/4530 4531/4531/4531
f 4530/4530/4530 2892/2892/2892 4531/4531/4531
f 4531/4531/4531 2892/2892/2892 2887/2887/2887
f 2892/2892/2892 4533/4533/4533 2887/2887/2887
f 4532/4532/4532 4533/4533/4533 2892/2892/2892
f 4532/4532/4532 4237/4237/4237 4533/4533/4533
f 4533/4533/4533 4237/4237/4237 4227/4227/4227
f 4237/4237/4237 4306/4306/4306 4227/4227/4227
f 4227/4227/4227 4306/4306/4306 4333/4333/4333
f 4227/4227/4227 4333/4333/4333 2601/2601/2601
f 2601/2601/2601 4333/4333/4333 2603/2603/2603
f 2601/2601/2601 2603/2603/2603 2589/2589/2589
f 4532/4532/4532 2892/2892/2892 4282/4282/4282
f 4282/4282/4282 4237/4237/4237 4532/4532/4532
f 4305/4305/4305 4237/4237/4237 4282/4282/4282
f 4305/4305/4305 4310/4310/4310 4237/4237/4237
f 4237/4237/4237 4310/4310/4310 4306/4306/4306
f 4310/4310/4310 4330/4330/4330 4306/4306/4306
f 4306/4306/4306 4330/4330/4330 4337/4337/4337
f 4306/4306/4306 4337/4337/4337 4333/4333/4333
f 4333/4333/4333 4337/4337/4337 4332/4332/4332
f 4332/4332/4332 2603/2603/2603 4333/4333/4333
f 2587/2587/2587 2603/2603/2603 4332/4332/4332
f 2603/2603/2603 2587/2587/2587 2585/2585/2585
f 2589/2589/2589 2603/2603/2603 2585/2585/2585
f 2589/2589/2589 2585/2585/2585 2532/2532/2532
f 2585/2585/2585 4271/4271/4271 2532/2532/2532
f 2499/2499/2499 2532/2532/2532 4271/4271/4271
f 4330/4330/4330 4315/4315/4315 4337/4337/4337
f 4337/4337/4337 4315/4315/4315 4317/4317/4317
f 4337/4337/4337 4317/4317/4317 4332/4332/4332
f 4332/4332/4332 4317/4317/4317 4236/4236/4236
f 4332/4332/4332 4236/4236/4236 2587/2587/2587
f 2587/2587/2587 4236/4236/4236 2889/2889/2889
f 2631/2631/2631 2587/2587/2587 2889/2889/2889
f 2595/2595/2595 2587/2587/2587 2631/2631/2631
f 2585/2585/2585 2587/2587/2587 2595/2595/2595
f 2595/2595/2595 4271/4271/4271 2585/2585/2585
f 4316/4316/4316 4315/4315/4315 4330/4330/4330
f 4316/4316/4316 4339/4339/4339 4315/4315/4315
f 4315/4315/4315 4339/4339/4339 4342/4342/4342
f 4315/4315/4315 4342/4342/4342 4317/4317/4317
f 4317/4317/4317 4342/4342/4342 4318/4318/4318
f 4317/4317/4317 4318/4318/4318 4236/4236/4236
f 4236/4236/4236 4318/4318/4318 4304/4304/4304
f 4236/4236/4236 4304/4304/4304 2889/2889/2889
f 2889/2889/2889 4304/4304/4304 2890/2890/2890
f 2889/2889/2889 2890/2890/2890 2631/2631/2631
f 4339/4339/4339 2484/2484/2484 4342/4342/4342
f 4342/4342/4342 2484/2484/2484 4529/4529/4529
f 4529/4529/4529 4318/4318/4318 4342/4342/4342
f 4318/4318/4318 4529/4529/4529 4304/4304/4304
f 4304/4304/4304 4529/4529/4529 4525/4525/4525
f 4304/4304/4304 4525/4525/4525 2890/2890/2890
f 2890/2890/2890 4525/4525/4525 2893/2893/2893
f 2890/2890/2890 2893/2893/2893 2596/2596/2596
f 2631/2631/2631 2890/2890/2890 2596/2596/2596
f 2484/2484/2484 2544/2544/2544 4529/4529/4529
f 4529/4529/4529 2544/2544/2544 4338/4338/4338
f 4338/4338/4338 4525/4525/4525 4529/4529/4529
f 4526/4526/4526 4525/4525/4525 4338/4338/4338
f 4525/4525/4525 4526/4526/4526 2893/2893/2893
f 2893/2893/2893 4526/4526/4526 2891/2891/2891
f 2572/2572/2572 2893/2893/2893 2891/2891/2891
f 2502/2502/2502 2893/2893/2893 2572/2572/2572
f 2596/2596/2596 2893/2893/2893 2502/2502/2502
f 2502/2502/2502 2507/2507/2507 2596/2596/2596
f 2507/2507/2507 2631/2631/2631 2596/2596/2596
f 4338/4338/4338 2544/2544/2544 4314/4314/4314
f 4314/4314/4314 4341/4341/4341 4338/4338/4338
f 4338/4338/4338 4341/4341/4341 4526/4526/4526
f 2604/2604/2604 4526/4526/4526 4341/4341/4341
f 2891/2891/2891 4526/4526/4526 2604/2604/2604
f 2624/2624/2624 2891/2891/2891 2604/2604/2604
f 2572/2572/2572 2891/2891/2891 2624/2624/2624
f 2504/2504/2504 2572/2572/2572 2624/2624/2624
f 2519/2519/2519 2572/2572/2572 2504/2504/2504
f 2572/2572/2572 2519/2519/2519 2502/2502/2502
f 2519/2519/2519 2507/2507/2507 2502/2502/2502
f 4314/4314/4314 2544/2544/2544 4313/4313/4313
f 4527/4527/4527 4314/4314/4314 4313/4313/4313
f 4527/4527/4527 4326/4326/4326 4314/4314/4314
f 4336/4336/4336 4314/4314/4314 4326/4326/4326
f 4341/4341/4341 4314/4314/4314 4336/4336/4336
f 2606/2606/2606 4341/4341/4341 4336/4336/4336
f 2604/2604/2604 4341/4341/4341 2606/2606/2606
f 2604/2604/2604 2606/2606/2606 2624/2624/2624
f 2624/2624/2624 2606/2606/2606 2622/2622/2622
f 2624/2624/2624 2622/2622/2622 2504/2504/2504
f 4326/4326/4326 4527/4527/4527 4327/4327/4327
f 4331/4331/4331 4326/4326/4326 4327/4327/4327
f 4336/4336/4336 4326/4326/4326 4331/4331/4331
f 2883/2883/2883 4336/4336/4336 4331/4331/4331
f 2606/2606/2606 4336/4336/4336 2883/2883/2883
f 2606/2606/2606 2883/2883/2883 2622/2622/2622
f 2622/2622/2622 2883/2883/2883 2623/2623/2623
f 2520/2520/2520 2622/2622/2622 2623/2623/2623
f 2504/2504/2504 2622/2622/2622 2520/2520/2520
f 4327/4327/4327 4527/4527/4527 4340/4340/4340
f 4309/4309/4309 4327/4327/4327 4340/4340/4340
f 4279/4279/4279 4327/4327/4327 4309/4309/4309
f 4331/4331/4331 4327/4327/4327 4279/4279/4279
f 4331/4331/4331 4279/4279/4279 2883/2883/2883
f 2883/2883/2883 4279/4279/4279 2605/2605/2605
f 2883/2883/2883 2605/2605/2605 2623/2623/2623
f 2623/2623/2623 2605/2605/2605 2586/2586/2586
f 2586/2586/2586 4012/4012/4012 2623/2623/2623
f 4012/4012/4012 2520/2520/2520 2623/2623/2623
f 4244/4244/4244 4309/4309/4309 4340/4340/4340
f 4257/4257/4257 4309/4309/4309 4244/4244/4244
f 4279/4279/4279 4309/4309/4309 4257/4257/4257
f 4279/4279/4279 4257/4257/4257 2605/2605/2605
f 2605/2605/2605 4257/4257/4257 2607/2607/2607
f 2605/2605/2605 2607/2607/2607 2586/2586/2586
f 2586/2586/2586 2607/2607/2607 2584/2584/2584
f 2584/2584/2584 2525/2525/2525 2586/2586/2586
f 2586/2586/2586 2525/2525/2525 4012/4012/4012
f 4012/4012/4012 2525/2525/2525 2520/2520/2520
f 4257/4257/4257 4244/4244/4244 4334/4334/4334
f 2884/2884/2884 4257/4257/4257 4334/4334/4334
f 2607/2607/2607 4257/4257/4257 2884/2884/2884
f 2566/2566/2566 2607/2607/2607 2884/2884/2884
f 2584/2584/2584 2607/2607/2607 2566/2566/2566
f 2494/2494/2494 2584/2584/2584 2566/2566/2566
f 2525/2525/2525 2584/2584/2584 2494/2494/2494
f 2500/2500/2500 2525/2525/2525 2494/2494/2494
f 2526/2526/2526 2525/2525/2525 2500/2500/2500
f 2520/2520/2520 2525/2525/2525 2526/2526/2526
f 4334/4334/4334 4244/4244/4244 4307/4307/4307
f 4334/4334/4334 4307/4307/4307 4281/4281/4281
f 4281/4281/4281 2884/2884/2884 4334/4334/4334
f 2884/2884/2884 4281/4281/4281 2888/2888/2888
f 2577/2577/2577 2884/2884/2884 2888/2888/2888
f 2566/2566/2566 2884/2884/2884 2577/2577/2577
f 2566/2566/2566 2577/2577/2577 2494/2494/2494
f 2577/2577/2577 2554/2554/2554 2494/2494/2494
f 2508/2508/2508 2494/2494/2494 2554/2554/2554
f 2500/2500/2500 2494/2494/2494 2508/2508/2508
f 4281/4281/4281 4307/4307/4307 4280/4280/4280
f 4281/4281/4281 4280/4280/4280 4278/4278/4278
f 2888/2888/2888 4281/4281/4281 4278/4278/4278
f 4278/4278/4278 4308/4308/4308 2888/2888/2888
f 2888/2888/2888 4308/4308/4308 2599/2599/2599
f 2888/2888/2888 2599/2599/2599 2577/2577/2577
f 2577/2577/2577 2599/2599/2599 2554/2554/2554
f 2599/2599/2599 2600/2600/2600 2554/2554/2554
f 2554/2554/2554 2600/2600/2600 2571/2571/2571
f 2524/2524/2524 2554/2554/2554 2571/2571/2571
f 2508/2508/2508 2554/2554/2554 2524/2524/2524
f 4278/4278/4278 4280/4280/4280 4256/4256/4256
f 4278/4278/4278 4256/4256/4256 4308/4308/4308
f 4308/4308/4308 4256/4256/4256 4264/4264/4264
f 4266/4266/4266 4308/4308/4308 4264/4264/4264
f 4265/4265/4265 4308/4308/4308 4266/4266/4266
f 4308/4308/4308 4265/4265/4265 2599/2599/2599
f 2599/2599/2599 4265/4265/4265 2600/2600/2600
f 4265/4265/4265 4283/4283/4283 2600/2600/2600
f 2600/2600/2600 4283/4283/4283 2602/2602/2602
f 2600/2600/2600 2602/2602/2602 2571/2571/2571
f 2571/2571/2571 2602/2602/2602 2501/2501/2501
f 2571/2571/2571 2501/2501/2501 2524/2524/2524
f 4262/4262/4262 4265/4265/4265 4266/4266/4266
f 4283/4283/4283 4265/4265/4265 4262/4262/4262
f 4283/4283/4283 4262/4262/4262 4263/4263/4263
f 4283/4283/4283 4263/4263/4263 2602/2602/2602
f 2602/2602/2602 4263/4263/4263 2616/2616/2616
f 2602/2602/2602 2616/2616/2616 2501/2501/2501
f 2501/2501/2501 2616/2616/2616 2552/2552/2552
f 2501/2501/2501 2552/2552/2552 2523/2523/2523
f 2524/2524/2524 2501/2501/2501 2523/2523/2523
f 4263/4263/4263 4262/4262/4262 4267/4267/4267
f 2523/2523/2523 2552/2552/2552 2531/2531/2531
f 2523/2523/2523 2531/2531/2531 4166/4166/4166
f 4166/4166/4166 2524/2524/2524 2523/2523/2523
f 4235/4235/4235 2524/2524/2524 4166/4166/4166
f 4235/4235/4235 2508/2508/2508 2524/2524/2524
f 4234/4234/4234 2508/2508/2508 4235/4235/4235
f 4234/4234/4234 2500/2500/2500 2508/2508/2508
f 4166/4166/4166 2531/2531/2531 4250/4250/4250
f 4201/4201/4201 4166/4166/4166 4250/4250/4250
f 4148/4148/4148 4166/4166/4166 4201/4201/4201
f 4148/4148/4148 4235/4235/4235 4166/4166/4166
f 4162/4162/4162 4235/4235/4235 4148/4148/4148
f 4162/4162/4162 4234/4234/4234 4235/4235/4235
f 4160/4160/4160 4234/4234/4234 4162/4162/4162
f 4160/4160/4160 4247/4247/4247 4234/4234/4234
f 4247/4247/4247 2500/2500/2500 4234/4234/4234
f 4247/4247/4247 4270/4270/4270 2500/2500/2500
f 4270/4270/4270 2526/2526/2526 2500/2500/2500
f 2526/2526/2526 4270/4270/4270 2520/2520/2520
f 3606/3606/3606 4148/4148/4148 4201/4201/4201
f 3693/3693/3693 4148/4148/4148 3606/3606/3606
f 4162/4162/4162 4148/4148/4148 3693/3693/3693
f 4162/4162/4162 3693/3693/3693 4160/4160/4160
f 3653/3653/3653 4160/4160/4160 3693/3693/3693
f 4159/4159/4159 4160/4160/4160 3653/3653/3653
f 4159/4159/4159 4247/4247/4247 4160/4160/4160
f 4159/4159/4159 4248/4248/4248 4247/4247/4247
f 4248/4248/4248 4270/4270/4270 4247/4247/4247
f 4248/4248/4248 2528/2528/2528 4270/4270/4270
f 2528/2528/2528 2521/2521/2521 4270/4270/4270
f 2520/2520/2520 4270/4270/4270 2521/2521/2521
f 2521/2521/2521 2504/2504/2504 2520/2520/2520
f 3606/3606/3606 3837/3837/3837 3693/3693/3693
f 3693/3693/3693 3837/3837/3837 3999/3999/3999
f 3999/3999/3999 3998/3998/3998 3693/3693/3693
f 3998/3998/3998 3618/3618/3618 3693/3693/3693
f 3693/3693/3693 3618/3618/3618 3653/3653/3653
f 3618/3618/3618 4199/4199/4199 3653/3653/3653
f 3653/3653/3653 4199/4199/4199 4159/4159/4159
f 4199/4199/4199 4248/4248/4248 4159/4159/4159
f 4199/4199/4199 4165/4165/4165 4248/4248/4248
f 4165/4165/4165 2528/2528/2528 4248/4248/4248
f 3997/3997/3997 3837/3837/3837 3606/3606/3606
f 3997/3997/3997 3600/3600/3600 3837/3837/3837
f 3600/3600/3600 3599/3599/3599 3837/3837/3837
f 3837/3837/3837 3599/3599/3599 3999/3999/3999
f 3599/3599/3599 3666/3666/3666 3999/3999/3999
f 3999/3999/3999 3666/3666/3666 3998/3998/3998
f 3998/3998/3998 3666/3666/3666 3652/3652/3652
f 3998/3998/3998 3652/3652/3652 3618/3618/3618
f 3652/3652/3652 3608/3608/3608 3618/3618/3618
f 3608/3608/3608 4200/4200/4200 3618/3618/3618
f 3618/3618/3618 4200/4200/4200 4199/4199/4199
f 4200/4200/4200 4165/4165/4165 4199/4199/4199
f 3624/3624/3624 3600/3600/3600 3997/3997/3997
f 3600/3600/3600 3624/3624/3624 3623/3623/3623
f 3602/3602/3602 3600/3600/3600 3623/3623/3623
f 3599/3599/3599 3600/3600/3600 3602/3602/3602
f 3602/3602/3602 3630/3630/3630 3599/3599/3599
f 3599/3599/3599 3630/3630/3630 3666/3666/3666
f 3630/3630/3630 3607/3607/3607 3666/3666/3666
f 3666/3666/3666 3607/3607/3607 3608/3608/3608
f 3652/3652/3652 3666/3666/3666 3608/3608/3608
f 3623/3623/3623 3624/3624/3624 3622/3622/3622
f 3623/3623/3623 3622/3622/3622 3633/3633/3633
f 3633/3633/3633 3602/3602/3602 3623/3623/3623
f 3598/3598/3598 3602/3602/3602 3633/3633/3633
f 3598/3598/3598 3630/3630/3630 3602/3602/3602
f 3596/3596/3596 3630/3630/3630 3598/3598/3598
f 3630/3630/3630 3596/3596/3596 3607/3607/3607
f 3633/3633/3633 3622/3622/3622 3632/3632/3632
f 3633/3633/3633 3632/3632/3632 4021/4021/4021
f 4021/4021/4021 3598/3598/3598 3633/3633/3633
f 4041/4041/4041 3598/3598/3598 4021/4021/4021
f 4041/4041/4041 3596/3596/3596 3598/3598/3598
f 4056/4056/4056 3596/3596/3596 4041/4041/4041
f 3596/3596/3596 4056/4056/4056 4127/4127/4127
f 3607/3607/3607 3596/3596/3596 4127/4127/4127
f 4021/4021/4021 3632/3632/3632 4040/4040/4040
f 4127/4127/4127 3973/3973/3973 3607/3607/3607
f 3607/3607/3607 3973/3973/3973 3651/3651/3651
f 3651/3651/3651 4150/4150/4150 3607/3607/3607
f 3607/3607/3607 4150/4150/4150 4149/4149/4149
f 3607/3607/3607 4149/4149/4149 3608/3608/3608
f 3608/3608/3608 4149/4149/4149 4200/4200/4200
f 4165/4165/4165 4200/4200/4200 4149/4149/4149
f 3651/3651/3651 3973/3973/3973 3994/3994/3994
f 4149/4149/4149 4150/4150/4150 4165/4165/4165
f 4165/4165/4165 4150/4150/4150 4182/4182/4182
f 4182/4182/4182 2534/2534/2534 4165/4165/4165
f 4165/4165/4165 2534/2534/2534 2528/2528/2528
f 2528/2528/2528 2534/2534/2534 2533/2533/2533
f 2533/2533/2533 2521/2521/2521 2528/2528/2528
f 2521/2521/2521 2533/2533/2533 4245/4245/4245
f 2521/2521/2521 4245/4245/4245 2504/2504/2504
f 4150/4150/4150 4156/4156/4156 4182/4182/4182
f 4156/4156/4156 4170/4170/4170 4182/4182/4182
f 4170/4170/4170 4217/4217/4217 4182/4182/4182
f 4217/4217/4217 2534/2534/2534 4182/4182/4182
f 2533/2533/2533 2534/2534/2534 4217/4217/4217
f 4245/4245/4245 2533/2533/2533 4217/4217/4217
f 4157/4157/4157 4245/4245/4245 4217/4217/4217
f 4249/4249/4249 4245/4245/4245 4157/4157/4157
f 2504/2504/2504 4245/4245/4245 4249/4249/4249
f 4249/4249/4249 2519/2519/2519 2504/2504/2504
f 4150/4150/4150 3651/3651/3651 4156/4156/4156
f 4157/4157/4157 4217/4217/4217 4170/4170/4170
f 4161/4161/4161 4249/4249/4249 4157/4157/4157
f 4161/4161/4161 4259/4259/4259 4249/4249/4249
f 4259/4259/4259 2519/2519/2519 4249/4249/4249
f 4287/4287/4287 2519/2519/2519 4259/4259/4259
f 2507/2507/2507 2519/2519/2519 4287/4287/4287
f 4287/4287/4287 4259/4259/4259 4161/4161/4161
f 4287/4287/4287 4161/4161/4161 4158/4158/4158
f 4287/4287/4287 4158/4158/4158 4294/4294/4294
f 4294/4294/4294 2507/2507/2507 4287/4287/4287
f 2507/2507/2507 4294/4294/4294 4252/4252/4252
f 2558/2558/2558 2507/2507/2507 4252/4252/4252
f 2507/2507/2507 2558/2558/2558 2499/2499/2499
f 2499/2499/2499 2631/2631/2631 2507/2507/2507
f 4271/4271/4271 2631/2631/2631 2499/2499/2499
f 2631/2631/2631 4271/4271/4271 2595/2595/2595
f 4294/4294/4294 4158/4158/4158 4252/4252/4252
f 4218/4218/4218 4252/4252/4252 4158/4158/4158
f 4218/4218/4218 4258/4258/4258 4252/4252/4252
f 4252/4252/4252 4258/4258/4258 2558/2558/2558
f 4258/4258/4258 4285/4285/4285 2558/2558/2558
f 4286/4286/4286 4285/4285/4285 4258/4258/4258
f 4218/4218/4218 4286/4286/4286 4258/4258/4258
f 4180/4180/4180 4286/4286/4286 4218/4218/4218
f 4218/4218/4218 4158/4158/4158 4180/4180/4180
f 3654/3654/3654 3869/3869/3869 3695/3695/3695
f 3605/3605/3605 3869/3869/3869 3654/3654/3654
f 4050/4050/4050 4020/4020/4020 3992/3992/3992
f 4037/4037/4037 4020/4020/4020 4050/4050/4050
f 4035/4035/4035 4020/4020/4020 4037/4037/4037
f 4037/4037/4037 4051/4051/4051 4035/4035/4035
f 4036/4036/4036 4051/4051/4051 4037/4037/4037
f 3866/3866/3866 4051/4051/4051 4036/4036/4036
f 3863/3863/3863 4051/4051/4051 3866/3866/3866
f 4050/4050/4050 3867/3867/3867 4037/4037/4037
f 4037/4037/4037 3867/3867/3867 4022/4022/4022
f 4037/4037/4037 4022/4022/4022 4036/4036/4036
f 3866/3866/3866 4036/4036/4036 4022/4022/4022
f 4057/4057/4057 3866/3866/3866 4022/4022/4022
f 3866/3866/3866 4057/4057/4057 3863/3863/3863
f 3863/3863/3863 4057/4057/4057 4061/4061/4061
f 4060/4060/4060 4061/4061/4061 4057/4057/4057
f 4057/4057/4057 4039/4039/4039 4060/4060/4060
f 3867/3867/3867 3862/3862/3862 4022/4022/4022
f 3862/3862/3862 4019/4019/4019 4022/4022/4022
f 4038/4038/4038 4022/4022/4022 4019/4019/4019
f 4057/4057/4057 4022/4022/4022 4038/4038/4038
f 4038/4038/4038 4039/4039/4039 4057/4057/4057
f 4019/4019/4019 4039/4039/4039 4038/4038/4038
f 3865/3865/3865 4039/4039/4039 4019/4019/4019
f 3862/3862/3862 3865/3865/3865 4019/4019/4019
f 3864/3864/3864 3865/3865/3865 3862/3862/3862
f 3862/3862/3862 3861/3861/3861 3864/3864/3864
f 3860/3860/3860 3861/3861/3861 3862/3862/3862
f 3860/3860/3860 3862/3862/3862 3867/3867/3867
f 3613/3613/3613 3594/3594/3594 3642/3642/3642
f 3642/3642/3642 3594/3594/3594 3641/3641/3641
f 3642/3642/3642 3641/3641/3641 4140/4140/4140
f 4140/4140/4140 3641/3641/3641 3614/3614/3614
f 3620/3620/3620 4140/4140/4140 3614/3614/3614
f 3637/3637/3637 4140/4140/4140 3620/3620/3620
f 3645/3645/3645 3637/3637/3637 3620/3620/3620
f 3644/3644/3644 3637/3637/3637 3645/3645/3645
f 3611/3611/3611 3637/3637/3637 3644/3644/3644
f 3629/3629/3629 3611/3611/3611 3644/3644/3644
f 3612/3612/3612 3611/3611/3611 3629/3629/3629
f 3609/3609/3609 3628/3628/3628 3643/3643/3643
f 3609/3609/3609 4129/4129/4129 3628/3628/3628
f 4129/4129/4129 3593/3593/3593 3628/3628/3628
f 3628/3628/3628 3593/3593/3593 3670/3670/3670
f 3592/3592/3592 3670/3670/3670 3593/3593/3593
f 3591/3591/3591 3670/3670/3670 3592/3592/3592
f 3591/3591/3591 3592/3592/3592 3621/3621/3621
f 3609/3609/3609 4130/4130/4130 4129/4129/4129
f 4129/4129/4129 4130/4130/4130 3672/3672/3672
f 3672/3672/3672 3669/3669/3669 4129/4129/4129
f 4129/4129/4129 3669/3669/3669 3593/3593/3593
f 3669/3669/3669 3673/3673/3673 3593/3593/3593
f 3673/3673/3673 3592/3592/3592 3593/3593/3593
f 3692/3692/3692 4130/4130/4130 3609/3609/3609
f 3665/3665/3665 4130/4130/4130 3692/3692/3692
f 3672/3672/3672 4130/4130/4130 3665/3665/3665
f 3698/3698/3698 3669/3669/3669 3672/3672/3672
f 3698/3698/3698 3673/3673/3673 3669/3669/3669
f 3697/3697/3697 3673/3673/3673 3698/3698/3698
f 3668/3668/3668 3673/3673/3673 3697/3697/3697
f 3667/3667/3667 3673/3673/3673 3668/3668/3668
f 3667/3667/3667 3592/3592/3592 3673/3673/3673
f 3667/3667/3667 3671/3671/3671 3592/3592/3592
f 3592/3592/3592 3671/3671/3671 3638/3638/3638
f 3592/3592/3592 3638/3638/3638 3621/3621/3621
f 3621/3621/3621 3638/3638/3638 3639/3639/3639
f 3690/3690/3690 3667/3667/3667 3668/3668/3668
f 3671/3671/3671 3667/3667/3667 3690/3690/3690
f 3690/3690/3690 3638/3638/3638 3671/3671/3671
f 3689/3689/3689 3638/3638/3638 3690/3690/3690
f 3689/3689/3689 3640/3640/3640 3638/3638/3638
f 3638/3638/3638 3640/3640/3640 3639/3639/3639
f 3639/3639/3639 3640/3640/3640 3688/3688/3688
f 3688/3688/3688 3640/3640/3640 3691/3691/3691
f 3691/3691/3691 3640/3640/3640 3689/3689/3689
f 2652/2652/2652 2677/2677/2677 4335/4335/4335
f 2679/2679/2679 2652/2652/2652 4335/4335/4335
f 2489/2489/2489 2679/2679/2679 4335/4335/4335
f 2679/2679/2679 2489/2489/2489 2563/2563/2563
f 2563/2563/2563 2489/2489/2489 2550/2550/2550
f 2563/2563/2563 2550/2550/2550 2886/2886/2886
f 2886/2886/2886 2559/2559/2559 2563/2563/2563
f 2549/2549/2549 2489/2489/2489 4335/4335/4335
f 2550/2550/2550 2489/2489/2489 2549/2549/2549
f 2549/2549/2549 2628/2628/2628 2550/2550/2550
f 2886/2886/2886 2550/2550/2550 2628/2628/2628
f 2626/2626/2626 2886/2886/2886 2628/2628/2628
f 4319/4319/4319 2886/2886/2886 2626/2626/2626
f 4319/4319/4319 4312/4312/4312 2886/2886/2886
f 4312/4312/4312 2559/2559/2559 2886/2886/2886
f 2559/2559/2559 4312/4312/4312 2491/2491/2491
f 2559/2559/2559 2491/2491/2491 2575/2575/2575
f 2575/2575/2575 4007/4007/4007 2559/2559/2559
f 2636/2636/2636 2628/2628/2628 2549/2549/2549
f 2630/2630/2630 2628/2628/2628 2636/2636/2636
f 2626/2626/2626 2628/2628/2628 2630/2630/2630
f 2666/2666/2666 2626/2626/2626 2630/2630/2630
f 2634/2634/2634 2626/2626/2626 2666/2666/2666
f 2626/2626/2626 2634/2634/2634 4319/4319/4319
f 4319/4319/4319 2634/2634/2634 2614/2614/2614
f 2613/2613/2613 4319/4319/4319 2614/2614/2614
f 4311/4311/4311 4319/4319/4319 2613/2613/2613
f 4311/4311/4311 4312/4312/4312 4319/4319/4319
f 4311/4311/4311 2561/2561/2561 4312/4312/4312
f 4312/4312/4312 2561/2561/2561 2551/2551/2551
f 2491/2491/2491 4312/4312/4312 2551/2551/2551
f 2660/2660/2660 2634/2634/2634 2666/2666/2666
f 2598/2598/2598 2634/2634/2634 2660/2660/2660
f 2610/2610/2610 2634/2634/2634 2598/2598/2598
f 2614/2614/2614 2634/2634/2634 2610/2610/2610
f 2610/2610/2610 2613/2613/2613 2614/2614/2614
f 2611/2611/2611 2613/2613/2613 2610/2610/2610
f 2613/2613/2613 2611/2611/2611 2516/2516/2516
f 2613/2613/2613 2516/2516/2516 4311/4311/4311
f 4311/4311/4311 2516/2516/2516 2561/2561/2561
f 2516/2516/2516 2567/2567/2567 2561/2561/2561
f 2561/2561/2561 2567/2567/2567 2575/2575/2575
f 2551/2551/2551 2561/2561/2561 2575/2575/2575
f 2551/2551/2551 2575/2575/2575 2491/2491/2491
f 2660/2660/2660 2635/2635/2635 2598/2598/2598
f 2598/2598/2598 2635/2635/2635 2649/2649/2649
f 4277/4277/4277 2598/2598/2598 2649/2649/2649
f 2610/2610/2610 2598/2598/2598 4277/4277/4277
f 4277/4277/4277 2611/2611/2611 2610/2610/2610
f 4274/4274/4274 2611/2611/2611 4277/4277/4277
f 2611/2611/2611 4274/4274/4274 2562/2562/2562
f 2516/2516/2516 2611/2611/2611 2562/2562/2562
f 2516/2516/2516 2562/2562/2562 2567/2567/2567
f 2660/2660/2660 2483/2483/2483 2635/2635/2635
f 2481/2481/2481 2635/2635/2635 2483/2483/2483
f 2637/2637/2637 2635/2635/2635 2481/2481/2481
f 2635/2635/2635 2637/2637/2637 2649/2649/2649
f 2649/2649/2649 2637/2637/2637 2625/2625/2625
f 4272/4272/4272 2649/2649/2649 2625/2625/2625
f 4277/4277/4277 2649/2649/2649 4272/4272/4272
f 4272/4272/4272 4274/4274/4274 4277/4277/4277
f 4328/4328/4328 4274/4274/4274 4272/4272/4272
f 4274/4274/4274 4328/4328/4328 2548/2548/2548
f 2562/2562/2562 4274/4274/4274 2548/2548/2548
f 2562/2562/2562 2548/2548/2548 2569/2569/2569
f 2562/2562/2562 2569/2569/2569 2567/2567/2567
f 2481/2481/2481 2597/2597/2597 2637/2637/2637
f 2632/2632/2632 2637/2637/2637 2597/2597/2597
f 2625/2625/2625 2637/2637/2637 2632/2632/2632
f 2625/2625/2625 2632/2632/2632 4272/4272/4272
f 4272/4272/4272 2632/2632/2632 2612/2612/2612
f 2885/2885/2885 4272/4272/4272 2612/2612/2612
f 4328/4328/4328 4272/4272/4272 2885/2885/2885
f 2885/2885/2885 2564/2564/2564 4328/4328/4328
f 4328/4328/4328 2564/2564/2564 2505/2505/2505
f 2548/2548/2548 4328/4328/4328 2505/2505/2505
f 2505/2505/2505 2569/2569/2569 2548/2548/2548
f 2539/2539/2539 2597/2597/2597 2481/2481/2481
f 2539/2539/2539 2590/2590/2590 2597/2597/2597
f 2591/2591/2591 2597/2597/2597 2590/2590/2590
f 2632/2632/2632 2597/2597/2597 2591/2591/2591
f 2632/2632/2632 2591/2591/2591 2612/2612/2612
f 2612/2612/2612 2591/2591/2591 2675/2675/2675
f 2882/2882/2882 2612/2612/2612 2675/2675/2675
f 2885/2885/2885 2612/2612/2612 2882/2882/2882
f 2882/2882/2882 2545/2545/2545 2885/2885/2885
f 2885/2885/2885 2545/2545/2545 2564/2564/2564
f 2564/2564/2564 2545/2545/2545 2580/2580/2580
f 2580/2580/2580 2505/2505/2505 2564/2564/2564
f 4528/4528/4528 2590/2590/2590 2539/2539/2539
f 2590/2590/2590 4528/4528/4528 2881/2881/2881
f 2627/2627/2627 2590/2590/2590 2881/2881/2881
f 2591/2591/2591 2590/2590/2590 2627/2627/2627
f 4321/4321/4321 2591/2591/2591 2627/2627/2627
f 2675/2675/2675 2591/2591/2591 4321/4321/4321
f 4276/4276/4276 2675/2675/2675 4321/4321/4321
f 2882/2882/2882 2675/2675/2675 4276/4276/4276
f 2882/2882/2882 4276/4276/4276 2545/2545/2545
f 2545/2545/2545 4276/4276/4276 2490/2490/2490
f 2545/2545/2545 2490/2490/2490 2578/2578/2578
f 2545/2545/2545 2578/2578/2578 2580/2580/2580
f 2881/2881/2881 2609/2609/2609 2627/2627/2627
f 2627/2627/2627 2609/2609/2609 2629/2629/2629
f 2629/2629/2629 4321/4321/4321 2627/2627/2627
f 4300/4300/4300 4321/4321/4321 2629/2629/2629
f 4300/4300/4300 4276/4276/4276 4321/4321/4321
f 4273/4273/4273 4276/4276/4276 4300/4300/4300
f 4276/4276/4276 4273/4273/4273 2490/2490/2490
f 2490/2490/2490 4273/4273/4273 2673/2673/2673
f 2673/2673/2673 2583/2583/2583 2490/2490/2490
f 2490/2490/2490 2583/2583/2583 2578/2578/2578
f 2579/2579/2579 2578/2578/2578 2583/2583/2583
f 2579/2579/2579 2580/2580/2580 2578/2578/2578
f 2629/2629/2629 2609/2609/2609 2659/2659/2659
f 2629/2629/2629 2659/2659/2659 4300/4300/4300
f 4300/4300/4300 2659/2659/2659 2633/2633/2633
f 2592/2592/2592 4300/4300/4300 2633/2633/2633
f 4273/4273/4273 4300/4300/4300 2592/2592/2592
f 2592/2592/2592 2673/2673/2673 4273/4273/4273
f 2662/2662/2662 2673/2673/2673 2592/2592/2592
f 2662/2662/2662 2661/2661/2661 2673/2673/2673
f 2673/2673/2673 2661/2661/2661 2583/2583/2583
f 2583/2583/2583 2661/2661/2661 3991/3991/3991
f 3991/3991/3991 2579/2579/2579 2583/2583/2583
f 2659/2659/2659 2609/2609/2609 2658/2658/2658
f 2659/2659/2659 2658/2658/2658 2547/2547/2547
f 2659/2659/2659 2547/2547/2547 2633/2633/2633
f 2633/2633/2633 2547/2547/2547 2560/2560/2560
f 2560/2560/2560 2540/2540/2540 2633/2633/2633
f 2633/2633/2633 2540/2540/2540 2592/2592/2592
f 2540/2540/2540 2661/2661/2661 2592/2592/2592
f 2592/2592/2592 2661/2661/2661 2662/2662/2662
f 2547/2547/2547 2658/2658/2658 2565/2565/2565
f 2565/2565/2565 2568/2568/2568 2547/2547/2547
f 2565/2565/2565 2657/2657/2657 2568/2568/2568
f 2568/2568/2568 2657/2657/2657 2653/2653/2653
f 3993/3993/3993 2579/2579/2579 3991/3991/3991
f 3993/3993/3993 2639/2639/2639 2579/2579/2579
f 2639/2639/2639 2580/2580/2580 2579/2579/2579
f 2580/2580/2580 2639/2639/2639 2588/2588/2588
f 2588/2588/2588 2505/2505/2505 2580/2580/2580
f 2588/2588/2588 2569/2569/2569 2505/2505/2505
f 3972/3972/3972 2639/2639/2639 3993/3993/3993
f 3972/3972/3972 2570/2570/2570 2639/2639/2639
f 2588/2588/2588 2639/2639/2639 2570/2570/2570
f 2576/2576/2576 2588/2588/2588 2570/2570/2570
f 2569/2569/2569 2588/2588/2588 2576/2576/2576
f 2638/2638/2638 2569/2569/2569 2576/2576/2576
f 2567/2567/2567 2569/2569/2569 2638/2638/2638
f 2638/2638/2638 2575/2575/2575 2567/2567/2567
f 2638/2638/2638 4007/4007/4007 2575/2575/2575
f 3836/3836/3836 4007/4007/4007 2638/2638/2638
f 2509/2509/2509 2570/2570/2570 3972/3972/3972
f 2509/2509/2509 2576/2576/2576 2570/2570/2570
f 2530/2530/2530 2576/2576/2576 2509/2509/2509
f 2530/2530/2530 3836/3836/3836 2576/2576/2576
f 2576/2576/2576 3836/3836/3836 2638/2638/2638
f 4719/4719/4719 4291/4291/4291 4729/4729/4729
f 4729/4729/4729 4728/4728/4728 4719/4719/4719
f 4719/4719/4719 4728/4728/4728 4709/4709/4709
f 4719/4719/4719 4709/4709/4709 4696/4696/4696
f 4696/4696/4696 4709/4709/4709 4708/4708/4708
f 4708/4708/4708 4486/4486/4486 4696/4696/4696
f 4696/4696/4696 4486/4486/4486 4697/4697/4697
f 4697/4697/4697 4712/4712/4712 4696/4696/4696
f 4729/4729/4729 4720/4720/4720 4728/4728/4728
f 4728/4728/4728 4720/4720/4720 4711/4711/4711
f 4720/4720/4720 4710/4710/4710 4711/4711/4711
f 4711/4711/4711 4710/4710/4710 4675/4675/4675
f 4292/4292/4292 4675/4675/4675 4710/4710/4710
f 4722/4722/4722 4712/4712/4712 4697/4697/4697
f 4486/4486/4486 4490/4490/4490 4697/4697/4697
f 4697/4697/4697 4490/4490/4490 4493/4493/4493
f 4493/4493/4493 4490/4490/4490 4489/4489/4489
f 4489/4489/4489 4488/4488/4488 4493/4493/4493
f 4489/4489/4489 4490/4490/4490 3377/3377/3377
f 3377/3377/3377 4497/4497/4497 4489/4489/4489
f 4489/4489/4489 4497/4497/4497 4491/4491/4491
f 4498/4498/4498 4491/4491/4491 4497/4497/4497
f 4492/4492/4492 4491/4491/4491 4498/4498/4498
f 4490/4490/4490 4487/4487/4487 3377/3377/3377
f 2786/2786/2786 4325/4325/4325 2816/2816/2816
f 2786/2786/2786 2816/2816/2816 2815/2815/2815
f 2785/2785/2785 2786/2786/2786 2815/2815/2815
f 4446/4446/4446 2785/2785/2785 2815/2815/2815
f 4446/4446/4446 2787/2787/2787 2785/2785/2785
f 2785/2785/2785 2787/2787/2787 1771/1771/1771
f 1771/1771/1771 2787/2787/2787 1777/1777/1777
f 4301/4301/4301 1771/1771/1771 1777/1777/1777
f 2815/2815/2815 2816/2816/2816 2792/2792/2792
f 2817/2817/2817 2815/2815/2815 2792/2792/2792
f 4446/4446/4446 2815/2815/2815 2817/2817/2817
f 4395/4395/4395 4446/4446/4446 2817/2817/2817
f 2784/2784/2784 4446/4446/4446 4395/4395/4395
f 2787/2787/2787 4446/4446/4446 2784/2784/2784
f 4443/4443/4443 2787/2787/2787 2784/2784/2784
f 4441/4441/4441 2787/2787/2787 4443/4443/4443
f 1777/1777/1777 2787/2787/2787 4441/4441/4441
f 2816/2816/2816 2802/2802/2802 2792/2792/2792
f 2802/2802/2802 4454/4454/4454 2792/2792/2792
f 2792/2792/2792 4454/4454/4454 4468/4468/4468
f 2792/2792/2792 4468/4468/4468 2824/2824/2824
f 2818/2818/2818 2792/2792/2792 2824/2824/2824
f 2817/2817/2817 2792/2792/2792 2818/2818/2818
f 2817/2817/2817 2818/2818/2818 4395/4395/4395
f 2816/2816/2816 4480/4480/4480 2802/2802/2802
f 4480/4480/4480 4409/4409/4409 2802/2802/2802
f 2802/2802/2802 4409/4409/4409 2794/2794/2794
f 2794/2794/2794 4454/4454/4454 2802/2802/2802
f 4451/4451/4451 4454/4454/4454 2794/2794/2794
f 4468/4468/4468 4454/4454/4454 4451/4451/4451
f 4505/4505/4505 4468/4468/4468 4451/4451/4451
f 4520/4520/4520 4468/4468/4468 4505/4505/4505
f 2824/2824/2824 4468/4468/4468 4520/4520/4520
f 2824/2824/2824 4520/4520/4520 2793/2793/2793
f 2814/2814/2814 2824/2824/2824 2793/2793/2793
f 2818/2818/2818 2824/2824/2824 2814/2814/2814
f 4479/4479/4479 2794/2794/2794 4409/4409/4409
f 4479/4479/4479 4451/4451/4451 2794/2794/2794
f 4505/4505/4505 4451/4451/4451 4479/4479/4479
f 4510/4510/4510 4505/4505/4505 4479/4479/4479
f 4505/4505/4505 4510/4510/4510 4507/4507/4507
f 4507/4507/4507 4520/4520/4520 4505/4505/4505
f 4511/4511/4511 4520/4520/4520 4507/4507/4507
f 4511/4511/4511 4464/4464/4464 4520/4520/4520
f 2793/2793/2793 4520/4520/4520 4464/4464/4464
f 4409/4409/4409 4469/4469/4469 4479/4479/4479
f 4469/4469/4469 4510/4510/4510 4479/4479/4479
f 4510/4510/4510 4469/4469/4469 2803/2803/2803
f 2803/2803/2803 4509/4509/4509 4510/4510/4510
f 4510/4510/4510 4509/4509/4509 4546/4546/4546
f 4510/4510/4510 4546/4546/4546 3353/3353/3353
f 3348/3348/3348 4510/4510/4510 3353/3353/3353
f 3348/3348/3348 4507/4507/4507 4510/4510/4510
f 4409/4409/4409 2803/2803/2803 4469/4469/4469
f 4410/4410/4410 2803/2803/2803 4409/4409/4409
f 4452/4452/4452 2803/2803/2803 4410/4410/4410
f 4452/4452/4452 4509/4509/4509 2803/2803/2803
f 2806/2806/2806 4509/4509/4509 4452/4452/4452
f 4501/4501/4501 4509/4509/4509 2806/2806/2806
f 4501/4501/4501 3378/3378/3378 4509/4509/4509
f 4509/4509/4509 3378/3378/3378 4546/4546/4546
f 3378/3378/3378 4639/4639/4639 4546/4546/4546
f 4546/4546/4546 4639/4639/4639 3353/3353/3353
f 3353/3353/3353 4639/4639/4639 4591/4591/4591
f 3353/3353/3353 4591/4591/4591 3348/3348/3348
f 4452/4452/4452 4410/4410/4410 2806/2806/2806
f 2806/2806/2806 4410/4410/4410 4412/4412/4412
f 4412/4412/4412 2808/2808/2808 2806/2806/2806
f 2806/2806/2806 2808/2808/2808 4501/4501/4501
f 4501/4501/4501 2808/2808/2808 2870/2870/2870
f 4501/4501/4501 2870/2870/2870 4508/4508/4508
f 4508/4508/4508 3346/3346/3346 4501/4501/4501
f 3346/3346/3346 3347/3347/3347 4501/4501/4501
f 3347/3347/3347 3378/3378/3378 4501/4501/4501
f 3347/3347/3347 4631/4631/4631 3378/3378/3378
f 4631/4631/4631 4639/4639/4639 3378/3378/3378
f 2810/2810/2810 2808/2808/2808 4412/4412/4412
f 2810/2810/2810 4453/4453/4453 2808/2808/2808
f 2808/2808/2808 4453/4453/4453 2870/2870/2870
f 4474/4474/4474 2870/2870/2870 4453/4453/4453
f 4465/4465/4465 2870/2870/2870 4474/4474/4474
f 2870/2870/2870 4465/4465/4465 4508/4508/4508
f 2864/2864/2864 2810/2810/2810 4412/4412/4412
f 2805/2805/2805 2810/2810/2810 2864/2864/2864
f 2805/2805/2805 4467/4467/4467 2810/2810/2810
f 2810/2810/2810 4467/4467/4467 4453/4453/4453
f 4467/4467/4467 4474/4474/4474 4453/4453/4453
f 4474/4474/4474 4467/4467/4467 2811/2811/2811
f 2791/2791/2791 4474/4474/4474 2811/2811/2811
f 4465/4465/4465 4474/4474/4474 2791/2791/2791
f 2864/2864/2864 4478/4478/4478 2805/2805/2805
f 4478/4478/4478 4481/4481/4481 2805/2805/2805
f 4481/4481/4481 2811/2811/2811 2805/2805/2805
f 2811/2811/2811 4467/4467/4467 2805/2805/2805
f 4459/4459/4459 4481/4481/4481 4478/4478/4478
f 4457/4457/4457 4481/4481/4481 4459/4459/4459
f 2823/2823/2823 4481/4481/4481 4457/4457/4457
f 4481/4481/4481 2823/2823/2823 2811/2811/2811
f 2822/2822/2822 2811/2811/2811 2823/2823/2823
f 2828/2828/2828 2811/2811/2811 2822/2822/2822
f 2791/2791/2791 2811/2811/2811 2828/2828/2828
f 2826/2826/2826 2791/2791/2791 2828/2828/2828
f 2807/2807/2807 2791/2791/2791 2826/2826/2826
f 2807/2807/2807 4465/4465/4465 2791/2791/2791
f 4298/4298/4298 4457/4457/4457 4459/4459/4459
f 4298/4298/4298 1779/1779/1779 4457/4457/4457
f 1779/1779/1779 1840/1840/1840 4457/4457/4457
f 4457/4457/4457 1840/1840/1840 1843/1843/1843
f 2783/2783/2783 4457/4457/4457 1843/1843/1843
f 4475/4475/4475 4457/4457/4457 2783/2783/2783
f 4475/4475/4475 2823/2823/2823 4457/4457/4457
f 4298/4298/4298 4459/4459/4459 4322/4322/4322
f 2822/2822/2822 2823/2823/2823 4475/4475/4475
f 4456/4456/4456 2822/2822/2822 4475/4475/4475
f 2828/2828/2828 2822/2822/2822 4456/4456/4456
f 4458/4458/4458 2828/2828/2828 4456/4456/4456
f 2826/2826/2826 2828/2828/2828 4458/4458/4458
f 4458/4458/4458 2827/2827/2827 2826/2826/2826
f 2827/2827/2827 2807/2807/2807 2826/2826/2826
f 4475/4475/4475 4397/4397/4397 4456/4456/4456
f 4397/4397/4397 4296/4296/4296 4456/4456/4456
f 4399/4399/4399 4456/4456/4456 4296/4296/4296
f 4458/4458/4458 4456/4456/4456 4399/4399/4399
f 4399/4399/4399 2827/2827/2827 4458/4458/4458
f 4399/4399/4399 4476/4476/4476 2827/2827/2827
f 4476/4476/4476 2800/2800/2800 2827/2827/2827
f 2800/2800/2800 2807/2807/2807 2827/2827/2827
f 2800/2800/2800 4512/4512/4512 2807/2807/2807
f 4512/4512/4512 4465/4465/4465 2807/2807/2807
f 4475/4475/4475 2783/2783/2783 4397/4397/4397
f 4397/4397/4397 2783/2783/2783 4296/4296/4296
f 4296/4296/4296 2783/2783/2783 4295/4295/4295
f 4296/4296/4296 4295/4295/4295 4399/4399/4399
f 4288/4288/4288 4399/4399/4399 4295/4295/4295
f 4398/4398/4398 4399/4399/4399 4288/4288/4288
f 4398/4398/4398 4477/4477/4477 4399/4399/4399
f 4399/4399/4399 4477/4477/4477 4476/4476/4476
f 4477/4477/4477 2804/2804/2804 4476/4476/4476
f 2804/2804/2804 2800/2800/2800 4476/4476/4476
f 2804/2804/2804 4471/4471/4471 2800/2800/2800
f 4471/4471/4471 4512/4512/4512 2800/2800/2800
f 4295/4295/4295 2783/2783/2783 2780/2780/2780
f 4295/4295/4295 2780/2780/2780 4288/4288/4288
f 4288/4288/4288 2780/2780/2780 1842/1842/1842
f 4288/4288/4288 1842/1842/1842 4293/4293/4293
f 4288/4288/4288 4293/4293/4293 4398/4398/4398
f 2783/2783/2783 1843/1843/1843 2780/2780/2780
f 2780/2780/2780 1843/1843/1843 2782/2782/2782
f 2782/2782/2782 1842/1842/1842 2780/2780/2780
f 1841/1841/1841 1842/1842/1842 2782/2782/2782
f 1841/1841/1841 3518/3518/3518 1842/1842/1842
f 4293/4293/4293 1842/1842/1842 3518/3518/3518
f 2782/2782/2782 1843/1843/1843 2778/2778/2778
f 2779/2779/2779 2782/2782/2782 2778/2778/2778
f 1841/1841/1841 2782/2782/2782 2779/2779/2779
f 2779/2779/2779 4444/4444/4444 1841/1841/1841
f 4444/4444/4444 3518/3518/3518 1841/1841/1841
f 2778/2778/2778 1843/1843/1843 1840/1840/1840
f 2778/2778/2778 1840/1840/1840 4253/4253/4253
f 4254/4254/4254 2778/2778/2778 4253/4253/4253
f 2779/2779/2779 2778/2778/2778 4254/4254/4254
f 4254/4254/4254 2781/2781/2781 2779/2779/2779
f 2781/2781/2781 4444/4444/4444 2779/2779/2779
f 4253/4253/4253 1840/1840/1840 4255/4255/4255
f 4255/4255/4255 1840/1840/1840 1779/1779/1779
f 4230/4230/4230 2781/2781/2781 4254/4254/4254
f 4477/4477/4477 4398/4398/4398 4437/4437/4437
f 4437/4437/4437 2809/2809/2809 4477/4477/4477
f 2809/2809/2809 2804/2804/2804 4477/4477/4477
f 2809/2809/2809 4500/4500/4500 2804/2804/2804
f 4500/4500/4500 4471/4471/4471 2804/2804/2804
f 4500/4500/4500 2850/2850/2850 4471/4471/4471
f 4506/4506/4506 4471/4471/4471 2850/2850/2850
f 4506/4506/4506 4512/4512/4512 4471/4471/4471
f 2813/2813/2813 2809/2809/2809 4437/4437/4437
f 2813/2813/2813 4460/4460/4460 2809/2809/2809
f 2809/2809/2809 4460/4460/4460 4470/4470/4470
f 4470/4470/4470 4500/4500/4500 2809/2809/2809
f 4470/4470/4470 4502/4502/4502 4500/4500/4500
f 4500/4500/4500 4502/4502/4502 2866/2866/2866
f 2866/2866/2866 2850/2850/2850 4500/4500/4500
f 2866/2866/2866 4590/4590/4590 2850/2850/2850
f 2850/2850/2850 4590/4590/4590 4568/4568/4568
f 2850/2850/2850 4568/4568/4568 2867/2867/2867
f 2850/2850/2850 2867/2867/2867 4506/4506/4506
f 4460/4460/4460 2871/2871/2871 4470/4470/4470
f 4470/4470/4470 2871/2871/2871 4502/4502/4502
f 2871/2871/2871 4565/4565/4565 4502/4502/4502
f 4502/4502/4502 4565/4565/4565 4581/4581/4581
f 4502/4502/4502 4581/4581/4581 2866/2866/2866
f 2866/2866/2866 4581/4581/4581 4590/4590/4590
f 4581/4581/4581 4605/4605/4605 4590/4590/4590
f 4590/4590/4590 4605/4605/4605 4625/4625/4625
f 4590/4590/4590 4625/4625/4625 4568/4568/4568
f 4568/4568/4568 4625/4625/4625 4609/4609/4609
f 4568/4568/4568 4609/4609/4609 4567/4567/4567
f 2867/2867/2867 4568/4568/4568 4567/4567/4567
f 4565/4565/4565 4607/4607/4607 4581/4581/4581
f 4581/4581/4581 4607/4607/4607 4605/4605/4605
f 4607/4607/4607 4624/4624/4624 4605/4605/4605
f 4624/4624/4624 4625/4625/4625 4605/4605/4605
f 4604/4604/4604 4625/4625/4625 4624/4624/4624
f 4604/4604/4604 4609/4609/4609 4625/4625/4625
f 4608/4608/4608 4609/4609/4609 4604/4604/4604
f 4608/4608/4608 4626/4626/4626 4609/4609/4609
f 4609/4609/4609 4626/4626/4626 4610/4610/4610
f 4567/4567/4567 4609/4609/4609 4610/4610/4610
f 4606/4606/4606 4624/4624/4624 4607/4607/4607
f 4626/4626/4626 4613/4613/4613 4610/4610/4610
f 4610/4610/4610 4613/4613/4613 4635/4635/4635
f 4610/4610/4610 4635/4635/4635 4567/4567/4567
f 4567/4567/4567 4635/4635/4635 4572/4572/4572
f 4567/4567/4567 4572/4572/4572 2867/2867/2867
f 2867/2867/2867 4572/4572/4572 2868/2868/2868
f 2867/2867/2867 2868/2868/2868 4506/4506/4506
f 4613/4613/4613 4614/4614/4614 4635/4635/4635
f 4635/4635/4635 4614/4614/4614 4615/4615/4615
f 4572/4572/4572 4635/4635/4635 4615/4615/4615
f 4615/4615/4615 4612/4612/4612 4572/4572/4572
f 4572/4572/4572 4612/4612/4612 4570/4570/4570
f 4572/4572/4572 4570/4570/4570 2868/2868/2868
f 2868/2868/2868 4570/4570/4570 2848/2848/2848
f 2868/2868/2868 2848/2848/2848 4506/4506/4506
f 4506/4506/4506 2848/2848/2848 2852/2852/2852
f 4506/4506/4506 2852/2852/2852 4512/4512/4512
f 4614/4614/4614 4617/4617/4617 4615/4615/4615
f 4615/4615/4615 4617/4617/4617 4612/4612/4612
f 4617/4617/4617 4627/4627/4627 4612/4612/4612
f 4612/4612/4612 4627/4627/4627 4616/4616/4616
f 4569/4569/4569 4612/4612/4612 4616/4616/4616
f 4570/4570/4570 4612/4612/4612 4569/4569/4569
f 2869/2869/2869 4570/4570/4570 4569/4569/4569
f 2848/2848/2848 4570/4570/4570 2869/2869/2869
f 2869/2869/2869 2852/2852/2852 2848/2848/2848
f 4627/4627/4627 4617/4617/4617 4657/4657/4657
f 4671/4671/4671 4627/4627/4627 4657/4657/4657
f 4627/4627/4627 4671/4671/4671 4616/4616/4616
f 4616/4616/4616 4671/4671/4671 4681/4681/4681
f 4630/4630/4630 4616/4616/4616 4681/4681/4681
f 4569/4569/4569 4616/4616/4616 4630/4630/4630
f 3352/3352/3352 4569/4569/4569 4630/4630/4630
f 2869/2869/2869 4569/4569/4569 3352/3352/3352
f 4275/4275/4275 2869/2869/2869 3352/3352/3352
f 4275/4275/4275 2852/2852/2852 2869/2869/2869
f 4657/4657/4657 4665/4665/4665 4671/4671/4671
f 4671/4671/4671 4665/4665/4665 4680/4680/4680
f 4671/4671/4671 4680/4680/4680 4681/4681/4681
f 4681/4681/4681 4680/4680/4680 4672/4672/4672
f 4681/4681/4681 4672/4672/4672 4630/4630/4630
f 4630/4630/4630 4672/4672/4672 4592/4592/4592
f 3346/3346/3346 4630/4630/4630 4592/4592/4592
f 3352/3352/3352 4630/4630/4630 3346/3346/3346
f 3352/3352/3352 3346/3346/3346 4508/4508/4508
f 4508/4508/4508 4275/4275/4275 3352/3352/3352
f 4508/4508/4508 2852/2852/2852 4275/4275/4275
f 4516/4516/4516 2852/2852/2852 4508/4508/4508
f 4512/4512/4512 2852/2852/2852 4516/4516/4516
f 4680/4680/4680 4665/4665/4665 4664/4664/4664
f 4680/4680/4680 4664/4664/4664 4672/4672/4672
f 4672/4672/4672 4664/4664/4664 4649/4649/4649
f 4672/4672/4672 4649/4649/4649 4592/4592/4592
f 4592/4592/4592 4649/4649/4649 4638/4638/4638
f 3347/3347/3347 4592/4592/4592 4638/4638/4638
f 3346/3346/3346 4592/4592/4592 3347/3347/3347
f 4664/4664/4664 4665/4665/4665 4666/4666/4666
f 4666/4666/4666 4677/4677/4677 4664/4664/4664
f 4664/4664/4664 4677/4677/4677 4668/4668/4668
f 4668/4668/4668 4649/4649/4649 4664/4664/4664
f 4651/4651/4651 4649/4649/4649 4668/4668/4668
f 4649/4649/4649 4651/4651/4651 4638/4638/4638
f 4638/4638/4638 4651/4651/4651 4631/4631/4631
f 4638/4638/4638 4631/4631/4631 3347/3347/3347
f 4668/4668/4668 4677/4677/4677 4669/4669/4669
f 4669/4669/4669 4663/4663/4663 4668/4668/4668
f 4668/4668/4668 4663/4663/4663 4651/4651/4651
f 4639/4639/4639 4651/4651/4651 4663/4663/4663
f 4631/4631/4631 4651/4651/4651 4639/4639/4639
f 4669/4669/4669 4677/4677/4677 4678/4678/4678
f 4669/4669/4669 4678/4678/4678 4650/4650/4650
f 4653/4653/4653 4669/4669/4669 4650/4650/4650
f 4682/4682/4682 4669/4669/4669 4653/4653/4653
f 4663/4663/4663 4669/4669/4669 4682/4682/4682
f 4591/4591/4591 4663/4663/4663 4682/4682/4682
f 4639/4639/4639 4663/4663/4663 4591/4591/4591
f 4650/4650/4650 4678/4678/4678 4654/4654/4654
f 4650/4650/4650 4654/4654/4654 4656/4656/4656
f 4655/4655/4655 4650/4650/4650 4656/4656/4656
f 4653/4653/4653 4650/4650/4650 4655/4655/4655
f 4673/4673/4673 4653/4653/4653 4655/4655/4655
f 4682/4682/4682 4653/4653/4653 4673/4673/4673
f 4583/4583/4583 4682/4682/4682 4673/4673/4673
f 4591/4591/4591 4682/4682/4682 4583/4583/4583
f 3348/3348/3348 4591/4591/4591 4583/4583/4583
f 4656/4656/4656 4654/4654/4654 4670/4670/4670
f 4656/4656/4656 4670/4670/4670 4679/4679/4679
f 4658/4658/4658 4656/4656/4656 4679/4679/4679
f 4655/4655/4655 4656/4656/4656 4658/4658/4658
f 4660/4660/4660 4655/4655/4655 4658/4658/4658
f 4673/4673/4673 4655/4655/4655 4660/4660/4660
f 4504/4504/4504 4673/4673/4673 4660/4660/4660
f 4583/4583/4583 4673/4673/4673 4504/4504/4504
f 4583/4583/4583 4504/4504/4504 3348/3348/3348
f 3348/3348/3348 4504/4504/4504 4519/4519/4519
f 4463/4463/4463 3348/3348/3348 4519/4519/4519
f 3348/3348/3348 4463/4463/4463 4507/4507/4507
f 4658/4658/4658 4679/4679/4679 4659/4659/4659
f 4636/4636/4636 4658/4658/4658 4659/4659/4659
f 4660/4660/4660 4658/4658/4658 4636/4636/4636
f 4582/4582/4582 4660/4660/4660 4636/4636/4636
f 4582/4582/4582 4504/4504/4504 4660/4660/4660
f 4503/4503/4503 4504/4504/4504 4582/4582/4582
f 4519/4519/4519 4504/4504/4504 4503/4503/4503
f 4503/4503/4503 4463/4463/4463 4519/4519/4519
f 4462/4462/4462 4463/4463/4463 4503/4503/4503
f 4463/4463/4463 4462/4462/4462 4507/4507/4507
f 4507/4507/4507 4462/4462/4462 4511/4511/4511
f 4462/4462/4462 4464/4464/4464 4511/4511/4511
f 4659/4659/4659 4679/4679/4679 4662/4662/4662
f 4659/4659/4659 4662/4662/4662 4661/4661/4661
f 4628/4628/4628 4659/4659/4659 4661/4661/4661
f 4636/4636/4636 4659/4659/4659 4628/4628/4628
f 4571/4571/4571 4636/4636/4636 4628/4628/4628
f 4582/4582/4582 4636/4636/4636 4571/4571/4571
f 4518/4518/4518 4582/4582/4582 4571/4571/4571
f 4503/4503/4503 4582/4582/4582 4518/4518/4518
f 4503/4503/4503 4518/4518/4518 4462/4462/4462
f 4518/4518/4518 4473/4473/4473 4462/4462/4462
f 4473/4473/4473 4464/4464/4464 4462/4462/4462
f 4661/4661/4661 4662/4662/4662 4637/4637/4637
f 4623/4623/4623 4661/4661/4661 4637/4637/4637
f 4622/4622/4622 4661/4661/4661 4623/4623/4623
f 4629/4629/4629 4661/4661/4661 4622/4622/4622
f 4628/4628/4628 4661/4661/4661 4629/4629/4629
f 4564/4564/4564 4628/4628/4628 4629/4629/4629
f 4571/4571/4571 4628/4628/4628 4564/4564/4564
f 2856/2856/2856 4571/4571/4571 4564/4564/4564
f 4518/4518/4518 4571/4571/4571 2856/2856/2856
f 2856/2856/2856 4473/4473/4473 4518/4518/4518
f 4618/4618/4618 4622/4622/4622 4623/4623/4623
f 4618/4618/4618 4629/4629/4629 4622/4622/4622
f 4619/4619/4619 4629/4629/4629 4618/4618/4618
f 4629/4629/4629 4619/4619/4619 4564/4564/4564
f 4564/4564/4564 4619/4619/4619 4559/4559/4559
f 2857/2857/2857 4564/4564/4564 4559/4559/4559
f 2856/2856/2856 4564/4564/4564 2857/2857/2857
f 4473/4473/4473 2856/2856/2856 2857/2857/2857
f 4473/4473/4473 2857/2857/2857 2859/2859/2859
f 2859/2859/2859 4466/4466/4466 4473/4473/4473
f 4473/4473/4473 4466/4466/4466 4464/4464/4464
f 4619/4619/4619 4618/4618/4618 4621/4621/4621
f 4619/4619/4619 4621/4621/4621 4559/4559/4559
f 4559/4559/4559 4621/4621/4621 4580/4580/4580
f 2859/2859/2859 4559/4559/4559 4580/4580/4580
f 2857/2857/2857 4559/4559/4559 2859/2859/2859
f 4621/4621/4621 4618/4618/4618 4632/4632/4632
f 4632/4632/4632 4620/4620/4620 4621/4621/4621
f 4621/4621/4621 4620/4620/4620 4580/4580/4580
f 4580/4580/4580 4620/4620/4620 4566/4566/4566
f 2849/2849/2849 4580/4580/4580 4566/4566/4566
f 2859/2859/2859 4580/4580/4580 2849/2849/2849
f 2859/2859/2859 2849/2849/2849 4466/4466/4466
f 4466/4466/4466 2849/2849/2849 4461/4461/4461
f 2812/2812/2812 4466/4466/4466 4461/4461/4461
f 2801/2801/2801 4466/4466/4466 2812/2812/2812
f 2801/2801/2801 4464/4464/4464 4466/4466/4466
f 2793/2793/2793 4464/4464/4464 2801/2801/2801
f 4620/4620/4620 4632/4632/4632 4634/4634/4634
f 4620/4620/4620 4634/4634/4634 4633/4633/4633
f 4620/4620/4620 4633/4633/4633 4566/4566/4566
f 4566/4566/4566 4633/4633/4633 4563/4563/4563
f 4566/4566/4566 4563/4563/4563 2849/2849/2849
f 2849/2849/2849 4563/4563/4563 2851/2851/2851
f 2849/2849/2849 2851/2851/2851 4461/4461/4461
f 4461/4461/4461 2851/2851/2851 4472/4472/4472
f 2825/2825/2825 4461/4461/4461 4472/4472/4472
f 2812/2812/2812 4461/4461/4461 2825/2825/2825
f 4411/4411/4411 2812/2812/2812 2825/2825/2825
f 4438/4438/4438 2812/2812/2812 4411/4411/4411
f 4438/4438/4438 2801/2801/2801 2812/2812/2812
f 2847/2847/2847 2801/2801/2801 4438/4438/4438
f 2847/2847/2847 2793/2793/2793 2801/2801/2801
f 2814/2814/2814 2793/2793/2793 2847/2847/2847
f 2814/2814/2814 2847/2847/2847 4440/4440/4440
f 4440/4440/4440 2818/2818/2818 2814/2814/2814
f 4448/4448/4448 2818/2818/2818 4440/4440/4440
f 4395/4395/4395 2818/2818/2818 4448/4448/4448
f 4394/4394/4394 4438/4438/4438 4411/4411/4411
f 4396/4396/4396 4438/4438/4438 4394/4394/4394
f 4438/4438/4438 4396/4396/4396 2847/2847/2847
f 4440/4440/4440 2847/2847/2847 4396/4396/4396
f 4297/4297/4297 4440/4440/4440 4396/4396/4396
f 4303/4303/4303 4440/4440/4440 4297/4297/4297
f 4303/4303/4303 4448/4448/4448 4440/4440/4440
f 4303/4303/4303 4447/4447/4447 4448/4448/4448
f 4448/4448/4448 4447/4447/4447 4395/4395/4395
f 4303/4303/4303 4395/4395/4395 4447/4447/4447
f 2784/2784/2784 4395/4395/4395 4303/4303/4303
f 4297/4297/4297 2784/2784/2784 4303/4303/4303
f 4443/4443/4443 2784/2784/2784 4297/4297/4297
f 4394/4394/4394 4260/4260/4260 4396/4396/4396
f 4396/4396/4396 4260/4260/4260 4261/4261/4261
f 4396/4396/4396 4261/4261/4261 4297/4297/4297
f 4261/4261/4261 4443/4443/4443 4297/4297/4297
f 4445/4445/4445 4443/4443/4443 4261/4261/4261
f 4445/4445/4445 4441/4441/4441 4443/4443/4443
f 2788/2788/2788 4441/4441/4441 4445/4445/4445
f 1780/1780/1780 4441/4441/4441 2788/2788/2788
f 1777/1777/1777 4441/4441/4441 1780/1780/1780
f 4301/4301/4301 1777/1777/1777 1780/1780/1780
f 4260/4260/4260 4445/4445/4445 4261/4261/4261
f 4442/4442/4442 4445/4445/4445 4260/4260/4260
f 4442/4442/4442 2788/2788/2788 4445/4445/4445
f 2777/2777/2777 2788/2788/2788 4442/4442/4442
f 1778/1778/1778 2788/2788/2788 2777/2777/2777
f 1780/1780/1780 2788/2788/2788 1778/1778/1778
f 4324/4324/4324 1780/1780/1780 1778/1778/1778
f 4301/4301/4301 1780/1780/1780 4324/4324/4324
f 4516/4516/4516 4465/4465/4465 4512/4512/4512
f 4508/4508/4508 4465/4465/4465 4516/4516/4516
f 4210/4210/4210 4154/4154/4154 4323/4323/4323
f 4154/4154/4154 4210/4210/4210 4211/4211/4211
f 4211/4211/4211 4302/4302/4302 4154/4154/4154
f 4243/4243/4243 4302/4302/4302 4211/4211/4211
f 4243/4243/4243 4214/4214/4214 4302/4302/4302
f 4302/4302/4302 4214/4214/4214 4224/4224/4224
f 4214/4214/4214 4213/4213/4213 4224/4224/4224
f 4193/4193/4193 4213/4213/4213 4214/4214/4214
f 4211/4211/4211 4210/4210/4210 4168/4168/4168
f 4168/4168/4168 4238/4238/4238 4211/4211/4211
f 4211/4211/4211 4238/4238/4238 4232/4232/4232
f 4243/4243/4243 4211/4211/4211 4232/4232/4232
f 4232/4232/4232 4233/4233/4233 4243/4243/4243
f 4233/4233/4233 4241/4241/4241 4243/4243/4243
f 4243/4243/4243 4241/4241/4241 4169/4169/4169
f 4243/4243/4243 4169/4169/4169 4231/4231/4231
f 4231/4231/4231 4214/4214/4214 4243/4243/4243
f 4231/4231/4231 4228/4228/4228 4214/4214/4214
f 4214/4214/4214 4228/4228/4228 4193/4193/4193
f 4232/4232/4232 4238/4238/4238 4233/4233/4233
f 4233/4233/4233 4238/4238/4238 4239/4239/4239
f 4239/4239/4239 4241/4241/4241 4233/4233/4233
f 4246/4246/4246 4241/4241/4241 4239/4239/4239
f 4246/4246/4246 4242/4242/4242 4241/4241/4241
f 4242/4242/4242 4251/4251/4251 4241/4241/4241
f 4241/4241/4241 4251/4251/4251 4169/4169/4169
f 4169/4169/4169 4251/4251/4251 4231/4231/4231
f 4231/4231/4231 4251/4251/4251 4228/4228/4228
f 4417/4417/4417 4424/4424/4424 4202/4202/4202
f 4419/4419/4419 4424/4424/4424 4417/4417/4417
f 4418/4418/4418 4419/4419/4419 4417/4417/4417
f 4426/4426/4426 4419/4419/4419 4418/4418/4418
f 4418/4418/4418 4147/4147/4147 4426/4426/4426
f 4418/4418/4418 4144/4144/4144 4147/4147/4147
f 4144/4144/4144 4207/4207/4207 4147/4147/4147
f 4207/4207/4207 4144/4144/4144 3461/3461/3461
f 3461/3461/3461 4144/4144/4144 1766/1766/1766
f 3461/3461/3461 1766/1766/1766 1765/1765/1765
f 1765/1765/1765 1766/1766/1766 4420/4420/4420
f 1788/1788/1788 3517/3517/3517 3462/3462/3462
f 4145/4145/4145 3517/3517/3517 1788/1788/1788
f 4177/4177/4177 3517/3517/3517 4145/4145/4145
f 3517/3517/3517 4177/4177/4177 4212/4212/4212
f 4212/4212/4212 4177/4177/4177 4178/4178/4178
f 4178/4178/4178 4177/4177/4177 4225/4225/4225
f 4143/4143/4143 4145/4145/4145 1788/1788/1788
f 4179/4179/4179 4145/4145/4145 4143/4143/4143
f 4145/4145/4145 4179/4179/4179 4225/4225/4225
f 4225/4225/4225 4177/4177/4177 4145/4145/4145
f 4143/4143/4143 1788/1788/1788 4175/4175/4175
f 4143/4143/4143 4175/4175/4175 4155/4155/4155
f 4143/4143/4143 4155/4155/4155 4174/4174/4174
f 4174/4174/4174 4179/4179/4179 4143/4143/4143
f 4179/4179/4179 4174/4174/4174 4176/4176/4176
f 4225/4225/4225 4179/4179/4179 4176/4176/4176
f 4155/4155/4155 4175/4175/4175 4146/4146/4146
f 4155/4155/4155 4146/4146/4146 4173/4173/4173
f 4203/4203/4203 4155/4155/4155 4173/4173/4173
f 4208/4208/4208 4155/4155/4155 4203/4203/4203
f 4208/4208/4208 4226/4226/4226 4155/4155/4155
f 4174/4174/4174 4155/4155/4155 4226/4226/4226
f 4219/4219/4219 4174/4174/4174 4226/4226/4226
f 4222/4222/4222 4174/4174/4174 4219/4219/4219
f 4176/4176/4176 4174/4174/4174 4222/4222/4222
f 4203/4203/4203 4173/4173/4173 4209/4209/4209
f 4172/4172/4172 4203/4203/4203 4209/4209/4209
f 4203/4203/4203 4172/4172/4172 4153/4153/4153
f 4223/4223/4223 4203/4203/4203 4153/4153/4153
f 4208/4208/4208 4203/4203/4203 4223/4223/4223
f 4223/4223/4223 4226/4226/4226 4208/4208/4208
f 4219/4219/4219 4226/4226/4226 4223/4223/4223
f 4220/4220/4220 4172/4172/4172 4209/4209/4209
f 4152/4152/4152 4172/4172/4172 4220/4220/4220
f 4153/4153/4153 4172/4172/4172 4152/4152/4152
f 4494/4494/4494 4499/4499/4499 4611/4611/4611
f 4499/4499/4499 4496/4496/4496 4611/4611/4611
f 4496/4496/4496 4701/4701/4701 4611/4611/4611
f 4701/4701/4701 4703/4703/4703 4611/4611/4611
f 4701/4701/4701 4702/4702/4702 4703/4703/4703
f 4702/4702/4702 4756/4756/4756 4703/4703/4703
f 4703/4703/4703 4756/4756/4756 4768/4768/4768
f 4768/4768/4768 4756/4756/4756 4754/4754/4754
f 4695/4695/4695 4701/4701/4701 4496/4496/4496
f 4702/4702/4702 4701/4701/4701 4695/4695/4695
f 4792/4792/4792 4702/4702/4702 4695/4695/4695
f 4756/4756/4756 4702/4702/4702 4792/4792/4792
f 4756/4756/4756 4792/4792/4792 4742/4742/4742
f 4754/4754/4754 4756/4756/4756 4742/4742/4742
f 4754/4754/4754 4742/4742/4742 4769/4769/4769
f 4769/4769/4769 4742/4742/4742 4755/4755/4755
f 4769/4769/4769 4755/4755/4755 4753/4753/4753
f 4695/4695/4695 4694/4694/4694 4792/4792/4792
f 4792/4792/4792 4694/4694/4694 4806/4806/4806
f 4792/4792/4792 4806/4806/4806 4815/4815/4815
f 4742/4742/4742 4792/4792/4792 4815/4815/4815
f 4815/4815/4815 4755/4755/4755 4742/4742/4742
f 4794/4794/4794 4755/4755/4755 4815/4815/4815
f 4808/4808/4808 4755/4755/4755 4794/4794/4794
f 4741/4741/4741 4755/4755/4755 4808/4808/4808
f 4753/4753/4753 4755/4755/4755 4741/4741/4741
f 4741/4741/4741 4759/4759/4759 4753/4753/4753
f 4667/4667/4667 4753/4753/4753 4759/4759/4759
f 4705/4705/4705 4806/4806/4806 4694/4694/4694
f 4707/4707/4707 4806/4806/4806 4705/4705/4705
f 4707/4707/4707 4704/4704/4704 4806/4806/4806
f 4806/4806/4806 4704/4704/4704 4807/4807/4807
f 4815/4815/4815 4806/4806/4806 4807/4807/4807
f 4797/4797/4797 4815/4815/4815 4807/4807/4807
f 4794/4794/4794 4815/4815/4815 4797/4797/4797
f 4794/4794/4794 4797/4797/4797 4808/4808/4808
f 4705/4705/4705 4694/4694/4694 4717/4717/4717
f 4717/4717/4717 4707/4707/4707 4705/4705/4705
f 4717/4717/4717 4704/4704/4704 4707/4707/4707
f 4717/4717/4717 4718/4718/4718 4704/4704/4704
f 4704/4704/4704 4718/4718/4718 4714/4714/4714
f 4704/4704/4704 4714/4714/4714 4807/4807/4807
f 4807/4807/4807 4714/4714/4714 4797/4797/4797
f 4714/4714/4714 4795/4795/4795 4797/4797/4797
f 4808/4808/4808 4797/4797/4797 4795/4795/4795
f 4808/4808/4808 4795/4795/4795 4784/4784/4784
f 4784/4784/4784 4741/4741/4741 4808/4808/4808
f 4289/4289/4289 4717/4717/4717 4694/4694/4694
f 4717/4717/4717 4289/4289/4289 4726/4726/4726
f 4717/4717/4717 4726/4726/4726 4718/4718/4718
f 4726/4726/4726 4727/4727/4727 4718/4718/4718
f 4727/4727/4727 4715/4715/4715 4718/4718/4718
f 4715/4715/4715 4714/4714/4714 4718/4718/4718
f 4715/4715/4715 4795/4795/4795 4714/4714/4714
f 4715/4715/4715 4788/4788/4788 4795/4795/4795
f 4784/4784/4784 4795/4795/4795 4788/4788/4788
f 4784/4784/4784 4788/4788/4788 4790/4790/4790
f 4790/4790/4790 4758/4758/4758 4784/4784/4784
f 4758/4758/4758 4741/4741/4741 4784/4784/4784
f 4758/4758/4758 4759/4759/4759 4741/4741/4741
f 4726/4726/4726 4289/4289/4289 4290/4290/4290
f 4726/4726/4726 4290/4290/4290 4751/4751/4751
f 4751/4751/4751 4727/4727/4727 4726/4726/4726
f 4751/4751/4751 4749/4749/4749 4727/4727/4727
f 4699/4699/4699 4727/4727/4727 4749/4749/4749
f 4698/4698/4698 4727/4727/4727 4699/4699/4699
f 4698/4698/4698 4715/4715/4715 4727/4727/4727
f 4698/4698/4698 4788/4788/4788 4715/4715/4715
f 4698/4698/4698 4793/4793/4793 4788/4788/4788
f 4790/4790/4790 4788/4788/4788 4793/4793/4793
f 4751/4751/4751 4290/4290/4290 4684/4684/4684
f 4683/4683/4683 4751/4751/4751 4684/4684/4684
f 4763/4763/4763 4751/4751/4751 4683/4683/4683
f 4763/4763/4763 4749/4749/4749 4751/4751/4751
f 4763/4763/4763 4750/4750/4750 4749/4749/4749
f 4749/4749/4749 4750/4750/4750 4752/4752/4752
f 4752/4752/4752 4699/4699/4699 4749/4749/4749
f 4724/4724/4724 4699/4699/4699 4752/4752/4752
f 4699/4699/4699 4724/4724/4724 4793/4793/4793
f 4699/4699/4699 4793/4793/4793 4698/4698/4698
f 4299/4299/4299 4763/4763/4763 4683/4683/4683
f 4750/4750/4750 4763/4763/4763 4299/4299/4299
f 4320/4320/4320 4750/4750/4750 4299/4299/4299
f 4772/4772/4772 4750/4750/4750 4320/4320/4320
f 4772/4772/4772 4752/4752/4752 4750/4750/4750
f 4762/4762/4762 4752/4752/4752 4772/4772/4772
f 4762/4762/4762 4713/4713/4713 4752/4752/4752
f 4713/4713/4713 4724/4724/4724 4752/4752/4752
f 4724/4724/4724 4713/4713/4713 4817/4817/4817
f 4793/4793/4793 4724/4724/4724 4817/4817/4817
f 4817/4817/4817 4790/4790/4790 4793/4793/4793
f 4329/4329/4329 4772/4772/4772 4320/4320/4320
f 4747/4747/4747 4772/4772/4772 4329/4329/4329
f 4762/4762/4762 4772/4772/4772 4747/4747/4747
f 4762/4762/4762 4747/4747/4747 4700/4700/4700
f 4700/4700/4700 4713/4713/4713 4762/4762/4762
f 4700/4700/4700 4800/4800/4800 4713/4713/4713
f 4713/4713/4713 4800/4800/4800 4765/4765/4765
f 4817/4817/4817 4713/4713/4713 4765/4765/4765
f 4765/4765/4765 4816/4816/4816 4817/4817/4817
f 4816/4816/4816 4790/4790/4790 4817/4817/4817
f 4761/4761/4761 4747/4747/4747 4329/4329/4329
f 4747/4747/4747 4761/4761/4761 4770/4770/4770
f 4700/4700/4700 4747/4747/4747 4770/4770/4770
f 4770/4770/4770 4786/4786/4786 4700/4700/4700
f 4700/4700/4700 4786/4786/4786 4800/4800/4800
f 4798/4798/4798 4800/4800/4800 4786/4786/4786
f 4814/4814/4814 4800/4800/4800 4798/4798/4798
f 4814/4814/4814 4796/4796/4796 4800/4800/4800
f 4800/4800/4800 4796/4796/4796 4765/4765/4765
f 4796/4796/4796 4816/4816/4816 4765/4765/4765
f 4770/4770/4770 4761/4761/4761 4771/4771/4771
f 4748/4748/4748 4770/4770/4770 4771/4771/4771
f 4786/4786/4786 4770/4770/4770 4748/4748/4748
f 4748/4748/4748 4798/4798/4798 4786/4786/4786
f 4745/4745/4745 4798/4798/4798 4748/4748/4748
f 4745/4745/4745 4743/4743/4743 4798/4798/4798
f 4798/4798/4798 4743/4743/4743 4773/4773/4773
f 4773/4773/4773 4814/4814/4814 4798/4798/4798
f 4771/4771/4771 4761/4761/4761 4748/4748/4748
f 4748/4748/4748 4761/4761/4761 4721/4721/4721
f 4748/4748/4748 4721/4721/4721 4745/4745/4745
f 4745/4745/4745 4721/4721/4721 4723/4723/4723
f 4723/4723/4723 4725/4725/4725 4745/4745/4745
f 4745/4745/4745 4725/4725/4725 4743/4743/4743
f 4725/4725/4725 4740/4740/4740 4743/4743/4743
f 4740/4740/4740 4774/4774/4774 4743/4743/4743
f 4743/4743/4743 4774/4774/4774 4773/4773/4773
f 4773/4773/4773 4774/4774/4774 4764/4764/4764
f 4764/4764/4764 4814/4814/4814 4773/4773/4773
f 4764/4764/4764 4744/4744/4744 4814/4814/4814
f 4814/4814/4814 4744/4744/4744 4796/4796/4796
f 4796/4796/4796 4744/4744/4744 4816/4816/4816
f 4706/4706/4706 4740/4740/4740 4725/4725/4725
f 4716/4716/4716 4706/4706/4706 4725/4725/4725
f 4716/4716/4716 4513/4513/4513 4706/4706/4706
f 4515/4515/4515 4513/4513/4513 4716/4716/4716
f 4764/4764/4764 4774/4774/4774 4766/4766/4766
f 4766/4766/4766 4739/4739/4739 4764/4764/4764
f 4764/4764/4764 4739/4739/4739 4744/4744/4744
f 4739/4739/4739 4746/4746/4746 4744/4744/4744
f 4744/4744/4744 4746/4746/4746 4760/4760/4760
f 4816/4816/4816 4744/4744/4744 4760/4760/4760
f 4816/4816/4816 4760/4760/4760 4790/4790/4790
f 4790/4790/4790 4760/4760/4760 4757/4757/4757
f 4757/4757/4757 4758/4758/4758 4790/4790/4790
f 4652/4652/4652 4739/4739/4739 4766/4766/4766
f 4676/4676/4676 4739/4739/4739 4652/4652/4652
f 4746/4746/4746 4739/4739/4739 4676/4676/4676
f 4674/4674/4674 4746/4746/4746 4676/4676/4676
f 4767/4767/4767 4746/4746/4746 4674/4674/4674
f 4746/4746/4746 4767/4767/4767 4760/4760/4760
f 4760/4760/4760 4767/4767/4767 4757/4757/4757
f 4757/4757/4757 4767/4767/4767 4758/4758/4758
f 4758/4758/4758 4767/4767/4767 4759/4759/4759
f 4674/4674/4674 4759/4759/4759 4767/4767/4767
f 4667/4667/4667 4759/4759/4759 4674/4674/4674
f 4803/4803/4803 4811/4811/4811 4928/4928/4928
f 4928/4928/4928 4811/4811/4811 4870/4870/4870
f 4928/4928/4928 4870/4870/4870 5001/5001/5001
f 5001/5001/5001 4870/4870/4870 4853/4853/4853
f 5001/5001/5001 4853/4853/4853 4974/4974/4974
f 4974/4974/4974 4853/4853/4853 4911/4911/4911
f 4853/4853/4853 4896/4896/4896 4911/4911/4911
f 4911/4911/4911 4896/4896/4896 4847/4847/4847
f 4811/4811/4811 4809/4809/4809 4870/4870/4870
f 4870/4870/4870 4809/4809/4809 4854/4854/4854
f 4870/4870/4870 4854/4854/4854 4853/4853/4853
f 4853/4853/4853 4854/4854/4854 4896/4896/4896
f 4855/4855/4855 4896/4896/4896 4854/4854/4854
f 4897/4897/4897 4896/4896/4896 4855/4855/4855
f 4896/4896/4896 4897/4897/4897 4847/4847/4847
f 4847/4847/4847 4897/4897/4897 4901/4901/4901
f 4996/4996/4996 4901/4901/4901 4897/4897/4897
f 4902/4902/4902 4901/4901/4901 4996/4996/4996
f 4902/4902/4902 4996/4996/4996 4929/4929/4929
f 4809/4809/4809 4819/4819/4819 4854/4854/4854
f 4854/4854/4854 4819/4819/4819 4855/4855/4855
f 4819/4819/4819 4837/4837/4837 4855/4855/4855
f 4996/4996/4996 4855/4855/4855 4837/4837/4837
f 4897/4897/4897 4855/4855/4855 4996/4996/4996
f 4818/4818/4818 4837/4837/4837 4819/4819/4819
f 4818/4818/4818 4926/4926/4926 4837/4837/4837
f 4926/4926/4926 4910/4910/4910 4837/4837/4837
f 4837/4837/4837 4910/4910/4910 4996/4996/4996
f 4929/4929/4929 4996/4996/4996 4910/4910/4910
f 4929/4929/4929 4910/4910/4910 4916/4916/4916
f 4916/4916/4916 4910/4910/4910 4919/4919/4919
f 4919/4919/4919 4836/4836/4836 4916/4916/4916
f 4835/4835/4835 4836/4836/4836 4919/4919/4919
f 4836/4836/4836 4835/4835/4835 4871/4871/4871
f 4810/4810/4810 4926/4926/4926 4818/4818/4818
f 4810/4810/4810 4838/4838/4838 4926/4926/4926
f 4919/4919/4919 4926/4926/4926 4838/4838/4838
f 4910/4910/4910 4926/4926/4926 4919/4919/4919
f 4831/4831/4831 4838/4838/4838 4810/4810/4810
f 4831/4831/4831 4927/4927/4927 4838/4838/4838
f 4835/4835/4835 4838/4838/4838 4927/4927/4927
f 4919/4919/4919 4838/4838/4838 4835/4835/4835
f 4802/4802/4802 4927/4927/4927 4831/4831/4831
f 4812/4812/4812 4927/4927/4927 4802/4802/4802
f 4839/4839/4839 4927/4927/4927 4812/4812/4812
f 4927/4927/4927 4839/4839/4839 4835/4835/4835
f 4835/4835/4835 4839/4839/4839 4909/4909/4909
f 4871/4871/4871 4835/4835/4835 4909/4909/4909
f 4988/4988/4988 4993/4993/4993 4989/4989/4989
f 4872/4872/4872 4993/4993/4993 4988/4988/4988
f 4872/4872/4872 4994/4994/4994 4993/4993/4993
f 4998/4998/4998 4994/4994/4994 4872/4872/4872
f 4998/4998/4998 4842/4842/4842 4994/4994/4994
f 4863/4863/4863 4842/4842/4842 4998/4998/4998
f 4863/4863/4863 4841/4841/4841 4842/4842/4842
f 4842/4842/4842 4841/4841/4841 4965/4965/4965
f 4833/4833/4833 4872/4872/4872 4988/4988/4988
f 4900/4900/4900 4872/4872/4872 4833/4833/4833
f 4900/4900/4900 4998/4998/4998 4872/4872/4872
f 4913/4913/4913 4998/4998/4998 4900/4900/4900
f 4913/4913/4913 4863/4863/4863 4998/4998/4998
f 4894/4894/4894 4863/4863/4863 4913/4913/4913
f 4894/4894/4894 4841/4841/4841 4863/4863/4863
f 4917/4917/4917 4841/4841/4841 4894/4894/4894
f 4917/4917/4917 4971/4971/4971 4841/4841/4841
f 4971/4971/4971 4956/4956/4956 4841/4841/4841
f 4841/4841/4841 4956/4956/4956 4965/4965/4965
f 4845/4845/4845 4900/4900/4900 4833/4833/4833
f 4895/4895/4895 4900/4900/4900 4845/4845/4845
f 4895/4895/4895 4913/4913/4913 4900/4900/4900
f 4907/4907/4907 4913/4913/4913 4895/4895/4895
f 4907/4907/4907 4893/4893/4893 4913/4913/4913
f 4913/4913/4913 4893/4893/4893 4894/4894/4894
f 4893/4893/4893 4917/4917/4917 4894/4894/4894
f 4915/4915/4915 4917/4917/4917 4893/4893/4893
f 4915/4915/4915 4848/4848/4848 4917/4917/4917
f 4848/4848/4848 4971/4971/4971 4917/4917/4917
f 4952/4952/4952 4895/4895/4895 4845/4845/4845
f 4963/4963/4963 4895/4895/4895 4952/4952/4952
f 4963/4963/4963 4907/4907/4907 4895/4895/4895
f 4950/4950/4950 4907/4907/4907 4963/4963/4963
f 4950/4950/4950 4893/4893/4893 4907/4907/4907
f 4834/4834/4834 4893/4893/4893 4950/4950/4950
f 4834/4834/4834 4915/4915/4915 4893/4893/4893
f 4846/4846/4846 4915/4915/4915 4834/4834/4834
f 4846/4846/4846 4830/4830/4830 4915/4915/4915
f 4830/4830/4830 4848/4848/4848 4915/4915/4915
f 4852/4852/4852 4963/4963/4963 4952/4952/4952
f 4851/4851/4851 4963/4963/4963 4852/4852/4852
f 4851/4851/4851 4950/4950/4950 4963/4963/4963
f 4948/4948/4948 4950/4950/4950 4851/4851/4851
f 4948/4948/4948 4834/4834/4834 4950/4950/4950
f 4970/4970/4970 4834/4834/4834 4948/4948/4948
f 4970/4970/4970 4846/4846/4846 4834/4834/4834
f 4969/4969/4969 4846/4846/4846 4970/4970/4970
f 4969/4969/4969 4832/4832/4832 4846/4846/4846
f 4832/4832/4832 4830/4830/4830 4846/4846/4846
f 4832/4832/4832 4906/4906/4906 4830/4830/4830
f 4830/4830/4830 4906/4906/4906 4848/4848/4848
f 4852/4852/4852 4840/4840/4840 4851/4851/4851
f 4840/4840/4840 4948/4948/4948 4851/4851/4851
f 4961/4961/4961 4948/4948/4948 4840/4840/4840
f 4961/4961/4961 4970/4970/4970 4948/4948/4948
f 4947/4947/4947 4970/4970/4970 4961/4961/4961
f 4947/4947/4947 4969/4969/4969 4970/4970/4970
f 4958/4958/4958 4969/4969/4969 4947/4947/4947
f 4958/4958/4958 4857/4857/4857 4969/4969/4969
f 4857/4857/4857 4832/4832/4832 4969/4969/4969
f 4857/4857/4857 4861/4861/4861 4832/4832/4832
f 4861/4861/4861 4906/4906/4906 4832/4832/4832
f 4868/4868/4868 4840/4840/4840 4852/4852/4852
f 4868/4868/4868 4829/4829/4829 4840/4840/4840
f 4829/4829/4829 4961/4961/4961 4840/4840/4840
f 4967/4967/4967 4961/4961/4961 4829/4829/4829
f 4967/4967/4967 4947/4947/4947 4961/4961/4961
f 4859/4859/4859 4947/4947/4947 4967/4967/4967
f 4859/4859/4859 4958/4958/4958 4947/4947/4947
f 4962/4962/4962 4958/4958/4958 4859/4859/4859
f 4962/4962/4962 4957/4957/4957 4958/4958/4958
f 4957/4957/4957 4857/4857/4857 4958/4958/4958
f 4957/4957/4957 4856/4856/4856 4857/4857/4857
f 4856/4856/4856 4861/4861/4861 4857/4857/4857
f 4844/4844/4844 4829/4829/4829 4868/4868/4868
f 4960/4960/4960 4829/4829/4829 4844/4844/4844
f 4954/4954/4954 4829/4829/4829 4960/4960/4960
f 4954/4954/4954 4959/4959/4959 4829/4829/4829
f 4829/4829/4829 4959/4959/4959 4967/4967/4967
f 4959/4959/4959 4859/4859/4859 4967/4967/4967
f 4858/4858/4858 4859/4859/4859 4959/4959/4959
f 4858/4858/4858 4962/4962/4962 4859/4859/4859
f 4968/4968/4968 4962/4962/4962 4858/4858/4858
f 4968/4968/4968 4860/4860/4860 4962/4962/4962
f 4860/4860/4860 4957/4957/4957 4962/4962/4962
f 4860/4860/4860 4869/4869/4869 4957/4957/4957
f 4869/4869/4869 4856/4856/4856 4957/4957/4957
f 4850/4850/4850 4860/4860/4860 4968/4968/4968
f 4850/4850/4850 4843/4843/4843 4860/4860/4860
f 4843/4843/4843 4869/4869/4869 4860/4860/4860
f 4849/4849/4849 4843/4843/4843 4850/4850/4850
f 4848/4848/4848 4906/4906/4906 4908/4908/4908
f 4908/4908/4908 4955/4955/4955 4848/4848/4848
f 4848/4848/4848 4955/4955/4955 4971/4971/4971
f 4955/4955/4955 4953/4953/4953 4971/4971/4971
f 4971/4971/4971 4953/4953/4953 4956/4956/4956
f 4890/4890/4890 4891/4891/4891 4892/4892/4892
f 4899/4899/4899 4891/4891/4891 4890/4890/4890
f 4899/4899/4899 4903/4903/4903 4891/4891/4891
f 4904/4904/4904 4903/4903/4903 4899/4899/4899
f 4904/4904/4904 4982/4982/4982 4903/4903/4903
f 4862/4862/4862 4982/4982/4982 4904/4904/4904
f 4862/4862/4862 4991/4991/4991 4982/4982/4982
f 4982/4982/4982 4991/4991/4991 4995/4995/4995
f 5003/5003/5003 4899/4899/4899 4890/4890/4890
f 4932/4932/4932 4899/4899/4899 5003/5003/5003
f 4932/4932/4932 4904/4904/4904 4899/4899/4899
f 4944/4944/4944 4904/4904/4904 4932/4932/4932
f 4944/4944/4944 4862/4862/4862 4904/4904/4904
f 5006/5006/5006 4862/4862/4862 4944/4944/4944
f 5006/5006/5006 4991/4991/4991 4862/4862/4862
f 5008/5008/5008 4991/4991/4991 5006/5006/5006
f 5008/5008/5008 4966/4966/4966 4991/4991/4991
f 4966/4966/4966 4925/4925/4925 4991/4991/4991
f 4991/4991/4991 4925/4925/4925 4995/4995/4995
f 4930/4930/4930 4932/4932/4932 5003/5003/5003
f 4931/4931/4931 4932/4932/4932 4930/4930/4930
f 4931/4931/4931 4944/4944/4944 4932/4932/4932
f 5012/5012/5012 4944/4944/4944 4931/4931/4931
f 5012/5012/5012 4933/4933/4933 4944/4944/4944
f 4944/4944/4944 4933/4933/4933 5006/5006/5006
f 4933/4933/4933 5008/5008/5008 5006/5006/5006
f 5004/5004/5004 5008/5008/5008 4933/4933/4933
f 5004/5004/5004 5005/5005/5005 5008/5008/5008
f 5005/5005/5005 4966/4966/4966 5008/5008/5008
f 5011/5011/5011 4931/4931/4931 4930/4930/4930
f 4922/4922/4922 4931/4931/4931 5011/5011/5011
f 4922/4922/4922 5012/5012/5012 4931/4931/4931
f 5009/5009/5009 5012/5012/5012 4922/4922/4922
f 5009/5009/5009 4933/4933/4933 5012/5012/5012
f 4923/4923/4923 4933/4933/4933 5009/5009/5009
f 4923/4923/4923 5004/5004/5004 4933/4933/4933
f 4943/4943/4943 5004/5004/5004 4923/4923/4923
f 4943/4943/4943 5007/5007/5007 5004/5004/5004
f 5007/5007/5007 5005/5005/5005 5004/5004/5004
f 4941/4941/4941 4922/4922/4922 5011/5011/5011
f 4942/4942/4942 4922/4922/4922 4941/4941/4941
f 4942/4942/4942 5009/5009/5009 4922/4922/4922
f 4945/4945/4945 5009/5009/5009 4942/4942/4942
f 4945/4945/4945 4923/4923/4923 5009/5009/5009
f 4946/4946/4946 4923/4923/4923 4945/4945/4945
f 4946/4946/4946 4943/4943/4943 4923/4923/4923
f 5010/5010/5010 4943/4943/4943 4946/4946/4946
f 5010/5010/5010 4921/4921/4921 4943/4943/4943
f 4921/4921/4921 5007/5007/5007 4943/4943/4943
f 4921/4921/4921 4935/4935/4935 5007/5007/5007
f 5007/5007/5007 4935/4935/4935 5005/5005/5005
f 4941/4941/4941 5002/5002/5002 4942/4942/4942
f 5002/5002/5002 4945/4945/4945 4942/4942/4942
f 4999/4999/4999 4945/4945/4945 5002/5002/5002
f 4999/4999/4999 4946/4946/4946 4945/4945/4945
f 4939/4939/4939 4946/4946/4946 4999/4999/4999
f 4939/4939/4939 5010/5010/5010 4946/4946/4946
f 4938/4938/4938 5010/5010/5010 4939/4939/4939
f 4938/4938/4938 4940/4940/4940 5010/5010/5010
f 4940/4940/4940 4921/4921/4921 5010/5010/5010
f 4940/4940/4940 4934/4934/4934 4921/4921/4921
f 4934/4934/4934 4935/4935/4935 4921/4921/4921
f 4912/4912/4912 5002/5002/5002 4941/4941/4941
f 4912/4912/4912 4914/4914/4914 5002/5002/5002
f 4914/4914/4914 4999/4999/4999 5002/5002/5002
f 4918/4918/4918 4999/4999/4999 4914/4914/4914
f 4918/4918/4918 4939/4939/4939 4999/4999/4999
f 4985/4985/4985 4939/4939/4939 4918/4918/4918
f 4985/4985/4985 4938/4938/4938 4939/4939/4939
f 4987/4987/4987 4938/4938/4938 4985/4985/4985
f 4987/4987/4987 4937/4937/4937 4938/4938/4938
f 4937/4937/4937 4940/4940/4940 4938/4938/4938
f 4937/4937/4937 4920/4920/4920 4940/4940/4940
f 4920/4920/4920 4934/4934/4934 4940/4940/4940
f 4992/4992/4992 4914/4914/4914 4912/4912/4912
f 4951/4951/4951 4914/4914/4914 4992/4992/4992
f 4949/4949/4949 4914/4914/4914 4951/4951/4951
f 4949/4949/4949 4964/4964/4964 4914/4914/4914
f 4914/4914/4914 4964/4964/4964 4918/4918/4918
f 4964/4964/4964 4985/4985/4985 4918/4918/4918
f 4990/4990/4990 4985/4985/4985 4964/4964/4964
f 4990/4990/4990 4987/4987/4987 4985/4985/4985
f 4905/4905/4905 4987/4987/4987 4990/4990/4990
f 4905/4905/4905 4986/4986/4986 4987/4987/4987
f 4986/4986/4986 4937/4937/4937 4987/4987/4987
f 4986/4986/4986 5000/5000/5000 4937/4937/4937
f 5000/5000/5000 4920/4920/4920 4937/4937/4937
f 4984/4984/4984 4986/4986/4986 4905/4905/4905
f 4984/4984/4984 4997/4997/4997 4986/4986/4986
f 4997/4997/4997 5000/5000/5000 4986/4986/4986
f 4983/4983/4983 4997/4997/4997 4984/4984/4984
f 5005/5005/5005 4935/4935/4935 4936/4936/4936
f 4936/4936/4936 4924/4924/4924 5005/5005/5005
f 5005/5005/5005 4924/4924/4924 4966/4966/4966
f 4924/4924/4924 4898/4898/4898 4966/4966/4966
f 4966/4966/4966 4898/4898/4898 4925/4925/4925
f 1740/1740/1740 1702/1702/1702 1736/1736/1736
f 1740/1740/1740 1739/1739/1739 1702/1702/1702
f 1740/1740/1740 1741/1741/1741 1739/1739/1739
f 1747/1747/1747 1741/1741/1741 1740/1740/1740
f 1736/1736/1736 1747/1747/1747 1740/1740/1740
f 366/366/366 167/167/167 522/522/522
f 522/522/522 167/167/167 353/353/353
f 353/353/353 510/510/510 522/522/522
f 522/522/522 510/510/510 849/849/849
f 500/500/500 522/522/522 849/849/849
f 366/366/366 522/522/522 500/500/500
f 353/353/353 167/167/167 354/354/354
f 353/353/353 354/354/354 356/356/356
f 356/356/356 510/510/510 353/353/353
f 367/367/367 510/510/510 356/356/356
f 496/496/496 510/510/510 367/367/367
f 510/510/510 496/496/496 839/839/839
f 849/849/849 510/510/510 839/839/839
f 839/839/839 837/837/837 849/849/849
f 837/837/837 500/500/500 849/849/849
f 501/501/501 500/500/500 837/837/837
f 354/354/354 167/167/167 166/166/166
f 166/166/166 165/165/165 354/354/354
f 354/354/354 165/165/165 379/379/379
f 379/379/379 357/357/357 354/354/354
f 356/356/356 354/354/354 357/357/357
f 359/359/359 356/356/356 357/357/357
f 367/367/367 356/356/356 359/359/359
f 374/374/374 367/367/367 359/359/359
f 169/169/169 367/367/367 374/374/374
f 169/169/169 496/496/496 367/367/367
f 165/165/165 355/355/355 379/379/379
f 379/379/379 355/355/355 523/523/523
f 379/379/379 523/523/523 373/373/373
f 373/373/373 357/357/357 379/379/379
f 376/376/376 357/357/357 373/373/373
f 359/359/359 357/357/357 376/376/376
f 376/376/376 374/374/374 359/359/359
f 372/372/372 374/374/374 376/376/376
f 372/372/372 371/371/371 374/374/374
f 374/374/374 371/371/371 169/169/169
f 355/355/355 380/380/380 523/523/523
f 523/523/523 380/380/380 858/858/858
f 523/523/523 858/858/858 524/524/524
f 373/373/373 523/523/523 524/524/524
f 373/373/373 524/524/524 376/376/376
f 376/376/376 524/524/524 518/518/518
f 376/376/376 518/518/518 372/372/372
f 372/372/372 518/518/518 511/511/511
f 372/372/372 511/511/511 370/370/370
f 370/370/370 371/371/371 372/372/372
f 380/380/380 837/837/837 858/858/858
f 837/837/837 836/836/836 858/858/858
f 858/858/858 836/836/836 862/862/862
f 524/524/524 858/858/858 862/862/862
f 524/524/524 862/862/862 518/518/518
f 518/518/518 862/862/862 857/857/857
f 518/518/518 857/857/857 511/511/511
f 511/511/511 857/857/857 856/856/856
f 511/511/511 856/856/856 503/503/503
f 370/370/370 511/511/511 503/503/503
f 501/501/501 837/837/837 380/380/380
f 836/836/836 857/857/857 862/862/862
f 840/840/840 857/857/857 836/836/836
f 840/840/840 855/855/855 857/857/857
f 857/857/857 855/855/855 856/856/856
f 855/855/855 854/854/854 856/856/856
f 856/856/856 854/854/854 859/859/859
f 503/503/503 856/856/856 859/859/859
f 503/503/503 859/859/859 502/502/502
f 364/364/364 503/503/503 502/502/502
f 370/370/370 503/503/503 364/364/364
f 839/839/839 840/840/840 836/836/836
f 843/843/843 840/840/840 839/839/839
f 840/840/840 843/843/843 855/855/855
f 855/855/855 843/843/843 508/508/508
f 855/855/855 508/508/508 854/854/854
f 854/854/854 508/508/508 509/509/509
f 854/854/854 509/509/509 845/845/845
f 854/854/854 845/845/845 859/859/859
f 859/859/859 845/845/845 851/851/851
f 502/502/502 859/859/859 851/851/851
f 836/836/836 837/837/837 839/839/839
f 839/839/839 496/496/496 843/843/843
f 496/496/496 498/498/498 843/843/843
f 843/843/843 498/498/498 508/508/508
f 498/498/498 521/521/521 508/508/508
f 508/508/508 521/521/521 509/509/509
f 521/521/521 525/525/525 509/509/509
f 509/509/509 525/525/525 504/504/504
f 845/845/845 509/509/509 504/504/504
f 845/845/845 504/504/504 842/842/842
f 845/845/845 842/842/842 851/851/851
f 498/498/498 496/496/496 169/169/169
f 170/170/170 498/498/498 169/169/169
f 521/521/521 498/498/498 170/170/170
f 168/168/168 521/521/521 170/170/170
f 525/525/525 521/521/521 168/168/168
f 375/375/375 525/525/525 168/168/168
f 507/507/507 525/525/525 375/375/375
f 507/507/507 517/517/517 525/525/525
f 525/525/525 517/517/517 504/504/504
f 842/842/842 504/504/504 517/517/517
f 169/169/169 371/371/371 170/170/170
f 371/371/371 369/369/369 170/170/170
f 170/170/170 369/369/369 168/168/168
f 369/369/369 368/368/368 168/168/168
f 168/168/168 368/368/368 375/375/375
f 368/368/368 363/363/363 375/375/375
f 375/375/375 363/363/363 171/171/171
f 171/171/171 507/507/507 375/375/375
f 497/497/497 507/507/507 171/171/171
f 497/497/497 515/515/515 507/507/507
f 507/507/507 515/515/515 517/517/517
f 370/370/370 369/369/369 371/371/371
f 364/364/364 369/369/369 370/370/370
f 364/364/364 368/368/368 369/369/369
f 361/361/361 368/368/368 364/364/364
f 361/361/361 363/363/363 368/368/368
f 362/362/362 363/363/363 361/361/361
f 362/362/362 360/360/360 363/363/363
f 363/363/363 360/360/360 171/171/171
f 171/171/171 360/360/360 164/164/164
f 164/164/164 497/497/497 171/171/171
f 499/499/499 497/497/497 164/164/164
f 499/499/499 516/516/516 497/497/497
f 497/497/497 516/516/516 515/515/515
f 364/364/364 502/502/502 361/361/361
f 361/361/361 502/502/502 520/520/520
f 361/361/361 520/520/520 362/362/362
f 362/362/362 520/520/520 519/519/519
f 362/362/362 519/519/519 358/358/358
f 358/358/358 360/360/360 362/362/362
f 365/365/365 360/360/360 358/358/358
f 163/163/163 360/360/360 365/365/365
f 164/164/164 360/360/360 163/163/163
f 163/163/163 499/499/499 164/164/164
f 502/502/502 851/851/851 520/520/520
f 520/520/520 851/851/851 846/846/846
f 520/520/520 846/846/846 519/519/519
f 519/519/519 846/846/846 852/852/852
f 848/848/848 519/519/519 852/852/852
f 512/512/512 519/519/519 848/848/848
f 358/358/358 519/519/519 512/512/512
f 358/358/358 512/512/512 365/365/365
f 365/365/365 512/512/512 513/513/513
f 513/513/513 512/512/512 853/853/853
f 851/851/851 842/842/842 846/846/846
f 842/842/842 847/847/847 846/846/846
f 846/846/846 847/847/847 852/852/852
f 847/847/847 844/844/844 852/852/852
f 852/852/852 844/844/844 848/848/848
f 844/844/844 853/853/853 848/848/848
f 853/853/853 512/512/512 848/848/848
f 842/842/842 517/517/517 847/847/847
f 847/847/847 517/517/517 515/515/515
f 847/847/847 515/515/515 844/844/844
f 844/844/844 515/515/515 516/516/516
f 844/844/844 516/516/516 514/514/514
f 844/844/844 514/514/514 853/853/853
f 514/514/514 505/505/505 853/853/853
f 506/506/506 505/505/505 514/514/514
f 505/505/505 506/506/506 365/365/365
f 365/365/365 506/506/506 163/163/163
f 506/506/506 499/499/499 163/163/163
f 499/499/499 514/514/514 516/516/516
f 506/506/506 514/514/514 499/499/499
f 997/997/997 2432/2432/2432 863/863/863
f 997/997/997 2407/2407/2407 2432/2432/2432
f 2432/2432/2432 2407/2407/2407 2190/2190/2190
f 2190/2190/2190 2431/2431/2431 2432/2432/2432
f 2432/2432/2432 2431/2431/2431 996/996/996
f 863/863/863 2432/2432/2432 996/996/996
f 998/998/998 863/863/863 996/996/996
f 838/838/838 863/863/863 998/998/998
f 838/838/838 998/998/998 841/841/841
f 2190/2190/2190 2407/2407/2407 2186/2186/2186
f 2190/2190/2190 2186/2186/2186 2184/2184/2184
f 2184/2184/2184 2431/2431/2431 2190/2190/2190
f 2184/2184/2184 2412/2412/2412 2431/2431/2431
f 2412/2412/2412 995/995/995 2431/2431/2431
f 2431/2431/2431 995/995/995 1002/1002/1002
f 996/996/996 2431/2431/2431 1002/1002/1002
f 1002/1002/1002 998/998/998 996/996/996
f 2186/2186/2186 2407/2407/2407 2438/2438/2438
f 2438/2438/2438 2446/2446/2446 2186/2186/2186
f 2186/2186/2186 2446/2446/2446 2360/2360/2360
f 2360/2360/2360 2453/2453/2453 2186/2186/2186
f 2184/2184/2184 2186/2186/2186 2453/2453/2453
f 2378/2378/2378 2184/2184/2184 2453/2453/2453
f 2379/2379/2379 2184/2184/2184 2378/2378/2378
f 2379/2379/2379 2412/2412/2412 2184/2184/2184
f 2379/2379/2379 2410/2410/2410 2412/2412/2412
f 2410/2410/2410 990/990/990 2412/2412/2412
f 2412/2412/2412 990/990/990 995/995/995
f 2360/2360/2360 2446/2446/2446 2433/2433/2433
f 2433/2433/2433 2434/2434/2434 2360/2360/2360
f 2360/2360/2360 2434/2434/2434 2361/2361/2361
f 2361/2361/2361 2453/2453/2453 2360/2360/2360
f 2362/2362/2362 2453/2453/2453 2361/2361/2361
f 2378/2378/2378 2453/2453/2453 2362/2362/2362
f 2362/2362/2362 2375/2375/2375 2378/2378/2378
f 2375/2375/2375 2379/2379/2379 2378/2378/2378
f 2187/2187/2187 2379/2379/2379 2375/2375/2375
f 2187/2187/2187 2410/2410/2410 2379/2379/2379
f 2433/2433/2433 2446/2446/2446 1000/1000/1000
f 1000/1000/1000 1001/1001/1001 2433/2433/2433
f 1007/1007/1007 2433/2433/2433 1001/1001/1001
f 2434/2434/2434 2433/2433/2433 1007/1007/1007
f 1005/1005/1005 2434/2434/2434 1007/1007/1007
f 2427/2427/2427 2434/2434/2434 1005/1005/1005
f 2434/2434/2434 2427/2427/2427 2361/2361/2361
f 2361/2361/2361 2427/2427/2427 2362/2362/2362
f 2427/2427/2427 2459/2459/2459 2362/2362/2362
f 2362/2362/2362 2459/2459/2459 2385/2385/2385
f 2385/2385/2385 2375/2375/2375 2362/2362/2362
f 841/841/841 1001/1001/1001 1000/1000/1000
f 841/841/841 998/998/998 1001/1001/1001
f 998/998/998 999/999/999 1001/1001/1001
f 1001/1001/1001 999/999/999 1007/1007/1007
f 999/999/999 1005/1005/1005 1007/1007/1007
f 992/992/992 1005/1005/1005 999/999/999
f 992/992/992 1006/1006/1006 1005/1005/1005
f 1005/1005/1005 1006/1006/1006 986/986/986
f 986/986/986 2427/2427/2427 1005/1005/1005
f 2459/2459/2459 2427/2427/2427 986/986/986
f 981/981/981 2459/2459/2459 986/986/986
f 2426/2426/2426 2459/2459/2459 981/981/981
f 2459/2459/2459 2426/2426/2426 2385/2385/2385
f 999/999/999 998/998/998 1002/1002/1002
f 1002/1002/1002 992/992/992 999/999/999
f 995/995/995 992/992/992 1002/1002/1002
f 992/992/992 995/995/995 1006/1006/1006
f 1006/1006/1006 995/995/995 990/990/990
f 1006/1006/1006 990/990/990 984/984/984
f 1006/1006/1006 984/984/984 986/986/986
f 986/986/986 984/984/984 981/981/981
f 984/984/984 991/991/991 981/981/981
f 981/981/981 991/991/991 1003/1003/1003
f 1003/1003/1003 2426/2426/2426 981/981/981
f 2424/2424/2424 2426/2426/2426 1003/1003/1003
f 2426/2426/2426 2424/2424/2424 2366/2366/2366
f 2385/2385/2385 2426/2426/2426 2366/2366/2366
f 984/984/984 990/990/990 994/994/994
f 984/984/984 994/994/994 991/991/991
f 991/991/991 994/994/994 850/850/850
f 991/991/991 850/850/850 988/988/988
f 991/991/991 988/988/988 1003/1003/1003
f 1003/1003/1003 988/988/988 989/989/989
f 989/989/989 2424/2424/2424 1003/1003/1003
f 2428/2428/2428 2424/2424/2424 989/989/989
f 2424/2424/2424 2428/2428/2428 2191/2191/2191
f 2366/2366/2366 2424/2424/2424 2191/2191/2191
f 2410/2410/2410 994/994/994 990/990/990
f 2408/2408/2408 994/994/994 2410/2410/2410
f 2408/2408/2408 850/850/850 994/994/994
f 2439/2439/2439 850/850/850 2408/2408/2408
f 2439/2439/2439 979/979/979 850/850/850
f 988/988/988 850/850/850 979/979/979
f 988/988/988 979/979/979 987/987/987
f 988/988/988 987/987/987 989/989/989
f 989/989/989 987/987/987 985/985/985
f 985/985/985 2428/2428/2428 989/989/989
f 2187/2187/2187 2408/2408/2408 2410/2410/2410
f 2185/2185/2185 2408/2408/2408 2187/2187/2187
f 2185/2185/2185 2439/2439/2439 2408/2408/2408
f 2183/2183/2183 2439/2439/2439 2185/2185/2185
f 2363/2363/2363 2439/2439/2439 2183/2183/2183
f 2445/2445/2445 2439/2439/2439 2363/2363/2363
f 2445/2445/2445 979/979/979 2439/2439/2439
f 2445/2445/2445 980/980/980 979/979/979
f 987/987/987 979/979/979 980/980/980
f 987/987/987 980/980/980 983/983/983
f 987/987/987 983/983/983 985/985/985
f 2187/2187/2187 2364/2364/2364 2185/2185/2185
f 2364/2364/2364 2382/2382/2382 2185/2185/2185
f 2185/2185/2185 2382/2382/2382 2183/2183/2183
f 2382/2382/2382 2189/2189/2189 2183/2183/2183
f 2183/2183/2183 2189/2189/2189 2363/2363/2363
f 2189/2189/2189 2376/2376/2376 2363/2363/2363
f 2363/2363/2363 2376/2376/2376 2365/2365/2365
f 2365/2365/2365 2411/2411/2411 2363/2363/2363
f 2363/2363/2363 2411/2411/2411 2445/2445/2445
f 2411/2411/2411 980/980/980 2445/2445/2445
f 2375/2375/2375 2364/2364/2364 2187/2187/2187
f 2385/2385/2385 2364/2364/2364 2375/2375/2375
f 2366/2366/2366 2364/2364/2364 2385/2385/2385
f 2366/2366/2366 2382/2382/2382 2364/2364/2364
f 2191/2191/2191 2382/2382/2382 2366/2366/2366
f 2191/2191/2191 2189/2189/2189 2382/2382/2382
f 2188/2188/2188 2189/2189/2189 2191/2191/2191
f 2188/2188/2188 2376/2376/2376 2189/2189/2189
f 2377/2377/2377 2376/2376/2376 2188/2188/2188
f 2377/2377/2377 2387/2387/2387 2376/2376/2376
f 2376/2376/2376 2387/2387/2387 2365/2365/2365
f 2365/2365/2365 2387/2387/2387 2386/2386/2386
f 2386/2386/2386 2411/2411/2411 2365/2365/2365
f 2409/2409/2409 2411/2411/2411 2386/2386/2386
f 2409/2409/2409 982/982/982 2411/2411/2411
f 2411/2411/2411 982/982/982 980/980/980
f 2191/2191/2191 2428/2428/2428 2188/2188/2188
f 2428/2428/2428 2425/2425/2425 2188/2188/2188
f 2188/2188/2188 2425/2425/2425 2377/2377/2377
f 2377/2377/2377 2425/2425/2425 2388/2388/2388
f 2388/2388/2388 2387/2387/2387 2377/2377/2377
f 2367/2367/2367 2387/2387/2387 2388/2388/2388
f 2359/2359/2359 2387/2387/2387 2367/2367/2367
f 2386/2386/2386 2387/2387/2387 2359/2359/2359
f 2359/2359/2359 2452/2452/2452 2386/2386/2386
f 2386/2386/2386 2452/2452/2452 2409/2409/2409
f 2452/2452/2452 993/993/993 2409/2409/2409
f 2409/2409/2409 993/993/993 982/982/982
f 2425/2425/2425 2428/2428/2428 985/985/985
f 1004/1004/1004 2425/2425/2425 985/985/985
f 2441/2441/2441 2425/2425/2425 1004/1004/1004
f 2388/2388/2388 2425/2425/2425 2441/2441/2441
f 2388/2388/2388 2441/2441/2441 2367/2367/2367
f 2367/2367/2367 2441/2441/2441 2423/2423/2423
f 2423/2423/2423 2441/2441/2441 1008/1008/1008
f 985/985/985 983/983/983 1004/1004/1004
f 983/983/983 1008/1008/1008 1004/1004/1004
f 1008/1008/1008 2441/2441/2441 1004/1004/1004
f 983/983/983 993/993/993 1008/1008/1008
f 2452/2452/2452 1008/1008/1008 993/993/993
f 2443/2443/2443 1008/1008/1008 2452/2452/2452
f 2359/2359/2359 2443/2443/2443 2452/2452/2452
f 2367/2367/2367 2443/2443/2443 2359/2359/2359
f 983/983/983 982/982/982 993/993/993
f 983/983/983 980/980/980 982/982/982
f 2380/2380/2380 2265/2265/2265 2268/2268/2268
f 2268/2268/2268 2265/2265/2265 2299/2299/2299
f 2299/2299/2299 2280/2280/2280 2268/2268/2268
f 2268/2268/2268 2280/2280/2280 2263/2263/2263
f 2263/2263/2263 2264/2264/2264 2268/2268/2268
f 2264/2264/2264 2380/2380/2380 2268/2268/2268
f 2381/2381/2381 2380/2380/2380 2264/2264/2264
f 2381/2381/2381 2264/2264/2264 2395/2395/2395
f 2299/2299/2299 2265/2265/2265 4523/4523/4523
f 4523/4523/4523 2280/2280/2280 2299/2299/2299
f 2236/2236/2236 2280/2280/2280 4523/4523/4523
f 2234/2234/2234 2280/2280/2280 2236/2236/2236
f 2350/2350/2350 2280/2280/2280 2234/2234/2234
f 2350/2350/2350 2267/2267/2267 2280/2280/2280
f 2280/2280/2280 2267/2267/2267 2263/2263/2263
f 2263/2263/2263 2267/2267/2267 2290/2290/2290
f 2290/2290/2290 2264/2264/2264 2263/2263/2263
f 4523/4523/4523 2265/2265/2265 2279/2279/2279
f 4523/4523/4523 2279/2279/2279 4522/4522/4522
f 4523/4523/4523 4522/4522/4522 2236/2236/2236
f 2236/2236/2236 4522/4522/4522 2252/2252/2252
f 2252/2252/2252 2234/2234/2234 2236/2236/2236
f 2447/2447/2447 2234/2234/2234 2252/2252/2252
f 2234/2234/2234 2447/2447/2447 2240/2240/2240
f 2240/2240/2240 2350/2350/2350 2234/2234/2234
f 2451/2451/2451 2350/2350/2350 2240/2240/2240
f 2451/2451/2451 2458/2458/2458 2350/2350/2350
f 2350/2350/2350 2458/2458/2458 2267/2267/2267
f 4522/4522/4522 2279/2279/2279 2270/2270/2270
f 2270/2270/2270 2269/2269/2269 4522/4522/4522
f 4522/4522/4522 2269/2269/2269 2233/2233/2233
f 2233/2233/2233 2252/2252/2252 4522/4522/4522
f 2231/2231/2231 2252/2252/2252 2233/2233/2233
f 2231/2231/2231 2447/2447/2447 2252/2252/2252
f 2250/2250/2250 2447/2447/2447 2231/2231/2231
f 2250/2250/2250 2230/2230/2230 2447/2447/2447
f 2240/2240/2240 2447/2447/2447 2230/2230/2230
f 2240/2240/2240 2230/2230/2230 2215/2215/2215
f 2215/2215/2215 2451/2451/2451 2240/2240/2240
f 2269/2269/2269 2266/2266/2266 2233/2233/2233
f 2233/2233/2233 2266/2266/2266 2283/2283/2283
f 2283/2283/2283 2285/2285/2285 2233/2233/2233
f 2233/2233/2233 2285/2285/2285 2231/2231/2231
f 2285/2285/2285 2286/2286/2286 2231/2231/2231
f 2231/2231/2231 2286/2286/2286 2250/2250/2250
f 2286/2286/2286 2457/2457/2457 2250/2250/2250
f 2250/2250/2250 2457/2457/2457 2242/2242/2242
f 2242/2242/2242 2230/2230/2230 2250/2250/2250
f 2242/2242/2242 2243/2243/2243 2230/2230/2230
f 2215/2215/2215 2230/2230/2230 2243/2243/2243
f 2266/2266/2266 2321/2321/2321 2283/2283/2283
f 2283/2283/2283 2321/2321/2321 2285/2285/2285
f 2285/2285/2285 2321/2321/2321 2313/2313/2313
f 2285/2285/2285 2313/2313/2313 2286/2286/2286
f 2286/2286/2286 2313/2313/2313 2312/2312/2312
f 2286/2286/2286 2312/2312/2312 2457/2457/2457
f 2457/2457/2457 2312/2312/2312 2319/2319/2319
f 2457/2457/2457 2319/2319/2319 2300/2300/2300
f 2457/2457/2457 2300/2300/2300 2242/2242/2242
f 2242/2242/2242 2300/2300/2300 2456/2456/2456
f 2456/2456/2456 2243/2243/2243 2242/2242/2242
f 2395/2395/2395 2321/2321/2321 2266/2266/2266
f 2395/2395/2395 2264/2264/2264 2321/2321/2321
f 2264/2264/2264 2290/2290/2290 2321/2321/2321
f 2321/2321/2321 2290/2290/2290 2313/2313/2313
f 2290/2290/2290 2262/2262/2262 2313/2313/2313
f 2313/2313/2313 2262/2262/2262 2312/2312/2312
f 2262/2262/2262 2342/2342/2342 2312/2312/2312
f 2312/2312/2312 2342/2342/2342 2319/2319/2319
f 2342/2342/2342 2341/2341/2341 2319/2319/2319
f 2319/2319/2319 2341/2341/2341 2320/2320/2320
f 2300/2300/2300 2319/2319/2319 2320/2320/2320
f 2300/2300/2300 2320/2320/2320 2284/2284/2284
f 2300/2300/2300 2284/2284/2284 2456/2456/2456
f 2290/2290/2290 2267/2267/2267 2262/2262/2262
f 2267/2267/2267 2458/2458/2458 2262/2262/2262
f 2262/2262/2262 2458/2458/2458 2342/2342/2342
f 2396/2396/2396 2342/2342/2342 2458/2458/2458
f 2341/2341/2341 2342/2342/2342 2396/2396/2396
f 2454/2454/2454 2341/2341/2341 2396/2396/2396
f 2351/2351/2351 2341/2341/2341 2454/2454/2454
f 2341/2341/2341 2351/2351/2351 2320/2320/2320
f 2320/2320/2320 2351/2351/2351 2333/2333/2333
f 2284/2284/2284 2320/2320/2320 2333/2333/2333
f 2284/2284/2284 2333/2333/2333 2302/2302/2302
f 2284/2284/2284 2302/2302/2302 2442/2442/2442
f 2456/2456/2456 2284/2284/2284 2442/2442/2442
f 2451/2451/2451 2396/2396/2396 2458/2458/2458
f 2292/2292/2292 2396/2396/2396 2451/2451/2451
f 2292/2292/2292 2291/2291/2291 2396/2396/2396
f 2396/2396/2396 2291/2291/2291 2454/2454/2454
f 2291/2291/2291 2314/2314/2314 2454/2454/2454
f 2314/2314/2314 2351/2351/2351 2454/2454/2454
f 2334/2334/2334 2351/2351/2351 2314/2314/2314
f 2351/2351/2351 2334/2334/2334 2333/2333/2333
f 2333/2333/2333 2334/2334/2334 2349/2349/2349
f 2302/2302/2302 2333/2333/2333 2349/2349/2349
f 2292/2292/2292 2451/2451/2451 2215/2215/2215
f 2215/2215/2215 2291/2291/2291 2292/2292/2292
f 2214/2214/2214 2291/2291/2291 2215/2215/2215
f 2303/2303/2303 2291/2291/2291 2214/2214/2214
f 2289/2289/2289 2291/2291/2291 2303/2303/2303
f 2289/2289/2289 2314/2314/2314 2291/2291/2291
f 2289/2289/2289 2282/2282/2282 2314/2314/2314
f 2314/2314/2314 2282/2282/2282 2322/2322/2322
f 2322/2322/2322 2334/2334/2334 2314/2314/2314
f 2337/2337/2337 2334/2334/2334 2322/2322/2322
f 2334/2334/2334 2337/2337/2337 2349/2349/2349
f 2215/2215/2215 2243/2243/2243 2214/2214/2214
f 2214/2214/2214 2243/2243/2243 2448/2448/2448
f 2214/2214/2214 2448/2448/2448 2303/2303/2303
f 2303/2303/2303 2448/2448/2448 2455/2455/2455
f 2303/2303/2303 2455/2455/2455 2221/2221/2221
f 2221/2221/2221 2282/2282/2282 2303/2303/2303
f 2303/2303/2303 2282/2282/2282 2289/2289/2289
f 2456/2456/2456 2448/2448/2448 2243/2243/2243
f 2442/2442/2442 2448/2448/2448 2456/2456/2456
f 2442/2442/2442 2455/2455/2455 2448/2448/2448
f 2253/2253/2253 2455/2455/2455 2442/2442/2442
f 2253/2253/2253 2251/2251/2251 2455/2455/2455
f 2221/2221/2221 2455/2455/2455 2251/2251/2251
f 2221/2221/2221 2251/2251/2251 2220/2220/2220
f 2220/2220/2220 2281/2281/2281 2221/2221/2221
f 2221/2221/2221 2281/2281/2281 2282/2282/2282
f 2282/2282/2282 2281/2281/2281 2322/2322/2322
f 2442/2442/2442 2302/2302/2302 2253/2253/2253
f 2302/2302/2302 2219/2219/2219 2253/2253/2253
f 2253/2253/2253 2219/2219/2219 2232/2232/2232
f 2232/2232/2232 2251/2251/2251 2253/2253/2253
f 2232/2232/2232 2235/2235/2235 2251/2251/2251
f 2220/2220/2220 2251/2251/2251 2235/2235/2235
f 2220/2220/2220 2235/2235/2235 2241/2241/2241
f 2241/2241/2241 2281/2281/2281 2220/2220/2220
f 2302/2302/2302 2349/2349/2349 2219/2219/2219
f 2219/2219/2219 2349/2349/2349 2336/2336/2336
f 2219/2219/2219 2336/2336/2336 2213/2213/2213
f 2219/2219/2219 2213/2213/2213 2232/2232/2232
f 2232/2232/2232 2213/2213/2213 2237/2237/2237
f 2237/2237/2237 2235/2235/2235 2232/2232/2232
f 2301/2301/2301 2235/2235/2235 2237/2237/2237
f 2241/2241/2241 2235/2235/2235 2301/2301/2301
f 2301/2301/2301 2216/2216/2216 2241/2241/2241
f 2241/2241/2241 2216/2216/2216 2218/2218/2218
f 2218/2218/2218 2281/2281/2281 2241/2241/2241
f 2349/2349/2349 2337/2337/2337 2336/2336/2336
f 2337/2337/2337 2338/2338/2338 2336/2336/2336
f 2336/2336/2336 2338/2338/2338 2335/2335/2335
f 2213/2213/2213 2336/2336/2336 2335/2335/2335
f 2213/2213/2213 2335/2335/2335 2217/2217/2217
f 2213/2213/2213 2217/2217/2217 2237/2237/2237
f 2237/2237/2237 2217/2217/2217 2301/2301/2301
f 2338/2338/2338 2337/2337/2337 2450/2450/2450
f 2338/2338/2338 2450/2450/2450 2397/2397/2397
f 2338/2338/2338 2397/2397/2397 2343/2343/2343
f 2338/2338/2338 2343/2343/2343 2335/2335/2335
f 2217/2217/2217 2335/2335/2335 2343/2343/2343
f 2450/2450/2450 2337/2337/2337 2322/2322/2322
f 2322/2322/2322 2281/2281/2281 2450/2450/2450
f 2281/2281/2281 2397/2397/2397 2450/2450/2450
f 2218/2218/2218 2397/2397/2397 2281/2281/2281
f 2218/2218/2218 2216/2216/2216 2397/2397/2397
f 2397/2397/2397 2216/2216/2216 2343/2343/2343
f 3489/3489/3489 3504/3504/3504 3521/3521/3521
f 3489/3489/3489 3484/3484/3484 3504/3504/3504
f 3496/3496/3496 3504/3504/3504 3484/3484/3484
f 3502/3502/3502 3504/3504/3504 3496/3496/3496
f 3504/3504/3504 3502/3502/3502 1800/1800/1800
f 3521/3521/3521 3504/3504/3504 1800/1800/1800
f 1803/1803/1803 3521/3521/3521 1800/1800/1800
f 1817/1817/1817 3521/3521/3521 1803/1803/1803
f 3498/3498/3498 3484/3484/3484 3489/3489/3489
f 3484/3484/3484 3498/3498/3498 3496/3496/3496
f 3496/3496/3496 3498/3498/3498 3494/3494/3494
f 3496/3496/3496 3494/3494/3494 3522/3522/3522
f 3496/3496/3496 3522/3522/3522 3502/3502/3502
f 3489/3489/3489 4373/4373/4373 3498/3498/3498
f 3498/3498/3498 4373/4373/4373 3494/3494/3494
f 3524/3524/3524 3494/3494/3494 4373/4373/4373
f 3500/3500/3500 3494/3494/3494 3524/3524/3524
f 3500/3500/3500 1850/1850/1850 3494/3494/3494
f 3494/3494/3494 1850/1850/1850 3477/3477/3477
f 3522/3522/3522 3494/3494/3494 3477/3477/3477
f 4373/4373/4373 3489/3489/3489 1844/1844/1844
f 1812/1812/1812 4373/4373/4373 1844/1844/1844
f 3524/3524/3524 4373/4373/4373 1812/1812/1812
f 1812/1812/1812 4372/4372/4372 3524/3524/3524
f 4372/4372/4372 3481/3481/3481 3524/3524/3524
f 3524/3524/3524 3481/3481/3481 3500/3500/3500
f 1844/1844/1844 3489/3489/3489 1816/1816/1816
f 1817/1817/1817 1844/1844/1844 1816/1816/1816
f 1819/1819/1819 1844/1844/1844 1817/1817/1817
f 1819/1819/1819 1812/1812/1812 1844/1844/1844
f 1797/1797/1797 1812/1812/1812 1819/1819/1819
f 1797/1797/1797 1796/1796/1796 1812/1812/1812
f 1812/1812/1812 1796/1796/1796 1845/1845/1845
f 1845/1845/1845 4372/4372/4372 1812/1812/1812
f 1818/1818/1818 1819/1819/1819 1817/1817/1817
f 2728/2728/2728 1819/1819/1819 1818/1818/1818
f 2728/2728/2728 1797/1797/1797 1819/1819/1819
f 1806/1806/1806 1797/1797/1797 2728/2728/2728
f 1806/1806/1806 1810/1810/1810 1797/1797/1797
f 1797/1797/1797 1810/1810/1810 1796/1796/1796
f 1818/1818/1818 1817/1817/1817 1805/1805/1805
f 1805/1805/1805 2727/2727/2727 1818/1818/1818
f 1818/1818/1818 2727/2727/2727 2728/2728/2728
f 2727/2727/2727 2689/2689/2689 2728/2728/2728
f 2728/2728/2728 2689/2689/2689 2729/2729/2729
f 2687/2687/2687 2728/2728/2728 2729/2729/2729
f 1806/1806/1806 2728/2728/2728 2687/2687/2687
f 1805/1805/1805 1817/1817/1817 1803/1803/1803
f 1805/1805/1805 1803/1803/1803 2727/2727/2727
f 2727/2727/2727 1803/1803/1803 2795/2795/2795
f 2727/2727/2727 2795/2795/2795 2689/2689/2689
f 2689/2689/2689 2795/2795/2795 1839/1839/1839
f 2686/2686/2686 2689/2689/2689 1839/1839/1839
f 2698/2698/2698 2689/2689/2689 2686/2686/2686
f 2698/2698/2698 2723/2723/2723 2689/2689/2689
f 2689/2689/2689 2723/2723/2723 2729/2729/2729
f 1803/1803/1803 1800/1800/1800 2795/2795/2795
f 2795/2795/2795 1800/1800/1800 1813/1813/1813
f 2795/2795/2795 1813/1813/1813 1798/1798/1798
f 1798/1798/1798 1824/1824/1824 2795/2795/2795
f 2795/2795/2795 1824/1824/1824 1839/1839/1839
f 1824/1824/1824 2790/2790/2790 1839/1839/1839
f 2790/2790/2790 2789/2789/2789 1839/1839/1839
f 1839/1839/1839 2789/2789/2789 2686/2686/2686
f 1800/1800/1800 3502/3502/3502 1813/1813/1813
f 3502/3502/3502 1856/1856/1856 1813/1813/1813
f 1813/1813/1813 1856/1856/1856 1848/1848/1848
f 1798/1798/1798 1813/1813/1813 1848/1848/1848
f 1856/1856/1856 3502/3502/3502 3503/3503/3503
f 3503/3503/3503 3491/3491/3491 1856/1856/1856
f 1852/1852/1852 3491/3491/3491 3503/3503/3503
f 1852/1852/1852 1824/1824/1824 3491/3491/3491
f 3491/3491/3491 1824/1824/1824 1798/1798/1798
f 3503/3503/3503 3502/3502/3502 3519/3519/3519
f 2790/2790/2790 3503/3503/3503 3519/3519/3519
f 1823/1823/1823 3503/3503/3503 2790/2790/2790
f 1823/1823/1823 2790/2790/2790 1824/1824/1824
f 3502/3502/3502 3522/3522/3522 3519/3519/3519
f 3519/3519/3519 3522/3522/3522 3523/3523/3523
f 2789/2789/2789 3519/3519/3519 3523/3523/3523
f 2790/2790/2790 3519/3519/3519 2789/2789/2789
f 3523/3523/3523 3522/3522/3522 1849/1849/1849
f 3523/3523/3523 1849/1849/1849 3495/3495/3495
f 1826/1826/1826 3523/3523/3523 3495/3495/3495
f 2789/2789/2789 3523/3523/3523 1826/1826/1826
f 2789/2789/2789 1826/1826/1826 2686/2686/2686
f 2686/2686/2686 1826/1826/1826 2722/2722/2722
f 2686/2686/2686 2722/2722/2722 2698/2698/2698
f 1849/1849/1849 3522/3522/3522 3497/3497/3497
f 3495/3495/3495 1849/1849/1849 3497/3497/3497
f 3495/3495/3495 3497/3497/3497 3475/3475/3475
f 1829/1829/1829 3495/3495/3495 3475/3475/3475
f 1821/1821/1821 3495/3495/3495 1829/1829/1829
f 1821/1821/1821 1829/1829/1829 2722/2722/2722
f 2722/2722/2722 1829/1829/1829 2730/2730/2730
f 2730/2730/2730 2723/2723/2723 2722/2722/2722
f 2698/2698/2698 2722/2722/2722 2723/2723/2723
f 3497/3497/3497 3522/3522/3522 3477/3477/3477
f 3475/3475/3475 3497/3497/3497 3477/3477/3477
f 3475/3475/3475 3477/3477/3477 3520/3520/3520
f 1830/1830/1830 3475/3475/3475 3520/3520/3520
f 1829/1829/1829 3475/3475/3475 1830/1830/1830
f 1829/1829/1829 1830/1830/1830 2730/2730/2730
f 2730/2730/2730 1830/1830/1830 2699/2699/2699
f 2730/2730/2730 2699/2699/2699 2729/2729/2729
f 2729/2729/2729 2723/2723/2723 2730/2730/2730
f 3520/3520/3520 3477/3477/3477 1850/1850/1850
f 1847/1847/1847 3520/3520/3520 1850/1850/1850
f 3512/3512/3512 3520/3520/3520 1847/1847/1847
f 3512/3512/3512 1830/1830/1830 3520/3520/3520
f 1825/1825/1825 1830/1830/1830 3512/3512/3512
f 2694/2694/2694 1830/1830/1830 1825/1825/1825
f 2699/2699/2699 1830/1830/1830 2694/2694/2694
f 2706/2706/2706 2699/2699/2699 2694/2694/2694
f 2687/2687/2687 2699/2699/2699 2706/2706/2706
f 2729/2729/2729 2699/2699/2699 2687/2687/2687
f 1847/1847/1847 1850/1850/1850 1854/1854/1854
f 1847/1847/1847 1854/1854/1854 3480/3480/3480
f 3480/3480/3480 1854/1854/1854 3479/3479/3479
f 3479/3479/3479 1822/1822/1822 3480/3480/3480
f 1827/1827/1827 1822/1822/1822 3479/3479/3479
f 2725/2725/2725 1822/1822/1822 1827/1827/1827
f 1838/1838/1838 1822/1822/1822 2725/2725/2725
f 1854/1854/1854 1850/1850/1850 1853/1853/1853
f 1854/1854/1854 1853/1853/1853 3479/3479/3479
f 3479/3479/3479 1853/1853/1853 3478/3478/3478
f 1832/1832/1832 3479/3479/3479 3478/3478/3478
f 1827/1827/1827 3479/3479/3479 1832/1832/1832
f 1827/1827/1827 1832/1832/1832 2725/2725/2725
f 2725/2725/2725 1832/1832/1832 2690/2690/2690
f 2684/2684/2684 2725/2725/2725 2690/2690/2690
f 2697/2697/2697 2725/2725/2725 2684/2684/2684
f 2697/2697/2697 1838/1838/1838 2725/2725/2725
f 2706/2706/2706 1838/1838/1838 2697/2697/2697
f 1853/1853/1853 1850/1850/1850 3492/3492/3492
f 1853/1853/1853 3492/3492/3492 3493/3493/3493
f 1853/1853/1853 3493/3493/3493 3478/3478/3478
f 3478/3478/3478 3493/3493/3493 3488/3488/3488
f 1828/1828/1828 3478/3478/3478 3488/3488/3488
f 1832/1832/1832 3478/3478/3478 1828/1828/1828
f 1832/1832/1832 1828/1828/1828 2690/2690/2690
f 2690/2690/2690 1828/1828/1828 1836/1836/1836
f 2724/2724/2724 2690/2690/2690 1836/1836/1836
f 2684/2684/2684 2690/2690/2690 2724/2724/2724
f 3492/3492/3492 1850/1850/1850 3485/3485/3485
f 3492/3492/3492 3485/3485/3485 3476/3476/3476
f 3476/3476/3476 3487/3487/3487 3492/3492/3492
f 3492/3492/3492 3487/3487/3487 3493/3493/3493
f 3485/3485/3485 1850/1850/1850 3500/3500/3500
f 3500/3500/3500 3501/3501/3501 3485/3485/3485
f 3485/3485/3485 3501/3501/3501 3483/3483/3483
f 3525/3525/3525 3485/3485/3485 3483/3483/3483
f 3490/3490/3490 3485/3485/3485 3525/3525/3525
f 3476/3476/3476 3485/3485/3485 3490/3490/3490
f 3476/3476/3476 3490/3490/3490 1831/1831/1831
f 1831/1831/1831 3487/3487/3487 3476/3476/3476
f 1837/1837/1837 3487/3487/3487 1831/1831/1831
f 1837/1837/1837 1831/1831/1831 2688/2688/2688
f 3500/3500/3500 3486/3486/3486 3501/3501/3501
f 3482/3482/3482 3501/3501/3501 3486/3486/3486
f 1855/1855/1855 3501/3501/3501 3482/3482/3482
f 1855/1855/1855 3483/3483/3483 3501/3501/3501
f 3526/3526/3526 3483/3483/3483 1855/1855/1855
f 3526/3526/3526 1855/1855/1855 1820/1820/1820
f 3481/3481/3481 3486/3486/3486 3500/3500/3500
f 3499/3499/3499 3486/3486/3486 3481/3481/3481
f 3482/3482/3482 3486/3486/3486 3499/3499/3499
f 1815/1815/1815 3482/3482/3482 3499/3499/3499
f 1846/1846/1846 3482/3482/3482 1815/1815/1815
f 1835/1835/1835 3482/3482/3482 1846/1846/1846
f 1855/1855/1855 3482/3482/3482 1835/1835/1835
f 1820/1820/1820 1855/1855/1855 1835/1835/1835
f 1833/1833/1833 1820/1820/1820 1835/1835/1835
f 1834/1834/1834 1820/1820/1820 1833/1833/1833
f 1834/1834/1834 1833/1833/1833 1811/1811/1811
f 1815/1815/1815 1802/1802/1802 1846/1846/1846
f 1846/1846/1846 1802/1802/1802 1835/1835/1835
f 1835/1835/1835 1802/1802/1802 1833/1833/1833
f 1833/1833/1833 1802/1802/1802 1807/1807/1807
f 1811/1811/1811 1833/1833/1833 1807/1807/1807
f 1807/1807/1807 1808/1808/1808 1811/1811/1811
f 1811/1811/1811 1808/1808/1808 1801/1801/1801
f 1801/1801/1801 1808/1808/1808 1809/1809/1809
f 1809/1809/1809 1814/1814/1814 1801/1801/1801
f 1801/1801/1801 1814/1814/1814 2710/2710/2710
f 1799/1799/1799 1802/1802/1802 1815/1815/1815
f 1802/1802/1802 1799/1799/1799 1804/1804/1804
f 1807/1807/1807 1802/1802/1802 1804/1804/1804
f 1804/1804/1804 1806/1806/1806 1807/1807/1807
f 1807/1807/1807 1806/1806/1806 1808/1808/1808
f 2687/2687/2687 1808/1808/1808 1806/1806/1806
f 2705/2705/2705 1808/1808/1808 2687/2687/2687
f 2705/2705/2705 2726/2726/2726 1808/1808/1808
f 1808/1808/1808 2726/2726/2726 1809/1809/1809
f 2726/2726/2726 1831/1831/1831 1809/1809/1809
f 1809/1809/1809 1831/1831/1831 1814/1814/1814
f 1804/1804/1804 1799/1799/1799 1810/1810/1810
f 1810/1810/1810 1806/1806/1806 1804/1804/1804
f 1831/1831/1831 3490/3490/3490 1814/1814/1814
f 3490/3490/3490 3525/3525/3525 1814/1814/1814
f 1814/1814/1814 3525/3525/3525 2710/2710/2710
f 2688/2688/2688 1831/1831/1831 2726/2726/2726
f 2705/2705/2705 2688/2688/2688 2726/2726/2726
f 2724/2724/2724 2688/2688/2688 2705/2705/2705
f 2705/2705/2705 2684/2684/2684 2724/2724/2724
f 2687/2687/2687 2684/2684/2684 2705/2705/2705
f 2687/2687/2687 2697/2697/2697 2684/2684/2684
f 2706/2706/2706 2697/2697/2697 2687/2687/2687
f 3511/3511/3511 4363/4363/4363 2713/2713/2713
f 4371/4371/4371 4363/4363/4363 3511/3511/3511
f 4346/4346/4346 4363/4363/4363 4371/4371/4371
f 4344/4344/4344 4363/4363/4363 4346/4346/4346
f 4382/4382/4382 4363/4363/4363 4344/4344/4344
f 2718/2718/2718 4363/4363/4363 4382/4382/4382
f 2873/2873/2873 4363/4363/4363 2718/2718/2718
f 2713/2713/2713 4363/4363/4363 2873/2873/2873
f 2873/2873/2873 2711/2711/2711 2713/2713/2713
f 2713/2713/2713 2711/2711/2711 2708/2708/2708
f 4346/4346/4346 4371/4371/4371 3515/3515/3515
f 3510/3510/3510 4346/4346/4346 3515/3515/3515
f 4344/4344/4344 4346/4346/4346 3510/3510/3510
f 4375/4375/4375 4344/4344/4344 3510/3510/3510
f 4381/4381/4381 4344/4344/4344 4375/4375/4375
f 4381/4381/4381 4382/4382/4382 4344/4344/4344
f 4374/4374/4374 4382/4382/4382 4381/4381/4381
f 4374/4374/4374 2693/2693/2693 4382/4382/4382
f 4382/4382/4382 2693/2693/2693 2718/2718/2718
f 3515/3515/3515 4371/4371/4371 4355/4355/4355
f 3515/3515/3515 4355/4355/4355 4384/4384/4384
f 3515/3515/3515 4384/4384/4384 3510/3510/3510
f 3510/3510/3510 4384/4384/4384 4383/4383/4383
f 4376/4376/4376 3510/3510/3510 4383/4383/4383
f 4375/4375/4375 3510/3510/3510 4376/4376/4376
f 4376/4376/4376 4538/4538/4538 4375/4375/4375
f 4375/4375/4375 4538/4538/4538 4356/4356/4356
f 4356/4356/4356 4537/4537/4537 4375/4375/4375
f 4375/4375/4375 4537/4537/4537 4381/4381/4381
f 4384/4384/4384 4355/4355/4355 4354/4354/4354
f 2708/2708/2708 4384/4384/4384 4354/4354/4354
f 2711/2711/2711 4384/4384/4384 2708/2708/2708
f 2711/2711/2711 1851/1851/1851 4384/4384/4384
f 4384/4384/4384 1851/1851/1851 4383/4383/4383
f 1851/1851/1851 4376/4376/4376 4383/4383/4383
f 2709/2709/2709 4376/4376/4376 1851/1851/1851
f 2709/2709/2709 4538/4538/4538 4376/4376/4376
f 2899/2899/2899 4538/4538/4538 2709/2709/2709
f 2692/2692/2692 4538/4538/4538 2899/2899/2899
f 4541/4541/4541 4538/4538/4538 2692/2692/2692
f 4534/4534/4534 4538/4538/4538 4541/4541/4541
f 4356/4356/4356 4538/4538/4538 4534/4534/4534
f 4356/4356/4356 4534/4534/4534 4537/4537/4537
f 2711/2711/2711 2873/2873/2873 1851/1851/1851
f 1851/1851/1851 2873/2873/2873 2718/2718/2718
f 2718/2718/2718 2709/2709/2709 1851/1851/1851
f 2693/2693/2693 2709/2709/2709 2718/2718/2718
f 2719/2719/2719 2709/2709/2709 2693/2693/2693
f 2899/2899/2899 2709/2709/2709 2719/2719/2719
f 2899/2899/2899 2719/2719/2719 2692/2692/2692
f 2692/2692/2692 2719/2719/2719 2701/2701/2701
f 2692/2692/2692 2701/2701/2701 2700/2700/2700
f 4521/4521/4521 2692/2692/2692 2700/2700/2700
f 4541/4541/4541 2692/2692/2692 4521/4521/4521
f 4541/4541/4541 4521/4521/4521 4534/4534/4534
f 4534/4534/4534 4521/4521/4521 4536/4536/4536
f 4534/4534/4534 4536/4536/4536 4540/4540/4540
f 4537/4537/4537 4534/4534/4534 4540/4540/4540
f 2719/2719/2719 2693/2693/2693 4380/4380/4380
f 2719/2719/2719 4380/4380/4380 2701/2701/2701
f 2701/2701/2701 4380/4380/4380 2906/2906/2906
f 4542/4542/4542 2701/2701/2701 2906/2906/2906
f 2712/2712/2712 2701/2701/2701 4542/4542/4542
f 2700/2700/2700 2701/2701/2701 2712/2712/2712
f 2700/2700/2700 2712/2712/2712 2696/2696/2696
f 2696/2696/2696 4521/4521/4521 2700/2700/2700
f 4380/4380/4380 2693/2693/2693 4374/4374/4374
f 4381/4381/4381 4380/4380/4380 4374/4374/4374
f 4537/4537/4537 4380/4380/4380 4381/4381/4381
f 4537/4537/4537 4540/4540/4540 4380/4380/4380
f 4380/4380/4380 4540/4540/4540 2906/2906/2906
f 2906/2906/2906 4540/4540/4540 4542/4542/4542
f 4542/4542/4542 4540/4540/4540 4377/4377/4377
f 4377/4377/4377 4378/4378/4378 4542/4542/4542
f 4542/4542/4542 4378/4378/4378 4535/4535/4535
f 2681/2681/2681 4542/4542/4542 4535/4535/4535
f 2712/2712/2712 4542/4542/4542 2681/2681/2681
f 2696/2696/2696 2712/2712/2712 2681/2681/2681
f 4540/4540/4540 4536/4536/4536 4377/4377/4377
f 4536/4536/4536 4379/4379/4379 4377/4377/4377
f 4377/4377/4377 4379/4379/4379 4378/4378/4378
f 4379/4379/4379 2905/2905/2905 4378/4378/4378
f 4378/4378/4378 2905/2905/2905 2897/2897/2897
f 2897/2897/2897 4535/4535/4535 4378/4378/4378
f 4524/4524/4524 4535/4535/4535 2897/2897/2897
f 4524/4524/4524 2695/2695/2695 4535/4535/4535
f 4535/4535/4535 2695/2695/2695 2681/2681/2681
f 2695/2695/2695 2683/2683/2683 2681/2681/2681
f 2681/2681/2681 2683/2683/2683 2696/2696/2696
f 4536/4536/4536 4521/4521/4521 4379/4379/4379
f 4379/4379/4379 4521/4521/4521 4539/4539/4539
f 4539/4539/4539 2895/2895/2895 4379/4379/4379
f 2895/2895/2895 2905/2905/2905 4379/4379/4379
f 2895/2895/2895 2904/2904/2904 2905/2905/2905
f 2905/2905/2905 2904/2904/2904 2896/2896/2896
f 2896/2896/2896 1857/1857/1857 2905/2905/2905
f 2905/2905/2905 1857/1857/1857 2897/2897/2897
f 1857/1857/1857 4524/4524/4524 2897/2897/2897
f 4539/4539/4539 4521/4521/4521 2696/2696/2696
f 2696/2696/2696 2682/2682/2682 4539/4539/4539
f 4539/4539/4539 2682/2682/2682 2877/2877/2877
f 2877/2877/2877 2895/2895/2895 4539/4539/4539
f 2894/2894/2894 2895/2895/2895 2877/2877/2877
f 2904/2904/2904 2895/2895/2895 2894/2894/2894
f 2894/2894/2894 2715/2715/2715 2904/2904/2904
f 2715/2715/2715 2901/2901/2901 2904/2904/2904
f 2904/2904/2904 2901/2901/2901 2896/2896/2896
f 2901/2901/2901 1857/1857/1857 2896/2896/2896
f 2683/2683/2683 2682/2682/2682 2696/2696/2696
f 2683/2683/2683 2691/2691/2691 2682/2682/2682
f 2691/2691/2691 2894/2894/2894 2682/2682/2682
f 2682/2682/2682 2894/2894/2894 2877/2877/2877
f 2680/2680/2680 2691/2691/2691 2683/2683/2683
f 2680/2680/2680 2703/2703/2703 2691/2691/2691
f 2691/2691/2691 2703/2703/2703 2702/2702/2702
f 2691/2691/2691 2702/2702/2702 2894/2894/2894
f 2894/2894/2894 2702/2702/2702 2898/2898/2898
f 2898/2898/2898 2715/2715/2715 2894/2894/2894
f 2898/2898/2898 2900/2900/2900 2715/2715/2715
f 2900/2900/2900 2875/2875/2875 2715/2715/2715
f 2715/2715/2715 2875/2875/2875 2901/2901/2901
f 2680/2680/2680 2683/2683/2683 2720/2720/2720
f 2720/2720/2720 2703/2703/2703 2680/2680/2680
f 2721/2721/2721 2703/2703/2703 2720/2720/2720
f 2721/2721/2721 2685/2685/2685 2703/2703/2703
f 2685/2685/2685 2702/2702/2702 2703/2703/2703
f 2707/2707/2707 2702/2702/2702 2685/2685/2685
f 2702/2702/2702 2707/2707/2707 2898/2898/2898
f 2898/2898/2898 2707/2707/2707 2902/2902/2902
f 2902/2902/2902 2900/2900/2900 2898/2898/2898
f 2902/2902/2902 2717/2717/2717 2900/2900/2900
f 2900/2900/2900 2717/2717/2717 2875/2875/2875
f 2720/2720/2720 2683/2683/2683 2695/2695/2695
f 4524/4524/4524 2720/2720/2720 2695/2695/2695
f 2876/2876/2876 2720/2720/2720 4524/4524/4524
f 2876/2876/2876 2721/2721/2721 2720/2720/2720
f 2716/2716/2716 2721/2721/2721 2876/2876/2876
f 2716/2716/2716 2704/2704/2704 2721/2721/2721
f 2704/2704/2704 2685/2685/2685 2721/2721/2721
f 2717/2717/2717 2685/2685/2685 2704/2704/2704
f 2717/2717/2717 2707/2707/2707 2685/2685/2685
f 2717/2717/2717 2902/2902/2902 2707/2707/2707
f 2876/2876/2876 4524/4524/4524 1857/1857/1857
f 2903/2903/2903 2876/2876/2876 1857/1857/1857
f 2716/2716/2716 2876/2876/2876 2903/2903/2903
f 2903/2903/2903 2874/2874/2874 2716/2716/2716
f 2716/2716/2716 2874/2874/2874 2714/2714/2714
f 2714/2714/2714 2704/2704/2704 2716/2716/2716
f 2717/2717/2717 2704/2704/2704 2714/2714/2714
f 2874/2874/2874 2717/2717/2717 2714/2714/2714
f 2875/2875/2875 2717/2717/2717 2874/2874/2874
f 2874/2874/2874 2903/2903/2903 2875/2875/2875
f 2875/2875/2875 2903/2903/2903 2901/2901/2901
f 2903/2903/2903 1857/1857/1857 2901/2901/2901
f 4365/4365/4365 3882/3882/3882 4455/4455/4455
f 4455/4455/4455 3882/3882/3882 3936/3936/3936
f 4455/4455/4455 3936/3936/3936 4348/4348/4348
f 3505/3505/3505 4455/4455/4455 4348/4348/4348
f 4347/4347/4347 4455/4455/4455 3505/3505/3505
f 4347/4347/4347 4365/4365/4365 4455/4455/4455
f 3882/3882/3882 3947/3947/3947 3936/3936/3936
f 3947/3947/3947 4016/4016/4016 3936/3936/3936
f 3936/3936/3936 4016/4016/4016 3930/3930/3930
f 4348/4348/4348 3936/3936/3936 3930/3930/3930
f 3959/3959/3959 3947/3947/3947 3882/3882/3882
f 3959/3959/3959 3948/3948/3948 3947/3947/3947
f 4028/4028/4028 3947/3947/3947 3948/3948/3948
f 4016/4016/4016 3947/3947/3947 4028/4028/4028
f 4028/4028/4028 4047/4047/4047 4016/4016/4016
f 4016/4016/4016 4047/4047/4047 4044/4044/4044
f 4008/4008/4008 4016/4016/4016 4044/4044/4044
f 3934/3934/3934 4016/4016/4016 4008/4008/4008
f 4016/4016/4016 3934/3934/3934 3930/3930/3930
f 3957/3957/3957 3948/3948/3948 3959/3959/3959
f 3948/3948/3948 3957/3957/3957 4028/4028/4028
f 4028/4028/4028 3957/3957/3957 4026/4026/4026
f 4028/4028/4028 4026/4026/4026 4047/4047/4047
f 4047/4047/4047 4026/4026/4026 4027/4027/4027
f 4053/4053/4053 4047/4047/4047 4027/4027/4027
f 4055/4055/4055 4047/4047/4047 4053/4053/4053
f 4049/4049/4049 4047/4047/4047 4055/4055/4055
f 4044/4044/4044 4047/4047/4047 4049/4049/4049
f 3959/3959/3959 3935/3935/3935 3957/3957/3957
f 3957/3957/3957 3935/3935/3935 4026/4026/4026
f 3954/3954/3954 4026/4026/4026 3935/3935/3935
f 3987/3987/3987 4026/4026/4026 3954/3954/3954
f 3987/3987/3987 4042/4042/4042 4026/4026/4026
f 4026/4026/4026 4042/4042/4042 4027/4027/4027
f 4032/4032/4032 4027/4027/4027 4042/4042/4042
f 4029/4029/4029 4027/4027/4027 4032/4032/4032
f 4029/4029/4029 4053/4053/4053 4027/4027/4027
f 3935/3935/3935 3959/3959/3959 3970/3970/3970
f 3971/3971/3971 3935/3935/3935 3970/3970/3970
f 3954/3954/3954 3935/3935/3935 3971/3971/3971
f 3971/3971/3971 3960/3960/3960 3954/3954/3954
f 3960/3960/3960 3986/3986/3986 3954/3954/3954
f 3954/3954/3954 3986/3986/3986 3987/3987/3987
f 3970/3970/3970 3959/3959/3959 3899/3899/3899
f 4365/4365/4365 3970/3970/3970 3899/3899/3899
f 3514/3514/3514 3970/3970/3970 4365/4365/4365
f 3514/3514/3514 3971/3971/3971 3970/3970/3970
f 4358/4358/4358 3971/3971/3971 3514/3514/3514
f 4358/4358/4358 4343/4343/4343 3971/3971/3971
f 3971/3971/3971 4343/4343/4343 3918/3918/3918
f 3918/3918/3918 3960/3960/3960 3971/3971/3971
f 4369/4369/4369 3514/3514/3514 4365/4365/4365
f 4391/4391/4391 3514/3514/3514 4369/4369/4369
f 4391/4391/4391 4358/4358/4358 3514/3514/3514
f 4390/4390/4390 4358/4358/4358 4391/4391/4391
f 4390/4390/4390 4450/4450/4450 4358/4358/4358
f 4358/4358/4358 4450/4450/4450 4343/4343/4343
f 4369/4369/4369 4365/4365/4365 4347/4347/4347
f 4347/4347/4347 3505/3505/3505 4369/4369/4369
f 4369/4369/4369 3505/3505/3505 4391/4391/4391
f 3505/3505/3505 4357/4357/4357 4391/4391/4391
f 4391/4391/4391 4357/4357/4357 4385/4385/4385
f 3886/3886/3886 4391/4391/4391 4385/4385/4385
f 4390/4390/4390 4391/4391/4391 3886/3886/3886
f 3886/3886/3886 4368/4368/4368 4390/4390/4390
f 4387/4387/4387 4390/4390/4390 4368/4368/4368
f 4386/4386/4386 4390/4390/4390 4387/4387/4387
f 4450/4450/4450 4390/4390/4390 4386/4386/4386
f 4386/4386/4386 4388/4388/4388 4450/4450/4450
f 3505/3505/3505 4348/4348/4348 4357/4357/4357
f 4357/4357/4357 4348/4348/4348 3513/3513/3513
f 4351/4351/4351 4357/4357/4357 3513/3513/3513
f 3509/3509/3509 4357/4357/4357 4351/4351/4351
f 3509/3509/3509 4362/4362/4362 4357/4357/4357
f 4357/4357/4357 4362/4362/4362 4385/4385/4385
f 4385/4385/4385 4362/4362/4362 4361/4361/4361
f 4361/4361/4361 4352/4352/4352 4385/4385/4385
f 4385/4385/4385 4352/4352/4352 3886/3886/3886
f 4348/4348/4348 4449/4449/4449 3513/3513/3513
f 4449/4449/4449 4017/4017/4017 3513/3513/3513
f 4017/4017/4017 3967/3967/3967 3513/3513/3513
f 3513/3513/3513 3967/3967/3967 4351/4351/4351
f 3967/3967/3967 3988/3988/3988 4351/4351/4351
f 4351/4351/4351 3988/3988/3988 4392/4392/4392
f 4351/4351/4351 4392/4392/4392 3509/3509/3509
f 3509/3509/3509 4392/4392/4392 4362/4362/4362
f 4361/4361/4361 4362/4362/4362 4392/4392/4392
f 4359/4359/4359 4449/4449/4449 4348/4348/4348
f 3881/3881/3881 4449/4449/4449 4359/4359/4359
f 3883/3883/3883 4449/4449/4449 3881/3881/3881
f 3883/3883/3883 3881/3881/3881 4008/4008/4008
f 4008/4008/4008 3881/3881/3881 3934/3934/3934
f 4348/4348/4348 3930/3930/3930 4359/4359/4359
f 4359/4359/4359 3930/3930/3930 3888/3888/3888
f 3930/3930/3930 3934/3934/3934 3888/3888/3888
f 4010/4010/4010 4017/4017/4017 4449/4449/4449
f 4010/4010/4010 4008/4008/4008 4017/4017/4017
f 4017/4017/4017 4008/4008/4008 4044/4044/4044
f 4017/4017/4017 4044/4044/4044 3967/3967/3967
f 3967/3967/3967 4044/4044/4044 4049/4049/4049
f 3967/3967/3967 4049/4049/4049 3988/3988/3988
f 3988/3988/3988 4049/4049/4049 4045/4045/4045
f 4049/4049/4049 4055/4055/4055 4045/4045/4045
f 4045/4045/4045 4055/4055/4055 4053/4053/4053
f 4045/4045/4045 4053/4053/4053 4029/4029/4029
f 4003/4003/4003 4045/4045/4045 4029/4029/4029
f 4004/4004/4004 4045/4045/4045 4003/4003/4003
f 4004/4004/4004 4003/4003/4003 4392/4392/4392
f 4392/4392/4392 4003/4003/4003 4361/4361/4361
f 4003/4003/4003 4001/4001/4001 4361/4361/4361
f 4361/4361/4361 4001/4001/4001 4352/4352/4352
f 4003/4003/4003 4029/4029/4029 4001/4001/4001
f 4001/4001/4001 4029/4029/4029 4032/4032/4032
f 4052/4052/4052 4001/4001/4001 4032/4032/4032
f 4018/4018/4018 4001/4001/4001 4052/4052/4052
f 4349/4349/4349 4001/4001/4001 4018/4018/4018
f 4352/4352/4352 4001/4001/4001 4349/4349/4349
f 3885/3885/3885 4352/4352/4352 4349/4349/4349
f 3886/3886/3886 4352/4352/4352 3885/3885/3885
f 4052/4052/4052 4032/4032/4032 3859/3859/3859
f 3859/3859/3859 4032/4032/4032 4042/4042/4042
f 3859/3859/3859 4042/4042/4042 4046/4046/4046
f 3859/3859/3859 4046/4046/4046 4054/4054/4054
f 4054/4054/4054 4046/4046/4046 4034/4034/4034
f 4034/4034/4034 4009/4009/4009 4054/4054/4054
f 4005/4005/4005 4009/4009/4009 4034/4034/4034
f 3508/3508/3508 4009/4009/4009 4005/4005/4005
f 3506/3506/3506 4009/4009/4009 3508/3508/3508
f 4046/4046/4046 4042/4042/4042 4048/4048/4048
f 4046/4046/4046 4048/4048/4048 4034/4034/4034
f 4034/4034/4034 4048/4048/4048 4031/4031/4031
f 4031/4031/4031 3949/3949/3949 4034/4034/4034
f 4034/4034/4034 3949/3949/3949 4005/4005/4005
f 3949/3949/3949 3508/3508/3508 4005/4005/4005
f 4360/4360/4360 3508/3508/3508 3949/3949/3949
f 3887/3887/3887 3508/3508/3508 4360/4360/4360
f 3884/3884/3884 3508/3508/3508 3887/3887/3887
f 3884/3884/3884 3506/3506/3506 3508/3508/3508
f 3885/3885/3885 3506/3506/3506 3884/3884/3884
f 4048/4048/4048 4042/4042/4042 4064/4064/4064
f 4048/4048/4048 4064/4064/4064 4043/4043/4043
f 4048/4048/4048 4043/4043/4043 4031/4031/4031
f 4031/4031/4031 4043/4043/4043 4117/4117/4117
f 3951/3951/3951 4031/4031/4031 4117/4117/4117
f 3949/3949/3949 4031/4031/4031 3951/3951/3951
f 3949/3949/3949 3951/3951/3951 4360/4360/4360
f 4360/4360/4360 3951/3951/3951 4350/4350/4350
f 4353/4353/4353 4360/4360/4360 4350/4350/4350
f 3887/3887/3887 4360/4360/4360 4353/4353/4353
f 4064/4064/4064 4042/4042/4042 3981/3981/3981
f 4064/4064/4064 3981/3981/3981 4030/4030/4030
f 4030/4030/4030 4033/4033/4033 4064/4064/4064
f 4064/4064/4064 4033/4033/4033 4043/4043/4043
f 3981/3981/3981 4042/4042/4042 3987/3987/3987
f 3987/3987/3987 3979/3979/3979 3981/3981/3981
f 3981/3981/3981 3979/3979/3979 3980/3980/3980
f 3933/3933/3933 3981/3981/3981 3980/3980/3980
f 3958/3958/3958 3981/3981/3981 3933/3933/3933
f 4030/4030/4030 3981/3981/3981 3958/3958/3958
f 4030/4030/4030 3958/3958/3958 4000/4000/4000
f 4000/4000/4000 4033/4033/4033 4030/4030/4030
f 4002/4002/4002 4033/4033/4033 4000/4000/4000
f 4002/4002/4002 4000/4000/4000 3516/3516/3516
f 3987/3987/3987 3989/3989/3989 3979/3979/3979
f 3950/3950/3950 3979/3979/3979 3989/3989/3989
f 3938/3938/3938 3979/3979/3979 3950/3950/3950
f 3938/3938/3938 3980/3980/3980 3979/3979/3979
f 3937/3937/3937 3980/3980/3980 3938/3938/3938
f 3937/3937/3937 3938/3938/3938 3932/3932/3932
f 3986/3986/3986 3989/3989/3989 3987/3987/3987
f 3952/3952/3952 3989/3989/3989 3986/3986/3986
f 3950/3950/3950 3989/3989/3989 3952/3952/3952
f 3908/3908/3908 3950/3950/3950 3952/3952/3952
f 3909/3909/3909 3950/3950/3950 3908/3908/3908
f 3909/3909/3909 3931/3931/3931 3950/3950/3950
f 3950/3950/3950 3931/3931/3931 3938/3938/3938
f 3932/3932/3932 3938/3938/3938 3931/3931/3931
f 4364/4364/4364 3932/3932/3932 3931/3931/3931
f 4366/4366/4366 3932/3932/3932 4364/4364/4364
f 4366/4366/4366 4364/4364/4364 4367/4367/4367
f 3908/3908/3908 4389/4389/4389 3909/3909/3909
f 4389/4389/4389 3931/3931/3931 3909/3909/3909
f 4364/4364/4364 3931/3931/3931 4389/4389/4389
f 4364/4364/4364 4389/4389/4389 4387/4387/4387
f 4367/4367/4367 4364/4364/4364 4387/4387/4387
f 4387/4387/4387 4368/4368/4368 4367/4367/4367
f 4367/4367/4367 4368/4368/4368 4345/4345/4345
f 4345/4345/4345 4368/4368/4368 4370/4370/4370
f 4370/4370/4370 3953/3953/3953 4345/4345/4345
f 4345/4345/4345 3953/3953/3953 3898/3898/3898
f 4388/4388/4388 4389/4389/4389 3908/3908/3908
f 4389/4389/4389 4388/4388/4388 4386/4386/4386
f 4387/4387/4387 4389/4389/4389 4386/4386/4386
f 3953/3953/3953 3933/3933/3933 3898/3898/3898
f 3958/3958/3958 3933/3933/3933 3953/3953/3953
f 4000/4000/4000 3958/3958/3958 3953/3953/3953
f 4370/4370/4370 4000/4000/4000 3953/3953/3953
f 3507/3507/3507 4000/4000/4000 4370/4370/4370
f 3516/3516/3516 4000/4000/4000 3507/3507/3507
f 4393/4393/4393 3516/3516/3516 3507/3507/3507
f 4353/4353/4353 3516/3516/3516 4393/4393/4393
f 4393/4393/4393 3887/3887/3887 4353/4353/4353
f 3886/3886/3886 3887/3887/3887 4393/4393/4393
f 3886/3886/3886 3884/3884/3884 3887/3887/3887
f 4368/4368/4368 3507/3507/3507 4370/4370/4370
f 4393/4393/4393 3507/3507/3507 4368/4368/4368
f 4393/4393/4393 4368/4368/4368 3886/3886/3886
f 3885/3885/3885 3884/3884/3884 3886/3886/3886
f 4106/4106/4106 3069/3069/3069 1337/1337/1337
f 4075/4075/4075 3069/3069/3069 4106/4106/4106
f 4105/4105/4105 3069/3069/3069 4075/4075/4075
f 3070/3070/3070 3069/3069/3069 4105/4105/4105
f 1243/1243/1243 3069/3069/3069 3070/3070/3070
f 1236/1236/1236 3069/3069/3069 1243/1243/1243
f 3066/3066/3066 3069/3069/3069 1236/1236/1236
f 1337/1337/1337 3069/3069/3069 3066/3066/3066
f 4075/4075/4075 4106/4106/4106 4078/4078/4078
f 4074/4074/4074 4075/4075/4075 4078/4078/4078
f 4105/4105/4105 4075/4075/4075 4074/4074/4074
f 4079/4079/4079 4105/4105/4105 4074/4074/4074
f 4076/4076/4076 4105/4105/4105 4079/4079/4079
f 4076/4076/4076 3070/3070/3070 4105/4105/4105
f 3046/3046/3046 3070/3070/3070 4076/4076/4076
f 3046/3046/3046 3071/3071/3071 3070/3070/3070
f 3070/3070/3070 3071/3071/3071 1243/1243/1243
f 4078/4078/4078 4106/4106/4106 4077/4077/4077
f 4078/4078/4078 4077/4077/4077 1248/1248/1248
f 4078/4078/4078 1248/1248/1248 4074/4074/4074
f 4074/4074/4074 1248/1248/1248 3065/3065/3065
f 3062/3062/3062 4074/4074/4074 3065/3065/3065
f 4079/4079/4079 4074/4074/4074 3062/3062/3062
f 3062/3062/3062 1331/1331/1331 4079/4079/4079
f 4079/4079/4079 1331/1331/1331 4113/4113/4113
f 4113/4113/4113 4119/4119/4119 4079/4079/4079
f 4079/4079/4079 4119/4119/4119 4076/4076/4076
f 1248/1248/1248 4077/4077/4077 3068/3068/3068
f 3061/3061/3061 1248/1248/1248 3068/3068/3068
f 3001/3001/3001 1248/1248/1248 3061/3061/3061
f 3001/3001/3001 1241/1241/1241 1248/1248/1248
f 1248/1248/1248 1241/1241/1241 3065/3065/3065
f 1241/1241/1241 3062/3062/3062 3065/3065/3065
f 1326/1326/1326 3062/3062/3062 1241/1241/1241
f 1326/1326/1326 1331/1331/1331 3062/3062/3062
f 3066/3066/3066 3001/3001/3001 3061/3061/3061
f 1236/1236/1236 3001/3001/3001 3066/3066/3066
f 3001/3001/3001 1236/1236/1236 1241/1241/1241
f 1241/1241/1241 1236/1236/1236 1243/1243/1243
f 1243/1243/1243 1326/1326/1326 1241/1241/1241
f 3071/3071/3071 1326/1326/1326 1243/1243/1243
f 1330/1330/1330 1326/1326/1326 3071/3071/3071
f 3057/3057/3057 1326/1326/1326 1330/1330/1330
f 3057/3057/3057 1331/1331/1331 1326/1326/1326
f 3902/3902/3902 1331/1331/1331 3057/3057/3057
f 3910/3910/3910 1331/1331/1331 3902/3902/3902
f 3852/3852/3852 1331/1331/1331 3910/3910/3910
f 4113/4113/4113 1331/1331/1331 3852/3852/3852
f 1330/1330/1330 3071/3071/3071 1338/1338/1338
f 1330/1330/1330 1338/1338/1338 3911/3911/3911
f 3902/3902/3902 1330/1330/1330 3911/3911/3911
f 3057/3057/3057 1330/1330/1330 3902/3902/3902
f 1338/1338/1338 3071/3071/3071 3046/3046/3046
f 4076/4076/4076 1338/1338/1338 3046/3046/3046
f 4119/4119/4119 1338/1338/1338 4076/4076/4076
f 4119/4119/4119 3851/3851/3851 1338/1338/1338
f 1338/1338/1338 3851/3851/3851 3889/3889/3889
f 3911/3911/3911 1338/1338/1338 3889/3889/3889
f 3903/3903/3903 3911/3911/3911 3889/3889/3889
f 1325/1325/1325 3911/3911/3911 3903/3903/3903
f 1332/1332/1332 3911/3911/3911 1325/1325/1325
f 3902/3902/3902 3911/3911/3911 1332/1332/1332
f 4119/4119/4119 3852/3852/3852 3851/3851/3851
f 3852/3852/3852 4121/4121/4121 3851/3851/3851
f 3851/3851/3851 4121/4121/4121 3969/3969/3969
f 3903/3903/3903 3851/3851/3851 3969/3969/3969
f 3889/3889/3889 3851/3851/3851 3903/3903/3903
f 4113/4113/4113 3852/3852/3852 4119/4119/4119
f 3969/3969/3969 3919/3919/3919 3903/3903/3903
f 3969/3969/3969 4123/4123/4123 3919/3919/3919
f 4123/4123/4123 3854/3854/3854 3919/3919/3919
f 3919/3919/3919 3854/3854/3854 4125/4125/4125
f 4125/4125/4125 3904/3904/3904 3919/3919/3919
f 3903/3903/3903 3919/3919/3919 3904/3904/3904
f 3920/3920/3920 3903/3903/3903 3904/3904/3904
f 1325/1325/1325 3903/3903/3903 3920/3920/3920
f 4121/4121/4121 4123/4123/4123 3969/3969/3969
f 4121/4121/4121 4115/4115/4115 4123/4123/4123
f 4123/4123/4123 4115/4115/4115 3905/3905/3905
f 3905/3905/3905 4124/4124/4124 4123/4123/4123
f 4124/4124/4124 3854/3854/3854 4123/4123/4123
f 4124/4124/4124 3853/3853/3853 3854/3854/3854
f 3854/3854/3854 3853/3853/3853 3855/3855/3855
f 3855/3855/3855 3856/3856/3856 3854/3854/3854
f 3854/3854/3854 3856/3856/3856 4125/4125/4125
f 3852/3852/3852 4115/4115/4115 4121/4121/4121
f 3910/3910/3910 4115/4115/4115 3852/3852/3852
f 3910/3910/3910 3902/3902/3902 4115/4115/4115
f 4115/4115/4115 3902/3902/3902 1332/1332/1332
f 1312/1312/1312 4115/4115/4115 1332/1332/1332
f 3905/3905/3905 4115/4115/4115 1312/1312/1312
f 1312/1312/1312 4122/4122/4122 3905/3905/3905
f 3905/3905/3905 4122/4122/4122 3921/3921/3921
f 3921/3921/3921 4124/4124/4124 3905/3905/3905
f 4090/4090/4090 4124/4124/4124 3921/3921/3921
f 3853/3853/3853 4124/4124/4124 4090/4090/4090
f 1332/1332/1332 1325/1325/1325 1312/1312/1312
f 1312/1312/1312 1325/1325/1325 3920/3920/3920
f 3920/3920/3920 4108/4108/4108 1312/1312/1312
f 4108/4108/4108 4122/4122/4122 1312/1312/1312
f 4108/4108/4108 4091/4091/4091 4122/4122/4122
f 4091/4091/4091 4090/4090/4090 4122/4122/4122
f 4122/4122/4122 4090/4090/4090 3921/3921/3921
f 4114/4114/4114 4108/4108/4108 3920/3920/3920
f 4126/4126/4126 4108/4108/4108 4114/4114/4114
f 3901/3901/3901 4108/4108/4108 4126/4126/4126
f 3901/3901/3901 4091/4091/4091 4108/4108/4108
f 3901/3901/3901 4092/4092/4092 4091/4091/4091
f 4091/4091/4091 4092/4092/4092 4095/4095/4095
f 4091/4091/4091 4095/4095/4095 4090/4090/4090
f 3904/3904/3904 4114/4114/4114 3920/3920/3920
f 3900/3900/3900 4114/4114/4114 3904/3904/3904
f 3900/3900/3900 4126/4126/4126 4114/4114/4114
f 4109/4109/4109 4126/4126/4126 3900/3900/3900
f 4109/4109/4109 4093/4093/4093 4126/4126/4126
f 4093/4093/4093 4092/4092/4092 4126/4126/4126
f 4126/4126/4126 4092/4092/4092 3901/3901/3901
f 3900/3900/3900 3904/3904/3904 4125/4125/4125
f 3856/3856/3856 3900/3900/3900 4125/4125/4125
f 4109/4109/4109 3900/3900/3900 3856/3856/3856
f 3858/3858/3858 4109/4109/4109 3856/3856/3856
f 4120/4120/4120 4109/4109/4109 3858/3858/3858
f 4120/4120/4120 4093/4093/4093 4109/4109/4109
f 4120/4120/4120 4098/4098/4098 4093/4093/4093
f 4098/4098/4098 4099/4099/4099 4093/4093/4093
f 4093/4093/4093 4099/4099/4099 4092/4092/4092
f 4099/4099/4099 4095/4095/4095 4092/4092/4092
f 4100/4100/4100 4095/4095/4095 4099/4099/4099
f 4095/4095/4095 4100/4100/4100 4110/4110/4110
f 4090/4090/4090 4095/4095/4095 4110/4110/4110
f 3858/3858/3858 3856/3856/3856 4062/4062/4062
f 3968/3968/3968 3858/3858/3858 4062/4062/4062
f 4118/4118/4118 3858/3858/3858 3968/3968/3968
f 3858/3858/3858 4118/4118/4118 4120/4120/4120
f 4120/4120/4120 4118/4118/4118 4112/4112/4112
f 4112/4112/4112 4098/4098/4098 4120/4120/4120
f 4094/4094/4094 4098/4098/4098 4112/4112/4112
f 4094/4094/4094 4099/4099/4099 4098/4098/4098
f 4094/4094/4094 4100/4100/4100 4099/4099/4099
f 4094/4094/4094 4101/4101/4101 4100/4100/4100
f 4110/4110/4110 4100/4100/4100 4101/4101/4101
f 4062/4062/4062 3856/3856/3856 3855/3855/3855
f 3853/3853/3853 4062/4062/4062 3855/3855/3855
f 4063/4063/4063 4062/4062/4062 3853/3853/3853
f 4063/4063/4063 3968/3968/3968 4062/4062/4062
f 3857/3857/3857 3968/3968/3968 4063/4063/4063
f 3857/3857/3857 4094/4094/4094 3968/3968/3968
f 3968/3968/3968 4094/4094/4094 4118/4118/4118
f 4118/4118/4118 4094/4094/4094 4112/4112/4112
f 4090/4090/4090 4063/4063/4063 3853/3853/3853
f 4110/4110/4110 4063/4063/4063 4090/4090/4090
f 4110/4110/4110 3857/3857/3857 4063/4063/4063
f 4101/4101/4101 3857/3857/3857 4110/4110/4110
f 4101/4101/4101 4094/4094/4094 3857/3857/3857
f 3077/3077/3077 3047/3047/3047 1316/1316/1316
f 3054/3054/3054 3047/3047/3047 3077/3077/3077
f 3092/3092/3092 3047/3047/3047 3054/3054/3054
f 1315/1315/1315 3047/3047/3047 3092/3092/3092
f 1304/1304/1304 3047/3047/3047 1315/1315/1315
f 1334/1334/1334 3047/3047/3047 1304/1304/1304
f 1321/1321/1321 3047/3047/3047 1334/1334/1334
f 1316/1316/1316 3047/3047/3047 1321/1321/1321
f 3054/3054/3054 3077/3077/3077 1320/1320/1320
f 3054/3054/3054 1320/1320/1320 3092/3092/3092
f 3092/3092/3092 1320/1320/1320 3085/3085/3085
f 3078/3078/3078 3092/3092/3092 3085/3085/3085
f 3052/3052/3052 3092/3092/3092 3078/3078/3078
f 3052/3052/3052 1315/1315/1315 3092/3092/3092
f 1329/1329/1329 1315/1315/1315 3052/3052/3052
f 1329/1329/1329 1306/1306/1306 1315/1315/1315
f 1315/1315/1315 1306/1306/1306 1304/1304/1304
f 1320/1320/1320 3077/3077/3077 3075/3075/3075
f 1320/1320/1320 3075/3075/3075 1336/1336/1336
f 1320/1320/1320 1336/1336/1336 3085/3085/3085
f 3085/3085/3085 1336/1336/1336 3067/3067/3067
f 3067/3067/3067 3078/3078/3078 3085/3085/3085
f 1323/1323/1323 3078/3078/3078 3067/3067/3067
f 1323/1323/1323 1308/1308/1308 3078/3078/3078
f 3078/3078/3078 1308/1308/1308 3074/3074/3074
f 3074/3074/3074 3050/3050/3050 3078/3078/3078
f 3078/3078/3078 3050/3050/3050 3052/3052/3052
f 1336/1336/1336 3075/3075/3075 1328/1328/1328
f 1322/1322/1322 1336/1336/1336 1328/1328/1328
f 1305/1305/1305 1336/1336/1336 1322/1322/1322
f 1305/1305/1305 1327/1327/1327 1336/1336/1336
f 1336/1336/1336 1327/1327/1327 3067/3067/3067
f 1327/1327/1327 1317/1317/1317 3067/3067/3067
f 3067/3067/3067 1317/1317/1317 1323/1323/1323
f 1317/1317/1317 1308/1308/1308 1323/1323/1323
f 1321/1321/1321 1305/1305/1305 1322/1322/1322
f 1334/1334/1334 1305/1305/1305 1321/1321/1321
f 1334/1334/1334 1304/1304/1304 1305/1305/1305
f 1305/1305/1305 1304/1304/1304 1327/1327/1327
f 1304/1304/1304 1317/1317/1317 1327/1327/1327
f 1306/1306/1306 1317/1317/1317 1304/1304/1304
f 1309/1309/1309 1317/1317/1317 1306/1306/1306
f 1307/1307/1307 1317/1317/1317 1309/1309/1309
f 1307/1307/1307 1308/1308/1308 1317/1317/1317
f 1343/1343/1343 1308/1308/1308 1307/1307/1307
f 1345/1345/1345 1308/1308/1308 1343/1343/1343
f 3049/3049/3049 1308/1308/1308 1345/1345/1345
f 3074/3074/3074 1308/1308/1308 3049/3049/3049
f 1309/1309/1309 1306/1306/1306 1318/1318/1318
f 1309/1309/1309 1318/1318/1318 1344/1344/1344
f 1343/1343/1343 1309/1309/1309 1344/1344/1344
f 1307/1307/1307 1309/1309/1309 1343/1343/1343
f 1318/1318/1318 1306/1306/1306 1329/1329/1329
f 3052/3052/3052 1318/1318/1318 1329/1329/1329
f 3050/3050/3050 1318/1318/1318 3052/3052/3052
f 3050/3050/3050 3048/3048/3048 1318/1318/1318
f 1318/1318/1318 3048/3048/3048 1342/1342/1342
f 1344/1344/1344 1318/1318/1318 1342/1342/1342
f 1319/1319/1319 1344/1344/1344 1342/1342/1342
f 1339/1339/1339 1344/1344/1344 1319/1319/1319
f 1324/1324/1324 1344/1344/1344 1339/1339/1339
f 1343/1343/1343 1344/1344/1344 1324/1324/1324
f 3050/3050/3050 3049/3049/3049 3048/3048/3048
f 3049/3049/3049 3051/3051/3051 3048/3048/3048
f 3048/3048/3048 3051/3051/3051 3081/3081/3081
f 1319/1319/1319 3048/3048/3048 3081/3081/3081
f 1342/1342/1342 3048/3048/3048 1319/1319/1319
f 3074/3074/3074 3049/3049/3049 3050/3050/3050
f 3081/3081/3081 3073/3073/3073 1319/1319/1319
f 3081/3081/3081 3053/3053/3053 3073/3073/3073
f 3053/3053/3053 3059/3059/3059 3073/3073/3073
f 3073/3073/3073 3059/3059/3059 3060/3060/3060
f 3060/3060/3060 1349/1349/1349 3073/3073/3073
f 1319/1319/1319 3073/3073/3073 1349/1349/1349
f 1341/1341/1341 1319/1319/1319 1349/1349/1349
f 1339/1339/1339 1319/1319/1319 1341/1341/1341
f 3051/3051/3051 3053/3053/3053 3081/3081/3081
f 3051/3051/3051 1311/1311/1311 3053/3053/3053
f 3053/3053/3053 1311/1311/1311 1310/1310/1310
f 1310/1310/1310 3082/3082/3082 3053/3053/3053
f 3082/3082/3082 3059/3059/3059 3053/3053/3053
f 3082/3082/3082 3058/3058/3058 3059/3059/3059
f 3059/3059/3059 3058/3058/3058 3063/3063/3063
f 3063/3063/3063 3064/3064/3064 3059/3059/3059
f 3059/3059/3059 3064/3064/3064 3060/3060/3060
f 3049/3049/3049 1311/1311/1311 3051/3051/3051
f 1345/1345/1345 1311/1311/1311 3049/3049/3049
f 1345/1345/1345 1343/1343/1343 1311/1311/1311
f 1311/1311/1311 1343/1343/1343 1324/1324/1324
f 1340/1340/1340 1311/1311/1311 1324/1324/1324
f 1310/1310/1310 1311/1311/1311 1340/1340/1340
f 1340/1340/1340 1353/1353/1353 1310/1310/1310
f 1310/1310/1310 1353/1353/1353 1346/1346/1346
f 1346/1346/1346 3082/3082/3082 1310/1310/1310
f 1360/1360/1360 3082/3082/3082 1346/1346/1346
f 3058/3058/3058 3082/3082/3082 1360/1360/1360
f 1324/1324/1324 1339/1339/1339 1340/1340/1340
f 1340/1340/1340 1339/1339/1339 1341/1341/1341
f 1341/1341/1341 1351/1351/1351 1340/1340/1340
f 1351/1351/1351 1353/1353/1353 1340/1340/1340
f 1351/1351/1351 1359/1359/1359 1353/1353/1353
f 1359/1359/1359 1360/1360/1360 1353/1353/1353
f 1353/1353/1353 1360/1360/1360 1346/1346/1346
f 1352/1352/1352 1351/1351/1351 1341/1341/1341
f 1354/1354/1354 1351/1351/1351 1352/1352/1352
f 1313/1313/1313 1351/1351/1351 1354/1354/1354
f 1313/1313/1313 1359/1359/1359 1351/1351/1351
f 1313/1313/1313 1347/1347/1347 1359/1359/1359
f 1359/1359/1359 1347/1347/1347 1362/1362/1362
f 1359/1359/1359 1362/1362/1362 1360/1360/1360
f 1349/1349/1349 1352/1352/1352 1341/1341/1341
f 1314/1314/1314 1352/1352/1352 1349/1349/1349
f 1314/1314/1314 1354/1354/1354 1352/1352/1352
f 1361/1361/1361 1354/1354/1354 1314/1314/1314
f 1361/1361/1361 1355/1355/1355 1354/1354/1354
f 1355/1355/1355 1347/1347/1347 1354/1354/1354
f 1354/1354/1354 1347/1347/1347 1313/1313/1313
f 1314/1314/1314 1349/1349/1349 3060/3060/3060
f 3064/3064/3064 1314/1314/1314 3060/3060/3060
f 1361/1361/1361 1314/1314/1314 3064/3064/3064
f 2998/2998/2998 1361/1361/1361 3064/3064/3064
f 3080/3080/3080 1361/1361/1361 2998/2998/2998
f 3080/3080/3080 1355/1355/1355 1361/1361/1361
f 3080/3080/3080 3056/3056/3056 1355/1355/1355
f 3056/3056/3056 3093/3093/3093 1355/1355/1355
f 1355/1355/1355 3093/3093/3093 1347/1347/1347
f 3093/3093/3093 1362/1362/1362 1347/1347/1347
f 3086/3086/3086 1362/1362/1362 3093/3093/3093
f 1362/1362/1362 3086/3086/3086 3087/3087/3087
f 1360/1360/1360 1362/1362/1362 3087/3087/3087
f 2998/2998/2998 3064/3064/3064 2997/2997/2997
f 3000/3000/3000 2998/2998/2998 2997/2997/2997
f 2999/2999/2999 2998/2998/2998 3000/3000/3000
f 2998/2998/2998 2999/2999/2999 3080/3080/3080
f 3080/3080/3080 2999/2999/2999 3055/3055/3055
f 3055/3055/3055 3056/3056/3056 3080/3080/3080
f 3076/3076/3076 3056/3056/3056 3055/3055/3055
f 3076/3076/3076 3093/3093/3093 3056/3056/3056
f 3076/3076/3076 3086/3086/3086 3093/3093/3093
f 3076/3076/3076 3079/3079/3079 3086/3086/3086
f 3087/3087/3087 3086/3086/3086 3079/3079/3079
f 2997/2997/2997 3064/3064/3064 3063/3063/3063
f 3058/3058/3058 2997/2997/2997 3063/3063/3063
f 1238/1238/1238 2997/2997/2997 3058/3058/3058
f 1238/1238/1238 3000/3000/3000 2997/2997/2997
f 3006/3006/3006 3000/3000/3000 1238/1238/1238
f 3006/3006/3006 3076/3076/3076 3000/3000/3000
f 3000/3000/3000 3076/3076/3076 2999/2999/2999
f 2999/2999/2999 3076/3076/3076 3055/3055/3055
f 1360/1360/1360 1238/1238/1238 3058/3058/3058
f 3087/3087/3087 1238/1238/1238 1360/1360/1360
f 3087/3087/3087 3006/3006/3006 1238/1238/1238
f 3079/3079/3079 3006/3006/3006 3087/3087/3087
f 3079/3079/3079 3076/3076/3076 3006/3006/3006
f 4599/4599/4599 3011/3011/3011 4601/4601/4601
f 4601/4601/4601 3011/3011/3011 3010/3010/3010
f 4601/4601/4601 3010/3010/3010 4647/4647/4647
f 4601/4601/4601 4647/4647/4647 4602/4602/4602
f 4644/4644/4644 4601/4601/4601 4602/4602/4602
f 4599/4599/4599 4601/4601/4601 4644/4644/4644
f 3011/3011/3011 1262/1262/1262 3010/3010/3010
f 3010/3010/3010 1262/1262/1262 1272/1272/1272
f 1265/1265/1265 3010/3010/3010 1272/1272/1272
f 3016/3016/3016 3010/3010/3010 1265/1265/1265
f 4647/4647/4647 3010/3010/3010 3016/3016/3016
f 4647/4647/4647 3016/3016/3016 4645/4645/4645
f 4647/4647/4647 4645/4645/4645 4687/4687/4687
f 4602/4602/4602 4647/4647/4647 4687/4687/4687
f 3011/3011/3011 4642/4642/4642 1262/1262/1262
f 1262/1262/1262 4642/4642/4642 4603/4603/4603
f 4642/4642/4642 4643/4643/4643 4603/4603/4603
f 4644/4644/4644 4643/4643/4643 4642/4642/4642
f 4644/4644/4644 4602/4602/4602 4643/4643/4643
f 4643/4643/4643 4602/4602/4602 4595/4595/4595
f 4596/4596/4596 4643/4643/4643 4595/4595/4595
f 4600/4600/4600 4643/4643/4643 4596/4596/4596
f 4596/4596/4596 1262/1262/1262 4600/4600/4600
f 1272/1272/1272 1262/1262/1262 4596/4596/4596
f 4693/4693/4693 1272/1272/1272 4596/4596/4596
f 1265/1265/1265 1272/1272/1272 4693/4693/4693
f 1265/1265/1265 4693/4693/4693 1274/1274/1274
f 1265/1265/1265 1274/1274/1274 3016/3016/3016
f 3016/3016/3016 1274/1274/1274 3012/3012/3012
f 4645/4645/4645 3016/3016/3016 3012/3012/3012
f 4595/4595/4595 4602/4602/4602 4685/4685/4685
f 4693/4693/4693 4595/4595/4595 4685/4685/4685
f 4596/4596/4596 4595/4595/4595 4693/4693/4693
f 4685/4685/4685 4602/4602/4602 4687/4687/4687
f 4685/4685/4685 4687/4687/4687 4686/4686/4686
f 4686/4686/4686 4693/4693/4693 4685/4685/4685
f 4732/4732/4732 4693/4693/4693 4686/4686/4686
f 1274/1274/1274 4693/4693/4693 4732/4732/4732
f 4686/4686/4686 4687/4687/4687 4648/4648/4648
f 4686/4686/4686 4648/4648/4648 4641/4641/4641
f 4646/4646/4646 4686/4686/4686 4641/4641/4641
f 4640/4640/4640 4686/4686/4686 4646/4646/4646
f 4646/4646/4646 1274/1274/1274 4640/4640/4640
f 3013/3013/3013 1274/1274/1274 4646/4646/4646
f 3012/3012/3012 1274/1274/1274 3013/3013/3013
f 4687/4687/4687 4645/4645/4645 4648/4648/4648
f 4973/4973/4973 4882/4882/4882 4873/4873/4873
f 4888/4888/4888 4882/4882/4882 4973/4973/4973
f 4888/4888/4888 4865/4865/4865 4882/4882/4882
f 4882/4882/4882 4865/4865/4865 4884/4884/4884
f 4885/4885/4885 4882/4882/4882 4884/4884/4884
f 4881/4881/4881 4882/4882/4882 4885/4885/4885
f 4883/4883/4883 4882/4882/4882 4881/4881/4881
f 4873/4873/4873 4882/4882/4882 4883/4883/4883
f 5052/5052/5052 5084/5084/5084 5037/5037/5037
f 5047/5047/5047 5084/5084/5084 5052/5052/5052
f 5047/5047/5047 5048/5048/5048 5084/5084/5084
f 5084/5084/5084 5048/5048/5048 5035/5035/5035
f 5087/5087/5087 5084/5084/5084 5035/5035/5035
f 5086/5086/5086 5084/5084/5084 5087/5087/5087
f 5085/5085/5085 5084/5084/5084 5086/5086/5086
f 5037/5037/5037 5084/5084/5084 5085/5085/5085
f 5073/5073/5073 5068/5068/5068 5066/5066/5066
f 5067/5067/5067 5068/5068/5068 5073/5073/5073
f 5067/5067/5067 5069/5069/5069 5068/5068/5068
f 5068/5068/5068 5069/5069/5069 5021/5021/5021
f 5013/5013/5013 5068/5068/5068 5021/5021/5021
f 5014/5014/5014 5068/5068/5068 5013/5013/5013
f 5020/5020/5020 5068/5068/5068 5014/5014/5014
f 5066/5066/5066 5068/5068/5068 5020/5020/5020
f 5119/5119/5119 5159/5159/5159 5157/5157/5157
f 5121/5121/5121 5159/5159/5159 5119/5119/5119
f 5121/5121/5121 5117/5117/5117 5159/5159/5159
f 5159/5159/5159 5117/5117/5117 5164/5164/5164
f 5163/5163/5163 5159/5159/5159 5164/5164/5164
f 5158/5158/5158 5159/5159/5159 5163/5163/5163
f 5160/5160/5160 5159/5159/5159 5158/5158/5158
f 5157/5157/5157 5159/5159/5159 5160/5160/5160
f 5105/5105/5105 5287/5287/5287 5292/5292/5292
f 5151/5151/5151 5287/5287/5287 5105/5105/5105
f 5151/5151/5151 5100/5100/5100 5287/5287/5287
f 5287/5287/5287 5100/5100/5100 5255/5255/5255
f 5268/5268/5268 5287/5287/5287 5255/5255/5255
f 5243/5243/5243 5287/5287/5287 5268/5268/5268
f 5239/5239/5239 5287/5287/5287 5243/5243/5243
f 5292/5292/5292 5287/5287/5287 5239/5239/5239
f 5262/5262/5262 5251/5251/5251 5266/5266/5266
f 5211/5211/5211 5251/5251/5251 5262/5262/5262
f 5211/5211/5211 5210/5210/5210 5251/5251/5251
f 5251/5251/5251 5210/5210/5210 5186/5186/5186
f 5185/5185/5185 5251/5251/5251 5186/5186/5186
f 5177/5177/5177 5251/5251/5251 5185/5185/5185
f 5175/5175/5175 5251/5251/5251 5177/5177/5177
f 5266/5266/5266 5251/5251/5251 5175/5175/5175
f 5240/5240/5240 1394/1394/1394 3777/3777/3777
f 5228/5228/5228 1394/1394/1394 5240/5240/5240
f 5228/5228/5228 5293/5293/5293 1394/1394/1394
f 1394/1394/1394 5293/5293/5293 1380/1380/1380
f 1380/1380/1380 1382/1382/1382 1394/1394/1394
f 1394/1394/1394 1382/1382/1382 3798/3798/3798
f 5240/5240/5240 3777/3777/3777 5196/5196/5196
f 3820/3820/3820 5240/5240/5240 5196/5196/5196
f 3788/3788/3788 5240/5240/5240 3820/3820/3820
f 3788/3788/3788 5228/5228/5228 5240/5240/5240
f 3818/3818/3818 5228/5228/5228 3788/3788/3788
f 3818/3818/3818 1377/1377/1377 5228/5228/5228
f 5228/5228/5228 1377/1377/1377 5293/5293/5293
f 5196/5196/5196 3777/3777/3777 3799/3799/3799
f 5196/5196/5196 3799/3799/3799 5241/5241/5241
f 3804/3804/3804 5196/5196/5196 5241/5241/5241
f 3820/3820/3820 5196/5196/5196 3804/3804/3804
f 3804/3804/3804 3738/3738/3738 3820/3820/3820
f 3738/3738/3738 3779/3779/3779 3820/3820/3820
f 3820/3820/3820 3779/3779/3779 3788/3788/3788
f 3788/3788/3788 3779/3779/3779 3818/3818/3818
f 3799/3799/3799 3777/3777/3777 3819/3819/3819
f 3819/3819/3819 3726/3726/3726 3799/3799/3799
f 5241/5241/5241 3799/3799/3799 3726/3726/3726
f 5241/5241/5241 3726/3726/3726 3758/3758/3758
f 3737/3737/3737 5241/5241/5241 3758/3758/3758
f 3804/3804/3804 5241/5241/5241 3737/3737/3737
f 3737/3737/3737 3759/3759/3759 3804/3804/3804
f 3804/3804/3804 3759/3759/3759 3802/3802/3802
f 3802/3802/3802 3738/3738/3738 3804/3804/3804
f 3819/3819/3819 3777/3777/3777 3776/3776/3776
f 3796/3796/3796 3819/3819/3819 3776/3776/3776
f 3796/3796/3796 3736/3736/3736 3819/3819/3819
f 3736/3736/3736 3726/3726/3726 3819/3819/3819
f 3745/3745/3745 3726/3726/3726 3736/3736/3736
f 3757/3757/3757 3726/3726/3726 3745/3745/3745
f 3758/3758/3758 3726/3726/3726 3757/3757/3757
f 3777/3777/3777 3800/3800/3800 3776/3776/3776
f 3776/3776/3776 3800/3800/3800 3798/3798/3798
f 3776/3776/3776 3798/3798/3798 3795/3795/3795
f 3795/3795/3795 3796/3796/3796 3776/3776/3776
f 3775/3775/3775 3796/3796/3796 3795/3795/3795
f 3775/3775/3775 3797/3797/3797 3796/3796/3796
f 3792/3792/3792 3796/3796/3796 3797/3797/3797
f 3831/3831/3831 3796/3796/3796 3792/3792/3792
f 3827/3827/3827 3796/3796/3796 3831/3831/3831
f 3736/3736/3736 3796/3796/3796 3827/3827/3827
f 3795/3795/3795 3798/3798/3798 3825/3825/3825
f 3706/3706/3706 3795/3795/3795 3825/3825/3825
f 3795/3795/3795 3706/3706/3706 3775/3775/3775
f 3775/3775/3775 3706/3706/3706 3719/3719/3719
f 3719/3719/3719 3730/3730/3730 3775/3775/3775
f 3775/3775/3775 3730/3730/3730 3797/3797/3797
f 3825/3825/3825 3798/3798/3798 1392/1392/1392
f 1392/1392/1392 1050/1050/1050 3825/3825/3825
f 3825/3825/3825 1050/1050/1050 1033/1033/1033
f 1033/1033/1033 3703/3703/3703 3825/3825/3825
f 3703/3703/3703 3709/3709/3709 3825/3825/3825
f 3706/3706/3706 3825/3825/3825 3709/3709/3709
f 3709/3709/3709 3704/3704/3704 3706/3706/3706
f 3706/3706/3706 3704/3704/3704 3719/3719/3719
f 1392/1392/1392 3798/3798/3798 1382/1382/1382
f 1397/1397/1397 1392/1392/1392 1382/1382/1382
f 1396/1396/1396 1392/1392/1392 1397/1397/1397
f 1050/1050/1050 1392/1392/1392 1396/1396/1396
f 1050/1050/1050 1396/1396/1396 1027/1027/1027
f 1027/1027/1027 960/960/960 1050/1050/1050
f 1050/1050/1050 960/960/960 1033/1033/1033
f 1033/1033/1033 960/960/960 1026/1026/1026
f 1026/1026/1026 1049/1049/1049 1033/1033/1033
f 1049/1049/1049 3703/3703/3703 1033/1033/1033
f 1395/1395/1395 1397/1397/1397 1382/1382/1382
f 1383/1383/1383 1397/1397/1397 1395/1395/1395
f 740/740/740 1397/1397/1397 1383/1383/1383
f 742/742/742 1397/1397/1397 740/740/740
f 742/742/742 741/741/741 1397/1397/1397
f 1397/1397/1397 741/741/741 1407/1407/1407
f 1407/1407/1407 1396/1396/1396 1397/1397/1397
f 1382/1382/1382 1380/1380/1380 1395/1395/1395
f 1395/1395/1395 1380/1380/1380 1381/1381/1381
f 1381/1381/1381 1408/1408/1408 1395/1395/1395
f 1395/1395/1395 1408/1408/1408 1383/1383/1383
f 1383/1383/1383 1408/1408/1408 1406/1406/1406
f 1383/1383/1383 1406/1406/1406 1384/1384/1384
f 1383/1383/1383 1384/1384/1384 1386/1386/1386
f 1386/1386/1386 1136/1136/1136 1383/1383/1383
f 1383/1383/1383 1136/1136/1136 740/740/740
f 1380/1380/1380 5215/5215/5215 1381/1381/1381
f 5215/5215/5215 5244/5244/5244 1381/1381/1381
f 1381/1381/1381 5244/5244/5244 1408/1408/1408
f 5244/5244/5244 1403/1403/1403 1408/1408/1408
f 1408/1408/1408 1403/1403/1403 1398/1398/1398
f 1406/1406/1406 1408/1408/1408 1398/1398/1398
f 1406/1406/1406 1398/1398/1398 3832/3832/3832
f 1406/1406/1406 3832/3832/3832 1385/1385/1385
f 1384/1384/1384 1406/1406/1406 1385/1385/1385
f 5293/5293/5293 5215/5215/5215 1380/1380/1380
f 5293/5293/5293 1374/1374/1374 5215/5215/5215
f 1374/1374/1374 1376/1376/1376 5215/5215/5215
f 5215/5215/5215 1376/1376/1376 5244/5244/5244
f 1376/1376/1376 1375/1375/1375 5244/5244/5244
f 5244/5244/5244 1375/1375/1375 1403/1403/1403
f 1403/1403/1403 1375/1375/1375 3746/3746/3746
f 5190/5190/5190 1403/1403/1403 3746/3746/3746
f 1398/1398/1398 1403/1403/1403 5190/5190/5190
f 3832/3832/3832 1398/1398/1398 5190/5190/5190
f 1377/1377/1377 1374/1374/1374 5293/5293/5293
f 1377/1377/1377 1371/1371/1371 1374/1374/1374
f 1374/1374/1374 1371/1371/1371 1379/1379/1379
f 1374/1374/1374 1379/1379/1379 1376/1376/1376
f 1376/1376/1376 1379/1379/1379 1411/1411/1411
f 1411/1411/1411 1373/1373/1373 1376/1376/1376
f 1376/1376/1376 1373/1373/1373 1375/1375/1375
f 1373/1373/1373 3747/3747/3747 1375/1375/1375
f 1375/1375/1375 3747/3747/3747 3761/3761/3761
f 3746/3746/3746 1375/1375/1375 3761/3761/3761
f 1377/1377/1377 3818/3818/3818 1371/1371/1371
f 1371/1371/1371 3818/3818/3818 3787/3787/3787
f 3787/3787/3787 3760/3760/3760 1371/1371/1371
f 1371/1371/1371 3760/3760/3760 1378/1378/1378
f 1378/1378/1378 1379/1379/1379 1371/1371/1371
f 1412/1412/1412 1379/1379/1379 1378/1378/1378
f 1412/1412/1412 1372/1372/1372 1379/1379/1379
f 1379/1379/1379 1372/1372/1372 1411/1411/1411
f 1372/1372/1372 1410/1410/1410 1411/1411/1411
f 1411/1411/1411 1410/1410/1410 1373/1373/1373
f 3818/3818/3818 3779/3779/3779 3787/3787/3787
f 3787/3787/3787 3779/3779/3779 3760/3760/3760
f 3760/3760/3760 3779/3779/3779 3803/3803/3803
f 3760/3760/3760 3803/3803/3803 3821/3821/3821
f 3821/3821/3821 1378/1378/1378 3760/3760/3760
f 1409/1409/1409 1378/1378/1378 3821/3821/3821
f 1409/1409/1409 1668/1668/1668 1378/1378/1378
f 1378/1378/1378 1668/1668/1668 1412/1412/1412
f 1668/1668/1668 1686/1686/1686 1412/1412/1412
f 1412/1412/1412 1686/1686/1686 1372/1372/1372
f 1686/1686/1686 1410/1410/1410 1372/1372/1372
f 3738/3738/3738 3803/3803/3803 3779/3779/3779
f 3748/3748/3748 3803/3803/3803 3738/3738/3738
f 3749/3749/3749 3803/3803/3803 3748/3748/3748
f 3801/3801/3801 3803/3803/3803 3749/3749/3749
f 3821/3821/3821 3803/3803/3803 3801/3801/3801
f 3748/3748/3748 3738/3738/3738 3739/3739/3739
f 3749/3749/3749 3748/3748/3748 3739/3739/3739
f 3749/3749/3749 3739/3739/3739 5176/5176/5176
f 3778/3778/3778 5176/5176/5176 3739/3739/3739
f 3763/3763/3763 5176/5176/5176 3778/3778/3778
f 3739/3739/3739 3738/3738/3738 3802/3802/3802
f 3739/3739/3739 3802/3802/3802 3778/3778/3778
f 3778/3778/3778 3802/3802/3802 3759/3759/3759
f 3759/3759/3759 3762/3762/3762 3778/3778/3778
f 3778/3778/3778 3762/3762/3762 3763/3763/3763
f 3763/3763/3763 3762/3762/3762 3764/3764/3764
f 3764/3764/3764 3976/3976/3976 3763/3763/3763
f 4058/4058/4058 3763/3763/3763 3976/3976/3976
f 3750/3750/3750 3763/3763/3763 4058/4058/4058
f 4024/4024/4024 3750/3750/3750 4058/4058/4058
f 3749/3749/3749 3750/3750/3750 4024/4024/4024
f 3747/3747/3747 3762/3762/3762 3759/3759/3759
f 3747/3747/3747 1373/1373/1373 3762/3762/3762
f 3762/3762/3762 1373/1373/1373 1410/1410/1410
f 1669/1669/1669 3762/3762/3762 1410/1410/1410
f 3764/3764/3764 3762/3762/3762 1669/1669/1669
f 1669/1669/1669 1663/1663/1663 3764/3764/3764
f 3764/3764/3764 1663/1663/1663 3984/3984/3984
f 3984/3984/3984 3976/3976/3976 3764/3764/3764
f 3737/3737/3737 3747/3747/3747 3759/3759/3759
f 3761/3761/3761 3747/3747/3747 3737/3737/3737
f 3737/3737/3737 3746/3746/3746 3761/3761/3761
f 3758/3758/3758 3746/3746/3746 3737/3737/3737
f 3758/3758/3758 5190/5190/5190 3746/3746/3746
f 3757/3757/3757 5190/5190/5190 3758/3758/3758
f 3757/3757/3757 3832/3832/3832 5190/5190/5190
f 3745/3745/3745 3832/3832/3832 3757/3757/3757
f 3834/3834/3834 3832/3832/3832 3745/3745/3745
f 3826/3826/3826 3832/3832/3832 3834/3834/3834
f 1385/1385/1385 3832/3832/3832 3826/3826/3826
f 3826/3826/3826 1393/1393/1393 1385/1385/1385
f 1393/1393/1393 1384/1384/1384 1385/1385/1385
f 1387/1387/1387 1384/1384/1384 1393/1393/1393
f 1386/1386/1386 1384/1384/1384 1387/1387/1387
f 3745/3745/3745 3833/3833/3833 3834/3834/3834
f 3833/3833/3833 3830/3830/3830 3834/3834/3834
f 3834/3834/3834 3830/3830/3830 3826/3826/3826
f 3826/3826/3826 3830/3830/3830 3793/3793/3793
f 3793/3793/3793 1393/1393/1393 3826/3826/3826
f 3741/3741/3741 1393/1393/1393 3793/3793/3793
f 1393/1393/1393 3741/3741/3741 1387/1387/1387
f 1387/1387/1387 3741/3741/3741 953/953/953
f 953/953/953 1386/1386/1386 1387/1387/1387
f 3767/3767/3767 1386/1386/1386 953/953/953
f 3767/3767/3767 1136/1136/1136 1386/1386/1386
f 3736/3736/3736 3833/3833/3833 3745/3745/3745
f 3824/3824/3824 3833/3833/3833 3736/3736/3736
f 3794/3794/3794 3833/3833/3833 3824/3824/3824
f 3794/3794/3794 3830/3830/3830 3833/3833/3833
f 3830/3830/3830 3794/3794/3794 3741/3741/3741
f 3830/3830/3830 3741/3741/3741 3793/3793/3793
f 3824/3824/3824 3736/3736/3736 3828/3828/3828
f 3828/3828/3828 3767/3767/3767 3824/3824/3824
f 3751/3751/3751 3824/3824/3824 3767/3767/3767
f 3794/3794/3794 3824/3824/3824 3751/3751/3751
f 3741/3741/3741 3794/3794/3794 3751/3751/3751
f 3828/3828/3828 3736/3736/3736 3827/3827/3827
f 3827/3827/3827 3790/3790/3790 3828/3828/3828
f 3828/3828/3828 3790/3790/3790 3772/3772/3772
f 3828/3828/3828 3772/3772/3772 3767/3767/3767
f 3811/3811/3811 3767/3767/3767 3772/3772/3772
f 3767/3767/3767 3811/3811/3811 3742/3742/3742
f 3767/3767/3767 3742/3742/3742 871/871/871
f 3767/3767/3767 871/871/871 743/743/743
f 743/743/743 1136/1136/1136 3767/3767/3767
f 3827/3827/3827 3831/3831/3831 3790/3790/3790
f 3790/3790/3790 3831/3831/3831 3792/3792/3792
f 3790/3790/3790 3792/3792/3792 3786/3786/3786
f 3814/3814/3814 3790/3790/3790 3786/3786/3786
f 3790/3790/3790 3814/3814/3814 3772/3772/3772
f 3772/3772/3772 3814/3814/3814 3811/3811/3811
f 3785/3785/3785 3811/3811/3811 3814/3814/3814
f 3784/3784/3784 3811/3811/3811 3785/3785/3785
f 3742/3742/3742 3811/3811/3811 3784/3784/3784
f 3786/3786/3786 3792/3792/3792 3770/3770/3770
f 3785/3785/3785 3786/3786/3786 3770/3770/3770
f 3814/3814/3814 3786/3786/3786 3785/3785/3785
f 3770/3770/3770 3792/3792/3792 3829/3829/3829
f 3829/3829/3829 3744/3744/3744 3770/3770/3770
f 3744/3744/3744 3785/3785/3785 3770/3770/3770
f 3769/3769/3769 3785/3785/3785 3744/3744/3744
f 3785/3785/3785 3769/3769/3769 3784/3784/3784
f 3784/3784/3784 3769/3769/3769 3768/3768/3768
f 3768/3768/3768 3742/3742/3742 3784/3784/3784
f 3792/3792/3792 3797/3797/3797 3829/3829/3829
f 3829/3829/3829 3797/3797/3797 3774/3774/3774
f 3791/3791/3791 3829/3829/3829 3774/3774/3774
f 3756/3756/3756 3829/3829/3829 3791/3791/3791
f 3756/3756/3756 3744/3744/3744 3829/3829/3829
f 3744/3744/3744 3756/3756/3756 3743/3743/3743
f 3743/3743/3743 3769/3769/3769 3744/3744/3744
f 3771/3771/3771 3769/3769/3769 3743/3743/3743
f 3769/3769/3769 3771/3771/3771 3768/3768/3768
f 3774/3774/3774 3797/3797/3797 3810/3810/3810
f 3810/3810/3810 3783/3783/3783 3774/3774/3774
f 3774/3774/3774 3783/3783/3783 3791/3791/3791
f 3765/3765/3765 3791/3791/3791 3783/3783/3783
f 3789/3789/3789 3791/3791/3791 3765/3765/3765
f 3791/3791/3791 3789/3789/3789 3756/3756/3756
f 3756/3756/3756 3789/3789/3789 3773/3773/3773
f 3743/3743/3743 3756/3756/3756 3773/3773/3773
f 3743/3743/3743 3773/3773/3773 3816/3816/3816
f 3816/3816/3816 3771/3771/3771 3743/3743/3743
f 3797/3797/3797 3730/3730/3730 3810/3810/3810
f 3810/3810/3810 3730/3730/3730 3718/3718/3718
f 3810/3810/3810 3718/3718/3718 3783/3783/3783
f 3783/3783/3783 3718/3718/3718 3740/3740/3740
f 3740/3740/3740 3731/3731/3731 3783/3783/3783
f 3731/3731/3731 3765/3765/3765 3783/3783/3783
f 3732/3732/3732 3765/3765/3765 3731/3731/3731
f 3765/3765/3765 3732/3732/3732 3752/3752/3752
f 3752/3752/3752 3789/3789/3789 3765/3765/3765
f 3719/3719/3719 3718/3718/3718 3730/3730/3730
f 3704/3704/3704 3718/3718/3718 3719/3719/3719
f 3722/3722/3722 3718/3718/3718 3704/3704/3704
f 3740/3740/3740 3718/3718/3718 3722/3722/3722
f 3722/3722/3722 3731/3731/3731 3740/3740/3740
f 3720/3720/3720 3731/3731/3731 3722/3722/3722
f 3720/3720/3720 3732/3732/3732 3731/3731/3731
f 3733/3733/3733 3732/3732/3732 3720/3720/3720
f 3732/3732/3732 3733/3733/3733 3734/3734/3734
f 3752/3752/3752 3732/3732/3732 3734/3734/3734
f 3752/3752/3752 3734/3734/3734 3815/3815/3815
f 3752/3752/3752 3815/3815/3815 3817/3817/3817
f 3817/3817/3817 3789/3789/3789 3752/3752/3752
f 3704/3704/3704 3709/3709/3709 3722/3722/3722
f 3709/3709/3709 3721/3721/3721 3722/3722/3722
f 3722/3722/3722 3721/3721/3721 3720/3720/3720
f 3721/3721/3721 3733/3733/3733 3720/3720/3720
f 3699/3699/3699 3733/3733/3733 3721/3721/3721
f 3700/3700/3700 3733/3733/3733 3699/3699/3699
f 3735/3735/3735 3733/3733/3733 3700/3700/3700
f 3734/3734/3734 3733/3733/3733 3735/3735/3735
f 3735/3735/3735 3701/3701/3701 3734/3734/3734
f 3734/3734/3734 3701/3701/3701 3766/3766/3766
f 3815/3815/3815 3734/3734/3734 3766/3766/3766
f 3721/3721/3721 3709/3709/3709 3703/3703/3703
f 3721/3721/3721 3703/3703/3703 3699/3699/3699
f 3700/3700/3700 3699/3699/3699 3703/3703/3703
f 3700/3700/3700 3703/3703/3703 3702/3702/3702
f 3700/3700/3700 3702/3702/3702 3735/3735/3735
f 3735/3735/3735 3702/3702/3702 3701/3701/3701
f 3701/3701/3701 3702/3702/3702 1021/1021/1021
f 948/948/948 3701/3701/3701 1021/1021/1021
f 3766/3766/3766 3701/3701/3701 948/948/948
f 3766/3766/3766 948/948/948 873/873/873
f 3703/3703/3703 1121/1121/1121 3702/3702/3702
f 1021/1021/1021 3702/3702/3702 1121/1121/1121
f 1021/1021/1021 1121/1121/1121 1019/1019/1019
f 1019/1019/1019 948/948/948 1021/1021/1021
f 959/959/959 948/948/948 1019/1019/1019
f 948/948/948 959/959/959 1025/1025/1025
f 873/873/873 948/948/948 1025/1025/1025
f 873/873/873 1025/1025/1025 735/735/735
f 873/873/873 735/735/735 867/867/867
f 867/867/867 3813/3813/3813 873/873/873
f 1032/1032/1032 1121/1121/1121 3703/3703/3703
f 1019/1019/1019 1121/1121/1121 1032/1032/1032
f 1049/1049/1049 1019/1019/1019 1032/1032/1032
f 1020/1020/1020 1019/1019/1019 1049/1049/1049
f 1019/1019/1019 1020/1020/1020 959/959/959
f 959/959/959 1020/1020/1020 1023/1023/1023
f 959/959/959 1023/1023/1023 977/977/977
f 1025/1025/1025 959/959/959 977/977/977
f 977/977/977 733/733/733 1025/1025/1025
f 1025/1025/1025 733/733/733 735/735/735
f 733/733/733 867/867/867 735/735/735
f 3703/3703/3703 1049/1049/1049 1032/1032/1032
f 1020/1020/1020 1049/1049/1049 1026/1026/1026
f 1026/1026/1026 1023/1023/1023 1020/1020/1020
f 958/958/958 1023/1023/1023 1026/1026/1026
f 1023/1023/1023 958/958/958 964/964/964
f 977/977/977 1023/1023/1023 964/964/964
f 1132/1132/1132 977/977/977 964/964/964
f 733/733/733 977/977/977 1132/1132/1132
f 1132/1132/1132 739/739/739 733/733/733
f 733/733/733 739/739/739 738/738/738
f 738/738/738 867/867/867 733/733/733
f 958/958/958 1026/1026/1026 931/931/931
f 958/958/958 931/931/931 964/964/964
f 964/964/964 931/931/931 955/955/955
f 955/955/955 745/745/745 964/964/964
f 964/964/964 745/745/745 1132/1132/1132
f 745/745/745 746/746/746 1132/1132/1132
f 1132/1132/1132 746/746/746 739/739/739
f 746/746/746 877/877/877 739/739/739
f 876/876/876 739/739/739 877/877/877
f 738/738/738 739/739/739 876/876/876
f 931/931/931 1026/1026/1026 960/960/960
f 960/960/960 1027/1027/1027 931/931/931
f 931/931/931 1027/1027/1027 930/930/930
f 931/931/931 930/930/930 955/955/955
f 955/955/955 930/930/930 1407/1407/1407
f 1407/1407/1407 745/745/745 955/955/955
f 1407/1407/1407 746/746/746 745/745/745
f 741/741/741 746/746/746 1407/1407/1407
f 741/741/741 875/875/875 746/746/746
f 875/875/875 877/877/877 746/746/746
f 875/875/875 874/874/874 877/877/877
f 877/877/877 874/874/874 868/868/868
f 877/877/877 868/868/868 876/876/876
f 1396/1396/1396 930/930/930 1027/1027/1027
f 1407/1407/1407 930/930/930 1396/1396/1396
f 1669/1669/1669 1410/1410/1410 1686/1686/1686
f 1686/1686/1686 1675/1675/1675 1669/1669/1669
f 1669/1669/1669 1675/1675/1675 1663/1663/1663
f 1675/1675/1675 1674/1674/1674 1663/1663/1663
f 3985/3985/3985 1663/1663/1663 1674/1674/1674
f 3984/3984/3984 1663/1663/1663 3985/3985/3985
f 3985/3985/3985 3976/3976/3976 3984/3984/3984
f 1675/1675/1675 1686/1686/1686 1676/1676/1676
f 1675/1675/1675 1676/1676/1676 1681/1681/1681
f 1681/1681/1681 1674/1674/1674 1675/1675/1675
f 1676/1676/1676 1686/1686/1686 1668/1668/1668
f 1668/1668/1668 1665/1665/1665 1676/1676/1676
f 1676/1676/1676 1665/1665/1665 1662/1662/1662
f 1681/1681/1681 1676/1676/1676 1662/1662/1662
f 1409/1409/1409 1665/1665/1665 1668/1668/1668
f 4013/4013/4013 3976/3976/3976 3985/3985/3985
f 3976/3976/3976 4013/4013/4013 4058/4058/4058
f 4058/4058/4058 4013/4013/4013 4025/4025/4025
f 4058/4058/4058 4025/4025/4025 4024/4024/4024
f 4024/4024/4024 4025/4025/4025 4023/4023/4023
f 3806/3806/3806 4024/4024/4024 4023/4023/4023
f 3806/3806/3806 3749/3749/3749 4024/4024/4024
f 3801/3801/3801 3749/3749/3749 3806/3806/3806
f 876/876/876 868/868/868 869/869/869
f 868/868/868 1024/1024/1024 869/869/869
f 869/869/869 1024/1024/1024 956/956/956
f 869/869/869 956/956/956 870/870/870
f 734/734/734 869/869/869 870/870/870
f 876/876/876 869/869/869 734/734/734
f 734/734/734 738/738/738 876/876/876
f 867/867/867 738/738/738 734/734/734
f 734/734/734 3813/3813/3813 867/867/867
f 1024/1024/1024 868/868/868 1129/1129/1129
f 3742/3742/3742 1024/1024/1024 1129/1129/1129
f 3742/3742/3742 3807/3807/3807 1024/1024/1024
f 1024/1024/1024 3807/3807/3807 956/956/956
f 3807/3807/3807 957/957/957 956/956/956
f 870/870/870 956/956/956 957/957/957
f 957/957/957 3812/3812/3812 870/870/870
f 3812/3812/3812 3813/3813/3813 870/870/870
f 870/870/870 3813/3813/3813 734/734/734
f 1129/1129/1129 868/868/868 874/874/874
f 874/874/874 871/871/871 1129/1129/1129
f 871/871/871 3742/3742/3742 1129/1129/1129
f 736/736/736 871/871/871 874/874/874
f 736/736/736 743/743/743 871/871/871
f 744/744/744 743/743/743 736/736/736
f 744/744/744 1136/1136/1136 743/743/743
f 740/740/740 1136/1136/1136 744/744/744
f 742/742/742 740/740/740 744/744/744
f 741/741/741 742/742/742 744/744/744
f 736/736/736 874/874/874 872/872/872
f 744/744/744 736/736/736 872/872/872
f 741/741/741 744/744/744 872/872/872
f 872/872/872 875/875/875 741/741/741
f 872/872/872 874/874/874 875/875/875
f 3742/3742/3742 3768/3768/3768 3807/3807/3807
f 3807/3807/3807 3768/3768/3768 3753/3753/3753
f 3753/3753/3753 3809/3809/3809 3807/3807/3807
f 3807/3807/3807 3809/3809/3809 3808/3808/3808
f 3808/3808/3808 957/957/957 3807/3807/3807
f 3808/3808/3808 3782/3782/3782 957/957/957
f 3782/3782/3782 3812/3812/3812 957/957/957
f 3768/3768/3768 3771/3771/3771 3753/3753/3753
f 3754/3754/3754 3753/3753/3753 3771/3771/3771
f 3809/3809/3809 3753/3753/3753 3754/3754/3754
f 3812/3812/3812 3809/3809/3809 3754/3754/3754
f 3782/3782/3782 3809/3809/3809 3812/3812/3812
f 3782/3782/3782 3808/3808/3808 3809/3809/3809
f 3754/3754/3754 3771/3771/3771 3816/3816/3816
f 3813/3813/3813 3754/3754/3754 3816/3816/3816
f 3812/3812/3812 3754/3754/3754 3813/3813/3813
f 3816/3816/3816 3755/3755/3755 3813/3813/3813
f 3813/3813/3813 3755/3755/3755 3815/3815/3815
f 3817/3817/3817 3815/3815/3815 3755/3755/3755
f 3755/3755/3755 3789/3789/3789 3817/3817/3817
f 3773/3773/3773 3789/3789/3789 3755/3755/3755
f 3816/3816/3816 3773/3773/3773 3755/3755/3755
f 130/130/130 136/136/136 5757/5757/5757
f 136/136/136 130/130/130 138/138/138
f 138/138/138 135/135/135 136/136/136
f 140/140/140 135/135/135 138/138/138
f 135/135/135 140/140/140 132/132/132
f 132/132/132 140/140/140 133/133/133
f 132/132/132 133/133/133 206/206/206
f 5756/5756/5756 130/130/130 5757/5757/5757
f 5682/5682/5682 130/130/130 5756/5756/5756
f 5682/5682/5682 5752/5752/5752 130/130/130
f 130/130/130 5752/5752/5752 141/141/141
f 130/130/130 141/141/141 138/138/138
f 138/138/138 141/141/141 139/139/139
f 139/139/139 140/140/140 138/138/138
f 137/137/137 140/140/140 139/139/139
f 140/140/140 137/137/137 133/133/133
f 5756/5756/5756 5711/5711/5711 5682/5682/5682
f 5711/5711/5711 5712/5712/5712 5682/5682/5682
f 5682/5682/5682 5712/5712/5712 5718/5718/5718
f 5682/5682/5682 5718/5718/5718 5752/5752/5752
f 5741/5741/5741 5711/5711/5711 5756/5756/5756
f 5741/5741/5741 5674/5674/5674 5711/5711/5711
f 5744/5744/5744 5711/5711/5711 5674/5674/5674
f 5712/5712/5712 5711/5711/5711 5744/5744/5744
f 5744/5744/5744 5695/5695/5695 5712/5712/5712
f 5695/5695/5695 5718/5718/5718 5712/5712/5712
f 5719/5719/5719 5718/5718/5718 5695/5695/5695
f 5736/5736/5736 5718/5718/5718 5719/5719/5719
f 5752/5752/5752 5718/5718/5718 5736/5736/5736
f 5679/5679/5679 5674/5674/5674 5741/5741/5741
f 5679/5679/5679 5689/5689/5689 5674/5674/5674
f 5689/5689/5689 5744/5744/5744 5674/5674/5674
f 5690/5690/5690 5744/5744/5744 5689/5689/5689
f 5692/5692/5692 5744/5744/5744 5690/5690/5690
f 5694/5694/5694 5744/5744/5744 5692/5692/5692
f 5694/5694/5694 5695/5695/5695 5744/5744/5744
f 5679/5679/5679 5702/5702/5702 5689/5689/5689
f 5700/5700/5700 5689/5689/5689 5702/5702/5702
f 5760/5760/5760 5689/5689/5689 5700/5700/5700
f 5760/5760/5760 5690/5690/5690 5689/5689/5689
f 5759/5759/5759 5690/5690/5690 5760/5760/5760
f 5734/5734/5734 5690/5690/5690 5759/5759/5759
f 5692/5692/5692 5690/5690/5690 5734/5734/5734
f 5700/5700/5700 5701/5701/5701 5760/5760/5760
f 5760/5760/5760 5701/5701/5701 5732/5732/5732
f 5749/5749/5749 5760/5760/5760 5732/5732/5732
f 5759/5759/5759 5760/5760/5760 5749/5749/5749
f 5747/5747/5747 5759/5759/5759 5749/5749/5749
f 5734/5734/5734 5759/5759/5759 5747/5747/5747
f 5681/5681/5681 5732/5732/5732 5701/5701/5701
f 5681/5681/5681 5749/5749/5749 5732/5732/5732
f 5747/5747/5747 5749/5749/5749 5681/5681/5681
f 5738/5738/5738 5752/5752/5752 5736/5736/5736
f 5742/5742/5742 5752/5752/5752 5738/5738/5738
f 5752/5752/5752 5742/5742/5742 5722/5722/5722
f 5722/5722/5722 141/141/141 5752/5752/5752
f 141/141/141 5722/5722/5722 98/98/98
f 98/98/98 129/129/129 141/141/141
f 139/139/139 141/141/141 129/129/129
f 5719/5719/5719 5738/5738/5738 5736/5736/5736
f 243/243/243 5738/5738/5738 5719/5719/5719
f 243/243/243 225/225/225 5738/5738/5738
f 5738/5738/5738 225/225/225 5742/5742/5742
f 5742/5742/5742 225/225/225 651/651/651
f 5742/5742/5742 651/651/651 5735/5735/5735
f 5735/5735/5735 5722/5722/5722 5742/5742/5742
f 5697/5697/5697 5722/5722/5722 5735/5735/5735
f 98/98/98 5722/5722/5722 5697/5697/5697
f 225/225/225 243/243/243 650/650/650
f 225/225/225 650/650/650 651/651/651
f 651/651/651 650/650/650 221/221/221
f 220/220/220 651/651/651 221/221/221
f 185/185/185 651/651/651 220/220/220
f 5735/5735/5735 651/651/651 185/185/185
f 185/185/185 5715/5715/5715 5735/5735/5735
f 5735/5735/5735 5715/5715/5715 5729/5729/5729
f 5735/5735/5735 5729/5729/5729 5697/5697/5697
f 5697/5697/5697 5729/5729/5729 5696/5696/5696
f 5697/5697/5697 5696/5696/5696 97/97/97
f 97/97/97 98/98/98 5697/5697/5697
f 220/220/220 246/246/246 185/185/185
f 185/185/185 246/246/246 652/652/652
f 185/185/185 652/652/652 5715/5715/5715
f 652/652/652 31/31/31 5715/5715/5715
f 47/47/47 5715/5715/5715 31/31/31
f 5729/5729/5729 5715/5715/5715 47/47/47
f 47/47/47 44/44/44 5729/5729/5729
f 5729/5729/5729 44/44/44 5716/5716/5716
f 5716/5716/5716 5696/5696/5696 5729/5729/5729
f 25/25/25 31/31/31 652/652/652
f 31/31/31 25/25/25 40/40/40
f 49/49/49 31/31/31 40/40/40
f 47/47/47 31/31/31 49/49/49
f 47/47/47 49/49/49 44/44/44
f 44/44/44 49/49/49 43/43/43
f 49/49/49 8/8/8 43/43/43
f 46/46/46 8/8/8 49/49/49
f 8/8/8 46/46/46 29/29/29
f 40/40/40 25/25/25 48/48/48
f 40/40/40 48/48/48 39/39/39
f 39/39/39 46/46/46 40/40/40
f 40/40/40 46/46/46 49/49/49
f 39/39/39 48/48/48 45/45/45
f 45/45/45 35/35/35 39/39/39
f 39/39/39 35/35/35 7/7/7
f 7/7/7 46/46/46 39/39/39
f 30/30/30 46/46/46 7/7/7
f 29/29/29 46/46/46 30/30/30
f 29/29/29 30/30/30 22/22/22
f 22/22/22 30/30/30 28/28/28
f 28/28/28 23/23/23 22/22/22
f 28/28/28 17/17/17 23/23/23
f 23/23/23 17/17/17 34/34/34
f 34/34/34 7/7/7 35/35/35
f 17/17/17 7/7/7 34/34/34
f 7/7/7 17/17/17 30/30/30
f 30/30/30 17/17/17 28/28/28
f 5721/5721/5721 5696/5696/5696 5716/5716/5716
f 5721/5721/5721 1/1/1 5696/5696/5696
f 5696/5696/5696 1/1/1 6/6/6
f 97/97/97 5696/5696/5696 6/6/6
f 6/6/6 70/70/70 97/97/97
f 70/70/70 74/74/74 97/97/97
f 74/74/74 76/76/76 97/97/97
f 97/97/97 76/76/76 98/98/98
f 1/1/1 51/51/51 6/6/6
f 6/6/6 51/51/51 52/52/52
f 52/52/52 20/20/20 6/6/6
f 20/20/20 70/70/70 6/6/6
f 50/50/50 52/52/52 51/51/51
f 62/62/62 52/52/52 50/50/50
f 62/62/62 53/53/53 52/52/52
f 52/52/52 53/53/53 12/12/12
f 12/12/12 20/20/20 52/52/52
f 62/62/62 50/50/50 2/2/2
f 54/54/54 62/62/62 2/2/2
f 53/53/53 62/62/62 54/54/54
f 2/2/2 50/50/50 4/4/4
f 4/4/4 95/95/95 2/2/2
f 2/2/2 95/95/95 106/106/106
f 106/106/106 108/108/108 2/2/2
f 2/2/2 108/108/108 54/54/54
f 101/101/101 106/106/106 95/95/95
f 94/94/94 106/106/106 101/101/101
f 94/94/94 103/103/103 106/106/106
f 106/106/106 103/103/103 108/108/108
f 94/94/94 101/101/101 88/88/88
f 94/94/94 88/88/88 103/103/103
f 117/117/117 74/74/74 70/70/70
f 117/117/117 118/118/118 74/74/74
f 74/74/74 118/118/118 72/72/72
f 66/66/66 74/74/74 72/72/72
f 76/76/76 74/74/74 66/66/66
f 118/118/118 79/79/79 72/72/72
f 72/72/72 79/79/79 84/84/84
f 72/72/72 84/84/84 66/66/66
f 66/66/66 84/84/84 78/78/78
f 78/78/78 68/68/68 66/66/66
f 66/66/66 68/68/68 69/69/69
f 69/69/69 76/76/76 66/66/66
f 122/122/122 84/84/84 79/79/79
f 121/121/121 84/84/84 122/122/122
f 125/125/125 84/84/84 121/121/121
f 78/78/78 84/84/84 125/125/125
f 125/125/125 115/115/115 78/78/78
f 78/78/78 115/115/115 68/68/68
f 122/122/122 124/124/124 121/121/121
f 121/121/121 124/124/124 126/126/126
f 126/126/126 153/153/153 121/121/121
f 121/121/121 153/153/153 125/125/125
f 123/123/123 125/125/125 153/153/153
f 115/115/115 125/125/125 123/123/123
f 144/144/144 126/126/126 124/124/124
f 153/153/153 126/126/126 144/144/144
f 153/153/153 144/144/144 123/123/123
f 64/64/64 76/76/76 69/69/69
f 92/92/92 76/76/76 64/64/64
f 93/93/93 76/76/76 92/92/92
f 93/93/93 98/98/98 76/76/76
f 93/93/93 129/129/129 98/98/98
f 93/93/93 128/128/128 129/129/129
f 128/128/128 151/151/151 129/129/129
f 129/129/129 151/151/151 139/139/139
f 92/92/92 128/128/128 93/93/93
f 151/151/151 150/150/150 139/139/139
f 139/139/139 150/150/150 137/137/137
f 134/134/134 137/137/137 150/150/150
f 148/148/148 137/137/137 134/134/134
f 133/133/133 137/137/137 148/148/148
f 133/133/133 148/148/148 212/212/212
f 206/206/206 133/133/133 212/212/212
f 206/206/206 212/212/212 234/234/234
f 234/234/234 212/212/212 194/194/194
f 194/194/194 213/213/213 234/234/234
f 378/378/378 148/148/148 134/134/134
f 236/236/236 148/148/148 378/378/378
f 212/212/212 148/148/148 236/236/236
f 212/212/212 236/236/236 194/194/194
f 194/194/194 236/236/236 377/377/377
f 194/194/194 377/377/377 213/213/213
f 213/213/213 377/377/377 195/195/195
f 377/377/377 378/378/378 195/195/195
f 236/236/236 378/378/378 377/377/377
f 5465/5465/5465 5385/5385/5385 550/550/550
f 5387/5387/5387 5385/5385/5385 5465/5465/5465
f 5387/5387/5387 5424/5424/5424 5385/5385/5385
f 447/447/447 5385/5385/5385 5424/5424/5424
f 550/550/550 5385/5385/5385 447/447/447
f 550/550/550 447/447/447 475/475/475
f 550/550/550 475/475/475 544/544/544
f 5387/5387/5387 5465/5465/5465 5464/5464/5464
f 5387/5387/5387 5464/5464/5464 5437/5437/5437
f 5387/5387/5387 5437/5437/5437 5396/5396/5396
f 5396/5396/5396 5424/5424/5424 5387/5387/5387
f 5424/5424/5424 5396/5396/5396 5419/5419/5419
f 5419/5419/5419 481/481/481 5424/5424/5424
f 5424/5424/5424 481/481/481 447/447/447
f 536/536/536 447/447/447 481/481/481
f 470/470/470 447/447/447 536/536/536
f 475/475/475 447/447/447 470/470/470
f 5437/5437/5437 5464/5464/5464 5456/5456/5456
f 5456/5456/5456 5392/5392/5392 5437/5437/5437
f 5437/5437/5437 5392/5392/5392 5439/5439/5439
f 5396/5396/5396 5437/5437/5437 5439/5439/5439
f 5439/5439/5439 5391/5391/5391 5396/5396/5396
f 5396/5396/5396 5391/5391/5391 5418/5418/5418
f 5419/5419/5419 5396/5396/5396 5418/5418/5418
f 5419/5419/5419 5418/5418/5418 5397/5397/5397
f 5419/5419/5419 5397/5397/5397 481/481/481
f 5464/5464/5464 5303/5303/5303 5456/5456/5456
f 5456/5456/5456 5303/5303/5303 5353/5353/5353
f 5353/5353/5353 5378/5378/5378 5456/5456/5456
f 5378/5378/5378 5392/5392/5392 5456/5456/5456
f 5392/5392/5392 5378/5378/5378 5454/5454/5454
f 5392/5392/5392 5454/5454/5454 5468/5468/5468
f 5439/5439/5439 5392/5392/5392 5468/5468/5468
f 5468/5468/5468 5479/5479/5479 5439/5439/5439
f 5439/5439/5439 5479/5479/5479 5391/5391/5391
f 5391/5391/5391 5479/5479/5479 5450/5450/5450
f 5391/5391/5391 5450/5450/5450 5429/5429/5429
f 5418/5418/5418 5391/5391/5391 5429/5429/5429
f 5397/5397/5397 5418/5418/5418 5429/5429/5429
f 5299/5299/5299 5378/5378/5378 5353/5353/5353
f 5393/5393/5393 5378/5378/5378 5299/5299/5299
f 5454/5454/5454 5378/5378/5378 5393/5393/5393
f 5393/5393/5393 5409/5409/5409 5454/5454/5454
f 5454/5454/5454 5409/5409/5409 5468/5468/5468
f 5409/5409/5409 5451/5451/5451 5468/5468/5468
f 5468/5468/5468 5451/5451/5451 5479/5479/5479
f 5452/5452/5452 5479/5479/5479 5451/5451/5451
f 5450/5450/5450 5479/5479/5479 5452/5452/5452
f 5450/5450/5450 5452/5452/5452 5404/5404/5404
f 5450/5450/5450 5404/5404/5404 5386/5386/5386
f 5450/5450/5450 5386/5386/5386 5429/5429/5429
f 5429/5429/5429 5386/5386/5386 5434/5434/5434
f 5434/5434/5434 5432/5432/5432 5429/5429/5429
f 5429/5429/5429 5432/5432/5432 5397/5397/5397
f 5432/5432/5432 464/464/464 5397/5397/5397
f 481/481/481 5397/5397/5397 464/464/464
f 464/464/464 536/536/536 481/481/481
f 5386/5386/5386 5404/5404/5404 5499/5499/5499
f 5499/5499/5499 5403/5403/5403 5386/5386/5386
f 5403/5403/5403 5384/5384/5384 5386/5386/5386
f 5431/5431/5431 5386/5386/5386 5384/5384/5384
f 5434/5434/5434 5386/5386/5386 5431/5431/5431
f 5434/5434/5434 5431/5431/5431 5432/5432/5432
f 5432/5432/5432 5431/5431/5431 5445/5445/5445
f 5445/5445/5445 549/549/549 5432/5432/5432
f 5432/5432/5432 549/549/549 476/476/476
f 476/476/476 464/464/464 5432/5432/5432
f 5408/5408/5408 5403/5403/5403 5499/5499/5499
f 5469/5469/5469 5403/5403/5403 5408/5408/5408
f 5399/5399/5399 5403/5403/5403 5469/5469/5469
f 5416/5416/5416 5403/5403/5403 5399/5399/5399
f 5416/5416/5416 5384/5384/5384 5403/5403/5403
f 5384/5384/5384 5416/5416/5416 5460/5460/5460
f 5431/5431/5431 5384/5384/5384 5460/5460/5460
f 5431/5431/5431 5460/5460/5460 5380/5380/5380
f 5380/5380/5380 5445/5445/5445 5431/5431/5431
f 5445/5445/5445 5380/5380/5380 5398/5398/5398
f 5445/5445/5445 5398/5398/5398 472/472/472
f 472/472/472 549/549/549 5445/5445/5445
f 5399/5399/5399 5412/5412/5412 5416/5416/5416
f 5416/5416/5416 5412/5412/5412 5466/5466/5466
f 5460/5460/5460 5416/5416/5416 5466/5466/5466
f 5466/5466/5466 5417/5417/5417 5460/5460/5460
f 5417/5417/5417 5463/5463/5463 5460/5460/5460
f 5463/5463/5463 5402/5402/5402 5460/5460/5460
f 5460/5460/5460 5402/5402/5402 5380/5380/5380
f 5398/5398/5398 5380/5380/5380 5402/5402/5402
f 5412/5412/5412 5399/5399/5399 5182/5182/5182
f 5412/5412/5412 5182/5182/5182 5181/5181/5181
f 5407/5407/5407 5412/5412/5412 5181/5181/5181
f 5407/5407/5407 5417/5417/5417 5412/5412/5412
f 5412/5412/5412 5417/5417/5417 5466/5466/5466
f 5193/5193/5193 5407/5407/5407 5181/5181/5181
f 5407/5407/5407 5193/5193/5193 5475/5475/5475
f 5475/5475/5475 5390/5390/5390 5407/5407/5407
f 5407/5407/5407 5390/5390/5390 5417/5417/5417
f 5390/5390/5390 5463/5463/5463 5417/5417/5417
f 5463/5463/5463 5390/5390/5390 5467/5467/5467
f 5463/5463/5463 5467/5467/5467 5339/5339/5339
f 5463/5463/5463 5339/5339/5339 5402/5402/5402
f 5213/5213/5213 5193/5193/5193 5181/5181/5181
f 5194/5194/5194 5193/5193/5193 5213/5213/5213
f 5222/5222/5222 5193/5193/5193 5194/5194/5194
f 5193/5193/5193 5222/5222/5222 5475/5475/5475
f 5475/5475/5475 5222/5222/5222 5227/5227/5227
f 5475/5475/5475 5227/5227/5227 5467/5467/5467
f 5467/5467/5467 5390/5390/5390 5475/5475/5475
f 5234/5234/5234 5213/5213/5213 5181/5181/5181
f 5234/5234/5234 5226/5226/5226 5213/5213/5213
f 5213/5213/5213 5226/5226/5226 5194/5194/5194
f 5226/5226/5226 1894/1894/1894 5194/5194/5194
f 5194/5194/5194 1894/1894/1894 1891/1891/1891
f 1912/1912/1912 5194/5194/5194 1891/1891/1891
f 5222/5222/5222 5194/5194/5194 1912/1912/1912
f 1912/1912/1912 1903/1903/1903 5222/5222/5222
f 5222/5222/5222 1903/1903/1903 5227/5227/5227
f 2129/2129/2129 5227/5227/5227 1903/1903/1903
f 5289/5289/5289 5227/5227/5227 2129/2129/2129
f 5289/5289/5289 5467/5467/5467 5227/5227/5227
f 1891/1891/1891 1894/1894/1894 1913/1913/1913
f 1913/1913/1913 1912/1912/1912 1891/1891/1891
f 1899/1899/1899 1912/1912/1912 1913/1913/1913
f 1899/1899/1899 1903/1903/1903 1912/1912/1912
f 1904/1904/1904 1903/1903/1903 1899/1899/1899
f 1904/1904/1904 2129/2129/2129 1903/1903/1903
f 2128/2128/2128 2129/2129/2129 1904/1904/1904
f 2129/2129/2129 2128/2128/2128 3155/3155/3155
f 2129/2129/2129 3155/3155/3155 5289/5289/5289
f 1913/1913/1913 1894/1894/1894 1911/1911/1911
f 1911/1911/1911 1900/1900/1900 1913/1913/1913
f 1900/1900/1900 1886/1886/1886 1913/1913/1913
f 1913/1913/1913 1886/1886/1886 1899/1899/1899
f 1886/1886/1886 2345/2345/2345 1899/1899/1899
f 1899/1899/1899 2345/2345/2345 1904/1904/1904
f 1904/1904/1904 2345/2345/2345 2344/2344/2344
f 1904/1904/1904 2344/2344/2344 2128/2128/2128
f 2128/2128/2128 2344/2344/2344 2165/2165/2165
f 2128/2128/2128 2165/2165/2165 2164/2164/2164
f 3155/3155/3155 2128/2128/2128 2164/2164/2164
f 1911/1911/1911 1889/1889/1889 1900/1900/1900
f 1900/1900/1900 1889/1889/1889 2470/2470/2470
f 1886/1886/1886 1900/1900/1900 2470/2470/2470
f 2347/2347/2347 1886/1886/1886 2470/2470/2470
f 1886/1886/1886 2347/2347/2347 2345/2345/2345
f 2347/2347/2347 2318/2318/2318 2345/2345/2345
f 2345/2345/2345 2318/2318/2318 2344/2344/2344
f 2344/2344/2344 2318/2318/2318 2324/2324/2324
f 2324/2324/2324 2158/2158/2158 2344/2344/2344
f 2344/2344/2344 2158/2158/2158 2165/2165/2165
f 2164/2164/2164 2165/2165/2165 2158/2158/2158
f 2164/2164/2164 2158/2158/2158 3154/3154/3154
f 3155/3155/3155 2164/2164/2164 3154/3154/3154
f 2311/2311/2311 2347/2347/2347 2470/2470/2470
f 2347/2347/2347 2311/2311/2311 2340/2340/2340
f 2340/2340/2340 2318/2318/2318 2347/2347/2347
f 2324/2324/2324 2318/2318/2318 2340/2340/2340
f 2324/2324/2324 2340/2340/2340 2332/2332/2332
f 2324/2324/2324 2332/2332/2332 2196/2196/2196
f 2324/2324/2324 2196/2196/2196 2158/2158/2158
f 2158/2158/2158 2196/2196/2196 2339/2339/2339
f 3154/3154/3154 2158/2158/2158 2339/2339/2339
f 2471/2471/2471 2311/2311/2311 2470/2470/2470
f 2346/2346/2346 2311/2311/2311 2471/2471/2471
f 2346/2346/2346 2192/2192/2192 2311/2311/2311
f 2311/2311/2311 2192/2192/2192 2329/2329/2329
f 2340/2340/2340 2311/2311/2311 2329/2329/2329
f 2340/2340/2340 2329/2329/2329 2332/2332/2332
f 2329/2329/2329 2192/2192/2192 2332/2332/2332
f 2332/2332/2332 2192/2192/2192 2368/2368/2368
f 2368/2368/2368 2198/2198/2198 2332/2332/2332
f 2332/2332/2332 2198/2198/2198 2391/2391/2391
f 2196/2196/2196 2332/2332/2332 2391/2391/2391
f 2192/2192/2192 2346/2346/2346 2383/2383/2383
f 2192/2192/2192 2383/2383/2383 2368/2368/2368
f 2368/2368/2368 2383/2383/2383 2193/2193/2193
f 2193/2193/2193 2198/2198/2198 2368/2368/2368
f 2352/2352/2352 2198/2198/2198 2193/2193/2193
f 2354/2354/2354 2198/2198/2198 2352/2352/2352
f 2197/2197/2197 2198/2198/2198 2354/2354/2354
f 2197/2197/2197 2391/2391/2391 2198/2198/2198
f 2197/2197/2197 2389/2389/2389 2391/2391/2391
f 2391/2391/2391 2389/2389/2389 2196/2196/2196
f 2383/2383/2383 2346/2346/2346 2310/2310/2310
f 2310/2310/2310 2317/2317/2317 2383/2383/2383
f 2383/2383/2383 2317/2317/2317 2393/2393/2393
f 2383/2383/2383 2393/2393/2393 2193/2193/2193
f 2394/2394/2394 2193/2193/2193 2393/2393/2393
f 2394/2394/2394 2356/2356/2356 2193/2193/2193
f 2356/2356/2356 2373/2373/2373 2193/2193/2193
f 2193/2193/2193 2373/2373/2373 2352/2352/2352
f 2373/2373/2373 2354/2354/2354 2352/2352/2352
f 2357/2357/2357 2356/2356/2356 2394/2394/2394
f 2357/2357/2357 2392/2392/2392 2356/2356/2356
f 2392/2392/2392 2384/2384/2384 2356/2356/2356
f 2356/2356/2356 2384/2384/2384 2373/2373/2373
f 2384/2384/2384 2195/2195/2195 2373/2373/2373
f 2195/2195/2195 2372/2372/2372 2373/2373/2373
f 2372/2372/2372 2354/2354/2354 2373/2373/2373
f 2358/2358/2358 2392/2392/2392 2357/2357/2357
f 2392/2392/2392 2358/2358/2358 2315/2315/2315
f 2392/2392/2392 2315/2315/2315 2369/2369/2369
f 2392/2392/2392 2369/2369/2369 2384/2384/2384
f 2369/2369/2369 2371/2371/2371 2384/2384/2384
f 2384/2384/2384 2371/2371/2371 2195/2195/2195
f 2371/2371/2371 2374/2374/2374 2195/2195/2195
f 2374/2374/2374 2372/2372/2372 2195/2195/2195
f 1418/1418/1418 2372/2372/2372 2374/2374/2374
f 1419/1419/1419 2372/2372/2372 1418/1418/1418
f 2372/2372/2372 1419/1419/1419 2354/2354/2354
f 2315/2315/2315 2358/2358/2358 2154/2154/2154
f 2154/2154/2154 2316/2316/2316 2315/2315/2315
f 2316/2316/2316 2309/2309/2309 2315/2315/2315
f 2309/2309/2309 2369/2369/2369 2315/2315/2315
f 2390/2390/2390 2369/2369/2369 2309/2309/2309
f 2390/2390/2390 2371/2371/2371 2369/2369/2369
f 2194/2194/2194 2371/2371/2371 2390/2390/2390
f 2194/2194/2194 2353/2353/2353 2371/2371/2371
f 2353/2353/2353 2374/2374/2374 2371/2371/2371
f 2374/2374/2374 2353/2353/2353 1418/1418/1418
f 2155/2155/2155 2316/2316/2316 2154/2154/2154
f 2138/2138/2138 2316/2316/2316 2155/2155/2155
f 2309/2309/2309 2316/2316/2316 2138/2138/2138
f 2138/2138/2138 2137/2137/2137 2309/2309/2309
f 2309/2309/2309 2137/2137/2137 2390/2390/2390
f 2133/2133/2133 2390/2390/2390 2137/2137/2137
f 2194/2194/2194 2390/2390/2390 2133/2133/2133
f 2135/2135/2135 2194/2194/2194 2133/2133/2133
f 2194/2194/2194 2135/2135/2135 2370/2370/2370
f 2370/2370/2370 2353/2353/2353 2194/2194/2194
f 2370/2370/2370 1444/1444/1444 2353/2353/2353
f 1418/1418/1418 2353/2353/2353 1444/1444/1444
f 2138/2138/2138 2155/2155/2155 1994/1994/1994
f 1994/1994/1994 2055/2055/2055 2138/2138/2138
f 2138/2138/2138 2055/2055/2055 2137/2137/2137
f 2042/2042/2042 2137/2137/2137 2055/2055/2055
f 2133/2133/2133 2137/2137/2137 2042/2042/2042
f 2370/2370/2370 2135/2135/2135 1416/1416/1416
f 1416/1416/1416 1444/1444/1444 2370/2370/2370
f 1417/1417/1417 1444/1444/1444 1416/1416/1416
f 1438/1438/1438 1444/1444/1444 1417/1417/1417
f 1628/1628/1628 1444/1444/1444 1438/1438/1438
f 1418/1418/1418 1444/1444/1444 1628/1628/1628
f 1418/1418/1418 1628/1628/1628 1419/1419/1419
f 1419/1419/1419 1628/1628/1628 1435/1435/1435
f 1435/1435/1435 2909/2909/2909 1419/1419/1419
f 2354/2354/2354 1419/1419/1419 2909/2909/2909
f 1416/1416/1416 1414/1414/1414 1417/1417/1417
f 1417/1417/1417 1414/1414/1414 1453/1453/1453
f 1453/1453/1453 1455/1455/1455 1417/1417/1417
f 1417/1417/1417 1455/1455/1455 1438/1438/1438
f 1415/1415/1415 1438/1438/1438 1455/1455/1455
f 1628/1628/1628 1438/1438/1438 1415/1415/1415
f 1627/1627/1627 1628/1628/1628 1415/1415/1415
f 1435/1435/1435 1628/1628/1628 1627/1627/1627
f 1627/1627/1627 1442/1442/1442 1435/1435/1435
f 1435/1435/1435 1442/1442/1442 1413/1413/1413
f 1413/1413/1413 2909/2909/2909 1435/1435/1435
f 1414/1414/1414 1449/1449/1449 1453/1453/1453
f 1449/1449/1449 1469/1469/1469 1453/1453/1453
f 1453/1453/1453 1469/1469/1469 1455/1455/1455
f 1469/1469/1469 1415/1415/1415 1455/1455/1455
f 1454/1454/1454 1415/1415/1415 1469/1469/1469
f 1496/1496/1496 1415/1415/1415 1454/1454/1454
f 1627/1627/1627 1415/1415/1415 1496/1496/1496
f 1496/1496/1496 1480/1480/1480 1627/1627/1627
f 1627/1627/1627 1480/1480/1480 1442/1442/1442
f 1446/1446/1446 1449/1449/1449 1414/1414/1414
f 1466/1466/1466 1449/1449/1449 1446/1446/1446
f 1469/1469/1469 1449/1449/1449 1466/1466/1466
f 1466/1466/1466 1454/1454/1454 1469/1469/1469
f 1470/1470/1470 1454/1454/1454 1466/1466/1466
f 1454/1454/1454 1470/1470/1470 1496/1496/1496
f 1496/1496/1496 1470/1470/1470 1479/1479/1479
f 1481/1481/1481 1496/1496/1496 1479/1479/1479
f 1480/1480/1480 1496/1496/1496 1481/1481/1481
f 1480/1480/1480 1481/1481/1481 1472/1472/1472
f 1472/1472/1472 1442/1442/1442 1480/1480/1480
f 1436/1436/1436 1442/1442/1442 1472/1472/1472
f 1443/1443/1443 1442/1442/1442 1436/1436/1436
f 1413/1413/1413 1442/1442/1442 1443/1443/1443
f 1481/1481/1481 1479/1479/1479 1498/1498/1498
f 1498/1498/1498 1468/1468/1468 1481/1481/1481
f 1472/1472/1472 1481/1481/1481 1468/1468/1468
f 1471/1471/1471 1472/1472/1472 1468/1468/1468
f 1436/1436/1436 1472/1472/1472 1471/1471/1471
f 1439/1439/1439 1436/1436/1436 1471/1471/1471
f 1443/1443/1443 1436/1436/1436 1439/1439/1439
f 1429/1429/1429 1443/1443/1443 1439/1439/1439
f 1423/1423/1423 1443/1443/1443 1429/1429/1429
f 1443/1443/1443 1423/1423/1423 1413/1413/1413
f 1413/1413/1413 1423/1423/1423 2909/2909/2909
f 2909/2909/2909 1423/1423/1423 2354/2354/2354
f 1468/1468/1468 1498/1498/1498 1497/1497/1497
f 1497/1497/1497 1478/1478/1478 1468/1468/1468
f 1468/1468/1468 1478/1478/1478 1471/1471/1471
f 1464/1464/1464 1471/1471/1471 1478/1478/1478
f 1471/1471/1471 1464/1464/1464 1439/1439/1439
f 1439/1439/1439 1464/1464/1464 1445/1445/1445
f 1439/1439/1439 1445/1445/1445 1429/1429/1429
f 1429/1429/1429 1445/1445/1445 1437/1437/1437
f 2389/2389/2389 1429/1429/1429 1437/1437/1437
f 2389/2389/2389 2197/2197/2197 1429/1429/1429
f 1423/1423/1423 1429/1429/1429 2197/2197/2197
f 2354/2354/2354 1423/1423/1423 2197/2197/2197
f 1462/1462/1462 1464/1464/1464 1478/1478/1478
f 1465/1465/1465 1464/1464/1464 1462/1462/1462
f 1447/1447/1447 1464/1464/1464 1465/1465/1465
f 1445/1445/1445 1464/1464/1464 1447/1447/1447
f 1445/1445/1445 1447/1447/1447 1437/1437/1437
f 1437/1437/1437 1447/1447/1447 1420/1420/1420
f 1437/1437/1437 1420/1420/1420 2326/2326/2326
f 1437/1437/1437 2326/2326/2326 2389/2389/2389
f 2326/2326/2326 2196/2196/2196 2389/2389/2389
f 2339/2339/2339 2196/2196/2196 2326/2326/2326
f 1473/1473/1473 1465/1465/1465 1462/1462/1462
f 1463/1463/1463 1465/1465/1465 1473/1473/1473
f 1465/1465/1465 1463/1463/1463 1424/1424/1424
f 1424/1424/1424 1447/1447/1447 1465/1465/1465
f 1424/1424/1424 1431/1431/1431 1447/1447/1447
f 1447/1447/1447 1431/1431/1431 1420/1420/1420
f 1420/1420/1420 1431/1431/1431 3157/3157/3157
f 2326/2326/2326 1420/1420/1420 3157/3157/3157
f 3157/3157/3157 2339/2339/2339 2326/2326/2326
f 3154/3154/3154 2339/2339/2339 3157/3157/3157
f 1463/1463/1463 1473/1473/1473 386/386/386
f 425/425/425 1463/1463/1463 386/386/386
f 1432/1432/1432 1463/1463/1463 425/425/425
f 1424/1424/1424 1463/1463/1463 1432/1432/1432
f 1432/1432/1432 1441/1441/1441 1424/1424/1424
f 1441/1441/1441 1431/1431/1431 1424/1424/1424
f 1431/1431/1431 1441/1441/1441 1434/1434/1434
f 1431/1431/1431 1434/1434/1434 1430/1430/1430
f 1430/1430/1430 3157/3157/3157 1431/1431/1431
f 3154/3154/3154 3157/3157/3157 1430/1430/1430
f 386/386/386 1473/1473/1473 387/387/387
f 386/386/386 387/387/387 385/385/385
f 385/385/385 449/449/449 386/386/386
f 449/449/449 425/425/425 386/386/386
f 449/449/449 465/465/465 425/425/425
f 425/425/425 465/465/465 477/477/477
f 477/477/477 1432/1432/1432 425/425/425
f 1433/1433/1433 1432/1432/1432 477/477/477
f 1433/1433/1433 1441/1441/1441 1432/1432/1432
f 1434/1434/1434 1441/1441/1441 1433/1433/1433
f 385/385/385 387/387/387 261/261/261
f 260/260/260 385/385/385 261/261/261
f 542/542/542 385/385/385 260/260/260
f 474/474/474 385/385/385 542/542/542
f 474/474/474 449/449/449 385/385/385
f 474/474/474 448/448/448 449/449/449
f 449/449/449 448/448/448 427/427/427
f 465/465/465 449/449/449 427/427/427
f 260/260/260 261/261/261 384/384/384
f 391/391/391 260/260/260 384/384/384
f 391/391/391 646/646/646 260/260/260
f 646/646/646 542/542/542 260/260/260
f 393/393/393 542/542/542 646/646/646
f 393/393/393 472/472/472 542/542/542
f 472/472/472 474/474/474 542/542/542
f 448/448/448 474/474/474 472/472/472
f 384/384/384 261/261/261 252/252/252
f 257/257/257 384/384/384 252/252/252
f 384/384/384 257/257/257 251/251/251
f 384/384/384 251/251/251 391/391/391
f 391/391/391 251/251/251 392/392/392
f 392/392/392 567/567/567 391/391/391
f 391/391/391 567/567/567 646/646/646
f 646/646/646 567/567/567 393/393/393
f 393/393/393 567/567/567 566/566/566
f 566/566/566 549/549/549 393/393/393
f 549/549/549 472/472/472 393/393/393
f 262/262/262 251/251/251 257/257/257
f 390/390/390 251/251/251 262/262/262
f 392/392/392 251/251/251 390/390/390
f 540/540/540 392/392/392 390/390/390
f 567/567/567 392/392/392 540/540/540
f 540/540/540 543/543/543 567/567/567
f 567/567/567 543/543/543 566/566/566
f 543/543/543 476/476/476 566/566/566
f 476/476/476 549/549/549 566/566/566
f 389/389/389 390/390/390 262/262/262
f 649/649/649 390/390/390 389/389/389
f 633/633/633 390/390/390 649/649/649
f 540/540/540 390/390/390 633/633/633
f 536/536/536 540/540/540 633/633/633
f 543/543/543 540/540/540 536/536/536
f 543/543/543 536/536/536 464/464/464
f 464/464/464 476/476/476 543/543/543
f 250/250/250 649/649/649 389/389/389
f 263/263/263 649/649/649 250/250/250
f 649/649/649 263/263/263 633/633/633
f 633/633/633 263/263/263 541/541/541
f 470/470/470 633/633/633 541/541/541
f 536/536/536 633/633/633 470/470/470
f 250/250/250 388/388/388 263/263/263
f 388/388/388 473/473/473 263/263/263
f 263/263/263 473/473/473 541/541/541
f 475/475/475 541/541/541 473/473/473
f 470/470/470 541/541/541 475/475/475
f 394/394/394 388/388/388 250/250/250
f 544/544/544 388/388/388 394/394/394
f 473/473/473 388/388/388 544/544/544
f 544/544/544 475/475/475 473/473/473
f 472/472/472 5398/5398/5398 448/448/448
f 5415/5415/5415 448/448/448 5398/5398/5398
f 5415/5415/5415 427/427/427 448/448/448
f 455/455/455 427/427/427 5415/5415/5415
f 465/465/465 427/427/427 455/455/455
f 465/465/465 455/455/455 423/423/423
f 465/465/465 423/423/423 1434/1434/1434
f 465/465/465 1434/1434/1434 477/477/477
f 5398/5398/5398 5402/5402/5402 5415/5415/5415
f 5415/5415/5415 5402/5402/5402 5462/5462/5462
f 5462/5462/5462 455/455/455 5415/5415/5415
f 426/426/426 455/455/455 5462/5462/5462
f 423/423/423 455/455/455 426/426/426
f 426/426/426 3152/3152/3152 423/423/423
f 423/423/423 3152/3152/3152 3153/3153/3153
f 1434/1434/1434 423/423/423 3153/3153/3153
f 1430/1430/1430 1434/1434/1434 3153/3153/3153
f 3152/3152/3152 1430/1430/1430 3153/3153/3153
f 3152/3152/3152 3154/3154/3154 1430/1430/1430
f 3155/3155/3155 3154/3154/3154 3152/3152/3152
f 5402/5402/5402 5339/5339/5339 5462/5462/5462
f 5339/5339/5339 426/426/426 5462/5462/5462
f 5349/5349/5349 426/426/426 5339/5339/5339
f 5349/5349/5349 3155/3155/3155 426/426/426
f 3155/3155/3155 3152/3152/3152 426/426/426
f 5339/5339/5339 5344/5344/5344 5349/5349/5349
f 5349/5349/5349 5344/5344/5344 5289/5289/5289
f 5289/5289/5289 3155/3155/3155 5349/5349/5349
f 5339/5339/5339 5467/5467/5467 5344/5344/5344
f 5344/5344/5344 5467/5467/5467 5289/5289/5289
f 477/477/477 1434/1434/1434 1433/1433/1433
f 1148/1148/1148 1163/1163/1163 2741/2741/2741
f 1163/1163/1163 1148/1148/1148 1192/1192/1192
f 1163/1163/1163 1192/1192/1192 1156/1156/1156
f 1156/1156/1156 2733/2733/2733 1163/1163/1163
f 1163/1163/1163 2733/2733/2733 2768/2768/2768
f 2798/2798/2798 1163/1163/1163 2768/2768/2768
f 2741/2741/2741 1163/1163/1163 2798/2798/2798
f 1148/1148/1148 2476/2476/2476 1192/1192/1192
f 1192/1192/1192 2476/2476/2476 1150/1150/1150
f 1192/1192/1192 1150/1150/1150 2479/2479/2479
f 1156/1156/1156 1192/1192/1192 2479/2479/2479
f 1156/1156/1156 2479/2479/2479 1188/1188/1188
f 1188/1188/1188 1213/1213/1213 1156/1156/1156
f 1156/1156/1156 1213/1213/1213 2732/2732/2732
f 1156/1156/1156 2732/2732/2732 2733/2733/2733
f 2478/2478/2478 1150/1150/1150 2476/2476/2476
f 1145/1145/1145 1150/1150/1150 2478/2478/2478
f 1150/1150/1150 1145/1145/1145 1149/1149/1149
f 2479/2479/2479 1150/1150/1150 1149/1149/1149
f 1149/1149/1149 2475/2475/2475 2479/2479/2479
f 2479/2479/2479 2475/2475/2475 4142/4142/4142
f 4142/4142/4142 1188/1188/1188 2479/2479/2479
f 1194/1194/1194 1188/1188/1188 4142/4142/4142
f 1194/1194/1194 1235/1235/1235 1188/1188/1188
f 1235/1235/1235 1213/1213/1213 1188/1188/1188
f 2923/2923/2923 1145/1145/1145 2478/2478/2478
f 2954/2954/2954 1145/1145/1145 2923/2923/2923
f 2954/2954/2954 1146/1146/1146 1145/1145/1145
f 1149/1149/1149 1145/1145/1145 1146/1146/1146
f 1146/1146/1146 1186/1186/1186 1149/1149/1149
f 1149/1149/1149 1186/1186/1186 2475/2475/2475
f 2923/2923/2923 2955/2955/2955 2954/2954/2954
f 2954/2954/2954 2955/2955/2955 3100/3100/3100
f 2954/2954/2954 3100/3100/3100 2950/2950/2950
f 2950/2950/2950 1146/1146/1146 2954/2954/2954
f 2921/2921/2921 1146/1146/1146 2950/2950/2950
f 1186/1186/1186 1146/1146/1146 2921/2921/2921
f 2951/2951/2951 3100/3100/3100 2955/2955/2955
f 2919/2919/2919 3100/3100/3100 2951/2951/2951
f 2950/2950/2950 3100/3100/3100 2919/2919/2919
f 2950/2950/2950 2919/2919/2919 2921/2921/2921
f 2921/2921/2921 2919/2919/2919 2928/2928/2928
f 2919/2919/2919 2951/2951/2951 2928/2928/2928
f 1227/1227/1227 1235/1235/1235 1194/1194/1194
f 1227/1227/1227 1165/1165/1165 1235/1235/1235
f 1213/1213/1213 1235/1235/1235 1165/1165/1165
f 1213/1213/1213 1165/1165/1165 1212/1212/1212
f 1213/1213/1213 1212/1212/1212 2731/2731/2731
f 2732/2732/2732 1213/1213/1213 2731/2731/2731
f 1209/1209/1209 1165/1165/1165 1227/1227/1227
f 1369/1369/1369 1165/1165/1165 1209/1209/1209
f 1166/1166/1166 1165/1165/1165 1369/1369/1369
f 1166/1166/1166 1207/1207/1207 1165/1165/1165
f 1212/1212/1212 1165/1165/1165 1207/1207/1207
f 1207/1207/1207 1230/1230/1230 1212/1212/1212
f 1230/1230/1230 1141/1141/1141 1212/1212/1212
f 2796/2796/2796 1212/1212/1212 1141/1141/1141
f 2731/2731/2731 1212/1212/1212 2796/2796/2796
f 1369/1369/1369 1221/1221/1221 1166/1166/1166
f 1166/1166/1166 1221/1221/1221 1225/1225/1225
f 1168/1168/1168 1166/1166/1166 1225/1225/1225
f 1202/1202/1202 1166/1166/1166 1168/1168/1168
f 1202/1202/1202 1207/1207/1207 1166/1166/1166
f 1203/1203/1203 1207/1207/1207 1202/1202/1202
f 1368/1368/1368 1207/1207/1207 1203/1203/1203
f 1368/1368/1368 1230/1230/1230 1207/1207/1207
f 1205/1205/1205 1225/1225/1225 1221/1221/1221
f 1197/1197/1197 1225/1225/1225 1205/1205/1205
f 1225/1225/1225 1197/1197/1197 1168/1168/1168
f 1168/1168/1168 1197/1197/1197 1198/1198/1198
f 1198/1198/1198 1170/1170/1170 1168/1168/1168
f 1168/1168/1168 1170/1170/1170 1169/1169/1169
f 1168/1168/1168 1169/1169/1169 1202/1202/1202
f 1202/1202/1202 1169/1169/1169 1203/1203/1203
f 1205/1205/1205 1152/1152/1152 1197/1197/1197
f 1197/1197/1197 1152/1152/1152 1154/1154/1154
f 1154/1154/1154 1198/1198/1198 1197/1197/1197
f 1365/1365/1365 1198/1198/1198 1154/1154/1154
f 1366/1366/1366 1198/1198/1198 1365/1365/1365
f 1170/1170/1170 1198/1198/1198 1366/1366/1366
f 1196/1196/1196 1154/1154/1154 1152/1152/1152
f 1365/1365/1365 1154/1154/1154 1196/1196/1196
f 1365/1365/1365 1196/1196/1196 1366/1366/1366
f 1161/1161/1161 1141/1141/1141 1230/1230/1230
f 1161/1161/1161 2948/2948/2948 1141/1141/1141
f 1249/1249/1249 1141/1141/1141 2948/2948/2948
f 1140/1140/1140 1141/1141/1141 1249/1249/1249
f 1141/1141/1141 1140/1140/1140 2796/2796/2796
f 1216/1216/1216 2948/2948/2948 1161/1161/1161
f 1216/1216/1216 1217/1217/1217 2948/2948/2948
f 2948/2948/2948 1217/1217/1217 2944/2944/2944
f 2945/2945/2945 2948/2948/2948 2944/2944/2944
f 1249/1249/1249 2948/2948/2948 2945/2945/2945
f 2977/2977/2977 2944/2944/2944 1217/1217/1217
f 2979/2979/2979 2944/2944/2944 2977/2977/2977
f 2979/2979/2979 2945/2945/2945 2944/2944/2944
f 2978/2978/2978 2945/2945/2945 2979/2979/2979
f 2978/2978/2978 2979/2979/2979 1178/1178/1178
f 1178/1178/1178 2979/2979/2979 1179/1179/1179
f 1178/1178/1178 1179/1179/1179 1223/1223/1223
f 1223/1223/1223 1179/1179/1179 1405/1405/1405
f 1223/1223/1223 1405/1405/1405 1391/1391/1391
f 2977/2977/2977 1219/1219/1219 2979/2979/2979
f 2979/2979/2979 1219/1219/1219 1179/1179/1179
f 1404/1404/1404 1179/1179/1179 1219/1219/1219
f 1405/1405/1405 1179/1179/1179 1404/1404/1404
f 1391/1391/1391 1405/1405/1405 1404/1404/1404
f 2796/2796/2796 1140/1140/1140 2819/2819/2819
f 2819/2819/2819 1659/1659/1659 2796/2796/2796
f 2796/2796/2796 1659/1659/1659 1660/1660/1660
f 1660/1660/1660 2731/2731/2731 2796/2796/2796
f 2799/2799/2799 2731/2731/2731 1660/1660/1660
f 2731/2731/2731 2799/2799/2799 2732/2732/2732
f 2732/2732/2732 2799/2799/2799 2735/2735/2735
f 2735/2735/2735 2733/2733/2733 2732/2732/2732
f 1659/1659/1659 2834/2834/2834 1660/1660/1660
f 1660/1660/1660 2834/2834/2834 2836/2836/2836
f 1660/1660/1660 2836/2836/2836 1654/1654/1654
f 1660/1660/1660 1654/1654/1654 2799/2799/2799
f 2799/2799/2799 1654/1654/1654 2965/2965/2965
f 2963/2963/2963 2799/2799/2799 2965/2965/2965
f 2735/2735/2735 2799/2799/2799 2963/2963/2963
f 2963/2963/2963 2970/2970/2970 2735/2735/2735
f 2735/2735/2735 2970/2970/2970 2736/2736/2736
f 2735/2735/2735 2736/2736/2736 2733/2733/2733
f 2836/2836/2836 2834/2834/2834 2835/2835/2835
f 2835/2835/2835 2837/2837/2837 2836/2836/2836
f 1654/1654/1654 2836/2836/2836 2837/2837/2837
f 2837/2837/2837 3099/3099/3099 1654/1654/1654
f 3099/3099/3099 2965/2965/2965 1654/1654/1654
f 3099/3099/3099 2969/2969/2969 2965/2965/2965
f 2965/2965/2965 2969/2969/2969 2966/2966/2966
f 2965/2965/2965 2966/2966/2966 2963/2963/2963
f 2835/2835/2835 2834/2834/2834 2830/2830/2830
f 2830/2830/2830 2861/2861/2861 2835/2835/2835
f 2835/2835/2835 2861/2861/2861 2862/2862/2862
f 2835/2835/2835 2862/2862/2862 2832/2832/2832
f 2832/2832/2832 2837/2837/2837 2835/2835/2835
f 2832/2832/2832 2831/2831/2831 2837/2837/2837
f 2831/2831/2831 3099/3099/3099 2837/2837/2837
f 2841/2841/2841 2862/2862/2862 2861/2861/2861
f 1177/1177/1177 2862/2862/2862 2841/2841/2841
f 1175/1175/1175 2862/2862/2862 1177/1177/1177
f 2840/2840/2840 2862/2862/2862 1175/1175/1175
f 2832/2832/2832 2862/2862/2862 2840/2840/2840
f 2832/2832/2832 2840/2840/2840 2844/2844/2844
f 2844/2844/2844 2831/2831/2831 2832/2832/2832
f 2942/2942/2942 1177/1177/1177 2841/2841/2841
f 1174/1174/1174 1177/1177/1177 2942/2942/2942
f 1174/1174/1174 1172/1172/1172 1177/1177/1177
f 1177/1177/1177 1172/1172/1172 1175/1175/1175
f 1172/1172/1172 1173/1173/1173 1175/1175/1175
f 1175/1175/1175 1173/1173/1173 1176/1176/1176
f 1175/1175/1175 1176/1176/1176 2840/2840/2840
f 2840/2840/2840 1176/1176/1176 2863/2863/2863
f 2844/2844/2844 2840/2840/2840 2863/2863/2863
f 2941/2941/2941 1174/1174/1174 2942/2942/2942
f 1172/1172/1172 1174/1174/1174 2941/2941/2941
f 1172/1172/1172 2941/2941/2941 1173/1173/1173
f 2963/2963/2963 2966/2966/2966 2961/2961/2961
f 2964/2964/2964 2963/2963/2963 2961/2961/2961
f 2970/2970/2970 2963/2963/2963 2964/2964/2964
f 2927/2927/2927 2970/2970/2970 2964/2964/2964
f 2970/2970/2970 2927/2927/2927 2736/2736/2736
f 2744/2744/2744 2736/2736/2736 2927/2927/2927
f 2734/2734/2734 2736/2736/2736 2744/2744/2744
f 2733/2733/2733 2736/2736/2736 2734/2734/2734
f 2734/2734/2734 2769/2769/2769 2733/2733/2733
f 2733/2733/2733 2769/2769/2769 2768/2768/2768
f 2769/2769/2769 2747/2747/2747 2768/2768/2768
f 2768/2768/2768 2747/2747/2747 2750/2750/2750
f 2750/2750/2750 2798/2798/2798 2768/2768/2768
f 2769/2769/2769 2734/2734/2734 2744/2744/2744
f 2755/2755/2755 2769/2769/2769 2744/2744/2744
f 2747/2747/2747 2769/2769/2769 2755/2755/2755
f 2755/2755/2755 2740/2740/2740 2747/2747/2747
f 2747/2747/2747 2740/2740/2740 2750/2750/2750
f 2750/2750/2750 2740/2740/2740 2767/2767/2767
f 2750/2750/2750 2767/2767/2767 2538/2538/2538
f 2538/2538/2538 2798/2798/2798 2750/2750/2750
f 2758/2758/2758 2740/2740/2740 2755/2755/2755
f 2758/2758/2758 2760/2760/2760 2740/2740/2740
f 2740/2740/2740 2760/2760/2760 2766/2766/2766
f 2738/2738/2738 2740/2740/2740 2766/2766/2766
f 2767/2767/2767 2740/2740/2740 2738/2738/2738
f 2738/2738/2738 2751/2751/2751 2767/2767/2767
f 2538/2538/2538 2767/2767/2767 2751/2751/2751
f 2760/2760/2760 2776/2776/2776 2766/2766/2766
f 2766/2766/2766 2776/2776/2776 2753/2753/2753
f 2753/2753/2753 2748/2748/2748 2766/2766/2766
f 2766/2766/2766 2748/2748/2748 2738/2738/2738
f 2770/2770/2770 2738/2738/2738 2748/2748/2748
f 2743/2743/2743 2738/2738/2738 2770/2770/2770
f 2743/2743/2743 2751/2751/2751 2738/2738/2738
f 2764/2764/2764 2753/2753/2753 2776/2776/2776
f 2773/2773/2773 2753/2753/2753 2764/2764/2764
f 2773/2773/2773 2748/2748/2748 2753/2753/2753
f 2774/2774/2774 2748/2748/2748 2773/2773/2773
f 2774/2774/2774 2908/2908/2908 2748/2748/2748
f 2748/2748/2748 2908/2908/2908 2770/2770/2770
f 2773/2773/2773 2764/2764/2764 2742/2742/2742
f 2773/2773/2773 2742/2742/2742 2774/2774/2774
f 2774/2774/2774 2742/2742/2742 2908/2908/2908
f 3616/3616/3616 3589/3589/3589 3619/3619/3619
f 3619/3619/3619 3589/3589/3589 3590/3590/3590
f 3619/3619/3619 3590/3590/3590 3647/3647/3647
f 3647/3647/3647 4132/4132/4132 3619/3619/3619
f 4132/4132/4132 3587/3587/3587 3619/3619/3619
f 3619/3619/3619 3587/3587/3587 3616/3616/3616
f 3589/3589/3589 4196/4196/4196 3590/3590/3590
f 3647/3647/3647 3590/3590/3590 4196/4196/4196
f 4185/4185/4185 4196/4196/4196 3589/3589/3589
f 4185/4185/4185 4197/4197/4197 4196/4196/4196
f 4197/4197/4197 3648/3648/3648 4196/4196/4196
f 4196/4196/4196 3648/3648/3648 3647/3647/3647
f 4191/4191/4191 4197/4197/4197 4185/4185/4185
f 4197/4197/4197 4191/4191/4191 4186/4186/4186
f 4186/4186/4186 4189/4189/4189 4197/4197/4197
f 4197/4197/4197 4189/4189/4189 4194/4194/4194
f 4197/4197/4197 4194/4194/4194 3648/3648/3648
f 4194/4194/4194 3646/3646/3646 3648/3648/3648
f 3650/3650/3650 3648/3648/3648 3646/3646/3646
f 3615/3615/3615 3648/3648/3648 3650/3650/3650
f 3615/3615/3615 3647/3647/3647 3648/3648/3648
f 4189/4189/4189 4190/4190/4190 4194/4194/4194
f 4194/4194/4194 4190/4190/4190 4187/4187/4187
f 4187/4187/4187 3646/3646/3646 4194/4194/4194
f 4187/4187/4187 4198/4198/4198 3646/3646/3646
f 4198/4198/4198 3649/3649/3649 3646/3646/3646
f 3646/3646/3646 3649/3649/3649 3650/3650/3650
f 3650/3650/3650 3649/3649/3649 3617/3617/3617
f 3650/3650/3650 3617/3617/3617 3615/3615/3615
f 3617/3617/3617 4131/4131/4131 3615/3615/3615
f 4131/4131/4131 3647/3647/3647 3615/3615/3615
f 4187/4187/4187 4190/4190/4190 4198/4198/4198
f 4198/4198/4198 4190/4190/4190 4206/4206/4206
f 4206/4206/4206 4549/4549/4549 4198/4198/4198
f 4198/4198/4198 4549/4549/4549 4188/4188/4188
f 4188/4188/4188 3649/3649/3649 4198/4198/4198
f 4195/4195/4195 3649/3649/3649 4188/4188/4188
f 3647/3647/3647 3649/3649/3649 4195/4195/4195
f 3649/3649/3649 3647/3647/3647 3617/3617/3617
f 3617/3617/3617 3647/3647/3647 4131/4131/4131
f 4549/4549/4549 4192/4192/4192 4188/4188/4188
f 3588/3588/3588 4188/4188/4188 4192/4192/4192
f 4195/4195/4195 4188/4188/4188 3588/3588/3588
f 3588/3588/3588 3587/3587/3587 4195/4195/4195
f 4195/4195/4195 3587/3587/3587 4132/4132/4132
f 4195/4195/4195 4132/4132/4132 3647/3647/3647
f 2668/2668/2668 2615/2615/2615 2648/2648/2648
f 2671/2671/2671 2615/2615/2615 2668/2668/2668
f 2671/2671/2671 2618/2618/2618 2615/2615/2615
f 2618/2618/2618 2617/2617/2617 2615/2615/2615
f 2615/2615/2615 2617/2617/2617 2620/2620/2620
f 2620/2620/2620 2648/2648/2648 2615/2615/2615
f 2669/2669/2669 2671/2671/2671 2668/2668/2668
f 2647/2647/2647 2671/2671/2671 2669/2669/2669
f 2647/2647/2647 2672/2672/2672 2671/2671/2671
f 2672/2672/2672 2618/2618/2618 2671/2671/2671
f 2669/2669/2669 2594/2594/2594 2647/2647/2647
f 2594/2594/2594 2646/2646/2646 2647/2647/2647
f 2646/2646/2646 2672/2672/2672 2647/2647/2647
f 2643/2643/2643 2594/2594/2594 2669/2669/2669
f 2643/2643/2643 2674/2674/2674 2594/2594/2594
f 2674/2674/2674 2663/2663/2663 2594/2594/2594
f 2594/2594/2594 2663/2663/2663 2593/2593/2593
f 2593/2593/2593 2646/2646/2646 2594/2594/2594
f 2582/2582/2582 2674/2674/2674 2643/2643/2643
f 2582/2582/2582 2670/2670/2670 2674/2674/2674
f 2674/2674/2674 2670/2670/2670 2663/2663/2663
f 2667/2667/2667 2670/2670/2670 2582/2582/2582
f 2667/2667/2667 2665/2665/2665 2670/2670/2670
f 2664/2664/2664 2665/2665/2665 2667/2667/2667
f 2665/2665/2665 2664/2664/2664 2654/2654/2654
f 2654/2654/2654 2656/2656/2656 2665/2665/2665
f 2651/2651/2651 2656/2656/2656 2654/2654/2654
f 2651/2651/2651 2654/2654/2654 2650/2650/2650
f 2650/2650/2650 2654/2654/2654 2655/2655/2655
f 2654/2654/2654 2664/2664/2664 2655/2655/2655
f 4431/4431/4431 4425/4425/4425 4434/4434/4434
f 4421/4421/4421 4425/4425/4425 4431/4431/4431
f 4421/4421/4421 4430/4430/4430 4425/4425/4425
f 4425/4425/4425 4430/4430/4430 4435/4435/4435
f 4430/4430/4430 4403/4403/4403 4435/4435/4435
f 4435/4435/4435 4403/4403/4403 4428/4428/4428
f 4428/4428/4428 4403/4403/4403 4427/4427/4427
f 4434/4434/4434 4422/4422/4422 4431/4431/4431
f 4431/4431/4431 4422/4422/4422 4423/4423/4423
f 4431/4431/4431 4423/4423/4423 4544/4544/4544
f 4544/4544/4544 4421/4421/4421 4431/4431/4431
f 4430/4430/4430 4421/4421/4421 4544/4544/4544
f 4408/4408/4408 4430/4430/4430 4544/4544/4544
f 4408/4408/4408 4403/4403/4403 4430/4430/4430
f 4413/4413/4413 4403/4403/4403 4408/4408/4408
f 4413/4413/4413 4401/4401/4401 4403/4403/4403
f 4403/4403/4403 4401/4401/4401 4427/4427/4427
f 4423/4423/4423 4422/4422/4422 4432/4432/4432
f 4544/4544/4544 4423/4423/4423 4432/4432/4432
f 4433/4433/4433 4544/4544/4544 4432/4432/4432
f 4407/4407/4407 4544/4544/4544 4433/4433/4433
f 4405/4405/4405 4544/4544/4544 4407/4407/4407
f 4406/4406/4406 4544/4544/4544 4405/4405/4405
f 4408/4408/4408 4544/4544/4544 4406/4406/4406
f 4432/4432/4432 4422/4422/4422 4436/4436/4436
f 4436/4436/4436 4400/4400/4400 4432/4432/4432
f 4433/4433/4433 4432/4432/4432 4400/4400/4400
f 4433/4433/4433 4400/4400/4400 4439/4439/4439
f 4433/4433/4433 4439/4439/4439 4404/4404/4404
f 4543/4543/4543 4433/4433/4433 4404/4404/4404
f 4407/4407/4407 4433/4433/4433 4543/4543/4543
f 4407/4407/4407 4543/4543/4543 4406/4406/4406
f 4405/4405/4405 4407/4407/4407 4406/4406/4406
f 4429/4429/4429 4400/4400/4400 4436/4436/4436
f 4429/4429/4429 4402/4402/4402 4400/4400/4400
f 4400/4400/4400 4402/4402/4402 4439/4439/4439
f 4439/4439/4439 4402/4402/4402 4416/4416/4416
f 4416/4416/4416 4414/4414/4414 4439/4439/4439
f 4439/4439/4439 4414/4414/4414 4415/4415/4415
f 4439/4439/4439 4415/4415/4415 4404/4404/4404
f 4404/4404/4404 4415/4415/4415 4413/4413/4413
f 4404/4404/4404 4413/4413/4413 4408/4408/4408
f 4404/4404/4404 4408/4408/4408 4543/4543/4543
f 4543/4543/4543 4408/4408/4408 4406/4406/4406
f 4415/4415/4415 4414/4414/4414 4413/4413/4413
f 4413/4413/4413 4414/4414/4414 4401/4401/4401
f 4514/4514/4514 4561/4561/4561 4587/4587/4587
f 4514/4514/4514 4579/4579/4579 4561/4561/4561
f 4579/4579/4579 4560/4560/4560 4561/4561/4561
f 4561/4561/4561 4560/4560/4560 4562/4562/4562
f 4561/4561/4561 4562/4562/4562 4575/4575/4575
f 4587/4587/4587 4561/4561/4561 4575/4575/4575
f 4587/4587/4587 4575/4575/4575 4586/4586/4586
f 4586/4586/4586 4575/4575/4575 4588/4588/4588
f 4588/4588/4588 4578/4578/4578 4586/4586/4586
f 4586/4586/4586 4578/4578/4578 4594/4594/4594
f 4578/4578/4578 4574/4574/4574 4594/4594/4594
f 4594/4594/4594 4574/4574/4574 4593/4593/4593
f 4575/4575/4575 4562/4562/4562 4589/4589/4589
f 4575/4575/4575 4589/4589/4589 4588/4588/4588
f 4588/4588/4588 4589/4589/4589 4577/4577/4577
f 4588/4588/4588 4577/4577/4577 4578/4578/4578
f 4578/4578/4578 4577/4577/4577 4584/4584/4584
f 4584/4584/4584 4573/4573/4573 4578/4578/4578
f 4578/4578/4578 4573/4573/4573 4574/4574/4574
f 4576/4576/4576 4574/4574/4574 4573/4573/4573
f 4574/4574/4574 4576/4576/4576 4593/4593/4593
f 4593/4593/4593 4576/4576/4576 4585/4585/4585
f 4576/4576/4576 4548/4548/4548 4585/4585/4585
f 4585/4585/4585 4548/4548/4548 4495/4495/4495
f 4485/4485/4485 4495/4495/4495 4548/4548/4548
f 4483/4483/4483 4495/4495/4495 4485/4485/4485
f 4483/4483/4483 4485/4485/4485 4517/4517/4517
f 4517/4517/4517 4485/4485/4485 4482/4482/4482
f 4485/4485/4485 4484/4484/4484 4482/4482/4482
f 4548/4548/4548 4484/4484/4484 4485/4485/4485
f 4805/4805/4805 4813/4813/4813 4804/4804/4804
f 4789/4789/4789 4813/4813/4813 4805/4805/4805
f 4789/4789/4789 4791/4791/4791 4813/4813/4813
f 4813/4813/4813 4791/4791/4791 4785/4785/4785
f 4787/4787/4787 4813/4813/4813 4785/4785/4785
f 4799/4799/4799 4813/4813/4813 4787/4787/4787
f 4801/4801/4801 4813/4813/4813 4799/4799/4799
f 4804/4804/4804 4813/4813/4813 4801/4801/4801
