# converted from minion_melee.skn by skn2obj.py
mtllib MinionModel.mtl
o MinionModel
v -0.865792 0.600559 0.036042
v -0.855464 0.793662 -0.040232
v -1.073842 0.615465 -0.074502
v -0.690474 0.772272 -0.141502
v -0.671251 0.600031 0.035854
v -0.690474 0.793662 -0.040232
v -0.589055 0.969307 -0.067075
v -0.855464 0.772272 -0.141502
v -0.133765 0.154906 -0.186472
v -0.002219 0.400731 0.023647
v -0.029594 0.267784 0.045785
v -0.044241 0.396126 -0.072132
v -0.112438 0.238995 -0.074670
v -0.096996 0.260103 -0.036815
v -0.237745 0.045222 -0.081362
v -0.153448 0.153803 -0.079707
v -0.138400 0.151445 -0.000537
v -0.107571 0.065763 -0.513623
v -0.202725 0.047347 0.002310
v -0.165115 0.049704 -0.427715
v -0.148810 0.049704 0.084962
v -0.236698 0.047347 -0.241158
v 0.080992 0.405002 -0.197458
v -0.068447 0.164537 -0.270772
v -0.013451 0.160429 -0.330643
v -0.074996 0.180202 0.063409
v 0.248842 0.405002 -0.197458
v 0.351951 0.263700 -0.190568
v 0.424455 0.258902 -0.111300
v 0.292910 0.262155 -0.236413
v 0.326052 0.400731 -0.164560
v 0.676774 0.845397 -0.018928
v 0.398217 0.164244 -0.269033
v 0.429565 0.988718 -0.147167
v 0.426830 0.261036 -0.036815
v 0.359428 0.266975 0.045785
v 0.463583 0.147627 -0.182755
v 0.374075 0.396126 -0.072132
v 0.544207 0.878676 -0.159304
v 0.478644 0.049704 0.084962
v 0.363652 0.625393 -0.254422
v 0.626142 0.813968 -0.154520
v 0.584703 0.763102 -0.237736
v 0.344561 0.162019 -0.332114
v 0.494926 0.047347 0.002310
v 0.646282 0.829766 -0.138366
v 0.339803 0.726795 -0.243797
v 0.519615 0.511655 -0.257989
v 0.332053 0.400731 0.023647
v 0.367826 0.862837 -0.164875
v 0.546697 0.047347 -0.222450
v 0.437405 0.065763 -0.513623
v 0.468234 0.155755 -0.000537
v 0.483282 0.153803 -0.078837
v 0.497749 0.812377 -0.248317
v 0.442272 0.239805 -0.074670
v 0.564038 0.909132 -0.144771
v 0.644405 0.665648 -0.174329
v 0.567579 0.045222 -0.081623
v 0.494949 0.049704 -0.427715
v 0.549226 0.867450 0.132628
v 0.339803 0.726795 -0.243797
v 0.404830 0.176376 0.063409
v 0.644405 0.665648 -0.174329
v 0.519615 0.511655 -0.257989
v 0.477911 0.618805 -0.312386
v 0.363652 0.625393 -0.254422
v -0.945779 0.985610 -0.067075
v -1.073571 0.611223 0.035865
v -0.993065 0.592189 -0.074024
v -1.073842 0.615465 -0.074502
v -0.827936 0.966137 -0.067075
v -0.589055 0.969307 -0.067075
v -1.060036 0.526556 -0.073547
v -0.992717 0.586887 0.035299
v 0.585339 0.934420 -0.021423
v 0.635339 0.801151 0.128737
v 0.709322 0.766642 -0.176838
v 0.693365 0.703832 -0.018904
v 0.748118 0.795309 -0.019248
v 0.601093 0.753274 0.196104
v 0.394578 0.872466 -0.251193
v 0.536582 0.571112 -0.315932
v 0.373970 0.760614 -0.302537
v 0.401566 0.666742 -0.315974
v 0.367826 0.862837 -0.164875
v 0.545994 0.708976 -0.298833
v 0.652849 0.840049 -0.171785
v 0.601914 0.776085 -0.258879
v 0.635903 0.686046 -0.280724
v 0.413981 0.950538 -0.163663
v 0.422440 0.983157 0.128521
v 0.564947 0.893002 0.123872
v 0.654089 0.819653 0.117411
v 0.665004 0.829924 0.141684
v 0.721477 0.756516 0.146096
v 0.434685 1.018039 -0.021810
v 0.691639 0.868729 -0.018928
v 0.693365 0.703832 -0.018904
v 0.410804 0.947951 0.139329
v 0.548501 0.546008 0.237513
v 0.548501 0.546008 0.237513
v 0.552038 0.571815 0.267598
v 0.650567 0.657623 0.152708
v 0.394592 0.848537 0.218271
v 0.401117 0.605505 0.225017
v 0.401117 0.605505 0.225017
v 0.503879 0.539786 0.241982
v 0.508920 0.567147 0.270207
v 0.383254 0.924536 -0.021210
v 0.383254 0.924536 -0.021210
v 0.503879 0.539786 0.241982
v 0.366239 0.849176 0.134442
v 0.426923 0.629098 0.256762
v 0.363745 0.710420 0.211177
v 0.641697 0.667877 0.232712
v 0.614539 0.764504 0.212630
v 0.543623 0.686631 0.265828
v 0.490531 0.800599 0.216866
v 0.396342 0.751247 0.249129
v 0.200183 0.867649 -0.164642
v 0.227853 1.150000 0.157362
v 0.126158 0.987944 0.135163
v 0.215424 1.072149 -0.134629
v 0.227853 1.150000 0.157362
v 0.106135 1.128117 0.015131
v 0.119973 0.896387 -0.017167
v 0.126158 0.987944 0.135163
v 0.126022 0.867649 -0.164642
v 0.098351 1.150000 0.157362
v 0.202962 0.863509 0.157362
v 0.200046 0.987944 0.135163
v 0.098351 1.150000 0.157362
v 0.200046 0.987944 0.135163
v 0.202962 0.863509 0.157362
v 0.110728 1.073025 -0.133036
v 0.115780 0.985920 -0.256150
v 0.363745 0.710420 0.211177
v 0.366239 0.849176 0.134442
v 0.650567 0.657623 0.152708
v 0.206151 0.896387 -0.017167
v 0.210425 0.985920 -0.256150
v 0.123242 0.863509 0.157362
v 0.123242 0.863509 0.157362
v 0.220069 1.128117 0.015131
v 0.916997 0.216778 -0.009105
v -0.343892 0.654534 0.076089
v -0.168398 0.532956 -0.026942
v -0.096010 0.557422 -0.230552
v -0.025259 0.789991 0.156035
v 0.785993 0.610032 -0.028393
v 0.767282 0.580135 -0.131176
v 0.163142 0.775279 0.245377
v 0.163142 0.464876 -0.277691
v 0.200183 0.867649 -0.164642
v -0.034620 0.254016 -0.266289
v -1.060837 0.806623 -0.075266
v -0.507064 0.095635 -0.067075
v -1.079105 0.734129 -0.076413
v -0.681672 0.095635 0.028209
v -0.674403 0.095635 -0.067075
v -1.060036 0.526556 -0.073547
v -0.350968 0.413931 -0.078993
v -0.171217 0.724114 -0.198394
v -0.350968 0.413931 -0.078993
v -0.357087 0.428747 0.079490
v 0.231810 0.766120 0.230777
v -0.400544 0.501855 -0.176865
v 0.586322 0.733085 -0.149744
v 0.613044 0.773690 -0.031781
v 0.488824 0.537500 0.125361
v 0.503696 0.768695 0.092458
v -0.292624 0.577793 0.121222
v -0.002594 0.699874 -0.264736
v -0.113239 0.791228 0.098584
v -0.082147 0.373618 -0.112376
v 0.401050 0.413270 0.072905
v -0.004532 0.468626 -0.244700
v 0.441164 0.253043 -0.207947
v 0.434390 0.040903 -0.575444
v 0.036606 0.134290 -0.455427
v 0.030136 0.038546 -0.594350
v 0.321888 0.391930 -0.207260
v -0.093188 0.449652 -0.116569
v 0.163142 0.322879 0.169955
v 0.163142 0.439762 -0.031360
v 0.408431 0.373618 -0.112376
v 0.419472 0.449652 -0.116569
v 0.163142 0.382212 0.193930
v 0.390567 0.346129 0.050553
v -0.004554 0.394052 -0.232540
v 0.481468 0.150724 -0.325683
v 0.296149 0.038546 -0.594350
v 0.163142 0.387325 -0.251658
v -0.108105 0.040903 -0.575444
v 0.004397 0.391930 -0.207260
v 0.289338 0.393339 0.160778
v 0.100328 0.247239 -0.343743
v -0.114879 0.253043 -0.207947
v 0.115780 0.985920 -0.256150
v -0.055876 0.396201 -0.127760
v 0.090053 0.894353 0.135197
v 0.236232 0.894353 0.135197
v -0.406898 0.499418 0.123406
v 0.082522 0.869767 0.115785
v 0.163142 0.366467 -0.031077
v 0.726829 0.501855 -0.176865
v 0.677253 0.413931 -0.078993
v -0.336404 0.532440 0.091196
v -0.368404 0.621857 0.057222
v -0.009858 0.611096 0.236594
v -0.113906 0.626265 0.184094
v 0.091852 0.826892 -0.216893
v -0.507700 0.384874 0.033452
v -1.045660 0.429163 0.033598
v -1.031963 0.095525 0.032445
v -1.046230 0.437646 -0.072591
v -1.031963 0.095525 -0.071311
v -0.457403 0.771491 -0.077258
v -1.059615 0.520193 0.034732
v -1.031963 0.095525 -0.071311
v -0.507064 0.095635 0.028209
v -0.861164 0.103402 -0.071311
v -0.507064 0.095635 -0.067075
v 1.031717 0.337083 -0.059972
v 0.796798 0.293780 0.040124
v 1.025509 0.341297 0.030996
v 0.979052 0.316395 0.100938
v -0.371666 0.655387 -0.031224
v -0.146664 0.574436 -0.198603
v -0.118259 0.526861 0.141562
v -0.306369 0.576964 -0.176562
v -0.330016 0.540352 -0.152767
v -0.162539 0.537500 0.125361
v -0.128673 0.518939 -0.040654
v -0.341676 0.653959 -0.124337
v 0.393446 0.151687 -0.374394
v 0.163142 0.036421 -0.669563
v 0.289678 0.134290 -0.455427
v 0.036947 0.393339 0.160778
v 0.040785 0.330998 0.140125
v -0.074765 0.413270 0.072905
v -0.064282 0.346129 0.050553
v 0.163142 0.224250 -0.363830
v -0.155183 0.150724 -0.325683
v 0.532877 0.056962 -0.524364
v 0.163142 0.126648 -0.462230
v 0.225957 0.247239 -0.343743
v 0.382161 0.396201 -0.127760
v 0.210425 0.985920 -0.256150
v 0.220069 1.128117 0.015131
v 0.126022 0.867649 -0.164642
v 0.215424 1.072149 -0.134629
v -0.227055 0.608702 0.139347
v -0.260037 0.733085 -0.149744
v -0.270782 0.734626 0.078310
v -0.286759 0.773690 -0.031781
v -0.205717 0.829084 -0.035849
v 0.106135 1.128117 0.015131
v -0.459708 0.610032 -0.028393
v -0.440997 0.580135 -0.131176
v -0.162539 0.537500 0.125361
v -0.177411 0.768695 0.092458
v -0.167148 0.625905 0.160793
v -0.441862 0.575919 0.075854
v 0.110728 1.073025 -0.133036
v 0.163142 0.894285 0.136859
v -0.355560 0.626680 -0.119436
v 0.096708 0.721284 -0.277157
v 0.285499 0.330998 0.140125
v 0.360904 0.254016 -0.266289
v -0.067162 0.151687 -0.374394
v -0.206592 0.056962 -0.524364
v 0.094475 0.766120 0.230777
v 0.330817 0.468626 -0.244700
v 0.330839 0.394052 -0.232540
v 0.163142 0.401694 -0.285190
v 0.472949 0.574436 -0.198603
v 0.485154 0.673883 -0.233791
v 0.876945 0.255336 -0.040416
v 0.934684 0.266888 -0.110664
v 0.509850 0.774345 -0.162997
v 0.683372 0.428747 0.079490
v 0.532001 0.829084 -0.035849
v -0.314845 0.433938 -0.081689
v -0.656197 0.244105 0.021747
v -0.279858 0.486110 -0.072044
v -0.563192 0.231191 0.048747
v -0.671251 0.600031 0.035854
v -0.993065 0.592189 -0.074024
v -1.079131 0.734127 0.038133
v -1.060837 0.806623 -0.075266
v -0.865792 0.600559 0.036042
v -0.698880 0.101848 -0.067708
v 0.084726 0.907033 -0.083392
v -0.518677 0.386157 0.087737
v -0.345137 0.376282 -0.094464
v -0.533720 0.375947 -0.109968
v -0.345137 0.376282 -0.094464
v -0.607864 0.262207 0.109487
v 0.597067 0.734626 0.078310
v 0.493432 0.625905 0.160793
v 0.561773 0.506905 0.085903
v 0.547743 0.663239 -0.221199
v 0.553340 0.608702 0.139347
v -0.118259 0.526861 0.141562
v -0.167148 0.625905 0.160793
v -0.130268 0.856661 -0.029692
v 0.004097 0.499586 0.215418
v -0.177411 0.768695 0.092458
v 0.105111 0.557091 -0.307300
v -0.205717 0.829084 -0.035849
v -0.652767 0.316395 0.100938
v -0.550481 0.364929 0.115479
v -0.199736 0.504052 -0.026295
v -0.199736 0.504052 -0.026295
v -0.248746 0.516308 -0.134903
v -0.593427 0.415522 -0.117120
v -0.146664 0.574436 -0.198603
v -0.171217 0.724114 -0.198394
v -0.096010 0.557422 -0.230552
v -0.590713 0.216778 -0.009105
v -0.162539 0.537500 0.125361
v -0.470514 0.293780 0.040124
v -0.168398 0.532956 -0.026942
v -0.590713 0.216778 -0.009105
v -0.106100 0.738445 -0.212696
v -0.428483 0.660105 -0.029034
v 0.107830 0.733377 -0.312882
v 0.072858 0.340485 0.127322
v 0.004097 0.499586 0.215418
v -0.018057 0.811115 -0.197583
v -0.415485 0.497639 0.159700
v -0.578385 0.425732 0.080585
v -0.480863 0.355183 0.034887
v -0.487094 0.350954 -0.047005
v 0.677253 0.413931 -0.078993
v 0.494682 0.532956 -0.026942
v 0.733182 0.499418 0.123406
v 0.768147 0.575919 0.075854
v -0.867233 0.103402 0.032445
v -0.507417 0.389085 -0.072381
v -1.079105 0.734129 -0.076413
v -0.838121 0.137187 -0.071311
v -0.674403 0.095635 -0.067075
v -0.507064 0.095635 -0.067075
v -0.507417 0.389085 -0.072381
v 0.876766 0.364929 0.115479
v 0.493432 0.625905 0.160793
v 0.810492 0.309132 0.085965
v 0.472949 0.574436 -0.198603
v 0.575030 0.516308 -0.134903
v 1.008597 0.291454 -0.117982
v 0.422295 0.557422 -0.230552
v 0.485154 0.673883 -0.233791
v 0.243763 0.869767 0.115785
v -0.682312 0.291454 -0.117982
v -0.608399 0.266888 -0.110664
v -0.550660 0.255336 -0.040416
v -0.522743 0.269964 0.040884
v -0.484207 0.309132 0.085965
v -0.146664 0.574436 -0.198603
v -0.168398 0.532956 -0.026942
v -0.550660 0.255336 -0.040416
v -0.235489 0.506905 0.085903
v -0.563586 0.317058 0.106095
v -0.221459 0.663239 -0.221199
v -0.699224 0.341297 0.030996
v -0.705433 0.337083 -0.059972
v -0.409374 0.627007 -0.140536
v -0.356905 0.529345 -0.184279
v 0.041781 0.436369 -0.209441
v 0.000257 0.556200 -0.282531
v -0.355436 0.686421 -0.032104
v -0.029860 0.876013 -0.077025
v 0.093474 0.941303 -0.090454
v 0.100740 0.851484 -0.244737
v -0.408151 0.498864 -0.217065
v -0.324399 0.450487 0.085564
v -0.286777 0.486797 0.057349
v -0.369495 0.522140 0.132178
v -0.625192 0.459110 -0.022583
v -0.495049 0.650300 -0.028955
v -0.414084 0.617532 0.083269
v -0.279858 0.486110 -0.072044
v -0.314845 0.433938 -0.081689
v 0.503696 0.768695 0.092458
v 0.105111 0.557091 -0.307300
v -0.057769 0.428687 -0.128410
v -0.017708 0.363350 0.047560
v 0.000257 0.556200 -0.282531
v -0.354199 0.395172 0.113520
v -0.465444 0.601833 0.109014
v -0.487094 0.350954 -0.047005
v -0.464424 0.604746 -0.161532
v 0.494682 0.532956 -0.026942
v 0.526021 0.504052 -0.026295
v 0.526021 0.504052 -0.026295
v 0.488824 0.537500 0.125361
v 0.889871 0.317058 0.106095
v 0.876945 0.255336 -0.040416
v 0.849027 0.269964 0.040884
v -0.690474 0.685361 -0.234946
v -0.690047 0.611119 -0.061457
v -0.690474 0.451816 -0.161309
v -0.855464 0.772272 -0.141502
v -0.855464 0.685361 -0.234946
v -0.690474 0.685361 -0.234946
v -0.690474 0.538404 -0.236755
v -0.855464 0.538404 -0.236755
v -0.690474 0.428515 -0.041181
v -0.855464 0.451816 -0.161309
v -0.690474 0.451816 -0.161309
v -0.855464 0.538404 -0.236755
v -0.855464 0.451816 -0.161309
v -0.855464 0.685361 -0.234946
v -0.690474 0.772272 -0.141502
v -0.855891 0.611119 -0.061457
v -0.690474 0.793662 -0.040232
v -0.855464 0.793662 -0.040232
v -0.855464 0.428515 -0.041181
v -0.855464 0.428515 -0.041181
v -0.690474 0.428515 -0.041181
v -0.690474 0.538404 -0.236755
v 0.384053 0.428687 -0.128410
v 0.343993 0.358187 0.049041
v 0.444544 0.526861 0.141562
v 0.322188 0.499586 0.215418
v 0.284504 0.436369 -0.209441
v 0.163142 0.472553 0.237588
v 0.532001 0.829084 -0.035849
v 0.163142 0.616667 0.257426
v 0.509850 0.774345 -0.162997
v 0.163142 0.472553 0.237588
v 0.456553 0.856661 -0.029692
v 0.326027 0.556200 -0.282531
v 0.163142 0.557359 -0.314735
v 0.221174 0.557091 -0.307300
v 0.326027 0.556200 -0.282531
v 0.322188 0.499586 0.215418
v 0.163142 0.557359 -0.314735
v 0.163142 0.340769 0.140603
v 0.221174 0.557091 -0.307300
v 0.253427 0.340485 0.127322
v 0.163142 0.436550 -0.249704
v 0.754767 0.660105 -0.029034
v 0.163142 0.731529 -0.313919
v 0.218455 0.733377 -0.312882
v 0.429043 0.682528 -0.244345
v 0.435725 0.794362 -0.181047
v 0.683190 0.529345 -0.184279
v 0.606142 0.486110 -0.072044
v 0.641129 0.433938 -0.081689
v 0.735659 0.627007 -0.140536
v 0.613062 0.486797 0.057349
v 0.606142 0.486110 -0.072044
v 0.650684 0.450487 0.085564
v 0.641129 0.433938 -0.081689
v 0.934148 0.262207 0.109487
v 0.982481 0.244105 0.021747
v 0.889477 0.231191 0.048747
v 0.916997 0.216778 -0.009105
v 0.695780 0.522140 0.132178
v 0.740369 0.617532 0.083269
v 0.813379 0.350954 -0.047005
v 0.790709 0.604746 -0.161532
v 0.734435 0.498864 -0.217065
v 0.919712 0.415522 -0.117120
v 0.821333 0.650300 -0.028955
v 0.951477 0.459110 -0.022583
v 0.860004 0.375947 -0.109968
v 0.671422 0.376282 -0.094464
v 0.904670 0.425732 0.080585
v 0.680484 0.395172 0.113520
v 0.844961 0.386157 0.087737
v 0.813379 0.350954 -0.047005
v 0.807148 0.355183 0.034887
v 0.671422 0.376282 -0.094464
v 0.741770 0.497639 0.159700
v 0.791729 0.601833 0.109014
v 0.163142 0.851484 -0.244736
v 0.225544 0.851484 -0.244737
v 0.163142 0.940354 -0.093617
v -0.099731 0.988718 -0.147167
v -0.234204 0.909132 -0.144771
v -0.827936 0.966137 -0.067075
v -0.945779 0.985610 -0.067075
v -0.704941 0.102004 0.006089
v -0.945779 0.985610 0.028209
v -0.861164 0.103402 -0.071311
v -1.031963 0.095525 -0.071311
v -0.589055 0.969307 0.028209
v -1.060837 0.806623 0.036987
v -0.843843 0.120859 0.004192
v -0.219392 0.867450 0.132628
v -1.060837 0.806623 -0.075266
v 0.241558 0.907033 -0.083392
v 0.344342 0.811115 -0.197583
v 0.356145 0.876013 -0.077025
v -0.698880 0.101848 -0.067708
v -0.838121 0.137187 -0.071311
v -0.323015 0.840049 -0.171785
v -0.945779 0.985610 -0.067075
v 0.232811 0.941303 -0.090454
v 0.681721 0.686421 -0.032104
v -0.296308 0.813968 -0.154520
v -0.314571 0.665648 -0.174329
v -0.316448 0.829766 -0.138366
v -0.254869 0.763102 -0.237736
v -0.827936 0.966137 0.028209
v -0.037992 0.862837 -0.164875
v -0.457403 0.771491 -0.077258
v -0.346940 0.845397 -0.018928
v -0.589055 0.969307 -0.067075
v -1.046230 0.437646 -0.072591
v -0.167915 0.812377 -0.248317
v -0.457403 0.771491 -0.077258
v -0.189782 0.511655 -0.257989
v -0.148077 0.618805 -0.312386
v -0.009969 0.726795 -0.243797
v -0.071732 0.666742 -0.315974
v -0.104851 1.018039 -0.021810
v -0.235113 0.893002 0.123872
v -0.092606 0.983157 0.128521
v -0.272080 0.776085 -0.258879
v -0.044136 0.760614 -0.302537
v -0.324255 0.819653 0.117411
v -0.379488 0.766642 -0.176838
v -0.206748 0.571112 -0.315932
v 0.667960 0.653959 -0.124337
v 0.632654 0.576964 -0.176562
v 0.681844 0.626680 -0.119436
v 0.656301 0.540352 -0.152767
v -0.314571 0.665648 -0.174329
v -0.216160 0.708976 -0.298833
v -0.255505 0.934420 -0.021423
v 0.697950 0.655387 -0.031224
v -0.033818 0.625393 -0.254422
v -0.033818 0.625393 -0.254422
v -0.189782 0.511655 -0.257989
v -0.009969 0.726795 -0.243797
v -0.214373 0.878676 -0.159304
v -0.084147 0.950538 -0.163663
v -0.306069 0.686046 -0.280724
v -0.457404 0.771491 0.038392
v -0.064744 0.872466 -0.251193
v -0.037992 0.862837 -0.164875
v 0.234433 0.826892 -0.216893
v 0.662689 0.532440 0.091196
v 0.444544 0.526861 0.141562
v 0.422295 0.557422 -0.230552
v 0.694689 0.621857 0.057222
v 0.670176 0.654534 0.076089
v 0.494682 0.532956 -0.026942
v 0.454957 0.513776 -0.039173
v 0.618909 0.577793 0.121222
v 0.472949 0.574436 -0.198603
v 0.278650 0.944486 0.185398
v 0.351544 0.789991 0.156035
v 0.440191 0.626265 0.184094
v 0.328879 0.699874 -0.264736
v 0.439523 0.791228 0.098584
v 0.229577 0.721284 -0.277157
v 0.488824 0.537500 0.125361
v 0.262332 0.935700 0.334288
v 0.278650 0.944486 0.185398
v 0.163142 0.838253 0.338393
v 0.053039 0.951438 0.185569
v 0.336143 0.611096 0.236594
v 0.063952 0.960266 0.334537
v 0.051201 0.620329 0.304737
v 0.163142 0.939746 0.334204
v 0.163142 0.607619 0.304293
v -0.007872 0.884909 0.216372
v 0.163142 0.730911 0.328839
v 0.334157 0.886846 0.216372
v 0.051201 0.622626 0.219985
v 0.290416 0.633588 0.219985
v 0.278650 0.944486 0.185398
v 0.005556 0.869636 0.323196
v 0.290416 0.633588 0.219985
v 0.051201 0.622626 0.219985
v 0.334157 0.886846 0.216372
v 0.290416 0.633588 0.219985
v 0.290416 0.631291 0.304737
v 0.320728 0.871572 0.323196
v 0.053039 0.951438 0.185569
v -0.007872 0.884909 0.216372
v 0.053039 0.951438 0.185569
v 0.163142 0.964300 0.204968
v 0.163142 0.609916 0.237602
v -0.335170 0.829924 0.141684
v -0.174045 0.539786 0.241982
v -0.361805 0.868729 -0.018928
v -0.053420 0.924536 -0.021210
v -0.391643 0.756516 0.146096
v -0.418284 0.795309 -0.019248
v -0.363531 0.703832 -0.018904
v -0.271259 0.753274 0.196104
v -0.305505 0.801151 0.128737
v -0.053420 0.924536 -0.021210
v -0.080970 0.947951 0.139329
v -0.174045 0.539786 0.241982
v -0.097089 0.629098 0.256762
v -0.071283 0.605505 0.225017
v -0.071283 0.605505 0.225017
v -0.218667 0.546008 0.237513
v -0.363531 0.703832 -0.018904
v -0.160697 0.800599 0.216866
v -0.218667 0.546008 0.237513
v -0.066508 0.751247 0.249129
v -0.320733 0.657623 0.152708
v -0.179086 0.567147 0.270207
v -0.033911 0.710420 0.211177
v -0.036405 0.849176 0.134442
v -0.064758 0.848537 0.218271
v -0.222204 0.571815 0.267598
v 0.353982 0.182235 -0.420745
v 0.252329 0.106800 -0.615152
v 0.391637 0.111443 -0.555587
v 0.002618 0.262241 -0.312568
v 0.426984 0.046633 -0.685569
v 0.163142 0.609916 0.237602
v 0.164461 0.426441 -0.262728
v 0.229111 0.031032 -0.761551
v 0.288819 0.437484 -0.213429
v 0.163142 0.964300 0.204968
v 0.051201 0.622626 0.219985
v 0.322269 0.265147 -0.306299
v -0.031931 0.180190 -0.425869
v 0.158132 0.181642 -0.468718
v 0.304274 0.036659 -0.737784
v 0.068372 0.091490 -0.623978
v 0.037333 0.437484 -0.209141
v 0.161186 0.266053 -0.345495
v 0.241798 0.319552 -0.277496
v 0.084487 0.319552 -0.277496
v 0.241798 0.319552 -0.277496
v 0.263702 0.020780 0.370548
v 0.165099 0.271668 0.165620
v 0.323667 0.268649 0.136272
v -0.050705 0.044011 0.329152
v 0.049410 0.035874 0.359774
v 0.161824 0.426441 0.122518
v 0.004016 0.270764 0.130359
v 0.037465 0.437484 0.075054
v -0.033911 0.710420 0.211177
v -0.036405 0.849176 0.134442
v 0.288952 0.437484 0.071066
v -0.320733 0.657623 0.152708
v -0.311863 0.667877 0.232712
v -0.052613 0.103051 -0.582448
v 0.041616 0.018158 -0.763960
v -0.116027 0.025221 -0.732153
v -0.284705 0.764504 0.212630
v -0.213789 0.686631 0.265828
v 0.110733 0.031283 0.368583
v 0.393446 0.166387 0.135374
v 0.084487 0.319552 -0.277496
v 0.028589 0.410548 -0.289820
v 0.382161 0.396201 -0.012207
v 0.358216 0.189276 0.189723
v 0.296149 0.038546 0.227364
v 0.257913 0.091490 0.317011
v 0.392317 0.026542 0.350335
v -0.034620 0.257619 0.090561
v 0.084373 0.098797 0.318036
v 0.378898 0.103051 0.284843
v -0.027697 0.189968 0.184772
v 0.441164 0.256501 0.033003
v 0.168153 0.189606 0.219724
v 0.360904 0.257619 0.090561
v 0.289679 0.146781 0.200779
v -0.055876 0.396201 -0.012207
v 0.100328 0.252612 0.160555
v -0.114879 0.256501 0.033003
v 0.004397 0.391930 0.063908
v -0.108105 0.040903 0.208458
v -0.022117 0.264373 -0.190762
v -0.206592 0.056962 0.157377
v 0.163142 0.036421 0.302576
v 0.003782 0.400731 -0.164560
v -0.094621 0.260165 -0.111360
v 0.163142 0.145002 0.218230
v 0.297696 0.410548 -0.289820
v 0.235132 0.588481 -0.313918
v 0.235132 0.588481 -0.313918
v 0.091153 0.588481 -0.313918
v 0.030136 0.038546 0.227364
v 0.036607 0.146781 0.200779
v 0.036924 0.262469 -0.236276
v 0.091153 0.588481 -0.313918
v -0.067162 0.166387 0.135374
v 0.321888 0.391930 0.063908
v 0.163142 0.230717 0.177195
v 0.532877 0.056962 0.157377
v 0.225957 0.252612 0.160555
v 0.163142 0.387325 0.108958
v -0.155183 0.167140 0.083009
v -0.043432 0.104106 0.279013
v 0.481468 0.167140 0.083009
v 0.434390 0.040903 0.208458
v 0.789301 0.050596 0.763960
v 0.789301 0.604248 0.763960
v 0.744410 0.127941 0.336032
v 0.782104 0.595276 0.366596
v 1.071301 0.584502 0.702560
v 1.079131 0.526903 0.763960
v 1.034240 0.604248 0.763960
v 0.753524 0.071470 0.699997
v 0.782104 0.595276 0.366596
v 0.789301 0.050596 0.763960
v 0.744410 0.127941 0.763960
v 0.862835 0.000000 0.623821
v 1.000083 0.106443 0.441047
v 0.091378 0.577951 -0.382192
v 1.000083 0.106443 0.668027
v 0.789301 0.604248 0.763960
v 0.751086 0.594122 0.705570
v 0.744410 0.127941 0.336032
v 0.862835 0.000000 0.485253
v 0.829641 0.106443 0.441047
v 1.034240 0.050596 0.336032
v 0.829641 0.106443 0.668027
v 0.297165 0.402936 -0.346020
v 0.241622 0.309707 -0.345862
v 0.091153 0.588481 -0.313918
v 0.235132 0.588481 -0.313918
v 0.930573 0.244913 -0.263589
v 0.971623 0.316314 -0.254183
v 0.864152 0.272186 -0.263230
v 0.241798 0.319552 -0.277496
v 0.084487 0.319552 -0.277496
v 0.234907 0.577951 -0.382192
v 0.029119 0.402936 -0.346020
v 0.789301 0.050596 0.336032
v 1.038642 0.050596 0.763960
v 0.789301 0.050596 0.763960
v 0.789301 0.604248 0.763960
v 0.789301 0.050596 0.336032
v 1.034240 0.604248 0.336032
v 1.069676 0.067648 0.392165
v 1.079131 0.127941 0.336032
v 0.789301 0.050596 0.336032
v 0.753524 0.071470 0.391632
v 0.751086 0.594122 0.705570
v 1.069676 0.067648 0.708882
v 1.079131 0.117136 0.763960
v 0.084662 0.309707 -0.345862
v 0.028589 0.410548 -0.289820
v 0.864152 0.360442 -0.267141
v 1.034240 0.050596 0.336032
v 1.079131 0.526903 0.336032
v 1.071301 0.584502 0.394194
v 0.744410 0.529596 0.336032
v 1.038642 0.050596 0.763960
v 0.744410 0.529596 0.336032
v 0.782104 0.595276 0.366596
v 0.297696 0.410548 -0.289820
v 0.744410 0.539787 0.763960
v 0.966889 0.000000 0.623821
v 0.966889 0.000000 0.485253
v 0.930573 0.387715 -0.253244
v 0.971623 0.316314 -0.254183
v 0.930573 0.387715 -0.253244
v 0.930573 0.387715 -0.253244
v 0.930573 0.244913 -0.263589
v 0.864152 0.360442 -0.267141
v 0.864152 0.272186 -0.263230
v 0.927252 0.365244 -0.041096
v 0.928567 0.375298 0.351338
v 0.957552 0.312540 -0.041789
v 0.927252 0.259836 -0.042482
v 0.928567 0.255076 0.349757
v 0.963126 0.315187 0.350547
v 0.878224 0.279967 -0.042217
v 1.000083 0.539547 0.668027
v 0.872649 0.278037 0.350059
v 0.878224 0.345113 -0.041361
v 0.927252 0.365244 -0.041096
v 0.872649 0.352338 0.351036
v 0.928567 0.375298 0.351338
v 0.829641 0.539547 0.668027
v 0.966889 0.645990 0.623821
v 0.829641 0.539547 0.441047
v 0.862835 0.645990 0.623821
v 0.966889 0.645990 0.485253
v 1.000083 0.539547 0.441047
v 0.862835 0.645990 0.485253
vn 0.133497 -0.021973 0.990806
vn -0.706239 0.692690 -0.146310
vn -0.837027 -0.392479 -0.381243
vn 0.719224 0.616688 -0.320018
vn -0.105718 -0.026384 0.994046
vn 0.446774 0.875335 -0.184884
vn 0.570190 0.745603 -0.344905
vn -0.460115 0.788069 -0.408952
vn -0.721571 0.635750 -0.274146
vn -0.891727 0.246784 0.379369
vn -0.781085 0.384595 0.491928
vn -0.918770 0.393633 -0.030241
vn -0.910613 0.412792 0.019662
vn -0.811630 0.436054 0.388735
vn -0.767445 0.638571 0.057059
vn -0.857884 0.512885 0.031376
vn -0.818070 0.465706 0.337460
vn -0.502926 0.845632 -0.178803
vn -0.785668 0.530152 0.318849
vn -0.488046 0.831850 -0.264268
vn -0.731937 0.480703 0.482900
vn -0.636494 0.746704 -0.193155
vn -0.383397 0.351174 -0.854215
vn -0.523035 0.741283 -0.420635
vn -0.460088 0.810289 -0.362976
vn -0.717081 0.470279 0.514425
vn 0.383393 0.351216 -0.854200
vn 0.666618 0.478849 -0.571248
vn 0.811459 0.459492 -0.361111
vn 0.500898 0.516909 -0.694194
vn 0.636092 0.295866 -0.712636
vn 0.089905 0.989100 0.116609
vn 0.562801 0.726129 -0.394957
vn -0.178613 0.861976 -0.474442
vn 0.806160 0.439533 0.396127
vn 0.779685 0.380391 0.497387
vn 0.737944 0.604768 -0.299490
vn 0.918603 0.393752 -0.033593
vn 0.376256 0.502521 -0.778398
vn 0.850238 0.378444 0.365889
vn -0.752238 -0.657631 -0.040725
vn -0.321138 0.849816 -0.417951
vn -0.014471 0.809614 -0.586785
vn 0.480218 0.807296 -0.343022
vn 0.886420 0.337489 0.316797
vn -0.047179 0.893258 -0.447063
vn -0.978769 -0.168966 0.116028
vn -0.138041 -0.914039 -0.381414
vn 0.892028 0.245385 0.379569
vn -0.993123 0.084708 0.080823
vn 0.682583 0.701309 -0.205538
vn 0.510054 0.840097 -0.184612
vn 0.873101 0.386701 0.296912
vn 0.885628 0.461001 0.056038
vn 0.327977 0.536680 -0.777436
vn 0.910086 0.414401 0.004038
vn 0.421467 0.532155 -0.734286
vn 0.256817 -0.834137 0.488119
vn 0.774029 0.625511 0.098053
vn 0.520862 0.820059 -0.237077
vn 0.323253 0.444439 0.835453
vn -0.978769 -0.168966 0.116028
vn 0.698818 0.471464 0.537936
vn 0.256817 -0.834137 0.488119
vn -0.138041 -0.914039 -0.381414
vn -0.250538 -0.338019 -0.907179
vn -0.752238 -0.657631 -0.040725
vn -0.182163 0.915757 -0.358058
vn -0.581929 -0.737707 0.342268
vn -0.235728 -0.236906 -0.942501
vn -0.837027 -0.392479 -0.381243
vn 0.032900 0.722003 -0.691108
vn 0.570190 0.745603 -0.344905
vn -0.837348 0.440519 -0.323714
vn -0.385950 0.091875 0.917933
vn 0.593270 0.804608 -0.025219
vn -0.371317 0.789840 0.488136
vn 0.902183 -0.024561 -0.430654
vn 0.369319 -0.921414 -0.120826
vn 0.961738 0.271994 -0.032860
vn -0.051425 0.787954 0.613583
vn -0.211557 0.647611 -0.732013
vn 0.370156 -0.387886 -0.844114
vn -0.458888 0.324191 -0.827237
vn -0.428404 -0.162853 -0.888791
vn -0.993123 0.084708 0.080823
vn 0.077013 0.354820 -0.931757
vn -0.015317 0.953006 -0.302564
vn -0.165343 0.768404 -0.618237
vn 0.669241 -0.082724 -0.738426
vn -0.425739 0.599613 -0.677650
vn -0.198342 0.838113 0.508161
vn 0.453448 0.546418 0.704139
vn -0.290718 0.792394 0.536278
vn -0.032366 0.929675 0.366956
vn 0.899817 -0.068105 0.430918
vn -0.288861 0.957346 -0.006965
vn -0.413165 0.909562 0.044636
vn 0.369319 -0.921414 -0.120826
vn -0.464819 0.492404 0.735854
vn 0.376024 -0.881066 0.286930
vn 0.376024 -0.881066 0.286930
vn 0.499640 -0.443923 0.743836
vn 0.333778 -0.792486 -0.510449
vn -0.263002 0.518166 0.813839
vn -0.740089 -0.645614 -0.188285
vn -0.740089 -0.645614 -0.188285
vn -0.313917 -0.941112 0.125560
vn -0.066260 -0.443963 0.893592
vn -0.998109 0.047580 0.038909
vn -0.998109 0.047580 0.038909
vn -0.313917 -0.941112 0.125560
vn -0.980865 -0.173489 -0.088346
vn -0.461504 -0.223938 0.858409
vn -0.968963 -0.246166 0.022667
vn 0.675030 -0.140383 0.724312
vn -0.181331 0.732847 0.655785
vn 0.040101 0.301310 0.952682
vn 0.267755 0.494528 0.826891
vn -0.464381 0.197281 0.863383
vn 0.874558 -0.332679 -0.352806
vn 0.480287 0.816414 0.320614
vn -0.700155 0.001655 0.713989
vn 0.728463 0.575186 -0.372160
vn 0.480287 0.816414 0.320614
vn -0.742210 0.652845 -0.151388
vn -0.998920 -0.042980 0.017635
vn -0.700155 0.001655 0.713989
vn -0.687998 -0.472719 -0.550632
vn -0.463725 0.259507 0.847122
vn 0.442007 0.167563 0.881222
vn 0.697733 -0.071357 0.712796
vn -0.463725 0.259507 0.847122
vn 0.697733 -0.071357 0.712796
vn 0.442007 0.167563 0.881222
vn -0.729527 0.606093 -0.316925
vn -0.421032 0.397722 -0.815199
vn -0.968963 -0.246166 0.022667
vn -0.980865 -0.173489 -0.088346
vn 0.333778 -0.792486 -0.510449
vn 0.998908 -0.043258 0.017642
vn 0.412553 -0.200506 -0.888593
vn -0.696799 0.141763 0.703117
vn -0.696799 0.141763 0.703117
vn 0.742293 0.639334 -0.200635
vn -0.098673 -0.981038 -0.166816
vn -0.692891 0.404766 0.596713
vn 0.187553 -0.977700 -0.094482
vn -0.546514 -0.334225 -0.767865
vn -0.407184 0.623677 0.667254
vn 0.048490 0.998764 0.010911
vn 0.020923 0.684866 -0.728369
vn 0.000000 0.468340 0.883548
vn 0.000000 0.785686 -0.618625
vn 0.874558 -0.332679 -0.352806
vn -0.404571 0.638187 -0.655011
vn -0.725001 0.336720 -0.600827
vn 0.814888 -0.413406 -0.406267
vn -0.548190 0.051036 -0.834795
vn -0.269331 -0.572165 0.774654
vn -0.105371 -0.885514 -0.452505
vn -0.837348 0.440519 -0.323714
vn 0.889465 -0.363566 -0.276897
vn -0.251238 0.486428 -0.836820
vn 0.889465 -0.363566 -0.276897
vn 0.885372 -0.330475 0.326959
vn 0.424790 0.360551 0.830395
vn 0.758057 0.134414 -0.638186
vn 0.596019 0.625815 -0.503107
vn 0.683613 0.729549 -0.020765
vn 0.104884 -0.849712 0.516711
vn 0.335419 0.640192 0.691121
vn -0.378603 -0.126643 0.916854
vn -0.287569 0.275952 -0.917145
vn -0.264470 0.742121 0.615883
vn -0.732045 -0.652659 -0.195311
vn 0.820556 0.407833 0.400450
vn -0.395854 0.583068 -0.709458
vn 0.530630 0.600905 -0.597783
vn 0.120107 0.862259 -0.492020
vn -0.090617 0.791556 -0.604341
vn -0.084189 0.854912 -0.511896
vn 0.459538 0.528338 -0.713921
vn -0.835055 0.500006 -0.229517
vn 0.000000 -0.889834 0.456285
vn -0.000000 0.983215 0.182452
vn 0.732045 -0.652659 -0.195311
vn 0.835054 0.500006 -0.229517
vn 0.000000 0.138443 0.990370
vn 0.593468 -0.743526 0.308164
vn -0.492363 -0.616726 -0.614188
vn 0.316815 0.805576 -0.500676
vn 0.084189 0.854912 -0.511896
vn 0.000000 0.589098 -0.808062
vn -0.120107 0.862259 -0.492020
vn -0.459539 0.528338 -0.713921
vn 0.453255 0.302818 0.838368
vn -0.219726 0.648271 -0.729017
vn -0.530632 0.600904 -0.597782
vn -0.421032 0.397722 -0.815199
vn -0.646629 0.557896 -0.520214
vn -0.555951 0.662974 0.501382
vn 0.555954 0.662973 0.501381
vn 0.570536 0.174573 0.802504
vn -0.751495 0.598945 0.276624
vn 0.000000 -0.985036 -0.172348
vn -0.758057 0.134413 -0.638187
vn -0.889463 -0.363571 -0.276896
vn 0.275180 0.003242 0.961387
vn -0.320507 0.632225 0.705384
vn -0.364662 0.009510 0.931091
vn -0.415421 0.160176 0.895416
vn -0.702772 0.450635 -0.550490
vn 0.704735 -0.040433 0.708317
vn -0.598971 -0.053173 0.799003
vn -0.549869 -0.603000 0.577958
vn -0.508855 -0.064447 -0.858436
vn -0.636184 -0.696229 -0.332467
vn 0.340503 0.096186 -0.935311
vn -0.924601 0.134765 0.356303
vn -0.636184 -0.696229 -0.332467
vn 0.406100 -0.818669 0.406034
vn 0.435918 -0.682084 -0.587142
vn 0.814888 -0.413406 -0.406267
vn 0.955543 0.173049 -0.238728
vn -0.905123 -0.425075 -0.008001
vn 0.902889 0.205954 0.377325
vn 0.506436 -0.016958 0.862111
vn -0.560983 0.825701 -0.059298
vn -0.044167 -0.711542 -0.701254
vn -0.534198 -0.545607 0.645714
vn -0.422960 -0.202478 -0.883237
vn 0.275088 -0.355597 -0.893240
vn -0.084286 -0.856085 0.509916
vn -0.595935 -0.797441 -0.094598
vn -0.747267 0.394152 -0.535010
vn 0.249088 0.821300 -0.513247
vn -0.000000 0.916936 -0.399034
vn 0.090617 0.791556 -0.604341
vn -0.453255 0.302818 0.838368
vn -0.303934 -0.770590 0.560192
vn -0.820556 0.407833 0.400451
vn -0.593469 -0.743525 0.308164
vn 0.000000 0.659906 -0.751348
vn -0.316815 0.805576 -0.500675
vn 0.156825 0.894309 -0.419068
vn -0.000000 0.825307 -0.564685
vn 0.219725 0.648271 -0.729017
vn 0.646626 0.557897 -0.520217
vn 0.412553 -0.200506 -0.888593
vn 0.742293 0.639334 -0.200635
vn -0.687998 -0.472719 -0.550632
vn 0.728463 0.575186 -0.372160
vn -0.297825 -0.072224 0.951885
vn -0.546683 0.644281 -0.534827
vn -0.520011 0.587037 0.620464
vn -0.683614 0.729548 -0.020765
vn -0.423561 0.904800 -0.043968
vn -0.742210 0.652845 -0.151388
vn -0.048493 0.998764 0.010910
vn -0.020923 0.684866 -0.728369
vn -0.084286 -0.856085 0.509916
vn -0.335418 0.640192 0.691121
vn -0.363735 -0.003637 0.931495
vn 0.192616 0.717864 0.669008
vn -0.729527 0.606093 -0.316925
vn -0.000000 0.917884 0.396849
vn -0.275739 0.571406 -0.772957
vn -0.763533 0.196520 -0.615140
vn 0.303934 -0.770590 0.560192
vn 0.404571 0.638188 -0.655010
vn -0.249088 0.821300 -0.513246
vn -0.156826 0.894309 -0.419068
vn -0.424789 0.360551 0.830396
vn 0.395854 0.583068 -0.709458
vn 0.492363 -0.616726 -0.614188
vn 0.000000 -0.447280 -0.894394
vn 0.132262 -0.753805 -0.643650
vn 0.310210 0.124292 -0.942508
vn -0.664152 -0.650900 -0.367738
vn -0.094743 -0.642677 -0.760256
vn 0.361190 0.694580 -0.622174
vn -0.885371 -0.330478 0.326959
vn 0.465267 0.885107 0.010551
vn 0.654741 -0.683255 -0.323230
vn -0.638990 -0.754687 0.148789
vn 0.443759 -0.841490 -0.308177
vn 0.407224 -0.841637 0.354706
vn -0.105718 -0.026384 0.994046
vn -0.235728 -0.236906 -0.942501
vn -0.617953 0.054331 0.784335
vn -0.725001 0.336720 -0.600827
vn 0.133497 -0.021973 0.990806
vn -0.157253 -0.691464 -0.705088
vn -0.632368 0.740235 -0.228393
vn 0.278270 -0.104918 0.954756
vn 0.817680 -0.515854 -0.255526
vn 0.229582 -0.573415 -0.786440
vn 0.817680 -0.515854 -0.255526
vn -0.125577 -0.577979 0.806332
vn 0.520010 0.587037 0.620465
vn 0.363735 -0.003636 0.931495
vn -0.019053 -0.740908 0.671336
vn 0.396791 0.178265 -0.900433
vn 0.297824 -0.072223 0.951885
vn -0.534198 -0.545607 0.645714
vn -0.363735 -0.003637 0.931495
vn -0.305716 0.950668 -0.052605
vn -0.376792 -0.407443 0.831876
vn -0.335418 0.640192 0.691121
vn -0.287588 -0.179452 -0.940792
vn -0.423561 0.904800 -0.043968
vn -0.506436 -0.016957 0.862111
vn 0.155034 0.165861 0.973886
vn 0.425886 -0.903299 -0.051686
vn 0.425886 -0.903299 -0.051686
vn 0.097691 -0.824451 -0.557438
vn -0.446560 0.172390 -0.877990
vn -0.044167 -0.711542 -0.701254
vn -0.251238 0.486428 -0.836820
vn -0.546514 -0.334225 -0.767865
vn 0.098671 -0.981039 -0.166816
vn -0.084286 -0.856085 0.509916
vn 0.905122 -0.425078 -0.008001
vn 0.187553 -0.977700 -0.094482
vn 0.098671 -0.981039 -0.166816
vn -0.382268 0.519633 -0.764103
vn -0.331518 0.937718 0.103827
vn -0.487665 0.269614 -0.830356
vn -0.324482 -0.584857 0.743407
vn -0.376792 -0.407443 0.831876
vn -0.302058 0.697960 -0.649317
vn 0.433297 0.226922 0.872216
vn -0.455919 0.384006 0.802917
vn 0.798284 -0.528277 0.289252
vn 0.601451 -0.709449 -0.367341
vn -0.889463 -0.363571 -0.276896
vn -0.136633 -0.985862 -0.096993
vn -0.570533 0.174572 0.802507
vn -0.192612 0.717863 0.669009
vn 0.358452 -0.674444 0.645474
vn 0.448880 -0.053337 -0.891999
vn -0.548190 0.051036 -0.834795
vn 0.112944 -0.605654 -0.787672
vn -0.105371 -0.885514 -0.452505
vn 0.814888 -0.413406 -0.406267
vn 0.448880 -0.053337 -0.891999
vn -0.155033 0.165861 0.973887
vn 0.363735 -0.003636 0.931495
vn -0.649980 -0.232863 0.723395
vn 0.132262 -0.753805 -0.643650
vn -0.097691 -0.824451 -0.557437
vn 0.634083 -0.358619 -0.685078
vn 0.530036 -0.481978 -0.697681
vn 0.310210 0.124292 -0.942508
vn 0.751496 0.598943 0.276623
vn -0.634081 -0.358619 -0.685079
vn 0.094743 -0.642677 -0.760257
vn 0.664151 -0.650901 -0.367738
vn 0.563141 -0.809144 0.167803
vn 0.649981 -0.232864 0.723394
vn -0.044167 -0.711542 -0.701254
vn 0.187553 -0.977700 -0.094482
vn 0.664151 -0.650901 -0.367738
vn 0.019053 -0.740908 0.671336
vn 0.247399 -0.366227 0.897035
vn -0.308846 0.204116 -0.928951
vn -0.902888 0.205956 0.377326
vn -0.955543 0.173050 -0.238730
vn -0.331782 0.741618 -0.583030
vn 0.247739 0.110755 -0.962475
vn -0.330411 -0.575851 -0.747813
vn -0.344674 -0.246759 -0.905710
vn -0.810658 0.584823 -0.028571
vn -0.332902 0.942537 -0.028293
vn -0.717178 0.693766 -0.065917
vn -0.626946 0.557787 -0.543886
vn 0.356301 -0.068174 -0.931881
vn 0.566251 -0.468768 0.677950
vn 0.511801 -0.774700 0.371349
vn 0.132751 0.173782 0.975795
vn -0.821028 0.570837 0.007650
vn -0.019191 0.999801 0.005508
vn -0.230392 0.685432 0.690726
vn 0.443759 -0.841490 -0.308177
vn 0.654741 -0.683255 -0.323230
vn 0.335419 0.640192 0.691121
vn -0.287588 -0.179452 -0.940792
vn -0.745705 -0.586552 -0.316040
vn -0.723304 -0.619476 0.305093
vn -0.344674 -0.246759 -0.905710
vn 0.754499 -0.362056 0.547401
vn 0.095119 0.816063 0.570082
vn 0.601451 -0.709449 -0.367341
vn 0.251130 0.824269 -0.507458
vn -0.136633 -0.985862 -0.096993
vn -0.425886 -0.903299 -0.051686
vn -0.425886 -0.903299 -0.051686
vn 0.104884 -0.849712 0.516711
vn -0.247399 -0.366227 0.897035
vn -0.664152 -0.650900 -0.367738
vn -0.563139 -0.809145 0.167803
vn 0.582593 0.430713 -0.689255
vn 0.999999 0.000052 -0.001287
vn 0.573111 -0.658941 -0.487177
vn -0.460115 0.788069 -0.408952
vn -0.582592 0.220999 -0.782142
vn 0.582593 0.430713 -0.689255
vn 0.577143 -0.182918 -0.795894
vn -0.577143 -0.376044 -0.724912
vn 0.446793 -0.878307 -0.170156
vn -0.573097 -0.751990 -0.325685
vn 0.573111 -0.658941 -0.487177
vn -0.577143 -0.376044 -0.724912
vn -0.573097 -0.751990 -0.325685
vn -0.582592 0.220999 -0.782142
vn 0.719224 0.616688 -0.320018
vn -0.999999 0.000052 -0.001287
vn 0.446774 0.875335 -0.184884
vn -0.706239 0.692690 -0.146310
vn -0.706276 -0.695045 -0.134488
vn -0.706276 -0.695045 -0.134488
vn 0.446793 -0.878307 -0.170156
vn 0.577143 -0.182918 -0.795894
vn 0.738855 -0.589610 -0.326272
vn 0.720344 -0.618528 0.313892
vn 0.534168 -0.538658 0.651545
vn 0.372549 -0.403986 0.835465
vn 0.330412 -0.575851 -0.747812
vn 0.000000 -0.438052 0.898949
vn 0.465267 0.885107 0.010551
vn 0.000000 -0.035798 0.999359
vn 0.361190 0.694580 -0.622174
vn 0.000000 -0.438052 0.898949
vn 0.297431 0.954284 0.029605
vn 0.319248 -0.217668 -0.922335
vn 0.000000 -0.242389 -0.970179
vn 0.287588 -0.179452 -0.940792
vn 0.319248 -0.217668 -0.922335
vn 0.372549 -0.403986 0.835465
vn 0.000000 -0.242389 -0.970179
vn 0.000000 -0.592726 0.805404
vn 0.287588 -0.179452 -0.940792
vn 0.315751 -0.583588 0.748148
vn 0.000000 -0.505488 -0.862834
vn 0.331516 0.937719 0.103827
vn 0.000000 0.163280 -0.986580
vn 0.487665 0.269614 -0.830356
vn 0.280415 0.169381 -0.944816
vn 0.294112 0.662361 -0.689040
vn -0.247738 0.110754 -0.962476
vn -0.443760 -0.841489 -0.308177
vn -0.654741 -0.683254 -0.323231
vn 0.331783 0.741618 -0.583029
vn -0.511803 -0.774698 0.371349
vn -0.443760 -0.841489 -0.308177
vn -0.566252 -0.468767 0.677950
vn -0.654741 -0.683254 -0.323231
vn 0.125574 -0.577980 0.806331
vn 0.638990 -0.754688 0.148790
vn -0.407224 -0.841637 0.354706
vn -0.098673 -0.981038 -0.166816
vn -0.132750 0.173782 0.975796
vn 0.230392 0.685433 0.690725
vn -0.601451 -0.709448 -0.367341
vn -0.251131 0.824269 -0.507457
vn -0.356302 -0.068175 -0.931880
vn 0.446560 0.172390 -0.877990
vn 0.019187 0.999801 0.005508
vn 0.821028 0.570836 0.007651
vn -0.229583 -0.573416 -0.786439
vn -0.817679 -0.515856 -0.255526
vn 0.455920 0.384006 0.802918
vn -0.754498 -0.362056 0.547401
vn -0.278269 -0.104918 0.954756
vn -0.601451 -0.709448 -0.367341
vn -0.798284 -0.528276 0.289252
vn -0.817679 -0.515856 -0.255526
vn -0.433293 0.226922 0.872218
vn -0.095120 0.816062 0.570083
vn 0.000000 0.639218 -0.769026
vn 0.626946 0.557787 -0.543886
vn 0.000000 0.957577 -0.288177
vn 0.178613 0.861976 -0.474442
vn -0.421467 0.532155 -0.734286
vn 0.032900 0.722003 -0.691108
vn -0.182163 0.915757 -0.358058
vn -0.352303 -0.878065 0.323858
vn -0.543263 0.758969 0.358931
vn 0.435918 -0.682084 -0.587142
vn -0.636184 -0.696229 -0.332467
vn 0.277335 0.897097 0.343950
vn -0.499426 0.249051 0.829787
vn 0.518994 -0.610711 0.598062
vn -0.323253 0.444439 0.835453
vn -0.725001 0.336720 -0.600827
vn 0.632368 0.740235 -0.228392
vn 0.240352 0.718276 -0.652925
vn 0.275720 0.961166 -0.011785
vn -0.157253 -0.691464 -0.705088
vn 0.112944 -0.605654 -0.787672
vn 0.015317 0.953006 -0.302564
vn -0.182163 0.915757 -0.358058
vn 0.717178 0.693765 -0.065917
vn 0.810661 0.584819 -0.028570
vn 0.321138 0.849816 -0.417951
vn -0.256817 -0.834137 0.488119
vn 0.047179 0.893258 -0.447063
vn 0.014471 0.809614 -0.586785
vn 0.073801 0.719541 0.690517
vn 0.993123 0.084708 0.080823
vn 0.340503 0.096186 -0.935311
vn -0.089905 0.989100 0.116609
vn 0.570190 0.745603 -0.344905
vn -0.508855 -0.064447 -0.858436
vn -0.327977 0.536680 -0.777436
vn 0.340503 0.096186 -0.935311
vn 0.138041 -0.914039 -0.381414
vn 0.250538 -0.338019 -0.907179
vn 0.978769 -0.168966 0.116028
vn 0.428404 -0.162853 -0.888791
vn 0.288861 0.957346 -0.006965
vn -0.453448 0.546418 0.704139
vn 0.198342 0.838113 0.508161
vn 0.165343 0.768404 -0.618237
vn 0.458888 0.324191 -0.827237
vn 0.290718 0.792394 0.536278
vn -0.902183 -0.024561 -0.430654
vn -0.370156 -0.387886 -0.844114
vn 0.747271 0.394147 -0.535009
vn 0.422962 -0.202478 -0.883236
vn 0.275744 0.571403 -0.772958
vn -0.275088 -0.355596 -0.893240
vn -0.256817 -0.834137 0.488119
vn -0.077013 0.354820 -0.931757
vn -0.593270 0.804608 -0.025219
vn 0.560987 0.825698 -0.059297
vn 0.752238 -0.657631 -0.040725
vn 0.752238 -0.657631 -0.040725
vn 0.138041 -0.914039 -0.381414
vn 0.978769 -0.168966 0.116028
vn -0.376256 0.502521 -0.778398
vn 0.425739 0.599613 -0.677650
vn -0.669241 -0.082724 -0.738426
vn 0.582847 0.150657 0.798493
vn 0.211557 0.647611 -0.732013
vn 0.993123 0.084708 0.080823
vn 0.702772 0.450635 -0.550490
vn -0.275179 0.003244 0.961387
vn 0.534168 -0.538658 0.651545
vn 0.530036 -0.481978 -0.697681
vn 0.320506 0.632227 0.705383
vn 0.692891 0.404767 0.596713
vn -0.136633 -0.985862 -0.096993
vn 0.621325 -0.777802 -0.094755
vn 0.378604 -0.126641 0.916854
vn 0.132262 -0.753805 -0.643650
vn 0.566876 0.678122 -0.467764
vn 0.407185 0.623677 0.667254
vn 0.415422 0.160176 0.895415
vn 0.221802 0.334536 -0.915909
vn 0.264470 0.742121 0.615883
vn 0.763533 0.196520 -0.615140
vn 0.104884 -0.849712 0.516711
vn 0.293035 0.704598 0.646275
vn 0.566876 0.678122 -0.467764
vn 0.002948 -0.036860 0.999316
vn -0.386695 0.557555 -0.734574
vn 0.364662 0.009509 0.931091
vn -0.374210 0.745999 0.550866
vn -0.453091 -0.537302 0.711348
vn 0.080708 0.648184 0.757195
vn -0.005945 -0.874223 0.485489
vn -0.936164 0.284277 -0.206842
vn 0.002183 -0.126096 0.992016
vn 0.934453 0.217931 -0.281607
vn -0.491579 -0.594208 -0.636606
vn 0.576437 -0.399200 -0.712993
vn 0.566876 0.678122 -0.467764
vn -0.695138 -0.026397 0.718392
vn 0.576437 -0.399200 -0.712993
vn -0.491579 -0.594208 -0.636606
vn 0.934453 0.217931 -0.281607
vn 0.576437 -0.399200 -0.712993
vn 0.442586 -0.699647 0.560903
vn 0.729913 0.166326 0.662995
vn -0.386695 0.557555 -0.734574
vn -0.936164 0.284277 -0.206842
vn -0.386695 0.557555 -0.734574
vn 0.067655 0.704062 -0.706908
vn 0.074108 -0.832888 -0.548458
vn 0.032366 0.929675 0.366956
vn 0.313917 -0.941112 0.125560
vn 0.413165 0.909562 0.044636
vn 0.998109 0.047580 0.038909
vn -0.899817 -0.068105 0.430918
vn -0.961738 0.271994 -0.032860
vn -0.369319 -0.921414 -0.120826
vn 0.051425 0.787954 0.613583
vn 0.371317 0.789840 0.488136
vn 0.998109 0.047580 0.038909
vn 0.464819 0.492404 0.735854
vn 0.313917 -0.941112 0.125560
vn 0.461504 -0.223938 0.858409
vn 0.740089 -0.645614 -0.188285
vn 0.740089 -0.645614 -0.188285
vn -0.376024 -0.881066 0.286930
vn -0.369319 -0.921414 -0.120826
vn -0.267755 0.494528 0.826891
vn -0.376024 -0.881066 0.286930
vn 0.464381 0.197281 0.863383
vn -0.333778 -0.792486 -0.510449
vn 0.066260 -0.443963 0.893592
vn 0.968963 -0.246166 0.022667
vn 0.980865 -0.173489 -0.088346
vn 0.263002 0.518166 0.813839
vn -0.499640 -0.443923 0.743836
vn 0.131321 0.862646 -0.488463
vn 0.069033 0.895704 -0.439260
vn 0.148722 0.896335 -0.417690
vn -0.210704 0.615933 -0.759099
vn 0.133239 0.892089 -0.431770
vn 0.074108 -0.832888 -0.548458
vn 0.003458 0.496823 -0.867845
vn -0.053781 0.889507 -0.453745
vn 0.281297 0.496971 -0.820909
vn 0.067655 0.704062 -0.706908
vn -0.491579 -0.594208 -0.636606
vn 0.217223 0.602358 -0.768101
vn -0.109946 0.858574 -0.500762
vn -0.011942 0.868720 -0.495160
vn 0.121262 0.882903 -0.453628
vn -0.066610 0.888316 -0.454376
vn -0.290392 0.528381 -0.797800
vn 0.005316 0.724627 -0.689121
vn 0.602135 -0.662387 0.445732
vn -0.425329 -0.680559 0.596602
vn 0.602135 -0.662387 0.445732
vn -0.064174 -0.605721 -0.793085
vn 0.012526 -0.414342 -0.910035
vn -0.198400 -0.456610 -0.867263
vn 0.175707 -0.643119 -0.745335
vn 0.190914 -0.630612 -0.752250
vn 0.004958 -0.331570 -0.943417
vn 0.212122 -0.440433 -0.872366
vn 0.305784 -0.354475 -0.883653
vn 0.968963 -0.246166 0.022667
vn 0.980865 -0.173489 -0.088346
vn -0.314358 -0.397568 -0.862044
vn -0.333778 -0.792486 -0.510449
vn -0.675030 -0.140383 0.724312
vn -0.061025 0.894137 -0.443616
vn -0.058341 0.890859 -0.450519
vn -0.049524 0.894601 -0.444114
vn 0.181331 0.732847 0.655785
vn -0.040101 0.301310 0.952682
vn -0.030776 -0.605775 -0.795041
vn 0.396426 0.560550 0.727070
vn -0.425329 -0.680559 0.596602
vn -0.515522 0.060528 0.854736
vn 0.632874 0.396216 0.665194
vn -0.112059 -0.698934 -0.706353
vn 0.224772 0.359296 0.905751
vn -0.076751 -0.672954 -0.735692
vn -0.115659 -0.632363 -0.765989
vn -0.499372 0.445104 0.743310
vn 0.084444 -0.698829 -0.710287
vn -0.118757 -0.704387 -0.699812
vn 0.140088 -0.707187 -0.693010
vn 0.480983 0.518882 0.706694
vn 0.000770 -0.654331 -0.756208
vn 0.499373 0.445104 0.743310
vn 0.256197 0.423721 0.868806
vn -0.632873 0.396217 0.665195
vn -0.228350 0.421407 0.877651
vn -0.480983 0.518882 0.706694
vn -0.479977 0.366720 0.796956
vn -0.273875 0.459641 0.844821
vn -0.655682 0.489297 -0.575039
vn -0.352510 0.594490 0.722716
vn 0.000000 0.613464 0.789722
vn -0.634596 0.297175 -0.713425
vn -0.812490 0.471645 -0.342653
vn -0.000000 0.427953 0.903801
vn 0.515522 0.060529 0.854736
vn 0.497425 0.762471 0.413770
vn 0.497425 0.762471 0.413770
vn -0.701677 0.658484 0.272117
vn -0.224772 0.359296 0.905750
vn -0.256196 0.423721 0.868806
vn -0.490289 0.515800 -0.702543
vn -0.701677 0.658484 0.272117
vn -0.396425 0.560550 0.727070
vn 0.479978 0.366718 0.796956
vn 0.000000 0.415702 0.909501
vn 0.352510 0.594490 0.722716
vn 0.228350 0.421407 0.877652
vn -0.000000 0.426228 0.904616
vn -0.402586 0.606722 0.685429
vn 0.183495 -0.669701 -0.719605
vn 0.402586 0.606721 0.685430
vn 0.273876 0.459641 0.844821
vn -0.310852 -0.782428 0.539608
vn -0.326576 0.829859 0.452419
vn -0.740382 -0.154435 -0.654205
vn -0.289594 0.928859 -0.230991
vn 0.828039 0.555607 0.075187
vn 0.746224 0.119044 0.654965
vn 0.292812 0.786733 0.543426
vn -0.831527 -0.551480 0.066575
vn -0.289594 0.928859 -0.230991
vn -0.310852 -0.782428 0.539608
vn -0.749543 -0.125370 0.649975
vn -0.522118 -0.814625 0.252546
vn 0.408677 -0.455827 -0.790699
vn -0.354707 0.788537 -0.502386
vn 0.817353 -0.419085 0.395350
vn -0.326576 0.829859 0.452419
vn -0.794390 0.601335 0.085682
vn -0.740382 -0.154435 -0.654205
vn -0.325794 -0.704649 -0.630339
vn -0.817354 -0.419084 -0.395350
vn 0.323940 -0.876192 -0.356862
vn -0.408677 -0.455826 0.790700
vn 0.767222 -0.124213 -0.629239
vn 0.315939 -0.918628 -0.237287
vn -0.701677 0.658484 0.272117
vn 0.497425 0.762471 0.413770
vn 0.246636 -0.583413 -0.773822
vn 0.906793 0.035773 -0.420055
vn -0.806438 -0.548663 -0.220514
vn 0.602135 -0.662387 0.445732
vn -0.425329 -0.680559 0.596602
vn 0.373224 0.359062 -0.855441
vn -0.764579 -0.166415 -0.622676
vn -0.416962 -0.732982 -0.537476
vn 0.442120 -0.833441 0.331520
vn -0.310852 -0.782428 0.539608
vn -0.326576 0.829859 0.452419
vn -0.416962 -0.732982 -0.537476
vn 0.345088 0.804695 -0.483095
vn 0.816286 -0.571687 -0.082766
vn 0.741851 -0.122402 -0.659299
vn -0.416962 -0.732982 -0.537476
vn -0.832326 -0.540043 -0.124848
vn -0.794390 0.601335 0.085682
vn 0.820148 -0.561500 0.109887
vn 0.743114 -0.165253 0.648439
vn -0.344566 -0.604567 -0.718173
vn -0.515522 0.060528 0.854736
vn -0.347912 0.321516 -0.880672
vn 0.323940 -0.876192 -0.356862
vn 0.740857 0.144367 -0.655964
vn 0.829439 0.543253 -0.130028
vn -0.782536 0.220528 -0.582242
vn 0.442120 -0.833441 0.331520
vn -0.782536 0.220528 -0.582242
vn -0.289594 0.928859 -0.230991
vn 0.515522 0.060529 0.854736
vn -0.621618 0.145501 0.769689
vn 0.325794 -0.704649 0.630339
vn 0.522117 -0.814625 -0.252546
vn 0.099477 0.952529 -0.287736
vn 0.906793 0.035773 -0.420055
vn 0.099477 0.952529 -0.287736
vn 0.099477 0.952529 -0.287736
vn 0.246636 -0.583413 -0.773822
vn -0.347912 0.321516 -0.880672
vn -0.806438 -0.548663 -0.220514
vn 0.438845 0.898131 0.027870
vn 0.323678 0.945828 -0.025317
vn 0.993239 -0.114591 0.018588
vn 0.322771 -0.945544 0.042008
vn 0.323764 -0.946055 -0.012567
vn 0.981988 0.188329 -0.015222
vn -0.748856 -0.662414 0.020558
vn 0.817353 0.419085 0.395350
vn -0.931956 -0.362259 -0.015027
vn -0.880295 0.472443 0.043334
vn 0.438845 0.898131 0.027870
vn -0.688960 0.724430 -0.023128
vn 0.323678 0.945828 -0.025317
vn -0.408677 0.455826 0.790700
vn 0.325794 0.704649 0.630339
vn -0.817354 0.419084 -0.395350
vn -0.522118 0.814625 0.252546
vn 0.522118 0.814625 -0.252546
vn 0.408677 0.455826 -0.790700
vn -0.325794 0.704649 -0.630339
vt 0.828400 0.190900
vt 0.387300 0.011500
vt 0.415300 0.115300
vt 0.359400 0.055300
vt 0.756900 0.191000
vt 0.387000 0.055500
vt 0.579700 0.017200
vt 0.359700 0.011300
vt 0.902000 0.756400
vt 0.944700 0.653400
vt 0.948300 0.704700
vt 0.886200 0.649200
vt 0.869400 0.708500
vt 0.893000 0.702400
vt 0.840100 0.799400
vt 0.858900 0.748700
vt 0.902000 0.756400
vt 0.983600 0.805600
vt 0.895400 0.803600
vt 0.943000 0.807800
vt 0.943000 0.807800
vt 0.895400 0.803600
vt 0.977000 0.654000
vt 0.947400 0.747100
vt 0.984300 0.751600
vt 0.947400 0.747100
vt 0.977000 0.654000
vt 0.948300 0.704700
vt 0.893000 0.702400
vt 0.983600 0.708000
vt 0.944700 0.653400
vt 0.135800 0.785600
vt 0.947400 0.747100
vt 0.052500 0.821300
vt 0.893000 0.702400
vt 0.948300 0.704700
vt 0.902000 0.756400
vt 0.886200 0.649200
vt 0.095200 0.837400
vt 0.943000 0.807800
vt 0.071400 0.976100
vt 0.128500 0.839300
vt 0.126700 0.873700
vt 0.984300 0.751600
vt 0.895400 0.803600
vt 0.133200 0.829100
vt 0.038400 0.937500
vt 0.157300 0.986500
vt 0.944700 0.653400
vt 0.452300 0.788000
vt 0.895400 0.803600
vt 0.983600 0.805600
vt 0.902000 0.756400
vt 0.858900 0.748700
vt 0.092500 0.877200
vt 0.869400 0.708500
vt 0.095600 0.825600
vt 0.204800 0.888400
vt 0.840100 0.799400
vt 0.943000 0.807800
vt 0.095300 0.731200
vt 0.426600 0.777500
vt 0.947400 0.747100
vt 0.451300 0.725000
vt 0.414000 0.727300
vt 0.118400 0.949300
vt 0.414700 0.763100
vt 0.456700 0.014700
vt 0.908100 0.161400
vt 0.934500 0.196200
vt 0.942300 0.164000
vt 0.497400 0.019300
vt 0.718700 0.019500
vt 0.421100 0.138700
vt 0.883800 0.187700
vt 0.097400 0.787500
vt 0.129600 0.727100
vt 0.171500 0.845800
vt 0.235700 0.785500
vt 0.176700 0.785000
vt 0.128700 0.696900
vt 0.051900 0.875600
vt 0.146400 0.951900
vt 0.062900 0.916600
vt 0.084900 0.943700
vt 0.018400 0.862900
vt 0.126200 0.906300
vt 0.141100 0.838100
vt 0.136600 0.874300
vt 0.160200 0.898600
vt 0.045800 0.835300
vt 0.049400 0.751100
vt 0.096200 0.740800
vt 0.134100 0.736400
vt 0.142300 0.731400
vt 0.172400 0.722600
vt 0.048000 0.789400
vt 0.143500 0.785700
vt 0.480400 0.722200
vt 0.042000 0.739600
vt 0.544600 0.726100
vt 0.157000 0.597600
vt 0.146800 0.614200
vt 0.200700 0.675600
vt 0.042900 0.692400
vt 0.547000 0.762100
vt 0.066500 0.590100
vt 0.545500 0.734900
vt 0.130400 0.604100
vt 0.479100 0.792700
vt 0.011800 0.789600
vt 0.135300 0.586100
vt 0.010600 0.708100
vt 0.076400 0.608700
vt 0.029200 0.630500
vt 0.162700 0.668000
vt 0.137200 0.696700
vt 0.123100 0.654700
vt 0.084800 0.689700
vt 0.046300 0.652300
vt 0.322700 0.583400
vt 0.162400 0.552200
vt 0.987000 0.333500
vt 0.273500 0.521800
vt 0.951300 0.266600
vt 0.213500 0.532100
vt 0.268600 0.602200
vt 0.198600 0.602700
vt 0.322700 0.583400
vt 0.162400 0.552200
vt 0.211100 0.635800
vt 0.198600 0.602700
vt 0.987000 0.268300
vt 0.951300 0.335400
vt 0.951300 0.374100
vt 0.273500 0.521800
vt 0.330100 0.526900
vt 0.535500 0.779100
vt 0.509200 0.788500
vt 0.511200 0.724100
vt 0.268600 0.602200
vt 0.330100 0.526900
vt 0.211100 0.635800
vt 0.987000 0.371800
vt 0.213500 0.532100
vt 0.412700 0.386800
vt 0.567700 0.556300
vt 0.703300 0.505300
vt 0.695200 0.570300
vt 0.314600 0.849700
vt 0.543400 0.491200
vt 0.555600 0.455500
vt 0.377800 0.892300
vt 0.617600 0.989900
vt 0.951300 0.019700
vt 0.948300 0.704700
vt 0.418200 0.062600
vt 0.666100 0.349900
vt 0.412200 0.084000
vt 0.749600 0.339500
vt 0.757100 0.374800
vt 0.934200 0.223300
vt 0.570000 0.371000
vt 0.684600 0.473300
vt 0.439000 0.601400
vt 0.470000 0.571500
vt 0.352800 0.883400
vt 0.564400 0.422300
vt 0.651100 0.491000
vt 0.632600 0.535400
vt 0.224500 0.910500
vt 0.634000 0.602300
vt 0.542200 0.590200
vt 0.298100 0.667200
vt 0.284200 0.828800
vt 0.644800 0.894300
vt 0.617600 0.839500
vt 0.619300 0.943700
vt 0.983600 0.708000
vt 0.943000 0.807800
vt 0.902000 0.756400
vt 0.895400 0.803600
vt 0.944700 0.653400
vt 0.619900 0.899000
vt 0.645600 0.746100
vt 0.602100 0.869900
vt 0.643400 0.893900
vt 0.618000 0.899700
vt 0.619200 0.746700
vt 0.645000 0.840700
vt 0.641700 0.938700
vt 0.984300 0.751600
vt 0.895400 0.803600
vt 0.886200 0.649200
vt 0.943000 0.807800
vt 0.944700 0.653400
vt 0.617700 0.793900
vt 0.893000 0.702400
vt 0.983600 0.708000
vt 0.987000 0.077900
vt 0.977000 0.654000
vt 0.370100 0.830500
vt 0.370100 0.830500
vt 0.493300 0.544900
vt 0.359400 0.827900
vt 0.661400 0.866600
vt 0.564400 0.422300
vt 0.570000 0.371000
vt 0.516600 0.574000
vt 0.553000 0.543700
vt 0.296200 0.916900
vt 0.262700 0.892500
vt 0.347500 0.695400
vt 0.694100 0.257200
vt 0.898100 0.251700
vt 0.889800 0.358500
vt 0.932400 0.252700
vt 0.922300 0.361300
vt 0.626400 0.068800
vt 0.904100 0.226500
vt 0.880600 0.397400
vt 0.695500 0.348600
vt 0.821400 0.380300
vt 0.699300 0.381500
vt 0.453500 0.432100
vt 0.406200 0.509900
vt 0.443800 0.448300
vt 0.431200 0.462800
vt 0.580700 0.509400
vt 0.684100 0.553200
vt 0.726100 0.450200
vt 0.614800 0.436300
vt 0.596400 0.426400
vt 0.710600 0.454500
vt 0.719200 0.510600
vt 0.607300 0.476500
vt 0.947400 0.747100
vt 0.840100 0.799400
vt 0.902000 0.756400
vt 0.617700 0.793900
vt 0.644800 0.795100
vt 0.617600 0.839500
vt 0.645000 0.840700
vt 0.869400 0.708500
vt 0.984300 0.751600
vt 0.983600 0.805600
vt 0.858900 0.748700
vt 0.893000 0.702400
vt 0.977000 0.654000
vt 0.951300 0.075800
vt 0.951300 0.209600
vt 0.987000 0.019700
vt 0.951300 0.135700
vt 0.562600 0.613700
vt 0.651100 0.491000
vt 0.607300 0.573100
vt 0.632600 0.535400
vt 0.668000 0.551400
vt 0.987000 0.213700
vt 0.543400 0.491200
vt 0.555600 0.455500
vt 0.224500 0.910500
vt 0.634000 0.602300
vt 0.577500 0.635900
vt 0.519700 0.522500
vt 0.987000 0.141000
vt 0.395600 0.834700
vt 0.596300 0.469800
vt 0.331600 0.656800
vt 0.644800 0.795100
vt 0.948300 0.704700
vt 0.947400 0.747100
vt 0.983600 0.805600
vt 0.352800 0.883400
vt 0.619300 0.943700
vt 0.641700 0.938700
vt 0.640200 0.989500
vt 0.229100 0.656100
vt 0.247200 0.686700
vt 0.441400 0.370000
vt 0.454100 0.402100
vt 0.684300 0.497000
vt 0.470000 0.571500
vt 0.668000 0.551400
vt 0.448400 0.611400
vt 0.403600 0.426800
vt 0.466600 0.629200
vt 0.395100 0.473900
vt 0.751600 0.188900
vt 0.443500 0.120800
vt 0.903900 0.129300
vt 0.937600 0.097500
vt 0.832000 0.183400
vt 0.550600 0.247900
vt 0.360300 0.752600
vt 0.442000 0.506400
vt 0.426800 0.593600
vt 0.495200 0.399100
vt 0.557500 0.367400
vt 0.416600 0.467900
vt 0.607300 0.573100
vt 0.577500 0.635900
vt 0.514600 0.621600
vt 0.661700 0.453700
vt 0.562600 0.613700
vt 0.237400 0.922200
vt 0.244400 0.882500
vt 0.284300 0.776700
vt 0.279500 0.953700
vt 0.260200 0.827500
vt 0.714000 0.633500
vt 0.256400 0.776100
vt 0.431200 0.462800
vt 0.436400 0.491400
vt 0.632500 0.355500
vt 0.479600 0.652400
vt 0.622600 0.398800
vt 0.489900 0.423500
vt 0.229100 0.656100
vt 0.251000 0.707400
vt 0.244800 0.642500
vt 0.412700 0.386800
vt 0.541200 0.646100
vt 0.406200 0.509900
vt 0.486200 0.667600
vt 0.371400 0.459200
vt 0.272900 0.699900
vt 0.561200 0.500300
vt 0.344700 0.651900
vt 0.818600 0.448500
vt 0.759900 0.417200
vt 0.310900 0.709800
vt 0.485400 0.537100
vt 0.458200 0.486400
vt 0.418800 0.527000
vt 0.496300 0.363700
vt 0.439000 0.601400
vt 0.647700 0.353600
vt 0.493300 0.544900
vt 0.519700 0.522500
vt 0.838600 0.347300
vt 0.659800 0.258900
vt 0.941200 0.124500
vt 0.502100 0.239700
vt 0.565400 0.251700
vt 0.623000 0.247600
vt 0.613500 0.170300
vt 0.436400 0.491400
vt 0.244400 0.882500
vt 0.415100 0.503800
vt 0.672300 0.412600
vt 0.622600 0.398800
vt 0.454200 0.418800
vt 0.244800 0.642500
vt 0.684900 0.449500
vt 0.359400 0.827900
vt 0.454200 0.418800
vt 0.454100 0.402100
vt 0.441400 0.370000
vt 0.397100 0.492600
vt 0.415100 0.503800
vt 0.672300 0.412600
vt 0.647700 0.353600
vt 0.360200 0.489500
vt 0.514600 0.621600
vt 0.424100 0.484100
vt 0.661700 0.453700
vt 0.443800 0.448300
vt 0.453500 0.432100
vt 0.573600 0.464000
vt 0.580400 0.425800
vt 0.752100 0.594200
vt 0.276200 0.624000
vt 0.594400 0.515900
vt 0.318400 0.757700
vt 0.373100 0.751300
vt 0.360000 0.691100
vt 0.551000 0.420400
vt 0.481300 0.580700
vt 0.494300 0.602900
vt 0.504100 0.555100
vt 0.478700 0.455400
vt 0.527800 0.482100
vt 0.534900 0.531800
vt 0.605400 0.376000
vt 0.583300 0.373000
vt 0.260200 0.827500
vt 0.303300 0.609300
vt 0.749000 0.549900
vt 0.787700 0.491400
vt 0.704100 0.605100
vt 0.461100 0.560200
vt 0.507700 0.513900
vt 0.382000 0.537500
vt 0.544900 0.451800
vt 0.486200 0.667600
vt 0.632500 0.355500
vt 0.479600 0.652400
vt 0.541200 0.646100
vt 0.424100 0.484100
vt 0.360200 0.489500
vt 0.397100 0.492600
vt 0.339800 0.357800
vt 0.402800 0.344800
vt 0.380300 0.284800
vt 0.365100 0.393200
vt 0.339800 0.357800
vt 0.325300 0.055100
vt 0.349200 0.308600
vt 0.349200 0.308600
vt 0.422000 0.285200
vt 0.380300 0.284800
vt 0.255500 0.054600
vt 0.286500 0.010800
vt 0.255800 0.010600
vt 0.325700 0.011100
vt 0.365100 0.393200
vt 0.402800 0.344800
vt 0.397500 0.407200
vt 0.397500 0.407200
vt 0.422000 0.285200
vt 0.223200 0.010300
vt 0.222900 0.054300
vt 0.286100 0.054800
vt 0.749000 0.549900
vt 0.794000 0.487600
vt 0.237400 0.922200
vt 0.279500 0.953700
vt 0.752100 0.594200
vt 0.325200 0.989900
vt 0.256400 0.776100
vt 0.351200 0.944800
vt 0.254900 0.728100
vt 0.800900 0.384800
vt 0.284300 0.776700
vt 0.704100 0.605100
vt 0.323000 0.594800
vt 0.303300 0.609300
vt 0.276200 0.624000
vt 0.759900 0.417200
vt 0.724400 0.656500
vt 0.837900 0.423700
vt 0.714000 0.633500
vt 0.818600 0.448500
vt 0.764800 0.635900
vt 0.561200 0.500300
vt 0.359600 0.641700
vt 0.344700 0.651900
vt 0.265300 0.679500
vt 0.280500 0.720300
vt 0.580400 0.425800
vt 0.605400 0.376000
vt 0.583300 0.373000
vt 0.573600 0.464000
vt 0.494300 0.602900
vt 0.466600 0.629200
vt 0.481300 0.580700
vt 0.448400 0.611400
vt 0.416600 0.467900
vt 0.403600 0.426800
vt 0.395100 0.473900
vt 0.371400 0.459200
vt 0.504100 0.555100
vt 0.534900 0.531800
vt 0.496300 0.363700
vt 0.544900 0.451800
vt 0.551000 0.420400
vt 0.489900 0.423500
vt 0.527800 0.482100
vt 0.478700 0.455400
vt 0.495200 0.399100
vt 0.557500 0.367400
vt 0.458200 0.486400
vt 0.461100 0.560200
vt 0.442000 0.506400
vt 0.382000 0.537500
vt 0.418800 0.527000
vt 0.426800 0.593600
vt 0.485400 0.537100
vt 0.507700 0.513900
vt 0.380300 0.682900
vt 0.360000 0.691100
vt 0.397100 0.746400
vt 0.052500 0.821300
vt 0.095600 0.825600
vt 0.806500 0.013000
vt 0.849000 0.006900
vt 0.763400 0.342800
vt 0.854200 0.040600
vt 0.491000 0.250400
vt 0.432000 0.252600
vt 0.721300 0.054600
vt 0.898200 0.103100
vt 0.822400 0.348900
vt 0.095300 0.731200
vt 0.930100 0.078600
vt 0.360300 0.752600
vt 0.310900 0.709800
vt 0.318400 0.757700
vt 0.765700 0.373100
vt 0.810700 0.377000
vt 0.141100 0.838100
vt 0.881400 0.019800
vt 0.373100 0.751300
vt 0.594400 0.515900
vt 0.128500 0.839300
vt 0.204800 0.888400
vt 0.133200 0.829100
vt 0.126700 0.873700
vt 0.810400 0.048300
vt 0.452300 0.788000
vt 0.643500 0.106500
vt 0.135800 0.785600
vt 0.692300 0.036200
vt 0.426800 0.162100
vt 0.092500 0.877200
vt 0.641100 0.133900
vt 0.157300 0.986500
vt 0.118400 0.949300
vt 0.426600 0.777500
vt 0.084900 0.943700
vt 0.048000 0.789400
vt 0.096200 0.740800
vt 0.049400 0.751100
vt 0.136600 0.874300
vt 0.062900 0.916600
vt 0.134100 0.736400
vt 0.171500 0.845800
vt 0.146400 0.951900
vt 0.607300 0.476500
vt 0.614800 0.436300
vt 0.596300 0.469800
vt 0.596400 0.426400
vt 0.451300 0.725000
vt 0.126200 0.906300
vt 0.097400 0.787500
vt 0.580700 0.509400
vt 0.414700 0.763100
vt 0.071400 0.976100
vt 0.414000 0.727300
vt 0.038400 0.937500
vt 0.095200 0.837400
vt 0.045800 0.835300
vt 0.160200 0.898600
vt 0.678700 0.128800
vt 0.051900 0.875600
vt 0.018400 0.862900
vt 0.347500 0.695400
vt 0.516600 0.574000
vt 0.726100 0.450200
vt 0.695200 0.570300
vt 0.553000 0.543700
vt 0.567700 0.556300
vt 0.703300 0.505300
vt 0.719200 0.510600
vt 0.542200 0.590200
vt 0.684100 0.553200
vt 0.426600 0.824900
vt 0.314600 0.849700
vt 0.262700 0.892500
vt 0.298100 0.667200
vt 0.284200 0.828800
vt 0.331600 0.656800
vt 0.710600 0.454500
vt 0.456900 0.846100
vt 0.446100 0.810800
vt 0.496900 0.880500
vt 0.562800 0.810900
vt 0.296200 0.916900
vt 0.533200 0.832700
vt 0.542500 0.962500
vt 0.495000 0.841400
vt 0.501100 0.966600
vt 0.591700 0.858000
vt 0.499000 0.921000
vt 0.400100 0.864700
vt 0.567200 0.967200
vt 0.698100 0.719100
vt 0.695500 0.636300
vt 0.556900 0.866700
vt 0.429400 0.968800
vt 0.544500 0.988500
vt 0.709500 0.654600
vt 0.452100 0.987700
vt 0.453800 0.963000
vt 0.436100 0.872100
vt 0.638000 0.630000
vt 0.622400 0.654700
vt 0.531200 0.796200
vt 0.489600 0.804800
vt 0.500800 0.990900
vt 0.142300 0.731400
vt 0.545500 0.734900
vt 0.143500 0.785700
vt 0.479100 0.792700
vt 0.172400 0.722600
vt 0.176700 0.785000
vt 0.235700 0.785500
vt 0.128700 0.696900
vt 0.129600 0.727100
vt 0.011800 0.789600
vt 0.042000 0.739600
vt 0.135300 0.586100
vt 0.076400 0.608700
vt 0.547000 0.762100
vt 0.066500 0.590100
vt 0.544600 0.726100
vt 0.480400 0.722200
vt 0.084800 0.689700
vt 0.157000 0.597600
vt 0.046300 0.652300
vt 0.200700 0.675600
vt 0.130400 0.604100
vt 0.029200 0.630500
vt 0.010600 0.708100
vt 0.042900 0.692400
vt 0.146800 0.614200
vt 0.748900 0.982200
vt 0.704200 0.932100
vt 0.706100 0.987000
vt 0.789900 0.825300
vt 0.683400 0.989500
vt 0.665600 0.725000
vt 0.853500 0.899000
vt 0.678600 0.918000
vt 0.857600 0.958900
vt 0.666000 0.635200
vt 0.637100 0.721600
vt 0.791200 0.970900
vt 0.748600 0.812000
vt 0.750300 0.896000
vt 0.680400 0.946900
vt 0.701300 0.856000
vt 0.857300 0.839800
vt 0.791600 0.897500
vt 0.889400 0.519400
vt 0.961700 0.502700
vt 0.912900 0.502300
vt 0.674500 0.852500
vt 0.791600 0.897500
vt 0.789900 0.825300
vt 0.683400 0.989500
vt 0.680400 0.946900
vt 0.853500 0.899000
vt 0.791200 0.970900
vt 0.857600 0.958900
vt 0.535500 0.779100
vt 0.509200 0.788500
vt 0.857300 0.839800
vt 0.511200 0.724100
vt 0.162700 0.668000
vt 0.705500 0.803500
vt 0.674500 0.852500
vt 0.683100 0.799100
vt 0.137200 0.696700
vt 0.123100 0.654700
vt 0.678600 0.918000
vt 0.947400 0.747100
vt 0.983200 0.518100
vt 0.995700 0.550800
vt 0.977000 0.654000
vt 0.748600 0.812000
vt 0.895400 0.803600
vt 0.701300 0.856000
vt 0.683100 0.799100
vt 0.948300 0.704700
vt 0.704200 0.932100
vt 0.705500 0.803500
vt 0.748900 0.982200
vt 0.983600 0.708000
vt 0.750300 0.896000
vt 0.948300 0.704700
vt 0.902000 0.756400
vt 0.977000 0.654000
vt 0.893000 0.702400
vt 0.983600 0.708000
vt 0.944700 0.653400
vt 0.943000 0.807800
vt 0.948300 0.704700
vt 0.983600 0.805600
vt 0.840100 0.799400
vt 0.944700 0.653400
vt 0.893000 0.702400
vt 0.858900 0.748700
vt 0.880700 0.553500
vt 0.891900 0.612000
vt 0.914200 0.630900
vt 0.961900 0.631600
vt 0.895400 0.803600
vt 0.902000 0.756400
vt 0.983600 0.708000
vt 0.986100 0.611500
vt 0.947400 0.747100
vt 0.944700 0.653400
vt 0.869400 0.708500
vt 0.983600 0.805600
vt 0.893000 0.702400
vt 0.886200 0.649200
vt 0.984300 0.751600
vt 0.706100 0.987000
vt 0.984300 0.751600
vt 0.943000 0.807800
vt 0.015700 0.355300
vt 0.286600 0.262500
vt 0.041200 0.012200
vt 0.197700 0.024800
vt 0.193100 0.242000
vt 0.174800 0.260000
vt 0.202600 0.265000
vt 0.022900 0.391700
vt 0.289000 0.129500
vt 0.015800 0.370300
vt 0.041700 0.370200
vt 0.607100 0.321000
vt 0.528400 0.262800
vt 0.962200 0.608700
vt 0.636600 0.262800
vt 0.201200 0.369400
vt 0.197900 0.389000
vt 0.042400 0.513500
vt 0.541100 0.321000
vt 0.529000 0.332900
vt 0.400000 0.122300
vt 0.637100 0.332900
vt 0.900900 0.554300
vt 0.912700 0.523700
vt 0.912300 0.485300
vt 0.962400 0.485300
vt 0.410600 0.362200
vt 0.414900 0.333700
vt 0.385600 0.362100
vt 0.964800 0.390700
vt 0.910000 0.390700
vt 0.914600 0.608000
vt 0.974300 0.552000
vt 0.015300 0.027200
vt 0.400400 0.273400
vt 0.313600 0.270500
vt 0.201100 0.354400
vt 0.314300 0.124300
vt 0.202600 0.116700
vt 0.022000 0.138000
vt 0.041200 0.121800
vt 0.016500 0.513600
vt 0.023400 0.495000
vt 0.299400 0.243000
vt 0.021800 0.244100
vt 0.037600 0.260300
vt 0.961500 0.524200
vt 0.890500 0.422700
vt 0.374200 0.333500
vt 0.013300 0.116700
vt 0.174800 0.121800
vt 0.193100 0.138700
vt 0.175700 0.012200
vt 0.013700 0.264800
vt 0.176900 0.512800
vt 0.198800 0.502500
vt 0.984200 0.422700
vt 0.179600 0.369500
vt 0.606800 0.278100
vt 0.540700 0.278100
vt 0.392500 0.315800
vt 0.236500 0.497900
vt 0.209200 0.494300
vt 0.340400 0.494900
vt 0.263700 0.503200
vt 0.317300 0.502900
vt 0.287700 0.503100
vt 0.223600 0.424400
vt 0.217400 0.287500
vt 0.244700 0.425200
vt 0.266300 0.425900
vt 0.265900 0.287300
vt 0.241700 0.287200
vt 0.285300 0.425900
vt 0.636600 0.262800
vt 0.287000 0.287200
vt 0.308500 0.425300
vt 0.326900 0.424800
vt 0.313000 0.287200
vt 0.334000 0.288000
vt 0.637100 0.332900
vt 0.606800 0.278100
vt 0.529000 0.332900
vt 0.607100 0.321000
vt 0.540700 0.278100
vt 0.528400 0.262800
vt 0.541100 0.321000
g MinionModel
usemtl MinionModel_mat
f 411/411/411 405/405/405 404/404/404
f 405/405/405 409/409/409 404/404/404
f 409/409/409 403/403/403 404/404/404
f 404/404/404 403/403/403 417/417/417
f 404/404/404 417/417/417 419/419/419
f 412/412/412 421/421/421 418/418/418
f 410/410/410 412/412/412 418/418/418
f 407/407/407 410/410/410 418/418/418
f 407/407/407 418/418/418 406/406/406
f 406/406/406 418/418/418 420/420/420
f 422/422/422 415/415/415 423/423/423
f 423/423/423 415/415/415 413/413/413
f 415/415/415 414/414/414 413/413/413
f 413/413/413 414/414/414 424/424/424
f 414/414/414 416/416/416 424/424/424
f 424/424/424 416/416/416 408/408/408
f 416/416/416 8/8/8 408/408/408
f 408/408/408 8/8/8 4/4/4
f 8/8/8 6/6/6 4/4/4
f 2/2/2 6/6/6 8/8/8
f 3/3/3 159/159/159 290/290/290
f 290/290/290 159/159/159 219/219/219
f 219/219/219 159/159/159 157/157/157
f 72/72/72 219/219/219 157/157/157
f 68/68/68 72/72/72 157/157/157
f 347/347/347 290/290/290 219/219/219
f 515/515/515 290/290/290 347/347/347
f 347/347/347 344/344/344 515/515/515
f 294/294/294 344/344/344 347/347/347
f 294/294/294 347/347/347 345/345/345
f 346/346/346 345/345/345 347/347/347
f 74/74/74 290/290/290 515/515/515
f 7/7/7 219/219/219 72/72/72
f 515/515/515 344/344/344 490/490/490
f 515/515/515 490/490/490 491/491/491
f 486/486/486 492/492/492 73/73/73
f 510/510/510 492/492/492 486/486/486
f 487/487/487 510/510/510 486/486/486
f 489/489/489 510/510/510 487/487/487
f 489/489/489 493/493/493 510/510/510
f 493/493/493 489/489/489 496/496/496
f 496/496/496 489/489/489 503/503/503
f 492/492/492 510/510/510 545/545/545
f 510/510/510 493/493/493 545/545/545
f 493/493/493 291/291/291 545/545/545
f 493/493/493 292/292/292 291/291/291
f 291/291/291 292/292/292 343/343/343
f 71/71/71 291/291/291 343/343/343
f 69/69/69 291/291/291 71/71/71
f 70/70/70 69/69/69 71/71/71
f 492/492/492 545/545/545 514/514/514
f 514/514/514 545/545/545 512/512/512
f 224/224/224 222/222/222 161/161/161
f 161/161/161 222/222/222 160/160/160
f 214/214/214 160/160/160 222/222/222
f 158/158/158 214/214/214 222/222/222
f 342/342/342 214/214/214 158/158/158
f 214/214/214 342/342/342 545/545/545
f 545/545/545 342/342/342 517/517/517
f 160/160/160 488/488/488 161/161/161
f 160/160/160 5/5/5 488/488/488
f 488/488/488 5/5/5 494/494/494
f 494/494/494 5/5/5 1/1/1
f 494/494/494 1/1/1 341/341/341
f 161/161/161 488/488/488 500/500/500
f 500/500/500 488/488/488 501/501/501
f 501/501/501 488/488/488 494/494/494
f 501/501/501 494/494/494 223/223/223
f 223/223/223 494/494/494 341/341/341
f 223/223/223 341/341/341 221/221/221
f 221/221/221 341/341/341 216/216/216
f 215/215/215 216/216/216 341/341/341
f 341/341/341 293/293/293 215/215/215
f 75/75/75 215/215/215 293/293/293
f 293/293/293 291/291/291 75/75/75
f 289/289/289 291/291/291 293/293/293
f 216/216/216 215/215/215 218/218/218
f 218/218/218 215/215/215 217/217/217
f 215/215/215 220/220/220 217/217/217
f 220/220/220 215/215/215 75/75/75
f 220/220/220 75/75/75 162/162/162
f 162/162/162 75/75/75 70/70/70
f 75/75/75 69/69/69 70/70/70
f 291/291/291 69/69/69 75/75/75
f 217/217/217 220/220/220 162/162/162
f 545/545/545 291/291/291 289/289/289
f 545/545/545 289/289/289 214/214/214
f 214/214/214 289/289/289 160/160/160
f 538/538/538 534/534/534 540/540/540
f 538/538/538 520/520/520 534/534/534
f 520/520/520 511/511/511 534/534/534
f 595/595/595 534/534/534 511/511/511
f 595/595/595 608/608/608 534/534/534
f 608/608/608 595/595/595 648/648/648
f 608/608/608 648/648/648 650/650/650
f 650/650/650 648/648/648 647/647/647
f 605/605/605 650/650/650 647/647/647
f 605/605/605 593/593/593 650/650/650
f 593/593/593 607/607/607 650/650/650
f 649/649/649 641/641/641 644/644/644
f 644/644/644 641/641/641 640/640/640
f 641/641/641 671/671/671 640/640/640
f 662/662/662 671/671/671 641/641/641
f 671/671/671 662/662/662 664/664/664
f 664/664/664 662/662/662 668/668/668
f 668/668/668 665/665/665 664/664/664
f 664/664/664 665/665/665 639/639/639
f 645/645/645 644/644/644 640/640/640
f 671/671/671 645/645/645 640/640/640
f 669/669/669 645/645/645 671/671/671
f 667/667/667 669/669/669 671/671/671
f 664/664/664 667/667/667 671/671/671
f 667/667/667 664/664/664 657/657/657
f 657/657/657 664/664/664 639/639/639
f 646/646/646 644/644/644 645/645/645
f 667/667/667 700/700/700 669/669/669
f 643/643/643 700/700/700 667/667/667
f 642/642/642 700/700/700 643/643/643
f 691/691/691 682/682/682 23/23/23
f 679/679/679 682/682/682 691/691/691
f 691/691/691 24/24/24 679/679/679
f 25/25/25 24/24/24 691/691/691
f 25/25/25 20/20/20 24/24/24
f 18/18/18 20/20/20 25/25/25
f 679/679/679 12/12/12 682/682/682
f 683/683/683 12/12/12 679/679/679
f 679/679/679 9/9/9 683/683/683
f 24/24/24 9/9/9 679/679/679
f 24/24/24 22/22/22 9/9/9
f 20/20/20 22/22/22 24/24/24
f 12/12/12 683/683/683 13/13/13
f 683/683/683 16/16/16 13/13/13
f 9/9/9 16/16/16 683/683/683
f 9/9/9 15/15/15 16/16/16
f 22/22/22 15/15/15 9/9/9
f 12/12/12 13/13/13 14/14/14
f 13/13/13 17/17/17 14/14/14
f 16/16/16 17/17/17 13/13/13
f 16/16/16 19/19/19 17/17/17
f 15/15/15 19/19/19 16/16/16
f 14/14/14 11/11/11 12/12/12
f 14/14/14 26/26/26 11/11/11
f 17/17/17 26/26/26 14/14/14
f 17/17/17 21/21/21 26/26/26
f 19/19/19 21/21/21 17/17/17
f 12/12/12 11/11/11 10/10/10
f 31/31/31 30/30/30 27/27/27
f 28/28/28 30/30/30 31/31/31
f 38/38/38 28/28/28 31/31/31
f 29/29/29 28/28/28 38/38/38
f 56/56/56 29/29/29 38/38/38
f 35/35/35 56/56/56 38/38/38
f 35/35/35 38/38/38 36/36/36
f 36/36/36 38/38/38 49/49/49
f 33/33/33 30/30/30 28/28/28
f 33/33/33 28/28/28 37/37/37
f 37/37/37 28/28/28 29/29/29
f 37/37/37 29/29/29 54/54/54
f 54/54/54 29/29/29 56/56/56
f 54/54/54 56/56/56 53/53/53
f 53/53/53 56/56/56 35/35/35
f 53/53/53 35/35/35 63/63/63
f 63/63/63 35/35/35 36/36/36
f 44/44/44 30/30/30 33/33/33
f 60/60/60 44/44/44 33/33/33
f 60/60/60 33/33/33 51/51/51
f 51/51/51 33/33/33 37/37/37
f 51/51/51 37/37/37 59/59/59
f 59/59/59 37/37/37 54/54/54
f 59/59/59 54/54/54 45/45/45
f 45/45/45 54/54/54 53/53/53
f 45/45/45 53/53/53 40/40/40
f 40/40/40 53/53/53 63/63/63
f 52/52/52 44/44/44 60/60/60
f 64/64/64 67/67/67 65/65/65
f 62/62/62 67/67/67 64/64/64
f 50/50/50 62/62/62 64/64/64
f 64/64/64 110/110/110 50/50/50
f 99/99/99 110/110/110 64/64/64
f 110/110/110 99/99/99 139/139/139
f 139/139/139 99/99/99 140/140/140
f 139/139/139 140/140/140 138/138/138
f 140/140/140 106/106/106 138/138/138
f 108/108/108 106/106/106 140/140/140
f 101/101/101 108/108/108 140/140/140
f 124/124/124 121/121/121 142/142/142
f 141/141/141 121/121/121 124/124/124
f 145/145/145 141/141/141 124/124/124
f 132/132/132 141/141/141 145/145/145
f 122/122/122 132/132/132 145/145/145
f 131/131/131 141/141/141 132/132/132
f 137/137/137 129/129/129 136/136/136
f 136/136/136 129/129/129 127/127/127
f 127/127/127 126/126/126 136/136/136
f 127/127/127 128/128/128 126/126/126
f 127/127/127 143/143/143 128/128/128
f 128/128/128 130/130/130 126/126/126
f 135/135/135 123/123/123 144/144/144
f 134/134/134 123/123/123 135/135/135
f 134/134/134 133/133/133 123/123/123
f 125/125/125 133/133/133 134/134/134
f 125/125/125 259/259/259 133/133/133
f 251/251/251 259/259/259 125/125/125
f 251/251/251 266/266/266 259/259/259
f 253/253/253 266/266/266 251/251/251
f 253/253/253 200/200/200 266/266/266
f 250/250/250 200/200/200 253/253/253
f 250/250/250 252/252/252 200/200/200
f 155/155/155 252/252/252 250/250/250
f 196/196/196 199/199/199 201/201/201
f 156/156/156 199/199/199 196/196/196
f 156/156/156 196/196/196 198/198/198
f 198/198/198 196/196/196 194/194/194
f 244/244/244 198/198/198 194/194/194
f 248/248/248 244/244/244 194/194/194
f 194/194/194 183/183/183 248/248/248
f 156/156/156 245/245/245 199/199/199
f 272/272/272 245/245/245 156/156/156
f 198/198/198 272/272/272 156/156/156
f 181/181/181 272/272/272 198/198/198
f 244/244/244 181/181/181 198/198/198
f 247/247/247 181/181/181 244/244/244
f 247/247/247 244/244/244 239/239/239
f 239/239/239 244/244/244 248/248/248
f 239/239/239 248/248/248 237/237/237
f 237/237/237 248/248/248 271/271/271
f 248/248/248 183/183/183 271/271/271
f 272/272/272 273/273/273 245/245/245
f 195/195/195 273/273/273 272/272/272
f 181/181/181 195/195/195 272/272/272
f 182/182/182 195/195/195 181/181/181
f 247/247/247 182/182/182 181/181/181
f 238/238/238 182/182/182 247/247/247
f 238/238/238 247/247/247 193/193/193
f 193/193/193 247/247/247 239/239/239
f 193/193/193 239/239/239 180/180/180
f 180/180/180 239/239/239 237/237/237
f 180/180/180 237/237/237 246/246/246
f 246/246/246 237/237/237 192/192/192
f 237/237/237 271/271/271 192/192/192
f 192/192/192 271/271/271 179/179/179
f 271/271/271 183/183/183 179/179/179
f 179/179/179 183/183/183 249/249/249
f 307/307/307 262/262/262 306/306/306
f 212/212/212 307/307/307 306/306/306
f 212/212/212 306/306/306 211/211/211
f 211/211/211 306/306/306 309/309/309
f 309/309/309 432/432/432 211/211/211
f 430/430/430 432/432/432 309/309/309
f 428/428/428 432/432/432 430/430/430
f 307/307/307 212/212/212 310/310/310
f 310/310/310 212/212/212 175/175/175
f 175/175/175 212/212/212 150/150/150
f 150/150/150 212/212/212 211/211/211
f 150/150/150 211/211/211 274/274/274
f 211/211/211 432/432/432 274/274/274
f 432/432/432 153/153/153 274/274/274
f 153/153/153 432/432/432 167/167/167
f 432/432/432 569/569/569 167/167/167
f 569/569/569 432/432/432 428/428/428
f 427/427/427 569/569/569 428/428/428
f 308/308/308 310/310/310 175/175/175
f 308/308/308 175/175/175 375/375/375
f 375/375/375 175/175/175 150/150/150
f 150/150/150 205/205/205 375/375/375
f 274/274/274 205/205/205 150/150/150
f 274/274/274 202/202/202 205/205/205
f 274/274/274 153/153/153 202/202/202
f 267/267/267 202/202/202 153/153/153
f 267/267/267 153/153/153 203/203/203
f 167/167/167 203/203/203 153/153/153
f 312/312/312 310/310/310 308/308/308
f 312/312/312 308/308/308 320/320/320
f 320/320/320 308/308/308 327/327/327
f 375/375/375 327/327/327 308/308/308
f 375/375/375 332/332/332 327/327/327
f 295/295/295 332/332/332 375/375/375
f 375/375/375 205/205/205 295/295/295
f 295/295/295 205/205/205 376/376/376
f 376/376/376 205/205/205 202/202/202
f 202/202/202 267/267/267 376/376/376
f 376/376/376 267/267/267 483/483/483
f 267/267/267 504/504/504 483/483/483
f 203/203/203 504/504/504 267/267/267
f 327/327/327 321/321/321 320/320/320
f 327/327/327 174/174/174 321/321/321
f 327/327/327 332/332/332 174/174/174
f 332/332/332 213/213/213 174/174/174
f 213/213/213 332/332/332 295/295/295
f 376/376/376 213/213/213 295/295/295
f 377/377/377 213/213/213 376/376/376
f 483/483/483 377/377/377 376/376/376
f 481/481/481 377/377/377 483/483/483
f 481/481/481 483/483/483 482/482/482
f 482/482/482 483/483/483 504/504/504
f 321/321/321 319/319/319 320/320/320
f 321/321/321 174/174/174 373/373/373
f 174/174/174 388/388/388 373/373/373
f 174/174/174 269/269/269 388/388/388
f 213/213/213 269/269/269 174/174/174
f 377/377/377 269/269/269 213/213/213
f 329/329/329 269/269/269 377/377/377
f 481/481/481 329/329/329 377/377/377
f 447/447/447 329/329/329 481/481/481
f 481/481/481 448/448/448 447/447/447
f 482/482/482 448/448/448 481/481/481
f 482/482/482 563/563/563 448/448/448
f 548/548/548 563/563/563 482/482/482
f 504/504/504 548/548/548 482/482/482
f 269/269/269 329/329/329 388/388/388
f 447/447/447 388/388/388 329/329/329
f 437/437/437 388/388/388 447/447/447
f 447/447/447 438/438/438 437/437/437
f 448/448/448 438/438/438 447/447/447
f 448/448/448 563/563/563 438/438/438
f 563/563/563 561/561/561 438/438/438
f 563/563/563 548/548/548 561/561/561
f 548/548/548 498/498/498 561/561/561
f 548/548/548 497/497/497 498/498/498
f 497/497/497 548/548/548 504/504/504
f 497/497/497 504/504/504 356/356/356
f 356/356/356 504/504/504 203/203/203
f 203/203/203 167/167/167 356/356/356
f 438/438/438 561/561/561 439/439/439
f 561/561/561 449/449/449 439/439/439
f 561/561/561 450/450/450 449/449/449
f 498/498/498 450/450/450 561/561/561
f 498/498/498 499/499/499 450/450/450
f 498/498/498 497/497/497 499/499/499
f 497/497/497 356/356/356 499/499/499
f 499/499/499 356/356/356 559/559/559
f 356/356/356 167/167/167 559/559/559
f 569/569/569 559/559/559 167/167/167
f 560/560/560 559/559/559 569/569/569
f 560/560/560 569/569/569 427/427/427
f 439/439/439 449/449/449 354/354/354
f 354/354/354 449/449/449 279/279/279
f 449/449/449 450/450/450 279/279/279
f 279/279/279 450/450/450 433/433/433
f 450/450/450 435/435/435 433/433/433
f 450/450/450 499/499/499 435/435/435
f 435/435/435 499/499/499 562/562/562
f 562/562/562 499/499/499 559/559/559
f 562/562/562 559/559/559 560/560/560
f 562/562/562 560/560/560 387/387/387
f 387/387/387 560/560/560 349/349/349
f 349/349/349 560/560/560 427/427/427
f 171/171/171 349/349/349 427/427/427
f 278/278/278 354/354/354 279/279/279
f 562/562/562 387/387/387 435/435/435
f 435/435/435 387/387/387 431/431/431
f 433/433/433 435/435/435 431/431/431
f 362/362/362 363/363/363 315/315/315
f 317/317/317 362/362/362 315/315/315
f 385/385/385 317/317/317 315/315/315
f 233/233/233 317/317/317 385/385/385
f 386/386/386 233/233/233 385/385/385
f 371/371/371 233/233/233 386/386/386
f 371/371/371 386/386/386 168/168/168
f 168/168/168 386/386/386 163/163/163
f 232/232/232 362/362/362 317/317/317
f 232/232/232 317/317/317 233/233/233
f 268/268/268 232/232/232 233/233/233
f 371/371/371 268/268/268 233/233/233
f 370/370/370 268/268/268 371/371/371
f 370/370/370 371/371/371 261/261/261
f 261/261/261 371/371/371 168/168/168
f 367/367/367 362/362/362 232/232/232
f 236/236/236 367/367/367 232/232/232
f 236/236/236 232/232/232 268/268/268
f 229/229/229 236/236/236 268/268/268
f 370/370/370 229/229/229 268/268/268
f 328/328/328 229/229/229 370/370/370
f 328/328/328 370/370/370 260/260/260
f 260/260/260 370/370/370 261/261/261
f 261/261/261 395/395/395 260/260/260
f 261/261/261 168/168/168 395/395/395
f 164/164/164 362/362/362 367/367/367
f 367/367/367 255/255/255 164/164/164
f 255/255/255 367/367/367 236/236/236
f 374/374/374 255/255/255 236/236/236
f 374/374/374 236/236/236 229/229/229
f 374/374/374 229/229/229 147/147/147
f 147/147/147 229/229/229 210/210/210
f 328/328/328 210/210/210 229/229/229
f 384/384/384 210/210/210 328/328/328
f 260/260/260 384/384/384 328/328/328
f 255/255/255 258/258/258 164/164/164
f 257/257/257 258/258/258 255/255/255
f 257/257/257 255/255/255 374/374/374
f 256/256/256 257/257/257 374/374/374
f 147/147/147 256/256/256 374/374/374
f 256/256/256 147/147/147 254/254/254
f 254/254/254 147/147/147 173/173/173
f 147/147/147 210/210/210 173/173/173
f 173/173/173 210/210/210 209/209/209
f 384/384/384 209/209/209 210/210/210
f 257/257/257 256/256/256 258/258/258
f 258/258/258 256/256/256 263/263/263
f 256/256/256 264/264/264 263/263/263
f 254/254/254 264/264/264 256/256/256
f 264/264/264 254/254/254 323/323/323
f 323/323/323 254/254/254 365/365/365
f 365/365/365 254/254/254 173/173/173
f 173/173/173 209/209/209 365/365/365
f 365/365/365 209/209/209 380/380/380
f 209/209/209 379/379/379 380/380/380
f 381/381/381 379/379/379 209/209/209
f 381/381/381 209/209/209 384/384/384
f 265/265/265 381/381/381 384/384/384
f 265/265/265 384/384/384 260/260/260
f 316/316/316 323/323/323 365/365/365
f 316/316/316 365/365/365 380/380/380
f 287/287/287 316/316/316 380/380/380
f 380/380/380 285/285/285 287/287/287
f 379/379/379 285/285/285 380/380/380
f 166/166/166 285/285/285 379/379/379
f 166/166/166 379/379/379 204/204/204
f 204/204/204 379/379/379 381/381/381
f 204/204/204 381/381/381 265/265/265
f 316/316/316 325/325/325 323/323/323
f 165/165/165 285/285/285 166/166/166
f 165/165/165 166/166/166 297/297/297
f 297/297/297 166/166/166 392/392/392
f 166/166/166 204/204/204 392/392/392
f 392/392/392 204/204/204 333/333/333
f 204/204/204 265/265/265 333/333/333
f 333/333/333 265/265/265 393/393/393
f 265/265/265 260/260/260 393/393/393
f 393/393/393 260/260/260 383/383/383
f 260/260/260 395/395/395 383/383/383
f 335/335/335 297/297/297 392/392/392
f 296/296/296 335/335/335 392/392/392
f 333/333/333 296/296/296 392/392/392
f 334/334/334 296/296/296 333/333/333
f 393/393/393 334/334/334 333/333/333
f 382/382/382 334/334/334 393/393/393
f 383/383/383 382/382/382 393/393/393
f 395/395/395 382/382/382 383/383/383
f 318/318/318 382/382/382 395/395/395
f 378/378/378 318/318/318 395/395/395
f 395/395/395 168/168/168 378/378/378
f 394/394/394 297/297/297 335/335/335
f 335/335/335 324/324/324 394/394/394
f 324/324/324 335/335/335 361/361/361
f 361/361/361 335/335/335 296/296/296
f 361/361/361 296/296/296 314/314/314
f 334/334/334 314/314/314 296/296/296
f 334/334/334 313/313/313 314/314/314
f 313/313/313 334/334/334 368/368/368
f 368/368/368 334/334/334 382/382/382
f 382/382/382 369/369/369 368/368/368
f 318/318/318 369/369/369 382/382/382
f 394/394/394 324/324/324 360/360/360
f 361/361/361 360/360/360 324/324/324
f 366/366/366 360/360/360 361/361/361
f 361/361/361 314/314/314 366/366/366
f 313/313/313 366/366/366 314/314/314
f 300/300/300 366/366/366 313/313/313
f 313/313/313 286/286/286 300/300/300
f 368/368/368 286/286/286 313/313/313
f 286/286/286 368/368/368 369/369/369
f 369/369/369 357/357/357 286/286/286
f 357/357/357 369/369/369 318/318/318
f 364/364/364 394/394/394 360/360/360
f 288/288/288 364/364/364 360/360/360
f 366/366/366 288/288/288 360/360/360
f 300/300/300 288/288/288 366/366/366
f 286/286/286 288/288/288 300/300/300
f 326/326/326 288/288/288 286/286/286
f 326/326/326 364/364/364 288/288/288
f 163/163/163 299/299/299 168/168/168
f 168/168/168 299/299/299 378/378/378
f 299/299/299 298/298/298 378/378/378
f 336/336/336 298/298/298 299/299/299
f 359/359/359 298/298/298 336/336/336
f 358/358/358 298/298/298 359/359/359
f 322/322/322 358/358/358 359/359/359
f 286/286/286 358/358/358 322/322/322
f 357/357/357 358/358/358 286/286/286
f 298/298/298 318/318/318 378/378/378
f 358/358/358 318/318/318 298/298/298
f 357/357/357 318/318/318 358/358/358
f 338/338/338 351/351/351 397/397/397
f 351/351/351 352/352/352 397/397/397
f 351/351/351 531/531/531 352/352/352
f 304/304/304 531/531/531 351/351/351
f 351/351/351 355/355/355 304/304/304
f 355/355/355 282/282/282 304/304/304
f 304/304/304 282/282/282 169/169/169
f 282/282/282 284/284/284 169/169/169
f 352/352/352 452/452/452 397/397/397
f 352/352/352 533/533/533 452/452/452
f 531/531/531 533/533/533 352/352/352
f 533/533/533 531/531/531 532/532/532
f 532/532/532 531/531/531 530/530/530
f 304/304/304 530/530/530 531/531/531
f 169/169/169 530/530/530 304/304/304
f 169/169/169 505/505/505 530/530/530
f 170/170/170 505/505/505 169/169/169
f 169/169/169 284/284/284 170/170/170
f 284/284/284 301/301/301 170/170/170
f 172/172/172 301/301/301 284/284/284
f 452/452/452 533/533/533 453/453/453
f 453/453/453 533/533/533 451/451/451
f 533/533/533 532/532/532 451/451/451
f 451/451/451 532/532/532 454/454/454
f 532/532/532 537/537/537 454/454/454
f 530/530/530 537/537/537 532/532/532
f 505/505/505 537/537/537 530/530/530
f 553/553/553 537/537/537 505/505/505
f 301/301/301 553/553/553 505/505/505
f 170/170/170 301/301/301 505/505/505
f 207/207/207 453/453/453 451/451/451
f 207/207/207 451/451/451 152/152/152
f 152/152/152 451/451/451 454/454/454
f 152/152/152 454/454/454 151/151/151
f 151/151/151 454/454/454 446/446/446
f 454/454/454 537/537/537 446/446/446
f 537/537/537 552/552/552 446/446/446
f 552/552/552 537/537/537 553/553/553
f 208/208/208 453/453/453 207/207/207
f 207/207/207 472/472/472 208/208/208
f 467/467/467 472/472/472 207/207/207
f 207/207/207 466/466/466 467/467/467
f 152/152/152 466/466/466 207/207/207
f 151/151/151 466/466/466 152/152/152
f 469/469/469 466/466/466 151/151/151
f 151/151/151 480/480/480 469/469/469
f 340/340/340 480/480/480 151/151/151
f 340/340/340 151/151/151 464/464/464
f 464/464/464 151/151/151 446/446/446
f 446/446/446 552/552/552 464/464/464
f 467/467/467 471/471/471 472/472/472
f 468/468/468 471/471/471 467/467/467
f 468/468/468 467/467/467 466/466/466
f 470/470/470 468/468/468 466/466/466
f 470/470/470 466/466/466 469/469/469
f 470/470/470 469/469/469 480/480/480
f 473/473/473 470/470/470 480/480/480
f 473/473/473 480/480/480 479/479/479
f 340/340/340 479/479/479 480/480/480
f 472/472/472 471/471/471 465/465/465
f 465/465/465 471/471/471 280/280/280
f 280/280/280 471/471/471 281/281/281
f 471/471/471 468/468/468 281/281/281
f 281/281/281 468/468/468 353/353/353
f 353/353/353 468/468/468 225/225/225
f 225/225/225 468/468/468 470/470/470
f 470/470/470 227/227/227 225/225/225
f 470/470/470 473/473/473 227/227/227
f 281/281/281 146/146/146 280/280/280
f 281/281/281 460/460/460 146/146/146
f 353/353/353 460/460/460 281/281/281
f 460/460/460 353/353/353 225/225/225
f 225/225/225 227/227/227 460/460/460
f 227/227/227 228/228/228 460/460/460
f 227/227/227 473/473/473 228/228/228
f 228/228/228 473/473/473 348/348/348
f 348/348/348 473/473/473 475/475/475
f 475/475/475 473/473/473 479/479/479
f 460/460/460 228/228/228 459/459/459
f 459/459/459 228/228/228 400/400/400
f 400/400/400 228/228/228 348/348/348
f 348/348/348 350/350/350 400/400/400
f 475/475/475 350/350/350 348/348/348
f 475/475/475 477/477/477 350/350/350
f 477/477/477 475/475/475 474/474/474
f 475/475/475 479/479/479 474/474/474
f 339/339/339 474/474/474 479/479/479
f 339/339/339 479/479/479 340/340/340
f 461/461/461 460/460/460 459/459/459
f 459/459/459 400/400/400 461/461/461
f 461/461/461 400/400/400 402/402/402
f 400/400/400 350/350/350 402/402/402
f 402/402/402 350/350/350 226/226/226
f 350/350/350 477/477/477 226/226/226
f 226/226/226 477/477/477 476/476/476
f 477/477/477 478/478/478 476/476/476
f 474/474/474 478/478/478 477/477/477
f 283/283/283 478/478/478 474/474/474
f 283/283/283 474/474/474 339/339/339
f 462/462/462 460/460/460 461/461/461
f 401/401/401 462/462/462 461/461/461
f 401/401/401 461/461/461 402/402/402
f 476/476/476 401/401/401 402/402/402
f 226/226/226 476/476/476 402/402/402
f 337/337/337 478/478/478 283/283/283
f 337/337/337 283/283/283 458/458/458
f 458/458/458 283/283/283 457/457/457
f 283/283/283 339/339/339 457/457/457
f 457/457/457 339/339/339 463/463/463
f 339/339/339 340/340/340 463/463/463
f 463/463/463 340/340/340 464/464/464
f 464/464/464 549/549/549 463/463/463
f 552/552/552 549/549/549 464/464/464
f 457/457/457 455/455/455 458/458/458
f 457/457/457 549/549/549 455/455/455
f 463/463/463 549/549/549 457/457/457
f 458/458/458 455/455/455 456/456/456
f 398/398/398 456/456/456 455/455/455
f 303/303/303 398/398/398 455/455/455
f 455/455/455 549/549/549 303/303/303
f 303/303/303 549/549/549 556/556/556
f 549/549/549 552/552/552 556/556/556
f 556/556/556 552/552/552 553/553/553
f 556/556/556 553/553/553 305/305/305
f 305/305/305 553/553/553 301/301/301
f 301/301/301 302/302/302 305/305/305
f 172/172/172 302/302/302 301/301/301
f 399/399/399 398/398/398 303/303/303
f 399/399/399 303/303/303 305/305/305
f 305/305/305 303/303/303 556/556/556
f 396/396/396 398/398/398 399/399/399
f 305/305/305 302/302/302 399/399/399
f 574/574/574 570/570/570 568/568/568
f 580/580/580 570/570/570 574/574/574
f 574/574/574 577/577/577 580/580/580
f 580/580/580 577/577/577 571/571/571
f 571/571/571 575/575/575 580/580/580
f 573/573/573 575/575/575 571/571/571
f 582/582/582 573/573/573 571/571/571
f 591/591/591 573/573/573 582/582/582
f 567/567/567 570/570/570 580/580/580
f 575/575/575 567/567/567 580/580/580
f 575/575/575 586/586/586 567/567/567
f 585/585/585 586/586/586 575/575/575
f 573/573/573 585/585/585 575/575/575
f 591/591/591 585/585/585 573/573/573
f 584/584/584 585/585/585 591/591/591
f 572/572/572 570/570/570 567/567/567
f 567/567/567 565/565/565 572/572/572
f 586/586/586 565/565/565 567/567/567
f 565/565/565 586/586/586 558/558/558
f 558/558/558 586/586/586 576/576/576
f 576/576/576 586/586/586 581/581/581
f 581/581/581 586/586/586 585/585/585
f 572/572/572 590/590/590 570/570/570
f 565/565/565 590/590/590 572/572/572
f 566/566/566 590/590/590 565/565/565
f 570/570/570 590/590/590 589/589/589
f 579/579/579 583/583/583 578/578/578
f 579/579/579 578/578/578 627/627/627
f 627/627/627 578/578/578 623/623/623
f 628/628/628 627/627/627 623/623/623
f 628/628/628 587/587/587 627/627/627
f 588/588/588 587/587/587 628/628/628
f 634/634/634 624/624/624 621/621/621
f 621/621/621 624/624/624 635/635/635
f 624/624/624 629/629/629 635/635/635
f 626/626/626 629/629/629 624/624/624
f 621/621/621 635/635/635 630/630/630
f 630/630/630 635/635/635 631/631/631
f 635/635/635 618/618/618 631/631/631
f 629/629/629 618/618/618 635/635/635
f 633/633/633 630/630/630 631/631/631
f 631/631/631 619/619/619 633/633/633
f 631/631/631 618/618/618 619/619/619
f 618/618/618 620/620/620 619/619/619
f 620/620/620 622/622/622 619/619/619
f 619/619/619 622/622/622 632/632/632
f 652/652/652 630/630/630 633/633/633
f 633/633/633 653/653/653 652/652/652
f 633/633/633 625/625/625 653/653/653
f 619/619/619 625/625/625 633/633/633
f 652/652/652 653/653/653 654/654/654
f 638/638/638 637/637/637 726/726/726
f 726/726/726 637/637/637 749/749/749
f 749/749/749 725/725/725 726/726/726
f 735/735/735 725/725/725 749/749/749
f 749/749/749 659/659/659 735/735/735
f 735/735/735 659/659/659 660/660/660
f 660/660/660 692/692/692 735/735/735
f 735/735/735 692/692/692 716/716/716
f 725/725/725 636/636/636 726/726/726
f 685/685/685 636/636/636 725/725/725
f 725/725/725 686/686/686 685/685/685
f 734/734/734 686/686/686 725/725/725
f 725/725/725 735/735/735 734/734/734
f 734/734/734 735/735/735 716/716/716
f 716/716/716 687/687/687 734/734/734
f 688/688/688 687/687/687 716/716/716
f 732/732/732 759/759/759 733/733/733
f 733/733/733 759/759/759 750/750/750
f 728/728/728 750/750/750 759/759/759
f 727/727/727 750/750/750 728/728/728
f 737/737/737 738/738/738 723/723/723
f 723/723/723 738/738/738 740/740/740
f 760/760/760 709/709/709 739/739/739
f 708/708/708 709/709/709 760/760/760
f 713/713/713 708/708/708 760/760/760
f 760/760/760 757/757/757 713/713/713
f 719/719/719 757/757/757 760/760/760
f 718/718/718 719/719/719 760/760/760
f 709/709/709 708/708/708 707/707/707
f 753/753/753 707/707/707 708/708/708
f 753/753/753 708/708/708 743/743/743
f 743/743/743 708/708/708 748/748/748
f 748/748/748 708/708/708 713/713/713
f 703/703/703 748/748/748 713/713/713
f 756/756/756 748/748/748 703/703/703
f 707/707/707 741/741/741 709/709/709
f 754/754/754 741/741/741 707/707/707
f 754/754/754 707/707/707 753/753/753
f 741/741/741 754/754/754 753/753/753
f 755/755/755 741/741/741 753/753/753
f 755/755/755 753/753/753 705/705/705
f 705/705/705 753/753/753 743/743/743
f 711/711/711 709/709/709 741/741/741
f 704/704/704 709/709/709 711/711/711
f 746/746/746 704/704/704 711/711/711
f 706/706/706 741/741/741 755/755/755
f 758/758/758 757/757/757 719/719/719
f 743/743/743 736/736/736 705/705/705
f 752/752/752 736/736/736 743/743/743
f 752/752/752 743/743/743 742/742/742
f 748/748/748 742/742/742 743/743/743
f 747/747/747 742/742/742 748/748/748
f 756/756/756 747/747/747 748/748/748
f 747/747/747 756/756/756 742/742/742
f 742/742/742 756/756/756 752/752/752
f 713/713/713 757/757/757 720/720/720
f 720/720/720 710/710/710 713/713/713
f 745/745/745 710/710/710 720/720/720
f 744/744/744 745/745/745 720/720/720
f 745/745/745 744/744/744 710/710/710
f 710/710/710 744/744/744 712/712/712
f 712/712/712 713/713/713 710/710/710
f 729/729/729 731/731/731 751/751/751
f 730/730/730 729/729/729 751/751/751
f 763/763/763 730/730/730 751/751/751
f 765/765/765 770/770/770 764/764/764
f 764/764/764 770/770/770 772/772/772
f 772/772/772 770/770/770 775/775/775
f 775/775/775 770/770/770 771/771/771
f 773/773/773 764/764/764 772/772/772
f 773/773/773 772/772/772 774/774/774
f 774/774/774 772/772/772 775/775/775
f 767/767/767 764/764/764 773/773/773
f 767/767/767 773/773/773 769/769/769
f 769/769/769 773/773/773 776/776/776
f 773/773/773 774/774/774 776/776/776
f 776/776/776 774/774/774 778/778/778
f 776/776/776 778/778/778 779/779/779
f 779/779/779 778/778/778 781/781/781
f 779/779/779 781/781/781 780/780/780
f 780/780/780 781/781/781 782/782/782
f 779/779/779 769/769/769 776/776/776
f 768/768/768 769/769/769 779/779/779
f 768/768/768 779/779/779 766/766/766
f 766/766/766 779/779/779 780/780/780
f 547/547/547 541/541/541 526/526/526
f 541/541/541 521/521/521 526/526/526
f 541/541/541 539/539/539 521/521/521
f 519/519/519 521/521/521 539/539/539
f 519/519/519 539/539/539 518/518/518
f 529/529/529 519/519/519 518/518/518
f 529/529/529 518/518/518 507/507/507
f 547/547/547 526/526/526 546/546/546
f 516/516/516 546/546/546 526/526/526
f 516/516/516 526/526/526 535/535/535
f 521/521/521 535/535/535 526/526/526
f 521/521/521 519/519/519 535/535/535
f 519/519/519 529/529/529 535/535/535
f 529/529/529 544/544/544 535/535/535
f 529/529/529 507/507/507 544/544/544
f 507/507/507 528/528/528 544/544/544
f 598/598/598 528/528/528 507/507/507
f 547/547/547 546/546/546 543/543/543
f 542/542/542 543/543/543 546/546/546
f 542/542/542 546/546/546 516/516/516
f 516/516/516 509/509/509 542/542/542
f 516/516/516 535/535/535 509/509/509
f 525/525/525 509/509/509 535/535/535
f 535/535/535 544/544/544 525/525/525
f 525/525/525 544/544/544 528/528/528
f 525/525/525 528/528/528 502/502/502
f 502/502/502 528/528/528 597/597/597
f 598/598/598 597/597/597 528/528/528
f 543/543/543 601/601/601 547/547/547
f 484/484/484 601/601/601 543/543/543
f 485/485/485 484/484/484 543/543/543
f 485/485/485 543/543/543 542/542/542
f 542/542/542 508/508/508 485/485/485
f 542/542/542 506/506/506 508/508/508
f 506/506/506 542/542/542 509/509/509
f 506/506/506 509/509/509 525/525/525
f 506/506/506 525/525/525 502/502/502
f 502/502/502 508/508/508 506/506/506
f 594/594/594 508/508/508 502/502/502
f 502/502/502 597/597/597 594/594/594
f 484/484/484 522/522/522 601/601/601
f 536/536/536 522/522/522 484/484/484
f 536/536/536 484/484/484 485/485/485
f 508/508/508 536/536/536 485/485/485
f 508/508/508 513/513/513 536/536/536
f 594/594/594 513/513/513 508/508/508
f 527/527/527 513/513/513 594/594/594
f 527/527/527 594/594/594 592/592/592
f 597/597/597 592/592/592 594/594/594
f 597/597/597 596/596/596 592/592/592
f 596/596/596 597/597/597 598/598/598
f 601/601/601 522/522/522 524/524/524
f 524/524/524 522/522/522 536/536/536
f 524/524/524 536/536/536 523/523/523
f 513/513/513 523/523/523 536/536/536
f 513/513/513 527/527/527 523/523/523
f 527/527/527 495/495/495 523/523/523
f 527/527/527 600/600/600 495/495/495
f 527/527/527 592/592/592 600/600/600
f 600/600/600 592/592/592 655/655/655
f 655/655/655 592/592/592 596/596/596
f 601/601/601 524/524/524 602/602/602
f 602/602/602 524/524/524 523/523/523
f 602/602/602 523/523/523 495/495/495
f 616/616/616 602/602/602 495/495/495
f 616/616/616 495/495/495 609/609/609
f 599/599/599 609/609/609 495/495/495
f 495/495/495 600/600/600 599/599/599
f 600/600/600 655/655/655 599/599/599
f 599/599/599 655/655/655 656/656/656
f 651/651/651 656/656/656 655/655/655
f 655/655/655 596/596/596 651/651/651
f 601/601/601 602/602/602 615/615/615
f 616/616/616 615/615/615 602/602/602
f 611/611/611 615/615/615 616/616/616
f 611/611/611 616/616/616 609/609/609
f 656/656/656 611/611/611 609/609/609
f 656/656/656 609/609/609 599/599/599
f 611/611/611 614/614/614 615/615/615
f 604/604/604 614/614/614 611/611/611
f 656/656/656 604/604/604 611/611/611
f 656/656/656 613/613/613 604/604/604
f 617/617/617 613/613/613 656/656/656
f 651/651/651 617/617/617 656/656/656
f 612/612/612 617/617/617 651/651/651
f 651/651/651 596/596/596 612/612/612
f 596/596/596 598/598/598 612/612/612
f 604/604/604 606/606/606 614/614/614
f 604/604/604 603/603/603 606/606/606
f 604/604/604 613/613/613 603/603/603
f 610/610/610 603/603/603 613/613/613
f 610/610/610 613/613/613 617/617/617
f 612/612/612 610/610/610 617/617/617
f 701/701/701 670/670/670 658/658/658
f 658/658/658 670/670/670 672/672/672
f 670/670/670 661/661/661 672/672/672
f 672/672/672 661/661/661 694/694/694
f 672/672/672 694/694/694 697/697/697
f 697/697/697 694/694/694 698/698/698
f 658/658/658 696/696/696 701/701/701
f 702/702/702 696/696/696 658/658/658
f 673/673/673 702/702/702 658/658/658
f 658/658/658 672/672/672 673/673/673
f 673/673/673 672/672/672 697/697/697
f 673/673/673 697/697/697 684/684/684
f 684/684/684 697/697/697 695/695/695
f 695/695/695 697/697/697 698/698/698
f 675/675/675 695/695/695 698/698/698
f 698/698/698 677/677/677 675/675/675
f 675/675/675 677/677/677 666/666/666
f 677/677/677 674/674/674 666/666/666
f 663/663/663 702/702/702 673/673/673
f 684/684/684 663/663/663 673/673/673
f 681/681/681 663/663/663 684/684/684
f 681/681/681 684/684/684 689/689/689
f 689/689/689 684/684/684 690/690/690
f 684/684/684 675/675/675 690/690/690
f 695/695/695 675/675/675 684/684/684
f 689/689/689 690/690/690 678/678/678
f 678/678/678 690/690/690 693/693/693
f 690/690/690 666/666/666 693/693/693
f 675/675/675 666/666/666 690/690/690
f 678/678/678 693/693/693 680/680/680
f 680/680/680 693/693/693 699/699/699
f 693/693/693 676/676/676 699/699/699
f 666/666/666 676/676/676 693/693/693
f 666/666/666 674/674/674 676/676/676
f 47/47/47 86/86/86 84/84/84
f 84/84/84 86/86/86 82/82/82
f 82/82/82 86/86/86 91/91/91
f 111/111/111 91/91/91 86/86/86
f 85/85/85 47/47/47 84/84/84
f 87/87/87 85/85/85 84/84/84
f 84/84/84 55/55/55 87/87/87
f 82/82/82 55/55/55 84/84/84
f 82/82/82 39/39/39 55/55/55
f 91/91/91 39/39/39 82/82/82
f 91/91/91 57/57/57 39/39/39
f 34/34/34 57/57/57 91/91/91
f 111/111/111 34/34/34 91/91/91
f 41/41/41 47/47/47 85/85/85
f 85/85/85 66/66/66 41/41/41
f 66/66/66 85/85/85 87/87/87
f 83/83/83 66/66/66 87/87/87
f 90/90/90 83/83/83 87/87/87
f 90/90/90 87/87/87 89/89/89
f 43/43/43 89/89/89 87/87/87
f 87/87/87 55/55/55 43/43/43
f 43/43/43 55/55/55 39/39/39
f 41/41/41 66/66/66 48/48/48
f 66/66/66 83/83/83 48/48/48
f 48/48/48 83/83/83 58/58/58
f 58/58/58 83/83/83 90/90/90
f 78/78/78 58/58/58 90/90/90
f 90/90/90 89/89/89 78/78/78
f 78/78/78 89/89/89 88/88/88
f 89/89/89 42/42/42 88/88/88
f 43/43/43 42/42/42 89/89/89
f 39/39/39 42/42/42 43/43/43
f 42/42/42 39/39/39 46/46/46
f 46/46/46 39/39/39 57/57/57
f 78/78/78 79/79/79 58/58/58
f 80/80/80 79/79/79 78/78/78
f 78/78/78 88/88/88 80/80/80
f 80/80/80 88/88/88 98/98/98
f 46/46/46 98/98/98 88/88/88
f 46/46/46 88/88/88 42/42/42
f 80/80/80 96/96/96 79/79/79
f 96/96/96 80/80/80 95/95/95
f 95/95/95 80/80/80 98/98/98
f 98/98/98 94/94/94 95/95/95
f 32/32/32 94/94/94 98/98/98
f 32/32/32 98/98/98 46/46/46
f 32/32/32 46/46/46 76/76/76
f 76/76/76 46/46/46 57/57/57
f 34/34/34 76/76/76 57/57/57
f 79/79/79 96/96/96 104/104/104
f 96/96/96 116/116/116 104/104/104
f 96/96/96 117/117/117 116/116/116
f 95/95/95 117/117/117 96/96/96
f 95/95/95 77/77/77 117/117/117
f 95/95/95 94/94/94 77/77/77
f 77/77/77 94/94/94 61/61/61
f 61/61/61 94/94/94 93/93/93
f 94/94/94 32/32/32 93/93/93
f 93/93/93 32/32/32 76/76/76
f 103/103/103 104/104/104 116/116/116
f 103/103/103 116/116/116 118/118/118
f 118/118/118 116/116/116 117/117/117
f 117/117/117 81/81/81 118/118/118
f 117/117/117 77/77/77 81/81/81
f 77/77/77 61/61/61 81/81/81
f 119/119/119 81/81/81 61/61/61
f 61/61/61 105/105/105 119/119/119
f 100/100/100 105/105/105 61/61/61
f 93/93/93 100/100/100 61/61/61
f 102/102/102 104/104/104 103/103/103
f 109/109/109 102/102/102 103/103/103
f 109/109/109 103/103/103 118/118/118
f 109/109/109 118/118/118 114/114/114
f 114/114/114 118/118/118 120/120/120
f 120/120/120 118/118/118 119/119/119
f 119/119/119 118/118/118 81/81/81
f 112/112/112 102/102/102 109/109/109
f 109/109/109 114/114/114 112/112/112
f 112/112/112 114/114/114 107/107/107
f 107/107/107 114/114/114 115/115/115
f 115/115/115 114/114/114 120/120/120
f 115/115/115 120/120/120 113/113/113
f 113/113/113 120/120/120 105/105/105
f 105/105/105 120/120/120 119/119/119
f 113/113/113 105/105/105 100/100/100
f 100/100/100 111/111/111 113/113/113
f 92/92/92 111/111/111 100/100/100
f 92/92/92 100/100/100 93/93/93
f 76/76/76 92/92/92 93/93/93
f 97/97/97 92/92/92 76/76/76
f 97/97/97 76/76/76 34/34/34
f 97/97/97 34/34/34 111/111/111
f 97/97/97 111/111/111 92/92/92
f 330/330/330 434/434/434 331/331/331
f 330/330/330 442/442/442 434/434/434
f 442/442/442 444/444/444 434/434/434
f 434/434/434 444/444/444 440/440/440
f 444/444/444 426/426/426 440/440/440
f 440/440/440 426/426/426 550/550/550
f 550/550/550 426/426/426 555/555/555
f 426/426/426 425/425/425 555/555/555
f 555/555/555 425/425/425 551/551/551
f 429/429/429 551/551/551 425/425/425
f 436/436/436 551/551/551 429/429/429
f 436/436/436 429/429/429 443/443/443
f 443/443/443 429/429/429 445/445/445
f 555/555/555 564/564/564 550/550/550
f 554/554/554 564/564/564 555/555/555
f 555/555/555 557/557/557 554/554/554
f 551/551/551 557/557/557 555/555/555
f 445/445/445 441/441/441 443/443/443
f 441/441/441 445/445/445 311/311/311
f 372/372/372 311/311/311 445/445/445
f 391/391/391 311/311/311 372/372/372
f 391/391/391 372/372/372 149/149/149
f 149/149/149 372/372/372 389/389/389
f 389/389/389 235/235/235 149/149/149
f 389/389/389 390/390/390 235/235/235
f 390/390/390 231/231/231 235/235/235
f 390/390/390 331/331/331 231/231/231
f 390/390/390 330/330/330 331/331/331
f 149/149/149 235/235/235 230/230/230
f 230/230/230 235/235/235 148/148/148
f 235/235/235 234/234/234 148/148/148
f 231/231/231 234/234/234 235/235/235
f 722/722/722 714/714/714 724/724/724
f 761/761/761 724/724/724 714/714/714
f 761/761/761 714/714/714 762/762/762
f 762/762/762 714/714/714 721/721/721
f 721/721/721 714/714/714 722/722/722
f 715/715/715 721/721/721 722/722/722
f 762/762/762 721/721/721 715/715/715
f 717/717/717 762/762/762 715/715/715
f 761/761/761 762/762/762 717/717/717
f 717/717/717 724/724/724 761/761/761
f 786/786/786 785/785/785 783/783/783
f 786/786/786 789/789/789 785/785/785
f 786/786/786 787/787/787 789/789/789
f 786/786/786 784/784/784 787/787/787
f 783/783/783 784/784/784 786/786/786
f 783/783/783 777/777/777 784/784/784
f 787/787/787 784/784/784 777/777/777
f 787/787/787 777/777/777 788/788/788
f 789/789/789 787/787/787 788/788/788
f 789/789/789 788/788/788 785/785/785
f 240/240/240 189/189/189 186/186/186
f 186/186/186 189/189/189 197/197/197
f 197/197/197 189/189/189 270/270/270
f 270/270/270 189/189/189 185/185/185
f 189/189/189 241/241/241 185/185/185
f 240/240/240 241/241/241 189/189/189
f 242/242/242 240/240/240 186/186/186
f 186/186/186 184/184/184 242/242/242
f 186/186/186 178/178/178 184/184/184
f 178/178/178 186/186/186 154/154/154
f 186/186/186 275/275/275 154/154/154
f 186/186/186 188/188/188 275/275/275
f 186/186/186 177/177/177 188/188/188
f 186/186/186 197/197/197 177/177/177
f 242/242/242 243/243/243 240/240/240
f 243/243/243 242/242/242 176/176/176
f 176/176/176 242/242/242 184/184/184
f 176/176/176 184/184/184 191/191/191
f 191/191/191 184/184/184 178/178/178
f 178/178/178 277/277/277 191/191/191
f 154/154/154 277/277/277 178/178/178
f 275/275/275 277/277/277 154/154/154
f 276/276/276 277/277/277 275/275/275
f 188/188/188 276/276/276 275/275/275
f 187/187/187 276/276/276 188/188/188
f 177/177/177 187/187/187 188/188/188
f 240/240/240 243/243/243 241/241/241
f 243/243/243 206/206/206 241/241/241
f 176/176/176 206/206/206 243/243/243
f 206/206/206 176/176/176 191/191/191
f 206/206/206 191/191/191 277/277/277
f 206/206/206 277/277/277 276/276/276
f 187/187/187 206/206/206 276/276/276
f 187/187/187 190/190/190 206/206/206
f 190/190/190 187/187/187 177/177/177
f 177/177/177 197/197/197 190/190/190
f 190/190/190 197/197/197 270/270/270
f 190/190/190 270/270/270 206/206/206
f 270/270/270 185/185/185 206/206/206
f 241/241/241 206/206/206 185/185/185
