# converted from inhibitor_inhibitor.skn by skn2obj.py
mtllib Inhibitor.mtl
o Inhibitor
v 0.519876 0.243007 0.604302
v 0.519876 0.243007 -0.607521
v -0.691947 0.243007 -0.607521
v -0.691947 0.243007 0.604302
v 0.307808 2.180947 -0.179236
v 0.284419 2.182130 -0.176280
v 0.315500 2.135295 -0.235608
v 0.284419 2.182130 -0.176280
v 0.262656 2.134982 -0.305159
v 0.173740 2.064736 -0.394147
v 0.335837 2.071496 -0.541547
v 0.238809 2.136242 -0.332110
v 0.293799 2.374339 -0.439033
v 0.526516 2.051116 -0.276017
v 0.568725 2.063698 -0.298534
v 0.622525 1.902007 -0.322784
v 0.077486 2.938129 0.022839
v 0.152444 2.929506 0.019588
v 0.077486 2.861925 0.026996
v 0.161172 2.776168 0.020419
v 0.147184 2.857880 0.024028
v 0.147187 2.776168 0.025296
v 0.152377 2.929506 0.000164
v 0.152444 2.929506 0.019588
v 0.157121 2.925869 0.019265
v 0.161102 2.776168 0.000164
v 0.157055 2.925869 0.000164
v 0.157121 2.925869 0.019265
v 0.147187 2.776168 0.025296
v 0.161172 2.776168 0.020419
v 0.147101 2.776168 0.000164
v 0.077486 2.938129 0.000164
v 0.152444 2.929506 0.019588
v 0.152377 2.929506 0.000164
v 0.161102 2.776168 0.000164
v 0.157055 2.925869 0.000164
v 0.077486 2.938129 0.022839
v 0.067181 2.514849 0.081775
v 0.161172 2.776168 0.020419
v 0.157121 2.925869 0.019265
v 0.137732 2.632802 0.079897
v 0.125101 2.538515 0.079897
v 0.072682 2.632802 0.081762
v 0.123430 1.353217 0.046859
v 0.127344 2.439977 0.000164
v 0.127505 2.478792 0.046859
v 0.127505 2.478792 0.046859
v 0.127508 2.540991 0.048274
v 0.123271 1.353110 0.000164
v 0.526516 2.051116 -0.276017
v 0.245792 2.177861 -0.276612
v 0.221241 2.179122 -0.303563
v 0.277096 2.178175 -0.229563
v 0.127344 2.439977 0.000164
v 0.127505 2.478792 0.046859
v 0.147101 2.544561 0.000164
v 0.093122 2.546171 0.000164
v 0.065629 2.439977 0.000164
v 0.147101 2.544561 0.000164
v 0.072682 2.632802 0.081762
v 0.067181 2.514849 0.081775
v 0.059442 2.455354 0.047860
v 0.077486 2.861925 0.106449
v 0.077884 2.673963 0.106449
v 0.077486 2.861925 0.069854
v 0.137732 2.632802 0.079897
v 0.134908 2.715459 0.112434
v 0.144859 2.776168 0.079897
v 0.136832 2.857880 0.112434
v 0.144859 2.776168 0.079897
v 0.144859 2.857879 0.079897
v 0.491202 2.055147 -0.360258
v 0.411764 2.063216 -0.459355
v 0.165482 2.063647 -0.404796
v 0.335837 2.071496 -0.541547
v 0.137732 2.632802 0.079897
v 0.134908 2.715459 0.112434
v 0.134908 2.715459 0.112434
v 0.136832 2.857880 0.112434
v 0.072682 2.632802 0.081762
v 0.077884 2.673963 0.106449
v 0.173740 2.064736 -0.394147
v 0.335837 2.071496 -0.541547
v 0.411764 2.063216 -0.459355
v 0.491202 2.055147 -0.360258
v 0.077884 2.673963 0.106449
v 0.077486 2.861925 0.106449
v 0.134908 2.715459 0.112434
v 0.344078 1.901950 -0.649113
v 0.199048 2.063545 -0.471916
v 0.306112 2.061373 -0.557376
v 0.241927 1.899416 -0.571877
v 0.574790 1.902007 -0.409401
v 0.344078 1.901950 -0.649113
v 0.476818 1.902002 -0.529938
v 0.525396 2.063698 -0.381570
v 0.077486 2.861925 0.106449
v 0.143339 2.861429 0.079901
v 0.077486 2.861925 0.069854
v 0.332204 2.061696 -0.582476
v 0.187882 2.374339 -0.332803
v 0.168737 2.181965 -0.349773
v 0.439974 2.063694 -0.488603
v 0.145712 2.861429 0.038748
v 0.077486 2.861925 0.038908
v 0.135752 2.861429 0.111464
v 0.127508 2.540991 0.048274
v 0.143339 2.861429 0.079901
v 0.077486 2.861925 0.069854
v 0.139973 2.632802 0.000164
v 0.147101 2.544561 0.000164
v 0.140140 2.632802 0.048961
v 0.147231 2.857879 0.038224
v 0.147184 2.857880 0.024028
v 0.147187 2.776168 0.025296
v 0.140140 2.632802 0.048961
v 0.147187 2.776168 0.025296
v 0.139973 2.632802 0.000164
v 0.147187 2.776168 0.025296
v 0.147101 2.776168 0.000164
v 0.139973 2.632802 0.000164
v 0.147268 2.776168 0.049209
v 0.147231 2.857879 0.038224
v 0.147187 2.776168 0.025296
v 0.140140 2.632802 -0.048635
v 0.147187 2.776168 -0.024962
v 0.147268 2.776168 -0.048881
v 0.065629 2.439977 0.000164
v 0.057694 1.314800 -0.047535
v 0.057531 1.314465 0.000164
v 0.272960 2.374339 -0.412978
v 0.293799 2.374339 -0.439033
v 0.362237 2.374339 -0.382266
v 0.186597 2.139085 -0.378319
v 0.147231 2.857879 -0.037899
v 0.144859 2.857879 -0.079567
v 0.059442 2.455354 -0.047535
v 0.147268 2.776168 -0.048881
v 0.144859 2.857879 -0.079567
v 0.147268 2.776168 -0.048881
v 0.144859 2.776168 -0.079567
v 0.147268 2.776168 -0.048881
v 0.144859 2.776168 -0.079567
v 0.125101 2.538515 -0.079567
v 0.137732 2.632802 -0.079567
v 0.140140 2.632802 -0.048635
v 0.429347 2.374339 -0.295135
v 0.284419 2.374339 -0.176280
v 0.307808 2.374339 -0.179236
v 0.462959 2.374339 -0.232567
v 0.140140 2.632802 -0.048635
v 0.137732 2.632802 -0.079567
v 0.127508 2.540991 -0.047943
v 0.127508 2.540991 -0.047943
v 0.125101 2.538515 -0.079567
v 0.127505 2.478792 -0.046531
v 0.429593 2.374339 -0.224678
v 0.393901 2.374339 -0.282814
v 0.263808 2.374339 -0.255933
v 0.278125 2.374339 -0.222890
v 0.059442 2.455354 -0.047535
v 0.123430 1.353217 -0.046531
v 0.057694 1.314800 -0.047535
v 0.067181 2.514849 -0.081449
v 0.125101 2.538515 -0.079567
v 0.127505 2.478792 -0.046531
v 0.187882 2.374339 -0.332803
v 0.239052 2.374339 -0.290077
v 0.334531 2.374339 -0.360746
v 0.272960 2.374339 -0.412978
v 0.305800 1.932029 -0.000002
v 0.305800 0.093751 -0.000002
v 0.273866 0.092843 0.251403
v 0.273866 1.931121 0.251403
v 0.273866 0.092843 0.251403
v 0.285914 0.092843 0.265554
v 0.285914 1.931121 0.265554
v 0.273866 1.931121 0.251403
v 0.067181 2.514849 -0.081449
v 0.059442 2.455354 -0.047535
v 0.127505 2.478792 -0.046531
v 0.508961 2.003910 0.321105
v 0.563929 2.136477 0.334818
v 0.554041 2.227179 0.327354
v 0.445334 2.265976 0.302635
v 0.072682 2.632802 0.000164
v 0.093122 2.546171 0.000164
v 0.072682 2.632802 -0.081436
v 0.077486 2.861925 -0.106122
v 0.136832 2.857880 -0.112105
v 0.135752 2.861429 -0.111135
v 0.144859 2.857879 -0.079567
v 0.135752 2.861429 -0.111135
v 0.143339 2.861429 -0.079571
v 0.144859 2.857879 -0.079567
v 0.143339 2.861429 -0.079571
v 0.136832 2.857880 -0.112105
v 0.147184 2.857880 -0.023697
v 0.147231 2.857879 -0.037899
v 0.145712 2.861429 -0.038418
v 0.561992 2.341178 0.202458
v 0.512132 2.366660 0.267024
v 0.523883 2.255761 0.272683
v 0.566512 2.311710 0.201945
v 0.145712 2.861429 -0.038418
v 0.147231 2.857879 -0.037899
v 0.145662 2.861429 -0.023640
v 0.145712 2.861429 -0.038418
v 0.077486 2.861925 -0.026666
v 0.145662 2.861429 -0.023640
v 0.356954 2.351679 -0.000002
v 0.434351 2.351736 0.040367
v 0.491089 2.351653 0.018768
v 0.493723 2.351653 -0.000002
v 0.157121 2.925869 -0.018937
v 0.147184 2.857880 -0.023697
v 0.077486 2.861925 -0.038575
v 0.077486 2.861925 0.026996
v 0.152444 2.929506 -0.019260
v 0.145662 2.861429 -0.023640
v 0.077486 2.938129 0.000164
v 0.077486 2.938129 0.022839
v 0.077486 2.861925 0.000164
v 0.077486 2.938129 -0.022511
v 0.077486 2.861925 0.000164
v 0.077486 2.938129 0.000164
v 0.803982 1.905368 0.427205
v 0.784413 2.003910 0.412750
v 0.767319 2.003910 0.420377
v 0.786202 1.905369 0.436653
v 0.525075 2.320940 0.161250
v 0.514249 2.266505 0.164361
v 0.532988 2.222538 0.131528
v 0.525257 2.258890 0.147137
v 0.541125 2.316132 0.137282
v 0.541125 2.316132 0.137282
v 0.610975 2.274104 0.145712
v 0.561504 2.199082 0.132368
v 0.561504 2.199082 0.132368
v 0.532988 2.222538 0.131528
v 0.561504 2.199082 0.132368
v 0.534975 2.195136 0.129769
v 0.077486 2.861925 -0.026666
v 0.077486 2.938129 -0.022511
v 0.077486 2.861925 -0.026666
v 0.157121 2.925869 -0.018937
v 0.145662 2.861429 -0.023640
v 0.152444 2.929506 -0.019260
v 0.147187 2.776168 -0.024962
v 0.161172 2.776168 -0.020089
v 0.147184 2.857880 -0.023697
v 0.157121 2.925869 -0.018937
v 0.152377 2.929506 0.000164
v 0.157055 2.925869 0.000164
v 0.161172 2.776168 -0.020089
v 0.161102 2.776168 0.000164
v 0.152444 2.929506 -0.019260
v 0.152377 2.929506 0.000164
v 0.147187 2.776168 -0.024962
v 0.147101 2.776168 0.000164
v 0.077486 2.938129 -0.022511
v 0.152444 2.929506 -0.019260
v 0.077486 2.938129 0.000164
v 0.161102 2.776168 0.000164
v 0.157121 2.925869 -0.018937
v 0.157055 2.925869 0.000164
v 0.125101 2.538515 -0.079567
v 0.067181 2.514849 -0.081449
v 0.161172 2.776168 -0.020089
v 0.123271 1.353110 0.000164
v 0.137732 2.632802 -0.079567
v 0.072682 2.632802 -0.081436
v 0.127505 2.478792 -0.046531
v 0.123430 1.353217 -0.046531
v 0.127344 2.439977 0.000164
v 0.583265 2.182859 0.076218
v 0.534975 2.195136 0.129769
v 0.533017 2.217403 0.114687
v 0.565713 2.207642 0.079307
v 0.147101 2.544561 0.000164
v 0.127508 2.540991 -0.047943
v 0.127505 2.478792 -0.046531
v 0.147101 2.544561 0.000164
v 0.127505 2.478792 -0.046531
v 0.127344 2.439977 0.000164
v 0.532988 2.222538 0.131528
v 0.532988 2.222538 0.131528
v 0.533017 2.217403 0.114687
v 0.534975 2.195136 0.129769
v 0.093122 2.546171 0.000164
v 0.059442 2.455354 -0.047535
v 0.065629 2.439977 0.000164
v 0.537339 2.226128 0.116218
v 0.537339 2.226128 0.116218
v 0.565713 2.207642 0.079307
v 0.533017 2.217403 0.114687
v 0.607697 2.223940 0.077916
v 0.740030 2.005794 0.058078
v 0.721706 2.005781 0.096346
v 0.728725 2.005792 0.058300
v 0.077486 2.861925 -0.069530
v 0.077486 2.861925 -0.106122
v 0.067181 2.514849 -0.081449
v 0.134908 2.715459 -0.112105
v 0.072682 2.632802 -0.081436
v 0.077884 2.673963 -0.106122
v 0.134908 2.715459 -0.112105
v 0.137732 2.632802 -0.079567
v 0.144859 2.776168 -0.079567
v 0.144859 2.857879 -0.079567
v 0.136832 2.857880 -0.112105
v 0.144859 2.776168 -0.079567
v 0.785607 2.003910 0.124257
v 0.533017 2.217403 0.114687
v 0.534975 2.195136 0.129769
v 0.565713 2.207642 0.079307
v 0.137732 2.632802 -0.079567
v 0.077884 2.673963 -0.106122
v 0.134908 2.715459 -0.112105
v 0.077486 2.861925 -0.106122
v 0.136832 2.857880 -0.112105
v 0.072682 2.632802 -0.081436
v 0.077486 2.861925 0.000164
v 0.077884 2.673963 -0.106122
v 0.134908 2.715459 -0.112105
v 0.077486 2.861925 0.038908
v 0.072682 2.632802 0.000164
v 0.077486 2.861925 0.026996
v 0.072682 2.632802 0.081762
v 0.077486 2.861925 0.038908
v 0.072682 2.632802 0.000164
v 0.072682 2.632802 0.000164
v 0.077486 2.861925 0.000164
v 0.077486 2.861925 0.069854
v 0.072682 2.632802 0.000164
v 0.077486 2.861925 -0.038575
v 0.077486 2.861925 -0.026666
v 0.077486 2.861925 -0.069530
v 0.077486 2.861925 -0.038575
v 0.072682 2.632802 -0.081436
v 0.077486 2.861925 -0.106122
v 0.143339 2.861429 -0.079571
v 0.135752 2.861429 -0.111135
v 0.077486 2.861925 -0.069530
v 0.077486 2.861925 -0.038575
v 0.077486 2.861925 -0.069530
v 0.127508 2.540991 -0.047943
v 0.143339 2.861429 -0.079571
v 0.145712 2.861429 -0.038418
v 0.565713 2.207642 0.079307
v 0.583265 2.182859 0.076218
v 0.608119 2.183787 0.075204
v 0.607697 2.223940 0.077916
v 0.534975 2.195136 0.129769
v 0.561504 2.199082 0.132368
v 0.608119 2.183787 0.075204
v 0.583265 2.182859 0.076218
v 0.139973 2.632802 0.000164
v 0.140140 2.632802 -0.048635
v 0.147101 2.544561 0.000164
v 0.610975 2.274104 0.145712
v 0.561504 2.199082 0.132368
v 0.607697 2.223940 0.077916
v 0.618081 2.215220 0.142922
v 0.147231 2.857879 -0.037899
v 0.147187 2.776168 -0.024962
v 0.147184 2.857880 -0.023697
v 0.740030 2.005794 0.058078
v 0.728725 2.005792 0.058300
v 0.561504 2.199082 0.132368
v 0.608119 2.183787 0.075204
v 0.140140 2.632802 -0.048635
v 0.139973 2.632802 0.000164
v 0.147187 2.776168 -0.024962
v 0.624623 2.003848 0.133517
v 0.465649 2.336545 0.120624
v 0.474830 2.275800 0.135272
v 0.721706 2.005781 0.096346
v 0.537339 2.226128 0.116218
v 0.608119 2.183787 0.075204
v 0.721706 2.005781 0.096346
v 0.561504 2.199082 0.132368
v 0.147187 2.776168 -0.024962
v 0.139973 2.632802 0.000164
v 0.147101 2.776168 0.000164
v 0.728725 2.005792 0.058300
v 0.537339 2.226128 0.116218
v 0.611868 2.334965 0.049887
v 0.607697 2.223940 0.077916
v 0.147268 2.776168 -0.048881
v 0.147187 2.776168 -0.024962
v 0.147231 2.857879 -0.037899
v 0.081745 1.490631 0.089046
v 0.052878 1.541269 0.088753
v 0.052757 1.489595 0.088729
v 0.465649 2.336545 0.120624
v 0.730749 2.062913 0.312770
v 0.776954 2.044610 0.283939
v 0.745800 2.062062 0.259588
v 0.737324 2.114999 0.258661
v 0.725363 2.114688 0.307867
v 0.730749 2.062913 0.312770
v 0.745800 2.062062 0.259588
v 0.737324 2.114999 0.258661
v 0.725363 2.114688 0.307867
v 0.573003 2.232839 0.206067
v 0.678972 2.151921 0.251564
v 0.052878 1.541269 0.088753
v 0.004500 1.541481 0.130450
v 0.081859 1.541142 0.089069
v 0.566512 2.311710 0.201945
v 0.778683 2.003910 0.172087
v 0.756920 2.115579 0.174135
v 0.559006 2.239414 0.224541
v -0.052503 1.541367 0.146698
v 0.052757 1.489595 0.088729
v 0.004373 1.489702 0.130423
v 0.770824 2.003910 0.163132
v 0.756920 2.115579 0.174135
v 0.748370 2.121100 0.165602
v 0.748370 2.121100 0.165602
v 0.004373 1.489702 0.130423
v -0.054325 1.490704 0.141028
v 0.004500 1.541481 0.130450
v 0.688072 2.153218 0.204269
v 0.756942 2.061211 0.214284
v 0.778683 2.003910 0.172087
v 0.771529 2.003910 0.214887
v 0.756920 2.115579 0.174135
v 0.752392 2.044559 0.362401
v 0.782639 2.003910 0.287823
v 0.757137 2.003910 0.370818
v -0.078012 1.490631 0.177364
v -0.052503 1.541367 0.146698
v -0.078012 1.541397 0.177364
v 0.776954 2.044610 0.283939
v 0.831961 1.905354 0.334508
v 0.833243 2.003910 0.231268
v 0.856892 1.905354 0.235239
v 0.807490 2.003910 0.331526
v 0.752392 2.044559 0.362401
v 0.711661 2.068015 0.323169
v 0.730749 2.062913 0.312770
v 0.732588 2.049867 0.372964
v 0.597338 2.127692 0.297436
v 0.707628 2.123916 0.315503
v 0.711661 2.068015 0.323169
v 0.590634 2.208118 0.287892
v 0.678972 2.151921 0.251564
v 0.590634 2.208118 0.287892
v 0.559006 2.239414 0.224541
v 0.707628 2.123916 0.315503
v 0.563929 2.136477 0.334818
v 0.590634 2.208118 0.287892
v 0.597338 2.127692 0.297436
v 0.554041 2.227179 0.327354
v 0.547818 2.003910 0.333218
v 0.732588 2.049867 0.372964
v 0.738371 2.003910 0.379547
v 0.563929 2.136477 0.334818
v 0.559113 1.905185 0.380182
v 0.767319 2.003910 0.420377
v 0.786202 1.905369 0.436653
v 0.535189 2.003910 0.365112
v 0.439838 2.423522 0.253866
v 0.313178 2.313256 0.231949
v 0.313337 2.423531 0.232056
v 0.447669 2.313241 0.258077
v 0.313178 2.313256 0.231949
v 0.439757 2.313228 0.298384
v 0.285809 2.313256 0.265549
v 0.447669 2.313241 0.258077
v 0.305453 2.312355 -0.000002
v 0.273866 1.931121 0.251403
v 0.305800 1.932029 -0.000002
v 0.273995 2.313257 0.251366
v 0.273995 2.313257 0.251366
v 0.328466 2.313263 0.041005
v 0.303899 2.313257 0.220771
v 0.305453 2.312355 -0.000002
v 0.285809 2.313256 0.265549
v 0.273866 1.931121 0.251403
v 0.273995 2.313257 0.251366
v 0.285914 1.931121 0.265554
v 0.771529 2.003910 0.214887
v 0.790681 2.044625 0.222950
v 0.756942 2.061211 0.214284
v 0.798958 2.003910 0.222764
v 0.745800 2.062062 0.259588
v 0.790681 2.044625 0.222950
v 0.776954 2.044610 0.283939
v 0.756942 2.061211 0.214284
v 0.752392 2.044559 0.362401
v 0.776954 2.044610 0.283939
v 0.730749 2.062913 0.312770
v 0.285809 2.313256 0.265549
v 0.313178 2.313256 0.231949
v 0.303899 2.313257 0.220771
v 0.273995 2.313257 0.251366
v 0.561504 2.199082 0.132368
v 0.624623 2.003848 0.133517
v 0.414328 2.310734 0.122901
v 0.618081 2.215220 0.142922
v 0.390323 2.319401 0.118726
v 0.374933 2.323670 0.094100
v 0.374933 2.323670 0.094100
v 0.405140 2.313588 0.098694
v 0.390323 2.319401 0.118726
v 0.383703 2.321265 0.165464
v 0.362215 2.327837 0.181615
v 0.362215 2.327837 0.181615
v 0.383703 2.321265 0.165464
v 0.469730 2.287694 0.178477
v 0.390323 2.319401 0.118726
v 0.451572 2.292221 0.196160
v 0.391255 2.423543 0.118574
v 0.384627 2.423537 0.165464
v 0.384627 2.423537 0.165464
v 0.383703 2.321265 0.165464
v 0.461993 2.423522 0.177166
v 0.469730 2.287694 0.178477
v 0.405140 2.313588 0.098694
v 0.383703 2.321265 0.165464
v 0.374933 2.323670 0.094100
v 0.375050 2.423549 0.094100
v 0.406685 2.423543 0.098694
v 0.406685 2.423543 0.098694
v 0.416638 2.423537 0.123005
v 0.414328 2.310734 0.122901
v 0.414328 2.310734 0.122901
v 0.405140 2.313588 0.098694
v 0.416638 2.423537 0.123005
v 0.391255 2.423543 0.118574
v 0.362230 2.423537 0.181615
v 0.390323 2.319401 0.118726
v 0.375050 2.423549 0.094100
v 0.374933 2.323670 0.094100
v 0.451572 2.292221 0.196160
v 0.362215 2.327837 0.181615
v 0.452966 2.423586 0.195879
v 0.362230 2.423537 0.181615
v 0.313337 2.423531 0.232056
v 0.362215 2.327837 0.181615
v 0.362230 2.423537 0.181615
v 0.337739 2.423565 0.033248
v 0.328466 2.423565 0.041005
v 0.303899 2.423537 0.220749
v 0.375050 2.423549 0.094100
v 0.328466 2.423565 0.041005
v 0.362230 2.423537 0.181615
v 0.303899 2.423537 0.220749
v 0.375050 2.423549 0.094100
v 0.391255 2.423543 0.118574
v 0.416638 2.423537 0.123005
v 0.384627 2.423537 0.165464
v 0.461993 2.423522 0.177166
v 0.506864 2.349965 0.188722
v 0.514249 2.266505 0.164361
v 0.475070 2.423528 0.162852
v 0.488786 2.283429 0.201937
v 0.447669 2.313241 0.258077
v 0.512132 2.366660 0.267024
v 0.523883 2.255761 0.272683
v 0.439838 2.423522 0.253866
v 0.590238 2.280844 0.171905
v 0.618081 2.215220 0.142922
v 0.573003 2.232839 0.206067
v -0.049326 1.541025 -0.157673
v -0.049412 1.489595 -0.157694
v -0.054325 1.490704 0.141028
v 0.010076 1.540973 -0.136523
v -0.068088 1.540844 -0.190801
v -0.068165 1.490631 -0.190813
v -0.049412 1.489595 -0.157694
v 0.009984 1.489702 -0.136546
v -0.049326 1.541025 -0.157673
v 0.009984 1.489702 -0.136546
v 0.051002 1.540903 -0.096385
v 0.050907 1.489595 -0.096407
v 0.610975 2.274104 0.145712
v 0.523883 2.255761 0.272683
v 0.559006 2.239414 0.224541
v 0.566512 2.311710 0.201945
v 0.807490 2.003910 0.331526
v 0.784413 2.003910 0.412750
v 0.803982 1.905368 0.427205
v 0.831961 1.905354 0.334508
v 0.721706 2.005781 0.096346
v 0.785607 2.003910 0.124257
v 0.764069 2.005797 0.042209
v 0.770824 2.003910 0.163132
v 0.793540 2.003910 0.057224
v 0.785607 2.003910 0.124257
v 0.624623 2.003848 0.133517
v 0.740030 2.005794 0.058078
v 0.770824 2.003910 0.163132
v 0.328466 2.423565 0.041005
v 0.303899 2.423537 0.220749
v 0.721706 2.005781 0.096346
v 0.328466 2.313263 0.041005
v 0.610975 2.274104 0.145712
v 0.590238 2.280844 0.171905
v 0.303899 2.313257 0.220771
v 0.541125 2.316132 0.137282
v 0.465649 2.336545 0.120624
v 0.525075 2.320940 0.161250
v 0.434351 2.351736 0.040367
v 0.434954 2.423552 0.044076
v 0.469730 2.287694 0.178477
v 0.451572 2.292221 0.196160
v 0.475070 2.423528 0.162852
v 0.488786 2.283429 0.201937
v 0.465649 2.336545 0.120624
v 0.439330 2.338459 0.043320
v 0.434351 2.351736 0.040367
v 0.452966 2.423586 0.195879
v 0.439838 2.423522 0.253866
v 0.512132 2.366660 0.267024
v 0.494857 2.392250 0.201933
v 0.051002 1.540903 -0.096385
v 0.080170 1.541138 -0.096737
v 0.010076 1.540973 -0.136523
v 0.305453 2.312355 -0.000002
v 0.337687 2.313263 0.033339
v 0.356016 2.313263 0.033141
v 0.357624 2.313265 -0.000002
v 0.305453 2.312355 -0.000002
v 0.337687 2.313263 0.033339
v 0.356016 2.313263 0.033141
v 0.328466 2.313263 0.041005
v -0.214249 1.489595 0.045718
v 0.050907 1.489595 -0.096407
v 0.080080 1.490631 -0.096753
v -0.233377 1.541539 0.083627
v -0.233377 1.490631 0.083627
v -0.214250 1.541477 0.045719
v 0.355965 2.351681 0.033155
v 0.337739 2.423565 0.033248
v 0.355965 2.351681 0.033155
v 0.337687 2.313263 0.033339
v 0.356016 2.313263 0.033141
v 0.357624 2.313265 -0.000002
v 0.823184 1.905708 0.052336
v 0.356954 2.351679 -0.000002
v 0.816558 1.905708 0.124590
v 0.785607 2.003910 0.124257
v 0.756920 2.115579 0.174135
v 0.793540 2.003910 0.057224
v 0.737324 2.114999 0.258661
v 0.678972 2.151921 0.251564
v 0.678972 2.151921 0.251564
v 0.688072 2.153218 0.204269
v 0.707628 2.123916 0.315503
v 0.481906 2.275800 0.164928
v 0.514249 2.266505 0.164361
v 0.725363 2.114688 0.307867
v 0.525257 2.258890 0.147137
v 0.488786 2.283429 0.201937
v 0.514249 2.266505 0.164361
v 0.481906 2.275800 0.164928
v 0.447669 2.313241 0.258077
v 0.439757 2.313228 0.298384
v 0.554041 2.227179 0.327354
v 0.523883 2.255761 0.272683
v 0.337739 2.423565 0.033248
v 0.337687 2.313263 0.033339
v 0.328466 2.313263 0.041005
v 0.328466 2.423565 0.041005
v 0.313337 2.423531 0.232056
v 0.303899 2.423537 0.220749
v 0.303899 2.313257 0.220771
v 0.313178 2.313256 0.231949
v 0.337739 2.423565 0.033248
v 0.375050 2.423549 0.094100
v 0.406685 2.423543 0.098694
v 0.434954 2.423552 0.044076
v 0.452966 2.423586 0.195879
v 0.362230 2.423537 0.181615
v 0.313337 2.423531 0.232056
v 0.439838 2.423522 0.253866
v 0.768048 2.006000 -0.000002
v 0.764069 2.005797 0.042209
v 0.793540 2.003910 0.057224
v 0.796440 2.003910 -0.000002
v 0.732588 2.049867 0.372964
v 0.711661 2.068015 0.323169
v 0.597338 2.127692 0.297436
v 0.563929 2.136477 0.334818
v 0.563929 2.136477 0.334818
v 0.547818 2.003910 0.333218
v 0.481906 2.275800 0.164928
v 0.508961 2.003910 0.321105
v 0.469730 2.287694 0.178477
v 0.461993 2.423522 0.177166
v 0.452966 2.423586 0.195879
v 0.475070 2.423528 0.162852
v -0.224883 1.490631 -0.100628
v -0.211454 1.541331 -0.068588
v -0.224883 1.541384 -0.100629
v 0.451572 2.292221 0.196160
v 0.488786 2.283429 0.201937
v 0.481906 2.275800 0.164928
v 0.494857 2.392250 0.201933
v 0.469730 2.287694 0.178477
v 0.406685 2.423543 0.098694
v 0.434954 2.423552 0.044076
v 0.488786 2.283429 0.201937
v 0.416638 2.423537 0.123005
v 0.559006 2.239414 0.224541
v 0.573003 2.232839 0.206067
v 0.475070 2.423528 0.162852
v 0.090164 1.540979 -0.034331
v 0.090333 1.541056 0.027351
v -0.211454 1.489595 -0.068590
v 0.569850 2.147037 0.226793
v 0.506128 2.385696 0.190631
v 0.506864 2.349965 0.188722
v 0.587178 2.143598 0.208837
v 0.561992 2.341178 0.202458
v 0.506864 2.349965 0.188722
v 0.524726 2.342621 0.162782
v 0.566512 2.311710 0.201945
v 0.090066 1.490631 -0.034351
v 0.090066 1.490631 -0.034351
v 0.090222 1.490631 0.027327
v 0.080170 1.541138 -0.096737
v 0.080080 1.490631 -0.096753
v 0.090164 1.540979 -0.034331
v 0.566512 2.311710 0.201945
v 0.524726 2.342621 0.162782
v 0.525075 2.320940 0.161250
v 0.586820 2.302595 0.173039
v 0.081745 1.490631 0.089046
v 0.090333 1.541056 0.027351
v 0.081859 1.541142 0.089069
v -0.190479 1.541574 0.120418
v -0.190479 1.490631 0.120418
v 0.090222 1.490631 0.027327
v -0.124042 1.541523 0.159165
v -0.124042 1.541523 0.159165
v -0.124044 1.490631 0.159165
v -0.078012 1.490631 0.177364
v -0.124044 1.490631 0.159165
v -0.078012 1.541397 0.177364
v -0.190479 1.490631 0.120418
v -0.233377 1.541539 0.083627
v -0.233377 1.490631 0.083627
v 0.586820 2.302595 0.173039
v 0.573003 2.232839 0.206067
v 0.566512 2.311710 0.201945
v 0.590238 2.280844 0.171905
v 0.590238 2.280844 0.171905
v 0.525075 2.320940 0.161250
v 0.525257 2.258890 0.147137
v 0.586820 2.302595 0.173039
v 0.541125 2.316132 0.137282
v 0.524726 2.342621 0.162782
v 0.506864 2.349965 0.188722
v 0.532988 2.222538 0.131528
v 0.525075 2.320940 0.161250
v 0.770824 2.003910 0.163132
v 0.748370 2.121100 0.165602
v 0.514249 2.266505 0.164361
v 0.624623 2.003848 0.133517
v 0.790681 2.044625 0.222950
v 0.798958 2.003910 0.222764
v 0.618081 2.215220 0.142922
v 0.776954 2.044610 0.283939
v 0.502589 2.335958 0.019793
v 0.439330 2.338459 0.043320
v 0.782639 2.003910 0.287823
v -0.175557 1.541201 -0.140250
v -0.121946 1.541289 -0.171193
v -0.190479 1.541574 0.120418
v 0.491089 2.351653 0.018768
v 0.356954 2.351679 -0.000002
v 0.355965 2.351681 0.033155
v 0.434351 2.351736 0.040367
v 0.434351 2.351736 0.040367
v 0.502589 2.335958 0.019793
v 0.493723 2.351653 -0.000002
v 0.505213 2.335958 -0.000002
v -0.175555 1.490631 -0.140250
v -0.175555 1.490631 -0.140250
v -0.122024 1.490631 -0.171210
v -0.224883 1.541384 -0.100629
v -0.224883 1.490631 -0.100628
v -0.175557 1.541201 -0.140250
v 0.491089 2.351653 0.018768
v 0.502589 2.335958 0.019793
v 0.616616 2.335183 -0.000002
v 0.611868 2.334965 0.049887
v 0.505213 2.335958 -0.000002
v 0.502589 2.335958 0.019793
v 0.465649 2.336545 0.120624
v 0.439330 2.338459 0.043320
v 0.611868 2.334965 0.049887
v 0.607697 2.223940 0.077916
v 0.764069 2.005797 0.042209
v 0.740030 2.005794 0.058078
v 0.611868 2.334965 0.049887
v 0.764069 2.005797 0.042209
v 0.616616 2.335183 -0.000002
v 0.768048 2.006000 -0.000002
v 0.611868 2.334965 0.049887
v 0.738371 2.003910 0.379547
v 0.535189 2.003910 0.365112
v 0.547818 2.003910 0.333218
v 0.767319 2.003910 0.420377
v 0.547818 2.003910 0.333218
v 0.508961 2.003910 0.321105
v 0.535189 2.003910 0.365112
v 0.833243 2.003910 0.231268
v 0.856892 1.905354 0.235239
v 0.875084 1.905354 0.130832
v 0.851321 2.003910 0.132125
v 0.778683 2.003910 0.172087
v 0.798958 2.003910 0.222764
v 0.782639 2.003910 0.287823
v 0.771529 2.003910 0.214887
v 0.807490 2.003910 0.331526
v 0.782639 2.003910 0.287823
v 0.757137 2.003910 0.370818
v 0.833243 2.003910 0.231268
v 0.807490 2.003910 0.331526
v 0.782639 2.003910 0.287823
v 0.833243 2.003910 0.231268
v 0.798958 2.003910 0.222764
v 0.757137 2.003910 0.370818
v 0.807490 2.003910 0.331526
v 0.738371 2.003910 0.379547
v 0.784413 2.003910 0.412750
v 0.757137 2.003910 0.370818
v 0.784413 2.003910 0.412750
v 0.770824 2.003910 0.163132
v 0.767319 2.003910 0.420377
v 0.778683 2.003910 0.172087
v 0.798958 2.003910 0.222764
v 0.778683 2.003910 0.172087
v 0.785607 2.003910 0.124257
v -0.122024 1.490631 -0.171210
v -0.068088 1.540844 -0.190801
v -0.068165 1.490631 -0.190813
v 0.833243 2.003910 0.231268
v 0.851321 2.003910 0.132125
v 0.785607 2.003910 0.124257
v 0.851321 2.003910 0.132125
v 0.778683 2.003910 0.172087
v 0.851321 2.003910 0.132125
v 0.816558 1.905708 0.124590
v 0.875084 1.905354 0.130832
v 0.785607 2.003910 0.124257
v 0.823184 1.905708 0.052336
v 0.796440 2.003910 -0.000002
v 0.825130 1.905708 -0.000002
v -0.116558 1.541419 0.076832
v -0.070009 1.541401 0.088812
v -0.121946 1.541289 -0.171193
v 0.793540 2.003910 0.057224
v 0.434954 2.423552 0.044076
v 0.355965 2.351681 0.033155
v 0.434351 2.351736 0.040367
v 0.337739 2.423565 0.033248
v 0.439757 2.313228 0.298384
v 0.326210 2.263077 0.277522
v 0.285809 2.313256 0.265549
v 0.010275 1.490631 -0.052632
v -0.116558 1.490631 0.076832
v -0.070132 1.490631 0.088787
v 0.021343 1.541066 -0.006664
v 0.021233 1.490631 -0.006685
v 0.010380 1.541098 -0.052609
v 0.445334 2.265976 0.302635
v 0.494857 2.392250 0.201933
v 0.506864 2.349965 0.188722
v 0.506128 2.385696 0.190631
v -0.116530 1.490631 -0.086840
v -0.149131 1.541255 -0.051555
v -0.149131 1.490631 -0.051555
v 0.488786 2.283429 0.201937
v 0.445334 2.265976 0.302635
v 0.554041 2.227179 0.327354
v 0.439757 2.313228 0.298384
v 0.474830 2.275800 0.135272
v 0.465649 2.336545 0.120624
v 0.475070 2.423528 0.162852
v 0.481906 2.275800 0.164928
v 0.659686 2.104177 0.198284
v 0.653445 2.088704 0.223112
v 0.676405 2.091194 0.251252
v 0.688537 2.090489 0.204264
v -0.071396 1.541130 -0.097499
v -0.071493 1.490631 -0.097519
v -0.116433 1.541384 -0.086820
v 0.012250 1.490631 0.042317
v -0.024582 1.541094 -0.078451
v -0.024679 1.491696 -0.078467
v 0.587178 2.143598 0.208837
v 0.569850 2.147037 0.226793
v 0.676405 2.091194 0.251252
v 0.653445 2.088704 0.223112
v 0.573003 2.232839 0.206067
v 0.587178 2.143598 0.208837
v 0.653445 2.088704 0.223112
v 0.655505 2.171454 0.222344
v 0.653445 2.088704 0.223112
v 0.659686 2.104177 0.198284
v 0.660555 2.172230 0.198284
v 0.655505 2.171454 0.222344
v 0.660555 2.172230 0.198284
v 0.659686 2.104177 0.198284
v 0.688537 2.090489 0.204264
v 0.688072 2.153218 0.204269
v 0.688072 2.153218 0.204269
v 0.688537 2.090489 0.204264
v 0.676405 2.091194 0.251252
v 0.678972 2.151921 0.251564
v 0.559006 2.239414 0.224541
v 0.678972 2.151921 0.251564
v 0.676405 2.091194 0.251252
v 0.569850 2.147037 0.226793
v 0.732588 2.049867 0.372964
v 0.738371 2.003910 0.379547
v 0.757137 2.003910 0.370818
v 0.752392 2.044559 0.362401
v 0.618081 2.215220 0.142922
v 0.660555 2.172230 0.198284
v 0.688072 2.153218 0.204269
v 0.748370 2.121100 0.165602
v 0.745800 2.062062 0.259588
v 0.756942 2.061211 0.214284
v 0.756920 2.115579 0.174135
v 0.737324 2.114999 0.258661
v 0.707628 2.123916 0.315503
v 0.711661 2.068015 0.323169
v 0.730749 2.062913 0.312770
v 0.725363 2.114688 0.307867
v 0.573003 2.232839 0.206067
v 0.655505 2.171454 0.222344
v 0.660555 2.172230 0.198284
v 0.618081 2.215220 0.142922
v 0.559006 2.239414 0.224541
v 0.523883 2.255761 0.272683
v 0.554041 2.227179 0.327354
v 0.590634 2.208118 0.287892
v 0.525257 2.258890 0.147137
v 0.481906 2.275800 0.164928
v 0.537339 2.226128 0.116218
v 0.532988 2.222538 0.131528
v 0.474830 2.275800 0.135272
v 0.512132 2.366660 0.267024
v 0.506128 2.385696 0.190631
v 0.561992 2.341178 0.202458
v 0.494857 2.392250 0.201933
v 0.273866 1.931121 -0.251406
v 0.305800 0.093751 -0.000002
v 0.273866 0.092843 -0.251406
v 0.305800 1.932029 -0.000002
v 0.285914 0.092843 -0.265558
v 0.273866 1.931121 -0.251406
v 0.273866 0.092843 -0.251406
v 0.285914 1.931121 -0.265558
v 0.563929 2.136477 -0.334820
v 0.445334 2.265976 -0.302636
v 0.508961 2.003910 -0.321109
v 0.554041 2.227179 -0.327349
v 0.512132 2.366660 -0.267028
v 0.566512 2.311710 -0.201950
v 0.561992 2.341178 -0.202462
v 0.523883 2.255761 -0.272686
v 0.493723 2.351653 -0.000002
v 0.434351 2.351736 -0.040370
v 0.491089 2.351653 -0.018771
v 0.356954 2.351679 -0.000002
v 0.786202 1.905369 -0.436657
v 0.784413 2.003910 -0.412751
v 0.767319 2.003910 -0.420378
v 0.803982 1.905368 -0.427206
v 0.525075 2.320940 -0.161253
v 0.514249 2.266505 -0.164365
v 0.525257 2.258890 -0.147141
v 0.541125 2.316132 -0.137284
v 0.561504 2.199082 -0.132371
v 0.610975 2.274104 -0.145712
v 0.532988 2.222538 -0.131531
v 0.541125 2.316132 -0.137284
v 0.532988 2.222538 -0.131531
v 0.534975 2.195136 -0.129774
v 0.561504 2.199082 -0.132371
v 0.561504 2.199082 -0.132371
v 0.583265 2.182859 -0.076223
v 0.534975 2.195136 -0.129774
v 0.565713 2.207642 -0.079307
v 0.532988 2.222538 -0.131531
v 0.534975 2.195136 -0.129774
v 0.533017 2.217403 -0.114688
v 0.533017 2.217403 -0.114688
v 0.532988 2.222538 -0.131531
v 0.607697 2.223940 -0.077921
v 0.537339 2.226128 -0.116223
v 0.537339 2.226128 -0.116223
v -0.022359 1.541276 0.068965
v -0.022476 1.491696 0.068942
v 0.012370 1.541192 0.042341
v 0.565713 2.207642 -0.079307
v 0.728725 2.005792 -0.058300
v 0.721706 2.005781 -0.096348
v 0.533017 2.217403 -0.114688
v 0.740030 2.005794 -0.058081
v 0.533017 2.217403 -0.114688
v 0.565713 2.207642 -0.079307
v 0.785607 2.003910 -0.124258
v 0.534975 2.195136 -0.129774
v 0.607697 2.223940 -0.077921
v 0.583265 2.182859 -0.076223
v 0.608119 2.183787 -0.075207
v 0.565713 2.207642 -0.079307
v 0.583265 2.182859 -0.076223
v 0.561504 2.199082 -0.132371
v 0.608119 2.183787 -0.075207
v 0.534975 2.195136 -0.129774
v 0.610975 2.274104 -0.145712
v 0.561504 2.199082 -0.132371
v 0.618081 2.215220 -0.142925
v 0.728725 2.005792 -0.058300
v 0.608119 2.183787 -0.075207
v 0.607697 2.223940 -0.077921
v 0.740030 2.005794 -0.058081
v 0.624623 2.003848 -0.133519
v 0.721706 2.005781 -0.096348
v 0.474830 2.275800 -0.135274
v 0.561504 2.199082 -0.132371
v 0.465649 2.336545 -0.120629
v 0.728725 2.005792 -0.058300
v 0.608119 2.183787 -0.075207
v 0.537339 2.226128 -0.116223
v 0.721706 2.005781 -0.096348
v 0.465649 2.336545 -0.120629
v 0.537339 2.226128 -0.116223
v 0.561504 2.199082 -0.132371
v 0.611868 2.334965 -0.049891
v 0.730749 2.062913 -0.312775
v 0.745800 2.062062 -0.259591
v 0.607697 2.223940 -0.077921
v 0.776954 2.044610 -0.283942
v 0.745800 2.062062 -0.259591
v 0.725363 2.114688 -0.307870
v 0.730749 2.062913 -0.312775
v 0.737324 2.114999 -0.258664
v 0.737324 2.114999 -0.258664
v 0.725363 2.114688 -0.307870
v 0.678972 2.151921 -0.251565
v 0.566512 2.311710 -0.201950
v 0.559006 2.239414 -0.224545
v 0.748370 2.121100 -0.165605
v 0.573003 2.232839 -0.206068
v 0.756920 2.115579 -0.174137
v 0.778683 2.003910 -0.172090
v 0.748370 2.121100 -0.165605
v 0.770824 2.003910 -0.163135
v 0.756920 2.115579 -0.174137
v 0.756920 2.115579 -0.174137
v 0.756942 2.061211 -0.214287
v 0.688072 2.153218 -0.204269
v 0.778683 2.003910 -0.172090
v 0.757137 2.003910 -0.370822
v 0.782639 2.003910 -0.287826
v 0.771529 2.003910 -0.214890
v 0.752392 2.044559 -0.362403
v 0.807490 2.003910 -0.331527
v 0.831961 1.905354 -0.334509
v 0.776954 2.044610 -0.283942
v -0.160391 1.491696 -0.009115
v -0.153445 1.541449 0.036287
v -0.153445 1.490631 0.036287
v 0.833243 2.003910 -0.231266
v 0.732588 2.049867 -0.372967
v 0.752392 2.044559 -0.362403
v 0.856892 1.905354 -0.235243
v 0.711661 2.068015 -0.323172
v 0.711661 2.068015 -0.323172
v 0.707628 2.123916 -0.315507
v 0.730749 2.062913 -0.312775
v 0.597338 2.127692 -0.297437
v 0.559006 2.239414 -0.224545
v 0.590634 2.208118 -0.287891
v 0.590634 2.208118 -0.287891
v 0.678972 2.151921 -0.251565
v 0.597338 2.127692 -0.297437
v 0.590634 2.208118 -0.287891
v 0.707628 2.123916 -0.315507
v 0.563929 2.136477 -0.334820
v 0.738371 2.003910 -0.379550
v 0.732588 2.049867 -0.372967
v 0.554041 2.227179 -0.327349
v 0.547818 2.003910 -0.333219
v 0.535189 2.003910 -0.365114
v 0.559113 1.905185 -0.380187
v 0.563929 2.136477 -0.334820
v 0.767319 2.003910 -0.420378
v 0.313337 2.423531 -0.232060
v 0.313178 2.313256 -0.231952
v 0.786202 1.905369 -0.436657
v 0.439838 2.423522 -0.253868
v 0.285809 2.313256 -0.265554
v 0.439757 2.313228 -0.298386
v 0.447669 2.313241 -0.258080
v 0.313178 2.313256 -0.231952
v 0.305800 1.932029 -0.000002
v 0.273866 1.931121 -0.251406
v 0.447669 2.313241 -0.258080
v 0.305453 2.312355 -0.000002
v 0.303899 2.313257 -0.220774
v 0.328466 2.313263 -0.041010
v 0.273995 2.313257 -0.251370
v 0.273995 2.313257 -0.251370
v 0.273995 2.313257 -0.251370
v 0.273866 1.931121 -0.251406
v 0.305453 2.312355 -0.000002
v 0.285809 2.313256 -0.265554
v 0.798958 2.003910 -0.222764
v 0.771529 2.003910 -0.214890
v 0.285914 1.931121 -0.265558
v 0.790681 2.044625 -0.222951
v 0.776954 2.044610 -0.283942
v 0.790681 2.044625 -0.222951
v 0.756942 2.061211 -0.214287
v 0.745800 2.062062 -0.259591
v 0.752392 2.044559 -0.362403
v 0.730749 2.062913 -0.312775
v 0.756942 2.061211 -0.214287
v 0.776954 2.044610 -0.283942
v 0.313178 2.313256 -0.231952
v 0.273995 2.313257 -0.251370
v 0.285809 2.313256 -0.265554
v 0.303899 2.313257 -0.220774
v 0.561504 2.199082 -0.132371
v 0.624623 2.003848 -0.133519
v 0.618081 2.215220 -0.142925
v 0.374933 2.323670 -0.094103
v 0.405140 2.313588 -0.098696
v 0.414328 2.310734 -0.122900
v 0.390323 2.319401 -0.118727
v 0.374933 2.323670 -0.094103
v 0.390323 2.319401 -0.118727
v 0.383703 2.321265 -0.165464
v 0.362215 2.327837 -0.181614
v 0.362215 2.327837 -0.181614
v 0.383703 2.321265 -0.165464
v 0.469730 2.287694 -0.178480
v 0.451572 2.292221 -0.196162
v 0.390323 2.319401 -0.118727
v 0.391255 2.423543 -0.118577
v 0.384627 2.423537 -0.165464
v 0.383703 2.321265 -0.165464
v 0.384627 2.423537 -0.165464
v 0.461993 2.423522 -0.177169
v 0.469730 2.287694 -0.178480
v 0.383703 2.321265 -0.165464
v 0.375050 2.423549 -0.094103
v 0.406685 2.423543 -0.098696
v 0.405140 2.313588 -0.098696
v 0.374933 2.323670 -0.094103
v 0.414328 2.310734 -0.122900
v 0.405140 2.313588 -0.098696
v 0.406685 2.423543 -0.098696
v 0.416638 2.423537 -0.123008
v 0.414328 2.310734 -0.122900
v 0.416638 2.423537 -0.123008
v 0.391255 2.423543 -0.118577
v 0.390323 2.319401 -0.118727
v 0.374933 2.323670 -0.094103
v 0.362215 2.327837 -0.181614
v 0.362230 2.423537 -0.181614
v 0.375050 2.423549 -0.094103
v 0.451572 2.292221 -0.196162
v 0.452966 2.423586 -0.195882
v 0.362230 2.423537 -0.181614
v 0.362215 2.327837 -0.181614
v 0.362230 2.423537 -0.181614
v 0.303899 2.423537 -0.220753
v 0.328466 2.423565 -0.041010
v 0.313337 2.423531 -0.232060
v 0.337739 2.423565 -0.033252
v 0.375050 2.423549 -0.094103
v 0.328466 2.423565 -0.041010
v 0.375050 2.423549 -0.094103
v 0.362230 2.423537 -0.181614
v 0.384627 2.423537 -0.165464
v 0.391255 2.423543 -0.118577
v 0.303899 2.423537 -0.220753
v 0.461993 2.423522 -0.177169
v 0.475070 2.423528 -0.162851
v 0.514249 2.266505 -0.164365
v 0.416638 2.423537 -0.123008
v 0.506864 2.349965 -0.188720
v 0.439838 2.423522 -0.253868
v 0.447669 2.313241 -0.258080
v 0.488786 2.283429 -0.201937
v 0.512132 2.366660 -0.267028
v 0.573003 2.232839 -0.206068
v 0.618081 2.215220 -0.142925
v 0.523883 2.255761 -0.272686
v -0.070009 1.541401 0.088812
v -0.022359 1.541276 0.068965
v -0.160389 1.541371 -0.009118
v -0.024582 1.541094 -0.078451
v -0.070132 1.490631 0.088787
v -0.022476 1.491696 0.068942
v 0.010275 1.490631 -0.052632
v -0.024679 1.491696 -0.078467
v 0.010380 1.541098 -0.052609
v 0.012250 1.490631 0.042317
v 0.021343 1.541066 -0.006664
v 0.021233 1.490631 -0.006685
v 0.590238 2.280844 -0.171908
v 0.523883 2.255761 -0.272686
v 0.566512 2.311710 -0.201950
v 0.610975 2.274104 -0.145712
v 0.559006 2.239414 -0.224545
v 0.784413 2.003910 -0.412751
v 0.831961 1.905354 -0.334509
v 0.807490 2.003910 -0.331527
v 0.803982 1.905368 -0.427206
v 0.782639 2.003910 -0.287826
v 0.833243 2.003910 -0.231266
v 0.807490 2.003910 -0.331527
v 0.757137 2.003910 -0.370822
v 0.807490 2.003910 -0.331527
v 0.782639 2.003910 -0.287826
v 0.782639 2.003910 -0.287826
v 0.798958 2.003910 -0.222764
v 0.784413 2.003910 -0.412751
v 0.757137 2.003910 -0.370822
v 0.833243 2.003910 -0.231266
v 0.807490 2.003910 -0.331527
v 0.721706 2.005781 -0.096348
v 0.785607 2.003910 -0.124258
v 0.770824 2.003910 -0.163135
v 0.764069 2.005797 -0.042209
v 0.785607 2.003910 -0.124258
v 0.740030 2.005794 -0.058081
v 0.793540 2.003910 -0.057226
v 0.770824 2.003910 -0.163135
v 0.721706 2.005781 -0.096348
v 0.328466 2.423565 -0.041010
v 0.624623 2.003848 -0.133519
v 0.328466 2.313263 -0.041010
v 0.303899 2.313257 -0.220774
v 0.525075 2.320940 -0.161253
v 0.303899 2.423537 -0.220753
v 0.590238 2.280844 -0.171908
v 0.610975 2.274104 -0.145712
v 0.475070 2.423528 -0.162851
v 0.541125 2.316132 -0.137284
v -0.116558 1.541419 0.076832
v -0.116558 1.490631 0.076832
v 0.012370 1.541192 0.042341
v 0.465649 2.336545 -0.120629
v 0.434351 2.351736 -0.040370
v 0.451572 2.292221 -0.196162
v 0.434954 2.423552 -0.044079
v 0.469730 2.287694 -0.178480
v 0.465649 2.336545 -0.120629
v 0.434351 2.351736 -0.040370
v 0.488786 2.283429 -0.201937
v -0.116433 1.541384 -0.086820
v -0.153445 1.541449 0.036287
v -0.153445 1.490631 0.036287
v -0.071493 1.490631 -0.097519
v -0.116530 1.490631 -0.086840
v -0.071396 1.541130 -0.097499
v 0.439330 2.338459 -0.043323
v 0.439838 2.423522 -0.253868
v 0.494857 2.392250 -0.201937
v 0.452966 2.423586 -0.195882
v 0.512132 2.366660 -0.267028
v 0.357624 2.313265 -0.000002
v 0.337687 2.313263 -0.033342
v 0.356016 2.313263 -0.033143
v 0.305453 2.312355 -0.000002
v 0.305453 2.312355 -0.000002
v 0.337687 2.313263 -0.033342
v 0.328466 2.313263 -0.041010
v 0.356016 2.313263 -0.033143
v 0.355965 2.351681 -0.033154
v 0.337739 2.423565 -0.033252
v 0.337687 2.313263 -0.033342
v 0.355965 2.351681 -0.033154
v 0.356016 2.313263 -0.033143
v 0.357624 2.313265 -0.000002
v 0.356954 2.351679 -0.000002
v 0.785607 2.003910 -0.124258
v 0.793540 2.003910 -0.057226
v 0.823184 1.905708 -0.052337
v 0.816558 1.905708 -0.124593
v 0.678972 2.151921 -0.251565
v 0.688072 2.153218 -0.204269
v 0.756920 2.115579 -0.174137
v 0.737324 2.114999 -0.258664
v 0.707628 2.123916 -0.315507
v 0.725363 2.114688 -0.307870
v 0.514249 2.266505 -0.164365
v 0.678972 2.151921 -0.251565
v 0.481906 2.275800 -0.164931
v 0.488786 2.283429 -0.201937
v 0.481906 2.275800 -0.164931
v 0.525257 2.258890 -0.147141
v 0.514249 2.266505 -0.164365
v 0.439757 2.313228 -0.298386
v 0.523883 2.255761 -0.272686
v 0.447669 2.313241 -0.258080
v 0.554041 2.227179 -0.327349
v 0.337687 2.313263 -0.033342
v 0.328466 2.423565 -0.041010
v 0.337739 2.423565 -0.033252
v 0.328466 2.313263 -0.041010
v 0.303899 2.423537 -0.220753
v 0.313178 2.313256 -0.231952
v 0.313337 2.423531 -0.232060
v 0.303899 2.313257 -0.220774
v 0.375050 2.423549 -0.094103
v 0.434954 2.423552 -0.044079
v 0.337739 2.423565 -0.033252
v 0.406685 2.423543 -0.098696
v 0.362230 2.423537 -0.181614
v 0.439838 2.423522 -0.253868
v 0.452966 2.423586 -0.195882
v 0.313337 2.423531 -0.232060
v 0.796440 2.003910 -0.000002
v 0.764069 2.005797 -0.042209
v 0.793540 2.003910 -0.057226
v -0.160391 1.491696 -0.009115
v -0.149131 1.541255 -0.051555
v -0.160389 1.541371 -0.009118
v 0.768048 2.006000 -0.000002
v 0.711661 2.068015 -0.323172
v 0.563929 2.136477 -0.334820
v 0.732588 2.049867 -0.372967
v 0.597338 2.127692 -0.297437
v 0.563929 2.136477 -0.334820
v 0.547818 2.003910 -0.333219
v 0.508961 2.003910 -0.321109
v 0.461993 2.423522 -0.177169
v 0.475070 2.423528 -0.162851
v 0.481906 2.275800 -0.164931
v 0.469730 2.287694 -0.178480
v -0.228206 1.541383 -0.004920
v -0.228206 1.489702 -0.004920
v -0.149131 1.490631 -0.051555
v 0.488786 2.283429 -0.201937
v 0.494857 2.392250 -0.201937
v 0.452966 2.423586 -0.195882
v 0.451572 2.292221 -0.196162
v 0.469730 2.287694 -0.178480
v 0.488786 2.283429 -0.201937
v 0.406685 2.423543 -0.098696
v 0.481906 2.275800 -0.164931
v -0.211454 1.489595 -0.068590
v -0.214250 1.541477 0.045719
v -0.214249 1.489595 0.045718
v -0.228206 1.541383 -0.004920
v -0.228206 1.489702 -0.004920
v -0.211454 1.541331 -0.068588
v 0.416638 2.423537 -0.123008
v 0.475070 2.423528 -0.162851
v 0.559006 2.239414 -0.224545
v 0.434954 2.423552 -0.044079
v 0.090164 1.540979 -0.034331
v 0.090333 1.541056 0.027351
v 0.021343 1.541066 -0.006664
v 0.090164 1.540979 -0.034331
v 0.010380 1.541098 -0.052609
v 0.021343 1.541066 -0.006664
v 0.052878 1.541269 0.088753
v 0.012370 1.541192 0.042341
v 0.080170 1.541138 -0.096737
v 0.052878 1.541269 0.088753
v 0.004500 1.541481 0.130450
v -0.022359 1.541276 0.068965
v 0.010076 1.540973 -0.136523
v 0.012370 1.541192 0.042341
v 0.081859 1.541142 0.089069
v 0.569850 2.147037 -0.226797
v 0.587178 2.143598 -0.208837
v 0.566512 2.311710 -0.201950
v 0.573003 2.232839 -0.206068
v 0.506864 2.349965 -0.188720
v 0.506128 2.385696 -0.190633
v 0.586820 2.302595 -0.173042
v 0.561992 2.341178 -0.202462
v 0.524726 2.342621 -0.162786
v 0.506864 2.349965 -0.188720
v 0.590238 2.280844 -0.171908
v 0.566512 2.311710 -0.201950
v 0.525075 2.320940 -0.161253
v 0.524726 2.342621 -0.162786
v 0.586820 2.302595 -0.173042
v 0.586820 2.302595 -0.173042
v 0.566512 2.311710 -0.201950
v 0.573003 2.232839 -0.206068
v 0.532988 2.222538 -0.131531
v 0.590238 2.280844 -0.171908
v 0.525257 2.258890 -0.147141
v 0.525075 2.320940 -0.161253
v 0.524726 2.342621 -0.162786
v 0.541125 2.316132 -0.137284
v 0.010380 1.541098 -0.052609
v -0.024582 1.541094 -0.078451
v 0.051002 1.540903 -0.096385
v 0.525075 2.320940 -0.161253
v 0.514249 2.266505 -0.164365
v 0.618081 2.215220 -0.142925
v 0.506864 2.349965 -0.188720
v 0.748370 2.121100 -0.165605
v 0.770824 2.003910 -0.163135
v 0.782639 2.003910 -0.287826
v 0.624623 2.003848 -0.133519
v 0.080170 1.541138 -0.096737
v 0.010380 1.541098 -0.052609
v 0.051002 1.540903 -0.096385
v 0.012370 1.541192 0.042341
v 0.090333 1.541056 0.027351
v 0.021343 1.541066 -0.006664
v 0.798958 2.003910 -0.222764
v 0.790681 2.044625 -0.222951
v 0.502589 2.335958 -0.019796
v 0.776954 2.044610 -0.283942
v 0.491089 2.351653 -0.018771
v 0.434351 2.351736 -0.040370
v 0.355965 2.351681 -0.033154
v 0.439330 2.338459 -0.043323
v 0.356954 2.351679 -0.000002
v 0.505213 2.335958 -0.000002
v 0.493723 2.351653 -0.000002
v 0.434351 2.351736 -0.040370
v 0.502589 2.335958 -0.019796
v 0.505213 2.335958 -0.000002
v 0.502589 2.335958 -0.019796
v 0.491089 2.351653 -0.018771
v 0.616616 2.335183 -0.000002
v 0.439330 2.338459 -0.043323
v 0.465649 2.336545 -0.120629
v 0.611868 2.334965 -0.049891
v 0.502589 2.335958 -0.019796
v 0.611868 2.334965 -0.049891
v 0.607697 2.223940 -0.077921
v 0.611868 2.334965 -0.049891
v 0.764069 2.005797 -0.042209
v 0.611868 2.334965 -0.049891
v 0.764069 2.005797 -0.042209
v 0.740030 2.005794 -0.058081
v 0.616616 2.335183 -0.000002
v 0.547818 2.003910 -0.333219
v 0.535189 2.003910 -0.365114
v 0.768048 2.006000 -0.000002
v 0.738371 2.003910 -0.379550
v 0.784413 2.003910 -0.412751
v 0.757137 2.003910 -0.370822
v 0.767319 2.003910 -0.420378
v 0.767319 2.003910 -0.420378
v 0.547818 2.003910 -0.333219
v 0.535189 2.003910 -0.365114
v 0.738371 2.003910 -0.379550
v 0.508961 2.003910 -0.321109
v 0.856892 1.905354 -0.235243
v 0.851321 2.003910 -0.132127
v 0.833243 2.003910 -0.231266
v 0.875084 1.905354 -0.130832
v 0.778683 2.003910 -0.172090
v 0.798958 2.003910 -0.222764
v 0.771529 2.003910 -0.214890
v 0.778683 2.003910 -0.172090
v 0.785607 2.003910 -0.124258
v 0.798958 2.003910 -0.222764
v 0.770824 2.003910 -0.163135
v -0.190479 1.541574 0.120418
v -0.116558 1.541419 0.076832
v 0.081859 1.541142 0.089069
v 0.833243 2.003910 -0.231266
v 0.851321 2.003910 -0.132127
v 0.785607 2.003910 -0.124258
v 0.778683 2.003910 -0.172090
v 0.851321 2.003910 -0.132127
v 0.875084 1.905354 -0.130832
v 0.816558 1.905708 -0.124593
v 0.778683 2.003910 -0.172090
v 0.851321 2.003910 -0.132127
v 0.793540 2.003910 -0.057226
v 0.823184 1.905708 -0.052337
v 0.785607 2.003910 -0.124258
v -0.070009 1.541401 0.088812
v -0.116558 1.541419 0.076832
v -0.124042 1.541523 0.159165
v 0.796440 2.003910 -0.000002
v 0.434351 2.351736 -0.040370
v 0.355965 2.351681 -0.033154
v 0.825130 1.905708 -0.000002
v 0.434954 2.423552 -0.044079
v 0.445334 2.265976 -0.302636
v 0.439757 2.313228 -0.298386
v 0.337739 2.423565 -0.033252
v -0.228206 1.541383 -0.004920
v -0.078012 1.541397 0.177364
v -0.124042 1.541523 0.159165
v -0.153445 1.541449 0.036287
v -0.214250 1.541477 0.045719
v -0.160389 1.541371 -0.009118
v 0.326210 2.263077 -0.277525
v 0.488786 2.283429 -0.201937
v 0.494857 2.392250 -0.201937
v 0.285809 2.313256 -0.265554
v -0.022359 1.541276 0.068965
v -0.052503 1.541367 0.146698
v 0.004500 1.541481 0.130450
v 0.506864 2.349965 -0.188720
v 0.445334 2.265976 -0.302636
v 0.439757 2.313228 -0.298386
v 0.506128 2.385696 -0.190633
v 0.554041 2.227179 -0.327349
v 0.465649 2.336545 -0.120629
v 0.481906 2.275800 -0.164931
v 0.474830 2.275800 -0.135274
v 0.475070 2.423528 -0.162851
v 0.653445 2.088704 -0.223115
v 0.688537 2.090489 -0.204269
v 0.659686 2.104177 -0.198287
v -0.070009 1.541401 0.088812
v -0.052503 1.541367 0.146698
v -0.070009 1.541401 0.088812
v -0.233377 1.541539 0.083627
v -0.214250 1.541477 0.045719
v -0.078012 1.541397 0.177364
v 0.676405 2.091194 -0.251252
v 0.653445 2.088704 -0.223115
v 0.569850 2.147037 -0.226797
v 0.676405 2.091194 -0.251252
v 0.587178 2.143598 -0.208837
v 0.655505 2.171454 -0.222344
v 0.587178 2.143598 -0.208837
v 0.653445 2.088704 -0.223115
v 0.573003 2.232839 -0.206068
v 0.659686 2.104177 -0.198287
v 0.655505 2.171454 -0.222344
v 0.653445 2.088704 -0.223115
v 0.660555 2.172230 -0.198287
v 0.688072 2.153218 -0.204269
v 0.659686 2.104177 -0.198287
v 0.688537 2.090489 -0.204269
v 0.660555 2.172230 -0.198287
v 0.678972 2.151921 -0.251565
v 0.688537 2.090489 -0.204269
v 0.676405 2.091194 -0.251252
v 0.688072 2.153218 -0.204269
v 0.569850 2.147037 -0.226797
v 0.678972 2.151921 -0.251565
v 0.676405 2.091194 -0.251252
v 0.559006 2.239414 -0.224545
v 0.738371 2.003910 -0.379550
v 0.752392 2.044559 -0.362403
v 0.732588 2.049867 -0.372967
v 0.757137 2.003910 -0.370822
v 0.660555 2.172230 -0.198287
v 0.748370 2.121100 -0.165605
v 0.618081 2.215220 -0.142925
v 0.688072 2.153218 -0.204269
v 0.756942 2.061211 -0.214287
v 0.737324 2.114999 -0.258664
v 0.745800 2.062062 -0.259591
v 0.756920 2.115579 -0.174137
v 0.725363 2.114688 -0.307870
v 0.711661 2.068015 -0.323172
v 0.730749 2.062913 -0.312775
v 0.707628 2.123916 -0.315507
v 0.655505 2.171454 -0.222344
v 0.618081 2.215220 -0.142925
v 0.573003 2.232839 -0.206068
v 0.660555 2.172230 -0.198287
v 0.590634 2.208118 -0.287891
v 0.523883 2.255761 -0.272686
v 0.554041 2.227179 -0.327349
v 0.559006 2.239414 -0.224545
v 0.532988 2.222538 -0.131531
v 0.537339 2.226128 -0.116223
v 0.525257 2.258890 -0.147141
v 0.481906 2.275800 -0.164931
v 0.494857 2.392250 -0.201937
v 0.512132 2.366660 -0.267028
v 0.474830 2.275800 -0.135274
v 0.506128 2.385696 -0.190633
v 0.307808 2.180947 0.179235
v 0.307808 2.374339 0.179235
v 0.561992 2.341178 -0.202462
v 0.284419 2.182130 0.176276
v 0.284419 2.374339 0.176276
v 0.278125 2.374339 0.222887
v 0.284419 2.374339 0.176276
v 0.284419 2.182130 0.176276
v 0.245792 2.177861 0.276612
v 0.221241 2.179122 0.303562
v 0.277096 2.178175 0.229562
v 0.262656 2.134982 0.305156
v 0.315500 2.135295 0.235605
v 0.277096 2.178175 0.229562
v 0.238809 2.136242 0.332106
v 0.262656 2.134982 0.305156
v 0.221241 2.179122 0.303562
v 0.168737 2.181965 0.349772
v 0.245792 2.177861 0.276612
v 0.238809 2.136242 0.332106
v 0.263808 2.374339 0.255932
v 0.239052 2.374339 0.290074
v 0.186597 2.139085 0.378319
v 0.245792 2.177861 0.276612
v 0.186597 2.139085 0.378319
v 0.173740 2.064736 0.394144
v 0.221241 2.179122 0.303562
v 0.272960 2.374339 0.412973
v 0.293799 2.374339 0.439030
v 0.622525 1.902007 0.322781
v 0.335837 2.071496 0.541547
v 0.574790 1.902007 0.409398
v 0.525396 2.063698 0.381565
v 0.526516 2.051116 0.276017
v 0.568725 2.063698 0.298531
v 0.568725 2.063698 0.298531
v 0.525396 2.063698 0.381565
v 0.462959 2.374339 0.232567
v 0.491202 2.055147 0.360255
v 0.526516 2.051116 0.276017
v 0.491202 2.055147 0.360255
v 0.278125 2.374339 0.222887
v 0.429347 2.374339 0.295133
v 0.263808 2.374339 0.255932
v 0.245792 2.177861 0.276612
v 0.239052 2.374339 0.290074
v 0.277096 2.178175 0.229562
v -0.190479 1.541574 0.120418
v -0.116558 1.541419 0.076832
v -0.153445 1.541449 0.036287
v 0.187882 2.374339 0.332802
v 0.168737 2.181965 0.349772
v 0.411764 2.063216 0.459355
v 0.221241 2.179122 0.303562
v 0.362237 2.374339 0.382261
v 0.429347 2.374339 0.295133
v 0.335837 2.071496 0.541547
v 0.491202 2.055147 0.360255
v 0.293799 2.374339 0.439030
v 0.362237 2.374339 0.382261
v 0.335837 2.071496 0.541547
v 0.411764 2.063216 0.459355
v 0.306112 2.061373 0.557375
v 0.306112 2.061373 0.557375
v 0.335837 2.071496 0.541547
v 0.332204 2.061696 0.582475
v 0.199048 2.063545 0.471917
v 0.165482 2.063647 0.404793
v 0.439974 2.063694 0.488601
v 0.173740 2.064736 0.394144
v 0.411764 2.063216 0.459355
v 0.491202 2.055147 0.360255
v 0.332204 2.061696 0.582475
v 0.525396 2.063698 0.381565
v 0.335837 2.071496 0.541547
v 0.411764 2.063216 0.459355
v 0.344078 1.901950 0.649106
v 0.439974 2.063694 0.488601
v 0.241927 1.899416 0.571875
v 0.306112 2.061373 0.557375
v 0.199048 2.063545 0.471917
v 0.332204 2.061696 0.582475
v 0.241927 1.899416 0.571875
v 0.439974 2.063694 0.488601
v 0.525396 2.063698 0.381565
v 0.306112 2.061373 0.557375
v 0.476818 1.902002 0.529940
v 0.344078 1.901950 0.649106
v 0.332204 2.061696 0.582475
v 0.574790 1.902007 0.409398
v 0.476818 1.902002 0.529940
v 0.186597 2.139085 0.378319
v 0.168737 2.181965 0.349772
v 0.439974 2.063694 0.488601
v 0.272960 2.374339 0.412973
v 0.362237 2.374339 0.382261
v 0.293799 2.374339 0.439030
v 0.187882 2.374339 0.332802
v 0.334531 2.374339 0.360741
v 0.429347 2.374339 0.295133
v 0.362237 2.374339 0.382261
v 0.272960 2.374339 0.412973
v 0.393901 2.374339 0.282811
v 0.462959 2.374339 0.232567
v 0.429347 2.374339 0.295133
v 0.334531 2.374339 0.360741
v 0.429593 2.374339 0.224675
v 0.307808 2.374339 0.179235
v 0.284419 2.374339 0.176276
v 0.393901 2.374339 0.282811
v 0.278125 2.374339 0.222887
v 0.278125 2.374339 0.222887
v 0.393901 2.374339 0.282811
v 0.307808 2.374339 0.179235
v 0.429593 2.374339 0.224675
v 0.393901 2.374339 0.282811
v 0.393901 2.374339 0.282811
v 0.307808 2.374339 0.179235
v -0.116433 1.541384 -0.086820
v -0.233377 1.541539 0.083627
v -0.153445 1.541449 0.036287
v 0.263808 2.374339 0.255932
v 0.334531 2.374339 0.360741
v 0.263808 2.374339 0.255932
v 0.334531 2.374339 0.360741
v 0.239052 2.374339 0.290074
v 0.278125 2.374339 0.222887
v 0.263808 2.374339 0.255932
v 0.393901 2.374339 0.282811
v 0.334531 2.374339 0.360741
v 0.239052 2.374339 0.290074
v 0.187882 2.374339 0.332802
v 0.272960 2.374339 0.412973
v -0.103040 0.003889 -0.460245
v -0.103040 1.950457 -0.460245
v -0.152902 1.952990 -0.452984
v -0.152902 0.006422 -0.452984
v -0.013837 0.002981 -0.451867
v -0.013837 1.949549 -0.451867
v -0.103040 1.950457 -0.460245
v -0.103040 0.003889 -0.460245
v 0.066511 0.003453 -0.431122
v 0.066511 1.950021 -0.431122
v -0.013837 1.949549 -0.451867
v -0.013837 0.002981 -0.451867
v 0.066511 0.003453 -0.431122
v 0.130199 0.004970 -0.411289
v 0.130199 1.951538 -0.411289
v 0.066511 1.950021 -0.431122
v 0.130199 0.004970 -0.411289
v 0.189421 0.007052 -0.371134
v 0.189421 1.953620 -0.371134
v 0.130199 1.951538 -0.411289
v 0.189421 0.007052 -0.371134
v 0.233780 0.008920 -0.331820
v 0.233780 1.955488 -0.331820
v 0.189421 1.953620 -0.371134
v 0.302901 0.003889 -0.243758
v 0.302901 1.950457 -0.243758
v 0.233780 1.955488 -0.331820
v 0.233780 0.008920 -0.331820
v -0.398843 0.002492 -0.346723
v -0.338201 0.006422 -0.385103
v -0.338201 1.952990 -0.385103
v -0.398843 1.949060 -0.346723
v -0.466437 0.000914 -0.265947
v -0.398843 0.002492 -0.346723
v -0.398843 1.949060 -0.346723
v -0.466437 1.947482 -0.265947
v -0.527480 0.000000 -0.159763
v -0.527480 1.946568 -0.159763
v -0.541343 1.952990 -0.097582
v -0.541343 0.006422 -0.097582
v -0.527480 0.000000 -0.159763
v -0.466437 0.000914 -0.265947
v -0.466437 1.947482 -0.265947
v -0.527480 1.946568 -0.159763
v -0.152902 0.006422 -0.452984
v -0.152902 1.952990 -0.452984
v -0.144706 1.952980 -0.430857
v -0.144706 0.006412 -0.430857
v -0.239221 0.003889 -0.405477
v -0.144706 0.006412 -0.430857
v -0.144706 1.952980 -0.430857
v -0.239221 1.950457 -0.405477
v -0.327515 0.006412 -0.364101
v -0.327515 1.952980 -0.364101
v -0.338201 1.952990 -0.385103
v -0.338201 0.006422 -0.385103
v -0.239221 0.003889 -0.405477
v -0.239221 1.950457 -0.405477
v -0.327515 1.952980 -0.364101
v -0.327515 0.006412 -0.364101
v -0.116433 1.541384 -0.086820
v -0.175557 1.541201 -0.140250
v -0.121946 1.541289 -0.171193
v -0.224883 1.541384 -0.100629
v -0.175557 1.541201 -0.140250
v -0.149131 1.541255 -0.051555
v -0.024582 1.541094 -0.078451
v -0.049326 1.541025 -0.157673
v -0.071396 1.541130 -0.097499
v -0.068088 1.540844 -0.190801
v -0.049326 1.541025 -0.157673
v 0.010076 1.540973 -0.136523
v -0.541343 0.006422 -0.097582
v -0.541343 1.952990 -0.097582
v -0.517144 1.952980 -0.097132
v -0.517144 0.006412 -0.097132
v -0.525532 0.003889 -0.000002
v -0.517144 0.006412 -0.097132
v -0.517144 1.952980 -0.097132
v -0.525532 1.950457 -0.000002
v -0.103041 0.003889 0.460242
v -0.152902 0.006422 0.452981
v -0.152902 1.952990 0.452981
v -0.103041 1.950457 0.460242
v -0.013837 0.002981 0.451864
v -0.103041 0.003889 0.460242
v -0.103041 1.950457 0.460242
v -0.013837 1.949549 0.451864
v -0.013837 0.002981 0.451864
v -0.013837 1.949549 0.451864
v 0.066511 1.950021 0.431123
v 0.066511 0.003453 0.431123
v 0.066511 0.003453 0.431123
v 0.066511 1.950021 0.431123
v 0.130199 1.951538 0.411287
v 0.130199 0.004970 0.411287
v 0.130199 0.004970 0.411287
v 0.189421 1.953620 0.371131
v 0.189421 0.007052 0.371131
v 0.130199 1.951538 0.411287
v 0.189421 0.007052 0.371131
v 0.189421 1.953620 0.371131
v 0.233780 1.955488 0.331821
v 0.233780 0.008920 0.331821
v 0.302901 0.003889 0.243758
v 0.233780 0.008920 0.331821
v 0.233780 1.955488 0.331821
v 0.302901 1.950457 0.243758
v -0.398843 0.002492 0.346723
v -0.398843 1.949060 0.346723
v -0.338201 1.952990 0.385104
v -0.338201 0.006422 0.385104
v -0.121946 1.541289 -0.171193
v -0.116433 1.541384 -0.086820
v -0.071396 1.541130 -0.097499
v -0.466437 0.000914 0.265945
v -0.466437 1.947482 0.265945
v -0.398843 1.949060 0.346723
v -0.398843 0.002492 0.346723
v -0.527480 0.000000 0.159759
v -0.541343 0.006422 0.097584
v -0.541343 1.952990 0.097584
v -0.527480 1.946568 0.159759
v -0.211454 1.541331 -0.068588
v -0.068088 1.540844 -0.190801
v -0.071396 1.541130 -0.097499
v -0.149131 1.541255 -0.051555
v -0.224883 1.541384 -0.100629
v -0.149131 1.541255 -0.051555
v -0.527480 0.000000 0.159759
v -0.527480 1.946568 0.159759
v -0.466437 1.947482 0.265945
v -0.466437 0.000914 0.265945
v -0.144706 0.006412 0.430852
v -0.144706 1.952980 0.430852
v -0.152902 1.952990 0.452981
v -0.152902 0.006422 0.452981
v -0.239221 0.003889 0.405472
v -0.239221 1.950457 0.405472
v -0.144706 1.952980 0.430852
v -0.144706 0.006412 0.430852
v -0.338201 0.006422 0.385104
v -0.338201 1.952990 0.385104
v -0.327515 1.952980 0.364100
v -0.327515 0.006412 0.364100
v -0.239221 0.003889 0.405472
v -0.327515 0.006412 0.364100
v -0.327515 1.952980 0.364100
v -0.239221 1.950457 0.405472
v -0.517144 0.006412 0.097137
v -0.517144 1.952980 0.097137
v -0.541343 1.952990 0.097584
v -0.541343 0.006422 0.097584
v -0.525532 0.003889 -0.000002
v -0.525532 1.950457 -0.000002
v -0.517144 1.952980 0.097137
v -0.517144 0.006412 0.097137
v -0.103040 1.950457 -0.460245
v -0.102090 2.186124 -0.458004
v -0.186407 2.187541 -0.447126
v -0.152902 1.952990 -0.452984
v -0.103040 1.950457 -0.460245
v -0.013837 1.949549 -0.451867
v -0.004506 2.185188 -0.446687
v -0.102090 2.186124 -0.458004
v -0.013837 1.949549 -0.451867
v 0.066511 1.950021 -0.431122
v 0.069945 2.185453 -0.431740
v -0.004506 2.185188 -0.446687
v -0.212857 2.096325 -0.565809
v -0.101599 2.094575 -0.582816
v -0.099971 2.000023 -0.632546
v -0.210819 2.002099 -0.610281
v -0.101599 2.094575 -0.582816
v 0.010565 2.094166 -0.577325
v 0.016430 1.999599 -0.629435
v -0.099971 2.000023 -0.632546
v 0.016430 1.999599 -0.629435
v 0.010565 2.094166 -0.577325
v 0.105140 2.094442 -0.555892
v 0.121617 2.000212 -0.607065
v -0.187714 2.001814 -0.652659
v -0.097619 2.000023 -0.665709
v -0.095688 1.902007 -0.713763
v -0.180153 1.903716 -0.700665
v -0.097619 2.000023 -0.665709
v 0.022848 1.999861 -0.659147
v 0.028004 1.902428 -0.705486
v -0.095688 1.902007 -0.713763
v -0.228206 1.541383 -0.004920
v -0.211454 1.541331 -0.068588
v -0.160389 1.541371 -0.009118
v 0.028004 1.902428 -0.705486
v 0.022848 1.999861 -0.659147
v 0.135137 2.000396 -0.636775
v 0.149199 1.902681 -0.676362
v -0.210819 2.002099 -0.610281
v -0.099971 2.000023 -0.632546
v -0.097619 2.000023 -0.665709
v -0.187714 2.001814 -0.652659
v -0.099971 2.000023 -0.632546
v 0.016430 1.999599 -0.629435
v 0.022848 1.999861 -0.659147
v -0.097619 2.000023 -0.665709
v -0.015698 1.856386 0.111826
v 0.035724 1.873494 0.060509
v 0.010397 1.789818 0.063497
v 0.016430 1.999599 -0.629435
v 0.121617 2.000212 -0.607065
v 0.135137 2.000396 -0.636775
v 0.022848 1.999861 -0.659147
v -0.212419 2.187542 -0.539014
v -0.102726 2.186124 -0.559942
v -0.102282 2.129742 -0.588868
v -0.218946 2.131402 -0.572336
v 0.097148 2.803995 0.013233
v 0.052042 2.356706 0.127715
v 0.059198 2.354126 0.029435
v 0.059198 2.354126 0.029435
v 0.066118 2.348461 -0.156160
v 0.086896 2.809684 0.140884
v 0.008984 2.185270 -0.549743
v 0.012152 2.129183 -0.581315
v -0.102282 2.129742 -0.588868
v -0.102726 2.186124 -0.559942
v -0.056805 2.885493 0.192181
v 0.097148 2.803995 0.013233
v 0.099395 2.779262 -0.164429
v -0.141538 1.692273 -0.003018
v -0.056447 2.803070 0.203191
v -0.266858 2.815069 0.080617
v -0.035482 1.716344 0.006708
v -0.091387 1.703306 -0.028446
v -0.162502 1.925600 -0.103195
v -0.141538 1.692273 -0.003018
v -0.053855 1.881191 -0.124250
v -0.091387 1.703306 -0.028446
v -0.091387 1.703306 -0.028446
v -0.290852 1.975330 -0.029615
v -0.072648 1.752751 0.105203
v 0.012152 2.129183 -0.581315
v 0.008984 2.185270 -0.549743
v 0.100431 2.185831 -0.530174
v 0.107179 2.129595 -0.558996
v -0.218946 2.131402 -0.572336
v -0.102282 2.129742 -0.588868
v -0.101599 2.094575 -0.582816
v -0.212857 2.096325 -0.565809
v 0.012152 2.129183 -0.581315
v 0.010565 2.094166 -0.577325
v -0.101599 2.094575 -0.582816
v -0.102282 2.129742 -0.588868
v 0.010565 2.094166 -0.577325
v 0.012152 2.129183 -0.581315
v 0.107179 2.129595 -0.558996
v 0.105140 2.094442 -0.555892
v -0.186407 2.187541 -0.447126
v -0.102090 2.186124 -0.458004
v -0.102726 2.186124 -0.559942
v -0.212419 2.187542 -0.539014
v -0.004506 2.185188 -0.446687
v 0.008984 2.185270 -0.549743
v -0.102726 2.186124 -0.559942
v -0.102090 2.186124 -0.458004
v -0.123766 1.976545 -0.157417
v -0.053855 1.881191 -0.124250
v -0.162502 1.925600 -0.103195
v -0.004506 2.185188 -0.446687
v 0.069945 2.185453 -0.431740
v 0.100431 2.185831 -0.530174
v 0.008984 2.185270 -0.549743
v 0.116978 2.291206 -0.409889
v 0.069945 2.185453 -0.431740
v 0.066511 1.950021 -0.431122
v 0.130199 1.951538 -0.411289
v -0.162502 1.925600 -0.103195
v -0.029839 2.353482 -0.221923
v -0.243293 2.177508 -0.084580
v -0.164729 1.832084 -0.041415
v -0.123766 1.976545 -0.157417
v -0.243293 2.177508 -0.084580
v 0.116978 2.291206 -0.409889
v 0.155785 2.292607 -0.499759
v 0.100431 2.185831 -0.530174
v 0.069945 2.185453 -0.431740
v 0.107179 2.129595 -0.558996
v 0.100431 2.185831 -0.530174
v 0.155785 2.292607 -0.499759
v 0.204328 2.258254 -0.503388
v 0.183566 2.303231 -0.365904
v 0.133023 2.303365 -0.398047
v 0.130199 1.951538 -0.411289
v 0.189421 1.953620 -0.371134
v 0.116978 2.291206 -0.409889
v 0.133023 2.303365 -0.398047
v 0.228526 2.303108 -0.327571
v 0.130199 1.951538 -0.411289
v 0.233780 1.955488 -0.331820
v 0.189421 1.953620 -0.371134
v 0.228526 2.303108 -0.327571
v 0.183566 2.303231 -0.365904
v 0.303760 2.302284 -0.240709
v 0.302901 1.950457 -0.243758
v 0.204328 2.258254 -0.503388
v 0.233780 1.955488 -0.331820
v 0.205182 2.223355 -0.492908
v 0.255367 2.222731 -0.458053
v 0.255367 2.222731 -0.458053
v 0.264152 2.258219 -0.464333
v 0.205182 2.223355 -0.492908
v 0.232655 1.999700 -0.550257
v 0.306996 2.000698 -0.546627
v 0.282352 1.999797 -0.518165
v 0.282352 1.999797 -0.518165
v 0.232655 1.999700 -0.550257
v 0.306996 2.000698 -0.546627
v 0.249174 2.001104 -0.583399
v 0.249174 2.001104 -0.583399
v 0.269999 1.903088 -0.622586
v 0.249174 2.001104 -0.583399
v 0.330181 1.902707 -0.585489
v 0.135137 2.000396 -0.636775
v 0.149199 1.902681 -0.676362
v 0.121617 2.000212 -0.607065
v 0.269999 1.903088 -0.622586
v 0.232655 1.999700 -0.550257
v 0.205182 2.223355 -0.492908
v 0.302334 2.222013 -0.410697
v 0.105140 2.094442 -0.555892
v 0.255367 2.222731 -0.458053
v 0.282352 1.999797 -0.518165
v 0.135137 2.000396 -0.636775
v 0.345457 2.000023 -0.460646
v -0.164729 1.832084 -0.041415
v -0.162502 1.925600 -0.103195
v -0.243293 2.177508 -0.084580
v 0.249174 2.001104 -0.583399
v 0.232655 1.999700 -0.550257
v 0.105140 2.094442 -0.555892
v 0.121617 2.000212 -0.607065
v 0.205182 2.223355 -0.492908
v 0.204328 2.258254 -0.503388
v 0.311846 2.258187 -0.420277
v 0.107179 2.129595 -0.558996
v 0.264152 2.258219 -0.464333
v 0.255367 2.222731 -0.458053
v 0.306996 2.000698 -0.546627
v 0.302334 2.222013 -0.410697
v -0.164729 1.832084 -0.041415
v -0.243293 2.177508 -0.084580
v -0.290852 1.975330 -0.029615
v 0.367947 2.000023 -0.490914
v 0.345457 2.000023 -0.460646
v 0.367947 2.000023 -0.490914
v 0.282352 1.999797 -0.518165
v 0.306996 2.000698 -0.546627
v 0.330181 1.902707 -0.585489
v 0.307761 2.300875 -0.401985
v 0.402505 1.902007 -0.524013
v -0.164729 1.832084 -0.041415
v -0.141538 1.692273 -0.003018
v -0.162502 1.925600 -0.103195
v -0.276447 2.024473 0.058227
v -0.290852 1.975330 -0.029615
v -0.141538 1.692273 -0.003018
v 0.249657 2.301058 -0.445353
v 0.264152 2.258219 -0.464333
v 0.264152 2.258219 -0.464333
v 0.311846 2.258187 -0.420277
v -0.072648 1.752751 0.105203
v -0.290852 1.975330 -0.029615
v -0.075956 1.809859 0.113661
v 0.249657 2.301058 -0.445353
v 0.181895 2.301271 -0.489430
v 0.155785 2.292607 -0.499759
v 0.204328 2.258254 -0.503388
v 0.181895 2.301271 -0.489430
v 0.133023 2.303365 -0.398047
v 0.181895 2.301271 -0.489430
v 0.204328 2.258254 -0.503388
v 0.183566 2.303231 -0.365904
v 0.133023 2.303365 -0.398047
v 0.116978 2.291206 -0.409889
v 0.249657 2.301058 -0.445353
v -0.123766 1.976545 -0.157417
v -0.162502 1.925600 -0.103195
v -0.085853 1.924475 -0.146373
v -0.085853 1.924475 -0.146373
v -0.162502 1.925600 -0.103195
v -0.053855 1.881191 -0.124250
v 0.181895 2.301271 -0.489430
v 0.183566 2.303231 -0.365904
v 0.249657 2.301058 -0.445353
v 0.155785 2.292607 -0.499759
v 0.228526 2.303108 -0.327571
v -0.310756 2.187541 -0.404960
v -0.338201 1.952990 -0.385103
v 0.307761 2.300875 -0.401985
v -0.400543 2.186121 -0.340415
v -0.398843 1.949060 -0.346723
v -0.466437 1.947482 -0.265947
v -0.398843 1.949060 -0.346723
v -0.400543 2.186121 -0.340415
v -0.372978 2.096325 -0.502998
v -0.482149 2.094674 -0.427329
v -0.469145 2.186119 -0.263519
v -0.406943 2.002099 -0.543481
v -0.566198 2.094759 -0.328149
v -0.604774 1.994901 -0.357481
v -0.512436 1.997206 -0.467502
v -0.482149 2.094674 -0.427329
v -0.558695 1.898617 -0.523441
v -0.480014 1.905426 -0.583347
v -0.512436 1.997206 -0.467502
v -0.532388 1.996965 -0.492089
v -0.627960 1.994580 -0.375914
v -0.663492 1.896054 -0.401000
v -0.449290 2.001814 -0.560887
v -0.532388 1.996965 -0.492089
v -0.349760 2.187542 -0.480641
v -0.464496 2.186120 -0.406310
v -0.558695 1.898617 -0.523441
v -0.370723 2.131402 -0.512869
v -0.550262 2.186117 -0.313122
v -0.571554 2.129714 -0.329955
v -0.483534 2.129727 -0.433461
v -0.464496 2.186120 -0.406310
v -0.370723 2.131402 -0.512869
v -0.483534 2.129727 -0.433461
v -0.483534 2.129727 -0.433461
v -0.372978 2.096325 -0.502998
v -0.483534 2.129727 -0.433461
v -0.571554 2.129714 -0.329955
v -0.482149 2.094674 -0.427329
v -0.482149 2.094674 -0.427329
v -0.527480 1.946568 -0.159763
v -0.541343 1.952990 -0.097582
v -0.566198 2.094759 -0.328149
v -0.524706 2.186117 -0.169784
v -0.527480 1.946568 -0.159763
v -0.524706 2.186117 -0.169784
v -0.549148 2.186124 -0.063775
v -0.466437 1.947482 -0.265947
v -0.670497 2.094528 -0.084156
v -0.704943 2.002099 -0.100758
v -0.469145 2.186119 -0.263519
v -0.625048 2.094808 -0.212661
v -0.625048 2.094808 -0.212661
v -0.668761 1.993580 -0.233899
v -0.668761 1.993580 -0.233899
v -0.566198 2.094759 -0.328149
v -0.729913 2.001814 -0.135912
v -0.759833 1.905426 -0.156532
v -0.604774 1.994901 -0.357481
v -0.693505 1.993215 -0.251004
v -0.693505 1.993215 -0.251004
v -0.732877 1.894597 -0.271917
v -0.732877 1.894597 -0.271917
v -0.627960 1.994580 -0.375914
v -0.406943 2.002099 -0.543481
v -0.512436 1.997206 -0.467502
v -0.663492 1.896054 -0.401000
v -0.449290 2.001814 -0.560887
v -0.604774 1.994901 -0.357481
v -0.627960 1.994580 -0.375914
v -0.532388 1.996965 -0.492089
v -0.512436 1.997206 -0.467502
v -0.704943 2.002099 -0.100758
v -0.729913 2.001814 -0.135912
v -0.532388 1.996965 -0.492089
v -0.668761 1.993580 -0.233899
v -0.668761 1.993580 -0.233899
v -0.693505 1.993215 -0.251004
v -0.693505 1.993215 -0.251004
v -0.604774 1.994901 -0.357481
v -0.644084 2.186124 -0.069890
v -0.676945 2.129747 -0.079762
v -0.627960 1.994580 -0.375914
v -0.608909 2.186115 -0.201119
v -0.608909 2.186115 -0.201119
v -0.631685 2.129707 -0.211239
v -0.631685 2.129707 -0.211239
v -0.550262 2.186117 -0.313122
v -0.676945 2.129747 -0.079762
v -0.670497 2.094528 -0.084156
v -0.571554 2.129714 -0.329955
v -0.631685 2.129707 -0.211239
v -0.631685 2.129707 -0.211239
v -0.625048 2.094808 -0.212661
v -0.625048 2.094808 -0.212661
v -0.571554 2.129714 -0.329955
v -0.310756 2.187541 -0.404960
v -0.400543 2.186121 -0.340415
v -0.566198 2.094759 -0.328149
v 0.035724 1.873494 0.060509
v 0.042241 2.037156 0.094807
v 0.027459 1.847877 -0.010005
v -0.349760 2.187542 -0.480641
v -0.400543 2.186121 -0.340415
v -0.469145 2.186119 -0.263519
v -0.464496 2.186120 -0.406310
v -0.464496 2.186120 -0.406310
v -0.524706 2.186117 -0.169784
v -0.549148 2.186124 -0.063775
v -0.550262 2.186117 -0.313122
v -0.608909 2.186115 -0.201119
v -0.469145 2.186119 -0.263519
v -0.524706 2.186117 -0.169784
v -0.644084 2.186124 -0.069890
v -0.550262 2.186117 -0.313122
v -0.312246 2.147852 -0.606972
v -0.341454 2.000023 -0.689373
v -0.608909 2.186115 -0.201119
v -0.233968 2.148516 -0.625306
v -0.207754 1.905922 -0.801404
v -0.180153 1.903716 -0.700665
v -0.238258 2.002086 -0.714220
v -0.211536 2.002557 -0.756284
v -0.210819 2.002099 -0.610281
v -0.212857 2.096325 -0.565809
v -0.187714 2.001814 -0.652659
v -0.216689 2.002089 -0.632219
v -0.238258 2.002086 -0.714220
v -0.216689 2.002089 -0.632219
v -0.218946 2.131402 -0.572336
v -0.233968 2.148516 -0.625306
v -0.233968 2.148516 -0.625306
v -0.218946 2.131402 -0.572336
v -0.218946 2.131402 -0.572336
v -0.232282 2.217518 -0.586830
v -0.186407 2.187541 -0.447126
v -0.185434 2.217518 -0.426585
v -0.212419 2.187542 -0.539014
v -0.212419 2.187542 -0.539014
v -0.352052 2.000023 -0.716564
v -0.366292 1.902007 -0.752689
v -0.232282 2.217518 -0.586830
v -0.211536 2.002557 -0.756284
v -0.298842 2.217518 -0.573515
v -0.312246 2.147852 -0.606972
v -0.207754 1.905922 -0.801404
v -0.232282 2.217518 -0.586830
v -0.211536 2.002557 -0.756284
v -0.187714 2.001814 -0.652659
v -0.233968 2.148516 -0.625306
v -0.238258 2.002086 -0.714220
v -0.210819 2.002099 -0.610281
v -0.187714 2.001814 -0.652659
v -0.216689 2.002089 -0.632219
v -0.216689 2.002089 -0.632219
v -0.144706 1.952980 -0.430857
v -0.186407 2.187541 -0.447126
v -0.152902 1.952990 -0.452984
v -0.185434 2.217518 -0.426585
v -0.239221 1.950457 -0.405477
v -0.185434 2.217518 -0.426585
v -0.144706 1.952980 -0.430857
v -0.242683 2.217518 -0.413590
v -0.393625 2.148516 -0.565287
v -0.341454 2.000023 -0.689373
v -0.312246 2.147852 -0.606972
v -0.447480 2.002086 -0.638626
v -0.372978 2.096325 -0.502998
v -0.415484 2.002089 -0.565569
v -0.370723 2.131402 -0.512869
v 0.027459 1.847877 -0.010005
v 0.042241 2.037156 0.094807
v 0.056891 2.079564 -0.066197
v -0.406943 2.002099 -0.543481
v -0.415484 2.002089 -0.565569
v -0.393625 2.148516 -0.565287
v -0.370723 2.131402 -0.512869
v -0.447480 2.002086 -0.638626
v -0.370723 2.131402 -0.512869
v -0.368280 2.217518 -0.532351
v -0.349760 2.187542 -0.480641
v -0.393625 2.148516 -0.565287
v -0.297233 2.217518 -0.388562
v -0.349760 2.187542 -0.480641
v -0.368280 2.217518 -0.532351
v -0.310756 2.187541 -0.404960
v -0.494195 2.002557 -0.648834
v -0.366292 1.902007 -0.752689
v -0.352052 2.000023 -0.716564
v -0.526753 1.905922 -0.678298
v -0.368280 2.217518 -0.532351
v -0.312246 2.147852 -0.606972
v -0.298842 2.217518 -0.573515
v -0.393625 2.148516 -0.565287
v -0.480014 1.905426 -0.583347
v -0.494195 2.002557 -0.648834
v -0.449290 2.001814 -0.560887
v -0.526753 1.905922 -0.678298
v -0.449290 2.001814 -0.560887
v -0.447480 2.002086 -0.638626
v -0.415484 2.002089 -0.565569
v -0.494195 2.002557 -0.648834
v -0.406943 2.002099 -0.543481
v -0.415484 2.002089 -0.565569
v -0.449290 2.001814 -0.560887
v -0.338201 1.952990 -0.385103
v -0.327515 1.952980 -0.364101
v -0.297233 2.217518 -0.388562
v -0.310756 2.187541 -0.404960
v -0.015698 1.856386 0.111826
v -0.078515 1.979684 0.141655
v -0.075956 1.809859 0.113661
v -0.327515 1.952980 -0.364101
v -0.239221 1.950457 -0.405477
v -0.242683 2.217518 -0.413590
v -0.297233 2.217518 -0.388562
v -0.341454 2.000023 -0.689373
v -0.238258 2.002086 -0.714220
v -0.211536 2.002557 -0.756284
v -0.352052 2.000023 -0.716564
v -0.341454 2.000023 -0.689373
v -0.352052 2.000023 -0.716564
v -0.494195 2.002557 -0.648834
v -0.447480 2.002086 -0.638626
v -0.185434 2.217518 -0.426585
v -0.232282 2.217518 -0.586830
v -0.298842 2.217518 -0.573515
v -0.242683 2.217518 -0.413590
v -0.298842 2.217518 -0.573515
v -0.368280 2.217518 -0.532351
v -0.297233 2.217518 -0.388562
v -0.242683 2.217518 -0.413590
v -0.729756 2.147852 -0.000002
v -0.721296 2.148516 -0.082557
v -0.797879 2.002086 -0.109256
v -0.808293 2.000023 -0.000002
v -0.860349 1.905922 -0.168384
v -0.822520 2.002557 -0.148809
v -0.729913 2.001814 -0.135912
v -0.759833 1.905426 -0.156532
v -0.704943 2.002099 -0.100758
v -0.724698 2.002089 -0.103642
v -0.676945 2.129747 -0.079762
v -0.670497 2.094528 -0.084156
v -0.797879 2.002086 -0.109256
v -0.721296 2.148516 -0.082557
v -0.676945 2.129747 -0.079762
v -0.724698 2.002089 -0.103642
v -0.686022 2.217518 -0.070001
v -0.644084 2.186124 -0.069890
v -0.676945 2.129747 -0.079762
v -0.721296 2.148516 -0.082557
v -0.549148 2.186124 -0.063775
v -0.644084 2.186124 -0.069890
v -0.686022 2.217518 -0.070001
v -0.527388 2.217518 -0.059340
v -0.836792 2.000023 -0.000002
v -0.822520 2.002557 -0.148809
v -0.860349 1.905922 -0.168384
v -0.875084 1.902007 -0.000002
v -0.693716 2.217518 -0.000002
v -0.686022 2.217518 -0.070001
v -0.721296 2.148516 -0.082557
v -0.729756 2.147852 -0.000002
v -0.822520 2.002557 -0.148809
v -0.797879 2.002086 -0.109256
v -0.724698 2.002089 -0.103642
v -0.729913 2.001814 -0.135912
v -0.704943 2.002099 -0.100758
v -0.724698 2.002089 -0.103642
v -0.541343 1.952990 -0.097582
v -0.729913 2.001814 -0.135912
v -0.035899 1.974012 0.136015
v -0.015698 1.856386 0.111826
v -0.035899 1.974012 0.136015
v -0.517144 1.952980 -0.097132
v -0.527388 2.217518 -0.059340
v -0.517144 1.952980 -0.097132
v -0.549148 2.186124 -0.063775
v -0.525532 1.950457 -0.000002
v -0.533554 2.217518 -0.000002
v -0.808293 2.000023 -0.000002
v -0.527388 2.217518 -0.059340
v -0.836792 2.000023 -0.000002
v -0.822520 2.002557 -0.148809
v -0.103041 1.950457 0.460242
v -0.797879 2.002086 -0.109256
v -0.102090 2.186124 0.458002
v -0.186407 2.187541 0.447126
v -0.004506 2.185188 0.446688
v -0.152902 1.952990 0.452981
v -0.102090 2.186124 0.458002
v -0.103041 1.950457 0.460242
v -0.013837 1.949549 0.451864
v -0.013837 1.949549 0.451864
v 0.066511 1.950021 0.431123
v 0.069945 2.185453 0.431742
v -0.099971 2.000023 0.632543
v -0.004506 2.185188 0.446688
v -0.210819 2.002099 0.610283
v -0.212857 2.096325 0.565804
v 0.016430 1.999599 0.629433
v -0.101599 2.094575 0.582814
v -0.099971 2.000023 0.632543
v -0.101599 2.094575 0.582814
v 0.105140 2.094442 0.555894
v 0.010565 2.094166 0.577329
v 0.121617 2.000212 0.607064
v 0.016430 1.999599 0.629433
v -0.095688 1.902007 0.713761
v 0.010565 2.094166 0.577329
v -0.180153 1.903716 0.700667
v -0.187714 2.001814 0.652657
v 0.028004 1.902428 0.705484
v -0.097619 2.000023 0.665708
v -0.095688 1.902007 0.713761
v -0.097619 2.000023 0.665708
v 0.135137 2.000396 0.636774
v 0.022848 1.999861 0.659144
v -0.035899 1.974012 0.136015
v 0.042241 2.037156 0.094807
v 0.035724 1.873494 0.060509
v 0.149199 1.902681 0.676361
v 0.028004 1.902428 0.705484
v -0.097619 2.000023 0.665708
v 0.022848 1.999861 0.659144
v -0.187714 2.001814 0.652657
v -0.210819 2.002099 0.610283
v 0.022848 1.999861 0.659144
v -0.099971 2.000023 0.632543
v -0.097619 2.000023 0.665708
v -0.099971 2.000023 0.632543
v 0.016430 1.999599 0.629433
v 0.016430 1.999599 0.629433
v 0.121617 2.000212 0.607064
v 0.135137 2.000396 0.636774
v -0.102282 2.129742 0.588867
v 0.022848 1.999861 0.659144
v -0.218946 2.131402 0.572333
v -0.212419 2.187542 0.539014
v 0.008984 2.185270 0.549742
v -0.102726 2.186124 0.559939
v 0.012152 2.129183 0.581315
v -0.102282 2.129742 0.588867
v 0.100431 2.185831 0.530172
v -0.102726 2.186124 0.559939
v 0.107179 2.129595 0.558993
v 0.012152 2.129183 0.581315
v -0.101599 2.094575 0.582814
v 0.008984 2.185270 0.549742
v -0.212857 2.096325 0.565804
v -0.218946 2.131402 0.572333
v 0.012152 2.129183 0.581315
v -0.102282 2.129742 0.588867
v 0.010565 2.094166 0.577329
v -0.101599 2.094575 0.582814
v 0.107179 2.129595 0.558993
v -0.102282 2.129742 0.588867
v 0.105140 2.094442 0.555894
v 0.010565 2.094166 0.577329
v -0.102726 2.186124 0.559939
v 0.012152 2.129183 0.581315
v -0.212419 2.187542 0.539014
v -0.186407 2.187541 0.447126
v -0.004506 2.185188 0.446688
v -0.102090 2.186124 0.458002
v 0.008984 2.185270 0.549742
v -0.102726 2.186124 0.559939
v 0.100431 2.185831 0.530172
v -0.102090 2.186124 0.458002
v 0.008984 2.185270 0.549742
v -0.004506 2.185188 0.446688
v 0.066511 1.950021 0.431123
v 0.069945 2.185453 0.431742
v 0.130199 1.951538 0.411287
v 0.116978 2.291206 0.409888
v 0.100431 2.185831 0.530172
v 0.069945 2.185453 0.431742
v 0.069945 2.185453 0.431742
v 0.116978 2.291206 0.409888
v 0.155785 2.292607 0.499757
v 0.155785 2.292607 0.499757
v 0.204328 2.258254 0.503388
v 0.107179 2.129595 0.558993
v 0.183566 2.303231 0.365903
v 0.100431 2.185831 0.530172
v 0.133023 2.303365 0.398047
v 0.130199 1.951538 0.411287
v 0.130199 1.951538 0.411287
v 0.189421 1.953620 0.371131
v 0.116978 2.291206 0.409888
v 0.228526 2.303108 0.327568
v 0.183566 2.303231 0.365903
v 0.133023 2.303365 0.398047
v 0.233780 1.955488 0.331821
v 0.302901 1.950457 0.243758
v 0.189421 1.953620 0.371131
v 0.228526 2.303108 0.327568
v 0.233780 1.955488 0.331821
v 0.303760 2.302284 0.240709
v 0.255367 2.222731 0.458051
v 0.264152 2.258219 0.464331
v 0.204328 2.258254 0.503388
v 0.205182 2.223355 0.492906
v 0.255367 2.222731 0.458051
v 0.205182 2.223355 0.492906
v 0.232655 1.999700 0.550256
v 0.282352 1.999797 0.518166
v 0.232655 1.999700 0.550256
v 0.249174 2.001104 0.583397
v 0.306996 2.000698 0.546624
v 0.282352 1.999797 0.518166
v 0.306996 2.000698 0.546624
v 0.249174 2.001104 0.583397
v 0.269999 1.903088 0.622585
v 0.330181 1.902707 0.585487
v 0.249174 2.001104 0.583397
v 0.135137 2.000396 0.636774
v 0.149199 1.902681 0.676361
v 0.269999 1.903088 0.622585
v 0.205182 2.223355 0.492906
v 0.105140 2.094442 0.555894
v 0.121617 2.000212 0.607064
v 0.232655 1.999700 0.550256
v 0.302334 2.222013 0.410698
v 0.255367 2.222731 0.458051
v 0.282352 1.999797 0.518166
v 0.345457 2.000023 0.460646
v 0.232655 1.999700 0.550256
v 0.121617 2.000212 0.607064
v 0.135137 2.000396 0.636774
v 0.249174 2.001104 0.583397
v 0.105140 2.094442 0.555894
v 0.205182 2.223355 0.492906
v 0.204328 2.258254 0.503388
v 0.107179 2.129595 0.558993
v 0.311846 2.258187 0.420277
v 0.264152 2.258219 0.464331
v 0.255367 2.222731 0.458051
v 0.302334 2.222013 0.410698
v 0.306996 2.000698 0.546624
v 0.367947 2.000023 0.490911
v 0.345457 2.000023 0.460646
v 0.282352 1.999797 0.518166
v 0.367947 2.000023 0.490911
v 0.306996 2.000698 0.546624
v 0.330181 1.902707 0.585487
v 0.402505 1.902007 0.524011
v 0.307761 2.300875 0.401984
v 0.249657 2.301058 0.445352
v 0.264152 2.258219 0.464331
v 0.311846 2.258187 0.420277
v 0.264152 2.258219 0.464331
v 0.249657 2.301058 0.445352
v 0.181895 2.301271 0.489432
v 0.204328 2.258254 0.503388
v 0.181895 2.301271 0.489432
v 0.204328 2.258254 0.503388
v 0.249657 2.301058 0.445352
v 0.155785 2.292607 0.499757
v 0.181895 2.301271 0.489432
v 0.133023 2.303365 0.398047
v 0.155785 2.292607 0.499757
v 0.183566 2.303231 0.365903
v 0.116978 2.291206 0.409888
v 0.133023 2.303365 0.398047
v 0.307761 2.300875 0.401984
v 0.181895 2.301271 0.489432
v 0.249657 2.301058 0.445352
v 0.183566 2.303231 0.365903
v -0.310756 2.187541 0.404958
v 0.228526 2.303108 0.327568
v -0.400543 2.186121 0.340413
v -0.398843 1.949060 0.346723
v -0.398843 1.949060 0.346723
v -0.338201 1.952990 0.385104
v -0.400543 2.186121 0.340413
v -0.469145 2.186119 0.263519
v -0.512436 1.997206 0.467502
v -0.466437 1.947482 0.265945
v 0.042241 2.037156 0.094807
v 0.052768 2.156991 0.125686
v 0.042241 2.037156 0.094807
v -0.482149 2.094674 0.427326
v -0.372978 2.096325 0.502993
v -0.512436 1.997206 0.467502
v -0.406943 2.002099 0.543478
v -0.604774 1.994901 0.357483
v -0.566198 2.094759 0.328149
v -0.449290 2.001814 0.560884
v -0.482149 2.094674 0.427326
v -0.480014 1.905426 0.583344
v -0.558695 1.898617 0.523438
v -0.627960 1.994580 0.375914
v -0.532390 1.996965 0.492089
v -0.532390 1.996965 0.492089
v -0.558695 1.898617 0.523438
v -0.483534 2.129727 0.433459
v -0.663492 1.896054 0.400998
v -0.464496 2.186120 0.406311
v -0.349760 2.187542 0.480639
v -0.483534 2.129727 0.433459
v -0.370723 2.131402 0.512864
v -0.571554 2.129714 0.329953
v -0.550262 2.186117 0.313125
v -0.482149 2.094674 0.427326
v -0.464496 2.186120 0.406311
v -0.483534 2.129727 0.433459
v -0.370723 2.131402 0.512864
v -0.483534 2.129727 0.433459
v -0.372978 2.096325 0.502993
v -0.482149 2.094674 0.427326
v -0.566198 2.094759 0.328149
v -0.527480 1.946568 0.159759
v -0.571554 2.129714 0.329953
v -0.524706 2.186117 0.169786
v -0.549148 2.186124 0.063774
v -0.469145 2.186119 0.263519
v -0.541343 1.952990 0.097584
v -0.524706 2.186117 0.169786
v -0.527480 1.946568 0.159759
v -0.604774 1.994901 0.357483
v -0.466437 1.947482 0.265945
v -0.668761 1.993580 0.233899
v -0.625048 2.094808 0.212661
v -0.732877 1.894597 0.271915
v -0.566198 2.094759 0.328149
v -0.759833 1.905426 0.156532
v -0.729913 2.001814 0.135910
v -0.663492 1.896054 0.400998
v -0.693505 1.993215 0.251002
v -0.732877 1.894597 0.271915
v -0.693505 1.993215 0.251002
v -0.532390 1.996965 0.492089
v -0.627960 1.994580 0.375914
v -0.512436 1.997206 0.467502
v -0.406943 2.002099 0.543478
v -0.532390 1.996965 0.492089
v -0.449290 2.001814 0.560884
v -0.627960 1.994580 0.375914
v -0.604774 1.994901 0.357483
v -0.704943 2.002099 0.100757
v -0.512436 1.997206 0.467502
v -0.625048 2.094808 0.212661
v -0.668761 1.993580 0.233899
v -0.729913 2.001814 0.135910
v -0.670497 2.094528 0.084157
v 0.066118 2.348461 -0.156160
v 0.056891 2.079564 -0.066197
v 0.059198 2.354126 0.029435
v -0.693505 1.993215 0.251002
v -0.693505 1.993215 0.251002
v -0.604774 1.994901 0.357483
v -0.627960 1.994580 0.375914
v -0.668761 1.993580 0.233899
v -0.676945 2.129747 0.079762
v -0.608909 2.186115 0.201119
v -0.631685 2.129707 0.211236
v -0.644084 2.186124 0.069890
v -0.631685 2.129707 0.211236
v -0.550262 2.186117 0.313125
v -0.571554 2.129714 0.329953
v -0.608909 2.186115 0.201119
v -0.670497 2.094528 0.084157
v -0.631685 2.129707 0.211236
v -0.625048 2.094808 0.212661
v -0.676945 2.129747 0.079762
v -0.625048 2.094808 0.212661
v -0.571554 2.129714 0.329953
v -0.566198 2.094759 0.328149
v -0.631685 2.129707 0.211236
v -0.400543 2.186121 0.340413
v -0.349760 2.187542 0.480639
v -0.464496 2.186120 0.406311
v -0.310756 2.187541 0.404958
v -0.464496 2.186120 0.406311
v -0.469145 2.186119 0.263519
v -0.400543 2.186121 0.340413
v -0.550262 2.186117 0.313125
v -0.608909 2.186115 0.201119
v -0.549148 2.186124 0.063774
v -0.524706 2.186117 0.169786
v -0.644084 2.186124 0.069890
v -0.550262 2.186117 0.313125
v -0.524706 2.186117 0.169786
v -0.469145 2.186119 0.263519
v -0.608909 2.186115 0.201119
v -0.233968 2.148516 0.625305
v -0.341454 2.000023 0.689374
v -0.312246 2.147852 0.606974
v -0.238258 2.002086 0.714220
v -0.212857 2.096325 0.565804
v -0.216689 2.002089 0.632216
v -0.218946 2.131402 0.572333
v -0.210819 2.002099 0.610283
v -0.216689 2.002089 0.632216
v -0.233968 2.148516 0.625305
v -0.218946 2.131402 0.572333
v -0.238258 2.002086 0.714220
v -0.218946 2.131402 0.572333
v -0.232282 2.217518 0.586829
v -0.212419 2.187542 0.539014
v -0.233968 2.148516 0.625305
v -0.185434 2.217518 0.426587
v -0.212419 2.187542 0.539014
v -0.232282 2.217518 0.586829
v -0.186407 2.187541 0.447126
v -0.211536 2.002557 0.756282
v -0.366292 1.902007 0.752686
v -0.352052 2.000023 0.716563
v -0.207754 1.905922 0.801404
v -0.232282 2.217518 0.586829
v -0.312246 2.147852 0.606974
v -0.298842 2.217518 0.573512
v -0.233968 2.148516 0.625305
v -0.180153 1.903716 0.700667
v -0.211536 2.002557 0.756282
v -0.187714 2.001814 0.652657
v -0.207754 1.905922 0.801404
v -0.187714 2.001814 0.652657
v -0.238258 2.002086 0.714220
v -0.216689 2.002089 0.632216
v -0.211536 2.002557 0.756282
v -0.210819 2.002099 0.610283
v -0.216689 2.002089 0.632216
v -0.187714 2.001814 0.652657
v -0.152902 1.952990 0.452981
v -0.144706 1.952980 0.430852
v -0.185434 2.217518 0.426587
v -0.186407 2.187541 0.447126
v -0.144706 1.952980 0.430852
v -0.239221 1.950457 0.405472
v -0.242683 2.217518 0.413587
v -0.185434 2.217518 0.426587
v -0.312246 2.147852 0.606974
v -0.393625 2.148516 0.565283
v -0.447480 2.002086 0.638622
v -0.341454 2.000023 0.689374
v -0.406943 2.002099 0.543478
v -0.415484 2.002089 0.565567
v -0.370723 2.131402 0.512864
v -0.372978 2.096325 0.502993
v -0.447480 2.002086 0.638622
v -0.393625 2.148516 0.565283
v -0.370723 2.131402 0.512864
v -0.415484 2.002089 0.565567
v -0.393625 2.148516 0.565283
v -0.368280 2.217518 0.532347
v -0.349760 2.187542 0.480639
v -0.370723 2.131402 0.512864
v -0.310756 2.187541 0.404958
v -0.349760 2.187542 0.480639
v -0.368280 2.217518 0.532347
v -0.297233 2.217518 0.388560
v -0.352052 2.000023 0.716563
v -0.494195 2.002557 0.648833
v -0.526753 1.905922 0.678294
v -0.366292 1.902007 0.752686
v -0.298842 2.217518 0.573512
v -0.368280 2.217518 0.532347
v -0.393625 2.148516 0.565283
v -0.312246 2.147852 0.606974
v 0.027459 1.847877 -0.010005
v 0.056891 2.079564 -0.066197
v -0.003637 1.956906 -0.065143
v -0.526753 1.905922 0.678294
v -0.494195 2.002557 0.648833
v -0.449290 2.001814 0.560884
v -0.480014 1.905426 0.583344
v -0.494195 2.002557 0.648833
v -0.447480 2.002086 0.638622
v -0.415484 2.002089 0.565567
v -0.449290 2.001814 0.560884
v -0.406943 2.002099 0.543478
v -0.415484 2.002089 0.565567
v -0.338201 1.952990 0.385104
v -0.449290 2.001814 0.560884
v -0.327515 1.952980 0.364100
v -0.297233 2.217518 0.388560
v -0.327515 1.952980 0.364100
v -0.310756 2.187541 0.404958
v -0.239221 1.950457 0.405472
v -0.242683 2.217518 0.413587
v -0.341454 2.000023 0.689374
v -0.297233 2.217518 0.388560
v -0.238258 2.002086 0.714220
v -0.211536 2.002557 0.756282
v -0.341454 2.000023 0.689374
v -0.352052 2.000023 0.716563
v -0.352052 2.000023 0.716563
v -0.494195 2.002557 0.648833
v -0.298842 2.217518 0.573512
v -0.447480 2.002086 0.638622
v -0.242683 2.217518 0.413587
v -0.185434 2.217518 0.426587
v -0.297233 2.217518 0.388560
v -0.232282 2.217518 0.586829
v -0.242683 2.217518 0.413587
v -0.298842 2.217518 0.573512
v -0.729756 2.147852 -0.000002
v -0.368280 2.217518 0.532347
v -0.721296 2.148516 0.082554
v -0.797879 2.002086 0.109249
v -0.676945 2.129747 0.079762
v -0.808293 2.000023 -0.000002
v -0.670497 2.094528 0.084157
v -0.704943 2.002099 0.100757
v -0.676945 2.129747 0.079762
v -0.724698 2.002089 0.103641
v -0.724698 2.002089 0.103641
v -0.797879 2.002086 0.109249
v -0.686022 2.217518 0.070002
v -0.721296 2.148516 0.082554
v -0.644084 2.186124 0.069890
v -0.676945 2.129747 0.079762
v -0.686022 2.217518 0.070002
v -0.721296 2.148516 0.082554
v -0.527388 2.217518 0.059340
v -0.549148 2.186124 0.063774
v -0.836792 2.000023 -0.000002
v -0.644084 2.186124 0.069890
v -0.822520 2.002557 0.148809
v -0.860349 1.905922 0.168383
v -0.693716 2.217518 -0.000002
v -0.875084 1.902007 -0.000002
v 0.027459 1.847877 -0.010005
v -0.003637 1.956906 -0.065143
v -0.035482 1.716344 0.006708
v -0.686022 2.217518 0.070002
v -0.721296 2.148516 0.082554
v -0.729913 2.001814 0.135910
v -0.729756 2.147852 -0.000002
v -0.759833 1.905426 0.156532
v -0.860349 1.905922 0.168383
v -0.724698 2.002089 0.103641
v -0.822520 2.002557 0.148809
v -0.729913 2.001814 0.135910
v -0.822520 2.002557 0.148809
v -0.729913 2.001814 0.135910
v -0.797879 2.002086 0.109249
v -0.704943 2.002099 0.100757
v -0.541343 1.952990 0.097584
v -0.549148 2.186124 0.063774
v -0.724698 2.002089 0.103641
v -0.517144 1.952980 0.097137
v -0.517144 1.952980 0.097137
v -0.527388 2.217518 0.059340
v -0.527388 2.217518 0.059340
v -0.525532 1.950457 -0.000002
v -0.808293 2.000023 -0.000002
v -0.797879 2.002086 0.109249
v -0.533554 2.217518 -0.000002
v -0.836792 2.000023 -0.000002
v -0.527388 2.217518 -0.059340
v -0.533554 2.217518 -0.000002
v -0.822520 2.002557 0.148809
v -0.686022 2.217518 -0.070001
v -0.693716 2.217518 -0.000002
v -0.533554 2.217518 -0.000002
v -0.693716 2.217518 -0.000002
v -0.686022 2.217518 0.070002
v -0.206679 2.422854 0.217181
v -0.206102 2.278174 0.216180
v -0.527388 2.217518 0.059340
v -0.217782 2.422854 0.210430
v -0.210969 2.440851 0.198630
v -0.199866 2.440851 0.205380
v -0.217211 2.278174 0.209439
v -0.217782 2.422854 0.210430
v -0.205697 2.463618 0.189498
v -0.194596 2.463618 0.196251
v -0.206679 2.422854 0.217181
v 0.006526 2.023054 -0.134721
v -0.085853 1.924475 -0.146373
v -0.052422 2.065457 -0.204853
v -0.210969 2.440851 0.198630
v -0.209720 2.568903 0.196467
v -0.198450 2.568903 0.202928
v -0.199866 2.440851 0.205380
v -0.205697 2.463618 0.189498
v -0.191571 2.425932 0.165030
v -0.210969 2.440851 0.198630
v -0.194596 2.463618 0.196251
v -0.205697 2.463618 0.189498
v -0.197886 2.565695 0.175970
v -0.205697 2.463618 0.189498
v -0.191571 2.425932 0.165030
v -0.209720 2.568903 0.196467
v -0.209720 2.568903 0.196467
v -0.223781 2.631060 0.161018
v -0.236077 2.631060 0.183996
v -0.197886 2.565695 0.175970
v -0.251567 2.821463 0.198931
v -0.223781 2.631060 0.161018
v -0.233674 2.828346 0.163538
v -0.236077 2.631060 0.183996
v -0.232924 2.814955 0.262638
v -0.265263 2.631060 0.235896
v -0.271805 2.814955 0.240365
v -0.229360 2.631060 0.256465
v -0.229360 2.631060 0.256465
v -0.241469 2.574795 0.249526
v -0.265263 2.631060 0.235896
v -0.229360 2.574795 0.256465
v -0.232924 2.814955 0.262638
v -0.260783 2.829629 0.243803
v -0.231677 2.829629 0.260476
v -0.271805 2.814955 0.240365
v -0.236077 2.631060 0.183996
v -0.241469 2.574795 0.249526
v -0.209720 2.568903 0.196467
v -0.265263 2.631060 0.235896
v -0.251567 2.821463 0.198931
v -0.260783 2.829629 0.243803
v -0.271805 2.814955 0.240365
v -0.241129 2.837089 0.204911
v -0.251567 2.821463 0.198931
v -0.265263 2.631060 0.235896
v -0.236077 2.631060 0.183996
v -0.271805 2.814955 0.240365
v -0.209919 2.837089 0.222792
v -0.260783 2.829629 0.243803
v -0.241129 2.837089 0.204911
v -0.231677 2.829629 0.260476
v -0.241129 2.837089 0.204911
v -0.233674 2.828346 0.163538
v -0.225483 2.842394 0.168266
v -0.251567 2.821463 0.198931
v -0.241129 2.837089 0.204911
v -0.190199 2.842394 0.188635
v -0.209919 2.837089 0.222792
v -0.225483 2.842394 0.168266
v -0.200412 1.604063 0.206326
v -0.216709 1.412141 0.190076
v -0.219559 1.604063 0.195012
v -0.197562 1.412141 0.201389
v -0.203341 1.829722 0.211399
v -0.219559 1.604063 0.195012
v -0.222491 1.829722 0.200090
v -0.200412 1.604063 0.206326
v -0.217211 2.278174 0.209439
v -0.195117 1.829722 0.197154
v -0.206291 1.829722 0.190529
v -0.206102 2.278174 0.216180
v -0.198478 1.604050 0.152864
v -0.216709 1.412141 0.190076
v -0.191586 1.390783 0.155123
v -0.219559 1.604063 0.195012
v -0.201295 1.829722 0.158153
v -0.219559 1.604063 0.195012
v -0.198478 1.604050 0.152864
v -0.222491 1.829722 0.200090
v -0.217782 2.422854 0.210430
v -0.210969 2.440851 0.198630
v -0.191571 2.425932 0.165030
v -0.217211 2.278174 0.209439
v -0.217782 2.422854 0.210430
v -0.191571 2.425932 0.165030
v -0.191571 2.278163 0.165030
v -0.191076 1.829722 0.164175
v -0.206291 1.829722 0.190529
v -0.217211 2.278174 0.209439
v -0.191571 2.278163 0.165030
v -0.206679 2.422854 0.217181
v -0.206102 2.278174 0.216180
v -0.194712 2.278174 0.222433
v -0.195283 2.422854 0.223421
v -0.188470 2.440851 0.211621
v -0.199866 2.440851 0.205380
v -0.206679 2.422854 0.217181
v -0.195283 2.422854 0.223421
v -0.183198 2.463618 0.202489
v -0.194596 2.463618 0.196251
v -0.199866 2.440851 0.205380
v -0.188470 2.440851 0.211621
v -0.187221 2.568903 0.209457
v -0.198450 2.568903 0.202928
v -0.194596 2.463618 0.196251
v -0.183198 2.463618 0.202489
v -0.163246 2.631060 0.226043
v -0.187221 2.568903 0.209457
v -0.175386 2.565695 0.188956
v -0.149490 2.631060 0.203910
v -0.146727 2.828346 0.213735
v -0.168431 2.821463 0.246932
v -0.163246 2.631060 0.226043
v -0.149490 2.631060 0.203910
v -0.194194 2.814955 0.285171
v -0.232924 2.814955 0.262638
v -0.229360 2.631060 0.256465
v -0.193602 2.631060 0.277270
v -0.229360 2.574795 0.256465
v -0.217296 2.574795 0.263482
v -0.193602 2.631060 0.277270
v -0.229360 2.631060 0.256465
v -0.231677 2.829629 0.260476
v -0.232924 2.814955 0.262638
v -0.194194 2.814955 0.285171
v -0.202682 2.829629 0.277350
v -0.193602 2.631060 0.277270
v -0.217296 2.574795 0.263482
v -0.187221 2.568903 0.209457
v -0.163246 2.631060 0.226043
v -0.194194 2.814955 0.285171
v -0.168431 2.821463 0.246932
v -0.178829 2.837089 0.240881
v -0.202682 2.829629 0.277350
v -0.163246 2.631060 0.226043
v -0.168431 2.821463 0.246932
v -0.194194 2.814955 0.285171
v -0.193602 2.631060 0.277270
v -0.178829 2.837089 0.240881
v -0.209919 2.837089 0.222792
v -0.231677 2.829629 0.260476
v -0.202682 2.829629 0.277350
v -0.154916 2.842394 0.209008
v -0.178829 2.837089 0.240881
v -0.168431 2.821463 0.246932
v -0.146727 2.828346 0.213735
v -0.154916 2.842394 0.209008
v -0.190199 2.842394 0.188635
v -0.209919 2.837089 0.222792
v -0.178829 2.837089 0.240881
v -0.181036 1.604063 0.217252
v -0.200412 1.604063 0.206326
v -0.197562 1.412141 0.201389
v -0.178185 1.412141 0.212315
v -0.183968 1.829722 0.222330
v -0.203341 1.829722 0.211399
v -0.200412 1.604063 0.206326
v -0.181036 1.604063 0.217252
v -0.183792 1.829722 0.203518
v -0.194712 2.278174 0.222433
v -0.206102 2.278174 0.216180
v -0.195117 1.829722 0.197154
v 0.006526 2.023054 -0.134721
v -0.003637 1.956906 -0.065143
v -0.053855 1.881191 -0.124250
v -0.160485 1.390783 0.173083
v -0.155081 1.604050 0.177919
v -0.181036 1.604063 0.217252
v -0.178185 1.412141 0.212315
v -0.155081 1.604050 0.177919
v -0.158255 1.829722 0.183003
v -0.183968 1.829722 0.222330
v -0.181036 1.604063 0.217252
v -0.195117 1.829722 0.197154
v -0.206291 1.829722 0.190529
v -0.222491 1.829722 0.200090
v -0.203341 1.829722 0.211399
v -0.191076 1.829722 0.164175
v -0.201295 1.829722 0.158153
v -0.222491 1.829722 0.200090
v -0.206291 1.829722 0.190529
v -0.183968 1.829722 0.222330
v -0.183792 1.829722 0.203518
v -0.195117 1.829722 0.197154
v -0.203341 1.829722 0.211399
v -0.183968 1.829722 0.222330
v -0.158255 1.829722 0.183003
v -0.168577 1.829722 0.177164
v -0.183792 1.829722 0.203518
v -0.195283 2.422854 0.223421
v -0.188470 2.440851 0.211621
v -0.188470 2.440851 0.211621
v -0.169072 2.425932 0.178020
v -0.169072 2.425932 0.178020
v -0.194712 2.278174 0.222433
v -0.195283 2.422854 0.223421
v -0.183198 2.463618 0.202489
v -0.169072 2.278163 0.178020
v -0.169072 2.425932 0.178020
v -0.183198 2.463618 0.202489
v -0.169072 2.425932 0.178020
v -0.175386 2.565695 0.188956
v -0.168577 1.829722 0.177164
v -0.183792 1.829722 0.203518
v -0.187221 2.568903 0.209457
v -0.169072 2.278163 0.178020
v -0.213648 2.776168 0.178990
v -0.234398 2.776168 0.167098
v -0.194712 2.278174 0.222433
v -0.230619 2.632802 0.161050
v -0.151104 2.439977 0.120923
v -0.188442 1.314800 0.090204
v -0.147055 1.314465 0.113909
v -0.189316 2.455354 0.091715
v -0.259769 2.857879 0.149669
v -0.234398 2.776168 0.167098
v -0.224866 2.857879 0.172562
v -0.234398 2.776168 0.167098
v -0.259769 2.776168 0.149669
v -0.234398 2.776168 0.167098
v -0.259769 2.857879 0.149669
v -0.230619 2.632802 0.161050
v -0.256206 2.632802 0.143499
v -0.249890 2.538515 0.132560
v -0.259769 2.776168 0.149669
v -0.256206 2.632802 0.143499
v -0.230619 2.632802 0.161050
v -0.249890 2.538515 0.132560
v -0.223708 2.540991 0.150454
v 0.056891 2.079564 -0.066197
v 0.028968 2.110586 -0.108152
v 0.028968 2.110586 -0.108152
v -0.222481 2.478792 0.151159
v -0.188442 1.314800 0.090204
v -0.189316 2.455354 0.091715
v -0.223708 2.540991 0.150454
v -0.220444 1.353217 0.147630
v -0.189316 2.455354 0.091715
v -0.222557 2.514849 0.081460
v -0.222481 2.478792 0.151159
v -0.222481 2.478792 0.151159
v -0.154631 2.632802 0.127029
v -0.225296 2.632802 0.086232
v -0.249890 2.538515 0.132560
v -0.164851 2.546171 0.144732
v -0.283934 2.857880 0.126452
v -0.282554 2.861429 0.126001
v -0.222557 2.514849 0.081460
v -0.249078 2.861925 0.078050
v -0.259769 2.857879 0.149669
v -0.282554 2.861429 0.126001
v -0.259014 2.861429 0.148352
v -0.283934 2.857880 0.126452
v -0.259769 2.857879 0.149669
v -0.224560 2.861429 0.170983
v -0.224866 2.857879 0.172562
v -0.259014 2.861429 0.148352
v -0.224866 2.857879 0.172562
v -0.211735 2.861429 0.178328
v -0.212548 2.857880 0.179618
v -0.224560 2.861429 0.170983
v -0.224560 2.861429 0.170983
v -0.180270 2.861925 0.117776
v -0.211735 2.861429 0.178328
v -0.190586 2.861925 0.111819
v -0.213392 2.925869 0.190607
v -0.211735 2.861429 0.178328
v -0.211333 2.929506 0.186395
v -0.212548 2.857880 0.179618
v -0.180270 2.861925 0.117776
v -0.211333 2.929506 0.186395
v -0.211735 2.861429 0.178328
v -0.176670 2.938129 0.119854
v -0.212548 2.857880 0.179618
v -0.216417 2.776168 0.193537
v -0.213648 2.776168 0.178990
v -0.213392 2.925869 0.190607
v -0.194478 2.929506 0.196048
v -0.213392 2.925869 0.190607
v -0.211333 2.929506 0.186395
v -0.196817 2.925869 0.200099
v -0.191840 2.776168 0.191481
v -0.216417 2.776168 0.193537
v -0.198840 2.776168 0.203604
v -0.213648 2.776168 0.178990
v -0.211333 2.929506 0.186395
v -0.157033 2.938129 0.131189
v -0.194478 2.929506 0.196048
v -0.176670 2.938129 0.119854
v -0.198840 2.776168 0.203604
v -0.213392 2.925869 0.190607
v -0.196817 2.925869 0.200099
v -0.216417 2.776168 0.193537
v -0.225296 2.632802 0.086232
v -0.249890 2.538515 0.132560
v -0.222557 2.514849 0.081460
v -0.256206 2.632802 0.143499
v -0.181961 2.439977 0.174367
v -0.220444 1.353217 0.147630
v -0.222481 2.478792 0.151159
v -0.179925 1.353110 0.170842
v -0.222481 2.478792 0.151159
v -0.191840 2.544561 0.191481
v -0.223708 2.540991 0.150454
v -0.222481 2.478792 0.151159
v -0.191840 2.544561 0.191481
v -0.151104 2.439977 0.120923
v -0.181961 2.439977 0.174367
v -0.164851 2.546171 0.144732
v -0.222557 2.514849 0.081460
v -0.225296 2.632802 0.086232
v -0.189316 2.455354 0.091715
v -0.217386 2.861925 0.096345
v -0.249078 2.861925 0.078050
v -0.259769 2.776168 0.149669
v -0.249277 2.673963 0.078393
v -0.282972 2.715459 0.124783
v -0.259769 2.857879 0.149669
v -0.259769 2.776168 0.149669
v -0.256206 2.632802 0.143499
v -0.283934 2.857880 0.126452
v -0.282972 2.715459 0.124783
v -0.256206 2.632802 0.143499
v -0.282972 2.715459 0.124783
v -0.249277 2.673963 0.078393
v -0.283934 2.857880 0.126452
v -0.282972 2.715459 0.124783
v -0.225296 2.632802 0.086232
v -0.249078 2.861925 0.078050
v -0.217386 2.861925 0.096345
v -0.259014 2.861429 0.148352
v -0.249277 2.673963 0.078393
v -0.249078 2.861925 0.078050
v -0.190586 2.861925 0.111819
v -0.224560 2.861429 0.170983
v -0.282554 2.861429 0.126001
v -0.217386 2.861925 0.096345
v -0.223708 2.540991 0.150454
v -0.230619 2.632802 0.161050
v -0.259014 2.861429 0.148352
v -0.191840 2.544561 0.191481
v -0.213648 2.776168 0.178990
v -0.212548 2.857880 0.179618
v -0.188276 2.632802 0.185306
v -0.224866 2.857879 0.172562
v -0.213648 2.776168 0.178990
v -0.230619 2.632802 0.161050
v -0.188276 2.632802 0.185306
v -0.188276 2.632802 0.185306
v -0.213648 2.776168 0.178990
v -0.213648 2.776168 0.178990
v -0.191840 2.776168 0.191481
v -0.224866 2.857879 0.172562
v -0.149449 2.776168 0.216146
v -0.170123 2.776168 0.204116
v -0.234398 2.776168 0.167098
v -0.146099 2.632802 0.209849
v -0.105828 1.314800 0.137899
v -0.151104 2.439977 0.120923
v -0.147055 1.314465 0.113909
v -0.106702 2.455354 0.139413
v -0.158942 2.857879 0.210623
v -0.149449 2.776168 0.216146
v -0.121670 2.857879 0.229402
v -0.121670 2.857879 0.229402
v -0.121670 2.776168 0.229402
v -0.149449 2.776168 0.216146
v -0.149449 2.776168 0.216146
v -0.121670 2.776168 0.229402
v -0.118107 2.632802 0.223231
v -0.111791 2.538515 0.212292
v -0.146099 2.632802 0.209849
v -0.140381 2.540991 0.198566
v -0.146099 2.632802 0.209849
v -0.141603 2.478792 0.197854
v -0.118107 2.632802 0.223231
v -0.111791 2.538515 0.212292
v -0.105828 1.314800 0.137899
v -0.139566 1.353217 0.194325
v -0.140381 2.540991 0.198566
v -0.106702 2.455354 0.139413
v -0.111791 2.538515 0.212292
v -0.081201 2.514849 0.163071
v -0.141603 2.478792 0.197854
v -0.141603 2.478792 0.197854
v -0.081201 2.514849 0.163071
v -0.083963 2.632802 0.167831
v -0.106702 2.455354 0.139413
v -0.164851 2.546171 0.144732
v -0.089777 2.861429 0.237298
v -0.089477 2.857880 0.238722
v -0.154631 2.632802 0.127029
v -0.064986 2.861925 0.184333
v -0.089777 2.861429 0.237298
v -0.121670 2.857879 0.229402
v -0.120906 2.861429 0.228086
v -0.089477 2.857880 0.238722
v -0.121670 2.857879 0.229402
v -0.157733 2.861429 0.209566
v -0.120906 2.861429 0.228086
v -0.158942 2.857879 0.210623
v -0.170505 2.861429 0.202134
v -0.158942 2.857879 0.210623
v -0.171217 2.857880 0.203482
v -0.157733 2.861429 0.209566
v -0.133797 2.861925 0.144608
v -0.157733 2.861429 0.209566
v -0.170505 2.861429 0.202134
v -0.123483 2.861925 0.150558
v -0.180308 2.925869 0.209707
v -0.170505 2.861429 0.202134
v -0.171217 2.857880 0.203482
v -0.177690 2.929506 0.205818
v -0.157033 2.861925 0.131189
v -0.176670 2.938129 0.119854
v -0.180270 2.861925 0.117776
v -0.157033 2.938129 0.131189
v -0.157033 2.861925 0.131189
v -0.137395 2.938129 0.142529
v -0.157033 2.938129 0.131189
v -0.133797 2.861925 0.144608
v -0.133797 2.861925 0.144608
v -0.177690 2.929506 0.205818
v -0.137395 2.938129 0.142529
v -0.170505 2.861429 0.202134
v -0.171217 2.857880 0.203482
v -0.181336 2.776168 0.213790
v -0.180308 2.925869 0.209707
v -0.170123 2.776168 0.204116
v -0.194478 2.929506 0.196048
v -0.180308 2.925869 0.209707
v -0.196817 2.925869 0.200099
v -0.177690 2.929506 0.205818
v -0.181336 2.776168 0.213790
v -0.191840 2.776168 0.191481
v -0.198840 2.776168 0.203604
v -0.170123 2.776168 0.204116
v -0.157033 2.938129 0.131189
v -0.177690 2.929506 0.205818
v -0.194478 2.929506 0.196048
v -0.137395 2.938129 0.142529
v -0.180308 2.925869 0.209707
v -0.198840 2.776168 0.203604
v -0.196817 2.925869 0.200099
v -0.181336 2.776168 0.213790
v -0.111791 2.538515 0.212292
v -0.083963 2.632802 0.167831
v -0.081201 2.514849 0.163071
v -0.118107 2.632802 0.223231
v -0.181961 2.439977 0.174367
v -0.139566 1.353217 0.194325
v -0.179925 1.353110 0.170842
v -0.141603 2.478792 0.197854
v -0.140381 2.540991 0.198566
v -0.191840 2.544561 0.191481
v -0.141603 2.478792 0.197854
v -0.181961 2.439977 0.174367
v -0.191840 2.544561 0.191481
v -0.151104 2.439977 0.120923
v -0.141603 2.478792 0.197854
v -0.106702 2.455354 0.139413
v -0.081201 2.514849 0.163071
v -0.064986 2.861925 0.184333
v -0.164851 2.546171 0.144732
v -0.096675 2.861925 0.166038
v -0.083963 2.632802 0.167831
v -0.088515 2.715459 0.237054
v -0.065185 2.673963 0.184679
v -0.121670 2.776168 0.229402
v -0.088515 2.715459 0.237054
v -0.121670 2.776168 0.229402
v -0.118107 2.632802 0.223231
v 0.059198 2.354126 0.029435
v 0.052768 2.156991 0.125686
v -0.003637 1.956906 -0.065143
v 0.059198 2.354126 0.029435
v 0.042241 2.037156 0.094807
v 0.052042 2.356706 0.127715
v 0.006526 2.023054 -0.134721
v -0.053855 1.881191 -0.124250
v 0.052768 2.156991 0.125686
v -0.053855 1.881191 -0.124250
v -0.035482 1.716344 0.006708
v -0.003637 1.956906 -0.065143
v -0.029839 2.353482 -0.221923
v -0.052422 2.065457 -0.204853
v -0.003637 1.956906 -0.065143
v -0.052422 2.065457 -0.204853
v 0.006526 2.023054 -0.134721
v 0.028968 2.110586 -0.108152
v -0.089477 2.857880 0.238722
v -0.088515 2.715459 0.237054
v -0.065185 2.673963 0.184679
v -0.121670 2.857879 0.229402
v -0.118107 2.632802 0.223231
v -0.089477 2.857880 0.238722
v -0.064986 2.861925 0.184333
v -0.083963 2.632802 0.167831
v -0.088515 2.715459 0.237054
v -0.157033 2.861925 0.131189
v -0.180270 2.861925 0.117776
v -0.065185 2.673963 0.184679
v -0.154631 2.632802 0.127029
v -0.154631 2.632802 0.127029
v -0.190586 2.861925 0.111819
v -0.190586 2.861925 0.111819
v -0.225296 2.632802 0.086232
v -0.157033 2.861925 0.131189
v -0.154631 2.632802 0.127029
v -0.217386 2.861925 0.096345
v -0.133797 2.861925 0.144608
v -0.154631 2.632802 0.127029
v -0.083963 2.632802 0.167831
v -0.123483 2.861925 0.150558
v -0.029839 2.353482 -0.221923
v 0.028968 2.110586 -0.108152
v 0.028968 2.110586 -0.108152
v -0.123483 2.861925 0.150558
v -0.089777 2.861429 0.237298
v -0.120906 2.861429 0.228086
v -0.096675 2.861925 0.166038
v -0.064986 2.861925 0.184333
v -0.123483 2.861925 0.150558
v -0.096675 2.861925 0.166038
v -0.096675 2.861925 0.166038
v -0.157733 2.861429 0.209566
v -0.140381 2.540991 0.198566
v -0.191840 2.544561 0.191481
v -0.120906 2.861429 0.228086
v -0.146099 2.632802 0.209849
v -0.171217 2.857880 0.203482
v -0.188276 2.632802 0.185306
v -0.158942 2.857879 0.210623
v -0.170123 2.776168 0.204116
v -0.119397 2.847445 -0.204486
v -0.237161 2.893052 -0.122091
v 0.066118 2.348461 -0.156160
v -0.170123 2.776168 0.204116
v -0.146099 2.632802 0.209849
v -0.191840 2.776168 0.191481
v -0.188276 2.632802 0.185306
v -0.188276 2.632802 0.185306
v -0.158942 2.857879 0.210623
v -0.170123 2.776168 0.204116
v -0.170123 2.776168 0.204116
v -0.149449 2.776168 0.216146
v -0.177040 2.909356 0.166090
v -0.197037 3.000000 0.108693
v -0.156475 3.000000 0.130469
v -0.216891 2.909356 0.143081
v -0.189575 2.895537 0.095767
v -0.219090 2.787670 0.146888
v -0.190550 2.787670 0.097456
v -0.216891 2.909356 0.143081
v -0.184709 2.944420 0.087341
v -0.216891 2.909356 0.143081
v -0.189575 2.895537 0.095767
v -0.197037 3.000000 0.108693
v -0.184709 2.944420 0.087341
v -0.172452 3.000000 0.066110
v -0.197037 3.000000 0.108693
v -0.172452 2.943383 0.066110
v -0.177040 2.909356 0.166090
v -0.219090 2.787670 0.146888
v -0.216891 2.909356 0.143081
v -0.179239 2.787670 0.169898
v -0.139392 2.787670 0.192904
v -0.137193 2.909356 0.189092
v -0.179239 2.787670 0.169898
v -0.177040 2.909356 0.166090
v -0.137193 2.909356 0.189092
v -0.117339 3.000000 0.154704
v -0.156475 3.000000 0.130469
v -0.177040 2.909356 0.166090
v -0.132601 3.000000 0.089119
v -0.172452 3.000000 0.066110
v -0.197037 3.000000 0.108693
v -0.156475 3.000000 0.130469
v -0.117339 3.000000 0.154704
v -0.092754 3.000000 0.112125
v -0.132601 3.000000 0.089119
v -0.156475 3.000000 0.130469
v -0.172452 2.943383 0.066110
v -0.172452 3.000000 0.066110
v -0.132601 3.000000 0.089119
v -0.132601 2.944038 0.089119
v -0.132601 3.000000 0.089119
v -0.092754 3.000000 0.112125
v -0.092754 2.943383 0.112125
v -0.132601 2.944038 0.089119
v -0.110852 2.787670 0.143471
v -0.109878 2.895537 0.141779
v -0.137193 2.909356 0.189092
v -0.139392 2.787670 0.192904
v -0.109878 2.895537 0.141779
v -0.105012 2.944420 0.133355
v -0.117339 3.000000 0.154704
v -0.137193 2.909356 0.189092
v -0.117339 3.000000 0.154704
v -0.105012 2.944420 0.133355
v -0.092754 3.000000 0.112125
v -0.092754 2.943383 0.112125
v -0.191700 2.422854 -0.231855
v -0.191123 2.278174 -0.230856
v -0.179731 2.278174 -0.237106
v -0.173489 2.440851 -0.226294
v -0.180303 2.422854 -0.238097
v -0.184886 2.440851 -0.220054
v -0.191700 2.422854 -0.231855
v -0.168217 2.463618 -0.217163
v -0.180303 2.422854 -0.238097
v -0.179616 2.463618 -0.210927
v -0.184886 2.440851 -0.220054
v -0.172241 2.568903 -0.224132
v -0.173489 2.440851 -0.226294
v -0.183471 2.568903 -0.217604
v -0.179616 2.463618 -0.210927
v -0.154091 2.425932 -0.192696
v -0.168217 2.463618 -0.217163
v -0.173489 2.440851 -0.226294
v -0.154091 2.425932 -0.192696
v -0.160406 2.565695 -0.203635
v -0.168217 2.463618 -0.217163
v -0.168217 2.463618 -0.217163
v -0.148262 2.631060 -0.240721
v -0.172241 2.568903 -0.224132
v -0.172241 2.568903 -0.224132
v -0.134511 2.631060 -0.218586
v -0.131746 2.828346 -0.228412
v -0.153452 2.821463 -0.261604
v -0.160406 2.565695 -0.203635
v -0.134511 2.631060 -0.218586
v -0.179214 2.814955 -0.299845
v -0.217944 2.814955 -0.277314
v -0.148262 2.631060 -0.240721
v -0.178616 2.631060 -0.291948
v -0.178616 2.631060 -0.291948
v -0.214380 2.631060 -0.271139
v -0.214380 2.631060 -0.271139
v -0.202317 2.574795 -0.278158
v -0.216697 2.829629 -0.275154
v -0.217944 2.814955 -0.277314
v -0.214380 2.574795 -0.271139
v -0.187704 2.829629 -0.292023
v -0.172241 2.568903 -0.224132
v -0.148262 2.631060 -0.240721
v -0.179214 2.814955 -0.299845
v -0.202317 2.574795 -0.278158
v -0.179214 2.814955 -0.299845
v -0.153452 2.821463 -0.261604
v -0.178616 2.631060 -0.291948
v -0.187704 2.829629 -0.292023
v -0.148262 2.631060 -0.240721
v -0.153452 2.821463 -0.261604
v -0.163848 2.837089 -0.255554
v -0.178616 2.631060 -0.291948
v -0.163848 2.837089 -0.255554
v -0.194939 2.837089 -0.237465
v -0.179214 2.814955 -0.299845
v -0.266858 2.815069 0.080617
v -0.264970 2.942219 0.062238
v -0.260846 2.825212 -0.093128
v -0.187704 2.829629 -0.292023
v -0.139936 2.842394 -0.223682
v -0.163848 2.837089 -0.255554
v -0.216697 2.829629 -0.275154
v -0.131746 2.828346 -0.228412
v -0.194939 2.837089 -0.237465
v -0.163848 2.837089 -0.255554
v -0.153452 2.821463 -0.261604
v -0.175220 2.842394 -0.203309
v -0.166060 1.604063 -0.231924
v -0.185432 1.604063 -0.221000
v -0.139936 2.842394 -0.223682
v -0.163210 1.412141 -0.226987
v -0.168992 1.829722 -0.237003
v -0.188361 1.829722 -0.226072
v -0.182583 1.412141 -0.216063
v -0.166060 1.604063 -0.231924
v -0.168811 1.829722 -0.218193
v -0.179731 2.278174 -0.237106
v -0.185432 1.604063 -0.221000
v -0.017104 2.883753 0.183124
v -0.056805 2.885493 0.192181
v -0.056805 2.885493 0.192181
v -0.180137 1.829722 -0.211828
v -0.145505 1.390783 -0.187758
v -0.140101 1.604050 -0.192594
v -0.191123 2.278174 -0.230856
v -0.284040 2.358128 -0.082564
v 0.065707 2.815106 0.126269
v -0.056447 2.803070 0.203191
v -0.049216 2.831523 -0.237306
v -0.265827 2.814650 -0.106533
v -0.029839 2.353482 -0.221923
v -0.163210 1.412141 -0.226987
v -0.140101 1.604050 -0.192594
v -0.143273 1.829722 -0.197681
v -0.166060 1.604063 -0.231924
v -0.265827 2.814650 -0.106533
v -0.293348 2.383475 0.107930
v -0.266858 2.815069 0.080617
v -0.166060 1.604063 -0.231924
v -0.154091 2.425932 -0.192696
v -0.180303 2.422854 -0.238097
v -0.168992 1.829722 -0.237003
v -0.173489 2.440851 -0.226294
v -0.154091 2.278163 -0.192696
v -0.180303 2.422854 -0.238097
v -0.179731 2.278174 -0.237106
v -0.154091 2.425932 -0.192696
v -0.154091 2.278163 -0.192696
v -0.168811 1.829722 -0.218193
v -0.153596 1.829722 -0.191839
v -0.179731 2.278174 -0.237106
v -0.202802 2.422854 -0.225106
v -0.191123 2.278174 -0.230856
v -0.191700 2.422854 -0.231855
v -0.202230 2.278174 -0.224116
v -0.202802 2.422854 -0.225106
v -0.184886 2.440851 -0.220054
v -0.195988 2.440851 -0.213304
v -0.191700 2.422854 -0.231855
v -0.195988 2.440851 -0.213304
v -0.179616 2.463618 -0.210927
v -0.190716 2.463618 -0.204174
v -0.184886 2.440851 -0.220054
v -0.190716 2.463618 -0.204174
v -0.183471 2.568903 -0.217604
v -0.194740 2.568903 -0.211144
v -0.056447 2.803070 0.203191
v -0.266858 2.815069 0.080617
v -0.284040 2.358128 -0.082564
v -0.179616 2.463618 -0.210927
v -0.208801 2.631060 -0.175693
v -0.194740 2.568903 -0.211144
v -0.221092 2.631060 -0.198672
v -0.182905 2.565695 -0.190645
v -0.208801 2.631060 -0.175693
v -0.236588 2.821463 -0.213607
v -0.218692 2.828346 -0.178212
v -0.221092 2.631060 -0.198672
v -0.250277 2.631060 -0.250575
v -0.217944 2.814955 -0.277314
v -0.256825 2.814955 -0.255039
v -0.214380 2.631060 -0.271139
v -0.214380 2.631060 -0.271139
v -0.226490 2.574795 -0.264201
v -0.214380 2.574795 -0.271139
v -0.250277 2.631060 -0.250575
v -0.245805 2.829629 -0.258479
v -0.217944 2.814955 -0.277314
v -0.216697 2.829629 -0.275154
v -0.256825 2.814955 -0.255039
v -0.221092 2.631060 -0.198672
v -0.226490 2.574795 -0.264201
v -0.250277 2.631060 -0.250575
v -0.194740 2.568903 -0.211144
v -0.245805 2.829629 -0.258479
v -0.236588 2.821463 -0.213607
v -0.256825 2.814955 -0.255039
v -0.226149 2.837089 -0.219585
v -0.250277 2.631060 -0.250575
v -0.236588 2.821463 -0.213607
v -0.221092 2.631060 -0.198672
v -0.256825 2.814955 -0.255039
v -0.245805 2.829629 -0.258479
v -0.194939 2.837089 -0.237465
v -0.226149 2.837089 -0.219585
v -0.216697 2.829629 -0.275154
v -0.218692 2.828346 -0.178212
v -0.226149 2.837089 -0.219585
v -0.210504 2.842394 -0.182940
v -0.236588 2.821463 -0.213607
v -0.226149 2.837089 -0.219585
v -0.175220 2.842394 -0.203309
v -0.210504 2.842394 -0.182940
v 0.086896 2.809684 0.140884
v -0.070216 2.359740 0.186193
v -0.293348 2.383475 0.107930
v -0.194939 2.837089 -0.237465
v -0.201733 1.412141 -0.204748
v -0.185432 1.604063 -0.221000
v -0.204584 1.604063 -0.209683
v -0.182583 1.412141 -0.216063
v -0.204584 1.604063 -0.209683
v -0.188361 1.829722 -0.226072
v -0.207516 1.829722 -0.214762
v -0.056447 2.803070 0.203191
v 0.065707 2.815106 0.126269
v 0.097148 2.803995 0.013233
v -0.185432 1.604063 -0.221000
v -0.180137 1.829722 -0.211828
v -0.202230 2.278174 -0.224116
v -0.191311 1.829722 -0.205202
v -0.191123 2.278174 -0.230856
v -0.201733 1.412141 -0.204748
v -0.183497 1.604050 -0.167539
v -0.176606 1.390783 -0.169801
v -0.204584 1.604063 -0.209683
v -0.204584 1.604063 -0.209683
v -0.186313 1.829722 -0.172829
v -0.183497 1.604050 -0.167539
v -0.207516 1.829722 -0.214762
v -0.188361 1.829722 -0.226072
v -0.168811 1.829722 -0.218193
v -0.180137 1.829722 -0.211828
v -0.168992 1.829722 -0.237003
v -0.168811 1.829722 -0.218193
v -0.143273 1.829722 -0.197681
v -0.153596 1.829722 -0.191839
v -0.168992 1.829722 -0.237003
v -0.188361 1.829722 -0.226072
v -0.191311 1.829722 -0.205202
v -0.207516 1.829722 -0.214762
v -0.180137 1.829722 -0.211828
v -0.191311 1.829722 -0.205202
v -0.186313 1.829722 -0.172829
v -0.207516 1.829722 -0.214762
v 0.065707 2.815106 0.126269
v 0.065707 2.815106 0.126269
v 0.086896 2.809684 0.140884
v -0.043059 2.850302 -0.199971
v -0.017104 2.883753 0.183124
v 0.050443 2.844897 0.100081
v -0.043059 2.850302 -0.199971
v -0.049216 2.831523 -0.237306
v 0.004616 2.832409 -0.155753
v -0.176095 1.829722 -0.178850
v -0.176590 2.425932 -0.179707
v -0.195988 2.440851 -0.213304
v -0.202802 2.422854 -0.225106
v -0.195988 2.440851 -0.213304
v -0.190716 2.463618 -0.204174
v -0.202230 2.278174 -0.224116
v -0.176590 2.425932 -0.179707
v -0.202802 2.422854 -0.225106
v -0.176590 2.425932 -0.179707
v -0.176590 2.425932 -0.179707
v -0.176590 2.278163 -0.179707
v -0.190716 2.463618 -0.204174
v -0.194740 2.568903 -0.211144
v -0.176095 1.829722 -0.178850
v -0.182905 2.565695 -0.190645
v -0.110943 2.906951 -0.183576
v -0.090801 2.862303 -0.203826
v -0.058970 2.920706 -0.177851
v -0.191311 1.829722 -0.205202
v -0.202230 2.278174 -0.224116
v -0.155139 2.776168 -0.218794
v -0.176590 2.278163 -0.179707
v -0.134470 2.776168 -0.230821
v -0.132076 1.314465 -0.128584
v -0.136125 2.439977 -0.135598
v -0.131121 2.632802 -0.224523
v -0.237161 2.893052 -0.122091
v -0.119397 2.847445 -0.204486
v -0.090801 2.862303 -0.203826
v 0.097148 2.803995 0.013233
v 0.050443 2.844897 0.100081
v 0.077289 2.814168 -0.111585
v -0.090851 1.314800 -0.152572
v -0.143965 2.857879 -0.225295
v -0.106689 2.857879 -0.244077
v -0.091726 2.455354 -0.154085
v -0.134470 2.776168 -0.230821
v -0.106689 2.857879 -0.244077
v -0.106689 2.776168 -0.244077
v -0.134470 2.776168 -0.230821
v -0.134470 2.776168 -0.230821
v -0.106689 2.776168 -0.244077
v -0.103126 2.632802 -0.237906
v -0.131121 2.632802 -0.224523
v 0.028208 2.865796 0.098891
v 0.065604 2.936764 -0.067387
v 0.040976 2.931795 0.104316
v -0.096810 2.538515 -0.226965
v -0.125399 2.540991 -0.213240
v -0.131121 2.632802 -0.224523
v -0.103126 2.632802 -0.237906
v 0.077289 2.814168 -0.111585
v 0.050443 2.844897 0.100081
v 0.077289 2.814168 -0.111585
v 0.065707 2.815106 0.126269
v 0.050443 2.844897 0.100081
v 0.028208 2.865796 0.098891
v 0.097148 2.803995 0.013233
v 0.077289 2.814168 -0.111585
v 0.097148 2.803995 0.013233
v -0.119397 2.847445 -0.204486
v -0.260846 2.825212 -0.093128
v 0.099395 2.779262 -0.164429
v -0.265827 2.814650 -0.106533
v -0.260846 2.825212 -0.093128
v -0.265827 2.814650 -0.106533
v -0.096810 2.538515 -0.226965
v -0.125399 2.540991 -0.213240
v -0.090851 1.314800 -0.152572
v -0.126623 2.478792 -0.212532
v -0.056447 2.803070 0.203191
v -0.070216 2.359740 0.186193
v -0.266858 2.815069 0.080617
v -0.091726 2.455354 -0.154085
v -0.126623 2.478792 -0.212532
v -0.091726 2.455354 -0.154085
v -0.124586 1.353217 -0.209001
v -0.066223 2.514849 -0.177744
v -0.096810 2.538515 -0.226965
v -0.139651 2.632802 -0.141707
v -0.126623 2.478792 -0.212532
v 0.050443 2.844897 0.100081
v 0.086896 2.809684 0.140884
v 0.052042 2.356706 0.127715
v -0.068986 2.632802 -0.182504
v -0.066223 2.514849 -0.177744
v -0.149871 2.546171 -0.159406
v -0.074798 2.861429 -0.251975
v -0.074498 2.857880 -0.253395
v -0.050008 2.861925 -0.199009
v -0.106689 2.857879 -0.244077
v -0.074798 2.861429 -0.251975
v -0.105925 2.861429 -0.242765
v 0.065604 2.936764 -0.067387
v -0.017104 2.883753 0.183124
v 0.028208 2.865796 0.098891
v 0.004616 2.832409 -0.155753
v 0.077289 2.814168 -0.111585
v -0.007107 2.928918 -0.128711
v -0.074498 2.857880 -0.253395
v -0.106689 2.857879 -0.244077
v -0.142752 2.861429 -0.224242
v -0.143965 2.857879 -0.225295
v -0.105925 2.861429 -0.242765
v -0.143965 2.857879 -0.225295
v -0.155526 2.861429 -0.216811
v -0.156235 2.857880 -0.218159
v -0.142752 2.861429 -0.224242
v -0.142752 2.861429 -0.224242
v -0.118816 2.861925 -0.159281
v -0.155526 2.861429 -0.216811
v -0.108500 2.861925 -0.165235
v -0.165329 2.925869 -0.224380
v -0.155526 2.861429 -0.216811
v -0.162710 2.929506 -0.220492
v -0.156235 2.857880 -0.218159
v -0.118816 2.861925 -0.159281
v -0.162710 2.929506 -0.220492
v -0.155526 2.861429 -0.216811
v -0.122416 2.938129 -0.157202
v -0.156235 2.857880 -0.218159
v -0.166355 2.776168 -0.228466
v -0.155139 2.776168 -0.218794
v -0.165329 2.925869 -0.224380
v -0.179499 2.929506 -0.210722
v -0.165329 2.925869 -0.224380
v -0.162710 2.929506 -0.220492
v -0.181838 2.925869 -0.214773
v -0.176861 2.776168 -0.206155
v -0.166355 2.776168 -0.228466
v -0.183861 2.776168 -0.218280
v -0.155139 2.776168 -0.218794
v -0.162710 2.929506 -0.220492
v -0.142053 2.938129 -0.145865
v -0.179499 2.929506 -0.210722
v -0.122416 2.938129 -0.157202
v -0.183861 2.776168 -0.218280
v -0.165329 2.925869 -0.224380
v -0.181838 2.925869 -0.214773
v -0.045664 2.920340 0.156413
v 0.040976 2.931795 0.104316
v -0.045859 2.943205 0.156407
v -0.166355 2.776168 -0.228466
v -0.068986 2.632802 -0.182504
v -0.096810 2.538515 -0.226965
v -0.066223 2.514849 -0.177744
v -0.058970 2.920706 -0.177851
v -0.007107 2.928918 -0.128711
v 0.028208 2.865796 0.098891
v -0.103126 2.632802 -0.237906
v -0.166982 2.439977 -0.189046
v -0.124586 1.353217 -0.209001
v -0.126623 2.478792 -0.212532
v -0.164946 1.353110 -0.185516
v -0.126623 2.478792 -0.212532
v -0.176861 2.544561 -0.206155
v -0.125399 2.540991 -0.213240
v -0.126623 2.478792 -0.212532
v -0.176861 2.544561 -0.206155
v -0.136125 2.439977 -0.135598
v -0.166982 2.439977 -0.189046
v -0.149871 2.546171 -0.159406
v -0.066223 2.514849 -0.177744
v -0.068986 2.632802 -0.182504
v -0.091726 2.455354 -0.154085
v -0.081700 2.861925 -0.180711
v -0.050008 2.861925 -0.199009
v -0.106689 2.776168 -0.244077
v -0.050207 2.673963 -0.199353
v -0.073536 2.715459 -0.251732
v -0.106689 2.857879 -0.244077
v -0.106689 2.776168 -0.244077
v -0.103126 2.632802 -0.237906
v -0.074498 2.857880 -0.253395
v -0.073536 2.715459 -0.251732
v -0.103126 2.632802 -0.237906
v -0.073536 2.715459 -0.251732
v -0.050207 2.673963 -0.199353
v -0.074498 2.857880 -0.253395
v -0.073536 2.715459 -0.251732
v -0.068986 2.632802 -0.182504
v -0.050008 2.861925 -0.199009
v -0.081700 2.861925 -0.180711
v -0.105925 2.861429 -0.242765
v -0.050207 2.673963 -0.199353
v -0.050008 2.861925 -0.199009
v -0.108500 2.861925 -0.165235
v -0.142752 2.861429 -0.224242
v -0.074798 2.861429 -0.251975
v -0.081700 2.861925 -0.180711
v -0.125399 2.540991 -0.213240
v -0.131121 2.632802 -0.224523
v -0.105925 2.861429 -0.242765
v -0.176861 2.544561 -0.206155
v -0.155139 2.776168 -0.218794
v -0.156235 2.857880 -0.218159
v -0.173297 2.632802 -0.199980
v -0.143965 2.857879 -0.225295
v -0.155139 2.776168 -0.218794
v -0.131121 2.632802 -0.224523
v -0.173297 2.632802 -0.199980
v -0.173297 2.632802 -0.199980
v -0.155139 2.776168 -0.218794
v -0.155139 2.776168 -0.218794
v -0.176861 2.776168 -0.206155
v -0.143965 2.857879 -0.225295
v -0.219419 2.776168 -0.181776
v -0.198664 2.776168 -0.193665
v -0.134470 2.776168 -0.230821
v -0.215641 2.632802 -0.175725
v -0.173465 1.314800 -0.104875
v -0.136125 2.439977 -0.135598
v -0.132076 1.314465 -0.128584
v -0.110943 2.906951 -0.183576
v -0.043059 2.850302 -0.199971
v 0.004616 2.832409 -0.155753
v -0.174340 2.455354 -0.106390
v -0.209890 2.857879 -0.187236
v -0.219419 2.776168 -0.181776
v -0.244789 2.857879 -0.164347
v -0.045664 2.920340 0.156413
v -0.237161 2.893052 -0.122091
v -0.090801 2.862303 -0.203826
v 0.028208 2.865796 0.098891
v -0.045947 2.918301 0.175054
v -0.264970 2.942219 0.062238
v -0.244789 2.857879 -0.164347
v -0.244789 2.776168 -0.164347
v -0.219419 2.776168 -0.181776
v -0.219419 2.776168 -0.181776
v -0.045947 2.918301 0.175054
v -0.045664 2.920340 0.156413
v -0.017104 2.883753 0.183124
v -0.244789 2.776168 -0.164347
v -0.241225 2.632802 -0.158175
v -0.234910 2.538515 -0.147234
v -0.215641 2.632802 -0.175725
v -0.208726 2.540991 -0.165131
v -0.215641 2.632802 -0.175725
v -0.207502 2.478792 -0.165835
v -0.241225 2.632802 -0.158175
v 0.004616 2.832409 -0.155753
v 0.099395 2.779262 -0.164429
v 0.077289 2.814168 -0.111585
v -0.049216 2.831523 -0.237306
v 0.099395 2.779262 -0.164429
v 0.004616 2.832409 -0.155753
v -0.234910 2.538515 -0.147234
v -0.173465 1.314800 -0.104875
v -0.205465 1.353217 -0.162307
v -0.208726 2.540991 -0.165131
v -0.049216 2.831523 -0.237306
v -0.090801 2.862303 -0.203826
v -0.043059 2.850302 -0.199971
v -0.174340 2.455354 -0.106390
v -0.234910 2.538515 -0.147234
v -0.207579 2.514849 -0.096136
v -0.207502 2.478792 -0.165835
v -0.207502 2.478792 -0.165835
v -0.207579 2.514849 -0.096136
v -0.210320 2.632802 -0.100905
v -0.174340 2.455354 -0.106390
v 0.052768 2.156991 0.125686
v -0.035899 1.974012 0.136015
v -0.119397 2.847445 -0.204486
v -0.149871 2.546171 -0.159406
v -0.267575 2.861429 -0.140674
v -0.268955 2.857880 -0.141125
v -0.139651 2.632802 -0.141707
v -0.234100 2.861925 -0.092723
v -0.267575 2.861429 -0.140674
v -0.244789 2.857879 -0.164347
v -0.244033 2.861429 -0.163028
v 0.052768 2.156991 0.125686
v -0.078515 1.979684 0.141655
v -0.078515 1.979684 0.141655
v 0.052042 2.356706 0.127715
v 0.052768 2.156991 0.125686
v -0.070216 2.359740 0.186193
v -0.078515 1.979684 0.141655
v -0.075956 1.809859 0.113661
v -0.070216 2.359740 0.186193
v -0.276447 2.024473 0.058227
v -0.078515 1.979684 0.141655
v -0.276447 2.024473 0.058227
v -0.290852 1.975330 -0.029615
v -0.293348 2.383475 0.107930
v -0.070216 2.359740 0.186193
v -0.243293 2.177508 -0.084580
v -0.243293 2.177508 -0.084580
v -0.276447 2.024473 0.058227
v -0.276447 2.024473 0.058227
v -0.284040 2.358128 -0.082564
v -0.293348 2.383475 0.107930
v -0.268955 2.857880 -0.141125
v -0.244789 2.857879 -0.164347
v -0.209579 2.861429 -0.185660
v -0.244033 2.861429 -0.163028
v -0.209890 2.857879 -0.187236
v -0.196756 2.861429 -0.193005
v -0.209890 2.857879 -0.187236
v -0.197566 2.857880 -0.194295
v -0.209579 2.861429 -0.185660
v -0.165289 2.861925 -0.132449
v -0.209579 2.861429 -0.185660
v -0.196756 2.861429 -0.193005
v -0.175603 2.861925 -0.126496
v -0.198413 2.925869 -0.205280
v -0.196756 2.861429 -0.193005
v -0.197566 2.857880 -0.194295
v -0.196354 2.929506 -0.201068
v -0.142053 2.861925 -0.145865
v -0.122416 2.938129 -0.157202
v -0.118816 2.861925 -0.159281
v -0.142053 2.938129 -0.145865
v -0.142053 2.861925 -0.145865
v -0.161691 2.938129 -0.134527
v -0.142053 2.938129 -0.145865
v -0.165289 2.861925 -0.132449
v -0.165289 2.861925 -0.132449
v -0.196354 2.929506 -0.201068
v -0.161691 2.938129 -0.134527
v -0.196756 2.861429 -0.193005
v -0.198413 2.925869 -0.205280
v -0.201436 2.776168 -0.208213
v -0.197566 2.857880 -0.194295
v -0.198664 2.776168 -0.193665
v -0.181838 2.925869 -0.214773
v -0.198413 2.925869 -0.205280
v -0.196354 2.929506 -0.201068
v -0.179499 2.929506 -0.210722
v -0.183861 2.776168 -0.218280
v -0.176861 2.776168 -0.206155
v -0.198664 2.776168 -0.193665
v -0.201436 2.776168 -0.208213
v -0.179499 2.929506 -0.210722
v -0.196354 2.929506 -0.201068
v -0.161691 2.938129 -0.134527
v -0.142053 2.938129 -0.145865
v -0.181838 2.925869 -0.214773
v -0.183861 2.776168 -0.218280
v -0.201436 2.776168 -0.208213
v -0.198413 2.925869 -0.205280
v -0.207579 2.514849 -0.096136
v -0.210320 2.632802 -0.100905
v -0.241225 2.632802 -0.158175
v -0.234910 2.538515 -0.147234
v -0.164946 1.353110 -0.185516
v -0.205465 1.353217 -0.162307
v -0.207502 2.478792 -0.165835
v -0.166982 2.439977 -0.189046
v -0.207502 2.478792 -0.165835
v -0.176861 2.544561 -0.206155
v -0.166982 2.439977 -0.189046
v -0.208726 2.540991 -0.165131
v -0.207502 2.478792 -0.165835
v -0.136125 2.439977 -0.135598
v -0.174340 2.455354 -0.106390
v -0.176861 2.544561 -0.206155
v -0.149871 2.546171 -0.159406
v -0.234100 2.861925 -0.092723
v -0.202411 2.861925 -0.111018
v -0.207579 2.514849 -0.096136
v -0.234299 2.673963 -0.093065
v -0.267992 2.715459 -0.139459
v -0.244789 2.776168 -0.164347
v -0.210320 2.632802 -0.100905
v -0.241225 2.632802 -0.158175
v -0.244789 2.776168 -0.164347
v -0.268955 2.857880 -0.141125
v -0.267992 2.715459 -0.139459
v -0.244789 2.857879 -0.164347
v -0.234299 2.673963 -0.093065
v -0.241225 2.632802 -0.158175
v -0.267992 2.715459 -0.139459
v -0.210320 2.632802 -0.100905
v -0.234100 2.861925 -0.092723
v -0.267992 2.715459 -0.139459
v -0.268955 2.857880 -0.141125
v -0.234299 2.673963 -0.093065
v -0.118816 2.861925 -0.159281
v -0.139651 2.632802 -0.141707
v -0.142053 2.861925 -0.145865
v -0.029839 2.353482 -0.221923
v -0.243293 2.177508 -0.084580
v -0.293348 2.383475 0.107930
v -0.108500 2.861925 -0.165235
v -0.108500 2.861925 -0.165235
v -0.068986 2.632802 -0.182504
v -0.139651 2.632802 -0.141707
v -0.081700 2.861925 -0.180711
v -0.139651 2.632802 -0.141707
v -0.165289 2.861925 -0.132449
v -0.142053 2.861925 -0.145865
v -0.175603 2.861925 -0.126496
v -0.210320 2.632802 -0.100905
v -0.175603 2.861925 -0.126496
v -0.139651 2.632802 -0.141707
v -0.202411 2.861925 -0.111018
v -0.244033 2.861429 -0.163028
v -0.234100 2.861925 -0.092723
v -0.267575 2.861429 -0.140674
v -0.202411 2.861925 -0.111018
v -0.202411 2.861925 -0.111018
v -0.209579 2.861429 -0.185660
v -0.175603 2.861925 -0.126496
v -0.123766 1.976545 -0.157417
v -0.123766 1.976545 -0.157417
v -0.052422 2.065457 -0.204853
v -0.244033 2.861429 -0.163028
v -0.176861 2.544561 -0.206155
v -0.215641 2.632802 -0.175725
v -0.208726 2.540991 -0.165131
v 0.028968 2.110586 -0.108152
v -0.085853 1.924475 -0.146373
v -0.052422 2.065457 -0.204853
v -0.173297 2.632802 -0.199980
v -0.198664 2.776168 -0.193665
v -0.209890 2.857879 -0.187236
v -0.197566 2.857880 -0.194295
v -0.243293 2.177508 -0.084580
v 0.056891 2.079564 -0.066197
v 0.066118 2.348461 -0.156160
v -0.045947 2.918301 0.175054
v -0.029839 2.353482 -0.221923
v -0.284040 2.358128 -0.082564
v 0.010397 1.789818 0.063497
v -0.017104 2.883753 0.183124
v -0.056805 2.885493 0.192181
v -0.015698 1.856386 0.111826
v -0.035482 1.716344 0.006708
v -0.072648 1.752751 0.105203
v -0.072648 1.752751 0.105203
v -0.075956 1.809859 0.113661
v 0.010397 1.789818 0.063497
v -0.198664 2.776168 -0.193665
v -0.215641 2.632802 -0.175725
v -0.176861 2.776168 -0.206155
v -0.173297 2.632802 -0.199980
v -0.260846 2.825212 -0.093128
v -0.237161 2.893052 -0.122091
v -0.271989 2.942219 -0.078892
v -0.173297 2.632802 -0.199980
v -0.209890 2.857879 -0.187236
v -0.198664 2.776168 -0.193665
v -0.198664 2.776168 -0.193665
v -0.219419 2.776168 -0.181776
v -0.162273 2.909356 -0.180639
v -0.102568 3.000000 -0.169264
v -0.141707 3.000000 -0.145020
v -0.122422 2.909356 -0.203651
v -0.095106 2.895537 -0.156337
v -0.124621 2.787670 -0.207457
v -0.096081 2.787670 -0.158026
v -0.122422 2.909356 -0.203651
v -0.090240 2.944420 -0.147909
v -0.122422 2.909356 -0.203651
v -0.095106 2.895537 -0.156337
v -0.102568 3.000000 -0.169264
v -0.090240 2.944420 -0.147909
v -0.077983 3.000000 -0.126680
v -0.102568 3.000000 -0.169264
v -0.077983 2.943383 -0.126680
v -0.162273 2.909356 -0.180639
v -0.124621 2.787670 -0.207457
v -0.122422 2.909356 -0.203651
v -0.260846 2.825212 -0.093128
v -0.264970 2.942219 0.062238
v -0.271989 2.942219 -0.078892
v -0.164472 2.787670 -0.184450
v -0.204319 2.787670 -0.161446
v -0.162273 2.909356 -0.180639
v -0.202120 2.909356 -0.157638
v -0.164472 2.787670 -0.184450
v -0.162273 2.909356 -0.180639
v -0.182266 3.000000 -0.123248
v -0.202120 2.909356 -0.157638
v -0.141707 3.000000 -0.145020
v -0.141707 3.000000 -0.145020
v -0.077983 3.000000 -0.126680
v -0.117834 3.000000 -0.103671
v -0.102568 3.000000 -0.169264
v -0.141707 3.000000 -0.145020
v -0.157680 3.000000 -0.080664
v -0.182266 3.000000 -0.123248
v -0.117834 3.000000 -0.103671
v -0.117834 2.944038 -0.103671
v -0.077983 3.000000 -0.126680
v -0.077983 2.943383 -0.126680
v -0.117834 3.000000 -0.103671
v -0.117834 2.944038 -0.103671
v -0.157680 3.000000 -0.080664
v -0.117834 3.000000 -0.103671
v -0.157680 2.943383 -0.080664
v -0.204319 2.787670 -0.161446
v -0.174804 2.895537 -0.110326
v -0.175779 2.787670 -0.112012
v -0.202120 2.909356 -0.157638
v -0.202120 2.909356 -0.157638
v -0.169938 2.944420 -0.101898
v -0.174804 2.895537 -0.110326
v -0.182266 3.000000 -0.123248
v -0.157680 3.000000 -0.080664
v -0.169938 2.944420 -0.101898
v -0.182266 3.000000 -0.123248
v -0.157680 2.943383 -0.080664
v 0.117713 2.909356 0.000042
v 0.078005 3.000000 0.046058
v 0.076582 3.000000 0.000042
v 0.117713 2.909356 0.046058
v 0.063082 2.895537 0.046058
v 0.122111 2.787670 0.046058
v 0.065031 2.787670 0.046058
v -0.029839 2.353482 -0.221923
v -0.049216 2.831523 -0.237306
v -0.266858 2.815069 0.080617
v 0.117713 2.909356 0.046058
v 0.053350 2.944420 0.046058
v 0.117713 2.909356 0.046058
v 0.063082 2.895537 0.046058
v 0.078005 3.000000 0.046058
v 0.053350 2.944420 0.046058
v 0.028835 3.000000 0.046058
v 0.078005 3.000000 0.046058
v -0.045947 2.918301 0.175054
v 0.066118 2.348461 -0.156160
v 0.099395 2.779262 -0.164429
v 0.028835 2.943383 0.046058
v 0.117713 2.909356 0.000042
v 0.122111 2.787670 0.046058
v 0.117713 2.909356 0.046058
v 0.122111 2.787670 0.000042
v 0.122111 2.787670 -0.045969
v 0.117713 2.909356 0.000042
v 0.117713 2.909356 -0.045969
v 0.122111 2.787670 0.000042
v 0.117713 2.909356 0.000042
v 0.078005 3.000000 -0.045969
v 0.117713 2.909356 -0.045969
v 0.076582 3.000000 0.000042
v 0.076582 3.000000 0.000042
v 0.028835 3.000000 0.046058
v 0.028835 3.000000 0.000042
v 0.078005 3.000000 0.046058
v 0.076582 3.000000 0.000042
v 0.028835 3.000000 -0.045969
v 0.078005 3.000000 -0.045969
v 0.028835 3.000000 0.000042
v 0.028835 2.944038 0.000042
v 0.028835 3.000000 0.046058
v 0.028835 2.943383 0.046058
v 0.028835 3.000000 0.000042
v 0.028835 2.944038 0.000042
v 0.028835 3.000000 -0.045969
v 0.028835 3.000000 0.000042
v 0.035724 1.873494 0.060509
v -0.056805 2.885493 0.192181
v -0.264970 2.942219 0.062238
v -0.035482 1.716344 0.006708
v 0.010397 1.789818 0.063497
v 0.027459 1.847877 -0.010005
v -0.049216 2.831523 -0.237306
v -0.119397 2.847445 -0.204486
v -0.265827 2.814650 -0.106533
v 0.028835 2.943383 -0.045969
v 0.122111 2.787670 -0.045969
v 0.063082 2.895537 -0.045969
v 0.065031 2.787670 -0.045969
v 0.117713 2.909356 -0.045969
v 0.117713 2.909356 -0.045969
v 0.053350 2.944420 -0.045969
v 0.063082 2.895537 -0.045969
v 0.078005 3.000000 -0.045969
v 0.028835 3.000000 -0.045969
v 0.053350 2.944420 -0.045969
v 0.078005 3.000000 -0.045969
v 0.028835 2.943383 -0.045969
v 0.175625 2.278174 0.000164
v 0.176485 2.422854 0.013155
v 0.176779 2.422854 0.000164
v -0.225504 2.946726 -0.060461
v -0.088707 2.957641 -0.070933
v -0.231335 2.950899 0.059818
v 0.175342 2.278174 0.013155
v 0.163152 2.440851 0.000164
v 0.176485 2.422854 0.013155
v 0.162858 2.440851 0.013155
v 0.176779 2.422854 0.000164
v 0.152612 2.463618 0.000164
v 0.162858 2.440851 0.013155
v 0.152314 2.463618 0.013155
v -0.088707 2.957641 -0.070933
v -0.036341 2.947137 -0.013775
v -0.088748 2.951721 -0.070933
v -0.088748 2.951721 -0.070933
v -0.088707 2.957641 -0.070933
v -0.031703 2.958958 -0.012178
v 0.163152 2.440851 0.000164
v 0.160322 2.568903 0.000164
v 0.152314 2.463618 0.013155
v 0.160361 2.568903 0.013155
v 0.152612 2.463618 0.000164
v 0.162858 2.440851 0.013155
v 0.152314 2.463618 0.013155
v 0.124062 2.425932 0.013155
v 0.124062 2.425932 0.013155
v 0.152314 2.463618 0.013155
v 0.160361 2.568903 0.013155
v 0.136692 2.565695 0.013155
v -0.061068 2.949414 0.122273
v -0.045859 2.943205 0.156407
v -0.225504 2.946726 -0.060461
v 0.162739 2.631060 0.042216
v 0.136692 2.631060 0.043056
v 0.136692 2.565695 0.013155
v 0.160361 2.568903 0.013155
v 0.040976 2.931795 0.104316
v -0.045859 2.943205 0.156407
v -0.231335 2.950899 0.059818
v 0.143820 2.828346 0.050364
v 0.136692 2.631060 0.043056
v 0.162739 2.631060 0.042216
v 0.183419 2.821463 0.048163
v 0.065604 2.936764 -0.067387
v 0.040976 2.931795 0.104316
v -0.061068 2.949414 0.122273
v 0.229419 2.814955 0.044973
v 0.222279 2.631060 0.041541
v 0.222140 2.631060 0.000164
v 0.229268 2.814955 0.000164
v 0.222279 2.631060 0.041541
v 0.222186 2.574795 0.014120
v 0.222140 2.574795 0.000164
v 0.222140 2.631060 0.000164
v -0.036341 2.947137 -0.013775
v 0.065604 2.936764 -0.067387
v -0.061068 2.949414 0.122273
v 0.226774 2.829629 0.000164
v 0.229268 2.814955 0.000164
v 0.229419 2.814955 0.044973
v 0.160361 2.568903 0.013155
v 0.226887 2.829629 0.033708
v 0.162739 2.631060 0.042216
v 0.222279 2.631060 0.041541
v 0.229419 2.814955 0.044973
v 0.222186 2.574795 0.014120
v -0.014833 2.942735 -0.097941
v 0.065604 2.936764 -0.067387
v -0.061068 2.949414 0.122273
v -0.088748 2.951721 -0.070933
v -0.036341 2.947137 -0.013775
v -0.036341 2.947137 -0.013775
v 0.183419 2.821463 0.048163
v 0.183378 2.837089 0.036134
v 0.162739 2.631060 0.042216
v 0.226887 2.829629 0.033708
v 0.183419 2.821463 0.048163
v 0.229419 2.814955 0.044973
v 0.183378 2.837089 0.036134
v 0.222279 2.631060 0.041541
v 0.183258 2.837089 0.000164
v 0.226774 2.829629 0.000164
v 0.143820 2.842394 0.040906
v 0.226887 2.829629 0.033708
v 0.183378 2.837089 0.036134
v 0.183419 2.821463 0.048163
v 0.183258 2.837089 0.000164
v 0.143820 2.828346 0.050364
v 0.183378 2.837089 0.036134
v 0.143820 2.842394 0.040906
v 0.164019 1.604063 0.022403
v 0.143820 2.842394 0.000164
v 0.164244 1.604063 0.000164
v 0.158545 1.412141 0.000164
v 0.169884 1.829722 0.022403
v 0.158319 1.412141 0.022403
v 0.170102 1.829722 0.000164
v 0.164244 1.604063 0.000164
v 0.153503 1.829722 0.013155
v 0.164019 1.604063 0.022403
v 0.175342 2.278174 0.013155
v 0.175625 2.278174 0.000164
v 0.115491 1.390783 0.018121
v 0.153654 1.829722 0.000164
v 0.116979 1.604050 0.025220
v 0.164019 1.604063 0.022403
v 0.116979 1.604050 0.025220
v 0.158319 1.412141 0.022403
v 0.122968 1.829722 0.025015
v 0.169884 1.829722 0.022403
v 0.124062 2.425932 0.013155
v 0.164019 1.604063 0.022403
v -0.088748 2.951721 -0.070933
v -0.091126 2.948398 -0.126921
v -0.014833 2.942735 -0.097941
v 0.176485 2.422854 0.013155
v 0.175342 2.278174 0.013155
v 0.124062 2.278163 0.013155
v 0.162858 2.440851 0.013155
v -0.061068 2.949414 0.122273
v -0.225504 2.946726 -0.060461
v -0.091126 2.948398 -0.126921
v 0.176485 2.422854 0.013155
v 0.123072 1.829722 0.013155
v 0.124062 2.278163 0.013155
v 0.124062 2.425932 0.013155
v 0.153503 1.829722 0.013155
v 0.176779 2.422854 0.000164
v 0.176485 2.422854 -0.012825
v 0.175342 2.278174 0.013155
v 0.175625 2.278174 0.000164
v 0.162858 2.440851 -0.012825
v 0.176485 2.422854 -0.012825
v 0.175342 2.278174 -0.012825
v 0.163152 2.440851 0.000164
v 0.152314 2.463618 -0.012825
v 0.162858 2.440851 -0.012825
v 0.176779 2.422854 0.000164
v 0.152612 2.463618 0.000164
v 0.160361 2.568903 -0.012825
v 0.152314 2.463618 -0.012825
v 0.163152 2.440851 0.000164
v 0.160322 2.568903 0.000164
v 0.162739 2.631060 -0.041882
v 0.136692 2.631060 -0.042728
v 0.152612 2.463618 0.000164
v 0.160361 2.568903 -0.012825
v 0.143820 2.828346 -0.050033
v 0.136692 2.631060 -0.042728
v 0.136692 2.565695 -0.012825
v 0.183419 2.821463 -0.047834
v 0.229419 2.814955 -0.044645
v 0.222279 2.631060 -0.041205
v 0.162739 2.631060 -0.041882
v 0.229268 2.814955 0.000164
v 0.222140 2.574795 0.000164
v 0.222140 2.631060 0.000164
v 0.222140 2.631060 0.000164
v 0.222186 2.574795 -0.013792
v 0.226774 2.829629 0.000164
v 0.226887 2.829629 -0.033381
v 0.222279 2.631060 -0.041205
v 0.229268 2.814955 0.000164
v 0.222279 2.631060 -0.041205
v 0.162739 2.631060 -0.041882
v 0.229419 2.814955 -0.044645
v 0.222186 2.574795 -0.013792
v 0.229419 2.814955 -0.044645
v 0.226887 2.829629 -0.033381
v 0.160361 2.568903 -0.012825
v 0.183419 2.821463 -0.047834
v 0.162739 2.631060 -0.041882
v 0.222279 2.631060 -0.041205
v 0.183378 2.837089 -0.035802
v 0.183419 2.821463 -0.047834
v 0.183378 2.837089 -0.035802
v 0.226887 2.829629 -0.033381
v 0.229419 2.814955 -0.044645
v 0.183258 2.837089 0.000164
v 0.143820 2.842394 -0.040578
v 0.143820 2.828346 -0.050033
v 0.226774 2.829629 0.000164
v 0.183378 2.837089 -0.035802
v 0.143820 2.842394 -0.040578
v 0.183378 2.837089 -0.035802
v 0.183419 2.821463 -0.047834
v -0.061068 2.949414 0.122273
v -0.231335 2.950899 0.059818
v -0.031703 2.958958 -0.012178
v 0.143820 2.842394 0.000164
v 0.164019 1.604063 -0.022080
v 0.158319 1.412141 -0.022080
v 0.183258 2.837089 0.000164
v -0.079831 2.936810 -0.142014
v -0.031703 2.958958 -0.012178
v -0.036341 2.947137 -0.013775
v -0.058970 2.920706 -0.177851
v -0.225504 2.946726 -0.060461
v -0.110943 2.906951 -0.183576
v 0.164244 1.604063 0.000164
v 0.169884 1.829722 -0.022080
v 0.164019 1.604063 -0.022080
v 0.158545 1.412141 0.000164
v -0.231335 2.950899 0.059818
v -0.079831 2.936810 -0.142014
v -0.110943 2.906951 -0.183576
v 0.170102 1.829722 0.000164
v 0.153503 1.829722 -0.012825
v 0.153654 1.829722 0.000164
v 0.164244 1.604063 0.000164
v 0.175342 2.278174 -0.012825
v 0.115491 1.390783 -0.017791
v 0.158319 1.412141 -0.022080
v 0.175625 2.278174 0.000164
v -0.110943 2.906951 -0.183576
v -0.088707 2.957641 -0.070933
v -0.031703 2.958958 -0.012178
v -0.225504 2.946726 -0.060461
v -0.225504 2.946726 -0.060461
v -0.237161 2.893052 -0.122091
v 0.116979 1.604050 -0.024890
v 0.116979 1.604050 -0.024890
v 0.164019 1.604063 -0.022080
v 0.164019 1.604063 -0.022080
v -0.079831 2.936810 -0.142014
v -0.271989 2.942219 -0.078892
v -0.237161 2.893052 -0.122091
v 0.122968 1.829722 -0.024684
v 0.153654 1.829722 0.000164
v 0.170102 1.829722 0.000164
v 0.169884 1.829722 -0.022080
v 0.153503 1.829722 0.013155
v 0.123072 1.829722 0.013155
v 0.153503 1.829722 0.013155
v 0.169884 1.829722 0.022403
v -0.091126 2.948398 -0.126921
v -0.058970 2.920706 -0.177851
v -0.007107 2.928918 -0.128711
v 0.122968 1.829722 0.025015
v 0.169884 1.829722 -0.022080
v 0.170102 1.829722 0.000164
v 0.169884 1.829722 0.022403
v 0.153503 1.829722 -0.012825
v 0.169884 1.829722 -0.022080
v 0.153503 1.829722 -0.012825
v 0.153654 1.829722 0.000164
v -0.014833 2.942735 -0.097941
v -0.225504 2.946726 -0.060461
v -0.079831 2.936810 -0.142014
v -0.091126 2.948398 -0.126921
v -0.007107 2.928918 -0.128711
v 0.065604 2.936764 -0.067387
v -0.007107 2.928918 -0.128711
v -0.014833 2.942735 -0.097941
v -0.079831 2.936810 -0.142014
v -0.225504 2.946726 -0.060461
v -0.264970 2.942219 0.062238
v -0.231335 2.950899 0.059818
v -0.045664 2.920340 0.156413
v -0.045859 2.943205 0.156407
v -0.271989 2.942219 -0.078892
v -0.072648 1.752751 0.105203
v -0.264970 2.942219 0.062238
v -0.231335 2.950899 0.059818
v -0.091387 1.703306 -0.028446
v -0.141538 1.692273 -0.003018
v -0.035482 1.716344 0.006708
v 0.122968 1.829722 -0.024684
v 0.176485 2.422854 -0.012825
v 0.124062 2.425932 -0.012825
v 0.123072 1.829722 -0.012825
v 0.162858 2.440851 -0.012825
v 0.124062 2.425932 -0.012825
v 0.152314 2.463618 -0.012825
v 0.162858 2.440851 -0.012825
v 0.175342 2.278174 -0.012825
v 0.124062 2.278163 -0.012825
v 0.124062 2.425932 -0.012825
v 0.176485 2.422854 -0.012825
v 0.124062 2.425932 -0.012825
v 0.136692 2.565695 -0.012825
v 0.160361 2.568903 -0.012825
v 0.152314 2.463618 -0.012825
v 0.123072 1.829722 -0.012825
v 0.124062 2.278163 -0.012825
v 0.175342 2.278174 -0.012825
v 0.153503 1.829722 -0.012825
v 0.147187 2.776168 0.025296
v 0.140140 2.632802 0.048961
v 0.057531 1.314465 0.000164
v 0.147268 2.776168 0.049209
v 0.135752 2.861429 0.111464
v 0.067181 2.514849 0.081775
v 0.093122 2.546171 0.000164
v 0.125101 2.538515 0.079897
v 0.136832 2.857880 0.112434
v 0.145712 2.861429 0.038748
v 0.145662 2.861429 0.023968
v 0.145662 2.861429 0.023968
v 0.077486 2.861925 0.038908
v 0.145712 2.861429 0.038748
v 0.147184 2.857880 0.024028
v 0.147231 2.857879 0.038224
v 0.144859 2.857879 0.079897
v 0.077486 2.861925 0.106449
v 0.127505 2.478792 0.046859
v 0.123430 1.353217 0.046859
v 0.067181 2.514849 0.081775
v 0.059442 2.455354 0.047860
v 0.137732 2.632802 0.079897
v 0.144859 2.776168 0.079897
v 0.125101 2.538515 0.079897
v 0.140140 2.632802 0.048961
v 0.137732 2.632802 0.079897
v 0.127508 2.540991 0.048274
v 0.147268 2.776168 0.049209
v 0.059442 2.455354 0.047860
v 0.147268 2.776168 0.049209
v 0.144859 2.857879 0.079897
v 0.144859 2.776168 0.079897
v 0.144859 2.857879 0.079897
v 0.147268 2.776168 0.049209
v 0.057694 1.314800 0.047860
v 0.065629 2.439977 0.000164
v 0.143339 2.861429 0.079901
v 0.135752 2.861429 0.111464
v 0.145712 2.861429 0.038748
v 0.072682 2.632802 0.000164
v 0.136832 2.857880 0.112434
v 0.147231 2.857879 0.038224
v 0.143339 2.861429 0.079901
v 0.140140 2.632802 0.048961
v 0.147231 2.857879 0.038224
v 0.125101 2.538515 0.079897
v 0.127505 2.478792 0.046859
v 0.127508 2.540991 0.048274
v 0.057694 1.314800 0.047860
v 0.059442 2.455354 0.047860
v 0.072682 2.632802 0.081762
v 0.127505 2.478792 0.046859
v 0.144859 2.857879 0.079897
v 0.152444 2.929506 0.019588
v 0.077486 2.861925 0.026996
v 0.157121 2.925869 0.019265
v 0.147184 2.857880 0.024028
v 0.145662 2.861429 0.023968
v 0.145662 2.861429 0.023968
vn 0.000000 1.000000 -0.000000
vn 0.000000 1.000000 -0.000000
vn 0.000000 1.000000 -0.000000
vn 0.000000 1.000000 -0.000000
vn 0.125385 0.000000 0.992108
vn -0.614588 0.000217 0.788848
vn -0.621256 -0.623356 0.474835
vn -0.614588 0.000217 0.788848
vn -0.626721 -0.598513 0.499002
vn -0.506945 0.701329 -0.501144
vn 0.008539 0.903578 -0.428338
vn -0.575820 -0.602504 0.552648
vn -0.061804 0.693291 -0.718003
vn 0.504600 0.835873 -0.216088
vn 0.424623 0.877930 -0.221214
vn 0.823035 0.341876 -0.453580
vn 0.049513 0.054401 0.997291
vn 0.050047 0.059162 0.996993
vn 0.044697 0.054414 0.997518
vn 0.329267 0.016185 0.944098
vn 0.349433 0.014555 0.936848
vn 0.329274 0.014667 0.944121
vn 0.613777 0.789476 -0.002121
vn 0.613788 0.789468 -0.002121
vn 0.338610 0.016413 0.940784
vn 0.000000 -1.000000 -0.000000
vn 0.613777 0.789476 -0.002117
vn 0.613788 0.789468 -0.002117
vn 0.000000 -1.000000 -0.000000
vn 0.000000 -1.000000 -0.000000
vn 0.000000 -1.000000 -0.000000
vn 0.114373 0.993438 -0.000000
vn 0.114255 0.993452 -0.000395
vn 0.114373 0.993438 -0.000395
vn 0.999629 0.027021 -0.003474
vn 0.999629 0.027021 -0.003448
vn 0.114272 0.993450 -0.000000
vn 0.033000 -0.001423 0.999454
vn 0.999629 0.027024 -0.003474
vn 0.999629 0.027025 -0.003448
vn 0.028658 -0.003839 0.999582
vn 0.034295 -0.004594 0.999401
vn 0.028658 -0.001220 0.999588
vn 0.999988 -0.003620 -0.003399
vn 0.999993 -0.003747 -0.000328
vn 0.999993 -0.003620 -0.000433
vn 0.926326 -0.008615 0.376625
vn 0.926326 -0.008615 0.376625
vn 0.999987 -0.003747 -0.003399
vn 0.504600 0.835873 -0.216088
vn -0.765145 -0.318963 0.559300
vn -0.682906 -0.317108 0.658090
vn -0.881476 -0.241297 0.405926
vn 0.971616 -0.183554 0.149233
vn 0.971616 -0.183554 0.149233
vn 0.926326 -0.008615 0.376625
vn -0.947125 0.245203 -0.206955
vn -0.948102 0.245456 -0.202124
vn 0.971616 -0.183554 0.149233
vn -0.986757 0.028983 0.159596
vn -0.947640 0.242020 -0.208340
vn -0.950571 0.237596 -0.199910
vn -0.999998 -0.002117 -0.000000
vn -0.977809 -0.002070 0.209486
vn -0.999780 0.020962 -0.000000
vn 0.976890 -0.048559 0.208155
vn 0.976890 -0.048559 0.208155
vn 0.976890 -0.048559 0.208155
vn 0.970813 -0.013118 0.239478
vn 0.956279 0.000000 0.292455
vn 0.970897 0.000000 0.239499
vn 0.429925 0.869103 -0.244591
vn 0.453590 0.803461 -0.385625
vn -0.078701 0.996060 -0.040868
vn 0.008539 0.903578 -0.428338
vn 0.026677 -0.365362 0.930483
vn 0.162916 -0.356564 0.919957
vn 0.962729 -0.013009 0.270154
vn -0.100250 0.001355 0.994961
vn 0.024540 -0.516473 0.855952
vn 0.293186 -0.518725 0.803098
vn -0.506945 0.701329 -0.501144
vn 0.008539 0.903578 -0.428338
vn 0.453590 0.803461 -0.385625
vn 0.429925 0.869103 -0.244591
vn -0.104226 -0.000221 0.994554
vn -0.100356 -0.000212 0.994952
vn -0.105410 0.001424 0.994428
vn 0.032691 0.391982 -0.919392
vn -0.279396 0.903151 -0.325971
vn -0.431519 0.740628 -0.515036
vn -0.585994 0.299643 -0.752878
vn 0.787070 0.331373 -0.520301
vn 0.032691 0.391982 -0.919392
vn 0.681810 0.323138 -0.656290
vn 0.449860 0.844938 -0.289320
vn 0.008510 0.999964 -0.000000
vn 0.007264 0.999972 0.001746
vn 0.007530 0.999972 -0.000000
vn -0.029708 0.688873 -0.724273
vn -0.793694 0.605228 0.061225
vn -0.980644 -0.176873 0.083986
vn 0.449201 0.792479 -0.412547
vn 0.007269 0.999974 0.000419
vn 0.007268 0.999974 -0.000000
vn 0.008338 0.999963 0.002004
vn 0.921654 -0.129551 0.365747
vn 0.007464 0.999972 0.000430
vn 0.007530 0.999972 -0.000000
vn 0.996747 0.080516 -0.003405
vn 0.921625 0.074448 0.380875
vn 0.990664 -0.136284 -0.003385
vn 0.999995 0.000000 -0.003341
vn 0.999995 0.000000 -0.003341
vn 0.999995 0.000000 -0.003341
vn 0.998761 -0.049656 -0.003412
vn 0.998761 -0.049656 -0.003411
vn 0.998761 -0.049656 -0.003411
vn 0.998761 -0.049656 -0.003411
vn 0.998761 -0.049657 -0.003408
vn 0.998761 -0.049656 -0.003411
vn 0.999994 0.000000 -0.003383
vn 0.999994 0.000000 -0.003383
vn 0.999994 0.000000 -0.003383
vn 0.998761 -0.049651 0.003378
vn 0.998761 -0.049651 0.003378
vn 0.998761 -0.049651 0.003378
vn -0.991371 0.007133 0.130892
vn -0.999993 0.001533 -0.003390
vn -0.999969 0.007195 -0.003350
vn -0.445599 0.774980 -0.448162
vn -0.061804 0.693291 -0.718003
vn 0.469592 0.780331 -0.412997
vn -0.888045 -0.080107 -0.452723
vn 0.998350 0.008089 -0.056855
vn 0.998350 0.008089 -0.056855
vn -0.991628 0.001520 0.129116
vn 0.996931 0.000000 -0.078282
vn 0.996931 0.000000 -0.078282
vn 0.998350 0.008089 -0.056855
vn 0.995710 -0.049494 -0.078186
vn 0.995702 -0.049639 -0.078186
vn 0.996931 0.000000 -0.078282
vn 0.989057 -0.132500 -0.064894
vn 0.995762 -0.049497 -0.077518
vn 0.995755 -0.049640 -0.077518
vn 0.539187 0.777659 -0.323302
vn -0.497106 0.577678 0.647436
vn 0.059556 0.879994 0.471237
vn 0.604294 0.746249 -0.279179
vn 0.987655 -0.136475 -0.076887
vn 0.988208 -0.132386 -0.076930
vn 0.988535 -0.136503 -0.064541
vn 0.997126 -0.001769 -0.075742
vn 0.997126 -0.001769 -0.075742
vn 0.997126 -0.001769 -0.075742
vn 0.000000 1.000000 -0.000000
vn 0.000000 1.000000 -0.000000
vn -0.562048 0.735893 0.377575
vn -0.634465 0.743317 0.211976
vn 0.014752 0.000000 -0.999891
vn 0.015298 0.000000 -0.999883
vn 0.015279 0.000000 -0.999883
vn 0.233059 -0.504286 -0.831492
vn 0.218120 -0.465641 -0.857672
vn 0.014763 0.000000 -0.999891
vn -0.793694 0.605228 0.061225
vn -0.486897 0.738421 0.466547
vn 0.000000 1.000000 -0.000000
vn -0.445599 0.774980 -0.448162
vn -0.992029 0.000000 -0.126011
vn -0.992029 0.000000 -0.126011
vn -0.992029 0.000000 -0.126011
vn -0.992029 0.000000 -0.126011
vn -0.761397 0.000000 0.648286
vn -0.761397 0.000000 0.648286
vn -0.761397 0.000000 0.648286
vn -0.761397 0.000000 0.648286
vn -0.956880 0.044602 0.287038
vn 0.186235 -0.504727 -0.842951
vn 0.174995 -0.471161 -0.864514
vn -0.255744 0.006043 0.966726
vn -0.334006 0.041085 0.941675
vn -0.201451 0.058505 0.977750
vn -0.216157 0.016324 0.976222
vn -0.973276 -0.229639 -0.000000
vn -0.904442 -0.213398 0.369386
vn -0.998914 0.046592 -0.000000
vn -0.081206 0.239691 -0.967447
vn -0.081206 0.239691 -0.967447
vn -0.081206 0.239691 -0.967447
vn 0.896695 0.383432 -0.221172
vn 0.914907 0.338503 -0.219913
vn 0.897799 0.383911 -0.215801
vn 0.918127 0.392822 -0.052290
vn 0.918096 0.392808 -0.052938
vn 0.913251 0.339459 -0.225257
vn 0.919035 0.394163 0.003050
vn 0.920828 0.386426 -0.052444
vn 0.920831 0.386331 -0.053095
vn 0.807552 0.113789 0.578715
vn 0.807671 0.115096 0.578291
vn 0.807934 0.115105 0.577922
vn 0.808501 0.113958 0.577356
vn 0.919174 0.393840 0.003146
vn 0.919179 0.393828 0.003051
vn 0.919036 0.394162 0.003146
vn 0.007268 0.999974 -0.000000
vn 0.007274 0.999974 -0.000000
vn 0.007272 0.999974 -0.000000
vn 0.000196 0.999999 -0.001784
vn 0.000538 0.999997 -0.002438
vn 0.001539 0.999999 0.000191
vn 0.000196 1.000000 -0.000000
vn 0.110026 0.053399 -0.992493
vn 0.093436 0.055933 -0.994053
vn 0.007268 0.999974 -0.000000
vn -1.000000 0.000000 -0.000000
vn 0.109671 0.052937 -0.992557
vn 0.091035 0.054908 -0.994333
vn -1.000000 0.000000 -0.000000
vn -1.000000 0.000000 -0.000000
vn -1.000000 0.000000 -0.000000
vn -1.000000 0.000000 -0.000000
vn -1.000000 0.000000 -0.000000
vn -1.000000 0.000000 -0.000000
vn 0.458081 0.217401 0.861916
vn 0.398356 0.210078 0.892849
vn 0.397173 0.223156 0.890199
vn 0.456780 0.229502 0.859465
vn -0.809004 0.128112 -0.573672
vn -0.809004 0.128112 -0.573672
vn 0.074364 0.054751 -0.995727
vn -0.809004 0.128112 -0.573672
vn 0.074364 0.054751 -0.995727
vn 0.160516 0.069283 -0.984599
vn 0.160516 0.069283 -0.984599
vn 0.074364 0.054751 -0.995727
vn 0.160516 0.069283 -0.984599
vn 0.086940 0.070112 -0.993743
vn 0.086940 0.070112 -0.993743
vn 0.086940 0.070112 -0.993743
vn 0.044674 0.054394 -0.997520
vn 0.049511 0.054381 -0.997292
vn -1.000000 0.000000 -0.000000
vn 0.338443 0.016399 -0.940844
vn 0.044699 0.059709 -0.997215
vn 0.050047 0.059162 -0.996993
vn 0.328998 0.014633 -0.944217
vn 0.328990 0.016169 -0.944195
vn 0.349391 0.014520 -0.936865
vn 0.613788 0.789468 0.002117
vn 0.613777 0.789476 0.002121
vn 0.613777 0.789476 0.002117
vn 0.000000 -1.000000 -0.000000
vn 0.000000 -1.000000 -0.000000
vn 0.613788 0.789468 0.002121
vn 0.114373 0.993438 0.000395
vn 0.000000 -1.000000 -0.000000
vn 0.000000 -1.000000 -0.000000
vn 0.114272 0.993450 -0.000000
vn 0.114255 0.993452 0.000395
vn 0.114373 0.993438 -0.000000
vn 0.999629 0.027021 0.003474
vn 0.999629 0.027025 0.003448
vn 0.999629 0.027021 0.003448
vn 0.034350 -0.004602 -0.999399
vn 0.033060 -0.001438 -0.999452
vn 0.999629 0.027024 0.003474
vn 0.999987 -0.003747 0.003399
vn 0.028729 -0.003849 -0.999580
vn 0.028729 -0.001236 -0.999587
vn 0.999993 -0.003620 0.000433
vn 0.999988 -0.003620 0.003399
vn 0.999993 -0.003747 0.000328
vn 0.715109 0.438595 0.544292
vn 0.715109 0.438595 0.544292
vn 0.997069 0.073649 -0.020730
vn 0.715109 0.438595 0.544292
vn 0.926317 -0.008597 -0.376647
vn 0.926317 -0.008597 -0.376647
vn 0.926317 -0.008597 -0.376647
vn 0.971616 -0.183554 -0.149233
vn 0.971616 -0.183554 -0.149233
vn 0.971616 -0.183554 -0.149233
vn 0.997069 0.073649 -0.020730
vn 0.876961 -0.459243 0.141547
vn 0.876961 -0.459243 0.141547
vn 0.997069 0.073649 -0.020730
vn -0.947125 0.245203 0.206951
vn -0.950577 0.237583 0.199894
vn -0.948104 0.245457 0.202112
vn 0.876961 -0.459243 0.141547
vn 0.437172 -0.361125 0.823693
vn 0.324385 -0.791404 0.518125
vn 0.606308 -0.418967 0.675912
vn 0.305784 -0.736181 0.603766
vn 0.000376 0.999602 0.028194
vn 0.026967 0.999623 0.005262
vn -0.000173 1.000000 0.000256
vn -0.999780 0.020962 -0.000000
vn -0.999998 -0.002117 -0.000000
vn -0.947641 0.242015 0.208339
vn 0.976892 -0.048559 -0.208145
vn -0.986755 0.028983 -0.159607
vn -0.977807 -0.002070 -0.209498
vn 0.962733 -0.013009 -0.270142
vn 0.976892 -0.048559 -0.208145
vn 0.976892 -0.048559 -0.208145
vn 0.970899 0.000000 -0.239488
vn 0.970816 -0.013118 -0.239468
vn 0.956283 0.000000 -0.292442
vn 0.024081 0.999640 0.011869
vn 0.718573 0.432227 0.544824
vn 0.718573 0.432227 0.544824
vn 0.718573 0.432227 0.544824
vn 0.026743 -0.365375 -0.930476
vn 0.293191 -0.518703 -0.803111
vn 0.162950 -0.356575 -0.919946
vn -0.100331 -0.000212 -0.994954
vn -0.100225 0.001354 -0.994964
vn 0.024601 -0.516455 -0.855961
vn -0.999780 0.020962 -0.000000
vn -0.104200 -0.000221 -0.994556
vn -0.105383 0.001424 -0.994431
vn -0.999780 0.020962 -0.000000
vn -0.999780 0.020962 -0.000000
vn 0.000000 1.000000 -0.000000
vn -0.999780 0.020962 -0.000000
vn -0.999780 0.020962 -0.000000
vn -0.999780 0.020962 -0.000000
vn -0.999780 0.020962 -0.000000
vn -0.999780 0.020962 -0.000000
vn -0.999780 0.020962 -0.000000
vn -0.999780 0.020962 -0.000000
vn -0.999780 0.020962 -0.000000
vn 0.000000 1.000000 -0.000000
vn -0.999780 0.020962 -0.000000
vn -0.999780 0.020962 -0.000000
vn -0.999780 0.020962 -0.000000
vn 0.008510 0.999964 -0.000000
vn 0.007264 0.999972 -0.001746
vn 0.008338 0.999963 -0.002004
vn 0.007530 0.999972 -0.000000
vn 0.007268 0.999974 -0.000000
vn 0.007530 0.999972 -0.000000
vn 0.921644 -0.129568 -0.365765
vn 0.007464 0.999972 -0.000430
vn 0.007269 0.999974 -0.000419
vn 0.063603 -0.078952 0.994847
vn 0.044060 -0.092775 0.994712
vn 0.043179 -0.066887 0.996826
vn 0.058874 -0.066669 0.996037
vn -0.109382 0.942834 -0.314801
vn -0.106137 0.935551 -0.336866
vn -0.047666 0.954535 -0.294265
vn -0.046733 0.963642 -0.263079
vn 0.996747 0.080516 0.003405
vn 0.990664 -0.136284 0.003384
vn 0.921616 0.074447 -0.380895
vn 0.164600 0.066505 -0.984116
vn 0.164600 0.066505 -0.984116
vn 0.039114 -0.066941 0.996990
vn 0.164600 0.066505 -0.984116
vn 0.999995 0.000000 0.003339
vn 0.999995 0.000000 0.003339
vn 0.999995 0.000000 0.003339
vn 0.019571 -0.078770 0.996701
vn 0.019567 -0.081379 0.996491
vn 0.352925 0.119561 0.927981
vn 0.040971 -0.066916 0.996917
vn 0.998761 -0.049656 0.003412
vn 0.998761 -0.049656 0.003411
vn 0.998761 -0.049656 0.003411
vn 0.352925 0.119561 0.927981
vn 0.472659 0.273450 0.837746
vn 0.472659 0.273450 0.837746
vn 0.352925 0.119561 0.927981
vn 0.472659 0.273450 0.837746
vn 0.744818 0.458641 0.484659
vn 0.774960 0.615590 0.143131
vn 0.725883 0.517063 0.453586
vn 0.998761 -0.049656 0.003411
vn 0.998761 -0.049656 0.003411
vn 0.998761 -0.049657 0.003409
vn 0.824857 0.544436 0.152315
vn 0.466884 0.269522 0.842246
vn 0.427951 0.206093 0.879991
vn 0.473338 0.198871 0.858138
vn 0.999994 0.000000 0.003382
vn 0.999994 0.000000 0.003382
vn 0.999994 0.000000 0.003382
vn -0.010909 -0.000430 0.999941
vn -0.010876 -0.000448 0.999941
vn -0.010908 -0.000448 0.999941
vn 0.424773 0.240967 0.872641
vn 0.422240 0.900371 0.105094
vn 0.422240 0.900371 0.105094
vn 0.422240 0.900371 0.105094
vn 0.959315 0.157698 0.234191
vn 0.964198 0.122570 0.235156
vn 0.955209 0.124777 0.268339
vn 0.950942 0.156926 0.266616
vn 0.518602 0.844859 0.131396
vn 0.518602 0.844859 0.131396
vn 0.809596 0.096890 0.578936
vn 0.518602 0.844859 0.131396
vn 0.652854 -0.001892 0.757481
vn 0.652854 -0.002003 0.757481
vn -0.010876 -0.000430 0.999941
vn 0.809596 0.096890 0.578936
vn 0.742318 0.156622 -0.651486
vn 0.746716 0.157383 -0.646255
vn 0.809596 0.096890 0.578936
vn 0.272462 -0.116683 0.955065
vn 0.652786 -0.001892 0.757540
vn 0.652786 -0.002003 0.757540
vn 0.742395 0.155972 -0.651554
vn 0.498807 0.864660 0.059626
vn 0.498807 0.864660 0.059626
vn 0.746583 0.156670 -0.646582
vn 0.177785 -0.000959 0.984069
vn 0.174693 -0.115711 0.977800
vn 0.274121 -0.001183 0.961695
vn 0.498808 0.864659 0.059626
vn 0.917250 0.236863 0.320233
vn 0.969124 0.185901 0.161988
vn 0.956232 0.245099 0.159833
vn 0.952511 0.181145 0.244762
vn 0.940294 0.170714 0.294456
vn 0.943653 0.159494 0.289966
vn 0.941996 0.169878 0.289457
vn 0.837719 0.000000 0.546101
vn 0.764984 -0.098736 0.636436
vn 0.768788 0.000000 0.639504
vn 0.942049 0.159751 0.294998
vn 0.941323 0.240880 0.236406
vn 0.941291 0.235603 0.241790
vn 0.942555 0.235702 0.236716
vn 0.940075 0.240723 0.241478
vn 0.346804 0.918793 0.188537
vn 0.348093 0.918334 0.188398
vn 0.347895 0.918500 0.187953
vn 0.346992 0.918633 0.188970
vn -0.167261 0.102417 0.980579
vn -0.142208 0.124413 0.981987
vn -0.156322 0.123123 0.980002
vn -0.157343 0.103426 0.982113
vn 0.571354 0.814505 0.100679
vn 0.559956 0.819031 0.125049
vn 0.567373 0.814781 0.119247
vn 0.564327 0.818758 0.105690
vn 0.754351 0.135105 0.642419
vn 0.758689 0.138773 0.636500
vn 0.754391 0.139012 0.641537
vn 0.758231 0.135150 0.637825
vn -0.236215 0.016981 0.971552
vn -0.159856 0.120238 0.979790
vn -0.234846 0.108815 0.965923
vn -0.213648 0.014174 0.976808
vn -0.240429 0.089277 0.966552
vn -0.230052 0.115527 0.966297
vn -0.239858 0.113297 0.964174
vn -0.230621 0.091980 0.968687
vn -0.169851 0.025549 0.985139
vn -0.190708 -0.000678 0.981647
vn -0.169908 -0.000712 0.985460
vn -0.190651 0.023928 0.981366
vn 0.000000 1.000000 -0.000000
vn 0.000109 1.000000 0.000339
vn 0.000156 1.000000 0.000119
vn 0.000000 1.000000 0.000327
vn -0.992260 -0.000906 -0.124177
vn -0.992029 0.000322 -0.126010
vn -0.992028 -0.000906 -0.126014
vn -0.992260 0.000322 -0.124181
vn -0.004198 0.999983 -0.004113
vn -0.029871 0.999539 -0.005351
vn 0.000000 1.000000 -0.000000
vn -0.026998 0.999611 -0.006965
vn -0.768343 -0.000205 0.640038
vn -0.761397 0.000318 0.648286
vn -0.768344 0.000320 0.640038
vn -0.761397 -0.000203 0.648286
vn 0.275546 0.060050 -0.959410
vn 0.276111 0.060493 -0.959220
vn 0.275963 0.060157 -0.959284
vn 0.275540 0.060377 -0.959392
vn 0.432583 0.897137 0.089543
vn 0.419518 0.902799 0.094647
vn 0.427949 0.898632 0.096543
vn 0.421495 0.902676 0.086712
vn 0.437825 0.888464 0.137628
vn 0.437825 0.888464 0.137628
vn 0.437825 0.888464 0.137628
vn 0.000000 1.000000 -0.000000
vn 0.000000 1.000000 -0.000000
vn 0.000000 1.000000 -0.000000
vn 0.000000 1.000000 -0.000000
vn 0.169613 0.049043 -0.984290
vn 0.169613 0.049043 -0.984290
vn 0.342508 0.939318 -0.019215
vn 0.169613 0.049043 -0.984290
vn 0.347541 0.936054 -0.054930
vn 0.321402 0.946226 -0.036831
vn 0.275734 0.961217 -0.005693
vn 0.317771 0.948127 -0.008787
vn 0.267966 0.963428 -0.000455
vn 0.295012 0.955487 0.003692
vn 0.355318 0.929976 0.094303
vn 0.290140 0.956978 -0.003397
vn 0.350684 0.932431 0.087138
vn 0.345693 0.931072 0.116621
vn -0.990032 0.008651 -0.140574
vn 0.350294 0.928666 0.121961
vn -0.990121 0.008653 -0.139945
vn -0.990119 0.008946 -0.139945
vn -0.149560 0.001351 0.988752
vn -0.990028 0.008945 -0.140586
vn -0.149560 0.001025 0.988752
vn -0.149173 0.001048 0.988811
vn -0.149681 0.002103 0.988732
vn -0.149059 0.001347 0.988828
vn -0.150310 0.000175 0.988639
vn -0.143720 0.000167 0.989618
vn -0.925372 0.013003 0.378837
vn -0.143720 0.002020 0.989616
vn -0.925290 0.018600 0.378804
vn -0.934024 0.018799 0.356715
vn 0.170454 -0.002582 -0.985362
vn -0.934332 0.013129 0.356163
vn 0.171950 -0.002613 -0.985102
vn 0.171950 -0.002971 -0.985101
vn 0.989441 -0.000158 0.144935
vn 0.170322 -0.002957 -0.985384
vn 0.989441 -0.001153 0.144935
vn 0.989596 -0.001153 0.143870
vn 0.159181 -0.003804 -0.987242
vn 0.989603 -0.000158 0.143824
vn 0.155293 -0.003765 -0.987861
vn 0.155292 0.000000 -0.987869
vn 0.000236 1.000000 0.000352
vn 0.160650 0.000000 -0.987011
vn 0.000236 1.000000 0.000352
vn 0.000141 1.000000 0.000168
vn 0.000136 1.000000 0.000172
vn 0.000236 1.000000 0.000352
vn 0.000148 1.000000 0.000162
vn 0.000136 1.000000 0.000172
vn 0.000103 1.000000 0.000154
vn 0.000114 1.000000 0.000169
vn 0.000148 1.000000 0.000162
vn 0.000210 1.000000 0.000158
vn 0.000265 1.000000 -0.000161
vn 0.000176 1.000000 0.000153
vn 0.000116 1.000000 0.000547
vn -0.801918 0.100922 -0.588848
vn -0.801918 0.100922 -0.588848
vn 0.000000 1.000000 0.000359
vn -0.801918 0.100922 -0.588848
vn -0.169523 0.025575 0.985194
vn -0.152851 0.034203 0.987657
vn -0.164118 0.032919 0.985891
vn -0.158861 0.026399 0.986948
vn 0.793494 0.137078 0.592939
vn 0.821188 0.072281 0.566061
vn 0.822897 0.102302 0.558904
vn 0.870135 -0.001248 -0.492811
vn 0.870162 -0.001248 -0.492764
vn 0.834338 -0.090853 0.543716
vn 0.335421 -0.000177 -0.942068
vn 0.870135 -0.001206 -0.492811
vn 0.870163 -0.001206 -0.492763
vn 0.335428 -0.000168 -0.942066
vn 0.335428 -0.000177 -0.942066
vn 0.335421 -0.000168 -0.942068
vn 0.700239 -0.000930 -0.713908
vn 0.700195 -0.000999 -0.713951
vn 0.700239 -0.000999 -0.713908
vn 0.790557 0.066561 0.608760
vn 0.819043 0.091964 0.566314
vn 0.819043 0.091964 0.566314
vn 0.819043 0.091964 0.566314
vn 0.933838 0.239896 0.265322
vn 0.937222 0.225182 0.266284
vn 0.932480 0.226461 0.281420
vn 0.929539 0.239289 0.280531
vn 0.025097 0.999640 0.009544
vn 0.025097 0.999640 0.009544
vn 0.036001 0.997853 0.054713
vn 0.025097 0.999640 0.009544
vn 0.060261 0.998157 0.007132
vn 0.035248 0.999370 0.004171
vn -0.007162 0.999421 0.033262
vn 0.012833 0.999725 0.019618
vn -0.007162 0.999421 0.033262
vn -0.990788 0.000000 -0.135422
vn -0.990788 0.000000 -0.135422
vn -0.007162 0.999421 0.033262
vn -0.990790 0.000000 -0.135406
vn 0.492809 0.853252 0.170588
vn 0.495443 0.851198 0.173203
vn -0.990790 0.000000 -0.135406
vn 0.494691 0.854234 0.159891
vn 0.933795 0.069280 -0.351038
vn 0.497714 0.852009 0.162363
vn 0.932302 0.010846 -0.361517
vn 0.947387 0.008574 -0.319975
vn 0.231570 0.972754 -0.011233
vn 0.231570 0.972754 -0.011233
vn 0.946110 0.052653 -0.319535
vn 0.231570 0.972754 -0.011233
vn 0.912323 0.274524 -0.303816
vn 0.912323 0.274524 -0.303816
vn 0.912323 0.274524 -0.303816
vn 0.581364 0.802780 0.132512
vn 0.597056 0.790578 0.136051
vn 0.593570 0.790088 0.153086
vn 0.575936 0.801251 0.162154
vn -0.012067 0.000440 -0.999927
vn -0.012066 0.000324 -0.999927
vn 0.700195 -0.000930 -0.713951
vn -0.016256 0.999802 -0.011507
vn -0.006112 0.999754 -0.021314
vn 0.000000 1.000000 -0.000000
vn -0.017428 0.999848 -0.000805
vn -0.016256 0.999802 -0.011507
vn -0.006112 0.999754 -0.021314
vn -0.010767 0.000344 -0.999942
vn -0.029871 0.999539 -0.005351
vn -0.892781 0.000000 -0.450491
vn -0.011867 0.000439 -0.999929
vn -0.011863 0.000324 -0.999930
vn -0.892791 0.000000 -0.450472
vn -0.892781 0.000000 -0.450491
vn -0.892791 0.000000 -0.450472
vn -0.003726 0.000354 -0.999993
vn -0.008332 -0.000814 -0.999965
vn -0.999555 -0.001303 -0.029795
vn -0.010767 -0.000813 -0.999942
vn -0.998824 -0.001295 -0.048459
vn -0.998674 -0.017421 -0.048452
vn 0.954853 0.283879 0.087568
vn -0.999404 -0.017434 -0.029789
vn 0.950040 0.299722 0.087127
vn 0.947626 0.299046 0.112147
vn 0.517719 0.846246 0.125834
vn 0.952767 0.281996 0.112756
vn 0.519415 0.845149 0.126219
vn 0.519879 0.845307 0.123217
vn 0.505377 0.850459 0.145994
vn 0.516877 0.847222 0.122692
vn 0.505377 0.850459 0.145994
vn 0.263916 0.933203 -0.243886
vn 0.263916 0.933203 -0.243886
vn 0.505377 0.850459 0.145994
vn 0.263916 0.933203 -0.243886
vn 0.264114 0.933750 -0.241569
vn 0.264114 0.933750 -0.241569
vn 0.264114 0.933750 -0.241569
vn 0.584023 0.803563 0.114907
vn 0.578991 0.807336 0.113920
vn 0.582002 0.806916 0.100795
vn 0.587585 0.803459 0.095908
vn -0.641615 -0.000325 -0.767027
vn -0.639318 -0.000328 -0.768942
vn -0.639318 0.000000 -0.768942
vn -0.641615 0.000000 -0.767027
vn -0.767682 0.000485 0.640831
vn -0.767682 0.000124 0.640830
vn -0.769432 0.000124 0.638729
vn -0.769432 0.000489 0.638729
vn 0.000105 1.000000 0.000190
vn 0.000172 1.000000 0.000149
vn 0.000157 1.000000 0.000253
vn 0.000101 1.000000 0.000224
vn -0.000691 0.999999 0.000955
vn -0.000486 1.000000 -0.000348
vn 0.000000 1.000000 0.000166
vn -0.000115 1.000000 0.001085
vn 0.073410 0.997233 0.011729
vn 0.058631 0.998226 0.010341
vn 0.062280 0.998054 0.003157
vn 0.073414 0.997295 0.003721
vn 0.425416 0.893032 0.146682
vn 0.432600 0.890231 0.142642
vn 0.425338 0.888676 0.171295
vn 0.420462 0.891965 0.166164
vn -0.297513 0.024638 0.954400
vn -0.297513 0.024638 0.954400
vn 0.762080 0.044343 0.645963
vn -0.297513 0.024638 0.954400
vn 0.764163 0.049735 0.643103
vn 0.737395 0.048506 0.673718
vn 0.140383 -0.003611 -0.990091
vn 0.737562 0.043601 0.673870
vn -0.922258 0.000000 0.386576
vn -0.922271 0.000000 0.386545
vn -0.922271 0.000000 0.386545
vn 0.152537 -0.003736 -0.988291
vn 0.151436 -0.008490 -0.988431
vn 0.507924 0.820120 -0.263472
vn 0.137378 -0.007706 -0.990489
vn 0.507923 0.820120 -0.263472
vn 0.000000 1.000000 0.000214
vn 0.000000 1.000000 0.000192
vn 0.507923 0.820120 -0.263472
vn 0.000000 1.000000 0.000255
vn 0.810604 0.109182 0.575326
vn 0.812856 0.146612 0.563711
vn 0.000000 1.000000 0.000200
vn 0.999994 -0.001963 -0.002723
vn 0.999994 -0.002186 -0.002723
vn -0.922258 0.000000 0.386576
vn 0.725498 0.101759 0.680660
vn 0.249894 0.056799 -0.966606
vn 0.250673 0.056804 -0.966404
vn 0.725766 0.136213 0.674321
vn 0.248506 0.054933 -0.967072
vn 0.517737 0.847562 0.116566
vn 0.523487 0.843293 0.121734
vn 0.249663 0.055105 -0.966764
vn 0.987437 -0.001877 -0.158005
vn 0.999995 -0.001963 -0.002540
vn 0.999995 -0.002186 -0.002540
vn 0.987415 -0.001704 -0.158141
vn 0.987437 -0.001704 -0.158005
vn 0.987415 -0.001877 -0.158142
vn 0.521525 0.847454 0.099165
vn 0.207708 0.072248 -0.975519
vn 0.204081 0.072244 -0.976285
vn 0.526674 0.843685 0.103971
vn 0.990697 -0.002293 0.136068
vn 0.990704 -0.002233 0.136020
vn 0.990704 -0.002293 0.136020
vn -0.503794 0.000000 0.863824
vn -0.503805 0.000000 0.863818
vn 0.990697 -0.002233 0.136068
vn -0.367670 0.000000 0.929956
vn -0.503794 0.000000 0.863824
vn -0.503804 0.000000 0.863818
vn -0.367657 0.000000 0.929962
vn -0.367657 0.000000 0.929962
vn -0.367670 0.000000 0.929956
vn -0.651020 0.000000 0.759061
vn -0.651020 0.000000 0.759061
vn -0.651020 0.000000 0.759061
vn 0.215188 0.084522 -0.972908
vn 0.827117 0.097008 0.553595
vn 0.828521 0.097014 0.551489
vn 0.210861 0.083894 -0.973909
vn 0.824344 0.100497 0.557098
vn -0.812177 0.127129 -0.569391
vn -0.684650 0.159747 -0.711151
vn 0.828800 0.101554 0.550253
vn -0.816276 0.105887 -0.567874
vn -0.819705 0.027221 -0.572139
vn -0.806294 0.098883 -0.583191
vn -0.771053 0.105648 -0.627946
vn -0.510239 0.052424 -0.858433
vn 0.198166 0.058585 -0.978416
vn 0.214178 0.061578 -0.974852
vn -0.766763 0.116419 -0.631285
vn 0.198266 0.049689 -0.978888
vn 0.957129 0.193597 0.215465
vn 0.951830 0.192414 0.238741
vn 0.206132 0.049860 -0.977253
vn 0.963746 0.155332 0.216945
vn 0.342257 0.308749 0.887431
vn 0.341001 0.324115 0.882421
vn 0.957964 0.156751 0.240279
vn -0.499887 0.000000 -0.866091
vn -0.499888 0.001062 -0.866090
vn -0.651020 0.000000 0.759061
vn 0.339048 0.306529 0.889431
vn -0.000690 1.000000 -0.000000
vn -0.000690 1.000000 -0.000000
vn 0.337117 0.323075 0.884293
vn -0.000690 1.000000 -0.000000
vn 0.798785 0.592227 0.105876
vn 0.801760 0.586958 0.112520
vn 0.802309 0.587360 0.106344
vn -0.626229 0.000000 -0.779639
vn -0.500653 0.000000 -0.865648
vn -0.500652 0.001063 -0.865648
vn -0.626229 0.000000 -0.779639
vn -0.626229 0.000000 -0.779639
vn -0.626229 0.000000 -0.779639
vn 0.798052 0.592089 0.112000
vn 0.008771 0.999961 0.001158
vn 0.006956 0.999963 0.005038
vn 0.007683 0.999958 0.005107
vn 0.006956 0.999975 0.000917
vn 0.022014 0.998654 -0.046975
vn 0.019557 0.999645 0.018100
vn 0.043227 0.999015 0.010025
vn 0.009711 0.999950 -0.002259
vn 0.460825 0.200934 0.864445
vn 0.536262 0.229010 0.812390
vn 0.533396 0.250085 0.808051
vn 0.473375 0.198865 0.858120
vn 0.904975 0.416406 0.087325
vn 0.904962 0.416306 0.087942
vn 0.905011 0.416328 0.087328
vn 0.904932 0.416372 0.087939
vn 0.000000 1.000000 -0.000000
vn 0.000000 1.000000 -0.000000
vn 0.000000 1.000000 -0.000000
vn 0.000000 1.000000 -0.000000
vn 0.000000 1.000000 -0.000000
vn 0.000000 1.000000 -0.000000
vn 0.000000 1.000000 -0.000000
vn 0.955898 0.236388 0.174299
vn 0.957232 0.236406 0.166793
vn 0.958971 0.229026 0.167096
vn 0.957723 0.228626 0.174632
vn 0.000000 1.000000 -0.000000
vn 0.000000 1.000000 -0.000000
vn 0.000000 1.000000 -0.000000
vn 0.000000 1.000000 -0.000000
vn 0.000000 1.000000 -0.000000
vn 0.000000 1.000000 -0.000000
vn 0.000000 1.000000 -0.000000
vn 0.000000 1.000000 -0.000000
vn 0.000000 1.000000 -0.000000
vn 0.000000 1.000000 -0.000000
vn 0.000000 1.000000 -0.000000
vn 0.000000 1.000000 -0.000000
vn 0.000000 1.000000 -0.000000
vn 0.000000 1.000000 -0.000000
vn 0.000000 1.000000 -0.000000
vn 0.000000 1.000000 -0.000000
vn 0.000000 1.000000 -0.000000
vn 0.000000 1.000000 -0.000000
vn 0.000000 1.000000 -0.000000
vn 0.000000 1.000000 -0.000000
vn 0.000000 1.000000 -0.000000
vn 0.000000 1.000000 -0.000000
vn 0.000000 1.000000 -0.000000
vn 0.000000 1.000000 -0.000000
vn -0.342018 0.000842 -0.939693
vn -0.342094 0.000751 -0.939665
vn -0.342018 0.000750 -0.939693
vn 0.000000 1.000000 -0.000000
vn 0.000000 1.000000 -0.000000
vn 0.000000 1.000000 -0.000000
vn 0.000000 1.000000 -0.000000
vn 0.000000 1.000000 -0.000000
vn 0.118785 0.041653 -0.992046
vn 0.106186 0.030091 -0.993891
vn 0.106206 0.038641 -0.993593
vn 0.118819 0.034078 -0.992331
vn 0.957215 0.287180 0.035592
vn 0.958742 0.280094 0.048595
vn 0.959265 0.280246 0.035669
vn 0.249229 0.000000 -0.968445
vn 0.249229 -0.000138 -0.968445
vn -0.342093 0.000842 -0.939666
vn 0.956872 0.286433 0.048500
vn 0.110557 0.050329 -0.992595
vn 0.091576 0.024512 -0.995496
vn 0.091468 0.050589 -0.994522
vn 0.110647 0.029345 -0.993427
vn -0.208169 0.063224 0.976047
vn -0.207362 0.065939 0.976040
vn -0.208141 0.065284 0.975918
vn -0.972718 0.001912 0.231983
vn 0.249371 0.000000 -0.968408
vn 0.249371 -0.000138 -0.968408
vn -0.972690 0.002024 0.232100
vn -0.972718 0.002024 0.231983
vn -0.972690 0.001912 0.232100
vn -0.207336 0.063338 0.976217
vn -0.696184 0.038807 -0.716814
vn -0.652822 0.027008 -0.757029
vn -0.700969 0.023653 -0.712799
vn 0.734489 -0.001668 0.678618
vn 0.733294 0.000000 0.679912
vn 0.734490 0.000000 0.678619
vn -0.676465 0.037706 -0.735509
vn -0.199352 0.064423 0.977808
vn -0.199352 0.064423 0.977808
vn -0.199352 0.064423 0.977808
vn 0.968689 0.090679 -0.231126
vn 0.940000 0.061138 -0.335651
vn 0.954537 0.040019 -0.295393
vn 0.971849 0.041713 -0.231881
vn 0.258961 0.789168 0.556913
vn -0.518780 0.777970 0.354444
vn -0.068215 0.997139 -0.032565
vn 0.411071 0.906894 0.092543
vn -0.376877 0.000360 0.926263
vn -0.376962 0.000360 0.926229
vn 0.733296 -0.001667 0.679907
vn -0.608416 0.001823 -0.793616
vn -0.376877 0.000454 0.926263
vn -0.376964 0.000454 0.926228
vn 0.540904 0.751296 0.378123
vn 0.410637 0.883045 0.227177
vn 0.492221 0.734836 -0.466620
vn 0.601976 0.585510 -0.542958
vn -0.193792 -0.000322 0.981043
vn -0.213392 -0.003562 0.976960
vn -0.199412 0.014057 0.979815
vn -0.183726 0.013695 0.982882
vn 0.972761 -0.022067 0.230757
vn 0.971559 -0.012409 0.236473
vn 0.978675 -0.012500 0.205032
vn 0.978570 -0.022454 0.204689
vn -0.210757 0.002692 0.977535
vn -0.201798 0.002577 0.979424
vn -0.203690 -0.001582 0.979034
vn -0.213626 -0.001655 0.976914
vn -0.981925 -0.007265 -0.189132
vn -0.968245 -0.007159 -0.249901
vn -0.967229 0.042179 -0.250378
vn -0.981318 0.042453 -0.187652
vn 0.221277 0.002201 -0.975209
vn 0.216866 -0.004151 -0.976193
vn 0.221554 -0.004355 -0.975138
vn 0.225051 0.002665 -0.974343
vn 0.500514 0.184161 0.845914
vn 0.414897 0.179973 0.891891
vn 0.410420 0.230572 0.882265
vn 0.505352 0.231118 0.831387
vn 0.548789 0.809736 0.207746
vn 0.515028 0.821966 0.243144
vn 0.539090 0.828301 0.152642
vn 0.553245 0.811341 0.188803
vn 0.959590 0.157722 0.233047
vn 0.957352 0.171893 0.232230
vn 0.960452 0.165667 0.223798
vn 0.961704 0.157903 0.224035
vn 0.456941 0.153132 0.876217
vn 0.503988 0.152939 0.850062
vn 0.501350 0.133120 0.854943
vn 0.448547 0.130398 0.884196
vn 0.564532 0.805963 0.178121
vn 0.571827 0.807267 0.146060
vn 0.598991 0.786373 0.151089
vn 0.570478 0.800459 0.183902
vn 0.556787 0.820810 0.127510
vn 0.554013 0.823115 0.124704
vn 0.558221 0.820796 0.121170
vn 0.560672 0.818626 0.124491
vn -0.240890 0.339213 -0.909344
vn 0.333718 0.939305 -0.079608
vn 0.646232 0.681478 0.343470
vn 0.953939 0.078546 0.289535
vn 0.589334 0.795561 -0.140600
vn 0.597770 0.787339 0.150891
vn 0.598802 0.788583 0.139902
vn 0.596642 0.788444 0.149584
vn 0.603686 0.783406 0.147775
vn -0.992029 0.000000 0.126011
vn -0.992029 0.000000 0.126011
vn -0.992029 0.000000 0.126011
vn -0.992029 0.000000 0.126011
vn -0.761431 0.000000 -0.648246
vn -0.761431 0.000000 -0.648246
vn -0.761431 0.000000 -0.648246
vn -0.761431 0.000000 -0.648246
vn -0.334094 0.041136 -0.941642
vn -0.216098 0.016345 -0.976235
vn -0.255736 0.006051 -0.966728
vn -0.201372 0.058580 -0.977762
vn 0.807671 0.115088 -0.578293
vn 0.808495 0.113957 -0.577365
vn 0.807552 0.113789 -0.578715
vn 0.807931 0.115097 -0.577927
vn 0.000196 1.000000 -0.000000
vn 0.000538 0.999997 0.002438
vn 0.001539 0.999999 -0.000191
vn 0.000196 0.999999 0.001784
vn 0.456836 0.229521 -0.859431
vn 0.398356 0.210078 -0.892849
vn 0.397172 0.223169 -0.890197
vn 0.458139 0.217408 -0.861883
vn -0.809009 0.128097 0.573668
vn -0.809009 0.128097 0.573668
vn -0.809009 0.128097 0.573668
vn 0.074351 0.054736 0.995729
vn 0.074351 0.054736 0.995729
vn 0.160485 0.069265 0.984605
vn 0.074351 0.054736 0.995729
vn 0.160485 0.069265 0.984605
vn 0.086893 0.070054 0.993752
vn 0.086893 0.070054 0.993752
vn 0.160485 0.069265 0.984605
vn 0.086893 0.070054 0.993752
vn 0.715086 0.438685 -0.544250
vn 0.715086 0.438685 -0.544250
vn 0.715086 0.438685 -0.544250
vn 0.997069 0.073648 0.020728
vn 0.997069 0.073648 0.020728
vn 0.876941 -0.459282 -0.141546
vn 0.997069 0.073648 0.020728
vn 0.876941 -0.459282 -0.141546
vn 0.305745 -0.736254 -0.603697
vn 0.437120 -0.361373 -0.823611
vn 0.876941 -0.459282 -0.141546
vn -0.608406 0.001811 -0.793624
vn -0.608417 0.001811 -0.793616
vn -0.608406 0.001822 -0.793624
vn 0.324345 -0.791451 -0.518079
vn -0.000173 1.000000 -0.000256
vn 0.026967 0.999623 -0.005262
vn 0.606230 -0.419157 -0.675864
vn 0.000368 0.999602 -0.028200
vn 0.718572 0.432276 -0.544786
vn 0.718572 0.432276 -0.544786
vn 0.024081 0.999640 -0.011870
vn 0.718572 0.432276 -0.544786
vn 0.058780 -0.066708 -0.996040
vn 0.044114 -0.092555 -0.994730
vn 0.043242 -0.066924 -0.996821
vn 0.063462 -0.078869 -0.994863
vn -0.046750 0.963637 0.263092
vn -0.106154 0.935545 0.336879
vn -0.047684 0.954530 0.294278
vn -0.109398 0.942828 0.314814
vn 0.164614 0.066455 0.984117
vn 0.164614 0.066455 0.984117
vn 0.164614 0.066455 0.984117
vn 0.019297 -0.081578 -0.996480
vn 0.040940 -0.066955 -0.996916
vn 0.039062 -0.066979 -0.996989
vn 0.019301 -0.078940 -0.996693
vn 0.352925 0.119554 -0.927982
vn 0.352925 0.119554 -0.927982
vn 0.472600 0.273410 -0.837792
vn 0.352925 0.119554 -0.927982
vn 0.472600 0.273410 -0.837792
vn 0.824859 0.544435 -0.152309
vn 0.744820 0.458634 -0.484662
vn 0.472600 0.273410 -0.837792
vn 0.774960 0.615591 -0.143126
vn 0.424773 0.240967 -0.872641
vn 0.466884 0.269522 -0.842246
vn 0.725884 0.517059 -0.453588
vn 0.427951 0.206093 -0.879991
vn 0.422242 0.900371 -0.105092
vn 0.422242 0.900371 -0.105092
vn 0.473338 0.198871 -0.858138
vn 0.422242 0.900371 -0.105092
vn 0.950944 0.156926 -0.266609
vn 0.964197 0.122577 -0.235156
vn 0.955211 0.124785 -0.268331
vn 0.959315 0.157698 -0.234191
vn 0.518599 0.844861 -0.131395
vn 0.518599 0.844861 -0.131395
vn 0.518599 0.844861 -0.131395
vn 0.809638 0.096868 -0.578880
vn 0.809638 0.096868 -0.578880
vn 0.746527 0.156661 0.646649
vn 0.809638 0.096868 -0.578880
vn 0.746659 0.157365 0.646325
vn 0.742319 0.156613 0.651487
vn 0.498809 0.864658 -0.059634
vn 0.742395 0.155972 0.651554
vn 0.498809 0.864658 -0.059634
vn 0.952512 0.181148 -0.244757
vn 0.917253 0.236863 -0.320222
vn 0.498809 0.864658 -0.059634
vn 0.969123 0.185903 -0.161988
vn 0.941994 0.169898 -0.289451
vn 0.943654 0.159494 -0.289962
vn 0.956232 0.245099 -0.159833
vn 0.940288 0.170736 -0.294460
vn 0.940077 0.240723 -0.241471
vn 0.941322 0.240879 -0.236410
vn 0.942047 0.159751 -0.295004
vn 0.988498 0.000000 -0.151234
vn 0.988506 0.000000 -0.151183
vn 0.988498 0.000000 -0.151233
vn 0.941290 0.235614 -0.241783
vn 0.347003 0.918630 -0.188965
vn 0.346819 0.918787 -0.188540
vn 0.942552 0.235713 -0.236718
vn 0.348082 0.918337 -0.188404
vn -0.156350 0.123094 -0.980001
vn -0.142282 0.124380 -0.981980
vn 0.347888 0.918500 -0.187968
vn -0.167253 0.102455 -0.980576
vn 0.567372 0.814780 -0.119258
vn 0.559947 0.819035 -0.125067
vn -0.157367 0.103460 -0.982106
vn 0.571357 0.814504 -0.100672
vn 0.754391 0.139036 -0.641532
vn 0.758669 0.138797 -0.636519
vn 0.564324 0.818760 -0.105688
vn 0.754351 0.135147 -0.642409
vn -0.234853 0.108814 -0.965921
vn -0.159866 0.120237 -0.979789
vn 0.758213 0.135192 -0.637838
vn -0.236222 0.016982 -0.971551
vn -0.230620 0.092009 -0.968684
vn -0.240423 0.089308 -0.966551
vn -0.213656 0.014175 -0.976806
vn -0.230051 0.115542 -0.966295
vn -0.169885 -0.000726 -0.985464
vn -0.190708 -0.000692 -0.981647
vn -0.239851 0.113313 -0.964174
vn -0.169828 0.025565 -0.985142
vn 0.000156 1.000000 -0.000119
vn 0.000109 1.000000 -0.000339
vn -0.190651 0.023942 -0.981366
vn 0.000000 1.000000 -0.000000
vn -0.992028 -0.000906 0.126014
vn -0.992029 0.000322 0.126010
vn 0.000000 1.000000 -0.000327
vn -0.992260 -0.000906 0.124177
vn 0.000000 1.000000 -0.000000
vn -0.029870 0.999539 0.005351
vn -0.992260 0.000322 0.124181
vn -0.004198 0.999983 0.004113
vn -0.768377 0.000320 -0.639997
vn -0.761431 0.000318 -0.648246
vn -0.026997 0.999611 0.006964
vn -0.768377 -0.000205 -0.639997
vn 0.275441 0.060393 0.959419
vn 0.275447 0.060024 0.959441
vn -0.761431 -0.000203 -0.648246
vn 0.276084 0.060523 0.959226
vn 0.427951 0.898631 -0.096541
vn 0.419521 0.902798 -0.094645
vn 0.275917 0.060146 0.959298
vn 0.432583 0.897137 -0.089543
vn 0.437831 0.888460 -0.137633
vn 0.437831 0.888460 -0.137633
vn 0.421498 0.902674 -0.086713
vn 0.437831 0.888460 -0.137633
vn 0.000000 1.000000 -0.000000
vn 0.000000 1.000000 -0.000000
vn 0.000000 1.000000 -0.000000
vn 0.000000 1.000000 -0.000000
vn 0.169611 0.049050 0.984290
vn 0.169611 0.049050 0.984290
vn 0.169611 0.049050 0.984290
vn 0.321401 0.946227 0.036832
vn 0.317771 0.948127 0.008788
vn 0.342506 0.939319 0.019216
vn 0.347535 0.936057 0.054929
vn 0.275734 0.961217 0.005693
vn 0.267966 0.963428 0.000455
vn 0.295012 0.955487 -0.003692
vn 0.290140 0.956978 0.003398
vn 0.355315 0.929977 -0.094307
vn 0.350680 0.932432 -0.087142
vn 0.345689 0.931073 -0.116626
vn 0.350289 0.928667 -0.121967
vn -0.990032 0.008653 0.140579
vn -0.990120 0.008655 0.139954
vn -0.990118 0.008946 0.139954
vn -0.990027 0.008945 0.140590
vn -0.149598 0.001352 -0.988746
vn -0.149598 0.001023 -0.988746
vn -0.149208 0.001046 -0.988805
vn -0.149093 0.001347 -0.988822
vn -0.143674 0.000167 -0.989625
vn -0.143673 0.002019 -0.989623
vn -0.149632 0.002103 -0.988740
vn -0.150261 0.000175 -0.988646
vn -0.934010 0.018784 -0.356753
vn -0.934316 0.013129 -0.356203
vn -0.925381 0.013003 -0.378816
vn -0.925298 0.018584 -0.378784
vn 0.170346 -0.002540 0.985381
vn 0.171950 -0.002573 0.985102
vn 0.171950 -0.002956 0.985101
vn 0.170205 -0.002941 0.985404
vn 0.989595 -0.001153 -0.143877
vn 0.989602 -0.000158 -0.143831
vn 0.989440 -0.000158 -0.144943
vn 0.989439 -0.001153 -0.144942
vn 0.159219 -0.003793 0.987236
vn 0.155342 -0.003754 0.987854
vn 0.155341 0.000000 0.987861
vn 0.160683 0.000000 0.987006
vn 0.000236 1.000000 -0.000352
vn 0.000236 1.000000 -0.000352
vn 0.000136 1.000000 -0.000172
vn 0.000236 1.000000 -0.000352
vn 0.000141 1.000000 -0.000168
vn 0.000148 1.000000 -0.000162
vn 0.000136 1.000000 -0.000172
vn 0.000148 1.000000 -0.000162
vn 0.000103 1.000000 -0.000154
vn 0.000176 1.000000 -0.000153
vn 0.000210 1.000000 -0.000158
vn 0.000114 1.000000 -0.000169
vn 0.000116 1.000000 -0.000547
vn 0.000000 1.000000 -0.000359
vn -0.801892 0.100893 0.588889
vn 0.000265 1.000000 0.000161
vn -0.801892 0.100893 0.588889
vn -0.158893 0.026410 -0.986943
vn -0.169513 0.025589 -0.985196
vn -0.801892 0.100893 0.588889
vn -0.152907 0.034183 -0.987649
vn 0.822891 0.102294 -0.558915
vn 0.821184 0.072310 -0.566064
vn -0.164128 0.032905 -0.985890
vn -0.384479 0.001378 -0.923133
vn -0.384479 0.001340 -0.923133
vn 0.988506 0.000000 -0.151183
vn -0.594398 0.000919 0.804171
vn -0.384445 0.001378 -0.923147
vn -0.384444 0.001340 -0.923147
vn -0.594350 0.000867 0.804206
vn -0.594349 0.000919 0.804206
vn -0.594398 0.000867 0.804171
vn -0.983607 0.002413 -0.180309
vn -0.983642 0.002223 -0.180120
vn -0.983608 0.002223 -0.180309
vn 0.793526 0.137026 -0.592908
vn 0.819035 0.091969 -0.566324
vn 0.819035 0.091969 -0.566324
vn 0.790594 0.066599 -0.608708
vn 0.819035 0.091969 -0.566324
vn 0.937222 0.225182 -0.266284
vn 0.929539 0.239289 -0.280531
vn 0.933838 0.239896 -0.265322
vn 0.932480 0.226461 -0.281420
vn 0.000000 1.000000 -0.000000
vn 0.000000 1.000000 -0.000000
vn 0.000000 1.000000 -0.000000
vn 0.000000 1.000000 -0.000000
vn 0.000000 1.000000 -0.000000
vn 0.000000 1.000000 -0.000000
vn 0.000000 1.000000 -0.000000
vn 0.000000 1.000000 -0.000000
vn 0.000000 1.000000 -0.000000
vn 0.000000 1.000000 -0.000000
vn 0.000000 1.000000 -0.000000
vn 0.000000 1.000000 -0.000000
vn 0.025097 0.999640 -0.009543
vn 0.025097 0.999640 -0.009543
vn 0.025097 0.999640 -0.009543
vn 0.036002 0.997853 -0.054704
vn 0.035248 0.999370 -0.004171
vn 0.012835 0.999725 -0.019617
vn 0.060261 0.998157 -0.007132
vn -0.007162 0.999421 -0.033262
vn -0.007162 0.999421 -0.033262
vn -0.990788 0.000000 0.135423
vn -0.007162 0.999421 -0.033262
vn -0.990790 0.000000 0.135407
vn -0.990790 0.000000 0.135407
vn 0.497716 0.852009 -0.162353
vn -0.990788 0.000000 0.135423
vn 0.495447 0.851199 -0.173185
vn 0.492814 0.853252 -0.170573
vn 0.946107 0.052636 0.319547
vn 0.494695 0.854233 -0.159884
vn 0.739687 0.000000 -0.672952
vn 0.739687 0.000000 -0.672952
vn -0.983642 0.002413 -0.180121
vn 0.933797 0.069255 0.351037
vn 0.932305 0.010845 0.361511
vn 0.231570 0.972753 0.011234
vn 0.947383 0.008575 0.319987
vn 0.231570 0.972753 0.011234
vn 0.912324 0.274525 0.303810
vn 0.912324 0.274525 0.303810
vn 0.231570 0.972753 0.011234
vn 0.230713 -0.000822 0.973022
vn 0.739687 0.000000 -0.672952
vn 0.739687 0.000000 -0.672952
vn 0.230718 -0.000827 0.973020
vn 0.230718 -0.000822 0.973020
vn 0.230713 -0.000827 0.973022
vn 0.912324 0.274525 0.303810
vn 0.597052 0.790581 -0.136054
vn 0.575932 0.801254 -0.162157
vn 0.581361 0.802782 -0.132515
vn 0.593566 0.790091 -0.153088
vn -0.017428 0.999848 0.000805
vn -0.006113 0.999754 0.021312
vn 0.000000 1.000000 -0.000000
vn -0.016256 0.999802 0.011507
vn -0.016256 0.999802 0.011507
vn -0.006113 0.999754 0.021312
vn -0.029870 0.999539 0.005351
vn -0.010851 0.000264 0.999941
vn -0.004295 0.000273 0.999991
vn -0.008584 -0.000814 0.999963
vn -0.010851 -0.000813 0.999941
vn -0.999555 -0.001305 0.029799
vn -0.998824 -0.001299 0.048461
vn -0.998673 -0.017421 0.048454
vn -0.999404 -0.017434 0.029793
vn 0.947625 0.299048 -0.112147
vn 0.952767 0.281996 -0.112756
vn 0.954853 0.283879 -0.087566
vn 0.950040 0.299723 -0.087125
vn 0.519878 0.845308 -0.123213
vn 0.516874 0.847224 -0.122687
vn 0.517716 0.846248 -0.125831
vn 0.519413 0.845151 -0.126216
vn 0.505384 0.850456 -0.145983
vn 0.505384 0.850456 -0.145983
vn 0.263928 0.933202 0.243879
vn 0.505384 0.850456 -0.145983
vn 0.263928 0.933202 0.243879
vn 0.264123 0.933742 0.241589
vn 0.264123 0.933742 0.241589
vn 0.263928 0.933202 0.243879
vn 0.264123 0.933742 0.241589
vn 0.578994 0.807333 -0.113925
vn 0.587582 0.803459 -0.095923
vn 0.584022 0.803563 -0.114911
vn 0.582003 0.806914 -0.100808
vn -0.639393 -0.000328 0.768880
vn -0.641689 0.000000 0.766965
vn -0.641689 -0.000325 0.766965
vn -0.639394 0.000000 0.768880
vn -0.767725 0.000124 -0.640779
vn -0.769432 0.000480 -0.638729
vn -0.767725 0.000476 -0.640779
vn -0.769432 0.000124 -0.638729
vn 0.000172 1.000000 -0.000149
vn 0.000101 1.000000 -0.000224
vn 0.000105 1.000000 -0.000190
vn 0.000157 1.000000 -0.000253
vn -0.000486 1.000000 0.000348
vn -0.000115 1.000000 -0.001086
vn -0.000691 0.999999 -0.000955
vn 0.000000 1.000000 -0.000166
vn 0.073414 0.997295 -0.003721
vn 0.058630 0.998226 -0.010341
vn 0.062280 0.998054 -0.003157
vn 0.966559 0.000000 0.256446
vn 0.966565 0.000000 0.256423
vn 0.966565 0.000000 0.256423
vn 0.073410 0.997233 -0.011730
vn 0.432598 0.890231 -0.142643
vn 0.420461 0.891966 -0.166163
vn 0.425415 0.893032 -0.146682
vn 0.425337 0.888677 -0.171294
vn -0.297479 0.024633 -0.954410
vn -0.297479 0.024633 -0.954410
vn -0.297479 0.024633 -0.954410
vn 0.737502 0.048511 -0.673600
vn 0.737669 0.043625 -0.673751
vn 0.762087 0.044363 -0.645953
vn 0.764163 0.049735 -0.643103
vn -0.964059 0.000000 0.265687
vn -0.964049 0.000000 0.265726
vn 0.966559 0.000000 0.256446
vn 0.151406 -0.008446 0.988436
vn 0.137442 -0.007667 0.990480
vn 0.140427 -0.003600 0.990085
vn 0.152500 -0.003724 0.988296
vn 0.507906 0.820124 0.263491
vn 0.507906 0.820124 0.263491
vn 0.000000 1.000000 -0.000214
vn 0.507906 0.820124 0.263491
vn -0.967086 0.000000 -0.254449
vn -0.964059 0.000000 0.265687
vn -0.964049 0.000000 0.265726
vn -0.967085 0.000000 -0.254455
vn -0.967086 0.000000 -0.254449
vn -0.967085 0.000000 -0.254455
vn 0.000000 1.000000 -0.000255
vn 0.000000 1.000000 -0.000200
vn 0.810649 0.109186 -0.575263
vn 0.000000 1.000000 -0.000192
vn 0.000759 0.999999 -0.001250
vn 0.000759 0.999999 -0.001250
vn 0.000759 0.999999 -0.001250
vn 0.002145 0.999995 0.002199
vn -0.000109 1.000000 0.000727
vn 0.001408 0.999999 0.000365
vn 0.001683 0.999994 -0.003128
vn 0.000683 0.999997 -0.002255
vn 0.000944 0.999997 0.002391
vn 0.004456 0.999975 -0.005548
vn 0.001093 0.999992 -0.003813
vn -0.000109 0.999995 -0.003288
vn 0.002374 0.999997 -0.000665
vn 0.004456 0.999975 -0.005548
vn 0.004456 0.999975 -0.005548
vn 0.725583 0.101767 -0.680568
vn 0.725851 0.136212 -0.674231
vn 0.249766 0.055121 0.966736
vn 0.812899 0.146607 -0.563651
vn 0.250816 0.056888 0.966362
vn 0.250006 0.056882 0.966572
vn 0.526676 0.843684 -0.103968
vn 0.248562 0.054942 0.967057
vn 0.523484 0.843290 -0.121761
vn 0.517725 0.847567 -0.116584
vn 0.210861 0.083894 0.973909
vn 0.521520 0.847458 -0.099155
vn 0.204121 0.072313 0.976271
vn 0.207727 0.072317 0.975510
vn 0.828813 0.101557 -0.550232
vn 0.215163 0.084518 0.972914
vn 0.828533 0.096992 -0.551475
vn 0.827121 0.096987 -0.553592
vn -0.771103 0.105638 0.627886
vn 0.824333 0.100494 -0.557114
vn -0.684772 0.159705 0.711042
vn -0.812199 0.127109 0.569365
vn -0.819634 0.027270 0.572238
vn -0.816295 0.105878 0.567849
vn 0.001890 0.999995 -0.002702
vn 0.000993 0.999999 -0.001489
vn 0.003189 0.999994 -0.001497
vn -0.510529 0.052468 0.858258
vn -0.766726 0.116391 0.631336
vn 0.206137 0.049867 0.977252
vn -0.806230 0.098873 0.583282
vn 0.214178 0.061578 0.974852
vn 0.198176 0.058587 0.978414
vn 0.957967 0.156751 -0.240269
vn 0.198275 0.049697 0.978886
vn -0.008193 0.999894 -0.012058
vn -0.008193 0.999894 -0.012058
vn -0.008193 0.999894 -0.012058
vn 0.002191 0.999995 -0.002180
vn 0.000775 0.999999 -0.001285
vn 0.001297 0.999996 -0.002343
vn 0.951834 0.192406 -0.238731
vn 0.957131 0.193590 -0.215460
vn 0.342257 0.308749 -0.887431
vn 0.963748 0.155331 -0.216940
vn 0.339048 0.306529 -0.889431
vn 0.337117 0.323075 -0.884293
vn -0.000690 1.000000 -0.000000
vn 0.341001 0.324115 -0.882421
vn -0.000690 1.000000 -0.000000
vn 0.802309 0.587360 -0.106344
vn 0.801760 0.586958 -0.112520
vn -0.000690 1.000000 -0.000000
vn 0.798785 0.592227 -0.105876
vn 0.006956 0.999975 -0.000917
vn 0.008771 0.999961 -0.001158
vn 0.798052 0.592089 -0.112000
vn 0.006956 0.999963 -0.005037
vn 0.043227 0.999015 -0.010025
vn 0.019557 0.999645 -0.018100
vn 0.007683 0.999958 -0.005107
vn 0.022014 0.998654 0.046974
vn 0.473393 0.198862 -0.858110
vn 0.460833 0.200932 -0.864442
vn 0.009711 0.999950 0.002259
vn 0.536331 0.229032 -0.812338
vn 0.904932 0.416371 -0.087937
vn 0.904975 0.416405 -0.087331
vn 0.533462 0.250125 -0.807995
vn 0.904962 0.416306 -0.087939
vn 0.000000 1.000000 -0.000000
vn 0.000000 1.000000 -0.000000
vn 0.905010 0.416328 -0.087334
vn 0.000000 1.000000 -0.000000
vn 0.000000 1.000000 -0.000000
vn 0.000000 1.000000 -0.000000
vn 0.000000 1.000000 -0.000000
vn 0.000000 1.000000 -0.000000
vn 0.000000 1.000000 -0.000000
vn 0.000000 1.000000 -0.000000
vn 0.000000 1.000000 -0.000000
vn 0.000000 1.000000 -0.000000
vn 0.957231 0.236413 -0.166788
vn 0.957723 0.228623 -0.174638
vn 0.955895 0.236396 -0.174304
vn 0.958973 0.229023 -0.167091
vn 0.000000 1.000000 -0.000000
vn 0.000000 1.000000 -0.000000
vn 0.000000 1.000000 -0.000000
vn 0.000000 1.000000 -0.000000
vn 0.000000 1.000000 -0.000000
vn 0.000000 1.000000 -0.000000
vn 0.000000 1.000000 -0.000000
vn 0.001425 0.999998 -0.001137
vn 0.001425 0.999998 -0.001137
vn 0.001521 0.999998 -0.001183
vn 0.000000 1.000000 -0.000000
vn 0.000000 1.000000 -0.000000
vn 0.000000 1.000000 -0.000000
vn 0.000000 1.000000 -0.000000
vn 0.000000 1.000000 -0.000000
vn 0.106154 0.038644 0.993599
vn 0.106134 0.030059 0.993897
vn 0.000000 1.000000 -0.000000
vn 0.118785 0.041669 0.992045
vn 0.956872 0.286433 -0.048502
vn 0.957215 0.287180 -0.035593
vn 0.118820 0.034063 0.992331
vn 0.000355 1.000000 -0.000000
vn 0.000686 0.999999 -0.001205
vn 0.001425 0.999998 -0.001137
vn 0.958742 0.280094 -0.048596
vn 0.091526 0.050588 0.994517
vn 0.091634 0.024590 0.995489
vn 0.959265 0.280246 -0.035670
vn 0.110557 0.050329 0.992595
vn -0.207324 0.063339 -0.976220
vn -0.208150 0.063227 -0.976051
vn 0.110647 0.029408 0.993425
vn 0.000000 0.999998 -0.001868
vn 0.002625 0.999996 0.000285
vn 0.003126 0.999995 -0.000983
vn 0.000191 0.999999 -0.001735
vn 0.000166 0.999998 -0.001898
vn 0.000000 0.999999 -0.001716
vn -0.207350 0.065920 -0.976043
vn -0.676584 0.037744 0.735397
vn -0.696271 0.038842 0.716727
vn -0.208123 0.065270 -0.975923
vn 0.001049 0.999992 -0.003794
vn -0.001685 0.999998 0.001098
vn -0.002622 0.999994 -0.002190
vn -0.652983 0.027062 0.756889
vn -0.199297 0.064431 -0.977819
vn -0.199297 0.064431 -0.977819
vn -0.701050 0.023708 0.712718
vn -0.199297 0.064431 -0.977819
vn 0.939982 0.061141 0.335701
vn 0.971852 0.041706 0.231870
vn 0.968690 0.090694 0.231115
vn 0.954531 0.040010 0.295414
vn -0.518752 0.777982 -0.354459
vn 0.411065 0.906896 -0.092551
vn 0.258936 0.789177 -0.556912
vn 0.001378 0.999999 0.000172
vn 0.001378 0.999999 0.000172
vn 0.002553 0.999997 -0.000184
vn 0.000224 0.999999 -0.001524
vn 0.000224 0.999999 -0.001524
vn 0.001378 0.999999 0.000172
vn -0.068215 0.997139 0.032568
vn 0.601973 0.585463 0.543011
vn 0.410656 0.883046 -0.227138
vn 0.492203 0.734826 0.466655
vn 0.540925 0.751322 -0.378042
vn -0.183683 0.013730 -0.982890
vn -0.213456 -0.003589 -0.976946
vn -0.199426 0.014093 -0.979811
vn -0.193786 -0.000338 -0.981044
vn 0.971559 -0.012409 -0.236473
vn 0.978565 -0.022446 -0.204714
vn 0.972760 -0.022058 -0.230762
vn 0.978670 -0.012500 -0.205057
vn -0.213474 -0.001582 -0.976947
vn -0.201848 0.002578 -0.979414
vn -0.203708 -0.001510 -0.979030
vn -0.210654 0.002691 -0.977557
vn -0.981319 0.042457 0.187646
vn -0.968239 -0.007177 0.249923
vn -0.967223 0.042185 0.250401
vn -0.981926 -0.007279 0.189127
vn 0.225009 0.002660 0.974353
vn 0.216859 -0.004127 0.976194
vn 0.221527 -0.004329 0.975145
vn 0.221251 0.002198 0.975214
vn 0.414838 0.179969 -0.891920
vn 0.505405 0.231176 -0.831338
vn 0.500564 0.184162 -0.845884
vn 0.410354 0.230633 -0.882280
vn 0.515055 0.821957 -0.243116
vn 0.553242 0.811340 -0.188815
vn 0.548789 0.809736 -0.207746
vn 0.539095 0.828293 -0.152669
vn 0.957351 0.171899 -0.232230
vn 0.961705 0.157903 -0.224031
vn 0.959590 0.157722 -0.233047
vn 0.960453 0.165671 -0.223794
vn 0.448621 0.130428 -0.884154
vn 0.503933 0.152917 -0.850099
vn 0.501301 0.133143 -0.854968
vn 0.456994 0.153109 -0.876193
vn 0.571825 0.807265 -0.146079
vn 0.570476 0.800460 -0.183905
vn 0.564533 0.805961 -0.178127
vn 0.598977 0.786380 -0.151105
vn 0.560673 0.818624 -0.124502
vn 0.554019 0.823109 -0.124714
vn 0.558224 0.820793 -0.121183
vn 0.556791 0.820806 -0.127518
vn 0.953934 0.078523 -0.289557
vn 0.646221 0.681474 -0.343500
vn -0.240837 0.339261 0.909340
vn 0.333722 0.939304 0.079605
vn 0.603707 0.783392 -0.147764
vn 0.597770 0.787339 -0.150891
vn 0.589340 0.795558 0.140594
vn 0.598806 0.788587 -0.139865
vn 0.125512 0.000000 -0.992092
vn 0.125512 0.000000 -0.992092
vn 0.596637 0.788448 -0.149579
vn 0.125512 0.000000 -0.992092
vn -0.991006 0.000000 -0.133821
vn -0.991005 0.000648 -0.133821
vn 0.125512 0.000000 -0.992092
vn -0.990686 0.000000 -0.136165
vn -0.609785 -0.591210 -0.527857
vn -0.606430 -0.597612 -0.524502
vn -0.990692 0.000569 -0.136123
vn -0.618544 -0.589272 -0.519771
vn -0.621263 -0.623345 -0.474840
vn -0.641202 -0.635004 -0.430848
vn -0.615101 -0.595785 -0.516421
vn -0.645944 -0.582499 -0.493408
vn -0.542813 -0.608049 -0.579336
vn -0.541697 -0.610382 -0.577925
vn -0.681104 -0.572076 -0.456976
vn -0.544596 -0.607823 -0.577898
vn -0.864147 0.026345 -0.502550
vn -0.809129 0.033289 -0.586687
vn -0.543474 -0.610164 -0.576486
vn -0.739311 -0.003081 -0.673357
vn -0.853296 0.245486 0.460024
vn -0.654914 0.263982 0.708097
vn -0.738597 0.020833 -0.673825
vn -0.766560 0.191098 0.613080
vn -0.776840 0.102488 0.621302
vn 0.823035 0.341876 0.453580
vn -0.668288 0.153630 0.727866
vn 0.826475 0.330878 0.455476
vn 0.836660 0.330739 0.436592
vn -0.215380 0.966935 -0.136561
vn 0.832981 0.342350 0.434672
vn -0.225506 0.967109 -0.117675
vn -0.184563 0.978091 -0.096310
vn 0.857210 0.230463 0.460519
vn -0.170806 0.978164 -0.118412
vn 0.902041 0.226747 0.367298
vn 0.897544 0.248274 0.364383
vn -0.917544 -0.008711 -0.397539
vn 0.851052 0.258203 0.457210
vn -0.864147 0.026345 -0.502550
vn -0.832482 0.018051 -0.553758
vn -0.640938 0.005446 -0.767573
vn -0.832430 -0.014480 -0.553940
vn 0.000907 0.999998 -0.002016
vn 0.001645 0.999999 -0.000765
vn 0.000224 0.999999 -0.001524
vn -0.640943 -0.003923 -0.767579
vn -0.660694 -0.000464 -0.750655
vn 0.743007 0.270024 0.612395
vn -0.660401 0.008376 -0.750866
vn 0.699889 0.274778 0.659282
vn 0.763283 0.267862 0.587919
vn 0.713441 0.311510 0.627665
vn 0.762260 0.267928 0.589215
vn 0.602752 0.329653 0.726649
vn 0.699889 0.274778 0.659282
vn -0.213406 0.954226 0.209547
vn 0.743007 0.270024 0.612395
vn -0.213406 0.954226 0.209547
vn -0.186028 0.948292 0.257169
vn -0.219890 0.955219 0.198004
vn -0.213406 0.954226 0.209547
vn 0.031733 0.999393 -0.014352
vn -0.078703 0.996060 0.040866
vn -0.013651 0.999902 -0.003165
vn -0.078701 0.996060 0.040868
vn 0.040445 0.997650 -0.055309
vn -0.129529 0.974509 -0.183177
vn 0.195599 0.949649 0.244762
vn -0.163331 0.977927 -0.130312
vn 0.365594 0.897314 0.247322
vn 0.040445 0.997650 -0.055309
vn -0.584150 0.275088 0.763607
vn -0.013651 0.999902 -0.003165
vn -0.580399 0.297875 0.757897
vn -0.605679 0.305808 0.734598
vn -0.591108 0.301254 0.748223
vn -0.674401 0.240986 0.697932
vn -0.591108 0.301254 0.748223
vn 0.680520 0.323192 0.657601
vn 0.738602 0.327099 0.589469
vn -0.605679 0.305808 0.734598
vn 0.681803 0.323150 0.656292
vn 0.628461 0.338771 0.700194
vn 0.613495 0.342416 0.711600
vn 0.733435 0.326666 0.596123
vn 0.681803 0.323150 0.656292
vn -0.710738 0.160008 0.685018
vn -0.739178 0.131829 0.660483
vn 0.680520 0.323192 0.657601
vn -0.678755 0.143071 0.720294
vn 0.000000 1.000000 -0.000000
vn 0.000000 1.000000 -0.000000
vn -0.679872 0.131307 0.721479
vn 0.000000 1.000000 -0.000000
vn 0.000000 1.000000 -0.000000
vn 0.000000 1.000000 -0.000000
vn 0.000000 1.000000 -0.000000
vn 0.000000 1.000000 -0.000000
vn 0.000000 1.000000 -0.000000
vn 0.000000 1.000000 -0.000000
vn 0.000000 1.000000 -0.000000
vn 0.000000 1.000000 -0.000000
vn 0.000000 1.000000 -0.000000
vn 0.000000 1.000000 -0.000000
vn 0.000000 1.000000 -0.000000
vn 0.000000 1.000000 -0.000000
vn 0.000000 1.000000 -0.000000
vn 0.000000 1.000000 -0.000000
vn 0.000000 1.000000 -0.000000
vn 0.000000 1.000000 -0.000000
vn 0.000000 1.000000 -0.000000
vn 0.000000 1.000000 -0.000000
vn 0.000000 1.000000 -0.000000
vn -0.002207 0.999997 -0.000973
vn 0.000331 0.999999 -0.001344
vn 0.001014 1.000000 -0.000191
vn 0.000000 1.000000 -0.000000
vn 0.000000 1.000000 -0.000000
vn 0.000000 1.000000 -0.000000
vn 0.000000 1.000000 -0.000000
vn 0.000000 1.000000 -0.000000
vn 0.000000 1.000000 -0.000000
vn 0.000000 1.000000 -0.000000
vn 0.000000 1.000000 -0.000000
vn 0.000000 1.000000 -0.000000
vn 0.000000 1.000000 -0.000000
vn 0.000000 1.000000 -0.000000
vn 0.000000 1.000000 -0.000000
vn 0.144103 0.000000 0.989563
vn 0.144103 0.000000 0.989563
vn 0.144103 0.000000 0.989563
vn 0.144103 0.000000 0.989563
vn -0.093508 0.000000 0.995619
vn -0.093508 0.000000 0.995619
vn -0.093508 0.000000 0.995619
vn -0.093508 0.000000 0.995619
vn -0.250003 0.000000 0.968245
vn -0.250003 0.000000 0.968245
vn -0.250003 0.000000 0.968245
vn -0.250003 0.000000 0.968245
vn -0.297319 0.000000 0.954778
vn -0.297319 0.000000 0.954778
vn -0.297319 0.000000 0.954778
vn -0.297319 0.000000 0.954778
vn -0.561196 0.000000 0.827683
vn -0.561196 0.000000 0.827683
vn -0.561196 0.000000 0.827683
vn -0.561196 0.000000 0.827683
vn -0.663275 0.000000 0.748375
vn -0.663275 0.000000 0.748375
vn -0.663275 0.000000 0.748375
vn -0.663275 0.000000 0.748375
vn -0.786623 0.000000 0.617433
vn -0.786623 0.000000 0.617433
vn -0.786623 0.000000 0.617433
vn -0.786623 0.000000 0.617433
vn 0.534787 0.000000 0.844987
vn 0.534787 0.000000 0.844987
vn 0.534787 0.000000 0.844987
vn 0.534787 0.000000 0.844987
vn 0.766909 0.000000 0.641756
vn 0.766909 0.000000 0.641756
vn 0.766909 0.000000 0.641756
vn 0.766909 0.000000 0.641756
vn 0.976038 0.000000 0.217599
vn 0.976038 0.000000 0.217599
vn 0.976038 0.000000 0.217599
vn 0.976038 0.000000 0.217599
vn 0.866951 0.000000 0.498393
vn 0.866951 0.000000 0.498393
vn 0.866951 0.000000 0.498393
vn 0.866951 0.000000 0.498393
vn 0.937742 0.000000 -0.347333
vn 0.937742 0.000000 -0.347333
vn 0.937742 0.000000 -0.347333
vn 0.937742 0.000000 -0.347333
vn 0.259343 0.000000 0.965785
vn 0.259343 0.000000 0.965785
vn 0.259343 0.000000 0.965785
vn 0.259343 0.000000 0.965785
vn -0.891249 0.000000 0.453514
vn -0.891249 0.000000 0.453514
vn -0.891249 0.000000 0.453514
vn -0.891249 0.000000 0.453514
vn 0.424331 0.000000 0.905507
vn 0.424331 0.000000 0.905507
vn 0.424330 0.000000 0.905508
vn 0.424330 0.000000 0.905508
vn -0.003472 0.999994 0.000427
vn -0.002207 0.999997 -0.000973
vn -0.002207 0.999997 -0.000973
vn 0.002599 0.999996 -0.001382
vn 0.000511 0.999992 -0.003981
vn -0.000411 0.999995 0.003264
vn 0.001299 0.999998 -0.001306
vn 0.001316 0.999998 -0.001270
vn 0.001288 0.999998 -0.001280
vn -0.003964 0.999987 -0.003207
vn -0.003964 0.999987 -0.003207
vn 0.001324 0.999998 -0.001291
vn 0.018584 0.000000 -0.999827
vn 0.018584 0.000000 -0.999827
vn 0.018584 0.000000 -0.999827
vn 0.018584 0.000000 -0.999827
vn 0.996291 0.000000 0.086044
vn 0.996291 0.000000 0.086044
vn 0.996291 0.000000 0.086044
vn 0.996291 0.000000 0.086044
vn 0.144107 0.000000 -0.989562
vn 0.144107 0.000000 -0.989562
vn 0.144107 0.000000 -0.989562
vn 0.144107 0.000000 -0.989562
vn -0.093507 0.000000 -0.995619
vn -0.093507 0.000000 -0.995619
vn -0.093507 0.000000 -0.995619
vn -0.093507 0.000000 -0.995619
vn -0.249951 0.000000 -0.968259
vn -0.249951 0.000000 -0.968259
vn -0.249951 0.000000 -0.968259
vn -0.249951 0.000000 -0.968259
vn -0.297361 0.000000 -0.954765
vn -0.297361 0.000000 -0.954765
vn -0.297361 0.000000 -0.954765
vn -0.297361 0.000000 -0.954765
vn -0.561211 0.000000 -0.827673
vn -0.561211 0.000000 -0.827673
vn -0.561211 0.000000 -0.827673
vn -0.561211 0.000000 -0.827673
vn -0.663232 0.000000 -0.748414
vn -0.663232 0.000000 -0.748414
vn -0.663232 0.000000 -0.748414
vn -0.663232 0.000000 -0.748414
vn -0.786628 0.000000 -0.617427
vn -0.786628 0.000000 -0.617427
vn -0.786628 0.000000 -0.617427
vn -0.786628 0.000000 -0.617427
vn 0.534802 0.000000 -0.844977
vn 0.534802 0.000000 -0.844977
vn 0.534802 0.000000 -0.844977
vn 0.534802 0.000000 -0.844977
vn 0.007677 0.999969 -0.001619
vn 0.005280 0.999985 -0.001462
vn -0.003964 0.999987 -0.003207
vn 0.766915 0.000000 -0.641749
vn 0.766915 0.000000 -0.641749
vn 0.766915 0.000000 -0.641749
vn 0.766915 0.000000 -0.641749
vn 0.976034 0.000000 -0.217620
vn 0.976034 0.000000 -0.217620
vn 0.976034 0.000000 -0.217620
vn 0.976034 0.000000 -0.217620
vn 0.000868 0.999999 0.001289
vn 0.007244 0.999970 -0.002809
vn 0.004941 0.999984 -0.002891
vn 0.000809 0.999999 -0.001365
vn 0.000868 0.999999 0.001289
vn 0.000868 0.999999 0.001289
vn 0.866957 0.000000 -0.498382
vn 0.866957 0.000000 -0.498382
vn 0.866957 0.000000 -0.498382
vn 0.866957 0.000000 -0.498382
vn 0.937750 0.000000 0.347312
vn 0.937750 0.000000 0.347312
vn 0.937750 0.000000 0.347312
vn 0.937750 0.000000 0.347312
vn 0.259343 0.000000 -0.965785
vn 0.259343 0.000000 -0.965785
vn 0.259343 0.000000 -0.965785
vn 0.259343 0.000000 -0.965785
vn -0.891276 0.000000 -0.453462
vn -0.891276 0.000000 -0.453462
vn -0.891276 0.000000 -0.453462
vn -0.891276 0.000000 -0.453462
vn 0.424305 0.000000 -0.905519
vn 0.424305 0.000000 -0.905519
vn 0.424305 0.000000 -0.905519
vn 0.424305 0.000000 -0.905519
vn 0.018458 0.000000 0.999830
vn 0.018458 0.000000 0.999830
vn 0.018458 0.000000 0.999830
vn 0.018458 0.000000 0.999830
vn 0.996292 0.000000 -0.086037
vn 0.996292 0.000000 -0.086037
vn 0.996292 0.000000 -0.086037
vn 0.996292 0.000000 -0.086037
vn -0.008265 -0.009477 0.999921
vn -0.002537 -0.009500 0.999952
vn 0.127839 -0.006509 0.991774
vn 0.143895 -0.004160 0.989584
vn -0.008265 -0.009477 0.999921
vn -0.169310 -0.014960 0.985449
vn -0.150961 -0.015752 0.988414
vn -0.002537 -0.009500 0.999952
vn -0.169310 -0.014960 0.985449
vn -0.250032 0.006190 0.968218
vn -0.196856 0.005446 0.980417
vn -0.150961 -0.015752 0.988414
vn -0.130599 0.420858 -0.897676
vn -0.041105 0.464551 -0.884592
vn -0.069357 0.463443 -0.883408
vn -0.171423 0.417472 -0.892374
vn -0.041105 0.464551 -0.884592
vn 0.113251 0.484887 -0.867213
vn 0.099499 0.484945 -0.868866
vn -0.069357 0.463443 -0.883408
vn 0.099499 0.484945 -0.868866
vn 0.113251 0.484887 -0.867213
vn 0.190794 0.494026 -0.848255
vn 0.178162 0.493479 -0.851315
vn -0.121155 0.428773 -0.895251
vn -0.023588 0.439708 -0.897831
vn -0.018072 0.439846 -0.897891
vn -0.130052 0.427722 -0.894506
vn -0.023588 0.439708 -0.897831
vn 0.110597 0.431626 -0.895247
vn 0.135046 0.431378 -0.892007
vn -0.018072 0.439846 -0.897891
vn 0.000809 0.999999 -0.001365
vn 0.000809 0.999999 -0.001365
vn 0.000809 0.999999 -0.001365
vn 0.135046 0.431378 -0.892007
vn 0.110597 0.431626 -0.895247
vn 0.178016 0.391385 -0.902845
vn 0.214068 0.393085 -0.894236
vn 0.017705 0.999839 0.002919
vn 0.011069 0.999938 0.000785
vn 0.009295 0.999957 0.000659
vn 0.020519 0.999780 0.004454
vn 0.011069 0.999938 0.000785
vn -0.001823 0.999963 0.008427
vn -0.002627 0.999963 0.008253
vn 0.009295 0.999957 0.000659
vn 0.718451 -0.090922 0.689609
vn 0.724130 -0.177588 0.666407
vn 0.724581 -0.195714 0.660816
vn -0.001823 0.999963 0.008427
vn -0.006515 0.999974 0.003210
vn -0.005495 0.999978 0.003674
vn -0.002627 0.999963 0.008253
vn -0.153899 0.517503 -0.841728
vn -0.038413 0.455900 -0.889202
vn -0.030179 0.456080 -0.889427
vn -0.112902 0.516824 -0.848614
vn 0.993239 -0.080785 0.083372
vn 0.994118 -0.078655 0.074446
vn 0.993913 -0.081161 0.074497
vn 0.995796 -0.082575 0.039651
vn 0.996311 -0.076201 0.039475
vn 0.993400 -0.078857 0.083299
vn 0.126910 0.492001 -0.861295
vn 0.123248 0.492071 -0.861787
vn -0.030179 0.456080 -0.889427
vn -0.038413 0.455900 -0.889202
vn -0.495328 0.112898 0.861338
vn 0.996242 -0.083170 0.024178
vn 0.996795 -0.076549 0.023263
vn -0.344321 -0.396344 -0.851090
vn -0.495328 0.112898 0.861338
vn -0.495328 0.112898 0.861338
vn 0.543917 -0.483964 -0.685516
vn -0.344320 -0.396343 -0.851091
vn -0.344320 -0.396343 -0.851091
vn -0.710581 -0.315753 0.628788
vn 0.543917 -0.483964 -0.685516
vn 0.543917 -0.483964 -0.685516
vn -0.327352 -0.393585 -0.859030
vn -0.710581 -0.315753 0.628788
vn -0.710581 -0.315753 0.628788
vn 0.123248 0.492071 -0.861787
vn 0.126910 0.492001 -0.861295
vn 0.182447 0.465700 -0.865931
vn 0.200415 0.465790 -0.861901
vn -0.140195 -0.204587 -0.968757
vn -0.039890 -0.170230 -0.984597
vn -0.052364 -0.170368 -0.983988
vn -0.151025 -0.206104 -0.966805
vn 0.140110 -0.118359 -0.983036
vn 0.128163 -0.118009 -0.984707
vn -0.052364 -0.170368 -0.983988
vn -0.039890 -0.170230 -0.984597
vn 0.128163 -0.118009 -0.984707
vn 0.140110 -0.118359 -0.983036
vn 0.227932 -0.098762 -0.968655
vn 0.220219 -0.098474 -0.970467
vn 0.016215 0.999858 -0.004579
vn 0.012934 0.999916 -0.000000
vn 0.010259 0.999947 -0.000000
vn 0.012268 0.999919 -0.003461
vn 0.003700 0.999992 0.001278
vn 0.001297 0.999999 0.000964
vn 0.010259 0.999947 -0.000000
vn 0.012934 0.999916 -0.000000
vn -0.576769 -0.047465 -0.815527
vn -0.327352 -0.393585 -0.859030
vn -0.327352 -0.393585 -0.859030
vn 0.003700 0.999992 0.001278
vn -0.004082 0.999988 0.002575
vn -0.006530 0.999977 0.001817
vn 0.001297 0.999999 0.000964
vn -0.386122 -0.018829 0.922256
vn -0.437412 0.008742 0.899219
vn -0.297461 0.006846 0.954710
vn -0.296947 -0.015492 0.954768
vn -0.713405 -0.178732 -0.677575
vn -0.534348 -0.011484 -0.845187
vn -0.576769 -0.047465 -0.815527
vn -0.876439 -0.250711 -0.411094
vn -0.576769 -0.047465 -0.815527
vn -0.576769 -0.047465 -0.815527
vn -0.826854 0.440097 -0.350182
vn -0.794114 0.507108 -0.334999
vn -0.827128 0.501219 -0.254240
vn -0.859671 0.437002 -0.264565
vn -0.081755 0.446790 -0.890896
vn -0.307171 0.404602 -0.861361
vn 0.089922 0.229448 -0.969158
vn 0.142064 0.300384 -0.943179
vn -0.536556 -0.021607 0.843588
vn -0.547562 -0.027081 0.836327
vn -0.564786 -0.026509 0.824811
vn -0.560538 -0.021773 0.827842
vn -0.580822 -0.025959 0.813617
vn -0.547562 -0.027081 0.836327
vn -0.721303 -0.019363 0.692349
vn -0.564786 -0.026509 0.824811
vn -0.746761 -0.019412 0.664809
vn -0.662584 -0.022298 0.748655
vn -0.721303 -0.019363 0.692349
vn -0.648666 -0.022245 0.760748
vn -0.755899 -0.003827 0.654677
vn -0.786714 -0.003427 0.617309
vn 0.531692 -0.231630 -0.814648
vn -0.746761 -0.019412 0.664809
vn 0.553638 -0.227056 -0.801206
vn 0.546105 -0.275208 -0.791221
vn 0.550155 0.278839 -0.787133
vn 0.525817 -0.272745 -0.805684
vn 0.551502 0.270118 -0.789228
vn 0.521729 0.271470 -0.808766
vn -0.008455 0.999668 0.024325
vn 0.520314 0.280476 -0.806602
vn -0.014370 0.999712 0.019205
vn -0.022178 0.999264 0.031296
vn 0.489319 0.419084 -0.764811
vn -0.015127 0.999279 0.034811
vn 0.491177 0.411341 -0.767818
vn 0.480097 0.411700 -0.774603
vn 0.384178 0.411969 -0.826250
vn 0.478333 0.419203 -0.771665
vn 0.387718 0.393496 -0.833568
vn 0.372679 0.394003 -0.840162
vn 0.398695 0.490528 -0.774871
vn 0.369482 0.411590 -0.833113
vn 0.439110 0.273389 -0.855827
vn 0.240871 0.268727 -0.932613
vn 0.682911 0.284088 -0.672999
vn -0.050507 0.469794 -0.881330
vn 0.686521 0.265611 -0.676860
vn 0.648013 0.270426 -0.712003
vn -0.007503 0.999968 0.002760
vn 0.645177 0.284847 -0.708949
vn -0.297416 -0.184700 -0.936712
vn -0.876439 -0.250711 -0.411094
vn -0.876439 -0.250711 -0.411094
vn -0.021106 0.999270 0.031831
vn -0.013587 0.999275 0.035578
vn 0.622888 -0.104599 -0.775287
vn 0.001183 0.999977 0.006713
vn 0.688714 -0.193020 -0.698867
vn 0.671209 -0.198086 -0.714311
vn 0.635628 -0.349449 -0.688376
vn 0.595018 -0.104886 -0.796839
vn 0.650178 -0.285550 -0.704081
vn 0.677846 -0.287543 -0.676642
vn -0.009963 0.999685 0.023020
vn 0.662544 -0.349648 -0.662406
vn -0.559784 -0.304500 -0.770663
vn -0.297416 -0.184700 -0.936712
vn -0.297416 -0.184700 -0.936712
vn 0.006599 0.999966 0.004903
vn -0.002131 0.999996 -0.001584
vn 0.609150 0.438020 -0.661116
vn -0.018119 0.999709 0.015958
vn 0.617272 0.411884 -0.670319
vn 0.591789 0.414256 -0.691504
vn 0.556026 0.371755 -0.743393
vn 0.584994 0.436978 -0.683251
vn -0.559784 -0.304500 -0.770663
vn -0.559784 -0.304500 -0.770663
vn -0.866465 -0.260656 -0.425789
vn -0.712991 -0.555584 0.427750
vn -0.425685 -0.304611 -0.852059
vn -0.559784 -0.304500 -0.770663
vn 0.523432 0.486914 -0.699238
vn 0.593455 0.485294 -0.642106
vn 0.477973 0.485925 -0.731723
vn 0.634486 0.354936 -0.686621
vn -0.625660 -0.149625 0.765612
vn -0.763344 -0.502302 0.406200
vn -0.415530 -0.156759 0.895970
vn 0.477640 0.485913 -0.731949
vn 0.411158 0.468195 -0.782140
vn 0.218223 0.402292 -0.889123
vn 0.405070 0.466396 -0.786380
vn 0.411158 0.468195 -0.782140
vn -0.120896 0.988818 -0.087312
vn -0.058404 0.996827 -0.054074
vn 0.405070 0.466396 -0.786380
vn 0.013109 0.999779 -0.016431
vn -0.120896 0.988818 -0.087312
vn -0.493752 0.846289 -0.200011
vn 0.013578 0.999779 -0.016042
vn -0.436131 -0.479120 -0.761731
vn -0.414504 -0.554813 -0.721366
vn -0.414504 -0.554813 -0.721366
vn -0.414504 -0.554813 -0.721366
vn -0.414504 -0.554813 -0.721366
vn -0.387984 -0.630441 -0.672319
vn -0.058404 0.996827 -0.054074
vn 0.015229 0.999776 -0.014668
vn 0.014532 0.999778 -0.015248
vn -0.275858 0.955532 -0.104218
vn 0.014835 0.999789 -0.014205
vn 0.583693 0.000442 0.811975
vn 0.534347 0.009030 0.845217
vn 0.014233 0.999789 -0.014847
vn 0.666072 -0.015067 0.745735
vn 0.680959 -0.014600 0.732176
vn 0.766886 0.002173 0.641780
vn 0.680959 -0.014600 0.732176
vn 0.666072 -0.015067 0.745735
vn -0.502257 0.487808 -0.713990
vn -0.598804 0.457119 -0.657629
vn 0.746201 0.001694 0.665718
vn -0.524718 0.488635 -0.697071
vn -0.686350 0.436099 -0.582015
vn -0.693703 0.436312 -0.573069
vn -0.618385 0.455968 -0.640073
vn -0.598804 0.457119 -0.657629
vn -0.661042 0.382591 -0.645483
vn -0.585346 0.356285 -0.728307
vn -0.618385 0.455968 -0.640073
vn -0.672132 0.381989 -0.634289
vn -0.710780 0.403111 -0.576449
vn -0.699575 0.402607 -0.590341
vn -0.607590 0.358783 -0.708596
vn -0.672132 0.381989 -0.634289
vn -0.453525 0.565026 -0.689247
vn -0.555348 0.505438 -0.660394
vn -0.661042 0.382591 -0.645483
vn -0.480655 0.564643 -0.670932
vn -0.663382 0.432632 -0.610536
vn -0.686558 0.433398 -0.583785
vn -0.584027 0.503658 -0.636586
vn -0.555348 0.505438 -0.660394
vn -0.563219 -0.190085 -0.804147
vn -0.664602 -0.154149 -0.731124
vn -0.584027 0.503658 -0.636586
vn -0.557154 -0.191562 -0.808012
vn -0.664602 -0.154149 -0.731124
vn -0.753336 -0.148524 -0.640645
vn -0.662241 -0.154420 -0.733206
vn -0.662241 -0.154420 -0.733206
vn 0.913716 0.006417 0.406303
vn 0.976063 0.001142 0.217487
vn -0.754493 -0.148630 -0.639257
vn 0.928296 0.004805 0.371810
vn 0.913716 0.006417 0.406303
vn 0.928296 0.004805 0.371810
vn 0.974434 0.000000 0.224673
vn 0.866924 0.004766 0.498418
vn -0.872193 0.380311 -0.307640
vn -0.886925 0.378182 -0.265222
vn 0.860223 0.004574 0.509897
vn -0.829261 0.432390 -0.354069
vn -0.829261 0.432390 -0.354069
vn -0.836014 0.432001 -0.338313
vn -0.836014 0.432001 -0.338313
vn -0.803933 0.430950 -0.409846
vn -0.888519 0.341387 -0.306576
vn -0.910164 0.334729 -0.244045
vn -0.803156 0.431062 -0.411249
vn -0.834550 0.410982 -0.366905
vn -0.834550 0.410982 -0.366905
vn -0.842964 0.410316 -0.347925
vn -0.842964 0.410316 -0.347925
vn -0.813073 0.400747 -0.422274
vn -0.021128 0.999163 0.035018
vn -0.025850 0.999603 0.011190
vn -0.808711 0.401182 -0.430163
vn -0.023835 0.998850 0.041610
vn -0.017090 0.999846 0.004080
vn -0.017116 0.999845 0.004113
vn -0.027499 0.999543 0.012528
vn -0.025850 0.999603 0.011190
vn 0.056726 0.997216 -0.048391
vn 0.064633 0.996447 -0.054001
vn -0.027499 0.999543 0.012528
vn 0.003636 0.999639 -0.026610
vn 0.003636 0.999639 -0.026610
vn 0.004691 0.999593 -0.028136
vn 0.004691 0.999593 -0.028136
vn -0.017090 0.999846 0.004080
vn -0.825193 0.519729 -0.221220
vn -0.807835 0.519597 -0.278246
vn -0.017116 0.999845 0.004113
vn -0.853576 0.403728 -0.329260
vn -0.853576 0.403728 -0.329260
vn -0.842964 0.404087 -0.355141
vn -0.842964 0.404087 -0.355141
vn -0.800879 0.427481 -0.419348
vn -0.937360 -0.131381 -0.322638
vn -0.934702 -0.129869 -0.330857
vn -0.806872 0.426556 -0.408666
vn -0.910085 -0.157459 -0.383343
vn -0.910085 -0.157459 -0.383343
vn -0.908075 -0.156874 -0.388318
vn -0.908075 -0.156874 -0.388318
vn -0.880878 -0.158025 -0.446187
vn -0.011530 0.999916 0.005956
vn -0.004821 0.999978 0.004656
vn -0.879827 -0.157972 -0.448274
vn 0.993739 -0.016413 -0.110509
vn 0.995776 -0.089384 0.020981
vn 0.995776 -0.089384 0.020981
vn -0.009286 0.999945 0.004800
vn -0.004821 0.999978 0.004656
vn 0.000000 1.000000 -0.000000
vn -0.003935 0.999985 0.003797
vn -0.003935 0.999985 0.003797
vn 0.000000 1.000000 -0.000000
vn 0.000000 1.000000 -0.000000
vn 0.000000 1.000000 -0.000000
vn 0.000000 1.000000 -0.000000
vn 0.000000 1.000000 -0.000000
vn 0.000000 1.000000 -0.000000
vn 0.000000 1.000000 -0.000000
vn 0.000000 1.000000 -0.000000
vn -0.200658 0.506924 -0.838310
vn -0.211294 0.507404 -0.835402
vn 0.000000 1.000000 -0.000000
vn -0.199909 0.512814 -0.834900
vn 0.953268 0.157646 -0.257737
vn 0.946504 0.197745 -0.255006
vn -0.210760 0.511864 -0.832812
vn 0.869117 0.453878 -0.196548
vn 0.956276 0.141490 -0.255962
vn 0.966560 0.126254 -0.223210
vn 0.841042 0.506428 -0.190209
vn 0.958169 0.133866 -0.252968
vn 0.959502 0.125138 -0.252383
vn 0.958169 0.133866 -0.252968
vn 0.965214 0.104384 -0.239722
vn 0.964870 0.113381 -0.237003
vn 0.964870 0.113381 -0.237003
vn 0.965214 0.104384 -0.239722
vn 0.965214 0.104384 -0.239722
vn 0.943207 0.165738 -0.287910
vn 0.950778 0.153563 -0.269148
vn 0.947602 0.159070 -0.277034
vn 0.942236 0.136289 -0.305968
vn 0.942236 0.136289 -0.305968
vn -0.259164 0.366931 -0.893418
vn -0.281440 0.367576 -0.886386
vn 0.943207 0.165738 -0.287910
vn -0.255904 0.400733 -0.879731
vn -0.174841 0.453374 -0.874004
vn -0.206676 0.455590 -0.865865
vn -0.278489 0.397354 -0.874388
vn -0.171764 0.482977 -0.858621
vn 0.869117 0.453878 -0.196548
vn 0.841042 0.506428 -0.190209
vn -0.203857 0.480585 -0.852925
vn -0.016795 0.999859 0.000522
vn 0.017705 0.999839 0.002919
vn 0.841042 0.506428 -0.190209
vn 0.007922 0.999966 -0.002218
vn 0.007922 0.999966 -0.002218
vn 0.927391 0.148327 -0.343432
vn 0.956578 0.142991 -0.253993
vn 0.928367 0.141204 -0.343797
vn 0.952277 0.150897 -0.265328
vn 0.258390 0.032681 0.965488
vn 0.221328 0.018332 0.975027
vn 0.258663 0.024231 0.965664
vn 0.221249 0.032479 0.974676
vn -0.385301 0.522619 -0.760534
vn -0.363988 0.507315 -0.781117
vn -0.389976 0.505916 -0.769395
vn -0.360421 0.520309 -0.774193
vn -0.910433 0.165246 0.379218
vn -0.908616 0.156755 0.387099
vn -0.899090 0.129577 0.418148
vn 0.995776 -0.089384 0.020981
vn 0.995776 -0.089384 0.020981
vn 0.991924 -0.111222 0.060961
vn -0.917760 0.178367 0.354826
vn -0.908616 0.156755 0.387099
vn -0.895414 0.117305 0.429504
vn -0.899090 0.129577 0.418148
vn -0.907655 0.134736 0.397503
vn -0.899090 0.129577 0.418148
vn -0.891500 0.172105 0.419056
vn -0.895876 0.160920 0.414139
vn -0.895414 0.117305 0.429504
vn -0.884976 0.160032 0.437272
vn -0.895876 0.160920 0.414139
vn -0.891500 0.172105 0.419056
vn -0.879007 0.148726 0.453020
vn -0.391115 0.386445 -0.835278
vn -0.383703 0.367917 -0.847000
vn -0.394674 0.367685 -0.842045
vn -0.380513 0.384617 -0.840999
vn -0.437683 0.513176 -0.738298
vn -0.402290 0.458076 -0.792672
vn -0.454058 0.455189 -0.765921
vn -0.389043 0.509309 -0.767626
vn -0.882198 0.179798 0.435200
vn -0.780858 0.477560 0.402737
vn -0.765313 0.508697 0.394364
vn -0.884552 0.165005 0.436282
vn -0.765313 0.508697 0.394364
vn 0.012137 0.999882 -0.009427
vn -0.007697 0.999965 0.003141
vn -0.780858 0.477560 0.402737
vn -0.007781 0.999967 0.002533
vn -0.007697 0.999965 0.003141
vn -0.765313 0.508697 0.394364
vn -0.882286 0.141253 0.449021
vn -0.882127 0.142490 0.448941
vn -0.875796 0.142884 0.461049
vn -0.875065 0.141578 0.462836
vn 0.162330 -0.171928 0.971643
vn 0.108558 -0.160096 0.981114
vn 0.152101 -0.158526 0.975569
vn 0.424890 0.035003 0.904568
vn 0.424872 0.032991 0.904652
vn 0.416788 0.033000 0.908404
vn 0.416741 0.036281 0.908301
vn 0.000000 1.000000 -0.000000
vn -0.016795 0.999859 0.000522
vn -0.018121 0.999836 -0.000321
vn 0.000000 1.000000 -0.000000
vn 0.000000 1.000000 -0.000000
vn 0.000000 1.000000 -0.000000
vn 0.012512 0.999860 -0.011148
vn 0.012137 0.999882 -0.009427
vn 0.000000 1.000000 -0.000000
vn 0.000000 1.000000 -0.000000
vn 0.000000 1.000000 -0.000000
vn 0.000000 1.000000 -0.000000
vn 0.000000 1.000000 -0.000000
vn 0.000000 1.000000 -0.000000
vn 0.000000 1.000000 -0.000000
vn 0.000000 1.000000 -0.000000
vn -0.879806 0.467417 -0.086388
vn -0.876321 0.473993 -0.085978
vn -0.877984 0.472816 -0.074756
vn -0.880613 0.467846 -0.075100
vn 0.116466 0.153192 -0.981309
vn 0.126172 0.458829 -0.879521
vn 0.123772 0.487530 -0.864289
vn 0.116176 0.173167 -0.978017
vn 0.143296 0.122993 -0.982008
vn 0.089993 0.150506 -0.984505
vn 0.115423 0.132185 -0.984482
vn 0.097264 0.140732 -0.985259
vn 0.075716 0.140397 -0.987196
vn 0.113305 0.120867 -0.986181
vn 0.115423 0.132185 -0.984482
vn 0.089993 0.150506 -0.984505
vn 0.081273 0.105091 -0.991136
vn 0.079015 0.102074 -0.991634
vn 0.115423 0.132185 -0.984482
vn 0.113305 0.120867 -0.986181
vn 0.063984 0.095984 -0.993324
vn 0.079015 0.102074 -0.991634
vn 0.081273 0.105091 -0.991136
vn 0.066754 0.094064 -0.993326
vn -0.928241 0.362635 -0.082852
vn -0.922303 0.377663 -0.082026
vn -0.923727 0.376207 -0.072087
vn -0.928968 0.362920 -0.072854
vn -0.883989 0.457299 -0.097165
vn -0.878999 0.466932 -0.096616
vn -0.880598 0.465906 -0.086481
vn -0.884825 0.457732 -0.086980
vn 0.126172 0.458829 -0.879521
vn -0.005616 0.999866 0.015400
vn 0.000646 0.999963 -0.008623
vn 0.123772 0.487530 -0.864289
vn 0.000728 0.999962 -0.008637
vn 0.000646 0.999963 -0.008623
vn 0.018450 0.144090 -0.989393
vn 0.123772 0.487530 -0.864289
vn 0.561202 -0.165212 0.811023
vn 0.718451 -0.090922 0.689609
vn 0.105034 -0.182970 0.977492
vn 0.018455 0.142102 -0.989680
vn -0.002145 0.141344 -0.989958
vn 0.995891 0.026182 0.086689
vn -0.005087 0.143341 -0.989660
vn 0.995779 0.029909 0.086776
vn 0.994202 0.029862 0.103304
vn 0.000000 0.999822 0.018881
vn 0.994365 0.023747 0.103321
vn 0.000000 0.999855 0.017026
vn -0.007129 0.999841 0.016342
vn -0.008265 -0.009470 -0.999921
vn -0.005616 0.999866 0.015400
vn -0.002528 -0.009494 -0.999952
vn 0.127822 -0.006498 -0.991776
vn -0.150936 -0.015733 -0.988418
vn 0.143900 -0.004147 -0.989584
vn -0.002528 -0.009494 -0.999952
vn -0.008265 -0.009470 -0.999921
vn -0.169283 -0.014942 -0.985454
vn -0.169283 -0.014942 -0.985454
vn -0.249980 0.006195 -0.968231
vn -0.196837 0.005452 -0.980421
vn -0.069346 0.463432 0.883415
vn -0.150936 -0.015733 -0.988418
vn -0.171382 0.417524 0.892358
vn -0.130619 0.420904 0.897652
vn 0.099496 0.484902 0.868891
vn -0.041142 0.464539 0.884596
vn -0.069346 0.463432 0.883415
vn -0.041142 0.464539 0.884596
vn 0.190822 0.494006 0.848260
vn 0.113242 0.484844 0.867238
vn 0.178165 0.493458 0.851326
vn 0.099496 0.484902 0.868891
vn -0.018058 0.439847 0.897891
vn 0.113242 0.484844 0.867238
vn -0.130018 0.427749 0.894498
vn -0.121153 0.428796 0.895241
vn 0.135045 0.431390 0.892001
vn -0.023582 0.439708 0.897831
vn -0.018058 0.439847 0.897891
vn -0.023582 0.439708 0.897831
vn 0.178004 0.391384 0.902847
vn 0.110597 0.431637 0.895242
vn 0.561202 -0.165212 0.811023
vn 0.585759 -0.214881 0.781481
vn 0.724130 -0.177588 0.666407
vn 0.214068 0.393085 0.894236
vn 0.135045 0.431390 0.892001
vn 0.009295 0.999957 -0.000659
vn 0.110597 0.431637 0.895242
vn 0.020519 0.999780 -0.004454
vn 0.017705 0.999839 -0.002919
vn -0.002628 0.999963 -0.008254
vn 0.011069 0.999938 -0.000785
vn 0.009295 0.999957 -0.000659
vn 0.011069 0.999938 -0.000785
vn -0.001823 0.999963 -0.008427
vn -0.001823 0.999963 -0.008427
vn -0.006515 0.999974 -0.003210
vn -0.005495 0.999978 -0.003674
vn -0.030190 0.456099 0.889417
vn -0.002628 0.999963 -0.008254
vn -0.112917 0.516791 0.848633
vn -0.153881 0.517469 0.841752
vn 0.126903 0.492019 0.861286
vn -0.038406 0.455919 0.889192
vn 0.123253 0.492089 0.861776
vn -0.030190 0.456099 0.889417
vn 0.182449 0.465681 0.865941
vn -0.038406 0.455919 0.889192
vn 0.200444 0.465772 0.861904
vn 0.123253 0.492089 0.861776
vn -0.052404 -0.170368 0.983986
vn 0.126903 0.492019 0.861286
vn -0.151050 -0.206148 0.966792
vn -0.140206 -0.204630 0.968746
vn 0.140120 -0.118233 0.983050
vn -0.039903 -0.170230 0.984596
vn 0.128151 -0.117881 0.984724
vn -0.052404 -0.170368 0.983986
vn 0.227964 -0.098638 0.968661
vn -0.039903 -0.170230 0.984596
vn 0.220251 -0.098350 0.970473
vn 0.128151 -0.117881 0.984724
vn 0.010259 0.999947 -0.000000
vn 0.140120 -0.118233 0.983050
vn 0.012268 0.999919 0.003462
vn 0.016215 0.999858 0.004579
vn 0.003700 0.999992 -0.001278
vn 0.012934 0.999916 -0.000000
vn 0.001297 0.999999 -0.000964
vn 0.010259 0.999947 -0.000000
vn -0.006530 0.999977 -0.001817
vn 0.012934 0.999916 -0.000000
vn 0.001297 0.999999 -0.000964
vn 0.003700 0.999992 -0.001278
vn -0.297503 0.006853 -0.954696
vn -0.004082 0.999988 -0.002575
vn -0.296989 -0.015494 -0.954755
vn -0.386192 -0.018832 -0.922226
vn -0.827124 0.501220 0.254251
vn -0.437496 0.008749 -0.899178
vn -0.859663 0.437012 0.264575
vn -0.826848 0.440109 0.350179
vn 0.089900 0.229459 0.969158
vn -0.794114 0.507108 0.334999
vn 0.142035 0.300386 0.943183
vn -0.081752 0.446771 0.890905
vn -0.536556 -0.021600 -0.843588
vn -0.307140 0.404591 0.861377
vn -0.547549 -0.027078 -0.836336
vn -0.564787 -0.026506 -0.824811
vn -0.564787 -0.026506 -0.824811
vn -0.560553 -0.021766 -0.827832
vn -0.580772 -0.025957 -0.813652
vn -0.721303 -0.019373 -0.692349
vn -0.648696 -0.022239 -0.760722
vn -0.547549 -0.027078 -0.836336
vn -0.746753 -0.019420 -0.664818
vn -0.786719 -0.003427 -0.617302
vn -0.662541 -0.022291 -0.748694
vn -0.721303 -0.019373 -0.692349
vn -0.746753 -0.019420 -0.664818
vn -0.755888 -0.003827 -0.654690
vn 0.546105 -0.275208 0.791221
vn 0.525831 -0.272747 0.805674
vn 0.531703 -0.231660 0.814632
vn 0.553634 -0.227089 0.801199
vn 0.550155 0.278844 0.787131
vn 0.551502 0.270118 0.789228
vn 0.521712 0.271471 0.808777
vn 0.520296 0.280482 0.806612
vn -0.022177 0.999264 -0.031297
vn -0.015127 0.999279 -0.034811
vn -0.008457 0.999668 -0.024326
vn -0.014371 0.999712 -0.019206
vn 0.489331 0.419094 0.764798
vn 0.491192 0.411340 0.767809
vn 0.480097 0.411700 0.774603
vn 0.478331 0.419213 0.771661
vn 0.384178 0.411969 0.826250
vn 0.387718 0.393496 0.833568
vn 0.372679 0.394003 0.840162
vn 0.369482 0.411590 0.833113
vn 0.240894 0.268729 0.932607
vn -0.050456 0.469780 0.881341
vn 0.398700 0.490509 0.774880
vn 0.439110 0.273389 0.855827
vn 0.682890 0.284085 0.673021
vn 0.686498 0.265618 0.676880
vn 0.648013 0.270430 0.712002
vn 0.645178 0.284843 0.708950
vn -0.013587 0.999275 -0.035578
vn 0.001183 0.999977 -0.006713
vn -0.007503 0.999968 -0.002760
vn -0.021106 0.999270 -0.031831
vn 0.622825 -0.104500 0.775351
vn 0.688742 -0.193040 0.698835
vn 0.671215 -0.198113 0.714298
vn 0.594912 -0.104784 0.796932
vn 0.635623 -0.349423 0.688394
vn 0.650166 -0.285549 0.704092
vn 0.677824 -0.287542 0.676664
vn 0.662529 -0.349624 0.662434
vn -0.009965 0.999685 -0.023021
vn 0.006599 0.999966 -0.004904
vn -0.002131 0.999996 0.001584
vn -0.018120 0.999709 -0.015959
vn 0.609147 0.438029 0.661113
vn 0.617269 0.411892 0.670316
vn 0.591786 0.414265 0.691501
vn 0.584991 0.436987 0.683248
vn 0.556020 0.371777 0.743386
vn 0.523432 0.486914 0.699238
vn 0.593444 0.485294 0.642117
vn 0.634468 0.354960 0.686625
vn 0.477986 0.485926 0.731714
vn 0.477663 0.485913 0.731933
vn 0.411165 0.468173 0.782149
vn 0.405068 0.466372 0.786395
vn 0.411165 0.468173 0.782149
vn 0.405068 0.466372 0.786395
vn 0.013579 0.999779 0.016041
vn 0.218153 0.402238 0.889165
vn -0.058405 0.996827 0.054074
vn -0.120898 0.988818 0.087311
vn -0.275867 0.955529 0.104223
vn 0.013109 0.999779 0.016432
vn -0.493762 0.846282 0.200016
vn -0.120898 0.988818 0.087311
vn 0.014233 0.999789 0.014847
vn -0.058405 0.996827 0.054074
vn 0.014532 0.999778 0.015248
vn 0.015230 0.999776 0.014667
vn 0.583693 0.000431 -0.811974
vn 0.014836 0.999789 0.014205
vn 0.666068 -0.015072 -0.745739
vn 0.680969 -0.014604 -0.732167
vn 0.680969 -0.014604 -0.732167
vn 0.534363 0.009016 -0.845207
vn 0.666068 -0.015072 -0.745739
vn 0.746195 0.001698 -0.665726
vn -0.618372 0.455984 0.640074
vn 0.766892 0.002177 -0.641773
vn 0.996043 -0.036580 0.080997
vn 0.601286 -0.248500 0.759409
vn 0.585759 -0.214881 0.781481
vn -0.598790 0.457136 0.657630
vn -0.502247 0.487816 0.713991
vn -0.618372 0.455984 0.640074
vn -0.524702 0.488643 0.697077
vn -0.693697 0.436319 0.573072
vn -0.686339 0.436106 0.582023
vn -0.607569 0.358780 0.708616
vn -0.598790 0.457136 0.657630
vn -0.585346 0.356285 0.728307
vn -0.661046 0.382565 0.645494
vn -0.710787 0.403104 0.576445
vn -0.672134 0.381963 0.634303
vn -0.672134 0.381963 0.634303
vn -0.661046 0.382565 0.645494
vn -0.584026 0.503645 0.636597
vn -0.699574 0.402599 0.590348
vn -0.555344 0.505425 0.660408
vn -0.453528 0.565000 0.689266
vn -0.584026 0.503645 0.636597
vn -0.480652 0.564618 0.670955
vn -0.686572 0.433359 0.583797
vn -0.663386 0.432592 0.610560
vn -0.662228 -0.154453 0.733211
vn -0.555344 0.505425 0.660408
vn -0.664592 -0.154181 0.731126
vn -0.563204 -0.190088 0.804156
vn -0.664592 -0.154181 0.731126
vn -0.557146 -0.191564 0.808017
vn -0.662228 -0.154453 0.733211
vn -0.754486 -0.148602 0.639272
vn 0.913713 0.006428 -0.406309
vn -0.753339 -0.148497 0.640647
vn 0.928297 0.004814 -0.371808
vn 0.974436 0.000000 -0.224666
vn 0.860220 0.004577 -0.509903
vn 0.976058 0.001136 -0.217508
vn 0.928297 0.004814 -0.371808
vn 0.913713 0.006428 -0.406309
vn -0.803156 0.431067 0.411244
vn 0.866930 0.004770 -0.498408
vn -0.802456 0.432731 0.410864
vn -0.829260 0.432390 0.354071
vn -0.842964 0.410316 0.347927
vn -0.803931 0.430955 0.409845
vn -0.910162 0.334733 0.244048
vn -0.888517 0.341392 0.306576
vn -0.808713 0.401177 0.430164
vn -0.834551 0.410982 0.366903
vn -0.842964 0.410316 0.347927
vn -0.834551 0.410982 0.366903
vn -0.027498 0.999543 -0.012529
vn -0.813077 0.400741 0.422271
vn -0.025850 0.999603 -0.011191
vn -0.021129 0.999163 -0.035019
vn -0.027498 0.999543 -0.012529
vn -0.023836 0.998850 -0.041611
vn -0.017116 0.999845 -0.004113
vn -0.017090 0.999846 -0.004080
vn -0.800133 0.196408 -0.566755
vn -0.025850 0.999603 -0.011191
vn -0.829260 0.432390 0.354071
vn 0.335651 0.796692 0.502613
vn 0.064633 0.996447 0.054001
vn -0.872195 0.380303 0.307644
vn 0.999048 -0.021599 0.037911
vn 0.995977 -0.004229 0.089512
vn 0.998221 -0.045439 0.038608
vn 0.004690 0.999593 0.028136
vn 0.004690 0.999593 0.028136
vn -0.017090 0.999846 -0.004080
vn -0.017116 0.999845 -0.004113
vn 0.335651 0.796692 0.502613
vn -0.807833 0.519597 0.278252
vn -0.853583 0.403713 0.329259
vn -0.842970 0.404070 0.355146
vn -0.825193 0.519729 0.221220
vn -0.842970 0.404070 0.355146
vn -0.800896 0.427453 0.419345
vn -0.806885 0.426528 0.408668
vn -0.853583 0.403713 0.329259
vn -0.934703 -0.129854 0.330861
vn -0.910089 -0.157426 0.383347
vn -0.908079 -0.156840 0.388322
vn -0.937360 -0.131366 0.322645
vn -0.908079 -0.156840 0.388322
vn -0.880883 -0.158006 0.446184
vn -0.879829 -0.157953 0.448276
vn -0.910089 -0.157426 0.383347
vn -0.004821 0.999978 -0.004656
vn -0.009286 0.999945 -0.004800
vn -0.003936 0.999985 -0.003797
vn -0.011530 0.999916 -0.005956
vn -0.003936 0.999985 -0.003797
vn 0.000000 1.000000 -0.000000
vn -0.004821 0.999978 -0.004656
vn 0.000000 1.000000 -0.000000
vn 0.000000 1.000000 -0.000000
vn 0.000000 1.000000 -0.000000
vn 0.000000 1.000000 -0.000000
vn 0.000000 1.000000 -0.000000
vn 0.000000 1.000000 -0.000000
vn 0.000000 1.000000 -0.000000
vn 0.000000 1.000000 -0.000000
vn 0.000000 1.000000 -0.000000
vn -0.199877 0.512823 0.834902
vn -0.211283 0.507404 0.835405
vn -0.200627 0.506923 0.838319
vn -0.210747 0.511872 0.832810
vn 0.966568 0.126252 0.223175
vn 0.958167 0.133868 0.252971
vn 0.965216 0.104378 0.239715
vn 0.956258 0.141529 0.256010
vn 0.958167 0.133868 0.252971
vn 0.964872 0.113379 0.236997
vn 0.965216 0.104378 0.239715
vn 0.959504 0.125136 0.252374
vn 0.965216 0.104378 0.239715
vn 0.943204 0.165743 0.287915
vn 0.942233 0.136291 0.305976
vn 0.964872 0.113379 0.236997
vn 0.947602 0.159059 0.277039
vn 0.942233 0.136291 0.305976
vn 0.943204 0.165743 0.287915
vn 0.950779 0.153550 0.269148
vn -0.255903 0.400744 0.879726
vn -0.281457 0.367564 0.886385
vn -0.259165 0.366919 0.893423
vn -0.278503 0.397363 0.874379
vn -0.171783 0.482976 0.858618
vn -0.206639 0.455633 0.865851
vn -0.174856 0.453421 0.873977
vn -0.203825 0.480587 0.852931
vn 0.946501 0.197754 0.255009
vn 0.869116 0.453878 0.196548
vn 0.841042 0.506427 0.190209
vn 0.953266 0.157651 0.257740
vn 0.841042 0.506427 0.190209
vn -0.016795 0.999859 -0.000522
vn 0.007922 0.999966 0.002218
vn 0.869116 0.453878 0.196548
vn 0.017705 0.999839 -0.002919
vn 0.007922 0.999966 0.002218
vn 0.841042 0.506427 0.190209
vn 0.928375 0.141200 0.343776
vn 0.927400 0.148320 0.343411
vn 0.952275 0.150891 0.265338
vn 0.956575 0.142987 0.254007
vn 0.258662 0.024253 -0.965663
vn 0.258390 0.032687 -0.965488
vn 0.221323 0.032485 -0.974659
vn 0.221402 0.018366 -0.975010
vn -0.390023 0.505913 0.769373
vn -0.385346 0.522622 0.760509
vn -0.360457 0.520313 0.774174
vn -0.364026 0.507313 0.781101
vn -0.917767 0.178373 -0.354805
vn -0.908615 0.156744 -0.387105
vn -0.899091 0.129577 -0.418145
vn -0.910436 0.165244 -0.379211
vn -0.907650 0.134727 -0.397517
vn -0.895414 0.117305 -0.429504
vn -0.899091 0.129577 -0.418145
vn -0.908615 0.156744 -0.387105
vn -0.895414 0.117305 -0.429504
vn -0.891497 0.172086 -0.419069
vn -0.895871 0.160907 -0.414155
vn -0.899091 0.129577 -0.418145
vn -0.879007 0.148726 -0.453020
vn -0.895871 0.160907 -0.414155
vn -0.891497 0.172086 -0.419069
vn -0.884973 0.160027 -0.437280
vn -0.394676 0.367674 0.842049
vn -0.391117 0.386434 0.835282
vn -0.380515 0.384606 0.841003
vn -0.383705 0.367906 0.847004
vn -0.454060 0.455228 0.765896
vn -0.437694 0.513176 0.738291
vn -0.389087 0.509313 0.767601
vn -0.402328 0.458115 0.792630
vn 0.471376 -0.287245 -0.833844
vn 0.519139 -0.263166 -0.813166
vn 0.471376 -0.287245 -0.833844
vn -0.884551 0.165012 -0.436281
vn -0.780862 0.477558 -0.402731
vn -0.765311 0.508707 -0.394355
vn -0.882198 0.179798 -0.435200
vn -0.780862 0.477558 -0.402731
vn 0.012137 0.999882 0.009427
vn -0.007697 0.999965 -0.003141
vn -0.765311 0.508707 -0.394355
vn -0.007781 0.999967 -0.002533
vn -0.007697 0.999965 -0.003141
vn -0.882313 0.141246 -0.448969
vn -0.765311 0.508707 -0.394355
vn -0.882154 0.142488 -0.448889
vn -0.875796 0.142884 -0.461049
vn 0.424865 0.035007 -0.904580
vn -0.875062 0.141572 -0.462844
vn 0.424847 0.032996 -0.904664
vn 0.416767 0.033006 -0.908414
vn 0.000000 1.000000 -0.000000
vn 0.416720 0.036285 -0.908310
vn -0.016795 0.999859 -0.000522
vn -0.018121 0.999836 0.000321
vn 0.000000 1.000000 -0.000000
vn 0.000000 1.000000 -0.000000
vn 0.000000 1.000000 -0.000000
vn 0.012513 0.999860 0.011147
vn 0.000000 1.000000 -0.000000
vn 0.012137 0.999882 0.009427
vn 0.000000 1.000000 -0.000000
vn 0.000000 1.000000 -0.000000
vn 0.000000 1.000000 -0.000000
vn 0.000000 1.000000 -0.000000
vn 0.000000 1.000000 -0.000000
vn 0.000000 1.000000 -0.000000
vn -0.879806 0.467417 0.086388
vn 0.000000 1.000000 -0.000000
vn -0.876322 0.473991 0.085978
vn -0.877985 0.472815 0.074758
vn 0.115356 0.132205 0.984487
vn -0.880613 0.467846 0.075102
vn 0.097129 0.140752 0.985269
vn 0.143297 0.122961 0.982011
vn 0.115356 0.132205 0.984487
vn 0.089944 0.150513 0.984508
vn 0.089944 0.150513 0.984508
vn 0.075655 0.140409 0.987199
vn 0.081274 0.105045 0.991141
vn 0.113238 0.120868 0.986189
vn 0.079036 0.102054 0.991634
vn 0.115356 0.132205 0.984487
vn 0.081274 0.105045 0.991141
vn 0.113238 0.120868 0.986189
vn 0.066764 0.094010 0.993330
vn 0.064000 0.095925 0.993329
vn -0.928241 0.362635 0.082850
vn 0.079036 0.102054 0.991634
vn -0.922304 0.377661 0.082025
vn -0.923728 0.376206 0.072086
vn -0.883990 0.457299 0.097158
vn -0.928968 0.362920 0.072854
vn 0.471376 -0.287245 -0.833844
vn 0.471376 -0.287245 -0.833844
vn 0.422271 -0.310286 -0.851710
vn -0.879003 0.466927 0.096610
vn -0.880600 0.465901 0.086481
vn 0.123786 0.487536 0.864283
vn -0.884825 0.457732 0.086980
vn 0.116161 0.173187 0.978015
vn 0.116452 0.153183 0.981312
vn 0.000646 0.999963 0.008623
vn 0.126185 0.458854 0.879506
vn 0.123786 0.487536 0.864283
vn 0.126185 0.458854 0.879506
vn 0.123786 0.487536 0.864283
vn -0.005618 0.999866 -0.015398
vn 0.000728 0.999962 0.008637
vn 0.018325 0.144099 0.989394
vn -0.005171 0.143351 0.989659
vn 0.000646 0.999963 0.008623
vn 0.018330 0.142115 0.989681
vn 0.995892 0.026181 -0.086683
vn 0.994365 0.023746 -0.103315
vn -0.002235 0.141358 0.989956
vn 0.995779 0.029909 -0.086770
vn 0.000000 0.999822 -0.018881
vn -0.005618 0.999866 -0.015398
vn 0.994202 0.029862 -0.103298
vn 0.000000 0.999855 -0.017026
vn 0.000000 1.000000 -0.000000
vn 0.000000 1.000000 -0.000000
vn -0.007132 0.999841 -0.016341
vn 0.000000 1.000000 -0.000000
vn 0.000000 1.000000 -0.000000
vn 0.000000 1.000000 -0.000000
vn 0.000000 1.000000 -0.000000
vn 0.000000 1.000000 -0.000000
vn -0.519450 -0.007980 0.854464
vn -0.518754 -0.007980 0.854886
vn 0.000000 1.000000 -0.000000
vn -0.519450 -0.007907 0.854464
vn -0.414195 0.603528 0.681320
vn -0.414196 0.603526 0.681321
vn -0.518755 -0.007907 0.854886
vn -0.414193 0.603528 0.681321
vn -0.471612 0.420182 0.775261
vn -0.471642 0.420059 0.775310
vn -0.414193 0.603526 0.681322
vn 0.622440 -0.317721 -0.715277
vn 0.089968 -0.399724 -0.912210
vn 0.547505 -0.428082 -0.719016
vn -0.471387 0.420184 0.775396
vn -0.495903 -0.076208 0.865027
vn -0.496022 -0.073029 0.865234
vn -0.471417 0.420061 0.775445
vn -0.518206 -0.076189 0.851855
vn -0.866031 0.000000 -0.499990
vn -0.866035 0.000000 -0.499983
vn -0.518330 -0.073010 0.852058
vn -0.866040 0.000000 -0.499974
vn -0.866005 0.000000 -0.500035
vn -0.866040 0.000000 -0.499974
vn -0.866031 0.000000 -0.499990
vn -0.866006 0.000000 -0.500033
vn -0.811245 -0.424633 -0.401956
vn -0.801858 -0.415816 -0.429092
vn -0.798411 -0.424265 -0.427247
vn -0.814417 -0.415336 -0.405243
vn -0.888967 -0.036513 -0.456514
vn -0.881055 -0.038160 -0.471472
vn -0.888716 -0.038732 -0.456819
vn -0.881166 -0.034700 -0.471532
vn -0.496690 -0.038733 0.867063
vn -0.496719 -0.038741 0.867046
vn -0.496690 -0.038741 0.867063
vn -0.496719 -0.038733 0.867047
vn -0.497092 0.000000 0.867698
vn -0.497145 0.000000 0.867667
vn -0.497092 0.000000 0.867698
vn -0.497145 0.000000 0.867667
vn -0.490028 0.167652 0.855433
vn -0.490026 0.167642 0.855436
vn -0.490025 0.167652 0.855435
vn -0.490028 0.167645 0.855434
vn -0.789474 -0.423828 -0.443960
vn -0.792036 -0.437966 -0.425282
vn -0.797060 -0.424208 -0.429817
vn -0.783537 -0.438088 -0.440622
vn -0.749292 0.604224 -0.271063
vn -0.742916 0.618143 -0.256856
vn -0.740337 0.618003 -0.264524
vn -0.752198 0.603592 -0.264338
vn -0.895521 -0.038076 -0.443387
vn -0.871473 -0.019093 -0.490072
vn -0.871172 -0.032446 -0.489904
vn -0.897027 -0.021183 -0.441469
vn -0.083999 0.985621 0.146611
vn -0.083983 0.985623 0.146608
vn -0.083994 0.985623 0.146602
vn -0.083988 0.985621 0.146617
vn -0.762840 0.600902 -0.238730
vn -0.782000 0.552836 -0.287833
vn -0.793808 0.550119 -0.259303
vn -0.752697 0.603480 -0.263171
vn -0.066042 0.991136 0.115269
vn -0.066645 0.991077 0.115432
vn -0.066262 0.991077 0.115653
vn -0.066446 0.991130 0.115096
vn -0.508492 -0.029687 0.860555
vn -0.508457 -0.029682 0.860576
vn -0.508492 -0.029682 0.860555
vn -0.508457 -0.029687 0.860576
vn -0.508330 -0.025950 0.860771
vn -0.508544 -0.025974 0.860644
vn -0.508330 -0.025974 0.860771
vn -0.508545 -0.025950 0.860644
vn -0.518157 -0.048624 0.853902
vn -0.509343 -0.048929 0.859171
vn -0.509351 -0.048632 0.859184
vn -0.518150 -0.048921 0.853890
vn -0.893865 -0.033621 -0.447073
vn -0.811145 0.002994 -0.584837
vn -0.820911 -0.032567 -0.570127
vn -0.894366 -0.001779 -0.447333
vn -0.892481 -0.000570 -0.451084
vn -0.894366 -0.001555 -0.447334
vn -0.894367 -0.000681 -0.447334
vn -0.892481 -0.001446 -0.451083
vn -0.866031 0.000000 -0.499991
vn -0.866035 0.000000 -0.499983
vn -0.866031 0.000000 -0.499990
vn -0.866022 0.000000 -0.500005
vn -0.866031 0.000000 -0.499991
vn -0.866031 0.000000 -0.499990
vn -0.866023 0.000000 -0.500005
vn -0.866036 0.000000 -0.499982
vn -0.866036 0.000000 -0.499982
vn -0.866022 0.000000 -0.500005
vn -0.866023 0.000000 -0.500005
vn -0.480303 -0.007980 0.877066
vn -0.481198 -0.007980 0.876576
vn -0.481198 -0.007889 0.876576
vn -0.480304 -0.007889 0.877067
vn -0.382976 0.603528 0.699345
vn -0.382976 0.603526 0.699346
vn -0.382979 0.603526 0.699345
vn -0.382978 0.603528 0.699344
vn -0.435626 0.420184 0.796037
vn -0.435654 0.420060 0.796087
vn -0.435884 0.420063 0.795960
vn -0.435856 0.420186 0.795910
vn -0.501228 -0.076209 0.861953
vn -0.501348 -0.073029 0.862158
vn -0.478780 -0.073010 0.874894
vn -0.478666 -0.076189 0.874685
vn 0.769119 -0.424212 0.478016
vn 0.753770 -0.424575 0.501565
vn 0.758162 -0.415361 0.502658
vn 0.772411 -0.415837 0.480063
vn 0.840021 -0.038715 0.541171
vn 0.839885 -0.036539 0.541533
vn 0.848814 -0.034762 0.527548
vn 0.848709 -0.038155 0.527482
vn -0.502503 -0.038724 0.863708
vn -0.502503 -0.038733 0.863708
vn -0.502540 -0.038733 0.863686
vn -0.502540 -0.038723 0.863686
vn -0.502849 0.000000 0.864374
vn -0.502849 0.000000 0.864374
vn -0.502917 0.000000 0.864335
vn -0.502917 0.000000 0.864335
vn -0.495866 0.167652 0.852062
vn -0.495763 0.167652 0.852122
vn -0.495785 0.167385 0.852162
vn -0.495897 0.167296 0.852114
vn 0.773390 -0.437989 0.458294
vn 0.764382 -0.437868 0.473278
vn 0.770801 -0.424150 0.475355
vn 0.779230 -0.423772 0.461755
vn 0.599309 0.617900 0.508948
vn 0.609342 0.604265 0.513387
vn 0.605017 0.603640 0.519204
vn 0.594014 0.618038 0.514952
vn 0.859843 -0.032484 0.509524
vn 0.831729 -0.038115 0.553872
vn 0.830820 -0.021220 0.556136
vn 0.860140 -0.019131 0.509700
vn -0.084965 0.985624 0.146036
vn -0.084972 0.985621 0.146049
vn -0.084989 0.985621 0.146039
vn -0.084981 0.985624 0.146026
vn 0.621528 0.550019 0.557837
vn 0.588134 0.600947 0.541259
vn 0.604273 0.603530 0.520197
vn 0.640383 0.552744 0.533276
vn -0.066452 0.991130 0.115090
vn -0.066645 0.991077 0.115432
vn -0.067030 0.991077 0.115210
vn -0.066806 0.991137 0.114825
vn -0.490993 -0.029689 0.870658
vn -0.490993 -0.029687 0.870658
vn -0.490976 -0.029687 0.870667
vn -0.490976 -0.029689 0.870667
vn -0.491259 -0.025974 0.870626
vn -0.491259 -0.025950 0.870627
vn -0.491044 -0.025950 0.870748
vn -0.491043 -0.025974 0.870748
vn -0.489354 -0.048641 0.870728
vn -0.480644 -0.048633 0.875566
vn -0.480637 -0.048921 0.875554
vn -0.489347 -0.048929 0.870716
vn 0.971188 -0.226656 -0.073634
vn 0.971187 -0.226657 -0.073634
vn 0.343337 -0.213639 -0.914592
vn 0.904278 -0.032568 0.425701
vn 0.834185 -0.033621 0.550458
vn 0.834661 -0.001772 0.550761
vn 0.912134 0.003003 0.409880
vn 0.834662 -0.000670 0.550762
vn 0.836979 -0.000558 0.547235
vn 0.836978 -0.001439 0.547235
vn 0.834661 -0.001548 0.550761
vn 0.000000 1.000000 -0.000000
vn 0.000000 1.000000 -0.000000
vn 0.000000 1.000000 -0.000000
vn 0.000000 1.000000 -0.000000
vn 0.000000 1.000000 -0.000000
vn 0.000000 1.000000 -0.000000
vn 0.000000 1.000000 -0.000000
vn 0.000000 1.000000 -0.000000
vn 0.000000 1.000000 -0.000000
vn 0.000000 1.000000 -0.000000
vn 0.000000 1.000000 -0.000000
vn 0.000000 1.000000 -0.000000
vn 0.000000 1.000000 -0.000000
vn 0.000000 1.000000 -0.000000
vn 0.000000 1.000000 -0.000000
vn 0.000000 1.000000 -0.000000
vn 0.866030 0.000000 0.499992
vn 0.866035 0.000000 0.499983
vn 0.866035 0.000000 0.499983
vn 0.866035 0.000000 0.499984
vn 0.866035 0.000000 0.499984
vn 0.866037 0.000000 0.499979
vn 0.866030 0.000000 0.499992
vn 0.866041 0.000000 0.499973
vn 0.866037 0.000000 0.499979
vn 0.866035 0.000000 0.499984
vn 0.866041 0.000000 0.499973
vn 0.866035 0.000000 0.499984
vn 0.866055 0.000000 0.499949
vn 0.866036 0.000000 0.499982
vn 0.866036 0.000000 0.499982
vn 0.866054 0.000000 0.499950
vn 0.866037 0.000000 0.499979
vn -0.496637 -0.049644 0.866537
vn -0.496637 -0.049644 0.866537
vn 0.866037 0.000000 0.499979
vn -0.496637 -0.049644 0.866537
vn 0.609073 0.007134 -0.793082
vn 0.497019 0.001531 -0.867738
vn 0.497041 0.007196 -0.867697
vn 0.607663 0.001518 -0.794193
vn -0.548428 0.008066 0.836159
vn -0.548428 0.008066 0.836159
vn -0.548428 0.008066 0.836159
vn -0.566226 0.000000 0.824250
vn -0.566226 0.000000 0.824250
vn -0.565528 -0.049633 0.823234
vn -0.566226 0.000000 0.824250
vn -0.564968 -0.049634 0.823619
vn -0.564972 -0.049489 0.823625
vn -0.550706 -0.132501 0.824115
vn -0.565532 -0.049486 0.823240
vn -0.560686 -0.132388 0.817377
vn -0.560373 -0.136468 0.816920
vn -0.564136 -0.001767 0.825680
vn -0.550141 -0.136496 0.823841
vn 0.655440 -0.329278 -0.679687
vn 0.655440 -0.329278 -0.679687
vn 0.971188 -0.226656 -0.073634
vn -0.564136 -0.001767 0.825680
vn -0.873528 0.000000 -0.486774
vn -0.873286 0.000000 -0.487207
vn -0.564136 -0.001767 0.825680
vn -0.873537 0.000000 -0.486758
vn -0.823118 -0.504740 -0.260219
vn -0.836606 -0.504299 -0.213946
vn -0.873291 0.000000 -0.487199
vn -0.836170 -0.471179 -0.280732
vn 0.486637 -0.229651 -0.842879
vn 0.499443 0.046595 -0.865093
vn -0.851806 -0.465662 -0.239971
vn 0.772124 -0.213406 -0.598567
vn -0.797242 0.239530 -0.554104
vn -0.797242 0.239530 -0.554104
vn 0.727028 0.044601 -0.685158
vn -0.797242 0.239530 -0.554104
vn -0.639889 0.383320 0.666039
vn -0.647853 0.338675 0.682338
vn -0.635814 0.383796 0.669658
vn -0.651630 0.339625 0.678258
vn -0.504393 0.392690 0.769014
vn -0.506324 0.386574 0.770841
vn -0.505792 0.386663 0.771146
vn -0.504907 0.392676 0.768683
vn -0.456829 0.394144 0.797470
vn -0.456723 0.394373 0.797417
vn -0.456780 0.394374 0.797384
vn -0.456771 0.394152 0.797499
vn -0.003612 0.999974 0.006307
vn -0.003638 0.999974 0.006299
vn -0.003615 0.999974 0.006311
vn -0.003634 0.999974 0.006294
vn -0.914545 0.053454 -0.400937
vn -0.906083 0.055067 -0.419502
vn -0.914414 0.052959 -0.401300
vn -0.907109 0.056164 -0.417131
vn -0.886212 0.054409 -0.460073
vn -0.888447 0.059187 -0.455147
vn -0.885960 0.059735 -0.459899
vn -0.888438 0.054396 -0.455762
vn -0.986065 0.014547 -0.165723
vn -0.982239 0.016186 -0.186936
vn -0.982262 0.014659 -0.186941
vn -0.984051 0.016415 -0.177127
vn -0.305032 0.789451 0.532657
vn -0.305020 0.789462 0.532647
vn -0.305025 0.789461 0.532645
vn -0.305027 0.789451 0.532660
vn 0.000000 -1.000000 -0.000000
vn 0.000000 -1.000000 -0.000000
vn 0.000000 -1.000000 -0.000000
vn 0.000000 -1.000000 -0.000000
vn -0.056778 0.993452 0.099148
vn -0.057186 0.993438 0.099049
vn -0.056837 0.993438 0.099250
vn -0.057127 0.993450 0.098966
vn -0.496825 0.027025 0.867430
vn -0.496755 0.027014 0.867470
vn -0.496755 0.027025 0.867470
vn -0.496825 0.027014 0.867430
vn -0.879997 -0.001218 -0.474978
vn -0.882654 -0.004593 -0.470002
vn -0.882052 -0.001421 -0.471149
vn -0.879991 -0.003838 -0.474975
vn -0.499699 -0.003745 0.866191
vn -0.497089 -0.003621 0.867692
vn -0.499610 -0.003621 0.866243
vn -0.497089 -0.003745 0.867692
vn -0.789349 -0.008612 0.613884
vn -0.789350 -0.008612 0.613884
vn -0.789350 -0.008612 0.613884
vn -0.615050 -0.183576 0.766820
vn -0.615050 -0.183576 0.766820
vn 0.649116 0.245451 -0.720001
vn -0.615050 -0.183576 0.766820
vn 0.652794 0.245199 -0.716755
vn 0.654244 0.242031 -0.716509
vn 0.355182 0.028977 -0.934348
vn 0.648437 0.237628 -0.723231
vn 0.499873 0.020958 -0.865845
vn 0.499952 -0.002108 -0.866051
vn -0.668719 -0.048551 0.741928
vn 0.307527 -0.002060 -0.951537
vn -0.668719 -0.048551 0.741928
vn -0.692818 0.000000 0.721113
vn -0.731410 0.000000 0.681938
vn -0.668719 -0.048551 0.741928
vn -0.692758 -0.013131 0.721050
vn -0.878162 -0.356568 -0.318889
vn -0.819157 -0.365368 -0.442140
vn -0.715306 -0.013022 0.698690
vn -0.842095 -0.518727 -0.147641
vn -0.811536 0.001365 -0.584301
vn -0.808486 0.001435 -0.588514
vn -0.753542 -0.516479 -0.406724
vn -0.811474 -0.000207 -0.584388
vn -0.003765 0.999972 0.006521
vn -0.005144 0.999972 0.005418
vn -0.809189 -0.000215 -0.587549
vn -0.004255 0.999964 0.007371
vn -0.003634 0.999974 0.006294
vn -0.003998 0.999974 0.006086
vn -0.005905 0.999963 0.006219
vn -0.003765 0.999972 0.006521
vn -0.777594 -0.129547 0.615277
vn -0.492421 -0.136281 0.859621
vn -0.004105 0.999972 0.006249
vn -0.790679 0.074459 0.607687
vn -0.497050 0.000000 0.867722
vn -0.497050 0.000000 0.867722
vn -0.495444 0.080534 0.864898
vn -0.497050 0.000000 0.867722
vn -0.496424 -0.049676 0.866658
vn -0.496445 -0.049680 0.866645
vn -0.496424 -0.049676 0.866658
vn -0.496424 -0.049676 0.866658
vn -0.496424 -0.049676 0.866658
vn -0.497250 0.000000 0.867607
vn -0.496384 -0.049667 0.866681
vn -0.497250 0.000000 0.867607
vn -0.502317 -0.049657 0.863256
vn -0.502317 -0.049657 0.863256
vn -0.497250 0.000000 0.867607
vn -0.502317 -0.049657 0.863256
vn 0.502949 0.001532 -0.864315
vn 0.382295 0.007134 -0.924013
vn 0.502902 0.007196 -0.864313
vn 0.383963 0.001519 -0.923347
vn -0.449928 0.008095 0.893028
vn -0.449928 0.008095 0.893028
vn -0.449928 0.008095 0.893028
vn -0.430648 0.000000 0.902520
vn -0.430648 0.000000 0.902520
vn -0.430117 -0.049646 0.901407
vn -0.430648 0.000000 0.902520
vn -0.430120 -0.049485 0.901414
vn -0.430791 -0.049488 0.901094
vn -0.438298 -0.132501 0.889010
vn -0.430788 -0.049647 0.901087
vn -0.438343 -0.136477 0.888386
vn -0.427286 -0.136449 0.893761
vn -0.432941 -0.001809 0.901421
vn -0.427523 -0.132388 0.894258
vn -0.432941 -0.001809 0.901421
vn 0.858276 0.000000 0.513189
vn 0.858266 0.000000 0.513205
vn -0.432941 -0.001809 0.901421
vn 0.858556 0.000000 0.512720
vn 0.633707 -0.465655 0.617722
vn 0.603574 -0.504288 0.617569
vn 0.858550 0.000000 0.512729
vn 0.661187 -0.471173 0.583805
vn 0.229850 0.044612 -0.972203
vn 0.499471 0.046601 -0.865076
vn 0.636899 -0.504729 0.582759
vn 0.132307 -0.213411 -0.967962
vn 0.878326 0.240151 0.413365
vn 0.878326 0.240151 0.413365
vn 0.486637 -0.229651 -0.842879
vn 0.878327 0.240150 0.413365
vn -0.266915 0.339418 0.901971
vn -0.256797 0.383938 0.886931
vn -0.261956 0.384411 0.885216
vn -0.261505 0.340368 0.903197
vn -0.413683 0.393281 0.821095
vn -0.414368 0.386490 0.823969
vn -0.413079 0.393266 0.821406
vn -0.414958 0.386588 0.823626
vn -0.462186 0.394381 0.794259
vn -0.462173 0.393981 0.794465
vn -0.462087 0.394383 0.794316
vn -0.462269 0.393995 0.794402
vn -0.003635 0.999974 0.006301
vn -0.003655 0.999974 0.006282
vn -0.003658 0.999974 0.006286
vn -0.003634 0.999974 0.006294
vn 0.804496 0.053401 0.591552
vn 0.815803 0.054939 0.575715
vn 0.814333 0.055985 0.577692
vn 0.804734 0.052929 0.591271
vn 0.500011 0.000000 -0.866019
vn 0.499925 0.000000 -0.866069
vn 0.499915 0.000000 -0.866074
vn 0.500000 0.000000 -0.866026
vn 0.500011 0.000000 -0.866019
vn 0.500075 0.000000 -0.865982
vn 0.500000 0.000000 -0.866026
vn 0.500106 0.000000 -0.865964
vn 0.841527 0.054405 0.537468
vn 0.838395 0.059156 0.541843
vn 0.838921 0.054392 0.541529
vn 0.841251 0.059701 0.537338
vn 0.636601 0.014516 0.771057
vn 0.653156 0.016166 0.757051
vn 0.645525 0.016396 0.763563
vn 0.653171 0.014630 0.757069
vn -0.308742 0.789451 0.530515
vn -0.308740 0.789461 0.530501
vn -0.308747 0.789451 0.530512
vn -0.308736 0.789460 0.530504
vn 0.000000 -1.000000 -0.000000
vn 0.000000 -1.000000 -0.000000
vn 0.000000 -1.000000 -0.000000
vn 0.000000 -1.000000 -0.000000
vn -0.057186 0.993438 0.099049
vn -0.057470 0.993451 0.098751
vn -0.057528 0.993438 0.098851
vn -0.057145 0.993449 0.098958
vn -0.502813 0.027019 0.863973
vn -0.502776 0.027025 0.863994
vn -0.502813 0.027025 0.863973
vn -0.502776 0.027019 0.863994
vn 0.848338 -0.004600 0.529436
vn 0.851305 -0.001241 0.524670
vn 0.849028 -0.001443 0.528346
vn 0.851299 -0.003849 0.524667
vn -0.500294 -0.003745 0.865848
vn -0.502899 -0.003621 0.864338
vn -0.502899 -0.003745 0.864337
vn -0.500384 -0.003621 0.865796
vn -0.136981 -0.008640 0.990536
vn -0.136981 -0.008640 0.990536
vn -0.136981 -0.008640 0.990536
vn -0.356560 -0.183581 0.916059
vn -0.356560 -0.183581 0.916059
vn 0.298986 0.245450 -0.922151
vn -0.356560 -0.183581 0.916059
vn 0.302129 0.237609 -0.923179
vn 0.293386 0.242022 -0.924851
vn 0.499984 -0.002122 -0.866032
vn 0.294326 0.245197 -0.923716
vn 0.499907 0.020961 -0.865825
vn 0.631603 0.028981 -0.774750
vn -0.308197 -0.048549 0.950083
vn 0.670340 -0.002075 -0.742051
vn -0.308197 -0.048549 0.950083
vn -0.247454 -0.013016 0.968812
vn -0.224906 0.000000 0.974380
vn -0.308197 -0.048549 0.950083
vn 0.999514 -0.030996 0.003292
vn 0.999514 -0.030996 0.003292
vn 0.655440 -0.329278 -0.679687
vn 0.999514 -0.030996 0.003292
vn 0.994934 -0.068417 -0.073658
vn 0.997361 0.002886 0.072542
vn 0.885131 -0.394904 -0.246158
vn 0.880412 -0.292644 -0.373142
vn 0.999514 -0.030996 0.003292
vn 0.880412 -0.292644 -0.373142
vn 0.870414 -0.243093 -0.428119
vn 0.880412 -0.292644 -0.373142
vn 0.686262 -0.165591 -0.708254
vn 0.780357 -0.077864 -0.620468
vn 0.880412 -0.292644 -0.373142
vn 0.780357 -0.077864 -0.620468
vn 0.765261 -0.000819 -0.643719
vn 0.697919 -0.144654 -0.701416
vn -0.278075 -0.013125 0.960470
vn 0.715224 -0.356573 0.601091
vn 0.548920 -0.518702 0.655466
vn -0.278100 0.000000 0.960552
vn 0.792447 -0.365372 0.488396
vn 0.911783 0.001351 0.410670
vn 0.911827 -0.000210 0.410574
vn 0.728985 -0.516454 0.449283
vn 0.913893 0.001421 0.405953
vn 0.499901 0.020960 -0.865829
vn 0.000000 1.000000 -0.000000
vn 0.913412 -0.000218 0.407037
vn 0.499883 0.020960 -0.865839
vn 0.499883 0.020960 -0.865839
vn 0.499930 0.020974 -0.865812
vn 0.499930 0.020974 -0.865812
vn 0.499876 0.020958 -0.865843
vn 0.499901 0.020960 -0.865829
vn 0.499883 0.020960 -0.865839
vn 0.499873 0.020958 -0.865845
vn 0.000000 1.000000 -0.000000
vn 0.499883 0.020960 -0.865839
vn 0.499904 0.020961 -0.865827
vn 0.499850 0.020965 -0.865858
vn 0.686262 -0.165591 -0.708254
vn 0.697919 -0.144654 -0.701416
vn 0.697919 -0.144654 -0.701416
vn 0.499850 0.020965 -0.865858
vn -0.002433 0.999963 0.008223
vn -0.002120 0.999972 0.007164
vn 0.499907 0.020961 -0.865825
vn -0.004255 0.999964 0.007371
vn -0.003634 0.999974 0.006294
vn -0.003765 0.999972 0.006521
vn -0.003765 0.999972 0.006521
vn -0.003271 0.999974 0.006505
vn -0.144064 -0.129540 0.981053
vn -0.130947 0.074467 0.988589
vn -0.003359 0.999972 0.006680
vn -0.498256 -0.136259 0.856256
vn -0.502861 0.000000 0.864367
vn -0.501313 0.080534 0.861510
vn -0.502861 0.000000 0.864367
vn -0.502861 0.000000 0.864367
vn -0.601173 -0.126947 -0.788971
vn -0.601173 -0.126947 -0.788971
vn 0.539022 -0.246717 -0.805348
vn -0.502312 -0.049662 0.863259
vn -0.502326 -0.049659 0.863251
vn -0.502284 -0.049667 0.863275
vn -0.502312 -0.049662 0.863259
vn -0.502312 -0.049662 0.863259
vn -0.502944 0.000000 0.864319
vn -0.502944 0.000000 0.864319
vn -0.502312 -0.049662 0.863259
vn -0.502944 0.000000 0.864319
vn -0.455299 0.413219 0.788640
vn -0.433279 0.401093 0.807090
vn -0.430757 0.413056 0.802392
vn -0.457994 0.401254 0.793244
vn -0.866037 0.000000 -0.499980
vn -0.866021 0.000000 -0.500007
vn -0.866021 0.000000 -0.500007
vn -0.866037 0.000000 -0.499980
vn -0.866012 0.000000 -0.500023
vn -0.866037 0.000000 -0.499980
vn -0.866037 0.000000 -0.499980
vn -0.866025 0.000000 -0.500001
vn -0.866012 0.000000 -0.500023
vn -0.866024 0.000000 -0.500003
vn -0.866025 0.000000 -0.500001
vn -0.866023 0.000000 -0.500004
vn -0.499655 0.036114 0.865471
vn -0.499712 0.036103 0.865439
vn -0.499686 0.036103 0.865454
vn -0.499692 0.036114 0.865450
vn -0.499673 0.036136 0.865460
vn -0.499624 0.036136 0.865488
vn -0.499692 0.036114 0.865450
vn -0.499655 0.036114 0.865471
vn -0.457938 0.401254 0.793277
vn -0.482290 0.401094 0.778794
vn -0.479483 0.413056 0.774262
vn -0.455299 0.413219 0.788640
vn 0.000000 1.000000 -0.000000
vn 0.000000 1.000000 -0.000000
vn 0.000000 1.000000 -0.000000
vn 0.000000 1.000000 -0.000000
vn 0.000000 1.000000 -0.000000
vn 0.000000 1.000000 -0.000000
vn 0.000000 1.000000 -0.000000
vn 0.000000 1.000000 -0.000000
vn 0.500013 0.000000 -0.866018
vn 0.500013 0.000000 -0.866018
vn 0.500006 0.000000 -0.866022
vn 0.500006 0.000000 -0.866022
vn 0.500006 0.000000 -0.866022
vn 0.500000 0.000000 -0.866026
vn 0.500000 0.000000 -0.866026
vn 0.500006 0.000000 -0.866022
vn 0.866022 0.000000 0.500006
vn 0.866031 0.000000 0.499990
vn 0.866032 0.000000 0.499989
vn 0.866022 0.000000 0.500006
vn 0.866031 0.000000 0.499990
vn 0.865994 0.000000 0.500055
vn 0.866010 0.000000 0.500027
vn 0.866032 0.000000 0.499989
vn 0.866010 0.000000 0.500027
vn 0.865994 0.000000 0.500055
vn 0.866008 0.000000 0.500030
vn 0.866023 0.000000 0.500004
vn -0.480352 -0.007971 -0.877040
vn -0.480977 -0.007971 -0.876697
vn -0.480977 -0.007907 -0.876698
vn -0.382843 0.603602 -0.699354
vn -0.480352 -0.007907 -0.877040
vn -0.382871 0.603525 -0.699405
vn -0.383017 0.603527 -0.699323
vn -0.435515 0.420138 -0.796122
vn -0.382989 0.603604 -0.699272
vn -0.435542 0.420014 -0.796173
vn -0.435774 0.420017 -0.796045
vn -0.501098 -0.076208 -0.862029
vn -0.435746 0.420141 -0.795994
vn -0.501217 -0.073029 -0.862234
vn -0.478646 -0.073010 -0.874967
vn 0.866026 0.000000 -0.499999
vn -0.478532 -0.076189 -0.874758
vn 0.866021 0.000000 -0.500007
vn 0.866026 0.000000 -0.499999
vn 0.866006 0.000000 -0.500034
vn 0.866023 0.000000 -0.500004
vn 0.866023 0.000000 -0.500004
vn 0.769194 -0.424268 -0.477846
vn 0.753688 -0.424635 -0.501637
vn 0.866006 0.000000 -0.500033
vn 0.772521 -0.415808 -0.479912
vn 0.839958 -0.038734 -0.541267
vn 0.839819 -0.036516 -0.541636
vn 0.758125 -0.415327 -0.502742
vn 0.848816 -0.038163 -0.527309
vn -0.502477 -0.038728 -0.863723
vn -0.502477 -0.038741 -0.863722
vn 0.848923 -0.034703 -0.527376
vn -0.502526 -0.038727 -0.863694
vn -0.502903 0.000000 -0.864343
vn -0.502903 0.000000 -0.864343
vn -0.502526 -0.038741 -0.863694
vn -0.502931 0.000000 -0.864327
vn -0.495789 0.167565 -0.852124
vn -0.495745 0.167565 -0.852150
vn -0.502931 0.000000 -0.864327
vn -0.495802 0.167413 -0.852146
vn 0.770771 -0.424210 -0.475350
vn 0.779215 -0.423831 -0.461726
vn -0.495754 0.167451 -0.852167
vn 0.764340 -0.437951 -0.473269
vn 0.599271 0.617965 -0.508913
vn 0.609376 0.604233 -0.513384
vn 0.773364 -0.438073 -0.458259
vn 0.593939 0.618104 -0.514960
vn 0.859854 -0.032446 -0.509509
vn 0.831737 -0.038077 -0.553862
vn 0.605020 0.603604 -0.519243
vn 0.860150 -0.019091 -0.509684
vn -0.084959 0.985625 -0.146034
vn -0.084962 0.985624 -0.146038
vn 0.830828 -0.021181 -0.556126
vn -0.498972 0.131233 0.856624
vn -0.498972 0.131233 0.856624
vn -0.601173 -0.126947 -0.788971
vn -0.084965 0.985625 -0.146030
vn 0.621428 0.550180 -0.557789
vn 0.588156 0.600914 -0.541271
vn -0.084967 0.985624 -0.146035
vn 0.640215 0.552895 -0.533322
vn -0.067030 0.991077 -0.115215
vn -0.066807 0.991136 -0.114833
vn 0.604239 0.603488 -0.520286
vn -0.066647 0.991077 -0.115436
vn -0.490965 -0.029689 -0.870673
vn -0.490965 -0.029687 -0.870674
vn -0.066455 0.991129 -0.115095
vn -0.490948 -0.029689 -0.870683
vn -0.491336 -0.025980 -0.870583
vn -0.491336 -0.025944 -0.870584
vn -0.490948 -0.029687 -0.870683
vn -0.491015 -0.025980 -0.870764
vn -0.489311 -0.048638 -0.870752
vn -0.480423 -0.048630 -0.875688
vn -0.491016 -0.025944 -0.870764
vn 0.172293 -0.496694 0.850653
vn 0.225946 0.129937 0.965435
vn -0.498972 0.131233 0.856624
vn -0.489304 -0.048932 -0.870739
vn 0.904217 -0.032570 -0.425829
vn 0.834114 -0.033622 -0.550567
vn -0.480416 -0.048924 -0.875675
vn -0.781369 -0.001594 -0.624068
vn 0.535791 -0.051658 0.842769
vn 0.521160 0.115220 0.845646
vn -0.513466 -0.048384 -0.856745
vn -0.825242 0.003270 -0.564770
vn -0.480844 -0.047665 -0.875510
vn 0.912076 0.002999 -0.410011
vn 0.834590 -0.000685 -0.550871
vn 0.836885 -0.000574 -0.547379
vn 0.834589 -0.001776 -0.550870
vn -0.825242 0.003270 -0.564770
vn -0.996747 0.057610 -0.056369
vn -0.998128 0.060905 -0.005636
vn 0.834590 -0.001555 -0.550870
vn 0.866026 0.000000 -0.499999
vn 0.866030 0.000000 -0.499993
vn 0.836884 -0.001447 -0.547379
vn 0.866021 0.000000 -0.500007
vn 0.866022 0.000000 -0.500006
vn 0.866030 0.000000 -0.499993
vn 0.866022 0.000000 -0.500006
vn 0.866026 0.000000 -0.499999
vn 0.866022 0.000000 -0.500006
vn 0.866023 0.000000 -0.500004
vn 0.866023 0.000000 -0.500004
vn 0.866022 0.000000 -0.500006
vn -0.519412 -0.007898 -0.854487
vn -0.518712 -0.007971 -0.854912
vn -0.519412 -0.007971 -0.854487
vn -0.518713 -0.007898 -0.854912
vn -0.414147 0.603565 -0.681316
vn -0.414234 0.603526 -0.681298
vn -0.414219 0.603564 -0.681273
vn -0.414162 0.603527 -0.681341
vn -0.471441 0.420141 -0.775387
vn -0.471697 0.420015 -0.775300
vn -0.471667 0.420139 -0.775251
vn -0.471470 0.420017 -0.775436
vn -0.518255 -0.076201 -0.851825
vn -0.495976 -0.073029 -0.865260
vn -0.495857 -0.076221 -0.865053
vn -0.504028 -0.017454 0.863511
vn -0.497901 0.085175 0.863041
vn -0.781369 -0.001594 -0.624068
vn -0.518379 -0.073010 -0.852029
vn -0.801942 -0.415828 0.428925
vn -0.811279 -0.424599 0.401923
vn -0.798511 -0.424235 0.427089
vn -0.814435 -0.415349 0.405193
vn -0.881152 -0.038156 0.471291
vn -0.888946 -0.036533 0.456552
vn -0.888700 -0.038719 0.456852
vn -0.881262 -0.034746 0.471350
vn -0.496703 -0.038737 -0.867056
vn -0.496715 -0.038741 -0.867049
vn -0.496716 -0.038737 -0.867048
vn -0.496703 -0.038741 -0.867055
vn -0.497077 0.000000 -0.867707
vn -0.497145 0.000000 -0.867667
vn -0.497145 0.000000 -0.867667
vn -0.497077 0.000000 -0.867707
vn -0.490052 0.167527 -0.855443
vn -0.490060 0.167566 -0.855431
vn -0.490049 0.167566 -0.855438
vn -0.490063 0.167537 -0.855436
vn -0.789506 -0.423797 0.443933
vn -0.792056 -0.437864 0.425350
vn -0.783601 -0.437985 0.440612
vn -0.797054 -0.424174 0.429861
vn -0.742920 0.618118 0.256903
vn -0.749275 0.604246 0.271062
vn -0.740350 0.617979 0.264545
vn -0.752171 0.603616 0.264359
vn -0.871493 -0.019138 0.490034
vn -0.895512 -0.038098 0.443403
vn -0.871193 -0.032475 0.489865
vn -0.897017 -0.021225 0.441487
vn -0.083981 0.985625 -0.146598
vn -0.083989 0.985624 -0.146599
vn -0.083987 0.985625 -0.146595
vn -0.083983 0.985624 -0.146603
vn -0.782037 0.552741 0.287914
vn -0.762834 0.600923 0.238697
vn -0.793874 0.550017 0.259318
vn -0.752670 0.603504 0.263195
vn -0.066041 0.991136 -0.115272
vn -0.066647 0.991077 -0.115436
vn -0.066447 0.991129 -0.115098
vn 0.262030 0.964810 -0.021953
vn -0.333312 -0.025783 0.942464
vn -0.322396 0.079480 0.943262
vn -0.066262 0.991077 -0.115658
vn -0.508481 -0.029682 -0.860562
vn -0.508516 -0.029687 -0.860541
vn -0.508516 -0.029682 -0.860541
vn -0.508480 -0.029687 -0.860562
vn -0.508569 -0.025980 -0.860629
vn -0.508252 -0.025944 -0.860817
vn -0.508252 -0.025980 -0.860816
vn 0.068034 0.963529 0.258810
vn 0.262030 0.964810 -0.021953
vn 0.262030 0.964810 -0.021953
vn -0.508569 -0.025944 -0.860630
vn -0.509475 -0.048932 -0.859093
vn -0.518115 -0.048633 -0.853927
vn -0.509483 -0.048641 -0.859105
vn -0.518108 -0.048924 -0.853915
vn -0.811037 0.002999 0.584987
vn -0.893801 -0.033623 0.447201
vn -0.820808 -0.032570 0.570275
vn -0.894301 -0.001774 0.447462
vn -0.894302 -0.001548 0.447462
vn -0.892412 -0.000561 0.451221
vn -0.894303 -0.000672 0.447462
vn -0.892411 -0.001439 0.451221
vn 0.000000 1.000000 -0.000000
vn 0.000000 1.000000 -0.000000
vn 0.000000 1.000000 -0.000000
vn 0.000000 1.000000 -0.000000
vn 0.000000 1.000000 -0.000000
vn 0.000000 1.000000 -0.000000
vn 0.000000 1.000000 -0.000000
vn 0.000000 1.000000 -0.000000
vn 0.000000 1.000000 -0.000000
vn 0.000000 1.000000 -0.000000
vn 0.000000 1.000000 -0.000000
vn 0.000000 1.000000 -0.000000
vn 0.000000 1.000000 -0.000000
vn 0.000000 1.000000 -0.000000
vn 0.000000 1.000000 -0.000000
vn 0.721390 0.627387 0.293227
vn 0.068034 0.963529 0.258810
vn 0.068034 0.963529 0.258810
vn 0.637232 0.641170 -0.427594
vn 0.721390 0.627387 0.293227
vn 0.721390 0.627387 0.293227
vn 0.157725 0.328253 -0.931329
vn 0.637232 0.641170 -0.427594
vn 0.637232 0.641170 -0.427594
vn 0.000000 1.000000 -0.000000
vn -0.866023 0.000000 0.500004
vn -0.866020 0.000000 0.500010
vn -0.866023 0.000000 0.500004
vn -0.866020 0.000000 0.500010
vn -0.866020 0.000000 0.500009
vn -0.866022 0.000000 0.500006
vn -0.866023 0.000000 0.500004
vn -0.866023 0.000000 0.500004
vn -0.866023 0.000000 0.500004
vn -0.866023 0.000000 0.500004
vn -0.866022 0.000000 0.500006
vn -0.866020 0.000000 0.500009
vn -0.866038 0.000000 0.499979
vn -0.866010 0.000000 0.500026
vn -0.866038 0.000000 0.499978
vn -0.008043 0.410023 -0.912040
vn 0.188812 0.474997 -0.859493
vn 0.024265 0.304637 -0.952159
vn -0.866010 0.000000 0.500026
vn -0.866022 0.000000 0.500006
vn -0.502318 -0.049652 -0.863256
vn -0.866022 0.000000 0.500006
vn -0.502318 -0.049652 -0.863256
vn 0.502878 0.007195 0.864328
vn 0.382287 0.007133 0.924016
vn -0.502318 -0.049652 -0.863256
vn -0.292424 0.595998 -0.747847
vn -0.292424 0.595998 -0.747847
vn -0.292424 0.595998 -0.747847
vn 0.620852 0.783148 -0.034952
vn 0.620852 0.783148 -0.034952
vn 0.620852 0.783148 -0.034952
vn 0.502925 0.001532 0.864329
vn -0.449978 0.008106 -0.893003
vn -0.449978 0.008106 -0.893003
vn 0.383954 0.001519 0.923351
vn -0.449978 0.008106 -0.893003
vn -0.430671 0.000000 -0.902509
vn -0.430671 0.000000 -0.902509
vn -0.430671 0.000000 -0.902509
vn -0.430140 -0.049641 -0.901396
vn -0.430143 -0.049495 -0.901403
vn -0.430756 -0.049497 -0.901110
vn -0.430753 -0.049643 -0.901103
vn 0.941087 -0.204209 0.269543
vn 0.988793 0.042670 0.143062
vn 0.970905 -0.198795 0.133508
vn -0.438275 -0.132515 -0.889019
vn -0.438320 -0.136496 -0.888394
vn -0.427250 -0.136467 -0.893775
vn -0.427488 -0.132402 -0.894273
vn 0.685290 0.728029 -0.018777
vn 0.685290 0.728028 -0.018777
vn 0.974450 0.012021 0.224283
vn 0.808628 0.563361 0.169541
vn 0.808628 0.563361 0.169541
vn 0.685290 0.728028 -0.018777
vn 0.786968 0.612382 -0.075298
vn 0.786968 0.612382 -0.075298
vn 0.808628 0.563361 0.169541
vn -0.464023 0.771439 -0.435389
vn -0.684172 0.674562 -0.277264
vn 0.786968 0.612382 -0.075298
vn -0.684172 0.674562 -0.277264
vn -0.684172 0.674562 -0.277264
vn -0.684172 0.674562 -0.277264
vn -0.432913 -0.001747 -0.901434
vn -0.432912 -0.001747 -0.901434
vn 0.858305 0.000000 -0.513140
vn -0.432912 -0.001747 -0.901434
vn 0.400032 -0.047516 0.915269
vn 0.430037 -0.047922 0.901539
vn -0.901526 0.432684 -0.005935
vn 0.858591 0.000000 -0.512662
vn 0.858585 0.000000 -0.512671
vn 0.636936 -0.504739 -0.582710
vn 0.858295 0.000000 -0.513157
vn 0.603586 -0.504298 -0.617549
vn 0.633744 -0.465635 -0.617700
vn 0.486640 -0.229623 0.842885
vn 0.661241 -0.471158 -0.583756
vn 0.664603 0.718724 0.204301
vn 0.400208 -0.057384 0.914626
vn 0.429545 -0.059249 0.901100
vn 0.499443 0.046607 0.865092
vn 0.229837 0.044614 0.972206
vn 0.132306 -0.213378 0.967970
vn 0.878458 0.239625 -0.413389
vn 0.878458 0.239625 -0.413389
vn 0.878459 0.239625 -0.413389
vn -0.256806 0.383279 -0.887213
vn -0.266990 0.338394 -0.902334
vn -0.262004 0.383758 -0.885485
vn 0.589524 0.323091 -0.740320
vn 0.664603 0.718724 0.204301
vn 0.664603 0.718724 0.204301
vn 0.549082 0.286669 -0.785067
vn 0.549379 0.329235 -0.767976
vn 0.600447 0.282546 -0.748085
vn -0.261539 0.339349 -0.903570
vn -0.413843 0.392683 -0.821300
vn -0.414518 0.385981 -0.824132
vn -0.415099 0.386079 -0.823793
vn -0.413248 0.392669 -0.821607
vn -0.462124 0.393524 -0.794721
vn -0.462141 0.394083 -0.794433
vn -0.462003 0.394086 -0.794512
vn -0.462258 0.393543 -0.794633
vn -0.003655 0.999974 -0.006282
vn -0.003636 0.999974 -0.006299
vn -0.003657 0.999974 -0.006286
vn -0.003634 0.999974 -0.006294
vn 0.804367 0.053439 -0.591725
vn 0.816449 0.055083 -0.574785
vn 0.804621 0.052935 -0.591424
vn 0.814878 0.056201 -0.576902
vn 0.841537 0.054419 -0.537452
vn 0.838399 0.059181 -0.541835
vn 0.841260 0.059727 -0.537321
vn 0.838925 0.054407 -0.541520
vn 0.636319 0.014534 -0.771289
vn 0.652964 0.016193 -0.757216
vn 0.652979 0.014649 -0.757234
vn 0.645293 0.016424 -0.763758
vn -0.308743 0.789451 -0.530514
vn -0.308760 0.789374 -0.530619
vn -0.308792 0.789375 -0.530598
vn -0.308710 0.789451 -0.530533
vn 0.000000 -1.000000 -0.000000
vn 0.000000 -1.000000 -0.000000
vn 0.000000 -1.000000 -0.000000
vn 0.000000 -1.000000 -0.000000
vn -0.057469 0.993452 -0.098750
vn -0.057187 0.993438 -0.099050
vn -0.057529 0.993438 -0.098853
vn -0.057133 0.993450 -0.098964
vn -0.502748 0.027034 -0.864010
vn -0.502753 0.027033 -0.864007
vn -0.502753 0.027034 -0.864007
vn 0.616881 0.005467 0.787037
vn 0.491280 -0.165333 0.855166
vn 0.514866 0.004616 0.857258
vn -0.502748 0.027033 -0.864010
vn 0.851339 -0.001229 -0.524614
vn 0.848357 -0.004604 -0.529404
vn 0.849051 -0.001431 -0.528309
vn 0.611136 0.359643 -0.705103
vn 0.636903 0.278763 -0.718781
vn 0.524230 -0.170003 0.834435
vn 0.851333 -0.003849 -0.524611
vn -0.500266 -0.003749 -0.865864
vn -0.502924 -0.003622 -0.864323
vn -0.500358 -0.003622 -0.865811
vn -0.502924 -0.003749 -0.864322
vn -0.136971 -0.008585 -0.990538
vn -0.136971 -0.008585 -0.990538
vn -0.136971 -0.008585 -0.990538
vn -0.356565 -0.183542 -0.916064
vn -0.356565 -0.183542 -0.916064
vn 0.298973 0.245449 0.922155
vn -0.356565 -0.183542 -0.916064
vn 0.294314 0.245196 0.923720
vn 0.293375 0.242022 0.924855
vn 0.631608 0.028985 0.774746
vn 0.302116 0.237610 0.923183
vn 0.499923 0.020965 0.865816
vn 0.500014 -0.002115 0.866015
vn -0.308268 -0.048560 -0.950059
vn 0.670339 -0.002068 0.742052
vn -0.308268 -0.048560 -0.950059
vn -0.278027 0.000000 -0.960573
vn -0.224958 0.000000 -0.974369
vn -0.308268 -0.048560 -0.950059
vn -0.278003 -0.013094 -0.960491
vn 0.715246 -0.356585 -0.601058
vn 0.792477 -0.365379 -0.488342
vn -0.247452 -0.012985 -0.968813
vn 0.548920 -0.518735 -0.655440
vn 0.911782 0.001365 -0.410673
vn 0.913914 0.001435 -0.405905
vn 0.729002 -0.516480 -0.449227
vn 0.911826 -0.000213 -0.410576
vn -0.003765 0.999972 -0.006521
vn -0.002120 0.999972 -0.007164
vn 0.913428 -0.000221 -0.407000
vn -0.004255 0.999964 -0.007370
vn -0.003634 0.999974 -0.006294
vn -0.003272 0.999974 -0.006505
vn -0.002433 0.999963 -0.008223
vn -0.003765 0.999972 -0.006521
vn -0.144057 -0.129546 -0.981053
vn -0.498267 -0.136280 -0.856246
vn -0.003360 0.999972 -0.006679
vn -0.130940 0.074467 -0.988590
vn -0.502700 0.000000 -0.864461
vn -0.502700 0.000000 -0.864461
vn -0.501325 0.080534 -0.861503
vn -0.502700 0.000000 -0.864461
vn -0.502320 -0.049660 -0.863255
vn -0.502339 -0.049656 -0.863244
vn -0.502320 -0.049660 -0.863255
vn -0.502320 -0.049660 -0.863255
vn -0.502320 -0.049660 -0.863255
vn -0.502938 0.000000 -0.864323
vn -0.502283 -0.049668 -0.863276
vn -0.502938 0.000000 -0.864323
vn -0.496445 -0.049657 -0.866647
vn -0.496445 -0.049657 -0.866647
vn -0.502938 0.000000 -0.864323
vn -0.496445 -0.049657 -0.866647
vn 0.497068 0.001533 0.867710
vn 0.609047 0.007133 0.793102
vn 0.497091 0.007195 0.867669
vn -0.446801 0.194491 -0.873236
vn 0.704049 0.352754 -0.616344
vn 0.707296 0.269079 -0.653704
vn 0.607638 0.001520 0.794213
vn -0.548420 0.008079 -0.836164
vn -0.548420 0.008079 -0.836164
vn -0.548420 0.008079 -0.836164
vn 0.052084 0.992640 0.109326
vn -0.446801 0.194491 -0.873236
vn -0.446801 0.194491 -0.873236
vn 0.684512 0.694991 0.220070
vn 0.052084 0.992640 0.109326
vn 0.052084 0.992640 0.109326
vn -0.566245 0.000000 -0.824237
vn -0.566245 0.000000 -0.824237
vn -0.565547 -0.049645 -0.823220
vn -0.566245 0.000000 -0.824237
vn 0.755461 0.649972 0.082546
vn 0.637400 0.764862 0.093314
vn 0.715255 0.654415 0.245258
vn -0.565551 -0.049495 -0.823227
vn -0.564978 -0.049497 -0.823620
vn -0.550752 -0.132514 -0.824083
vn -0.564973 -0.049646 -0.823614
vn -0.550189 -0.136493 -0.823809
vn -0.560379 -0.136465 -0.816917
vn -0.564183 -0.001765 -0.825648
vn -0.560691 -0.132401 -0.817371
vn 0.439357 0.836847 -0.326578
vn 0.439357 0.836847 -0.326578
vn 0.429517 0.825689 -0.365723
vn 0.444890 0.842835 -0.302823
vn 0.439357 0.836847 -0.326578
vn 0.439357 0.836847 -0.326578
vn -0.564183 -0.001765 -0.825648
vn -0.873567 0.000000 0.486704
vn -0.873576 0.000000 0.486688
vn -0.564183 -0.001765 -0.825648
vn -0.006923 0.893794 -0.448424
vn 0.061653 -0.074485 -0.995315
vn 0.250826 0.847563 -0.467679
vn -0.873308 0.000000 0.487169
vn -0.851820 -0.465647 0.239948
vn -0.836622 -0.504281 0.213926
vn -0.873313 0.000000 0.487160
vn -0.836186 -0.471166 0.280704
vn 0.727014 0.044591 0.685173
vn 0.499471 0.046579 0.865077
vn -0.823137 -0.504722 0.260194
vn 0.312060 -0.072910 0.947261
vn 0.130279 -0.007165 0.991452
vn -0.257194 0.530840 -0.807503
vn 0.772109 -0.213388 0.598593
vn -0.797251 0.239535 0.554088
vn -0.797251 0.239535 0.554088
vn 0.486640 -0.229623 0.842885
vn -0.797251 0.239536 0.554088
vn -0.647880 0.338682 -0.682310
vn -0.639867 0.383563 -0.665920
vn -0.635771 0.384042 -0.669557
vn 0.312060 -0.072910 0.947261
vn 0.255209 -0.102369 0.961452
vn 0.255209 -0.102369 0.961452
vn 0.431335 -0.007597 0.902160
vn 0.312060 -0.072910 0.947261
vn 0.330973 -0.079844 0.940256
vn -0.407848 -0.115216 0.905751
vn -0.413186 -0.154173 0.897501
vn 0.330973 -0.079844 0.940256
vn -0.412286 -0.147267 0.899073
vn -0.407848 -0.115216 0.905751
vn -0.412286 -0.147267 0.899073
vn -0.971386 0.235930 0.027314
vn -0.341166 -0.144653 0.928806
vn -0.338910 -0.102199 0.935252
vn -0.991424 -0.030866 -0.126985
vn -0.991424 -0.030866 -0.126985
vn -0.983629 0.052119 -0.172505
vn -0.983629 0.052119 -0.172505
vn -0.975364 -0.219833 -0.018408
vn -0.983092 -0.089727 -0.159619
vn -0.651676 0.339637 -0.678208
vn -0.504319 0.392973 -0.768918
vn -0.506370 0.386480 -0.770858
vn -0.504865 0.392959 -0.768567
vn -0.505804 0.386574 -0.771183
vn -0.456817 0.394093 -0.797502
vn -0.456864 0.393989 -0.797526
vn -0.456842 0.394093 -0.797487
vn -0.456838 0.393992 -0.797539
vn -0.003636 0.999974 -0.006299
vn -0.003613 0.999974 -0.006307
vn -0.003615 0.999974 -0.006310
vn -0.003634 0.999974 -0.006294
vn -0.914534 0.053397 0.400970
vn -0.906589 0.054914 0.418427
vn -0.907552 0.055944 0.416196
vn -0.914411 0.052933 0.401311
vn 0.500011 0.000000 0.866019
vn 0.499974 0.000000 0.866040
vn 0.499999 0.000000 0.866026
vn 0.500000 0.000000 0.866025
vn 0.500011 0.000000 0.866019
vn 0.500026 0.000000 0.866010
vn 0.500000 0.000000 0.866025
vn 0.500023 0.000000 0.866012
vn -0.886220 0.054393 0.460061
vn -0.888447 0.059156 0.455151
vn -0.888438 0.054381 0.455764
vn -0.885968 0.059702 0.459887
vn -0.984016 0.016398 0.177326
vn -0.982193 0.016169 0.187176
vn -0.986041 0.014522 0.165866
vn -0.982217 0.014635 0.187180
vn -0.305064 0.789451 -0.532638
vn -0.305059 0.789459 -0.532629
vn -0.305063 0.789459 -0.532627
vn -0.305068 0.789451 -0.532636
vn 0.000000 -1.000000 -0.000000
vn 0.000000 -1.000000 -0.000000
vn 0.000000 -1.000000 -0.000000
vn 0.000000 -1.000000 -0.000000
vn -0.056844 0.993438 -0.099248
vn -0.056785 0.993452 -0.099145
vn -0.057139 0.993450 -0.098960
vn -0.057187 0.993438 -0.099050
vn -0.496816 0.027034 -0.867435
vn -0.496854 0.027034 -0.867413
vn -0.496854 0.027028 -0.867413
vn -0.496816 0.027028 -0.867435
vn -0.882070 -0.001445 0.471116
vn -0.880033 -0.001244 0.474911
vn -0.880027 -0.003841 0.474908
vn -0.882666 -0.004590 0.469978
vn -0.497039 -0.003749 -0.867720
vn -0.497039 -0.003619 -0.867721
vn -0.499658 -0.003619 -0.866215
vn -0.499751 -0.003749 -0.866161
vn -0.789353 -0.008594 -0.613879
vn -0.789353 -0.008594 -0.613879
vn -0.615071 -0.183543 -0.766811
vn -0.789353 -0.008594 -0.613879
vn -0.615071 -0.183543 -0.766811
vn 0.649091 0.245452 0.720024
vn 0.648409 0.237612 0.723261
vn -0.615071 -0.183543 -0.766811
vn 0.652776 0.245200 0.716771
vn 0.499984 -0.002108 0.866032
vn 0.499890 0.020960 0.865835
vn 0.654230 0.242024 0.716525
vn 0.307542 -0.002060 0.951532
vn -0.668714 -0.048559 -0.741932
vn -0.668714 -0.048559 -0.741932
vn 0.355201 0.028978 0.934341
vn -0.668714 -0.048559 -0.741932
vn -0.731412 0.000000 -0.681935
vn -0.692811 -0.013116 -0.721000
vn -0.715329 -0.013006 -0.698667
vn -0.692870 0.000000 -0.721062
vn -0.842109 -0.518706 0.147636
vn -0.819188 -0.365376 0.442076
vn -0.878175 -0.356576 0.318845
vn -0.753579 -0.516466 0.406670
vn -0.811485 -0.000207 0.584373
vn -0.808521 0.001421 0.588465
vn -0.811546 0.001352 0.584287
vn -0.809218 -0.000215 0.587508
vn 0.000000 1.000000 -0.000000
vn 0.499883 0.020956 0.865839
vn 0.499901 0.020955 0.865829
vn -0.547936 -0.006611 -0.836494
vn -0.991424 -0.030866 -0.126985
vn -0.983092 -0.089727 -0.159619
vn 0.499904 0.020946 0.865827
vn 0.499904 0.020946 0.865827
vn 0.499876 0.020962 0.865843
vn 0.499883 0.020956 0.865839
vn 0.499923 0.020965 0.865816
vn 0.499883 0.020956 0.865839
vn 0.000000 -1.000000 -0.000000
vn 0.499901 0.020955 0.865829
vn 0.499876 0.020955 0.865844
vn 0.499904 0.020960 0.865827
vn 0.499876 0.020955 0.865844
vn 0.499883 0.020956 0.865839
vn 0.499890 0.020960 0.865835
vn -0.005144 0.999972 -0.005418
vn -0.004255 0.999964 -0.007371
vn -0.005905 0.999963 -0.006219
vn -0.003765 0.999972 -0.006521
vn -0.003765 0.999972 -0.006521
vn -0.003998 0.999974 -0.006086
vn -0.003634 0.999974 -0.006294
vn -0.467593 -0.093735 -0.878960
vn -0.467593 -0.093735 -0.878960
vn -0.467593 -0.093735 -0.878960
vn -0.004105 0.999972 -0.006249
vn -0.790682 0.074459 -0.607683
vn -0.492410 -0.136274 -0.859629
vn -0.777594 -0.129560 -0.615274
vn 0.714412 -0.243932 -0.655830
vn -0.193537 -0.336399 -0.921618
vn -0.467593 -0.093735 -0.878960
vn -0.495432 0.080534 -0.864905
vn -0.497052 0.000000 -0.867721
vn -0.497052 0.000000 -0.867721
vn -0.497052 0.000000 -0.867721
vn -0.479767 -0.098500 -0.871850
vn 0.714412 -0.243932 -0.655830
vn 0.714412 -0.243932 -0.655830
vn 0.220870 0.392909 0.892658
vn -0.479767 -0.098500 -0.871849
vn -0.479767 -0.098500 -0.871850
vn 0.557689 -0.547247 0.624102
vn 0.220870 0.392909 0.892658
vn 0.220870 0.392909 0.892658
vn 0.369660 -0.446630 0.814784
vn 0.544767 -0.698649 0.463809
vn 0.556850 -0.509365 0.656098
vn 0.556850 -0.509365 0.656098
vn 0.135978 -0.137426 0.981134
vn 0.557689 -0.547247 0.624102
vn -0.496448 -0.049662 -0.866645
vn -0.496434 -0.049659 -0.866653
vn -0.496475 -0.049668 -0.866629
vn -0.496448 -0.049662 -0.866645
vn -0.982436 -0.072647 -0.171877
vn -0.777062 0.002580 -0.629418
vn -0.988633 -0.078551 -0.128197
vn -0.496448 -0.049662 -0.866645
vn -0.497122 0.000000 -0.867681
vn -0.497122 0.000000 -0.867681
vn -0.496448 -0.049662 -0.866645
vn -0.497122 0.000000 -0.867681
vn -0.455315 0.413197 -0.788642
vn -0.482367 0.401082 -0.778753
vn -0.479562 0.413033 -0.774224
vn -0.458043 0.401243 -0.793222
vn 0.866031 0.000000 -0.499990
vn 0.866015 0.000000 -0.500017
vn 0.866015 0.000000 -0.500017
vn 0.866030 0.000000 -0.499993
vn 0.866031 0.000000 -0.499990
vn 0.866030 0.000000 -0.499993
vn 0.866031 0.000000 -0.499990
vn 0.866035 0.000000 -0.499984
vn 0.866031 0.000000 -0.499990
vn 0.866031 0.000000 -0.499990
vn 0.866035 0.000000 -0.499984
vn 0.866007 0.000000 -0.500032
vn -0.499667 0.036136 -0.865463
vn -0.499661 0.036103 -0.865468
vn -0.499736 0.036103 -0.865425
vn -0.982436 -0.072647 -0.171877
vn -0.998524 0.022010 0.049663
vn -0.988633 -0.078551 -0.128197
vn -0.499655 0.036136 -0.865470
vn -0.499650 0.036114 -0.865474
vn -0.499667 0.036136 -0.865463
vn -0.499599 0.036114 -0.865504
vn -0.499655 0.036136 -0.865470
vn -0.455315 0.413197 -0.788642
vn -0.433262 0.401105 -0.807093
vn -0.457912 0.401265 -0.793286
vn -0.430748 0.413033 -0.802409
vn 0.000000 1.000000 -0.000000
vn 0.000000 1.000000 -0.000000
vn 0.000000 1.000000 -0.000000
vn 0.000000 1.000000 -0.000000
vn 0.000000 1.000000 -0.000000
vn 0.000000 1.000000 -0.000000
vn 0.000000 1.000000 -0.000000
vn 0.000000 1.000000 -0.000000
vn 0.500019 0.000000 0.866015
vn 0.500012 0.000000 0.866018
vn 0.500012 0.000000 0.866018
vn 0.500019 0.000000 0.866015
vn 0.500019 0.000000 0.866015
vn 0.500025 0.000000 0.866011
vn 0.500019 0.000000 0.866015
vn 0.500025 0.000000 0.866011
vn -0.866029 0.000000 0.499994
vn -0.866024 0.000000 0.500003
vn -0.866029 0.000000 0.499994
vn -0.866024 0.000000 0.500002
vn -0.866024 0.000000 0.500002
vn -0.866034 0.000000 0.499985
vn -0.866024 0.000000 0.500003
vn -0.866026 0.000000 0.499999
vn -0.866031 0.000000 0.499990
vn -0.866034 0.000000 0.499985
vn -0.866026 0.000000 0.499999
vn -0.866054 0.000000 0.499951
vn 0.910635 0.413211 -0.000000
vn 0.915601 0.401091 -0.028313
vn 0.910275 0.413047 -0.028148
vn 0.915968 0.401252 -0.000000
vn 0.000000 0.000000 1.000000
vn 0.000000 0.000000 1.000000
vn 0.000000 0.000000 1.000000
vn 0.565182 -0.003638 -0.824958
vn 0.437083 -0.011224 -0.899351
vn -0.999372 0.009929 -0.034001
vn 0.000000 0.000000 1.000000
vn 0.000000 0.000000 1.000000
vn 0.000000 0.000000 1.000000
vn 0.000000 0.000000 1.000000
vn 0.000000 0.000000 1.000000
vn 0.000000 0.000000 1.000000
vn 0.000000 0.000000 1.000000
vn 0.000000 0.000000 1.000000
vn -0.344998 0.521555 0.780357
vn 0.562210 -0.059261 -0.824868
vn 0.425451 -0.050208 -0.903588
vn 0.000000 0.000000 1.000000
vn 0.999347 0.036123 -0.000000
vn 0.999347 0.036123 -0.000000
vn 0.999347 0.036123 -0.000000
vn 0.999347 0.036123 -0.000000
vn 0.999347 0.036123 -0.000000
vn 0.999347 0.036123 -0.000000
vn 0.999347 0.036123 -0.000000
vn 0.999347 0.036123 -0.000000
vn 0.910635 0.413211 -0.000000
vn 0.915601 0.401091 0.028316
vn 0.915968 0.401252 -0.000000
vn 0.910275 0.413047 0.028151
vn 0.000000 1.000000 -0.000000
vn 0.000000 1.000000 -0.000000
vn 0.000000 1.000000 -0.000000
vn 0.000000 1.000000 -0.000000
vn 0.000000 1.000000 -0.000000
vn 0.000000 1.000000 -0.000000
vn 0.000000 1.000000 -0.000000
vn 0.000000 1.000000 -0.000000
vn -1.000000 0.000000 -0.000000
vn -1.000000 0.000000 -0.000000
vn -1.000000 0.000000 -0.000000
vn -1.000000 0.000000 -0.000000
vn -1.000000 0.000000 -0.000000
vn -1.000000 0.000000 -0.000000
vn -1.000000 0.000000 -0.000000
vn 0.957029 -0.289911 -0.006845
vn -0.344998 0.521555 0.780357
vn -0.344998 0.521555 0.780357
vn 0.885475 -0.441957 -0.143553
vn 0.891318 -0.282442 -0.354654
vn 0.903370 -0.426065 0.048908
vn -0.461017 -0.361766 -0.810301
vn -0.461017 -0.361766 -0.810302
vn -0.461017 -0.361766 -0.810302
vn -1.000000 0.000000 -0.000000
vn 0.000000 0.000000 -1.000000
vn 0.000000 0.000000 -1.000000
vn 0.000000 0.000000 -1.000000
vn 0.000000 0.000000 -1.000000
vn 0.000000 0.000000 -1.000000
vn 0.000000 0.000000 -1.000000
vn 0.000000 0.000000 -1.000000
vn 0.000000 0.000000 -1.000000
vn 0.000000 0.000000 -1.000000
vn 0.000000 0.000000 -1.000000
vn 0.000000 0.000000 -1.000000
vn 0.000000 0.000000 -1.000000
vn 0.999731 -0.007970 0.021782
vn 0.999714 -0.007897 0.022598
vn 0.999713 -0.007970 0.022598
vn -0.082408 0.995853 -0.038546
vn -0.082408 0.995853 -0.038546
vn -0.082408 0.995853 -0.038546
vn 0.999732 -0.007897 0.021782
vn 0.797123 0.603548 0.018031
vn 0.797119 0.603553 0.018019
vn 0.797119 0.603553 0.018030
vn 0.797123 0.603548 0.018019
vn 0.907276 0.420019 0.020843
vn 0.907212 0.420173 0.020521
vn 0.907206 0.420170 0.020841
vn 0.717770 -0.004898 -0.696263
vn 0.715992 -0.190130 -0.671718
vn 0.736869 -0.005028 -0.676017
vn -0.076372 0.000521 -0.997079
vn -0.076372 0.000521 -0.997079
vn 0.707363 -0.185340 -0.682120
vn 0.907282 0.420022 0.020522
vn 0.997325 -0.073028 -0.003047
vn 0.996830 -0.076193 0.022900
vn 0.997087 -0.076212 -0.003046
vn 0.997068 -0.073009 0.022906
vn 0.000000 0.000000 1.000000
vn 0.000000 0.000000 1.000000
vn 0.000000 0.000000 1.000000
vn 0.000000 0.000000 1.000000
vn 0.000000 0.000000 1.000000
vn 0.000000 0.000000 1.000000
vn 0.000000 0.000000 1.000000
vn -0.067643 0.975866 0.207628
vn -0.067643 0.975866 0.207628
vn -0.076372 0.000521 -0.997079
vn 0.029185 -0.424270 0.905065
vn 0.029312 -0.415808 0.908980
vn 0.056287 -0.415328 0.907929
vn 0.057549 -0.424638 0.903532
vn 0.180326 0.981679 0.061558
vn 0.185607 0.978004 0.095177
vn -0.067643 0.975866 0.207628
vn 0.048756 -0.038735 0.998059
vn 0.032207 -0.038163 0.998752
vn 0.032211 -0.034696 0.998879
vn 0.049146 -0.036512 0.998124
vn 0.179130 0.982336 0.054121
vn 0.180326 0.981679 0.061558
vn 0.180326 0.981679 0.061558
vn 0.999244 -0.038735 -0.003378
vn 0.999244 -0.038736 -0.003365
vn 0.999244 -0.038732 -0.003365
vn 0.999244 -0.038732 -0.003378
vn 0.999994 0.000000 -0.003367
vn 0.999995 0.000000 -0.003296
vn 0.999995 0.000000 -0.003296
vn 0.999994 0.000000 -0.003367
vn 0.102242 0.994758 0.001940
vn 0.102242 0.994758 0.001940
vn 0.180326 0.981679 0.061558
vn 0.985861 0.167533 -0.003327
vn 0.985861 0.167533 -0.003332
vn 0.985859 0.167544 -0.003332
vn 0.026296 -0.424214 0.905180
vn 0.985858 0.167548 -0.003327
vn 0.010263 -0.423835 0.905681
vn 0.010186 -0.438086 0.898875
vn 0.141079 0.618024 0.773397
vn 0.027709 -0.437964 0.898565
vn 0.085421 0.995885 -0.030265
vn 0.085420 0.995885 -0.030265
vn 0.102242 0.994758 0.001940
vn 0.157245 0.985408 -0.065159
vn 0.097032 0.994908 -0.027246
vn 0.097032 0.994908 -0.027246
vn 0.139892 0.604216 0.784445
vn 0.147184 0.603583 0.783597
vn 0.011325 -0.032445 0.999409
vn 0.149026 0.618164 0.771793
vn 0.063766 -0.038072 0.997239
vn 0.066180 -0.021185 0.997583
vn 0.168954 0.985624 -0.000560
vn 0.011329 -0.019096 0.999754
vn 0.168961 0.985623 -0.000560
vn 0.168961 0.985623 -0.000570
vn 0.172335 0.550141 0.817096
vn 0.168953 0.985624 -0.000570
vn 0.174668 0.600895 0.780011
vn 0.148444 0.603470 0.783446
vn 0.133297 0.991076 -0.000442
vn 0.141742 0.552858 0.821132
vn 0.132850 0.991136 -0.000440
vn 0.132902 0.991129 -0.000000
vn 0.999508 -0.029688 0.010108
vn 0.133297 0.991076 -0.000000
vn 0.999508 -0.029680 0.010108
vn 0.999508 -0.029680 0.010181
vn 0.999614 -0.025977 0.009830
vn 0.999507 -0.029688 0.010181
vn 0.999615 -0.025950 0.009830
vn 0.999612 -0.025950 0.010109
vn 0.998749 -0.048640 0.011645
vn 0.999611 -0.025977 0.010109
vn 0.998580 -0.048631 0.021757
vn 0.998565 -0.048924 0.021757
vn -0.083345 -0.032572 0.995988
vn 0.998734 -0.048932 0.011645
vn 0.059745 -0.033625 0.997647
vn 0.059769 -0.001775 0.998211
vn 0.059769 -0.000680 0.998212
vn -0.100974 0.002999 0.994885
vn 0.055580 -0.000568 0.998454
vn 0.055580 -0.001444 0.998453
vn 0.000000 0.000000 1.000000
vn 0.059769 -0.001553 0.998211
vn -0.040829 0.997513 -0.057461
vn 0.097692 0.993215 -0.063092
vn 0.085421 0.995885 -0.030265
vn 0.000000 0.000000 1.000000
vn 0.000000 0.000000 1.000000
vn 0.000000 0.000000 1.000000
vn 0.000000 0.000000 1.000000
vn -0.015992 0.997603 0.067331
vn -0.040829 0.997513 -0.057461
vn -0.040829 0.997513 -0.057461
vn 0.000000 0.000000 1.000000
vn 0.000000 0.000000 1.000000
vn 0.000000 0.000000 1.000000
vn 0.000000 0.000000 1.000000
vn 0.000000 0.000000 1.000000
vn 0.999713 -0.007970 -0.022601
vn 0.999714 -0.007897 -0.022601
vn 0.000000 0.000000 1.000000
vn 0.999731 -0.007970 -0.021784
vn 0.797119 0.603553 -0.018033
vn 0.797119 0.603553 -0.018021
vn 0.999732 -0.007897 -0.021784
vn 0.797123 0.603548 -0.018033
vn 0.907206 0.420170 -0.020844
vn 0.907212 0.420173 -0.020523
vn 0.797123 0.603548 -0.018021
vn 0.907276 0.420019 -0.020845
vn 0.997087 -0.076212 0.003046
vn 0.996830 -0.076193 -0.022903
vn 0.907282 0.420022 -0.020525
vn 0.997325 -0.073028 0.003047
vn 0.029399 -0.424219 -0.905082
vn 0.029525 -0.415823 -0.908966
vn 0.997068 -0.073009 -0.022908
vn 0.057541 -0.424584 -0.903558
vn 0.048682 -0.038717 -0.998064
vn 0.032441 -0.038155 -0.998745
vn 0.056289 -0.415345 -0.907921
vn 0.049065 -0.036536 -0.998127
vn 0.999244 -0.038735 0.003378
vn 0.999244 -0.038735 0.003365
vn 0.032445 -0.034754 -0.998869
vn 0.999244 -0.038732 0.003378
vn 0.999995 0.000000 0.003296
vn 0.999994 0.000000 0.003368
vn 0.999244 -0.038732 0.003365
vn 0.999995 0.000000 0.003296
vn 0.985861 0.167533 0.003327
vn 0.985858 0.167548 0.003327
vn 0.999994 0.000000 0.003368
vn 0.985861 0.167533 0.003332
vn 0.010210 -0.437987 -0.898923
vn 0.010287 -0.423780 -0.905707
vn 0.985859 0.167544 0.003332
vn 0.027677 -0.437866 -0.898614
vn 0.141075 0.617974 -0.773438
vn 0.148912 0.618112 -0.771856
vn 0.026268 -0.424158 -0.905207
vn 0.139904 0.604359 -0.784332
vn 0.011351 -0.032479 -0.999408
vn 0.011355 -0.019139 -0.999752
vn 0.147094 0.603735 -0.783497
vn 0.063762 -0.038104 -0.997238
vn 0.168954 0.985624 0.000560
vn 0.168953 0.985624 0.000570
vn 0.066174 -0.021227 -0.997582
vn 0.168962 0.985623 0.000560
vn 0.172421 0.550010 -0.817166
vn 0.141664 0.552741 -0.821224
vn 0.168961 0.985623 0.000570
vn 0.174761 0.601028 -0.779887
vn 0.132902 0.991129 -0.000000
vn 0.132850 0.991136 0.000440
vn 0.148403 0.603618 -0.783340
vn 0.909020 -0.379799 0.171570
vn -0.015992 0.997603 0.067331
vn -0.015992 0.997603 0.067331
vn 0.133297 0.991076 -0.000000
vn 0.999508 -0.029688 -0.010106
vn 0.999507 -0.029688 -0.010179
vn 0.133297 0.991076 0.000442
vn -0.197159 0.860169 -0.470360
vn 0.909020 -0.379799 0.171570
vn 0.909020 -0.379799 0.171570
vn -0.173205 0.856727 -0.485818
vn -0.202688 0.860865 -0.466721
vn -0.197159 0.860169 -0.470360
vn 0.999508 -0.029680 -0.010106
vn 0.999614 -0.025977 -0.009828
vn 0.999611 -0.025977 -0.010107
vn 0.999508 -0.029680 -0.010179
vn -0.035872 0.999280 0.012393
vn -0.197159 0.860169 -0.470360
vn -0.197159 0.860169 -0.470360
vn 0.999615 -0.025950 -0.009828
vn 0.998749 -0.048640 -0.011646
vn 0.998734 -0.048932 -0.011646
vn 0.999612 -0.025950 -0.010107
vn 0.998580 -0.048631 -0.021759
vn -0.083486 -0.032570 -0.995977
vn -0.101116 0.003003 -0.994870
vn 0.998565 -0.048924 -0.021759
vn -0.360196 0.736161 -0.572997
vn -0.035872 0.999280 0.012393
vn -0.035872 0.999280 0.012393
vn -0.233298 0.754721 -0.613163
vn -0.233298 0.754721 -0.613163
vn -0.233298 0.754721 -0.613163
vn 0.059615 -0.033624 -0.997655
vn 0.059639 -0.000669 -0.998220
vn 0.059640 -0.001550 -0.998219
vn 0.059640 -0.001771 -0.998218
vn 0.160629 0.931882 -0.325261
vn 0.193680 0.721390 -0.664894
vn -0.233298 0.754721 -0.613163
vn 0.055418 -0.000557 -0.998463
vn 0.000000 1.000000 -0.000000
vn 0.000000 1.000000 -0.000000
vn 0.055418 -0.001440 -0.998462
vn 0.000000 1.000000 -0.000000
vn 0.000000 1.000000 -0.000000
vn 0.000000 1.000000 -0.000000
vn 0.000000 1.000000 -0.000000
vn -0.365002 0.586232 -0.723261
vn 0.160629 0.931882 -0.325261
vn 0.160629 0.931882 -0.325261
vn 0.000000 1.000000 -0.000000
vn 0.000000 1.000000 -0.000000
vn 0.000000 1.000000 -0.000000
vn 0.000000 1.000000 -0.000000
vn 0.000000 1.000000 -0.000000
vn 0.000000 1.000000 -0.000000
vn 0.000000 1.000000 -0.000000
vn 0.000000 1.000000 -0.000000
vn 0.203642 0.911229 -0.358038
vn -0.365002 0.586232 -0.723261
vn -0.365002 0.586232 -0.723260
vn 0.241745 0.848589 -0.470592
vn 0.186591 0.912890 -0.363065
vn 0.203642 0.911229 -0.358038
vn 0.186591 0.912890 -0.363065
vn 0.203642 0.911229 -0.358038
vn 0.184248 0.841371 -0.508082
vn -0.081308 0.995945 -0.038496
vn -0.249036 0.968415 0.012386
vn -0.252716 0.966457 -0.045782
vn -0.394841 -0.003118 0.918744
vn -0.462004 -0.003699 0.886870
vn -0.098434 0.995132 0.004896
vn 0.181923 -0.930250 0.318652
vn -0.165928 0.802671 0.572877
vn -0.194111 0.875516 0.442485
vn 0.181923 -0.930250 0.318652
vn 0.181923 -0.930250 0.318652
vn 0.181923 -0.930250 0.318652
vn 0.000000 1.000000 -0.000000
vn 0.000000 0.000000 -1.000000
vn 0.000000 0.000000 -1.000000
vn 0.000000 1.000000 -0.000000
vn 0.000000 0.000000 -1.000000
vn 0.000000 0.000000 -1.000000
vn 0.000000 0.000000 -1.000000
vn 0.000000 0.000000 -1.000000
vn 0.000000 0.000000 -1.000000
vn 0.000000 0.000000 -1.000000
vn 0.000000 0.000000 -1.000000
vn 0.000000 0.000000 -1.000000
vn 0.000000 0.000000 -1.000000
vn 0.000000 0.000000 -1.000000
vn 0.000000 0.000000 -1.000000
vn 0.000000 0.000000 -1.000000
vn 0.000000 0.000000 -1.000000
vn 0.000000 0.000000 -1.000000
vn 0.000000 0.000000 -1.000000
vn 0.000000 0.000000 -1.000000
vn 0.998761 -0.049650 -0.003379
vn 0.998761 -0.049650 -0.003379
vn -0.999969 0.007195 0.003351
vn 0.998761 -0.049650 -0.003379
vn 0.914903 0.338505 0.219923
vn -0.956878 0.044598 -0.287045
vn -0.904440 -0.213398 -0.369392
vn 0.218083 -0.465663 0.857670
vn 0.913248 0.339461 0.225267
vn 0.919172 0.393843 -0.003146
vn 0.007272 0.999974 -0.000000
vn 0.919037 0.394160 -0.003146
vn 0.007268 0.999974 -0.000000
vn 0.007268 0.999974 -0.000000
vn 0.919036 0.394161 -0.003052
vn 0.919178 0.393831 -0.003052
vn 0.896693 0.383432 0.221182
vn -0.081231 0.239683 0.967447
vn 0.014718 0.000000 0.999892
vn 0.015251 0.000000 0.999884
vn 0.233022 -0.504302 0.831493
vn 0.014707 0.000000 0.999892
vn 0.995762 -0.049497 0.077511
vn 0.995710 -0.049494 0.078182
vn 0.989056 -0.132500 0.064897
vn 0.995755 -0.049641 0.077510
vn 0.988209 -0.132386 0.076923
vn 0.988535 -0.136499 0.064545
vn 0.996932 0.000000 0.078278
vn -0.991627 0.001520 -0.129124
vn 0.998350 0.008090 0.056849
vn 0.998350 0.008090 0.056849
vn 0.996932 0.000000 0.078278
vn 0.996932 0.000000 0.078278
vn 0.995703 -0.049639 0.078182
vn -0.999993 0.001533 0.003390
vn -0.991370 0.007133 -0.130900
vn 0.897796 0.383911 0.215811
vn -0.081231 0.239683 0.967447
vn 0.920855 0.386273 0.053097
vn -0.973276 -0.229639 -0.000000
vn -0.081231 0.239683 0.967447
vn 0.920852 0.386369 0.052439
vn 0.918096 0.392808 0.052938
vn 0.987656 -0.136471 0.076880
vn 0.998350 0.008090 0.056849
vn 0.997126 -0.001772 0.075745
vn 0.997126 -0.001772 0.075745
vn 0.997126 -0.001772 0.075745
vn 0.015233 0.000000 0.999884
vn 0.186203 -0.504743 0.842949
vn -0.998914 0.046592 -0.000000
vn 0.174963 -0.471182 0.864509
vn 0.918127 0.392822 0.052284
vn 0.109671 0.052937 0.992557
vn 0.007274 0.999974 -0.000000
vn 0.110056 0.053439 0.992488
vn 0.092034 0.056191 0.994169
vn 0.044722 0.059707 0.997214
vn 0.089425 0.055077 0.994470
vt 0.313270 0.319714
vt 0.313270 0.372240
vt 0.260744 0.372240
vt 0.260744 0.319714
vt 0.292760 0.666572
vt 0.310636 0.620336
vt 0.319925 0.609986
vt 0.296728 0.663329
vt 0.314390 0.591935
vt 0.323963 0.573292
vt 0.333185 0.526576
vt 0.312040 0.584609
vt 0.263370 0.532803
vt 0.717650 0.127946
vt 0.710706 0.119882
vt 0.685988 0.090814
vt 0.926115 0.411125
vt 0.939019 0.422726
vt 0.938191 0.399623
vt 0.964565 0.400257
vt 0.949322 0.410079
vt 0.962366 0.397881
vt 0.942777 0.425088
vt 0.939019 0.422726
vt 0.940042 0.421931
vt 0.967493 0.403616
vt 0.942777 0.425088
vt 0.940042 0.421931
vt 0.966185 0.397432
vt 0.964565 0.400257
vt 0.969820 0.401594
vt 0.929364 0.436742
vt 0.939019 0.422726
vt 0.942777 0.425088
vt 0.967493 0.403616
vt 0.942777 0.425088
vt 0.926115 0.433004
vt 0.637680 0.766173
vt 0.964565 0.400257
vt 0.940042 0.421931
vt 0.663366 0.750560
vt 0.642767 0.753465
vt 0.663465 0.764790
vt 0.342226 0.526604
vt 0.352260 0.756408
vt 0.341675 0.765112
vt 0.341675 0.765112
vt 0.341042 0.778886
vt 0.352174 0.526576
vt 0.167611 0.673260
vt 0.303758 0.597371
vt 0.301285 0.589924
vt 0.307273 0.609149
vt 0.352260 0.756408
vt 0.341675 0.765112
vt 0.352268 0.780000
vt 0.865010 0.352209
vt 0.865010 0.328824
vt 0.352268 0.780000
vt 0.882870 0.370866
vt 0.882971 0.345113
vt 0.875744 0.331865
vt 0.888657 0.421231
vt 0.888439 0.379903
vt 0.880611 0.421273
vt 0.334169 0.799522
vt 0.326806 0.818245
vt 0.334364 0.831770
vt 0.327011 0.849973
vt 0.334364 0.831770
vt 0.334368 0.849848
vt 0.161966 0.654175
vt 0.157598 0.626804
vt 0.804953 0.123942
vt 0.155287 0.602505
vt 0.680040 0.411618
vt 0.679360 0.431041
vt 0.326806 0.818245
vt 0.680040 0.462182
vt 0.665809 0.411557
vt 0.666746 0.422073
vt 0.802646 0.125835
vt 0.774855 0.086212
vt 0.754074 0.098846
vt 0.731182 0.113669
vt 0.666746 0.422073
vt 0.667004 0.463175
vt 0.679360 0.431041
vt 0.800292 0.046325
vt 0.800997 0.107852
vt 0.782601 0.083886
vt 0.817718 0.068395
vt 0.703073 0.077075
vt 0.767330 0.040268
vt 0.732517 0.058614
vt 0.726002 0.106997
vt 0.453809 0.240038
vt 0.448003 0.254439
vt 0.445806 0.240038
vt 0.777818 0.077075
vt 0.255799 0.564551
vt 0.296452 0.575663
vt 0.750207 0.091254
vt 0.439003 0.254958
vt 0.439038 0.240038
vt 0.454905 0.252780
vt 0.341042 0.778886
vt 0.448003 0.254439
vt 0.445806 0.240038
vt 0.352272 0.799547
vt 0.352268 0.780000
vt 0.341267 0.799511
vt 0.343500 0.849958
vt 0.346625 0.850013
vt 0.346575 0.831809
vt 0.341267 0.799511
vt 0.346575 0.831809
vt 0.352272 0.799547
vt 0.346575 0.831809
vt 0.352276 0.831813
vt 0.352272 0.799547
vt 0.341223 0.831783
vt 0.343500 0.849958
vt 0.346575 0.831809
vt 0.363278 0.799507
vt 0.357976 0.831809
vt 0.363330 0.831782
vt 0.256130 0.720722
vt 0.010074 0.731153
vt 0.010000 0.720722
vt 0.261683 0.539847
vt 0.225413 0.598128
vt 0.227663 0.616992
vt 0.307448 0.570251
vt 0.361058 0.849963
vt 0.370192 0.849852
vt 0.259487 0.731242
vt 0.363330 0.831782
vt 0.370192 0.849852
vt 0.363330 0.831782
vt 0.370190 0.831769
vt 0.363330 0.831782
vt 0.370190 0.831769
vt 0.370450 0.778255
vt 0.370376 0.799515
vt 0.363278 0.799507
vt 0.233075 0.639974
vt 0.270443 0.630989
vt 0.266793 0.633811
vt 0.237543 0.654692
vt 0.363278 0.799507
vt 0.370376 0.799515
vt 0.363493 0.778880
vt 0.363493 0.778880
vt 0.370450 0.778255
vt 0.362852 0.765105
vt 0.243751 0.650433
vt 0.239924 0.635090
vt 0.263075 0.615071
vt 0.265951 0.622039
vt 0.259411 0.685988
vt 0.018541 0.702336
vt 0.010000 0.688041
vt 0.274464 0.686723
vt 0.279550 0.699431
vt 0.264681 0.700822
vt 0.257735 0.592421
vt 0.260281 0.606516
vt 0.235033 0.614775
vt 0.232786 0.597544
vt 0.565133 0.460193
vt 0.158026 0.460191
vt 0.157334 0.407470
vt 0.561894 0.403158
vt 0.157334 0.407470
vt 0.157305 0.405454
vt 0.554266 0.398205
vt 0.561894 0.403158
vt 0.847049 0.345113
vt 0.259411 0.685988
vt 0.264681 0.700822
vt 0.532022 0.932168
vt 0.517752 0.960281
vt 0.500930 0.971134
vt 0.478786 0.957867
vt 0.865010 0.371019
vt 0.865010 0.352209
vt 0.847150 0.370866
vt 0.403485 0.652612
vt 0.404479 0.639577
vt 0.404479 0.639577
vt 0.370192 0.849852
vt 0.377551 0.849974
vt 0.370192 0.849852
vt 0.370192 0.849852
vt 0.370192 0.849852
vt 0.377551 0.849974
vt 0.357930 0.850019
vt 0.361058 0.849963
vt 0.361058 0.849963
vt 0.441528 0.686801
vt 0.423341 0.682498
vt 0.436256 0.661773
vt 0.445419 0.681569
vt 0.361058 0.849963
vt 0.361058 0.849963
vt 0.357930 0.850019
vt 0.268047 0.670640
vt 0.270617 0.655720
vt 0.271278 0.670629
vt 0.516060 0.378475
vt 0.498767 0.387277
vt 0.486632 0.382360
vt 0.486198 0.378475
vt 0.945521 0.428238
vt 0.958553 0.420705
vt 0.268012 0.655720
vt 0.871039 0.421333
vt 0.945540 0.429534
vt 0.958553 0.420705
vt 0.865010 0.438470
vt 0.870116 0.438468
vt 0.865010 0.421339
vt 0.859904 0.438468
vt 0.865010 0.421339
vt 0.865010 0.438470
vt 0.528901 0.625756
vt 0.530971 0.647856
vt 0.526969 0.648716
vt 0.524583 0.626616
vt 0.816292 0.713710
vt 0.804190 0.712577
vt 0.945675 0.888312
vt 0.802807 0.717141
vt 0.935997 0.906479
vt 0.935997 0.906479
vt 0.925328 0.892080
vt 0.941926 0.881161
vt 0.941926 0.881161
vt 0.945675 0.888312
vt 0.941926 0.881161
vt 0.947635 0.882621
vt 0.967352 0.433187
vt 0.954275 0.443538
vt 0.858982 0.421333
vt 0.945521 0.428238
vt 0.958553 0.420705
vt 0.945540 0.429534
vt 0.972454 0.409493
vt 0.970410 0.406984
vt 0.958553 0.420705
vt 0.945521 0.428238
vt 0.942777 0.425088
vt 0.942777 0.425088
vt 0.970410 0.406984
vt 0.967493 0.403616
vt 0.945521 0.428238
vt 0.942777 0.425088
vt 0.973432 0.405773
vt 0.969820 0.401594
vt 0.932612 0.440482
vt 0.945521 0.428238
vt 0.929364 0.436742
vt 0.967493 0.403616
vt 0.945521 0.428238
vt 0.942777 0.425088
vt 0.279550 0.699431
vt 0.274464 0.686723
vt 0.970410 0.406984
vt 0.352174 0.526576
vt 0.300150 0.702336
vt 0.300249 0.688105
vt 0.362852 0.765105
vt 0.362123 0.526596
vt 0.352260 0.756408
vt 0.424650 0.912026
vt 0.439425 0.905897
vt 0.436009 0.901091
vt 0.426223 0.905538
vt 0.352268 0.780000
vt 0.363493 0.778880
vt 0.362852 0.765105
vt 0.352268 0.780000
vt 0.362852 0.765105
vt 0.352260 0.756408
vt 0.439664 0.899882
vt 0.791569 0.212726
vt 0.788338 0.214591
vt 0.439425 0.905897
vt 0.865010 0.352209
vt 0.854276 0.331865
vt 0.865010 0.328824
vt 0.788119 0.212514
vt 0.788119 0.212514
vt 0.777975 0.215644
vt 0.788338 0.214591
vt 0.771611 0.208526
vt 0.665856 0.091241
vt 0.661856 0.082870
vt 0.663383 0.091191
vt 0.849409 0.421273
vt 0.841364 0.421231
vt 0.847049 0.345113
vt 0.377746 0.818238
vt 0.847150 0.370866
vt 0.841581 0.379903
vt 0.377746 0.818238
vt 0.370376 0.799515
vt 0.370190 0.831769
vt 0.370192 0.849852
vt 0.377551 0.849974
vt 0.370190 0.831769
vt 0.675840 0.076775
vt 0.436009 0.901091
vt 0.439425 0.905897
vt 0.426223 0.905538
vt 0.455043 0.639577
vt 0.444589 0.652871
vt 0.435620 0.640256
vt 0.403485 0.652612
vt 0.404479 0.639577
vt 0.455104 0.653807
vt 0.865010 0.421339
vt 0.444589 0.652871
vt 0.435620 0.640256
vt 0.873807 0.421321
vt 0.865010 0.371019
vt 0.871039 0.421333
vt 0.882870 0.370866
vt 0.873807 0.421321
vt 0.865010 0.371019
vt 0.865010 0.371019
vt 0.865010 0.421339
vt 0.880611 0.421273
vt 0.865010 0.371019
vt 0.856215 0.421321
vt 0.858982 0.421333
vt 0.849409 0.421273
vt 0.856215 0.421321
vt 0.847150 0.370866
vt 0.253241 0.655720
vt 0.259047 0.670121
vt 0.252145 0.668462
vt 0.261243 0.655720
vt 0.268012 0.655720
vt 0.261243 0.655720
vt 0.363493 0.778880
vt 0.259047 0.670121
vt 0.268047 0.670640
vt 0.758386 0.212007
vt 0.751499 0.212190
vt 0.748293 0.207574
vt 0.755631 0.202217
vt 0.439425 0.905897
vt 0.438284 0.911680
vt 0.422736 0.917123
vt 0.424650 0.912026
vt 0.352272 0.799547
vt 0.363278 0.799507
vt 0.352268 0.780000
vt 0.925328 0.892080
vt 0.941926 0.881161
vt 0.755631 0.202217
vt 0.928947 0.879609
vt 0.361058 0.849963
vt 0.357976 0.831809
vt 0.357930 0.850019
vt 0.698136 0.207829
vt 0.699666 0.209873
vt 0.438284 0.911680
vt 0.748293 0.207574
vt 0.363278 0.799507
vt 0.352272 0.799547
vt 0.357976 0.831809
vt 0.439664 0.956530
vt 0.807787 0.192706
vt 0.804064 0.205562
vt 0.417953 0.963284
vt 0.788119 0.212514
vt 0.422736 0.917123
vt 0.417953 0.963284
vt 0.438284 0.911680
vt 0.357976 0.831809
vt 0.352272 0.799547
vt 0.352276 0.831813
vt 0.409539 0.962402
vt 0.788119 0.212514
vt 0.774382 0.184401
vt 0.771611 0.208526
vt 0.363330 0.831782
vt 0.357976 0.831809
vt 0.361058 0.849963
vt 0.224111 0.797958
vt 0.230460 0.786910
vt 0.230447 0.798207
vt 0.807787 0.192706
vt 0.935042 0.566193
vt 0.932873 0.577724
vt 0.924437 0.572339
vt 0.649835 0.694075
vt 0.660909 0.694059
vt 0.661766 0.705461
vt 0.649683 0.705799
vt 0.031024 0.398516
vt 0.019972 0.399251
vt 0.454369 0.666730
vt 0.030573 0.413689
vt 0.230460 0.786910
vt 0.244422 0.786900
vt 0.224123 0.786916
vt 0.445419 0.681569
vt 0.913040 0.823203
vt 0.907954 0.847559
vt 0.449278 0.665377
vt 0.257381 0.786894
vt 0.230447 0.798207
vt 0.244409 0.798220
vt 0.915515 0.824019
vt 0.049966 0.397432
vt 0.051518 0.399887
vt 0.910075 0.849546
vt 0.244409 0.798220
vt 0.257451 0.798046
vt 0.244422 0.786900
vt 0.041107 0.413536
vt 0.639482 0.706064
vt 0.629487 0.718905
vt 0.638977 0.718985
vt 0.630861 0.694059
vt 0.947474 0.569231
vt 0.936791 0.586296
vt 0.953218 0.576503
vt 0.019488 0.798047
vt 0.010754 0.786955
vt 0.019479 0.786942
vt 0.932873 0.577724
vt 0.550074 0.625483
vt 0.572073 0.647627
vt 0.572457 0.625451
vt 0.549436 0.647691
vt 0.947474 0.569231
vt 0.936230 0.561460
vt 0.935042 0.566193
vt 0.948357 0.564230
vt 0.630421 0.046487
vt 0.653019 0.055830
vt 0.659145 0.045083
vt 0.621496 0.061855
vt 0.030573 0.413689
vt 0.019763 0.435378
vt 0.032401 0.446642
vt 0.017712 0.403349
vt 0.620112 0.042286
vt 0.621496 0.061855
vt 0.630421 0.046487
vt 0.609308 0.059139
vt 0.958309 0.522540
vt 0.948357 0.564230
vt 0.958544 0.565868
vt 0.929057 0.526271
vt 0.476129 0.643079
vt 0.526969 0.648716
vt 0.524583 0.626616
vt 0.477556 0.665490
vt 0.395324 0.588965
vt 0.371207 0.617073
vt 0.395322 0.617038
vt 0.371200 0.587112
vt 0.650373 0.404994
vt 0.680717 0.391378
vt 0.644499 0.396799
vt 0.681977 0.400852
vt 0.647279 0.460193
vt 0.561894 0.403158
vt 0.565133 0.460193
vt 0.641553 0.399922
vt 0.641553 0.399922
vt 0.651169 0.449562
vt 0.648057 0.407457
vt 0.647279 0.460193
vt 0.641443 0.396148
vt 0.561894 0.403158
vt 0.641553 0.399922
vt 0.554266 0.398205
vt 0.917043 0.591865
vt 0.922161 0.584023
vt 0.916025 0.578593
vt 0.923387 0.592926
vt 0.924437 0.572339
vt 0.922161 0.584023
vt 0.932873 0.577724
vt 0.916025 0.578593
vt 0.947474 0.569231
vt 0.932873 0.577724
vt 0.935042 0.566193
vt 0.644499 0.396799
vt 0.650373 0.404994
vt 0.648057 0.407457
vt 0.641553 0.399922
vt 0.941926 0.881161
vt 0.945675 0.836448
vt 0.299316 0.796270
vt 0.928947 0.879609
vt 0.304969 0.796413
vt 0.309397 0.791767
vt 0.309397 0.791767
vt 0.302367 0.791460
vt 0.304969 0.796413
vt 0.304557 0.806736
vt 0.308733 0.811116
vt 0.308733 0.811116
vt 0.304557 0.806736
vt 0.284180 0.805864
vt 0.808595 0.636889
vt 0.287468 0.810435
vt 0.831196 0.634080
vt 0.829890 0.623806
vt 0.829890 0.623806
vt 0.807699 0.626596
vt 0.827905 0.606810
vt 0.798202 0.608546
vt 0.808625 0.647985
vt 0.807699 0.626596
vt 0.811452 0.654428
vt 0.833193 0.652340
vt 0.832531 0.645379
vt 0.832531 0.645379
vt 0.831937 0.639666
vt 0.807418 0.642418
vt 0.807418 0.642418
vt 0.808625 0.647985
vt 0.831937 0.639666
vt 0.831196 0.634080
vt 0.835039 0.671592
vt 0.808595 0.636889
vt 0.833193 0.652340
vt 0.811452 0.654428
vt 0.808349 0.694044
vt 0.814207 0.673592
vt 0.836972 0.691585
vt 0.835039 0.671592
vt 0.085777 0.939010
vt 0.814207 0.673592
vt 0.077213 0.926254
vt 0.088252 0.895278
vt 0.089947 0.897308
vt 0.088246 0.936944
vt 0.077858 0.906923
vt 0.089947 0.897308
vt 0.077213 0.926254
vt 0.088246 0.936944
vt 0.077858 0.906923
vt 0.073421 0.911560
vt 0.067784 0.911526
vt 0.073024 0.921908
vt 0.055920 0.921418
vt 0.822133 0.706086
vt 0.804190 0.712577
vt 0.053660 0.917829
vt 0.807224 0.702427
vt 0.415530 0.665825
vt 0.423341 0.682498
vt 0.436256 0.661773
vt 0.403485 0.686810
vt 0.456064 0.680047
vt 0.470911 0.672123
vt 0.454369 0.666730
vt 0.150503 0.786933
vt 0.150494 0.798178
vt 0.010000 0.798088
vt 0.164291 0.786932
vt 0.142178 0.786975
vt 0.142172 0.797955
vt 0.150494 0.798178
vt 0.164280 0.798143
vt 0.150503 0.786933
vt 0.164280 0.798143
vt 0.176824 0.786941
vt 0.176812 0.798159
vt 0.463104 0.682498
vt 0.436256 0.661773
vt 0.449278 0.665377
vt 0.445419 0.681569
vt 0.549436 0.647691
vt 0.530971 0.647856
vt 0.528901 0.625756
vt 0.550074 0.625483
vt 0.661856 0.082870
vt 0.675840 0.076775
vt 0.671108 0.094719
vt 0.672613 0.068271
vt 0.677564 0.091435
vt 0.675840 0.076775
vt 0.640636 0.074709
vt 0.665856 0.091241
vt 0.672613 0.068271
vt 0.395323 0.659930
vt 0.395323 0.620257
vt 0.661856 0.082870
vt 0.371202 0.659927
vt 0.010000 0.903028
vt 0.014488 0.908976
vt 0.371207 0.620250
vt 0.027872 0.901687
vt 0.808113 0.593959
vt 0.031278 0.907100
vt 0.810696 0.575005
vt 0.826422 0.575195
vt 0.284180 0.805864
vt 0.287468 0.810435
vt 0.827526 0.602589
vt 0.279019 0.810094
vt 0.808113 0.593959
vt 0.807724 0.576100
vt 0.810696 0.575005
vt 0.057132 0.925796
vt 0.057703 0.938785
vt 0.037387 0.939010
vt 0.045621 0.925577
vt 0.176824 0.786941
vt 0.183201 0.786885
vt 0.164291 0.786932
vt 0.647279 0.460193
vt 0.653388 0.451561
vt 0.658087 0.451685
vt 0.658366 0.460191
vt 0.647279 0.460193
vt 0.653388 0.451561
vt 0.371199 0.666557
vt 0.651169 0.449562
vt 0.068788 0.798237
vt 0.176812 0.798159
vt 0.183190 0.797927
vt 0.059492 0.786881
vt 0.059502 0.798017
vt 0.068780 0.786888
vt 0.379601 0.666551
vt 0.395322 0.662574
vt 0.516146 0.385924
vt 0.371202 0.662549
vt 0.524692 0.385848
vt 0.524677 0.378475
vt 0.623756 0.629314
vt 0.516060 0.378475
vt 0.607894 0.629727
vt 0.607927 0.652242
vt 0.049966 0.397432
vt 0.622680 0.651747
vt 0.031024 0.398516
vt 0.030573 0.413689
vt 0.030573 0.413689
vt 0.041107 0.413536
vt 0.017712 0.403349
vt 0.281365 0.802030
vt 0.274125 0.800698
vt 0.019972 0.399251
vt 0.272031 0.796413
vt 0.279019 0.810094
vt 0.274125 0.800698
vt 0.281365 0.802030
vt 0.021423 0.474697
vt 0.012444 0.474988
vt 0.010000 0.443163
vt 0.020810 0.453588
vt 0.395322 0.662574
vt 0.371202 0.662549
vt 0.371202 0.659927
vt 0.395323 0.659930
vt 0.395322 0.617038
vt 0.395323 0.620257
vt 0.371207 0.620250
vt 0.371207 0.617073
vt 0.088252 0.895278
vt 0.077858 0.906923
vt 0.070872 0.906682
vt 0.066911 0.893829
vt 0.057132 0.925796
vt 0.077213 0.926254
vt 0.085777 0.939010
vt 0.057703 0.938785
vt 0.671972 0.103950
vt 0.671108 0.094719
vt 0.677564 0.091435
vt 0.678199 0.103950
vt 0.948357 0.564230
vt 0.936230 0.561460
vt 0.922946 0.535684
vt 0.929057 0.526271
vt 0.517752 0.960281
vt 0.537741 0.938987
vt 0.795259 0.604811
vt 0.532022 0.932168
vt 0.798202 0.608546
vt 0.827905 0.606810
vt 0.836972 0.691585
vt 0.827526 0.602589
vt 0.102276 0.797985
vt 0.094670 0.786901
vt 0.102268 0.786884
vt 0.808349 0.694044
vt 0.807224 0.702427
vt 0.281365 0.802030
vt 0.831037 0.701456
vt 0.284180 0.805864
vt 0.070872 0.906682
vt 0.066911 0.893829
vt 0.279019 0.810094
vt 0.067784 0.911526
vt 0.889793 0.328967
vt 0.894973 0.328008
vt 0.053660 0.917829
vt 0.197018 0.786926
vt 0.210504 0.786919
vt 0.094678 0.798217
vt 0.892687 0.308828
vt 0.043142 0.922731
vt 0.038076 0.916764
vt 0.898185 0.308502
vt 0.027317 0.923265
vt 0.038076 0.916764
vt 0.034191 0.910855
vt 0.022461 0.918914
vt 0.197006 0.797933
vt 0.197006 0.797933
vt 0.210490 0.797944
vt 0.183201 0.786885
vt 0.183190 0.797927
vt 0.197018 0.786926
vt 0.022461 0.918914
vt 0.034191 0.910855
vt 0.031278 0.907100
vt 0.017947 0.912334
vt 0.224111 0.797958
vt 0.210504 0.786919
vt 0.224123 0.786916
vt 0.047130 0.786883
vt 0.047139 0.798026
vt 0.210490 0.797944
vt 0.030307 0.786906
vt 0.030307 0.786906
vt 0.030316 0.798039
vt 0.019488 0.798047
vt 0.030316 0.798039
vt 0.019479 0.786942
vt 0.047139 0.798026
vt 0.059492 0.786881
vt 0.059502 0.798017
vt 0.017947 0.912334
vt 0.454369 0.666730
vt 0.445419 0.681569
vt 0.014488 0.908976
vt 0.456064 0.680047
vt 0.816292 0.713710
vt 0.802807 0.717141
vt 0.453074 0.683827
vt 0.815643 0.720070
vt 0.821003 0.713066
vt 0.822133 0.706086
vt 0.795106 0.721429
vt 0.816292 0.713710
vt 0.915515 0.824019
vt 0.910075 0.849546
vt 0.804190 0.712577
vt 0.945675 0.836448
vt 0.922161 0.584023
vt 0.923387 0.592926
vt 0.928947 0.879609
vt 0.932873 0.577724
vt 0.483219 0.384814
vt 0.496909 0.389787
vt 0.936791 0.586296
vt 0.116106 0.786915
vt 0.129645 0.786887
vt 0.047130 0.786883
vt 0.486632 0.382360
vt 0.516060 0.378475
vt 0.516146 0.385924
vt 0.498767 0.387277
vt 0.498767 0.387277
vt 0.482539 0.382665
vt 0.486198 0.378475
vt 0.482182 0.378475
vt 0.116114 0.797975
vt 0.116114 0.797975
vt 0.129638 0.797965
vt 0.102268 0.786884
vt 0.102276 0.797985
vt 0.116106 0.786915
vt 0.486632 0.382360
vt 0.795736 0.173401
vt 0.769749 0.174899
vt 0.774382 0.184401
vt 0.794225 0.169301
vt 0.795736 0.173401
vt 0.807787 0.192706
vt 0.809892 0.175523
vt 0.774382 0.184401
vt 0.755631 0.202217
vt 0.694511 0.202431
vt 0.698136 0.207829
vt 0.774382 0.184401
vt 0.694511 0.202431
vt 0.769749 0.174899
vt 0.691893 0.192706
vt 0.774382 0.184401
vt 0.665541 0.020944
vt 0.621110 0.024080
vt 0.623868 0.031056
vt 0.671876 0.012018
vt 0.623868 0.031056
vt 0.615368 0.033701
vt 0.621110 0.024080
vt 0.572073 0.647627
vt 0.572457 0.625451
vt 0.595630 0.625816
vt 0.594109 0.647938
vt 0.674333 0.066314
vt 0.678773 0.055235
vt 0.675212 0.041006
vt 0.672775 0.056954
vt 0.680652 0.031452
vt 0.675212 0.041006
vt 0.669645 0.022855
vt 0.686273 0.053380
vt 0.680652 0.031452
vt 0.675212 0.041006
vt 0.686273 0.053380
vt 0.678773 0.055235
vt 0.669645 0.022855
vt 0.680652 0.031452
vt 0.665541 0.020944
vt 0.675612 0.013687
vt 0.669645 0.022855
vt 0.675612 0.013687
vt 0.672613 0.068271
vt 0.671876 0.012018
vt 0.674333 0.066314
vt 0.678773 0.055235
vt 0.674333 0.066314
vt 0.675840 0.076775
vt 0.129638 0.797965
vt 0.142178 0.786975
vt 0.142172 0.797955
vt 0.686273 0.053380
vt 0.690212 0.075063
vt 0.675840 0.076775
vt 0.690212 0.075063
vt 0.674333 0.066314
vt 0.594109 0.647938
vt 0.607894 0.629727
vt 0.595630 0.625816
vt 0.607927 0.652242
vt 0.623756 0.629314
vt 0.635209 0.651569
vt 0.635209 0.629197
vt 0.542065 0.573004
vt 0.552575 0.572987
vt 0.129645 0.786887
vt 0.622680 0.651747
vt 0.395344 0.683963
vt 0.379601 0.666551
vt 0.379619 0.683763
vt 0.395322 0.662574
vt 0.469953 0.963441
vt 0.462209 0.937028
vt 0.447879 0.937028
vt 0.594652 0.584080
vt 0.542087 0.584110
vt 0.552571 0.584089
vt 0.584329 0.573037
vt 0.584322 0.584066
vt 0.594658 0.573044
vt 0.478786 0.957867
vt 0.831037 0.701456
vt 0.822133 0.706086
vt 0.829890 0.705048
vt 0.625332 0.584155
vt 0.635855 0.573102
vt 0.635838 0.584173
vt 0.807224 0.702427
vt 0.478786 0.957867
vt 0.500930 0.971134
vt 0.469953 0.963441
vt 0.794953 0.598149
vt 0.808113 0.593959
vt 0.827526 0.602589
vt 0.795259 0.604811
vt 0.464022 0.227907
vt 0.470529 0.227243
vt 0.476436 0.232579
vt 0.466041 0.234718
vt 0.615217 0.573088
vt 0.615211 0.584131
vt 0.625338 0.573057
vt 0.573430 0.584061
vt 0.604166 0.573068
vt 0.604158 0.583870
vt 0.471508 0.208194
vt 0.476436 0.205734
vt 0.476436 0.232579
vt 0.470529 0.227243
vt 0.894973 0.328008
vt 0.898185 0.308502
vt 0.913042 0.296538
vt 0.913400 0.314637
vt 0.913042 0.296538
vt 0.918656 0.299895
vt 0.918777 0.314778
vt 0.913400 0.314637
vt 0.918777 0.314778
vt 0.918656 0.299895
vt 0.925115 0.296930
vt 0.924953 0.310647
vt 0.924953 0.310647
vt 0.925115 0.296930
vt 0.935722 0.297213
vt 0.935487 0.310503
vt 0.962843 0.328967
vt 0.935487 0.310503
vt 0.935722 0.297213
vt 0.959923 0.308832
vt 0.950672 0.565306
vt 0.956734 0.573656
vt 0.953218 0.576503
vt 0.947474 0.569231
vt 0.052118 0.435378
vt 0.041475 0.420958
vt 0.041107 0.413536
vt 0.051518 0.399887
vt 0.649683 0.705799
vt 0.639482 0.706064
vt 0.630861 0.694059
vt 0.649835 0.694075
vt 0.653019 0.055830
vt 0.659145 0.045083
vt 0.663820 0.046487
vt 0.657688 0.056138
vt 0.036927 0.443859
vt 0.036099 0.421106
vt 0.041475 0.420958
vt 0.052118 0.435378
vt 0.032401 0.446642
vt 0.020810 0.453588
vt 0.010000 0.443163
vt 0.019763 0.435378
vt 0.272031 0.796413
vt 0.281365 0.802030
vt 0.268403 0.786881
vt 0.266270 0.789742
vt 0.283936 0.795878
vt 0.037387 0.939010
vt 0.043142 0.922731
vt 0.027317 0.923265
vt 0.045621 0.925577
vt 0.561893 0.517228
vt 0.158026 0.460191
vt 0.157334 0.512916
vt 0.565133 0.460193
vt 0.157305 0.514931
vt 0.561893 0.517228
vt 0.157334 0.512916
vt 0.554266 0.522180
vt 0.843190 0.929926
vt 0.804431 0.934582
vt 0.859057 0.957169
vt 0.825772 0.920061
vt 0.456496 0.185232
vt 0.455567 0.207310
vt 0.460799 0.203418
vt 0.435771 0.198147
vt 0.486198 0.378475
vt 0.498767 0.369674
vt 0.486632 0.374587
vt 0.516060 0.378475
vt 0.745831 0.626619
vt 0.739443 0.647856
vt 0.743444 0.648719
vt 0.741513 0.625759
vt 0.180854 0.844209
vt 0.182168 0.856294
vt 0.177623 0.857745
vt 0.869614 0.788488
vt 0.894932 0.782560
vt 0.884014 0.799157
vt 0.887782 0.778810
vt 0.869614 0.788488
vt 0.946079 0.389573
vt 0.942359 0.385079
vt 0.894932 0.782560
vt 0.945559 0.381389
vt 0.930762 0.378538
vt 0.942359 0.385079
vt 0.931807 0.385306
vt 0.946079 0.389573
vt 0.942359 0.385079
vt 0.769234 0.131072
vt 0.941993 0.390137
vt 0.772957 0.131348
vt 0.756808 0.143807
vt 0.769942 0.133039
vt 0.769942 0.133039
vt 0.563864 0.572997
vt 0.563859 0.583839
vt 0.573434 0.573004
vt 0.759443 0.134629
vt 0.663383 0.116708
vt 0.661856 0.125030
vt 0.769234 0.131072
vt 0.665856 0.116659
vt 0.941993 0.390137
vt 0.931807 0.385306
vt 0.675840 0.131124
vt 0.942359 0.385079
vt 0.745160 0.156435
vt 0.737102 0.149250
vt 0.736223 0.154800
vt 0.743383 0.146420
vt 0.930762 0.378538
vt 0.945559 0.381389
vt 0.930969 0.373163
vt 0.942359 0.385079
vt 0.884014 0.799157
vt 0.894932 0.782560
vt 0.896484 0.795538
vt 0.691429 0.173868
vt 0.736223 0.154800
vt 0.745160 0.156435
vt 0.690941 0.176374
vt 0.954792 0.337784
vt 0.934402 0.328100
vt 0.787322 0.132368
vt 0.945559 0.381389
vt 0.796266 0.142326
vt 0.926115 0.326806
vt 0.930969 0.373163
vt 0.769942 0.133039
vt 0.934402 0.328100
vt 0.796266 0.142326
vt 0.769942 0.133039
vt 0.945559 0.381389
vt 0.769790 0.164329
vt 0.646007 0.950807
vt 0.652815 0.940589
vt 0.756808 0.143807
vt 0.657898 0.949156
vt 0.235062 0.558837
vt 0.246803 0.547611
vt 0.235401 0.546754
vt 0.246787 0.558685
vt 0.085580 0.966691
vt 0.085420 0.977763
vt 0.070450 0.967927
vt 0.455567 0.207310
vt 0.439375 0.211169
vt 0.926547 0.814411
vt 0.440728 0.216260
vt 0.928534 0.816531
vt 0.952891 0.811445
vt 0.083147 0.946293
vt 0.952075 0.808971
vt 0.085680 0.947716
vt 0.246803 0.577660
vt 0.234798 0.569038
vt 0.070056 0.957398
vt 0.221957 0.579033
vt 0.656009 0.969347
vt 0.666523 0.953225
vt 0.221877 0.569544
vt 0.648824 0.963287
vt 0.720979 0.647691
vt 0.720342 0.625486
vt 0.657898 0.949156
vt 0.520056 0.583920
vt 0.530079 0.573020
vt 0.530100 0.584133
vt 0.698343 0.647627
vt 0.643708 0.963879
vt 0.648824 0.963287
vt 0.697960 0.625451
vt 0.641126 0.951516
vt 0.529647 0.285153
vt 0.518519 0.290558
vt 0.646007 0.950807
vt 0.526354 0.313722
vt 0.037448 0.967813
vt 0.049352 0.979849
vt 0.510433 0.321616
vt 0.070450 0.967927
vt 0.526354 0.313722
vt 0.510433 0.321616
vt 0.081444 0.980233
vt 0.529869 0.324283
vt 0.644802 0.974209
vt 0.643708 0.963879
vt 0.512340 0.333954
vt 0.601237 0.972943
vt 0.792854 0.665493
vt 0.794282 0.643082
vt 0.605638 0.943603
vt 0.743444 0.648719
vt 0.869276 0.498244
vt 0.869308 0.474129
vt 0.745831 0.626619
vt 0.841206 0.498251
vt 0.644500 0.523587
vt 0.680733 0.529011
vt 0.839346 0.474128
vt 0.650376 0.515388
vt 0.565133 0.460193
vt 0.561893 0.517228
vt 0.681994 0.519533
vt 0.647279 0.460193
vt 0.648058 0.512925
vt 0.651169 0.470824
vt 0.641553 0.520463
vt 0.641553 0.520463
vt 0.641553 0.520463
vt 0.561893 0.517228
vt 0.647279 0.460193
vt 0.641443 0.524237
vt 0.673376 0.939825
vt 0.672424 0.933424
vt 0.554266 0.522180
vt 0.664516 0.938466
vt 0.657898 0.949156
vt 0.664516 0.938466
vt 0.659108 0.932168
vt 0.652815 0.940589
vt 0.648824 0.963287
vt 0.646007 0.950807
vt 0.659108 0.932168
vt 0.657898 0.949156
vt 0.650376 0.515388
vt 0.641553 0.520463
vt 0.644500 0.523587
vt 0.648058 0.512925
vt 0.894932 0.782560
vt 0.939646 0.778810
vt 0.896484 0.795538
vt 0.668626 0.382879
vt 0.661589 0.382851
vt 0.658771 0.377902
vt 0.664424 0.378027
vt 0.668626 0.382879
vt 0.664424 0.378027
vt 0.664503 0.367697
vt 0.668883 0.363521
vt 0.668883 0.363521
vt 0.664503 0.367697
vt 0.644111 0.367599
vt 0.647610 0.363189
vt 0.257781 0.850769
vt 0.260257 0.828129
vt 0.270547 0.829283
vt 0.268085 0.851513
vt 0.270547 0.829283
vt 0.287570 0.831018
vt 0.286272 0.860741
vt 0.268085 0.851513
vt 0.241969 0.826401
vt 0.248937 0.826961
vt 0.246685 0.850903
vt 0.240201 0.848172
vt 0.252268 0.852027
vt 0.246685 0.850903
vt 0.248937 0.826961
vt 0.254660 0.827470
vt 0.252268 0.852027
vt 0.254660 0.827470
vt 0.260257 0.828129
vt 0.257781 0.850769
vt 0.240201 0.848172
vt 0.220999 0.845701
vt 0.222691 0.824841
vt 0.241969 0.826401
vt 0.200635 0.851860
vt 0.202671 0.823203
vt 0.222691 0.824841
vt 0.220999 0.845701
vt 0.950953 0.700762
vt 0.961983 0.690072
vt 0.963685 0.729708
vt 0.959513 0.688006
vt 0.961991 0.731738
vt 0.951595 0.720093
vt 0.963685 0.729708
vt 0.951595 0.720093
vt 0.950953 0.700762
vt 0.946760 0.705109
vt 0.947157 0.715456
vt 0.961983 0.690072
vt 0.929656 0.705597
vt 0.927399 0.709187
vt 0.182168 0.856294
vt 0.941523 0.715490
vt 0.188391 0.838256
vt 0.460808 0.165376
vt 0.439824 0.177421
vt 0.192271 0.853110
vt 0.456496 0.185232
vt 0.440728 0.216260
vt 0.446121 0.232802
vt 0.435771 0.198147
vt 0.552575 0.572987
vt 0.563864 0.572997
vt 0.520034 0.573057
vt 0.604166 0.573068
vt 0.552571 0.584089
vt 0.563859 0.583839
vt 0.594652 0.584080
vt 0.604158 0.583870
vt 0.594658 0.573044
vt 0.573430 0.584061
vt 0.584329 0.573037
vt 0.584322 0.584066
vt 0.454045 0.217958
vt 0.435771 0.198147
vt 0.455567 0.207310
vt 0.456496 0.224995
vt 0.439375 0.211169
vt 0.739443 0.647856
vt 0.720342 0.625486
vt 0.720979 0.647691
vt 0.741513 0.625759
vt 0.675212 0.166893
vt 0.686273 0.154519
vt 0.680649 0.176447
vt 0.669642 0.185045
vt 0.680649 0.176447
vt 0.675212 0.166893
vt 0.675212 0.166893
vt 0.678773 0.152664
vt 0.675609 0.194212
vt 0.669642 0.185045
vt 0.686273 0.154519
vt 0.680649 0.176447
vt 0.661856 0.125030
vt 0.675840 0.131124
vt 0.672613 0.139628
vt 0.671108 0.113180
vt 0.675840 0.131124
vt 0.665856 0.116659
vt 0.677564 0.116464
vt 0.672613 0.139628
vt 0.661856 0.125030
vt 0.912168 0.498236
vt 0.640636 0.133190
vt 0.912161 0.474115
vt 0.872485 0.474128
vt 0.905015 0.719915
vt 0.872497 0.498244
vt 0.888227 0.718039
vt 0.883739 0.723989
vt 0.291797 0.831334
vt 0.901610 0.725328
vt 0.542065 0.573004
vt 0.542087 0.584110
vt 0.573434 0.573004
vt 0.300711 0.850617
vt 0.319624 0.847754
vt 0.647610 0.363189
vt 0.319202 0.832033
vt 0.644111 0.367599
vt 0.300711 0.850617
vt 0.319624 0.847754
vt 0.639155 0.363128
vt 0.625338 0.573057
vt 0.530079 0.573020
vt 0.530100 0.584133
vt 0.615211 0.584131
vt 0.625332 0.584155
vt 0.615217 0.573088
vt 0.318574 0.850741
vt 0.931443 0.688231
vt 0.919357 0.701438
vt 0.930871 0.701219
vt 0.911125 0.688006
vt 0.658366 0.460191
vt 0.653389 0.468821
vt 0.658088 0.468694
vt 0.647279 0.460193
vt 0.647279 0.460193
vt 0.653389 0.468821
vt 0.651169 0.470824
vt 0.918792 0.474111
vt 0.918785 0.482512
vt 0.914812 0.498235
vt 0.914783 0.474114
vt 0.516146 0.371026
vt 0.524692 0.371099
vt 0.524677 0.378475
vt 0.516060 0.378475
vt 0.662490 0.652242
vt 0.647737 0.651747
vt 0.646661 0.629314
vt 0.662523 0.629727
vt 0.070450 0.967927
vt 0.070056 0.957398
vt 0.085680 0.947716
vt 0.085580 0.966691
vt 0.081444 0.980233
vt 0.085420 0.977763
vt 0.633819 0.372280
vt 0.070450 0.967927
vt 0.641115 0.371294
vt 0.639155 0.363128
vt 0.641115 0.371294
vt 0.631523 0.376461
vt 0.633819 0.372280
vt 0.010175 0.989214
vt 0.031113 0.979749
vt 0.010000 0.980233
vt 0.042083 0.990000
vt 0.914783 0.474114
vt 0.912168 0.498236
vt 0.914812 0.498235
vt 0.912161 0.474115
vt 0.872497 0.498244
vt 0.869308 0.474129
vt 0.869276 0.498244
vt 0.872485 0.474128
vt 0.951595 0.720093
vt 0.940649 0.733187
vt 0.961991 0.731738
vt 0.944610 0.720335
vt 0.950953 0.700762
vt 0.931443 0.688231
vt 0.930871 0.701219
vt 0.959513 0.688006
vt 0.678199 0.103950
vt 0.671108 0.113180
vt 0.677564 0.116464
vt 0.520056 0.583920
vt 0.510433 0.573101
vt 0.520034 0.573057
vt 0.671972 0.103950
vt 0.641126 0.951516
vt 0.605638 0.943603
vt 0.643708 0.963879
vt 0.615314 0.937795
vt 0.843190 0.929926
vt 0.864373 0.950031
vt 0.859057 0.957169
vt 0.287570 0.831018
vt 0.291797 0.831334
vt 0.290052 0.863629
vt 0.286272 0.860741
vt 0.080270 0.786900
vt 0.080278 0.798205
vt 0.510453 0.584172
vt 0.192271 0.853110
vt 0.192891 0.829283
vt 0.202671 0.823203
vt 0.200635 0.851860
vt 0.644111 0.367599
vt 0.639155 0.363128
vt 0.944610 0.720335
vt 0.641115 0.371294
vt 0.094678 0.798217
vt 0.068780 0.786888
vt 0.068788 0.798237
vt 0.080270 0.786900
vt 0.080278 0.798205
vt 0.094670 0.786901
vt 0.941523 0.715490
vt 0.927399 0.709187
vt 0.690023 0.010000
vt 0.940649 0.733187
vt 0.637489 0.860348
vt 0.624025 0.859525
vt 0.630571 0.875019
vt 0.637489 0.860348
vt 0.640463 0.877998
vt 0.630571 0.875019
vt 0.610142 0.866919
vt 0.619759 0.876354
vt 0.650986 0.863325
vt 0.610142 0.866919
vt 0.600424 0.876949
vt 0.613504 0.883596
vt 0.658778 0.879135
vt 0.619759 0.876354
vt 0.610444 0.860588
vt 0.692919 0.030139
vt 0.698420 0.030465
vt 0.896200 0.708102
vt 0.695205 0.010959
vt 0.911815 0.710252
vt 0.916881 0.704285
vt 0.891687 0.714681
vt 0.901056 0.703750
vt 0.907931 0.716160
vt 0.911815 0.710252
vt 0.888227 0.718039
vt 0.896200 0.708102
vt 0.905015 0.719915
vt 0.907931 0.716160
vt 0.457825 0.214965
vt 0.891687 0.714681
vt 0.455567 0.207310
vt 0.440728 0.216260
vt 0.173448 0.865509
vt 0.454045 0.217958
vt 0.177623 0.857745
vt 0.180854 0.844209
vt 0.181427 0.839490
vt 0.174502 0.844952
vt 0.640463 0.877998
vt 0.645658 0.885961
vt 0.650538 0.869688
vt 0.180854 0.844209
vt 0.182168 0.856294
vt 0.896484 0.795538
vt 0.188391 0.838256
vt 0.926547 0.814411
vt 0.952075 0.808971
vt 0.666523 0.953225
vt 0.939646 0.778810
vt 0.650986 0.863325
vt 0.640463 0.877998
vt 0.650538 0.869688
vt 0.619759 0.876354
vt 0.624025 0.859525
vt 0.630571 0.875019
vt 0.673376 0.939825
vt 0.664516 0.938466
vt 0.483219 0.372137
vt 0.657898 0.949156
vt 0.486632 0.374587
vt 0.498767 0.369674
vt 0.516146 0.371026
vt 0.496909 0.367164
vt 0.516060 0.378475
vt 0.482182 0.378475
vt 0.486198 0.378475
vt 0.498767 0.369674
vt 0.482539 0.374286
vt 0.794225 0.169301
vt 0.793803 0.164951
vt 0.486632 0.374587
vt 0.769749 0.174899
vt 0.805629 0.156887
vt 0.796266 0.142326
vt 0.769790 0.164329
vt 0.793803 0.164951
vt 0.769790 0.164329
vt 0.745160 0.156435
vt 0.769790 0.164329
vt 0.690023 0.182811
vt 0.769790 0.164329
vt 0.690023 0.182811
vt 0.690941 0.176374
vt 0.769749 0.174899
vt 0.623862 0.176836
vt 0.621104 0.183812
vt 0.691893 0.192706
vt 0.665538 0.186955
vt 0.675609 0.194212
vt 0.669642 0.185045
vt 0.671870 0.195881
vt 0.671870 0.195881
vt 0.623862 0.176836
vt 0.621104 0.183812
vt 0.665538 0.186955
vt 0.615362 0.174190
vt 0.697960 0.625451
vt 0.676308 0.647938
vt 0.698343 0.647627
vt 0.674787 0.625820
vt 0.674333 0.141585
vt 0.678773 0.152664
vt 0.672775 0.150945
vt 0.674333 0.141585
vt 0.675840 0.131124
vt 0.678773 0.152664
vt 0.672613 0.139628
vt 0.600129 0.919642
vt 0.610585 0.904060
vt 0.610444 0.860588
vt 0.686273 0.154519
vt 0.690212 0.132836
vt 0.675840 0.131124
vt 0.674333 0.141585
vt 0.690212 0.132836
vt 0.674787 0.625820
vt 0.662523 0.629727
vt 0.674333 0.141585
vt 0.676308 0.647938
vt 0.647737 0.651747
vt 0.646661 0.629314
vt 0.662490 0.652242
vt 0.608563 0.893746
vt 0.610585 0.904060
vt 0.592516 0.904645
vt 0.635209 0.651569
vt 0.936001 0.482527
vt 0.918785 0.482512
vt 0.635209 0.629197
vt 0.936204 0.498252
vt 0.804431 0.934582
vt 0.795287 0.929527
vt 0.914812 0.498235
vt 0.627010 0.929476
vt 0.589130 0.894364
vt 0.592516 0.904645
vt 0.618967 0.912630
vt 0.616133 0.925784
vt 0.628791 0.914725
vt 0.789079 0.956343
vt 0.192271 0.853110
vt 0.192891 0.829283
vt 0.774774 0.957169
vt 0.613504 0.883596
vt 0.596150 0.889186
vt 0.600424 0.876949
vt 0.188391 0.838256
vt 0.804431 0.934582
vt 0.795287 0.929527
vt 0.189313 0.830483
vt 0.825772 0.920061
vt 0.300711 0.850617
vt 0.290052 0.863629
vt 0.296715 0.863837
vt 0.291797 0.831334
vt 0.441678 0.136439
vt 0.446166 0.143915
vt 0.448186 0.137104
vt 0.608563 0.893746
vt 0.596150 0.889186
vt 0.608563 0.893746
vt 0.607613 0.929476
vt 0.616133 0.925784
vt 0.589130 0.894364
vt 0.435771 0.141776
vt 0.441678 0.136439
vt 0.435771 0.114929
vt 0.435771 0.141776
vt 0.440701 0.117389
vt 0.713632 0.024330
vt 0.698420 0.030465
vt 0.713277 0.042429
vt 0.695205 0.010959
vt 0.718890 0.039072
vt 0.713632 0.024330
vt 0.713277 0.042429
vt 0.719009 0.024189
vt 0.725185 0.028319
vt 0.718890 0.039072
vt 0.725347 0.042036
vt 0.719009 0.024189
vt 0.735721 0.028464
vt 0.725347 0.042036
vt 0.735956 0.041753
vt 0.725185 0.028319
vt 0.760157 0.030135
vt 0.735721 0.028464
vt 0.735956 0.041753
vt 0.763077 0.010000
vt 0.652957 0.972714
vt 0.648824 0.963287
vt 0.644770 0.966323
vt 0.656009 0.969347
vt 0.062626 0.957418
vt 0.083147 0.946293
vt 0.047673 0.947537
vt 0.070056 0.957398
vt 0.234798 0.569038
vt 0.246787 0.558685
vt 0.235062 0.558837
vt 0.246803 0.577660
vt 0.518519 0.285876
vt 0.529647 0.285153
vt 0.528553 0.280395
vt 0.518519 0.290558
vt 0.062756 0.962794
vt 0.047673 0.947537
vt 0.039992 0.963148
vt 0.062626 0.957418
vt 0.049352 0.979849
vt 0.031113 0.979749
vt 0.042083 0.990000
vt 0.037448 0.967813
vt 0.625451 0.382851
vt 0.627445 0.385809
vt 0.631523 0.376461
vt 0.641115 0.371294
vt 0.919357 0.701438
vt 0.911125 0.688006
vt 0.643389 0.377562
vt 0.916881 0.704285
vt 0.676693 0.341196
vt 0.643906 0.315243
vt 0.901056 0.703750
vt 0.673452 0.345167
vt 0.641085 0.318895
vt 0.632129 0.314407
vt 0.641085 0.318895
vt 0.630445 0.359106
vt 0.607470 0.352236
vt 0.600020 0.349764
vt 0.619253 0.355746
vt 0.602037 0.362872
vt 0.620096 0.368401
vt 0.619253 0.355746
vt 0.594708 0.360524
vt 0.602037 0.362872
vt 0.600020 0.349764
vt 0.585752 0.344936
vt 0.607470 0.352236
vt 0.594708 0.360524
vt 0.625158 0.311532
vt 0.616599 0.308741
vt 0.580343 0.355937
vt 0.607470 0.352236
vt 0.580343 0.355937
vt 0.583392 0.372457
vt 0.600020 0.349764
vt 0.549910 0.310172
vt 0.542865 0.311862
vt 0.484299 0.238020
vt 0.536665 0.381701
vt 0.470560 0.255105
vt 0.500482 0.278036
vt 0.521430 0.269683
vt 0.513366 0.262738
vt 0.513366 0.262738
vt 0.500482 0.278036
vt 0.664779 0.285973
vt 0.507154 0.283216
vt 0.683321 0.216011
vt 0.664228 0.210374
vt 0.632129 0.314407
vt 0.650056 0.281511
vt 0.625158 0.311532
vt 0.607470 0.352236
vt 0.616599 0.308741
vt 0.619253 0.355746
vt 0.600129 0.919642
vt 0.610585 0.904060
vt 0.618967 0.912630
vt 0.602499 0.306200
vt 0.585752 0.344936
vt 0.636846 0.206016
vt 0.600020 0.349764
vt 0.627064 0.276109
vt 0.650056 0.281511
vt 0.612539 0.203716
vt 0.664228 0.210374
vt 0.608193 0.273866
vt 0.627064 0.276109
vt 0.479697 0.326889
vt 0.636846 0.206016
vt 0.477371 0.334633
vt 0.477371 0.334633
vt 0.479697 0.326889
vt 0.470560 0.329850
vt 0.501336 0.353029
vt 0.517427 0.356987
vt 0.484739 0.302237
vt 0.519320 0.354679
vt 0.492331 0.306106
vt 0.507154 0.283216
vt 0.470560 0.329850
vt 0.500482 0.278036
vt 0.479697 0.326889
vt 0.492331 0.306106
vt 0.439810 0.352324
vt 0.484739 0.302237
vt 0.461879 0.369752
vt 0.477371 0.334633
vt 0.501336 0.353029
vt 0.470560 0.329850
vt 0.461879 0.369752
vt 0.484739 0.302237
vt 0.500482 0.278036
vt 0.477371 0.334633
vt 0.452098 0.284549
vt 0.433753 0.319363
vt 0.470560 0.329850
vt 0.470560 0.255105
vt 0.452098 0.284549
vt 0.580343 0.355937
vt 0.585752 0.344936
vt 0.484739 0.302237
vt 0.549910 0.310172
vt 0.627064 0.276109
vt 0.608193 0.273866
vt 0.574620 0.304275
vt 0.624849 0.283483
vt 0.650056 0.281511
vt 0.627064 0.276109
vt 0.607613 0.281242
vt 0.645173 0.288365
vt 0.664779 0.285973
vt 0.650056 0.281511
vt 0.624849 0.283483
vt 0.660522 0.292186
vt 0.643906 0.315243
vt 0.641085 0.318895
vt 0.645173 0.288365
vt 0.632129 0.314407
vt 0.632129 0.314407
vt 0.645173 0.288365
vt 0.643906 0.315243
vt 0.660522 0.292186
vt 0.645173 0.288365
vt 0.645173 0.288365
vt 0.643906 0.315243
vt 0.646314 0.906120
vt 0.607613 0.929476
vt 0.618967 0.912630
vt 0.625158 0.311532
vt 0.624849 0.283483
vt 0.625158 0.311532
vt 0.624849 0.283483
vt 0.616599 0.308741
vt 0.632129 0.314407
vt 0.625158 0.311532
vt 0.645173 0.288365
vt 0.624849 0.283483
vt 0.616599 0.308741
vt 0.602499 0.306200
vt 0.607613 0.281242
vt 0.089700 0.390432
vt 0.090714 0.068797
vt 0.099026 0.068428
vt 0.098035 0.390038
vt 0.074888 0.390537
vt 0.075913 0.068868
vt 0.090714 0.068797
vt 0.089700 0.390432
vt 0.061169 0.390417
vt 0.062202 0.068719
vt 0.075913 0.068868
vt 0.074888 0.390537
vt 0.061169 0.390417
vt 0.050140 0.390133
vt 0.051184 0.068427
vt 0.062202 0.068719
vt 0.050140 0.390133
vt 0.038311 0.389752
vt 0.039360 0.068024
vt 0.051184 0.068427
vt 0.038311 0.389752
vt 0.028511 0.389412
vt 0.029564 0.067657
vt 0.039360 0.068024
vt 0.010000 0.390185
vt 0.011031 0.068367
vt 0.029564 0.067657
vt 0.028511 0.389412
vt 0.149969 0.390828
vt 0.138106 0.390148
vt 0.138833 0.068454
vt 0.150701 0.069107
vt 0.167380 0.391131
vt 0.149969 0.390828
vt 0.150701 0.069107
vt 0.168135 0.069356
vt 0.187627 0.391332
vt 0.188424 0.069523
vt 0.198990 0.068482
vt 0.198161 0.390295
vt 0.187627 0.391332
vt 0.167380 0.391131
vt 0.168135 0.069356
vt 0.188424 0.069523
vt 0.098035 0.390038
vt 0.099026 0.068428
vt 0.102847 0.068785
vt 0.101941 0.390050
vt 0.118103 0.390510
vt 0.101941 0.390050
vt 0.102847 0.068785
vt 0.118943 0.069171
vt 0.134209 0.390137
vt 0.134994 0.068786
vt 0.138833 0.068454
vt 0.138106 0.390148
vt 0.118103 0.390510
vt 0.118943 0.069171
vt 0.134994 0.068786
vt 0.134209 0.390137
vt 0.646314 0.906120
vt 0.657224 0.919708
vt 0.664663 0.908399
vt 0.647947 0.929971
vt 0.657224 0.919708
vt 0.638198 0.912808
vt 0.645658 0.885961
vt 0.662637 0.892373
vt 0.649219 0.896424
vt 0.669631 0.896891
vt 0.662637 0.892373
vt 0.658778 0.879135
vt 0.198161 0.390295
vt 0.198990 0.068482
vt 0.202957 0.068850
vt 0.202162 0.390306
vt 0.218263 0.390761
vt 0.202162 0.390306
vt 0.202957 0.068850
vt 0.219029 0.069286
vt 0.346830 0.391045
vt 0.338498 0.390610
vt 0.339038 0.068998
vt 0.347347 0.069406
vt 0.361642 0.391220
vt 0.346830 0.391045
vt 0.347347 0.069406
vt 0.362149 0.069548
vt 0.361642 0.391220
vt 0.362149 0.069548
vt 0.375861 0.069464
vt 0.375361 0.391165
vt 0.375361 0.391165
vt 0.375861 0.069464
vt 0.386880 0.069224
vt 0.386391 0.390933
vt 0.386391 0.390933
vt 0.398706 0.068877
vt 0.398222 0.390608
vt 0.386880 0.069224
vt 0.398222 0.390608
vt 0.398706 0.068877
vt 0.408504 0.068557
vt 0.408024 0.390316
vt 0.426531 0.391176
vt 0.408024 0.390316
vt 0.408504 0.068557
vt 0.427034 0.069355
vt 0.286557 0.391153
vt 0.287358 0.069432
vt 0.299229 0.068836
vt 0.298423 0.390529
vt 0.664663 0.908399
vt 0.646314 0.906120
vt 0.649219 0.896424
vt 0.269144 0.391373
vt 0.269923 0.069598
vt 0.287358 0.069432
vt 0.286557 0.391153
vt 0.248897 0.391477
vt 0.238368 0.390391
vt 0.239073 0.068577
vt 0.249633 0.069668
vt 0.641123 0.926631
vt 0.669631 0.896891
vt 0.649219 0.896424
vt 0.638198 0.912808
vt 0.647947 0.929971
vt 0.638198 0.912808
vt 0.248897 0.391477
vt 0.249633 0.069668
vt 0.269923 0.069598
vt 0.269144 0.391373
vt 0.334592 0.390603
vt 0.335215 0.069337
vt 0.339038 0.068998
vt 0.338498 0.390610
vt 0.318427 0.390987
vt 0.319118 0.069646
vt 0.335215 0.069337
vt 0.334592 0.390603
vt 0.298423 0.390529
vt 0.299229 0.068836
vt 0.303068 0.069186
vt 0.302323 0.390537
vt 0.318427 0.390987
vt 0.302323 0.390537
vt 0.303068 0.069186
vt 0.319118 0.069646
vt 0.234368 0.390382
vt 0.235104 0.068927
vt 0.239073 0.068577
vt 0.238368 0.390391
vt 0.218263 0.390761
vt 0.219029 0.069286
vt 0.235104 0.068927
vt 0.234368 0.390382
vt 0.090714 0.068797
vt 0.090829 0.029703
vt 0.104998 0.029562
vt 0.099026 0.068428
vt 0.090714 0.068797
vt 0.075913 0.068868
vt 0.074477 0.029771
vt 0.090829 0.029703
vt 0.075913 0.068868
vt 0.062202 0.068719
vt 0.061837 0.029672
vt 0.074477 0.029771
vt 0.529522 0.777512
vt 0.552101 0.787312
vt 0.544992 0.809568
vt 0.522540 0.799205
vt 0.552101 0.787312
vt 0.575525 0.794686
vt 0.569196 0.817469
vt 0.544992 0.809568
vt 0.569196 0.817469
vt 0.575525 0.794686
vt 0.596244 0.799205
vt 0.592156 0.822573
vt 0.013688 0.851335
vt 0.032408 0.857353
vt 0.028250 0.880715
vt 0.010000 0.875305
vt 0.032408 0.857353
vt 0.057697 0.861275
vt 0.055253 0.884305
vt 0.028250 0.880715
vt 0.627010 0.929476
vt 0.641123 0.926631
vt 0.628791 0.914725
vt 0.055253 0.884305
vt 0.057697 0.861275
vt 0.081870 0.862471
vt 0.082726 0.885441
vt 0.010419 0.841364
vt 0.033246 0.850493
vt 0.032408 0.857353
vt 0.013688 0.851335
vt 0.033246 0.850493
vt 0.057799 0.854941
vt 0.057697 0.861275
vt 0.032408 0.857353
vt 0.125460 0.446243
vt 0.141197 0.444697
vt 0.131709 0.427295
vt 0.057799 0.854941
vt 0.080848 0.855696
vt 0.081870 0.862471
vt 0.057697 0.861275
vt 0.873650 0.938547
vt 0.881907 0.914622
vt 0.895462 0.918005
vt 0.887746 0.943282
vt 0.567271 0.019887
vt 0.607658 0.116637
vt 0.586028 0.117452
vt 0.586028 0.117452
vt 0.545422 0.120911
vt 0.594915 0.014899
vt 0.888104 0.890341
vt 0.901679 0.893852
vt 0.895462 0.918005
vt 0.881907 0.914622
vt 0.109981 0.669163
vt 0.567271 0.019887
vt 0.528328 0.028698
vt 0.547592 0.274797
vt 0.111350 0.650379
vt 0.056327 0.651095
vt 0.574432 0.264478
vt 0.559505 0.269236
vt 0.526545 0.225137
vt 0.093687 0.404233
vt 0.550539 0.225795
vt 0.559505 0.269236
vt 0.559505 0.269236
vt 0.049314 0.462648
vt 0.111193 0.427290
vt 0.901679 0.893852
vt 0.888104 0.890341
vt 0.892533 0.870086
vt 0.906087 0.873101
vt 0.887746 0.943282
vt 0.895462 0.918005
vt 0.902781 0.919789
vt 0.896219 0.944412
vt 0.901679 0.893852
vt 0.908994 0.895794
vt 0.902781 0.919789
vt 0.895462 0.918005
vt 0.908994 0.895794
vt 0.901679 0.893852
vt 0.906087 0.873101
vt 0.913695 0.874973
vt 0.869614 0.175706
vt 0.876769 0.158541
vt 0.898236 0.164553
vt 0.887499 0.186491
vt 0.880007 0.137308
vt 0.902524 0.140399
vt 0.898236 0.164553
vt 0.876769 0.158541
vt 0.528500 0.206820
vt 0.550539 0.225795
vt 0.526545 0.225137
vt 0.880007 0.137308
vt 0.881145 0.120740
vt 0.903667 0.119978
vt 0.902524 0.140399
vt 0.053246 0.012124
vt 0.061837 0.029672
vt 0.062202 0.068719
vt 0.051184 0.068427
vt 0.526545 0.225137
vt 0.520229 0.124483
vt 0.482124 0.182454
vt 0.530542 0.247770
vt 0.528500 0.206820
vt 0.482124 0.182454
vt 0.878759 0.095095
vt 0.900074 0.093089
vt 0.903667 0.119978
vt 0.881145 0.120740
vt 0.906087 0.873101
vt 0.892533 0.870086
vt 0.873829 0.850306
vt 0.884302 0.843184
vt 0.039975 0.010076
vt 0.049927 0.010095
vt 0.051184 0.068427
vt 0.039360 0.068024
vt 0.053246 0.012124
vt 0.049927 0.010095
vt 0.030162 0.010034
vt 0.051184 0.068427
vt 0.029564 0.067657
vt 0.039360 0.068024
vt 0.030162 0.010034
vt 0.039975 0.010076
vt 0.011098 0.010000
vt 0.011031 0.068367
vt 0.884302 0.843184
vt 0.029564 0.067657
vt 0.892123 0.843317
vt 0.894507 0.830310
vt 0.638984 0.775998
vt 0.886981 0.828336
vt 0.625679 0.774774
vt 0.619299 0.825220
vt 0.123098 0.856039
vt 0.632185 0.826378
vt 0.120356 0.848286
vt 0.107673 0.851335
vt 0.123098 0.856039
vt 0.108727 0.859103
vt 0.108727 0.859103
vt 0.112428 0.882846
vt 0.108727 0.859103
vt 0.128456 0.879823
vt 0.081870 0.862471
vt 0.082726 0.885441
vt 0.592156 0.822573
vt 0.112428 0.882846
vt 0.619299 0.825220
vt 0.625679 0.774774
vt 0.653558 0.776610
vt 0.596244 0.799205
vt 0.638984 0.775998
vt 0.632185 0.826378
vt 0.081870 0.862471
vt 0.650841 0.827182
vt 0.530542 0.247770
vt 0.526545 0.225137
vt 0.482124 0.182454
vt 0.108727 0.859103
vt 0.107673 0.851335
vt 0.913695 0.874973
vt 0.080848 0.855696
vt 0.892123 0.843317
vt 0.884302 0.843184
vt 0.889090 0.814562
vt 0.906087 0.873101
vt 0.886981 0.828336
vt 0.894507 0.830310
vt 0.123098 0.856039
vt 0.897532 0.816041
vt 0.530542 0.247770
vt 0.482124 0.182454
vt 0.490133 0.230092
vt 0.140555 0.849882
vt 0.138435 0.841645
vt 0.140555 0.849882
vt 0.120356 0.848286
vt 0.123098 0.856039
vt 0.128456 0.879823
vt 0.879552 0.811096
vt 0.149562 0.873432
vt 0.530542 0.247770
vt 0.547592 0.274797
vt 0.526545 0.225137
vt 0.064707 0.480325
vt 0.490133 0.230092
vt 0.547592 0.274797
vt 0.876639 0.826603
vt 0.886981 0.828336
vt 0.886981 0.828336
vt 0.889090 0.814562
vt 0.111193 0.427290
vt 0.049314 0.462648
vt 0.111047 0.438453
vt 0.876639 0.826603
vt 0.873650 0.843888
vt 0.873829 0.850306
vt 0.884302 0.843184
vt 0.873650 0.843888
vt 0.877298 0.090201
vt 0.899690 0.086678
vt 0.884302 0.843184
vt 0.874296 0.077448
vt 0.877298 0.090201
vt 0.878759 0.095095
vt 0.895462 0.069514
vt 0.528500 0.206820
vt 0.526545 0.225137
vt 0.539729 0.216717
vt 0.539729 0.216717
vt 0.526545 0.225137
vt 0.550539 0.225795
vt 0.899690 0.086678
vt 0.874296 0.077448
vt 0.895462 0.069514
vt 0.900074 0.093089
vt 0.869614 0.065407
vt 0.133170 0.029529
vt 0.138833 0.068454
vt 0.890686 0.054393
vt 0.151551 0.029782
vt 0.150701 0.069107
vt 0.168135 0.069356
vt 0.150701 0.069107
vt 0.151551 0.029782
vt 0.903338 0.010000
vt 0.874747 0.015135
vt 0.168661 0.029762
vt 0.906213 0.033449
vt 0.846347 0.016446
vt 0.846925 0.040712
vt 0.878283 0.038859
vt 0.874747 0.015135
vt 0.885260 0.219397
vt 0.880086 0.198170
vt 0.878283 0.038859
vt 0.862626 0.222812
vt 0.865130 0.254843
vt 0.888468 0.254659
vt 0.857360 0.200144
vt 0.862626 0.222812
vt 0.893829 0.338343
vt 0.897037 0.369637
vt 0.885260 0.219397
vt 0.909417 0.336895
vt 0.897939 0.397688
vt 0.911171 0.397479
vt 0.911302 0.368292
vt 0.897037 0.369637
vt 0.909417 0.336895
vt 0.911302 0.368292
vt 0.911302 0.368292
vt 0.918220 0.338400
vt 0.911302 0.368292
vt 0.911171 0.397479
vt 0.918872 0.368882
vt 0.918872 0.368882
vt 0.188424 0.069523
vt 0.198990 0.068482
vt 0.918283 0.397320
vt 0.186739 0.029757
vt 0.188424 0.069523
vt 0.186739 0.029757
vt 0.204792 0.029768
vt 0.168135 0.069356
vt 0.788418 0.011629
vt 0.786881 0.033449
vt 0.168661 0.029762
vt 0.818043 0.014905
vt 0.818043 0.014905
vt 0.816519 0.039412
vt 0.816519 0.039412
vt 0.846347 0.016446
vt 0.856354 0.311662
vt 0.879641 0.313255
vt 0.846925 0.040712
vt 0.862859 0.285376
vt 0.862859 0.285376
vt 0.886994 0.287375
vt 0.886994 0.287375
vt 0.865130 0.254843
vt 0.847770 0.197662
vt 0.856169 0.224532
vt 0.888468 0.254659
vt 0.857360 0.200144
vt 0.859101 0.255357
vt 0.865130 0.254843
vt 0.862626 0.222812
vt 0.856169 0.224532
vt 0.847418 0.315382
vt 0.856354 0.311662
vt 0.862626 0.222812
vt 0.856354 0.285668
vt 0.856354 0.285668
vt 0.862859 0.285376
vt 0.862859 0.285376
vt 0.859101 0.255357
vt 0.893829 0.454729
vt 0.908262 0.456056
vt 0.865130 0.254843
vt 0.897026 0.425060
vt 0.897026 0.425060
vt 0.910097 0.425694
vt 0.910097 0.425694
vt 0.897939 0.397688
vt 0.908262 0.456056
vt 0.916431 0.455072
vt 0.911171 0.397479
vt 0.910097 0.425694
vt 0.910097 0.425694
vt 0.917736 0.425174
vt 0.917736 0.425174
vt 0.911171 0.397479
vt 0.864479 0.855489
vt 0.841665 0.863500
vt 0.918283 0.397320
vt 0.595491 0.226796
vt 0.606235 0.189983
vt 0.580085 0.229311
vt 0.873163 0.871960
vt 0.841665 0.863500
vt 0.819289 0.866166
vt 0.845467 0.883218
vt 0.845467 0.883218
vt 0.795523 0.864386
vt 0.773458 0.855489
vt 0.818019 0.886920
vt 0.790597 0.883404
vt 0.819289 0.866166
vt 0.795523 0.864386
vt 0.762667 0.873273
vt 0.818019 0.886920
vt 0.754365 0.531646
vt 0.754573 0.494290
vt 0.790597 0.883404
vt 0.736884 0.532789
vt 0.867369 0.822009
vt 0.865097 0.799046
vt 0.731605 0.495743
vt 0.844784 0.815260
vt 0.713332 0.510267
vt 0.718905 0.532300
vt 0.841984 0.791942
vt 0.717221 0.507201
vt 0.731605 0.495743
vt 0.717221 0.507201
vt 0.725023 0.537290
vt 0.736884 0.532789
vt 0.736884 0.532789
vt 0.725023 0.537290
vt 0.725023 0.537290
vt 0.739642 0.549903
vt 0.710202 0.564363
vt 0.710823 0.572279
vt 0.726669 0.551534
vt 0.726669 0.551534
vt 0.813229 0.817363
vt 0.813140 0.840068
vt 0.739642 0.549903
vt 0.844784 0.815260
vt 0.754012 0.548309
vt 0.754365 0.531646
vt 0.849227 0.838080
vt 0.739642 0.549903
vt 0.844784 0.815260
vt 0.841984 0.791942
vt 0.736884 0.532789
vt 0.836087 0.808516
vt 0.834018 0.784863
vt 0.841984 0.791942
vt 0.834437 0.789862
vt 0.834437 0.789862
vt 0.102847 0.068785
vt 0.104998 0.029562
vt 0.099026 0.068428
vt 0.109196 0.025194
vt 0.118943 0.069171
vt 0.109196 0.025194
vt 0.102847 0.068785
vt 0.118936 0.025128
vt 0.774202 0.533297
vt 0.754573 0.494290
vt 0.754365 0.531646
vt 0.780115 0.496194
vt 0.792532 0.533697
vt 0.793422 0.507372
vt 0.786193 0.538502
vt 0.580085 0.229311
vt 0.606235 0.189983
vt 0.571947 0.179220
vt 0.797403 0.510661
vt 0.793422 0.507372
vt 0.774202 0.533297
vt 0.786193 0.538502
vt 0.780115 0.496194
vt 0.786193 0.538502
vt 0.771160 0.550696
vt 0.784615 0.553330
vt 0.774202 0.533297
vt 0.797923 0.573466
vt 0.784615 0.553330
vt 0.771160 0.550696
vt 0.798786 0.565461
vt 0.779122 0.815260
vt 0.813140 0.840068
vt 0.813229 0.817363
vt 0.774609 0.837969
vt 0.771160 0.550696
vt 0.754365 0.531646
vt 0.754012 0.548309
vt 0.774202 0.533297
vt 0.758778 0.798787
vt 0.779122 0.815260
vt 0.781135 0.793446
vt 0.756613 0.822166
vt 0.781135 0.793446
vt 0.787908 0.809312
vt 0.788485 0.791629
vt 0.779122 0.815260
vt 0.788428 0.786375
vt 0.788485 0.791629
vt 0.781135 0.793446
vt 0.138833 0.068454
vt 0.134994 0.068786
vt 0.128890 0.025157
vt 0.133170 0.029529
vt 0.125460 0.446243
vt 0.113987 0.474501
vt 0.111047 0.438453
vt 0.134994 0.068786
vt 0.118943 0.069171
vt 0.118936 0.025128
vt 0.128890 0.025157
vt 0.813280 0.811255
vt 0.836087 0.808516
vt 0.844784 0.815260
vt 0.813229 0.817363
vt 0.813280 0.811255
vt 0.813229 0.817363
vt 0.779122 0.815260
vt 0.787908 0.809312
vt 0.741398 0.587551
vt 0.739642 0.549903
vt 0.754012 0.548309
vt 0.754573 0.586123
vt 0.754012 0.548309
vt 0.771160 0.550696
vt 0.768136 0.586866
vt 0.754573 0.586123
vt 0.765681 0.265056
vt 0.764602 0.247035
vt 0.800692 0.241135
vt 0.802203 0.265056
vt 0.845578 0.080626
vt 0.839441 0.103265
vt 0.818819 0.105706
vt 0.823254 0.083260
vt 0.788330 0.224919
vt 0.790999 0.228368
vt 0.761977 0.236804
vt 0.767363 0.231052
vt 0.800692 0.241135
vt 0.764602 0.247035
vt 0.761977 0.236804
vt 0.790999 0.228368
vt 0.747663 0.249940
vt 0.747634 0.238477
vt 0.761977 0.236804
vt 0.764602 0.247035
vt 0.735075 0.221877
vt 0.747634 0.238477
vt 0.747663 0.249940
vt 0.726667 0.222201
vt 0.841745 0.135534
vt 0.839441 0.103265
vt 0.862004 0.098780
vt 0.864345 0.135534
vt 0.748869 0.265056
vt 0.747663 0.249940
vt 0.764602 0.247035
vt 0.765681 0.265056
vt 0.839441 0.103265
vt 0.833789 0.111933
vt 0.817513 0.112847
vt 0.818819 0.105706
vt 0.813114 0.113396
vt 0.817513 0.112847
vt 0.198990 0.068482
vt 0.818819 0.105706
vt 0.123556 0.472540
vt 0.125460 0.446243
vt 0.123556 0.472540
vt 0.202957 0.068850
vt 0.209289 0.025273
vt 0.202957 0.068850
vt 0.204792 0.029768
vt 0.219029 0.069286
vt 0.219134 0.025262
vt 0.835836 0.135534
vt 0.209289 0.025273
vt 0.841745 0.135534
vt 0.839441 0.103265
vt 0.347347 0.069406
vt 0.833789 0.111933
vt 0.347419 0.030311
vt 0.333249 0.030103
vt 0.363770 0.030457
vt 0.339038 0.068998
vt 0.347419 0.030311
vt 0.347347 0.069406
vt 0.362149 0.069548
vt 0.362149 0.069548
vt 0.375861 0.069464
vt 0.376411 0.030418
vt 0.407777 0.792389
vt 0.363770 0.030457
vt 0.385324 0.802751
vt 0.392307 0.824445
vt 0.431981 0.784487
vt 0.414886 0.814645
vt 0.407777 0.792389
vt 0.414886 0.814645
vt 0.459028 0.802751
vt 0.438309 0.807270
vt 0.454941 0.779383
vt 0.431981 0.784487
vt 0.847988 0.684197
vt 0.438309 0.807270
vt 0.853357 0.702460
vt 0.877336 0.698816
vt 0.844458 0.657181
vt 0.871359 0.680084
vt 0.847988 0.684197
vt 0.871359 0.680084
vt 0.866350 0.630609
vt 0.867493 0.654788
vt 0.123556 0.472540
vt 0.144745 0.482047
vt 0.141197 0.444697
vt 0.843382 0.629708
vt 0.844458 0.657181
vt 0.871359 0.680084
vt 0.867493 0.654788
vt 0.877336 0.698816
vt 0.887299 0.702110
vt 0.867493 0.654788
vt 0.878222 0.679265
vt 0.871359 0.680084
vt 0.878222 0.679265
vt 0.873828 0.654699
vt 0.873828 0.654699
vt 0.873123 0.631650
vt 0.866350 0.630609
vt 0.704317 0.897937
vt 0.867493 0.654788
vt 0.679040 0.905653
vt 0.683775 0.919749
vt 0.731980 0.905294
vt 0.707700 0.911492
vt 0.728476 0.891719
vt 0.704317 0.897937
vt 0.752242 0.900865
vt 0.707700 0.911492
vt 0.749221 0.887312
vt 0.728476 0.891719
vt 0.702533 0.890617
vt 0.731980 0.905294
vt 0.677916 0.897180
vt 0.679040 0.905653
vt 0.728476 0.891719
vt 0.704317 0.897937
vt 0.726528 0.884404
vt 0.702533 0.890617
vt 0.749221 0.887312
vt 0.704317 0.897937
vt 0.747354 0.879704
vt 0.726528 0.884404
vt 0.316458 0.875045
vt 0.728476 0.891719
vt 0.294520 0.885783
vt 0.305305 0.903667
vt 0.343703 0.893274
vt 0.322469 0.896512
vt 0.340611 0.870757
vt 0.316458 0.875045
vt 0.361032 0.869614
vt 0.322469 0.896512
vt 0.340611 0.870757
vt 0.343703 0.893274
vt 0.375861 0.069464
vt 0.360270 0.892135
vt 0.386880 0.069224
vt 0.385086 0.012911
vt 0.361032 0.869614
vt 0.376411 0.030418
vt 0.360270 0.892135
vt 0.385915 0.894522
vt 0.772016 0.919570
vt 0.387921 0.873207
vt 0.779144 0.909098
vt 0.749221 0.887312
vt 0.398366 0.010926
vt 0.752242 0.900865
vt 0.388414 0.010897
vt 0.386880 0.069224
vt 0.386880 0.069224
vt 0.398706 0.068877
vt 0.385086 0.012911
vt 0.408181 0.010931
vt 0.398366 0.010926
vt 0.388414 0.010897
vt 0.408504 0.068557
vt 0.427034 0.069355
vt 0.398706 0.068877
vt 0.408181 0.010931
vt 0.408504 0.068557
vt 0.427244 0.010987
vt 0.792011 0.898893
vt 0.793985 0.906419
vt 0.779144 0.909098
vt 0.779005 0.901277
vt 0.501768 0.825958
vt 0.488463 0.827182
vt 0.482084 0.776736
vt 0.494970 0.775578
vt 0.877542 0.604837
vt 0.869777 0.603764
vt 0.872872 0.589393
vt 0.880619 0.592154
vt 0.872872 0.589393
vt 0.869777 0.603764
vt 0.846042 0.600006
vt 0.849099 0.583985
vt 0.869777 0.603764
vt 0.866350 0.630609
vt 0.843382 0.629708
vt 0.846042 0.600006
vt 0.488463 0.827182
vt 0.459028 0.802751
vt 0.454941 0.779383
vt 0.482084 0.776736
vt 0.516343 0.825346
vt 0.501768 0.825958
vt 0.494970 0.775578
vt 0.513626 0.774774
vt 0.877542 0.604837
vt 0.873123 0.631650
vt 0.866350 0.630609
vt 0.869777 0.603764
vt 0.747354 0.879704
vt 0.779005 0.901277
vt 0.779144 0.909098
vt 0.749221 0.887312
vt 0.807760 0.904311
vt 0.793985 0.906419
vt 0.792011 0.898893
vt 0.806281 0.895871
vt 0.872872 0.589393
vt 0.879067 0.571956
vt 0.887299 0.574095
vt 0.880619 0.592154
vt 0.879067 0.571956
vt 0.872872 0.589393
vt 0.849099 0.583985
vt 0.855536 0.562897
vt 0.811226 0.913848
vt 0.795718 0.916761
vt 0.793985 0.906419
vt 0.807760 0.904311
vt 0.793985 0.906419
vt 0.795718 0.916761
vt 0.778433 0.919749
vt 0.779144 0.909098
vt 0.778433 0.919749
vt 0.779144 0.909098
vt 0.411497 0.877819
vt 0.772016 0.919570
vt 0.394333 0.873590
vt 0.390810 0.895982
vt 0.387921 0.873207
vt 0.403562 0.898985
vt 0.385915 0.894522
vt 0.390810 0.895982
vt 0.426617 0.882595
vt 0.394333 0.873590
vt 0.411497 0.877819
vt 0.403562 0.898985
vt 0.305077 0.029937
vt 0.415604 0.903667
vt 0.286696 0.030103
vt 0.287358 0.069432
vt 0.287358 0.069432
vt 0.299229 0.068836
vt 0.286696 0.030103
vt 0.269586 0.030002
vt 0.807601 0.443757
vt 0.269923 0.069598
vt 0.606235 0.189983
vt 0.146437 0.509606
vt 0.144745 0.482047
vt 0.803234 0.467601
vt 0.831494 0.473985
vt 0.807601 0.443757
vt 0.835398 0.450750
vt 0.775862 0.441328
vt 0.775062 0.465972
vt 0.832421 0.441332
vt 0.803234 0.467601
vt 0.833595 0.418271
vt 0.811956 0.413744
vt 0.776389 0.434932
vt 0.809213 0.436850
vt 0.809213 0.436850
vt 0.811956 0.413744
vt 0.566432 0.860653
vt 0.776148 0.411557
vt 0.580697 0.861998
vt 0.583905 0.830704
vt 0.566432 0.860653
vt 0.568317 0.829257
vt 0.566563 0.889840
vt 0.579794 0.890049
vt 0.558862 0.861243
vt 0.580697 0.861998
vt 0.566432 0.860653
vt 0.568317 0.829257
vt 0.566432 0.860653
vt 0.559514 0.830761
vt 0.558862 0.861243
vt 0.559450 0.889681
vt 0.249633 0.069668
vt 0.566563 0.889840
vt 0.251508 0.029910
vt 0.233454 0.029836
vt 0.269586 0.030002
vt 0.239073 0.068577
vt 0.251508 0.029910
vt 0.249633 0.069668
vt 0.775862 0.441328
vt 0.269923 0.069598
vt 0.745767 0.443105
vt 0.746669 0.467170
vt 0.743933 0.413610
vt 0.775062 0.465972
vt 0.718783 0.421044
vt 0.720611 0.443767
vt 0.776148 0.411557
vt 0.746047 0.437176
vt 0.743933 0.413610
vt 0.746047 0.437176
vt 0.809213 0.436850
vt 0.776389 0.434932
vt 0.807601 0.443757
vt 0.835398 0.450750
vt 0.809213 0.436850
vt 0.832421 0.441332
vt 0.776389 0.434932
vt 0.775862 0.441328
vt 0.714238 0.450750
vt 0.807601 0.443757
vt 0.746669 0.467170
vt 0.745767 0.443105
vt 0.720611 0.443767
vt 0.717266 0.472465
vt 0.545422 0.120911
vt 0.571947 0.179220
vt 0.586028 0.117452
vt 0.746047 0.437176
vt 0.746047 0.437176
vt 0.775862 0.441328
vt 0.776389 0.434932
vt 0.745767 0.443105
vt 0.569472 0.948417
vt 0.580708 0.917421
vt 0.567637 0.918056
vt 0.583905 0.947090
vt 0.567637 0.918056
vt 0.579794 0.890049
vt 0.566563 0.889840
vt 0.580708 0.917421
vt 0.561303 0.947433
vt 0.567637 0.918056
vt 0.559997 0.917535
vt 0.569472 0.948417
vt 0.559997 0.917535
vt 0.566563 0.889840
vt 0.559450 0.889681
vt 0.567637 0.918056
vt 0.258500 0.882945
vt 0.289997 0.874485
vt 0.262302 0.863227
vt 0.281317 0.890956
vt 0.262302 0.863227
vt 0.236120 0.880279
vt 0.258500 0.882945
vt 0.234854 0.859525
vt 0.207432 0.863041
vt 0.190296 0.890956
vt 0.212361 0.882060
vt 0.179501 0.873172
vt 0.234854 0.859525
vt 0.212361 0.882060
vt 0.236120 0.880279
vt 0.207432 0.863041
vt 0.768994 0.378618
vt 0.807496 0.360929
vt 0.770140 0.361137
vt 0.806043 0.383896
vt 0.769483 0.396598
vt 0.794582 0.398281
vt 0.764496 0.390479
vt 0.791516 0.402170
vt 0.794582 0.398281
vt 0.768994 0.378618
vt 0.764496 0.390479
vt 0.806043 0.383896
vt 0.764496 0.390479
vt 0.751883 0.375860
vt 0.750252 0.388833
vt 0.768994 0.378618
vt 0.729504 0.404679
vt 0.750252 0.388833
vt 0.751883 0.375860
vt 0.737426 0.405300
vt 0.891201 0.531205
vt 0.859554 0.506397
vt 0.859640 0.529102
vt 0.895638 0.508385
vt 0.751883 0.375860
vt 0.770140 0.361137
vt 0.753477 0.361490
vt 0.768994 0.378618
vt 0.911514 0.547419
vt 0.891201 0.531205
vt 0.888399 0.554523
vt 0.913784 0.524456
vt 0.888399 0.554523
vt 0.882502 0.537948
vt 0.880848 0.556604
vt 0.891201 0.531205
vt 0.880429 0.561601
vt 0.880848 0.556604
vt 0.888399 0.554523
vt 0.339038 0.068998
vt 0.335215 0.069337
vt 0.329073 0.025715
vt 0.333249 0.030103
vt 0.335215 0.069337
vt 0.319118 0.069646
vt 0.319332 0.025604
vt 0.329073 0.025715
vt 0.770140 0.361137
vt 0.768486 0.341299
vt 0.805592 0.335386
vt 0.807496 0.360929
vt 0.791125 0.318099
vt 0.794410 0.322079
vt 0.763281 0.329309
vt 0.768089 0.322969
vt 0.805592 0.335386
vt 0.768486 0.341299
vt 0.763281 0.329309
vt 0.794410 0.322079
vt 0.768486 0.341299
vt 0.751093 0.344341
vt 0.748456 0.330887
vt 0.763281 0.329309
vt 0.736325 0.316717
vt 0.748456 0.330887
vt 0.751093 0.344341
vt 0.728317 0.317580
vt 0.859640 0.529102
vt 0.825537 0.531205
vt 0.821020 0.508496
vt 0.859554 0.506397
vt 0.753477 0.361490
vt 0.751093 0.344341
vt 0.768486 0.341299
vt 0.770140 0.361137
vt 0.580085 0.229311
vt 0.571947 0.179220
vt 0.566291 0.210323
vt 0.803024 0.524299
vt 0.825537 0.531205
vt 0.827552 0.553020
vt 0.805192 0.547677
vt 0.825537 0.531205
vt 0.834322 0.537153
vt 0.834903 0.554836
vt 0.827552 0.553020
vt 0.834843 0.560090
vt 0.834903 0.554836
vt 0.299229 0.068836
vt 0.827552 0.553020
vt 0.303068 0.069186
vt 0.309378 0.025585
vt 0.303068 0.069186
vt 0.305077 0.029937
vt 0.319118 0.069646
vt 0.319332 0.025604
vt 0.859694 0.535209
vt 0.309378 0.025585
vt 0.882502 0.537948
vt 0.891201 0.531205
vt 0.859694 0.535209
vt 0.859640 0.529102
vt 0.859640 0.529102
vt 0.825537 0.531205
vt 0.753477 0.361490
vt 0.834322 0.537153
vt 0.715663 0.360929
vt 0.714238 0.374104
vt 0.714920 0.347366
vt 0.751883 0.375860
vt 0.715663 0.360929
vt 0.753477 0.361490
vt 0.765681 0.265056
vt 0.751093 0.344341
vt 0.764602 0.283077
vt 0.800692 0.288976
vt 0.761980 0.293308
vt 0.802203 0.265056
vt 0.767363 0.299059
vt 0.788333 0.305192
vt 0.761980 0.293308
vt 0.790999 0.301743
vt 0.790999 0.301743
vt 0.800692 0.288976
vt 0.747663 0.280173
vt 0.764602 0.283077
vt 0.747634 0.291636
vt 0.761980 0.293308
vt 0.747663 0.280173
vt 0.764602 0.283077
vt 0.726671 0.307913
vt 0.735078 0.308237
vt 0.841745 0.135534
vt 0.747634 0.291636
vt 0.839441 0.167806
vt 0.862004 0.172291
vt 0.748869 0.265056
vt 0.864345 0.135534
vt 0.580085 0.229311
vt 0.566291 0.210323
vt 0.574432 0.264478
vt 0.747663 0.280173
vt 0.764602 0.283077
vt 0.818819 0.165365
vt 0.765681 0.265056
vt 0.823254 0.187808
vt 0.845578 0.190442
vt 0.817513 0.158224
vt 0.839441 0.167806
vt 0.818819 0.165365
vt 0.839441 0.167806
vt 0.818819 0.165365
vt 0.833789 0.159135
vt 0.813114 0.157672
vt 0.239073 0.068577
vt 0.233454 0.029836
vt 0.817513 0.158224
vt 0.235104 0.068927
vt 0.235104 0.068927
vt 0.228979 0.025319
vt 0.228979 0.025319
vt 0.219029 0.069286
vt 0.835836 0.135534
vt 0.833789 0.159135
vt 0.219134 0.025262
vt 0.841745 0.135534
vt 0.712220 0.251791
vt 0.713398 0.265056
vt 0.839441 0.167806
vt 0.747663 0.249940
vt 0.748869 0.265056
vt 0.713398 0.265056
vt 0.748869 0.265056
vt 0.747663 0.280173
vt 0.418678 0.849434
vt 0.452272 0.849431
vt 0.712220 0.278321
vt 0.418689 0.846603
vt 0.413735 0.846578
vt 0.413743 0.849432
vt 0.452027 0.846905
vt 0.418689 0.846603
vt 0.408215 0.846558
vt 0.408307 0.849434
vt 0.418678 0.849434
vt 0.554537 0.193773
vt 0.539729 0.216717
vt 0.537378 0.184866
vt 0.413735 0.846578
vt 0.385325 0.846609
vt 0.385333 0.849428
vt 0.413743 0.849432
vt 0.408215 0.846558
vt 0.418295 0.835310
vt 0.414888 0.843581
vt 0.408307 0.849434
vt 0.410045 0.841195
vt 0.388171 0.837310
vt 0.410045 0.841195
vt 0.418295 0.835310
vt 0.387359 0.842388
vt 0.886740 0.655528
vt 0.901469 0.661717
vt 0.901779 0.655998
vt 0.885757 0.660670
vt 0.943596 0.653865
vt 0.901469 0.661717
vt 0.944625 0.662599
vt 0.901779 0.655998
vt 0.942747 0.633939
vt 0.902545 0.642972
vt 0.942744 0.643728
vt 0.902545 0.633939
vt 0.902545 0.633939
vt 0.890259 0.636986
vt 0.902545 0.642972
vt 0.890259 0.633939
vt 0.942747 0.633939
vt 0.945998 0.641271
vt 0.946001 0.633939
vt 0.942744 0.643728
vt 0.901779 0.655998
vt 0.888877 0.642109
vt 0.886740 0.655528
vt 0.902545 0.642972
vt 0.636869 0.143630
vt 0.645854 0.148410
vt 0.647018 0.144494
vt 0.636200 0.147883
vt 0.943596 0.653865
vt 0.902545 0.642972
vt 0.901779 0.655998
vt 0.942744 0.643728
vt 0.636175 0.155748
vt 0.645854 0.148410
vt 0.636200 0.147883
vt 0.645830 0.155748
vt 0.636200 0.147883
vt 0.628077 0.143180
vt 0.627475 0.146836
vt 0.636869 0.143630
vt 0.636200 0.147883
vt 0.627469 0.155748
vt 0.636175 0.155748
vt 0.627475 0.146836
vt 0.927123 0.087312
vt 0.922222 0.045232
vt 0.922273 0.087312
vt 0.927123 0.045232
vt 0.927123 0.136653
vt 0.922273 0.087312
vt 0.922330 0.136671
vt 0.927123 0.087312
vt 0.452027 0.846905
vt 0.550387 0.849434
vt 0.550368 0.846101
vt 0.452272 0.849431
vt 0.911989 0.087033
vt 0.922222 0.045232
vt 0.912929 0.040268
vt 0.922273 0.087312
vt 0.912015 0.136412
vt 0.922273 0.087312
vt 0.911989 0.087033
vt 0.922330 0.136671
vt 0.418689 0.846603
vt 0.414888 0.843581
vt 0.418295 0.835310
vt 0.452027 0.846905
vt 0.418689 0.846603
vt 0.418295 0.835310
vt 0.450077 0.836066
vt 0.550601 0.839284
vt 0.550368 0.846101
vt 0.452027 0.846905
vt 0.450077 0.836066
vt 0.418678 0.849434
vt 0.452272 0.849431
vt 0.452022 0.851960
vt 0.418689 0.852265
vt 0.413735 0.852284
vt 0.413743 0.849432
vt 0.418678 0.849434
vt 0.418689 0.852265
vt 0.408214 0.852309
vt 0.408307 0.849434
vt 0.413743 0.849432
vt 0.413735 0.852284
vt 0.385324 0.852246
vt 0.385333 0.849428
vt 0.408307 0.849434
vt 0.408214 0.852309
vt 0.901779 0.611874
vt 0.886741 0.612344
vt 0.885757 0.607202
vt 0.901469 0.606155
vt 0.944626 0.605273
vt 0.943597 0.614007
vt 0.901779 0.611874
vt 0.901469 0.606155
vt 0.942744 0.624145
vt 0.942747 0.633939
vt 0.902545 0.633939
vt 0.902545 0.624906
vt 0.890259 0.633939
vt 0.890259 0.630886
vt 0.902545 0.624906
vt 0.902545 0.633939
vt 0.946001 0.633939
vt 0.942747 0.633939
vt 0.942744 0.624145
vt 0.945998 0.626608
vt 0.902545 0.624906
vt 0.888878 0.625763
vt 0.886741 0.612344
vt 0.901779 0.611874
vt 0.647018 0.167003
vt 0.636870 0.167866
vt 0.636201 0.163607
vt 0.645855 0.163086
vt 0.901779 0.611874
vt 0.943597 0.614007
vt 0.942744 0.624145
vt 0.902545 0.624906
vt 0.636201 0.163607
vt 0.636175 0.155748
vt 0.645830 0.155748
vt 0.645855 0.163086
vt 0.627475 0.164661
vt 0.636201 0.163607
vt 0.636870 0.167866
vt 0.628078 0.168317
vt 0.627475 0.164661
vt 0.627469 0.155748
vt 0.636175 0.155748
vt 0.636201 0.163607
vt 0.931979 0.087312
vt 0.927123 0.087312
vt 0.927123 0.045232
vt 0.932029 0.045232
vt 0.931915 0.136671
vt 0.927123 0.136653
vt 0.927123 0.087312
vt 0.931979 0.087312
vt 0.550368 0.852760
vt 0.452022 0.851960
vt 0.452272 0.849431
vt 0.550387 0.849434
vt 0.554537 0.193773
vt 0.566291 0.210323
vt 0.550539 0.225795
vt 0.941323 0.040268
vt 0.942262 0.087034
vt 0.931979 0.087312
vt 0.932029 0.045232
vt 0.942262 0.087034
vt 0.942237 0.136412
vt 0.931915 0.136671
vt 0.931979 0.087312
vt 0.927123 0.140192
vt 0.924317 0.140221
vt 0.922330 0.136671
vt 0.927123 0.136653
vt 0.924285 0.146799
vt 0.921721 0.146811
vt 0.922330 0.136671
vt 0.924317 0.140221
vt 0.931915 0.136671
vt 0.929935 0.140221
vt 0.927123 0.140192
vt 0.927123 0.136653
vt 0.931915 0.136671
vt 0.932525 0.146809
vt 0.929960 0.146798
vt 0.929935 0.140221
vt 0.418689 0.852265
vt 0.414888 0.855287
vt 0.414888 0.855287
vt 0.418295 0.863558
vt 0.418295 0.863558
vt 0.452022 0.851960
vt 0.418689 0.852265
vt 0.410045 0.857673
vt 0.450077 0.862796
vt 0.418295 0.863558
vt 0.410045 0.857673
vt 0.418295 0.863558
vt 0.388171 0.861558
vt 0.550601 0.859584
vt 0.550368 0.852760
vt 0.387360 0.856480
vt 0.450077 0.862796
vt 0.390271 0.548360
vt 0.390297 0.543009
vt 0.452022 0.851960
vt 0.422567 0.543054
vt 0.374557 0.732829
vt 0.620616 0.743259
vt 0.620692 0.732829
vt 0.371199 0.743349
vt 0.372233 0.536154
vt 0.390297 0.543009
vt 0.372123 0.545282
vt 0.390297 0.543009
vt 0.390310 0.536147
vt 0.390297 0.543009
vt 0.372233 0.536154
vt 0.422567 0.543054
vt 0.422557 0.535957
vt 0.443815 0.535874
vt 0.390310 0.536147
vt 0.422557 0.535957
vt 0.422567 0.543054
vt 0.443815 0.535874
vt 0.443191 0.542832
vt 0.571947 0.179220
vt 0.560956 0.174300
vt 0.560956 0.174300
vt 0.456967 0.543473
vt 0.010000 0.776960
vt 0.259404 0.779016
vt 0.443191 0.542832
vt 0.018538 0.762667
vt 0.259404 0.779016
vt 0.274461 0.778281
vt 0.264679 0.764181
vt 0.264679 0.764181
vt 0.697915 0.844818
vt 0.697766 0.826955
vt 0.279546 0.765572
vt 0.679104 0.844812
vt 0.316717 0.626448
vt 0.316717 0.626448
vt 0.672013 0.826847
vt 0.329753 0.625451
vt 0.372233 0.536154
vt 0.372109 0.528797
vt 0.371458 0.536109
vt 0.372109 0.528797
vt 0.372233 0.536154
vt 0.372123 0.545282
vt 0.372123 0.545282
vt 0.371458 0.536109
vt 0.372123 0.545282
vt 0.372068 0.548411
vt 0.372068 0.548411
vt 0.372123 0.545282
vt 0.449655 0.375235
vt 0.452226 0.390155
vt 0.452886 0.375246
vt 0.449617 0.390155
vt 0.946096 0.171711
vt 0.954583 0.160152
vt 0.945073 0.172511
vt 0.955375 0.159860
vt 0.944245 0.149405
vt 0.945073 0.172511
vt 0.954583 0.160152
vt 0.932168 0.160908
vt 0.955375 0.159860
vt 0.970618 0.150040
vt 0.968419 0.147666
vt 0.946096 0.171711
vt 0.947850 0.175723
vt 0.946096 0.171711
vt 0.945073 0.172511
vt 0.948831 0.174873
vt 0.975872 0.151380
vt 0.970618 0.150040
vt 0.973546 0.153398
vt 0.972238 0.147215
vt 0.945073 0.172511
vt 0.935418 0.186527
vt 0.947850 0.175723
vt 0.932168 0.182788
vt 0.973546 0.153398
vt 0.946096 0.171711
vt 0.948831 0.174873
vt 0.970618 0.150040
vt 0.300246 0.776898
vt 0.279546 0.765572
vt 0.274461 0.778281
vt 0.300144 0.762667
vt 0.465667 0.554061
vt 0.695493 0.544101
vt 0.456967 0.543473
vt 0.695518 0.554054
vt 0.456967 0.543473
vt 0.442075 0.554061
vt 0.443191 0.542832
vt 0.456967 0.543473
vt 0.442075 0.554061
vt 0.655720 0.844805
vt 0.465667 0.554061
vt 0.679104 0.844812
vt 0.672013 0.826847
vt 0.697766 0.826955
vt 0.658762 0.834077
vt 0.748172 0.829228
vt 0.748132 0.821185
vt 0.390310 0.536147
vt 0.706804 0.821388
vt 0.403836 0.528593
vt 0.372233 0.536154
vt 0.390310 0.536147
vt 0.422557 0.535957
vt 0.372109 0.528797
vt 0.317397 0.657584
vt 0.316717 0.677008
vt 0.403836 0.528593
vt 0.330011 0.666553
vt 0.316717 0.626448
vt 0.317397 0.657584
vt 0.330948 0.677072
vt 0.329753 0.625451
vt 0.442850 0.390155
vt 0.440653 0.375754
vt 0.330011 0.666553
vt 0.434852 0.390154
vt 0.449617 0.390155
vt 0.449655 0.375235
vt 0.433753 0.377412
vt 0.442850 0.390155
vt 0.443191 0.542832
vt 0.422567 0.543054
vt 0.440653 0.375754
vt 0.442075 0.554061
vt 0.390271 0.548360
vt 0.372068 0.548411
vt 0.422529 0.554061
vt 0.372123 0.545282
vt 0.390271 0.548360
vt 0.422567 0.543054
vt 0.422529 0.554061
vt 0.422529 0.554061
vt 0.390271 0.548360
vt 0.390271 0.548360
vt 0.390267 0.554061
vt 0.372123 0.545282
vt 0.390297 0.565112
vt 0.390271 0.559761
vt 0.390297 0.543009
vt 0.422568 0.565061
vt 0.620616 0.722399
vt 0.374557 0.732829
vt 0.620692 0.732829
vt 0.371199 0.722309
vt 0.372121 0.562840
vt 0.390297 0.565112
vt 0.372232 0.571968
vt 0.372232 0.571968
vt 0.390310 0.571968
vt 0.390297 0.565112
vt 0.390297 0.565112
vt 0.390310 0.571968
vt 0.422558 0.572165
vt 0.443815 0.572241
vt 0.422568 0.565061
vt 0.443192 0.565284
vt 0.422568 0.565061
vt 0.456967 0.564649
vt 0.422558 0.572165
vt 0.443815 0.572241
vt 0.692077 0.512123
vt 0.706371 0.503585
vt 0.443192 0.565284
vt 0.690023 0.262712
vt 0.703467 0.242577
vt 0.690759 0.247661
vt 0.704858 0.257443
vt 0.704858 0.257443
vt 0.672004 0.862776
vt 0.697757 0.862681
vt 0.690023 0.262712
vt 0.679104 0.844812
vt 0.694236 0.587218
vt 0.694236 0.587218
vt 0.697915 0.844818
vt 0.695233 0.574181
vt 0.372108 0.579325
vt 0.372232 0.571968
vt 0.371456 0.572012
vt 0.372108 0.579325
vt 0.372232 0.571968
vt 0.372121 0.562840
vt 0.371456 0.572012
vt 0.372121 0.562840
vt 0.372066 0.559710
vt 0.372121 0.562840
vt 0.372066 0.559710
vt 0.372121 0.562840
vt 0.240342 0.524558
vt 0.237778 0.539478
vt 0.241009 0.539466
vt 0.237740 0.524558
vt 0.951575 0.178021
vt 0.964606 0.170486
vt 0.964606 0.170486
vt 0.951595 0.179316
vt 0.748234 0.844831
vt 0.765365 0.839727
vt 0.748230 0.838800
vt 0.765365 0.844831
vt 0.748234 0.844831
vt 0.765362 0.849941
vt 0.765365 0.844831
vt 0.748227 0.850861
vt 0.973406 0.182966
vt 0.951595 0.179316
vt 0.960330 0.193319
vt 0.964606 0.170486
vt 0.964606 0.170486
vt 0.976462 0.156769
vt 0.951575 0.178021
vt 0.978507 0.159276
vt 0.947850 0.175723
vt 0.951575 0.178021
vt 0.948831 0.174873
vt 0.950645 0.178923
vt 0.976462 0.156769
vt 0.975872 0.151380
vt 0.973546 0.153398
vt 0.979485 0.155556
vt 0.935418 0.186527
vt 0.950645 0.178923
vt 0.947850 0.175723
vt 0.938666 0.190266
vt 0.951575 0.178021
vt 0.973546 0.153398
vt 0.948831 0.174873
vt 0.976462 0.156769
vt 0.703467 0.242577
vt 0.692141 0.221877
vt 0.690759 0.247661
vt 0.706371 0.221978
vt 0.465667 0.554061
vt 0.695494 0.564001
vt 0.695518 0.554054
vt 0.456967 0.564649
vt 0.443192 0.565284
vt 0.442075 0.554061
vt 0.456967 0.564649
vt 0.465667 0.554061
vt 0.442075 0.554061
vt 0.655720 0.844805
vt 0.456967 0.564649
vt 0.658757 0.855546
vt 0.672004 0.862776
vt 0.748120 0.868476
vt 0.679104 0.844812
vt 0.748165 0.860434
vt 0.697757 0.862681
vt 0.403837 0.579528
vt 0.706793 0.868248
vt 0.390310 0.571968
vt 0.403837 0.579528
vt 0.390310 0.571968
vt 0.422558 0.572165
vt 0.586028 0.117452
vt 0.608712 0.161887
vt 0.566291 0.210323
vt 0.586028 0.117452
vt 0.606235 0.189983
vt 0.607658 0.116637
vt 0.554537 0.193773
vt 0.550539 0.225795
vt 0.608712 0.161887
vt 0.550539 0.225795
vt 0.574432 0.264478
vt 0.566291 0.210323
vt 0.520229 0.124483
vt 0.537378 0.184866
vt 0.566291 0.210323
vt 0.537378 0.184866
vt 0.554537 0.193773
vt 0.560956 0.174300
vt 0.372108 0.579325
vt 0.663100 0.586538
vt 0.654131 0.573924
vt 0.372232 0.571968
vt 0.643676 0.587218
vt 0.694236 0.587218
vt 0.695233 0.574181
vt 0.643612 0.572987
vt 0.663100 0.586538
vt 0.748234 0.844831
vt 0.748230 0.838800
vt 0.654131 0.573924
vt 0.697915 0.844818
vt 0.697915 0.844818
vt 0.748219 0.836033
vt 0.748219 0.836033
vt 0.697766 0.826955
vt 0.748234 0.844831
vt 0.697915 0.844818
vt 0.748172 0.829228
vt 0.748227 0.850861
vt 0.697915 0.844818
vt 0.697757 0.862681
vt 0.748215 0.853622
vt 0.520229 0.124483
vt 0.560956 0.174300
vt 0.560956 0.174300
vt 0.748215 0.853622
vt 0.221877 0.537305
vt 0.228777 0.538962
vt 0.748165 0.860434
vt 0.222969 0.524563
vt 0.237740 0.524558
vt 0.230973 0.524560
vt 0.230973 0.524560
vt 0.237778 0.539478
vt 0.443192 0.565284
vt 0.442075 0.554061
vt 0.228777 0.538962
vt 0.422568 0.565061
vt 0.372066 0.559710
vt 0.422529 0.554061
vt 0.372121 0.562840
vt 0.390271 0.559761
vt 0.472893 0.031007
vt 0.439430 0.027444
vt 0.545422 0.120911
vt 0.390271 0.559761
vt 0.422568 0.565061
vt 0.390267 0.554061
vt 0.422529 0.554061
vt 0.422529 0.554061
vt 0.372121 0.562840
vt 0.390271 0.559761
vt 0.390271 0.559761
vt 0.390297 0.565112
vt 0.736745 0.947268
vt 0.715139 0.937137
vt 0.714930 0.947268
vt 0.736767 0.937194
vt 0.739372 0.925159
vt 0.763374 0.937239
vt 0.762944 0.924772
vt 0.736767 0.937194
vt 0.728624 0.923407
vt 0.736767 0.937194
vt 0.739372 0.925159
vt 0.716672 0.929209
vt 0.728624 0.923407
vt 0.716301 0.918468
vt 0.716672 0.929209
vt 0.728666 0.918043
vt 0.736745 0.947268
vt 0.763374 0.937239
vt 0.736767 0.937194
vt 0.763369 0.947268
vt 0.763374 0.957298
vt 0.736767 0.957342
vt 0.763369 0.947268
vt 0.736745 0.947268
vt 0.736767 0.957342
vt 0.715139 0.957406
vt 0.714930 0.947268
vt 0.736745 0.947268
vt 0.704414 0.947268
vt 0.704400 0.937220
vt 0.715139 0.937137
vt 0.714930 0.947268
vt 0.715139 0.957406
vt 0.704401 0.957323
vt 0.704414 0.947268
vt 0.714930 0.947268
vt 0.692041 0.937226
vt 0.704400 0.937220
vt 0.704414 0.947268
vt 0.692191 0.947275
vt 0.704414 0.947268
vt 0.704401 0.957323
vt 0.692042 0.957317
vt 0.692191 0.947275
vt 0.762944 0.969765
vt 0.739373 0.969378
vt 0.736767 0.957342
vt 0.763374 0.957298
vt 0.739373 0.969378
vt 0.728624 0.971136
vt 0.716672 0.965334
vt 0.736767 0.957342
vt 0.716672 0.965334
vt 0.728624 0.971136
vt 0.716301 0.976068
vt 0.728666 0.976493
vt 0.043380 0.821184
vt 0.074425 0.821184
vt 0.074432 0.818689
vt 0.038411 0.818327
vt 0.043365 0.818353
vt 0.038437 0.821184
vt 0.043380 0.821184
vt 0.032890 0.818308
vt 0.043365 0.818353
vt 0.032900 0.821184
vt 0.038437 0.821184
vt 0.010001 0.818365
vt 0.038411 0.818327
vt 0.010008 0.821178
vt 0.032900 0.821184
vt 0.042972 0.807060
vt 0.032890 0.818308
vt 0.039564 0.815325
vt 0.042972 0.807060
vt 0.012848 0.809060
vt 0.034722 0.812945
vt 0.034722 0.812945
vt 0.171309 0.575283
vt 0.156270 0.574813
vt 0.012036 0.814131
vt 0.170999 0.581002
vt 0.214155 0.581885
vt 0.213126 0.573150
vt 0.155287 0.579955
vt 0.170999 0.581002
vt 0.212274 0.563019
vt 0.212276 0.553224
vt 0.171309 0.575283
vt 0.172075 0.562257
vt 0.172075 0.562257
vt 0.172074 0.553224
vt 0.172074 0.553224
vt 0.159789 0.556271
vt 0.215531 0.553224
vt 0.212276 0.553224
vt 0.159789 0.553224
vt 0.215527 0.560556
vt 0.156270 0.574813
vt 0.171309 0.575283
vt 0.212274 0.563019
vt 0.158407 0.561394
vt 0.572283 0.274341
vt 0.571420 0.284490
vt 0.172075 0.562257
vt 0.576199 0.275505
vt 0.171309 0.575283
vt 0.213126 0.573150
vt 0.575673 0.285159
vt 0.172075 0.562257
vt 0.575673 0.285159
vt 0.583538 0.285185
vt 0.212274 0.563019
vt 0.056327 0.651095
vt 0.053684 0.677415
vt 0.435771 0.044233
vt 0.576199 0.275505
vt 0.574625 0.293884
vt 0.575673 0.285159
vt 0.583538 0.275529
vt 0.570969 0.293282
vt 0.583538 0.285185
vt 0.575673 0.285159
vt 0.571420 0.284490
vt 0.583538 0.293890
vt 0.915836 0.241019
vt 0.910986 0.241019
vt 0.574625 0.293884
vt 0.915886 0.283098
vt 0.915779 0.191660
vt 0.910986 0.191677
vt 0.910986 0.283099
vt 0.915836 0.241019
vt 0.175044 0.817851
vt 0.074432 0.818689
vt 0.910986 0.241019
vt 0.119175 0.668898
vt 0.109981 0.669163
vt 0.109981 0.669163
vt 0.175063 0.821184
vt 0.925180 0.288062
vt 0.926119 0.241298
vt 0.074425 0.821184
vt 0.460549 0.147223
vt 0.143526 0.657054
vt 0.111350 0.650379
vt 0.489624 0.026314
vt 0.437119 0.047695
vt 0.520229 0.124483
vt 0.915886 0.283098
vt 0.926119 0.241298
vt 0.926094 0.191919
vt 0.915836 0.241019
vt 0.015002 0.648299
vt 0.064936 0.557499
vt 0.056327 0.651095
vt 0.915836 0.241019
vt 0.042972 0.807060
vt 0.043365 0.818353
vt 0.915779 0.191660
vt 0.039564 0.815325
vt 0.074754 0.807815
vt 0.043365 0.818353
vt 0.074432 0.818689
vt 0.042972 0.807060
vt 0.074754 0.807815
vt 0.175044 0.817851
vt 0.175277 0.811034
vt 0.074432 0.818689
vt 0.043365 0.824015
vt 0.074425 0.821184
vt 0.043380 0.821184
vt 0.074432 0.823679
vt 0.043365 0.824015
vt 0.038437 0.821184
vt 0.038410 0.824034
vt 0.043380 0.821184
vt 0.038410 0.824034
vt 0.032900 0.821184
vt 0.032890 0.824059
vt 0.038437 0.821184
vt 0.032890 0.824059
vt 0.010008 0.821178
vt 0.010000 0.823996
vt 0.111350 0.650379
vt 0.056327 0.651095
vt 0.024697 0.546557
vt 0.032900 0.821184
vt 0.170999 0.525440
vt 0.156270 0.531629
vt 0.171309 0.531159
vt 0.155287 0.526494
vt 0.170999 0.525440
vt 0.213127 0.533292
vt 0.214155 0.524558
vt 0.171309 0.531159
vt 0.172075 0.544191
vt 0.212276 0.553224
vt 0.212274 0.543430
vt 0.172074 0.553224
vt 0.172074 0.553224
vt 0.159789 0.550171
vt 0.159789 0.553224
vt 0.172075 0.544191
vt 0.215528 0.545893
vt 0.212276 0.553224
vt 0.215531 0.553224
vt 0.212274 0.543430
vt 0.171309 0.531159
vt 0.158408 0.545048
vt 0.172075 0.544191
vt 0.156270 0.531629
vt 0.590875 0.275505
vt 0.595655 0.284490
vt 0.594792 0.274341
vt 0.591396 0.285159
vt 0.172075 0.544191
vt 0.213127 0.533292
vt 0.171309 0.531159
vt 0.212274 0.543430
vt 0.590875 0.275505
vt 0.583538 0.285185
vt 0.591396 0.285159
vt 0.583538 0.275529
vt 0.596106 0.293283
vt 0.591396 0.285159
vt 0.592450 0.293885
vt 0.595655 0.284490
vt 0.591396 0.285159
vt 0.583538 0.293890
vt 0.592450 0.293885
vt 0.594915 0.014899
vt 0.117124 0.555720
vt 0.064936 0.557499
vt 0.583538 0.285185
vt 0.906079 0.283098
vt 0.910986 0.241019
vt 0.906130 0.241019
vt 0.910986 0.283099
vt 0.906130 0.241019
vt 0.910986 0.191677
vt 0.906193 0.191660
vt 0.111350 0.650379
vt 0.591560 0.010000
vt 0.567271 0.019887
vt 0.910986 0.241019
vt 0.175063 0.821184
vt 0.074432 0.823679
vt 0.175044 0.824510
vt 0.074425 0.821184
vt 0.906079 0.283098
vt 0.895846 0.241298
vt 0.896786 0.288062
vt 0.906130 0.241019
vt 0.906130 0.241019
vt 0.895872 0.191919
vt 0.895846 0.241298
vt 0.906193 0.191660
vt 0.910986 0.191677
vt 0.913792 0.188109
vt 0.910986 0.188138
vt 0.915779 0.191660
vt 0.913792 0.188109
vt 0.916388 0.181520
vt 0.913823 0.181531
vt 0.915779 0.191660
vt 0.910986 0.191677
vt 0.908174 0.188109
vt 0.906193 0.191660
vt 0.910986 0.188138
vt 0.908174 0.188109
vt 0.905584 0.181519
vt 0.906193 0.191660
vt 0.677029 0.703779
vt 0.143526 0.657054
vt 0.148535 0.654507
vt 0.780720 0.737974
vt 0.675232 0.733539
vt 0.686449 0.707870
vt 0.780720 0.737974
vt 0.789369 0.739590
vt 0.772632 0.722682
vt 0.908148 0.181531
vt 0.042972 0.835308
vt 0.039564 0.827037
vt 0.043365 0.824015
vt 0.039564 0.827037
vt 0.034721 0.829423
vt 0.074432 0.823679
vt 0.042972 0.835308
vt 0.043365 0.824015
vt 0.042972 0.835308
vt 0.042972 0.835308
vt 0.074754 0.834546
vt 0.034721 0.829423
vt 0.012033 0.828230
vt 0.175277 0.831334
vt 0.012845 0.833308
vt 0.767509 0.755264
vt 0.778472 0.750834
vt 0.765413 0.744796
vt 0.175044 0.824510
vt 0.074432 0.823679
vt 0.442733 0.600813
vt 0.074754 0.834546
vt 0.442763 0.595461
vt 0.620691 0.704577
vt 0.374556 0.704577
vt 0.475025 0.595531
vt 0.758523 0.787234
vt 0.780784 0.757360
vt 0.778472 0.750834
vt 0.733028 0.693184
vt 0.709773 0.700549
vt 0.763294 0.704077
vt 0.620618 0.715007
vt 0.424591 0.597728
vt 0.424707 0.588599
vt 0.371199 0.715096
vt 0.442763 0.595461
vt 0.424707 0.588599
vt 0.442780 0.588606
vt 0.442763 0.595461
vt 0.442763 0.595461
vt 0.442780 0.588606
vt 0.475019 0.588434
vt 0.475025 0.595531
vt 0.706220 0.706781
vt 0.740361 0.724020
vt 0.702423 0.722703
vt 0.496274 0.588371
vt 0.495647 0.595322
vt 0.475025 0.595531
vt 0.475019 0.588434
vt 0.763294 0.704077
vt 0.709773 0.700549
vt 0.763294 0.704077
vt 0.704078 0.692041
vt 0.709773 0.700549
vt 0.706220 0.706781
vt 0.733028 0.693184
vt 0.763294 0.704077
vt 0.733028 0.693184
vt 0.472893 0.031007
vt 0.435771 0.044233
vt 0.776621 0.698517
vt 0.015002 0.648299
vt 0.018996 0.648156
vt 0.437119 0.047695
vt 0.496274 0.588371
vt 0.495647 0.595322
vt 0.010000 0.752747
vt 0.509422 0.595969
vt 0.111350 0.650379
vt 0.117124 0.555720
vt 0.056327 0.651095
vt 0.259404 0.754802
vt 0.264679 0.739967
vt 0.259404 0.754802
vt 0.018538 0.738452
vt 0.274461 0.754067
vt 0.279546 0.741358
vt 0.864421 0.752008
vt 0.264679 0.739967
vt 0.686449 0.707870
vt 0.148535 0.654507
vt 0.146057 0.553569
vt 0.864574 0.769865
vt 0.890327 0.769966
vt 0.883232 0.752008
vt 0.318911 0.710202
vt 0.318911 0.710202
vt 0.319908 0.723238
vt 0.424707 0.588599
vt 0.424588 0.581242
vt 0.424707 0.588599
vt 0.740361 0.724020
vt 0.675232 0.733539
vt 0.688631 0.714765
vt 0.772632 0.722682
vt 0.763294 0.704077
vt 0.754992 0.735405
vt 0.424588 0.581242
vt 0.424707 0.588599
vt 0.424591 0.597728
vt 0.424591 0.597728
vt 0.424707 0.588599
vt 0.424591 0.597728
vt 0.424534 0.600851
vt 0.424534 0.600851
vt 0.424591 0.597728
vt 0.615362 0.116143
vt 0.630282 0.113572
vt 0.615373 0.112912
vt 0.630282 0.116174
vt 0.933591 0.925917
vt 0.945442 0.935197
vt 0.933794 0.924636
vt 0.945442 0.935197
vt 0.955903 0.924066
vt 0.933794 0.924636
vt 0.945442 0.935197
vt 0.944401 0.911989
vt 0.945442 0.935197
vt 0.955269 0.950439
vt 0.957643 0.948240
vt 0.933591 0.925917
vt 0.929585 0.927671
vt 0.933591 0.925917
vt 0.932798 0.924894
vt 0.930436 0.928653
vt 0.953929 0.955693
vt 0.955269 0.950439
vt 0.951911 0.953367
vt 0.958093 0.952059
vt 0.932798 0.924894
vt 0.918782 0.915239
vt 0.929585 0.927671
vt 0.922521 0.911989
vt 0.951911 0.953367
vt 0.933591 0.925917
vt 0.930436 0.928653
vt 0.685629 0.740135
vt 0.702423 0.722703
vt 0.690702 0.740796
vt 0.955269 0.950439
vt 0.300246 0.752683
vt 0.279546 0.741358
vt 0.274461 0.754067
vt 0.765413 0.744796
vt 0.754992 0.735405
vt 0.688631 0.714765
vt 0.300144 0.738452
vt 0.518115 0.606564
vt 0.747996 0.596794
vt 0.509422 0.595969
vt 0.748012 0.606748
vt 0.509422 0.595969
vt 0.494522 0.606544
vt 0.495647 0.595322
vt 0.509422 0.595969
vt 0.494522 0.606544
vt 0.906616 0.752008
vt 0.518115 0.606564
vt 0.883232 0.752008
vt 0.890327 0.769966
vt 0.864574 0.769865
vt 0.903576 0.762743
vt 0.814168 0.767605
vt 0.814210 0.775654
vt 0.442780 0.588606
vt 0.855537 0.775438
vt 0.456307 0.581058
vt 0.424707 0.588599
vt 0.442780 0.588606
vt 0.475019 0.588434
vt 0.424588 0.581242
vt 0.287775 0.710881
vt 0.268351 0.710202
vt 0.456307 0.581058
vt 0.278806 0.723496
vt 0.318911 0.710202
vt 0.287775 0.710881
vt 0.268288 0.724433
vt 0.319908 0.723238
vt 0.630282 0.122947
vt 0.615881 0.125144
vt 0.278806 0.723496
vt 0.630282 0.130946
vt 0.630282 0.116174
vt 0.615362 0.116143
vt 0.617540 0.132044
vt 0.630282 0.122947
vt 0.495647 0.595322
vt 0.475025 0.595531
vt 0.615881 0.125144
vt 0.494522 0.606544
vt 0.442733 0.600813
vt 0.424534 0.600851
vt 0.474979 0.606532
vt 0.424591 0.597728
vt 0.442733 0.600813
vt 0.475025 0.595531
vt 0.474979 0.606532
vt 0.474979 0.606532
vt 0.442733 0.600813
vt 0.442733 0.600813
vt 0.442726 0.606513
vt 0.424591 0.597728
vt 0.442749 0.617558
vt 0.442726 0.612207
vt 0.442763 0.595461
vt 0.475009 0.617539
vt 0.620618 0.694148
vt 0.374556 0.704577
vt 0.620691 0.704577
vt 0.767509 0.755264
vt 0.780720 0.737974
vt 0.772632 0.722682
vt 0.371199 0.694059
vt 0.424583 0.615273
vt 0.442749 0.617558
vt 0.424688 0.624401
vt 0.685629 0.740135
vt 0.758523 0.787234
vt 0.778472 0.750834
vt 0.688631 0.714765
vt 0.681972 0.741127
vt 0.708751 0.794805
vt 0.424688 0.624401
vt 0.442757 0.624414
vt 0.442749 0.617558
vt 0.442749 0.617558
vt 0.681972 0.741127
vt 0.685629 0.740135
vt 0.675232 0.733539
vt 0.442757 0.624414
vt 0.474994 0.624629
vt 0.496248 0.624731
vt 0.475009 0.617539
vt 0.495630 0.617774
vt 0.475009 0.617539
vt 0.509406 0.617145
vt 0.474994 0.624629
vt 0.772632 0.722682
vt 0.776621 0.698517
vt 0.763294 0.704077
vt 0.789369 0.739590
vt 0.776621 0.698517
vt 0.772632 0.722682
vt 0.496248 0.624731
vt 0.490254 0.671898
vt 0.498798 0.686193
vt 0.495630 0.617774
vt 0.789369 0.739590
vt 0.778472 0.750834
vt 0.780720 0.737974
vt 0.739671 0.669845
vt 0.759806 0.683288
vt 0.754721 0.670580
vt 0.744940 0.684679
vt 0.744940 0.684679
vt 0.890328 0.734044
vt 0.864574 0.734146
vt 0.739671 0.669845
vt 0.146437 0.509606
vt 0.123556 0.472540
vt 0.780784 0.757360
vt 0.883232 0.752008
vt 0.312681 0.781004
vt 0.312681 0.781004
vt 0.864421 0.752008
vt 0.325717 0.782001
vt 0.424558 0.631758
vt 0.424688 0.624401
vt 0.424688 0.624401
vt 0.146437 0.509606
vt 0.113987 0.474501
vt 0.113987 0.474501
vt 0.146057 0.553569
vt 0.146437 0.509606
vt 0.117124 0.555720
vt 0.113987 0.474501
vt 0.111047 0.438453
vt 0.117124 0.555720
vt 0.064707 0.480325
vt 0.113987 0.474501
vt 0.064707 0.480325
vt 0.049314 0.462648
vt 0.064936 0.557499
vt 0.117124 0.555720
vt 0.027731 0.505570
vt 0.027731 0.505570
vt 0.064707 0.480325
vt 0.064707 0.480325
vt 0.024697 0.546557
vt 0.064936 0.557499
vt 0.424558 0.631758
vt 0.424688 0.624401
vt 0.424583 0.615273
vt 0.424688 0.624401
vt 0.424583 0.615273
vt 0.424530 0.612150
vt 0.424583 0.615273
vt 0.424530 0.612150
vt 0.424583 0.615273
vt 0.557155 0.282415
vt 0.554584 0.297335
vt 0.557815 0.297324
vt 0.554552 0.282415
vt 0.927288 0.931397
vt 0.934822 0.944428
vt 0.934822 0.944428
vt 0.926386 0.930466
vt 0.814102 0.752008
vt 0.796972 0.757112
vt 0.814108 0.758039
vt 0.796971 0.752008
vt 0.814102 0.752008
vt 0.796972 0.746898
vt 0.796971 0.752008
vt 0.814108 0.745978
vt 0.922336 0.953228
vt 0.926386 0.930466
vt 0.911989 0.940152
vt 0.934822 0.944428
vt 0.927288 0.931397
vt 0.948540 0.956284
vt 0.934822 0.944428
vt 0.946033 0.958329
vt 0.930436 0.928653
vt 0.927288 0.931397
vt 0.926386 0.930466
vt 0.929585 0.927671
vt 0.951911 0.953367
vt 0.953929 0.955693
vt 0.949752 0.959306
vt 0.948540 0.956284
vt 0.929585 0.927671
vt 0.926386 0.930466
vt 0.915043 0.918487
vt 0.918782 0.915239
vt 0.930436 0.928653
vt 0.951911 0.953367
vt 0.948540 0.956284
vt 0.927288 0.931397
vt 0.754721 0.670580
vt 0.780506 0.671962
vt 0.780405 0.686193
vt 0.759806 0.683288
vt 0.748012 0.606748
vt 0.747980 0.616695
vt 0.509406 0.617145
vt 0.518115 0.606564
vt 0.509406 0.617145
vt 0.494522 0.606544
vt 0.518115 0.606564
vt 0.495630 0.617774
vt 0.509406 0.617145
vt 0.906616 0.752008
vt 0.903576 0.741274
vt 0.494522 0.606544
vt 0.883232 0.752008
vt 0.814210 0.728363
vt 0.814168 0.736406
vt 0.890328 0.734044
vt 0.855538 0.728579
vt 0.456273 0.631980
vt 0.442757 0.624414
vt 0.864574 0.734146
vt 0.474994 0.624629
vt 0.442757 0.624414
vt 0.424558 0.631758
vt 0.456273 0.631980
vt 0.424688 0.624401
vt 0.325975 0.740899
vt 0.312681 0.730444
vt 0.313361 0.749869
vt 0.326912 0.730381
vt 0.325717 0.782001
vt 0.313361 0.749869
vt 0.312681 0.781004
vt 0.325975 0.740899
vt 0.814108 0.758039
vt 0.864421 0.752008
vt 0.814102 0.752008
vt 0.520229 0.124483
vt 0.027731 0.505570
vt 0.064936 0.557499
vt 0.814119 0.760806
vt 0.814119 0.760806
vt 0.864574 0.769865
vt 0.864421 0.752008
vt 0.814168 0.767605
vt 0.864421 0.752008
vt 0.814108 0.745978
vt 0.814102 0.752008
vt 0.814119 0.743210
vt 0.864574 0.734146
vt 0.814119 0.743210
vt 0.864421 0.752008
vt 0.814168 0.736406
vt 0.545583 0.296815
vt 0.539781 0.282413
vt 0.538683 0.295155
vt 0.547786 0.282414
vt 0.547786 0.282414
vt 0.554584 0.297335
vt 0.554552 0.282415
vt 0.528500 0.206820
vt 0.528500 0.206820
vt 0.537378 0.184866
vt 0.545583 0.296815
vt 0.494522 0.606544
vt 0.475009 0.617539
vt 0.495630 0.617774
vt 0.560956 0.174300
vt 0.539729 0.216717
vt 0.537378 0.184866
vt 0.474979 0.606532
vt 0.442726 0.612207
vt 0.424583 0.615273
vt 0.424530 0.612150
vt 0.482124 0.182454
vt 0.571947 0.179220
vt 0.545422 0.120911
vt 0.681972 0.741127
vt 0.520229 0.124483
vt 0.460549 0.147223
vt 0.131709 0.427295
vt 0.675232 0.733539
vt 0.673880 0.743500
vt 0.125460 0.446243
vt 0.120225 0.406317
vt 0.111193 0.427290
vt 0.111193 0.427290
vt 0.111047 0.438453
vt 0.131709 0.427295
vt 0.442726 0.612207
vt 0.475009 0.617539
vt 0.442726 0.606513
vt 0.474979 0.606532
vt 0.018996 0.648156
vt 0.010000 0.663018
vt 0.021901 0.674681
vt 0.474979 0.606532
vt 0.424583 0.615273
vt 0.442726 0.612207
vt 0.442726 0.612207
vt 0.442749 0.617558
vt 0.361420 0.931125
vt 0.339814 0.920994
vt 0.339605 0.931125
vt 0.361442 0.921051
vt 0.364049 0.909016
vt 0.388050 0.921096
vt 0.387620 0.908635
vt 0.361442 0.921051
vt 0.353300 0.907264
vt 0.361442 0.921051
vt 0.364049 0.909016
vt 0.341348 0.913066
vt 0.353300 0.907264
vt 0.340978 0.902325
vt 0.341348 0.913066
vt 0.353342 0.901900
vt 0.361420 0.931125
vt 0.388050 0.921096
vt 0.361442 0.921051
vt 0.018996 0.648156
vt 0.053684 0.677415
vt 0.021901 0.674681
vt 0.388044 0.931125
vt 0.388050 0.941155
vt 0.361420 0.931125
vt 0.361442 0.941199
vt 0.388044 0.931125
vt 0.361420 0.931125
vt 0.339814 0.941263
vt 0.361442 0.941199
vt 0.339605 0.931125
vt 0.339605 0.931125
vt 0.329076 0.921077
vt 0.329089 0.931125
vt 0.339814 0.920994
vt 0.339605 0.931125
vt 0.329075 0.941180
vt 0.339814 0.941263
vt 0.329089 0.931125
vt 0.316867 0.931125
vt 0.329076 0.921077
vt 0.316717 0.921083
vt 0.329089 0.931125
vt 0.316867 0.931125
vt 0.329075 0.941180
vt 0.329089 0.931125
vt 0.316717 0.941174
vt 0.388050 0.941155
vt 0.364049 0.953235
vt 0.387620 0.953622
vt 0.361442 0.941199
vt 0.361442 0.941199
vt 0.353300 0.954993
vt 0.364049 0.953235
vt 0.341348 0.949191
vt 0.340978 0.959925
vt 0.353300 0.954993
vt 0.341348 0.949191
vt 0.353342 0.960357
vt 0.145595 0.914983
vt 0.167201 0.925116
vt 0.167410 0.914983
vt 0.145573 0.925058
vt 0.142967 0.937092
vt 0.118965 0.925014
vt 0.119395 0.937480
vt 0.520229 0.124483
vt 0.489624 0.026314
vt 0.056327 0.651095
vt 0.145573 0.925058
vt 0.153715 0.938849
vt 0.145573 0.925058
vt 0.142967 0.937092
vt 0.165667 0.933046
vt 0.153715 0.938849
vt 0.166038 0.943784
vt 0.165667 0.933046
vt 0.681972 0.741127
vt 0.545422 0.120911
vt 0.528328 0.028698
vt 0.153673 0.944211
vt 0.145595 0.914983
vt 0.118965 0.925014
vt 0.145573 0.925058
vt 0.118971 0.914983
vt 0.118965 0.904954
vt 0.145595 0.914983
vt 0.145573 0.904910
vt 0.118971 0.914983
vt 0.145595 0.914983
vt 0.167201 0.904851
vt 0.145573 0.904910
vt 0.167410 0.914983
vt 0.167410 0.914983
vt 0.177939 0.925036
vt 0.177926 0.914984
vt 0.167201 0.925116
vt 0.167410 0.914983
vt 0.177939 0.904931
vt 0.167201 0.904851
vt 0.177926 0.914984
vt 0.190148 0.914984
vt 0.177939 0.925036
vt 0.190298 0.925028
vt 0.177926 0.914984
vt 0.190148 0.914984
vt 0.177939 0.904931
vt 0.177926 0.914984
vt 0.595491 0.226796
vt 0.673880 0.743500
vt 0.708751 0.794805
vt 0.574432 0.264478
vt 0.589913 0.246307
vt 0.580085 0.229311
vt 0.489624 0.026314
vt 0.472893 0.031007
vt 0.437119 0.047695
vt 0.190298 0.904940
vt 0.118965 0.904954
vt 0.142967 0.892875
vt 0.119396 0.892488
vt 0.145573 0.904910
vt 0.145573 0.904910
vt 0.153715 0.891119
vt 0.142967 0.892875
vt 0.165667 0.896922
vt 0.166037 0.886184
vt 0.153715 0.891119
vt 0.165667 0.896922
vt 0.153673 0.885757
vt 0.827237 0.266121
vt 0.830069 0.235061
vt 0.827237 0.235076
vt 0.740179 0.786342
vt 0.739426 0.756124
vt 0.710474 0.788261
vt 0.829731 0.266128
vt 0.827237 0.230133
vt 0.830069 0.235061
vt 0.830091 0.230107
vt 0.827237 0.235076
vt 0.827238 0.224597
vt 0.830091 0.230107
vt 0.830114 0.224587
vt 0.739426 0.756124
vt 0.728244 0.744327
vt 0.740628 0.755281
vt 0.740628 0.755281
vt 0.739426 0.756124
vt 0.726900 0.746873
vt 0.827237 0.230133
vt 0.827242 0.201707
vt 0.830114 0.224587
vt 0.830058 0.201699
vt 0.827238 0.224597
vt 0.833092 0.231260
vt 0.835477 0.226418
vt 0.841360 0.234668
vt 0.841360 0.234668
vt 0.835477 0.226418
vt 0.834285 0.203732
vt 0.839360 0.204543
vt 0.697867 0.745382
vt 0.690702 0.740796
vt 0.740179 0.786342
vt 0.478025 0.920342
vt 0.477715 0.926059
vt 0.462004 0.925011
vt 0.462987 0.919871
vt 0.702423 0.722703
vt 0.690702 0.740796
vt 0.710474 0.788261
vt 0.520871 0.926944
vt 0.477715 0.926059
vt 0.478025 0.920342
vt 0.519843 0.918209
vt 0.740361 0.724020
vt 0.702423 0.722703
vt 0.697867 0.745382
vt 0.518991 0.908073
vt 0.478791 0.907313
vt 0.478791 0.898278
vt 0.518993 0.898279
vt 0.478791 0.907313
vt 0.466506 0.901325
vt 0.466506 0.898278
vt 0.478791 0.898278
vt 0.728244 0.744327
vt 0.740361 0.724020
vt 0.697867 0.745382
vt 0.522247 0.898279
vt 0.518993 0.898279
vt 0.518991 0.908073
vt 0.462987 0.919871
vt 0.522244 0.905610
vt 0.478025 0.920342
vt 0.478791 0.907313
vt 0.615362 0.104449
vt 0.465124 0.906453
vt 0.747608 0.738893
vt 0.740361 0.724020
vt 0.697867 0.745382
vt 0.740628 0.755281
vt 0.728244 0.744327
vt 0.728244 0.744327
vt 0.625511 0.105315
vt 0.626180 0.101058
vt 0.478025 0.920342
vt 0.616526 0.100534
vt 0.519843 0.918209
vt 0.518991 0.908073
vt 0.626180 0.101058
vt 0.478791 0.907313
vt 0.626205 0.093196
vt 0.616550 0.093196
vt 0.634905 0.102109
vt 0.616526 0.100534
vt 0.626180 0.101058
vt 0.625511 0.105315
vt 0.626205 0.093196
vt 0.634303 0.105766
vt 0.626180 0.101058
vt 0.634905 0.102109
vt 0.257161 0.922273
vt 0.634911 0.093196
vt 0.257162 0.927126
vt 0.299242 0.927126
vt 0.207803 0.922334
vt 0.299242 0.922220
vt 0.207820 0.927126
vt 0.257162 0.927126
vt 0.830566 0.366740
vt 0.257161 0.922273
vt 0.829731 0.266128
vt 0.827237 0.266121
vt 0.304205 0.912932
vt 0.827236 0.366759
vt 0.257440 0.911989
vt 0.257161 0.922273
vt 0.257440 0.911989
vt 0.299242 0.922220
vt 0.208062 0.912017
vt 0.207803 0.922334
vt 0.841360 0.234668
vt 0.257161 0.922273
vt 0.740628 0.755281
vt 0.752294 0.754021
vt 0.747608 0.738893
vt 0.830069 0.235061
vt 0.829731 0.266128
vt 0.840602 0.266450
vt 0.833092 0.231260
vt 0.697867 0.745382
vt 0.740179 0.786342
vt 0.752294 0.754021
vt 0.830069 0.235061
vt 0.837387 0.366973
vt 0.840602 0.266450
vt 0.841360 0.234668
vt 0.830566 0.366740
vt 0.827237 0.235076
vt 0.824405 0.235061
vt 0.829731 0.266128
vt 0.827237 0.266121
vt 0.824384 0.230107
vt 0.824405 0.235061
vt 0.824743 0.266128
vt 0.827237 0.230133
vt 0.824363 0.224586
vt 0.824384 0.230107
vt 0.827237 0.235076
vt 0.827238 0.224597
vt 0.824427 0.201698
vt 0.824363 0.224586
vt 0.827237 0.230133
vt 0.827242 0.201707
vt 0.478026 0.876216
vt 0.477716 0.870499
vt 0.827238 0.224597
vt 0.462987 0.876687
vt 0.520872 0.869614
vt 0.477716 0.870499
vt 0.462004 0.871547
vt 0.519843 0.878349
vt 0.518991 0.888485
vt 0.478792 0.889245
vt 0.478026 0.876216
vt 0.518993 0.898279
vt 0.466506 0.898278
vt 0.478791 0.898278
vt 0.478791 0.898278
vt 0.466506 0.895231
vt 0.522247 0.898279
vt 0.522244 0.890947
vt 0.478792 0.889245
vt 0.518993 0.898279
vt 0.478792 0.889245
vt 0.478026 0.876216
vt 0.518991 0.888485
vt 0.465125 0.890106
vt 0.615362 0.081942
vt 0.616526 0.085857
vt 0.462987 0.876687
vt 0.625511 0.081076
vt 0.478026 0.876216
vt 0.478792 0.889245
vt 0.626180 0.085334
vt 0.519843 0.878349
vt 0.626180 0.085334
vt 0.616526 0.085857
vt 0.518991 0.888485
vt 0.626205 0.093196
vt 0.634905 0.084282
vt 0.634303 0.080626
vt 0.616550 0.093196
vt 0.626180 0.085334
vt 0.634905 0.084282
vt 0.626180 0.085334
vt 0.625511 0.081076
vt 0.697867 0.745382
vt 0.710474 0.788261
vt 0.726900 0.746873
vt 0.634911 0.093196
vt 0.257161 0.931980
vt 0.299242 0.932033
vt 0.626205 0.093196
vt 0.756632 0.750611
vt 0.726900 0.746873
vt 0.728244 0.744327
vt 0.765413 0.744796
vt 0.740179 0.786342
vt 0.767509 0.755264
vt 0.257162 0.927126
vt 0.207802 0.931919
vt 0.257161 0.931980
vt 0.299242 0.927126
vt 0.710474 0.788261
vt 0.756632 0.750611
vt 0.767509 0.755264
vt 0.207820 0.927126
vt 0.823906 0.366740
vt 0.827236 0.366759
vt 0.257162 0.927126
vt 0.824743 0.266128
vt 0.304205 0.941322
vt 0.299242 0.932033
vt 0.827237 0.266121
vt 0.767509 0.755264
vt 0.739426 0.756124
vt 0.726900 0.746873
vt 0.740179 0.786342
vt 0.740179 0.786342
vt 0.758523 0.787234
vt 0.257440 0.942264
vt 0.257440 0.942264
vt 0.257161 0.931980
vt 0.257161 0.931980
vt 0.756632 0.750611
vt 0.743241 0.796860
vt 0.758523 0.787234
vt 0.208062 0.942236
vt 0.204281 0.927126
vt 0.207820 0.927126
vt 0.207802 0.931919
vt 0.204253 0.924318
vt 0.197674 0.924288
vt 0.204253 0.924318
vt 0.207803 0.922334
vt 0.752294 0.754021
vt 0.765413 0.744796
vt 0.754992 0.735405
vt 0.197663 0.921724
vt 0.207802 0.931919
vt 0.207820 0.927126
vt 0.207803 0.922334
vt 0.204252 0.929934
vt 0.207802 0.931919
vt 0.204252 0.929934
vt 0.204281 0.927126
vt 0.747608 0.738893
vt 0.740179 0.786342
vt 0.756632 0.750611
vt 0.752294 0.754021
vt 0.754992 0.735405
vt 0.740361 0.724020
vt 0.754992 0.735405
vt 0.747608 0.738893
vt 0.756632 0.750611
vt 0.740179 0.786342
vt 0.708751 0.794805
vt 0.710474 0.788261
vt 0.685629 0.740135
vt 0.690702 0.740796
vt 0.743241 0.796860
vt 0.111193 0.427290
vt 0.708751 0.794805
vt 0.710474 0.788261
vt 0.106217 0.399450
vt 0.093687 0.404233
vt 0.120225 0.406317
vt 0.197662 0.932527
vt 0.824405 0.235061
vt 0.813114 0.234668
vt 0.197673 0.929963
vt 0.821382 0.231260
vt 0.813114 0.234668
vt 0.818996 0.226417
vt 0.821382 0.231260
vt 0.824743 0.266128
vt 0.813872 0.266450
vt 0.813114 0.234668
vt 0.824405 0.235061
vt 0.813114 0.234668
vt 0.815110 0.204541
vt 0.820185 0.203729
vt 0.818996 0.226417
vt 0.817086 0.366973
vt 0.813872 0.266450
vt 0.824743 0.266128
vt 0.823906 0.366740
vt 0.346575 0.831809
vt 0.341267 0.799511
vt 0.010000 0.720722
vt 0.341223 0.831783
vt 0.327011 0.849973
vt 0.882971 0.345113
vt 0.865010 0.352209
vt 0.642767 0.753465
vt 0.327011 0.849973
vt 0.343500 0.849958
vt 0.435771 0.254947
vt 0.346625 0.850013
vt 0.439038 0.240038
vt 0.439003 0.254958
vt 0.346625 0.850013
vt 0.343500 0.849958
vt 0.334368 0.849848
vt 0.667004 0.463175
vt 0.627896 0.752074
vt 0.381758 0.750560
vt 0.637680 0.766173
vt 0.622626 0.766909
vt 0.334169 0.799522
vt 0.334364 0.831770
vt 0.334085 0.778265
vt 0.341267 0.799511
vt 0.334169 0.799522
vt 0.341042 0.778886
vt 0.341223 0.831783
vt 0.259487 0.710202
vt 0.341223 0.831783
vt 0.334368 0.849848
vt 0.334364 0.831770
vt 0.334368 0.849848
vt 0.341223 0.831783
vt 0.010074 0.710291
vt 0.256130 0.720722
vt 0.334368 0.849848
vt 0.680040 0.462182
vt 0.343500 0.849958
vt 0.865010 0.371019
vt 0.680040 0.462182
vt 0.343500 0.849958
vt 0.334368 0.849848
vt 0.341267 0.799511
vt 0.343500 0.849958
vt 0.334085 0.778265
vt 0.341675 0.765112
vt 0.341042 0.778886
vt 0.373217 0.764854
vt 0.622626 0.766909
vt 0.882870 0.370866
vt 0.627896 0.752074
vt 0.334368 0.849848
vt 0.939019 0.422726
vt 0.436433 0.240038
vt 0.940042 0.421931
vt 0.949322 0.410079
vt 0.949322 0.410079
vt 0.949322 0.410079
g pally_inhib_texture
usemtl Inhibitor_mat
f 231/231/231 234/234/234 232/232/232
f 233/233/233 235/235/235 238/238/238
f 236/236/236 237/237/237 239/239/239
f 242/242/242 240/240/240 241/241/241
f 276/276/276 279/279/279 277/277/277
f 278/278/278 286/286/286 289/289/289
f 287/287/287 288/288/288 293/293/293
f 316/316/316 314/314/314 315/315/315
f 361/361/361 364/364/364 362/362/362
f 370/370/370 375/375/375 378/378/378
f 376/376/376 377/377/377 379/379/379
f 399/399/399 397/397/397 398/398/398
f 404/404/404 407/407/407 405/405/405
f 406/406/406 411/411/411 414/414/414
f 419/419/419 420/420/420 425/425/425
f 495/495/495 493/493/493 494/494/494
f 500/500/500 503/503/503 501/501/501
f 542/542/542 544/544/544 547/547/547
f 545/545/545 546/546/546 548/548/548
f 557/557/557 558/558/558 560/560/560
f 583/583/583 581/581/581 582/582/582
f 588/588/588 591/591/591 589/589/589
f 594/594/594 596/596/596 599/599/599
f 609/609/609 610/610/610 612/612/612
f 615/615/615 613/613/613 614/614/614
f 627/627/627 630/630/630 628/628/628
f 651/651/651 653/653/653 656/656/656
f 654/654/654 655/655/655 657/657/657
f 660/660/660 658/658/658 659/659/659
f 689/689/689 692/692/692 690/690/690
f 702/702/702 704/704/704 707/707/707
f 776/776/776 777/777/777 779/779/779
f 812/812/812 810/810/810 811/811/811
f 817/817/817 820/820/820 818/818/818
f 819/819/819 821/821/821 824/824/824
f 822/822/822 823/823/823 825/825/825
f 828/828/828 826/826/826 827/827/827
f 829/829/829 832/832/832 830/830/830
f 835/835/835 837/837/837 840/840/840
f 845/845/845 846/846/846 848/848/848
f 883/883/883 881/881/881 882/882/882
f 981/981/981 979/979/979 980/980/980
f 982/982/982 985/985/985 983/983/983
f 984/984/984 986/986/986 989/989/989
f 987/987/987 988/988/988 990/990/990
f 993/993/993 991/991/991 992/992/992
f 994/994/994 997/997/997 995/995/995
f 996/996/996 998/998/998 1001/1001/1001
f 1010/1010/1010 1011/1011/1011 1013/1013/1013
f 1024/1024/1024 1022/1022/1022 1023/1023/1023
f 1029/1029/1029 1032/1032/1032 1030/1030/1030
f 1031/1031/1031 1033/1033/1033 1036/1036/1036
f 1042/1042/1042 1043/1043/1043 1045/1045/1045
f 1052/1052/1052 1050/1050/1050 1051/1051/1051
f 1053/1053/1053 1056/1056/1056 1054/1054/1054
f 1059/1059/1059 1061/1061/1061 1064/1064/1064
f 1129/1129/1129 1130/1130/1130 1132/1132/1132
f 1139/1139/1139 1137/1137/1137 1138/1138/1138
f 1180/1180/1180 1183/1183/1183 1181/1181/1181
f 1182/1182/1182 1184/1184/1184 1187/1187/1187
f 1194/1194/1194 1196/1196/1196 1199/1199/1199
f 1217/1217/1217 1218/1218/1218 1220/1220/1220
f 1227/1227/1227 1225/1225/1225 1226/1226/1226
f 1228/1228/1228 1231/1231/1231 1229/1229/1229
f 1230/1230/1230 1232/1232/1232 1235/1235/1235
f 1233/1233/1233 1234/1234/1234 1236/1236/1236
f 1239/1239/1239 1237/1237/1237 1238/1238/1238
f 1244/1244/1244 1247/1247/1247 1245/1245/1245
f 1261/1261/1261 1263/1263/1263 1266/1266/1266
f 1264/1264/1264 1265/1265/1265 1273/1273/1273
f 1284/1284/1284 1282/1282/1282 1283/1283/1283
f 1301/1301/1301 1304/1304/1304 1302/1302/1302
f 1303/1303/1303 1305/1305/1305 1308/1308/1308
f 1306/1306/1306 1307/1307/1307 1309/1309/1309
f 1343/1343/1343 1341/1341/1341 1342/1342/1342
f 1355/1355/1355 1358/1358/1358 1356/1356/1356
f 1431/1431/1431 1433/1433/1433 1436/1436/1436
f 1462/1462/1462 1463/1463/1463 1465/1465/1465
f 1472/1472/1472 1470/1470/1470 1471/1471/1471
f 1473/1473/1473 1476/1476/1476 1474/1474/1474
f 1482/1482/1482 1484/1484/1484 1487/1487/1487
f 1517/1517/1517 1518/1518/1518 1520/1520/1520
f 1651/1651/1651 1653/1653/1653 1656/1656/1656
f 1671/1671/1671 1673/1673/1673 1676/1676/1676
f 1698/1698/1698 1699/1699/1699 1701/1701/1701
f 1704/1704/1704 1702/1702/1702 1703/1703/1703
f 1705/1705/1705 1708/1708/1708 1706/1706/1706
f 1707/1707/1707 1712/1712/1712 1715/1715/1715
f 1713/1713/1713 1714/1714/1714 1716/1716/1716
f 1719/1719/1719 1717/1717/1717 1718/1718/1718
f 2017/2017/2017 2020/2020/2020 2018/2018/2018
f 2098/2098/2098 2100/2100/2100 2103/2103/2103
f 2270/2270/2270 2271/2271/2271 2273/2273/2273
f 2323/2323/2323 2321/2321/2321 2322/2322/2322
f 2387/2387/2387 2390/2390/2390 2388/2388/2388
f 2507/2507/2507 2509/2509/2509 2512/2512/2512
f 2575/2575/2575 2578/2578/2578 2576/2576/2576
f 2744/2744/2744 2742/2742/2742 2743/2743/2743
f 2792/2792/2792 2795/2795/2795 2793/2793/2793
f 2857/2857/2857 2859/2859/2859 2862/2862/2862
f 2899/2899/2899 2900/2900/2900 2902/2902/2902
f 2973/2973/2973 2971/2971/2971 2972/2972/2972
f 3081/3081/3081 3084/3084/3084 3082/3082/3082
f 3083/3083/3083 3085/3085/3085 3088/3088/3088
f 3098/3098/3098 3099/3099/3099 3101/3101/3101
f 3108/3108/3108 3106/3106/3106 3107/3107/3107
f 3109/3109/3109 3112/3112/3112 3110/3110/3110
f 3119/3119/3119 3124/3124/3124 3127/3127/3127
f 3137/3137/3137 3138/3138/3138 3140/3140/3140
f 3195/3195/3195 3193/3193/3193 3194/3194/3194
f 3196/3196/3196 3199/3199/3199 3197/3197/3197
f 3206/3206/3206 3208/3208/3208 3211/3211/3211
f 3233/3233/3233 3234/3234/3234 3236/3236/3236
f 3239/3239/3239 3237/3237/3237 3238/3238/3238
f 3240/3240/3240 3243/3243/3243 3241/3241/3241
f 3242/3242/3242 3244/3244/3244 3247/3247/3247
f 3245/3245/3245 3246/3246/3246 3248/3248/3248
f 3255/3255/3255 3253/3253/3253 3254/3254/3254
f 3256/3256/3256 3259/3259/3259 3257/3257/3257
f 3266/3266/3266 3268/3268/3268 3271/3271/3271
f 3281/3281/3281 3282/3282/3282 3284/3284/3284
f 3347/3347/3347 3345/3345/3345 3346/3346/3346
f 3348/3348/3348 3351/3351/3351 3349/3349/3349
f 3358/3358/3358 3360/3360/3360 3363/3363/3363
f 3422/3422/3422 3425/3425/3425 3424/3424/3424
f 3429/3429/3429 3432/3432/3432 3430/3430/3430
f 3431/3431/3431 3433/3433/3433 3436/3436/3436
f 3434/3434/3434 3435/3435/3435 3437/3437/3437
f 3509/3509/3509 3511/3511/3511 3514/3514/3514
f 3595/3595/3595 3596/3596/3596 3598/3598/3598
f 3723/3723/3723 3721/3721/3721 3722/3722/3722
f 3724/3724/3724 3727/3727/3727 3725/3725/3725
f 3741/3741/3741 3743/3743/3743 3746/3746/3746
f 3754/3754/3754 3755/3755/3755 3757/3757/3757
f 3760/3760/3760 3758/3758/3758 3759/3759/3759
f 3787/3787/3787 3790/3790/3790 3788/3788/3788
f 3809/3809/3809 3808/3808/3808 3810/3810/3810
f 3877/3877/3877 3875/3875/3875 3876/3876/3876
f 3878/3878/3878 3881/3881/3881 3879/3879/3879
f 3888/3888/3888 3890/3890/3890 3893/3893/3893
f 3915/3915/3915 3916/3916/3916 3918/3918/3918
f 3921/3921/3921 3919/3919/3919 3920/3920/3920
f 3922/3922/3922 3925/3925/3925 3923/3923/3923
f 3924/3924/3924 3926/3926/3926 3929/3929/3929
f 3927/3927/3927 3928/3928/3928 3930/3930/3930
f 3940/3940/3940 3938/3938/3938 3939/3939/3939
f 3947/3947/3947 3950/3950/3950 3948/3948/3948
f 3960/3960/3960 3968/3968/3968 3971/3971/3971
f 3987/3987/3987 3988/3988/3988 3990/3990/3990
f 4072/4072/4072 4075/4075/4075 4073/4073/4073
f 4074/4074/4074 4076/4076/4076 4079/4079/4079
f 4085/4085/4085 4086/4086/4086 4088/4088/4088
f 4140/4140/4140 4138/4138/4138 4139/4139/4139
f 4156/4156/4156 4159/4159/4159 4157/4157/4157
f 4158/4158/4158 4163/4163/4163 4166/4166/4166
f 4164/4164/4164 4165/4165/4165 4167/4167/4167
f 4325/4325/4325 4323/4323/4323 4324/4324/4324
f 4411/4411/4411 4416/4416/4416 4419/4419/4419
f 4569/4569/4569 4570/4570/4570 4572/4572/4572
f 4575/4575/4575 4573/4573/4573 4574/4574/4574
f 4588/4588/4588 4591/4591/4591 4589/4589/4589
f 4633/4633/4633 4619/4619/4619 4618/4618/4618
f 4616/4616/4616 4621/4621/4621 4620/4620/4620
f 4634/4634/4634 4635/4635/4635 4636/4636/4636
f 4629/4629/4629 4626/4626/4626 4605/4605/4605
f 48/48/48 47/47/47 56/56/56
f 55/55/55 54/54/54 59/59/59
f 68/68/68 67/67/67 66/66/66
f 115/115/115 114/114/114 113/113/113
f 118/118/118 117/117/117 116/116/116
f 121/121/121 120/120/120 119/119/119
f 124/124/124 123/123/123 122/122/122
f 127/127/127 126/126/126 125/125/125
f 136/136/136 135/135/135 140/140/140
f 139/139/139 138/138/138 143/143/143
f 156/156/156 155/155/155 154/154/154
f 191/191/191 190/190/190 189/189/189
f 282/282/282 281/281/281 280/280/280
f 285/285/285 284/284/284 283/283/283
f 304/304/304 309/309/309 308/308/308
f 367/367/367 366/366/366 365/365/365
f 374/374/374 373/373/373 372/372/372
f 385/385/385 384/384/384 383/383/383
f 392/392/392 391/391/391 390/390/390
f 1371/1371/1371 1370/1370/1370 1369/1369/1369
f 1378/1378/1378 1383/1383/1383 1382/1382/1382
f 1421/1421/1421 1420/1420/1420 1419/1419/1419
f 1478/1478/1478 1477/1477/1477 1494/1494/1494
f 1529/1529/1529 1528/1528/1528 1533/1533/1533
f 1532/1532/1532 1531/1531/1531 1640/1640/1640
f 1709/1709/1709 1786/1786/1786 1785/1785/1785
f 1794/1794/1794 1793/1793/1793 1838/1838/1838
f 1847/1847/1847 1852/1852/1852 1851/1851/1851
f 1930/1930/1930 1929/1929/1929 1928/1928/1928
f 1949/1949/1949 1954/1954/1954 1953/1953/1953
f 1952/1952/1952 1957/1957/1957 1956/1956/1956
f 1955/1955/1955 1960/1960/1960 1959/1959/1959
f 1958/1958/1958 1963/1963/1963 1962/1962/1962
f 1961/1961/1961 1990/1990/1990 1989/1989/1989
f 1988/1988/1988 2001/2001/2001 2000/2000/2000
f 1999/1999/1999 2004/2004/2004 2003/2003/2003
f 2002/2002/2002 2059/2059/2059 2058/2058/2058
f 2057/2057/2057 2074/2074/2074 2073/2073/2073
f 2072/2072/2072 2085/2085/2085 2084/2084/2084
f 2083/2083/2083 2088/2088/2088 2087/2087/2087
f 2110/2110/2110 2109/2109/2109 2108/2108/2108
f 2113/2113/2113 2112/2112/2112 2111/2111/2111
f 2220/2220/2220 2219/2219/2219 2218/2218/2218
f 2291/2291/2291 2290/2290/2290 2289/2289/2289
f 2438/2438/2438 2601/2601/2601 2600/2600/2600
f 2783/2783/2783 2782/2782/2782 2781/2781/2781
f 2846/2846/2846 2845/2845/2845 2844/2844/2844
f 3055/3055/3055 3054/3054/3054 3123/3123/3123
f 3122/3122/3122 3121/3121/3121 3366/3366/3366
f 3365/3365/3365 3364/3364/3364 3369/3369/3369
f 3368/3368/3368 3367/3367/3367 3372/3372/3372
f 3371/3371/3371 3370/3370/3370 3375/3375/3375
f 3374/3374/3374 3373/3373/3373 3378/3378/3378
f 3377/3377/3377 3376/3376/3376 3381/3381/3381
f 3380/3380/3380 3379/3379/3379 3408/3408/3408
f 3407/3407/3407 3406/3406/3406 3428/3428/3428
f 3427/3427/3427 3426/3426/3426 3553/3553/3553
f 3552/3552/3552 3551/3551/3551 3576/3576/3576
f 3669/3669/3669 3682/3682/3682 3681/3681/3681
f 3680/3680/3680 3713/3713/3713 3712/3712/3712
f 3711/3711/3711 3716/3716/3716 3715/3715/3715
f 3714/3714/3714 3719/3719/3719 3718/3718/3718
f 3749/3749/3749 3748/3748/3748 3747/3747/3747
f 3752/3752/3752 3751/3751/3751 3750/3750/3750
f 3773/3773/3773 3772/3772/3772 3777/3777/3777
f 3776/3776/3776 3775/3775/3775 3780/3780/3780
f 3779/3779/3779 3778/3778/3778 3783/3783/3783
f 3782/3782/3782 3781/3781/3781 3786/3786/3786
f 3785/3785/3785 3784/3784/3784 3793/3793/3793
f 3802/3802/3802 3816/3816/3816 3815/3815/3815
f 3934/3934/3934 3943/3943/3943 3942/3942/3942
f 3941/3941/3941 3946/3946/3946 3945/3945/3945
f 3964/3964/3964 3963/3963/3963 3962/3962/3962
f 3967/3967/3967 3966/3966/3966 3965/3965/3965
f 3984/3984/3984 3983/3983/3983 3996/3996/3996
f 3995/3995/3995 3994/3994/3994 3999/3999/3999
f 3998/3998/3998 3997/3997/3997 4002/4002/4002
f 4001/4001/4001 4000/4000/4000 4005/4005/4005
f 4006/4006/4006 4011/4011/4011 4010/4010/4010
f 4009/4009/4009 4014/4014/4014 4013/4013/4013
f 4012/4012/4012 4106/4106/4106 4105/4105/4105
f 4104/4104/4104 4129/4129/4129 4128/4128/4128
f 4127/4127/4127 4136/4136/4136 4135/4135/4135
f 4134/4134/4134 4143/4143/4143 4142/4142/4142
f 4141/4141/4141 4146/4146/4146 4145/4145/4145
f 4144/4144/4144 4149/4149/4149 4148/4148/4148
f 4147/4147/4147 4152/4152/4152 4151/4151/4151
f 4162/4162/4162 4161/4161/4161 4160/4160/4160
f 4245/4245/4245 4278/4278/4278 4277/4277/4277
f 4284/4284/4284 4283/4283/4283 4282/4282/4282
f 4303/4303/4303 4302/4302/4302 4301/4301/4301
f 4316/4316/4316 4315/4315/4315 4332/4332/4332
f 4331/4331/4331 4330/4330/4330 4339/4339/4339
f 4338/4338/4338 4337/4337/4337 4346/4346/4346
f 4345/4345/4345 4344/4344/4344 4357/4357/4357
f 4356/4356/4356 4355/4355/4355 4369/4369/4369
f 4368/4368/4368 4367/4367/4367 4372/4372/4372
f 4413/4413/4413 4422/4422/4422 4421/4421/4421
f 4420/4420/4420 4489/4489/4489 4488/4488/4488
f 4487/4487/4487 4496/4496/4496 4495/4495/4495
f 4494/4494/4494 4499/4499/4499 4498/4498/4498
f 4497/4497/4497 4506/4506/4506 4505/4505/4505
f 4504/4504/4504 4517/4517/4517 4516/4516/4516
f 4515/4515/4515 4520/4520/4520 4519/4519/4519
f 4518/4518/4518 4527/4527/4527 4526/4526/4526
f 4525/4525/4525 4538/4538/4538 4537/4537/4537
f 4536/4536/4536 4549/4549/4549 4548/4548/4548
f 4547/4547/4547 4552/4552/4552 4551/4551/4551
f 1/1/1 2/2/2 4/4/4
f 4/4/4 2/2/2 3/3/3
f 5/5/5 149/149/149 8/8/8
f 8/8/8 149/149/149 148/148/148
f 148/148/148 149/149/149 160/160/160
f 160/160/160 149/149/149 158/158/158
f 149/149/149 157/157/157 158/158/158
f 158/158/158 157/157/157 147/147/147
f 147/147/147 157/157/157 150/150/150
f 150/150/150 50/50/50 147/147/147
f 147/147/147 50/50/50 72/72/72
f 160/160/160 6/6/6 148/148/148
f 53/53/53 6/6/6 160/160/160
f 160/160/160 159/159/159 53/53/53
f 160/160/160 158/158/158 159/159/159
f 159/159/159 158/158/158 169/169/169
f 169/169/169 158/158/158 133/133/133
f 133/133/133 158/158/158 147/147/147
f 72/72/72 133/133/133 147/147/147
f 73/73/73 133/133/133 72/72/72
f 73/73/73 132/132/132 133/133/133
f 75/75/75 132/132/132 73/73/73
f 53/53/53 159/159/159 51/51/51
f 159/159/159 168/168/168 51/51/51
f 159/159/159 169/169/169 168/168/168
f 170/170/170 168/168/168 169/169/169
f 170/170/170 169/169/169 132/132/132
f 132/132/132 169/169/169 133/133/133
f 9/9/9 53/53/53 51/51/51
f 52/52/52 9/9/9 51/51/51
f 51/51/51 168/168/168 52/52/52
f 168/168/168 167/167/167 52/52/52
f 167/167/167 168/168/168 170/170/170
f 7/7/7 53/53/53 9/9/9
f 52/52/52 167/167/167 102/102/102
f 102/102/102 12/12/12 52/52/52
f 134/134/134 12/12/12 102/102/102
f 102/102/102 131/131/131 134/134/134
f 101/101/101 131/131/131 102/102/102
f 12/12/12 9/9/9 52/52/52
f 134/134/134 11/11/11 10/10/10
f 131/131/131 11/11/11 134/134/134
f 11/11/11 131/131/131 13/13/13
f 93/93/93 15/15/15 16/16/16
f 96/96/96 15/15/15 93/93/93
f 93/93/93 95/95/95 96/96/96
f 96/96/96 95/95/95 103/103/103
f 95/95/95 100/100/100 103/103/103
f 94/94/94 100/100/100 95/95/95
f 85/85/85 15/15/15 96/96/96
f 96/96/96 84/84/84 85/85/85
f 103/103/103 84/84/84 96/96/96
f 103/103/103 83/83/83 84/84/84
f 100/100/100 83/83/83 103/103/103
f 91/91/91 83/83/83 100/100/100
f 100/100/100 92/92/92 91/91/91
f 89/89/89 92/92/92 100/100/100
f 14/14/14 15/15/15 85/85/85
f 92/92/92 90/90/90 91/91/91
f 91/91/91 90/90/90 82/82/82
f 82/82/82 90/90/90 74/74/74
f 91/91/91 82/82/82 83/83/83
f 171/171/171 172/172/172 174/174/174
f 174/174/174 172/172/172 173/173/173
f 175/175/175 176/176/176 178/178/178
f 178/178/178 176/176/176 177/177/177
f 182/182/182 183/183/183 185/185/185
f 185/185/185 183/183/183 184/184/184
f 201/201/201 202/202/202 204/204/204
f 204/204/204 202/202/202 203/203/203
f 211/211/211 212/212/212 214/214/214
f 214/214/214 212/212/212 213/213/213
f 227/227/227 228/228/228 230/230/230
f 230/230/230 228/228/228 229/229/229
f 296/296/296 295/295/295 294/294/294
f 294/294/294 295/295/295 297/297/297
f 300/300/300 299/299/299 298/298/298
f 298/298/298 299/299/299 313/313/313
f 350/350/350 351/351/351 353/353/353
f 353/353/353 351/351/351 352/352/352
f 354/354/354 355/355/355 357/357/357
f 357/357/357 355/355/355 356/356/356
f 363/363/363 371/371/371 368/368/368
f 368/368/368 371/371/371 369/369/369
f 382/382/382 381/381/381 380/380/380
f 380/380/380 381/381/381 386/386/386
f 389/389/389 388/388/388 387/387/387
f 387/387/387 388/388/388 396/396/396
f 400/400/400 401/401/401 403/403/403
f 403/403/403 401/401/401 402/402/402
f 412/412/412 418/418/418 413/413/413
f 413/413/413 418/418/418 421/421/421
f 428/428/428 427/427/427 426/426/426
f 426/426/426 427/427/427 429/429/429
f 432/432/432 431/431/431 430/430/430
f 430/430/430 431/431/431 436/436/436
f 439/439/439 438/438/438 437/437/437
f 437/437/437 438/438/438 440/440/440
f 443/443/443 442/442/442 441/441/441
f 441/441/441 442/442/442 444/444/444
f 447/447/447 446/446/446 445/445/445
f 445/445/445 446/446/446 448/448/448
f 451/451/451 450/450/450 449/449/449
f 449/449/449 450/450/450 452/452/452
f 455/455/455 454/454/454 453/453/453
f 453/453/453 454/454/454 456/456/456
f 459/459/459 458/458/458 457/457/457
f 457/457/457 458/458/458 460/460/460
f 463/463/463 462/462/462 461/461/461
f 461/461/461 462/462/462 464/464/464
f 467/467/467 466/466/466 465/465/465
f 465/465/465 466/466/466 468/468/468
f 471/471/471 470/470/470 469/469/469
f 469/469/469 470/470/470 472/472/472
f 475/475/475 474/474/474 473/473/473
f 473/473/473 474/474/474 476/476/476
f 479/479/479 478/478/478 477/477/477
f 477/477/477 478/478/478 480/480/480
f 483/483/483 482/482/482 481/481/481
f 481/481/481 482/482/482 484/484/484
f 487/487/487 486/486/486 485/485/485
f 485/485/485 486/486/486 488/488/488
f 491/491/491 490/490/490 489/489/489
f 489/489/489 490/490/490 492/492/492
f 496/496/496 497/497/497 499/499/499
f 499/499/499 497/497/497 498/498/498
f 502/502/502 507/507/507 504/504/504
f 504/504/504 507/507/507 505/505/505
f 506/506/506 511/511/511 508/508/508
f 508/508/508 511/511/511 509/509/509
f 510/510/510 515/515/515 512/512/512
f 512/512/512 515/515/515 513/513/513
f 514/514/514 519/519/519 516/516/516
f 516/516/516 519/519/519 517/517/517
f 518/518/518 523/523/523 520/520/520
f 520/520/520 523/523/523 521/521/521
f 522/522/522 527/527/527 524/524/524
f 524/524/524 527/527/527 525/525/525
f 526/526/526 531/531/531 528/528/528
f 528/528/528 531/531/531 529/529/529
f 530/530/530 535/535/535 532/532/532
f 532/532/532 535/535/535 533/533/533
f 534/534/534 539/539/539 536/536/536
f 536/536/536 539/539/539 537/537/537
f 538/538/538 543/543/543 540/540/540
f 540/540/540 543/543/543 541/541/541
f 551/551/551 550/550/550 549/549/549
f 549/549/549 550/550/550 552/552/552
f 555/555/555 554/554/554 553/553/553
f 554/554/554 555/555/555 556/556/556
f 554/554/554 556/556/556 559/559/559
f 563/563/563 562/562/562 561/561/561
f 561/561/561 562/562/562 564/564/564
f 567/567/567 566/566/566 565/565/565
f 565/565/565 566/566/566 580/580/580
f 584/584/584 585/585/585 587/587/587
f 587/587/587 585/585/585 586/586/586
f 590/590/590 595/595/595 592/592/592
f 592/592/592 595/595/595 593/593/593
f 597/597/597 600/600/600 598/598/598
f 598/598/598 600/600/600 603/603/603
f 601/601/601 604/604/604 602/602/602
f 602/602/602 604/604/604 606/606/606
f 607/607/607 608/608/608 605/605/605
f 605/605/605 608/608/608 611/611/611
f 616/616/616 617/617/617 619/619/619
f 619/619/619 617/617/617 618/618/618
f 623/623/623 624/624/624 626/626/626
f 626/626/626 624/624/624 625/625/625
f 629/629/629 640/640/640 637/637/637
f 637/637/637 640/640/640 638/638/638
f 639/639/639 644/644/644 641/641/641
f 641/641/641 644/644/644 642/642/642
f 643/643/643 648/648/648 645/645/645
f 645/645/645 648/648/648 646/646/646
f 647/647/647 652/652/652 649/649/649
f 649/649/649 652/652/652 650/650/650
f 661/661/661 662/662/662 664/664/664
f 664/664/664 662/662/662 663/663/663
f 665/665/665 666/666/666 668/668/668
f 668/668/668 666/666/666 667/667/667
f 669/669/669 670/670/670 672/672/672
f 672/672/672 670/670/670 671/671/671
f 673/673/673 674/674/674 676/676/676
f 676/676/676 674/674/674 675/675/675
f 677/677/677 678/678/678 680/680/680
f 680/680/680 678/678/678 679/679/679
f 681/681/681 682/682/682 684/684/684
f 684/684/684 682/682/682 683/683/683
f 685/685/685 686/686/686 688/688/688
f 688/688/688 686/686/686 687/687/687
f 691/691/691 696/696/696 693/693/693
f 693/693/693 696/696/696 694/694/694
f 695/695/695 703/703/703 700/700/700
f 700/700/700 703/703/703 701/701/701
f 705/705/705 708/708/708 706/706/706
f 706/706/706 708/708/708 711/711/711
f 709/709/709 715/715/715 710/710/710
f 710/710/710 715/715/715 718/718/718
f 716/716/716 719/719/719 717/717/717
f 717/717/717 719/719/719 722/722/722
f 720/720/720 729/729/729 721/721/721
f 721/721/721 729/729/729 732/732/732
f 730/730/730 748/748/748 731/731/731
f 731/731/731 748/748/748 751/751/751
f 749/749/749 752/752/752 750/750/750
f 750/750/750 752/752/752 755/755/755
f 753/753/753 756/756/756 754/754/754
f 754/754/754 756/756/756 759/759/759
f 757/757/757 760/760/760 758/758/758
f 758/758/758 760/760/760 763/763/763
f 761/761/761 764/764/764 762/762/762
f 762/762/762 764/764/764 767/767/767
f 765/765/765 768/768/768 766/766/766
f 766/766/766 768/768/768 771/771/771
f 769/769/769 775/775/775 770/770/770
f 770/770/770 775/775/775 778/778/778
f 782/782/782 781/781/781 780/780/780
f 780/780/780 781/781/781 789/789/789
f 792/792/792 791/791/791 790/790/790
f 790/790/790 791/791/791 793/793/793
f 796/796/796 795/795/795 794/794/794
f 794/794/794 795/795/795 797/797/797
f 800/800/800 799/799/799 798/798/798
f 798/798/798 799/799/799 801/801/801
f 804/804/804 803/803/803 802/802/802
f 802/802/802 803/803/803 805/805/805
f 808/808/808 807/807/807 806/806/806
f 806/806/806 807/807/807 809/809/809
f 813/813/813 814/814/814 816/816/816
f 816/816/816 814/814/814 815/815/815
f 831/831/831 836/836/836 833/833/833
f 833/833/833 836/836/836 834/834/834
f 838/838/838 844/844/844 839/839/839
f 839/839/839 844/844/844 847/847/847
f 851/851/851 850/850/850 849/849/849
f 849/849/849 850/850/850 852/852/852
f 855/855/855 854/854/854 853/853/853
f 853/853/853 854/854/854 859/859/859
f 862/862/862 861/861/861 860/860/860
f 860/860/860 861/861/861 863/863/863
f 866/866/866 865/865/865 864/864/864
f 864/864/864 865/865/865 873/873/873
f 876/876/876 875/875/875 874/874/874
f 874/874/874 875/875/875 880/880/880
f 884/884/884 885/885/885 887/887/887
f 887/887/887 885/885/885 886/886/886
f 888/888/888 889/889/889 891/891/891
f 891/891/891 889/889/889 890/890/890
f 898/898/898 899/899/899 901/901/901
f 901/901/901 899/899/899 900/900/900
f 902/902/902 903/903/903 905/905/905
f 905/905/905 903/903/903 904/904/904
f 906/906/906 907/907/907 909/909/909
f 909/909/909 907/907/907 908/908/908
f 910/910/910 911/911/911 913/913/913
f 913/913/913 911/911/911 912/912/912
f 914/914/914 915/915/915 917/917/917
f 917/917/917 915/915/915 916/916/916
f 918/918/918 919/919/919 921/921/921
f 921/921/921 919/919/919 920/920/920
f 922/922/922 923/923/923 925/925/925
f 925/925/925 923/923/923 924/924/924
f 926/926/926 927/927/927 929/929/929
f 929/929/929 927/927/927 928/928/928
f 930/930/930 931/931/931 933/933/933
f 933/933/933 931/931/931 932/932/932
f 934/934/934 935/935/935 937/937/937
f 937/937/937 935/935/935 936/936/936
f 938/938/938 939/939/939 941/941/941
f 941/941/941 939/939/939 940/940/940
f 942/942/942 943/943/943 945/945/945
f 945/945/945 943/943/943 944/944/944
f 949/949/949 947/947/947 946/946/946
f 947/947/947 949/949/949 948/948/948
f 947/947/947 948/948/948 950/950/950
f 953/953/953 952/952/952 951/951/951
f 951/951/951 952/952/952 954/954/954
f 957/957/957 956/956/956 955/955/955
f 955/955/955 956/956/956 958/958/958
f 961/961/961 960/960/960 959/959/959
f 959/959/959 960/960/960 962/962/962
f 965/965/965 964/964/964 963/963/963
f 963/963/963 964/964/964 966/966/966
f 969/969/969 968/968/968 967/967/967
f 967/967/967 968/968/968 970/970/970
f 973/973/973 972/972/972 971/971/971
f 971/971/971 972/972/972 974/974/974
f 977/977/977 976/976/976 975/975/975
f 975/975/975 976/976/976 978/978/978
f 999/999/999 1005/1005/1005 1000/1000/1000
f 1000/1000/1000 1005/1005/1005 1008/1008/1008
f 1006/1006/1006 1009/1009/1009 1007/1007/1007
f 1007/1007/1007 1009/1009/1009 1012/1012/1012
f 1016/1016/1016 1015/1015/1015 1014/1014/1014
f 1014/1014/1014 1015/1015/1015 1017/1017/1017
f 1020/1020/1020 1019/1019/1019 1018/1018/1018
f 1018/1018/1018 1019/1019/1019 1021/1021/1021
f 1025/1025/1025 1026/1026/1026 1028/1028/1028
f 1028/1028/1028 1026/1026/1026 1027/1027/1027
f 1034/1034/1034 1037/1037/1037 1035/1035/1035
f 1035/1035/1035 1037/1037/1037 1040/1040/1040
f 1038/1038/1038 1041/1041/1041 1039/1039/1039
f 1039/1039/1039 1041/1041/1041 1044/1044/1044
f 1048/1048/1048 1047/1047/1047 1046/1046/1046
f 1046/1046/1046 1047/1047/1047 1049/1049/1049
f 1055/1055/1055 1060/1060/1060 1057/1057/1057
f 1057/1057/1057 1060/1060/1060 1058/1058/1058
f 1062/1062/1062 1065/1065/1065 1063/1063/1063
f 1063/1063/1063 1065/1065/1065 1068/1068/1068
f 1066/1066/1066 1069/1069/1069 1067/1067/1067
f 1067/1067/1067 1069/1069/1069 1072/1072/1072
f 1070/1070/1070 1076/1076/1076 1071/1071/1071
f 1071/1071/1071 1076/1076/1076 1079/1079/1079
f 1077/1077/1077 1080/1080/1080 1078/1078/1078
f 1078/1078/1078 1080/1080/1080 1083/1083/1083
f 1081/1081/1081 1084/1084/1084 1082/1082/1082
f 1082/1082/1082 1084/1084/1084 1087/1087/1087
f 1085/1085/1085 1088/1088/1088 1086/1086/1086
f 1086/1086/1086 1088/1088/1088 1091/1091/1091
f 1089/1089/1089 1092/1092/1092 1090/1090/1090
f 1090/1090/1090 1092/1092/1092 1095/1095/1095
f 1093/1093/1093 1096/1096/1096 1094/1094/1094
f 1094/1094/1094 1096/1096/1096 1099/1099/1099
f 1097/1097/1097 1100/1100/1100 1098/1098/1098
f 1098/1098/1098 1100/1100/1100 1103/1103/1103
f 1101/1101/1101 1104/1104/1104 1102/1102/1102
f 1102/1102/1102 1104/1104/1104 1107/1107/1107
f 1105/1105/1105 1108/1108/1108 1106/1106/1106
f 1106/1106/1106 1108/1108/1108 1111/1111/1111
f 1109/1109/1109 1112/1112/1112 1110/1110/1110
f 1110/1110/1110 1112/1112/1112 1115/1115/1115
f 1113/1113/1113 1116/1116/1116 1114/1114/1114
f 1114/1114/1114 1116/1116/1116 1119/1119/1119
f 1117/1117/1117 1120/1120/1120 1118/1118/1118
f 1118/1118/1118 1120/1120/1120 1123/1123/1123
f 1121/1121/1121 1124/1124/1124 1122/1122/1122
f 1122/1122/1122 1124/1124/1124 1127/1127/1127
f 1125/1125/1125 1128/1128/1128 1126/1126/1126
f 1126/1126/1126 1128/1128/1128 1131/1131/1131
f 1135/1135/1135 1134/1134/1134 1133/1133/1133
f 1133/1133/1133 1134/1134/1134 1136/1136/1136
f 1140/1140/1140 1141/1141/1141 1143/1143/1143
f 1143/1143/1143 1141/1141/1141 1142/1142/1142
f 1144/1144/1144 1145/1145/1145 1147/1147/1147
f 1147/1147/1147 1145/1145/1145 1146/1146/1146
f 1148/1148/1148 1149/1149/1149 1151/1151/1151
f 1151/1151/1151 1149/1149/1149 1150/1150/1150
f 1152/1152/1152 1153/1153/1153 1155/1155/1155
f 1155/1155/1155 1153/1153/1153 1154/1154/1154
f 1156/1156/1156 1157/1157/1157 1159/1159/1159
f 1159/1159/1159 1157/1157/1157 1158/1158/1158
f 1160/1160/1160 1161/1161/1161 1163/1163/1163
f 1163/1163/1163 1161/1161/1161 1162/1162/1162
f 1164/1164/1164 1165/1165/1165 1167/1167/1167
f 1167/1167/1167 1165/1165/1165 1166/1166/1166
f 1168/1168/1168 1169/1169/1169 1171/1171/1171
f 1171/1171/1171 1169/1169/1169 1170/1170/1170
f 1172/1172/1172 1173/1173/1173 1175/1175/1175
f 1175/1175/1175 1173/1173/1173 1174/1174/1174
f 1176/1176/1176 1177/1177/1177 1179/1179/1179
f 1179/1179/1179 1177/1177/1177 1178/1178/1178
f 1185/1185/1185 1188/1188/1188 1186/1186/1186
f 1186/1186/1186 1188/1188/1188 1191/1191/1191
f 1195/1195/1195 1189/1189/1189 1190/1190/1190
f 1189/1189/1189 1195/1195/1195 1192/1192/1192
f 1192/1192/1192 1195/1195/1195 1193/1193/1193
f 1197/1197/1197 1200/1200/1200 1198/1198/1198
f 1198/1198/1198 1200/1200/1200 1203/1203/1203
f 1201/1201/1201 1216/1216/1216 1202/1202/1202
f 1202/1202/1202 1216/1216/1216 1219/1219/1219
f 1223/1223/1223 1222/1222/1222 1221/1221/1221
f 1221/1221/1221 1222/1222/1222 1224/1224/1224
f 1240/1240/1240 1243/1243/1243 1242/1242/1242
f 1242/1242/1242 1243/1243/1243 1241/1241/1241
f 1246/1246/1246 1251/1251/1251 1248/1248/1248
f 1248/1248/1248 1251/1251/1251 1249/1249/1249
f 1250/1250/1250 1255/1255/1255 1252/1252/1252
f 1252/1252/1252 1255/1255/1255 1253/1253/1253
f 1254/1254/1254 1262/1262/1262 1259/1259/1259
f 1259/1259/1259 1262/1262/1262 1260/1260/1260
f 1276/1276/1276 1275/1275/1275 1274/1274/1274
f 1274/1274/1274 1275/1275/1275 1277/1277/1277
f 1280/1280/1280 1279/1279/1279 1278/1278/1278
f 1278/1278/1278 1279/1279/1279 1281/1281/1281
f 1285/1285/1285 1286/1286/1286 1288/1288/1288
f 1288/1288/1288 1286/1286/1286 1287/1287/1287
f 1289/1289/1289 1290/1290/1290 1292/1292/1292
f 1292/1292/1292 1290/1290/1290 1291/1291/1291
f 1293/1293/1293 1294/1294/1294 1296/1296/1296
f 1296/1296/1296 1294/1294/1294 1295/1295/1295
f 1297/1297/1297 1298/1298/1298 1300/1300/1300
f 1300/1300/1300 1298/1298/1298 1299/1299/1299
f 1312/1312/1312 1311/1311/1311 1310/1310/1310
f 1310/1310/1310 1311/1311/1311 1313/1313/1313
f 1316/1316/1316 1315/1315/1315 1314/1314/1314
f 1314/1314/1314 1315/1315/1315 1317/1317/1317
f 1320/1320/1320 1319/1319/1319 1318/1318/1318
f 1318/1318/1318 1319/1319/1319 1321/1321/1321
f 1324/1324/1324 1323/1323/1323 1322/1322/1322
f 1322/1322/1322 1323/1323/1323 1325/1325/1325
f 1328/1328/1328 1327/1327/1327 1326/1326/1326
f 1326/1326/1326 1327/1327/1327 1329/1329/1329
f 1332/1332/1332 1331/1331/1331 1330/1330/1330
f 1330/1330/1330 1331/1331/1331 1336/1336/1336
f 1339/1339/1339 1338/1338/1338 1337/1337/1337
f 1337/1337/1337 1338/1338/1338 1340/1340/1340
f 1344/1344/1344 1345/1345/1345 1347/1347/1347
f 1347/1347/1347 1345/1345/1345 1346/1346/1346
f 1351/1351/1351 1352/1352/1352 1354/1354/1354
f 1354/1354/1354 1352/1352/1352 1353/1353/1353
f 1357/1357/1357 1368/1368/1368 1365/1365/1365
f 1365/1365/1365 1368/1368/1368 1366/1366/1366
f 1367/1367/1367 1387/1387/1387 1384/1384/1384
f 1384/1384/1384 1387/1387/1387 1385/1385/1385
f 1386/1386/1386 1391/1391/1391 1388/1388/1388
f 1388/1388/1388 1391/1391/1391 1389/1389/1389
f 1390/1390/1390 1395/1395/1395 1392/1392/1392
f 1392/1392/1392 1395/1395/1395 1393/1393/1393
f 1394/1394/1394 1399/1399/1399 1396/1396/1396
f 1396/1396/1396 1399/1399/1399 1397/1397/1397
f 1398/1398/1398 1403/1403/1403 1400/1400/1400
f 1400/1400/1400 1403/1403/1403 1401/1401/1401
f 1402/1402/1402 1407/1407/1407 1404/1404/1404
f 1404/1404/1404 1407/1407/1407 1405/1405/1405
f 1406/1406/1406 1414/1414/1414 1411/1411/1411
f 1411/1411/1411 1414/1414/1414 1412/1412/1412
f 1413/1413/1413 1418/1418/1418 1415/1415/1415
f 1415/1415/1415 1418/1418/1418 1416/1416/1416
f 1417/1417/1417 1428/1428/1428 1425/1425/1425
f 1425/1425/1425 1428/1428/1428 1426/1426/1426
f 1427/1427/1427 1432/1432/1432 1429/1429/1429
f 1429/1429/1429 1432/1432/1432 1430/1430/1430
f 1434/1434/1434 1437/1437/1437 1435/1435/1435
f 1435/1435/1435 1437/1437/1437 1440/1440/1440
f 1438/1438/1438 1441/1441/1441 1439/1439/1439
f 1439/1439/1439 1441/1441/1441 1444/1444/1444
f 1442/1442/1442 1445/1445/1445 1443/1443/1443
f 1443/1443/1443 1445/1445/1445 1448/1448/1448
f 1446/1446/1446 1449/1449/1449 1447/1447/1447
f 1447/1447/1447 1449/1449/1449 1452/1452/1452
f 1450/1450/1450 1453/1453/1453 1451/1451/1451
f 1451/1451/1451 1453/1453/1453 1456/1456/1456
f 1454/1454/1454 1457/1457/1457 1455/1455/1455
f 1455/1455/1455 1457/1457/1457 1460/1460/1460
f 1458/1458/1458 1461/1461/1461 1459/1459/1459
f 1459/1459/1459 1461/1461/1461 1464/1464/1464
f 1468/1468/1468 1467/1467/1467 1466/1466/1466
f 1466/1466/1466 1467/1467/1467 1469/1469/1469
f 1475/1475/1475 1483/1483/1483 1480/1480/1480
f 1480/1480/1480 1483/1483/1483 1481/1481/1481
f 1485/1485/1485 1488/1488/1488 1486/1486/1486
f 1486/1486/1486 1488/1488/1488 1491/1491/1491
f 1489/1489/1489 1495/1495/1495 1490/1490/1490
f 1490/1490/1490 1495/1495/1495 1498/1498/1498
f 1496/1496/1496 1499/1499/1499 1497/1497/1497
f 1497/1497/1497 1499/1499/1499 1502/1502/1502
f 1500/1500/1500 1509/1509/1509 1501/1501/1501
f 1501/1501/1501 1509/1509/1509 1512/1512/1512
f 1510/1510/1510 1516/1516/1516 1511/1511/1511
f 1511/1511/1511 1516/1516/1516 1519/1519/1519
f 1523/1523/1523 1522/1522/1522 1521/1521/1521
f 1521/1521/1521 1522/1522/1522 1524/1524/1524
f 1527/1527/1527 1526/1526/1526 1525/1525/1525
f 1525/1525/1525 1526/1526/1526 1534/1534/1534
f 1537/1537/1537 1536/1536/1536 1535/1535/1535
f 1535/1535/1535 1536/1536/1536 1538/1538/1538
f 1541/1541/1541 1540/1540/1540 1539/1539/1539
f 1539/1539/1539 1540/1540/1540 1542/1542/1542
f 1545/1545/1545 1544/1544/1544 1543/1543/1543
f 1543/1543/1543 1544/1544/1544 1546/1546/1546
f 1549/1549/1549 1548/1548/1548 1547/1547/1547
f 1547/1547/1547 1548/1548/1548 1550/1550/1550
f 1553/1553/1553 1552/1552/1552 1551/1551/1551
f 1551/1551/1551 1552/1552/1552 1554/1554/1554
f 1557/1557/1557 1556/1556/1556 1555/1555/1555
f 1555/1555/1555 1556/1556/1556 1558/1558/1558
f 1561/1561/1561 1560/1560/1560 1559/1559/1559
f 1559/1559/1559 1560/1560/1560 1562/1562/1562
f 1565/1565/1565 1564/1564/1564 1563/1563/1563
f 1563/1563/1563 1564/1564/1564 1566/1566/1566
f 1569/1569/1569 1568/1568/1568 1567/1567/1567
f 1567/1567/1567 1568/1568/1568 1570/1570/1570
f 1573/1573/1573 1572/1572/1572 1571/1571/1571
f 1571/1571/1571 1572/1572/1572 1574/1574/1574
f 1577/1577/1577 1576/1576/1576 1575/1575/1575
f 1575/1575/1575 1576/1576/1576 1578/1578/1578
f 1581/1581/1581 1580/1580/1580 1579/1579/1579
f 1579/1579/1579 1580/1580/1580 1582/1582/1582
f 1586/1586/1586 1583/1583/1583 1585/1585/1585
f 1583/1583/1583 1586/1586/1586 1584/1584/1584
f 1584/1584/1584 1586/1586/1586 1589/1589/1589
f 1587/1587/1587 1590/1590/1590 1588/1588/1588
f 1588/1588/1588 1590/1590/1590 1593/1593/1593
f 1591/1591/1591 1594/1594/1594 1592/1592/1592
f 1592/1592/1592 1594/1594/1594 1597/1597/1597
f 1595/1595/1595 1598/1598/1598 1596/1596/1596
f 1596/1596/1596 1598/1598/1598 1601/1601/1601
f 1599/1599/1599 1602/1602/1602 1600/1600/1600
f 1600/1600/1600 1602/1602/1602 1605/1605/1605
f 1603/1603/1603 1606/1606/1606 1604/1604/1604
f 1604/1604/1604 1606/1606/1606 1609/1609/1609
f 1607/1607/1607 1610/1610/1610 1608/1608/1608
f 1608/1608/1608 1610/1610/1610 1613/1613/1613
f 1611/1611/1611 1614/1614/1614 1612/1612/1612
f 1612/1612/1612 1614/1614/1614 1617/1617/1617
f 1621/1621/1621 1615/1615/1615 1616/1616/1616
f 1621/1621/1621 1618/1618/1618 1615/1615/1615
f 1618/1618/1618 1621/1621/1621 1619/1619/1619
f 1620/1620/1620 1625/1625/1625 1622/1622/1622
f 1622/1622/1622 1625/1625/1625 1623/1623/1623
f 1624/1624/1624 1629/1629/1629 1626/1626/1626
f 1626/1626/1626 1629/1629/1629 1627/1627/1627
f 1628/1628/1628 1633/1633/1633 1630/1630/1630
f 1630/1630/1630 1633/1633/1633 1631/1631/1631
f 1632/1632/1632 1637/1637/1637 1634/1634/1634
f 1634/1634/1634 1637/1637/1637 1635/1635/1635
f 1636/1636/1636 1644/1644/1644 1641/1641/1641
f 1641/1641/1641 1644/1644/1644 1642/1642/1642
f 1643/1643/1643 1648/1648/1648 1645/1645/1645
f 1645/1645/1645 1648/1648/1648 1646/1646/1646
f 1647/1647/1647 1652/1652/1652 1649/1649/1649
f 1649/1649/1649 1652/1652/1652 1650/1650/1650
f 1660/1660/1660 1654/1654/1654 1655/1655/1655
f 1660/1660/1660 1657/1657/1657 1654/1654/1654
f 1657/1657/1657 1660/1660/1660 1658/1658/1658
f 1659/1659/1659 1664/1664/1664 1661/1661/1661
f 1661/1661/1661 1664/1664/1664 1662/1662/1662
f 1663/1663/1663 1668/1668/1668 1665/1665/1665
f 1665/1665/1665 1668/1668/1668 1666/1666/1666
f 1667/1667/1667 1672/1672/1672 1669/1669/1669
f 1669/1669/1669 1672/1672/1672 1670/1670/1670
f 1674/1674/1674 1677/1677/1677 1675/1675/1675
f 1675/1675/1675 1677/1677/1677 1680/1680/1680
f 1678/1678/1678 1681/1681/1681 1679/1679/1679
f 1679/1679/1679 1681/1681/1681 1684/1684/1684
f 1682/1682/1682 1685/1685/1685 1683/1683/1683
f 1683/1683/1683 1685/1685/1685 1688/1688/1688
f 1686/1686/1686 1689/1689/1689 1687/1687/1687
f 1687/1687/1687 1689/1689/1689 1692/1692/1692
f 1690/1690/1690 1693/1693/1693 1691/1691/1691
f 1691/1691/1691 1693/1693/1693 1696/1696/1696
f 1694/1694/1694 1697/1697/1697 1695/1695/1695
f 1695/1695/1695 1697/1697/1697 1700/1700/1700
f 1720/1720/1720 1721/1721/1721 1723/1723/1723
f 1723/1723/1723 1721/1721/1721 1722/1722/1722
f 1724/1724/1724 1725/1725/1725 1727/1727/1727
f 1727/1727/1727 1725/1725/1725 1726/1726/1726
f 1728/1728/1728 1729/1729/1729 1731/1731/1731
f 1731/1731/1731 1729/1729/1729 1730/1730/1730
f 1732/1732/1732 1733/1733/1733 1735/1735/1735
f 1735/1735/1735 1733/1733/1733 1734/1734/1734
f 1736/1736/1736 1737/1737/1737 1739/1739/1739
f 1739/1739/1739 1737/1737/1737 1738/1738/1738
f 1740/1740/1740 1741/1741/1741 1743/1743/1743
f 1743/1743/1743 1741/1741/1741 1742/1742/1742
f 1744/1744/1744 1745/1745/1745 1747/1747/1747
f 1747/1747/1747 1745/1745/1745 1746/1746/1746
f 1748/1748/1748 1749/1749/1749 1751/1751/1751
f 1751/1751/1751 1749/1749/1749 1750/1750/1750
f 1752/1752/1752 1753/1753/1753 1755/1755/1755
f 1755/1755/1755 1753/1753/1753 1754/1754/1754
f 1756/1756/1756 1757/1757/1757 1759/1759/1759
f 1759/1759/1759 1757/1757/1757 1758/1758/1758
f 1760/1760/1760 1761/1761/1761 1763/1763/1763
f 1763/1763/1763 1761/1761/1761 1762/1762/1762
f 1764/1764/1764 1765/1765/1765 1767/1767/1767
f 1767/1767/1767 1765/1765/1765 1766/1766/1766
f 1768/1768/1768 1769/1769/1769 1771/1771/1771
f 1771/1771/1771 1769/1769/1769 1770/1770/1770
f 1772/1772/1772 1773/1773/1773 1775/1775/1775
f 1775/1775/1775 1773/1773/1773 1774/1774/1774
f 1776/1776/1776 1777/1777/1777 1779/1779/1779
f 1779/1779/1779 1777/1777/1777 1778/1778/1778
f 1780/1780/1780 1781/1781/1781 1783/1783/1783
f 1783/1783/1783 1781/1781/1781 1782/1782/1782
f 1796/1796/1796 1797/1797/1797 1799/1799/1799
f 1799/1799/1799 1797/1797/1797 1798/1798/1798
f 1800/1800/1800 1801/1801/1801 1803/1803/1803
f 1803/1803/1803 1801/1801/1801 1802/1802/1802
f 1804/1804/1804 1805/1805/1805 1807/1807/1807
f 1807/1807/1807 1805/1805/1805 1806/1806/1806
f 1808/1808/1808 1809/1809/1809 1811/1811/1811
f 1811/1811/1811 1809/1809/1809 1810/1810/1810
f 1812/1812/1812 1813/1813/1813 1815/1815/1815
f 1815/1815/1815 1813/1813/1813 1814/1814/1814
f 1816/1816/1816 1817/1817/1817 1819/1819/1819
f 1819/1819/1819 1817/1817/1817 1818/1818/1818
f 1820/1820/1820 1823/1823/1823 1822/1822/1822
f 1822/1822/1822 1823/1823/1823 1821/1821/1821
f 1824/1824/1824 1825/1825/1825 1827/1827/1827
f 1827/1827/1827 1825/1825/1825 1826/1826/1826
f 1828/1828/1828 1829/1829/1829 1831/1831/1831
f 1831/1831/1831 1829/1829/1829 1830/1830/1830
f 1832/1832/1832 1833/1833/1833 1835/1835/1835
f 1835/1835/1835 1833/1833/1833 1834/1834/1834
f 1839/1839/1839 1840/1840/1840 1842/1842/1842
f 1842/1842/1842 1840/1840/1840 1841/1841/1841
f 1843/1843/1843 1844/1844/1844 1846/1846/1846
f 1846/1846/1846 1844/1844/1844 1845/1845/1845
f 1853/1853/1853 1854/1854/1854 1856/1856/1856
f 1856/1856/1856 1854/1854/1854 1855/1855/1855
f 1857/1857/1857 1858/1858/1858 1860/1860/1860
f 1860/1860/1860 1858/1858/1858 1859/1859/1859
f 1861/1861/1861 1862/1862/1862 1864/1864/1864
f 1864/1864/1864 1862/1862/1862 1863/1863/1863
f 1865/1865/1865 1866/1866/1866 1868/1868/1868
f 1868/1868/1868 1866/1866/1866 1867/1867/1867
f 1869/1869/1869 1870/1870/1870 1872/1872/1872
f 1872/1872/1872 1870/1870/1870 1871/1871/1871
f 1873/1873/1873 1874/1874/1874 1876/1876/1876
f 1876/1876/1876 1874/1874/1874 1875/1875/1875
f 1877/1877/1877 1878/1878/1878 1880/1880/1880
f 1880/1880/1880 1878/1878/1878 1879/1879/1879
f 1881/1881/1881 1882/1882/1882 1884/1884/1884
f 1884/1884/1884 1882/1882/1882 1883/1883/1883
f 1885/1885/1885 1886/1886/1886 1888/1888/1888
f 1888/1888/1888 1886/1886/1886 1887/1887/1887
f 1889/1889/1889 1890/1890/1890 1892/1892/1892
f 1892/1892/1892 1890/1890/1890 1891/1891/1891
f 1893/1893/1893 1894/1894/1894 1896/1896/1896
f 1896/1896/1896 1894/1894/1894 1895/1895/1895
f 1897/1897/1897 1898/1898/1898 1900/1900/1900
f 1900/1900/1900 1898/1898/1898 1899/1899/1899
f 1901/1901/1901 1902/1902/1902 1904/1904/1904
f 1904/1904/1904 1902/1902/1902 1903/1903/1903
f 1905/1905/1905 1906/1906/1906 1908/1908/1908
f 1908/1908/1908 1906/1906/1906 1907/1907/1907
f 1909/1909/1909 1910/1910/1910 1912/1912/1912
f 1912/1912/1912 1910/1910/1910 1911/1911/1911
f 1916/1916/1916 1917/1917/1917 1919/1919/1919
f 1919/1919/1919 1917/1917/1917 1918/1918/1918
f 1920/1920/1920 1921/1921/1921 1923/1923/1923
f 1923/1923/1923 1921/1921/1921 1922/1922/1922
f 1924/1924/1924 1925/1925/1925 1927/1927/1927
f 1927/1927/1927 1925/1925/1925 1926/1926/1926
f 1931/1931/1931 1932/1932/1932 1934/1934/1934
f 1934/1934/1934 1932/1932/1932 1933/1933/1933
f 1935/1935/1935 1936/1936/1936 1938/1938/1938
f 1938/1938/1938 1936/1936/1936 1937/1937/1937
f 1945/1945/1945 1946/1946/1946 1948/1948/1948
f 1948/1948/1948 1946/1946/1946 1947/1947/1947
f 1964/1964/1964 1965/1965/1965 1967/1967/1967
f 1967/1967/1967 1965/1965/1965 1966/1966/1966
f 1968/1968/1968 1969/1969/1969 1971/1971/1971
f 1971/1971/1971 1969/1969/1969 1970/1970/1970
f 1972/1972/1972 1973/1973/1973 1975/1975/1975
f 1975/1975/1975 1973/1973/1973 1974/1974/1974
f 1976/1976/1976 1977/1977/1977 1979/1979/1979
f 1979/1979/1979 1977/1977/1977 1978/1978/1978
f 1980/1980/1980 1981/1981/1981 1983/1983/1983
f 1983/1983/1983 1981/1981/1981 1982/1982/1982
f 1984/1984/1984 1985/1985/1985 1987/1987/1987
f 1987/1987/1987 1985/1985/1985 1986/1986/1986
f 1991/1991/1991 1992/1992/1992 1994/1994/1994
f 1994/1994/1994 1992/1992/1992 1993/1993/1993
f 1995/1995/1995 1996/1996/1996 1998/1998/1998
f 1998/1998/1998 1996/1996/1996 1997/1997/1997
f 2005/2005/2005 2006/2006/2006 2008/2008/2008
f 2008/2008/2008 2006/2006/2006 2007/2007/2007
f 2009/2009/2009 2010/2010/2010 2012/2012/2012
f 2012/2012/2012 2010/2010/2010 2011/2011/2011
f 2013/2013/2013 2014/2014/2014 2016/2016/2016
f 2016/2016/2016 2014/2014/2014 2015/2015/2015
f 2019/2019/2019 2024/2024/2024 2021/2021/2021
f 2021/2021/2021 2024/2024/2024 2022/2022/2022
f 2023/2023/2023 2028/2028/2028 2025/2025/2025
f 2025/2025/2025 2028/2028/2028 2026/2026/2026
f 2027/2027/2027 2032/2032/2032 2029/2029/2029
f 2029/2029/2029 2032/2032/2032 2030/2030/2030
f 2031/2031/2031 2036/2036/2036 2033/2033/2033
f 2033/2033/2033 2036/2036/2036 2034/2034/2034
f 2035/2035/2035 2040/2040/2040 2037/2037/2037
f 2037/2037/2037 2040/2040/2040 2038/2038/2038
f 2039/2039/2039 2044/2044/2044 2041/2041/2041
f 2041/2041/2041 2044/2044/2044 2042/2042/2042
f 2043/2043/2043 2048/2048/2048 2045/2045/2045
f 2045/2045/2045 2048/2048/2048 2046/2046/2046
f 2047/2047/2047 2052/2052/2052 2049/2049/2049
f 2049/2049/2049 2052/2052/2052 2050/2050/2050
f 2051/2051/2051 2056/2056/2056 2053/2053/2053
f 2053/2053/2053 2056/2056/2056 2054/2054/2054
f 2055/2055/2055 2063/2063/2063 2060/2060/2060
f 2060/2060/2060 2063/2063/2063 2061/2061/2061
f 2062/2062/2062 2067/2067/2067 2064/2064/2064
f 2064/2064/2064 2067/2067/2067 2065/2065/2065
f 2066/2066/2066 2071/2071/2071 2068/2068/2068
f 2068/2068/2068 2071/2071/2071 2069/2069/2069
f 2070/2070/2070 2078/2078/2078 2075/2075/2075
f 2075/2075/2075 2078/2078/2078 2076/2076/2076
f 2077/2077/2077 2082/2082/2082 2079/2079/2079
f 2079/2079/2079 2082/2082/2082 2080/2080/2080
f 2081/2081/2081 2092/2092/2092 2089/2089/2089
f 2089/2089/2089 2092/2092/2092 2090/2090/2090
f 2091/2091/2091 2099/2099/2099 2096/2096/2096
f 2096/2096/2096 2099/2099/2099 2097/2097/2097
f 2101/2101/2101 2104/2104/2104 2102/2102/2102
f 2102/2102/2102 2104/2104/2104 2107/2107/2107
f 2105/2105/2105 2114/2114/2114 2106/2106/2106
f 2106/2106/2106 2114/2114/2114 2117/2117/2117
f 2115/2115/2115 2118/2118/2118 2116/2116/2116
f 2116/2116/2116 2118/2118/2118 2121/2121/2121
f 2119/2119/2119 2122/2122/2122 2120/2120/2120
f 2120/2120/2120 2122/2122/2122 2125/2125/2125
f 2123/2123/2123 2126/2126/2126 2124/2124/2124
f 2124/2124/2124 2126/2126/2126 2129/2129/2129
f 2127/2127/2127 2130/2130/2130 2128/2128/2128
f 2128/2128/2128 2130/2130/2130 2133/2133/2133
f 2131/2131/2131 2134/2134/2134 2132/2132/2132
f 2132/2132/2132 2134/2134/2134 2137/2137/2137
f 2135/2135/2135 2138/2138/2138 2136/2136/2136
f 2136/2136/2136 2138/2138/2138 2141/2141/2141
f 2139/2139/2139 2142/2142/2142 2140/2140/2140
f 2140/2140/2140 2142/2142/2142 2145/2145/2145
f 2143/2143/2143 2146/2146/2146 2144/2144/2144
f 2144/2144/2144 2146/2146/2146 2149/2149/2149
f 2147/2147/2147 2150/2150/2150 2148/2148/2148
f 2148/2148/2148 2150/2150/2150 2153/2153/2153
f 2151/2151/2151 2154/2154/2154 2152/2152/2152
f 2152/2152/2152 2154/2154/2154 2157/2157/2157
f 2155/2155/2155 2158/2158/2158 2156/2156/2156
f 2156/2156/2156 2158/2158/2158 2161/2161/2161
f 2159/2159/2159 2162/2162/2162 2160/2160/2160
f 2160/2160/2160 2162/2162/2162 2165/2165/2165
f 2163/2163/2163 2166/2166/2166 2164/2164/2164
f 2164/2164/2164 2166/2166/2166 2169/2169/2169
f 2167/2167/2167 2170/2170/2170 2168/2168/2168
f 2168/2168/2168 2170/2170/2170 2173/2173/2173
f 2171/2171/2171 2174/2174/2174 2172/2172/2172
f 2172/2172/2172 2174/2174/2174 2177/2177/2177
f 2175/2175/2175 2178/2178/2178 2176/2176/2176
f 2176/2176/2176 2178/2178/2178 2181/2181/2181
f 2179/2179/2179 2182/2182/2182 2180/2180/2180
f 2180/2180/2180 2182/2182/2182 2185/2185/2185
f 2183/2183/2183 2186/2186/2186 2184/2184/2184
f 2184/2184/2184 2186/2186/2186 2189/2189/2189
f 2187/2187/2187 2190/2190/2190 2188/2188/2188
f 2188/2188/2188 2190/2190/2190 2193/2193/2193
f 2191/2191/2191 2194/2194/2194 2192/2192/2192
f 2192/2192/2192 2194/2194/2194 2197/2197/2197
f 2195/2195/2195 2198/2198/2198 2196/2196/2196
f 2196/2196/2196 2198/2198/2198 2201/2201/2201
f 2199/2199/2199 2202/2202/2202 2200/2200/2200
f 2200/2200/2200 2202/2202/2202 2205/2205/2205
f 2203/2203/2203 2206/2206/2206 2204/2204/2204
f 2204/2204/2204 2206/2206/2206 2209/2209/2209
f 2207/2207/2207 2210/2210/2210 2208/2208/2208
f 2208/2208/2208 2210/2210/2210 2213/2213/2213
f 2211/2211/2211 2214/2214/2214 2212/2212/2212
f 2212/2212/2212 2214/2214/2214 2217/2217/2217
f 2215/2215/2215 2221/2221/2221 2216/2216/2216
f 2216/2216/2216 2221/2221/2221 2224/2224/2224
f 2222/2222/2222 2225/2225/2225 2223/2223/2223
f 2223/2223/2223 2225/2225/2225 2228/2228/2228
f 2226/2226/2226 2229/2229/2229 2227/2227/2227
f 2227/2227/2227 2229/2229/2229 2232/2232/2232
f 2230/2230/2230 2233/2233/2233 2231/2231/2231
f 2231/2231/2231 2233/2233/2233 2236/2236/2236
f 2234/2234/2234 2237/2237/2237 2235/2235/2235
f 2235/2235/2235 2237/2237/2237 2240/2240/2240
f 2238/2238/2238 2241/2241/2241 2239/2239/2239
f 2239/2239/2239 2241/2241/2241 2244/2244/2244
f 2242/2242/2242 2245/2245/2245 2243/2243/2243
f 2243/2243/2243 2245/2245/2245 2248/2248/2248
f 2246/2246/2246 2249/2249/2249 2247/2247/2247
f 2247/2247/2247 2249/2249/2249 2252/2252/2252
f 2250/2250/2250 2253/2253/2253 2251/2251/2251
f 2251/2251/2251 2253/2253/2253 2256/2256/2256
f 2254/2254/2254 2257/2257/2257 2255/2255/2255
f 2255/2255/2255 2257/2257/2257 2260/2260/2260
f 2258/2258/2258 2261/2261/2261 2259/2259/2259
f 2259/2259/2259 2261/2261/2261 2264/2264/2264
f 2262/2262/2262 2265/2265/2265 2263/2263/2263
f 2263/2263/2263 2265/2265/2265 2268/2268/2268
f 2266/2266/2266 2269/2269/2269 2267/2267/2267
f 2267/2267/2267 2269/2269/2269 2272/2272/2272
f 2276/2276/2276 2275/2275/2275 2274/2274/2274
f 2274/2274/2274 2275/2275/2275 2277/2277/2277
f 2280/2280/2280 2279/2279/2279 2278/2278/2278
f 2278/2278/2278 2279/2279/2279 2281/2281/2281
f 2284/2284/2284 2283/2283/2283 2282/2282/2282
f 2282/2282/2282 2283/2283/2283 2285/2285/2285
f 2288/2288/2288 2287/2287/2287 2286/2286/2286
f 2286/2286/2286 2287/2287/2287 2292/2292/2292
f 2295/2295/2295 2294/2294/2294 2293/2293/2293
f 2293/2293/2293 2294/2294/2294 2296/2296/2296
f 2299/2299/2299 2298/2298/2298 2297/2297/2297
f 2297/2297/2297 2298/2298/2298 2300/2300/2300
f 2303/2303/2303 2302/2302/2302 2301/2301/2301
f 2301/2301/2301 2302/2302/2302 2304/2304/2304
f 2307/2307/2307 2306/2306/2306 2305/2305/2305
f 2305/2305/2305 2306/2306/2306 2308/2308/2308
f 2311/2311/2311 2310/2310/2310 2309/2309/2309
f 2309/2309/2309 2310/2310/2310 2312/2312/2312
f 2315/2315/2315 2314/2314/2314 2313/2313/2313
f 2313/2313/2313 2314/2314/2314 2316/2316/2316
f 2319/2319/2319 2318/2318/2318 2317/2317/2317
f 2317/2317/2317 2318/2318/2318 2320/2320/2320
f 2324/2324/2324 2325/2325/2325 2327/2327/2327
f 2327/2327/2327 2325/2325/2325 2326/2326/2326
f 2331/2331/2331 2332/2332/2332 2334/2334/2334
f 2334/2334/2334 2332/2332/2332 2333/2333/2333
f 2335/2335/2335 2336/2336/2336 2338/2338/2338
f 2338/2338/2338 2336/2336/2336 2337/2337/2337
f 2339/2339/2339 2340/2340/2340 2342/2342/2342
f 2342/2342/2342 2340/2340/2340 2341/2341/2341
f 2343/2343/2343 2344/2344/2344 2346/2346/2346
f 2346/2346/2346 2344/2344/2344 2345/2345/2345
f 2347/2347/2347 2348/2348/2348 2350/2350/2350
f 2350/2350/2350 2348/2348/2348 2349/2349/2349
f 2351/2351/2351 2352/2352/2352 2354/2354/2354
f 2354/2354/2354 2352/2352/2352 2353/2353/2353
f 2355/2355/2355 2356/2356/2356 2358/2358/2358
f 2358/2358/2358 2356/2356/2356 2357/2357/2357
f 2359/2359/2359 2360/2360/2360 2362/2362/2362
f 2362/2362/2362 2360/2360/2360 2361/2361/2361
f 2363/2363/2363 2364/2364/2364 2366/2366/2366
f 2366/2366/2366 2364/2364/2364 2365/2365/2365
f 2367/2367/2367 2368/2368/2368 2370/2370/2370
f 2370/2370/2370 2368/2368/2368 2369/2369/2369
f 2371/2371/2371 2372/2372/2372 2374/2374/2374
f 2374/2374/2374 2372/2372/2372 2373/2373/2373
f 2375/2375/2375 2376/2376/2376 2378/2378/2378
f 2378/2378/2378 2376/2376/2376 2377/2377/2377
f 2379/2379/2379 2380/2380/2380 2382/2382/2382
f 2382/2382/2382 2380/2380/2380 2381/2381/2381
f 2383/2383/2383 2384/2384/2384 2386/2386/2386
f 2386/2386/2386 2384/2384/2384 2385/2385/2385
f 2389/2389/2389 2397/2397/2397 2394/2394/2394
f 2394/2394/2394 2397/2397/2397 2395/2395/2395
f 2396/2396/2396 2401/2401/2401 2398/2398/2398
f 2398/2398/2398 2401/2401/2401 2399/2399/2399
f 2400/2400/2400 2405/2405/2405 2402/2402/2402
f 2402/2402/2402 2405/2405/2405 2403/2403/2403
f 2404/2404/2404 2409/2409/2409 2406/2406/2406
f 2406/2406/2406 2409/2409/2409 2407/2407/2407
f 2408/2408/2408 2413/2413/2413 2410/2410/2410
f 2410/2410/2410 2413/2413/2413 2411/2411/2411
f 2412/2412/2412 2417/2417/2417 2414/2414/2414
f 2414/2414/2414 2417/2417/2417 2415/2415/2415
f 2416/2416/2416 2421/2421/2421 2418/2418/2418
f 2418/2418/2418 2421/2421/2421 2419/2419/2419
f 2420/2420/2420 2425/2425/2425 2422/2422/2422
f 2422/2422/2422 2425/2425/2425 2423/2423/2423
f 2424/2424/2424 2429/2429/2429 2426/2426/2426
f 2426/2426/2426 2429/2429/2429 2427/2427/2427
f 2428/2428/2428 2433/2433/2433 2430/2430/2430
f 2430/2430/2430 2433/2433/2433 2431/2431/2431
f 2432/2432/2432 2437/2437/2437 2434/2434/2434
f 2434/2434/2434 2437/2437/2437 2435/2435/2435
f 2436/2436/2436 2444/2444/2444 2441/2441/2441
f 2441/2441/2441 2444/2444/2444 2442/2442/2442
f 2443/2443/2443 2448/2448/2448 2445/2445/2445
f 2445/2445/2445 2448/2448/2448 2446/2446/2446
f 2447/2447/2447 2452/2452/2452 2449/2449/2449
f 2449/2449/2449 2452/2452/2452 2450/2450/2450
f 2451/2451/2451 2456/2456/2456 2453/2453/2453
f 2453/2453/2453 2456/2456/2456 2454/2454/2454
f 2455/2455/2455 2460/2460/2460 2457/2457/2457
f 2457/2457/2457 2460/2460/2460 2458/2458/2458
f 2459/2459/2459 2464/2464/2464 2461/2461/2461
f 2461/2461/2461 2464/2464/2464 2462/2462/2462
f 2463/2463/2463 2468/2468/2468 2465/2465/2465
f 2465/2465/2465 2468/2468/2468 2466/2466/2466
f 2467/2467/2467 2472/2472/2472 2469/2469/2469
f 2469/2469/2469 2472/2472/2472 2470/2470/2470
f 2471/2471/2471 2476/2476/2476 2473/2473/2473
f 2473/2473/2473 2476/2476/2476 2474/2474/2474
f 2475/2475/2475 2480/2480/2480 2477/2477/2477
f 2477/2477/2477 2480/2480/2480 2478/2478/2478
f 2479/2479/2479 2484/2484/2484 2481/2481/2481
f 2481/2481/2481 2484/2484/2484 2482/2482/2482
f 2483/2483/2483 2488/2488/2488 2485/2485/2485
f 2485/2485/2485 2488/2488/2488 2486/2486/2486
f 2487/2487/2487 2492/2492/2492 2489/2489/2489
f 2489/2489/2489 2492/2492/2492 2490/2490/2490
f 2491/2491/2491 2496/2496/2496 2493/2493/2493
f 2493/2493/2493 2496/2496/2496 2494/2494/2494
f 2495/2495/2495 2500/2500/2500 2497/2497/2497
f 2497/2497/2497 2500/2500/2500 2498/2498/2498
f 2499/2499/2499 2504/2504/2504 2501/2501/2501
f 2501/2501/2501 2504/2504/2504 2502/2502/2502
f 2503/2503/2503 2508/2508/2508 2505/2505/2505
f 2505/2505/2505 2508/2508/2508 2506/2506/2506
f 2510/2510/2510 2513/2513/2513 2511/2511/2511
f 2511/2511/2511 2513/2513/2513 2515/2515/2515
f 2514/2514/2514 2517/2517/2517 2518/2518/2518
f 2518/2518/2518 2517/2517/2517 2516/2516/2516
f 2519/2519/2519 2520/2520/2520 2522/2522/2522
f 2522/2522/2522 2520/2520/2520 2521/2521/2521
f 2523/2523/2523 2524/2524/2524 2526/2526/2526
f 2526/2526/2526 2524/2524/2524 2525/2525/2525
f 2527/2527/2527 2528/2528/2528 2530/2530/2530
f 2530/2530/2530 2528/2528/2528 2529/2529/2529
f 2531/2531/2531 2532/2532/2532 2534/2534/2534
f 2534/2534/2534 2532/2532/2532 2533/2533/2533
f 2535/2535/2535 2536/2536/2536 2538/2538/2538
f 2538/2538/2538 2536/2536/2536 2537/2537/2537
f 2539/2539/2539 2540/2540/2540 2542/2542/2542
f 2542/2542/2542 2540/2540/2540 2541/2541/2541
f 2543/2543/2543 2544/2544/2544 2546/2546/2546
f 2546/2546/2546 2544/2544/2544 2545/2545/2545
f 2547/2547/2547 2548/2548/2548 2550/2550/2550
f 2550/2550/2550 2548/2548/2548 2549/2549/2549
f 2551/2551/2551 2552/2552/2552 2554/2554/2554
f 2554/2554/2554 2552/2552/2552 2553/2553/2553
f 2555/2555/2555 2556/2556/2556 2558/2558/2558
f 2558/2558/2558 2556/2556/2556 2557/2557/2557
f 2559/2559/2559 2560/2560/2560 2562/2562/2562
f 2562/2562/2562 2560/2560/2560 2561/2561/2561
f 2563/2563/2563 2564/2564/2564 2566/2566/2566
f 2566/2566/2566 2564/2564/2564 2565/2565/2565
f 2567/2567/2567 2568/2568/2568 2570/2570/2570
f 2570/2570/2570 2568/2568/2568 2569/2569/2569
f 2571/2571/2571 2572/2572/2572 2574/2574/2574
f 2574/2574/2574 2572/2572/2572 2573/2573/2573
f 2577/2577/2577 2582/2582/2582 2579/2579/2579
f 2579/2579/2579 2582/2582/2582 2580/2580/2580
f 2581/2581/2581 2586/2586/2586 2583/2583/2583
f 2583/2583/2583 2586/2586/2586 2584/2584/2584
f 2585/2585/2585 2590/2590/2590 2587/2587/2587
f 2587/2587/2587 2590/2590/2590 2588/2588/2588
f 2589/2589/2589 2594/2594/2594 2591/2591/2591
f 2591/2591/2591 2594/2594/2594 2592/2592/2592
f 2593/2593/2593 2598/2598/2598 2595/2595/2595
f 2595/2595/2595 2598/2598/2598 2596/2596/2596
f 2597/2597/2597 2605/2605/2605 2602/2602/2602
f 2602/2602/2602 2605/2605/2605 2603/2603/2603
f 2604/2604/2604 2609/2609/2609 2606/2606/2606
f 2606/2606/2606 2609/2609/2609 2607/2607/2607
f 2608/2608/2608 2613/2613/2613 2610/2610/2610
f 2610/2610/2610 2613/2613/2613 2611/2611/2611
f 2612/2612/2612 2617/2617/2617 2614/2614/2614
f 2614/2614/2614 2617/2617/2617 2615/2615/2615
f 2616/2616/2616 2621/2621/2621 2618/2618/2618
f 2618/2618/2618 2621/2621/2621 2619/2619/2619
f 2620/2620/2620 2625/2625/2625 2622/2622/2622
f 2622/2622/2622 2625/2625/2625 2623/2623/2623
f 2624/2624/2624 2629/2629/2629 2626/2626/2626
f 2626/2626/2626 2629/2629/2629 2627/2627/2627
f 2628/2628/2628 2633/2633/2633 2630/2630/2630
f 2630/2630/2630 2633/2633/2633 2631/2631/2631
f 2632/2632/2632 2637/2637/2637 2634/2634/2634
f 2634/2634/2634 2637/2637/2637 2635/2635/2635
f 2636/2636/2636 2641/2641/2641 2638/2638/2638
f 2638/2638/2638 2641/2641/2641 2639/2639/2639
f 2640/2640/2640 2645/2645/2645 2642/2642/2642
f 2642/2642/2642 2645/2645/2645 2643/2643/2643
f 2644/2644/2644 2649/2649/2649 2646/2646/2646
f 2646/2646/2646 2649/2649/2649 2647/2647/2647
f 2648/2648/2648 2653/2653/2653 2650/2650/2650
f 2650/2650/2650 2653/2653/2653 2651/2651/2651
f 2652/2652/2652 2657/2657/2657 2654/2654/2654
f 2654/2654/2654 2657/2657/2657 2655/2655/2655
f 2656/2656/2656 2661/2661/2661 2658/2658/2658
f 2658/2658/2658 2661/2661/2661 2659/2659/2659
f 2660/2660/2660 2662/2662/2662 2665/2665/2665
f 2664/2664/2664 2662/2662/2662 2660/2660/2660
f 2662/2662/2662 2664/2664/2664 2663/2663/2663
f 2663/2663/2663 2664/2664/2664 2669/2669/2669
f 2672/2672/2672 2671/2671/2671 2670/2670/2670
f 2670/2670/2670 2671/2671/2671 2673/2673/2673
f 2676/2676/2676 2675/2675/2675 2674/2674/2674
f 2674/2674/2674 2675/2675/2675 2677/2677/2677
f 2680/2680/2680 2679/2679/2679 2678/2678/2678
f 2678/2678/2678 2679/2679/2679 2681/2681/2681
f 2684/2684/2684 2683/2683/2683 2682/2682/2682
f 2682/2682/2682 2683/2683/2683 2685/2685/2685
f 2688/2688/2688 2687/2687/2687 2686/2686/2686
f 2686/2686/2686 2687/2687/2687 2689/2689/2689
f 2692/2692/2692 2691/2691/2691 2690/2690/2690
f 2690/2690/2690 2691/2691/2691 2693/2693/2693
f 2696/2696/2696 2695/2695/2695 2694/2694/2694
f 2694/2694/2694 2695/2695/2695 2697/2697/2697
f 2700/2700/2700 2699/2699/2699 2698/2698/2698
f 2698/2698/2698 2699/2699/2699 2701/2701/2701
f 2704/2704/2704 2703/2703/2703 2702/2702/2702
f 2702/2702/2702 2703/2703/2703 2705/2705/2705
f 2708/2708/2708 2707/2707/2707 2706/2706/2706
f 2706/2706/2706 2707/2707/2707 2709/2709/2709
f 2712/2712/2712 2711/2711/2711 2710/2710/2710
f 2710/2710/2710 2711/2711/2711 2713/2713/2713
f 2716/2716/2716 2715/2715/2715 2714/2714/2714
f 2714/2714/2714 2715/2715/2715 2717/2717/2717
f 2720/2720/2720 2719/2719/2719 2718/2718/2718
f 2718/2718/2718 2719/2719/2719 2721/2721/2721
f 2724/2724/2724 2723/2723/2723 2722/2722/2722
f 2722/2722/2722 2723/2723/2723 2725/2725/2725
f 2728/2728/2728 2727/2727/2727 2726/2726/2726
f 2726/2726/2726 2727/2727/2727 2729/2729/2729
f 2732/2732/2732 2731/2731/2731 2730/2730/2730
f 2730/2730/2730 2731/2731/2731 2733/2733/2733
f 2736/2736/2736 2735/2735/2735 2734/2734/2734
f 2734/2734/2734 2735/2735/2735 2737/2737/2737
f 2740/2740/2740 2739/2739/2739 2738/2738/2738
f 2738/2738/2738 2739/2739/2739 2741/2741/2741
f 2745/2745/2745 2746/2746/2746 2748/2748/2748
f 2748/2748/2748 2746/2746/2746 2747/2747/2747
f 2749/2749/2749 2750/2750/2750 2752/2752/2752
f 2752/2752/2752 2750/2750/2750 2751/2751/2751
f 2753/2753/2753 2754/2754/2754 2756/2756/2756
f 2756/2756/2756 2754/2754/2754 2755/2755/2755
f 2757/2757/2757 2758/2758/2758 2760/2760/2760
f 2760/2760/2760 2758/2758/2758 2759/2759/2759
f 2761/2761/2761 2762/2762/2762 2764/2764/2764
f 2764/2764/2764 2762/2762/2762 2763/2763/2763
f 2765/2765/2765 2766/2766/2766 2768/2768/2768
f 2768/2768/2768 2766/2766/2766 2767/2767/2767
f 2769/2769/2769 2770/2770/2770 2772/2772/2772
f 2772/2772/2772 2770/2770/2770 2771/2771/2771
f 2773/2773/2773 2774/2774/2774 2776/2776/2776
f 2776/2776/2776 2774/2774/2774 2775/2775/2775
f 2777/2777/2777 2778/2778/2778 2780/2780/2780
f 2780/2780/2780 2778/2778/2778 2779/2779/2779
f 2784/2784/2784 2785/2785/2785 2787/2787/2787
f 2787/2787/2787 2785/2785/2785 2786/2786/2786
f 2788/2788/2788 2789/2789/2789 2791/2791/2791
f 2791/2791/2791 2789/2789/2789 2790/2790/2790
f 2794/2794/2794 2799/2799/2799 2796/2796/2796
f 2796/2796/2796 2799/2799/2799 2797/2797/2797
f 2798/2798/2798 2803/2803/2803 2800/2800/2800
f 2800/2800/2800 2803/2803/2803 2801/2801/2801
f 2802/2802/2802 2807/2807/2807 2804/2804/2804
f 2804/2804/2804 2807/2807/2807 2805/2805/2805
f 2806/2806/2806 2811/2811/2811 2808/2808/2808
f 2808/2808/2808 2811/2811/2811 2809/2809/2809
f 2810/2810/2810 2815/2815/2815 2812/2812/2812
f 2812/2812/2812 2815/2815/2815 2813/2813/2813
f 2814/2814/2814 2819/2819/2819 2816/2816/2816
f 2816/2816/2816 2819/2819/2819 2817/2817/2817
f 2818/2818/2818 2823/2823/2823 2820/2820/2820
f 2820/2820/2820 2823/2823/2823 2821/2821/2821
f 2822/2822/2822 2827/2827/2827 2824/2824/2824
f 2824/2824/2824 2827/2827/2827 2825/2825/2825
f 2826/2826/2826 2831/2831/2831 2828/2828/2828
f 2828/2828/2828 2831/2831/2831 2829/2829/2829
f 2830/2830/2830 2835/2835/2835 2832/2832/2832
f 2832/2832/2832 2835/2835/2835 2833/2833/2833
f 2834/2834/2834 2839/2839/2839 2836/2836/2836
f 2836/2836/2836 2839/2839/2839 2837/2837/2837
f 2838/2838/2838 2843/2843/2843 2840/2840/2840
f 2840/2840/2840 2843/2843/2843 2841/2841/2841
f 2842/2842/2842 2850/2850/2850 2847/2847/2847
f 2847/2847/2847 2850/2850/2850 2848/2848/2848
f 2849/2849/2849 2854/2854/2854 2851/2851/2851
f 2851/2851/2851 2854/2854/2854 2852/2852/2852
f 2853/2853/2853 2858/2858/2858 2855/2855/2855
f 2855/2855/2855 2858/2858/2858 2856/2856/2856
f 2860/2860/2860 2863/2863/2863 2861/2861/2861
f 2861/2861/2861 2863/2863/2863 2866/2866/2866
f 2864/2864/2864 2867/2867/2867 2865/2865/2865
f 2865/2865/2865 2867/2867/2867 2870/2870/2870
f 2868/2868/2868 2871/2871/2871 2869/2869/2869
f 2869/2869/2869 2871/2871/2871 2874/2874/2874
f 2872/2872/2872 2875/2875/2875 2873/2873/2873
f 2873/2873/2873 2875/2875/2875 2878/2878/2878
f 2876/2876/2876 2879/2879/2879 2877/2877/2877
f 2877/2877/2877 2879/2879/2879 2882/2882/2882
f 2880/2880/2880 2883/2883/2883 2881/2881/2881
f 2881/2881/2881 2883/2883/2883 2886/2886/2886
f 2884/2884/2884 2887/2887/2887 2885/2885/2885
f 2885/2885/2885 2887/2887/2887 2890/2890/2890
f 2888/2888/2888 2894/2894/2894 2889/2889/2889
f 2889/2889/2889 2894/2894/2894 2897/2897/2897
f 2895/2895/2895 2898/2898/2898 2896/2896/2896
f 2896/2896/2896 2898/2898/2898 2901/2901/2901
f 2905/2905/2905 2904/2904/2904 2903/2903/2903
f 2903/2903/2903 2904/2904/2904 2906/2906/2906
f 2909/2909/2909 2908/2908/2908 2907/2907/2907
f 2907/2907/2907 2908/2908/2908 2910/2910/2910
f 2913/2913/2913 2912/2912/2912 2911/2911/2911
f 2911/2911/2911 2912/2912/2912 2914/2914/2914
f 2917/2917/2917 2916/2916/2916 2915/2915/2915
f 2915/2915/2915 2916/2916/2916 2918/2918/2918
f 2921/2921/2921 2920/2920/2920 2919/2919/2919
f 2919/2919/2919 2920/2920/2920 2922/2922/2922
f 2925/2925/2925 2924/2924/2924 2923/2923/2923
f 2923/2923/2923 2924/2924/2924 2926/2926/2926
f 2929/2929/2929 2928/2928/2928 2927/2927/2927
f 2927/2927/2927 2928/2928/2928 2930/2930/2930
f 2933/2933/2933 2932/2932/2932 2931/2931/2931
f 2931/2931/2931 2932/2932/2932 2934/2934/2934
f 2937/2937/2937 2936/2936/2936 2935/2935/2935
f 2935/2935/2935 2936/2936/2936 2938/2938/2938
f 2941/2941/2941 2940/2940/2940 2939/2939/2939
f 2939/2939/2939 2940/2940/2940 2942/2942/2942
f 2945/2945/2945 2944/2944/2944 2943/2943/2943
f 2943/2943/2943 2944/2944/2944 2946/2946/2946
f 2949/2949/2949 2948/2948/2948 2947/2947/2947
f 2947/2947/2947 2948/2948/2948 2950/2950/2950
f 2953/2953/2953 2952/2952/2952 2951/2951/2951
f 2951/2951/2951 2952/2952/2952 2954/2954/2954
f 2957/2957/2957 2956/2956/2956 2955/2955/2955
f 2955/2955/2955 2956/2956/2956 2958/2958/2958
f 2961/2961/2961 2960/2960/2960 2959/2959/2959
f 2959/2959/2959 2960/2960/2960 2962/2962/2962
f 2965/2965/2965 2964/2964/2964 2963/2963/2963
f 2963/2963/2963 2964/2964/2964 2966/2966/2966
f 2969/2969/2969 2968/2968/2968 2967/2967/2967
f 2967/2967/2967 2968/2968/2968 2970/2970/2970
f 2974/2974/2974 2975/2975/2975 2977/2977/2977
f 2977/2977/2977 2975/2975/2975 2976/2976/2976
f 2978/2978/2978 2979/2979/2979 2981/2981/2981
f 2981/2981/2981 2979/2979/2979 2980/2980/2980
f 2982/2982/2982 2983/2983/2983 2985/2985/2985
f 2985/2985/2985 2983/2983/2983 2984/2984/2984
f 2986/2986/2986 2987/2987/2987 2989/2989/2989
f 2989/2989/2989 2987/2987/2987 2988/2988/2988
f 2990/2990/2990 2991/2991/2991 2993/2993/2993
f 2993/2993/2993 2991/2991/2991 2992/2992/2992
f 2994/2994/2994 2995/2995/2995 2997/2997/2997
f 2997/2997/2997 2995/2995/2995 2996/2996/2996
f 2998/2998/2998 2999/2999/2999 3001/3001/3001
f 3001/3001/3001 2999/2999/2999 3000/3000/3000
f 3002/3002/3002 3003/3003/3003 3005/3005/3005
f 3005/3005/3005 3003/3003/3003 3004/3004/3004
f 3006/3006/3006 3007/3007/3007 3009/3009/3009
f 3009/3009/3009 3007/3007/3007 3008/3008/3008
f 3010/3010/3010 3011/3011/3011 3013/3013/3013
f 3013/3013/3013 3011/3011/3011 3012/3012/3012
f 3014/3014/3014 3015/3015/3015 3017/3017/3017
f 3017/3017/3017 3015/3015/3015 3016/3016/3016
f 3018/3018/3018 3019/3019/3019 3021/3021/3021
f 3021/3021/3021 3019/3019/3019 3020/3020/3020
f 3022/3022/3022 3023/3023/3023 3025/3025/3025
f 3025/3025/3025 3023/3023/3023 3024/3024/3024
f 3026/3026/3026 3027/3027/3027 3029/3029/3029
f 3029/3029/3029 3027/3027/3027 3028/3028/3028
f 3030/3030/3030 3031/3031/3031 3033/3033/3033
f 3033/3033/3033 3031/3031/3031 3032/3032/3032
f 3034/3034/3034 3035/3035/3035 3037/3037/3037
f 3037/3037/3037 3035/3035/3035 3036/3036/3036
f 3038/3038/3038 3039/3039/3039 3041/3041/3041
f 3041/3041/3041 3039/3039/3039 3040/3040/3040
f 3042/3042/3042 3043/3043/3043 3045/3045/3045
f 3045/3045/3045 3043/3043/3043 3044/3044/3044
f 3046/3046/3046 3047/3047/3047 3049/3049/3049
f 3049/3049/3049 3047/3047/3047 3048/3048/3048
f 3050/3050/3050 3051/3051/3051 3053/3053/3053
f 3053/3053/3053 3051/3051/3051 3052/3052/3052
f 3057/3057/3057 3058/3058/3058 3060/3060/3060
f 3060/3060/3060 3058/3058/3058 3059/3059/3059
f 3061/3061/3061 3062/3062/3062 3064/3064/3064
f 3064/3064/3064 3062/3062/3062 3063/3063/3063
f 3065/3065/3065 3066/3066/3066 3068/3068/3068
f 3068/3068/3068 3066/3066/3066 3067/3067/3067
f 3069/3069/3069 3070/3070/3070 3072/3072/3072
f 3072/3072/3072 3070/3070/3070 3071/3071/3071
f 3073/3073/3073 3074/3074/3074 3076/3076/3076
f 3076/3076/3076 3074/3074/3074 3075/3075/3075
f 3077/3077/3077 3078/3078/3078 3080/3080/3080
f 3080/3080/3080 3078/3078/3078 3079/3079/3079
f 3086/3086/3086 3089/3089/3089 3087/3087/3087
f 3087/3087/3087 3089/3089/3089 3092/3092/3092
f 3090/3090/3090 3093/3093/3093 3091/3091/3091
f 3091/3091/3091 3093/3093/3093 3096/3096/3096
f 3094/3094/3094 3097/3097/3097 3095/3095/3095
f 3095/3095/3095 3097/3097/3097 3100/3100/3100
f 3104/3104/3104 3103/3103/3103 3102/3102/3102
f 3102/3102/3102 3103/3103/3103 3105/3105/3105
f 3111/3111/3111 3116/3116/3116 3113/3113/3113
f 3113/3113/3113 3116/3116/3116 3114/3114/3114
f 3115/3115/3115 3120/3120/3120 3117/3117/3117
f 3117/3117/3117 3120/3120/3120 3118/3118/3118
f 3125/3125/3125 3128/3128/3128 3126/3126/3126
f 3126/3126/3126 3128/3128/3128 3131/3131/3131
f 3129/3129/3129 3132/3132/3132 3130/3130/3130
f 3130/3130/3130 3132/3132/3132 3135/3135/3135
f 3133/3133/3133 3136/3136/3136 3134/3134/3134
f 3134/3134/3134 3136/3136/3136 3139/3139/3139
f 3143/3143/3143 3142/3142/3142 3141/3141/3141
f 3141/3141/3141 3142/3142/3142 3144/3144/3144
f 3147/3147/3147 3146/3146/3146 3145/3145/3145
f 3145/3145/3145 3146/3146/3146 3148/3148/3148
f 3151/3151/3151 3150/3150/3150 3149/3149/3149
f 3149/3149/3149 3150/3150/3150 3152/3152/3152
f 3155/3155/3155 3154/3154/3154 3153/3153/3153
f 3153/3153/3153 3154/3154/3154 3156/3156/3156
f 3159/3159/3159 3158/3158/3158 3157/3157/3157
f 3157/3157/3157 3158/3158/3158 3160/3160/3160
f 3163/3163/3163 3162/3162/3162 3161/3161/3161
f 3161/3161/3161 3162/3162/3162 3164/3164/3164
f 3167/3167/3167 3166/3166/3166 3165/3165/3165
f 3165/3165/3165 3166/3166/3166 3168/3168/3168
f 3171/3171/3171 3170/3170/3170 3169/3169/3169
f 3169/3169/3169 3170/3170/3170 3172/3172/3172
f 3175/3175/3175 3174/3174/3174 3173/3173/3173
f 3173/3173/3173 3174/3174/3174 3176/3176/3176
f 3179/3179/3179 3178/3178/3178 3177/3177/3177
f 3177/3177/3177 3178/3178/3178 3180/3180/3180
f 3183/3183/3183 3182/3182/3182 3181/3181/3181
f 3181/3181/3181 3182/3182/3182 3184/3184/3184
f 3187/3187/3187 3186/3186/3186 3185/3185/3185
f 3185/3185/3185 3186/3186/3186 3188/3188/3188
f 3191/3191/3191 3190/3190/3190 3189/3189/3189
f 3189/3189/3189 3190/3190/3190 3192/3192/3192
f 3198/3198/3198 3203/3203/3203 3200/3200/3200
f 3200/3200/3200 3203/3203/3203 3201/3201/3201
f 3202/3202/3202 3207/3207/3207 3204/3204/3204
f 3204/3204/3204 3207/3207/3207 3205/3205/3205
f 3209/3209/3209 3212/3212/3212 3210/3210/3210
f 3210/3210/3210 3212/3212/3212 3215/3215/3215
f 3213/3213/3213 3216/3216/3216 3214/3214/3214
f 3214/3214/3214 3216/3216/3216 3219/3219/3219
f 3217/3217/3217 3220/3220/3220 3218/3218/3218
f 3218/3218/3218 3220/3220/3220 3223/3223/3223
f 3221/3221/3221 3224/3224/3224 3222/3222/3222
f 3222/3222/3222 3224/3224/3224 3227/3227/3227
f 3225/3225/3225 3228/3228/3228 3226/3226/3226
f 3226/3226/3226 3228/3228/3228 3231/3231/3231
f 3229/3229/3229 3232/3232/3232 3230/3230/3230
f 3230/3230/3230 3232/3232/3232 3235/3235/3235
f 3251/3251/3251 3250/3250/3250 3249/3249/3249
f 3249/3249/3249 3250/3250/3250 3252/3252/3252
f 3258/3258/3258 3263/3263/3263 3260/3260/3260
f 3260/3260/3260 3263/3263/3263 3261/3261/3261
f 3262/3262/3262 3267/3267/3267 3264/3264/3264
f 3264/3264/3264 3267/3267/3267 3265/3265/3265
f 3269/3269/3269 3272/3272/3272 3270/3270/3270
f 3270/3270/3270 3272/3272/3272 3275/3275/3275
f 3273/3273/3273 3276/3276/3276 3274/3274/3274
f 3274/3274/3274 3276/3276/3276 3279/3279/3279
f 3277/3277/3277 3280/3280/3280 3278/3278/3278
f 3278/3278/3278 3280/3280/3280 3283/3283/3283
f 3287/3287/3287 3286/3286/3286 3285/3285/3285
f 3285/3285/3285 3286/3286/3286 3288/3288/3288
f 3291/3291/3291 3290/3290/3290 3289/3289/3289
f 3289/3289/3289 3290/3290/3290 3292/3292/3292
f 3295/3295/3295 3294/3294/3294 3293/3293/3293
f 3293/3293/3293 3294/3294/3294 3296/3296/3296
f 3299/3299/3299 3298/3298/3298 3297/3297/3297
f 3297/3297/3297 3298/3298/3298 3300/3300/3300
f 3303/3303/3303 3302/3302/3302 3301/3301/3301
f 3301/3301/3301 3302/3302/3302 3304/3304/3304
f 3307/3307/3307 3306/3306/3306 3305/3305/3305
f 3305/3305/3305 3306/3306/3306 3308/3308/3308
f 3311/3311/3311 3310/3310/3310 3309/3309/3309
f 3309/3309/3309 3310/3310/3310 3312/3312/3312
f 3315/3315/3315 3314/3314/3314 3313/3313/3313
f 3313/3313/3313 3314/3314/3314 3316/3316/3316
f 3319/3319/3319 3318/3318/3318 3317/3317/3317
f 3317/3317/3317 3318/3318/3318 3320/3320/3320
f 3323/3323/3323 3322/3322/3322 3321/3321/3321
f 3321/3321/3321 3322/3322/3322 3324/3324/3324
f 3327/3327/3327 3326/3326/3326 3325/3325/3325
f 3325/3325/3325 3326/3326/3326 3328/3328/3328
f 3331/3331/3331 3330/3330/3330 3329/3329/3329
f 3329/3329/3329 3330/3330/3330 3332/3332/3332
f 3335/3335/3335 3334/3334/3334 3333/3333/3333
f 3333/3333/3333 3334/3334/3334 3336/3336/3336
f 3339/3339/3339 3338/3338/3338 3337/3337/3337
f 3337/3337/3337 3338/3338/3338 3340/3340/3340
f 3343/3343/3343 3342/3342/3342 3341/3341/3341
f 3341/3341/3341 3342/3342/3342 3344/3344/3344
f 3350/3350/3350 3355/3355/3355 3352/3352/3352
f 3352/3352/3352 3355/3355/3355 3353/3353/3353
f 3354/3354/3354 3359/3359/3359 3356/3356/3356
f 3356/3356/3356 3359/3359/3359 3357/3357/3357
f 3361/3361/3361 3382/3382/3382 3362/3362/3362
f 3362/3362/3362 3382/3382/3382 3385/3385/3385
f 3383/3383/3383 3386/3386/3386 3384/3384/3384
f 3384/3384/3384 3386/3386/3386 3389/3389/3389
f 3387/3387/3387 3390/3390/3390 3388/3388/3388
f 3388/3388/3388 3390/3390/3390 3393/3393/3393
f 3392/3392/3392 3391/3391/3391 3394/3394/3394
f 3392/3392/3392 3394/3394/3394 3397/3397/3397
f 3395/3395/3395 3398/3398/3398 3396/3396/3396
f 3396/3396/3396 3398/3398/3398 3401/3401/3401
f 3399/3399/3399 3402/3402/3402 3400/3400/3400
f 3400/3400/3400 3402/3402/3402 3405/3405/3405
f 3403/3403/3403 3409/3409/3409 3404/3404/3404
f 3404/3404/3404 3409/3409/3409 3412/3412/3412
f 3410/3410/3410 3413/3413/3413 3411/3411/3411
f 3411/3411/3411 3413/3413/3413 3416/3416/3416
f 3414/3414/3414 3417/3417/3417 3415/3415/3415
f 3415/3415/3415 3417/3417/3417 3420/3420/3420
f 3418/3418/3418 3421/3421/3421 3419/3419/3419
f 3419/3419/3419 3421/3421/3421 3423/3423/3423
f 3440/3440/3440 3439/3439/3439 3438/3438/3438
f 3438/3438/3438 3439/3439/3439 3441/3441/3441
f 3444/3444/3444 3443/3443/3443 3442/3442/3442
f 3442/3442/3442 3443/3443/3443 3445/3445/3445
f 3448/3448/3448 3447/3447/3447 3446/3446/3446
f 3446/3446/3446 3447/3447/3447 3449/3449/3449
f 3452/3452/3452 3451/3451/3451 3450/3450/3450
f 3450/3450/3450 3451/3451/3451 3453/3453/3453
f 3456/3456/3456 3455/3455/3455 3454/3454/3454
f 3454/3454/3454 3455/3455/3455 3457/3457/3457
f 3459/3459/3459 3461/3461/3461 3458/3458/3458
f 3458/3458/3458 3461/3461/3461 3460/3460/3460
f 3462/3462/3462 3463/3463/3463 3465/3465/3465
f 3465/3465/3465 3463/3463/3463 3464/3464/3464
f 3466/3466/3466 3467/3467/3467 3469/3469/3469
f 3469/3469/3469 3467/3467/3467 3468/3468/3468
f 3470/3470/3470 3471/3471/3471 3473/3473/3473
f 3473/3473/3473 3471/3471/3471 3472/3472/3472
f 3474/3474/3474 3475/3475/3475 3477/3477/3477
f 3477/3477/3477 3475/3475/3475 3476/3476/3476
f 3478/3478/3478 3479/3479/3479 3481/3481/3481
f 3481/3481/3481 3479/3479/3479 3480/3480/3480
f 3482/3482/3482 3483/3483/3483 3485/3485/3485
f 3485/3485/3485 3483/3483/3483 3484/3484/3484
f 3486/3486/3486 3487/3487/3487 3489/3489/3489
f 3489/3489/3489 3487/3487/3487 3488/3488/3488
f 3490/3490/3490 3491/3491/3491 3492/3492/3492
f 3492/3492/3492 3491/3491/3491 3493/3493/3493
f 3494/3494/3494 3498/3498/3498 3495/3495/3495
f 3495/3495/3495 3498/3498/3498 3496/3496/3496
f 3497/3497/3497 3502/3502/3502 3499/3499/3499
f 3499/3499/3499 3502/3502/3502 3500/3500/3500
f 3501/3501/3501 3506/3506/3506 3503/3503/3503
f 3503/3503/3503 3506/3506/3506 3504/3504/3504
f 3505/3505/3505 3510/3510/3510 3507/3507/3507
f 3507/3507/3507 3510/3510/3510 3508/3508/3508
f 3512/3512/3512 3515/3515/3515 3513/3513/3513
f 3513/3513/3513 3515/3515/3515 3518/3518/3518
f 3516/3516/3516 3519/3519/3519 3517/3517/3517
f 3517/3517/3517 3519/3519/3519 3522/3522/3522
f 3520/3520/3520 3523/3523/3523 3521/3521/3521
f 3521/3521/3521 3523/3523/3523 3526/3526/3526
f 3524/3524/3524 3527/3527/3527 3525/3525/3525
f 3525/3525/3525 3527/3527/3527 3530/3530/3530
f 3528/3528/3528 3531/3531/3531 3529/3529/3529
f 3529/3529/3529 3531/3531/3531 3534/3534/3534
f 3532/3532/3532 3535/3535/3535 3533/3533/3533
f 3533/3533/3533 3535/3535/3535 3538/3538/3538
f 3536/3536/3536 3539/3539/3539 3537/3537/3537
f 3537/3537/3537 3539/3539/3539 3542/3542/3542
f 3540/3540/3540 3543/3543/3543 3541/3541/3541
f 3541/3541/3541 3543/3543/3543 3546/3546/3546
f 3544/3544/3544 3547/3547/3547 3545/3545/3545
f 3545/3545/3545 3547/3547/3547 3550/3550/3550
f 3548/3548/3548 3554/3554/3554 3549/3549/3549
f 3549/3549/3549 3554/3554/3554 3557/3557/3557
f 3555/3555/3555 3558/3558/3558 3556/3556/3556
f 3556/3556/3556 3558/3558/3558 3561/3561/3561
f 3559/3559/3559 3562/3562/3562 3560/3560/3560
f 3560/3560/3560 3562/3562/3562 3565/3565/3565
f 3563/3563/3563 3566/3566/3566 3564/3564/3564
f 3564/3564/3564 3566/3566/3566 3569/3569/3569
f 3567/3567/3567 3570/3570/3570 3568/3568/3568
f 3568/3568/3568 3570/3570/3570 3573/3573/3573
f 3571/3571/3571 3577/3577/3577 3572/3572/3572
f 3572/3572/3572 3577/3577/3577 3580/3580/3580
f 3578/3578/3578 3587/3587/3587 3579/3579/3579
f 3579/3579/3579 3587/3587/3587 3590/3590/3590
f 3588/3588/3588 3594/3594/3594 3589/3589/3589
f 3589/3589/3589 3594/3594/3594 3597/3597/3597
f 3601/3601/3601 3600/3600/3600 3599/3599/3599
f 3599/3599/3599 3600/3600/3600 3602/3602/3602
f 3605/3605/3605 3604/3604/3604 3603/3603/3603
f 3603/3603/3603 3604/3604/3604 3606/3606/3606
f 3609/3609/3609 3608/3608/3608 3607/3607/3607
f 3607/3607/3607 3608/3608/3608 3610/3610/3610
f 3613/3613/3613 3612/3612/3612 3611/3611/3611
f 3611/3611/3611 3612/3612/3612 3614/3614/3614
f 3617/3617/3617 3616/3616/3616 3615/3615/3615
f 3615/3615/3615 3616/3616/3616 3618/3618/3618
f 3621/3621/3621 3620/3620/3620 3619/3619/3619
f 3619/3619/3619 3620/3620/3620 3625/3625/3625
f 3628/3628/3628 3627/3627/3627 3626/3626/3626
f 3626/3626/3626 3627/3627/3627 3629/3629/3629
f 3632/3632/3632 3631/3631/3631 3630/3630/3630
f 3630/3630/3630 3631/3631/3631 3633/3633/3633
f 3636/3636/3636 3635/3635/3635 3634/3634/3634
f 3634/3634/3634 3635/3635/3635 3637/3637/3637
f 3640/3640/3640 3639/3639/3639 3638/3638/3638
f 3638/3638/3638 3639/3639/3639 3641/3641/3641
f 3644/3644/3644 3643/3643/3643 3642/3642/3642
f 3642/3642/3642 3643/3643/3643 3645/3645/3645
f 3648/3648/3648 3647/3647/3647 3646/3646/3646
f 3646/3646/3646 3647/3647/3647 3649/3649/3649
f 3652/3652/3652 3651/3651/3651 3650/3650/3650
f 3650/3650/3650 3651/3651/3651 3653/3653/3653
f 3656/3656/3656 3655/3655/3655 3654/3654/3654
f 3654/3654/3654 3655/3655/3655 3657/3657/3657
f 3660/3660/3660 3659/3659/3659 3658/3658/3658
f 3658/3658/3658 3659/3659/3659 3661/3661/3661
f 3664/3664/3664 3663/3663/3663 3662/3662/3662
f 3662/3662/3662 3663/3663/3663 3665/3665/3665
f 3668/3668/3668 3667/3667/3667 3666/3666/3666
f 3666/3666/3666 3667/3667/3667 3672/3672/3672
f 3675/3675/3675 3674/3674/3674 3673/3673/3673
f 3673/3673/3673 3674/3674/3674 3676/3676/3676
f 3679/3679/3679 3678/3678/3678 3677/3677/3677
f 3677/3677/3677 3678/3678/3678 3683/3683/3683
f 3686/3686/3686 3685/3685/3685 3684/3684/3684
f 3684/3684/3684 3685/3685/3685 3687/3687/3687
f 3690/3690/3690 3689/3689/3689 3688/3688/3688
f 3688/3688/3688 3689/3689/3689 3691/3691/3691
f 3694/3694/3694 3693/3693/3693 3692/3692/3692
f 3692/3692/3692 3693/3693/3693 3695/3695/3695
f 3698/3698/3698 3697/3697/3697 3696/3696/3696
f 3696/3696/3696 3697/3697/3697 3699/3699/3699
f 3702/3702/3702 3701/3701/3701 3700/3700/3700
f 3700/3700/3700 3701/3701/3701 3703/3703/3703
f 3706/3706/3706 3705/3705/3705 3704/3704/3704
f 3704/3704/3704 3705/3705/3705 3707/3707/3707
f 3710/3710/3710 3709/3709/3709 3708/3708/3708
f 3708/3708/3708 3709/3709/3709 3720/3720/3720
f 3726/3726/3726 3731/3731/3731 3728/3728/3728
f 3728/3728/3728 3731/3731/3731 3729/3729/3729
f 3730/3730/3730 3735/3735/3735 3732/3732/3732
f 3732/3732/3732 3735/3735/3735 3733/3733/3733
f 3734/3734/3734 3742/3742/3742 3739/3739/3739
f 3739/3739/3739 3742/3742/3742 3740/3740/3740
f 3744/3744/3744 3753/3753/3753 3745/3745/3745
f 3745/3745/3745 3753/3753/3753 3756/3756/3756
f 3761/3761/3761 3762/3762/3762 3764/3764/3764
f 3764/3764/3764 3762/3762/3762 3763/3763/3763
f 3768/3768/3768 3769/3769/3769 3771/3771/3771
f 3771/3771/3771 3769/3769/3769 3770/3770/3770
f 3789/3789/3789 3797/3797/3797 3794/3794/3794
f 3794/3794/3794 3797/3797/3797 3795/3795/3795
f 3796/3796/3796 3801/3801/3801 3798/3798/3798
f 3798/3798/3798 3801/3801/3801 3799/3799/3799
f 3800/3800/3800 3807/3807/3807 3805/3805/3805
f 3805/3805/3805 3807/3807/3807 3806/3806/3806
f 3813/3813/3813 3812/3812/3812 3811/3811/3811
f 3811/3811/3811 3812/3812/3812 3820/3820/3820
f 3823/3823/3823 3822/3822/3822 3821/3821/3821
f 3821/3821/3821 3822/3822/3822 3824/3824/3824
f 3827/3827/3827 3826/3826/3826 3825/3825/3825
f 3825/3825/3825 3826/3826/3826 3828/3828/3828
f 3831/3831/3831 3830/3830/3830 3829/3829/3829
f 3829/3829/3829 3830/3830/3830 3832/3832/3832
f 3835/3835/3835 3834/3834/3834 3833/3833/3833
f 3833/3833/3833 3834/3834/3834 3836/3836/3836
f 3839/3839/3839 3838/3838/3838 3837/3837/3837
f 3837/3837/3837 3838/3838/3838 3840/3840/3840
f 3843/3843/3843 3842/3842/3842 3841/3841/3841
f 3841/3841/3841 3842/3842/3842 3844/3844/3844
f 3847/3847/3847 3846/3846/3846 3845/3845/3845
f 3845/3845/3845 3846/3846/3846 3848/3848/3848
f 3851/3851/3851 3850/3850/3850 3849/3849/3849
f 3849/3849/3849 3850/3850/3850 3852/3852/3852
f 3855/3855/3855 3854/3854/3854 3853/3853/3853
f 3853/3853/3853 3854/3854/3854 3856/3856/3856
f 3859/3859/3859 3858/3858/3858 3857/3857/3857
f 3857/3857/3857 3858/3858/3858 3863/3863/3863
f 3866/3866/3866 3865/3865/3865 3864/3864/3864
f 3864/3864/3864 3865/3865/3865 3870/3870/3870
f 3873/3873/3873 3872/3872/3872 3871/3871/3871
f 3871/3871/3871 3872/3872/3872 3874/3874/3874
f 3880/3880/3880 3885/3885/3885 3882/3882/3882
f 3882/3882/3882 3885/3885/3885 3883/3883/3883
f 3884/3884/3884 3889/3889/3889 3886/3886/3886
f 3886/3886/3886 3889/3889/3889 3887/3887/3887
f 3891/3891/3891 3894/3894/3894 3892/3892/3892
f 3892/3892/3892 3894/3894/3894 3897/3897/3897
f 3895/3895/3895 3898/3898/3898 3896/3896/3896
f 3896/3896/3896 3898/3898/3898 3901/3901/3901
f 3899/3899/3899 3902/3902/3902 3900/3900/3900
f 3900/3900/3900 3902/3902/3902 3905/3905/3905
f 3903/3903/3903 3906/3906/3906 3904/3904/3904
f 3904/3904/3904 3906/3906/3906 3909/3909/3909
f 3907/3907/3907 3910/3910/3910 3908/3908/3908
f 3908/3908/3908 3910/3910/3910 3913/3913/3913
f 3911/3911/3911 3914/3914/3914 3912/3912/3912
f 3912/3912/3912 3914/3914/3914 3917/3917/3917
f 3933/3933/3933 3932/3932/3932 3931/3931/3931
f 3931/3931/3931 3932/3932/3932 3937/3937/3937
f 3949/3949/3949 3957/3957/3957 3954/3954/3954
f 3954/3954/3954 3957/3957/3957 3955/3955/3955
f 3956/3956/3956 3961/3961/3961 3958/3958/3958
f 3958/3958/3958 3961/3961/3961 3959/3959/3959
f 3969/3969/3969 3975/3975/3975 3970/3970/3970
f 3970/3970/3970 3975/3975/3975 3978/3978/3978
f 3976/3976/3976 3979/3979/3979 3977/3977/3977
f 3977/3977/3977 3979/3979/3979 3982/3982/3982
f 3980/3980/3980 3986/3986/3986 3981/3981/3981
f 3981/3981/3981 3986/3986/3986 3989/3989/3989
f 3993/3993/3993 3992/3992/3992 3991/3991/3991
f 3991/3991/3991 3992/3992/3992 4015/4015/4015
f 4018/4018/4018 4017/4017/4017 4016/4016/4016
f 4016/4016/4016 4017/4017/4017 4019/4019/4019
f 4022/4022/4022 4021/4021/4021 4020/4020/4020
f 4020/4020/4020 4021/4021/4021 4023/4023/4023
f 4026/4026/4026 4025/4025/4025 4024/4024/4024
f 4024/4024/4024 4025/4025/4025 4027/4027/4027
f 4030/4030/4030 4029/4029/4029 4028/4028/4028
f 4028/4028/4028 4029/4029/4029 4031/4031/4031
f 4034/4034/4034 4033/4033/4033 4032/4032/4032
f 4032/4032/4032 4033/4033/4033 4035/4035/4035
f 4038/4038/4038 4037/4037/4037 4036/4036/4036
f 4036/4036/4036 4037/4037/4037 4039/4039/4039
f 4042/4042/4042 4041/4041/4041 4040/4040/4040
f 4040/4040/4040 4041/4041/4041 4043/4043/4043
f 4044/4044/4044 4045/4045/4045 4046/4046/4046
f 4046/4046/4046 4045/4045/4045 4047/4047/4047
f 4048/4048/4048 4049/4049/4049 4051/4051/4051
f 4051/4051/4051 4049/4049/4049 4050/4050/4050
f 4052/4052/4052 4053/4053/4053 4055/4055/4055
f 4055/4055/4055 4053/4053/4053 4054/4054/4054
f 4056/4056/4056 4057/4057/4057 4059/4059/4059
f 4059/4059/4059 4057/4057/4057 4058/4058/4058
f 4060/4060/4060 4061/4061/4061 4063/4063/4063
f 4063/4063/4063 4061/4061/4061 4062/4062/4062
f 4064/4064/4064 4065/4065/4065 4067/4067/4067
f 4067/4067/4067 4065/4065/4065 4066/4066/4066
f 4068/4068/4068 4069/4069/4069 4071/4071/4071
f 4071/4071/4071 4069/4069/4069 4070/4070/4070
f 4077/4077/4077 4080/4080/4080 4078/4078/4078
f 4078/4078/4078 4080/4080/4080 4083/4083/4083
f 4081/4081/4081 4084/4084/4084 4082/4082/4082
f 4082/4082/4082 4084/4084/4084 4087/4087/4087
f 4091/4091/4091 4090/4090/4090 4089/4089/4089
f 4089/4089/4089 4090/4090/4090 4092/4092/4092
f 4095/4095/4095 4094/4094/4094 4093/4093/4093
f 4093/4093/4093 4094/4094/4094 4096/4096/4096
f 4099/4099/4099 4098/4098/4098 4097/4097/4097
f 4097/4097/4097 4098/4098/4098 4100/4100/4100
f 4101/4101/4101 4103/4103/4103 4102/4102/4102
f 4101/4101/4101 4102/4102/4102 4107/4107/4107
f 4110/4110/4110 4109/4109/4109 4108/4108/4108
f 4108/4108/4108 4109/4109/4109 4111/4111/4111
f 4114/4114/4114 4113/4113/4113 4112/4112/4112
f 4112/4112/4112 4113/4113/4113 4115/4115/4115
f 4118/4118/4118 4117/4117/4117 4116/4116/4116
f 4116/4116/4116 4117/4117/4117 4119/4119/4119
f 4122/4122/4122 4121/4121/4121 4120/4120/4120
f 4120/4120/4120 4121/4121/4121 4123/4123/4123
f 4126/4126/4126 4125/4125/4125 4124/4124/4124
f 4124/4124/4124 4125/4125/4125 4130/4130/4130
f 4133/4133/4133 4132/4132/4132 4131/4131/4131
f 4131/4131/4131 4132/4132/4132 4137/4137/4137
f 4170/4170/4170 4169/4169/4169 4168/4168/4168
f 4168/4168/4168 4169/4169/4169 4171/4171/4171
f 4174/4174/4174 4173/4173/4173 4172/4172/4172
f 4172/4172/4172 4173/4173/4173 4175/4175/4175
f 4178/4178/4178 4177/4177/4177 4176/4176/4176
f 4176/4176/4176 4177/4177/4177 4179/4179/4179
f 4182/4182/4182 4181/4181/4181 4180/4180/4180
f 4180/4180/4180 4181/4181/4181 4183/4183/4183
f 4186/4186/4186 4185/4185/4185 4184/4184/4184
f 4184/4184/4184 4185/4185/4185 4190/4190/4190
f 4193/4193/4193 4192/4192/4192 4191/4191/4191
f 4191/4191/4191 4192/4192/4192 4194/4194/4194
f 4197/4197/4197 4196/4196/4196 4195/4195/4195
f 4195/4195/4195 4196/4196/4196 4198/4198/4198
f 4201/4201/4201 4200/4200/4200 4199/4199/4199
f 4199/4199/4199 4200/4200/4200 4202/4202/4202
f 4205/4205/4205 4204/4204/4204 4203/4203/4203
f 4203/4203/4203 4204/4204/4204 4206/4206/4206
f 4209/4209/4209 4208/4208/4208 4207/4207/4207
f 4207/4207/4207 4208/4208/4208 4210/4210/4210
f 4213/4213/4213 4212/4212/4212 4211/4211/4211
f 4211/4211/4211 4212/4212/4212 4214/4214/4214
f 4217/4217/4217 4216/4216/4216 4215/4215/4215
f 4215/4215/4215 4216/4216/4216 4218/4218/4218
f 4221/4221/4221 4220/4220/4220 4219/4219/4219
f 4219/4219/4219 4220/4220/4220 4222/4222/4222
f 4225/4225/4225 4224/4224/4224 4223/4223/4223
f 4223/4223/4223 4224/4224/4224 4226/4226/4226
f 4229/4229/4229 4228/4228/4228 4227/4227/4227
f 4227/4227/4227 4228/4228/4228 4230/4230/4230
f 4233/4233/4233 4232/4232/4232 4231/4231/4231
f 4231/4231/4231 4232/4232/4232 4237/4237/4237
f 4240/4240/4240 4239/4239/4239 4238/4238/4238
f 4238/4238/4238 4239/4239/4239 4241/4241/4241
f 4244/4244/4244 4243/4243/4243 4242/4242/4242
f 4242/4242/4242 4243/4243/4243 4248/4248/4248
f 4251/4251/4251 4250/4250/4250 4249/4249/4249
f 4249/4249/4249 4250/4250/4250 4252/4252/4252
f 4255/4255/4255 4254/4254/4254 4253/4253/4253
f 4253/4253/4253 4254/4254/4254 4256/4256/4256
f 4259/4259/4259 4258/4258/4258 4257/4257/4257
f 4257/4257/4257 4258/4258/4258 4260/4260/4260
f 4263/4263/4263 4262/4262/4262 4261/4261/4261
f 4261/4261/4261 4262/4262/4262 4264/4264/4264
f 4267/4267/4267 4266/4266/4266 4265/4265/4265
f 4265/4265/4265 4266/4266/4266 4268/4268/4268
f 4271/4271/4271 4270/4270/4270 4269/4269/4269
f 4269/4269/4269 4270/4270/4270 4272/4272/4272
f 4275/4275/4275 4274/4274/4274 4273/4273/4273
f 4273/4273/4273 4274/4274/4274 4285/4285/4285
f 4288/4288/4288 4287/4287/4287 4286/4286/4286
f 4286/4286/4286 4287/4287/4287 4289/4289/4289
f 4292/4292/4292 4291/4291/4291 4290/4290/4290
f 4290/4290/4290 4291/4291/4291 4293/4293/4293
f 4296/4296/4296 4295/4295/4295 4294/4294/4294
f 4294/4294/4294 4295/4295/4295 4297/4297/4297
f 4300/4300/4300 4299/4299/4299 4298/4298/4298
f 4298/4298/4298 4299/4299/4299 4304/4304/4304
f 4307/4307/4307 4306/4306/4306 4305/4305/4305
f 4305/4305/4305 4306/4306/4306 4308/4308/4308
f 4311/4311/4311 4310/4310/4310 4309/4309/4309
f 4309/4309/4309 4310/4310/4310 4318/4318/4318
f 4321/4321/4321 4320/4320/4320 4319/4319/4319
f 4319/4319/4319 4320/4320/4320 4322/4322/4322
f 4326/4326/4326 4327/4327/4327 4329/4329/4329
f 4329/4329/4329 4327/4327/4327 4328/4328/4328
f 4333/4333/4333 4334/4334/4334 4336/4336/4336
f 4336/4336/4336 4334/4334/4334 4335/4335/4335
f 4340/4340/4340 4341/4341/4341 4343/4343/4343
f 4343/4343/4343 4341/4341/4341 4342/4342/4342
f 4347/4347/4347 4348/4348/4348 4350/4350/4350
f 4350/4350/4350 4348/4348/4348 4349/4349/4349
f 4351/4351/4351 4352/4352/4352 4354/4354/4354
f 4354/4354/4354 4352/4352/4352 4353/4353/4353
f 4358/4358/4358 4362/4362/4362 4359/4359/4359
f 4359/4359/4359 4362/4362/4362 4360/4360/4360
f 4361/4361/4361 4366/4366/4366 4363/4363/4363
f 4363/4363/4363 4366/4366/4366 4364/4364/4364
f 4365/4365/4365 4376/4376/4376 4373/4373/4373
f 4373/4373/4373 4376/4376/4376 4374/4374/4374
f 4375/4375/4375 4380/4380/4380 4377/4377/4377
f 4377/4377/4377 4380/4380/4380 4378/4378/4378
f 4379/4379/4379 4384/4384/4384 4381/4381/4381
f 4381/4381/4381 4384/4384/4384 4382/4382/4382
f 4383/4383/4383 4388/4388/4388 4385/4385/4385
f 4385/4385/4385 4388/4388/4388 4386/4386/4386
f 4387/4387/4387 4392/4392/4392 4389/4389/4389
f 4389/4389/4389 4392/4392/4392 4390/4390/4390
f 4391/4391/4391 4396/4396/4396 4393/4393/4393
f 4393/4393/4393 4396/4396/4396 4394/4394/4394
f 4395/4395/4395 4400/4400/4400 4397/4397/4397
f 4397/4397/4397 4400/4400/4400 4398/4398/4398
f 4399/4399/4399 4404/4404/4404 4401/4401/4401
f 4401/4401/4401 4404/4404/4404 4402/4402/4402
f 4403/4403/4403 4408/4408/4408 4405/4405/4405
f 4405/4405/4405 4408/4408/4408 4406/4406/4406
f 4407/4407/4407 4412/4412/4412 4409/4409/4409
f 4409/4409/4409 4412/4412/4412 4410/4410/4410
f 4417/4417/4417 4423/4423/4423 4418/4418/4418
f 4418/4418/4418 4423/4423/4423 4426/4426/4426
f 4424/4424/4424 4427/4427/4427 4425/4425/4425
f 4425/4425/4425 4427/4427/4427 4430/4430/4430
f 4428/4428/4428 4431/4431/4431 4429/4429/4429
f 4429/4429/4429 4431/4431/4431 4434/4434/4434
f 4432/4432/4432 4435/4435/4435 4433/4433/4433
f 4433/4433/4433 4435/4435/4435 4438/4438/4438
f 4436/4436/4436 4439/4439/4439 4437/4437/4437
f 4437/4437/4437 4439/4439/4439 4442/4442/4442
f 4440/4440/4440 4443/4443/4443 4441/4441/4441
f 4441/4441/4441 4443/4443/4443 4446/4446/4446
f 4444/4444/4444 4447/4447/4447 4445/4445/4445
f 4445/4445/4445 4447/4447/4447 4450/4450/4450
f 4448/4448/4448 4451/4451/4451 4449/4449/4449
f 4449/4449/4449 4451/4451/4451 4454/4454/4454
f 4452/4452/4452 4455/4455/4455 4453/4453/4453
f 4453/4453/4453 4455/4455/4455 4458/4458/4458
f 4456/4456/4456 4459/4459/4459 4457/4457/4457
f 4457/4457/4457 4459/4459/4459 4462/4462/4462
f 4460/4460/4460 4463/4463/4463 4461/4461/4461
f 4461/4461/4461 4463/4463/4463 4466/4466/4466
f 4464/4464/4464 4467/4467/4467 4465/4465/4465
f 4465/4465/4465 4467/4467/4467 4470/4470/4470
f 4468/4468/4468 4471/4471/4471 4469/4469/4469
f 4469/4469/4469 4471/4471/4471 4474/4474/4474
f 4472/4472/4472 4475/4475/4475 4473/4473/4473
f 4473/4473/4473 4475/4475/4475 4478/4478/4478
f 4476/4476/4476 4479/4479/4479 4477/4477/4477
f 4477/4477/4477 4479/4479/4479 4482/4482/4482
f 4480/4480/4480 4483/4483/4483 4481/4481/4481
f 4481/4481/4481 4483/4483/4483 4486/4486/4486
f 4484/4484/4484 4490/4490/4490 4485/4485/4485
f 4485/4485/4485 4490/4490/4490 4493/4493/4493
f 4491/4491/4491 4500/4500/4500 4492/4492/4492
f 4492/4492/4492 4500/4500/4500 4503/4503/4503
f 4501/4501/4501 4507/4507/4507 4502/4502/4502
f 4502/4502/4502 4507/4507/4507 4510/4510/4510
f 4508/4508/4508 4511/4511/4511 4509/4509/4509
f 4509/4509/4509 4511/4511/4511 4514/4514/4514
f 4512/4512/4512 4521/4521/4521 4513/4513/4513
f 4513/4513/4513 4521/4521/4521 4524/4524/4524
f 4522/4522/4522 4528/4528/4528 4523/4523/4523
f 4523/4523/4523 4528/4528/4528 4531/4531/4531
f 4529/4529/4529 4532/4532/4532 4530/4530/4530
f 4530/4530/4530 4532/4532/4532 4535/4535/4535
f 4533/4533/4533 4539/4539/4539 4534/4534/4534
f 4534/4534/4534 4539/4539/4539 4542/4542/4542
f 4540/4540/4540 4543/4543/4543 4541/4541/4541
f 4541/4541/4541 4543/4543/4543 4546/4546/4546
f 4544/4544/4544 4568/4568/4568 4545/4545/4545
f 4545/4545/4545 4568/4568/4568 4571/4571/4571
f 4576/4576/4576 4577/4577/4577 4579/4579/4579
f 4579/4579/4579 4577/4577/4577 4578/4578/4578
f 4580/4580/4580 4581/4581/4581 4583/4583/4583
f 4583/4583/4583 4581/4581/4581 4582/4582/4582
f 4584/4584/4584 4585/4585/4585 4587/4587/4587
f 4587/4587/4587 4585/4585/4585 4586/4586/4586
f 4590/4590/4590 4623/4623/4623 4624/4624/4624
f 4624/4624/4624 4623/4623/4623 4617/4617/4617
f 4622/4622/4622 4611/4611/4611 4613/4613/4613
f 4613/4613/4613 4611/4611/4611 4610/4610/4610
f 4612/4612/4612 4615/4615/4615 4614/4614/4614
f 4614/4614/4614 4615/4615/4615 4632/4632/4632
f 4637/4637/4637 4607/4607/4607 4609/4609/4609
f 4609/4609/4609 4607/4607/4607 4606/4606/4606
f 4638/4638/4638 4640/4640/4640 4608/4608/4608
f 4608/4608/4608 4640/4640/4640 4595/4595/4595
f 4628/4628/4628 4594/4594/4594 4639/4639/4639
f 4639/4639/4639 4594/4594/4594 4593/4593/4593
f 4625/4625/4625 4592/4592/4592 4604/4604/4604
f 4604/4604/4604 4592/4592/4592 4596/4596/4596
f 4630/4630/4630 4627/4627/4627 4641/4641/4641
f 4641/4641/4641 4627/4627/4627 4631/4631/4631
f 4602/4602/4602 4599/4599/4599 4603/4603/4603
f 4603/4603/4603 4599/4599/4599 4597/4597/4597
f 4598/4598/4598 4643/4643/4643 4601/4601/4601
f 4601/4601/4601 4643/4643/4643 4600/4600/4600
f 4642/4642/4642 4647/4647/4647 4644/4644/4644
f 4644/4644/4644 4647/4647/4647 4645/4645/4645
f 4646/4646/4646 18/18/18 19/19/19
f 19/19/19 18/18/18 17/17/17
f 22/22/22 20/20/20 21/21/21
f 21/21/21 20/20/20 25/25/25
f 24/24/24 28/28/28 23/23/23
f 23/23/23 28/28/28 27/27/27
f 26/26/26 30/30/30 31/31/31
f 31/31/31 30/30/30 29/29/29
f 34/34/34 32/32/32 33/33/33
f 33/33/33 32/32/32 37/37/37
f 36/36/36 40/40/40 35/35/35
f 35/35/35 40/40/40 39/39/39
f 38/38/38 42/42/42 43/43/43
f 43/43/43 42/42/42 41/41/41
f 46/46/46 44/44/44 45/45/45
f 45/45/45 44/44/44 49/49/49
f 58/58/58 62/62/62 57/57/57
f 57/57/57 62/62/62 61/61/61
f 60/60/60 64/64/64 65/65/65
f 65/65/65 64/64/64 63/63/63
f 71/71/71 69/69/69 70/70/70
f 70/70/70 69/69/69 78/78/78
f 77/77/77 81/81/81 76/76/76
f 76/76/76 81/81/81 80/80/80
f 79/79/79 87/87/87 88/88/88
f 88/88/88 87/87/87 86/86/86
f 99/99/99 97/97/97 98/98/98
f 98/98/98 97/97/97 106/106/106
f 105/105/105 109/109/109 104/104/104
f 104/104/104 109/109/109 108/108/108
f 107/107/107 111/111/111 112/112/112
f 112/112/112 111/111/111 110/110/110
f 130/130/130 128/128/128 129/129/129
f 129/129/129 128/128/128 137/137/137
f 142/142/142 146/146/146 141/141/141
f 141/141/141 146/146/146 145/145/145
f 144/144/144 152/152/152 153/153/153
f 153/153/153 152/152/152 151/151/151
f 163/163/163 161/161/161 162/162/162
f 162/162/162 161/161/161 166/166/166
f 165/165/165 181/181/181 164/164/164
f 164/164/164 181/181/181 180/180/180
f 179/179/179 187/187/187 188/188/188
f 188/188/188 187/187/187 186/186/186
f 194/194/194 192/192/192 193/193/193
f 193/193/193 192/192/192 197/197/197
f 196/196/196 200/200/200 195/195/195
f 195/195/195 200/200/200 199/199/199
f 198/198/198 206/206/206 207/207/207
f 207/207/207 206/206/206 205/205/205
f 210/210/210 208/208/208 209/209/209
f 209/209/209 208/208/208 217/217/217
f 216/216/216 220/220/220 215/215/215
f 215/215/215 220/220/220 219/219/219
f 218/218/218 222/222/222 223/223/223
f 223/223/223 222/222/222 221/221/221
f 226/226/226 224/224/224 225/225/225
f 225/225/225 224/224/224 245/245/245
f 244/244/244 248/248/248 243/243/243
f 243/243/243 248/248/248 247/247/247
f 246/246/246 250/250/250 251/251/251
f 251/251/251 250/250/250 249/249/249
f 254/254/254 252/252/252 253/253/253
f 253/253/253 252/252/252 257/257/257
f 256/256/256 260/260/260 255/255/255
f 255/255/255 260/260/260 259/259/259
f 258/258/258 262/262/262 263/263/263
f 263/263/263 262/262/262 261/261/261
f 266/266/266 264/264/264 265/265/265
f 265/265/265 264/264/264 269/269/269
f 268/268/268 272/272/272 267/267/267
f 267/267/267 272/272/272 271/271/271
f 270/270/270 274/274/274 275/275/275
f 275/275/275 274/274/274 273/273/273
f 292/292/292 290/290/290 291/291/291
f 291/291/291 290/290/290 303/303/303
f 302/302/302 306/306/306 301/301/301
f 301/301/301 306/306/306 305/305/305
f 307/307/307 311/311/311 312/312/312
f 312/312/312 311/311/311 310/310/310
f 319/319/319 317/317/317 318/318/318
f 318/318/318 317/317/317 322/322/322
f 321/321/321 325/325/325 320/320/320
f 320/320/320 325/325/325 324/324/324
f 328/328/328 323/323/323 327/327/327
f 328/328/328 327/327/327 326/326/326
f 331/331/331 329/329/329 330/330/330
f 330/330/330 329/329/329 334/334/334
f 333/333/333 337/337/337 332/332/332
f 332/332/332 337/337/337 336/336/336
f 335/335/335 339/339/339 340/340/340
f 340/340/340 339/339/339 338/338/338
f 343/343/343 341/341/341 342/342/342
f 342/342/342 341/341/341 346/346/346
f 345/345/345 349/349/349 344/344/344
f 344/344/344 349/349/349 348/348/348
f 347/347/347 359/359/359 360/360/360
f 360/360/360 359/359/359 358/358/358
f 395/395/395 393/393/393 394/394/394
f 394/394/394 393/393/393 410/410/410
f 409/409/409 417/417/417 408/408/408
f 408/408/408 417/417/417 416/416/416
f 415/415/415 423/423/423 424/424/424
f 424/424/424 423/423/423 422/422/422
f 435/435/435 433/433/433 434/434/434
f 434/434/434 433/433/433 570/570/570
f 569/569/569 573/573/573 568/568/568
f 568/568/568 573/573/573 572/572/572
f 571/571/571 575/575/575 576/576/576
f 576/576/576 575/575/575 574/574/574
f 579/579/579 577/577/577 578/578/578
f 578/578/578 577/577/577 622/622/622
f 621/621/621 633/633/633 620/620/620
f 620/620/620 633/633/633 632/632/632
f 631/631/631 635/635/635 636/636/636
f 636/636/636 635/635/635 634/634/634
f 699/699/699 697/697/697 698/698/698
f 698/698/698 697/697/697 714/714/714
f 713/713/713 725/725/725 712/712/712
f 712/712/712 725/725/725 724/724/724
f 723/723/723 727/727/727 728/728/728
f 728/728/728 727/727/727 726/726/726
f 735/735/735 733/733/733 734/734/734
f 734/734/734 733/733/733 738/738/738
f 737/737/737 741/741/741 736/736/736
f 736/736/736 741/741/741 740/740/740
f 739/739/739 743/743/743 744/744/744
f 744/744/744 743/743/743 742/742/742
f 747/747/747 745/745/745 746/746/746
f 746/746/746 745/745/745 774/774/774
f 773/773/773 785/785/785 772/772/772
f 772/772/772 785/785/785 784/784/784
f 783/783/783 787/787/787 788/788/788
f 788/788/788 787/787/787 786/786/786
f 843/843/843 841/841/841 842/842/842
f 842/842/842 841/841/841 858/858/858
f 857/857/857 869/869/869 856/856/856
f 856/856/856 869/869/869 868/868/868
f 867/867/867 871/871/871 872/872/872
f 872/872/872 871/871/871 870/870/870
f 879/879/879 877/877/877 878/878/878
f 878/878/878 877/877/877 894/894/894
f 893/893/893 897/897/897 892/892/892
f 892/892/892 897/897/897 896/896/896
f 895/895/895 1003/1003/1003 1004/1004/1004
f 1004/1004/1004 1003/1003/1003 1002/1002/1002
f 1075/1075/1075 1073/1073/1073 1074/1074/1074
f 1074/1074/1074 1073/1073/1073 1206/1206/1206
f 1205/1205/1205 1209/1209/1209 1204/1204/1204
f 1204/1204/1204 1209/1209/1209 1208/1208/1208
f 1207/1207/1207 1211/1211/1211 1212/1212/1212
f 1212/1212/1212 1211/1211/1211 1210/1210/1210
f 1215/1215/1215 1213/1213/1213 1214/1214/1214
f 1214/1214/1214 1213/1213/1213 1258/1258/1258
f 1257/1257/1257 1269/1269/1269 1256/1256/1256
f 1256/1256/1256 1269/1269/1269 1268/1268/1268
f 1267/1267/1267 1271/1271/1271 1272/1272/1272
f 1272/1272/1272 1271/1271/1271 1270/1270/1270
f 1335/1335/1335 1333/1333/1333 1334/1334/1334
f 1334/1334/1334 1333/1333/1333 1350/1350/1350
f 1349/1349/1349 1361/1361/1361 1348/1348/1348
f 1348/1348/1348 1361/1361/1361 1360/1360/1360
f 1359/1359/1359 1363/1363/1363 1364/1364/1364
f 1364/1364/1364 1363/1363/1363 1362/1362/1362
f 1374/1374/1374 1372/1372/1372 1373/1373/1373
f 1373/1373/1373 1372/1372/1372 1377/1377/1377
f 1376/1376/1376 1380/1380/1380 1375/1375/1375
f 1375/1375/1375 1380/1380/1380 1379/1379/1379
f 1381/1381/1381 1409/1409/1409 1410/1410/1410
f 1410/1410/1410 1409/1409/1409 1408/1408/1408
f 1424/1424/1424 1422/1422/1422 1423/1423/1423
f 1423/1423/1423 1422/1422/1422 1479/1479/1479
f 1493/1493/1493 1505/1505/1505 1492/1492/1492
f 1492/1492/1492 1505/1505/1505 1504/1504/1504
f 1503/1503/1503 1507/1507/1507 1508/1508/1508
f 1508/1508/1508 1507/1507/1507 1506/1506/1506
f 1515/1515/1515 1513/1513/1513 1514/1514/1514
f 1514/1514/1514 1513/1513/1513 1530/1530/1530
f 1639/1639/1639 1711/1711/1711 1638/1638/1638
f 1638/1638/1638 1711/1711/1711 1710/1710/1710
f 1784/1784/1784 1788/1788/1788 1789/1789/1789
f 1789/1789/1789 1788/1788/1788 1787/1787/1787
f 1792/1792/1792 1790/1790/1790 1791/1791/1791
f 1791/1791/1791 1790/1790/1790 1795/1795/1795
f 1837/1837/1837 1849/1849/1849 1836/1836/1836
f 1836/1836/1836 1849/1849/1849 1848/1848/1848
f 1850/1850/1850 1914/1914/1914 1915/1915/1915
f 1915/1915/1915 1914/1914/1914 1913/1913/1913
f 1941/1941/1941 1939/1939/1939 1940/1940/1940
f 1940/1940/1940 1939/1939/1939 1944/1944/1944
f 1943/1943/1943 1951/1951/1951 1942/1942/1942
f 1942/1942/1942 1951/1951/1951 1950/1950/1950
f 2086/2086/2086 2094/2094/2094 2095/2095/2095
f 2095/2095/2095 2094/2094/2094 2093/2093/2093
f 2330/2330/2330 2328/2328/2328 2329/2329/2329
f 2329/2329/2329 2328/2328/2328 2393/2393/2393
f 2392/2392/2392 2440/2440/2440 2391/2391/2391
f 2391/2391/2391 2440/2440/2440 2439/2439/2439
f 2599/2599/2599 2667/2667/2667 2668/2668/2668
f 2668/2668/2668 2667/2667/2667 2666/2666/2666
f 2893/2893/2893 2891/2891/2891 2892/2892/2892
f 2892/2892/2892 2891/2891/2891 3056/3056/3056
f 3575/3575/3575 3583/3583/3583 3574/3574/3574
f 3574/3574/3574 3583/3583/3583 3582/3582/3582
f 3581/3581/3581 3585/3585/3585 3586/3586/3586
f 3586/3586/3586 3585/3585/3585 3584/3584/3584
f 3593/3593/3593 3591/3591/3591 3592/3592/3592
f 3592/3592/3592 3591/3591/3591 3624/3624/3624
f 3623/3623/3623 3671/3671/3671 3622/3622/3622
f 3622/3622/3622 3671/3671/3671 3670/3670/3670
f 3717/3717/3717 3737/3737/3737 3738/3738/3738
f 3738/3738/3738 3737/3737/3737 3736/3736/3736
f 3767/3767/3767 3765/3765/3765 3766/3766/3766
f 3766/3766/3766 3765/3765/3765 3774/3774/3774
f 3792/3792/3792 3804/3804/3804 3791/3791/3791
f 3791/3791/3791 3804/3804/3804 3803/3803/3803
f 3814/3814/3814 3818/3818/3818 3819/3819/3819
f 3819/3819/3819 3818/3818/3818 3817/3817/3817
f 3862/3862/3862 3860/3860/3860 3861/3861/3861
f 3861/3861/3861 3860/3860/3860 3869/3869/3869
f 3868/3868/3868 3936/3936/3936 3867/3867/3867
f 3867/3867/3867 3936/3936/3936 3935/3935/3935
f 3944/3944/3944 3952/3952/3952 3953/3953/3953
f 3953/3953/3953 3952/3952/3952 3951/3951/3951
f 3974/3974/3974 3972/3972/3972 3973/3973/3973
f 3973/3973/3973 3972/3972/3972 3985/3985/3985
f 4004/4004/4004 4008/4008/4008 4003/4003/4003
f 4003/4003/4003 4008/4008/4008 4007/4007/4007
f 4150/4150/4150 4154/4154/4154 4155/4155/4155
f 4155/4155/4155 4154/4154/4154 4153/4153/4153
f 4189/4189/4189 4187/4187/4187 4188/4188/4188
f 4188/4188/4188 4187/4187/4187 4236/4236/4236
f 4235/4235/4235 4247/4247/4247 4234/4234/4234
f 4234/4234/4234 4247/4247/4247 4246/4246/4246
f 4276/4276/4276 4280/4280/4280 4281/4281/4281
f 4281/4281/4281 4280/4280/4280 4279/4279/4279
f 4314/4314/4314 4312/4312/4312 4313/4313/4313
f 4313/4313/4313 4312/4312/4312 4317/4317/4317
f 4371/4371/4371 4415/4415/4415 4370/4370/4370
f 4370/4370/4370 4415/4415/4415 4414/4414/4414
f 4550/4550/4550 4554/4554/4554 4555/4555/4555
f 4555/4555/4555 4554/4554/4554 4553/4553/4553
f 4558/4558/4558 4556/4556/4556 4557/4557/4557
f 4557/4557/4557 4556/4556/4556 4561/4561/4561
f 4560/4560/4560 4564/4564/4564 4559/4559/4559
f 4559/4559/4559 4564/4564/4564 4563/4563/4563
f 4562/4562/4562 4566/4566/4566 4567/4567/4567
f 4567/4567/4567 4566/4566/4566 4565/4565/4565
